ISO-10303-21;
HEADER;
FILE_DESCRIPTION((''),'2;1');
FILE_NAME('KD-D-506R_ENDSTOP_80DEG_1','2025-07-12T17:49:24',('Administrator'),(
''),'CREO PARAMETRIC BY PTC INC, 2022073','CREO PARAMETRIC BY PTC INC, 2022073',
'');
FILE_SCHEMA(('CONFIG_CONTROL_DESIGN'));
ENDSEC;
DATA;
#1=DIRECTION('',(1.E0,2.272789364118E-11,-4.130621770552E-11));
#2=VECTOR('',#1,3.E0);
#3=CARTESIAN_POINT('',(-1.17E2,-3.879490863370E1,-5.691023916267E2));
#4=LINE('',#3,#2);
#5=DIRECTION('',(-1.E0,-9.994967816359E-13,4.547473508865E-13));
#6=VECTOR('',#5,3.E0);
#7=CARTESIAN_POINT('',(-1.14E2,-2.185507403850E1,-5.874245361073E2));
#8=LINE('',#7,#6);
#9=DIRECTION('',(0.E0,-8.787776881652E-1,-4.772313639976E-1));
#10=VECTOR('',#9,6.031880378607E0);
#11=CARTESIAN_POINT('',(-1.17E2,-4.422505017418E1,-5.533492548069E2));
#12=LINE('',#11,#10);
#13=CARTESIAN_POINT('',(-1.17E2,-4.761680661244E1,-5.597429680600E2));
#14=DIRECTION('',(1.E0,0.E0,0.E0));
#15=DIRECTION('',(0.E0,-4.772313641019E-1,8.787776881086E-1));
#16=AXIS2_PLACEMENT_3D('',#13,#14,#15);
#18=DIRECTION('',(0.E0,1.553734680480E-1,-9.878558019401E-1));
#19=VECTOR('',#18,2.232615475790E0);
#20=CARTESIAN_POINT('',(-1.17E2,-5.156822982020E1,-5.603644619322E2));
#21=LINE('',#20,#19);
#22=CARTESIAN_POINT('',(-1.17E2,-4.726991740315E1,-5.619484702113E2));
#23=DIRECTION('',(1.E0,0.E0,0.E0));
#24=DIRECTION('',(0.E0,-9.878558019401E-1,-1.553734680481E-1));
#25=AXIS2_PLACEMENT_3D('',#22,#23,#24);
#27=DIRECTION('',(0.E0,9.893825067545E-1,-1.453349762728E-1));
#28=VECTOR('',#27,6.054078941847E0);
#29=CARTESIAN_POINT('',(-1.17E2,-4.785125730848E1,-5.659060002382E2));
#30=LINE('',#29,#28);
#31=CARTESIAN_POINT('',(-1.17E2,-4.244279741406E1,-5.707433996846E2));
#32=DIRECTION('',(-1.E0,0.E0,0.E0));
#33=DIRECTION('',(0.E0,1.453349763124E-1,9.893825067487E-1));
#34=AXIS2_PLACEMENT_3D('',#31,#32,#33);
#36=CARTESIAN_POINT('',(-1.17E2,-2.999999975869E0,-5.530000000597E2));
#37=DIRECTION('',(1.E0,0.E0,0.E0));
#38=DIRECTION('',(0.E0,-9.119721951076E-1,-4.102520144383E-1));
#39=AXIS2_PLACEMENT_3D('',#36,#37,#38);
#41=CARTESIAN_POINT('',(-1.17E2,-1.993353782835E1,-5.839163031343E2));
#42=DIRECTION('',(1.E0,0.E0,0.E0));
#43=DIRECTION('',(0.E0,-4.803840525135E-1,-8.770582432716E-1));
#44=AXIS2_PLACEMENT_3D('',#41,#42,#43);
#46=CARTESIAN_POINT('',(-1.17E2,-1.993353782835E1,-5.839163031343E2));
#47=DIRECTION('',(1.E0,0.E0,0.E0));
#48=DIRECTION('',(0.E0,0.E0,-1.E0));
#49=AXIS2_PLACEMENT_3D('',#46,#47,#48);
#51=DIRECTION('',(0.E0,7.986355100486E-1,6.018150231503E-1));
#52=VECTOR('',#51,9.948543297357E0);
#53=CARTESIAN_POINT('',(-1.17E2,-1.752627334795E1,-5.871108418680E2));
#54=LINE('',#53,#52);
#55=CARTESIAN_POINT('',(-1.17E2,-1.198827469915E1,-5.779291179242E2));
#56=DIRECTION('',(1.E0,0.E0,0.E0));
#57=DIRECTION('',(0.E0,6.018150232958E-1,-7.986355099390E-1));
#58=AXIS2_PLACEMENT_3D('',#55,#56,#57);
#60=CARTESIAN_POINT('',(-1.17E2,-2.999999975869E0,-5.530000000597E2));
#61=DIRECTION('',(-1.E0,0.E0,0.E0));
#62=DIRECTION('',(0.E0,-3.391801783126E-1,-9.407214288193E-1));
#63=AXIS2_PLACEMENT_3D('',#60,#61,#62);
#65=CARTESIAN_POINT('',(-1.17E2,-6.273389133371E0,-5.267029484489E2));
#66=DIRECTION('',(1.E0,0.E0,0.E0));
#67=DIRECTION('',(0.E0,1.235241194374E-1,-9.923415701850E-1));
#68=AXIS2_PLACEMENT_3D('',#65,#66,#67);
#70=DIRECTION('',(0.E0,-7.313537016132E-1,6.819983600689E-1));
#71=VECTOR('',#70,1.055125011870E1);
#72=CARTESIAN_POINT('',(-1.17E2,-3.545410581846E0,-5.237775197587E2));
#73=LINE('',#72,#71);
#74=CARTESIAN_POINT('',(-1.17E2,-1.399008924215E1,-5.195070091822E2));
#75=DIRECTION('',(1.E0,0.E0,0.E0));
#76=DIRECTION('',(0.E0,6.819983599631E-1,7.313537017119E-1));
#77=AXIS2_PLACEMENT_3D('',#74,#75,#76);
#79=CARTESIAN_POINT('',(-1.17E2,-1.399008924215E1,-5.195070091822E2));
#80=DIRECTION('',(1.E0,0.E0,0.E0));
#81=DIRECTION('',(0.E0,0.E0,1.E0));
#82=AXIS2_PLACEMENT_3D('',#79,#80,#81);
#84=CARTESIAN_POINT('',(-1.17E2,-2.999999975869E0,-5.530000000597E2));
#85=DIRECTION('',(1.E0,0.E0,0.E0));
#86=DIRECTION('',(0.E0,-3.117755820186E-1,9.501557695752E-1));
#87=AXIS2_PLACEMENT_3D('',#84,#85,#86);
#89=CARTESIAN_POINT('',(-1.17E2,-4.613397563025E1,-5.498341440543E2));
#90=DIRECTION('',(-1.E0,0.E0,0.E0));
#91=DIRECTION('',(0.E0,9.973173561689E-1,-7.319898280917E-2));
#92=AXIS2_PLACEMENT_3D('',#89,#90,#91);
#94=CARTESIAN_POINT('',(-1.17E2,-3.461173244536E1,-5.712468729501E2));
#95=DIRECTION('',(-1.E0,0.E0,0.E0));
#96=DIRECTION('',(0.E0,0.E0,-1.E0));
#97=AXIS2_PLACEMENT_3D('',#94,#95,#96);
#99=CARTESIAN_POINT('',(-1.17E2,-3.461173244536E1,-5.712468729501E2));
#100=DIRECTION('',(-1.E0,0.E0,0.E0));
#101=DIRECTION('',(0.E0,0.E0,1.E0));
#102=AXIS2_PLACEMENT_3D('',#99,#100,#101);
#104=CARTESIAN_POINT('',(-1.17E2,-3.894485578094E1,-5.466582856896E2));
#105=DIRECTION('',(-1.E0,0.E0,0.E0));
#106=DIRECTION('',(0.E0,0.E0,-1.E0));
#107=AXIS2_PLACEMENT_3D('',#104,#105,#106);
#109=CARTESIAN_POINT('',(-1.17E2,-3.894485578094E1,-5.466582856896E2));
#110=DIRECTION('',(-1.E0,0.E0,0.E0));
#111=DIRECTION('',(0.E0,0.E0,1.E0));
#112=AXIS2_PLACEMENT_3D('',#109,#110,#111);
#114=CARTESIAN_POINT('',(-1.17E2,-2.645898160275E1,-5.250370570632E2));
#115=DIRECTION('',(-1.E0,0.E0,0.E0));
#116=DIRECTION('',(0.E0,0.E0,-1.E0));
#117=AXIS2_PLACEMENT_3D('',#114,#115,#116);
#119=CARTESIAN_POINT('',(-1.17E2,-2.645898160275E1,-5.250370570632E2));
#120=DIRECTION('',(-1.E0,0.E0,0.E0));
#121=DIRECTION('',(0.E0,0.E0,1.E0));
#122=AXIS2_PLACEMENT_3D('',#119,#120,#121);
#124=CARTESIAN_POINT('',(-1.14E2,-3.461173244536E1,-5.712468729501E2));
#125=DIRECTION('',(1.E0,0.E0,0.E0));
#126=DIRECTION('',(0.E0,-3.979155715458E-1,-9.174220391518E-1));
#127=AXIS2_PLACEMENT_3D('',#124,#125,#126);
#129=CARTESIAN_POINT('',(-1.14E2,-3.461173244536E1,-5.712468729501E2));
#130=DIRECTION('',(1.E0,0.E0,0.E0));
#131=DIRECTION('',(0.E0,1.164298404693E-4,-9.999999932220E-1));
#132=AXIS2_PLACEMENT_3D('',#129,#130,#131);
#134=CARTESIAN_POINT('',(-1.14E2,-3.461173244536E1,-5.712468729501E2));
#135=DIRECTION('',(1.E0,0.E0,0.E0));
#136=DIRECTION('',(0.E0,0.E0,1.E0));
#137=AXIS2_PLACEMENT_3D('',#134,#135,#136);
#139=CARTESIAN_POINT('',(-1.14E2,-2.999999975869E0,-5.530000000597E2));
#140=DIRECTION('',(-1.E0,0.E0,0.E0));
#141=DIRECTION('',(0.E0,-8.904384960504E-1,-4.551035978230E-1));
#142=AXIS2_PLACEMENT_3D('',#139,#140,#141);
#144=CARTESIAN_POINT('',(-1.14E2,-4.244279741406E1,-5.707433996846E2));
#145=DIRECTION('',(1.E0,0.E0,0.E0));
#146=DIRECTION('',(0.E0,9.119721951003E-1,4.102520144544E-1));
#147=AXIS2_PLACEMENT_3D('',#144,#145,#146);
#149=DIRECTION('',(0.E0,-9.893825067545E-1,1.453349762728E-1));
#150=VECTOR('',#149,6.054078941861E0);
#151=CARTESIAN_POINT('',(-1.14E2,-4.186145750872E1,-5.667858696577E2));
#152=LINE('',#151,#150);
#153=CARTESIAN_POINT('',(-1.14E2,-4.726991740315E1,-5.619484702113E2));
#154=DIRECTION('',(-1.E0,0.E0,0.E0));
#155=DIRECTION('',(0.E0,-1.453349763154E-1,-9.893825067482E-1));
#156=AXIS2_PLACEMENT_3D('',#153,#154,#155);
#158=DIRECTION('',(0.E0,-1.553734680480E-1,9.878558019401E-1));
#159=VECTOR('',#158,2.232615475857E0);
#160=CARTESIAN_POINT('',(-1.14E2,-5.122134061090E1,-5.625699640835E2));
#161=LINE('',#160,#159);
#162=CARTESIAN_POINT('',(-1.14E2,-4.761680661244E1,-5.597429680600E2));
#163=DIRECTION('',(-1.E0,0.E0,0.E0));
#164=DIRECTION('',(0.E0,-9.878558019395E-1,-1.553734680519E-1));
#165=AXIS2_PLACEMENT_3D('',#162,#163,#164);
#167=DIRECTION('',(0.E0,8.787776881652E-1,4.772313639976E-1));
#168=VECTOR('',#167,6.031880378608E0);
#169=CARTESIAN_POINT('',(-1.14E2,-4.952573206850E1,-5.562278573074E2));
#170=LINE('',#169,#168);
#171=CARTESIAN_POINT('',(-1.14E2,-4.613397563025E1,-5.498341440543E2));
#172=DIRECTION('',(1.E0,0.E0,0.E0));
#173=DIRECTION('',(0.E0,4.772313641129E-1,-8.787776881026E-1));
#174=AXIS2_PLACEMENT_3D('',#171,#172,#173);
#176=CARTESIAN_POINT('',(-1.14E2,-2.999999975869E0,-5.530000000597E2));
#177=DIRECTION('',(-1.E0,0.E0,0.E0));
#178=DIRECTION('',(0.E0,-9.973173561708E-1,7.319898278247E-2));
#179=AXIS2_PLACEMENT_3D('',#176,#177,#178);
#181=CARTESIAN_POINT('',(-1.14E2,-3.894485578094E1,-5.466582856896E2));
#182=DIRECTION('',(1.E0,0.E0,0.E0));
#183=DIRECTION('',(0.E0,-8.945285320391E-1,-4.470108559845E-1));
#184=AXIS2_PLACEMENT_3D('',#181,#182,#183);
#186=CARTESIAN_POINT('',(-1.14E2,-3.894485578094E1,-5.466582856896E2));
#187=DIRECTION('',(1.E0,0.E0,0.E0));
#188=DIRECTION('',(0.E0,1.196106287053E-4,-9.999999928466E-1));
#189=AXIS2_PLACEMENT_3D('',#186,#187,#188);
#191=CARTESIAN_POINT('',(-1.14E2,-3.894485578094E1,-5.466582856896E2));
#192=DIRECTION('',(1.E0,0.E0,0.E0));
#193=DIRECTION('',(0.E0,0.E0,1.E0));
#194=AXIS2_PLACEMENT_3D('',#191,#192,#193);
#196=CARTESIAN_POINT('',(-1.14E2,-2.999999975869E0,-5.530000000597E2));
#197=DIRECTION('',(-1.E0,0.E0,0.E0));
#198=DIRECTION('',(0.E0,-9.746504156434E-1,2.237332502920E-1));
#199=AXIS2_PLACEMENT_3D('',#196,#197,#198);
#201=CARTESIAN_POINT('',(-1.14E2,-2.645898160275E1,-5.250370570632E2));
#202=DIRECTION('',(1.E0,0.E0,0.E0));
#203=DIRECTION('',(0.E0,-9.725816507967E-1,2.325616746877E-1));
#204=AXIS2_PLACEMENT_3D('',#201,#202,#203);
#206=CARTESIAN_POINT('',(-1.14E2,-2.645898160275E1,-5.250370570632E2));
#207=DIRECTION('',(1.E0,0.E0,0.E0));
#208=DIRECTION('',(0.E0,9.938499589227E-5,-9.999999950613E-1));
#209=AXIS2_PLACEMENT_3D('',#206,#207,#208);
#211=CARTESIAN_POINT('',(-1.14E2,-2.645898160275E1,-5.250370570632E2));
#212=DIRECTION('',(1.E0,0.E0,0.E0));
#213=DIRECTION('',(0.E0,1.057355261548E-14,1.E0));
#214=AXIS2_PLACEMENT_3D('',#211,#212,#213);
#216=CARTESIAN_POINT('',(-1.14E2,-2.999999975869E0,-5.530000000597E2));
#217=DIRECTION('',(-1.E0,0.E0,0.E0));
#218=DIRECTION('',(0.E0,-6.028125737260E-1,7.978828240775E-1));
#219=AXIS2_PLACEMENT_3D('',#216,#217,#218);
#221=CARTESIAN_POINT('',(-1.14E2,-1.399008924215E1,-5.195070091822E2));
#222=DIRECTION('',(-1.E0,0.E0,0.E0));
#223=DIRECTION('',(0.E0,-3.117755819878E-1,9.501557695853E-1));
#224=AXIS2_PLACEMENT_3D('',#221,#222,#223);
#226=CARTESIAN_POINT('',(-1.14E2,-1.399008924215E1,-5.195070091822E2));
#227=DIRECTION('',(-1.E0,0.E0,0.E0));
#228=DIRECTION('',(0.E0,0.E0,1.E0));
#229=AXIS2_PLACEMENT_3D('',#226,#227,#228);
#231=DIRECTION('',(-2.083081877579E-6,-6.819983441127E-1,-7.313537164897E-1));
#232=VECTOR('',#231,4.000000000151E0);
#233=CARTESIAN_POINT('',(-1.139999916677E2,-1.494599526431E1,
-5.199829398568E2));
#234=LINE('',#233,#232);
#235=CARTESIAN_POINT('',(-1.14E2,-1.566276595333E1,-5.247838502203E2));
#236=DIRECTION('',(1.E0,0.E0,0.E0));
#237=DIRECTION('',(0.E0,-7.313537017291E-1,6.819983599446E-1));
#238=AXIS2_PLACEMENT_3D('',#235,#236,#237);
#240=DIRECTION('',(0.E0,7.313537016189E-1,-6.819983600628E-1));
#241=VECTOR('',#240,5.813500558607E0);
#242=CARTESIAN_POINT('',(-1.14E2,-1.753826144339E1,-5.267950728999E2));
#243=LINE('',#242,#241);
#244=CARTESIAN_POINT('',(-1.14E2,-1.209303916030E1,-5.294800017693E2));
#245=DIRECTION('',(1.E0,0.E0,0.E0));
#246=DIRECTION('',(0.E0,-6.819983602069E-1,-7.313537014845E-1));
#247=AXIS2_PLACEMENT_3D('',#244,#245,#246);
#249=CARTESIAN_POINT('',(-1.14E2,-1.209303916030E1,-5.294800017693E2));
#250=DIRECTION('',(1.E0,0.E0,0.E0));
#251=DIRECTION('',(0.E0,0.E0,-1.E0));
#252=AXIS2_PLACEMENT_3D('',#249,#250,#251);
#254=DIRECTION('',(0.E0,9.731389780253E-1,2.302184385488E-1));
#255=VECTOR('',#254,2.767591878866E0);
#256=CARTESIAN_POINT('',(-1.14E2,-1.169015689266E1,-5.311829949808E2));
#257=LINE('',#256,#255);
#258=CARTESIAN_POINT('',(-1.14E2,-9.399787627340E0,-5.288428510883E2));
#259=DIRECTION('',(1.E0,0.E0,0.E0));
#260=DIRECTION('',(0.E0,2.302184382415E-1,-9.731389780980E-1));
#261=AXIS2_PLACEMENT_3D('',#258,#259,#260);
#263=DIRECTION('',(3.931078269239E-8,6.819983519780E-1,7.313537091581E-1));
#264=VECTOR('',#263,2.697224362309E0);
#265=CARTESIAN_POINT('',(-1.14E2,-8.119918655009E0,-5.300363482134E2));
#266=LINE('',#265,#264);
#267=CARTESIAN_POINT('',(-1.139999998940E2,-6.280416084999E0,
-5.280637231715E2));
#268=CARTESIAN_POINT('',(-1.139999998940E2,-6.161053683698E0,
-5.279357227709E2));
#269=CARTESIAN_POINT('',(-1.139999993081E2,-5.833269706340E0,
-5.277338624814E2));
#270=CARTESIAN_POINT('',(-1.139999997574E2,-5.306018758472E0,
-5.275016822182E2));
#271=CARTESIAN_POINT('',(-1.139999991377E2,-4.981523364425E0,
-5.273212432581E2));
#272=CARTESIAN_POINT('',(-1.139999991164E2,-4.923701843702E0,
-5.272883176174E2));
#274=CARTESIAN_POINT('',(-1.139999991164E2,-4.923701843702E0,
-5.272883176174E2));
#275=CARTESIAN_POINT('',(-1.139999991164E2,-4.671365384230E0,
-5.271473064115E2));
#276=CARTESIAN_POINT('',(-1.140000004247E2,-4.201877792918E0,
-5.268339225348E2));
#277=CARTESIAN_POINT('',(-1.139999998389E2,-3.602374609160E0,
-5.262677435796E2));
#278=CARTESIAN_POINT('',(-1.140000002197E2,-3.110082954580E0,
-5.256115177426E2));
#279=CARTESIAN_POINT('',(-1.139999995947E2,-2.861453659417E0,
-5.250824286295E2));
#280=CARTESIAN_POINT('',(-1.139999995947E2,-2.756354573179E0,
-5.247975903062E2));
#282=CARTESIAN_POINT('',(-1.14E2,-6.273389133371E0,-5.267029484489E2));
#283=DIRECTION('',(-1.E0,0.E0,0.E0));
#284=DIRECTION('',(0.E0,8.792584010105E-1,4.763451104530E-1));
#285=AXIS2_PLACEMENT_3D('',#282,#283,#284);
#287=CARTESIAN_POINT('',(-1.14E2,-2.999999975869E0,-5.530000000597E2));
#288=DIRECTION('',(1.E0,0.E0,0.E0));
#289=DIRECTION('',(0.E0,-1.235241190916E-1,9.923415702280E-1));
#290=AXIS2_PLACEMENT_3D('',#287,#288,#289);
#292=CARTESIAN_POINT('',(-1.14E2,-1.198827469915E1,-5.779291179242E2));
#293=DIRECTION('',(-1.E0,0.E0,0.E0));
#294=DIRECTION('',(0.E0,3.391801778508E-1,9.407214289858E-1));
#295=AXIS2_PLACEMENT_3D('',#292,#293,#294);
#297=CARTESIAN_POINT('',(-1.139999727003E2,-8.198912270188E0,
-5.792099616959E2));
#298=CARTESIAN_POINT('',(-1.139999727003E2,-8.331529774501E0,
-5.788942265931E2));
#299=CARTESIAN_POINT('',(-1.140000126635E2,-8.602055707403E0,
-5.783410962751E2));
#300=CARTESIAN_POINT('',(-1.139999966273E2,-9.009494253488E0,
-5.778323296292E2));
#301=CARTESIAN_POINT('',(-1.140000008272E2,-9.459925851648E0,
-5.773850422599E2));
#302=CARTESIAN_POINT('',(-1.140000000639E2,-9.814526664725E0,
-5.770941129515E2));
#303=CARTESIAN_POINT('',(-1.139999989171E2,-1.045379766882E1,
-5.766752510597E2));
#304=CARTESIAN_POINT('',(-1.140000042678E2,-1.097240754650E1,
-5.763600955065E2));
#305=CARTESIAN_POINT('',(-1.139999907637E2,-1.115844182081E1,
-5.761775565163E2));
#306=CARTESIAN_POINT('',(-1.139999907637E2,-1.121813798517E1,
-5.760966426259E2));
#308=DIRECTION('',(-3.424374062429E-6,-6.018150532057E-1,7.986354873929E-1));
#309=VECTOR('',#308,2.697224362205E0);
#310=CARTESIAN_POINT('',(-1.139999907637E2,-1.121813798517E1,
-5.760966426259E2));
#311=LINE('',#310,#309);
#312=CARTESIAN_POINT('',(-1.14E2,-1.423898036091E1,-5.749957198310E2));
#313=DIRECTION('',(1.E0,0.E0,0.E0));
#314=DIRECTION('',(0.E0,7.986355100095E-1,6.018150232022E-1));
#315=AXIS2_PLACEMENT_3D('',#312,#313,#314);
#317=DIRECTION('',(0.E0,-9.437436412865E-1,3.306779997690E-1));
#318=VECTOR('',#317,2.767591878860E0);
#319=CARTESIAN_POINT('',(-1.14E2,-1.366029386144E1,-5.733441684587E2));
#320=LINE('',#319,#318);
#321=CARTESIAN_POINT('',(-1.14E2,-1.685087759862E1,-5.740805380842E2));
#322=DIRECTION('',(1.E0,0.E0,0.E0));
#323=DIRECTION('',(0.E0,3.306780001791E-1,9.437436411429E-1));
#324=AXIS2_PLACEMENT_3D('',#321,#322,#323);
#326=CARTESIAN_POINT('',(-1.14E2,-1.685087759862E1,-5.740805380842E2));
#327=DIRECTION('',(1.E0,0.E0,0.E0));
#328=DIRECTION('',(0.E0,0.E0,1.E0));
#329=AXIS2_PLACEMENT_3D('',#326,#327,#328);
#331=DIRECTION('',(0.E0,-7.986355100491E-1,-6.018150231497E-1));
#332=VECTOR('',#331,5.464816241500E0);
#333=CARTESIAN_POINT('',(-1.14E2,-1.790405388920E1,-5.726829259416E2));
#334=LINE('',#333,#332);
#335=CARTESIAN_POINT('',(-1.14E2,-2.061345888183E1,-5.781679821071E2));
#336=DIRECTION('',(1.E0,0.E0,0.E0));
#337=DIRECTION('',(0.E0,-6.018150232141E-1,7.986355100005E-1));
#338=AXIS2_PLACEMENT_3D('',#335,#336,#337);
#340=DIRECTION('',(2.285882771974E-8,6.018173591602E-1,-7.986337497335E-1));
#341=VECTOR('',#340,3.999999999971E0);
#342=CARTESIAN_POINT('',(-1.14E2,-2.280970652982E1,-5.798229734174E2));
#343=LINE('',#342,#341);
#344=CARTESIAN_POINT('',(-1.139999999086E2,-2.040243709320E1,
-5.830175084163E2));
#345=CARTESIAN_POINT('',(-1.139999999086E2,-2.029710814636E1,
-5.831572847672E2));
#346=CARTESIAN_POINT('',(-1.139999996887E2,-2.015566752440E1,
-5.835159397363E2));
#347=CARTESIAN_POINT('',(-1.139999992436E2,-1.999124248429E1,
-5.841773044388E2));
#348=CARTESIAN_POINT('',(-1.139999997676E2,-1.980990644969E1,
-5.846740552572E2));
#349=CARTESIAN_POINT('',(-1.139999997140E2,-1.972394779740E1,
-5.848711348436E2));
#351=CARTESIAN_POINT('',(-1.139999997140E2,-1.972394779740E1,
-5.848711348436E2));
#352=CARTESIAN_POINT('',(-1.139999997140E2,-1.962845396188E1,
-5.851026422229E2));
#353=CARTESIAN_POINT('',(-1.140000001611E2,-1.939625275014E1,
-5.855485305133E2));
#354=CARTESIAN_POINT('',(-1.139999998653E2,-1.888228301997E1,
-5.862198241370E2));
#355=CARTESIAN_POINT('',(-1.140000003779E2,-1.832831531560E1,
-5.867311023822E2));
#356=CARTESIAN_POINT('',(-1.139999992080E2,-1.785374228707E1,
-5.870294852738E2));
#357=CARTESIAN_POINT('',(-1.139999992080E2,-1.759669081467E1,
-5.871627086701E2));
#359=CARTESIAN_POINT('',(-1.14E2,-1.993353782835E1,-5.839163031343E2));
#360=DIRECTION('',(-1.E0,0.E0,0.E0));
#361=DIRECTION('',(0.E0,5.842115987309E-1,-8.116013848610E-1));
#362=AXIS2_PLACEMENT_3D('',#359,#360,#361);
#364=CARTESIAN_POINT('',(-1.14E2,-1.993353782835E1,-5.839163031343E2));
#365=DIRECTION('',(-1.E0,0.E0,0.E0));
#366=DIRECTION('',(0.E0,0.E0,-1.E0));
#367=AXIS2_PLACEMENT_3D('',#364,#365,#366);
#369=CARTESIAN_POINT('',(-1.14E2,-2.999999975869E0,-5.530000000597E2));
#370=DIRECTION('',(-1.E0,0.E0,0.E0));
#371=DIRECTION('',(0.E0,-4.803840525481E-1,-8.770582432527E-1));
#372=AXIS2_PLACEMENT_3D('',#369,#370,#371);
#374=CARTESIAN_POINT('',(-1.14E2,-3.594872876577E1,-5.743294110016E2));
#375=CARTESIAN_POINT('',(-1.140983381288E2,-3.604520705002E1,
-5.741803756236E2));
#376=CARTESIAN_POINT('',(-1.142804354198E2,-3.623855906686E1,
-5.738772898548E2));
#377=CARTESIAN_POINT('',(-1.144926445373E2,-3.653570947171E1,
-5.733968716380E2));
#378=CARTESIAN_POINT('',(-1.146149742614E2,-3.684302484432E1,
-5.728830151605E2));
#379=CARTESIAN_POINT('',(-1.146147985456E2,-3.714513391905E1,
-5.723595938233E2));
#380=CARTESIAN_POINT('',(-1.144927526885E2,-3.743561349474E1,
-5.718378487211E2));
#381=CARTESIAN_POINT('',(-1.142802463931E2,-3.770336565001E1,
-5.713395660598E2));
#382=CARTESIAN_POINT('',(-1.140982624098E2,-3.786897515374E1,
-5.710207808732E2));
#383=CARTESIAN_POINT('',(-1.14E2,-3.794971094585E1,-5.708628162743E2));
#385=DIRECTION('',(-7.071067811865E-1,0.E0,-7.071067811866E-1));
#386=VECTOR('',#385,2.489015869777E0);
#387=CARTESIAN_POINT('',(-1.14E2,-3.461173244536E1,-5.678868729501E2));
#388=LINE('',#387,#386);
#389=CARTESIAN_POINT('',(-1.1576E2,-3.461173244536E1,-5.712468729501E2));
#390=DIRECTION('',(1.E0,0.E0,0.E0));
#391=DIRECTION('',(0.E0,0.E0,1.E0));
#392=AXIS2_PLACEMENT_3D('',#389,#390,#391);
#394=DIRECTION('',(-7.071080534643E-1,-7.774603455776E-5,7.071055046324E-1));
#395=VECTOR('',#394,2.489011391367E0);
#396=CARTESIAN_POINT('',(-1.14E2,-3.461150387344E1,-5.746068666053E2));
#397=LINE('',#396,#395);
#398=CARTESIAN_POINT('',(-1.1576E2,-3.461173244536E1,-5.712468729501E2));
#399=DIRECTION('',(1.E0,0.E0,0.E0));
#400=DIRECTION('',(0.E0,0.E0,-1.E0));
#401=AXIS2_PLACEMENT_3D('',#398,#399,#400);
#403=DIRECTION('',(1.E0,0.E0,-9.168293364646E-14));
#404=VECTOR('',#403,1.24E0);
#405=CARTESIAN_POINT('',(-1.17E2,-3.461173244536E1,-5.696468729501E2));
#406=LINE('',#405,#404);
#407=DIRECTION('',(9.999999996003E-1,2.827512629210E-5,6.195932653351E-10));
#408=VECTOR('',#407,1.240000000496E0);
#409=CARTESIAN_POINT('',(-1.17E2,-3.461173244536E1,-5.728468729501E2));
#410=LINE('',#409,#408);
#411=DIRECTION('',(1.E0,6.128194248352E-11,-1.538561870499E-11));
#412=VECTOR('',#411,3.E0);
#413=CARTESIAN_POINT('',(-1.17E2,-4.186145750891E1,-5.667858696576E2));
#414=LINE('',#413,#412);
#415=DIRECTION('',(1.E0,2.934541498689E-12,-1.091393642128E-11));
#416=VECTOR('',#415,3.E0);
#417=CARTESIAN_POINT('',(-1.17E2,-5.122134061091E1,-5.625699640835E2));
#418=LINE('',#417,#416);
#419=DIRECTION('',(-1.E0,-5.657104414543E-11,1.466560206609E-11));
#420=VECTOR('',#419,3.E0);
#421=CARTESIAN_POINT('',(-1.14E2,-4.785125730831E1,-5.659060002383E2));
#422=LINE('',#421,#420);
#423=DIRECTION('',(1.E0,2.847144742191E-11,1.906149312466E-11));
#424=VECTOR('',#423,3.E0);
#425=CARTESIAN_POINT('',(-1.17E2,-4.952573206859E1,-5.562278573075E2));
#426=LINE('',#425,#424);
#427=DIRECTION('',(-1.E0,5.755396159657E-13,-1.140657938474E-11));
#428=VECTOR('',#427,3.E0);
#429=CARTESIAN_POINT('',(-1.14E2,-5.156822982020E1,-5.603644619322E2));
#430=LINE('',#429,#428);
#431=DIRECTION('',(-1.E0,-2.865618853320E-11,-1.913728434981E-11));
#432=VECTOR('',#431,3.E0);
#433=CARTESIAN_POINT('',(-1.14E2,-4.422505017410E1,-5.533492548068E2));
#434=LINE('',#433,#432);
#435=DIRECTION('',(-1.E0,-1.392663762090E-12,-5.267490147768E-12));
#436=VECTOR('',#435,3.E0);
#437=CARTESIAN_POINT('',(-1.14E2,-4.214470620557E1,-5.501269399854E2));
#438=LINE('',#437,#436);
#439=DIRECTION('',(-1.E0,-3.274417773961E-13,-7.579122514774E-14));
#440=VECTOR('',#439,3.E0);
#441=CARTESIAN_POINT('',(-1.14E2,-1.523719157019E1,-5.157063861039E2));
#442=LINE('',#441,#440);
#443=DIRECTION('',(9.999999998174E-1,-1.390324567464E-5,1.311455469733E-5));
#444=VECTOR('',#443,3.051629471250E0);
#445=CARTESIAN_POINT('',(-1.17E2,-1.126210641280E1,-5.165815844810E2));
#446=LINE('',#445,#444);
#447=CARTESIAN_POINT('',(-1.138506129277E2,-3.545465764534E0,
-5.237774586830E2));
#448=CARTESIAN_POINT('',(-1.138043858948E2,-3.710150169380E0,
-5.236238879911E2));
#449=CARTESIAN_POINT('',(-1.137105213233E2,-4.026835950922E0,
-5.233285882761E2));
#450=CARTESIAN_POINT('',(-1.136076405675E2,-4.471333868497E0,
-5.229140794701E2));
#451=CARTESIAN_POINT('',(-1.135825592088E2,-4.748168541866E0,
-5.226559331858E2));
#452=CARTESIAN_POINT('',(-1.135825591962E2,-4.881648617795E0,
-5.225314610013E2));
#454=DIRECTION('',(-9.999999996585E-1,1.752172309507E-5,-1.939286881629E-5));
#455=VECTOR('',#454,3.149387073326E0);
#456=CARTESIAN_POINT('',(-1.138506129277E2,-3.545465764534E0,
-5.237774586830E2));
#457=LINE('',#456,#455);
#458=CARTESIAN_POINT('',(-1.138506129277E2,-3.545465764534E0,
-5.237774586830E2));
#459=CARTESIAN_POINT('',(-1.138832724049E2,-3.429116091825E0,
-5.238859531869E2));
#460=CARTESIAN_POINT('',(-1.139388290781E2,-3.216922638901E0,
-5.241097936048E2));
#461=CARTESIAN_POINT('',(-1.139889751543E2,-2.956630745837E0,
-5.244541673356E2));
#462=CARTESIAN_POINT('',(-1.139999063405E2,-2.817882673272E0,
-5.246840167354E2));
#463=CARTESIAN_POINT('',(-1.139999995947E2,-2.756354573179E0,
-5.247975903062E2));
#465=CARTESIAN_POINT('',(-1.1325E2,-6.280416057688E0,-5.280637231970E2));
#466=DIRECTION('',(0.E0,6.819983600625E-1,7.313537016192E-1));
#467=DIRECTION('',(-1.E0,-2.191631528111E-8,2.043725544354E-8));
#468=AXIS2_PLACEMENT_3D('',#465,#466,#467);
#470=CARTESIAN_POINT('',(-1.09E2,-3.517650216738E0,-5.210687517955E2));
#471=DIRECTION('',(0.E0,7.313537016192E-1,-6.819983600625E-1));
#472=DIRECTION('',(-1.267636662305E-10,-6.819983600625E-1,-7.313537016192E-1));
#473=AXIS2_PLACEMENT_3D('',#470,#471,#472);
#475=DIRECTION('',(-5.562689043667E-11,6.819983600916E-1,7.313537015920E-1));
#476=VECTOR('',#475,2.697224362270E0);
#477=CARTESIAN_POINT('',(-1.1325E2,-8.668433925734E0,-5.295248494484E2));
#478=LINE('',#477,#476);
#479=CARTESIAN_POINT('',(-1.1325E2,-8.996905359903E0,-5.305458442998E2));
#480=DIRECTION('',(0.E0,9.731389780285E-1,2.302184385352E-1));
#481=DIRECTION('',(-1.E0,1.610326686811E-11,-6.806052018267E-11));
#482=AXIS2_PLACEMENT_3D('',#479,#480,#481);
#484=CARTESIAN_POINT('',(-1.1325E2,-9.399787627340E0,-5.288428510883E2));
#485=DIRECTION('',(1.E0,0.E0,0.E0));
#486=DIRECTION('',(0.E0,2.302184385290E-1,-9.731389780300E-1));
#487=AXIS2_PLACEMENT_3D('',#484,#485,#486);
#489=CARTESIAN_POINT('',(-1.1325E2,-8.119918649571E0,-5.300363482185E2));
#490=DIRECTION('',(0.E0,-6.819983601018E-1,-7.313537015825E-1));
#491=DIRECTION('',(-1.399106016227E-10,-7.313537015825E-1,6.819983601018E-1));
#492=AXIS2_PLACEMENT_3D('',#489,#490,#491);
#494=DIRECTION('',(0.E0,9.731389780249E-1,2.302184385505E-1));
#495=VECTOR('',#494,2.767591879243E0);
#496=CARTESIAN_POINT('',(-1.1325E2,-1.186282072176E1,-5.304531407473E2));
#497=LINE('',#496,#495);
#498=CARTESIAN_POINT('',(-1.1325E2,-1.328653629036E1,-5.307598707472E2));
#499=DIRECTION('',(0.E0,7.313537016440E-1,-6.819983600359E-1));
#500=DIRECTION('',(-1.E0,-4.457708276580E-11,-4.774847184308E-11));
#501=AXIS2_PLACEMENT_3D('',#498,#499,#500);
#503=CARTESIAN_POINT('',(-1.1325E2,-1.209303916030E1,-5.294800017693E2));
#504=DIRECTION('',(1.E0,0.E0,0.E0));
#505=DIRECTION('',(0.E0,-6.819983600703E-1,-7.313537016119E-1));
#506=AXIS2_PLACEMENT_3D('',#503,#504,#505);
#508=CARTESIAN_POINT('',(-1.1325E2,-1.209303916030E1,-5.294800017693E2));
#509=DIRECTION('',(1.E0,0.E0,0.E0));
#510=DIRECTION('',(0.E0,0.E0,-1.E0));
#511=AXIS2_PLACEMENT_3D('',#508,#509,#510);
#513=CARTESIAN_POINT('',(-1.1325E2,-1.169015689287E1,-5.311829949809E2));
#514=DIRECTION('',(0.E0,-9.731389780293E-1,-2.302184385321E-1));
#515=DIRECTION('',(0.E0,-2.302184385321E-1,9.731389780293E-1));
#516=AXIS2_PLACEMENT_3D('',#513,#514,#515);
#518=DIRECTION('',(0.E0,7.313537016187E-1,-6.819983600630E-1));
#519=VECTOR('',#518,5.813500558858E0);
#520=CARTESIAN_POINT('',(-1.1325E2,-1.702676267345E1,-5.262465576236E2));
#521=LINE('',#520,#519);
#522=CARTESIAN_POINT('',(-1.1325E2,-1.753826144348E1,-5.267950728998E2));
#523=DIRECTION('',(0.E0,-7.313537016271E-1,6.819983600540E-1));
#524=DIRECTION('',(0.E0,6.819983600540E-1,7.313537016271E-1));
#525=AXIS2_PLACEMENT_3D('',#522,#523,#524);
#527=CARTESIAN_POINT('',(-1.1325E2,-1.767398863283E1,-5.229083547302E2));
#528=DIRECTION('',(0.E0,-6.819983600437E-1,-7.313537016367E-1));
#529=DIRECTION('',(-1.E0,-3.186011099388E-8,2.971000867547E-8));
#530=AXIS2_PLACEMENT_3D('',#527,#528,#529);
#532=CARTESIAN_POINT('',(-1.1325E2,-1.566276595333E1,-5.247838502203E2));
#533=DIRECTION('',(1.E0,0.E0,0.E0));
#534=DIRECTION('',(0.E0,-7.313537016240E-1,6.819983600573E-1));
#535=AXIS2_PLACEMENT_3D('',#532,#533,#534);
#537=DIRECTION('',(0.E0,-6.819983600657E-1,-7.313537016162E-1));
#538=VECTOR('',#537,4.000000000011E0);
#539=CARTESIAN_POINT('',(-1.1325E2,-1.439747991631E1,-5.204944386937E2));
#540=LINE('',#539,#538);
#541=CARTESIAN_POINT('',(-1.139999916677E2,-1.494599526431E1,
-5.199829398568E2));
#542=CARTESIAN_POINT('',(-1.139999916677E2,-1.488575258614E1,
-5.199201363519E2));
#543=CARTESIAN_POINT('',(-1.140000038656E2,-1.476409979155E1,
-5.197499515599E2));
#544=CARTESIAN_POINT('',(-1.139999989689E2,-1.456241080908E1,
-5.192792846302E2));
#545=CARTESIAN_POINT('',(-1.140000002589E2,-1.438863489427E1,
-5.188381967434E2));
#546=CARTESIAN_POINT('',(-1.139999999956E2,-1.421695122684E1,
-5.184574618234E2));
#547=CARTESIAN_POINT('',(-1.139999997586E2,-1.393702301872E1,
-5.179430552125E2));
#548=CARTESIAN_POINT('',(-1.140000009699E2,-1.353010216507E1,
-5.173955937352E2));
#549=CARTESIAN_POINT('',(-1.139999963617E2,-1.317673248982E1,
-5.170310092698E2));
#550=CARTESIAN_POINT('',(-1.140000135832E2,-1.260851608028E1,
-5.165596231790E2));
#551=CARTESIAN_POINT('',(-1.139999707314E2,-1.208343377816E1,
-5.162979499317E2));
#552=CARTESIAN_POINT('',(-1.139999707314E2,-1.178436562360E1,
-5.161701699606E2));
#554=CARTESIAN_POINT('',(-1.139999707314E2,-1.178436562360E1,
-5.161701699606E2));
#555=CARTESIAN_POINT('',(-1.139995182963E2,-1.172498545671E1,
-5.162094073896E2));
#556=CARTESIAN_POINT('',(-1.139950748495E2,-1.160755067783E1,
-5.162915280655E2));
#557=CARTESIAN_POINT('',(-1.139781522611E2,-1.143389566576E1,
-5.164276126822E2));
#558=CARTESIAN_POINT('',(-1.139595426053E2,-1.131900140600E1,
-5.165285297417E2));
#559=CARTESIAN_POINT('',(-1.139483705293E2,-1.126214884036E1,
-5.165815444603E2));
#561=CARTESIAN_POINT('',(-1.139483705293E2,-1.126214884036E1,
-5.165815444603E2));
#562=CARTESIAN_POINT('',(-1.139330426474E2,-1.118414956870E1,
-5.166542799578E2));
#563=CARTESIAN_POINT('',(-1.138972741605E2,-1.102969689621E1,
-5.167983100745E2));
#564=CARTESIAN_POINT('',(-1.138350522063E2,-1.080142989246E1,
-5.170111722243E2));
#565=CARTESIAN_POINT('',(-1.137703819328E2,-1.057720712887E1,
-5.172202634294E2));
#566=CARTESIAN_POINT('',(-1.137087226245E2,-1.035672042389E1,
-5.174258705014E2));
#567=CARTESIAN_POINT('',(-1.136549035635E2,-1.013975839246E1,
-5.176281912002E2));
#568=CARTESIAN_POINT('',(-1.136135442492E2,-9.927594606704E0,
-5.178260359123E2));
#569=CARTESIAN_POINT('',(-1.135878886988E2,-9.721201995416E0,
-5.180185046801E2));
#570=CARTESIAN_POINT('',(-1.135824921654E2,-9.589392743286E0,
-5.181414074911E2));
#571=CARTESIAN_POINT('',(-1.135824921590E2,-9.524776861923E0,
-5.182016627753E2));
#573=CARTESIAN_POINT('',(-1.09E2,-8.160783992653E0,-5.167389595025E2));
#574=DIRECTION('',(0.E0,-7.313537016192E-1,6.819983600625E-1));
#575=DIRECTION('',(-9.165136778773E-1,-2.728016272299E-1,-2.925439290851E-1));
#576=AXIS2_PLACEMENT_3D('',#573,#574,#575);
#578=CARTESIAN_POINT('',(-1.109796746563E2,-1.293477276122E1,
-5.198584465961E2));
#579=CARTESIAN_POINT('',(-1.112121964307E2,-1.305035067947E1,
-5.198584466106E2));
#580=CARTESIAN_POINT('',(-1.115968995476E2,-1.324149810839E1,
-5.198786385921E2));
#581=CARTESIAN_POINT('',(-1.118584970632E2,-1.337020322998E1,
-5.199062201989E2));
#582=CARTESIAN_POINT('',(-1.120279450394E2,-1.345702560577E1,
-5.199256813414E2));
#583=CARTESIAN_POINT('',(-1.123839818127E2,-1.364313128127E1,
-5.199853270070E2));
#584=CARTESIAN_POINT('',(-1.125970273168E2,-1.376655104757E1,
-5.200379518295E2));
#585=CARTESIAN_POINT('',(-1.128025011127E2,-1.389824610463E1,
-5.201042832333E2));
#586=CARTESIAN_POINT('',(-1.129595013664E2,-1.400725745271E1,
-5.201672981313E2));
#587=CARTESIAN_POINT('',(-1.131416939665E2,-1.417246829074E1,
-5.202842926116E2));
#588=CARTESIAN_POINT('',(-1.132174185289E2,-1.426753093749E1,
-5.203651695621E2));
#589=CARTESIAN_POINT('',(-1.132455646503E2,-1.435490547959E1,-5.204487832E2));
#590=CARTESIAN_POINT('',(-1.1325E2,-1.439747991631E1,-5.204944386937E2));
#592=CARTESIAN_POINT('',(-1.1325E2,-1.494599519253E1,-5.199829399237E2));
#593=DIRECTION('',(0.E0,6.819983600625E-1,7.313537016192E-1));
#594=DIRECTION('',(0.E0,7.313537016192E-1,-6.819983600625E-1));
#595=AXIS2_PLACEMENT_3D('',#592,#593,#594);
#597=DIRECTION('',(-1.055923115311E-5,7.313528301747E-1,-6.819992944893E-1));
#598=VECTOR('',#597,6.348684318373E0);
#599=CARTESIAN_POINT('',(-1.135824921590E2,-9.524776861923E0,
-5.182016627753E2));
#600=LINE('',#599,#598);
#601=DIRECTION('',(1.523204500606E-10,-7.313537016928E-1,6.819983599836E-1));
#602=VECTOR('',#601,6.348684317372E0);
#603=CARTESIAN_POINT('',(-1.090000000011E2,-6.927642016591E0,
-5.247255203031E2));
#604=LINE('',#603,#602);
#605=DIRECTION('',(4.969233916747E-13,-7.313537016224E-1,6.819983600591E-1));
#606=VECTOR('',#605,6.348684323640E0);
#607=CARTESIAN_POINT('',(-1.074999999985E2,-6.927642015743E0,
-5.247255203068E2));
#608=LINE('',#607,#606);
#609=DIRECTION('',(-7.071067811855E-1,4.822456651590E-1,5.171451618616E-1));
#610=VECTOR('',#609,7.071067811866E-1);
#611=CARTESIAN_POINT('',(-1.069999999985E2,-7.268641195775E0,
-5.250911971576E2));
#612=LINE('',#611,#610);
#613=CARTESIAN_POINT('',(-1.07E2,-1.566276595333E1,-5.247838502203E2));
#614=DIRECTION('',(1.E0,0.E0,0.E0));
#615=DIRECTION('',(0.E0,-7.313537016062E-1,6.819983600764E-1));
#616=AXIS2_PLACEMENT_3D('',#613,#614,#615);
#618=DIRECTION('',(3.095834706986E-11,-6.819983600428E-1,-7.313537016376E-1));
#619=VECTOR('',#618,3.999999990595E0);
#620=CARTESIAN_POINT('',(-1.069999999986E2,-1.403180307315E1,
-5.208354378840E2));
#621=LINE('',#620,#619);
#622=CARTESIAN_POINT('',(-1.07E2,-1.293477251307E1,-5.218584354139E2));
#623=DIRECTION('',(1.E0,0.E0,0.E0));
#624=DIRECTION('',(0.E0,6.819983600585E-1,7.313537016229E-1));
#625=AXIS2_PLACEMENT_3D('',#622,#623,#624);
#627=DIRECTION('',(1.020707507224E-12,-7.313537016220E-1,6.819983600595E-1));
#628=VECTOR('',#627,6.348684323640E0);
#629=CARTESIAN_POINT('',(-1.069999999985E2,-7.268641195775E0,
-5.250911971576E2));
#630=LINE('',#629,#628);
#631=CARTESIAN_POINT('',(-1.07E2,-8.291638737171E0,-5.261882277068E2));
#632=DIRECTION('',(1.E0,0.E0,0.E0));
#633=DIRECTION('',(0.E0,7.313537016265E-1,-6.819983600546E-1));
#634=AXIS2_PLACEMENT_3D('',#631,#632,#633);
#636=DIRECTION('',(4.289403345022E-10,6.819983597482E-1,7.313537019123E-1));
#637=VECTOR('',#636,2.697224350029E0);
#638=CARTESIAN_POINT('',(-1.069999999998E2,-9.034110776934E0,
-5.291838502685E2));
#639=LINE('',#638,#637);
#640=CARTESIAN_POINT('',(-1.07E2,-9.399787627344E0,-5.288428510883E2));
#641=DIRECTION('',(1.E0,0.E0,0.E0));
#642=DIRECTION('',(0.E0,2.302184385531E-1,-9.731389780243E-1));
#643=AXIS2_PLACEMENT_3D('',#640,#641,#642);
#645=DIRECTION('',(-1.243325064772E-10,9.731389780537E-1,2.302184384290E-1));
#646=VECTOR('',#645,2.767591885853E0);
#647=CARTESIAN_POINT('',(-1.069999999995E2,-1.197792994594E1,
-5.299665712590E2));
#648=LINE('',#647,#646);
#649=CARTESIAN_POINT('',(-1.07E2,-1.209303916030E1,-5.294800017693E2));
#650=DIRECTION('',(1.E0,0.E0,0.E0));
#651=DIRECTION('',(0.E0,-6.819983600655E-1,-7.313537016164E-1));
#652=AXIS2_PLACEMENT_3D('',#649,#650,#651);
#654=DIRECTION('',(-2.054175371076E-10,7.313537014789E-1,-6.819983602129E-1));
#655=VECTOR('',#654,5.813500550889E0);
#656=CARTESIAN_POINT('',(-1.069999999986E2,-1.668576348326E1,
-5.258808807804E2));
#657=LINE('',#656,#655);
#658=DIRECTION('',(-7.071067811854E-1,-5.171451618615E-1,4.822456651592E-1));
#659=VECTOR('',#658,7.071067811866E-1);
#660=CARTESIAN_POINT('',(-1.069999999985E2,-1.675979650691E1,
-5.237608526836E2));
#661=LINE('',#660,#659);
#662=DIRECTION('',(-7.071067811888E-1,-4.822456651566E-1,-5.171451618593E-1));
#663=VECTOR('',#662,7.071067811866E-1);
#664=CARTESIAN_POINT('',(-1.069999999986E2,-1.668576348326E1,
-5.258808807804E2));
#665=LINE('',#664,#663);
#666=DIRECTION('',(-7.071067811923E-1,-4.822456627347E-1,-5.171451641130E-1));
#667=VECTOR('',#666,7.071067810746E-1);
#668=CARTESIAN_POINT('',(-1.069999999998E2,-1.243403833682E1,
-5.298456786232E2));
#669=LINE('',#668,#667);
#670=DIRECTION('',(-7.071067811924E-1,1.627890156462E-1,-6.881131711984E-1));
#671=VECTOR('',#670,7.071067808557E-1);
#672=CARTESIAN_POINT('',(-1.069999999995E2,-1.197792994594E1,
-5.299665712590E2));
#673=LINE('',#672,#671);
#674=DIRECTION('',(-7.071067811934E-1,1.627890201897E-1,-6.881131701225E-1));
#675=VECTOR('',#674,7.071067810995E-1);
#676=CARTESIAN_POINT('',(-1.069999999999E2,-9.284678406470E0,
-5.293294205769E2));
#677=LINE('',#676,#675);
#678=DIRECTION('',(-7.071067811931E-1,5.171451616596E-1,-4.822456653644E-1));
#679=VECTOR('',#678,7.071067810520E-1);
#680=CARTESIAN_POINT('',(-1.069999999998E2,-9.034110776934E0,
-5.291838502685E2));
#681=LINE('',#680,#679);
#682=DIRECTION('',(-7.071067811874E-1,5.171451618603E-1,-4.822456651576E-1));
#683=VECTOR('',#682,7.071067811865E-1);
#684=CARTESIAN_POINT('',(-1.069999999986E2,-7.194608194341E0,
-5.272112252552E2));
#685=LINE('',#684,#683);
#686=CARTESIAN_POINT('',(-1.075E2,-8.291638737172E0,-5.261882277068E2));
#687=DIRECTION('',(1.E0,0.E0,0.E0));
#688=DIRECTION('',(0.E0,7.313537016192E-1,-6.819983600625E-1));
#689=AXIS2_PLACEMENT_3D('',#686,#687,#688);
#691=DIRECTION('',(-1.E0,-5.649471991530E-10,2.473598210859E-9));
#692=VECTOR('',#691,1.500000002600E0);
#693=CARTESIAN_POINT('',(-1.074999999985E2,-6.927642015743E0,
-5.247255203068E2));
#694=LINE('',#693,#692);
#695=CARTESIAN_POINT('',(-1.090000000011E2,-6.927642016591E0,
-5.247255203031E2));
#696=CARTESIAN_POINT('',(-1.090000000373E2,-6.879798822727E0,
-5.247701348032E2));
#697=CARTESIAN_POINT('',(-1.090331745698E2,-6.788181459173E0,
-5.248643260306E2));
#698=CARTESIAN_POINT('',(-1.091701494780E2,-6.663714865925E0,
-5.250205792177E2));
#699=CARTESIAN_POINT('',(-1.093818171520E2,-6.555291162523E0,
-5.251892805870E2));
#700=CARTESIAN_POINT('',(-1.096557448443E2,-6.466389804239E0,
-5.253630623429E2));
#701=CARTESIAN_POINT('',(-1.099794763219E2,-6.395698564197E0,
-5.255417961801E2));
#702=CARTESIAN_POINT('',(-1.103405618163E2,-6.342045057664E0,
-5.257278880196E2));
#703=CARTESIAN_POINT('',(-1.107265496743E2,-6.306563229387E0,
-5.259192081858E2));
#704=CARTESIAN_POINT('',(-1.111249887103E2,-6.289696693846E0,
-5.261155765540E2));
#705=CARTESIAN_POINT('',(-1.115234277534E2,-6.292344057113E0,
-5.263135503915E2));
#706=CARTESIAN_POINT('',(-1.120380782021E2,-6.321745111269E0,
-5.265744833648E2));
#707=CARTESIAN_POINT('',(-1.126191356039E2,-6.405652237775E0,
-5.268921404407E2));
#708=CARTESIAN_POINT('',(-1.131171825491E2,-6.580312177302E0,
-5.272473058128E2));
#709=CARTESIAN_POINT('',(-1.132499999280E2,-6.740040179845E0,
-5.274569003349E2));
#710=CARTESIAN_POINT('',(-1.132500000002E2,-6.828931333866E0,
-5.275522244270E2));
#712=DIRECTION('',(1.E0,-1.680941453216E-9,-1.429686127559E-9));
#713=VECTOR('',#712,5.750000001530E0);
#714=CARTESIAN_POINT('',(-1.132500000002E2,-6.828931333866E0,
-5.275522244270E2));
#715=LINE('',#714,#713);
#716=DIRECTION('',(3.951679941316E-10,6.819983597751E-1,7.313537018872E-1));
#717=VECTOR('',#716,2.697224350232E0);
#718=CARTESIAN_POINT('',(-1.074999999997E2,-8.668433926336E0,
-5.295248494486E2));
#719=LINE('',#718,#717);
#720=CARTESIAN_POINT('',(-1.075E2,-9.399787627340E0,-5.288428510883E2));
#721=DIRECTION('',(1.E0,0.E0,0.E0));
#722=DIRECTION('',(0.E0,2.302184385454E-1,-9.731389780261E-1));
#723=AXIS2_PLACEMENT_3D('',#720,#721,#722);
#725=DIRECTION('',(-1.E0,1.047021792880E-10,3.703225165930E-11));
#726=VECTOR('',#725,5.750000000314E0);
#727=CARTESIAN_POINT('',(-1.074999999997E2,-8.668433926336E0,
-5.295248494486E2));
#728=LINE('',#727,#726);
#729=DIRECTION('',(1.E0,4.169628507067E-10,1.281398948261E-10));
#730=VECTOR('',#729,5.750000000185E0);
#731=CARTESIAN_POINT('',(-1.1325E2,-9.169569188803E0,-5.298159900664E2));
#732=LINE('',#731,#730);
#733=DIRECTION('',(-1.868735952479E-10,9.731389780680E-1,2.302184383686E-1));
#734=VECTOR('',#733,2.767591889154E0);
#735=CARTESIAN_POINT('',(-1.074999999993E2,-1.186282072913E1,
-5.304531407484E2));
#736=LINE('',#735,#734);
#737=CARTESIAN_POINT('',(-1.075E2,-1.209303916030E1,-5.294800017693E2));
#738=DIRECTION('',(1.E0,0.E0,0.E0));
#739=DIRECTION('',(0.E0,-6.819983600624E-1,-7.313537016192E-1));
#740=AXIS2_PLACEMENT_3D('',#737,#738,#739);
#742=DIRECTION('',(-1.E0,1.281195053274E-9,1.811673902463E-10));
#743=VECTOR('',#742,5.750000000702E0);
#744=CARTESIAN_POINT('',(-1.074999999993E2,-1.186282072913E1,
-5.304531407484E2));
#745=LINE('',#744,#743);
#746=DIRECTION('',(1.E0,9.188772640949E-10,-8.004739672709E-10));
#747=VECTOR('',#746,5.750000000237E0);
#748=CARTESIAN_POINT('',(-1.1325E2,-1.277503752036E1,-5.302113554709E2));
#749=LINE('',#748,#747);
#750=DIRECTION('',(-1.922125779011E-10,7.313537014885E-1,-6.819983602026E-1));
#751=VECTOR('',#750,5.813500553228E0);
#752=CARTESIAN_POINT('',(-1.074999999986E2,-1.702676266329E1,
-5.262465576312E2));
#753=LINE('',#752,#751);
#754=CARTESIAN_POINT('',(-1.075E2,-1.566276595333E1,-5.247838502203E2));
#755=DIRECTION('',(1.E0,0.E0,0.E0));
#756=DIRECTION('',(0.E0,-7.313537016192E-1,6.819983600625E-1));
#757=AXIS2_PLACEMENT_3D('',#754,#755,#756);
#759=DIRECTION('',(-1.E0,-1.766589038889E-9,1.327031856070E-9));
#760=VECTOR('',#759,5.750000001355E0);
#761=CARTESIAN_POINT('',(-1.074999999986E2,-1.702676266329E1,
-5.262465576312E2));
#762=LINE('',#761,#760);
#763=DIRECTION('',(1.E0,-1.980165210038E-10,-5.903806910429E-10));
#764=VECTOR('',#763,5.750000001475E0);
#765=CARTESIAN_POINT('',(-1.1325E2,-1.712547335658E1,-5.234198535002E2));
#766=LINE('',#765,#764);
#767=DIRECTION('',(3.163691538410E-11,-6.819983600432E-1,-7.313537016372E-1));
#768=VECTOR('',#767,3.999999990595E0);
#769=CARTESIAN_POINT('',(-1.074999999987E2,-1.439747992396E1,
-5.204944387039E2));
#770=LINE('',#769,#768);
#771=DIRECTION('',(-7.071067811893E-1,-5.171451618588E-1,4.822456651565E-1));
#772=VECTOR('',#771,7.071067811865E-1);
#773=CARTESIAN_POINT('',(-1.069999999986E2,-1.403180307315E1,
-5.208354378840E2));
#774=LINE('',#773,#772);
#775=DIRECTION('',(-7.071067811902E-1,4.822456651557E-1,5.171451618582E-1));
#776=VECTOR('',#775,7.071067811866E-1);
#777=CARTESIAN_POINT('',(-1.069999999985E2,-1.191177497630E1,
-5.207614048604E2));
#778=LINE('',#777,#776);
#779=CARTESIAN_POINT('',(-1.075E2,-1.293477251308E1,-5.218584354139E2));
#780=DIRECTION('',(1.E0,0.E0,0.E0));
#781=DIRECTION('',(0.E0,6.819983600625E-1,7.313537016192E-1));
#782=AXIS2_PLACEMENT_3D('',#779,#780,#781);
#784=DIRECTION('',(-1.E0,1.330447404108E-9,1.773435581546E-9));
#785=VECTOR('',#784,5.750000001348E0);
#786=CARTESIAN_POINT('',(-1.074999999987E2,-1.439747992396E1,
-5.204944387039E2));
#787=LINE('',#786,#785);
#788=CARTESIAN_POINT('',(-1.109796746563E2,-1.293477276122E1,
-5.198584465961E2));
#789=CARTESIAN_POINT('',(-1.108223544566E2,-1.285722339848E1,
-5.198584465865E2));
#790=CARTESIAN_POINT('',(-1.105341638678E2,-1.271284445087E1,
-5.198675210623E2));
#791=CARTESIAN_POINT('',(-1.101893290585E2,-1.253480928967E1,
-5.198964864388E2));
#792=CARTESIAN_POINT('',(-1.099076404242E2,-1.238190223982E1,
-5.199344490557E2));
#793=CARTESIAN_POINT('',(-1.096811427305E2,-1.224864059830E1,
-5.199783061175E2));
#794=CARTESIAN_POINT('',(-1.095023816138E2,-1.213355255776E1,
-5.200245821888E2));
#795=CARTESIAN_POINT('',(-1.093557027624E2,-1.202906066061E1,
-5.200743665807E2));
#796=CARTESIAN_POINT('',(-1.092578514249E2,-1.195172967834E1,
-5.201158071236E2));
#797=CARTESIAN_POINT('',(-1.091192135740E2,-1.183102773547E1,
-5.201872293288E2));
#798=CARTESIAN_POINT('',(-1.090095980838E2,-1.167065764479E1,
-5.203051098646E2));
#799=CARTESIAN_POINT('',(-1.089955641223E2,-1.160193385210E1,
-5.203666726504E2));
#800=CARTESIAN_POINT('',(-1.090000000002E2,-1.157077579298E1,
-5.203957280106E2));
#802=DIRECTION('',(1.E0,-2.192890015328E-9,6.956876548722E-10));
#803=VECTOR('',#802,1.500000001636E0);
#804=CARTESIAN_POINT('',(-1.090000000002E2,-1.157077579298E1,
-5.203957280106E2));
#805=LINE('',#804,#803);
#806=DIRECTION('',(-1.E0,-2.175681856897E-11,-4.357995445995E-12));
#807=VECTOR('',#806,3.E0);
#808=CARTESIAN_POINT('',(-1.14E2,-5.779292656330E0,-5.306723147297E2));
#809=LINE('',#808,#807);
#810=DIRECTION('',(-1.E0,-1.904669015100E-11,8.678095279417E-12));
#811=VECTOR('',#810,3.E0);
#812=CARTESIAN_POINT('',(-1.14E2,-1.063155398670E1,-5.741662322085E2));
#813=LINE('',#812,#811);
#814=DIRECTION('',(9.999999999981E-1,1.669089315531E-6,9.641061298928E-7));
#815=VECTOR('',#814,3.310002306738E0);
#816=CARTESIAN_POINT('',(-1.17E2,-9.581013397429E0,-5.811236590532E2));
#817=LINE('',#816,#815);
#818=CARTESIAN_POINT('',(-1.135824943741E2,-1.040530785426E1,
-5.817448152205E2));
#819=CARTESIAN_POINT('',(-1.135824943819E2,-1.032031187255E1,
-5.816807661542E2));
#820=CARTESIAN_POINT('',(-1.135907873215E2,-1.014593724895E1,
-5.815493571600E2));
#821=CARTESIAN_POINT('',(-1.136280072410E2,-9.871129598024E0,
-5.813422776030E2));
#822=CARTESIAN_POINT('',(-1.136673799466E2,-9.679255626428E0,
-5.811976908547E2));
#823=CARTESIAN_POINT('',(-1.136899976933E2,-9.581007872740E0,
-5.811236558620E2));
#825=DIRECTION('',(-9.999999999797E-1,-4.759810642381E-6,-4.233787334449E-6));
#826=VECTOR('',#825,3.001133818938E0);
#827=CARTESIAN_POINT('',(-1.139988661811E2,-1.752625906313E1,
-5.871108291619E2));
#828=LINE('',#827,#826);
#829=CARTESIAN_POINT('',(-1.135825595069E2,-1.519712520135E1,
-5.853556996699E2));
#830=CARTESIAN_POINT('',(-1.135825595140E2,-1.527812944689E1,
-5.854167407472E2));
#831=CARTESIAN_POINT('',(-1.135897283177E2,-1.544186412960E1,
-5.855401283347E2));
#832=CARTESIAN_POINT('',(-1.136212390303E2,-1.569313637239E1,
-5.857294736807E2));
#833=CARTESIAN_POINT('',(-1.136702518260E2,-1.594863460398E1,
-5.859220059076E2));
#834=CARTESIAN_POINT('',(-1.137326134684E2,-1.620841523571E1,
-5.861177645264E2));
#835=CARTESIAN_POINT('',(-1.138021845509E2,-1.647122295400E1,
-5.863158043609E2));
#836=CARTESIAN_POINT('',(-1.138717221043E2,-1.673452373015E1,
-5.865142157995E2));
#837=CARTESIAN_POINT('',(-1.139338076064E2,-1.699810145735E1,
-5.867128355598E2));
#838=CARTESIAN_POINT('',(-1.139804559575E2,-1.726274228978E1,
-5.869122578728E2));
#839=CARTESIAN_POINT('',(-1.139960584065E2,-1.743844239173E1,
-5.870446545535E2));
#840=CARTESIAN_POINT('',(-1.139988661811E2,-1.752625906313E1,
-5.871108291619E2));
#842=CARTESIAN_POINT('',(-1.139988661811E2,-1.752625906313E1,
-5.871108291619E2));
#843=CARTESIAN_POINT('',(-1.139991165449E2,-1.753408946315E1,
-5.871167298421E2));
#844=CARTESIAN_POINT('',(-1.139994967873E2,-1.754975722565E1,
-5.871284490913E2));
#845=CARTESIAN_POINT('',(-1.139998978011E2,-1.757323940786E1,
-5.871457411688E2));
#846=CARTESIAN_POINT('',(-1.139999909981E2,-1.758887705376E1,
-5.871570841202E2));
#847=CARTESIAN_POINT('',(-1.139999992080E2,-1.759669081467E1,
-5.871627086701E2));
#849=CARTESIAN_POINT('',(-1.1325E2,-2.040244644181E1,-5.830175154610E2));
#850=DIRECTION('',(0.E0,6.018150231520E-1,-7.986355100473E-1));
#851=DIRECTION('',(-1.E0,1.835397256400E-8,1.383068592986E-8));
#852=AXIS2_PLACEMENT_3D('',#849,#850,#851);
#854=CARTESIAN_POINT('',(-1.09E2,-1.399349362716E1,-5.869529727176E2));
#855=DIRECTION('',(0.E0,-7.986355100473E-1,-6.018150231520E-1));
#856=DIRECTION('',(0.E0,-6.018150231520E-1,7.986355100473E-1));
#857=AXIS2_PLACEMENT_3D('',#854,#855,#856);
#859=DIRECTION('',(0.E0,6.018150231513E-1,-7.986355100479E-1));
#860=VECTOR('',#859,4.000000000008E0);
#861=CARTESIAN_POINT('',(-1.1325E2,-2.221072990191E1,-5.793716121534E2));
#862=LINE('',#861,#860);
#863=CARTESIAN_POINT('',(-1.1325E2,-2.280970653444E1,-5.798229734208E2));
#864=DIRECTION('',(0.E0,-6.018150231611E-1,7.986355100404E-1));
#865=DIRECTION('',(0.E0,7.986355100404E-1,6.018150231612E-1));
#866=AXIS2_PLACEMENT_3D('',#863,#864,#865);
#868=CARTESIAN_POINT('',(-1.1325E2,-2.226845019552E1,-5.759717344545E2));
#869=DIRECTION('',(0.E0,-7.986355100420E-1,-6.018150231590E-1));
#870=DIRECTION('',(-1.E0,1.834147648575E-11,-2.440477449757E-11));
#871=AXIS2_PLACEMENT_3D('',#868,#869,#870);
#873=CARTESIAN_POINT('',(-1.1325E2,-2.061345888183E1,-5.781679821071E2));
#874=DIRECTION('',(1.E0,0.E0,0.E0));
#875=DIRECTION('',(0.E0,-6.018150231491E-1,7.986355100495E-1));
#876=AXIS2_PLACEMENT_3D('',#873,#874,#875);
#878=DIRECTION('',(0.E0,-7.986355100500E-1,-6.018150231485E-1));
#879=VECTOR('',#878,5.464816241506E0);
#880=CARTESIAN_POINT('',(-1.1325E2,-1.745269262177E1,-5.732819025741E2));
#881=LINE('',#880,#879);
#882=CARTESIAN_POINT('',(-1.1325E2,-1.790405388913E1,-5.726829259416E2));
#883=DIRECTION('',(0.E0,7.986355100508E-1,6.018150231474E-1));
#884=DIRECTION('',(0.E0,6.018150231474E-1,-7.986355100508E-1));
#885=AXIS2_PLACEMENT_3D('',#882,#883,#884);
#887=CARTESIAN_POINT('',(-1.1325E2,-1.627219109905E1,-5.724289867119E2));
#888=DIRECTION('',(0.E0,-9.437436412924E-1,3.306779997522E-1));
#889=DIRECTION('',(-1.E0,1.944044925040E-11,5.547917680815E-11));
#890=AXIS2_PLACEMENT_3D('',#887,#888,#889);
#892=CARTESIAN_POINT('',(-1.1325E2,-1.685087759862E1,-5.740805380842E2));
#893=DIRECTION('',(1.E0,0.E0,0.E0));
#894=DIRECTION('',(0.E0,3.306779997655E-1,9.437436412877E-1));
#895=AXIS2_PLACEMENT_3D('',#892,#893,#894);
#897=CARTESIAN_POINT('',(-1.1325E2,-1.685087759862E1,-5.740805380842E2));
#898=DIRECTION('',(1.E0,0.E0,0.E0));
#899=DIRECTION('',(0.E0,0.E0,1.E0));
#900=AXIS2_PLACEMENT_3D('',#897,#898,#899);
#902=DIRECTION('',(0.E0,-9.437436412866E-1,3.306779997687E-1));
#903=VECTOR('',#902,2.767591879240E0);
#904=CARTESIAN_POINT('',(-1.1325E2,-1.390830236115E1,-5.740519761897E2));
#905=LINE('',#904,#903);
#906=CARTESIAN_POINT('',(-1.1325E2,-1.366029386134E1,-5.733441684587E2));
#907=DIRECTION('',(0.E0,9.437436412924E-1,-3.306779997522E-1));
#908=DIRECTION('',(0.E0,-3.306779997522E-1,-9.437436412924E-1));
#909=AXIS2_PLACEMENT_3D('',#906,#907,#908);
#911=CARTESIAN_POINT('',(-1.1325E2,-1.284136821832E1,-5.739425435405E2));
#912=DIRECTION('',(0.E0,-6.018150231448E-1,7.986355100528E-1));
#913=DIRECTION('',(-1.E0,4.052086903054E-8,3.053461720507E-8));
#914=AXIS2_PLACEMENT_3D('',#911,#912,#913);
#916=CARTESIAN_POINT('',(-1.1325E2,-1.423898036091E1,-5.749957198310E2));
#917=DIRECTION('',(1.E0,0.E0,0.E0));
#918=DIRECTION('',(0.E0,7.986355100222E-1,6.018150231854E-1));
#919=AXIS2_PLACEMENT_3D('',#916,#917,#918);
#921=DIRECTION('',(-4.214956653684E-14,-6.018150231535E-1,7.986355100462E-1));
#922=VECTOR('',#921,2.697224362254E0);
#923=CARTESIAN_POINT('',(-1.1325E2,-1.181711470884E1,-5.765480039621E2));
#924=LINE('',#923,#922);
#925=CARTESIAN_POINT('',(-1.139999727003E2,-8.198912270188E0,
-5.792099616959E2));
#926=CARTESIAN_POINT('',(-1.139986128134E2,-8.283002736982E0,
-5.794588008135E2));
#927=CARTESIAN_POINT('',(-1.139619915906E2,-8.501452431345E0,
-5.799409976458E2));
#928=CARTESIAN_POINT('',(-1.138427676139E2,-8.958825919867E0,
-5.805815324599E2));
#929=CARTESIAN_POINT('',(-1.137410663407E2,-9.359173821830E0,
-5.809564915196E2));
#930=CARTESIAN_POINT('',(-1.136899976933E2,-9.581007872740E0,
-5.811236558620E2));
#932=CARTESIAN_POINT('',(-1.09E2,-9.201680566881E0,-5.833420825787E2));
#933=DIRECTION('',(0.E0,7.986355100473E-1,6.018150231520E-1));
#934=DIRECTION('',(-9.165136637226E-1,-2.407280435447E-1,3.194569036049E-1));
#935=AXIS2_PLACEMENT_3D('',#932,#933,#934);
#937=CARTESIAN_POINT('',(-1.09E2,-1.221075568262E1,-5.793489050285E2));
#938=CARTESIAN_POINT('',(-1.090061339782E2,-1.215971454710E1,
-5.793104427741E2));
#939=CARTESIAN_POINT('',(-1.090317083740E2,-1.206896393912E1,
-5.792340892255E2));
#940=CARTESIAN_POINT('',(-1.091163628345E2,-1.197638177398E1,
-5.791430879619E2));
#941=CARTESIAN_POINT('',(-1.092281895167E2,-1.187979020884E1,
-5.790393094769E2));
#942=CARTESIAN_POINT('',(-1.094934092434E2,-1.174843446389E1,
-5.788631832459E2));
#943=CARTESIAN_POINT('',(-1.096598701527E2,-1.169036954440E1,
-5.787665129960E2));
#944=CARTESIAN_POINT('',(-1.098318160374E2,-1.163604266470E1,
-5.786696553163E2));
#945=CARTESIAN_POINT('',(-1.100729849729E2,-1.157675689586E1,
-5.785459110891E2));
#946=CARTESIAN_POINT('',(-1.103609545398E2,-1.152100599139E1,
-5.784010029304E2));
#947=CARTESIAN_POINT('',(-1.106637043219E2,-1.147501724357E1,
-5.782542079383E2));
#948=CARTESIAN_POINT('',(-1.111867037117E2,-1.142238387921E1,
-5.779978109206E2));
#949=CARTESIAN_POINT('',(-1.117097662455E2,-1.141239092331E1,
-5.777363883566E2));
#950=CARTESIAN_POINT('',(-1.118448469263E2,-1.141481037538E1,
-5.776696171413E2));
#951=CARTESIAN_POINT('',(-1.122149111355E2,-1.143080521498E1,
-5.774730963197E2));
#952=CARTESIAN_POINT('',(-1.124541604508E2,-1.145696677409E1,
-5.773364062332E2));
#953=CARTESIAN_POINT('',(-1.126153622857E2,-1.148169083425E1,
-5.772349415666E2));
#954=CARTESIAN_POINT('',(-1.127825695900E2,-1.151217652500E1,
-5.771251836300E2));
#955=CARTESIAN_POINT('',(-1.130328167729E2,-1.159035115188E1,
-5.769239457650E2));
#956=CARTESIAN_POINT('',(-1.131378275309E2,-1.165120904057E1,
-5.768057044314E2));
#957=CARTESIAN_POINT('',(-1.132208301816E2,-1.171452725459E1,
-5.766942191156E2));
#958=CARTESIAN_POINT('',(-1.132445991863E2,-1.177936746529E1,
-5.765980962462E2));
#959=CARTESIAN_POINT('',(-1.1325E2,-1.181711470884E1,-5.765480039621E2));
#961=CARTESIAN_POINT('',(-1.1325E2,-1.121813807630E1,-5.760966426947E2));
#962=DIRECTION('',(0.E0,6.018150231520E-1,-7.986355100473E-1));
#963=DIRECTION('',(0.E0,-7.986355100473E-1,-6.018150231521E-1));
#964=AXIS2_PLACEMENT_3D('',#961,#962,#963);
#966=DIRECTION('',(1.421085471519E-14,7.986355100476E-1,6.018150231516E-1));
#967=VECTOR('',#966,6.000000000005E0);
#968=CARTESIAN_POINT('',(-1.09E2,-1.700256874291E1,-5.829597951674E2));
#969=LINE('',#968,#967);
#970=DIRECTION('',(-1.085547821601E-5,-7.986362245236E-1,-6.018140749108E-1));
#971=VECTOR('',#970,5.999999999935E0);
#972=CARTESIAN_POINT('',(-1.135824943741E2,-1.040530785426E1,
-5.817448152205E2));
#973=LINE('',#972,#971);
#974=DIRECTION('',(-1.421085470019E-13,7.986355100476E-1,6.018150231516E-1));
#975=VECTOR('',#974,6.000000006337E0);
#976=CARTESIAN_POINT('',(-1.074999999985E2,-1.700256874634E1,
-5.829597951681E2));
#977=LINE('',#976,#975);
#978=DIRECTION('',(-7.071067811860E-1,4.255474838907E-1,-5.647205848515E-1));
#979=VECTOR('',#978,7.071067811867E-1);
#980=CARTESIAN_POINT('',(-1.069999999985E2,-1.730347625792E1,
-5.825604774131E2));
#981=LINE('',#980,#979);
#982=CARTESIAN_POINT('',(-1.07E2,-2.061345888183E1,-5.781679821071E2));
#983=DIRECTION('',(1.E0,0.E0,0.E0));
#984=DIRECTION('',(0.E0,-6.018150231442E-1,7.986355100532E-1));
#985=AXIS2_PLACEMENT_3D('',#982,#983,#984);
#987=DIRECTION('',(2.166831654348E-10,-7.986355099180E-1,-6.018150233236E-1));
#988=VECTOR('',#987,5.464816233521E0);
#989=CARTESIAN_POINT('',(-1.069999999998E2,-1.715178510637E1,
-5.736812203265E2));
#990=LINE('',#989,#988);
#991=CARTESIAN_POINT('',(-1.07E2,-1.685087759861E1,-5.740805380842E2));
#992=DIRECTION('',(1.E0,0.E0,0.E0));
#993=DIRECTION('',(0.E0,3.306779997537E-1,9.437436412919E-1));
#994=AXIS2_PLACEMENT_3D('',#991,#992,#993);
#996=DIRECTION('',(1.003635571451E-10,-9.437436413197E-1,3.306779996742E-1));
#997=VECTOR('',#996,2.767591884590E0);
#998=CARTESIAN_POINT('',(-1.069999999998E2,-1.407364136069E1,
-5.745238480106E2));
#999=LINE('',#998,#997);
#1000=CARTESIAN_POINT('',(-1.07E2,-1.423898036091E1,-5.749957198310E2));
#1001=DIRECTION('',(1.E0,0.E0,0.E0));
#1002=DIRECTION('',(0.E0,7.986355100526E-1,6.018150231450E-1));
#1003=AXIS2_PLACEMENT_3D('',#1000,#1001,#1002);
#1005=DIRECTION('',(-4.536768612683E-10,-6.018150227895E-1,7.986355103205E-1));
#1006=VECTOR('',#1005,2.697224351261E0);
#1007=CARTESIAN_POINT('',(-1.069999999986E2,-1.221643247255E1,
-5.768489114644E2));
#1008=LINE('',#1007,#1006);
#1009=CARTESIAN_POINT('',(-1.07E2,-1.341438572894E1,-5.777516340084E2));
#1010=DIRECTION('',(1.E0,0.E0,0.E0));
#1011=DIRECTION('',(0.E0,6.018150231484E-1,-7.986355100500E-1));
#1012=AXIS2_PLACEMENT_3D('',#1009,#1010,#1011);
#1014=DIRECTION('',(-1.492139743520E-13,7.986355100476E-1,6.018150231516E-1));
#1015=VECTOR('',#1014,6.000000006337E0);
#1016=CARTESIAN_POINT('',(-1.069999999985E2,-1.730347625792E1,
-5.825604774131E2));
#1017=LINE('',#1016,#1015);
#1018=CARTESIAN_POINT('',(-1.07E2,-1.820619878922E1,-5.813625241473E2));
#1019=DIRECTION('',(1.E0,0.E0,0.E0));
#1020=DIRECTION('',(0.E0,-7.986355100476E-1,-6.018150231517E-1));
#1021=AXIS2_PLACEMENT_3D('',#1018,#1019,#1020);
#1023=DIRECTION('',(-3.216271701024E-11,6.018150231263E-1,-7.986355100667E-1));
#1024=VECTOR('',#1023,3.999999990541E0);
#1025=CARTESIAN_POINT('',(-1.069999999985E2,-2.181141214763E1,
-5.790707046384E2));
#1026=LINE('',#1025,#1024);
#1027=DIRECTION('',(-7.071067811833E-1,-4.255474838928E-1,5.647205848533E-1));
#1028=VECTOR('',#1027,7.071067811866E-1);
#1029=CARTESIAN_POINT('',(-1.069999999987E2,-2.151618140563E1,
-5.769700288355E2));
#1030=LINE('',#1029,#1028);
#1031=DIRECTION('',(-7.071067811849E-1,-5.647205848521E-1,-4.255474838917E-1));
#1032=VECTOR('',#1031,7.071067811866E-1);
#1033=CARTESIAN_POINT('',(-1.069999999985E2,-2.181141214763E1,
-5.790707046384E2));
#1034=LINE('',#1033,#1032);
#1035=DIRECTION('',(-7.071067811861E-1,-5.647205848512E-1,-4.255474838909E-1));
#1036=VECTOR('',#1035,7.071067811866E-1);
#1037=CARTESIAN_POINT('',(-1.069999999987E2,-1.940415206082E1,
-5.822652466711E2));
#1038=LINE('',#1037,#1036);
#1039=CARTESIAN_POINT('',(-1.075E2,-1.820619878922E1,-5.813625241473E2));
#1040=DIRECTION('',(1.E0,0.E0,0.E0));
#1041=DIRECTION('',(0.E0,-7.986355100473E-1,-6.018150231520E-1));
#1042=AXIS2_PLACEMENT_3D('',#1039,#1040,#1041);
#1044=DIRECTION('',(-1.E0,2.284780954772E-9,4.948409085024E-10));
#1045=VECTOR('',#1044,1.500000001477E0);
#1046=CARTESIAN_POINT('',(-1.074999999985E2,-1.700256874634E1,
-5.829597951681E2));
#1047=LINE('',#1046,#1045);
#1048=CARTESIAN_POINT('',(-1.09E2,-1.700256874291E1,-5.829597951674E2));
#1049=CARTESIAN_POINT('',(-1.090002218516E2,-1.703817808026E1,
-5.829866287278E2));
#1050=CARTESIAN_POINT('',(-1.090144595490E2,-1.711141262326E1,
-5.830376963931E2));
#1051=CARTESIAN_POINT('',(-1.090724117373E2,-1.721196951305E1,
-5.830996860483E2));
#1052=CARTESIAN_POINT('',(-1.091813185897E2,-1.734520022118E1,
-5.831695742945E2));
#1053=CARTESIAN_POINT('',(-1.093040572279E2,-1.745269428633E1,
-5.832159397699E2));
#1054=CARTESIAN_POINT('',(-1.094095148243E2,-1.753869250328E1,
-5.832488131762E2));
#1055=CARTESIAN_POINT('',(-1.095761338803E2,-1.765484270700E1,
-5.832865088097E2));
#1056=CARTESIAN_POINT('',(-1.097545840456E2,-1.776916962928E1,
-5.833147737559E2));
#1057=CARTESIAN_POINT('',(-1.098800148459E2,-1.783730034210E1,
-5.833291049443E2));
#1058=CARTESIAN_POINT('',(-1.101572482399E2,-1.798943884651E1,
-5.833535122446E2));
#1059=CARTESIAN_POINT('',(-1.104221734623E2,-1.812691008017E1,
-5.833625548747E2));
#1060=CARTESIAN_POINT('',(-1.105764200786E2,-1.820619108378E1,
-5.833625551830E2));
#1062=CARTESIAN_POINT('',(-1.105764200786E2,-1.820619108378E1,
-5.833625551830E2));
#1063=CARTESIAN_POINT('',(-1.107620353083E2,-1.829982509136E1,
-5.833625555471E2));
#1064=CARTESIAN_POINT('',(-1.111026269379E2,-1.847185666722E1,
-5.833499792126E2));
#1065=CARTESIAN_POINT('',(-1.115582099683E2,-1.869684618277E1,
-5.833044355973E2));
#1066=CARTESIAN_POINT('',(-1.118486517389E2,-1.884069236515E1,
-5.832609512374E2));
#1067=CARTESIAN_POINT('',(-1.121445532764E2,-1.898808971776E1,
-5.832058319460E2));
#1068=CARTESIAN_POINT('',(-1.124138946186E2,-1.912581215199E1,
-5.831399364071E2));
#1069=CARTESIAN_POINT('',(-1.125653900298E2,-1.920761379879E1,
-5.830945654084E2));
#1070=CARTESIAN_POINT('',(-1.127242833518E2,-1.930151048153E1,
-5.830373396650E2));
#1071=CARTESIAN_POINT('',(-1.129261438512E2,-1.942666551964E1,
-5.829511356800E2));
#1072=CARTESIAN_POINT('',(-1.131242481078E2,-1.958694182407E1,
-5.828127661256E2));
#1073=CARTESIAN_POINT('',(-1.132091867303E2,-1.967310180925E1,
-5.827245323319E2));
#1074=CARTESIAN_POINT('',(-1.132431094548E2,-1.976080006580E1,
-5.826227788558E2));
#1075=CARTESIAN_POINT('',(-1.1325E2,-1.980346980930E1,-5.825661541936E2));
#1077=DIRECTION('',(1.E0,-1.137470793617E-9,1.898174757027E-9));
#1078=VECTOR('',#1077,5.750000001349E0);
#1079=CARTESIAN_POINT('',(-1.1325E2,-1.980346980930E1,-5.825661541936E2));
#1080=LINE('',#1079,#1078);
#1081=DIRECTION('',(-3.237232711778E-11,6.018150231264E-1,-7.986355100666E-1));
#1082=VECTOR('',#1081,3.999999990541E0);
#1083=CARTESIAN_POINT('',(-1.074999999985E2,-2.221072990266E1,
-5.793716121500E2));
#1084=LINE('',#1083,#1082);
#1085=CARTESIAN_POINT('',(-1.075E2,-2.061345888183E1,-5.781679821071E2));
#1086=DIRECTION('',(1.E0,0.E0,0.E0));
#1087=DIRECTION('',(0.E0,-6.018150231520E-1,7.986355100473E-1));
#1088=AXIS2_PLACEMENT_3D('',#1085,#1086,#1087);
#1090=DIRECTION('',(-1.E0,1.292977705246E-10,-5.962924066025E-10));
#1091=VECTOR('',#1090,5.750000001479E0);
#1092=CARTESIAN_POINT('',(-1.074999999985E2,-2.221072990266E1,
-5.793716121500E2));
#1093=LINE('',#1092,#1091);
#1094=DIRECTION('',(1.E0,1.899366615233E-9,1.134396923956E-9));
#1095=VECTOR('',#1094,5.750000001348E0);
#1096=CARTESIAN_POINT('',(-1.1325E2,-2.181708892813E1,-5.765707110870E2));
#1097=LINE('',#1096,#1095);
#1098=DIRECTION('',(2.032363582472E-10,-7.986355099274E-1,-6.018150233112E-1));
#1099=VECTOR('',#1098,5.464816235861E0);
#1100=CARTESIAN_POINT('',(-1.074999999998E2,-1.745269261603E1,
-5.732819025701E2));
#1101=LINE('',#1100,#1099);
#1102=DIRECTION('',(-7.071067811913E-1,-4.255474812455E-1,5.647205868383E-1));
#1103=VECTOR('',#1102,7.071067810747E-1);
#1104=CARTESIAN_POINT('',(-1.069999999998E2,-1.715178510637E1,
-5.736812203265E2));
#1105=LINE('',#1104,#1103);
#1106=DIRECTION('',(-7.071067811918E-1,2.338246527256E-1,6.673275296062E-1));
#1107=VECTOR('',#1106,7.071067808556E-1);
#1108=CARTESIAN_POINT('',(-1.069999999995E2,-1.668553860354E1,
-5.736086662623E2));
#1109=LINE('',#1108,#1107);
#1110=CARTESIAN_POINT('',(-1.075E2,-1.685087759862E1,-5.740805380842E2));
#1111=DIRECTION('',(1.E0,0.E0,0.E0));
#1112=DIRECTION('',(0.E0,3.306779997698E-1,9.437436412863E-1));
#1113=AXIS2_PLACEMENT_3D('',#1110,#1111,#1112);
#1115=DIRECTION('',(-1.E0,-9.987722339587E-10,-6.981360417017E-10));
#1116=VECTOR('',#1115,5.750000000237E0);
#1117=CARTESIAN_POINT('',(-1.074999999998E2,-1.745269261603E1,
-5.732819025701E2));
#1118=LINE('',#1117,#1116);
#1119=DIRECTION('',(1.E0,-1.254416242224E-9,3.134395544662E-10));
#1120=VECTOR('',#1119,5.750000000702E0);
#1121=CARTESIAN_POINT('',(-1.1325E2,-1.652019959885E1,-5.731367944429E2));
#1122=LINE('',#1121,#1120);
#1123=DIRECTION('',(1.505299313630E-10,-9.437436413363E-1,3.306779996269E-1));
#1124=VECTOR('',#1123,2.767591887266E0);
#1125=CARTESIAN_POINT('',(-1.074999999997E2,-1.390830236065E1,
-5.740519761902E2));
#1126=LINE('',#1125,#1124);
#1127=DIRECTION('',(-7.071067811919E-1,2.338246562959E-1,6.673275283552E-1));
#1128=VECTOR('',#1127,7.071067810519E-1);
#1129=CARTESIAN_POINT('',(-1.069999999998E2,-1.407364136069E1,
-5.745238480106E2));
#1130=LINE('',#1129,#1128);
#1131=DIRECTION('',(-7.071067811917E-1,5.647205841406E-1,4.255474848247E-1));
#1132=VECTOR('',#1131,7.071067810995E-1);
#1133=CARTESIAN_POINT('',(-1.069999999999E2,-1.383966260697E1,
-5.746948123182E2));
#1134=LINE('',#1133,#1132);
#1135=CARTESIAN_POINT('',(-1.075E2,-1.423898036091E1,-5.749957198310E2));
#1136=DIRECTION('',(1.E0,0.E0,0.E0));
#1137=DIRECTION('',(0.E0,7.986355100473E-1,6.018150231521E-1));
#1138=AXIS2_PLACEMENT_3D('',#1135,#1136,#1137);
#1140=DIRECTION('',(-1.E0,-8.674552863028E-11,7.985758913648E-11));
#1141=VECTOR('',#1140,5.750000000286E0);
#1142=CARTESIAN_POINT('',(-1.074999999997E2,-1.390830236065E1,
-5.740519761902E2));
#1143=LINE('',#1142,#1141);
#1144=DIRECTION('',(1.E0,-2.850749974154E-10,3.236614840771E-10));
#1145=VECTOR('',#1144,5.750000000184E0);
#1146=CARTESIAN_POINT('',(-1.1325E2,-1.344034485086E1,-5.743939048078E2));
#1147=LINE('',#1146,#1145);
#1148=DIRECTION('',(-4.321384325473E-10,-6.018150228087E-1,7.986355103060E-1));
#1149=VECTOR('',#1148,2.697224352091E0);
#1150=CARTESIAN_POINT('',(-1.074999999986E2,-1.181711471753E1,
-5.765480039528E2));
#1151=LINE('',#1150,#1149);
#1152=DIRECTION('',(-7.071067811867E-1,5.647205848505E-1,4.255474838909E-1));
#1153=VECTOR('',#1152,7.071067811866E-1);
#1154=CARTESIAN_POINT('',(-1.069999999986E2,-1.221643247255E1,
-5.768489114644E2));
#1155=LINE('',#1154,#1153);
#1156=DIRECTION('',(-7.071067811861E-1,4.255474838912E-1,-5.647205848511E-1));
#1157=VECTOR('',#1156,7.071067811866E-1);
#1158=CARTESIAN_POINT('',(-1.069999999985E2,-1.251166319257E1,
-5.789495872704E2));
#1159=LINE('',#1158,#1157);
#1160=CARTESIAN_POINT('',(-1.075E2,-1.341438572894E1,-5.777516340084E2));
#1161=DIRECTION('',(1.E0,0.E0,0.E0));
#1162=DIRECTION('',(0.E0,6.018150231520E-1,-7.986355100473E-1));
#1163=AXIS2_PLACEMENT_3D('',#1160,#1161,#1162);
#1165=DIRECTION('',(-1.E0,1.510572150102E-9,-1.613423828942E-9));
#1166=VECTOR('',#1165,5.750000001350E0);
#1167=CARTESIAN_POINT('',(-1.074999999986E2,-1.181711471753E1,
-5.765480039528E2));
#1168=LINE('',#1167,#1166);
#1169=DIRECTION('',(1.E0,1.086345234921E-9,2.045605164725E-9));
#1170=VECTOR('',#1169,1.500000001476E0);
#1171=CARTESIAN_POINT('',(-1.09E2,-1.221075568262E1,-5.793489050285E2));
#1172=LINE('',#1171,#1170);
#1173=CARTESIAN_POINT('',(-1.14E2,-2.972685594945E1,-5.242556498363E2));
#1174=CARTESIAN_POINT('',(-1.140983278970E2,-2.959685155987E1,
-5.241347701305E2));
#1175=CARTESIAN_POINT('',(-1.142801922908E2,-2.933186907319E1,
-5.238916559863E2));
#1176=CARTESIAN_POINT('',(-1.144928459608E2,-2.891049190989E1,
-5.235157237606E2));
#1177=CARTESIAN_POINT('',(-1.146151102186E2,-2.845776445987E1,
-5.231238076010E2));
#1178=CARTESIAN_POINT('',(-1.146149066557E2,-2.799474258139E1,
-5.227353852525E2));
#1179=CARTESIAN_POINT('',(-1.144929518563E2,-2.753131462707E1,
-5.223586783589E2));
#1180=CARTESIAN_POINT('',(-1.142800519779E2,-2.708720748667E1,
-5.220085544319E2));
#1181=CARTESIAN_POINT('',(-1.140982604129E2,-2.680193575658E1,
-5.217900365401E2));
#1182=CARTESIAN_POINT('',(-1.14E2,-2.666039349456E1,-5.216830992146E2));
#1184=DIRECTION('',(-7.071067811865E-1,0.E0,-7.071067811866E-1));
#1185=VECTOR('',#1184,2.489015869777E0);
#1186=CARTESIAN_POINT('',(-1.14E2,-2.645898160275E1,-5.216770570632E2));
#1187=LINE('',#1186,#1185);
#1188=CARTESIAN_POINT('',(-1.1576E2,-2.645898160275E1,-5.250370570632E2));
#1189=DIRECTION('',(1.E0,0.E0,0.E0));
#1190=DIRECTION('',(0.E0,0.E0,1.E0));
#1191=AXIS2_PLACEMENT_3D('',#1188,#1189,#1190);
#1193=DIRECTION('',(-7.071080467813E-1,-6.367145051598E-5,7.071055127229E-1));
#1194=VECTOR('',#1193,2.489011414891E0);
#1195=CARTESIAN_POINT('',(-1.14E2,-2.645879691912E1,-5.283970507555E2));
#1196=LINE('',#1195,#1194);
#1197=CARTESIAN_POINT('',(-1.1576E2,-2.645898160275E1,-5.250370570632E2));
#1198=DIRECTION('',(1.E0,0.E0,0.E0));
#1199=DIRECTION('',(0.E0,0.E0,-1.E0));
#1200=AXIS2_PLACEMENT_3D('',#1197,#1198,#1199);
#1202=DIRECTION('',(1.E0,0.E0,0.E0));
#1203=VECTOR('',#1202,1.24E0);
#1204=CARTESIAN_POINT('',(-1.17E2,-2.645898160275E1,-5.234370570632E2));
#1205=LINE('',#1204,#1203);
#1206=DIRECTION('',(9.999999997767E-1,2.113279477821E-5,3.460113915045E-10));
#1207=VECTOR('',#1206,1.240000000277E0);
#1208=CARTESIAN_POINT('',(-1.17E2,-2.645898160275E1,-5.266370570632E2));
#1209=LINE('',#1208,#1207);
#1210=CARTESIAN_POINT('',(-1.14E2,-4.195047164859E1,-5.481602421657E2));
#1211=CARTESIAN_POINT('',(-1.140983278970E2,-4.192858248549E1,
-5.479840777281E2));
#1212=CARTESIAN_POINT('',(-1.142801922907E2,-4.188186488371E1,
-5.476275140298E2));
#1213=CARTESIAN_POINT('',(-1.144928459607E2,-4.180071582611E1,
-5.470686772179E2));
#1214=CARTESIAN_POINT('',(-1.146151102185E2,-4.170582533021E1,
-5.464774444262E2));
#1215=CARTESIAN_POINT('',(-1.146149066558E2,-4.160080306613E1,
-5.458822709181E2));
#1216=CARTESIAN_POINT('',(-1.144929518564E2,-4.148793918062E1,
-5.452958109484E2));
#1217=CARTESIAN_POINT('',(-1.142800519780E2,-4.137278869564E1,
-5.447421338924E2));
#1218=CARTESIAN_POINT('',(-1.140982604129E2,-4.129471846533E1,
-5.443913703420E2));
#1219=CARTESIAN_POINT('',(-1.14E2,-4.125502878986E1,-5.442184699857E2));
#1221=DIRECTION('',(-7.071067811866E-1,0.E0,-7.071067811865E-1));
#1222=VECTOR('',#1221,2.489015869777E0);
#1223=CARTESIAN_POINT('',(-1.14E2,-3.894485578094E1,-5.432982856896E2));
#1224=LINE('',#1223,#1222);
#1225=CARTESIAN_POINT('',(-1.1576E2,-3.894485578094E1,-5.466582856896E2));
#1226=DIRECTION('',(1.E0,0.E0,0.E0));
#1227=DIRECTION('',(0.E0,0.E0,1.E0));
#1228=AXIS2_PLACEMENT_3D('',#1225,#1226,#1227);
#1230=DIRECTION('',(-7.071082967012E-1,-7.674182118124E-5,7.071052615042E-1));
#1231=VECTOR('',#1230,2.489010535176E0);
#1232=CARTESIAN_POINT('',(-1.14E2,-3.894463307629E1,-5.500182781343E2));
#1233=LINE('',#1232,#1231);
#1234=CARTESIAN_POINT('',(-1.1576E2,-3.894485578094E1,-5.466582856896E2));
#1235=DIRECTION('',(1.E0,0.E0,0.E0));
#1236=DIRECTION('',(0.E0,0.E0,-1.E0));
#1237=AXIS2_PLACEMENT_3D('',#1234,#1235,#1236);
#1239=DIRECTION('',(1.E0,0.E0,-9.168293364646E-14));
#1240=VECTOR('',#1239,1.24E0);
#1241=CARTESIAN_POINT('',(-1.17E2,-3.894485578094E1,-5.450582856896E2));
#1242=LINE('',#1241,#1240);
#1243=DIRECTION('',(9.999999996734E-1,2.555922928813E-5,5.062731594304E-10));
#1244=VECTOR('',#1243,1.240000000405E0);
#1245=CARTESIAN_POINT('',(-1.17E2,-3.894485578094E1,-5.482582856896E2));
#1246=LINE('',#1245,#1244);
#1247=CARTESIAN_POINT('',(-1.17E2,-3.879490863384E1,-5.691023916264E2));
#1248=CARTESIAN_POINT('',(-1.17E2,-2.185507403839E1,-5.874245361074E2));
#1249=VERTEX_POINT('',#1247);
#1250=VERTEX_POINT('',#1248);
#1251=CARTESIAN_POINT('',(-1.14E2,-3.879490863363E1,-5.691023916269E2));
#1252=VERTEX_POINT('',#1251);
#1253=CARTESIAN_POINT('',(-1.14E2,-3.794971094585E1,-5.708628162743E2));
#1254=VERTEX_POINT('',#1253);
#1255=VERTEX_POINT('',#374);
#1256=CARTESIAN_POINT('',(-1.14E2,-2.185507403838E1,-5.874245361074E2));
#1257=VERTEX_POINT('',#1256);
#1258=CARTESIAN_POINT('',(-1.17E2,-4.422505017418E1,-5.533492548069E2));
#1259=CARTESIAN_POINT('',(-1.17E2,-4.952573206859E1,-5.562278573075E2));
#1260=VERTEX_POINT('',#1258);
#1261=VERTEX_POINT('',#1259);
#1262=CARTESIAN_POINT('',(-1.17E2,-5.156822982018E1,-5.603644619323E2));
#1263=VERTEX_POINT('',#1262);
#1264=CARTESIAN_POINT('',(-1.17E2,-5.122134061091E1,-5.625699640835E2));
#1265=VERTEX_POINT('',#1264);
#1266=CARTESIAN_POINT('',(-1.17E2,-4.785125730893E1,-5.659060002382E2));
#1267=VERTEX_POINT('',#1266);
#1268=CARTESIAN_POINT('',(-1.17E2,-4.186145750891E1,-5.667858696576E2));
#1269=VERTEX_POINT('',#1268);
#1270=CARTESIAN_POINT('',(-1.17E2,-1.993353782835E1,-5.879163031343E2));
#1271=VERTEX_POINT('',#1270);
#1272=CARTESIAN_POINT('',(-1.17E2,-1.752627773604E1,-5.871108451747E2));
#1273=VERTEX_POINT('',#1272);
#1274=CARTESIAN_POINT('',(-1.17E2,-9.581013397429E0,-5.811236590532E2));
#1275=VERTEX_POINT('',#1274);
#1276=CARTESIAN_POINT('',(-1.17E2,-1.063155398792E1,-5.741662322082E2));
#1277=VERTEX_POINT('',#1276);
#1278=CARTESIAN_POINT('',(-1.17E2,-5.779292655627E0,-5.306723147296E2));
#1279=VERTEX_POINT('',#1278);
#1280=CARTESIAN_POINT('',(-1.17E2,-3.545395693058E0,-5.237775336425E2));
#1281=VERTEX_POINT('',#1280);
#1282=CARTESIAN_POINT('',(-1.17E2,-1.126210641280E1,-5.165815844810E2));
#1283=VERTEX_POINT('',#1282);
#1284=CARTESIAN_POINT('',(-1.17E2,-1.399008924215E1,-5.155070091822E2));
#1285=CARTESIAN_POINT('',(-1.17E2,-1.523719157010E1,-5.157063861039E2));
#1286=VERTEX_POINT('',#1284);
#1287=VERTEX_POINT('',#1285);
#1288=CARTESIAN_POINT('',(-1.17E2,-4.214470620558E1,-5.501269399855E2));
#1289=VERTEX_POINT('',#1288);
#1290=CARTESIAN_POINT('',(-1.17E2,-3.461173244536E1,-5.728468729501E2));
#1291=CARTESIAN_POINT('',(-1.17E2,-3.461173244536E1,-5.696468729501E2));
#1292=VERTEX_POINT('',#1290);
#1293=VERTEX_POINT('',#1291);
#1294=CARTESIAN_POINT('',(-1.17E2,-3.894485578094E1,-5.482582856896E2));
#1295=CARTESIAN_POINT('',(-1.17E2,-3.894485578094E1,-5.450582856896E2));
#1296=VERTEX_POINT('',#1294);
#1297=VERTEX_POINT('',#1295);
#1298=CARTESIAN_POINT('',(-1.17E2,-2.645898160275E1,-5.266370570632E2));
#1299=CARTESIAN_POINT('',(-1.17E2,-2.645898160275E1,-5.234370570632E2));
#1300=VERTEX_POINT('',#1298);
#1301=VERTEX_POINT('',#1299);
#1302=CARTESIAN_POINT('',(-1.14E2,-4.952573206850E1,-5.562278573074E2));
#1303=CARTESIAN_POINT('',(-1.14E2,-4.422505017410E1,-5.533492548068E2));
#1304=VERTEX_POINT('',#1302);
#1305=VERTEX_POINT('',#1303);
#1306=CARTESIAN_POINT('',(-1.14E2,-3.461134124110E1,-5.746068729273E2));
#1307=VERTEX_POINT('',#1306);
#1308=CARTESIAN_POINT('',(-1.14E2,-3.461173244536E1,-5.678868729501E2));
#1309=VERTEX_POINT('',#1308);
#1310=CARTESIAN_POINT('',(-1.14E2,-4.186145750825E1,-5.667858696577E2));
#1311=VERTEX_POINT('',#1310);
#1312=CARTESIAN_POINT('',(-1.14E2,-4.785125730831E1,-5.659060002383E2));
#1313=VERTEX_POINT('',#1312);
#1314=CARTESIAN_POINT('',(-1.14E2,-5.122134061089E1,-5.625699640836E2));
#1315=VERTEX_POINT('',#1314);
#1316=CARTESIAN_POINT('',(-1.14E2,-5.156822982020E1,-5.603644619322E2));
#1317=VERTEX_POINT('',#1316);
#1318=CARTESIAN_POINT('',(-1.14E2,-4.214470620557E1,-5.501269399855E2));
#1319=VERTEX_POINT('',#1318);
#1320=CARTESIAN_POINT('',(-1.14E2,-4.195047164859E1,-5.481602421657E2));
#1321=VERTEX_POINT('',#1320);
#1322=CARTESIAN_POINT('',(-1.14E2,-3.894445388923E1,-5.500182856656E2));
#1323=VERTEX_POINT('',#1322);
#1324=CARTESIAN_POINT('',(-1.14E2,-3.894485578094E1,-5.432982856896E2));
#1325=VERTEX_POINT('',#1324);
#1326=CARTESIAN_POINT('',(-1.14E2,-4.125502878987E1,-5.442184699857E2));
#1327=VERTEX_POINT('',#1326);
#1328=CARTESIAN_POINT('',(-1.14E2,-2.972685594943E1,-5.242556498362E2));
#1329=VERTEX_POINT('',#1328);
#1330=CARTESIAN_POINT('',(-1.14E2,-2.645864766916E1,-5.283970570466E2));
#1331=VERTEX_POINT('',#1330);
#1332=CARTESIAN_POINT('',(-1.14E2,-2.645898160275E1,-5.216770570632E2));
#1333=VERTEX_POINT('',#1332);
#1334=CARTESIAN_POINT('',(-1.14E2,-2.666039349462E1,-5.216830992147E2));
#1335=VERTEX_POINT('',#1334);
#1336=CARTESIAN_POINT('',(-1.14E2,-1.523719157010E1,-5.157063861039E2));
#1337=VERTEX_POINT('',#1336);
#1338=CARTESIAN_POINT('',(-1.14E2,-1.399008924215E1,-5.155070091822E2));
#1339=CARTESIAN_POINT('',(-1.14E2,-1.178409393798E1,-5.161703065107E2));
#1340=VERTEX_POINT('',#1338);
#1341=VERTEX_POINT('',#1339);
#1342=VERTEX_POINT('',#541);
#1343=CARTESIAN_POINT('',(-1.14E2,-1.767398864087E1,-5.229083547228E2));
#1344=VERTEX_POINT('',#1343);
#1345=CARTESIAN_POINT('',(-1.14E2,-1.753826144313E1,-5.267950729001E2));
#1346=VERTEX_POINT('',#1345);
#1347=CARTESIAN_POINT('',(-1.14E2,-1.328653629049E1,-5.307598707471E2));
#1348=VERTEX_POINT('',#1347);
#1349=CARTESIAN_POINT('',(-1.14E2,-1.209303916030E1,-5.312300017693E2));
#1350=VERTEX_POINT('',#1349);
#1351=CARTESIAN_POINT('',(-1.14E2,-1.169015689225E1,-5.311829949807E2));
#1352=VERTEX_POINT('',#1351);
#1353=CARTESIAN_POINT('',(-1.14E2,-8.996905360065E0,-5.305458442999E2));
#1354=VERTEX_POINT('',#1353);
#1355=CARTESIAN_POINT('',(-1.14E2,-8.119918649514E0,-5.300363482184E2));
#1356=VERTEX_POINT('',#1355);
#1357=CARTESIAN_POINT('',(-1.139999998940E2,-6.280416084999E0,
-5.280637231715E2));
#1358=VERTEX_POINT('',#1357);
#1359=VERTEX_POINT('',#272);
#1360=VERTEX_POINT('',#280);
#1361=CARTESIAN_POINT('',(-1.14E2,-5.779292655424E0,-5.306723147296E2));
#1362=VERTEX_POINT('',#1361);
#1363=CARTESIAN_POINT('',(-1.14E2,-1.063155398773E1,-5.741662322082E2));
#1364=VERTEX_POINT('',#1363);
#1365=CARTESIAN_POINT('',(-1.14E2,-8.198928524786E0,-5.792100767724E2));
#1366=VERTEX_POINT('',#1365);
#1367=VERTEX_POINT('',#306);
#1368=CARTESIAN_POINT('',(-1.14E2,-1.284136820822E1,-5.739425435328E2));
#1369=VERTEX_POINT('',#1368);
#1370=CARTESIAN_POINT('',(-1.14E2,-1.366029386167E1,-5.733441684586E2));
#1371=VERTEX_POINT('',#1370);
#1372=CARTESIAN_POINT('',(-1.14E2,-1.627219109879E1,-5.724289867120E2));
#1373=VERTEX_POINT('',#1372);
#1374=CARTESIAN_POINT('',(-1.14E2,-1.685087759862E1,-5.723305380842E2));
#1375=CARTESIAN_POINT('',(-1.14E2,-1.790405388932E1,-5.726829259418E2));
#1376=VERTEX_POINT('',#1374);
#1377=VERTEX_POINT('',#1375);
#1378=CARTESIAN_POINT('',(-1.14E2,-2.226845019556E1,-5.759717344545E2));
#1379=VERTEX_POINT('',#1378);
#1380=CARTESIAN_POINT('',(-1.14E2,-2.280970653435E1,-5.798229734209E2));
#1381=VERTEX_POINT('',#1380);
#1382=CARTESIAN_POINT('',(-1.139999999086E2,-2.040243709320E1,
-5.830175084163E2));
#1383=VERTEX_POINT('',#1382);
#1384=VERTEX_POINT('',#349);
#1385=VERTEX_POINT('',#357);
#1386=CARTESIAN_POINT('',(-1.14E2,-1.993353782835E1,-5.879163031343E2));
#1387=VERTEX_POINT('',#1386);
#1388=CARTESIAN_POINT('',(-1.1576E2,-3.461173244536E1,-5.696468729501E2));
#1389=VERTEX_POINT('',#1388);
#1390=CARTESIAN_POINT('',(-1.1576E2,-3.461173244536E1,-5.728468729501E2));
#1391=VERTEX_POINT('',#1390);
#1392=CARTESIAN_POINT('',(-1.139483705293E2,-1.126214884036E1,
-5.165815444603E2));
#1393=VERTEX_POINT('',#1392);
#1394=CARTESIAN_POINT('',(-1.138506129277E2,-3.545465764534E0,
-5.237774586830E2));
#1395=VERTEX_POINT('',#1394);
#1396=VERTEX_POINT('',#452);
#1397=CARTESIAN_POINT('',(-1.135824921590E2,-9.524776861923E0,
-5.182016627753E2));
#1398=VERTEX_POINT('',#1397);
#1399=CARTESIAN_POINT('',(-1.132500000001E2,-6.828931333903E0,
-5.275522244270E2));
#1400=VERTEX_POINT('',#1399);
#1401=VERTEX_POINT('',#695);
#1402=CARTESIAN_POINT('',(-1.132500000001E2,-8.668433925757E0,
-5.295248494484E2));
#1403=VERTEX_POINT('',#1402);
#1404=CARTESIAN_POINT('',(-1.1325E2,-9.169569188805E0,-5.298159900663E2));
#1405=VERTEX_POINT('',#1404);
#1406=CARTESIAN_POINT('',(-1.1325E2,-1.186282072177E1,-5.304531407473E2));
#1407=VERTEX_POINT('',#1406);
#1408=CARTESIAN_POINT('',(-1.1325E2,-1.277503752034E1,-5.302113554709E2));
#1409=VERTEX_POINT('',#1408);
#1410=CARTESIAN_POINT('',(-1.1325E2,-1.209303916030E1,-5.304800017693E2));
#1411=VERTEX_POINT('',#1410);
#1412=CARTESIAN_POINT('',(-1.1325E2,-1.702676267344E1,-5.262465576236E2));
#1413=VERTEX_POINT('',#1412);
#1414=CARTESIAN_POINT('',(-1.1325E2,-1.712547335660E1,-5.234198535002E2));
#1415=VERTEX_POINT('',#1414);
#1416=CARTESIAN_POINT('',(-1.1325E2,-1.439747991632E1,-5.204944386938E2));
#1417=VERTEX_POINT('',#1416);
#1418=CARTESIAN_POINT('',(-1.090000000006E2,-1.157077579297E1,
-5.203957280106E2));
#1419=VERTEX_POINT('',#1418);
#1420=VERTEX_POINT('',#788);
#1421=CARTESIAN_POINT('',(-1.136899976933E2,-9.581007872740E0,
-5.811236558620E2));
#1422=VERTEX_POINT('',#1421);
#1423=CARTESIAN_POINT('',(-1.139988661811E2,-1.752625906313E1,
-5.871108291619E2));
#1424=VERTEX_POINT('',#1423);
#1425=VERTEX_POINT('',#829);
#1426=CARTESIAN_POINT('',(-1.135824943741E2,-1.040530785426E1,
-5.817448152205E2));
#1427=VERTEX_POINT('',#1426);
#1428=CARTESIAN_POINT('',(-1.1325E2,-1.980346980928E1,-5.825661541936E2));
#1429=VERTEX_POINT('',#1428);
#1430=VERTEX_POINT('',#1062);
#1431=VERTEX_POINT('',#1048);
#1432=CARTESIAN_POINT('',(-1.1325E2,-2.221072990191E1,-5.793716121534E2));
#1433=VERTEX_POINT('',#1432);
#1434=CARTESIAN_POINT('',(-1.1325E2,-2.181708892815E1,-5.765707110870E2));
#1435=VERTEX_POINT('',#1434);
#1436=CARTESIAN_POINT('',(-1.1325E2,-1.745269262177E1,-5.732819025741E2));
#1437=VERTEX_POINT('',#1436);
#1438=CARTESIAN_POINT('',(-1.1325E2,-1.652019959887E1,-5.731367944429E2));
#1439=VERTEX_POINT('',#1438);
#1440=CARTESIAN_POINT('',(-1.1325E2,-1.685087759862E1,-5.730805380842E2));
#1441=VERTEX_POINT('',#1440);
#1442=CARTESIAN_POINT('',(-1.1325E2,-1.390830236116E1,-5.740519761897E2));
#1443=VERTEX_POINT('',#1442);
#1444=CARTESIAN_POINT('',(-1.1325E2,-1.344034485086E1,-5.743939048079E2));
#1445=VERTEX_POINT('',#1444);
#1446=CARTESIAN_POINT('',(-1.1325E2,-1.181711470884E1,-5.765480039621E2));
#1447=VERTEX_POINT('',#1446);
#1448=CARTESIAN_POINT('',(-1.09E2,-1.221075568264E1,-5.793489050284E2));
#1449=VERTEX_POINT('',#1448);
#1450=CARTESIAN_POINT('',(-1.1576E2,-2.645898160275E1,-5.234370570632E2));
#1451=VERTEX_POINT('',#1450);
#1452=CARTESIAN_POINT('',(-1.1576E2,-2.645898160275E1,-5.266370570632E2));
#1453=VERTEX_POINT('',#1452);
#1454=CARTESIAN_POINT('',(-1.1576E2,-3.894485578094E1,-5.450582856896E2));
#1455=VERTEX_POINT('',#1454);
#1456=CARTESIAN_POINT('',(-1.1576E2,-3.894485578094E1,-5.482582856896E2));
#1457=VERTEX_POINT('',#1456);
#1458=CARTESIAN_POINT('',(-1.07E2,-2.151618141654E1,-5.769700288420E2));
#1459=CARTESIAN_POINT('',(-1.07E2,-2.181141214690E1,-5.790707046418E2));
#1460=VERTEX_POINT('',#1458);
#1461=VERTEX_POINT('',#1459);
#1462=CARTESIAN_POINT('',(-1.075E2,-2.181708892813E1,-5.765707110870E2));
#1463=CARTESIAN_POINT('',(-1.075E2,-2.221072990192E1,-5.793716121534E2));
#1464=VERTEX_POINT('',#1462);
#1465=VERTEX_POINT('',#1463);
#1466=CARTESIAN_POINT('',(-1.069999999987E2,-1.940415206082E1,
-5.822652466711E2));
#1467=VERTEX_POINT('',#1466);
#1468=CARTESIAN_POINT('',(-1.074999999987E2,-1.980346981584E1,
-5.825661541827E2));
#1469=VERTEX_POINT('',#1468);
#1470=CARTESIAN_POINT('',(-1.07E2,-1.730347625449E1,-5.825604774124E2));
#1471=VERTEX_POINT('',#1470);
#1472=CARTESIAN_POINT('',(-1.075E2,-1.700256874292E1,-5.829597951674E2));
#1473=VERTEX_POINT('',#1472);
#1474=CARTESIAN_POINT('',(-1.069999999985E2,-1.251166319257E1,
-5.789495872704E2));
#1475=VERTEX_POINT('',#1474);
#1476=CARTESIAN_POINT('',(-1.074999999985E2,-1.221075568099E1,
-5.793489050254E2));
#1477=VERTEX_POINT('',#1476);
#1478=CARTESIAN_POINT('',(-1.07E2,-1.221643246386E1,-5.768489114737E2));
#1479=VERTEX_POINT('',#1478);
#1480=CARTESIAN_POINT('',(-1.075E2,-1.181711470885E1,-5.765480039621E2));
#1481=VERTEX_POINT('',#1480);
#1482=CARTESIAN_POINT('',(-1.069999999999E2,-1.383966260697E1,
-5.746948123182E2));
#1483=VERTEX_POINT('',#1482);
#1484=CARTESIAN_POINT('',(-1.074999999998E2,-1.344034485250E1,
-5.743939048060E2));
#1485=VERTEX_POINT('',#1484);
#1486=CARTESIAN_POINT('',(-1.07E2,-1.407364136102E1,-5.745238480103E2));
#1487=VERTEX_POINT('',#1486);
#1488=CARTESIAN_POINT('',(-1.075E2,-1.390830236114E1,-5.740519761897E2));
#1489=VERTEX_POINT('',#1488);
#1490=CARTESIAN_POINT('',(-1.069999999995E2,-1.668553860354E1,
-5.736086662623E2));
#1491=VERTEX_POINT('',#1490);
#1492=CARTESIAN_POINT('',(-1.074999999993E2,-1.652019960607E1,
-5.731367944411E2));
#1493=VERTEX_POINT('',#1492);
#1494=CARTESIAN_POINT('',(-1.07E2,-1.715178511021E1,-5.736812203292E2));
#1495=VERTEX_POINT('',#1494);
#1496=CARTESIAN_POINT('',(-1.075E2,-1.745269262177E1,-5.732819025742E2));
#1497=VERTEX_POINT('',#1496);
#1498=CARTESIAN_POINT('',(-1.07E2,-1.675979650574E1,-5.237608526802E2));
#1499=CARTESIAN_POINT('',(-1.07E2,-1.668576349345E1,-5.258808807728E2));
#1500=VERTEX_POINT('',#1498);
#1501=VERTEX_POINT('',#1499);
#1502=CARTESIAN_POINT('',(-1.075E2,-1.712547335657E1,-5.234198535002E2));
#1503=CARTESIAN_POINT('',(-1.075E2,-1.702676267345E1,-5.262465576235E2));
#1504=VERTEX_POINT('',#1502);
#1505=VERTEX_POINT('',#1503);
#1506=CARTESIAN_POINT('',(-1.069999999998E2,-1.243403833682E1,
-5.298456786232E2));
#1507=VERTEX_POINT('',#1506);
#1508=CARTESIAN_POINT('',(-1.074999999998E2,-1.277503751508E1,
-5.302113554755E2));
#1509=VERTEX_POINT('',#1508);
#1510=CARTESIAN_POINT('',(-1.07E2,-1.197792994102E1,-5.299665712583E2));
#1511=VERTEX_POINT('',#1510);
#1512=CARTESIAN_POINT('',(-1.075E2,-1.186282072175E1,-5.304531407473E2));
#1513=VERTEX_POINT('',#1512);
#1514=CARTESIAN_POINT('',(-1.069999999999E2,-9.284678406470E0,
-5.293294205769E2));
#1515=VERTEX_POINT('',#1514);
#1516=CARTESIAN_POINT('',(-1.074999999998E2,-9.169569186406E0,
-5.298159900656E2));
#1517=VERTEX_POINT('',#1516);
#1518=CARTESIAN_POINT('',(-1.07E2,-9.034110776510E0,-5.291838502683E2));
#1519=VERTEX_POINT('',#1518);
#1520=CARTESIAN_POINT('',(-1.075E2,-8.668433925721E0,-5.295248494484E2));
#1521=VERTEX_POINT('',#1520);
#1522=CARTESIAN_POINT('',(-1.069999999986E2,-7.194608194341E0,
-5.272112252552E2));
#1523=VERTEX_POINT('',#1522);
#1524=CARTESIAN_POINT('',(-1.074999999986E2,-6.828931343532E0,
-5.275522244353E2));
#1525=VERTEX_POINT('',#1524);
#1526=CARTESIAN_POINT('',(-1.07E2,-7.268641197090E0,-5.250911971544E2));
#1527=VERTEX_POINT('',#1526);
#1528=CARTESIAN_POINT('',(-1.075E2,-6.927642017047E0,-5.247255203036E2));
#1529=VERTEX_POINT('',#1528);
#1530=CARTESIAN_POINT('',(-1.069999999985E2,-1.191177497630E1,
-5.207614048604E2));
#1531=VERTEX_POINT('',#1530);
#1532=CARTESIAN_POINT('',(-1.074999999985E2,-1.157077579627E1,
-5.203957280096E2));
#1533=VERTEX_POINT('',#1532);
#1534=CARTESIAN_POINT('',(-1.07E2,-1.403180306551E1,-5.208354378738E2));
#1535=VERTEX_POINT('',#1534);
#1536=CARTESIAN_POINT('',(-1.075E2,-1.439747991632E1,-5.204944386938E2));
#1537=VERTEX_POINT('',#1536);
#1538=CARTESIAN_POINT('',(-1.14E2,-2.999999975869E0,-5.530000000597E2));
#1539=DIRECTION('',(-1.E0,0.E0,0.E0));
#1540=DIRECTION('',(0.E0,0.E0,-1.E0));
#1541=AXIS2_PLACEMENT_3D('',#1538,#1539,#1540);
#1542=CYLINDRICAL_SURFACE('',#1541,3.925E1);
#1544=ORIENTED_EDGE('',*,*,#1543,.F.);
#1546=ORIENTED_EDGE('',*,*,#1545,.T.);
#1548=ORIENTED_EDGE('',*,*,#1547,.F.);
#1550=ORIENTED_EDGE('',*,*,#1549,.F.);
#1552=ORIENTED_EDGE('',*,*,#1551,.F.);
#1554=ORIENTED_EDGE('',*,*,#1553,.T.);
#1555=EDGE_LOOP('',(#1544,#1546,#1548,#1550,#1552,#1554));
#1556=FACE_OUTER_BOUND('',#1555,.F.);
#1557=ADVANCED_FACE('',(#1556),#1542,.T.);
#1558=CARTESIAN_POINT('',(-1.17E2,-2.999999975869E0,-5.530000000597E2));
#1559=DIRECTION('',(1.E0,0.E0,0.E0));
#1560=DIRECTION('',(0.E0,-1.E0,0.E0));
#1561=AXIS2_PLACEMENT_3D('',#1558,#1559,#1560);
#1562=PLANE('',#1561);
#1564=ORIENTED_EDGE('',*,*,#1563,.T.);
#1566=ORIENTED_EDGE('',*,*,#1565,.T.);
#1568=ORIENTED_EDGE('',*,*,#1567,.T.);
#1570=ORIENTED_EDGE('',*,*,#1569,.T.);
#1572=ORIENTED_EDGE('',*,*,#1571,.T.);
#1574=ORIENTED_EDGE('',*,*,#1573,.T.);
#1575=ORIENTED_EDGE('',*,*,#1543,.T.);
#1577=ORIENTED_EDGE('',*,*,#1576,.T.);
#1579=ORIENTED_EDGE('',*,*,#1578,.T.);
#1581=ORIENTED_EDGE('',*,*,#1580,.T.);
#1583=ORIENTED_EDGE('',*,*,#1582,.T.);
#1585=ORIENTED_EDGE('',*,*,#1584,.T.);
#1587=ORIENTED_EDGE('',*,*,#1586,.T.);
#1589=ORIENTED_EDGE('',*,*,#1588,.T.);
#1591=ORIENTED_EDGE('',*,*,#1590,.T.);
#1593=ORIENTED_EDGE('',*,*,#1592,.T.);
#1595=ORIENTED_EDGE('',*,*,#1594,.T.);
#1597=ORIENTED_EDGE('',*,*,#1596,.T.);
#1598=EDGE_LOOP('',(#1564,#1566,#1568,#1570,#1572,#1574,#1575,#1577,#1579,#1581,
#1583,#1585,#1587,#1589,#1591,#1593,#1595,#1597));
#1599=FACE_OUTER_BOUND('',#1598,.F.);
#1601=ORIENTED_EDGE('',*,*,#1600,.T.);
#1603=ORIENTED_EDGE('',*,*,#1602,.T.);
#1604=EDGE_LOOP('',(#1601,#1603));
#1605=FACE_BOUND('',#1604,.F.);
#1607=ORIENTED_EDGE('',*,*,#1606,.T.);
#1609=ORIENTED_EDGE('',*,*,#1608,.T.);
#1610=EDGE_LOOP('',(#1607,#1609));
#1611=FACE_BOUND('',#1610,.F.);
#1613=ORIENTED_EDGE('',*,*,#1612,.T.);
#1615=ORIENTED_EDGE('',*,*,#1614,.T.);
#1616=EDGE_LOOP('',(#1613,#1615));
#1617=FACE_BOUND('',#1616,.F.);
#1618=ADVANCED_FACE('',(#1599,#1605,#1611,#1617),#1562,.F.);
#1619=CARTESIAN_POINT('',(-1.17002E2,-4.712509322397E1,-5.549241599495E2));
#1620=DIRECTION('',(0.E0,4.772313640007E-1,-8.787776881635E-1));
#1621=DIRECTION('',(0.E0,8.787776881635E-1,4.772313640007E-1));
#1622=AXIS2_PLACEMENT_3D('',#1619,#1620,#1621);
#1623=PLANE('',#1622);
#1625=ORIENTED_EDGE('',*,*,#1624,.F.);
#1627=ORIENTED_EDGE('',*,*,#1626,.F.);
#1628=ORIENTED_EDGE('',*,*,#1563,.F.);
#1630=ORIENTED_EDGE('',*,*,#1629,.F.);
#1631=EDGE_LOOP('',(#1625,#1627,#1628,#1630));
#1632=FACE_OUTER_BOUND('',#1631,.F.);
#1633=ADVANCED_FACE('',(#1632),#1623,.F.);
#1634=CARTESIAN_POINT('',(-1.14E2,-3.249999975868E0,-5.530000000597E2));
#1635=DIRECTION('',(1.E0,0.E0,0.E0));
#1636=DIRECTION('',(0.E0,-1.E0,0.E0));
#1637=AXIS2_PLACEMENT_3D('',#1634,#1635,#1636);
#1638=PLANE('',#1637);
#1640=ORIENTED_EDGE('',*,*,#1639,.T.);
#1642=ORIENTED_EDGE('',*,*,#1641,.T.);
#1644=ORIENTED_EDGE('',*,*,#1643,.T.);
#1645=ORIENTED_EDGE('',*,*,#1547,.T.);
#1647=ORIENTED_EDGE('',*,*,#1646,.T.);
#1649=ORIENTED_EDGE('',*,*,#1648,.T.);
#1651=ORIENTED_EDGE('',*,*,#1650,.T.);
#1653=ORIENTED_EDGE('',*,*,#1652,.T.);
#1655=ORIENTED_EDGE('',*,*,#1654,.T.);
#1656=ORIENTED_EDGE('',*,*,#1624,.T.);
#1658=ORIENTED_EDGE('',*,*,#1657,.T.);
#1660=ORIENTED_EDGE('',*,*,#1659,.T.);
#1662=ORIENTED_EDGE('',*,*,#1661,.T.);
#1664=ORIENTED_EDGE('',*,*,#1663,.T.);
#1666=ORIENTED_EDGE('',*,*,#1665,.T.);
#1668=ORIENTED_EDGE('',*,*,#1667,.T.);
#1670=ORIENTED_EDGE('',*,*,#1669,.T.);
#1672=ORIENTED_EDGE('',*,*,#1671,.T.);
#1674=ORIENTED_EDGE('',*,*,#1673,.T.);
#1676=ORIENTED_EDGE('',*,*,#1675,.T.);
#1678=ORIENTED_EDGE('',*,*,#1677,.T.);
#1680=ORIENTED_EDGE('',*,*,#1679,.T.);
#1682=ORIENTED_EDGE('',*,*,#1681,.F.);
#1684=ORIENTED_EDGE('',*,*,#1683,.T.);
#1686=ORIENTED_EDGE('',*,*,#1685,.T.);
#1688=ORIENTED_EDGE('',*,*,#1687,.T.);
#1690=ORIENTED_EDGE('',*,*,#1689,.T.);
#1692=ORIENTED_EDGE('',*,*,#1691,.T.);
#1694=ORIENTED_EDGE('',*,*,#1693,.T.);
#1696=ORIENTED_EDGE('',*,*,#1695,.T.);
#1698=ORIENTED_EDGE('',*,*,#1697,.T.);
#1700=ORIENTED_EDGE('',*,*,#1699,.T.);
#1702=ORIENTED_EDGE('',*,*,#1701,.T.);
#1704=ORIENTED_EDGE('',*,*,#1703,.T.);
#1706=ORIENTED_EDGE('',*,*,#1705,.T.);
#1708=ORIENTED_EDGE('',*,*,#1707,.T.);
#1710=ORIENTED_EDGE('',*,*,#1709,.T.);
#1712=ORIENTED_EDGE('',*,*,#1711,.T.);
#1714=ORIENTED_EDGE('',*,*,#1713,.T.);
#1716=ORIENTED_EDGE('',*,*,#1715,.T.);
#1718=ORIENTED_EDGE('',*,*,#1717,.T.);
#1720=ORIENTED_EDGE('',*,*,#1719,.T.);
#1722=ORIENTED_EDGE('',*,*,#1721,.T.);
#1724=ORIENTED_EDGE('',*,*,#1723,.T.);
#1726=ORIENTED_EDGE('',*,*,#1725,.T.);
#1728=ORIENTED_EDGE('',*,*,#1727,.T.);
#1730=ORIENTED_EDGE('',*,*,#1729,.T.);
#1732=ORIENTED_EDGE('',*,*,#1731,.T.);
#1734=ORIENTED_EDGE('',*,*,#1733,.T.);
#1735=ORIENTED_EDGE('',*,*,#1551,.T.);
#1736=EDGE_LOOP('',(#1640,#1642,#1644,#1645,#1647,#1649,#1651,#1653,#1655,#1656,
#1658,#1660,#1662,#1664,#1666,#1668,#1670,#1672,#1674,#1676,#1678,#1680,#1682,
#1684,#1686,#1688,#1690,#1692,#1694,#1696,#1698,#1700,#1702,#1704,#1706,#1708,
#1710,#1712,#1714,#1716,#1718,#1720,#1722,#1724,#1726,#1728,#1730,#1732,#1734,
#1735));
#1737=FACE_OUTER_BOUND('',#1736,.F.);
#1738=ADVANCED_FACE('',(#1737),#1638,.T.);
#1739=CARTESIAN_POINT('',(-1.1488E2,-3.461173244536E1,-5.712468729501E2));
#1740=DIRECTION('',(1.E0,0.E0,0.E0));
#1741=DIRECTION('',(0.E0,0.E0,1.E0));
#1742=AXIS2_PLACEMENT_3D('',#1739,#1740,#1741);
#1743=CONICAL_SURFACE('',#1742,2.48E0,4.5E1);
#1744=ORIENTED_EDGE('',*,*,#1549,.T.);
#1745=ORIENTED_EDGE('',*,*,#1643,.F.);
#1747=ORIENTED_EDGE('',*,*,#1746,.T.);
#1749=ORIENTED_EDGE('',*,*,#1748,.T.);
#1751=ORIENTED_EDGE('',*,*,#1750,.F.);
#1752=ORIENTED_EDGE('',*,*,#1639,.F.);
#1753=EDGE_LOOP('',(#1744,#1745,#1747,#1749,#1751,#1752));
#1754=FACE_OUTER_BOUND('',#1753,.F.);
#1755=ADVANCED_FACE('',(#1754),#1743,.F.);
#1756=CARTESIAN_POINT('',(-1.1488E2,-3.461173244536E1,-5.712468729501E2));
#1757=DIRECTION('',(1.E0,0.E0,0.E0));
#1758=DIRECTION('',(0.E0,0.E0,1.E0));
#1759=AXIS2_PLACEMENT_3D('',#1756,#1757,#1758);
#1760=CONICAL_SURFACE('',#1759,2.48E0,4.5E1);
#1761=ORIENTED_EDGE('',*,*,#1641,.F.);
#1762=ORIENTED_EDGE('',*,*,#1750,.T.);
#1764=ORIENTED_EDGE('',*,*,#1763,.T.);
#1765=ORIENTED_EDGE('',*,*,#1746,.F.);
#1766=EDGE_LOOP('',(#1761,#1762,#1764,#1765));
#1767=FACE_OUTER_BOUND('',#1766,.F.);
#1768=ADVANCED_FACE('',(#1767),#1760,.F.);
#1769=CARTESIAN_POINT('',(-1.14E2,-3.461173244536E1,-5.712468729501E2));
#1770=DIRECTION('',(-1.E0,0.E0,0.E0));
#1771=DIRECTION('',(0.E0,0.E0,-1.E0));
#1772=AXIS2_PLACEMENT_3D('',#1769,#1770,#1771);
#1773=CYLINDRICAL_SURFACE('',#1772,1.6E0);
#1774=ORIENTED_EDGE('',*,*,#1602,.F.);
#1776=ORIENTED_EDGE('',*,*,#1775,.T.);
#1777=ORIENTED_EDGE('',*,*,#1763,.F.);
#1779=ORIENTED_EDGE('',*,*,#1778,.F.);
#1780=EDGE_LOOP('',(#1774,#1776,#1777,#1779));
#1781=FACE_OUTER_BOUND('',#1780,.F.);
#1782=ADVANCED_FACE('',(#1781),#1773,.F.);
#1783=CARTESIAN_POINT('',(-1.14E2,-3.461173244536E1,-5.712468729501E2));
#1784=DIRECTION('',(-1.E0,0.E0,0.E0));
#1785=DIRECTION('',(0.E0,0.E0,-1.E0));
#1786=AXIS2_PLACEMENT_3D('',#1783,#1784,#1785);
#1787=CYLINDRICAL_SURFACE('',#1786,1.6E0);
#1788=ORIENTED_EDGE('',*,*,#1600,.F.);
#1789=ORIENTED_EDGE('',*,*,#1778,.T.);
#1790=ORIENTED_EDGE('',*,*,#1748,.F.);
#1791=ORIENTED_EDGE('',*,*,#1775,.F.);
#1792=EDGE_LOOP('',(#1788,#1789,#1790,#1791));
#1793=FACE_OUTER_BOUND('',#1792,.F.);
#1794=ADVANCED_FACE('',(#1793),#1787,.F.);
#1795=CARTESIAN_POINT('',(-1.14E2,-4.244279741406E1,-5.707433996846E2));
#1796=DIRECTION('',(-1.E0,0.E0,0.E0));
#1797=DIRECTION('',(0.E0,0.E0,-1.E0));
#1798=AXIS2_PLACEMENT_3D('',#1795,#1796,#1797);
#1799=CYLINDRICAL_SURFACE('',#1798,4.E0);
#1800=ORIENTED_EDGE('',*,*,#1573,.F.);
#1802=ORIENTED_EDGE('',*,*,#1801,.T.);
#1803=ORIENTED_EDGE('',*,*,#1646,.F.);
#1804=ORIENTED_EDGE('',*,*,#1545,.F.);
#1805=EDGE_LOOP('',(#1800,#1802,#1803,#1804));
#1806=FACE_OUTER_BOUND('',#1805,.F.);
#1807=ADVANCED_FACE('',(#1806),#1799,.F.);
#1808=CARTESIAN_POINT('',(-1.17002E2,-4.519414590021E1,-5.662963156328E2));
#1809=DIRECTION('',(0.E0,-1.453349762775E-1,-9.893825067538E-1));
#1810=DIRECTION('',(0.E0,9.893825067538E-1,-1.453349762775E-1));
#1811=AXIS2_PLACEMENT_3D('',#1808,#1809,#1810);
#1812=PLANE('',#1811);
#1813=ORIENTED_EDGE('',*,*,#1571,.F.);
#1815=ORIENTED_EDGE('',*,*,#1814,.F.);
#1816=ORIENTED_EDGE('',*,*,#1648,.F.);
#1817=ORIENTED_EDGE('',*,*,#1801,.F.);
#1818=EDGE_LOOP('',(#1813,#1815,#1816,#1817));
#1819=FACE_OUTER_BOUND('',#1818,.F.);
#1820=ADVANCED_FACE('',(#1819),#1812,.T.);
#1821=CARTESIAN_POINT('',(-1.17002E2,-4.726991740315E1,-5.619484702113E2));
#1822=DIRECTION('',(-1.E0,0.E0,0.E0));
#1823=DIRECTION('',(0.E0,0.E0,-1.E0));
#1824=AXIS2_PLACEMENT_3D('',#1821,#1822,#1823);
#1825=CYLINDRICAL_SURFACE('',#1824,4.E0);
#1826=ORIENTED_EDGE('',*,*,#1569,.F.);
#1828=ORIENTED_EDGE('',*,*,#1827,.T.);
#1829=ORIENTED_EDGE('',*,*,#1650,.F.);
#1830=ORIENTED_EDGE('',*,*,#1814,.T.);
#1831=EDGE_LOOP('',(#1826,#1828,#1829,#1830));
#1832=FACE_OUTER_BOUND('',#1831,.F.);
#1833=ADVANCED_FACE('',(#1832),#1825,.T.);
#1834=CARTESIAN_POINT('',(-1.17002E2,-5.138542561880E1,-5.615267207995E2));
#1835=DIRECTION('',(0.E0,9.878558019399E-1,1.553734680496E-1));
#1836=DIRECTION('',(0.E0,-1.553734680496E-1,9.878558019399E-1));
#1837=AXIS2_PLACEMENT_3D('',#1834,#1835,#1836);
#1838=PLANE('',#1837);
#1839=ORIENTED_EDGE('',*,*,#1567,.F.);
#1841=ORIENTED_EDGE('',*,*,#1840,.F.);
#1842=ORIENTED_EDGE('',*,*,#1652,.F.);
#1843=ORIENTED_EDGE('',*,*,#1827,.F.);
#1844=EDGE_LOOP('',(#1839,#1841,#1842,#1843));
#1845=FACE_OUTER_BOUND('',#1844,.F.);
#1846=ADVANCED_FACE('',(#1845),#1838,.F.);
#1847=CARTESIAN_POINT('',(-1.17002E2,-4.761680661244E1,-5.597429680600E2));
#1848=DIRECTION('',(1.E0,0.E0,0.E0));
#1849=DIRECTION('',(0.E0,0.E0,1.E0));
#1850=AXIS2_PLACEMENT_3D('',#1847,#1848,#1849);
#1851=CYLINDRICAL_SURFACE('',#1850,4.E0);
#1852=ORIENTED_EDGE('',*,*,#1565,.F.);
#1853=ORIENTED_EDGE('',*,*,#1626,.T.);
#1854=ORIENTED_EDGE('',*,*,#1654,.F.);
#1855=ORIENTED_EDGE('',*,*,#1840,.T.);
#1856=EDGE_LOOP('',(#1852,#1853,#1854,#1855));
#1857=FACE_OUTER_BOUND('',#1856,.F.);
#1858=ADVANCED_FACE('',(#1857),#1851,.T.);
#1859=CARTESIAN_POINT('',(-1.14E2,-4.613397563025E1,-5.498341440543E2));
#1860=DIRECTION('',(-1.E0,0.E0,0.E0));
#1861=DIRECTION('',(0.E0,0.E0,-1.E0));
#1862=AXIS2_PLACEMENT_3D('',#1859,#1860,#1861);
#1863=CYLINDRICAL_SURFACE('',#1862,4.E0);
#1864=ORIENTED_EDGE('',*,*,#1596,.F.);
#1866=ORIENTED_EDGE('',*,*,#1865,.F.);
#1867=ORIENTED_EDGE('',*,*,#1657,.F.);
#1868=ORIENTED_EDGE('',*,*,#1629,.T.);
#1869=EDGE_LOOP('',(#1864,#1866,#1867,#1868));
#1870=FACE_OUTER_BOUND('',#1869,.F.);
#1871=ADVANCED_FACE('',(#1870),#1863,.F.);
#1872=CARTESIAN_POINT('',(-1.14E2,-2.999999975869E0,-5.530000000597E2));
#1873=DIRECTION('',(-1.E0,0.E0,0.E0));
#1874=DIRECTION('',(0.E0,0.E0,-1.E0));
#1875=AXIS2_PLACEMENT_3D('',#1872,#1873,#1874);
#1876=CYLINDRICAL_SURFACE('',#1875,3.925E1);
#1877=ORIENTED_EDGE('',*,*,#1659,.F.);
#1878=ORIENTED_EDGE('',*,*,#1865,.T.);
#1879=ORIENTED_EDGE('',*,*,#1594,.F.);
#1881=ORIENTED_EDGE('',*,*,#1880,.F.);
#1882=ORIENTED_EDGE('',*,*,#1675,.F.);
#1884=ORIENTED_EDGE('',*,*,#1883,.F.);
#1885=ORIENTED_EDGE('',*,*,#1667,.F.);
#1887=ORIENTED_EDGE('',*,*,#1886,.F.);
#1888=EDGE_LOOP('',(#1877,#1878,#1879,#1881,#1882,#1884,#1885,#1887));
#1889=FACE_OUTER_BOUND('',#1888,.F.);
#1890=ADVANCED_FACE('',(#1889),#1876,.T.);
#1891=CARTESIAN_POINT('',(-1.14E2,-1.399008924215E1,-5.195070091822E2));
#1892=DIRECTION('',(-1.E0,0.E0,0.E0));
#1893=DIRECTION('',(0.E0,0.E0,-1.E0));
#1894=AXIS2_PLACEMENT_3D('',#1891,#1892,#1893);
#1895=CYLINDRICAL_SURFACE('',#1894,4.E0);
#1896=ORIENTED_EDGE('',*,*,#1679,.F.);
#1897=ORIENTED_EDGE('',*,*,#1677,.F.);
#1898=ORIENTED_EDGE('',*,*,#1880,.T.);
#1899=ORIENTED_EDGE('',*,*,#1592,.F.);
#1900=ORIENTED_EDGE('',*,*,#1590,.F.);
#1902=ORIENTED_EDGE('',*,*,#1901,.T.);
#1904=ORIENTED_EDGE('',*,*,#1903,.F.);
#1905=EDGE_LOOP('',(#1896,#1897,#1898,#1899,#1900,#1902,#1904));
#1906=FACE_OUTER_BOUND('',#1905,.F.);
#1907=ADVANCED_FACE('',(#1906),#1895,.T.);
#1908=CARTESIAN_POINT('',(-1.14E2,-3.757596579029E0,-5.235796531150E2));
#1909=DIRECTION('',(0.E0,6.819983600625E-1,7.313537016192E-1));
#1910=DIRECTION('',(0.E0,-7.313537016192E-1,6.819983600625E-1));
#1911=AXIS2_PLACEMENT_3D('',#1908,#1909,#1910);
#1912=PLANE('',#1911);
#1913=ORIENTED_EDGE('',*,*,#1588,.F.);
#1915=ORIENTED_EDGE('',*,*,#1914,.F.);
#1917=ORIENTED_EDGE('',*,*,#1916,.T.);
#1919=ORIENTED_EDGE('',*,*,#1918,.F.);
#1921=ORIENTED_EDGE('',*,*,#1920,.F.);
#1922=ORIENTED_EDGE('',*,*,#1901,.F.);
#1923=EDGE_LOOP('',(#1913,#1915,#1917,#1919,#1921,#1922));
#1924=FACE_OUTER_BOUND('',#1923,.F.);
#1925=ADVANCED_FACE('',(#1924),#1912,.T.);
#1926=CARTESIAN_POINT('',(-1.14E2,-6.273389133371E0,-5.267029484489E2));
#1927=DIRECTION('',(-1.E0,0.E0,0.E0));
#1928=DIRECTION('',(0.E0,0.E0,-1.E0));
#1929=AXIS2_PLACEMENT_3D('',#1926,#1927,#1928);
#1930=CYLINDRICAL_SURFACE('',#1929,4.E0);
#1932=ORIENTED_EDGE('',*,*,#1931,.F.);
#1933=ORIENTED_EDGE('',*,*,#1914,.T.);
#1934=ORIENTED_EDGE('',*,*,#1586,.F.);
#1936=ORIENTED_EDGE('',*,*,#1935,.F.);
#1937=ORIENTED_EDGE('',*,*,#1703,.F.);
#1938=EDGE_LOOP('',(#1932,#1933,#1934,#1936,#1937));
#1939=FACE_OUTER_BOUND('',#1938,.F.);
#1940=ADVANCED_FACE('',(#1939),#1930,.T.);
#1941=CARTESIAN_POINT('',(-1.139975852659E2,-6.297547134199E0,
-5.281799887609E2));
#1942=CARTESIAN_POINT('',(-1.139976787574E2,-6.175119379371E0,
-5.280112039429E2));
#1943=CARTESIAN_POINT('',(-1.139972795652E2,-5.817599668962E0,
-5.277927561758E2));
#1944=CARTESIAN_POINT('',(-1.139955936582E2,-5.016030151178E0,
-5.274605900661E2));
#1945=CARTESIAN_POINT('',(-1.139937395044E2,-4.234289244673E0,
-5.270097506590E2));
#1946=CARTESIAN_POINT('',(-1.139920972539E2,-3.615620414290E0,
-5.264926945335E2));
#1947=CARTESIAN_POINT('',(-1.139908258343E2,-3.177525009582E0,
-5.260181931766E2));
#1948=CARTESIAN_POINT('',(-1.139895544147E2,-2.792735888020E0,
-5.254545679896E2));
#1949=CARTESIAN_POINT('',(-1.139883227267E2,-2.484543281849E0,
-5.248256161285E2));
#1950=CARTESIAN_POINT('',(-1.139871705025E2,-2.272234741021E0,
-5.241459678550E2));
#1951=CARTESIAN_POINT('',(-1.139861374741E2,-2.174787359006E0,
-5.234352652724E2));
#1952=CARTESIAN_POINT('',(-1.139852633730E2,-2.216422737498E0,
-5.227022700125E2));
#1953=CARTESIAN_POINT('',(-1.139845879313E2,-2.408982031123E0,
-5.219769975586E2));
#1954=CARTESIAN_POINT('',(-1.139841190281E2,-2.774146845611E0,
-5.212635994051E2));
#1955=CARTESIAN_POINT('',(-1.139840239795E2,-3.132951727271E0,
-5.208558487772E2));
#1956=CARTESIAN_POINT('',(-1.139840525958E2,-3.359837257564E0,
-5.206664197724E2));
#1957=CARTESIAN_POINT('',(-1.140025871215E2,-6.342080795326E0,
-5.281357890269E2));
#1958=CARTESIAN_POINT('',(-1.140024869557E2,-6.220687858084E0,
-5.279716241322E2));
#1959=CARTESIAN_POINT('',(-1.140029146462E2,-5.876883966942E0,
-5.277525970029E2));
#1960=CARTESIAN_POINT('',(-1.140047209097E2,-5.122559727435E0,
-5.274170122486E2));
#1961=CARTESIAN_POINT('',(-1.140067074312E2,-4.394315334610E0,
-5.269763827090E2));
#1962=CARTESIAN_POINT('',(-1.140084669218E2,-3.820820258363E0,
-5.264789611957E2));
#1963=CARTESIAN_POINT('',(-1.140098291077E2,-3.416106659935E0,
-5.260256586668E2));
#1964=CARTESIAN_POINT('',(-1.140111912938E2,-3.062108792587E0,
-5.254901876906E2));
#1965=CARTESIAN_POINT('',(-1.140125109117E2,-2.780262552261E0,
-5.248947850364E2));
#1966=CARTESIAN_POINT('',(-1.140137453930E2,-2.588342881552E0,
-5.242529732066E2));
#1967=CARTESIAN_POINT('',(-1.140148521691E2,-2.503785145071E0,
-5.235830517872E2));
#1968=CARTESIAN_POINT('',(-1.140157886721E2,-2.549043972711E0,
-5.228929262962E2));
#1969=CARTESIAN_POINT('',(-1.140165123335E2,-2.735153362446E0,
-5.222103210411E2));
#1970=CARTESIAN_POINT('',(-1.140170147116E2,-3.082561465497E0,
-5.215387610711E2));
#1971=CARTESIAN_POINT('',(-1.140171165457E2,-3.421731672727E0,
-5.211543515360E2));
#1972=CARTESIAN_POINT('',(-1.140170858864E2,-3.635776145318E0,
-5.209753776279E2));
#1973=CARTESIAN_POINT('',(-1.139983990252E2,-6.422513614327E0,
-5.280559593177E2));
#1974=CARTESIAN_POINT('',(-1.139984610103E2,-6.302989674458E0,
-5.279001385264E2));
#1975=CARTESIAN_POINT('',(-1.139981963449E2,-5.983958101171E0,
-5.276800650034E2));
#1976=CARTESIAN_POINT('',(-1.139970785843E2,-5.314964167328E0,
-5.273383057910E2));
#1977=CARTESIAN_POINT('',(-1.139958492757E2,-4.683340516937E0,
-5.269161164245E2));
#1978=CARTESIAN_POINT('',(-1.139947604594E2,-4.191434339928E0,
-5.264541572373E2));
#1979=CARTESIAN_POINT('',(-1.139939175049E2,-3.847012051822E0,
-5.260391421846E2));
#1980=CARTESIAN_POINT('',(-1.139930745505E2,-3.548626665334E0,
-5.255545208914E2));
#1981=CARTESIAN_POINT('',(-1.139922579383E2,-3.314364935729E0,
-5.250197118921E2));
#1982=CARTESIAN_POINT('',(-1.139914940107E2,-3.159269865968E0,
-5.244462369506E2));
#1983=CARTESIAN_POINT('',(-1.139908091103E2,-3.097992284325E0,
-5.238499709152E2));
#1984=CARTESIAN_POINT('',(-1.139902295791E2,-3.149795470120E0,
-5.232372730660E2));
#1985=CARTESIAN_POINT('',(-1.139897817595E2,-3.324255605370E0,
-5.226317295881E2));
#1986=CARTESIAN_POINT('',(-1.139894708755E2,-3.639593083211E0,
-5.220357341004E2));
#1987=CARTESIAN_POINT('',(-1.139894078581E2,-3.943300852008E0,
-5.216934812136E2));
#1988=CARTESIAN_POINT('',(-1.139894268307E2,-4.134152924863E0,
-5.215333903904E2));
#1989=CARTESIAN_POINT('',(-1.139521098208E2,-6.539247833040E0,
-5.279401004079E2));
#1990=CARTESIAN_POINT('',(-1.139539639891E2,-6.422436417118E0,
-5.277963896282E2));
#1991=CARTESIAN_POINT('',(-1.139460470157E2,-6.139357545834E0,
-5.275747974470E2));
#1992=CARTESIAN_POINT('',(-1.139126112898E2,-5.594205679027E0,
-5.272240770850E2));
#1993=CARTESIAN_POINT('',(-1.138758388113E2,-5.102810196899E0,
-5.268286504160E2));
#1994=CARTESIAN_POINT('',(-1.138432688996E2,-4.729316087593E0,
-5.264181586148E2));
#1995=CARTESIAN_POINT('',(-1.138180534883E2,-4.472396128692E0,
-5.260587111608E2));
#1996=CARTESIAN_POINT('',(-1.137928380768E2,-4.254722565881E0,
-5.256478893201E2));
#1997=CARTESIAN_POINT('',(-1.137684106433E2,-4.089521460418E0,
-5.252010214505E2));
#1998=CARTESIAN_POINT('',(-1.137455591729E2,-3.987870881019E0,
-5.247267255923E2));
#1999=CARTESIAN_POINT('',(-1.137250716521E2,-3.960380386806E0,
-5.242373575100E2));
#2000=CARTESIAN_POINT('',(-1.137077360551E2,-4.021681567819E0,
-5.237370323886E2));
#2001=CARTESIAN_POINT('',(-1.136943403657E2,-4.179234840502E0,
-5.232433306498E2));
#2002=CARTESIAN_POINT('',(-1.136850408514E2,-4.448027395329E0,
-5.227570038387E2));
#2003=CARTESIAN_POINT('',(-1.136831558003E2,-4.700267615151E0,
-5.224759339796E2));
#2004=CARTESIAN_POINT('',(-1.136837233335E2,-4.857459961784E0,
-5.223432486631E2));
#2005=CARTESIAN_POINT('',(-1.138816433039E2,-6.636727439670E0,
-5.278433517332E2));
#2006=CARTESIAN_POINT('',(-1.138862257306E2,-6.522181133066E0,
-5.277097534910E2));
#2007=CARTESIAN_POINT('',(-1.138666595727E2,-6.269124780370E0,
-5.274868931453E2));
#2008=CARTESIAN_POINT('',(-1.137840258863E2,-5.827387971376E0,
-5.271286897218E2));
#2009=CARTESIAN_POINT('',(-1.136931456865E2,-5.453090858760E0,
-5.267556114031E2));
#2010=CARTESIAN_POINT('',(-1.136126517896E2,-5.178477453910E0,
-5.263880977500E2));
#2011=CARTESIAN_POINT('',(-1.135503339444E2,-4.994626837709E0,
-5.260750523512E2));
#2012=CARTESIAN_POINT('',(-1.134880160990E2,-4.844352165387E0,
-5.257258571843E2));
#2013=CARTESIAN_POINT('',(-1.134276456771E2,-4.736820546634E0,
-5.253524250803E2));
#2014=CARTESIAN_POINT('',(-1.133711701203E2,-4.679799108143E0,
-5.249609493080E2));
#2015=CARTESIAN_POINT('',(-1.133205368734E2,-4.680522723123E0,-5.24560847E2));
#2016=CARTESIAN_POINT('',(-1.132776933505E2,-4.749755261719E0,
-5.241543593961E2));
#2017=CARTESIAN_POINT('',(-1.132445869900E2,-4.893190357864E0,
-5.237540517696E2));
#2018=CARTESIAN_POINT('',(-1.132216039941E2,-5.123115296793E0,
-5.233593044421E2));
#2019=CARTESIAN_POINT('',(-1.132169452432E2,-5.332377232341E0,
-5.231293258357E2));
#2020=CARTESIAN_POINT('',(-1.132183478555E2,-5.461461823500E0,
-5.230195256513E2));
#2021=CARTESIAN_POINT('',(-1.137823786928E2,-6.723750564062E0,
-5.277569811348E2));
#2022=CARTESIAN_POINT('',(-1.137908043564E2,-6.611226392099E0,
-5.276324106743E2));
#2023=CARTESIAN_POINT('',(-1.137548282519E2,-6.384972090233E0,
-5.274084181981E2));
#2024=CARTESIAN_POINT('',(-1.136028904957E2,-6.035557170396E0,
-5.270435344092E2));
#2025=CARTESIAN_POINT('',(-1.134357899553E2,-5.765797471555E0,
-5.266904071689E2));
#2026=CARTESIAN_POINT('',(-1.132877866094E2,-5.579457995399E0,
-5.263612614663E2));
#2027=CARTESIAN_POINT('',(-1.131732033929E2,-5.460838689832E0,
-5.260896406482E2));
#2028=CARTESIAN_POINT('',(-1.130586201761E2,-5.370733136312E0,
-5.257954615597E2));
#2029=CARTESIAN_POINT('',(-1.129476176679E2,-5.314684890222E0,
-5.254875878837E2));
#2030=CARTESIAN_POINT('',(-1.128437766104E2,-5.297505295719E0,
-5.251700482186E2));
#2031=CARTESIAN_POINT('',(-1.127506777512E2,-5.323416537326E0,
-5.248496362873E2));
#2032=CARTESIAN_POINT('',(-1.126719017820E2,-5.399729649335E0,
-5.245269203998E2));
#2033=CARTESIAN_POINT('',(-1.126110294387E2,-5.530561003309E0,
-5.242099886479E2));
#2034=CARTESIAN_POINT('',(-1.125687708275E2,-5.725787593734E0,
-5.238969972186E2));
#2035=CARTESIAN_POINT('',(-1.125602048274E2,-5.896681457072E0,
-5.237126293875E2));
#2036=CARTESIAN_POINT('',(-1.125627837970E2,-6.000673366909E0,
-5.236232594833E2));
#2037=CARTESIAN_POINT('',(-1.136598601509E2,-6.794274896719E0,
-5.276869856152E2));
#2038=CARTESIAN_POINT('',(-1.136730293757E2,-6.683389481082E0,
-5.275697313513E2));
#2039=CARTESIAN_POINT('',(-1.136167990970E2,-6.478855805364E0,
-5.273448213861E2));
#2040=CARTESIAN_POINT('',(-1.133793219579E2,-6.204259385393E0,
-5.269745237682E2));
#2041=CARTESIAN_POINT('',(-1.131181455440E2,-6.019217758819E0,
-5.266375650636E2));
#2042=CARTESIAN_POINT('',(-1.128868178472E2,-5.904416278529E0,
-5.263395130975E2));
#2043=CARTESIAN_POINT('',(-1.127077254667E2,-5.838661021279E0,
-5.261014631369E2));
#2044=CARTESIAN_POINT('',(-1.125286330855E2,-5.797317069699E0,
-5.258518695796E2));
#2045=CARTESIAN_POINT('',(-1.123551373150E2,-5.782991417748E0,
-5.255971250507E2));
#2046=CARTESIAN_POINT('',(-1.121928348177E2,-5.798100016499E0,
-5.253395038803E2));
#2047=CARTESIAN_POINT('',(-1.120473222651E2,-5.844423540162E0,
-5.250836737562E2));
#2048=CARTESIAN_POINT('',(-1.119241962411E2,-5.926474813282E0,
-5.248288472305E2));
#2049=CARTESIAN_POINT('',(-1.118290533990E2,-6.047091979850E0,
-5.245794840469E2));
#2050=CARTESIAN_POINT('',(-1.117630036274E2,-6.214198712720E0,
-5.243327483424E2));
#2051=CARTESIAN_POINT('',(-1.117496150579E2,-6.353998740774E0,
-5.241853438989E2));
#2052=CARTESIAN_POINT('',(-1.117536459608E2,-6.437655313066E0,
-5.241125308799E2));
#2053=CARTESIAN_POINT('',(-1.135225855248E2,-6.844365633683E0,
-5.276372704739E2));
#2054=CARTESIAN_POINT('',(-1.135410696236E2,-6.734644163997E0,
-5.275252126246E2));
#2055=CARTESIAN_POINT('',(-1.134621457660E2,-6.545537818568E0,
-5.272996510021E2));
#2056=CARTESIAN_POINT('',(-1.131288269148E2,-6.324082118315E0,
-5.269255081486E2));
#2057=CARTESIAN_POINT('',(-1.127622441668E2,-6.199212499202E0,
-5.266000333366E2));
#2058=CARTESIAN_POINT('',(-1.124375565678E2,-6.135221722108E0,
-5.263240660628E2));
#2059=CARTESIAN_POINT('',(-1.121861855653E2,-6.107013777125E0,
-5.261098601986E2));
#2060=CARTESIAN_POINT('',(-1.119348145619E2,-6.100303327E0,-5.258919340393E2));
#2061=CARTESIAN_POINT('',(-1.116912988655E2,-6.115611638384E0,
-5.256749251122E2));
#2062=CARTESIAN_POINT('',(-1.114634938559E2,-6.153653306235E0,
-5.254598617576E2));
#2063=CARTESIAN_POINT('',(-1.112592549256E2,-6.214474893391E0,
-5.252499016219E2));
#2064=CARTESIAN_POINT('',(-1.110864373440E2,-6.300601762855E0,
-5.250432943141E2));
#2065=CARTESIAN_POINT('',(-1.109528964779E2,-6.413964182714E0,
-5.248419225010E2));
#2066=CARTESIAN_POINT('',(-1.108601901480E2,-6.561098456083E0,
-5.246422457046E2));
#2067=CARTESIAN_POINT('',(-1.108413981809E2,-6.678813721708E0,
-5.245210949419E2));
#2068=CARTESIAN_POINT('',(-1.108470558872E2,-6.748026881220E0,
-5.244600416453E2));
#2069=CARTESIAN_POINT('',(-1.133591899631E2,-6.877072264619E0,
-5.276048090873E2));
#2070=CARTESIAN_POINT('',(-1.133840002625E2,-6.768110790739E0,
-5.274961442249E2));
#2071=CARTESIAN_POINT('',(-1.132780646389E2,-6.589077685017E0,
-5.272701571043E2));
#2072=CARTESIAN_POINT('',(-1.128306670915E2,-6.402320094852E0,
-5.268935035130E2));
#2073=CARTESIAN_POINT('',(-1.123386210468E2,-6.316739648881E0,
-5.265755270823E2));
#2074=CARTESIAN_POINT('',(-1.119028088059E2,-6.285925603025E0,
-5.263139799571E2));
#2075=CARTESIAN_POINT('',(-1.115654058370E2,-6.282234088845E0,
-5.261153430407E2));
#2076=CARTESIAN_POINT('',(-1.112280028667E2,-6.298137503475E0,
-5.259180940357E2));
#2077=CARTESIAN_POINT('',(-1.109011436898E2,-6.332795242725E0,
-5.257257244826E2));
#2078=CARTESIAN_POINT('',(-1.105953721974E2,-6.385811005016E0,
-5.255384491554E2));
#2079=CARTESIAN_POINT('',(-1.103212322974E2,-6.456099069255E0,
-5.253584397226E2));
#2080=CARTESIAN_POINT('',(-1.100892677330E2,-6.544887089798E0,
-5.251833170416E2));
#2081=CARTESIAN_POINT('',(-1.099100223775E2,-6.653512539648E0,
-5.250132810831E2));
#2082=CARTESIAN_POINT('',(-1.097855872175E2,-6.787605841958E0,
-5.248443312922E2));
#2083=CARTESIAN_POINT('',(-1.097603636816E2,-6.890900912838E0,
-5.247403228097E2));
#2084=CARTESIAN_POINT('',(-1.097679577432E2,-6.950683279280E0,
-5.246869479964E2));
#2085=CARTESIAN_POINT('',(-1.132467904813E2,-6.880299559837E0,
-5.276016059914E2));
#2086=CARTESIAN_POINT('',(-1.132759525613E2,-6.771413077792E0,
-5.274932759287E2));
#2087=CARTESIAN_POINT('',(-1.131514355978E2,-6.593373939333E0,
-5.272672468224E2));
#2088=CARTESIAN_POINT('',(-1.126255635421E2,-6.410040151620E0,
-5.268903454865E2));
#2089=CARTESIAN_POINT('',(-1.120472115451E2,-6.328336526776E0,
-5.265731089513E2));
#2090=CARTESIAN_POINT('',(-1.115349568841E2,-6.300796162853E0,
-5.263129847204E2));
#2091=CARTESIAN_POINT('',(-1.111383726966E2,-6.299523783848E0,
-5.261158840548E2));
#2092=CARTESIAN_POINT('',(-1.107417885075E2,-6.317658599769E0,
-5.259206753481E2));
#2093=CARTESIAN_POINT('',(-1.103575975162E2,-6.354225625117E0,
-5.257307370614E2));
#2094=CARTESIAN_POINT('',(-1.099981930353E2,-6.408718941680E0,
-5.255462036910E2));
#2095=CARTESIAN_POINT('',(-1.096759683974E2,-6.479941101441E0,
-5.253691496148E2));
#2096=CARTESIAN_POINT('',(-1.094033167411E2,-6.568991708320E0,
-5.251971336489E2));
#2097=CARTESIAN_POINT('',(-1.091926313582E2,-6.677149742347E0,
-5.250301897255E2));
#2098=CARTESIAN_POINT('',(-1.090463699989E2,-6.809956239713E0,
-5.248642718926E2));
#2099=CARTESIAN_POINT('',(-1.090167221997E2,-6.911828411597E0,
-5.247619549078E2));
#2100=CARTESIAN_POINT('',(-1.090256482764E2,-6.970680203543E0,
-5.247093377613E2));
#2101=CARTESIAN_POINT('',(-1.131849052795E2,-6.876846302560E0,
-5.276050333551E2));
#2102=CARTESIAN_POINT('',(-1.132164633744E2,-6.767879578027E0,
-5.274963450514E2));
#2103=CARTESIAN_POINT('',(-1.130817158480E2,-6.588776878889E0,
-5.272703608704E2));
#2104=CARTESIAN_POINT('',(-1.125126370915E2,-6.401779567939E0,
-5.268937246252E2));
#2105=CARTESIAN_POINT('',(-1.118867665368E2,-6.315927682592E0,
-5.265756963900E2));
#2106=CARTESIAN_POINT('',(-1.113324240074E2,-6.284884426911E0,
-5.263140496396E2));
#2107=CARTESIAN_POINT('',(-1.109032556691E2,-6.281023534829E0,
-5.261153051611E2));
#2108=CARTESIAN_POINT('',(-1.104740873293E2,-6.296770715889E0,
-5.259179133027E2));
#2109=CARTESIAN_POINT('',(-1.100583304371E2,-6.331294774692E0,
-5.257253735223E2));
#2110=CARTESIAN_POINT('',(-1.096693965646E2,-6.384207084590E0,
-5.255379062144E2));
#2111=CARTESIAN_POINT('',(-1.093206973055E2,-6.454429747342E0,
-5.253576898597E2));
#2112=CARTESIAN_POINT('',(-1.090256440433E2,-6.543199382325E0,
-5.251823496589E2));
#2113=CARTESIAN_POINT('',(-1.087976483277E2,-6.651857558947E0,
-5.250120972087E2));
#2114=CARTESIAN_POINT('',(-1.086393698424E2,-6.786040958625E0,
-5.248429351330E2));
#2115=CARTESIAN_POINT('',(-1.086072861205E2,-6.889435654701E0,
-5.247388082184E2));
#2116=CARTESIAN_POINT('',(-1.086169455816E2,-6.949283175991E0,
-5.246853803561E2));
#2117=B_SPLINE_SURFACE_WITH_KNOTS('',3,3,((#1941,#1942,#1943,#1944,#1945,#1946,
#1947,#1948,#1949,#1950,#1951,#1952,#1953,#1954,#1955,#1956),(#1957,#1958,#1959,
#1960,#1961,#1962,#1963,#1964,#1965,#1966,#1967,#1968,#1969,#1970,#1971,#1972),(
#1973,#1974,#1975,#1976,#1977,#1978,#1979,#1980,#1981,#1982,#1983,#1984,#1985,
#1986,#1987,#1988),(#1989,#1990,#1991,#1992,#1993,#1994,#1995,#1996,#1997,#1998,
#1999,#2000,#2001,#2002,#2003,#2004),(#2005,#2006,#2007,#2008,#2009,#2010,#2011,
#2012,#2013,#2014,#2015,#2016,#2017,#2018,#2019,#2020),(#2021,#2022,#2023,#2024,
#2025,#2026,#2027,#2028,#2029,#2030,#2031,#2032,#2033,#2034,#2035,#2036),(#2037,
#2038,#2039,#2040,#2041,#2042,#2043,#2044,#2045,#2046,#2047,#2048,#2049,#2050,
#2051,#2052),(#2053,#2054,#2055,#2056,#2057,#2058,#2059,#2060,#2061,#2062,#2063,
#2064,#2065,#2066,#2067,#2068),(#2069,#2070,#2071,#2072,#2073,#2074,#2075,#2076,
#2077,#2078,#2079,#2080,#2081,#2082,#2083,#2084),(#2085,#2086,#2087,#2088,#2089,
#2090,#2091,#2092,#2093,#2094,#2095,#2096,#2097,#2098,#2099,#2100),(#2101,#2102,
#2103,#2104,#2105,#2106,#2107,#2108,#2109,#2110,#2111,#2112,#2113,#2114,#2115,
#2116)),.UNSPECIFIED.,.F.,.F.,.F.,(4,1,1,1,1,1,1,1,4),(4,1,1,1,1,1,1,1,1,1,1,1,
1,4),(-5.853293457975E-2,1.244674592458E-1,2.495908493239E-1,3.747142394019E-1,
4.998376294800E-1,6.249610195580E-1,7.500844096361E-1,8.752077997141E-1,
1.055550313674E0),(6.451609613001E-2,1.876317859969E-1,2.917545239980E-1,
3.958772619990E-1,4.479386309995E-1,5.E-1,5.520613690005E-1,6.041227380010E-1,
6.561841070015E-1,7.082454760020E-1,7.603068450025E-1,8.123682140030E-1,
8.644295830035E-1,9.278738634631E-1),.UNSPECIFIED.);
#2118=ORIENTED_EDGE('',*,*,#1916,.F.);
#2119=ORIENTED_EDGE('',*,*,#1931,.T.);
#2120=ORIENTED_EDGE('',*,*,#1701,.F.);
#2121=ORIENTED_EDGE('',*,*,#1699,.F.);
#2123=ORIENTED_EDGE('',*,*,#2122,.T.);
#2125=ORIENTED_EDGE('',*,*,#2124,.F.);
#2127=ORIENTED_EDGE('',*,*,#2126,.T.);
#2128=EDGE_LOOP('',(#2118,#2119,#2120,#2121,#2123,#2125,#2127));
#2129=FACE_OUTER_BOUND('',#2128,.F.);
#2130=ADVANCED_FACE('',(#2129),#2117,.F.);
#2131=CARTESIAN_POINT('',(-1.1325E2,-7.644412777844E0,-5.295264306003E2));
#2132=DIRECTION('',(0.E0,-6.819983600625E-1,-7.313537016192E-1));
#2133=DIRECTION('',(0.E0,7.313537016192E-1,-6.819983600625E-1));
#2134=AXIS2_PLACEMENT_3D('',#2131,#2132,#2133);
#2135=CYLINDRICAL_SURFACE('',#2134,7.5E-1);
#2136=ORIENTED_EDGE('',*,*,#2122,.F.);
#2137=ORIENTED_EDGE('',*,*,#1697,.F.);
#2139=ORIENTED_EDGE('',*,*,#2138,.F.);
#2141=ORIENTED_EDGE('',*,*,#2140,.T.);
#2142=EDGE_LOOP('',(#2136,#2137,#2139,#2141));
#2143=FACE_OUTER_BOUND('',#2142,.F.);
#2144=ADVANCED_FACE('',(#2143),#2135,.F.);
#2145=CARTESIAN_POINT('',(-1.1325E2,-9.399787627340E0,-5.288428510883E2));
#2146=DIRECTION('',(1.E0,0.E0,0.E0));
#2147=DIRECTION('',(0.E0,0.E0,1.E0));
#2148=AXIS2_PLACEMENT_3D('',#2145,#2146,#2147);
#2149=TOROIDAL_SURFACE('',#2148,1.75E0,7.5E-1);
#2151=ORIENTED_EDGE('',*,*,#2150,.T.);
#2153=ORIENTED_EDGE('',*,*,#2152,.T.);
#2154=ORIENTED_EDGE('',*,*,#2138,.T.);
#2155=ORIENTED_EDGE('',*,*,#1695,.F.);
#2156=EDGE_LOOP('',(#2151,#2153,#2154,#2155));
#2157=FACE_OUTER_BOUND('',#2156,.F.);
#2158=ADVANCED_FACE('',(#2157),#2149,.F.);
#2159=CARTESIAN_POINT('',(-1.1325E2,-8.585095371023E0,-5.304484211622E2));
#2160=DIRECTION('',(0.E0,-9.731389780261E-1,-2.302184385454E-1));
#2161=DIRECTION('',(0.E0,2.302184385454E-1,-9.731389780261E-1));
#2162=AXIS2_PLACEMENT_3D('',#2159,#2160,#2161);
#2163=CYLINDRICAL_SURFACE('',#2162,7.5E-1);
#2165=ORIENTED_EDGE('',*,*,#2164,.F.);
#2167=ORIENTED_EDGE('',*,*,#2166,.T.);
#2168=ORIENTED_EDGE('',*,*,#2150,.F.);
#2169=ORIENTED_EDGE('',*,*,#1693,.F.);
#2170=EDGE_LOOP('',(#2165,#2167,#2168,#2169));
#2171=FACE_OUTER_BOUND('',#2170,.F.);
#2172=ADVANCED_FACE('',(#2171),#2163,.F.);
#2173=CARTESIAN_POINT('',(-1.1325E2,-1.209303916030E1,-5.294800017693E2));
#2174=DIRECTION('',(1.E0,0.E0,0.E0));
#2175=DIRECTION('',(0.E0,0.E0,1.E0));
#2176=AXIS2_PLACEMENT_3D('',#2173,#2174,#2175);
#2177=TOROIDAL_SURFACE('',#2176,1.75E0,7.5E-1);
#2179=ORIENTED_EDGE('',*,*,#2178,.T.);
#2181=ORIENTED_EDGE('',*,*,#2180,.T.);
#2183=ORIENTED_EDGE('',*,*,#2182,.T.);
#2184=ORIENTED_EDGE('',*,*,#2164,.T.);
#2185=ORIENTED_EDGE('',*,*,#1691,.F.);
#2186=ORIENTED_EDGE('',*,*,#1689,.F.);
#2187=EDGE_LOOP('',(#2179,#2181,#2183,#2184,#2185,#2186));
#2188=FACE_OUTER_BOUND('',#2187,.F.);
#2189=ADVANCED_FACE('',(#2188),#2177,.F.);
#2190=CARTESIAN_POINT('',(-1.1325E2,3.174765295492E0,-5.461102828135E2));
#2191=DIRECTION('',(0.E0,-7.313537016192E-1,6.819983600625E-1));
#2192=DIRECTION('',(0.E0,-6.819983600625E-1,-7.313537016192E-1));
#2193=AXIS2_PLACEMENT_3D('',#2190,#2191,#2192);
#2194=CYLINDRICAL_SURFACE('',#2193,7.5E-1);
#2196=ORIENTED_EDGE('',*,*,#2195,.F.);
#2198=ORIENTED_EDGE('',*,*,#2197,.T.);
#2199=ORIENTED_EDGE('',*,*,#2178,.F.);
#2200=ORIENTED_EDGE('',*,*,#1687,.F.);
#2201=EDGE_LOOP('',(#2196,#2198,#2199,#2200));
#2202=FACE_OUTER_BOUND('',#2201,.F.);
#2203=ADVANCED_FACE('',(#2202),#2194,.F.);
#2204=CARTESIAN_POINT('',(-1.1325E2,-1.566276595333E1,-5.247838502203E2));
#2205=DIRECTION('',(1.E0,0.E0,0.E0));
#2206=DIRECTION('',(0.E0,0.E0,1.E0));
#2207=AXIS2_PLACEMENT_3D('',#2204,#2205,#2206);
#2208=TOROIDAL_SURFACE('',#2207,2.75E0,7.5E-1);
#2209=ORIENTED_EDGE('',*,*,#2195,.T.);
#2210=ORIENTED_EDGE('',*,*,#1685,.F.);
#2212=ORIENTED_EDGE('',*,*,#2211,.T.);
#2214=ORIENTED_EDGE('',*,*,#2213,.T.);
#2215=EDGE_LOOP('',(#2209,#2210,#2212,#2214));
#2216=FACE_OUTER_BOUND('',#2215,.F.);
#2217=ADVANCED_FACE('',(#2216),#2208,.F.);
#2218=CARTESIAN_POINT('',(-1.1325E2,-2.597424939432E1,-5.318092946559E2));
#2219=DIRECTION('',(0.E0,6.819983600625E-1,7.313537016192E-1));
#2220=DIRECTION('',(0.E0,-7.313537016192E-1,6.819983600625E-1));
#2221=AXIS2_PLACEMENT_3D('',#2218,#2219,#2220);
#2222=CYLINDRICAL_SURFACE('',#2221,7.5E-1);
#2223=ORIENTED_EDGE('',*,*,#2211,.F.);
#2224=ORIENTED_EDGE('',*,*,#1683,.F.);
#2226=ORIENTED_EDGE('',*,*,#2225,.F.);
#2228=ORIENTED_EDGE('',*,*,#2227,.T.);
#2229=EDGE_LOOP('',(#2223,#2224,#2226,#2228));
#2230=FACE_OUTER_BOUND('',#2229,.F.);
#2231=ADVANCED_FACE('',(#2230),#2222,.F.);
#2232=CARTESIAN_POINT('',(-1.139874229001E2,-7.766946291690E0,
-5.165498135249E2));
#2233=CARTESIAN_POINT('',(-1.139873823346E2,-8.144301000626E0,
-5.161565517137E2));
#2234=CARTESIAN_POINT('',(-1.139876292903E2,-8.842289857859E0,
-5.157577779534E2));
#2235=CARTESIAN_POINT('',(-1.139883779210E2,-9.864031530706E0,
-5.155598724973E2));
#2236=CARTESIAN_POINT('',(-1.139890672829E2,-1.060266334395E1,
-5.155634374826E2));
#2237=CARTESIAN_POINT('',(-1.139898819834E2,-1.131644239466E1,
-5.157071879581E2));
#2238=CARTESIAN_POINT('',(-1.139907906881E2,-1.198779505275E1,
-5.159656020579E2));
#2239=CARTESIAN_POINT('',(-1.139917620620E2,-1.259956296135E1,
-5.163176278098E2));
#2240=CARTESIAN_POINT('',(-1.139927647704E2,-1.313593651323E1,
-5.167425336322E2));
#2241=CARTESIAN_POINT('',(-1.139937674788E2,-1.357529582931E1,
-5.172138364875E2));
#2242=CARTESIAN_POINT('',(-1.139950626439E2,-1.404158683475E1,
-5.178672880515E2));
#2243=CARTESIAN_POINT('',(-1.139962324705E2,-1.435165905650E1,
-5.185146085653E2));
#2244=CARTESIAN_POINT('',(-1.139971516197E2,-1.455842485605E1,
-5.190648130273E2));
#2245=CARTESIAN_POINT('',(-1.139979274676E2,-1.475268104814E1,
-5.195872756023E2));
#2246=CARTESIAN_POINT('',(-1.139981700098E2,-1.490300314103E1,
-5.198756332874E2));
#2247=CARTESIAN_POINT('',(-1.139980951800E2,-1.506167398713E1,
-5.200077609836E2));
#2248=CARTESIAN_POINT('',(-1.140151877563E2,-8.050433114456E0,
-5.168409685558E2));
#2249=CARTESIAN_POINT('',(-1.140152367420E2,-8.407232645459E0,
-5.164696559529E2));
#2250=CARTESIAN_POINT('',(-1.140149385252E2,-9.065419697605E0,
-5.160910233507E2));
#2251=CARTESIAN_POINT('',(-1.140140344996E2,-1.002865660137E1,
-5.158978961102E2));
#2252=CARTESIAN_POINT('',(-1.140132020453E2,-1.072535017073E1,
-5.158953549854E2));
#2253=CARTESIAN_POINT('',(-1.140122182355E2,-1.139952240781E1,
-5.160238593716E2));
#2254=CARTESIAN_POINT('',(-1.140111209091E2,-1.203486537895E1,
-5.162597882229E2));
#2255=CARTESIAN_POINT('',(-1.140099479050E2,-1.261535216520E1,
-5.165837137199E2));
#2256=CARTESIAN_POINT('',(-1.140087370622E2,-1.312627976647E1,
-5.169764964061E2));
#2257=CARTESIAN_POINT('',(-1.140075262195E2,-1.354736849244E1,
-5.174136501465E2));
#2258=CARTESIAN_POINT('',(-1.140059622140E2,-1.399783544704E1,
-5.180215694200E2));
#2259=CARTESIAN_POINT('',(-1.140045495639E2,-1.430305537294E1,
-5.186265407536E2));
#2260=CARTESIAN_POINT('',(-1.140034396249E2,-1.451176751893E1,
-5.191444330252E2));
#2261=CARTESIAN_POINT('',(-1.140025027325E2,-1.470964492722E1,
-5.196394593153E2));
#2262=CARTESIAN_POINT('',(-1.140022098453E2,-1.486112364112E1,
-5.199174486624E2));
#2263=CARTESIAN_POINT('',(-1.140023002076E2,-1.501536601074E1,
-5.200483332860E2));
#2264=CARTESIAN_POINT('',(-1.139870079091E2,-8.566776677031E0,
-5.173712790108E2));
#2265=CARTESIAN_POINT('',(-1.139869660052E2,-8.886136958848E0,
-5.170399447468E2));
#2266=CARTESIAN_POINT('',(-1.139872211093E2,-9.471828910043E0,
-5.166979972973E2));
#2267=CARTESIAN_POINT('',(-1.139879944417E2,-1.032850509045E1,
-5.165135731100E2));
#2268=CARTESIAN_POINT('',(-1.139887065496E2,-1.094881224423E1,
-5.164999103019E2));
#2269=CARTESIAN_POINT('',(-1.139895481318E2,-1.155084453822E1,
-5.166006454254E2));
#2270=CARTESIAN_POINT('',(-1.139904868198E2,-1.212059938127E1,
-5.167956195925E2));
#2271=CARTESIAN_POINT('',(-1.139914902449E2,-1.264411065806E1,
-5.170683632194E2));
#2272=CARTESIAN_POINT('',(-1.139925260385E2,-1.310869094535E1,
-5.174026367503E2));
#2273=CARTESIAN_POINT('',(-1.139935618319E2,-1.349650157570E1,
-5.177775912127E2));
#2274=CARTESIAN_POINT('',(-1.139948997322E2,-1.391814656705E1,
-5.183025778655E2));
#2275=CARTESIAN_POINT('',(-1.139961081580E2,-1.421452850996E1,
-5.188304143035E2));
#2276=CARTESIAN_POINT('',(-1.139970576353E2,-1.442678573589E1,
-5.192894530759E2));
#2277=CARTESIAN_POINT('',(-1.139978590828E2,-1.463125883583E1,
-5.197345068522E2));
#2278=CARTESIAN_POINT('',(-1.139981096280E2,-1.478484422194E1,
-5.199936112843E2));
#2279=CARTESIAN_POINT('',(-1.139980323291E2,-1.493102055415E1,
-5.201222317725E2));
#2280=CARTESIAN_POINT('',(-1.136127596977E2,-9.536746903298E0,
-5.183674865542E2));
#2281=CARTESIAN_POINT('',(-1.136115107130E2,-9.785776189248E0,
-5.181112530592E2));
#2282=CARTESIAN_POINT('',(-1.136191143109E2,-1.023528344761E1,
-5.178382200075E2));
#2283=CARTESIAN_POINT('',(-1.136421641372E2,-1.089178142019E1,
-5.176701448235E2));
#2284=CARTESIAN_POINT('',(-1.136633891187E2,-1.136859390455E1,
-5.176355895272E2));
#2285=CARTESIAN_POINT('',(-1.136884731919E2,-1.183510868269E1,
-5.176841590773E2));
#2286=CARTESIAN_POINT('',(-1.137164515852E2,-1.228165383349E1,
-5.178021983754E2));
#2287=CARTESIAN_POINT('',(-1.137463595230E2,-1.269813453644E1,
-5.179787949915E2));
#2288=CARTESIAN_POINT('',(-1.137772322282E2,-1.307564970295E1,
-5.182031569388E2));
#2289=CARTESIAN_POINT('',(-1.138081049333E2,-1.340094621621E1,
-5.184612677878E2));
#2290=CARTESIAN_POINT('',(-1.138479821839E2,-1.376844809773E1,
-5.188304624860E2));
#2291=CARTESIAN_POINT('',(-1.138840003440E2,-1.404822756702E1,
-5.192133982072E2));
#2292=CARTESIAN_POINT('',(-1.139123003192E2,-1.426714435504E1,
-5.195618785335E2));
#2293=CARTESIAN_POINT('',(-1.139361881453E2,-1.448400770243E1,
-5.199130571191E2));
#2294=CARTESIAN_POINT('',(-1.139436558542E2,-1.464155054917E1,
-5.201366855490E2));
#2295=CARTESIAN_POINT('',(-1.139413518965E2,-1.477257453577E1,
-5.202610527765E2));
#2296=CARTESIAN_POINT('',(-1.128511609108E2,-1.037154019146E1,
-5.192248606759E2));
#2297=CARTESIAN_POINT('',(-1.128474555052E2,-1.056003994609E1,
-5.190332617605E2));
#2298=CARTESIAN_POINT('',(-1.128700133600E2,-1.089234147541E1,
-5.188195390624E2));
#2299=CARTESIAN_POINT('',(-1.129383960701E2,-1.137655846467E1,
-5.186655344526E2));
#2300=CARTESIAN_POINT('',(-1.130013649511E2,-1.172987397589E1,
-5.186129982859E2));
#2301=CARTESIAN_POINT('',(-1.130757827315E2,-1.207975722285E1,
-5.186166721582E2));
#2302=CARTESIAN_POINT('',(-1.131587871908E2,-1.242026342385E1,
-5.186684983805E2));
#2303=CARTESIAN_POINT('',(-1.132475160958E2,-1.274462954201E1,
-5.187623472202E2));
#2304=CARTESIAN_POINT('',(-1.133391072093E2,-1.304721315239E1,
-5.188921150761E2));
#2305=CARTESIAN_POINT('',(-1.134306983227E2,-1.331870763754E1,
-5.190496658651E2));
#2306=CARTESIAN_POINT('',(-1.135490035301E2,-1.363961189836E1,
-5.192847800787E2));
#2307=CARTESIAN_POINT('',(-1.136558598411E2,-1.390510264708E1,
-5.195430087290E2));
#2308=CARTESIAN_POINT('',(-1.137398183484E2,-1.412975090766E1,
-5.197963382493E2));
#2309=CARTESIAN_POINT('',(-1.138106871815E2,-1.435727777348E1,
-5.200667242733E2));
#2310=CARTESIAN_POINT('',(-1.138328418900E2,-1.451822656143E1,
-5.202598207060E2));
#2311=CARTESIAN_POINT('',(-1.138260066597E2,-1.463620986283E1,
-5.203805274151E2));
#2312=CARTESIAN_POINT('',(-1.117685386291E2,-1.098560024483E1,
-5.198555308148E2));
#2313=CARTESIAN_POINT('',(-1.117613413903E2,-1.112957548343E1,
-5.197114760209E2));
#2314=CARTESIAN_POINT('',(-1.118051569097E2,-1.137566242859E1,
-5.195413810320E2));
#2315=CARTESIAN_POINT('',(-1.119379808863E2,-1.173315239286E1,
-5.193977265024E2));
#2316=CARTESIAN_POINT('',(-1.120602892467E2,-1.199562558534E1,
-5.193319639065E2));
#2317=CARTESIAN_POINT('',(-1.122048355142E2,-1.225971661848E1,
-5.193026132653E2));
#2318=CARTESIAN_POINT('',(-1.123660602203E2,-1.252222233229E1,
-5.193057342506E2));
#2319=CARTESIAN_POINT('',(-1.125384038722E2,-1.277883049451E1,
-5.193387152028E2));
#2320=CARTESIAN_POINT('',(-1.127163069690E2,-1.302629569893E1,
-5.193989012190E2));
#2321=CARTESIAN_POINT('',(-1.128942100654E2,-1.325821430736E1,
-5.194824817010E2));
#2322=CARTESIAN_POINT('',(-1.131240016026E2,-1.354484213366E1,
-5.196189685410E2));
#2323=CARTESIAN_POINT('',(-1.133315552388E2,-1.379982233729E1,
-5.197854647447E2));
#2324=CARTESIAN_POINT('',(-1.134946330514E2,-1.402868657375E1,
-5.199688029152E2));
#2325=CARTESIAN_POINT('',(-1.136322859785E2,-1.426405734628E1,
-5.201797592754E2));
#2326=CARTESIAN_POINT('',(-1.136753184420E2,-1.442751148789E1,
-5.203503968787E2));
#2327=CARTESIAN_POINT('',(-1.136620419505E2,-1.453590227827E1,
-5.204684109715E2));
#2328=CARTESIAN_POINT('',(-1.104160020872E2,-1.147728418970E1,
-5.203605146190E2));
#2329=CARTESIAN_POINT('',(-1.104044424477E2,-1.158560820902E1,
-5.202545288725E2));
#2330=CARTESIAN_POINT('',(-1.104748154920E2,-1.176266228581E1,
-5.201193670211E2));
#2331=CARTESIAN_POINT('',(-1.106881469264E2,-1.201868067045E1,
-5.199839999029E2));
#2332=CARTESIAN_POINT('',(-1.108845890043E2,-1.220841552174E1,
-5.199076467745E2));
#2333=CARTESIAN_POINT('',(-1.111167478611E2,-1.240381188256E1,
-5.198518530792E2));
#2334=CARTESIAN_POINT('',(-1.113756943156E2,-1.260386183650E1,
-5.198159753005E2));
#2335=CARTESIAN_POINT('',(-1.116524991471E2,-1.280621553470E1,
-5.198002187346E2));
#2336=CARTESIAN_POINT('',(-1.119382331220E2,-1.300954688751E1,
-5.198046898851E2));
#2337=CARTESIAN_POINT('',(-1.122239670965E2,-1.320977670087E1,
-5.198290416123E2));
#2338=CARTESIAN_POINT('',(-1.125930402073E2,-1.346895904777E1,
-5.198865565409E2));
#2339=CARTESIAN_POINT('',(-1.129263965487E2,-1.371552335422E1,
-5.199796016693E2));
#2340=CARTESIAN_POINT('',(-1.131883193172E2,-1.394776336419E1,
-5.201068970753E2));
#2341=CARTESIAN_POINT('',(-1.134094066326E2,-1.418941483021E1,
-5.202702675171E2));
#2342=CARTESIAN_POINT('',(-1.134785219939E2,-1.435487503322E1,
-5.204229221141E2));
#2343=CARTESIAN_POINT('',(-1.134571983366E2,-1.445558500541E1,
-5.205387802024E2));
#2344=CARTESIAN_POINT('',(-1.092994377492E2,-1.156972470709E1,
-5.204554556165E2));
#2345=CARTESIAN_POINT('',(-1.092842768014E2,-1.167134601202E1,
-5.203566271558E2));
#2346=CARTESIAN_POINT('',(-1.093765739744E2,-1.183542135701E1,
-5.202280330139E2));
#2347=CARTESIAN_POINT('',(-1.096563670189E2,-1.207236227231E1,
-5.200942239953E2));
#2348=CARTESIAN_POINT('',(-1.099140089703E2,-1.224842173310E1,
-5.200158797618E2));
#2349=CARTESIAN_POINT('',(-1.102184949620E2,-1.243090294561E1,
-5.199551145605E2));
#2350=CARTESIAN_POINT('',(-1.105581140015E2,-1.261921071677E1,
-5.199119047021E2));
#2351=CARTESIAN_POINT('',(-1.109211550448E2,-1.281136414146E1,
-5.198869850927E2));
#2352=CARTESIAN_POINT('',(-1.112959070311E2,-1.300639797690E1,
-5.198809814026E2));
#2353=CARTESIAN_POINT('',(-1.116706590167E2,-1.320067004311E1,
-5.198941976498E2));
#2354=CARTESIAN_POINT('',(-1.121547137440E2,-1.345469242016E1,
-5.199368652270E2));
#2355=CARTESIAN_POINT('',(-1.125919244436E2,-1.369967447061E1,
-5.200161009652E2));
#2356=CARTESIAN_POINT('',(-1.129354470427E2,-1.393254915305E1,
-5.201328598827E2));
#2357=CARTESIAN_POINT('',(-1.132254122473E2,-1.417538143966E1,
-5.202872837910E2));
#2358=CARTESIAN_POINT('',(-1.133160599170E2,-1.434121879825E1,
-5.204365574391E2));
#2359=CARTESIAN_POINT('',(-1.132880930539E2,-1.444048471522E1,
-5.205520101810E2));
#2360=CARTESIAN_POINT('',(-1.086023785695E2,-1.152834687236E1,
-5.204129585274E2));
#2361=CARTESIAN_POINT('',(-1.085849693635E2,-1.163296841832E1,
-5.203109263528E2));
#2362=CARTESIAN_POINT('',(-1.086909535357E2,-1.180285324859E1,
-5.201793924006E2));
#2363=CARTESIAN_POINT('',(-1.090122378528E2,-1.204833354012E1,
-5.200448859520E2));
#2364=CARTESIAN_POINT('',(-1.093080862308E2,-1.223051432142E1,
-5.199674329683E2));
#2365=CARTESIAN_POINT('',(-1.096577252796E2,-1.241877655813E1,
-5.199088930914E2));
#2366=CARTESIAN_POINT('',(-1.100477073518E2,-1.261234031565E1,
-5.198689651876E2));
#2367=CARTESIAN_POINT('',(-1.104645847402E2,-1.280905954380E1,
-5.198481471011E2));
#2368=CARTESIAN_POINT('',(-1.108949097192E2,-1.300780747899E1,
-5.198468321152E2));
#2369=CARTESIAN_POINT('',(-1.113252346975E2,-1.320474632685E1,
-5.198650327791E2));
#2370=CARTESIAN_POINT('',(-1.118810712189E2,-1.346107838781E1,
-5.199143462652E2));
#2371=CARTESIAN_POINT('',(-1.123831170839E2,-1.370676868106E1,
-5.199997633042E2));
#2372=CARTESIAN_POINT('',(-1.127775815849E2,-1.393935927413E1,
-5.201212385202E2));
#2373=CARTESIAN_POINT('',(-1.131105465197E2,-1.418166300672E1,
-5.202796670382E2));
#2374=CARTESIAN_POINT('',(-1.132146365791E2,-1.434733154450E1,
-5.204304540525E2));
#2375=CARTESIAN_POINT('',(-1.131825224337E2,-1.444724384349E1,
-5.205460882337E2));
#2376=B_SPLINE_SURFACE_WITH_KNOTS('',3,3,((#2232,#2233,#2234,#2235,#2236,#2237,
#2238,#2239,#2240,#2241,#2242,#2243,#2244,#2245,#2246,#2247),(#2248,#2249,#2250,
#2251,#2252,#2253,#2254,#2255,#2256,#2257,#2258,#2259,#2260,#2261,#2262,#2263),(
#2264,#2265,#2266,#2267,#2268,#2269,#2270,#2271,#2272,#2273,#2274,#2275,#2276,
#2277,#2278,#2279),(#2280,#2281,#2282,#2283,#2284,#2285,#2286,#2287,#2288,#2289,
#2290,#2291,#2292,#2293,#2294,#2295),(#2296,#2297,#2298,#2299,#2300,#2301,#2302,
#2303,#2304,#2305,#2306,#2307,#2308,#2309,#2310,#2311),(#2312,#2313,#2314,#2315,
#2316,#2317,#2318,#2319,#2320,#2321,#2322,#2323,#2324,#2325,#2326,#2327),(#2328,
#2329,#2330,#2331,#2332,#2333,#2334,#2335,#2336,#2337,#2338,#2339,#2340,#2341,
#2342,#2343),(#2344,#2345,#2346,#2347,#2348,#2349,#2350,#2351,#2352,#2353,#2354,
#2355,#2356,#2357,#2358,#2359),(#2360,#2361,#2362,#2363,#2364,#2365,#2366,#2367,
#2368,#2369,#2370,#2371,#2372,#2373,#2374,#2375)),.UNSPECIFIED.,.F.,.F.,.F.,(4,
1,1,1,1,1,4),(4,1,1,1,1,1,1,1,1,1,1,1,1,4),(-5.907162635584E-2,
1.197469134980E-1,2.454973544268E-1,4.969982362846E-1,6.227486772134E-1,
7.484991181423E-1,1.057782878912E0),(7.225635656185E-2,1.876317859968E-1,
2.396931549973E-1,2.917545239979E-1,3.438158929984E-1,3.958772619989E-1,
4.479386309994E-1,5.E-1,5.520613690005E-1,6.041227380010E-1,7.082454760020E-1,
7.603068450026E-1,8.123682140031E-1,9.357237212053E-1),.UNSPECIFIED.);
#2377=ORIENTED_EDGE('',*,*,#1681,.T.);
#2378=ORIENTED_EDGE('',*,*,#1903,.T.);
#2379=ORIENTED_EDGE('',*,*,#1920,.T.);
#2381=ORIENTED_EDGE('',*,*,#2380,.T.);
#2383=ORIENTED_EDGE('',*,*,#2382,.F.);
#2385=ORIENTED_EDGE('',*,*,#2384,.T.);
#2386=ORIENTED_EDGE('',*,*,#2225,.T.);
#2387=EDGE_LOOP('',(#2377,#2378,#2379,#2381,#2383,#2385,#2386));
#2388=FACE_OUTER_BOUND('',#2387,.F.);
#2389=ADVANCED_FACE('',(#2388),#2376,.F.);
#2390=CARTESIAN_POINT('',(-1.09E2,1.255224274635E1,-5.360541694162E2));
#2391=DIRECTION('',(0.E0,7.313537016192E-1,-6.819983600625E-1));
#2392=DIRECTION('',(0.E0,6.819983600625E-1,7.313537016192E-1));
#2393=AXIS2_PLACEMENT_3D('',#2390,#2391,#2392);
#2394=CYLINDRICAL_SURFACE('',#2393,5.E0);
#2395=ORIENTED_EDGE('',*,*,#2380,.F.);
#2396=ORIENTED_EDGE('',*,*,#1918,.T.);
#2397=ORIENTED_EDGE('',*,*,#2126,.F.);
#2399=ORIENTED_EDGE('',*,*,#2398,.T.);
#2400=EDGE_LOOP('',(#2395,#2396,#2397,#2399));
#2401=FACE_OUTER_BOUND('',#2400,.F.);
#2402=ADVANCED_FACE('',(#2401),#2394,.F.);
#2403=CARTESIAN_POINT('',(-1.07E2,-9.249208905003E0,-5.225606241571E2));
#2404=DIRECTION('',(0.E0,6.819983600625E-1,7.313537016192E-1));
#2405=DIRECTION('',(0.E0,-7.313537016192E-1,6.819983600625E-1));
#2406=AXIS2_PLACEMENT_3D('',#2403,#2404,#2405);
#2407=PLANE('',#2406);
#2409=ORIENTED_EDGE('',*,*,#2408,.T.);
#2411=ORIENTED_EDGE('',*,*,#2410,.F.);
#2412=ORIENTED_EDGE('',*,*,#2398,.F.);
#2414=ORIENTED_EDGE('',*,*,#2413,.F.);
#2415=EDGE_LOOP('',(#2409,#2411,#2412,#2414));
#2416=FACE_OUTER_BOUND('',#2415,.F.);
#2417=ADVANCED_FACE('',(#2416),#2407,.T.);
#2418=CARTESIAN_POINT('',(-1.0725E2,-9.419708495015E0,-5.227434625825E2));
#2419=DIRECTION('',(7.071067811865E-1,4.822456651583E-1,5.171451618608E-1));
#2420=DIRECTION('',(-7.071067811866E-1,4.822456651583E-1,5.171451618608E-1));
#2421=AXIS2_PLACEMENT_3D('',#2418,#2419,#2420);
#2422=PLANE('',#2421);
#2424=ORIENTED_EDGE('',*,*,#2423,.T.);
#2426=ORIENTED_EDGE('',*,*,#2425,.T.);
#2427=ORIENTED_EDGE('',*,*,#2408,.F.);
#2429=ORIENTED_EDGE('',*,*,#2428,.F.);
#2430=EDGE_LOOP('',(#2424,#2426,#2427,#2429));
#2431=FACE_OUTER_BOUND('',#2430,.F.);
#2432=ADVANCED_FACE('',(#2431),#2422,.T.);
#2433=CARTESIAN_POINT('',(-1.07E2,-2.999999975869E0,-5.530000000597E2));
#2434=DIRECTION('',(1.E0,0.E0,0.E0));
#2435=DIRECTION('',(0.E0,-1.E0,0.E0));
#2436=AXIS2_PLACEMENT_3D('',#2433,#2434,#2435);
#2437=PLANE('',#2436);
#2439=ORIENTED_EDGE('',*,*,#2438,.F.);
#2441=ORIENTED_EDGE('',*,*,#2440,.F.);
#2443=ORIENTED_EDGE('',*,*,#2442,.F.);
#2444=ORIENTED_EDGE('',*,*,#2423,.F.);
#2446=ORIENTED_EDGE('',*,*,#2445,.F.);
#2448=ORIENTED_EDGE('',*,*,#2447,.F.);
#2450=ORIENTED_EDGE('',*,*,#2449,.F.);
#2452=ORIENTED_EDGE('',*,*,#2451,.F.);
#2454=ORIENTED_EDGE('',*,*,#2453,.F.);
#2456=ORIENTED_EDGE('',*,*,#2455,.F.);
#2457=EDGE_LOOP('',(#2439,#2441,#2443,#2444,#2446,#2448,#2450,#2452,#2454,
#2456));
#2458=FACE_OUTER_BOUND('',#2457,.F.);
#2459=ADVANCED_FACE('',(#2458),#2437,.T.);
#2460=CARTESIAN_POINT('',(-1.072499999981E2,-1.566276595333E1,
-5.247838502203E2));
#2461=DIRECTION('',(-1.E0,0.E0,0.E0));
#2462=DIRECTION('',(0.E0,0.E0,-1.E0));
#2463=AXIS2_PLACEMENT_3D('',#2460,#2461,#2462);
#2464=CONICAL_SURFACE('',#2463,1.749999998079E0,4.499999999986E1);
#2465=ORIENTED_EDGE('',*,*,#2438,.T.);
#2467=ORIENTED_EDGE('',*,*,#2466,.T.);
#2469=ORIENTED_EDGE('',*,*,#2468,.F.);
#2471=ORIENTED_EDGE('',*,*,#2470,.F.);
#2472=EDGE_LOOP('',(#2465,#2467,#2469,#2471));
#2473=FACE_OUTER_BOUND('',#2472,.F.);
#2474=ADVANCED_FACE('',(#2473),#2464,.T.);
#2475=CARTESIAN_POINT('',(-1.0725E2,-1.473040050692E1,-5.280461181219E2));
#2476=DIRECTION('',(7.071067811865E-1,-4.822456651583E-1,-5.171451618608E-1));
#2477=DIRECTION('',(-7.071067811866E-1,-4.822456651583E-1,-5.171451618608E-1));
#2478=AXIS2_PLACEMENT_3D('',#2475,#2476,#2477);
#2479=PLANE('',#2478);
#2480=ORIENTED_EDGE('',*,*,#2455,.T.);
#2482=ORIENTED_EDGE('',*,*,#2481,.T.);
#2484=ORIENTED_EDGE('',*,*,#2483,.F.);
#2485=ORIENTED_EDGE('',*,*,#2466,.F.);
#2486=EDGE_LOOP('',(#2480,#2482,#2484,#2485));
#2487=FACE_OUTER_BOUND('',#2486,.F.);
#2488=ADVANCED_FACE('',(#2487),#2479,.T.);
#2489=CARTESIAN_POINT('',(-1.072499999994E2,-1.209303916030E1,
-5.294800017693E2));
#2490=DIRECTION('',(-1.E0,0.E0,0.E0));
#2491=DIRECTION('',(0.E0,0.E0,-1.E0));
#2492=AXIS2_PLACEMENT_3D('',#2489,#2490,#2491);
#2493=CONICAL_SURFACE('',#2492,7.499999994462E-1,4.499999999860E1);
#2494=ORIENTED_EDGE('',*,*,#2453,.T.);
#2496=ORIENTED_EDGE('',*,*,#2495,.T.);
#2498=ORIENTED_EDGE('',*,*,#2497,.F.);
#2499=ORIENTED_EDGE('',*,*,#2481,.F.);
#2500=EDGE_LOOP('',(#2494,#2496,#2498,#2499));
#2501=FACE_OUTER_BOUND('',#2500,.F.);
#2502=ADVANCED_FACE('',(#2501),#2493,.T.);
#2503=CARTESIAN_POINT('',(-1.0725E2,-1.057374956490E1,-5.298912806624E2));
#2504=DIRECTION('',(7.071067811865E-1,1.627890190497E-1,-6.881131703992E-1));
#2505=DIRECTION('',(-7.071067811866E-1,1.627890190496E-1,-6.881131703992E-1));
#2506=AXIS2_PLACEMENT_3D('',#2503,#2504,#2505);
#2507=PLANE('',#2506);
#2508=ORIENTED_EDGE('',*,*,#2451,.T.);
#2510=ORIENTED_EDGE('',*,*,#2509,.T.);
#2512=ORIENTED_EDGE('',*,*,#2511,.F.);
#2513=ORIENTED_EDGE('',*,*,#2495,.F.);
#2514=EDGE_LOOP('',(#2508,#2510,#2512,#2513));
#2515=FACE_OUTER_BOUND('',#2514,.F.);
#2516=ADVANCED_FACE('',(#2515),#2507,.T.);
#2517=CARTESIAN_POINT('',(-1.072499999998E2,-9.399787627344E0,
-5.288428510883E2));
#2518=DIRECTION('',(-1.E0,0.E0,0.E0));
#2519=DIRECTION('',(0.E0,0.E0,-1.E0));
#2520=AXIS2_PLACEMENT_3D('',#2517,#2518,#2519);
#2521=CONICAL_SURFACE('',#2520,7.499999998027E-1,4.499999999837E1);
#2522=ORIENTED_EDGE('',*,*,#2449,.T.);
#2524=ORIENTED_EDGE('',*,*,#2523,.T.);
#2526=ORIENTED_EDGE('',*,*,#2525,.F.);
#2527=ORIENTED_EDGE('',*,*,#2509,.F.);
#2528=EDGE_LOOP('',(#2522,#2524,#2526,#2527));
#2529=FACE_OUTER_BOUND('',#2528,.F.);
#2530=ADVANCED_FACE('',(#2529),#2521,.T.);
#2531=CARTESIAN_POINT('',(-1.0725E2,-7.931521055215E0,-5.283680373476E2));
#2532=DIRECTION('',(7.071067811866E-1,5.171451618608E-1,-4.822456651583E-1));
#2533=DIRECTION('',(-7.071067811865E-1,5.171451618608E-1,-4.822456651583E-1));
#2534=AXIS2_PLACEMENT_3D('',#2531,#2532,#2533);
#2535=PLANE('',#2534);
#2536=ORIENTED_EDGE('',*,*,#2447,.T.);
#2538=ORIENTED_EDGE('',*,*,#2537,.T.);
#2540=ORIENTED_EDGE('',*,*,#2539,.F.);
#2541=ORIENTED_EDGE('',*,*,#2523,.F.);
#2542=EDGE_LOOP('',(#2536,#2538,#2540,#2541));
#2543=FACE_OUTER_BOUND('',#2542,.F.);
#2544=ADVANCED_FACE('',(#2543),#2535,.T.);
#2545=CARTESIAN_POINT('',(-1.072499999981E2,-8.291638737171E0,
-5.261882277068E2));
#2546=DIRECTION('',(-1.E0,0.E0,0.E0));
#2547=DIRECTION('',(0.E0,0.E0,-1.E0));
#2548=AXIS2_PLACEMENT_3D('',#2545,#2546,#2547);
#2549=CONICAL_SURFACE('',#2548,1.749999998075E0,4.500000000001E1);
#2550=ORIENTED_EDGE('',*,*,#2445,.T.);
#2551=ORIENTED_EDGE('',*,*,#2428,.T.);
#2553=ORIENTED_EDGE('',*,*,#2552,.F.);
#2554=ORIENTED_EDGE('',*,*,#2537,.F.);
#2555=EDGE_LOOP('',(#2550,#2551,#2553,#2554));
#2556=FACE_OUTER_BOUND('',#2555,.F.);
#2557=ADVANCED_FACE('',(#2556),#2549,.T.);
#2558=CARTESIAN_POINT('',(-1.07E2,-8.291638737172E0,-5.261882277068E2));
#2559=DIRECTION('',(1.E0,0.E0,0.E0));
#2560=DIRECTION('',(0.E0,0.E0,1.E0));
#2561=AXIS2_PLACEMENT_3D('',#2558,#2559,#2560);
#2562=CYLINDRICAL_SURFACE('',#2561,2.E0);
#2563=ORIENTED_EDGE('',*,*,#2552,.T.);
#2564=ORIENTED_EDGE('',*,*,#2413,.T.);
#2565=ORIENTED_EDGE('',*,*,#2124,.T.);
#2567=ORIENTED_EDGE('',*,*,#2566,.T.);
#2568=EDGE_LOOP('',(#2563,#2564,#2565,#2567));
#2569=FACE_OUTER_BOUND('',#2568,.F.);
#2570=ADVANCED_FACE('',(#2569),#2562,.T.);
#2571=CARTESIAN_POINT('',(-1.07E2,-8.192928054059E0,-5.290149318302E2));
#2572=DIRECTION('',(0.E0,-7.313537016192E-1,6.819983600625E-1));
#2573=DIRECTION('',(0.E0,-6.819983600625E-1,-7.313537016192E-1));
#2574=AXIS2_PLACEMENT_3D('',#2571,#2572,#2573);
#2575=PLANE('',#2574);
#2576=ORIENTED_EDGE('',*,*,#2539,.T.);
#2577=ORIENTED_EDGE('',*,*,#2566,.F.);
#2578=ORIENTED_EDGE('',*,*,#2140,.F.);
#2580=ORIENTED_EDGE('',*,*,#2579,.F.);
#2581=EDGE_LOOP('',(#2576,#2577,#2578,#2580));
#2582=FACE_OUTER_BOUND('',#2581,.F.);
#2583=ADVANCED_FACE('',(#2582),#2575,.F.);
#2584=CARTESIAN_POINT('',(-1.07E2,-9.399787627340E0,-5.288428510883E2));
#2585=DIRECTION('',(-1.E0,0.E0,0.E0));
#2586=DIRECTION('',(0.E0,0.E0,-1.E0));
#2587=AXIS2_PLACEMENT_3D('',#2584,#2585,#2586);
#2588=CYLINDRICAL_SURFACE('',#2587,1.E0);
#2589=ORIENTED_EDGE('',*,*,#2525,.T.);
#2590=ORIENTED_EDGE('',*,*,#2579,.T.);
#2591=ORIENTED_EDGE('',*,*,#2152,.F.);
#2593=ORIENTED_EDGE('',*,*,#2592,.T.);
#2594=EDGE_LOOP('',(#2589,#2590,#2591,#2593));
#2595=FACE_OUTER_BOUND('',#2594,.F.);
#2596=ADVANCED_FACE('',(#2595),#2588,.T.);
#2597=CARTESIAN_POINT('',(-1.07E2,-1.238362889755E1,-5.305763499166E2));
#2598=DIRECTION('',(0.E0,2.302184385454E-1,-9.731389780261E-1));
#2599=DIRECTION('',(1.E0,0.E0,0.E0));
#2600=AXIS2_PLACEMENT_3D('',#2597,#2598,#2599);
#2601=PLANE('',#2600);
#2602=ORIENTED_EDGE('',*,*,#2511,.T.);
#2603=ORIENTED_EDGE('',*,*,#2592,.F.);
#2604=ORIENTED_EDGE('',*,*,#2166,.F.);
#2606=ORIENTED_EDGE('',*,*,#2605,.F.);
#2607=EDGE_LOOP('',(#2602,#2603,#2604,#2606));
#2608=FACE_OUTER_BOUND('',#2607,.F.);
#2609=ADVANCED_FACE('',(#2608),#2601,.T.);
#2610=CARTESIAN_POINT('',(-1.07E2,-1.209303916030E1,-5.294800017693E2));
#2611=DIRECTION('',(-1.E0,0.E0,0.E0));
#2612=DIRECTION('',(0.E0,0.E0,-1.E0));
#2613=AXIS2_PLACEMENT_3D('',#2610,#2611,#2612);
#2614=CYLINDRICAL_SURFACE('',#2613,1.E0);
#2615=ORIENTED_EDGE('',*,*,#2497,.T.);
#2616=ORIENTED_EDGE('',*,*,#2605,.T.);
#2617=ORIENTED_EDGE('',*,*,#2182,.F.);
#2618=ORIENTED_EDGE('',*,*,#2180,.F.);
#2620=ORIENTED_EDGE('',*,*,#2619,.T.);
#2621=EDGE_LOOP('',(#2615,#2616,#2617,#2618,#2620));
#2622=FACE_OUTER_BOUND('',#2621,.F.);
#2623=ADVANCED_FACE('',(#2622),#2614,.T.);
#2624=CARTESIAN_POINT('',(-1.07E2,-1.470519578550E1,-5.284114537701E2));
#2625=DIRECTION('',(0.E0,-6.819983600625E-1,-7.313537016192E-1));
#2626=DIRECTION('',(0.E0,7.313537016192E-1,-6.819983600625E-1));
#2627=AXIS2_PLACEMENT_3D('',#2624,#2625,#2626);
#2628=PLANE('',#2627);
#2629=ORIENTED_EDGE('',*,*,#2483,.T.);
#2630=ORIENTED_EDGE('',*,*,#2619,.F.);
#2631=ORIENTED_EDGE('',*,*,#2197,.F.);
#2633=ORIENTED_EDGE('',*,*,#2632,.F.);
#2634=EDGE_LOOP('',(#2629,#2630,#2631,#2633));
#2635=FACE_OUTER_BOUND('',#2634,.F.);
#2636=ADVANCED_FACE('',(#2635),#2628,.T.);
#2637=CARTESIAN_POINT('',(-1.07E2,-1.566276595333E1,-5.247838502203E2));
#2638=DIRECTION('',(-1.E0,0.E0,0.E0));
#2639=DIRECTION('',(0.E0,0.E0,-1.E0));
#2640=AXIS2_PLACEMENT_3D('',#2637,#2638,#2639);
#2641=CYLINDRICAL_SURFACE('',#2640,2.E0);
#2642=ORIENTED_EDGE('',*,*,#2468,.T.);
#2643=ORIENTED_EDGE('',*,*,#2632,.T.);
#2644=ORIENTED_EDGE('',*,*,#2213,.F.);
#2646=ORIENTED_EDGE('',*,*,#2645,.T.);
#2647=EDGE_LOOP('',(#2642,#2643,#2644,#2646));
#2648=FACE_OUTER_BOUND('',#2647,.F.);
#2649=ADVANCED_FACE('',(#2648),#2641,.T.);
#2650=CARTESIAN_POINT('',(-1.07E2,-1.576147663645E1,-5.219571460970E2));
#2651=DIRECTION('',(0.E0,-7.313537016192E-1,6.819983600625E-1));
#2652=DIRECTION('',(0.E0,-6.819983600625E-1,-7.313537016192E-1));
#2653=AXIS2_PLACEMENT_3D('',#2650,#2651,#2652);
#2654=PLANE('',#2653);
#2656=ORIENTED_EDGE('',*,*,#2655,.T.);
#2657=ORIENTED_EDGE('',*,*,#2645,.F.);
#2658=ORIENTED_EDGE('',*,*,#2227,.F.);
#2660=ORIENTED_EDGE('',*,*,#2659,.F.);
#2661=EDGE_LOOP('',(#2656,#2657,#2658,#2660));
#2662=FACE_OUTER_BOUND('',#2661,.F.);
#2663=ADVANCED_FACE('',(#2662),#2654,.T.);
#2664=CARTESIAN_POINT('',(-1.0725E2,-1.557863821103E1,-5.221276456870E2));
#2665=DIRECTION('',(7.071067811865E-1,-5.171451618608E-1,4.822456651583E-1));
#2666=DIRECTION('',(-7.071067811866E-1,-5.171451618608E-1,4.822456651583E-1));
#2667=AXIS2_PLACEMENT_3D('',#2664,#2665,#2666);
#2668=PLANE('',#2667);
#2669=ORIENTED_EDGE('',*,*,#2440,.T.);
#2670=ORIENTED_EDGE('',*,*,#2470,.T.);
#2671=ORIENTED_EDGE('',*,*,#2655,.F.);
#2673=ORIENTED_EDGE('',*,*,#2672,.F.);
#2674=EDGE_LOOP('',(#2669,#2670,#2671,#2673));
#2675=FACE_OUTER_BOUND('',#2674,.F.);
#2676=ADVANCED_FACE('',(#2675),#2668,.T.);
#2677=CARTESIAN_POINT('',(-1.072499999981E2,-1.293477251307E1,
-5.218584354139E2));
#2678=DIRECTION('',(-1.E0,0.E0,0.E0));
#2679=DIRECTION('',(0.E0,0.E0,-1.E0));
#2680=AXIS2_PLACEMENT_3D('',#2677,#2678,#2679);
#2681=CONICAL_SURFACE('',#2680,1.749999998072E0,4.499999999923E1);
#2682=ORIENTED_EDGE('',*,*,#2442,.T.);
#2683=ORIENTED_EDGE('',*,*,#2672,.T.);
#2685=ORIENTED_EDGE('',*,*,#2684,.F.);
#2686=ORIENTED_EDGE('',*,*,#2425,.F.);
#2687=EDGE_LOOP('',(#2682,#2683,#2685,#2686));
#2688=FACE_OUTER_BOUND('',#2687,.F.);
#2689=ADVANCED_FACE('',(#2688),#2681,.T.);
#2690=CARTESIAN_POINT('',(-1.07E2,-1.293477251308E1,-5.218584354139E2));
#2691=DIRECTION('',(-1.E0,0.E0,0.E0));
#2692=DIRECTION('',(0.E0,0.E0,-1.E0));
#2693=AXIS2_PLACEMENT_3D('',#2690,#2691,#2692);
#2694=CYLINDRICAL_SURFACE('',#2693,2.E0);
#2695=ORIENTED_EDGE('',*,*,#2684,.T.);
#2696=ORIENTED_EDGE('',*,*,#2659,.T.);
#2697=ORIENTED_EDGE('',*,*,#2384,.F.);
#2698=ORIENTED_EDGE('',*,*,#2382,.T.);
#2699=ORIENTED_EDGE('',*,*,#2410,.T.);
#2700=EDGE_LOOP('',(#2695,#2696,#2697,#2698,#2699));
#2701=FACE_OUTER_BOUND('',#2700,.F.);
#2702=ADVANCED_FACE('',(#2701),#2694,.T.);
#2703=CARTESIAN_POINT('',(-1.14E2,-2.999999975869E0,-5.530000000597E2));
#2704=DIRECTION('',(-1.E0,0.E0,0.E0));
#2705=DIRECTION('',(0.E0,0.E0,-1.E0));
#2706=AXIS2_PLACEMENT_3D('',#2703,#2704,#2705);
#2707=CYLINDRICAL_SURFACE('',#2706,2.25E1);
#2708=ORIENTED_EDGE('',*,*,#1705,.F.);
#2709=ORIENTED_EDGE('',*,*,#1935,.T.);
#2710=ORIENTED_EDGE('',*,*,#1584,.F.);
#2712=ORIENTED_EDGE('',*,*,#2711,.F.);
#2713=EDGE_LOOP('',(#2708,#2709,#2710,#2712));
#2714=FACE_OUTER_BOUND('',#2713,.F.);
#2715=ADVANCED_FACE('',(#2714),#2707,.F.);
#2716=CARTESIAN_POINT('',(-1.14E2,-1.198827469915E1,-5.779291179242E2));
#2717=DIRECTION('',(-1.E0,0.E0,0.E0));
#2718=DIRECTION('',(0.E0,0.E0,-1.E0));
#2719=AXIS2_PLACEMENT_3D('',#2716,#2717,#2718);
#2720=CYLINDRICAL_SURFACE('',#2719,4.E0);
#2721=ORIENTED_EDGE('',*,*,#1707,.F.);
#2722=ORIENTED_EDGE('',*,*,#2711,.T.);
#2723=ORIENTED_EDGE('',*,*,#1582,.F.);
#2725=ORIENTED_EDGE('',*,*,#2724,.T.);
#2727=ORIENTED_EDGE('',*,*,#2726,.F.);
#2728=EDGE_LOOP('',(#2721,#2722,#2723,#2725,#2727));
#2729=FACE_OUTER_BOUND('',#2728,.F.);
#2730=ADVANCED_FACE('',(#2729),#2720,.T.);
#2731=CARTESIAN_POINT('',(-1.14E2,-1.080322764998E1,-5.820446635533E2));
#2732=DIRECTION('',(0.E0,-6.018150231520E-1,7.986355100473E-1));
#2733=DIRECTION('',(0.E0,-7.986355100473E-1,-6.018150231520E-1));
#2734=AXIS2_PLACEMENT_3D('',#2731,#2732,#2733);
#2735=PLANE('',#2734);
#2736=ORIENTED_EDGE('',*,*,#1580,.F.);
#2738=ORIENTED_EDGE('',*,*,#2737,.F.);
#2740=ORIENTED_EDGE('',*,*,#2739,.F.);
#2742=ORIENTED_EDGE('',*,*,#2741,.F.);
#2744=ORIENTED_EDGE('',*,*,#2743,.T.);
#2745=ORIENTED_EDGE('',*,*,#2724,.F.);
#2746=EDGE_LOOP('',(#2736,#2738,#2740,#2742,#2744,#2745));
#2747=FACE_OUTER_BOUND('',#2746,.F.);
#2748=ADVANCED_FACE('',(#2747),#2735,.F.);
#2749=CARTESIAN_POINT('',(-1.14E2,-1.993353782835E1,-5.839163031343E2));
#2750=DIRECTION('',(-1.E0,0.E0,0.E0));
#2751=DIRECTION('',(0.E0,0.E0,-1.E0));
#2752=AXIS2_PLACEMENT_3D('',#2749,#2750,#2751);
#2753=CYLINDRICAL_SURFACE('',#2752,4.E0);
#2755=ORIENTED_EDGE('',*,*,#2754,.F.);
#2756=ORIENTED_EDGE('',*,*,#2737,.T.);
#2757=ORIENTED_EDGE('',*,*,#1578,.F.);
#2758=ORIENTED_EDGE('',*,*,#1576,.F.);
#2759=ORIENTED_EDGE('',*,*,#1553,.F.);
#2760=ORIENTED_EDGE('',*,*,#1733,.F.);
#2761=ORIENTED_EDGE('',*,*,#1731,.F.);
#2762=EDGE_LOOP('',(#2755,#2756,#2757,#2758,#2759,#2760,#2761));
#2763=FACE_OUTER_BOUND('',#2762,.F.);
#2764=ADVANCED_FACE('',(#2763),#2753,.T.);
#2765=CARTESIAN_POINT('',(-1.139975598917E2,-2.051408627101E1,
-5.829805350348E2));
#2766=CARTESIAN_POINT('',(-1.139976543673E2,-2.036911465870E1,
-5.831304161393E2));
#2767=CARTESIAN_POINT('',(-1.139972509809E2,-2.021607461633E1,
-5.835204675415E2));
#2768=CARTESIAN_POINT('',(-1.139955473573E2,-2.002817159834E1,
-5.843676426731E2));
#2769=CARTESIAN_POINT('',(-1.139936737204E2,-1.971992763169E1,
-5.852159161271E2));
#2770=CARTESIAN_POINT('',(-1.139920142134E2,-1.931813182419E1,
-5.859150787122E2));
#2771=CARTESIAN_POINT('',(-1.139907294339E2,-1.892688002980E1,
-5.864289963247E2));
#2772=CARTESIAN_POINT('',(-1.139894446545E2,-1.843858557043E1,
-5.869058906895E2));
#2773=CARTESIAN_POINT('',(-1.139882000243E2,-1.787264247443E1,
-5.873186883934E2));
#2774=CARTESIAN_POINT('',(-1.139870356927E2,-1.724011133645E1,
-5.876458506361E2));
#2775=CARTESIAN_POINT('',(-1.139859918095E2,-1.655704286619E1,
-5.878652739056E2));
#2776=CARTESIAN_POINT('',(-1.139851085235E2,-1.582786074690E1,
-5.879515789251E2));
#2777=CARTESIAN_POINT('',(-1.139844259843E2,-1.508007298706E1,
-5.878878896387E2));
#2778=CARTESIAN_POINT('',(-1.139839521541E2,-1.431400410024E1,
-5.876521300305E2));
#2779=CARTESIAN_POINT('',(-1.139838561068E2,-1.385008353443E1,
-5.873695473788E2));
#2780=CARTESIAN_POINT('',(-1.139838850237E2,-1.362410626921E1,
-5.871789787332E2));
#2781=CARTESIAN_POINT('',(-1.140026007450E2,-2.046279061409E1,
-5.829443290189E2));
#2782=CARTESIAN_POINT('',(-1.140025000500E2,-2.032219199695E1,
-5.830923875916E2));
#2783=CARTESIAN_POINT('',(-1.140029299919E2,-2.016619770012E1,
-5.834690232158E2));
#2784=CARTESIAN_POINT('',(-1.140047457682E2,-1.996671618916E1,
-5.842702337905E2));
#2785=CARTESIAN_POINT('',(-1.140067427498E2,-1.965923791746E1,
-5.850640142100E2));
#2786=CARTESIAN_POINT('',(-1.140085115052E2,-1.926894175461E1,
-5.857152478648E2));
#2787=CARTESIAN_POINT('',(-1.140098808640E2,-1.889278010048E1,
-5.861925852913E2));
#2788=CARTESIAN_POINT('',(-1.140112502228E2,-1.842688021066E1,
-5.866342437725E2));
#2789=CARTESIAN_POINT('',(-1.140125767893E2,-1.788942062418E1,
-5.870152484171E2));
#2790=CARTESIAN_POINT('',(-1.140138177708E2,-1.729063311461E1,
-5.873157435351E2));
#2791=CARTESIAN_POINT('',(-1.140149303749E2,-1.664551328537E1,
-5.875153782149E2));
#2792=CARTESIAN_POINT('',(-1.140158718091E2,-1.595794818595E1,
-5.875906632297E2));
#2793=CARTESIAN_POINT('',(-1.140165992810E2,-1.525332820645E1,
-5.875259160722E2));
#2794=CARTESIAN_POINT('',(-1.140171043043E2,-1.453157484168E1,
-5.873003851036E2));
#2795=CARTESIAN_POINT('',(-1.140172066746E2,-1.409406789240E1,
-5.870330958813E2));
#2796=CARTESIAN_POINT('',(-1.140171758541E2,-1.388062506515E1,
-5.868533649166E2));
#2797=CARTESIAN_POINT('',(-1.139984103581E2,-2.037016696223E1,
-5.828789524623E2));
#2798=CARTESIAN_POINT('',(-1.139984719055E2,-2.023746458438E1,
-5.830237201219E2));
#2799=CARTESIAN_POINT('',(-1.139982091139E2,-2.007613584304E1,
-5.833761311157E2));
#2800=CARTESIAN_POINT('',(-1.139970992651E2,-1.985574725403E1,
-5.840943443104E2));
#2801=CARTESIAN_POINT('',(-1.139958786587E2,-1.954965158402E1,
-5.847897276300E2));
#2802=CARTESIAN_POINT('',(-1.139947975502E2,-1.918012012421E1,
-5.853544168714E2));
#2803=CARTESIAN_POINT('',(-1.139939605631E2,-1.883120646693E1,
-5.857657021091E2));
#2804=CARTESIAN_POINT('',(-1.139931235759E2,-1.840574405151E1,
-5.861437357843E2));
#2805=CARTESIAN_POINT('',(-1.139923127446E2,-1.791971662963E1,
-5.864673322697E2));
#2806=CARTESIAN_POINT('',(-1.139915542249E2,-1.738185938741E1,
-5.867196750367E2));
#2807=CARTESIAN_POINT('',(-1.139908741729E2,-1.680526274174E1,
-5.868835778131E2));
#2808=CARTESIAN_POINT('',(-1.139902987442E2,-1.619284475204E1,
-5.869389642024E2));
#2809=CARTESIAN_POINT('',(-1.139898540948E2,-1.556617206281E1,
-5.868723068657E2));
#2810=CARTESIAN_POINT('',(-1.139895454116E2,-1.492443844500E1,
-5.866652455689E2));
#2811=CARTESIAN_POINT('',(-1.139894828402E2,-1.453462609148E1,
-5.864255714195E2));
#2812=CARTESIAN_POINT('',(-1.139895016785E2,-1.434381647508E1,
-5.862654098617E2));
#2813=CARTESIAN_POINT('',(-1.139521161033E2,-2.023577840150E1,
-5.827840969781E2));
#2814=CARTESIAN_POINT('',(-1.139539700605E2,-2.011453275432E1,
-5.829240898197E2));
#2815=CARTESIAN_POINT('',(-1.139460541368E2,-1.994546421532E1,
-5.832413530606E2));
#2816=CARTESIAN_POINT('',(-1.139126227776E2,-1.969474134270E1,
-5.838391445464E2));
#2817=CARTESIAN_POINT('',(-1.138758551331E2,-1.939065170300E1,
-5.843917625537E2));
#2818=CARTESIAN_POINT('',(-1.138432895028E2,-1.905124795353E1,
-5.848308836604E2));
#2819=CARTESIAN_POINT('',(-1.138180774062E2,-1.874186868087E1,
-5.851463331326E2));
#2820=CARTESIAN_POINT('',(-1.137928653095E2,-1.837507739185E1,
-5.854320529557E2));
#2821=CARTESIAN_POINT('',(-1.137684410871E2,-1.796367339971E1,
-5.856723553823E2));
#2822=CARTESIAN_POINT('',(-1.137455926207E2,-1.751422047724E1,
-5.858548334330E2));
#2823=CARTESIAN_POINT('',(-1.137251077931E2,-1.703704478757E1,
-5.859668924423E2));
#2824=CARTESIAN_POINT('',(-1.137077744750E2,-1.653365847296E1,
-5.859934077214E2));
#2825=CARTESIAN_POINT('',(-1.136943805465E2,-1.602008026818E1,
-5.859239788871E2));
#2826=CARTESIAN_POINT('',(-1.136850822566E2,-1.549444808253E1,
-5.857437154173E2));
#2827=CARTESIAN_POINT('',(-1.136831974526E2,-1.517383628356E1,
-5.855441082468E2));
#2828=CARTESIAN_POINT('',(-1.136837649090E2,-1.501586541369E1,
-5.854123401324E2));
#2829=CARTESIAN_POINT('',(-1.138816895602E2,-2.012361591425E1,
-5.827049293244E2));
#2830=CARTESIAN_POINT('',(-1.138862702754E2,-2.001193220746E1,
-5.828409370393E2));
#2831=CARTESIAN_POINT('',(-1.138667117914E2,-1.983640392999E1,
-5.831288654962E2));
#2832=CARTESIAN_POINT('',(-1.137841103515E2,-1.956036365923E1,
-5.836261514159E2));
#2833=CARTESIAN_POINT('',(-1.136932656940E2,-1.925794827922E1,
-5.840596155871E2));
#2834=CARTESIAN_POINT('',(-1.136128032775E2,-1.894368951908E1,
-5.843939358519E2));
#2835=CARTESIAN_POINT('',(-1.135505098042E2,-1.866730617172E1,
-5.846293995145E2));
#2836=CARTESIAN_POINT('',(-1.134882163306E2,-1.834948258822E1,
-5.848380729639E2));
#2837=CARTESIAN_POINT('',(-1.134278695189E2,-1.800036030696E1,
-5.850088570569E2));
#2838=CARTESIAN_POINT('',(-1.133714160491E2,-1.762469081019E1,
-5.851330250826E2));
#2839=CARTESIAN_POINT('',(-1.133208026043E2,-1.723049317794E1,
-5.852018145914E2));
#2840=CARTESIAN_POINT('',(-1.132779758371E2,-1.681810615522E1,
-5.852042336567E2));
#2841=CARTESIAN_POINT('',(-1.132448824242E2,-1.639891811728E1,
-5.851324916934E2));
#2842=CARTESIAN_POINT('',(-1.132219084217E2,-1.597018573728E1,
-5.849745940478E2));
#2843=CARTESIAN_POINT('',(-1.132172514907E2,-1.570732964512E1,
-5.848084273130E2));
#2844=CARTESIAN_POINT('',(-1.132186535491E2,-1.557676643152E1,
-5.847003567456E2));
#2845=CARTESIAN_POINT('',(-1.137824877413E2,-2.002347544374E1,
-5.826342471714E2));
#2846=CARTESIAN_POINT('',(-1.137909093287E2,-1.992032879093E1,
-5.827666969010E2));
#2847=CARTESIAN_POINT('',(-1.137549513015E2,-1.973903315515E1,
-5.830284347915E2));
#2848=CARTESIAN_POINT('',(-1.136030895909E2,-1.944038910463E1,
-5.834359877271E2));
#2849=CARTESIAN_POINT('',(-1.134360728282E2,-1.913946853058E1,
-5.837630694393E2));
#2850=CARTESIAN_POINT('',(-1.132881436854E2,-1.884765962087E1,
-5.840038218289E2));
#2851=CARTESIAN_POINT('',(-1.131736179165E2,-1.860073556570E1,
-5.841678728757E2));
#2852=CARTESIAN_POINT('',(-1.130590921472E2,-1.832663113635E1,
-5.843077580849E2));
#2853=CARTESIAN_POINT('',(-1.129481452913E2,-1.803311496713E1,
-5.844164750928E2));
#2854=CARTESIAN_POINT('',(-1.128443562957E2,-1.772332049817E1,
-5.844885829914E2));
#2855=CARTESIAN_POINT('',(-1.127513041126E2,-1.740320700866E1,
-5.845187407951E2));
#2856=CARTESIAN_POINT('',(-1.126725676386E2,-1.707206561561E1,
-5.844996463735E2));
#2857=CARTESIAN_POINT('',(-1.126117258143E2,-1.673715063504E1,
-5.844258392115E2));
#2858=CARTESIAN_POINT('',(-1.125694883990E2,-1.639493195830E1,
-5.842879101329E2));
#2859=CARTESIAN_POINT('',(-1.125609266898E2,-1.618364108900E1,
-5.841515995563E2));
#2860=CARTESIAN_POINT('',(-1.125635043567E2,-1.607754787119E1,
-5.840646865397E2));
#2861=CARTESIAN_POINT('',(-1.136600437464E2,-1.994230442470E1,
-5.825769542271E2));
#2862=CARTESIAN_POINT('',(-1.136732060909E2,-1.984607766519E1,
-5.827065199551E2));
#2863=CARTESIAN_POINT('',(-1.136170062413E2,-1.966010717268E1,
-5.829470285169E2));
#2864=CARTESIAN_POINT('',(-1.133796571442E2,-1.934314114078E1,
-5.832818464461E2));
#2865=CARTESIAN_POINT('',(-1.131186217741E2,-1.904343221396E1,
-5.835226975608E2));
#2866=CARTESIAN_POINT('',(-1.128874190019E2,-1.876982051490E1,
-5.836876064903E2));
#2867=CARTESIAN_POINT('',(-1.127084233371E2,-1.854677532463E1,
-5.837937725004E2));
#2868=CARTESIAN_POINT('',(-1.125294276716E2,-1.830810839898E1,
-5.838778999175E2));
#2869=CARTESIAN_POINT('',(-1.123560255945E2,-1.805966496367E1,
-5.839363071103E2));
#2870=CARTESIAN_POINT('',(-1.121938107458E2,-1.780326691984E1,
-5.839662165497E2));
#2871=CARTESIAN_POINT('',(-1.120483767747E2,-1.754320393071E1,
-5.839650605912E2));
#2872=CARTESIAN_POINT('',(-1.119253172428E2,-1.727791793574E1,
-5.839285279488E2));
#2873=CARTESIAN_POINT('',(-1.118302257809E2,-1.701131230016E1,
-5.838530467952E2));
#2874=CARTESIAN_POINT('',(-1.117642116924E2,-1.673921917237E1,
-5.837313036694E2));
#2875=CARTESIAN_POINT('',(-1.117508303474E2,-1.656972560700E1,
-5.836191936461E2));
#2876=CARTESIAN_POINT('',(-1.117548590583E2,-1.648346707216E1,
-5.835494303389E2));
#2877=CARTESIAN_POINT('',(-1.135228427721E2,-1.988463024587E1,
-5.825362460588E2));
#2878=CARTESIAN_POINT('',(-1.135413172311E2,-1.979332025553E1,
-5.826637626265E2));
#2879=CARTESIAN_POINT('',(-1.134624360098E2,-1.960402815233E1,
-5.828891871825E2));
#2880=CARTESIAN_POINT('',(-1.131292965660E2,-1.927404386291E1,
-5.831723249457E2));
#2881=CARTESIAN_POINT('',(-1.127629114436E2,-1.897519584386E1,
-5.833519069157E2));
#2882=CARTESIAN_POINT('',(-1.124383988844E2,-1.871451374938E1,
-5.834629270394E2));
#2883=CARTESIAN_POINT('',(-1.121871633966E2,-1.850843513094E1,
-5.835279641838E2));
#2884=CARTESIAN_POINT('',(-1.119359279078E2,-1.829494749893E1,
-5.835724741985E2));
#2885=CARTESIAN_POINT('',(-1.116925434913E2,-1.807852944591E1,
-5.835951349231E2));
#2886=CARTESIAN_POINT('',(-1.114648612917E2,-1.786007098947E1,
-5.835950612291E2));
#2887=CARTESIAN_POINT('',(-1.112607324671E2,-1.764267548611E1,
-5.835716560058E2));
#2888=CARTESIAN_POINT('',(-1.110880080519E2,-1.742418151181E1,
-5.835227330413E2));
#2889=CARTESIAN_POINT('',(-1.109545391779E2,-1.720611149186E1,
-5.834460624723E2));
#2890=CARTESIAN_POINT('',(-1.108618828461E2,-1.698384444122E1,
-5.833358198980E2));
#2891=CARTESIAN_POINT('',(-1.108431010016E2,-1.684404897754E1,
-5.832409050150E2));
#2892=CARTESIAN_POINT('',(-1.108487556365E2,-1.677188351507E1,
-5.831833270348E2));
#2893=CARTESIAN_POINT('',(-1.133804614708E2,-1.985177415107E1,
-5.825130552398E2));
#2894=CARTESIAN_POINT('',(-1.134044486147E2,-1.976326516868E1,
-5.826394044323E2));
#2895=CARTESIAN_POINT('',(-1.133020296362E2,-1.957208079479E1,
-5.828562358622E2));
#2896=CARTESIAN_POINT('',(-1.128694830691E2,-1.923468020388E1,
-5.831099322270E2));
#2897=CARTESIAN_POINT('',(-1.123937704808E2,-1.893632263073E1,
-5.832546101057E2));
#2898=CARTESIAN_POINT('',(-1.119724250166E2,-1.868300633364E1,
-5.833349306037E2));
#2899=CARTESIAN_POINT('',(-1.116462221310E2,-1.848659331080E1,
-5.833765372634E2));
#2900=CARTESIAN_POINT('',(-1.113200192442E2,-1.828744993613E1,
-5.833984778538E2));
#2901=CARTESIAN_POINT('',(-1.110040101497E2,-1.808927625201E1,
-5.834007743631E2));
#2902=CARTESIAN_POINT('',(-1.107083887347E2,-1.789243139646E1,
-5.833836197384E2));
#2903=CARTESIAN_POINT('',(-1.104433489020E2,-1.769934290507E1,
-5.833475394492E2));
#2904=CARTESIAN_POINT('',(-1.102190843956E2,-1.750750562705E1,
-5.832915579092E2));
#2905=CARTESIAN_POINT('',(-1.100457890854E2,-1.731708560262E1,
-5.832142097468E2));
#2906=CARTESIAN_POINT('',(-1.099254845729E2,-1.712320370390E1,
-5.831105188619E2));
#2907=CARTESIAN_POINT('',(-1.099010983213E2,-1.700032679297E1,
-5.830253997859E2));
#2908=CARTESIAN_POINT('',(-1.099084402707E2,-1.693618993751E1,
-5.829747635995E2));
#2909=CARTESIAN_POINT('',(-1.132661032006E2,-1.984376837895E1,
-5.825074045253E2));
#2910=CARTESIAN_POINT('',(-1.132945180406E2,-1.975594189490E1,
-5.826334692732E2));
#2911=CARTESIAN_POINT('',(-1.131731939314E2,-1.956429644714E1,
-5.828482068861E2));
#2912=CARTESIAN_POINT('',(-1.126608052312E2,-1.922508878743E1,
-5.830947295114E2));
#2913=CARTESIAN_POINT('',(-1.120972826586E2,-1.892685071741E1,
-5.832309025990E2));
#2914=CARTESIAN_POINT('',(-1.115981626313E2,-1.867532918289E1,
-5.833037427730E2));
#2915=CARTESIAN_POINT('',(-1.112117471910E2,-1.848127129572E1,
-5.833396403236E2));
#2916=CARTESIAN_POINT('',(-1.108253317489E2,-1.828562306709E1,
-5.833560816036E2));
#2917=CARTESIAN_POINT('',(-1.104509917330E2,-1.809189483713E1,
-5.833534161357E2));
#2918=CARTESIAN_POINT('',(-1.101008026800E2,-1.790031638832E1,
-5.833320995413E2));
#2919=CARTESIAN_POINT('',(-1.097868401492E2,-1.771315058514E1,
-5.832929308269E2));
#2920=CARTESIAN_POINT('',(-1.095211795070E2,-1.752780852291E1,
-5.832352293802E2));
#2921=CARTESIAN_POINT('',(-1.093158962717E2,-1.734412574383E1,
-5.831577161188E2));
#2922=CARTESIAN_POINT('',(-1.091733852059E2,-1.715716021964E1,
-5.830556216241E2));
#2923=CARTESIAN_POINT('',(-1.091444975878E2,-1.703840571219E1,
-5.829728894138E2));
#2924=CARTESIAN_POINT('',(-1.091531947598E2,-1.697622512066E1,
-5.829239446769E2));
#2925=CARTESIAN_POINT('',(-1.132016444565E2,-1.984601070212E1,
-5.825089872243E2));
#2926=CARTESIAN_POINT('',(-1.132325549947E2,-1.975799305824E1,
-5.826351316419E2));
#2927=CARTESIAN_POINT('',(-1.131005748910E2,-1.956647675178E1,
-5.828504557096E2));
#2928=CARTESIAN_POINT('',(-1.125431826817E2,-1.922777523114E1,
-5.830989876134E2));
#2929=CARTESIAN_POINT('',(-1.119301654695E2,-1.892950368948E1,
-5.832375427945E2));
#2930=CARTESIAN_POINT('',(-1.113872073304E2,-1.867747946312E1,
-5.833124781206E2));
#2931=CARTESIAN_POINT('',(-1.109668527119E2,-1.848276192980E1,
-5.833499747227E2));
#2932=CARTESIAN_POINT('',(-1.105464980920E2,-1.828613475182E1,
-5.833679563017E2));
#2933=CARTESIAN_POINT('',(-1.101392794922E2,-1.809116140205E1,
-5.833666806232E2));
#2934=CARTESIAN_POINT('',(-1.097583330555E2,-1.789810789444E1,
-5.833465297489E2));
#2935=CARTESIAN_POINT('',(-1.094167949430E2,-1.770928321539E1,
-5.833082260629E2));
#2936=CARTESIAN_POINT('',(-1.091278011139E2,-1.752212191936E1,
-5.832510063447E2));
#2937=CARTESIAN_POINT('',(-1.089044876880E2,-1.733655211643E1,
-5.831735393205E2));
#2938=CARTESIAN_POINT('',(-1.087494597597E2,-1.714764939709E1,
-5.830709977011E2));
#2939=CARTESIAN_POINT('',(-1.087180349199E2,-1.702774025238E1,
-5.829875969550E2));
#2940=CARTESIAN_POINT('',(-1.087274959715E2,-1.696501173404E1,
-5.829381784630E2));
#2941=CARTESIAN_POINT('',(-1.131812479013E2,-1.984727342667E1,
-5.825098784924E2));
#2942=CARTESIAN_POINT('',(-1.132129481482E2,-1.975914813456E1,
-5.826360677744E2));
#2943=CARTESIAN_POINT('',(-1.130775961897E2,-1.956770455166E1,
-5.828517220926E2));
#2944=CARTESIAN_POINT('',(-1.125059636067E2,-1.922928805415E1,
-5.831013854897E2));
#2945=CARTESIAN_POINT('',(-1.118772849023E2,-1.893099766369E1,
-5.832412820992E2));
#2946=CARTESIAN_POINT('',(-1.113204551540E2,-1.867869035523E1,
-5.833173972757E2));
#2947=CARTESIAN_POINT('',(-1.108893612276E2,-1.848360135399E1,
-5.833557943577E2));
#2948=CARTESIAN_POINT('',(-1.104582672998E2,-1.828642289797E1,
-5.833746433224E2));
#2949=CARTESIAN_POINT('',(-1.100406449932E2,-1.809074838111E1,
-5.833741502811E2));
#2950=CARTESIAN_POINT('',(-1.096499660571E2,-1.789686422025E1,
-5.833546558622E2));
#2951=CARTESIAN_POINT('',(-1.092997022568E2,-1.770710537481E1,
-5.833168393007E2));
#2952=CARTESIAN_POINT('',(-1.090033251527E2,-1.751891960932E1,
-5.832598908615E2));
#2953=CARTESIAN_POINT('',(-1.087743064685E2,-1.733228716272E1,
-5.831824498782E2));
#2954=CARTESIAN_POINT('',(-1.086153178547E2,-1.714229354594E1,
-5.830796564611E2));
#2955=CARTESIAN_POINT('',(-1.085830901659E2,-1.702173418805E1,
-5.829958792486E2));
#2956=CARTESIAN_POINT('',(-1.085927929306E2,-1.695869711445E1,
-5.829461939689E2));
#2957=B_SPLINE_SURFACE_WITH_KNOTS('',3,3,((#2765,#2766,#2767,#2768,#2769,#2770,
#2771,#2772,#2773,#2774,#2775,#2776,#2777,#2778,#2779,#2780),(#2781,#2782,#2783,
#2784,#2785,#2786,#2787,#2788,#2789,#2790,#2791,#2792,#2793,#2794,#2795,#2796),(
#2797,#2798,#2799,#2800,#2801,#2802,#2803,#2804,#2805,#2806,#2807,#2808,#2809,
#2810,#2811,#2812),(#2813,#2814,#2815,#2816,#2817,#2818,#2819,#2820,#2821,#2822,
#2823,#2824,#2825,#2826,#2827,#2828),(#2829,#2830,#2831,#2832,#2833,#2834,#2835,
#2836,#2837,#2838,#2839,#2840,#2841,#2842,#2843,#2844),(#2845,#2846,#2847,#2848,
#2849,#2850,#2851,#2852,#2853,#2854,#2855,#2856,#2857,#2858,#2859,#2860),(#2861,
#2862,#2863,#2864,#2865,#2866,#2867,#2868,#2869,#2870,#2871,#2872,#2873,#2874,
#2875,#2876),(#2877,#2878,#2879,#2880,#2881,#2882,#2883,#2884,#2885,#2886,#2887,
#2888,#2889,#2890,#2891,#2892),(#2893,#2894,#2895,#2896,#2897,#2898,#2899,#2900,
#2901,#2902,#2903,#2904,#2905,#2906,#2907,#2908),(#2909,#2910,#2911,#2912,#2913,
#2914,#2915,#2916,#2917,#2918,#2919,#2920,#2921,#2922,#2923,#2924),(#2925,#2926,
#2927,#2928,#2929,#2930,#2931,#2932,#2933,#2934,#2935,#2936,#2937,#2938,#2939,
#2940),(#2941,#2942,#2943,#2944,#2945,#2946,#2947,#2948,#2949,#2950,#2951,#2952,
#2953,#2954,#2955,#2956)),.UNSPECIFIED.,.F.,.F.,.F.,(4,1,1,1,1,1,1,1,1,4),(4,1,
1,1,1,1,1,1,1,1,1,1,1,4),(-5.867471500224E-2,1.244965331239E-1,
2.495684569634E-1,3.746403808028E-1,4.997123046422E-1,6.247842284817E-1,
7.498561523211E-1,8.749280761606E-1,1.E0,1.058862495263E0),(6.451581219469E-2,
1.876317859969E-1,2.917545239979E-1,3.958772619990E-1,4.479386309995E-1,5.E-1,
5.520613690005E-1,6.041227380010E-1,6.561841070015E-1,7.082454760020E-1,
7.603068450025E-1,8.123682140030E-1,8.644295830035E-1,9.278738276170E-1),
.UNSPECIFIED.);
#2958=ORIENTED_EDGE('',*,*,#2739,.T.);
#2959=ORIENTED_EDGE('',*,*,#2754,.T.);
#2960=ORIENTED_EDGE('',*,*,#1729,.F.);
#2961=ORIENTED_EDGE('',*,*,#1727,.F.);
#2963=ORIENTED_EDGE('',*,*,#2962,.T.);
#2965=ORIENTED_EDGE('',*,*,#2964,.F.);
#2967=ORIENTED_EDGE('',*,*,#2966,.F.);
#2969=ORIENTED_EDGE('',*,*,#2968,.T.);
#2970=EDGE_LOOP('',(#2958,#2959,#2960,#2961,#2963,#2965,#2967,#2969));
#2971=FACE_OUTER_BOUND('',#2970,.F.);
#2972=ADVANCED_FACE('',(#2971),#2957,.F.);
#2973=CARTESIAN_POINT('',(-1.1325E2,-2.861749458492E1,-5.721157783633E2));
#2974=DIRECTION('',(0.E0,-6.018150231520E-1,7.986355100473E-1));
#2975=DIRECTION('',(0.E0,-7.986355100473E-1,-6.018150231520E-1));
#2976=AXIS2_PLACEMENT_3D('',#2973,#2974,#2975);
#2977=CYLINDRICAL_SURFACE('',#2976,7.5E-1);
#2979=ORIENTED_EDGE('',*,*,#2978,.F.);
#2981=ORIENTED_EDGE('',*,*,#2980,.T.);
#2982=ORIENTED_EDGE('',*,*,#2962,.F.);
#2983=ORIENTED_EDGE('',*,*,#1725,.F.);
#2984=EDGE_LOOP('',(#2979,#2981,#2982,#2983));
#2985=FACE_OUTER_BOUND('',#2984,.F.);
#2986=ADVANCED_FACE('',(#2985),#2977,.F.);
#2987=CARTESIAN_POINT('',(-1.1325E2,-2.061345888183E1,-5.781679821071E2));
#2988=DIRECTION('',(1.E0,0.E0,0.E0));
#2989=DIRECTION('',(0.E0,0.E0,1.E0));
#2990=AXIS2_PLACEMENT_3D('',#2987,#2988,#2989);
#2991=TOROIDAL_SURFACE('',#2990,2.75E0,7.5E-1);
#2992=ORIENTED_EDGE('',*,*,#2978,.T.);
#2993=ORIENTED_EDGE('',*,*,#1723,.F.);
#2995=ORIENTED_EDGE('',*,*,#2994,.T.);
#2997=ORIENTED_EDGE('',*,*,#2996,.T.);
#2998=EDGE_LOOP('',(#2992,#2993,#2995,#2997));
#2999=FACE_OUTER_BOUND('',#2998,.F.);
#3000=ADVANCED_FACE('',(#2999),#2991,.F.);
#3001=CARTESIAN_POINT('',(-1.1325E2,-1.987254366535E1,-5.741662893850E2));
#3002=DIRECTION('',(0.E0,7.986355100473E-1,6.018150231520E-1));
#3003=DIRECTION('',(0.E0,-6.018150231520E-1,7.986355100473E-1));
#3004=AXIS2_PLACEMENT_3D('',#3001,#3002,#3003);
#3005=CYLINDRICAL_SURFACE('',#3004,7.5E-1);
#3006=ORIENTED_EDGE('',*,*,#2994,.F.);
#3007=ORIENTED_EDGE('',*,*,#1721,.F.);
#3009=ORIENTED_EDGE('',*,*,#3008,.F.);
#3011=ORIENTED_EDGE('',*,*,#3010,.T.);
#3012=EDGE_LOOP('',(#3006,#3007,#3009,#3011));
#3013=FACE_OUTER_BOUND('',#3012,.F.);
#3014=ADVANCED_FACE('',(#3013),#3005,.F.);
#3015=CARTESIAN_POINT('',(-1.1325E2,-1.685087759862E1,-5.740805380842E2));
#3016=DIRECTION('',(1.E0,0.E0,0.E0));
#3017=DIRECTION('',(0.E0,0.E0,1.E0));
#3018=AXIS2_PLACEMENT_3D('',#3015,#3016,#3017);
#3019=TOROIDAL_SURFACE('',#3018,1.75E0,7.5E-1);
#3020=ORIENTED_EDGE('',*,*,#3008,.T.);
#3021=ORIENTED_EDGE('',*,*,#1719,.F.);
#3022=ORIENTED_EDGE('',*,*,#1717,.F.);
#3024=ORIENTED_EDGE('',*,*,#3023,.T.);
#3026=ORIENTED_EDGE('',*,*,#3025,.T.);
#3028=ORIENTED_EDGE('',*,*,#3027,.T.);
#3029=EDGE_LOOP('',(#3020,#3021,#3022,#3024,#3026,#3028));
#3030=FACE_OUTER_BOUND('',#3029,.F.);
#3031=ADVANCED_FACE('',(#3030),#3019,.F.);
#3032=CARTESIAN_POINT('',(-1.1325E2,-1.073725579654E1,-5.743683707296E2));
#3033=DIRECTION('',(0.E0,-9.437436412863E-1,3.306779997698E-1));
#3034=DIRECTION('',(0.E0,-3.306779997698E-1,-9.437436412863E-1));
#3035=AXIS2_PLACEMENT_3D('',#3032,#3033,#3034);
#3036=CYLINDRICAL_SURFACE('',#3035,7.5E-1);
#3037=ORIENTED_EDGE('',*,*,#3023,.F.);
#3038=ORIENTED_EDGE('',*,*,#1715,.F.);
#3040=ORIENTED_EDGE('',*,*,#3039,.F.);
#3042=ORIENTED_EDGE('',*,*,#3041,.T.);
#3043=EDGE_LOOP('',(#3037,#3038,#3040,#3042));
#3044=FACE_OUTER_BOUND('',#3043,.F.);
#3045=ADVANCED_FACE('',(#3044),#3036,.F.);
#3046=CARTESIAN_POINT('',(-1.1325E2,-1.423898036091E1,-5.749957198310E2));
#3047=DIRECTION('',(1.E0,0.E0,0.E0));
#3048=DIRECTION('',(0.E0,0.E0,1.E0));
#3049=AXIS2_PLACEMENT_3D('',#3046,#3047,#3048);
#3050=TOROIDAL_SURFACE('',#3049,1.75E0,7.5E-1);
#3051=ORIENTED_EDGE('',*,*,#3039,.T.);
#3052=ORIENTED_EDGE('',*,*,#1713,.F.);
#3054=ORIENTED_EDGE('',*,*,#3053,.T.);
#3056=ORIENTED_EDGE('',*,*,#3055,.T.);
#3057=EDGE_LOOP('',(#3051,#3052,#3054,#3056));
#3058=FACE_OUTER_BOUND('',#3057,.F.);
#3059=ADVANCED_FACE('',(#3058),#3050,.F.);
#3060=CARTESIAN_POINT('',(-1.1325E2,-1.242176812261E1,-5.744993716746E2));
#3061=DIRECTION('',(0.E0,6.018150231520E-1,-7.986355100473E-1));
#3062=DIRECTION('',(0.E0,7.986355100473E-1,6.018150231520E-1));
#3063=AXIS2_PLACEMENT_3D('',#3060,#3061,#3062);
#3064=CYLINDRICAL_SURFACE('',#3063,7.5E-1);
#3065=ORIENTED_EDGE('',*,*,#3053,.F.);
#3066=ORIENTED_EDGE('',*,*,#1711,.F.);
#3068=ORIENTED_EDGE('',*,*,#3067,.F.);
#3070=ORIENTED_EDGE('',*,*,#3069,.T.);
#3071=EDGE_LOOP('',(#3065,#3066,#3068,#3070));
#3072=FACE_OUTER_BOUND('',#3071,.F.);
#3073=ADVANCED_FACE('',(#3072),#3064,.F.);
#3074=CARTESIAN_POINT('',(-1.139876671079E2,-9.083699421634E0,
-5.837629171645E2));
#3075=CARTESIAN_POINT('',(-1.139876273302E2,-8.630874980132E0,
-5.834595777779E2));
#3076=CARTESIAN_POINT('',(-1.139878694908E2,-8.116944120538E0,
-5.828414246827E2));
#3077=CARTESIAN_POINT('',(-1.139886035853E2,-7.744615649230E0,
-5.818695482621E2));
#3078=CARTESIAN_POINT('',(-1.139892795620E2,-7.619863884236E0,
-5.811415014621E2));
#3079=CARTESIAN_POINT('',(-1.139900784436E2,-7.637487379222E0,
-5.804135871920E2));
#3080=CARTESIAN_POINT('',(-1.139909695041E2,-7.775402953530E0,
-5.797075445735E2));
#3081=CARTESIAN_POINT('',(-1.139919220169E2,-8.015857401898E0,
-5.790439274985E2));
#3082=CARTESIAN_POINT('',(-1.139929052558E2,-8.341178845729E0,
-5.784419059515E2));
#3083=CARTESIAN_POINT('',(-1.139938884947E2,-8.729040124358E0,
-5.779273707754E2));
#3084=CARTESIAN_POINT('',(-1.139951585119E2,-9.291611006877E0,
-5.773546834516E2));
#3085=CARTESIAN_POINT('',(-1.139963056241E2,-9.875270585548E0,
-5.769369109106E2));
#3086=CARTESIAN_POINT('',(-1.139972069264E2,-1.038122491812E1,
-5.766377428272E2));
#3087=CARTESIAN_POINT('',(-1.139979677102E2,-1.086202952668E1,
-5.763557124899E2));
#3088=CARTESIAN_POINT('',(-1.139982055429E2,-1.111990764348E1,
-5.761576009318E2));
#3089=CARTESIAN_POINT('',(-1.139981321654E2,-1.122247524692E1,
-5.759783947544E2));
#3090=CARTESIAN_POINT('',(-1.140150081220E2,-9.320922238864E0,
-5.834335700742E2));
#3091=CARTESIAN_POINT('',(-1.140150565283E2,-8.893253008756E0,
-5.831466426391E2));
#3092=CARTESIAN_POINT('',(-1.140147618386E2,-8.406037068965E0,
-5.825641468083E2));
#3093=CARTESIAN_POINT('',(-1.140138685056E2,-8.048555818934E0,
-5.816489891870E2));
#3094=CARTESIAN_POINT('',(-1.140130458972E2,-7.925071702228E0,
-5.809632535188E2));
#3095=CARTESIAN_POINT('',(-1.140120737235E2,-7.934568041229E0,
-5.802769423524E2));
#3096=CARTESIAN_POINT('',(-1.140109893757E2,-8.056611850106E0,
-5.796102201391E2));
#3097=CARTESIAN_POINT('',(-1.140098302455E2,-8.274851264090E0,
-5.789822461487E2));
#3098=CARTESIAN_POINT('',(-1.140086337240E2,-8.572988548272E0,
-5.784108257231E2));
#3099=CARTESIAN_POINT('',(-1.140074372026E2,-8.930428327252E0,
-5.779201850964E2));
#3100=CARTESIAN_POINT('',(-1.140058916954E2,-9.450956446349E0,
-5.773709601325E2));
#3101=CARTESIAN_POINT('',(-1.140044957536E2,-9.993801328572E0,
-5.769653056247E2));
#3102=CARTESIAN_POINT('',(-1.140033989425E2,-1.046763456497E1,
-5.766698273315E2));
#3103=CARTESIAN_POINT('',(-1.140024731308E2,-1.092082369696E1,
-5.763889936317E2));
#3104=CARTESIAN_POINT('',(-1.140021837077E2,-1.116830250995E1,
-5.761915426825E2));
#3105=CARTESIAN_POINT('',(-1.140022730021E2,-1.127041547764E1,
-5.760169081404E2));
#3106=CARTESIAN_POINT('',(-1.139869859346E2,-9.753117573460E0,
-5.828335338823E2));
#3107=CARTESIAN_POINT('',(-1.139869439598E2,-9.371278525856E0,
-5.825765073181E2));
#3108=CARTESIAN_POINT('',(-1.139871994956E2,-8.932734395294E0,
-5.820589753195E2));
#3109=CARTESIAN_POINT('',(-1.139879741357E2,-8.602303240367E0,
-5.812471534597E2));
#3110=CARTESIAN_POINT('',(-1.139886874481E2,-8.481128647167E0,
-5.806385042793E2));
#3111=CARTESIAN_POINT('',(-1.139895304538E2,-8.475818152057E0,
-5.800279896466E2));
#3112=CARTESIAN_POINT('',(-1.139904707295E2,-8.568945252783E0,
-5.794329051279E2));
#3113=CARTESIAN_POINT('',(-1.139914758518E2,-8.746711181419E0,
-5.788698691359E2));
#3114=CARTESIAN_POINT('',(-1.139925133972E2,-8.995321750128E0,
-5.783542007748E2));
#3115=CARTESIAN_POINT('',(-1.139935509426E2,-9.297336716386E0,
-5.779070935357E2));
#3116=CARTESIAN_POINT('',(-1.139948911057E2,-9.741267287172E0,
-5.774006145548E2));
#3117=CARTESIAN_POINT('',(-1.139961015755E2,-1.020975203154E1,
-5.770170378446E2));
#3118=CARTESIAN_POINT('',(-1.139970526586E2,-1.062506396688E1,
-5.767282819661E2));
#3119=CARTESIAN_POINT('',(-1.139978554622E2,-1.102794056876E1,
-5.764496284155E2));
#3120=CARTESIAN_POINT('',(-1.139981064310E2,-1.125647293029E1,
-5.762533810268E2));
#3121=CARTESIAN_POINT('',(-1.139980290008E2,-1.135775759884E1,
-5.760870755296E2));
#3122=CARTESIAN_POINT('',(-1.136136923860E2,-1.056547457295E1,
-5.817057021787E2));
#3123=CARTESIAN_POINT('',(-1.136124464129E2,-1.026977821728E1,
-5.815048774749E2));
#3124=CARTESIAN_POINT('',(-1.136200316974E2,-9.922717917653E0,
-5.811094518936E2));
#3125=CARTESIAN_POINT('',(-1.136430260042E2,-9.643130287243E0,
-5.804918605641E2));
#3126=CARTESIAN_POINT('',(-1.136641998643E2,-9.526296688529E0,
-5.800281036187E2));
#3127=CARTESIAN_POINT('',(-1.136892235211E2,-9.493155177232E0,
-5.795600566154E2));
#3128=CARTESIAN_POINT('',(-1.137171345270E2,-9.531930256106E0,
-5.790996227463E2));
#3129=CARTESIAN_POINT('',(-1.137469704298E2,-9.633621973666E0,
-5.786586446138E2));
#3130=CARTESIAN_POINT('',(-1.137777687764E2,-9.789141824499E0,
-5.782477681750E2));
#3131=CARTESIAN_POINT('',(-1.138085671230E2,-9.986979973142E0,
-5.778824865578E2));
#3132=CARTESIAN_POINT('',(-1.138483483271E2,-1.028693732273E1,
-5.774563531887E2));
#3133=CARTESIAN_POINT('',(-1.138842797354E2,-1.061565429625E1,
-5.771142740421E2));
#3134=CARTESIAN_POINT('',(-1.139125115486E2,-1.092096923544E1,
-5.768381536554E2));
#3135=CARTESIAN_POINT('',(-1.139363418537E2,-1.122927809744E1,
-5.765635979267E2));
#3136=CARTESIAN_POINT('',(-1.139437915736E2,-1.142219859272E1,
-5.763696127577E2));
#3137=CARTESIAN_POINT('',(-1.139414931462E2,-1.152192638506E1,
-5.762189625845E2));
#3138=CARTESIAN_POINT('',(-1.128522043282E2,-1.126526419737E1,
-5.807341528172E2));
#3139=CARTESIAN_POINT('',(-1.128485022976E2,-1.104377383993E1,
-5.805817421463E2));
#3140=CARTESIAN_POINT('',(-1.128710396655E2,-1.077552056207E1,
-5.802915028365E2));
#3141=CARTESIAN_POINT('',(-1.129393602598E2,-1.053973112744E1,
-5.798412277362E2));
#3142=CARTESIAN_POINT('',(-1.130022719499E2,-1.042663699653E1,
-5.795022854755E2));
#3143=CARTESIAN_POINT('',(-1.130766221412E2,-1.036952098088E1,
-5.791569645261E2));
#3144=CARTESIAN_POINT('',(-1.131595512127E2,-1.036147553505E1,
-5.788125229210E2));
#3145=CARTESIAN_POINT('',(-1.132481995307E2,-1.039763455748E1,
-5.784766892308E2));
#3146=CARTESIAN_POINT('',(-1.133397074576E2,-1.047296316420E1,
-5.781560838181E2));
#3147=CARTESIAN_POINT('',(-1.134312153844E2,-1.058106015707E1,
-5.778612893406E2));
#3148=CARTESIAN_POINT('',(-1.135494131425E2,-1.075699448914E1,
-5.775043681842E2));
#3149=CARTESIAN_POINT('',(-1.136561724025E2,-1.096531115101E1,
-5.771980363316E2));
#3150=CARTESIAN_POINT('',(-1.137400546554E2,-1.117587125125E1,
-5.769328005511E2));
#3151=CARTESIAN_POINT('',(-1.138108591647E2,-1.140271651637E1,
-5.766617748139E2));
#3152=CARTESIAN_POINT('',(-1.138329937434E2,-1.156495984076E1,
-5.764697383915E2));
#3153=CARTESIAN_POINT('',(-1.138261646647E2,-1.166334649139E1,
-5.763325742019E2));
#3154=CARTESIAN_POINT('',(-1.117694258208E2,-1.178005485298E1,
-5.800194458319E2));
#3155=CARTESIAN_POINT('',(-1.117622314621E2,-1.161315312218E1,
-5.799026502814E2));
#3156=CARTESIAN_POINT('',(-1.118060295632E2,-1.140287315088E1,
-5.796897898118E2));
#3157=CARTESIAN_POINT('',(-1.119388007151E2,-1.119930325928E1,
-5.793625986049E2));
#3158=CARTESIAN_POINT('',(-1.120610604475E2,-1.108896001658E1,
-5.791154745581E2));
#3159=CARTESIAN_POINT('',(-1.122055492454E2,-1.101420748498E1,
-5.788604353499E2));
#3160=CARTESIAN_POINT('',(-1.123667098510E2,-1.097171916121E1,
-5.786013218655E2));
#3161=CARTESIAN_POINT('',(-1.125389849815E2,-1.095966995378E1,
-5.783428362447E2));
#3162=CARTESIAN_POINT('',(-1.127168173466E2,-1.097600696982E1,
-5.780886374764E2));
#3163=CARTESIAN_POINT('',(-1.128946497114E2,-1.101808711024E1,
-5.778456958980E2));
#3164=CARTESIAN_POINT('',(-1.131243498868E2,-1.110278560764E1,
-5.775396897582E2));
#3165=CARTESIAN_POINT('',(-1.133318210027E2,-1.122253142869E1,
-5.772596549130E2));
#3166=CARTESIAN_POINT('',(-1.134948339779E2,-1.136338642901E1,
-5.770024262440E2));
#3167=CARTESIAN_POINT('',(-1.136324322579E2,-1.153030411454E1,
-5.767339972965E2));
#3168=CARTESIAN_POINT('',(-1.136754475967E2,-1.166998019824E1,
-5.765433944430E2));
#3169=CARTESIAN_POINT('',(-1.136621762742E2,-1.176738025623E1,
-5.764161510326E2));
#3170=CARTESIAN_POINT('',(-1.104161849234E2,-1.219237492590E1,
-5.794470033584E2));
#3171=CARTESIAN_POINT('',(-1.104046259036E2,-1.206919579630E1,
-5.793587336344E2));
#3172=CARTESIAN_POINT('',(-1.104749953612E2,-1.190534937574E1,
-5.792078495210E2));
#3173=CARTESIAN_POINT('',(-1.106883158866E2,-1.172758563307E1,
-5.789792419992E2));
#3174=CARTESIAN_POINT('',(-1.108847479426E2,-1.161944570616E1,
-5.788056594828E2));
#3175=CARTESIAN_POINT('',(-1.111168949554E2,-1.153056725852E1,
-5.786229311718E2));
#3176=CARTESIAN_POINT('',(-1.113758281994E2,-1.146049201220E1,
-5.784321609966E2));
#3177=CARTESIAN_POINT('',(-1.116526189090E2,-1.140983056380E1,
-5.782356270861E2));
#3178=CARTESIAN_POINT('',(-1.119383383068E2,-1.137891843754E1,
-5.780346165257E2));
#3179=CARTESIAN_POINT('',(-1.122240577040E2,-1.136812257275E1,
-5.778332063756E2));
#3180=CARTESIAN_POINT('',(-1.125931119859E2,-1.137974599471E1,
-5.775679804698E2));
#3181=CARTESIAN_POINT('',(-1.129264513206E2,-1.142855125928E1,
-5.773090081359E2));
#3182=CARTESIAN_POINT('',(-1.131883607265E2,-1.151357616324E1,
-5.770581927395E2));
#3183=CARTESIAN_POINT('',(-1.134094368937E2,-1.163249502888E1,
-5.767918436834E2));
#3184=CARTESIAN_POINT('',(-1.134785487043E2,-1.175409594707E1,
-5.766023890425E2));
#3185=CARTESIAN_POINT('',(-1.134572259586E2,-1.185070579647E1,
-5.764830916512E2));
#3186=CARTESIAN_POINT('',(-1.092988337292E2,-1.226982360867E1,
-5.793394778740E2));
#3187=CARTESIAN_POINT('',(-1.092836708724E2,-1.215485717144E1,
-5.792565663360E2));
#3188=CARTESIAN_POINT('',(-1.093759799099E2,-1.199973265800E1,
-5.791173236329E2));
#3189=CARTESIAN_POINT('',(-1.096558088737E2,-1.182681624720E1,
-5.789072337072E2));
#3190=CARTESIAN_POINT('',(-1.099134839313E2,-1.171909018288E1,
-5.787474649610E2));
#3191=CARTESIAN_POINT('',(-1.102180090486E2,-1.162755837509E1,
-5.785783192623E2));
#3192=CARTESIAN_POINT('',(-1.105576717284E2,-1.155230130290E1,
-5.784003864426E2));
#3193=CARTESIAN_POINT('',(-1.109207594214E2,-1.149438707353E1,
-5.782154893130E2));
#3194=CARTESIAN_POINT('',(-1.112955595624E2,-1.145459984263E1,
-5.780244694296E2));
#3195=CARTESIAN_POINT('',(-1.116703597026E2,-1.143387194399E1,
-5.778308603898E2));
#3196=CARTESIAN_POINT('',(-1.121544766296E2,-1.143176921316E1,
-5.775732944928E2));
#3197=CARTESIAN_POINT('',(-1.125917435096E2,-1.146724926495E1,
-5.773182784634E2));
#3198=CARTESIAN_POINT('',(-1.129353102505E2,-1.154178724930E1,
-5.770686677125E2));
#3199=CARTESIAN_POINT('',(-1.132253128867E2,-1.165169019363E1,
-5.768027093355E2));
#3200=CARTESIAN_POINT('',(-1.133159721719E2,-1.176989593938E1,
-5.766134703707E2));
#3201=CARTESIAN_POINT('',(-1.132880014840E2,-1.186635735878E1,
-5.764956655302E2));
#3202=CARTESIAN_POINT('',(-1.086013346748E2,-1.223503975968E1,
-5.793877698537E2));
#3203=CARTESIAN_POINT('',(-1.085839221470E2,-1.211638482795E1,
-5.793024518401E2));
#3204=CARTESIAN_POINT('',(-1.086899268214E2,-1.195734312084E1,
-5.791579807323E2));
#3205=CARTESIAN_POINT('',(-1.090112732355E2,-1.178224967027E1,
-5.789395741609E2));
#3206=CARTESIAN_POINT('',(-1.093071788297E2,-1.167433773127E1,
-5.787736013572E2));
#3207=CARTESIAN_POINT('',(-1.096568854976E2,-1.158399760372E1,
-5.785983554188E2));
#3208=CARTESIAN_POINT('',(-1.100469429909E2,-1.151106779960E1,
-5.784146570700E2));
#3209=CARTESIAN_POINT('',(-1.104639010020E2,-1.145641094832E1,
-5.782245336148E2));
#3210=CARTESIAN_POINT('',(-1.108943092047E2,-1.142060971564E1,
-5.780290267060E2));
#3211=CARTESIAN_POINT('',(-1.113247174065E2,-1.140434250455E1,
-5.778319140218E2));
#3212=CARTESIAN_POINT('',(-1.118806614247E2,-1.140840448062E1,
-5.775709078522E2));
#3213=CARTESIAN_POINT('',(-1.123828043840E2,-1.144986916842E1,
-5.773141149624E2));
#3214=CARTESIAN_POINT('',(-1.127773451731E2,-1.152911705108E1,
-5.770639631795E2));
#3215=CARTESIAN_POINT('',(-1.131103746996E2,-1.164306923736E1,
-5.767978293403E2));
#3216=CARTESIAN_POINT('',(-1.132144848524E2,-1.176279982726E1,
-5.766084935108E2));
#3217=CARTESIAN_POINT('',(-1.131823642308E2,-1.185932790953E1,
-5.764900183340E2));
#3218=B_SPLINE_SURFACE_WITH_KNOTS('',3,3,((#3074,#3075,#3076,#3077,#3078,#3079,
#3080,#3081,#3082,#3083,#3084,#3085,#3086,#3087,#3088,#3089),(#3090,#3091,#3092,
#3093,#3094,#3095,#3096,#3097,#3098,#3099,#3100,#3101,#3102,#3103,#3104,#3105),(
#3106,#3107,#3108,#3109,#3110,#3111,#3112,#3113,#3114,#3115,#3116,#3117,#3118,
#3119,#3120,#3121),(#3122,#3123,#3124,#3125,#3126,#3127,#3128,#3129,#3130,#3131,
#3132,#3133,#3134,#3135,#3136,#3137),(#3138,#3139,#3140,#3141,#3142,#3143,#3144,
#3145,#3146,#3147,#3148,#3149,#3150,#3151,#3152,#3153),(#3154,#3155,#3156,#3157,
#3158,#3159,#3160,#3161,#3162,#3163,#3164,#3165,#3166,#3167,#3168,#3169),(#3170,
#3171,#3172,#3173,#3174,#3175,#3176,#3177,#3178,#3179,#3180,#3181,#3182,#3183,
#3184,#3185),(#3186,#3187,#3188,#3189,#3190,#3191,#3192,#3193,#3194,#3195,#3196,
#3197,#3198,#3199,#3200,#3201),(#3202,#3203,#3204,#3205,#3206,#3207,#3208,#3209,
#3210,#3211,#3212,#3213,#3214,#3215,#3216,#3217)),.UNSPECIFIED.,.F.,.F.,.F.,(4,
1,1,1,1,1,4),(4,1,1,1,1,1,1,1,1,1,1,1,1,4),(-5.907981480004E-2,
1.194518597161E-1,2.452444511852E-1,4.968296341235E-1,6.226222255926E-1,
7.484148170617E-1,1.057937336406E0),(7.225638279116E-2,1.876317859966E-1,
2.396931549972E-1,2.917545239977E-1,3.438158929982E-1,3.958772619988E-1,
4.479386309993E-1,4.999999999998E-1,5.520613690004E-1,6.041227380009E-1,
7.082454760020E-1,7.603068450025E-1,8.123682140030E-1,9.357238560133E-1),
.UNSPECIFIED.);
#3219=ORIENTED_EDGE('',*,*,#1709,.F.);
#3220=ORIENTED_EDGE('',*,*,#2726,.T.);
#3221=ORIENTED_EDGE('',*,*,#2743,.F.);
#3223=ORIENTED_EDGE('',*,*,#3222,.T.);
#3225=ORIENTED_EDGE('',*,*,#3224,.T.);
#3226=ORIENTED_EDGE('',*,*,#3067,.T.);
#3227=EDGE_LOOP('',(#3219,#3220,#3221,#3223,#3225,#3226));
#3228=FACE_OUTER_BOUND('',#3227,.F.);
#3229=ADVANCED_FACE('',(#3228),#3218,.F.);
#3230=CARTESIAN_POINT('',(-1.09E2,-1.035907608137E1,-5.842142426562E2));
#3231=DIRECTION('',(0.E0,-7.986355100473E-1,-6.018150231520E-1));
#3232=DIRECTION('',(0.E0,6.018150231520E-1,-7.986355100473E-1));
#3233=AXIS2_PLACEMENT_3D('',#3230,#3231,#3232);
#3234=CYLINDRICAL_SURFACE('',#3233,5.E0);
#3235=ORIENTED_EDGE('',*,*,#2968,.F.);
#3237=ORIENTED_EDGE('',*,*,#3236,.T.);
#3238=ORIENTED_EDGE('',*,*,#3222,.F.);
#3239=ORIENTED_EDGE('',*,*,#2741,.T.);
#3240=EDGE_LOOP('',(#3235,#3237,#3238,#3239));
#3241=FACE_OUTER_BOUND('',#3240,.F.);
#3242=ADVANCED_FACE('',(#3241),#3234,.F.);
#3243=CARTESIAN_POINT('',(-1.07E2,-1.336815119713E1,-5.802210651060E2));
#3244=DIRECTION('',(0.E0,-6.018150231520E-1,7.986355100473E-1));
#3245=DIRECTION('',(0.E0,-7.986355100473E-1,-6.018150231520E-1));
#3246=AXIS2_PLACEMENT_3D('',#3243,#3244,#3245);
#3247=PLANE('',#3246);
#3249=ORIENTED_EDGE('',*,*,#3248,.T.);
#3251=ORIENTED_EDGE('',*,*,#3250,.F.);
#3252=ORIENTED_EDGE('',*,*,#3236,.F.);
#3254=ORIENTED_EDGE('',*,*,#3253,.F.);
#3255=EDGE_LOOP('',(#3249,#3251,#3252,#3254));
#3256=FACE_OUTER_BOUND('',#3255,.F.);
#3257=ADVANCED_FACE('',(#3256),#3247,.F.);
#3258=CARTESIAN_POINT('',(-1.0725E2,-1.475711596857E1,-5.809546912204E2));
#3259=DIRECTION('',(7.071067811866E-1,4.255474838907E-1,-5.647205848508E-1));
#3260=DIRECTION('',(-7.071067811865E-1,4.255474838908E-1,-5.647205848509E-1));
#3261=AXIS2_PLACEMENT_3D('',#3258,#3259,#3260);
#3262=PLANE('',#3261);
#3264=ORIENTED_EDGE('',*,*,#3263,.T.);
#3266=ORIENTED_EDGE('',*,*,#3265,.T.);
#3267=ORIENTED_EDGE('',*,*,#3248,.F.);
#3269=ORIENTED_EDGE('',*,*,#3268,.F.);
#3270=EDGE_LOOP('',(#3264,#3266,#3267,#3269));
#3271=FACE_OUTER_BOUND('',#3270,.F.);
#3272=ADVANCED_FACE('',(#3271),#3262,.T.);
#3273=CARTESIAN_POINT('',(-1.07E2,-2.999999975869E0,-5.530000000597E2));
#3274=DIRECTION('',(1.E0,0.E0,0.E0));
#3275=DIRECTION('',(0.E0,-1.E0,0.E0));
#3276=AXIS2_PLACEMENT_3D('',#3273,#3274,#3275);
#3277=PLANE('',#3276);
#3279=ORIENTED_EDGE('',*,*,#3278,.F.);
#3281=ORIENTED_EDGE('',*,*,#3280,.F.);
#3283=ORIENTED_EDGE('',*,*,#3282,.F.);
#3285=ORIENTED_EDGE('',*,*,#3284,.F.);
#3287=ORIENTED_EDGE('',*,*,#3286,.F.);
#3289=ORIENTED_EDGE('',*,*,#3288,.F.);
#3291=ORIENTED_EDGE('',*,*,#3290,.F.);
#3292=ORIENTED_EDGE('',*,*,#3263,.F.);
#3294=ORIENTED_EDGE('',*,*,#3293,.F.);
#3296=ORIENTED_EDGE('',*,*,#3295,.F.);
#3297=EDGE_LOOP('',(#3279,#3281,#3283,#3285,#3287,#3289,#3291,#3292,#3294,
#3296));
#3298=FACE_OUTER_BOUND('',#3297,.F.);
#3299=ADVANCED_FACE('',(#3298),#3277,.T.);
#3300=CARTESIAN_POINT('',(-1.072499999981E2,-2.061345888183E1,
-5.781679821071E2));
#3301=DIRECTION('',(-1.E0,0.E0,0.E0));
#3302=DIRECTION('',(0.E0,0.E0,-1.E0));
#3303=AXIS2_PLACEMENT_3D('',#3300,#3301,#3302);
#3304=CONICAL_SURFACE('',#3303,1.749999998059E0,4.500000000059E1);
#3305=ORIENTED_EDGE('',*,*,#3278,.T.);
#3307=ORIENTED_EDGE('',*,*,#3306,.T.);
#3309=ORIENTED_EDGE('',*,*,#3308,.F.);
#3311=ORIENTED_EDGE('',*,*,#3310,.F.);
#3312=EDGE_LOOP('',(#3305,#3307,#3309,#3311));
#3313=FACE_OUTER_BOUND('',#3312,.F.);
#3314=ADVANCED_FACE('',(#3313),#3304,.T.);
#3315=CARTESIAN_POINT('',(-1.0725E2,-2.080744097811E1,-5.808184294177E2));
#3316=DIRECTION('',(7.071067811866E-1,-5.647205848508E-1,-4.255474838907E-1));
#3317=DIRECTION('',(-7.071067811865E-1,-5.647205848509E-1,-4.255474838907E-1));
#3318=AXIS2_PLACEMENT_3D('',#3315,#3316,#3317);
#3319=PLANE('',#3318);
#3320=ORIENTED_EDGE('',*,*,#3295,.T.);
#3322=ORIENTED_EDGE('',*,*,#3321,.T.);
#3324=ORIENTED_EDGE('',*,*,#3323,.F.);
#3325=ORIENTED_EDGE('',*,*,#3306,.F.);
#3326=EDGE_LOOP('',(#3320,#3322,#3324,#3325));
#3327=FACE_OUTER_BOUND('',#3326,.F.);
#3328=ADVANCED_FACE('',(#3327),#3319,.T.);
#3329=CARTESIAN_POINT('',(-1.072499999981E2,-1.820619878922E1,
-5.813625241473E2));
#3330=DIRECTION('',(-1.E0,0.E0,0.E0));
#3331=DIRECTION('',(0.E0,0.E0,-1.E0));
#3332=AXIS2_PLACEMENT_3D('',#3329,#3330,#3331);
#3333=CONICAL_SURFACE('',#3332,1.749999998068E0,4.500000000010E1);
#3334=ORIENTED_EDGE('',*,*,#3293,.T.);
#3335=ORIENTED_EDGE('',*,*,#3268,.T.);
#3337=ORIENTED_EDGE('',*,*,#3336,.F.);
#3338=ORIENTED_EDGE('',*,*,#3321,.F.);
#3339=EDGE_LOOP('',(#3334,#3335,#3337,#3338));
#3340=FACE_OUTER_BOUND('',#3339,.F.);
#3341=ADVANCED_FACE('',(#3340),#3333,.T.);
#3342=CARTESIAN_POINT('',(-1.07E2,-1.820619878922E1,-5.813625241473E2));
#3343=DIRECTION('',(1.E0,0.E0,0.E0));
#3344=DIRECTION('',(0.E0,0.E0,1.E0));
#3345=AXIS2_PLACEMENT_3D('',#3342,#3343,#3344);
#3346=CYLINDRICAL_SURFACE('',#3345,2.E0);
#3347=ORIENTED_EDGE('',*,*,#3336,.T.);
#3348=ORIENTED_EDGE('',*,*,#3253,.T.);
#3349=ORIENTED_EDGE('',*,*,#2966,.T.);
#3350=ORIENTED_EDGE('',*,*,#2964,.T.);
#3352=ORIENTED_EDGE('',*,*,#3351,.T.);
#3353=EDGE_LOOP('',(#3347,#3348,#3349,#3350,#3352));
#3354=FACE_OUTER_BOUND('',#3353,.F.);
#3355=ADVANCED_FACE('',(#3354),#3346,.T.);
#3356=CARTESIAN_POINT('',(-1.07E2,-2.100709985562E1,-5.809688831735E2));
#3357=DIRECTION('',(0.E0,-7.986355100473E-1,-6.018150231520E-1));
#3358=DIRECTION('',(0.E0,6.018150231520E-1,-7.986355100473E-1));
#3359=AXIS2_PLACEMENT_3D('',#3356,#3357,#3358);
#3360=PLANE('',#3359);
#3361=ORIENTED_EDGE('',*,*,#3323,.T.);
#3362=ORIENTED_EDGE('',*,*,#3351,.F.);
#3363=ORIENTED_EDGE('',*,*,#2980,.F.);
#3365=ORIENTED_EDGE('',*,*,#3364,.F.);
#3366=EDGE_LOOP('',(#3361,#3362,#3363,#3365));
#3367=FACE_OUTER_BOUND('',#3366,.F.);
#3368=ADVANCED_FACE('',(#3367),#3360,.T.);
#3369=CARTESIAN_POINT('',(-1.07E2,-2.061345888183E1,-5.781679821071E2));
#3370=DIRECTION('',(1.E0,0.E0,0.E0));
#3371=DIRECTION('',(0.E0,0.E0,1.E0));
#3372=AXIS2_PLACEMENT_3D('',#3369,#3370,#3371);
#3373=CYLINDRICAL_SURFACE('',#3372,2.E0);
#3374=ORIENTED_EDGE('',*,*,#3308,.T.);
#3375=ORIENTED_EDGE('',*,*,#3364,.T.);
#3376=ORIENTED_EDGE('',*,*,#2996,.F.);
#3378=ORIENTED_EDGE('',*,*,#3377,.T.);
#3379=EDGE_LOOP('',(#3374,#3375,#3376,#3378));
#3380=FACE_OUTER_BOUND('',#3379,.F.);
#3381=ADVANCED_FACE('',(#3380),#3373,.T.);
#3382=CARTESIAN_POINT('',(-1.07E2,-1.942118239799E1,-5.747652660176E2));
#3383=DIRECTION('',(0.E0,6.018150231520E-1,-7.986355100473E-1));
#3384=DIRECTION('',(0.E0,7.986355100473E-1,6.018150231520E-1));
#3385=AXIS2_PLACEMENT_3D('',#3382,#3383,#3384);
#3386=PLANE('',#3385);
#3388=ORIENTED_EDGE('',*,*,#3387,.T.);
#3389=ORIENTED_EDGE('',*,*,#3377,.F.);
#3390=ORIENTED_EDGE('',*,*,#3010,.F.);
#3392=ORIENTED_EDGE('',*,*,#3391,.F.);
#3393=EDGE_LOOP('',(#3388,#3389,#3390,#3392));
#3394=FACE_OUTER_BOUND('',#3393,.F.);
#3395=ADVANCED_FACE('',(#3394),#3386,.F.);
#3396=CARTESIAN_POINT('',(-1.0725E2,-1.948443701915E1,-5.751259657081E2));
#3397=DIRECTION('',(7.071067811865E-1,-4.255474838908E-1,5.647205848509E-1));
#3398=DIRECTION('',(-7.071067811866E-1,-4.255474838907E-1,5.647205848508E-1));
#3399=AXIS2_PLACEMENT_3D('',#3396,#3397,#3398);
#3400=PLANE('',#3399);
#3401=ORIENTED_EDGE('',*,*,#3280,.T.);
#3402=ORIENTED_EDGE('',*,*,#3310,.T.);
#3403=ORIENTED_EDGE('',*,*,#3387,.F.);
#3405=ORIENTED_EDGE('',*,*,#3404,.F.);
#3406=EDGE_LOOP('',(#3401,#3402,#3403,#3405));
#3407=FACE_OUTER_BOUND('',#3406,.F.);
#3408=ADVANCED_FACE('',(#3407),#3400,.T.);
#3409=CARTESIAN_POINT('',(-1.072499999994E2,-1.685087759861E1,
-5.740805380842E2));
#3410=DIRECTION('',(-1.E0,0.E0,0.E0));
#3411=DIRECTION('',(0.E0,0.E0,-1.E0));
#3412=AXIS2_PLACEMENT_3D('',#3409,#3410,#3411);
#3413=CONICAL_SURFACE('',#3412,7.499999994466E-1,4.499999999880E1);
#3414=ORIENTED_EDGE('',*,*,#3282,.T.);
#3415=ORIENTED_EDGE('',*,*,#3404,.T.);
#3417=ORIENTED_EDGE('',*,*,#3416,.F.);
#3419=ORIENTED_EDGE('',*,*,#3418,.F.);
#3420=EDGE_LOOP('',(#3414,#3415,#3417,#3419));
#3421=FACE_OUTER_BOUND('',#3420,.F.);
#3422=ADVANCED_FACE('',(#3421),#3413,.T.);
#3423=CARTESIAN_POINT('',(-1.07E2,-1.685087759862E1,-5.740805380842E2));
#3424=DIRECTION('',(1.E0,0.E0,0.E0));
#3425=DIRECTION('',(0.E0,0.E0,1.E0));
#3426=AXIS2_PLACEMENT_3D('',#3423,#3424,#3425);
#3427=CYLINDRICAL_SURFACE('',#3426,1.E0);
#3428=ORIENTED_EDGE('',*,*,#3416,.T.);
#3429=ORIENTED_EDGE('',*,*,#3391,.T.);
#3430=ORIENTED_EDGE('',*,*,#3027,.F.);
#3431=ORIENTED_EDGE('',*,*,#3025,.F.);
#3433=ORIENTED_EDGE('',*,*,#3432,.T.);
#3434=EDGE_LOOP('',(#3428,#3429,#3430,#3431,#3433));
#3435=FACE_OUTER_BOUND('',#3434,.F.);
#3436=ADVANCED_FACE('',(#3435),#3427,.T.);
#3437=CARTESIAN_POINT('',(-1.07E2,-1.362255977830E1,-5.741520974319E2));
#3438=DIRECTION('',(0.E0,-3.306779997698E-1,-9.437436412863E-1));
#3439=DIRECTION('',(-1.E0,0.E0,0.E0));
#3440=AXIS2_PLACEMENT_3D('',#3437,#3438,#3439);
#3441=PLANE('',#3440);
#3443=ORIENTED_EDGE('',*,*,#3442,.T.);
#3444=ORIENTED_EDGE('',*,*,#3432,.F.);
#3445=ORIENTED_EDGE('',*,*,#3041,.F.);
#3447=ORIENTED_EDGE('',*,*,#3446,.F.);
#3448=EDGE_LOOP('',(#3443,#3444,#3445,#3447));
#3449=FACE_OUTER_BOUND('',#3448,.F.);
#3450=ADVANCED_FACE('',(#3449),#3441,.F.);
#3451=CARTESIAN_POINT('',(-1.0725E2,-1.529692047992E1,-5.738303212266E2));
#3452=DIRECTION('',(7.071067811866E-1,2.338246560264E-1,6.673275284552E-1));
#3453=DIRECTION('',(-7.071067811865E-1,2.338246560264E-1,6.673275284552E-1));
#3454=AXIS2_PLACEMENT_3D('',#3451,#3452,#3453);
#3455=PLANE('',#3454);
#3456=ORIENTED_EDGE('',*,*,#3284,.T.);
#3457=ORIENTED_EDGE('',*,*,#3418,.T.);
#3458=ORIENTED_EDGE('',*,*,#3442,.F.);
#3460=ORIENTED_EDGE('',*,*,#3459,.F.);
#3461=EDGE_LOOP('',(#3456,#3457,#3458,#3460));
#3462=FACE_OUTER_BOUND('',#3461,.F.);
#3463=ADVANCED_FACE('',(#3462),#3455,.T.);
#3464=CARTESIAN_POINT('',(-1.072499999998E2,-1.423898036091E1,
-5.749957198310E2));
#3465=DIRECTION('',(-1.E0,0.E0,0.E0));
#3466=DIRECTION('',(0.E0,0.E0,-1.E0));
#3467=AXIS2_PLACEMENT_3D('',#3464,#3465,#3466);
#3468=CONICAL_SURFACE('',#3467,7.499999998060E-1,4.499999999873E1);
#3469=ORIENTED_EDGE('',*,*,#3286,.T.);
#3470=ORIENTED_EDGE('',*,*,#3459,.T.);
#3472=ORIENTED_EDGE('',*,*,#3471,.F.);
#3474=ORIENTED_EDGE('',*,*,#3473,.F.);
#3475=EDGE_LOOP('',(#3469,#3470,#3472,#3474));
#3476=FACE_OUTER_BOUND('',#3475,.F.);
#3477=ADVANCED_FACE('',(#3476),#3468,.T.);
#3478=CARTESIAN_POINT('',(-1.07E2,-1.423898036091E1,-5.749957198310E2));
#3479=DIRECTION('',(-1.E0,0.E0,0.E0));
#3480=DIRECTION('',(0.E0,0.E0,-1.E0));
#3481=AXIS2_PLACEMENT_3D('',#3478,#3479,#3480);
#3482=CYLINDRICAL_SURFACE('',#3481,1.E0);
#3483=ORIENTED_EDGE('',*,*,#3471,.T.);
#3484=ORIENTED_EDGE('',*,*,#3446,.T.);
#3485=ORIENTED_EDGE('',*,*,#3055,.F.);
#3487=ORIENTED_EDGE('',*,*,#3486,.T.);
#3488=EDGE_LOOP('',(#3483,#3484,#3485,#3487));
#3489=FACE_OUTER_BOUND('',#3488,.F.);
#3490=ADVANCED_FACE('',(#3489),#3482,.T.);
#3491=CARTESIAN_POINT('',(-1.07E2,-1.302074475514E1,-5.749507329420E2));
#3492=DIRECTION('',(0.E0,-7.986355100473E-1,-6.018150231520E-1));
#3493=DIRECTION('',(0.E0,6.018150231520E-1,-7.986355100473E-1));
#3494=AXIS2_PLACEMENT_3D('',#3491,#3492,#3493);
#3495=PLANE('',#3494);
#3497=ORIENTED_EDGE('',*,*,#3496,.T.);
#3498=ORIENTED_EDGE('',*,*,#3486,.F.);
#3499=ORIENTED_EDGE('',*,*,#3069,.F.);
#3501=ORIENTED_EDGE('',*,*,#3500,.F.);
#3502=EDGE_LOOP('',(#3497,#3498,#3499,#3501));
#3503=FACE_OUTER_BOUND('',#3502,.F.);
#3504=ADVANCED_FACE('',(#3503),#3495,.F.);
#3505=CARTESIAN_POINT('',(-1.0725E2,-1.282838865736E1,-5.756214081408E2));
#3506=DIRECTION('',(7.071067811866E-1,5.647205848508E-1,4.255474838907E-1));
#3507=DIRECTION('',(-7.071067811865E-1,5.647205848508E-1,4.255474838907E-1));
#3508=AXIS2_PLACEMENT_3D('',#3505,#3506,#3507);
#3509=PLANE('',#3508);
#3510=ORIENTED_EDGE('',*,*,#3288,.T.);
#3511=ORIENTED_EDGE('',*,*,#3473,.T.);
#3512=ORIENTED_EDGE('',*,*,#3496,.F.);
#3514=ORIENTED_EDGE('',*,*,#3513,.F.);
#3515=EDGE_LOOP('',(#3510,#3511,#3512,#3514));
#3516=FACE_OUTER_BOUND('',#3515,.F.);
#3517=ADVANCED_FACE('',(#3516),#3509,.T.);
#3518=CARTESIAN_POINT('',(-1.072499999981E2,-1.341438572894E1,
-5.777516340084E2));
#3519=DIRECTION('',(-1.E0,0.E0,0.E0));
#3520=DIRECTION('',(0.E0,0.E0,-1.E0));
#3521=AXIS2_PLACEMENT_3D('',#3518,#3519,#3520);
#3522=CONICAL_SURFACE('',#3521,1.749999998071E0,4.500000000002E1);
#3523=ORIENTED_EDGE('',*,*,#3290,.T.);
#3524=ORIENTED_EDGE('',*,*,#3513,.T.);
#3526=ORIENTED_EDGE('',*,*,#3525,.F.);
#3527=ORIENTED_EDGE('',*,*,#3265,.F.);
#3528=EDGE_LOOP('',(#3523,#3524,#3526,#3527));
#3529=FACE_OUTER_BOUND('',#3528,.F.);
#3530=ADVANCED_FACE('',(#3529),#3522,.T.);
#3531=CARTESIAN_POINT('',(-1.07E2,-1.341438572894E1,-5.777516340084E2));
#3532=DIRECTION('',(-1.E0,0.E0,0.E0));
#3533=DIRECTION('',(0.E0,0.E0,-1.E0));
#3534=AXIS2_PLACEMENT_3D('',#3531,#3532,#3533);
#3535=CYLINDRICAL_SURFACE('',#3534,2.E0);
#3536=ORIENTED_EDGE('',*,*,#3525,.T.);
#3537=ORIENTED_EDGE('',*,*,#3500,.T.);
#3538=ORIENTED_EDGE('',*,*,#3224,.F.);
#3539=ORIENTED_EDGE('',*,*,#3250,.T.);
#3540=EDGE_LOOP('',(#3536,#3537,#3538,#3539));
#3541=FACE_OUTER_BOUND('',#3540,.F.);
#3542=ADVANCED_FACE('',(#3541),#3535,.T.);
#3543=CARTESIAN_POINT('',(-1.1488E2,-2.645898160275E1,-5.250370570632E2));
#3544=DIRECTION('',(1.E0,0.E0,0.E0));
#3545=DIRECTION('',(0.E0,0.E0,1.E0));
#3546=AXIS2_PLACEMENT_3D('',#3543,#3544,#3545);
#3547=CONICAL_SURFACE('',#3546,2.48E0,4.5E1);
#3548=ORIENTED_EDGE('',*,*,#1883,.T.);
#3549=ORIENTED_EDGE('',*,*,#1673,.F.);
#3551=ORIENTED_EDGE('',*,*,#3550,.T.);
#3553=ORIENTED_EDGE('',*,*,#3552,.T.);
#3555=ORIENTED_EDGE('',*,*,#3554,.F.);
#3556=ORIENTED_EDGE('',*,*,#1669,.F.);
#3557=EDGE_LOOP('',(#3548,#3549,#3551,#3553,#3555,#3556));
#3558=FACE_OUTER_BOUND('',#3557,.F.);
#3559=ADVANCED_FACE('',(#3558),#3547,.F.);
#3560=CARTESIAN_POINT('',(-1.1488E2,-2.645898160275E1,-5.250370570632E2));
#3561=DIRECTION('',(1.E0,0.E0,0.E0));
#3562=DIRECTION('',(0.E0,0.E0,1.E0));
#3563=AXIS2_PLACEMENT_3D('',#3560,#3561,#3562);
#3564=CONICAL_SURFACE('',#3563,2.48E0,4.5E1);
#3565=ORIENTED_EDGE('',*,*,#1671,.F.);
#3566=ORIENTED_EDGE('',*,*,#3554,.T.);
#3568=ORIENTED_EDGE('',*,*,#3567,.T.);
#3569=ORIENTED_EDGE('',*,*,#3550,.F.);
#3570=EDGE_LOOP('',(#3565,#3566,#3568,#3569));
#3571=FACE_OUTER_BOUND('',#3570,.F.);
#3572=ADVANCED_FACE('',(#3571),#3564,.F.);
#3573=CARTESIAN_POINT('',(-1.14E2,-2.645898160275E1,-5.250370570632E2));
#3574=DIRECTION('',(-1.E0,0.E0,0.E0));
#3575=DIRECTION('',(0.E0,0.E0,-1.E0));
#3576=AXIS2_PLACEMENT_3D('',#3573,#3574,#3575);
#3577=CYLINDRICAL_SURFACE('',#3576,1.6E0);
#3578=ORIENTED_EDGE('',*,*,#1614,.F.);
#3580=ORIENTED_EDGE('',*,*,#3579,.T.);
#3581=ORIENTED_EDGE('',*,*,#3567,.F.);
#3583=ORIENTED_EDGE('',*,*,#3582,.F.);
#3584=EDGE_LOOP('',(#3578,#3580,#3581,#3583));
#3585=FACE_OUTER_BOUND('',#3584,.F.);
#3586=ADVANCED_FACE('',(#3585),#3577,.F.);
#3587=CARTESIAN_POINT('',(-1.14E2,-2.645898160275E1,-5.250370570632E2));
#3588=DIRECTION('',(-1.E0,0.E0,0.E0));
#3589=DIRECTION('',(0.E0,0.E0,-1.E0));
#3590=AXIS2_PLACEMENT_3D('',#3587,#3588,#3589);
#3591=CYLINDRICAL_SURFACE('',#3590,1.6E0);
#3592=ORIENTED_EDGE('',*,*,#1612,.F.);
#3593=ORIENTED_EDGE('',*,*,#3582,.T.);
#3594=ORIENTED_EDGE('',*,*,#3552,.F.);
#3595=ORIENTED_EDGE('',*,*,#3579,.F.);
#3596=EDGE_LOOP('',(#3592,#3593,#3594,#3595));
#3597=FACE_OUTER_BOUND('',#3596,.F.);
#3598=ADVANCED_FACE('',(#3597),#3591,.F.);
#3599=CARTESIAN_POINT('',(-1.1488E2,-3.894485578094E1,-5.466582856896E2));
#3600=DIRECTION('',(1.E0,0.E0,0.E0));
#3601=DIRECTION('',(0.E0,0.E0,1.E0));
#3602=AXIS2_PLACEMENT_3D('',#3599,#3600,#3601);
#3603=CONICAL_SURFACE('',#3602,2.48E0,4.5E1);
#3604=ORIENTED_EDGE('',*,*,#1886,.T.);
#3605=ORIENTED_EDGE('',*,*,#1665,.F.);
#3607=ORIENTED_EDGE('',*,*,#3606,.T.);
#3609=ORIENTED_EDGE('',*,*,#3608,.T.);
#3611=ORIENTED_EDGE('',*,*,#3610,.F.);
#3612=ORIENTED_EDGE('',*,*,#1661,.F.);
#3613=EDGE_LOOP('',(#3604,#3605,#3607,#3609,#3611,#3612));
#3614=FACE_OUTER_BOUND('',#3613,.F.);
#3615=ADVANCED_FACE('',(#3614),#3603,.F.);
#3616=CARTESIAN_POINT('',(-1.1488E2,-3.894485578094E1,-5.466582856896E2));
#3617=DIRECTION('',(1.E0,0.E0,0.E0));
#3618=DIRECTION('',(0.E0,0.E0,1.E0));
#3619=AXIS2_PLACEMENT_3D('',#3616,#3617,#3618);
#3620=CONICAL_SURFACE('',#3619,2.48E0,4.5E1);
#3621=ORIENTED_EDGE('',*,*,#1663,.F.);
#3622=ORIENTED_EDGE('',*,*,#3610,.T.);
#3624=ORIENTED_EDGE('',*,*,#3623,.T.);
#3625=ORIENTED_EDGE('',*,*,#3606,.F.);
#3626=EDGE_LOOP('',(#3621,#3622,#3624,#3625));
#3627=FACE_OUTER_BOUND('',#3626,.F.);
#3628=ADVANCED_FACE('',(#3627),#3620,.F.);
#3629=CARTESIAN_POINT('',(-1.14E2,-3.894485578094E1,-5.466582856896E2));
#3630=DIRECTION('',(-1.E0,0.E0,0.E0));
#3631=DIRECTION('',(0.E0,0.E0,-1.E0));
#3632=AXIS2_PLACEMENT_3D('',#3629,#3630,#3631);
#3633=CYLINDRICAL_SURFACE('',#3632,1.6E0);
#3634=ORIENTED_EDGE('',*,*,#1608,.F.);
#3636=ORIENTED_EDGE('',*,*,#3635,.T.);
#3637=ORIENTED_EDGE('',*,*,#3623,.F.);
#3639=ORIENTED_EDGE('',*,*,#3638,.F.);
#3640=EDGE_LOOP('',(#3634,#3636,#3637,#3639));
#3641=FACE_OUTER_BOUND('',#3640,.F.);
#3642=ADVANCED_FACE('',(#3641),#3633,.F.);
#3643=CARTESIAN_POINT('',(-1.14E2,-3.894485578094E1,-5.466582856896E2));
#3644=DIRECTION('',(-1.E0,0.E0,0.E0));
#3645=DIRECTION('',(0.E0,0.E0,-1.E0));
#3646=AXIS2_PLACEMENT_3D('',#3643,#3644,#3645);
#3647=CYLINDRICAL_SURFACE('',#3646,1.6E0);
#3648=ORIENTED_EDGE('',*,*,#1606,.F.);
#3649=ORIENTED_EDGE('',*,*,#3638,.T.);
#3650=ORIENTED_EDGE('',*,*,#3608,.F.);
#3651=ORIENTED_EDGE('',*,*,#3635,.F.);
#3652=EDGE_LOOP('',(#3648,#3649,#3650,#3651));
#3653=FACE_OUTER_BOUND('',#3652,.F.);
#3654=ADVANCED_FACE('',(#3653),#3647,.F.);
#3658=DIMENSIONAL_EXPONENTS(0.E0,0.E0,0.E0,0.E0,0.E0,0.E0,0.E0);
#3660=PLANE_ANGLE_MEASURE_WITH_UNIT(PLANE_ANGLE_MEASURE(1.745329251994E-2),
#3659);
#3661=(CONVERSION_BASED_UNIT('DEGREE',#3660)NAMED_UNIT(*)PLANE_ANGLE_UNIT());
#3663=UNCERTAINTY_MEASURE_WITH_UNIT(LENGTH_MEASURE(8.819191699983E-3),#3657,
'closure',
'Maximum model space distance between geometric entities at asserted connectivities');
#3664=(GEOMETRIC_REPRESENTATION_CONTEXT(3)GLOBAL_UNCERTAINTY_ASSIGNED_CONTEXT((
#3663))GLOBAL_UNIT_ASSIGNED_CONTEXT((#3657,#3661,#3662))REPRESENTATION_CONTEXT(
'ID1','3'));
#3666=APPLICATION_CONTEXT(
'CONFIGURATION CONTROLLED 3D DESIGNS OF MECHANICAL PARTS AND ASSEMBLIES');
#3667=APPLICATION_PROTOCOL_DEFINITION('international standard',
'config_control_design',1994,#3666);
#3668=DESIGN_CONTEXT('',#3666,'design');
#3669=MECHANICAL_CONTEXT('',#3666,'mechanical');
#3670=PRODUCT('KD-D-506R_ENDSTOP_80DEG_1','KD-D-506R_ENDSTOP_80DEG_1',
'NOT SPECIFIED',(#3669));
#3671=PRODUCT_DEFINITION_FORMATION_WITH_SPECIFIED_SOURCE('2','LAST_VERSION',
#3670,.MADE.);
#3675=PRODUCT_CATEGORY('part','');
#3676=PRODUCT_RELATED_PRODUCT_CATEGORY('detail','',(#3670));
#3677=PRODUCT_CATEGORY_RELATIONSHIP('','',#3675,#3676);
#3678=SECURITY_CLASSIFICATION_LEVEL('unclassified');
#3679=SECURITY_CLASSIFICATION('','',#3678);
#3680=CC_DESIGN_SECURITY_CLASSIFICATION(#3679,(#3671));
#3681=APPROVAL_STATUS('approved');
#3682=APPROVAL(#3681,'');
#3683=CC_DESIGN_APPROVAL(#3682,(#3679,#3671,#3672));
#3684=CALENDAR_DATE(125,12,7);
#3685=COORDINATED_UNIVERSAL_TIME_OFFSET(8,0,.AHEAD.);
#3686=LOCAL_TIME(17,49,2.4E1,#3685);
#3687=DATE_AND_TIME(#3684,#3686);
#3688=APPROVAL_DATE_TIME(#3687,#3682);
#3689=DATE_TIME_ROLE('creation_date');
#3690=CC_DESIGN_DATE_AND_TIME_ASSIGNMENT(#3687,#3689,(#3672));
#3691=DATE_TIME_ROLE('classification_date');
#3692=CC_DESIGN_DATE_AND_TIME_ASSIGNMENT(#3687,#3691,(#3679));
#3693=PERSON('UNSPECIFIED','UNSPECIFIED',$,$,$,$);
#3694=ORGANIZATION('UNSPECIFIED','UNSPECIFIED','UNSPECIFIED');
#3695=PERSON_AND_ORGANIZATION(#3693,#3694);
#3696=APPROVAL_ROLE('approver');
#3697=APPROVAL_PERSON_ORGANIZATION(#3695,#3682,#3696);
#3698=PERSON_AND_ORGANIZATION_ROLE('creator');
#3699=CC_DESIGN_PERSON_AND_ORGANIZATION_ASSIGNMENT(#3695,#3698,(#3671,#3672));
#3700=PERSON_AND_ORGANIZATION_ROLE('design_supplier');
#3701=CC_DESIGN_PERSON_AND_ORGANIZATION_ASSIGNMENT(#3695,#3700,(#3671));
#3702=PERSON_AND_ORGANIZATION_ROLE('classification_officer');
#3703=CC_DESIGN_PERSON_AND_ORGANIZATION_ASSIGNMENT(#3695,#3702,(#3679));
#3704=PERSON_AND_ORGANIZATION_ROLE('design_owner');
#3705=CC_DESIGN_PERSON_AND_ORGANIZATION_ASSIGNMENT(#3695,#3704,(#3670));
#17=CIRCLE('',#16,4.E0);
#26=CIRCLE('',#25,4.E0);
#35=CIRCLE('',#34,4.E0);
#40=CIRCLE('',#39,3.925E1);
#45=CIRCLE('',#44,4.E0);
#50=CIRCLE('',#49,4.E0);
#59=CIRCLE('',#58,4.E0);
#64=CIRCLE('',#63,2.25E1);
#69=CIRCLE('',#68,4.E0);
#78=CIRCLE('',#77,4.E0);
#83=CIRCLE('',#82,4.E0);
#88=CIRCLE('',#87,3.925E1);
#93=CIRCLE('',#92,4.E0);
#98=CIRCLE('',#97,1.6E0);
#103=CIRCLE('',#102,1.6E0);
#108=CIRCLE('',#107,1.6E0);
#113=CIRCLE('',#112,1.6E0);
#118=CIRCLE('',#117,1.6E0);
#123=CIRCLE('',#122,1.6E0);
#128=CIRCLE('',#127,3.36E0);
#133=CIRCLE('',#132,3.36E0);
#138=CIRCLE('',#137,3.36E0);
#143=CIRCLE('',#142,3.925E1);
#148=CIRCLE('',#147,4.E0);
#157=CIRCLE('',#156,4.E0);
#166=CIRCLE('',#165,4.E0);
#175=CIRCLE('',#174,4.E0);
#180=CIRCLE('',#179,3.925E1);
#185=CIRCLE('',#184,3.36E0);
#190=CIRCLE('',#189,3.36E0);
#195=CIRCLE('',#194,3.36E0);
#200=CIRCLE('',#199,3.925E1);
#205=CIRCLE('',#204,3.36E0);
#210=CIRCLE('',#209,3.36E0);
#215=CIRCLE('',#214,3.36E0);
#220=CIRCLE('',#219,3.925E1);
#225=CIRCLE('',#224,4.E0);
#230=CIRCLE('',#229,4.E0);
#239=CIRCLE('',#238,2.75E0);
#248=CIRCLE('',#247,1.75E0);
#253=CIRCLE('',#252,1.75E0);
#262=CIRCLE('',#261,1.75E0);
#273=B_SPLINE_CURVE_WITH_KNOTS('',3,(#267,#268,#269,#270,#271,#272),
.UNSPECIFIED.,.F.,.F.,(4,1,1,4),(0.E0,4.523765696017E-1,9.047531392074E-1,1.E0),
.UNSPECIFIED.);
#281=B_SPLINE_CURVE_WITH_KNOTS('',3,(#274,#275,#276,#277,#278,#279,#280),
.UNSPECIFIED.,.F.,.F.,(4,1,1,1,4),(0.E0,2.5E-1,5.E-1,7.5E-1,1.E0),
.UNSPECIFIED.);
#286=CIRCLE('',#285,4.E0);
#291=CIRCLE('',#290,2.25E1);
#296=CIRCLE('',#295,4.E0);
#307=B_SPLINE_CURVE_WITH_KNOTS('',3,(#297,#298,#299,#300,#301,#302,#303,#304,
#305,#306),.UNSPECIFIED.,.F.,.F.,(4,1,1,1,1,1,1,4),(0.E0,1.428571428571E-1,
2.857142857143E-1,4.285714285714E-1,5.714285714286E-1,7.142857142857E-1,
8.571428571429E-1,1.E0),.UNSPECIFIED.);
#316=CIRCLE('',#315,1.75E0);
#325=CIRCLE('',#324,1.75E0);
#330=CIRCLE('',#329,1.75E0);
#339=CIRCLE('',#338,2.75E0);
#350=B_SPLINE_CURVE_WITH_KNOTS('',3,(#344,#345,#346,#347,#348,#349),
.UNSPECIFIED.,.F.,.F.,(4,1,1,4),(0.E0,3.809684019876E-1,7.619368039860E-1,1.E0),
.UNSPECIFIED.);
#358=B_SPLINE_CURVE_WITH_KNOTS('',3,(#351,#352,#353,#354,#355,#356,#357),
.UNSPECIFIED.,.F.,.F.,(4,1,1,1,4),(0.E0,2.5E-1,5.E-1,7.5E-1,1.E0),
.UNSPECIFIED.);
#363=CIRCLE('',#362,4.E0);
#368=CIRCLE('',#367,4.E0);
#373=CIRCLE('',#372,3.925E1);
#384=B_SPLINE_CURVE_WITH_KNOTS('',3,(#374,#375,#376,#377,#378,#379,#380,#381,
#382,#383),.UNSPECIFIED.,.F.,.F.,(4,1,1,1,1,1,1,4),(0.E0,1.428571428571E-1,
2.857142857143E-1,4.285714285714E-1,5.714285714286E-1,7.142857142857E-1,
8.571428571429E-1,1.E0),.UNSPECIFIED.);
#393=CIRCLE('',#392,1.6E0);
#402=CIRCLE('',#401,1.6E0);
#453=B_SPLINE_CURVE_WITH_KNOTS('',3,(#447,#448,#449,#450,#451,#452),
.UNSPECIFIED.,.F.,.F.,(4,1,1,4),(0.E0,3.333333333333E-1,6.666666666667E-1,1.E0),
.UNSPECIFIED.);
#464=B_SPLINE_CURVE_WITH_KNOTS('',3,(#458,#459,#460,#461,#462,#463),
.UNSPECIFIED.,.F.,.F.,(4,1,1,4),(0.E0,3.333333333333E-1,6.666666666667E-1,1.E0),
.UNSPECIFIED.);
#469=CIRCLE('',#468,7.5E-1);
#474=CIRCLE('',#473,5.E0);
#483=CIRCLE('',#482,7.5E-1);
#488=CIRCLE('',#487,1.E0);
#493=CIRCLE('',#492,7.5E-1);
#502=CIRCLE('',#501,7.5E-1);
#507=CIRCLE('',#506,1.E0);
#512=CIRCLE('',#511,1.E0);
#517=CIRCLE('',#516,7.5E-1);
#526=CIRCLE('',#525,7.5E-1);
#531=CIRCLE('',#530,7.5E-1);
#536=CIRCLE('',#535,2.E0);
#553=B_SPLINE_CURVE_WITH_KNOTS('',3,(#541,#542,#543,#544,#545,#546,#547,#548,
#549,#550,#551,#552),.UNSPECIFIED.,.F.,.F.,(4,1,1,1,1,1,1,1,1,4),(0.E0,
1.111111111111E-1,2.222222222222E-1,3.333333333333E-1,4.444444444444E-1,
5.555555555556E-1,6.666666666667E-1,7.777777777778E-1,8.888888888889E-1,1.E0),
.UNSPECIFIED.);
#560=B_SPLINE_CURVE_WITH_KNOTS('',3,(#554,#555,#556,#557,#558,#559),
.UNSPECIFIED.,.F.,.F.,(4,1,1,4),(0.E0,3.333333333333E-1,6.666666666667E-1,1.E0),
.UNSPECIFIED.);
#572=B_SPLINE_CURVE_WITH_KNOTS('',3,(#561,#562,#563,#564,#565,#566,#567,#568,
#569,#570,#571),.UNSPECIFIED.,.F.,.F.,(4,1,1,1,1,1,1,1,4),(0.E0,1.25E-1,2.5E-1,
3.75E-1,5.E-1,6.25E-1,7.5E-1,8.75E-1,1.E0),.UNSPECIFIED.);
#577=CIRCLE('',#576,5.E0);
#591=B_SPLINE_CURVE_WITH_KNOTS('',3,(#578,#579,#580,#581,#582,#583,#584,#585,
#586,#587,#588,#589,#590),.UNSPECIFIED.,.F.,.F.,(4,1,1,1,1,1,1,1,1,1,4),(0.E0,
1.E-1,2.E-1,3.E-1,4.E-1,5.E-1,6.E-1,7.E-1,8.E-1,9.E-1,1.E0),.UNSPECIFIED.);
#596=CIRCLE('',#595,7.5E-1);
#617=CIRCLE('',#616,1.500000000003E0);
#626=CIRCLE('',#625,1.500000000013E0);
#635=CIRCLE('',#634,1.5E0);
#644=CIRCLE('',#643,5.000000000287E-1);
#653=CIRCLE('',#652,5.000000000244E-1);
#690=CIRCLE('',#689,2.E0);
#711=B_SPLINE_CURVE_WITH_KNOTS('',3,(#695,#696,#697,#698,#699,#700,#701,#702,
#703,#704,#705,#706,#707,#708,#709,#710),.UNSPECIFIED.,.F.,.F.,(4,1,1,1,1,1,1,1,
1,1,1,1,1,4),(0.E0,6.249999999987E-2,1.249999999999E-1,1.875E-1,
2.500000000001E-1,3.125000000001E-1,3.750000000002E-1,4.375000000003E-1,
5.000000000004E-1,5.625000000004E-1,6.250000000005E-1,7.500000000006E-1,
8.750000000009E-1,1.E0),.UNSPECIFIED.);
#724=CIRCLE('',#723,1.E0);
#741=CIRCLE('',#740,1.E0);
#758=CIRCLE('',#757,2.E0);
#783=CIRCLE('',#782,2.E0);
#801=B_SPLINE_CURVE_WITH_KNOTS('',3,(#788,#789,#790,#791,#792,#793,#794,#795,
#796,#797,#798,#799,#800),.UNSPECIFIED.,.F.,.F.,(4,1,1,1,1,1,1,1,1,1,4),(0.E0,
1.E-1,2.E-1,3.E-1,4.E-1,5.E-1,6.E-1,7.E-1,8.E-1,9.E-1,1.E0),.UNSPECIFIED.);
#824=B_SPLINE_CURVE_WITH_KNOTS('',3,(#818,#819,#820,#821,#822,#823),
.UNSPECIFIED.,.F.,.F.,(4,1,1,4),(0.E0,3.333333333333E-1,6.666666666667E-1,1.E0),
.UNSPECIFIED.);
#841=B_SPLINE_CURVE_WITH_KNOTS('',3,(#829,#830,#831,#832,#833,#834,#835,#836,
#837,#838,#839,#840),.UNSPECIFIED.,.F.,.F.,(4,1,1,1,1,1,1,1,1,4),(0.E0,
1.111111111111E-1,2.222222222222E-1,3.333333333333E-1,4.444444444444E-1,
5.555555555556E-1,6.666666666667E-1,7.777777777778E-1,8.888888888889E-1,1.E0),
.UNSPECIFIED.);
#848=B_SPLINE_CURVE_WITH_KNOTS('',3,(#842,#843,#844,#845,#846,#847),
.UNSPECIFIED.,.F.,.F.,(4,1,1,4),(0.E0,3.333333333333E-1,6.666666666667E-1,1.E0),
.UNSPECIFIED.);
#853=CIRCLE('',#852,7.5E-1);
#858=CIRCLE('',#857,5.E0);
#867=CIRCLE('',#866,7.5E-1);
#872=CIRCLE('',#871,7.5E-1);
#877=CIRCLE('',#876,2.E0);
#886=CIRCLE('',#885,7.5E-1);
#891=CIRCLE('',#890,7.5E-1);
#896=CIRCLE('',#895,1.E0);
#901=CIRCLE('',#900,1.E0);
#910=CIRCLE('',#909,7.5E-1);
#915=CIRCLE('',#914,7.5E-1);
#920=CIRCLE('',#919,1.E0);
#931=B_SPLINE_CURVE_WITH_KNOTS('',3,(#925,#926,#927,#928,#929,#930),
.UNSPECIFIED.,.F.,.F.,(4,1,1,4),(0.E0,3.333333333333E-1,6.666666666667E-1,1.E0),
.UNSPECIFIED.);
#936=CIRCLE('',#935,5.E0);
#960=B_SPLINE_CURVE_WITH_KNOTS('',3,(#937,#938,#939,#940,#941,#942,#943,#944,
#945,#946,#947,#948,#949,#950,#951,#952,#953,#954,#955,#956,#957,#958,#959),
.UNSPECIFIED.,.F.,.F.,(4,1,1,1,1,1,1,1,1,1,1,1,1,1,1,1,1,1,1,1,4),(0.E0,5.E-2,
1.E-1,1.5E-1,2.E-1,2.5E-1,3.E-1,3.5E-1,4.E-1,4.5E-1,5.E-1,5.5E-1,6.E-1,6.5E-1,
7.E-1,7.5E-1,8.E-1,8.5E-1,9.E-1,9.5E-1,1.E0),.UNSPECIFIED.);
#965=CIRCLE('',#964,7.5E-1);
#986=CIRCLE('',#985,1.499999999990E0);
#995=CIRCLE('',#994,5.000000000211E-1);
#1004=CIRCLE('',#1003,5.000000000223E-1);
#1013=CIRCLE('',#1012,1.5E0);
#1022=CIRCLE('',#1021,1.499999999998E0);
#1043=CIRCLE('',#1042,2.E0);
#1061=B_SPLINE_CURVE_WITH_KNOTS('',3,(#1048,#1049,#1050,#1051,#1052,#1053,#1054,
#1055,#1056,#1057,#1058,#1059,#1060),.UNSPECIFIED.,.F.,.F.,(4,1,1,1,1,1,1,1,1,1,
4),(0.E0,1.E-1,2.E-1,3.E-1,4.E-1,5.E-1,6.E-1,7.E-1,8.E-1,9.E-1,1.E0),
.UNSPECIFIED.);
#1076=B_SPLINE_CURVE_WITH_KNOTS('',3,(#1062,#1063,#1064,#1065,#1066,#1067,#1068,
#1069,#1070,#1071,#1072,#1073,#1074,#1075),.UNSPECIFIED.,.F.,.F.,(4,1,1,1,1,1,1,
1,1,1,1,4),(0.E0,9.090909090909E-2,1.818181818182E-1,2.727272727273E-1,
3.636363636364E-1,4.545454545455E-1,5.454545454545E-1,6.363636363636E-1,
7.272727272727E-1,8.181818181818E-1,9.090909090909E-1,1.E0),.UNSPECIFIED.);
#1089=CIRCLE('',#1088,2.E0);
#1114=CIRCLE('',#1113,1.E0);
#1139=CIRCLE('',#1138,1.E0);
#1164=CIRCLE('',#1163,2.E0);
#1183=B_SPLINE_CURVE_WITH_KNOTS('',3,(#1173,#1174,#1175,#1176,#1177,#1178,#1179,
#1180,#1181,#1182),.UNSPECIFIED.,.F.,.F.,(4,1,1,1,1,1,1,4),(0.E0,
1.428571428571E-1,2.857142857143E-1,4.285714285714E-1,5.714285714286E-1,
7.142857142857E-1,8.571428571429E-1,1.E0),.UNSPECIFIED.);
#1192=CIRCLE('',#1191,1.6E0);
#1201=CIRCLE('',#1200,1.6E0);
#1220=B_SPLINE_CURVE_WITH_KNOTS('',3,(#1210,#1211,#1212,#1213,#1214,#1215,#1216,
#1217,#1218,#1219),.UNSPECIFIED.,.F.,.F.,(4,1,1,1,1,1,1,4),(0.E0,
1.428571428571E-1,2.857142857143E-1,4.285714285714E-1,5.714285714286E-1,
7.142857142857E-1,8.571428571429E-1,1.E0),.UNSPECIFIED.);
#1229=CIRCLE('',#1228,1.6E0);
#1238=CIRCLE('',#1237,1.6E0);
#1543=EDGE_CURVE('',#1249,#1250,#40,.T.);
#1545=EDGE_CURVE('',#1249,#1252,#4,.T.);
#1547=EDGE_CURVE('',#1254,#1252,#143,.T.);
#1549=EDGE_CURVE('',#1255,#1254,#384,.T.);
#1551=EDGE_CURVE('',#1257,#1255,#373,.T.);
#1553=EDGE_CURVE('',#1257,#1250,#8,.T.);
#1563=EDGE_CURVE('',#1260,#1261,#12,.T.);
#1565=EDGE_CURVE('',#1261,#1263,#17,.T.);
#1567=EDGE_CURVE('',#1263,#1265,#21,.T.);
#1569=EDGE_CURVE('',#1265,#1267,#26,.T.);
#1571=EDGE_CURVE('',#1267,#1269,#30,.T.);
#1573=EDGE_CURVE('',#1269,#1249,#35,.T.);
#1576=EDGE_CURVE('',#1250,#1271,#45,.T.);
#1578=EDGE_CURVE('',#1271,#1273,#50,.T.);
#1580=EDGE_CURVE('',#1273,#1275,#54,.T.);
#1582=EDGE_CURVE('',#1275,#1277,#59,.T.);
#1584=EDGE_CURVE('',#1277,#1279,#64,.T.);
#1586=EDGE_CURVE('',#1279,#1281,#69,.T.);
#1588=EDGE_CURVE('',#1281,#1283,#73,.T.);
#1590=EDGE_CURVE('',#1283,#1286,#78,.T.);
#1592=EDGE_CURVE('',#1286,#1287,#83,.T.);
#1594=EDGE_CURVE('',#1287,#1289,#88,.T.);
#1596=EDGE_CURVE('',#1289,#1260,#93,.T.);
#1600=EDGE_CURVE('',#1292,#1293,#98,.T.);
#1602=EDGE_CURVE('',#1293,#1292,#103,.T.);
#1606=EDGE_CURVE('',#1296,#1297,#108,.T.);
#1608=EDGE_CURVE('',#1297,#1296,#113,.T.);
#1612=EDGE_CURVE('',#1300,#1301,#118,.T.);
#1614=EDGE_CURVE('',#1301,#1300,#123,.T.);
#1624=EDGE_CURVE('',#1304,#1305,#170,.T.);
#1626=EDGE_CURVE('',#1261,#1304,#426,.T.);
#1629=EDGE_CURVE('',#1305,#1260,#434,.T.);
#1639=EDGE_CURVE('',#1255,#1307,#128,.T.);
#1641=EDGE_CURVE('',#1307,#1309,#133,.T.);
#1643=EDGE_CURVE('',#1309,#1254,#138,.T.);
#1646=EDGE_CURVE('',#1252,#1311,#148,.T.);
#1648=EDGE_CURVE('',#1311,#1313,#152,.T.);
#1650=EDGE_CURVE('',#1313,#1315,#157,.T.);
#1652=EDGE_CURVE('',#1315,#1317,#161,.T.);
#1654=EDGE_CURVE('',#1317,#1304,#166,.T.);
#1657=EDGE_CURVE('',#1305,#1319,#175,.T.);
#1659=EDGE_CURVE('',#1319,#1321,#180,.T.);
#1661=EDGE_CURVE('',#1321,#1323,#185,.T.);
#1663=EDGE_CURVE('',#1323,#1325,#190,.T.);
#1665=EDGE_CURVE('',#1325,#1327,#195,.T.);
#1667=EDGE_CURVE('',#1327,#1329,#200,.T.);
#1669=EDGE_CURVE('',#1329,#1331,#205,.T.);
#1671=EDGE_CURVE('',#1331,#1333,#210,.T.);
#1673=EDGE_CURVE('',#1333,#1335,#215,.T.);
#1675=EDGE_CURVE('',#1335,#1337,#220,.T.);
#1677=EDGE_CURVE('',#1337,#1340,#225,.T.);
#1679=EDGE_CURVE('',#1340,#1341,#230,.T.);
#1681=EDGE_CURVE('',#1342,#1341,#553,.T.);
#1683=EDGE_CURVE('',#1342,#1344,#234,.T.);
#1685=EDGE_CURVE('',#1344,#1346,#239,.T.);
#1687=EDGE_CURVE('',#1346,#1348,#243,.T.);
#1689=EDGE_CURVE('',#1348,#1350,#248,.T.);
#1691=EDGE_CURVE('',#1350,#1352,#253,.T.);
#1693=EDGE_CURVE('',#1352,#1354,#257,.T.);
#1695=EDGE_CURVE('',#1354,#1356,#262,.T.);
#1697=EDGE_CURVE('',#1356,#1358,#266,.T.);
#1699=EDGE_CURVE('',#1358,#1359,#273,.T.);
#1701=EDGE_CURVE('',#1359,#1360,#281,.T.);
#1703=EDGE_CURVE('',#1360,#1362,#286,.T.);
#1705=EDGE_CURVE('',#1362,#1364,#291,.T.);
#1707=EDGE_CURVE('',#1364,#1366,#296,.T.);
#1709=EDGE_CURVE('',#1366,#1367,#307,.T.);
#1711=EDGE_CURVE('',#1367,#1369,#311,.T.);
#1713=EDGE_CURVE('',#1369,#1371,#316,.T.);
#1715=EDGE_CURVE('',#1371,#1373,#320,.T.);
#1717=EDGE_CURVE('',#1373,#1376,#325,.T.);
#1719=EDGE_CURVE('',#1376,#1377,#330,.T.);
#1721=EDGE_CURVE('',#1377,#1379,#334,.T.);
#1723=EDGE_CURVE('',#1379,#1381,#339,.T.);
#1725=EDGE_CURVE('',#1381,#1383,#343,.T.);
#1727=EDGE_CURVE('',#1383,#1384,#350,.T.);
#1729=EDGE_CURVE('',#1384,#1385,#358,.T.);
#1731=EDGE_CURVE('',#1385,#1387,#363,.T.);
#1733=EDGE_CURVE('',#1387,#1257,#368,.T.);
#1746=EDGE_CURVE('',#1309,#1389,#388,.T.);
#1748=EDGE_CURVE('',#1389,#1391,#393,.T.);
#1750=EDGE_CURVE('',#1307,#1391,#397,.T.);
#1763=EDGE_CURVE('',#1391,#1389,#402,.T.);
#1775=EDGE_CURVE('',#1293,#1389,#406,.T.);
#1778=EDGE_CURVE('',#1292,#1391,#410,.T.);
#1801=EDGE_CURVE('',#1269,#1311,#414,.T.);
#1814=EDGE_CURVE('',#1313,#1267,#422,.T.);
#1827=EDGE_CURVE('',#1265,#1315,#418,.T.);
#1840=EDGE_CURVE('',#1317,#1263,#430,.T.);
#1865=EDGE_CURVE('',#1319,#1289,#438,.T.);
#1880=EDGE_CURVE('',#1337,#1287,#442,.T.);
#1883=EDGE_CURVE('',#1329,#1335,#1183,.T.);
#1886=EDGE_CURVE('',#1321,#1327,#1220,.T.);
#1901=EDGE_CURVE('',#1283,#1393,#446,.T.);
#1903=EDGE_CURVE('',#1341,#1393,#560,.T.);
#1914=EDGE_CURVE('',#1395,#1281,#457,.T.);
#1916=EDGE_CURVE('',#1395,#1396,#453,.T.);
#1918=EDGE_CURVE('',#1398,#1396,#600,.T.);
#1920=EDGE_CURVE('',#1393,#1398,#572,.T.);
#1931=EDGE_CURVE('',#1395,#1360,#464,.T.);
#1935=EDGE_CURVE('',#1362,#1279,#809,.T.);
#2122=EDGE_CURVE('',#1358,#1400,#469,.T.);
#2124=EDGE_CURVE('',#1401,#1400,#711,.T.);
#2126=EDGE_CURVE('',#1401,#1396,#474,.T.);
#2138=EDGE_CURVE('',#1403,#1356,#493,.T.);
#2140=EDGE_CURVE('',#1403,#1400,#478,.T.);
#2150=EDGE_CURVE('',#1354,#1405,#483,.T.);
#2152=EDGE_CURVE('',#1405,#1403,#488,.T.);
#2164=EDGE_CURVE('',#1407,#1352,#517,.T.);
#2166=EDGE_CURVE('',#1407,#1405,#497,.T.);
#2178=EDGE_CURVE('',#1348,#1409,#502,.T.);
#2180=EDGE_CURVE('',#1409,#1411,#507,.T.);
#2182=EDGE_CURVE('',#1411,#1407,#512,.T.);
#2195=EDGE_CURVE('',#1413,#1346,#526,.T.);
#2197=EDGE_CURVE('',#1413,#1409,#521,.T.);
#2211=EDGE_CURVE('',#1344,#1415,#531,.T.);
#2213=EDGE_CURVE('',#1415,#1413,#536,.T.);
#2225=EDGE_CURVE('',#1417,#1342,#596,.T.);
#2227=EDGE_CURVE('',#1417,#1415,#540,.T.);
#2380=EDGE_CURVE('',#1398,#1419,#577,.T.);
#2382=EDGE_CURVE('',#1420,#1419,#801,.T.);
#2384=EDGE_CURVE('',#1420,#1417,#591,.T.);
#2398=EDGE_CURVE('',#1401,#1419,#604,.T.);
#2408=EDGE_CURVE('',#1529,#1533,#608,.T.);
#2410=EDGE_CURVE('',#1419,#1533,#805,.T.);
#2413=EDGE_CURVE('',#1529,#1401,#694,.T.);
#2423=EDGE_CURVE('',#1527,#1531,#630,.T.);
#2425=EDGE_CURVE('',#1531,#1533,#778,.T.);
#2428=EDGE_CURVE('',#1527,#1529,#612,.T.);
#2438=EDGE_CURVE('',#1500,#1501,#617,.T.);
#2440=EDGE_CURVE('',#1535,#1500,#621,.T.);
#2442=EDGE_CURVE('',#1531,#1535,#626,.T.);
#2445=EDGE_CURVE('',#1523,#1527,#635,.T.);
#2447=EDGE_CURVE('',#1519,#1523,#639,.T.);
#2449=EDGE_CURVE('',#1515,#1519,#644,.T.);
#2451=EDGE_CURVE('',#1511,#1515,#648,.T.);
#2453=EDGE_CURVE('',#1507,#1511,#653,.T.);
#2455=EDGE_CURVE('',#1501,#1507,#657,.T.);
#2466=EDGE_CURVE('',#1501,#1505,#665,.T.);
#2468=EDGE_CURVE('',#1504,#1505,#758,.T.);
#2470=EDGE_CURVE('',#1500,#1504,#661,.T.);
#2481=EDGE_CURVE('',#1507,#1509,#669,.T.);
#2483=EDGE_CURVE('',#1505,#1509,#753,.T.);
#2495=EDGE_CURVE('',#1511,#1513,#673,.T.);
#2497=EDGE_CURVE('',#1509,#1513,#741,.T.);
#2509=EDGE_CURVE('',#1515,#1517,#677,.T.);
#2511=EDGE_CURVE('',#1513,#1517,#736,.T.);
#2523=EDGE_CURVE('',#1519,#1521,#681,.T.);
#2525=EDGE_CURVE('',#1517,#1521,#724,.T.);
#2537=EDGE_CURVE('',#1523,#1525,#685,.T.);
#2539=EDGE_CURVE('',#1521,#1525,#719,.T.);
#2552=EDGE_CURVE('',#1525,#1529,#690,.T.);
#2566=EDGE_CURVE('',#1400,#1525,#715,.T.);
#2579=EDGE_CURVE('',#1521,#1403,#728,.T.);
#2592=EDGE_CURVE('',#1405,#1517,#732,.T.);
#2605=EDGE_CURVE('',#1513,#1407,#745,.T.);
#2619=EDGE_CURVE('',#1409,#1509,#749,.T.);
#2632=EDGE_CURVE('',#1505,#1413,#762,.T.);
#2645=EDGE_CURVE('',#1415,#1504,#766,.T.);
#2655=EDGE_CURVE('',#1537,#1504,#770,.T.);
#2659=EDGE_CURVE('',#1537,#1417,#787,.T.);
#2672=EDGE_CURVE('',#1535,#1537,#774,.T.);
#2684=EDGE_CURVE('',#1533,#1537,#783,.T.);
#2711=EDGE_CURVE('',#1364,#1277,#813,.T.);
#2724=EDGE_CURVE('',#1275,#1422,#817,.T.);
#2726=EDGE_CURVE('',#1366,#1422,#931,.T.);
#2737=EDGE_CURVE('',#1424,#1273,#828,.T.);
#2739=EDGE_CURVE('',#1425,#1424,#841,.T.);
#2741=EDGE_CURVE('',#1427,#1425,#973,.T.);
#2743=EDGE_CURVE('',#1427,#1422,#824,.T.);
#2754=EDGE_CURVE('',#1424,#1385,#848,.T.);
#2962=EDGE_CURVE('',#1383,#1429,#853,.T.);
#2964=EDGE_CURVE('',#1430,#1429,#1076,.T.);
#2966=EDGE_CURVE('',#1431,#1430,#1061,.T.);
#2968=EDGE_CURVE('',#1431,#1425,#858,.T.);
#2978=EDGE_CURVE('',#1433,#1381,#867,.T.);
#2980=EDGE_CURVE('',#1433,#1429,#862,.T.);
#2994=EDGE_CURVE('',#1379,#1435,#872,.T.);
#2996=EDGE_CURVE('',#1435,#1433,#877,.T.);
#3008=EDGE_CURVE('',#1437,#1377,#886,.T.);
#3010=EDGE_CURVE('',#1437,#1435,#881,.T.);
#3023=EDGE_CURVE('',#1373,#1439,#891,.T.);
#3025=EDGE_CURVE('',#1439,#1441,#896,.T.);
#3027=EDGE_CURVE('',#1441,#1437,#901,.T.);
#3039=EDGE_CURVE('',#1443,#1371,#910,.T.);
#3041=EDGE_CURVE('',#1443,#1439,#905,.T.);
#3053=EDGE_CURVE('',#1369,#1445,#915,.T.);
#3055=EDGE_CURVE('',#1445,#1443,#920,.T.);
#3067=EDGE_CURVE('',#1447,#1367,#965,.T.);
#3069=EDGE_CURVE('',#1447,#1445,#924,.T.);
#3222=EDGE_CURVE('',#1427,#1449,#936,.T.);
#3224=EDGE_CURVE('',#1449,#1447,#960,.T.);
#3236=EDGE_CURVE('',#1431,#1449,#969,.T.);
#3248=EDGE_CURVE('',#1473,#1477,#977,.T.);
#3250=EDGE_CURVE('',#1449,#1477,#1172,.T.);
#3253=EDGE_CURVE('',#1473,#1431,#1047,.T.);
#3263=EDGE_CURVE('',#1471,#1475,#1017,.T.);
#3265=EDGE_CURVE('',#1475,#1477,#1159,.T.);
#3268=EDGE_CURVE('',#1471,#1473,#981,.T.);
#3278=EDGE_CURVE('',#1460,#1461,#986,.T.);
#3280=EDGE_CURVE('',#1495,#1460,#990,.T.);
#3282=EDGE_CURVE('',#1491,#1495,#995,.T.);
#3284=EDGE_CURVE('',#1487,#1491,#999,.T.);
#3286=EDGE_CURVE('',#1483,#1487,#1004,.T.);
#3288=EDGE_CURVE('',#1479,#1483,#1008,.T.);
#3290=EDGE_CURVE('',#1475,#1479,#1013,.T.);
#3293=EDGE_CURVE('',#1467,#1471,#1022,.T.);
#3295=EDGE_CURVE('',#1461,#1467,#1026,.T.);
#3306=EDGE_CURVE('',#1461,#1465,#1034,.T.);
#3308=EDGE_CURVE('',#1464,#1465,#1089,.T.);
#3310=EDGE_CURVE('',#1460,#1464,#1030,.T.);
#3321=EDGE_CURVE('',#1467,#1469,#1038,.T.);
#3323=EDGE_CURVE('',#1465,#1469,#1084,.T.);
#3336=EDGE_CURVE('',#1469,#1473,#1043,.T.);
#3351=EDGE_CURVE('',#1429,#1469,#1080,.T.);
#3364=EDGE_CURVE('',#1465,#1433,#1093,.T.);
#3377=EDGE_CURVE('',#1435,#1464,#1097,.T.);
#3387=EDGE_CURVE('',#1497,#1464,#1101,.T.);
#3391=EDGE_CURVE('',#1497,#1437,#1118,.T.);
#3404=EDGE_CURVE('',#1495,#1497,#1105,.T.);
#3416=EDGE_CURVE('',#1493,#1497,#1114,.T.);
#3418=EDGE_CURVE('',#1491,#1493,#1109,.T.);
#3432=EDGE_CURVE('',#1439,#1493,#1122,.T.);
#3442=EDGE_CURVE('',#1489,#1493,#1126,.T.);
#3446=EDGE_CURVE('',#1489,#1443,#1143,.T.);
#3459=EDGE_CURVE('',#1487,#1489,#1130,.T.);
#3471=EDGE_CURVE('',#1485,#1489,#1139,.T.);
#3473=EDGE_CURVE('',#1483,#1485,#1134,.T.);
#3486=EDGE_CURVE('',#1445,#1485,#1147,.T.);
#3496=EDGE_CURVE('',#1481,#1485,#1151,.T.);
#3500=EDGE_CURVE('',#1481,#1447,#1168,.T.);
#3513=EDGE_CURVE('',#1479,#1481,#1155,.T.);
#3525=EDGE_CURVE('',#1477,#1481,#1164,.T.);
#3550=EDGE_CURVE('',#1333,#1451,#1187,.T.);
#3552=EDGE_CURVE('',#1451,#1453,#1192,.T.);
#3554=EDGE_CURVE('',#1331,#1453,#1196,.T.);
#3567=EDGE_CURVE('',#1453,#1451,#1201,.T.);
#3579=EDGE_CURVE('',#1301,#1451,#1205,.T.);
#3582=EDGE_CURVE('',#1300,#1453,#1209,.T.);
#3606=EDGE_CURVE('',#1325,#1455,#1224,.T.);
#3608=EDGE_CURVE('',#1455,#1457,#1229,.T.);
#3610=EDGE_CURVE('',#1323,#1457,#1233,.T.);
#3623=EDGE_CURVE('',#1457,#1455,#1238,.T.);
#3635=EDGE_CURVE('',#1297,#1455,#1242,.T.);
#3638=EDGE_CURVE('',#1296,#1457,#1246,.T.);
#3655=CLOSED_SHELL('',(#1557,#1618,#1633,#1738,#1755,#1768,#1782,#1794,#1807,
#1820,#1833,#1846,#1858,#1871,#1890,#1907,#1925,#1940,#2130,#2144,#2158,#2172,
#2189,#2203,#2217,#2231,#2389,#2402,#2417,#2432,#2459,#2474,#2488,#2502,#2516,
#2530,#2544,#2557,#2570,#2583,#2596,#2609,#2623,#2636,#2649,#2663,#2676,#2689,
#2702,#2715,#2730,#2748,#2764,#2972,#2986,#3000,#3014,#3031,#3045,#3059,#3073,
#3229,#3242,#3257,#3272,#3299,#3314,#3328,#3341,#3355,#3368,#3381,#3395,#3408,
#3422,#3436,#3450,#3463,#3477,#3490,#3504,#3517,#3530,#3542,#3559,#3572,#3586,
#3598,#3615,#3628,#3642,#3654));
#3656=MANIFOLD_SOLID_BREP('',#3655);
#3657=(LENGTH_UNIT()NAMED_UNIT(*)SI_UNIT(.MILLI.,.METRE.));
#3659=(NAMED_UNIT(*)PLANE_ANGLE_UNIT()SI_UNIT($,.RADIAN.));
#3662=(NAMED_UNIT(*)SI_UNIT($,.STERADIAN.)SOLID_ANGLE_UNIT());
#3665=ADVANCED_BREP_SHAPE_REPRESENTATION('',(#3656),#3664);
#3672=PRODUCT_DEFINITION('design','',#3671,#3668);
#3673=PRODUCT_DEFINITION_SHAPE('','SHAPE FOR KD-D-506R_ENDSTOP_80DEG_1.',#3672);
#3674=SHAPE_DEFINITION_REPRESENTATION(#3673,#3665);
ENDSEC;
END-ISO-10303-21;
