ISO-10303-21;
HEADER;
FILE_DESCRIPTION((''),'2;1');
FILE_NAME('KD-D-201L_UPPERTHIGH_DRIVE_1','2025-07-12T15:35:22',
('Administrator'),(''),'CREO PARAMETRIC BY PTC INC, 2022073',
'CREO PARAMETRIC BY PTC INC, 2022073','');
FILE_SCHEMA(('CONFIG_CONTROL_DESIGN'));
ENDSEC;
DATA;
#1=CARTESIAN_POINT('',(9.273030064653E1,-5.649991132137E1,-1.860000011374E2));
#2=CARTESIAN_POINT('',(9.226633294377E1,-5.611045667905E1,-1.860000011374E2));
#3=CARTESIAN_POINT('',(9.127359104506E1,-5.525931589743E1,-1.859999994721E2));
#4=CARTESIAN_POINT('',(8.962810144669E1,-5.379251951942E1,-1.860000001414E2));
#5=CARTESIAN_POINT('',(8.772992602955E1,-5.203455935349E1,-1.859999999621E2));
#6=CARTESIAN_POINT('',(8.584982913655E1,-5.023111744276E1,-1.860000000102E2));
#7=CARTESIAN_POINT('',(8.426314643854E1,-4.866322938367E1,-1.859999999973E2));
#8=CARTESIAN_POINT('',(8.286659424002E1,-4.724702349671E1,-1.860000000007E2));
#9=CARTESIAN_POINT('',(8.163317664697E1,-4.596739228540E1,-1.859999999998E2));
#10=CARTESIAN_POINT('',(8.053484138936E1,-4.480398457571E1,-1.860000000001E2));
#11=CARTESIAN_POINT('',(7.955328291337E1,-4.374308288150E1,-1.86E2));
#12=CARTESIAN_POINT('',(7.867924203679E1,-4.277891498688E1,-1.86E2));
#13=CARTESIAN_POINT('',(7.790303873771E1,-4.190437559307E1,-1.86E2));
#14=CARTESIAN_POINT('',(7.721338517467E1,-4.111103891446E1,-1.86E2));
#15=CARTESIAN_POINT('',(7.660030554591E1,-4.039092938329E1,-1.86E2));
#16=CARTESIAN_POINT('',(7.605510363182E1,-3.973683746671E1,-1.86E2));
#17=CARTESIAN_POINT('',(7.557026232996E1,-3.914228937068E1,-1.86E2));
#18=CARTESIAN_POINT('',(7.513930016836E1,-3.860152064946E1,-1.86E2));
#19=CARTESIAN_POINT('',(7.475648190449E1,-3.810913417369E1,-1.86E2));
#20=CARTESIAN_POINT('',(7.441717716602E1,-3.766087062106E1,-1.86E2));
#21=CARTESIAN_POINT('',(7.411661007277E1,-3.725217324545E1,-1.86E2));
#22=CARTESIAN_POINT('',(7.385021262123E1,-3.687838230045E1,-1.86E2));
#23=CARTESIAN_POINT('',(7.361405707804E1,-3.653535468344E1,-1.86E2));
#24=CARTESIAN_POINT('',(7.340505946749E1,-3.621978302859E1,-1.86E2));
#25=CARTESIAN_POINT('',(7.322115613102E1,-3.592961980073E1,-1.86E2));
#26=CARTESIAN_POINT('',(7.306005112788E1,-3.566216900289E1,-1.86E2));
#27=CARTESIAN_POINT('',(7.292006281663E1,-3.541535565661E1,-1.86E2));
#28=CARTESIAN_POINT('',(7.279986866E1,-3.518708933053E1,-1.86E2));
#29=CARTESIAN_POINT('',(7.269873875147E1,-3.497568670737E1,-1.86E2));
#30=CARTESIAN_POINT('',(7.261639169844E1,-3.477947213683E1,-1.86E2));
#31=CARTESIAN_POINT('',(7.255335729019E1,-3.459721229321E1,-1.86E2));
#32=CARTESIAN_POINT('',(7.251118546611E1,-3.442674261627E1,-1.86E2));
#33=CARTESIAN_POINT('',(7.249991985049E1,-3.432139710554E1,-1.86E2));
#34=CARTESIAN_POINT('',(7.25E1,-3.427075056750E1,-1.86E2));
#36=CARTESIAN_POINT('',(7.85E1,-3.134278007520E1,-1.86E2));
#37=DIRECTION('',(0.E0,0.E0,1.E0));
#38=DIRECTION('',(-1.E0,0.E0,0.E0));
#39=AXIS2_PLACEMENT_3D('',#36,#37,#38);
#41=CARTESIAN_POINT('',(1.260266898467E2,1.460775796628E1,-1.86E2));
#42=DIRECTION('',(0.E0,0.E0,1.E0));
#43=DIRECTION('',(-7.189273626536E-1,-6.950852086096E-1,0.E0));
#44=AXIS2_PLACEMENT_3D('',#41,#42,#43);
#46=CARTESIAN_POINT('',(9.812327799812E1,-6.009938474461E1,-1.741539118514E2));
#47=CARTESIAN_POINT('',(9.790942921561E1,-5.998296934139E1,-1.740934055588E2));
#48=CARTESIAN_POINT('',(9.744817985515E1,-5.970554977066E1,-1.739615402814E2));
#49=CARTESIAN_POINT('',(9.674243520413E1,-5.923098990628E1,-1.737702875570E2));
#50=CARTESIAN_POINT('',(9.598306097778E1,-5.868141817433E1,-1.735635169570E2));
#51=CARTESIAN_POINT('',(9.511905728064E1,-5.801879618064E1,-1.733284784764E2));
#52=CARTESIAN_POINT('',(9.417829305121E1,-5.726243455075E1,-1.730710797348E2));
#53=CARTESIAN_POINT('',(9.314322002577E1,-5.639847706457E1,-1.727900709111E2));
#54=CARTESIAN_POINT('',(9.197773978206E1,-5.539212833805E1,-1.724769138384E2));
#55=CARTESIAN_POINT('',(9.068962807320E1,-5.424402961667E1,-1.721327144907E2));
#56=CARTESIAN_POINT('',(8.925673000361E1,-5.292663914290E1,-1.717443942840E2));
#57=CARTESIAN_POINT('',(8.767403363535E1,-5.142948632333E1,-1.713162432576E2));
#58=CARTESIAN_POINT('',(8.593144451197E1,-4.973460143186E1,-1.708546566500E2));
#59=CARTESIAN_POINT('',(8.407071405213E1,-4.786906466125E1,-1.703611942792E2));
#60=CARTESIAN_POINT('',(8.213346692843E1,-4.586187255494E1,-1.698388415739E2));
#61=CARTESIAN_POINT('',(8.079237967977E1,-4.442453763005E1,-1.694829071237E2));
#62=CARTESIAN_POINT('',(8.013107761045E1,-4.370142865936E1,-1.693093450952E2));
#64=CARTESIAN_POINT('',(7.652639392115E1,-3.964957942646E1,-1.700571736272E2));
#65=CARTESIAN_POINT('',(7.642236365170E1,-3.952373892902E1,-1.700192997815E2));
#66=CARTESIAN_POINT('',(7.620717692914E1,-3.926202164575E1,-1.699540274335E2));
#67=CARTESIAN_POINT('',(7.586446500691E1,-3.884213687140E1,-1.698914018414E2));
#68=CARTESIAN_POINT('',(7.562323539125E1,-3.854320849066E1,-1.698760580850E2));
#69=CARTESIAN_POINT('',(7.550009986953E1,-3.838931696937E1,-1.698760579722E2));
#71=CARTESIAN_POINT('',(7.550009986953E1,-3.838931696937E1,-1.698760579722E2));
#72=CARTESIAN_POINT('',(7.536136955140E1,-3.821488272291E1,-1.698760578452E2));
#73=CARTESIAN_POINT('',(7.506361057287E1,-3.784182396134E1,-1.698948244363E2));
#74=CARTESIAN_POINT('',(7.455423882026E1,-3.718262887808E1,-1.700118418447E2));
#75=CARTESIAN_POINT('',(7.404765661487E1,-3.650355622594E1,-1.702317719634E2));
#76=CARTESIAN_POINT('',(7.359491069558E1,-3.586474204151E1,-1.705383437897E2));
#77=CARTESIAN_POINT('',(7.322506881811E1,-3.530656697832E1,-1.708993589040E2));
#78=CARTESIAN_POINT('',(7.293909912402E1,-3.483504874586E1,-1.712902943445E2));
#79=CARTESIAN_POINT('',(7.273064065739E1,-3.444601148800E1,-1.716948931143E2));
#80=CARTESIAN_POINT('',(7.259239568362E1,-3.413231347299E1,-1.720997184811E2));
#81=CARTESIAN_POINT('',(7.251569532678E1,-3.388705496176E1,-1.724948825236E2));
#82=CARTESIAN_POINT('',(7.25E1,-3.376106787362E1,-1.727512824476E2));
#83=CARTESIAN_POINT('',(7.25E1,-3.370812962187E1,-1.728761706330E2));
#85=DIRECTION('',(-4.198820376200E-2,-4.864590640234E-5,9.991181053201E-1));
#86=VECTOR('',#85,6.313567333422E0);
#87=CARTESIAN_POINT('',(1.531422380741E2,-6.050000003082E1,-1.820000000001E2));
#88=LINE('',#87,#86);
#89=CARTESIAN_POINT('',(1.26E2,-6.050092129958E1,-9.4E1));
#90=DIRECTION('',(2.824251553871E-14,1.E0,8.229284700072E-14));
#91=DIRECTION('',(3.125221964939E-1,6.931966729049E-14,-9.499104572004E-1));
#92=AXIS2_PLACEMENT_3D('',#89,#90,#91);
#94=DIRECTION('',(-4.279343788691E-2,4.875879646938E-5,-9.990839400653E-1));
#95=VECTOR('',#94,6.298347785596E0);
#96=CARTESIAN_POINT('',(9.917025811275E1,-6.050030709986E1,-1.757074218785E2));
#97=LINE('',#96,#95);
#98=CARTESIAN_POINT('',(1.639057188649E2,-5.136290724180E1,-1.576995749635E2));
#99=CARTESIAN_POINT('',(1.635222179879E2,-5.175234163054E1,-1.584087337679E2));
#100=CARTESIAN_POINT('',(1.627797062914E2,-5.250007210364E1,-1.597611841127E2));
#101=CARTESIAN_POINT('',(1.617474041065E2,-5.351362734552E1,-1.615869644212E2));
#102=CARTESIAN_POINT('',(1.607929718732E2,-5.443086659219E1,-1.632325016576E2));
#103=CARTESIAN_POINT('',(1.599164995283E2,-5.525362276624E1,-1.647100957339E2));
#104=CARTESIAN_POINT('',(1.591125860383E2,-5.599112380833E1,-1.660403664563E2));
#105=CARTESIAN_POINT('',(1.583769483048E2,-5.665016326198E1,-1.672381581065E2));
#106=CARTESIAN_POINT('',(1.577059592549E2,-5.723665288592E1,-1.683158585676E2));
#107=CARTESIAN_POINT('',(1.570942694762E2,-5.775744312174E1,-1.692855690418E2));
#108=CARTESIAN_POINT('',(1.565360202519E2,-5.821922360108E1,-1.701601683752E2));
#109=CARTESIAN_POINT('',(1.560258941435E2,-5.862781773466E1,-1.709506948242E2));
#110=CARTESIAN_POINT('',(1.555607833267E2,-5.898719495449E1,-1.716645057743E2));
#111=CARTESIAN_POINT('',(1.551381142072E2,-5.930078329787E1,-1.723085265301E2));
#112=CARTESIAN_POINT('',(1.547536496117E2,-5.957300620070E1,-1.728909279545E2));
#113=CARTESIAN_POINT('',(1.544046598413E2,-5.980684515813E1,-1.734162590940E2));
#114=CARTESIAN_POINT('',(1.540885782152E2,-6.000493715170E1,-1.738899995916E2));
#115=CARTESIAN_POINT('',(1.538035137384E2,-6.016922114706E1,-1.743173183192E2));
#116=CARTESIAN_POINT('',(1.535414643021E2,-6.030405765385E1,-1.747083758895E2));
#117=CARTESIAN_POINT('',(1.532951007720E2,-6.041057800706E1,-1.750719078690E2));
#118=CARTESIAN_POINT('',(1.530711405051E2,-6.048136454638E1,-1.754053159899E2));
#119=CARTESIAN_POINT('',(1.529371851297E2,-6.050039674307E1,-1.756000739209E2));
#120=CARTESIAN_POINT('',(1.528771427224E2,-6.050030716003E1,-1.756920005681E2));
#122=CARTESIAN_POINT('',(1.531422380741E2,-6.050000003082E1,-1.820000000001E2));
#123=CARTESIAN_POINT('',(1.532160504689E2,-6.050000003082E1,-1.821672177633E2));
#124=CARTESIAN_POINT('',(1.533910735938E2,-6.047893063903E1,-1.825111528083E2));
#125=CARTESIAN_POINT('',(1.537310835625E2,-6.037481192601E1,-1.830438221211E2));
#126=CARTESIAN_POINT('',(1.541630888379E2,-6.018689716564E1,-1.835888496706E2));
#127=CARTESIAN_POINT('',(1.546945164941E2,-5.990372959207E1,-1.841322842855E2));
#128=CARTESIAN_POINT('',(1.553310053192E2,-5.951664316318E1,-1.846554323136E2));
#129=CARTESIAN_POINT('',(1.560814335961E2,-5.901344363654E1,-1.851389057664E2));
#130=CARTESIAN_POINT('',(1.569152344416E2,-5.841046610450E1,-1.855392278227E2));
#131=CARTESIAN_POINT('',(1.577807417980E2,-5.774624348458E1,-1.858230044653E2));
#132=CARTESIAN_POINT('',(1.586127336568E2,-5.707914334127E1,-1.859751263037E2));
#133=CARTESIAN_POINT('',(1.590862533927E2,-5.668470327774E1,-1.860000029721E2));
#134=CARTESIAN_POINT('',(1.593077017814E2,-5.649991177060E1,-1.860000029721E2));
#136=CARTESIAN_POINT('',(1.758075918452E2,-3.930248873931E1,-1.701738995151E2));
#137=CARTESIAN_POINT('',(1.757196995054E2,-3.940968649126E1,-1.701947450138E2));
#138=CARTESIAN_POINT('',(1.755421650951E2,-3.962422286313E1,-1.702296772674E2));
#139=CARTESIAN_POINT('',(1.752726316836E2,-3.994668909507E1,-1.702611728758E2));
#140=CARTESIAN_POINT('',(1.750910873256E2,-4.016147618423E1,-1.702685090440E2));
#141=CARTESIAN_POINT('',(1.749998742990E2,-4.026860827969E1,-1.702685085765E2));
#143=CARTESIAN_POINT('',(1.749998742990E2,-4.026860827969E1,-1.702685085765E2));
#144=CARTESIAN_POINT('',(1.747757776496E2,-4.053181568021E1,-1.702685074278E2));
#145=CARTESIAN_POINT('',(1.743416291758E2,-4.103380942089E1,-1.702255097949E2));
#146=CARTESIAN_POINT('',(1.737407610637E2,-4.171188921702E1,-1.700527939404E2));
#147=CARTESIAN_POINT('',(1.732125965229E2,-4.229449608658E1,-1.697950896231E2));
#148=CARTESIAN_POINT('',(1.727700747326E2,-4.277292390505E1,-1.694826836476E2));
#149=CARTESIAN_POINT('',(1.724052292848E2,-4.316009774994E1,-1.691342376996E2));
#150=CARTESIAN_POINT('',(1.721080034255E2,-4.346960749174E1,-1.687580289931E2));
#151=CARTESIAN_POINT('',(1.718756721790E2,-4.370637625094E1,-1.683667300148E2));
#152=CARTESIAN_POINT('',(1.717013170366E2,-4.387907519107E1,-1.679642780252E2));
#153=CARTESIAN_POINT('',(1.715818815135E2,-4.399191335298E1,-1.675587264134E2));
#154=CARTESIAN_POINT('',(1.715127324932E2,-4.405042304129E1,-1.671493976242E2));
#155=CARTESIAN_POINT('',(1.714922251708E2,-4.405615819256E1,-1.667420284938E2));
#156=CARTESIAN_POINT('',(1.715100694842E2,-4.402724484357E1,-1.664677628997E2));
#157=CARTESIAN_POINT('',(1.715271755762E2,-4.400352065261E1,-1.663317173211E2));
#159=CARTESIAN_POINT('',(1.715271755762E2,-4.400352065261E1,-1.663317173211E2));
#160=CARTESIAN_POINT('',(1.716393169161E2,-4.384799345355E1,-1.654398518060E2));
#161=CARTESIAN_POINT('',(1.718628489965E2,-4.353676343998E1,-1.636640001811E2));
#162=CARTESIAN_POINT('',(1.721948117047E2,-4.307193544560E1,-1.610232786587E2));
#163=CARTESIAN_POINT('',(1.724141812078E2,-4.276269032868E1,-1.592783285237E2));
#164=CARTESIAN_POINT('',(1.725233969557E2,-4.260827636157E1,-1.584097303843E2));
#166=CARTESIAN_POINT('',(1.725233969557E2,-4.260827636157E1,-1.584097303843E2));
#167=CARTESIAN_POINT('',(1.725376138398E2,-4.258817591337E1,-1.582966628152E2));
#168=CARTESIAN_POINT('',(1.725795770982E2,-4.253272712701E1,-1.580678526118E2));
#169=CARTESIAN_POINT('',(1.726857541314E2,-4.240211109822E1,-1.577233726415E2));
#170=CARTESIAN_POINT('',(1.728389143234E2,-4.221911224404E1,-1.573814087190E2));
#171=CARTESIAN_POINT('',(1.730423374572E2,-4.197988475739E1,-1.570482489801E2));
#172=CARTESIAN_POINT('',(1.732990774158E2,-4.168038228730E1,-1.567312173333E2));
#173=CARTESIAN_POINT('',(1.736122729419E2,-4.131618818658E1,-1.564385157167E2));
#174=CARTESIAN_POINT('',(1.739889951871E2,-4.087785560422E1,-1.561777377043E2));
#175=CARTESIAN_POINT('',(1.744367319285E2,-4.035484651550E1,-1.559631758571E2));
#176=CARTESIAN_POINT('',(1.749435899282E2,-3.975802029838E1,-1.558197101763E2));
#177=CARTESIAN_POINT('',(1.753103672039E2,-3.932186884349E1,-1.557839984706E2));
#178=CARTESIAN_POINT('',(1.754998546933E2,-3.909456033950E1,-1.557839985485E2));
#180=CARTESIAN_POINT('',(1.754998546933E2,-3.909456033950E1,-1.557839985485E2));
#181=CARTESIAN_POINT('',(1.755558114269E2,-3.902743484519E1,-1.557839985715E2));
#182=CARTESIAN_POINT('',(1.756673463924E2,-3.889295411662E1,-1.557871125564E2));
#183=CARTESIAN_POINT('',(1.758341084197E2,-3.869145866025E1,-1.558010816896E2));
#184=CARTESIAN_POINT('',(1.759448654148E2,-3.855752870490E1,-1.558166567387E2));
#185=CARTESIAN_POINT('',(1.759999014589E2,-3.849053325459E1,-1.558259595280E2));
#187=CARTESIAN_POINT('',(1.554585911328E2,-3.249256534667E1,-1.435048577579E2));
#188=CARTESIAN_POINT('',(1.551044660621E2,-3.242542833155E1,-1.436872958830E2));
#189=CARTESIAN_POINT('',(1.544012695855E2,-3.229555518213E1,-1.440504849976E2));
#190=CARTESIAN_POINT('',(1.533585346437E2,-3.215089035105E1,-1.445876485882E2));
#191=CARTESIAN_POINT('',(1.526747278972E2,-3.201120866174E1,-1.449391023803E2));
#192=CARTESIAN_POINT('',(1.523325558181E2,-3.200010147414E1,-1.451153825643E2));
#194=CARTESIAN_POINT('',(1.26E2,-3.199999844595E1,-9.4E1));
#195=DIRECTION('',(2.824251553871E-14,1.E0,8.229284700072E-14));
#196=DIRECTION('',(4.579764412401E-1,6.024342054111E-14,-8.889643295819E-1));
#197=AXIS2_PLACEMENT_3D('',#194,#195,#196);
#199=CARTESIAN_POINT('',(1.26E2,-3.199999844595E1,-9.4E1));
#200=DIRECTION('',(2.824251553871E-14,1.E0,8.229284700072E-14));
#201=DIRECTION('',(-1.309908220996E-14,8.230178067770E-14,-1.E0));
#202=AXIS2_PLACEMENT_3D('',#199,#200,#201);
#204=CARTESIAN_POINT('',(8.723972260277E1,-3.384154113949E1,-1.375606469207E2));
#205=CARTESIAN_POINT('',(8.729038497566E1,-3.410746109666E1,-1.378271003240E2));
#206=CARTESIAN_POINT('',(8.740524840697E1,-3.466958749127E1,-1.384226321827E2));
#207=CARTESIAN_POINT('',(8.760612226213E1,-3.556338102006E1,-1.394420910264E2));
#208=CARTESIAN_POINT('',(8.784826663943E1,-3.655410854446E1,-1.406275427358E2));
#209=CARTESIAN_POINT('',(8.813284750736E1,-3.763582138218E1,-1.419669135339E2));
#210=CARTESIAN_POINT('',(8.847107252962E1,-3.883652512957E1,-1.434921416217E2));
#211=CARTESIAN_POINT('',(8.887143644770E1,-4.016623348281E1,-1.452162513712E2));
#212=CARTESIAN_POINT('',(8.934853759938E1,-4.165353928307E1,-1.471776822414E2));
#213=CARTESIAN_POINT('',(8.991378175591E1,-4.330808829907E1,-1.493881666867E2));
#214=CARTESIAN_POINT('',(9.058304413372E1,-4.514395827660E1,-1.518663765341E2));
#215=CARTESIAN_POINT('',(9.139649023152E1,-4.722163082686E1,-1.547013010236E2));
#216=CARTESIAN_POINT('',(9.227681997864E1,-4.932686989419E1,-1.576109117808E2));
#217=CARTESIAN_POINT('',(9.313232499800E1,-5.124682677871E1,-1.603004632530E2));
#218=CARTESIAN_POINT('',(9.390168859864E1,-5.287379021626E1,-1.626126548932E2));
#219=CARTESIAN_POINT('',(9.461318558318E1,-5.430573747690E1,-1.646811548099E2));
#220=CARTESIAN_POINT('',(9.526705814856E1,-5.556177464580E1,-1.665353843126E2));
#221=CARTESIAN_POINT('',(9.585861517407E1,-5.664284579301E1,-1.681730576727E2));
#222=CARTESIAN_POINT('',(9.640082787511E1,-5.758359669145E1,-1.696430207162E2));
#223=CARTESIAN_POINT('',(9.689292862705E1,-5.839043908229E1,-1.709532348566E2));
#224=CARTESIAN_POINT('',(9.734686848477E1,-5.908624641338E1,-1.721451342859E2));
#225=CARTESIAN_POINT('',(9.775241159190E1,-5.965600898305E1,-1.731973687174E2));
#226=CARTESIAN_POINT('',(9.800611088575E1,-5.996959044040E1,-1.738527362935E2));
#227=CARTESIAN_POINT('',(9.812327799812E1,-6.009938474461E1,-1.741539118514E2));
#229=CARTESIAN_POINT('',(9.812327799812E1,-6.009938474461E1,-1.741539118514E2));
#230=CARTESIAN_POINT('',(9.825953371599E1,-6.017504475457E1,-1.743531084479E2));
#231=CARTESIAN_POINT('',(9.851626149026E1,-6.031399019395E1,-1.747422196330E2));
#232=CARTESIAN_POINT('',(9.886192129434E1,-6.045458372481E1,-1.752454408093E2));
#233=CARTESIAN_POINT('',(9.906897524268E1,-6.050056011087E1,-1.755674198291E2));
#234=CARTESIAN_POINT('',(9.917025811275E1,-6.050030709986E1,-1.757074218785E2));
#236=CARTESIAN_POINT('',(1.554585911328E2,-3.249256534667E1,-1.435048577579E2));
#237=CARTESIAN_POINT('',(1.555025099844E2,-3.273115025996E1,-1.435786629035E2));
#238=CARTESIAN_POINT('',(1.557123801430E2,-3.359764523396E1,-1.439312988563E2));
#239=CARTESIAN_POINT('',(1.565804647145E2,-3.610474428045E1,-1.453901781365E2));
#240=CARTESIAN_POINT('',(1.587476431624E2,-4.116392437858E1,-1.490319031258E2));
#241=CARTESIAN_POINT('',(1.615029782019E2,-4.684330374907E1,-1.536628115536E2));
#242=CARTESIAN_POINT('',(1.632698935498E2,-5.019232471420E1,-1.566310775377E2));
#243=CARTESIAN_POINT('',(1.639057188649E2,-5.136290724180E1,-1.576995749635E2));
#245=CARTESIAN_POINT('',(1.639057188649E2,-5.136290724180E1,-1.576995749635E2));
#246=CARTESIAN_POINT('',(1.646231450991E2,-5.063435255821E1,-1.563721570232E2));
#247=CARTESIAN_POINT('',(1.659977616310E2,-4.921417296822E1,-1.538339664028E2));
#248=CARTESIAN_POINT('',(1.678070367331E2,-4.728053551852E1,-1.504880617423E2));
#249=CARTESIAN_POINT('',(1.694326238673E2,-4.549447761001E1,-1.474869975230E2));
#250=CARTESIAN_POINT('',(1.708958760381E2,-4.384545562685E1,-1.447875487485E2));
#251=CARTESIAN_POINT('',(1.722158962687E2,-4.232077827179E1,-1.423543250958E2));
#252=CARTESIAN_POINT('',(1.733981409332E2,-4.091893963408E1,-1.401763633029E2));
#253=CARTESIAN_POINT('',(1.744526692705E2,-3.963342519587E1,-1.382358596907E2));
#254=CARTESIAN_POINT('',(1.753941120991E2,-3.845258065600E1,-1.365054633981E2));
#255=CARTESIAN_POINT('',(1.762423625145E2,-3.735450217940E1,-1.349484473046E2));
#256=CARTESIAN_POINT('',(1.769865551453E2,-3.635590936446E1,-1.335844417766E2));
#257=CARTESIAN_POINT('',(1.774275784396E2,-3.573702210283E1,-1.327779419581E2));
#258=CARTESIAN_POINT('',(1.776321439922E2,-3.544242139621E1,-1.324043255551E2));
#260=CARTESIAN_POINT('',(1.774999906830E2,-3.534533354551E1,-1.324000286169E2));
#261=CARTESIAN_POINT('',(1.775148626060E2,-3.535575439076E1,-1.324000288786E2));
#262=CARTESIAN_POINT('',(1.775446838736E2,-3.537661890774E1,-1.324003944023E2));
#263=CARTESIAN_POINT('',(1.775882970752E2,-3.540890628045E1,-1.324018923170E2));
#264=CARTESIAN_POINT('',(1.776175857608E2,-3.543116193147E1,-1.324033616899E2));
#265=CARTESIAN_POINT('',(1.776321439922E2,-3.544242139621E1,-1.324043255551E2));
#267=CARTESIAN_POINT('',(1.776321439922E2,-3.544242139621E1,-1.324043255551E2));
#268=CARTESIAN_POINT('',(1.777277766356E2,-3.531209403165E1,-1.324106571604E2));
#269=CARTESIAN_POINT('',(1.779315303457E2,-3.503198431785E1,-1.324374719922E2));
#270=CARTESIAN_POINT('',(1.782801033647E2,-3.453557393582E1,-1.325454361334E2));
#271=CARTESIAN_POINT('',(1.786191162356E2,-3.402804383124E1,-1.327275686923E2));
#272=CARTESIAN_POINT('',(1.789134672979E2,-3.355541394589E1,-1.329691335001E2));
#273=CARTESIAN_POINT('',(1.791423617040E2,-3.315150499498E1,-1.332415990282E2));
#274=CARTESIAN_POINT('',(1.793110961434E2,-3.281163200961E1,-1.335310318502E2));
#275=CARTESIAN_POINT('',(1.794241701990E2,-3.253165589993E1,-1.338265404016E2));
#276=CARTESIAN_POINT('',(1.794871535372E2,-3.230823910398E1,-1.341183628862E2));
#277=CARTESIAN_POINT('',(1.795000435492E2,-3.218923668705E1,-1.343077546242E2));
#278=CARTESIAN_POINT('',(1.795E2,-3.213810577504E1,-1.344000576074E2));
#280=DIRECTION('',(-2.468663841945E-12,1.E0,-6.687266609825E-12));
#281=VECTOR('',#280,3.638105775038E0);
#282=CARTESIAN_POINT('',(1.795E2,-3.213810577504E1,-1.344000576074E2));
#283=LINE('',#282,#281);
#284=DIRECTION('',(9.124828661697E-6,-9.999999999460E-1,4.981255476361E-6));
#285=VECTOR('',#284,3.460756821557E0);
#286=CARTESIAN_POINT('',(1.765840554693E2,-3.149882176405E1,-1.326221246456E2));
#287=LINE('',#286,#285);
#288=CARTESIAN_POINT('',(1.765840870481E2,-3.495957858542E1,-1.326221074067E2));
#289=CARTESIAN_POINT('',(1.766748178250E2,-3.496837253367E1,-1.325753663902E2));
#290=CARTESIAN_POINT('',(1.768656642741E2,-3.500754817373E1,-1.324945115171E2));
#291=CARTESIAN_POINT('',(1.771777765464E2,-3.513863359883E1,-1.324174627038E2));
#292=CARTESIAN_POINT('',(1.773917480765E2,-3.526948730517E1,-1.324000267114E2));
#293=CARTESIAN_POINT('',(1.774999906830E2,-3.534533354551E1,-1.324000286169E2));
#295=DIRECTION('',(-2.260301599059E-13,-4.206598119001E-2,-9.991148348546E-1));
#296=VECTOR('',#295,1.848422037133E1);
#297=CARTESIAN_POINT('',(1.795E2,-3.213810577504E1,-1.344000576074E2));
#298=LINE('',#297,#296);
#299=CARTESIAN_POINT('',(1.764998699612E2,-3.787289853580E1,-1.558680945371E2));
#300=CARTESIAN_POINT('',(1.764436588632E2,-3.794336767826E1,-1.558680940327E2));
#301=CARTESIAN_POINT('',(1.763317902482E2,-3.808330624080E1,-1.558646758773E2));
#302=CARTESIAN_POINT('',(1.761649819499E2,-3.828925919021E1,-1.558507307614E2));
#303=CARTESIAN_POINT('',(1.760546760219E2,-3.842385610553E1,-1.558352181190E2));
#304=CARTESIAN_POINT('',(1.759999014589E2,-3.849053325459E1,-1.558259595280E2));
#306=DIRECTION('',(1.923109390801E-6,9.999999999981E-1,6.333811817188E-8));
#307=VECTOR('',#306,5.124053325468E1);
#308=CARTESIAN_POINT('',(1.759999014589E2,-3.849053325459E1,-1.558259595280E2));
#309=LINE('',#308,#307);
#310=DIRECTION('',(1.051833832227E-13,-1.E0,-1.031295065089E-12));
#311=VECTOR('',#310,4.566566264150E1);
#312=CARTESIAN_POINT('',(1.795E2,1.275E1,-1.528679163910E2));
#313=LINE('',#312,#311);
#314=CARTESIAN_POINT('',(1.795E2,-3.291566264150E1,-1.528679163911E2));
#315=CARTESIAN_POINT('',(1.795E2,-3.298061886176E1,-1.529936836651E2));
#316=CARTESIAN_POINT('',(1.794841204163E2,-3.313222467900E1,-1.532530831570E2));
#317=CARTESIAN_POINT('',(1.794046770533E2,-3.342080166839E1,-1.536570541877E2));
#318=CARTESIAN_POINT('',(1.792604400943E2,-3.378228252123E1,-1.540713959288E2));
#319=CARTESIAN_POINT('',(1.790421143376E2,-3.422264009041E1,-1.544848092368E2));
#320=CARTESIAN_POINT('',(1.787457344106E2,-3.474203691799E1,-1.548783192895E2));
#321=CARTESIAN_POINT('',(1.783673213379E2,-3.534193120949E1,-1.552362293575E2));
#322=CARTESIAN_POINT('',(1.779076656462E2,-3.601489132285E1,-1.555365006477E2));
#323=CARTESIAN_POINT('',(1.774030031842E2,-3.670815225657E1,-1.557445445106E2));
#324=CARTESIAN_POINT('',(1.769263215766E2,-3.733408767129E1,-1.558491911966E2));
#325=CARTESIAN_POINT('',(1.766360026806E2,-3.770129804918E1,-1.558680957586E2));
#326=CARTESIAN_POINT('',(1.764998699612E2,-3.787289853580E1,-1.558680945371E2));
#328=DIRECTION('',(7.323983240796E-7,9.999999999997E-1,1.935886314239E-8));
#329=VECTOR('',#328,5.535827636158E1);
#330=CARTESIAN_POINT('',(1.725233969557E2,-4.260827636157E1,-1.584097303843E2));
#331=LINE('',#330,#329);
#332=DIRECTION('',(1.930023120855E-6,9.999999999981E-1,2.659193478499E-7));
#333=VECTOR('',#332,5.205248873941E1);
#334=CARTESIAN_POINT('',(1.758075918452E2,-3.930248873931E1,-1.701738995151E2));
#335=LINE('',#334,#333);
#336=DIRECTION('',(-2.963231704217E-6,-9.999999999956E-1,-1.076109954349E-7));
#337=VECTOR('',#336,5.675352065286E1);
#338=CARTESIAN_POINT('',(1.715273437500E2,1.275E1,-1.663317112138E2));
#339=LINE('',#338,#337);
#340=CARTESIAN_POINT('',(1.764998686187E2,-3.844833026660E1,-1.700927067406E2));
#341=CARTESIAN_POINT('',(1.766388639677E2,-3.827351035940E1,-1.700927058845E2));
#342=CARTESIAN_POINT('',(1.769375214511E2,-3.789937189123E1,-1.701116386096E2));
#343=CARTESIAN_POINT('',(1.774500261318E2,-3.723638112099E1,-1.702297577183E2));
#344=CARTESIAN_POINT('',(1.779582895703E2,-3.655494412216E1,-1.704517707809E2));
#345=CARTESIAN_POINT('',(1.784088089652E2,-3.591797169425E1,-1.707583533617E2));
#346=CARTESIAN_POINT('',(1.787760530411E2,-3.536309458026E1,-1.711176176452E2));
#347=CARTESIAN_POINT('',(1.790608687486E2,-3.489473927621E1,-1.715070734483E2));
#348=CARTESIAN_POINT('',(1.792693659894E2,-3.450635958094E1,-1.719115705599E2));
#349=CARTESIAN_POINT('',(1.794079232512E2,-3.419186686434E1,-1.723174047103E2));
#350=CARTESIAN_POINT('',(1.794845480035E2,-3.394580855467E1,-1.727135887678E2));
#351=CARTESIAN_POINT('',(1.795E2,-3.381995877451E1,-1.729688801952E2));
#352=CARTESIAN_POINT('',(1.795E2,-3.376720064473E1,-1.730929112057E2));
#354=DIRECTION('',(0.E0,1.E0,-1.740109622589E-12));
#355=VECTOR('',#354,4.651720064473E1);
#356=CARTESIAN_POINT('',(1.795E2,-3.376720064473E1,-1.730929112057E2));
#357=LINE('',#356,#355);
#358=CARTESIAN_POINT('',(1.758075918452E2,-3.930248873931E1,-1.701738995151E2));
#359=CARTESIAN_POINT('',(1.758820758713E2,-3.921164441583E1,-1.701562340772E2));
#360=CARTESIAN_POINT('',(1.760331561588E2,-3.902726128052E1,-1.701264134217E2));
#361=CARTESIAN_POINT('',(1.762642436884E2,-3.874224169010E1,-1.700992448161E2));
#362=CARTESIAN_POINT('',(1.764208700322E2,-3.854702514832E1,-1.700927072272E2));
#363=CARTESIAN_POINT('',(1.764998686187E2,-3.844833026660E1,-1.700927067406E2));
#365=DIRECTION('',(8.884063638056E-13,-4.206598119544E-2,-9.991148348544E-1));
#366=VECTOR('',#365,2.802480765039E1);
#367=CARTESIAN_POINT('',(1.795E2,-3.447904402290E1,-1.9E2));
#368=LINE('',#367,#366);
#369=DIRECTION('',(-2.668699846868E-12,1.E0,2.505721546610E-7));
#370=VECTOR('',#369,4.260008402783E0);
#371=CARTESIAN_POINT('',(1.795E2,-3.565793505452E1,-2.180000010674E2));
#372=LINE('',#371,#370);
#373=DIRECTION('',(-8.797814530133E-7,-4.201231326395E-2,-9.991170930043E-1));
#374=VECTOR('',#373,7.495136935970E0);
#375=CARTESIAN_POINT('',(1.794999998535E2,-3.582626672037E1,-2.22E2));
#376=LINE('',#375,#374);
#377=DIRECTION('',(-1.093952106032E-14,1.E0,0.E0));
#378=VECTOR('',#377,2.078460969082E1);
#379=CARTESIAN_POINT('',(1.795E2,-1.439230484541E1,-2.335E2));
#380=LINE('',#379,#378);
#381=DIRECTION('',(0.E0,1.E0,0.E0));
#382=VECTOR('',#381,6.357695154587E0);
#383=CARTESIAN_POINT('',(1.795E2,6.392304845413E0,-2.335E2));
#384=LINE('',#383,#382);
#385=DIRECTION('',(-2.266076108078E-13,-4.206598119046E-2,-9.991148348546E-1));
#386=VECTOR('',#385,1.291852493787E1);
#387=CARTESIAN_POINT('',(1.795E2,-3.376720064473E1,-1.730929112057E2));
#388=LINE('',#387,#386);
#389=DIRECTION('',(9.172371449975E-13,9.999999999999E-1,3.829980099263E-7));
#390=VECTOR('',#389,2.912704420039E0);
#391=CARTESIAN_POINT('',(1.795E2,-3.431063107178E1,-1.860000011156E2));
#392=LINE('',#391,#390);
#393=CARTESIAN_POINT('',(1.594681650626E2,-5.649991367366E1,-1.900000011108E2));
#394=CARTESIAN_POINT('',(1.599311523373E2,-5.611081523734E1,-1.900000011108E2));
#395=CARTESIAN_POINT('',(1.609216884718E2,-5.526061829569E1,-1.899999994845E2));
#396=CARTESIAN_POINT('',(1.625679776475E2,-5.379122930501E1,-1.900000001381E2));
#397=CARTESIAN_POINT('',(1.644561094846E2,-5.204029742187E1,-1.899999999630E2));
#398=CARTESIAN_POINT('',(1.663066479655E2,-5.026339038621E1,-1.900000000099E2));
#399=CARTESIAN_POINT('',(1.678709201426E2,-4.871647480459E1,-1.899999999973E2));
#400=CARTESIAN_POINT('',(1.692488460038E2,-4.731824220832E1,-1.900000000007E2));
#401=CARTESIAN_POINT('',(1.704662716696E2,-4.605454653010E1,-1.899999999998E2));
#402=CARTESIAN_POINT('',(1.715508078958E2,-4.490523329021E1,-1.900000000001E2));
#403=CARTESIAN_POINT('',(1.725202107938E2,-4.385704656562E1,-1.9E2));
#404=CARTESIAN_POINT('',(1.733836811211E2,-4.290418102212E1,-1.9E2));
#405=CARTESIAN_POINT('',(1.741507328671E2,-4.203966380281E1,-1.9E2));
#406=CARTESIAN_POINT('',(1.748324762093E2,-4.125519921457E1,-1.9E2));
#407=CARTESIAN_POINT('',(1.754387274722E2,-4.054292885962E1,-1.9E2));
#408=CARTESIAN_POINT('',(1.759780223085E2,-3.989577923141E1,-1.9E2));
#409=CARTESIAN_POINT('',(1.764577550260E2,-3.930738012611E1,-1.9E2));
#410=CARTESIAN_POINT('',(1.768842989041E2,-3.877206315424E1,-1.9E2));
#411=CARTESIAN_POINT('',(1.772632978693E2,-3.828451539667E1,-1.9E2));
#412=CARTESIAN_POINT('',(1.775993119561E2,-3.784054281005E1,-1.9E2));
#413=CARTESIAN_POINT('',(1.778970390159E2,-3.743566547619E1,-1.9E2));
#414=CARTESIAN_POINT('',(1.781609839865E2,-3.706528644044E1,-1.9E2));
#415=CARTESIAN_POINT('',(1.783950038322E2,-3.672534315884E1,-1.9E2));
#416=CARTESIAN_POINT('',(1.786021596863E2,-3.641254553795E1,-1.9E2));
#417=CARTESIAN_POINT('',(1.787844866291E2,-3.612487238238E1,-1.9E2));
#418=CARTESIAN_POINT('',(1.789442476893E2,-3.585966433393E1,-1.9E2));
#419=CARTESIAN_POINT('',(1.790830950991E2,-3.561488289634E1,-1.9E2));
#420=CARTESIAN_POINT('',(1.792023385877E2,-3.538845265258E1,-1.9E2));
#421=CARTESIAN_POINT('',(1.793026976682E2,-3.517870009198E1,-1.9E2));
#422=CARTESIAN_POINT('',(1.793844294266E2,-3.498400188065E1,-1.9E2));
#423=CARTESIAN_POINT('',(1.794470169188E2,-3.480309281029E1,-1.9E2));
#424=CARTESIAN_POINT('',(1.794888891427E2,-3.463390211270E1,-1.9E2));
#425=CARTESIAN_POINT('',(1.795000804625E2,-3.452932460984E1,-1.9E2));
#426=CARTESIAN_POINT('',(1.795E2,-3.447904402290E1,-1.9E2));
#428=DIRECTION('',(4.390853076720E-12,1.E0,-1.365223225535E-12));
#429=VECTOR('',#428,3.081117371156E0);
#430=CARTESIAN_POINT('',(1.795E2,-3.447904402290E1,-1.9E2));
#431=LINE('',#430,#429);
#432=CARTESIAN_POINT('',(1.735E2,-3.139792665174E1,-1.9E2));
#433=DIRECTION('',(0.E0,0.E0,-1.E0));
#434=DIRECTION('',(1.E0,0.E0,0.E0));
#435=AXIS2_PLACEMENT_3D('',#432,#433,#434);
#437=CARTESIAN_POINT('',(1.260266898467E2,1.460775796628E1,-1.9E2));
#438=DIRECTION('',(0.E0,0.E0,-1.E0));
#439=DIRECTION('',(7.181198979987E-1,-6.959194005762E-1,0.E0));
#440=AXIS2_PLACEMENT_3D('',#437,#438,#439);
#442=CARTESIAN_POINT('',(1.544895220115E2,-6.05E1,-2.140000000001E2));
#443=CARTESIAN_POINT('',(1.545616361721E2,-6.049999999999E1,-2.141673290464E2));
#444=CARTESIAN_POINT('',(1.547331705757E2,-6.047889971870E1,-2.145114256086E2));
#445=CARTESIAN_POINT('',(1.550675496304E2,-6.037474295576E1,-2.150440680761E2));
#446=CARTESIAN_POINT('',(1.554935285278E2,-6.018680902805E1,-2.155890507756E2));
#447=CARTESIAN_POINT('',(1.560185737075E2,-5.990363648383E1,-2.161324230664E2));
#448=CARTESIAN_POINT('',(1.566483467630E2,-5.951654321133E1,-2.166555676549E2));
#449=CARTESIAN_POINT('',(1.573920133309E2,-5.901298882547E1,-2.171392979625E2));
#450=CARTESIAN_POINT('',(1.582185064496E2,-5.840982590084E1,-2.175395682903E2));
#451=CARTESIAN_POINT('',(1.590762767587E2,-5.774588274822E1,-2.178230728681E2));
#452=CARTESIAN_POINT('',(1.599005187076E2,-5.707964158020E1,-2.179750316041E2));
#453=CARTESIAN_POINT('',(1.603705613868E2,-5.668496605819E1,-2.180000010674E2));
#454=CARTESIAN_POINT('',(1.605905385510E2,-5.649992854970E1,-2.180000010674E2));
#456=CARTESIAN_POINT('',(1.260266898467E2,1.460775796628E1,-2.18E2));
#457=DIRECTION('',(0.E0,0.E0,1.E0));
#458=DIRECTION('',(1.659652306191E-1,-9.861316049218E-1,0.E0));
#459=AXIS2_PLACEMENT_3D('',#456,#457,#458);
#461=CARTESIAN_POINT('',(1.735E2,-3.139792665174E1,-2.18E2));
#462=DIRECTION('',(0.E0,0.E0,1.E0));
#463=DIRECTION('',(7.181198979993E-1,-6.959194005756E-1,0.E0));
#464=AXIS2_PLACEMENT_3D('',#461,#462,#463);
#466=CARTESIAN_POINT('',(1.795E2,-3.565793505452E1,-2.180000010674E2));
#467=CARTESIAN_POINT('',(1.795000776330E2,-3.570644750927E1,-2.180000010674E2));
#468=CARTESIAN_POINT('',(1.794891713638E2,-3.580735228825E1,-2.179999995046E2));
#469=CARTESIAN_POINT('',(1.794484510740E2,-3.597066832670E1,-2.180000001327E2));
#470=CARTESIAN_POINT('',(1.793876937439E2,-3.614520849657E1,-2.179999999644E2));
#471=CARTESIAN_POINT('',(1.793084571037E2,-3.633298888397E1,-2.180000000095E2));
#472=CARTESIAN_POINT('',(1.792112637256E2,-3.653521927001E1,-2.179999999974E2));
#473=CARTESIAN_POINT('',(1.790959111244E2,-3.675340774883E1,-2.180000000007E2));
#474=CARTESIAN_POINT('',(1.789617251617E2,-3.698916281578E1,-2.179999999998E2));
#475=CARTESIAN_POINT('',(1.788074569143E2,-3.724446477275E1,-2.18E2));
#476=CARTESIAN_POINT('',(1.786315687686E2,-3.752120727302E1,-2.18E2));
#477=CARTESIAN_POINT('',(1.784318821484E2,-3.782196295362E1,-2.18E2));
#478=CARTESIAN_POINT('',(1.782067246326E2,-3.814828111031E1,-2.18E2));
#479=CARTESIAN_POINT('',(1.779532369910E2,-3.850326108181E1,-2.18E2));
#480=CARTESIAN_POINT('',(1.776674681425E2,-3.889117736242E1,-2.18E2));
#481=CARTESIAN_POINT('',(1.773451188170E2,-3.931640453659E1,-2.18E2));
#482=CARTESIAN_POINT('',(1.769825365616E2,-3.978216812789E1,-2.18E2));
#483=CARTESIAN_POINT('',(1.765752713544E2,-4.029268430802E1,-2.18E2));
#484=CARTESIAN_POINT('',(1.761181728144E2,-4.085277350288E1,-2.18E2));
#485=CARTESIAN_POINT('',(1.756055107402E2,-4.146748570388E1,-2.18E2));
#486=CARTESIAN_POINT('',(1.750305920074E2,-4.214256478216E1,-2.18E2));
#487=CARTESIAN_POINT('',(1.743845177027E2,-4.288572489314E1,-2.18E2));
#488=CARTESIAN_POINT('',(1.736579055569E2,-4.370452637012E1,-2.18E2));
#489=CARTESIAN_POINT('',(1.728406287381E2,-4.460642302931E1,-2.18E2));
#490=CARTESIAN_POINT('',(1.719238892281E2,-4.559785423555E1,-2.18E2));
#491=CARTESIAN_POINT('',(1.708972384504E2,-4.668619011582E1,-2.179999999998E2));
#492=CARTESIAN_POINT('',(1.697540790941E2,-4.787330500596E1,-2.180000000007E2));
#493=CARTESIAN_POINT('',(1.684885096985E2,-4.915890181694E1,-2.179999999974E2));
#494=CARTESIAN_POINT('',(1.670918230509E2,-5.054279629723E1,-2.180000000095E2));
#495=CARTESIAN_POINT('',(1.655091899051E2,-5.207030841186E1,-2.179999999644E2));
#496=CARTESIAN_POINT('',(1.637248932875E2,-5.373940078620E1,-2.180000001327E2));
#497=CARTESIAN_POINT('',(1.620272767057E2,-5.526717929651E1,-2.179999995046E2));
#498=CARTESIAN_POINT('',(1.610483819560E2,-5.611245855977E1,-2.180000010674E2));
#499=CARTESIAN_POINT('',(1.605905385510E2,-5.649992854970E1,-2.180000010674E2));
#501=DIRECTION('',(-1.906943935458E-14,-1.E0,-2.417681810294E-7));
#502=VECTOR('',#501,4.471297068873E0);
#503=CARTESIAN_POINT('',(7.25E1,-3.134278007520E1,-2.22E2));
#504=LINE('',#503,#502);
#505=CARTESIAN_POINT('',(7.25E1,-3.581407714407E1,-2.220000010810E2));
#506=CARTESIAN_POINT('',(7.249992255306E1,-3.586230486660E1,-2.220000010810E2));
#507=CARTESIAN_POINT('',(7.251076843654E1,-3.596261268389E1,-2.219999994983E2));
#508=CARTESIAN_POINT('',(7.255125663132E1,-3.612495549627E1,-2.220000001344E2));
#509=CARTESIAN_POINT('',(7.261165454743E1,-3.629842979173E1,-2.219999999640E2));
#510=CARTESIAN_POINT('',(7.269040653563E1,-3.648503737270E1,-2.220000000097E2));
#511=CARTESIAN_POINT('',(7.278698493857E1,-3.668597165056E1,-2.219999999974E2));
#512=CARTESIAN_POINT('',(7.290158424094E1,-3.690272646538E1,-2.220000000007E2));
#513=CARTESIAN_POINT('',(7.303486977082E1,-3.713689795181E1,-2.219999999998E2));
#514=CARTESIAN_POINT('',(7.318807367098E1,-3.739044405362E1,-2.22E2));
#515=CARTESIAN_POINT('',(7.336271579121E1,-3.766523928583E1,-2.22E2));
#516=CARTESIAN_POINT('',(7.356095514228E1,-3.796383644339E1,-2.22E2));
#517=CARTESIAN_POINT('',(7.378443666166E1,-3.828775540656E1,-2.22E2));
#518=CARTESIAN_POINT('',(7.403597880155E1,-3.864005075103E1,-2.22E2));
#519=CARTESIAN_POINT('',(7.431950100451E1,-3.902496913364E1,-2.22E2));
#520=CARTESIAN_POINT('',(7.463927988458E1,-3.944686962066E1,-2.22E2));
#521=CARTESIAN_POINT('',(7.499887281953E1,-3.990887144864E1,-2.22E2));
#522=CARTESIAN_POINT('',(7.540269536191E1,-4.041516580298E1,-2.22E2));
#523=CARTESIAN_POINT('',(7.585583160824E1,-4.097051269874E1,-2.22E2));
#524=CARTESIAN_POINT('',(7.636393561169E1,-4.157989574097E1,-2.22E2));
#525=CARTESIAN_POINT('',(7.693359104758E1,-4.224896091778E1,-2.22E2));
#526=CARTESIAN_POINT('',(7.757362167097E1,-4.298537286553E1,-2.22E2));
#527=CARTESIAN_POINT('',(7.829323715382E1,-4.379654269086E1,-2.22E2));
#528=CARTESIAN_POINT('',(7.910245077566E1,-4.468984997557E1,-2.22E2));
#529=CARTESIAN_POINT('',(8.000995946470E1,-4.567165672848E1,-2.22E2));
#530=CARTESIAN_POINT('',(8.102609885869E1,-4.674928616540E1,-2.219999999998E2));
#531=CARTESIAN_POINT('',(8.215738914703E1,-4.792461660442E1,-2.220000000007E2));
#532=CARTESIAN_POINT('',(8.341003381085E1,-4.919779298156E1,-2.219999999974E2));
#533=CARTESIAN_POINT('',(8.479194525680E1,-5.056791180006E1,-2.220000000097E2));
#534=CARTESIAN_POINT('',(8.635433676343E1,-5.207707847287E1,-2.219999999640E2));
#535=CARTESIAN_POINT('',(8.812823239492E1,-5.373810649185E1,-2.220000001344E2));
#536=CARTESIAN_POINT('',(8.982632291283E1,-5.526789726133E1,-2.219999994983E2));
#537=CARTESIAN_POINT('',(9.080360865434E1,-5.611254075560E1,-2.220000010810E2));
#538=CARTESIAN_POINT('',(9.126092323433E1,-5.649993072754E1,-2.220000010810E2));
#540=CARTESIAN_POINT('',(1.260266898467E2,1.460775796628E1,-2.22E2));
#541=DIRECTION('',(0.E0,0.E0,-1.E0));
#542=DIRECTION('',(-1.659652306193E-1,-9.861316049217E-1,0.E0));
#543=AXIS2_PLACEMENT_3D('',#540,#541,#542);
#545=CARTESIAN_POINT('',(7.85E1,-3.134278007520E1,-2.22E2));
#546=DIRECTION('',(0.E0,0.E0,-1.E0));
#547=DIRECTION('',(-7.189273626603E-1,-6.950852086027E-1,0.E0));
#548=AXIS2_PLACEMENT_3D('',#545,#546,#547);
#550=DIRECTION('',(-1.388096273923E-13,-1.E0,-2.141634251195E-12));
#551=VECTOR('',#550,4.299816296977E0);
#552=CARTESIAN_POINT('',(7.25E1,-3.134278007520E1,-2.18E2));
#553=LINE('',#552,#551);
#554=DIRECTION('',(4.360757321400E-14,4.283084107776E-2,9.990823384749E-1));
#555=VECTOR('',#554,2.802571698980E1);
#556=CARTESIAN_POINT('',(7.25E1,-3.564259637218E1,-2.18E2));
#557=LINE('',#556,#555);
#558=DIRECTION('',(1.747253843890E-13,-1.E0,-3.533335550977E-12));
#559=VECTOR('',#558,2.927970492303E0);
#560=CARTESIAN_POINT('',(7.25E1,-3.134278007520E1,-1.86E2));
#561=LINE('',#560,#559);
#562=DIRECTION('',(-3.029137150287E-14,4.283084108437E-2,9.990823384747E-1));
#563=VECTOR('',#562,1.313588366205E1);
#564=CARTESIAN_POINT('',(7.25E1,-3.427075056750E1,-1.86E2));
#565=LINE('',#564,#563);
#566=DIRECTION('',(-2.650258987967E-14,4.283084108512E-2,9.990823384746E-1));
#567=VECTOR('',#566,7.506887701018E0);
#568=CARTESIAN_POINT('',(7.25E1,-3.613560345824E1,-2.295E2));
#569=LINE('',#568,#567);
#570=CARTESIAN_POINT('',(9.142405465230E1,-5.649992834044E1,-2.180000010874E2));
#571=CARTESIAN_POINT('',(9.095008539777E1,-5.609884841306E1,-2.180000010874E2));
#572=CARTESIAN_POINT('',(8.993649761064E1,-5.522269366703E1,-2.179999994953E2));
#573=CARTESIAN_POINT('',(8.822105895148E1,-5.367719048090E1,-2.180000001352E2));
#574=CARTESIAN_POINT('',(8.632687866397E1,-5.190225605947E1,-2.179999999638E2));
#575=CARTESIAN_POINT('',(8.461422064038E1,-5.024194717259E1,-2.180000000097E2));
#576=CARTESIAN_POINT('',(8.315709680512E1,-4.878865013276E1,-2.179999999974E2));
#577=CARTESIAN_POINT('',(8.186815509946E1,-4.747008443575E1,-2.180000000007E2));
#578=CARTESIAN_POINT('',(8.073188584451E1,-4.628160591973E1,-2.179999999998E2));
#579=CARTESIAN_POINT('',(7.971829166943E1,-4.519916241126E1,-2.180000000001E2));
#580=CARTESIAN_POINT('',(7.881544710868E1,-4.421500325328E1,-2.18E2));
#581=CARTESIAN_POINT('',(7.801405996209E1,-4.332271887158E1,-2.18E2));
#582=CARTESIAN_POINT('',(7.730361546932E1,-4.251455099959E1,-2.18E2));
#583=CARTESIAN_POINT('',(7.667332545857E1,-4.178222611721E1,-2.18E2));
#584=CARTESIAN_POINT('',(7.611390724508E1,-4.111817556533E1,-2.18E2));
#585=CARTESIAN_POINT('',(7.561732113997E1,-4.051562555914E1,-2.18E2));
#586=CARTESIAN_POINT('',(7.517662136181E1,-3.996848990997E1,-2.18E2));
#587=CARTESIAN_POINT('',(7.478580424104E1,-3.947129672290E1,-2.18E2));
#588=CARTESIAN_POINT('',(7.443969672477E1,-3.901912862996E1,-2.18E2));
#589=CARTESIAN_POINT('',(7.413374174941E1,-3.860779712247E1,-2.18E2));
#590=CARTESIAN_POINT('',(7.386345647288E1,-3.823292286879E1,-2.18E2));
#591=CARTESIAN_POINT('',(7.362439882876E1,-3.788980478923E1,-2.18E2));
#592=CARTESIAN_POINT('',(7.341307621121E1,-3.757464988909E1,-2.18E2));
#593=CARTESIAN_POINT('',(7.322731284869E1,-3.728530583842E1,-2.18E2));
#594=CARTESIAN_POINT('',(7.306479014764E1,-3.701912503346E1,-2.18E2));
#595=CARTESIAN_POINT('',(7.292372807639E1,-3.677395812020E1,-2.18E2));
#596=CARTESIAN_POINT('',(7.280265132990E1,-3.654758864451E1,-2.18E2));
#597=CARTESIAN_POINT('',(7.270073329969E1,-3.633817316100E1,-2.18E2));
#598=CARTESIAN_POINT('',(7.261775513167E1,-3.614424035976E1,-2.18E2));
#599=CARTESIAN_POINT('',(7.255408053849E1,-3.596415983740E1,-2.18E2));
#600=CARTESIAN_POINT('',(7.251141589880E1,-3.579615852588E1,-2.18E2));
#601=CARTESIAN_POINT('',(7.249992026585E1,-3.569242688839E1,-2.18E2));
#602=CARTESIAN_POINT('',(7.25E1,-3.564259637218E1,-2.18E2));
#604=CARTESIAN_POINT('',(7.85E1,-3.134278007520E1,-2.18E2));
#605=DIRECTION('',(0.E0,0.E0,1.E0));
#606=DIRECTION('',(-1.E0,0.E0,0.E0));
#607=AXIS2_PLACEMENT_3D('',#604,#605,#606);
#609=CARTESIAN_POINT('',(1.260266898467E2,1.460775796628E1,-2.18E2));
#610=DIRECTION('',(0.E0,0.E0,1.E0));
#611=DIRECTION('',(-7.189273626536E-1,-6.950852086096E-1,0.E0));
#612=AXIS2_PLACEMENT_3D('',#609,#610,#611);
#614=DIRECTION('',(-4.206598119087E-2,2.094245674859E-14,9.991148348546E-1));
#615=VECTOR('',#614,2.001771898737E1);
#616=CARTESIAN_POINT('',(1.544895220115E2,-6.05E1,-2.140000000001E2));
#617=LINE('',#616,#615);
#618=DIRECTION('',(-4.283084107723E-2,-5.785609188890E-14,-9.990823384750E-1));
#619=VECTOR('',#618,2.001837008820E1);
#620=CARTESIAN_POINT('',(9.838628798142E1,-6.05E1,-1.939999999999E2));
#621=LINE('',#620,#619);
#622=CARTESIAN_POINT('',(1.379940737038E2,-5.65E1,-1.9E2));
#623=CARTESIAN_POINT('',(1.353440543696E2,-5.694599632315E1,-1.9E2));
#624=CARTESIAN_POINT('',(1.300377087901E2,-5.753286398656E1,-1.901325148132E2));
#625=CARTESIAN_POINT('',(1.220185872702E2,-5.753659630881E1,-1.901333979215E2));
#626=CARTESIAN_POINT('',(1.167107941456E2,-5.694624352479E1,-1.9E2));
#627=CARTESIAN_POINT('',(1.140593059896E2,-5.65E1,-1.9E2));
#629=DIRECTION('',(-9.999999999918E-1,4.035437437376E-6,-1.384990209662E-7));
#630=VECTOR('',#629,2.149239865064E1);
#631=CARTESIAN_POINT('',(1.140593059896E2,-5.65E1,-1.9E2));
#632=LINE('',#631,#630);
#633=CARTESIAN_POINT('',(9.256690733915E1,-5.649991326877E1,-1.900000029767E2));
#634=CARTESIAN_POINT('',(9.276924257042E1,-5.666910456392E1,-1.900000029767E2));
#635=CARTESIAN_POINT('',(9.319924560988E1,-5.702965131289E1,-1.900209182322E2));
#636=CARTESIAN_POINT('',(9.394458434987E1,-5.763820316800E1,-1.901472564215E2));
#637=CARTESIAN_POINT('',(9.471855965177E1,-5.825314460371E1,-1.903840904377E2));
#638=CARTESIAN_POINT('',(9.546796856431E1,-5.882630731713E1,-1.907240079847E2));
#639=CARTESIAN_POINT('',(9.614302712452E1,-5.931715290968E1,-1.911374937920E2));
#640=CARTESIAN_POINT('',(9.672802835553E1,-5.971599275105E1,-1.915972910459E2));
#641=CARTESIAN_POINT('',(9.721848214376E1,-6.002300253267E1,-1.920788455959E2));
#642=CARTESIAN_POINT('',(9.762341727571E1,-6.024801812663E1,-1.925702097743E2));
#643=CARTESIAN_POINT('',(9.794925561826E1,-6.039815116751E1,-1.930585153205E2));
#644=CARTESIAN_POINT('',(9.820327748720E1,-6.048244294151E1,-1.935358168799E2));
#645=CARTESIAN_POINT('',(9.833241245744E1,-6.05E1,-1.938474601950E2));
#646=CARTESIAN_POINT('',(9.838628798142E1,-6.05E1,-1.939999999999E2));
#648=DIRECTION('',(1.E0,0.E0,4.196819448130E-13));
#649=VECTOR('',#648,5.526116903968E1);
#650=CARTESIAN_POINT('',(9.838628798142E1,-6.05E1,-1.939999999999E2));
#651=LINE('',#650,#649);
#652=CARTESIAN_POINT('',(1.536474570211E2,-6.05E1,-1.939999999999E2));
#653=CARTESIAN_POINT('',(1.537012935737E2,-6.05E1,-1.938478156558E2));
#654=CARTESIAN_POINT('',(1.538302547842E2,-6.048252946404E1,-1.935368967077E2));
#655=CARTESIAN_POINT('',(1.540837799192E2,-6.039858743572E1,-1.930605133683E2));
#656=CARTESIAN_POINT('',(1.544087313633E2,-6.024915912267E1,-1.925734011184E2));
#657=CARTESIAN_POINT('',(1.548121922567E2,-6.002537193329E1,-1.920833544184E2));
#658=CARTESIAN_POINT('',(1.553004316304E2,-5.972013071415E1,-1.916030840547E2));
#659=CARTESIAN_POINT('',(1.558821520938E2,-5.932412748831E1,-1.911444262443E2));
#660=CARTESIAN_POINT('',(1.565570057545E2,-5.883391238996E1,-1.907294812551E2));
#661=CARTESIAN_POINT('',(1.573034884150E2,-5.826355363003E1,-1.903892251972E2));
#662=CARTESIAN_POINT('',(1.580783479740E2,-5.764811135693E1,-1.901500448945E2));
#663=CARTESIAN_POINT('',(1.588276087319E2,-5.703645432612E1,-1.900215959785E2));
#664=CARTESIAN_POINT('',(1.592627029822E2,-5.667167044433E1,-1.900000011108E2));
#665=CARTESIAN_POINT('',(1.594681650626E2,-5.649991367366E1,-1.900000011108E2));
#667=DIRECTION('',(-9.999999999919E-1,-4.020022657936E-6,5.172796609751E-8));
#668=VECTOR('',#667,2.147409135900E1);
#669=CARTESIAN_POINT('',(1.594681650626E2,-5.649991367366E1,-1.900000011108E2));
#670=LINE('',#669,#668);
#671=DIRECTION('',(2.017381638575E-13,-9.999999999999E-1,-3.653538485511E-7));
#672=VECTOR('',#671,3.099451266497E0);
#673=CARTESIAN_POINT('',(7.25E1,-3.134278007520E1,-1.9E2));
#674=LINE('',#673,#672);
#675=CARTESIAN_POINT('',(7.25E1,-3.444223134170E1,-1.900000011324E2));
#676=CARTESIAN_POINT('',(7.249991884863E1,-3.449294756550E1,-1.900000011324E2));
#677=CARTESIAN_POINT('',(7.251128720381E1,-3.459847383094E1,-1.899999994744E2));
#678=CARTESIAN_POINT('',(7.255379613477E1,-3.476932621600E1,-1.900000001408E2));
#679=CARTESIAN_POINT('',(7.261732942145E1,-3.495212453891E1,-1.899999999623E2));
#680=CARTESIAN_POINT('',(7.270031562472E1,-3.514899894033E1,-1.900000000101E2));
#681=CARTESIAN_POINT('',(7.280227320623E1,-3.536128746329E1,-1.899999999973E2));
#682=CARTESIAN_POINT('',(7.292346944535E1,-3.559061233315E1,-1.900000000007E2));
#683=CARTESIAN_POINT('',(7.306464828668E1,-3.583867888258E1,-1.899999999998E2));
#684=CARTESIAN_POINT('',(7.322719140177E1,-3.610764388870E1,-1.900000000001E2));
#685=CARTESIAN_POINT('',(7.341277727522E1,-3.639955216729E1,-1.9E2));
#686=CARTESIAN_POINT('',(7.362373743137E1,-3.671713044522E1,-1.9E2));
#687=CARTESIAN_POINT('',(7.386197540307E1,-3.706217993406E1,-1.9E2));
#688=CARTESIAN_POINT('',(7.413066033383E1,-3.743813393356E1,-1.9E2));
#689=CARTESIAN_POINT('',(7.443396804914E1,-3.784945378372E1,-1.9E2));
#690=CARTESIAN_POINT('',(7.477641921793E1,-3.830069462269E1,-1.9E2));
#691=CARTESIAN_POINT('',(7.516242216807E1,-3.879592427933E1,-1.9E2));
#692=CARTESIAN_POINT('',(7.559668591003E1,-3.933953743344E1,-1.9E2));
#693=CARTESIAN_POINT('',(7.608489922334E1,-3.993684812513E1,-1.9E2));
#694=CARTESIAN_POINT('',(7.663341702742E1,-4.059345526897E1,-1.9E2));
#695=CARTESIAN_POINT('',(7.724977925788E1,-4.131584913340E1,-1.9E2));
#696=CARTESIAN_POINT('',(7.794348907639E1,-4.211214632443E1,-1.9E2));
#697=CARTESIAN_POINT('',(7.872538725971E1,-4.299117657703E1,-1.9E2));
#698=CARTESIAN_POINT('',(7.960638644598E1,-4.396087168429E1,-1.9E2));
#699=CARTESIAN_POINT('',(8.059624485612E1,-4.502842785166E1,-1.900000000001E2));
#700=CARTESIAN_POINT('',(8.170597663387E1,-4.620123179144E1,-1.899999999995E2));
#701=CARTESIAN_POINT('',(8.294360622559E1,-4.748193459721E1,-1.900000000019E2));
#702=CARTESIAN_POINT('',(8.431027453362E1,-4.886432035102E1,-1.899999999929E2));
#703=CARTESIAN_POINT('',(8.582969132808E1,-5.036258004389E1,-1.900000000266E2));
#704=CARTESIAN_POINT('',(8.756847408779E1,-5.203043859180E1,-1.899999999008E2));
#705=CARTESIAN_POINT('',(8.941985873325E1,-5.374903241464E1,-1.900000003702E2));
#706=CARTESIAN_POINT('',(9.111331301489E1,-5.526123194921E1,-1.899999986185E2));
#707=CARTESIAN_POINT('',(9.210435883229E1,-5.611126629718E1,-1.900000029767E2));
#708=CARTESIAN_POINT('',(9.256690733915E1,-5.649991326877E1,-1.900000029767E2));
#710=CARTESIAN_POINT('',(1.260266898467E2,1.460775796628E1,-1.9E2));
#711=DIRECTION('',(0.E0,0.E0,-1.E0));
#712=DIRECTION('',(-1.659652306191E-1,-9.861316049217E-1,0.E0));
#713=AXIS2_PLACEMENT_3D('',#710,#711,#712);
#715=CARTESIAN_POINT('',(7.85E1,-3.134278007520E1,-1.9E2));
#716=DIRECTION('',(0.E0,0.E0,-1.E0));
#717=DIRECTION('',(-7.189273626603E-1,-6.950852086027E-1,0.E0));
#718=AXIS2_PLACEMENT_3D('',#715,#716,#717);
#720=DIRECTION('',(0.E0,-3.552713678791E-14,-1.E0));
#721=VECTOR('',#720,4.000000000010E0);
#722=CARTESIAN_POINT('',(7.25E1,-3.134278007520E1,-1.86E2));
#723=LINE('',#722,#721);
#724=DIRECTION('',(2.131628207280E-14,1.776356839400E-14,1.E0));
#725=VECTOR('',#724,4.E0);
#726=CARTESIAN_POINT('',(7.418643582407E1,-3.551329132684E1,-1.9E2));
#727=LINE('',#726,#725);
#728=DIRECTION('',(-4.263256414561E-13,-4.192202140985E-13,-1.E0));
#729=VECTOR('',#728,4.E0);
#730=CARTESIAN_POINT('',(1.778087193880E2,-3.557344305519E1,-1.86E2));
#731=LINE('',#730,#729);
#732=DIRECTION('',(0.E0,0.E0,1.E0));
#733=VECTOR('',#732,4.E0);
#734=CARTESIAN_POINT('',(1.795E2,-3.139792665174E1,-1.9E2));
#735=LINE('',#734,#733);
#736=CARTESIAN_POINT('',(1.260266898467E2,1.460775796628E1,-1.86E2));
#737=DIRECTION('',(0.E0,0.E0,1.E0));
#738=DIRECTION('',(1.659652306195E-1,-9.861316049217E-1,0.E0));
#739=AXIS2_PLACEMENT_3D('',#736,#737,#738);
#741=CARTESIAN_POINT('',(1.735E2,-3.139792665174E1,-1.86E2));
#742=DIRECTION('',(0.E0,0.E0,1.E0));
#743=DIRECTION('',(7.181198979993E-1,-6.959194005756E-1,0.E0));
#744=AXIS2_PLACEMENT_3D('',#741,#742,#743);
#746=CARTESIAN_POINT('',(1.795E2,-3.431063107178E1,-1.860000011156E2));
#747=CARTESIAN_POINT('',(1.795000806606E2,-3.436158165281E1,-1.860000011156E2));
#748=CARTESIAN_POINT('',(1.794886639580E2,-3.446760037660E1,-1.859999994823E2));
#749=CARTESIAN_POINT('',(1.794459578784E2,-3.463928168257E1,-1.860000001387E2));
#750=CARTESIAN_POINT('',(1.793821359775E2,-3.482294274227E1,-1.859999999628E2));
#751=CARTESIAN_POINT('',(1.792987507646E2,-3.502079269275E1,-1.860000000100E2));
#752=CARTESIAN_POINT('',(1.791962959496E2,-3.523413815117E1,-1.859999999973E2));
#753=CARTESIAN_POINT('',(1.790744864568E2,-3.546464059104E1,-1.860000000007E2));
#754=CARTESIAN_POINT('',(1.789325713093E2,-3.571401157456E1,-1.859999999998E2));
#755=CARTESIAN_POINT('',(1.787691640338E2,-3.598441160492E1,-1.860000000001E2));
#756=CARTESIAN_POINT('',(1.785825708260E2,-3.627790455230E1,-1.86E2));
#757=CARTESIAN_POINT('',(1.783704200070E2,-3.659726934799E1,-1.86E2));
#758=CARTESIAN_POINT('',(1.781308147168E2,-3.694428574905E1,-1.86E2));
#759=CARTESIAN_POINT('',(1.778605962766E2,-3.732236584304E1,-1.86E2));
#760=CARTESIAN_POINT('',(1.775555264552E2,-3.773605096758E1,-1.86E2));
#761=CARTESIAN_POINT('',(1.772109585019E2,-3.819004770476E1,-1.86E2));
#762=CARTESIAN_POINT('',(1.768225424676E2,-3.868832866480E1,-1.86E2));
#763=CARTESIAN_POINT('',(1.763854836098E2,-3.923538549625E1,-1.86E2));
#764=CARTESIAN_POINT('',(1.758940471532E2,-3.983657030817E1,-1.86E2));
#765=CARTESIAN_POINT('',(1.753417928572E2,-4.049756281991E1,-1.86E2));
#766=CARTESIAN_POINT('',(1.747211718873E2,-4.122483907231E1,-1.86E2));
#767=CARTESIAN_POINT('',(1.740224504816E2,-4.202675209924E1,-1.86E2));
#768=CARTESIAN_POINT('',(1.732348017780E2,-4.291207075339E1,-1.86E2));
#769=CARTESIAN_POINT('',(1.723471567842E2,-4.388886562516E1,-1.86E2));
#770=CARTESIAN_POINT('',(1.713495806439E2,-4.496448654999E1,-1.860000000001E2));
#771=CARTESIAN_POINT('',(1.702311796271E2,-4.614613354177E1,-1.859999999995E2));
#772=CARTESIAN_POINT('',(1.689832880825E2,-4.743704687627E1,-1.860000000019E2));
#773=CARTESIAN_POINT('',(1.676054338535E2,-4.883019642753E1,-1.859999999929E2));
#774=CARTESIAN_POINT('',(1.660716483627E2,-5.034192205867E1,-1.860000000265E2));
#775=CARTESIAN_POINT('',(1.643157383463E2,-5.202517093266E1,-1.859999999010E2));
#776=CARTESIAN_POINT('',(1.624558757663E2,-5.375023808529E1,-1.860000003696E2));
#777=CARTESIAN_POINT('',(1.607642341722E2,-5.525958649539E1,-1.859999986206E2));
#778=CARTESIAN_POINT('',(1.597712190554E2,-5.611074607567E1,-1.860000029721E2));
#779=CARTESIAN_POINT('',(1.593077017814E2,-5.649991177060E1,-1.860000029721E2));
#781=CARTESIAN_POINT('',(9.890073015800E1,-6.05E1,-1.82E2));
#782=CARTESIAN_POINT('',(9.882625872758E1,-6.05E1,-1.821678175062E2));
#783=CARTESIAN_POINT('',(9.864930393185E1,-6.047876235108E1,-1.825136574226E2));
#784=CARTESIAN_POINT('',(9.830530961088E1,-6.037325463442E1,-1.830506776827E2));
#785=CARTESIAN_POINT('',(9.786633212826E1,-6.018147459756E1,-1.836023944142E2));
#786=CARTESIAN_POINT('',(9.732568207380E1,-5.989192531619E1,-1.841518450246E2));
#787=CARTESIAN_POINT('',(9.667883161174E1,-5.949715393758E1,-1.846776662585E2));
#788=CARTESIAN_POINT('',(9.592352283169E1,-5.898935450741E1,-1.851583148942E2));
#789=CARTESIAN_POINT('',(9.507527373692E1,-5.837444597186E1,-1.855596922509E2));
#790=CARTESIAN_POINT('',(9.419495309382E1,-5.769681410226E1,-1.858377743908E2));
#791=CARTESIAN_POINT('',(9.340820328260E1,-5.706480096066E1,-1.859753992408E2));
#792=CARTESIAN_POINT('',(9.294593737943E1,-5.667995233319E1,-1.860000011374E2));
#793=CARTESIAN_POINT('',(9.273030064653E1,-5.649991132137E1,-1.860000011374E2));
#795=DIRECTION('',(9.999999999914E-1,-4.157654205793E-6,5.332783099750E-8));
#796=VECTOR('',#795,2.132900534327E1);
#797=CARTESIAN_POINT('',(9.273030064653E1,-5.649991132137E1,-1.860000011374E2));
#798=LINE('',#797,#796);
#799=CARTESIAN_POINT('',(1.140593059896E2,-5.65E1,-1.86E2));
#800=CARTESIAN_POINT('',(1.167093253238E2,-5.694599632315E1,-1.86E2));
#801=CARTESIAN_POINT('',(1.220156709033E2,-5.753286398656E1,-1.858674851868E2));
#802=CARTESIAN_POINT('',(1.300347924232E2,-5.753659630881E1,-1.858666020785E2));
#803=CARTESIAN_POINT('',(1.353425855478E2,-5.694624352479E1,-1.86E2));
#804=CARTESIAN_POINT('',(1.379940737038E2,-5.65E1,-1.86E2));
#806=DIRECTION('',(9.999999999914E-1,4.139576517839E-6,-1.394462338274E-7));
#807=VECTOR('',#806,2.131362807779E1);
#808=CARTESIAN_POINT('',(1.379940737038E2,-5.65E1,-1.86E2));
#809=LINE('',#808,#807);
#810=DIRECTION('',(-1.E0,5.682758623308E-10,1.104559327001E-12));
#811=VECTOR('',#810,5.424150791609E1);
#812=CARTESIAN_POINT('',(1.531422380741E2,-6.050000003082E1,-1.820000000001E2));
#813=LINE('',#812,#811);
#814=CARTESIAN_POINT('',(9.752888435355E1,-6.05E1,-2.140000000001E2));
#815=CARTESIAN_POINT('',(9.745619491539E1,-6.05E1,-2.141678202026E2));
#816=CARTESIAN_POINT('',(9.728291985383E1,-6.047876008855E1,-2.145136580050E2));
#817=CARTESIAN_POINT('',(9.694476138407E1,-6.037326835022E1,-2.150506270984E2));
#818=CARTESIAN_POINT('',(9.651202900203E1,-6.018149481289E1,-2.156023293498E2));
#819=CARTESIAN_POINT('',(9.597820925053E1,-5.989209871786E1,-2.161515427467E2));
#820=CARTESIAN_POINT('',(9.533848742527E1,-5.949748515400E1,-2.166772985194E2));
#821=CARTESIAN_POINT('',(9.459030148735E1,-5.898955439187E1,-2.171581937798E2));
#822=CARTESIAN_POINT('',(9.374910389998E1,-5.837415036231E1,-2.175598881397E2));
#823=CARTESIAN_POINT('',(9.287594290993E1,-5.769616511115E1,-2.178379711705E2));
#824=CARTESIAN_POINT('',(9.209609710483E1,-5.706453108393E1,-2.179754142472E2));
#825=CARTESIAN_POINT('',(9.163780781277E1,-5.667986839363E1,-2.180000010874E2));
#826=CARTESIAN_POINT('',(9.142405465230E1,-5.649992834044E1,-2.180000010874E2));
#828=DIRECTION('',(9.999999999950E-1,-3.165838996435E-6,4.804058846479E-8));
#829=VECTOR('',#828,2.263525133742E1);
#830=CARTESIAN_POINT('',(9.142405465230E1,-5.649992834044E1,-2.180000010874E2));
#831=LINE('',#830,#829);
#832=CARTESIAN_POINT('',(1.140593059896E2,-5.65E1,-2.18E2));
#833=CARTESIAN_POINT('',(1.167093253238E2,-5.694599632315E1,-2.18E2));
#834=CARTESIAN_POINT('',(1.220156709033E2,-5.753286398656E1,-2.178674851868E2));
#835=CARTESIAN_POINT('',(1.300347924232E2,-5.753659630881E1,-2.178666020785E2));
#836=CARTESIAN_POINT('',(1.353425855478E2,-5.694624352479E1,-2.18E2));
#837=CARTESIAN_POINT('',(1.379940737038E2,-5.65E1,-2.18E2));
#839=DIRECTION('',(9.999999999950E-1,3.162012094096E-6,-4.723918211243E-8));
#840=VECTOR('',#839,2.259646484735E1);
#841=CARTESIAN_POINT('',(1.379940737038E2,-5.65E1,-2.18E2));
#842=LINE('',#841,#840);
#843=DIRECTION('',(-1.E0,-1.559284544941E-14,5.877879020608E-13));
#844=VECTOR('',#843,5.696063765796E1);
#845=CARTESIAN_POINT('',(1.544895220115E2,-6.05E1,-2.140000000001E2));
#846=LINE('',#845,#844);
#847=DIRECTION('',(2.131628207280E-14,1.953992523340E-14,1.E0));
#848=VECTOR('',#847,4.E0);
#849=CARTESIAN_POINT('',(7.418643582407E1,-3.551329132684E1,-2.22E2));
#850=LINE('',#849,#848);
#851=DIRECTION('',(0.E0,-3.552713678800E-14,-1.E0));
#852=VECTOR('',#851,4.000000000001E0);
#853=CARTESIAN_POINT('',(7.25E1,-3.134278007520E1,-2.18E2));
#854=LINE('',#853,#852);
#855=DIRECTION('',(-1.832632093417E-6,9.999999999983E-1,-1.065631157217E-7));
#856=VECTOR('',#855,5.239957942655E1);
#857=CARTESIAN_POINT('',(7.652639392115E1,-3.964957942646E1,-1.700571736272E2));
#858=LINE('',#857,#856);
#859=DIRECTION('',(0.E0,-1.E0,-7.769484322852E-14));
#860=VECTOR('',#859,4.645812962187E1);
#861=CARTESIAN_POINT('',(7.25E1,1.275E1,-1.728761706330E2));
#862=LINE('',#861,#860);
#863=CARTESIAN_POINT('',(7.772370597082E1,-4.105946445767E1,-1.702686434425E2));
#864=CARTESIAN_POINT('',(7.804162355848E1,-4.142463518495E1,-1.702686405670E2));
#865=CARTESIAN_POINT('',(7.865412717185E1,-4.211371477431E1,-1.701820929488E2));
#866=CARTESIAN_POINT('',(7.947043739027E1,-4.300706294258E1,-1.698421139398E2));
#867=CARTESIAN_POINT('',(7.992816242120E1,-4.348933791206E1,-1.695015838414E2));
#868=CARTESIAN_POINT('',(8.013107761045E1,-4.370142865936E1,-1.693093450952E2));
#870=CARTESIAN_POINT('',(8.013107761045E1,-4.370142865936E1,-1.693093450952E2));
#871=CARTESIAN_POINT('',(8.027402400469E1,-4.377239128016E1,-1.691739198680E2));
#872=CARTESIAN_POINT('',(8.053635510022E1,-4.387714393683E1,-1.688789910520E2));
#873=CARTESIAN_POINT('',(8.085030610057E1,-4.393209497992E1,-1.683771691553E2));
#874=CARTESIAN_POINT('',(8.099727284467E1,-4.389988322401E1,-1.680213512890E2));
#875=CARTESIAN_POINT('',(8.105553170308E1,-4.386678567059E1,-1.678402584816E2));
#877=DIRECTION('',(-1.004244759990E-6,9.999999999994E-1,5.142334354491E-7));
#878=VECTOR('',#877,5.661678567062E1);
#879=CARTESIAN_POINT('',(8.105553170308E1,-4.386678567059E1,-1.678402584816E2));
#880=LINE('',#879,#878);
#881=CARTESIAN_POINT('',(7.652639392115E1,-3.964957942646E1,-1.700571736272E2));
#882=CARTESIAN_POINT('',(7.665427478939E1,-3.980427086538E1,-1.701037306562E2));
#883=CARTESIAN_POINT('',(7.691432145878E1,-4.011579593858E1,-1.701816140508E2));
#884=CARTESIAN_POINT('',(7.731457447719E1,-4.058711504041E1,-1.702521620863E2));
#885=CARTESIAN_POINT('',(7.758674216466E1,-4.090214326926E1,-1.702686446813E2));
#886=CARTESIAN_POINT('',(7.772370597082E1,-4.105946445767E1,-1.702686434425E2));
#888=CARTESIAN_POINT('',(8.723972260277E1,-3.384154113949E1,-1.375606469207E2));
#889=CARTESIAN_POINT('',(8.712261094172E1,-3.369063278200E1,-1.375867499110E2));
#890=CARTESIAN_POINT('',(8.690025580554E1,-3.340760524155E1,-1.376585551124E2));
#891=CARTESIAN_POINT('',(8.660916272330E1,-3.304446434665E1,-1.378102759295E2));
#892=CARTESIAN_POINT('',(8.635876009177E1,-3.273560449308E1,-1.379965643921E2));
#893=CARTESIAN_POINT('',(8.615123887629E1,-3.248007633879E1,-1.382064452511E2));
#894=CARTESIAN_POINT('',(8.598448568912E1,-3.227333696330E1,-1.384319729618E2));
#895=CARTESIAN_POINT('',(8.589877609899E1,-3.216266580152E1,-1.385887565075E2));
#896=CARTESIAN_POINT('',(8.586204292558E1,-3.211460788695E1,-1.386675990161E2));
#898=CARTESIAN_POINT('',(7.951983996746E1,-3.275795772762E1,-1.522684971510E2));
#899=CARTESIAN_POINT('',(7.946135244502E1,-3.283035989456E1,-1.523938368102E2));
#900=CARTESIAN_POINT('',(7.935744150055E1,-3.300025266538E1,-1.526623140329E2));
#901=CARTESIAN_POINT('',(7.925650296209E1,-3.333115860797E1,-1.531108340169E2));
#902=CARTESIAN_POINT('',(7.922520326286E1,-3.375147612900E1,-1.536009368715E2));
#903=CARTESIAN_POINT('',(7.928017898476E1,-3.427029782219E1,-1.541241448652E2));
#904=CARTESIAN_POINT('',(7.943876605331E1,-3.489089611341E1,-1.546634489413E2));
#905=CARTESIAN_POINT('',(7.970996681999E1,-3.559780379258E1,-1.551878879319E2));
#906=CARTESIAN_POINT('',(8.009774605154E1,-3.637491105310E1,-1.556677358179E2));
#907=CARTESIAN_POINT('',(8.055943084127E1,-3.713791136285E1,-1.560427718693E2));
#908=CARTESIAN_POINT('',(8.100967944005E1,-3.778711674050E1,-1.562871296618E2));
#909=CARTESIAN_POINT('',(8.130182114673E1,-3.816723023527E1,-1.563899894612E2));
#910=CARTESIAN_POINT('',(8.144181609244E1,-3.834174296952E1,-1.564285660873E2));
#912=CARTESIAN_POINT('',(8.723972260277E1,-3.384154113949E1,-1.375606469207E2));
#913=CARTESIAN_POINT('',(8.728906463001E1,-3.377559096841E1,-1.375496490879E2));
#914=CARTESIAN_POINT('',(8.738682008436E1,-3.364674030929E1,-1.375319907284E2));
#915=CARTESIAN_POINT('',(8.752455152251E1,-3.347232537141E1,-1.375167967826E2));
#916=CARTESIAN_POINT('',(8.762462731307E1,-3.335233033527E1,-1.375127694279E2));
#917=CARTESIAN_POINT('',(8.767484211196E1,-3.329233734259E1,-1.375127714920E2));
#919=CARTESIAN_POINT('',(8.767484211196E1,-3.329233734259E1,-1.375127714920E2));
#920=CARTESIAN_POINT('',(8.783552280506E1,-3.309859952035E1,-1.375127780968E2));
#921=CARTESIAN_POINT('',(8.815318333316E1,-3.274447240605E1,-1.375518179531E2));
#922=CARTESIAN_POINT('',(8.859159842231E1,-3.231280290333E1,-1.377157073108E2));
#923=CARTESIAN_POINT('',(8.884771089988E1,-3.209302512579E1,-1.378852602073E2));
#924=CARTESIAN_POINT('',(8.896326483895E1,-3.199999960662E1,-1.379825656478E2));
#926=DIRECTION('',(-6.669115249230E-4,9.999994631860E-1,-7.930048315470E-4));
#927=VECTOR('',#926,5.384853426389E-1);
#928=CARTESIAN_POINT('',(8.896326483895E1,-3.199999960662E1,-1.379825656478E2));
#929=LINE('',#928,#927);
#930=CARTESIAN_POINT('',(8.767455856971E1,-3.086540216726E1,-1.375126764740E2));
#931=CARTESIAN_POINT('',(8.743461633356E1,-3.069580860678E1,-1.375127414229E2));
#932=CARTESIAN_POINT('',(8.695202408095E1,-3.028584181306E1,-1.375995869817E2));
#933=CARTESIAN_POINT('',(8.630250570249E1,-2.947919422801E1,-1.379914966577E2));
#934=CARTESIAN_POINT('',(8.597920134545E1,-2.883952431072E1,-1.384163519738E2));
#935=CARTESIAN_POINT('',(8.586204292548E1,-2.850000000007E1,-1.386675990162E2));
#937=DIRECTION('',(2.635682015650E-11,-1.E0,5.361002381474E-11));
#938=VECTOR('',#937,3.614607886878E0);
#939=CARTESIAN_POINT('',(8.586204292548E1,-2.850000000007E1,-1.386675990162E2));
#940=LINE('',#939,#938);
#941=DIRECTION('',(2.186527738843E-3,9.999976012645E-1,-1.286924036883E-4));
#942=VECTOR('',#941,5.001026737573E-1);
#943=CARTESIAN_POINT('',(1.523325558181E2,-3.200010147414E1,-1.451153825643E2));
#944=LINE('',#943,#942);
#945=CARTESIAN_POINT('',(1.554585911328E2,-3.249256534667E1,-1.435048577579E2));
#946=CARTESIAN_POINT('',(1.557864586747E2,-3.255509247020E1,-1.433359469843E2));
#947=CARTESIAN_POINT('',(1.564768274168E2,-3.267627651046E1,-1.429812812272E2));
#948=CARTESIAN_POINT('',(1.576098471945E2,-3.284843473887E1,-1.423971709273E2));
#949=CARTESIAN_POINT('',(1.588520517390E2,-3.302245929240E1,-1.417573196090E2));
#950=CARTESIAN_POINT('',(1.602113894842E2,-3.320013123419E1,-1.410569872903E2));
#951=CARTESIAN_POINT('',(1.616969226352E2,-3.338399214010E1,-1.402916781619E2));
#952=CARTESIAN_POINT('',(1.633173458236E2,-3.357549410586E1,-1.394568666060E2));
#953=CARTESIAN_POINT('',(1.650835675130E2,-3.377606548029E1,-1.385469452167E2));
#954=CARTESIAN_POINT('',(1.670074363869E2,-3.398695476924E1,-1.375558064469E2));
#955=CARTESIAN_POINT('',(1.691009986369E2,-3.420928621015E1,-1.364772452977E2));
#956=CARTESIAN_POINT('',(1.713780117089E2,-3.444421555725E1,-1.353041737245E2));
#957=CARTESIAN_POINT('',(1.738531391055E2,-3.469297190240E1,-1.340290383670E2));
#958=CARTESIAN_POINT('',(1.756501058905E2,-3.486907452318E1,-1.331032757437E2));
#959=CARTESIAN_POINT('',(1.765840870481E2,-3.495957858542E1,-1.326221074067E2));
#961=CARTESIAN_POINT('',(1.765E2,-3.15E1,-1.326654283354E2));
#962=CARTESIAN_POINT('',(1.765280199835E2,-3.15E1,-1.326509930026E2));
#963=CARTESIAN_POINT('',(1.765560356213E2,-3.149960751731E1,-1.326365599086E2));
#964=CARTESIAN_POINT('',(1.765840469123E2,-3.149882245499E1,-1.326221290540E2));
#966=CARTESIAN_POINT('',(1.765840554693E2,-3.149882176405E1,-1.326221246456E2));
#967=CARTESIAN_POINT('',(1.766800301470E2,-3.149613191647E1,-1.325726821725E2));
#968=CARTESIAN_POINT('',(1.768778931259E2,-3.148132423249E1,-1.324915961156E2));
#969=CARTESIAN_POINT('',(1.771898601933E2,-3.142585998930E1,-1.324208470588E2));
#970=CARTESIAN_POINT('',(1.773975795330E2,-3.136392469226E1,-1.324006629341E2));
#971=CARTESIAN_POINT('',(1.775010926222E2,-3.132728961538E1,-1.324007286848E2));
#973=CARTESIAN_POINT('',(1.775010926222E2,-3.132728961538E1,-1.324007286848E2));
#974=CARTESIAN_POINT('',(1.776996793325E2,-3.125700633574E1,-1.324008548254E2));
#975=CARTESIAN_POINT('',(1.780968160782E2,-3.107195840454E1,-1.324549865181E2));
#976=CARTESIAN_POINT('',(1.786681615233E2,-3.061624563587E1,-1.327372369596E2));
#977=CARTESIAN_POINT('',(1.791047232284E2,-3.004301733053E1,-1.331585859156E2));
#978=CARTESIAN_POINT('',(1.794040220043E2,-2.937828477620E1,-1.336839553060E2));
#979=CARTESIAN_POINT('',(1.795E2,-2.880748506128E1,-1.341489971062E2));
#980=CARTESIAN_POINT('',(1.795E2,-2.850000000001E1,-1.344000576074E2));
#982=DIRECTION('',(-1.898996070425E-13,1.111636894615E-12,1.E0));
#983=VECTOR('',#982,1.766070907159E1);
#984=CARTESIAN_POINT('',(1.795E2,-2.850000000001E1,-1.344000576074E2));
#985=LINE('',#984,#983);
#986=DIRECTION('',(2.801824703078E-13,2.498442410388E-14,-1.E0));
#987=VECTOR('',#986,1.592607979961E1);
#988=CARTESIAN_POINT('',(1.765E2,-3.15E1,-1.167393485358E2));
#989=LINE('',#988,#987);
#990=CARTESIAN_POINT('',(1.765E2,-2.849999999999E1,-1.167393485358E2));
#991=DIRECTION('',(1.967767615496E-11,1.478281003813E-11,1.E0));
#992=DIRECTION('',(9.019155792541E-12,-1.E0,1.478402585531E-11));
#993=AXIS2_PLACEMENT_3D('',#990,#991,#992);
#995=CARTESIAN_POINT('',(1.745E2,-2.850000000002E1,-1.167393485358E2));
#996=DIRECTION('',(1.524356176344E-11,-1.E0,1.478281003783E-11));
#997=DIRECTION('',(1.E0,1.524327331030E-11,-8.776623872132E-12));
#998=AXIS2_PLACEMENT_3D('',#995,#996,#997);
#1000=CARTESIAN_POINT('',(1.745E2,-2.850000000002E1,-1.167393485358E2));
#1001=DIRECTION('',(1.524356176344E-11,-1.E0,1.478281003783E-11));
#1002=DIRECTION('',(0.E0,1.478284161753E-11,1.E0));
#1003=AXIS2_PLACEMENT_3D('',#1000,#1001,#1002);
#1005=CARTESIAN_POINT('',(1.742689610841E2,-2.849999999999E1,
-1.147527381011E2));
#1006=DIRECTION('',(9.933052173585E-1,1.684921163352E-11,1.155194579647E-1));
#1007=DIRECTION('',(-1.155194579647E-1,1.292240388763E-11,9.933052173585E-1));
#1008=AXIS2_PLACEMENT_3D('',#1005,#1006,#1007);
#1010=DIRECTION('',(1.916435264466E-12,1.E0,1.266796191766E-12));
#1011=VECTOR('',#1010,1.749999999985E0);
#1012=CARTESIAN_POINT('',(1.795E2,-2.849999999999E1,-1.167393485358E2));
#1013=LINE('',#1012,#1011);
#1014=CARTESIAN_POINT('',(1.744293460687E2,-2.675E1,-9.661695230337E1));
#1015=DIRECTION('',(0.E0,1.E0,0.E0));
#1016=DIRECTION('',(0.E0,0.E0,-1.E0));
#1017=AXIS2_PLACEMENT_3D('',#1014,#1015,#1016);
#1019=CARTESIAN_POINT('',(1.733303654882E2,-2.675E1,-1.066821332100E2));
#1020=DIRECTION('',(0.E0,-1.E0,0.E0));
#1021=DIRECTION('',(1.085412919009E-1,0.E0,9.940919413980E-1));
#1022=AXIS2_PLACEMENT_3D('',#1019,#1020,#1021);
#1024=CARTESIAN_POINT('',(1.733303654882E2,-2.675E1,-1.066821332100E2));
#1025=DIRECTION('',(0.E0,-1.E0,0.E0));
#1026=DIRECTION('',(0.E0,0.E0,1.E0));
#1027=AXIS2_PLACEMENT_3D('',#1024,#1025,#1026);
#1029=CARTESIAN_POINT('',(1.733303654882E2,-2.675E1,-1.066821332100E2));
#1030=DIRECTION('',(0.E0,-1.E0,0.E0));
#1031=DIRECTION('',(-1.085412919042E-1,0.E0,-9.940919413977E-1));
#1032=AXIS2_PLACEMENT_3D('',#1029,#1030,#1031);
#1034=CARTESIAN_POINT('',(1.733303654882E2,-2.675E1,-1.066821332100E2));
#1035=DIRECTION('',(0.E0,-1.E0,0.E0));
#1036=DIRECTION('',(0.E0,0.E0,-1.E0));
#1037=AXIS2_PLACEMENT_3D('',#1034,#1035,#1036);
#1039=CARTESIAN_POINT('',(1.745E2,-2.675E1,-1.167393485358E2));
#1040=DIRECTION('',(0.E0,1.E0,0.E0));
#1041=DIRECTION('',(-1.155194579796E-1,0.E0,9.933052173567E-1));
#1042=AXIS2_PLACEMENT_3D('',#1039,#1040,#1041);
#1044=CARTESIAN_POINT('',(1.745E2,-2.675E1,-1.167393485358E2));
#1045=DIRECTION('',(0.E0,1.E0,0.E0));
#1046=DIRECTION('',(0.E0,0.E0,1.E0));
#1047=AXIS2_PLACEMENT_3D('',#1044,#1045,#1046);
#1049=DIRECTION('',(0.E0,0.E0,1.E0));
#1050=VECTOR('',#1049,2.273934853580E1);
#1051=CARTESIAN_POINT('',(1.795E2,-2.675E1,-1.167393485358E2));
#1052=LINE('',#1051,#1050);
#1053=CARTESIAN_POINT('',(1.26E2,-2.675E1,-9.4E1));
#1054=DIRECTION('',(0.E0,1.E0,0.E0));
#1055=DIRECTION('',(1.E0,0.E0,0.E0));
#1056=AXIS2_PLACEMENT_3D('',#1053,#1054,#1055);
#1058=CARTESIAN_POINT('',(1.744293460687E2,-2.675E1,-9.661695230337E1));
#1059=DIRECTION('',(0.E0,1.E0,0.E0));
#1060=DIRECTION('',(9.985432179113E-1,0.E0,-5.395777945191E-2));
#1061=AXIS2_PLACEMENT_3D('',#1058,#1059,#1060);
#1063=CARTESIAN_POINT('',(1.733303654882E2,-2.675E1,-1.066821332100E2));
#1064=DIRECTION('',(0.E0,1.E0,0.E0));
#1065=DIRECTION('',(0.E0,0.E0,1.E0));
#1066=AXIS2_PLACEMENT_3D('',#1063,#1064,#1065);
#1068=CARTESIAN_POINT('',(1.733303654882E2,-2.675E1,-1.066821332100E2));
#1069=DIRECTION('',(0.E0,1.E0,0.E0));
#1070=DIRECTION('',(0.E0,0.E0,-1.E0));
#1071=AXIS2_PLACEMENT_3D('',#1068,#1069,#1070);
#1073=DIRECTION('',(1.721543542656E-12,1.E0,1.737784519474E-12));
#1074=VECTOR('',#1073,1.749999999985E0);
#1075=CARTESIAN_POINT('',(1.738866396092E2,-2.849999999999E1,
-1.015874120104E2));
#1076=LINE('',#1075,#1074);
#1077=DIRECTION('',(-1.986271464778E-11,1.E0,-6.666920983576E-12));
#1078=VECTOR('',#1077,1.749999999988E0);
#1079=CARTESIAN_POINT('',(1.739224027102E2,-2.849999999999E1,
-1.117728224490E2));
#1080=LINE('',#1079,#1078);
#1081=CARTESIAN_POINT('',(1.733303654882E2,-2.85E1,-1.066821332100E2));
#1082=DIRECTION('',(0.E0,1.E0,0.E0));
#1083=DIRECTION('',(1.155194579556E-1,0.E0,-9.933052173595E-1));
#1084=AXIS2_PLACEMENT_3D('',#1081,#1082,#1083);
#1086=CARTESIAN_POINT('',(1.733303654882E2,-2.85E1,-1.066821332100E2));
#1087=DIRECTION('',(0.E0,1.E0,0.E0));
#1088=DIRECTION('',(0.E0,0.E0,-1.E0));
#1089=AXIS2_PLACEMENT_3D('',#1086,#1087,#1088);
#1091=CARTESIAN_POINT('',(1.733303654882E2,-2.85E1,-1.066821332100E2));
#1092=DIRECTION('',(0.E0,1.E0,0.E0));
#1093=DIRECTION('',(0.E0,0.E0,1.E0));
#1094=AXIS2_PLACEMENT_3D('',#1091,#1092,#1093);
#1096=CARTESIAN_POINT('',(1.26E2,-3.15E1,-9.4E1));
#1097=DIRECTION('',(0.E0,-1.E0,0.E0));
#1098=DIRECTION('',(-6.375072362385E-1,0.E0,-7.704443677149E-1));
#1099=AXIS2_PLACEMENT_3D('',#1096,#1097,#1098);
#1101=CARTESIAN_POINT('',(1.26E2,-3.15E1,-9.4E1));
#1102=DIRECTION('',(0.E0,-1.E0,0.E0));
#1103=DIRECTION('',(0.E0,0.E0,-1.E0));
#1104=AXIS2_PLACEMENT_3D('',#1101,#1102,#1103);
#1106=DIRECTION('',(8.889642766965E-1,0.E0,4.579765438945E-1));
#1107=VECTOR('',#1106,2.718483894915E1);
#1108=CARTESIAN_POINT('',(1.523336493065E2,-3.15E1,-1.451154469237E2));
#1109=LINE('',#1108,#1107);
#1110=CARTESIAN_POINT('',(1.745E2,-3.150000000003E1,-1.167393485357E2));
#1111=DIRECTION('',(1.524356176344E-11,-1.E0,1.478281003783E-11));
#1112=DIRECTION('',(1.E0,1.524291803956E-11,-4.411759846527E-11));
#1113=AXIS2_PLACEMENT_3D('',#1110,#1111,#1112);
#1115=CARTESIAN_POINT('',(1.745E2,-3.150000000003E1,-1.167393485357E2));
#1116=DIRECTION('',(1.524356176344E-11,-1.E0,1.478281003783E-11));
#1117=DIRECTION('',(-2.286526523774E-11,1.478284161812E-11,1.E0));
#1118=AXIS2_PLACEMENT_3D('',#1115,#1116,#1117);
#1120=CARTESIAN_POINT('',(1.733303654882E2,-3.15E1,-1.066821332100E2));
#1121=DIRECTION('',(0.E0,1.E0,0.E0));
#1122=DIRECTION('',(1.155194579578E-1,0.E0,-9.933052173593E-1));
#1123=AXIS2_PLACEMENT_3D('',#1120,#1121,#1122);
#1125=CARTESIAN_POINT('',(1.733303654882E2,-3.15E1,-1.066821332100E2));
#1126=DIRECTION('',(0.E0,1.E0,0.E0));
#1127=DIRECTION('',(0.E0,0.E0,-1.E0));
#1128=AXIS2_PLACEMENT_3D('',#1125,#1126,#1127);
#1130=CARTESIAN_POINT('',(1.733303654882E2,-3.15E1,-1.066821332100E2));
#1131=DIRECTION('',(0.E0,1.E0,0.E0));
#1132=DIRECTION('',(-1.155194579603E-1,0.E0,9.933052173590E-1));
#1133=AXIS2_PLACEMENT_3D('',#1130,#1131,#1132);
#1135=CARTESIAN_POINT('',(1.733303654882E2,-3.15E1,-1.066821332100E2));
#1136=DIRECTION('',(0.E0,1.E0,0.E0));
#1137=DIRECTION('',(0.E0,0.E0,1.E0));
#1138=AXIS2_PLACEMENT_3D('',#1135,#1136,#1137);
#1140=CARTESIAN_POINT('',(1.744293460687E2,-3.150000000003E1,
-9.661695230343E1));
#1141=DIRECTION('',(1.184174995748E-11,-1.E0,-1.829658020703E-11));
#1142=DIRECTION('',(-1.085412918251E-1,1.690381168413E-11,-9.940919414063E-1));
#1143=AXIS2_PLACEMENT_3D('',#1140,#1141,#1142);
#1145=CARTESIAN_POINT('',(1.26E2,-3.15E1,-9.4E1));
#1146=DIRECTION('',(0.E0,-1.E0,0.E0));
#1147=DIRECTION('',(9.985432179113E-1,0.E0,-5.395777945103E-2));
#1148=AXIS2_PLACEMENT_3D('',#1145,#1146,#1147);
#1150=CARTESIAN_POINT('',(1.721018390218E2,-3.150000000001E1,
-7.893778107955E1));
#1151=DIRECTION('',(-6.510809431166E-12,-1.E0,8.284918879340E-12));
#1152=DIRECTION('',(9.505533819033E-1,-3.616662525047E-12,3.105612148227E-1));
#1153=AXIS2_PLACEMENT_3D('',#1150,#1151,#1152);
#1155=CARTESIAN_POINT('',(1.721018390218E2,-3.150000000001E1,
-7.893778107955E1));
#1156=DIRECTION('',(-6.510809431166E-12,-1.E0,8.284918879340E-12));
#1157=DIRECTION('',(-2.714273250624E-12,8.284928299027E-12,1.E0));
#1158=AXIS2_PLACEMENT_3D('',#1155,#1156,#1157);
#1160=CARTESIAN_POINT('',(1.684352447854E2,-3.15E1,-6.95E1));
#1161=DIRECTION('',(0.E0,1.E0,0.E0));
#1162=DIRECTION('',(3.621327640877E-1,0.E0,-9.321265263762E-1));
#1163=AXIS2_PLACEMENT_3D('',#1160,#1161,#1162);
#1165=CARTESIAN_POINT('',(1.684352447854E2,-3.15E1,-6.95E1));
#1166=DIRECTION('',(0.E0,1.E0,0.E0));
#1167=DIRECTION('',(0.E0,0.E0,-1.E0));
#1168=AXIS2_PLACEMENT_3D('',#1165,#1166,#1167);
#1170=CARTESIAN_POINT('',(1.620951837333E2,-3.149999999998E1,
-6.160574570613E1));
#1171=DIRECTION('',(-1.513160340021E-11,-1.E0,6.823001020954E-12));
#1172=DIRECTION('',(6.261788697714E-1,-1.479527611497E-11,-7.796794360837E-1));
#1173=AXIS2_PLACEMENT_3D('',#1170,#1171,#1172);
#1175=CARTESIAN_POINT('',(1.26E2,-3.15E1,-9.4E1));
#1176=DIRECTION('',(0.E0,-1.E0,0.E0));
#1177=DIRECTION('',(7.442305924421E-1,0.E0,6.679227689435E-1));
#1178=AXIS2_PLACEMENT_3D('',#1175,#1176,#1177);
#1180=CARTESIAN_POINT('',(1.479483258592E2,-3.15E1,-5.075047986416E1));
#1181=DIRECTION('',(2.704225081198E-12,-1.E0,-8.784425423001E-13));
#1182=DIRECTION('',(4.525428012606E-1,4.405364961720E-13,8.917426831924E-1));
#1183=AXIS2_PLACEMENT_3D('',#1180,#1181,#1182);
#1185=CARTESIAN_POINT('',(1.479483258592E2,-3.15E1,-5.075047986416E1));
#1186=DIRECTION('',(2.704225081198E-12,-1.E0,-8.784425423001E-13));
#1187=DIRECTION('',(-3.032596396161E-11,-8.792966354849E-13,1.E0));
#1188=AXIS2_PLACEMENT_3D('',#1185,#1186,#1187);
#1190=CARTESIAN_POINT('',(1.386821332100E2,-3.15E1,-4.666963451184E1));
#1191=DIRECTION('',(0.E0,1.E0,0.E0));
#1192=DIRECTION('',(9.151795209233E-1,0.E0,-4.030464544970E-1));
#1193=AXIS2_PLACEMENT_3D('',#1190,#1191,#1192);
#1195=CARTESIAN_POINT('',(1.386821332100E2,-3.15E1,-4.666963451184E1));
#1196=DIRECTION('',(0.E0,1.E0,0.E0));
#1197=DIRECTION('',(0.E0,0.E0,-1.E0));
#1198=AXIS2_PLACEMENT_3D('',#1195,#1196,#1197);
#1200=CARTESIAN_POINT('',(1.286169523034E2,-3.15E1,-4.557065393131E1));
#1201=DIRECTION('',(-6.657216521549E-12,-1.E0,2.844173035241E-12));
#1202=DIRECTION('',(9.940919414640E-1,-6.926015316689E-12,-1.085412912965E-1));
#1203=AXIS2_PLACEMENT_3D('',#1200,#1201,#1202);
#1205=CARTESIAN_POINT('',(1.26E2,-3.15E1,-9.4E1));
#1206=DIRECTION('',(0.E0,-1.E0,0.E0));
#1207=DIRECTION('',(5.395777945173E-2,0.E0,9.985432179113E-1));
#1208=AXIS2_PLACEMENT_3D('',#1205,#1206,#1207);
#1210=CARTESIAN_POINT('',(1.26E2,-3.15E1,-9.4E1));
#1211=DIRECTION('',(0.E0,-1.E0,0.E0));
#1212=DIRECTION('',(0.E0,0.E0,1.E0));
#1213=AXIS2_PLACEMENT_3D('',#1210,#1211,#1212);
#1215=CARTESIAN_POINT('',(1.109377810795E2,-3.15E1,-4.789816097819E1));
#1216=DIRECTION('',(-2.704225081198E-12,-1.E0,1.838700811579E-12));
#1217=DIRECTION('',(-3.105612148056E-1,2.588151915069E-12,9.505533819089E-1));
#1218=AXIS2_PLACEMENT_3D('',#1215,#1216,#1217);
#1220=CARTESIAN_POINT('',(1.015E2,-3.15E1,-5.156475521456E1));
#1221=DIRECTION('',(0.E0,1.E0,0.E0));
#1222=DIRECTION('',(9.321265264123E-1,0.E0,3.621327639949E-1));
#1223=AXIS2_PLACEMENT_3D('',#1220,#1221,#1222);
#1225=CARTESIAN_POINT('',(1.015E2,-3.15E1,-5.156475521456E1));
#1226=DIRECTION('',(0.E0,1.E0,0.E0));
#1227=DIRECTION('',(0.E0,0.E0,-1.E0));
#1228=AXIS2_PLACEMENT_3D('',#1225,#1226,#1227);
#1230=CARTESIAN_POINT('',(9.360574570615E1,-3.15E1,-5.790481626663E1));
#1231=DIRECTION('',(-3.444872714902E-13,-1.E0,1.500672676429E-12));
#1232=DIRECTION('',(7.796794364583E-1,6.714628852969E-13,6.261788693049E-1));
#1233=AXIS2_PLACEMENT_3D('',#1230,#1231,#1232);
#1235=CARTESIAN_POINT('',(9.360574570615E1,-3.15E1,-5.790481626663E1));
#1236=DIRECTION('',(-3.444872714902E-13,-1.E0,1.500672676429E-12));
#1237=DIRECTION('',(-3.765876499549E-13,1.501021529301E-12,1.E0));
#1238=AXIS2_PLACEMENT_3D('',#1235,#1236,#1237);
#1240=CARTESIAN_POINT('',(1.26E2,-3.15E1,-9.4E1));
#1241=DIRECTION('',(0.E0,-1.E0,0.E0));
#1242=DIRECTION('',(-6.679227689457E-1,0.E0,7.442305924402E-1));
#1243=AXIS2_PLACEMENT_3D('',#1240,#1241,#1242);
#1245=CARTESIAN_POINT('',(8.275047986416E1,-3.149999999999E1,
-7.205167414086E1));
#1246=DIRECTION('',(3.552524987243E-12,-1.E0,1.774109448175E-12));
#1247=DIRECTION('',(-8.917426832172E-1,-2.364330953232E-12,4.525428012118E-1));
#1248=AXIS2_PLACEMENT_3D('',#1245,#1246,#1247);
#1250=CARTESIAN_POINT('',(7.866963451184E1,-3.15E1,-8.131786678998E1));
#1251=DIRECTION('',(0.E0,1.E0,0.E0));
#1252=DIRECTION('',(4.030464545602E-1,0.E0,9.151795208955E-1));
#1253=AXIS2_PLACEMENT_3D('',#1250,#1251,#1252);
#1255=CARTESIAN_POINT('',(7.866963451184E1,-3.15E1,-8.131786678998E1));
#1256=DIRECTION('',(0.E0,1.E0,0.E0));
#1257=DIRECTION('',(0.E0,0.E0,-1.E0));
#1258=AXIS2_PLACEMENT_3D('',#1255,#1256,#1257);
#1260=CARTESIAN_POINT('',(7.757065393130E1,-3.15E1,-9.138304769663E1));
#1261=DIRECTION('',(1.812864266217E-12,-1.E0,-2.583654536177E-14));
#1262=DIRECTION('',(1.085412919038E-1,1.705302565828E-13,9.940919413977E-1));
#1263=AXIS2_PLACEMENT_3D('',#1260,#1261,#1262);
#1265=CARTESIAN_POINT('',(7.757065393130E1,-3.15E1,-9.138304769663E1));
#1266=DIRECTION('',(1.812864266217E-12,-1.E0,-2.583654536177E-14));
#1267=DIRECTION('',(-2.422950728942E-12,-2.664535259100E-14,1.E0));
#1268=AXIS2_PLACEMENT_3D('',#1265,#1266,#1267);
#1270=CARTESIAN_POINT('',(1.26E2,-3.15E1,-9.4E1));
#1271=DIRECTION('',(0.E0,-1.E0,0.E0));
#1272=DIRECTION('',(-9.985432179113E-1,0.E0,5.395777945094E-2));
#1273=AXIS2_PLACEMENT_3D('',#1270,#1271,#1272);
#1275=CARTESIAN_POINT('',(7.750668108300E1,-3.15E1,-9.319500284850E1));
#1276=DIRECTION('',(1.154032359492E-12,-1.E0,-1.240154177365E-12));
#1277=DIRECTION('',(-9.998622457113E-1,-1.174171870844E-12,1.659787941856E-2));
#1278=AXIS2_PLACEMENT_3D('',#1275,#1276,#1277);
#1280=CARTESIAN_POINT('',(7.687384848625E1,-3.15E1,-1.004675805436E2));
#1281=DIRECTION('',(0.E0,1.E0,0.E0));
#1282=DIRECTION('',(8.668869402826E-2,0.E0,9.962354492426E-1));
#1283=AXIS2_PLACEMENT_3D('',#1280,#1281,#1282);
#1285=CARTESIAN_POINT('',(7.868224242473E1,-3.15E1,-1.054496450857E2));
#1286=CARTESIAN_POINT('',(7.848949216934E1,-3.15E1,-1.055196981219E2));
#1287=CARTESIAN_POINT('',(7.813831204271E1,-3.15E1,-1.057136586627E2));
#1288=CARTESIAN_POINT('',(7.771544941818E1,-3.15E1,-1.061486008568E2));
#1289=CARTESIAN_POINT('',(7.744137558888E1,-3.15E1,-1.066861127011E2));
#1290=CARTESIAN_POINT('',(7.733840229049E1,-3.15E1,-1.072854268872E2));
#1291=CARTESIAN_POINT('',(7.738759607005E1,-3.15E1,-1.076794316167E2));
#1292=CARTESIAN_POINT('',(7.744443612782E1,-3.15E1,-1.078782977586E2));
#1294=CARTESIAN_POINT('',(1.26E2,-3.15E1,-9.4E1));
#1295=DIRECTION('',(0.E0,-1.E0,0.E0));
#1296=DIRECTION('',(-9.614951444302E-1,0.E0,-2.748219191351E-1));
#1297=AXIS2_PLACEMENT_3D('',#1294,#1295,#1296);
#1299=CARTESIAN_POINT('',(7.989816097819E1,-3.15E1,-1.090622189205E2));
#1300=DIRECTION('',(-1.855925175154E-12,-1.E0,-2.742979899241E-12));
#1301=DIRECTION('',(-9.505533819123E-1,2.616573624500E-12,-3.105612147951E-1));
#1302=AXIS2_PLACEMENT_3D('',#1299,#1300,#1301);
#1304=CARTESIAN_POINT('',(8.356475521456E1,-3.15E1,-1.185E2));
#1305=DIRECTION('',(0.E0,1.E0,0.E0));
#1306=DIRECTION('',(-3.621327640483E-1,0.E0,9.321265263915E-1));
#1307=AXIS2_PLACEMENT_3D('',#1304,#1305,#1306);
#1309=CARTESIAN_POINT('',(8.356475521456E1,-3.15E1,-1.185E2));
#1310=DIRECTION('',(0.E0,1.E0,0.E0));
#1311=DIRECTION('',(0.E0,0.E0,1.E0));
#1312=AXIS2_PLACEMENT_3D('',#1309,#1310,#1311);
#1314=CARTESIAN_POINT('',(8.990481626666E1,-3.149999999997E1,
-1.263942542939E2));
#1315=DIRECTION('',(2.288687309963E-11,-1.E0,4.405130984182E-12));
#1316=DIRECTION('',(-6.261788689334E-1,-1.089617285277E-11,7.796794367567E-1));
#1317=AXIS2_PLACEMENT_3D('',#1314,#1315,#1316);
#1319=CARTESIAN_POINT('',(1.26E2,-3.15E1,-9.4E1));
#1320=DIRECTION('',(0.E0,-1.E0,0.E0));
#1321=DIRECTION('',(-7.442305924423E-1,0.E0,-6.679227689434E-1));
#1322=AXIS2_PLACEMENT_3D('',#1319,#1320,#1321);
#1324=CARTESIAN_POINT('',(8.516992918833E1,-3.15E1,-1.330532369659E2));
#1325=DIRECTION('',(0.E0,1.E0,0.E0));
#1326=DIRECTION('',(7.226561205510E-1,0.E0,6.912077339195E-1));
#1327=AXIS2_PLACEMENT_3D('',#1324,#1325,#1326);
#1329=DIRECTION('',(-4.226244374343E-1,0.E0,-9.063049072378E-1));
#1330=VECTOR('',#1329,2.991919366976E0);
#1331=CARTESIAN_POINT('',(9.060777591057E1,-3.15E1,-1.355889465363E2));
#1332=LINE('',#1331,#1330);
#1333=CARTESIAN_POINT('',(1.133178667900E2,-3.15E1,-1.413303654882E2));
#1334=DIRECTION('',(0.E0,1.E0,0.E0));
#1335=DIRECTION('',(0.E0,0.E0,1.E0));
#1336=AXIS2_PLACEMENT_3D('',#1333,#1334,#1335);
#1338=CARTESIAN_POINT('',(1.133178667900E2,-3.15E1,-1.413303654882E2));
#1339=DIRECTION('',(0.E0,1.E0,0.E0));
#1340=DIRECTION('',(0.E0,0.E0,-1.E0));
#1341=AXIS2_PLACEMENT_3D('',#1338,#1339,#1340);
#1343=CARTESIAN_POINT('',(1.505E2,-3.15E1,-1.364352447854E2));
#1344=DIRECTION('',(0.E0,1.E0,0.E0));
#1345=DIRECTION('',(0.E0,0.E0,1.E0));
#1346=AXIS2_PLACEMENT_3D('',#1343,#1344,#1345);
#1348=CARTESIAN_POINT('',(1.505E2,-3.15E1,-1.364352447854E2));
#1349=DIRECTION('',(0.E0,1.E0,0.E0));
#1350=DIRECTION('',(0.E0,0.E0,-1.E0));
#1351=AXIS2_PLACEMENT_3D('',#1348,#1349,#1350);
#1353=DIRECTION('',(-9.914448613740E-1,4.297318257235E-14,-1.305261922185E-1));
#1354=VECTOR('',#1353,2.645529861099E0);
#1355=CARTESIAN_POINT('',(1.239892171626E2,-3.15E1,-5.845839648206E1));
#1356=LINE('',#1355,#1354);
#1357=CARTESIAN_POINT('',(1.26E2,-3.15E1,-9.4E1));
#1358=DIRECTION('',(0.E0,1.E0,0.E0));
#1359=DIRECTION('',(-1.305261922174E-1,0.E0,9.914448613742E-1));
#1360=AXIS2_PLACEMENT_3D('',#1357,#1358,#1359);
#1362=CARTESIAN_POINT('',(1.26E2,-3.15E1,-9.4E1));
#1363=DIRECTION('',(0.E0,1.E0,0.E0));
#1364=DIRECTION('',(0.E0,0.E0,1.E0));
#1365=AXIS2_PLACEMENT_3D('',#1362,#1363,#1364);
#1367=CARTESIAN_POINT('',(1.502794966811E2,-3.15E1,-1.095209856475E2));
#1368=DIRECTION('',(0.E0,1.E0,0.E0));
#1369=DIRECTION('',(8.425531926731E-1,0.E0,-5.386131427252E-1));
#1370=AXIS2_PLACEMENT_3D('',#1367,#1368,#1369);
#1372=CARTESIAN_POINT('',(1.502794966811E2,-3.15E1,-1.095209856475E2));
#1373=DIRECTION('',(0.E0,1.E0,0.E0));
#1374=DIRECTION('',(0.E0,0.E0,-1.E0));
#1375=AXIS2_PLACEMENT_3D('',#1372,#1373,#1374);
#1377=DIRECTION('',(-6.946583704689E-1,0.E0,7.193398003291E-1));
#1378=VECTOR('',#1377,1.919965025363E-1);
#1379=CARTESIAN_POINT('',(1.454718425744E2,-3.15E1,-1.141636832512E2));
#1380=LINE('',#1379,#1378);
#1381=CARTESIAN_POINT('',(1.431804511959E2,-3.15E1,-1.161095476368E2));
#1382=DIRECTION('',(0.E0,-1.E0,0.E0));
#1383=DIRECTION('',(7.193398002372E-1,0.E0,6.946583705641E-1));
#1384=AXIS2_PLACEMENT_3D('',#1381,#1382,#1383);
#1386=CARTESIAN_POINT('',(1.431804511959E2,-3.15E1,-1.161095476368E2));
#1387=DIRECTION('',(0.E0,-1.E0,0.E0));
#1388=DIRECTION('',(0.E0,0.E0,1.E0));
#1389=AXIS2_PLACEMENT_3D('',#1386,#1387,#1388);
#1391=CARTESIAN_POINT('',(1.26E2,-3.15E1,-9.4E1));
#1392=DIRECTION('',(0.E0,1.E0,0.E0));
#1393=DIRECTION('',(6.135875427393E-1,0.E0,-7.896267012932E-1));
#1394=AXIS2_PLACEMENT_3D('',#1391,#1392,#1393);
#1396=CARTESIAN_POINT('',(1.26E2,-3.15E1,-9.4E1));
#1397=DIRECTION('',(0.E0,1.E0,0.E0));
#1398=DIRECTION('',(0.E0,0.E0,-1.E0));
#1399=AXIS2_PLACEMENT_3D('',#1396,#1397,#1398);
#1401=CARTESIAN_POINT('',(1.059096934687E2,-3.15E1,-1.135033223702E2));
#1402=DIRECTION('',(0.E0,-1.E0,0.E0));
#1403=DIRECTION('',(7.175109473424E-1,0.E0,6.965472277196E-1));
#1404=AXIS2_PLACEMENT_3D('',#1401,#1402,#1403);
#1406=CARTESIAN_POINT('',(1.059096934687E2,-3.15E1,-1.135033223702E2));
#1407=DIRECTION('',(0.E0,-1.E0,0.E0));
#1408=DIRECTION('',(0.E0,0.E0,1.E0));
#1409=AXIS2_PLACEMENT_3D('',#1406,#1407,#1408);
#1411=DIRECTION('',(-7.880107535675E-1,0.E0,-6.156614753759E-1));
#1412=VECTOR('',#1411,1.611781859599E-1);
#1413=CARTESIAN_POINT('',(1.040627090427E2,-3.15E1,-1.111392901094E2));
#1414=LINE('',#1413,#1412);
#1415=CARTESIAN_POINT('',(9.980599780572E1,-3.15E1,-1.059527449513E2));
#1416=DIRECTION('',(0.E0,1.E0,0.E0));
#1417=DIRECTION('',(6.156614753008E-1,0.E0,-7.880107536262E-1));
#1418=AXIS2_PLACEMENT_3D('',#1415,#1416,#1417);
#1420=CARTESIAN_POINT('',(9.980599780572E1,-3.15E1,-1.059527449513E2));
#1421=DIRECTION('',(0.E0,1.E0,0.E0));
#1422=DIRECTION('',(0.E0,0.E0,-1.E0));
#1423=AXIS2_PLACEMENT_3D('',#1420,#1421,#1422);
#1425=CARTESIAN_POINT('',(1.26E2,-3.15E1,-9.4E1));
#1426=DIRECTION('',(0.E0,1.E0,0.E0));
#1427=DIRECTION('',(-9.097586673810E-1,0.E0,-4.151375279652E-1));
#1428=AXIS2_PLACEMENT_3D('',#1425,#1426,#1427);
#1430=DIRECTION('',(-9.914448613740E-1,-4.297318257395E-14,-1.305261922184E-1));
#1431=VECTOR('',#1430,2.645529861001E0);
#1432=CARTESIAN_POINT('',(1.213663201762E2,-3.15E1,-5.880370742123E1));
#1433=LINE('',#1432,#1431);
#1434=CARTESIAN_POINT('',(1.182213184209E2,-3.15E1,-5.518323891490E1));
#1435=DIRECTION('',(0.E0,1.E0,0.E0));
#1436=DIRECTION('',(1.305261923076E-1,0.E0,-9.914448613623E-1));
#1437=AXIS2_PLACEMENT_3D('',#1434,#1435,#1436);
#1439=CARTESIAN_POINT('',(1.182213184209E2,-3.15E1,-5.518323891490E1));
#1440=DIRECTION('',(0.E0,1.E0,0.E0));
#1441=DIRECTION('',(0.E0,0.E0,-1.E0));
#1442=AXIS2_PLACEMENT_3D('',#1439,#1440,#1441);
#1444=DIRECTION('',(2.588190451032E-1,0.E0,9.659258262889E-1));
#1445=VECTOR('',#1444,6.913102678198E0);
#1446=CARTESIAN_POINT('',(1.143576151157E2,-3.15E1,-5.414796273466E1));
#1447=LINE('',#1446,#1445);
#1448=CARTESIAN_POINT('',(1.200105610547E2,-3.15E1,-4.850569449855E1));
#1449=DIRECTION('',(0.E0,1.E0,0.E0));
#1450=DIRECTION('',(-9.659258262615E-1,0.E0,2.588190452055E-1));
#1451=AXIS2_PLACEMENT_3D('',#1448,#1449,#1450);
#1453=CARTESIAN_POINT('',(1.200105610547E2,-3.15E1,-4.850569449855E1));
#1454=DIRECTION('',(0.E0,1.E0,0.E0));
#1455=DIRECTION('',(0.E0,0.E0,1.E0));
#1456=AXIS2_PLACEMENT_3D('',#1453,#1454,#1455);
#1458=DIRECTION('',(5.000000000020E-1,0.E0,-8.660254037833E-1));
#1459=VECTOR('',#1458,6.913102677891E0);
#1460=CARTESIAN_POINT('',(1.234746626699E2,-3.15E1,-4.650569449861E1));
#1461=LINE('',#1460,#1459);
#1462=CARTESIAN_POINT('',(1.234671123937E2,-3.15E1,-5.449261703657E1));
#1463=DIRECTION('',(0.E0,1.E0,0.E0));
#1464=DIRECTION('',(8.660254038108E-1,0.E0,4.999999999543E-1));
#1465=AXIS2_PLACEMENT_3D('',#1462,#1463,#1464);
#1467=CARTESIAN_POINT('',(1.26E2,-3.15E1,-9.4E1));
#1468=DIRECTION('',(0.E0,1.E0,0.E0));
#1469=DIRECTION('',(-2.464990337244E-1,0.E0,-9.691430371070E-1));
#1470=AXIS2_PLACEMENT_3D('',#1467,#1468,#1469);
#1472=CARTESIAN_POINT('',(1.069269505584E2,-3.15E1,-1.200054087643E2));
#1473=DIRECTION('',(0.E0,1.E0,0.E0));
#1474=DIRECTION('',(-5.914123857929E-1,0.E0,-8.063692640043E-1));
#1475=AXIS2_PLACEMENT_3D('',#1472,#1473,#1474);
#1477=CARTESIAN_POINT('',(1.069269505584E2,-3.15E1,-1.200054087643E2));
#1478=DIRECTION('',(0.E0,1.E0,0.E0));
#1479=DIRECTION('',(0.E0,0.E0,1.E0));
#1480=AXIS2_PLACEMENT_3D('',#1477,#1478,#1479);
#1482=CARTESIAN_POINT('',(1.26E2,-3.15E1,-9.4E1));
#1483=DIRECTION('',(0.E0,-1.E0,0.E0));
#1484=DIRECTION('',(-5.914123857840E-1,0.E0,-8.063692640108E-1));
#1485=AXIS2_PLACEMENT_3D('',#1482,#1483,#1484);
#1487=CARTESIAN_POINT('',(1.180504061624E2,-3.15E1,-1.252548629467E2));
#1488=DIRECTION('',(0.E0,1.E0,0.E0));
#1489=DIRECTION('',(2.464990337252E-1,0.E0,9.691430371068E-1));
#1490=AXIS2_PLACEMENT_3D('',#1487,#1488,#1489);
#1492=CARTESIAN_POINT('',(1.180504061624E2,-3.15E1,-1.252548629467E2));
#1493=DIRECTION('',(0.E0,1.E0,0.E0));
#1494=DIRECTION('',(0.E0,0.E0,-1.E0));
#1495=AXIS2_PLACEMENT_3D('',#1492,#1493,#1494);
#1497=CARTESIAN_POINT('',(1.295223927404E2,-3.15E1,-1.260570623948E2));
#1498=DIRECTION('',(0.E0,1.E0,0.E0));
#1499=DIRECTION('',(1.092214802536E-1,0.E0,-9.940174386052E-1));
#1500=AXIS2_PLACEMENT_3D('',#1497,#1498,#1499);
#1502=CARTESIAN_POINT('',(1.295223927404E2,-3.15E1,-1.260570623948E2));
#1503=DIRECTION('',(0.E0,1.E0,0.E0));
#1504=DIRECTION('',(0.E0,0.E0,-1.E0));
#1505=AXIS2_PLACEMENT_3D('',#1502,#1503,#1504);
#1507=CARTESIAN_POINT('',(1.26E2,-3.15E1,-9.4E1));
#1508=DIRECTION('',(0.E0,-1.E0,0.E0));
#1509=DIRECTION('',(1.092214803344E-1,0.E0,-9.940174385963E-1));
#1510=AXIS2_PLACEMENT_3D('',#1507,#1508,#1509);
#1512=CARTESIAN_POINT('',(1.412681784561E2,-3.15E1,-1.224067813494E2));
#1513=DIRECTION('',(0.E0,1.E0,0.E0));
#1514=DIRECTION('',(-4.734318901004E-1,0.E0,8.808304294448E-1));
#1515=AXIS2_PLACEMENT_3D('',#1512,#1513,#1514);
#1517=CARTESIAN_POINT('',(1.412681784561E2,-3.15E1,-1.224067813494E2));
#1518=DIRECTION('',(0.E0,1.E0,0.E0));
#1519=DIRECTION('',(0.E0,0.E0,1.E0));
#1520=AXIS2_PLACEMENT_3D('',#1517,#1518,#1519);
#1522=CARTESIAN_POINT('',(1.26E2,-3.15E1,-9.4E1));
#1523=DIRECTION('',(0.E0,1.E0,0.E0));
#1524=DIRECTION('',(4.734318901118E-1,0.E0,-8.808304294387E-1));
#1525=AXIS2_PLACEMENT_3D('',#1522,#1523,#1524);
#1527=CARTESIAN_POINT('',(1.742122634849E2,-2.849999999999E1,
-9.860513618617E1));
#1528=DIRECTION('',(9.940919413977E-1,1.375772265786E-11,-1.085412919036E-1));
#1529=DIRECTION('',(1.378452907372E-11,-1.E0,-4.926429634592E-13));
#1530=AXIS2_PLACEMENT_3D('',#1527,#1528,#1529);
#1532=CARTESIAN_POINT('',(1.744293460687E2,-2.850000000003E1,
-9.661695230337E1));
#1533=DIRECTION('',(1.184174995748E-11,-1.E0,-1.829658020703E-11));
#1534=DIRECTION('',(-1.085412918942E-1,1.690310114098E-11,-9.940919413988E-1));
#1535=AXIS2_PLACEMENT_3D('',#1532,#1533,#1534);
#1537=CARTESIAN_POINT('',(1.744293460687E2,-2.850000000003E1,
-9.661695230337E1));
#1538=DIRECTION('',(1.184174995748E-11,-1.E0,-1.829658020703E-11));
#1539=DIRECTION('',(5.064748620491E-12,1.829647544580E-11,-1.E0));
#1540=AXIS2_PLACEMENT_3D('',#1537,#1538,#1539);
#1542=CARTESIAN_POINT('',(1.764264325045E2,-2.85E1,-9.672486786225E1));
#1543=DIRECTION('',(-5.395777943975E-2,1.763097154432E-11,-9.985432179119E-1));
#1544=DIRECTION('',(9.985432179119E-1,1.281226976362E-11,-5.395777943975E-2));
#1545=AXIS2_PLACEMENT_3D('',#1542,#1543,#1544);
#1547=CARTESIAN_POINT('',(1.26E2,-2.85E1,-9.4E1));
#1548=DIRECTION('',(0.E0,-1.E0,0.E0));
#1549=DIRECTION('',(9.985432179113E-1,0.E0,-5.395777945098E-2));
#1550=AXIS2_PLACEMENT_3D('',#1547,#1548,#1549);
#1552=DIRECTION('',(-4.830878554281E-11,1.E0,6.108231380955E-11));
#1553=VECTOR('',#1552,1.750000000017E0);
#1554=CARTESIAN_POINT('',(8.618366330443E1,-2.850000000002E1,
-1.297338681386E2));
#1555=LINE('',#1554,#1553);
#1556=DIRECTION('',(-6.413103666348E-14,-1.E0,-1.265130450543E-12));
#1557=VECTOR('',#1556,9.75E0);
#1558=CARTESIAN_POINT('',(7.250736985444E1,-1.875E1,-9.311201345143E1));
#1559=LINE('',#1558,#1557);
#1560=DIRECTION('',(-2.923375827123E-13,1.E0,3.337520735966E-12));
#1561=VECTOR('',#1560,1.750000000002E0);
#1562=CARTESIAN_POINT('',(7.257793784174E1,-2.85E1,-9.111325879937E1));
#1563=LINE('',#1562,#1561);
#1564=DIRECTION('',(-1.047543004722E-11,1.E0,-8.209813781192E-12));
#1565=VECTOR('',#1564,1.749999999998E0);
#1566=CARTESIAN_POINT('',(9.026613186142E1,-2.85E1,-5.418366330443E1));
#1567=LINE('',#1566,#1565);
#1568=DIRECTION('',(-1.580247044337E-11,1.E0,2.423965790003E-12));
#1569=VECTOR('',#1568,1.749999999993E0);
#1570=CARTESIAN_POINT('',(1.288867412006E2,-2.849999999999E1,
-4.057793784175E1));
#1571=LINE('',#1570,#1569);
#1572=DIRECTION('',(5.452095917563E-11,1.E0,-6.443201527838E-11));
#1573=VECTOR('',#1572,1.750000000009E0);
#1574=CARTESIAN_POINT('',(1.658163366956E2,-2.850000000001E1,
-5.826613186143E1));
#1575=LINE('',#1574,#1573);
#1576=DIRECTION('',(2.549833360342E-12,1.E0,-1.356121564258E-12));
#1577=VECTOR('',#1576,1.749999999990E0);
#1578=CARTESIAN_POINT('',(1.794220621583E2,-2.849999999999E1,
-9.688674120063E1));
#1579=LINE('',#1578,#1577);
#1580=DIRECTION('',(0.E0,1.E0,0.E0));
#1581=VECTOR('',#1580,3.95E1);
#1582=CARTESIAN_POINT('',(1.795E2,-2.675E1,-9.4E1));
#1583=LINE('',#1582,#1581);
#1584=DIRECTION('',(-3.033099866496E-9,1.E0,-3.208997765916E-9));
#1585=VECTOR('',#1584,1.750000000006E0);
#1586=CARTESIAN_POINT('',(8.677392191994E1,-2.850000000001E1,
-1.224958571117E2));
#1587=LINE('',#1586,#1585);
#1588=DIRECTION('',(-2.070724544219E-12,1.E0,5.684341886092E-12));
#1589=VECTOR('',#1588,1.749999999996E0);
#1590=CARTESIAN_POINT('',(8.170882479862E1,-2.85E1,-1.137228515523E2));
#1591=LINE('',#1590,#1589);
#1592=DIRECTION('',(-1.329323952505E-11,1.E0,3.149125404897E-11));
#1593=VECTOR('',#1592,1.749999999995E0);
#1594=CARTESIAN_POINT('',(7.514539406872E1,-2.85E1,-1.106150249947E2));
#1595=LINE('',#1594,#1593);
#1596=CARTESIAN_POINT('',(8.990481626664E1,-2.675E1,-1.263942542939E2));
#1597=DIRECTION('',(0.E0,1.E0,0.E0));
#1598=DIRECTION('',(-7.442305925008E-1,0.E0,-6.679227688782E-1));
#1599=AXIS2_PLACEMENT_3D('',#1596,#1597,#1598);
#1601=CARTESIAN_POINT('',(8.356475521456E1,-2.675E1,-1.185E2));
#1602=DIRECTION('',(0.E0,-1.E0,0.E0));
#1603=DIRECTION('',(6.261788658436E-1,0.E0,-7.796794392382E-1));
#1604=AXIS2_PLACEMENT_3D('',#1601,#1602,#1603);
#1606=CARTESIAN_POINT('',(8.356475521456E1,-2.675E1,-1.185E2));
#1607=DIRECTION('',(0.E0,-1.E0,0.E0));
#1608=DIRECTION('',(0.E0,0.E0,1.E0));
#1609=AXIS2_PLACEMENT_3D('',#1606,#1607,#1608);
#1611=CARTESIAN_POINT('',(7.989816097819E1,-2.675E1,-1.090622189204E2));
#1612=DIRECTION('',(0.E0,1.E0,0.E0));
#1613=DIRECTION('',(3.621327640844E-1,0.E0,-9.321265263775E-1));
#1614=AXIS2_PLACEMENT_3D('',#1611,#1612,#1613);
#1616=CARTESIAN_POINT('',(7.989816097819E1,-2.675E1,-1.090622189204E2));
#1617=DIRECTION('',(0.E0,1.E0,0.E0));
#1618=DIRECTION('',(0.E0,0.E0,-1.E0));
#1619=AXIS2_PLACEMENT_3D('',#1616,#1617,#1618);
#1621=CARTESIAN_POINT('',(1.26E2,-2.675E1,-9.4E1));
#1622=DIRECTION('',(0.E0,-1.E0,0.E0));
#1623=DIRECTION('',(-9.505533818945E-1,0.E0,-3.105612148497E-1));
#1624=AXIS2_PLACEMENT_3D('',#1621,#1622,#1623);
#1626=CARTESIAN_POINT('',(8.356475521456E1,-2.675E1,-1.185E2));
#1627=DIRECTION('',(0.E0,1.E0,0.E0));
#1628=DIRECTION('',(0.E0,0.E0,1.E0));
#1629=AXIS2_PLACEMENT_3D('',#1626,#1627,#1628);
#1631=CARTESIAN_POINT('',(8.356475521456E1,-2.675E1,-1.185E2));
#1632=DIRECTION('',(0.E0,1.E0,0.E0));
#1633=DIRECTION('',(0.E0,0.E0,-1.E0));
#1634=AXIS2_PLACEMENT_3D('',#1631,#1632,#1633);
#1636=CARTESIAN_POINT('',(8.356475521456E1,-2.9E1,-1.185E2));
#1637=DIRECTION('',(0.E0,1.E0,0.E0));
#1638=DIRECTION('',(0.E0,0.E0,1.E0));
#1639=AXIS2_PLACEMENT_3D('',#1636,#1637,#1638);
#1641=DIRECTION('',(1.658122528773E-10,-1.E0,-3.636020868431E-10));
#1642=VECTOR('',#1641,2.249999999182E0);
#1643=CARTESIAN_POINT('',(8.356475521456E1,-2.675E1,-1.1635E2));
#1644=LINE('',#1643,#1642);
#1645=DIRECTION('',(-3.394816235521E-10,7.071067811866E-1,-7.071067811865E-1));
#1646=VECTOR('',#1645,7.071067804421E-1);
#1647=CARTESIAN_POINT('',(8.356475521517E1,-2.949999999866E1,
-1.158500000013E2));
#1648=LINE('',#1647,#1646);
#1649=CARTESIAN_POINT('',(8.356475521456E1,-2.95E1,-1.185E2));
#1650=DIRECTION('',(0.E0,1.E0,0.E0));
#1651=DIRECTION('',(0.E0,0.E0,-1.E0));
#1652=AXIS2_PLACEMENT_3D('',#1649,#1650,#1651);
#1654=CARTESIAN_POINT('',(8.356475521456E1,-2.95E1,-1.185E2));
#1655=DIRECTION('',(0.E0,1.E0,0.E0));
#1656=DIRECTION('',(0.E0,0.E0,1.E0));
#1657=AXIS2_PLACEMENT_3D('',#1654,#1655,#1656);
#1659=CARTESIAN_POINT('',(8.356475521456E1,-2.95E1,-1.185E2));
#1660=DIRECTION('',(0.E0,1.E0,0.E0));
#1661=DIRECTION('',(1.072517336996E-14,0.E0,-1.E0));
#1662=AXIS2_PLACEMENT_3D('',#1659,#1660,#1661);
#1664=CARTESIAN_POINT('',(8.356475521456E1,-2.95E1,-1.185E2));
#1665=DIRECTION('',(0.E0,1.E0,0.E0));
#1666=DIRECTION('',(-1.072517336996E-14,0.E0,1.E0));
#1667=AXIS2_PLACEMENT_3D('',#1664,#1665,#1666);
#1669=DIRECTION('',(0.E0,-1.E0,0.E0));
#1670=VECTOR('',#1669,4.E0);
#1671=CARTESIAN_POINT('',(8.356475521456E1,-2.95E1,-1.22625E2));
#1672=LINE('',#1671,#1670);
#1673=DIRECTION('',(0.E0,-1.E0,0.E0));
#1674=VECTOR('',#1673,4.E0);
#1675=CARTESIAN_POINT('',(8.356475521456E1,-2.95E1,-1.14375E2));
#1676=LINE('',#1675,#1674);
#1677=CARTESIAN_POINT('',(1.26E2,-3.35E1,-9.4E1));
#1678=DIRECTION('',(0.E0,1.E0,0.E0));
#1679=DIRECTION('',(0.E0,0.E0,1.E0));
#1680=AXIS2_PLACEMENT_3D('',#1677,#1678,#1679);
#1682=DIRECTION('',(-8.889747942463E-1,1.521836591863E-8,-4.579561280240E-1));
#1683=VECTOR('',#1682,3.414458189767E1);
#1684=CARTESIAN_POINT('',(1.82E2,-3.349999999999E1,-1.281445818890E2));
#1685=LINE('',#1684,#1683);
#1686=CARTESIAN_POINT('',(1.26E2,-3.349999844110E1,-9.4E1));
#1687=DIRECTION('',(3.019027523103E-14,1.E0,1.899065700017E-14));
#1688=DIRECTION('',(4.579765438949E-1,0.E0,-8.889642766962E-1));
#1689=AXIS2_PLACEMENT_3D('',#1686,#1687,#1688);
#1691=CARTESIAN_POINT('',(1.26E2,-3.35E1,-9.4E1));
#1692=DIRECTION('',(0.E0,1.E0,0.E0));
#1693=DIRECTION('',(-7.185021669519E-1,0.E0,-6.955247199672E-1));
#1694=AXIS2_PLACEMENT_3D('',#1691,#1692,#1693);
#1696=CARTESIAN_POINT('',(8.356475521456E1,-3.35E1,-1.185E2));
#1697=DIRECTION('',(0.E0,-1.E0,0.E0));
#1698=DIRECTION('',(0.E0,0.E0,-1.E0));
#1699=AXIS2_PLACEMENT_3D('',#1696,#1697,#1698);
#1701=CARTESIAN_POINT('',(8.356475521456E1,-3.35E1,-1.185E2));
#1702=DIRECTION('',(0.E0,-1.E0,0.E0));
#1703=DIRECTION('',(0.E0,0.E0,1.E0));
#1704=AXIS2_PLACEMENT_3D('',#1701,#1702,#1703);
#1706=CARTESIAN_POINT('',(7.866963451184E1,-3.35E1,-8.131786678998E1));
#1707=DIRECTION('',(0.E0,-1.E0,0.E0));
#1708=DIRECTION('',(0.E0,0.E0,-1.E0));
#1709=AXIS2_PLACEMENT_3D('',#1706,#1707,#1708);
#1711=CARTESIAN_POINT('',(7.866963451184E1,-3.35E1,-8.131786678998E1));
#1712=DIRECTION('',(0.E0,-1.E0,0.E0));
#1713=DIRECTION('',(0.E0,0.E0,1.E0));
#1714=AXIS2_PLACEMENT_3D('',#1711,#1712,#1713);
#1716=CARTESIAN_POINT('',(1.015E2,-3.35E1,-5.156475521456E1));
#1717=DIRECTION('',(0.E0,-1.E0,0.E0));
#1718=DIRECTION('',(0.E0,0.E0,-1.E0));
#1719=AXIS2_PLACEMENT_3D('',#1716,#1717,#1718);
#1721=CARTESIAN_POINT('',(1.015E2,-3.35E1,-5.156475521456E1));
#1722=DIRECTION('',(0.E0,-1.E0,0.E0));
#1723=DIRECTION('',(0.E0,0.E0,1.E0));
#1724=AXIS2_PLACEMENT_3D('',#1721,#1722,#1723);
#1726=CARTESIAN_POINT('',(1.386821332100E2,-3.35E1,-4.666963451184E1));
#1727=DIRECTION('',(0.E0,-1.E0,0.E0));
#1728=DIRECTION('',(0.E0,0.E0,-1.E0));
#1729=AXIS2_PLACEMENT_3D('',#1726,#1727,#1728);
#1731=CARTESIAN_POINT('',(1.386821332100E2,-3.35E1,-4.666963451184E1));
#1732=DIRECTION('',(0.E0,-1.E0,0.E0));
#1733=DIRECTION('',(0.E0,0.E0,1.E0));
#1734=AXIS2_PLACEMENT_3D('',#1731,#1732,#1733);
#1736=CARTESIAN_POINT('',(1.684352447854E2,-3.35E1,-6.95E1));
#1737=DIRECTION('',(0.E0,-1.E0,0.E0));
#1738=DIRECTION('',(0.E0,0.E0,-1.E0));
#1739=AXIS2_PLACEMENT_3D('',#1736,#1737,#1738);
#1741=CARTESIAN_POINT('',(1.684352447854E2,-3.35E1,-6.95E1));
#1742=DIRECTION('',(0.E0,-1.E0,0.E0));
#1743=DIRECTION('',(0.E0,0.E0,1.E0));
#1744=AXIS2_PLACEMENT_3D('',#1741,#1742,#1743);
#1746=CARTESIAN_POINT('',(1.733303654882E2,-3.35E1,-1.066821332100E2));
#1747=DIRECTION('',(0.E0,-1.E0,0.E0));
#1748=DIRECTION('',(0.E0,0.E0,-1.E0));
#1749=AXIS2_PLACEMENT_3D('',#1746,#1747,#1748);
#1751=CARTESIAN_POINT('',(1.733303654882E2,-3.35E1,-1.066821332100E2));
#1752=DIRECTION('',(0.E0,-1.E0,0.E0));
#1753=DIRECTION('',(0.E0,0.E0,1.E0));
#1754=AXIS2_PLACEMENT_3D('',#1751,#1752,#1753);
#1756=CARTESIAN_POINT('',(1.505E2,-3.35E1,-1.364352447854E2));
#1757=DIRECTION('',(0.E0,-1.E0,0.E0));
#1758=DIRECTION('',(0.E0,0.E0,-1.E0));
#1759=AXIS2_PLACEMENT_3D('',#1756,#1757,#1758);
#1761=CARTESIAN_POINT('',(1.505E2,-3.35E1,-1.364352447854E2));
#1762=DIRECTION('',(0.E0,-1.E0,0.E0));
#1763=DIRECTION('',(0.E0,0.E0,1.E0));
#1764=AXIS2_PLACEMENT_3D('',#1761,#1762,#1763);
#1766=CARTESIAN_POINT('',(1.133178667900E2,-3.35E1,-1.413303654882E2));
#1767=DIRECTION('',(0.E0,-1.E0,0.E0));
#1768=DIRECTION('',(0.E0,0.E0,-1.E0));
#1769=AXIS2_PLACEMENT_3D('',#1766,#1767,#1768);
#1771=CARTESIAN_POINT('',(1.133178667900E2,-3.35E1,-1.413303654882E2));
#1772=DIRECTION('',(0.E0,-1.E0,0.E0));
#1773=DIRECTION('',(0.E0,0.E0,1.E0));
#1774=AXIS2_PLACEMENT_3D('',#1771,#1772,#1773);
#1776=DIRECTION('',(-6.946583704575E-1,0.E0,7.193398003401E-1));
#1777=VECTOR('',#1776,9.415810369778E0);
#1778=CARTESIAN_POINT('',(1.520126140626E2,-3.35E1,-1.209368504028E2));
#1779=LINE('',#1778,#1777);
#1780=CARTESIAN_POINT('',(1.502794966811E2,-3.35E1,-1.095209856475E2));
#1781=DIRECTION('',(0.E0,-1.E0,0.E0));
#1782=DIRECTION('',(-7.193398003291E-1,0.E0,-6.946583704689E-1));
#1783=AXIS2_PLACEMENT_3D('',#1780,#1781,#1782);
#1785=CARTESIAN_POINT('',(1.502794966811E2,-3.35E1,-1.095209856475E2));
#1786=DIRECTION('',(0.E0,-1.E0,0.E0));
#1787=DIRECTION('',(0.E0,0.E0,-1.E0));
#1788=AXIS2_PLACEMENT_3D('',#1785,#1786,#1787);
#1790=CARTESIAN_POINT('',(1.26E2,-3.35E1,-9.4E1));
#1791=DIRECTION('',(0.E0,-1.E0,0.E0));
#1792=DIRECTION('',(8.425531926803E-1,0.E0,-5.386131427140E-1));
#1793=AXIS2_PLACEMENT_3D('',#1790,#1791,#1792);
#1795=CARTESIAN_POINT('',(1.26E2,-3.35E1,-9.4E1));
#1796=DIRECTION('',(0.E0,-1.E0,0.E0));
#1797=DIRECTION('',(0.E0,0.E0,1.E0));
#1798=AXIS2_PLACEMENT_3D('',#1795,#1796,#1797);
#1800=CARTESIAN_POINT('',(9.980599780572E1,-3.35E1,-1.059527449513E2));
#1801=DIRECTION('',(0.E0,-1.E0,0.E0));
#1802=DIRECTION('',(-9.097586673802E-1,0.E0,-4.151375279672E-1));
#1803=AXIS2_PLACEMENT_3D('',#1800,#1801,#1802);
#1805=CARTESIAN_POINT('',(9.980599780572E1,-3.35E1,-1.059527449513E2));
#1806=DIRECTION('',(0.E0,-1.E0,0.E0));
#1807=DIRECTION('',(0.E0,0.E0,-1.E0));
#1808=AXIS2_PLACEMENT_3D('',#1805,#1806,#1807);
#1810=DIRECTION('',(-7.880107536075E-1,0.E0,-6.156614753247E-1));
#1811=VECTOR('',#1810,9.446628686638E0);
#1812=CARTESIAN_POINT('',(1.039356988990E2,-3.35E1,-1.112385213092E2));
#1813=LINE('',#1812,#1811);
#1814=CARTESIAN_POINT('',(9.772297685921E1,-3.35E1,-1.186304681704E2));
#1815=DIRECTION('',(0.E0,-1.E0,0.E0));
#1816=DIRECTION('',(-6.156614753558E-1,0.E0,7.880107535831E-1));
#1817=AXIS2_PLACEMENT_3D('',#1814,#1815,#1816);
#1819=CARTESIAN_POINT('',(1.26E2,-3.35E1,-9.4E1));
#1820=DIRECTION('',(0.E0,-1.E0,0.E0));
#1821=DIRECTION('',(-7.540539504196E-1,0.E0,-6.568124845469E-1));
#1822=AXIS2_PLACEMENT_3D('',#1819,#1820,#1821);
#1824=CARTESIAN_POINT('',(1.26E2,-3.35E1,-9.4E1));
#1825=DIRECTION('',(0.E0,-1.E0,0.E0));
#1826=DIRECTION('',(0.E0,0.E0,-1.E0));
#1827=AXIS2_PLACEMENT_3D('',#1824,#1825,#1826);
#1829=CARTESIAN_POINT('',(1.505739344620E2,-3.35E1,-1.223261671438E2));
#1830=DIRECTION('',(0.E0,-1.E0,0.E0));
#1831=DIRECTION('',(6.553049190263E-1,0.E0,-7.553644571331E-1));
#1832=AXIS2_PLACEMENT_3D('',#1829,#1830,#1831);
#1834=DIRECTION('',(0.E0,-1.E0,0.E0));
#1835=VECTOR('',#1834,4.625E1);
#1836=CARTESIAN_POINT('',(1.82E2,1.275E1,-9.4E1));
#1837=LINE('',#1836,#1835);
#1838=DIRECTION('',(1.012220551291E-5,9.999999995577E-1,-2.796820290736E-5));
#1839=VECTOR('',#1838,4.624999730005E1);
#1840=CARTESIAN_POINT('',(8.576756189241E1,-3.349999727960E1,
-1.329523788712E2));
#1841=LINE('',#1840,#1839);
#1842=DIRECTION('',(7.857789499221E-13,-2.613713880037E-13,1.E0));
#1843=VECTOR('',#1842,3.414458188904E1);
#1844=CARTESIAN_POINT('',(1.82E2,-3.349999999999E1,-1.281445818890E2));
#1845=LINE('',#1844,#1843);
#1846=DIRECTION('',(0.E0,0.E0,-1.E0));
#1847=VECTOR('',#1846,1.455E2);
#1848=CARTESIAN_POINT('',(1.82E2,1.275E1,-9.4E1));
#1849=LINE('',#1848,#1847);
#1850=DIRECTION('',(-2.756831425846E-13,4.037818890176E-2,9.991844683846E-1));
#1851=VECTOR('',#1850,1.114463060970E2);
#1852=CARTESIAN_POINT('',(1.82E2,-3.799999999998E1,-2.395E2));
#1853=LINE('',#1852,#1851);
#1854=CARTESIAN_POINT('',(1.26E2,1.275E1,-9.4E1));
#1855=DIRECTION('',(0.E0,-1.E0,0.E0));
#1856=DIRECTION('',(1.E0,0.E0,0.E0));
#1857=AXIS2_PLACEMENT_3D('',#1854,#1855,#1856);
#1859=CARTESIAN_POINT('',(1.26E2,1.275E1,-9.4E1));
#1860=DIRECTION('',(0.E0,-1.E0,0.E0));
#1861=DIRECTION('',(0.E0,0.E0,1.E0));
#1862=AXIS2_PLACEMENT_3D('',#1859,#1860,#1861);
#1864=DIRECTION('',(-4.226179134007E-1,0.E0,-9.063079494702E-1));
#1865=VECTOR('',#1864,3.731036840703E1);
#1866=CARTESIAN_POINT('',(8.576803004439E1,1.275E1,-1.329536724006E2));
#1867=LINE('',#1866,#1865);
#1868=DIRECTION('',(0.E0,0.E0,1.E0));
#1869=VECTOR('',#1868,6.E0);
#1870=CARTESIAN_POINT('',(7.17E1,1.275E1,-2.395E2));
#1871=LINE('',#1870,#1869);
#1872=CARTESIAN_POINT('',(7.65E1,1.275E1,-2.295E2));
#1873=DIRECTION('',(0.E0,1.E0,0.E0));
#1874=DIRECTION('',(0.E0,0.E0,-1.E0));
#1875=AXIS2_PLACEMENT_3D('',#1872,#1873,#1874);
#1877=DIRECTION('',(0.E0,0.E0,1.E0));
#1878=VECTOR('',#1877,5.662382936701E1);
#1879=CARTESIAN_POINT('',(7.25E1,1.275E1,-2.295E2));
#1880=LINE('',#1879,#1878);
#1881=CARTESIAN_POINT('',(7.55E1,1.275E1,-1.728761706330E2));
#1882=DIRECTION('',(0.E0,1.E0,0.E0));
#1883=DIRECTION('',(-1.E0,0.E0,0.E0));
#1884=AXIS2_PLACEMENT_3D('',#1881,#1882,#1883);
#1886=CARTESIAN_POINT('',(7.55E1,1.275E1,-1.728761706330E2));
#1887=DIRECTION('',(0.E0,1.E0,0.E0));
#1888=DIRECTION('',(0.E0,0.E0,1.E0));
#1889=AXIS2_PLACEMENT_3D('',#1886,#1887,#1888);
#1891=CARTESIAN_POINT('',(7.772364543274E1,1.275E1,-1.667683558855E2));
#1892=DIRECTION('',(0.E0,-1.E0,0.E0));
#1893=DIRECTION('',(-3.420992973474E-1,0.E0,-9.396638073026E-1));
#1894=AXIS2_PLACEMENT_3D('',#1891,#1892,#1893);
#1896=CARTESIAN_POINT('',(7.772364543274E1,1.275E1,-1.667683558855E2));
#1897=DIRECTION('',(0.E0,-1.E0,0.E0));
#1898=DIRECTION('',(0.E0,0.E0,-1.E0));
#1899=AXIS2_PLACEMENT_3D('',#1896,#1897,#1898);
#1901=DIRECTION('',(3.062495519768E-1,0.E0,9.519512655142E-1));
#1902=VECTOR('',#1901,7.981908068513E0);
#1903=CARTESIAN_POINT('',(8.105547484597E1,1.275E1,-1.678402293674E2));
#1904=LINE('',#1903,#1902);
#1905=CARTESIAN_POINT('',(8.064482776154E1,1.275E1,-1.593207593737E2));
#1906=DIRECTION('',(0.E0,-1.E0,0.E0));
#1907=DIRECTION('',(9.516493795545E-1,0.E0,-3.071863577595E-1));
#1908=AXIS2_PLACEMENT_3D('',#1905,#1906,#1907);
#1910=CARTESIAN_POINT('',(8.223876332875E1,1.275E1,-1.535363519358E2));
#1911=DIRECTION('',(0.E0,1.E0,0.E0));
#1912=DIRECTION('',(-2.656559278688E-1,0.E0,-9.640679063158E-1));
#1913=AXIS2_PLACEMENT_3D('',#1910,#1911,#1912);
#1915=DIRECTION('',(4.226182617410E-1,0.E0,9.063077870365E-1));
#1916=VECTOR('',#1915,1.980277082060E1);
#1917=CARTESIAN_POINT('',(7.951983996760E1,1.275E1,-1.522684971507E2));
#1918=LINE('',#1917,#1916);
#1919=CARTESIAN_POINT('',(8.516992918833E1,1.275E1,-1.330532369659E2));
#1920=DIRECTION('',(0.E0,-1.E0,0.E0));
#1921=DIRECTION('',(9.063077870481E-1,0.E0,-4.226182617161E-1));
#1922=AXIS2_PLACEMENT_3D('',#1919,#1920,#1921);
#1924=CARTESIAN_POINT('',(1.26E2,1.275E1,-9.4E1));
#1925=DIRECTION('',(0.E0,1.E0,0.E0));
#1926=DIRECTION('',(-7.226561205618E-1,0.E0,-6.912077339082E-1));
#1927=AXIS2_PLACEMENT_3D('',#1924,#1925,#1926);
#1929=CARTESIAN_POINT('',(1.26E2,1.275E1,-9.4E1));
#1930=DIRECTION('',(0.E0,1.E0,0.E0));
#1931=DIRECTION('',(0.E0,0.E0,1.E0));
#1932=AXIS2_PLACEMENT_3D('',#1929,#1930,#1931);
#1934=DIRECTION('',(0.E0,0.E0,-1.E0));
#1935=VECTOR('',#1934,5.886791639105E1);
#1936=CARTESIAN_POINT('',(1.795E2,1.275E1,-9.4E1));
#1937=LINE('',#1936,#1935);
#1938=CARTESIAN_POINT('',(1.765E2,1.275E1,-1.528679163910E2));
#1939=DIRECTION('',(0.E0,1.E0,0.E0));
#1940=DIRECTION('',(1.E0,0.E0,0.E0));
#1941=AXIS2_PLACEMENT_3D('',#1938,#1939,#1940);
#1943=CARTESIAN_POINT('',(1.765E2,1.275E1,-1.528679163910E2));
#1944=DIRECTION('',(0.E0,1.E0,0.E0));
#1945=DIRECTION('',(0.E0,0.E0,-1.E0));
#1946=AXIS2_PLACEMENT_3D('',#1943,#1944,#1945);
#1948=CARTESIAN_POINT('',(1.755E2,1.275E1,-1.587839961741E2));
#1949=DIRECTION('',(0.E0,-1.E0,0.E0));
#1950=DIRECTION('',(1.666666666673E-1,0.E0,9.860132971832E-1));
#1951=AXIS2_PLACEMENT_3D('',#1948,#1949,#1950);
#1953=CARTESIAN_POINT('',(1.755E2,1.275E1,-1.587839961741E2));
#1954=DIRECTION('',(0.E0,-1.E0,0.E0));
#1955=DIRECTION('',(0.E0,0.E0,1.E0));
#1956=AXIS2_PLACEMENT_3D('',#1953,#1954,#1955);
#1958=DIRECTION('',(-1.247556204893E-1,0.E0,-9.921875E-1));
#1959=VECTOR('',#1958,7.984359711390E0);
#1960=CARTESIAN_POINT('',(1.725234375E2,1.275E1,-1.584097293127E2));
#1961=LINE('',#1960,#1959);
#1962=CARTESIAN_POINT('',(1.75E2,1.275E1,-1.667683558855E2));
#1963=DIRECTION('',(0.E0,-1.E0,0.E0));
#1964=DIRECTION('',(-9.921875000009E-1,0.E0,1.247556204824E-1));
#1965=AXIS2_PLACEMENT_3D('',#1962,#1963,#1964);
#1967=CARTESIAN_POINT('',(1.75E2,1.275E1,-1.667683558855E2));
#1968=DIRECTION('',(0.E0,-1.E0,0.E0));
#1969=DIRECTION('',(0.E0,0.E0,-1.E0));
#1970=AXIS2_PLACEMENT_3D('',#1967,#1968,#1969);
#1972=CARTESIAN_POINT('',(1.765E2,1.275E1,-1.730929112058E2));
#1973=DIRECTION('',(0.E0,1.E0,0.E0));
#1974=DIRECTION('',(-2.307692307720E-1,0.E0,9.730085108204E-1));
#1975=AXIS2_PLACEMENT_3D('',#1972,#1973,#1974);
#1977=CARTESIAN_POINT('',(1.765E2,1.275E1,-1.730929112058E2));
#1978=DIRECTION('',(0.E0,1.E0,0.E0));
#1979=DIRECTION('',(0.E0,0.E0,1.E0));
#1980=AXIS2_PLACEMENT_3D('',#1977,#1978,#1979);
#1982=DIRECTION('',(0.E0,0.E0,-1.E0));
#1983=VECTOR('',#1982,6.040708879422E1);
#1984=CARTESIAN_POINT('',(1.795E2,1.275E1,-1.730929112058E2));
#1985=LINE('',#1984,#1983);
#1986=CARTESIAN_POINT('',(1.755E2,1.275E1,-1.587839961741E2));
#1987=DIRECTION('',(0.E0,1.E0,0.E0));
#1988=DIRECTION('',(0.E0,0.E0,-1.E0));
#1989=AXIS2_PLACEMENT_3D('',#1986,#1987,#1988);
#1991=CARTESIAN_POINT('',(1.755E2,1.275E1,-1.587839961741E2));
#1992=DIRECTION('',(0.E0,1.E0,0.E0));
#1993=DIRECTION('',(0.E0,0.E0,1.E0));
#1994=AXIS2_PLACEMENT_3D('',#1991,#1992,#1993);
#1996=CARTESIAN_POINT('',(8.064482776154E1,1.275E1,-1.593207593737E2));
#1997=DIRECTION('',(0.E0,1.E0,0.E0));
#1998=DIRECTION('',(0.E0,0.E0,-1.E0));
#1999=AXIS2_PLACEMENT_3D('',#1996,#1997,#1998);
#2001=CARTESIAN_POINT('',(8.064482776154E1,1.275E1,-1.593207593737E2));
#2002=DIRECTION('',(0.E0,1.E0,0.E0));
#2003=DIRECTION('',(0.E0,0.E0,1.E0));
#2004=AXIS2_PLACEMENT_3D('',#2001,#2002,#2003);
#2006=CARTESIAN_POINT('',(1.75E2,1.275E1,-1.667683558855E2));
#2007=DIRECTION('',(0.E0,-1.E0,0.E0));
#2008=DIRECTION('',(-3.965819920521E-14,0.E0,-1.E0));
#2009=AXIS2_PLACEMENT_3D('',#2006,#2007,#2008);
#2011=CARTESIAN_POINT('',(1.75E2,1.275E1,-1.667683558855E2));
#2012=DIRECTION('',(0.E0,-1.E0,0.E0));
#2013=DIRECTION('',(3.965819920521E-14,0.E0,1.E0));
#2014=AXIS2_PLACEMENT_3D('',#2011,#2012,#2013);
#2016=CARTESIAN_POINT('',(7.772364543274E1,1.275E1,-1.667683558855E2));
#2017=DIRECTION('',(0.E0,-1.E0,0.E0));
#2018=DIRECTION('',(-1.982909960261E-14,0.E0,-1.E0));
#2019=AXIS2_PLACEMENT_3D('',#2016,#2017,#2018);
#2021=CARTESIAN_POINT('',(7.772364543274E1,1.275E1,-1.667683558855E2));
#2022=DIRECTION('',(0.E0,-1.E0,0.E0));
#2023=DIRECTION('',(0.E0,0.E0,1.E0));
#2024=AXIS2_PLACEMENT_3D('',#2021,#2022,#2023);
#2026=DIRECTION('',(-7.071067811865E-1,-7.071067811866E-1,0.E0));
#2027=VECTOR('',#2026,3.022568031626E1);
#2028=CARTESIAN_POINT('',(9.424435639285E1,5.132842712475E1,-2.395E2));
#2029=LINE('',#2028,#2027);
#2030=CARTESIAN_POINT('',(7.57E1,2.712721648240E1,-2.395E2));
#2031=DIRECTION('',(0.E0,0.E0,1.E0));
#2032=DIRECTION('',(-7.071067811900E-1,7.071067811830E-1,0.E0));
#2033=AXIS2_PLACEMENT_3D('',#2030,#2031,#2032);
#2035=DIRECTION('',(0.E0,-1.E0,0.E0));
#2036=VECTOR('',#2035,1.437721648240E1);
#2037=CARTESIAN_POINT('',(7.17E1,2.712721648240E1,-2.395E2));
#2038=LINE('',#2037,#2036);
#2039=DIRECTION('',(-1.E0,0.E0,0.E0));
#2040=VECTOR('',#2039,1.7E0);
#2041=CARTESIAN_POINT('',(7.17E1,1.275E1,-2.395E2));
#2042=LINE('',#2041,#2040);
#2043=CARTESIAN_POINT('',(7.E1,-3.800000003806E1,-2.395000009304E2));
#2044=CARTESIAN_POINT('',(6.999992255284E1,-3.804817217905E1,
-2.395000009304E2));
#2045=CARTESIAN_POINT('',(7.001103922447E1,-3.814840967831E1,
-2.394999995682E2));
#2046=CARTESIAN_POINT('',(7.005233126655E1,-3.831084719015E1,
-2.395000001157E2));
#2047=CARTESIAN_POINT('',(7.011372966192E1,-3.848440737387E1,
-2.394999999690E2));
#2048=CARTESIAN_POINT('',(7.019336678602E1,-3.867049266668E1,
-2.395000000083E2));
#2049=CARTESIAN_POINT('',(7.028908956306E1,-3.886748355656E1,
-2.394999999978E2));
#2050=CARTESIAN_POINT('',(7.040189778935E1,-3.907917427633E1,
-2.395000000006E2));
#2051=CARTESIAN_POINT('',(7.053238385947E1,-3.930704485680E1,
-2.394999999998E2));
#2052=CARTESIAN_POINT('',(7.068131454136E1,-3.955239741638E1,-2.395E2));
#2053=CARTESIAN_POINT('',(7.085040852002E1,-3.981760592680E1,-2.395E2));
#2054=CARTESIAN_POINT('',(7.104329328360E1,-4.010744536395E1,-2.395E2));
#2055=CARTESIAN_POINT('',(7.126154706262E1,-4.042315891306E1,-2.395E2));
#2056=CARTESIAN_POINT('',(7.150827463917E1,-4.076809134931E1,-2.395E2));
#2057=CARTESIAN_POINT('',(7.178688809545E1,-4.114567301816E1,-2.395E2));
#2058=CARTESIAN_POINT('',(7.210019567252E1,-4.155833120475E1,-2.395E2));
#2059=CARTESIAN_POINT('',(7.245212888653E1,-4.200978573559E1,-2.395E2));
#2060=CARTESIAN_POINT('',(7.284714196088E1,-4.250433040435E1,-2.395E2));
#2061=CARTESIAN_POINT('',(7.329004164897E1,-4.304641927575E1,-2.395E2));
#2062=CARTESIAN_POINT('',(7.378672952369E1,-4.364137867508E1,-2.395E2));
#2063=CARTESIAN_POINT('',(7.434320513411E1,-4.429419120270E1,-2.395E2));
#2064=CARTESIAN_POINT('',(7.496705174408E1,-4.501118297841E1,-2.395E2));
#2065=CARTESIAN_POINT('',(7.566826276091E1,-4.580079264919E1,-2.395E2));
#2066=CARTESIAN_POINT('',(7.645738626165E1,-4.667106523851E1,-2.395E2));
#2067=CARTESIAN_POINT('',(7.734212457446E1,-4.762742560850E1,-2.395E2));
#2068=CARTESIAN_POINT('',(7.833716082060E1,-4.868166956999E1,-2.395E2));
#2069=CARTESIAN_POINT('',(7.943529807420E1,-4.982159575825E1,-2.395E2));
#2070=CARTESIAN_POINT('',(8.067986400032E1,-5.108535985075E1,-2.395E2));
#2071=CARTESIAN_POINT('',(8.201627427478E1,-5.240734928655E1,-2.395E2));
#2072=CARTESIAN_POINT('',(8.323714178800E1,-5.358563802284E1,-2.395E2));
#2073=CARTESIAN_POINT('',(8.431195137689E1,-5.460124484011E1,-2.395E2));
#2074=CARTESIAN_POINT('',(8.528244992117E1,-5.550006026550E1,-2.395E2));
#2075=CARTESIAN_POINT('',(8.615892790672E1,-5.629558405433E1,-2.395E2));
#2076=CARTESIAN_POINT('',(8.695378656337E1,-5.700216190027E1,-2.395E2));
#2077=CARTESIAN_POINT('',(8.767638885928E1,-5.763146596624E1,-2.395E2));
#2078=CARTESIAN_POINT('',(8.833413131649E1,-5.819261640468E1,-2.395E2));
#2079=CARTESIAN_POINT('',(8.893284292680E1,-5.869283502224E1,-2.395E2));
#2080=CARTESIAN_POINT('',(8.947842428982E1,-5.913893161451E1,-2.395E2));
#2081=CARTESIAN_POINT('',(8.997596164636E1,-5.953662794197E1,-2.395E2));
#2082=CARTESIAN_POINT('',(9.042989574383E1,-5.989075072934E1,-2.395E2));
#2083=CARTESIAN_POINT('',(9.084455606185E1,-6.020580165816E1,-2.395E2));
#2084=CARTESIAN_POINT('',(9.122392571922E1,-6.048593076802E1,-2.395E2));
#2085=CARTESIAN_POINT('',(9.157051417346E1,-6.073400739612E1,-2.395E2));
#2086=CARTESIAN_POINT('',(9.188718370954E1,-6.095306345494E1,-2.395E2));
#2087=CARTESIAN_POINT('',(9.217795773770E1,-6.114670829377E1,-2.395E2));
#2088=CARTESIAN_POINT('',(9.244471338359E1,-6.131689676337E1,-2.395E2));
#2089=CARTESIAN_POINT('',(9.269096428624E1,-6.146644844731E1,-2.395E2));
#2090=CARTESIAN_POINT('',(9.291980770326E1,-6.159755105431E1,-2.395E2));
#2091=CARTESIAN_POINT('',(9.313239308049E1,-6.171085796399E1,-2.395E2));
#2092=CARTESIAN_POINT('',(9.332976635561E1,-6.180675524618E1,-2.395E2));
#2093=CARTESIAN_POINT('',(9.351582248243E1,-6.188635779813E1,-2.395E2));
#2094=CARTESIAN_POINT('',(9.368921201674E1,-6.194768199804E1,-2.395E2));
#2095=CARTESIAN_POINT('',(9.385155052911E1,-6.198895075673E1,-2.395E2));
#2096=CARTESIAN_POINT('',(9.395180284269E1,-6.200007748738E1,-2.395E2));
#2097=CARTESIAN_POINT('',(9.400000000004E1,-6.2E1,-2.395E2));
#2099=DIRECTION('',(1.E0,0.E0,-1.436695694911E-8));
#2100=VECTOR('',#2099,6.400000003712E1);
#2101=CARTESIAN_POINT('',(9.400000000004E1,-6.2E1,-2.395E2));
#2102=LINE('',#2101,#2100);
#2103=CARTESIAN_POINT('',(1.580000000372E2,-6.2E1,-2.395000009195E2));
#2104=CARTESIAN_POINT('',(1.580481721776E2,-6.200007744714E1,
-2.395000009195E2));
#2105=CARTESIAN_POINT('',(1.581484096775E2,-6.198896077576E1,
-2.394999995733E2));
#2106=CARTESIAN_POINT('',(1.583108471905E2,-6.194766873328E1,
-2.395000001143E2));
#2107=CARTESIAN_POINT('',(1.584844073741E2,-6.188627033793E1,
-2.394999999694E2));
#2108=CARTESIAN_POINT('',(1.586704926670E2,-6.180663321377E1,
-2.395000000082E2));
#2109=CARTESIAN_POINT('',(1.588674835569E2,-6.171091043668E1,
-2.394999999978E2));
#2110=CARTESIAN_POINT('',(1.590791742768E2,-6.159810221032E1,
-2.395000000006E2));
#2111=CARTESIAN_POINT('',(1.593070448573E2,-6.146761614014E1,
-2.394999999998E2));
#2112=CARTESIAN_POINT('',(1.595523974170E2,-6.131868545819E1,-2.395E2));
#2113=CARTESIAN_POINT('',(1.598176059275E2,-6.114959147945E1,-2.395E2));
#2114=CARTESIAN_POINT('',(1.601074453647E2,-6.095670671577E1,-2.395E2));
#2115=CARTESIAN_POINT('',(1.604231589139E2,-6.073845293667E1,-2.395E2));
#2116=CARTESIAN_POINT('',(1.607680913503E2,-6.049172536E1,-2.395E2));
#2117=CARTESIAN_POINT('',(1.611456730193E2,-6.021311190362E1,-2.395E2));
#2118=CARTESIAN_POINT('',(1.615583312060E2,-5.989980432642E1,-2.395E2));
#2119=CARTESIAN_POINT('',(1.620097857370E2,-5.954787111227E1,-2.395E2));
#2120=CARTESIAN_POINT('',(1.625043304059E2,-5.915285803777E1,-2.395E2));
#2121=CARTESIAN_POINT('',(1.630464192775E2,-5.870995834951E1,-2.395E2));
#2122=CARTESIAN_POINT('',(1.636413786770E2,-5.821327047461E1,-2.395E2));
#2123=CARTESIAN_POINT('',(1.642941912048E2,-5.765679486399E1,-2.395E2));
#2124=CARTESIAN_POINT('',(1.650111829808E2,-5.703294825379E1,-2.395E2));
#2125=CARTESIAN_POINT('',(1.658007926518E2,-5.633173723670E1,-2.395E2));
#2126=CARTESIAN_POINT('',(1.666710652414E2,-5.554261373567E1,-2.395E2));
#2127=CARTESIAN_POINT('',(1.676274256116E2,-5.465787542255E1,-2.395E2));
#2128=CARTESIAN_POINT('',(1.686816695734E2,-5.366283917608E1,-2.395E2));
#2129=CARTESIAN_POINT('',(1.698215957619E2,-5.256470192215E1,-2.395E2));
#2130=CARTESIAN_POINT('',(1.710853598548E2,-5.132013599555E1,-2.395E2));
#2131=CARTESIAN_POINT('',(1.724073492904E2,-4.998372572117E1,-2.395E2));
#2132=CARTESIAN_POINT('',(1.735856380260E2,-4.876285820863E1,-2.395E2));
#2133=CARTESIAN_POINT('',(1.746012448428E2,-4.768804862016E1,-2.395E2));
#2134=CARTESIAN_POINT('',(1.755000602678E2,-4.671755007627E1,-2.395E2));
#2135=CARTESIAN_POINT('',(1.762955840563E2,-4.584107209106E1,-2.395E2));
#2136=CARTESIAN_POINT('',(1.770021619019E2,-4.504621343471E1,-2.395E2));
#2137=CARTESIAN_POINT('',(1.776314659676E2,-4.432361113906E1,-2.395E2));
#2138=CARTESIAN_POINT('',(1.781926164058E2,-4.366586868207E1,-2.395E2));
#2139=CARTESIAN_POINT('',(1.786928350232E2,-4.306715707198E1,-2.395E2));
#2140=CARTESIAN_POINT('',(1.791389316153E2,-4.252157570913E1,-2.395E2));
#2141=CARTESIAN_POINT('',(1.795366279426E2,-4.202403835275E1,-2.395E2));
#2142=CARTESIAN_POINT('',(1.798907507299E2,-4.157010425542E1,-2.395E2));
#2143=CARTESIAN_POINT('',(1.802058016586E2,-4.115544393753E1,-2.395E2));
#2144=CARTESIAN_POINT('',(1.804859307684E2,-4.077607428027E1,-2.395E2));
#2145=CARTESIAN_POINT('',(1.807340073964E2,-4.042948582612E1,-2.395E2));
#2146=CARTESIAN_POINT('',(1.809530634551E2,-4.011281629013E1,-2.395E2));
#2147=CARTESIAN_POINT('',(1.811467082939E2,-3.982204226203E1,-2.395E2));
#2148=CARTESIAN_POINT('',(1.813168967635E2,-3.955528661620E1,-2.395E2));
#2149=CARTESIAN_POINT('',(1.814664484474E2,-3.930903571362E1,-2.395E2));
#2150=CARTESIAN_POINT('',(1.815975510543E2,-3.908019229665E1,-2.395E2));
#2151=CARTESIAN_POINT('',(1.817108579640E2,-3.886760691944E1,-2.395E2));
#2152=CARTESIAN_POINT('',(1.818067552462E2,-3.867023364438E1,-2.395E2));
#2153=CARTESIAN_POINT('',(1.818863577981E2,-3.848417751760E1,-2.395E2));
#2154=CARTESIAN_POINT('',(1.819476819980E2,-3.831078798331E1,-2.395E2));
#2155=CARTESIAN_POINT('',(1.819889507568E2,-3.814844947081E1,-2.395E2));
#2156=CARTESIAN_POINT('',(1.820000774874E2,-3.804819715728E1,-2.395E2));
#2157=CARTESIAN_POINT('',(1.82E2,-3.799999999998E1,-2.395E2));
#2159=DIRECTION('',(-7.672461462004E-14,1.E0,3.819429720501E-13));
#2160=VECTOR('',#2159,5.074999999998E1);
#2161=CARTESIAN_POINT('',(1.82E2,-3.799999999998E1,-2.395E2));
#2162=LINE('',#2161,#2160);
#2163=DIRECTION('',(-1.E0,0.E0,0.E0));
#2164=VECTOR('',#2163,1.7E0);
#2165=CARTESIAN_POINT('',(1.82E2,1.275E1,-2.395E2));
#2166=LINE('',#2165,#2164);
#2167=DIRECTION('',(0.E0,1.E0,0.E0));
#2168=VECTOR('',#2167,1.437207078586E1);
#2169=CARTESIAN_POINT('',(1.803E2,1.275E1,-2.395E2));
#2170=LINE('',#2169,#2168);
#2171=CARTESIAN_POINT('',(1.763E2,2.712207078586E1,-2.395E2));
#2172=DIRECTION('',(0.E0,0.E0,1.E0));
#2173=DIRECTION('',(1.E0,0.E0,0.E0));
#2174=AXIS2_PLACEMENT_3D('',#2171,#2172,#2173);
#2176=DIRECTION('',(-7.071067811810E-1,7.071067811921E-1,0.E0));
#2177=VECTOR('',#2176,3.023295742973E1);
#2178=CARTESIAN_POINT('',(1.791284271247E2,2.995049791064E1,-2.395E2));
#2179=LINE('',#2178,#2177);
#2180=CARTESIAN_POINT('',(1.549220707862E2,4.85E1,-2.395E2));
#2181=DIRECTION('',(0.E0,0.E0,1.E0));
#2182=DIRECTION('',(7.071067812215E-1,7.071067811516E-1,0.E0));
#2183=AXIS2_PLACEMENT_3D('',#2180,#2181,#2182);
#2185=DIRECTION('',(-1.E0,0.E0,0.E0));
#2186=VECTOR('',#2185,5.784928726860E1);
#2187=CARTESIAN_POINT('',(1.549220707862E2,5.25E1,-2.395E2));
#2188=LINE('',#2187,#2186);
#2189=CARTESIAN_POINT('',(9.707278351760E1,4.85E1,-2.395E2));
#2190=DIRECTION('',(0.E0,0.E0,1.E0));
#2191=DIRECTION('',(0.E0,1.E0,0.E0));
#2192=AXIS2_PLACEMENT_3D('',#2189,#2190,#2191);
#2194=CARTESIAN_POINT('',(1.26E2,-4.E0,-2.395E2));
#2195=DIRECTION('',(0.E0,0.E0,-1.E0));
#2196=DIRECTION('',(-1.E0,0.E0,0.E0));
#2197=AXIS2_PLACEMENT_3D('',#2194,#2195,#2196);
#2199=CARTESIAN_POINT('',(1.26E2,-4.E0,-2.395E2));
#2200=DIRECTION('',(0.E0,0.E0,-1.E0));
#2201=DIRECTION('',(1.E0,0.E0,0.E0));
#2202=AXIS2_PLACEMENT_3D('',#2199,#2200,#2201);
#2204=CARTESIAN_POINT('',(1.072485118141E2,4.127009709305E1,-2.395E2));
#2205=DIRECTION('',(0.E0,0.E0,-1.E0));
#2206=DIRECTION('',(-1.E0,0.E0,0.E0));
#2207=AXIS2_PLACEMENT_3D('',#2204,#2205,#2206);
#2209=CARTESIAN_POINT('',(1.072485118141E2,4.127009709305E1,-2.395E2));
#2210=DIRECTION('',(0.E0,0.E0,-1.E0));
#2211=DIRECTION('',(1.E0,0.E0,0.E0));
#2212=AXIS2_PLACEMENT_3D('',#2209,#2210,#2211);
#2214=CARTESIAN_POINT('',(1.447514881859E2,4.127009709305E1,-2.395E2));
#2215=DIRECTION('',(0.E0,0.E0,-1.E0));
#2216=DIRECTION('',(-1.E0,0.E0,0.E0));
#2217=AXIS2_PLACEMENT_3D('',#2214,#2215,#2216);
#2219=CARTESIAN_POINT('',(1.447514881859E2,4.127009709305E1,-2.395E2));
#2220=DIRECTION('',(0.E0,0.E0,-1.E0));
#2221=DIRECTION('',(1.E0,0.E0,0.E0));
#2222=AXIS2_PLACEMENT_3D('',#2219,#2220,#2221);
#2224=CARTESIAN_POINT('',(8.072990290695E1,1.475148818589E1,-2.395E2));
#2225=DIRECTION('',(0.E0,0.E0,-1.E0));
#2226=DIRECTION('',(-1.E0,0.E0,0.E0));
#2227=AXIS2_PLACEMENT_3D('',#2224,#2225,#2226);
#2229=CARTESIAN_POINT('',(8.072990290695E1,1.475148818589E1,-2.395E2));
#2230=DIRECTION('',(0.E0,0.E0,-1.E0));
#2231=DIRECTION('',(1.E0,0.E0,0.E0));
#2232=AXIS2_PLACEMENT_3D('',#2229,#2230,#2231);
#2234=CARTESIAN_POINT('',(1.072485118141E2,-4.927009709305E1,-2.395E2));
#2235=DIRECTION('',(0.E0,0.E0,-1.E0));
#2236=DIRECTION('',(-1.E0,0.E0,0.E0));
#2237=AXIS2_PLACEMENT_3D('',#2234,#2235,#2236);
#2239=CARTESIAN_POINT('',(1.072485118141E2,-4.927009709305E1,-2.395E2));
#2240=DIRECTION('',(0.E0,0.E0,-1.E0));
#2241=DIRECTION('',(1.E0,0.E0,0.E0));
#2242=AXIS2_PLACEMENT_3D('',#2239,#2240,#2241);
#2244=CARTESIAN_POINT('',(1.447514881859E2,-4.927009709305E1,-2.395E2));
#2245=DIRECTION('',(0.E0,0.E0,-1.E0));
#2246=DIRECTION('',(-1.E0,0.E0,0.E0));
#2247=AXIS2_PLACEMENT_3D('',#2244,#2245,#2246);
#2249=CARTESIAN_POINT('',(1.447514881859E2,-4.927009709305E1,-2.395E2));
#2250=DIRECTION('',(0.E0,0.E0,-1.E0));
#2251=DIRECTION('',(1.E0,0.E0,0.E0));
#2252=AXIS2_PLACEMENT_3D('',#2249,#2250,#2251);
#2254=CARTESIAN_POINT('',(8.072990290695E1,-2.275148818589E1,-2.395E2));
#2255=DIRECTION('',(0.E0,0.E0,-1.E0));
#2256=DIRECTION('',(-1.E0,0.E0,0.E0));
#2257=AXIS2_PLACEMENT_3D('',#2254,#2255,#2256);
#2259=CARTESIAN_POINT('',(8.072990290695E1,-2.275148818589E1,-2.395E2));
#2260=DIRECTION('',(0.E0,0.E0,-1.E0));
#2261=DIRECTION('',(1.E0,0.E0,0.E0));
#2262=AXIS2_PLACEMENT_3D('',#2259,#2260,#2261);
#2264=CARTESIAN_POINT('',(1.723970352965E2,-2.605527352487E1,-2.395E2));
#2265=DIRECTION('',(0.E0,0.E0,-1.E0));
#2266=DIRECTION('',(8.572594888755E-1,-5.148846169123E-1,0.E0));
#2267=AXIS2_PLACEMENT_3D('',#2264,#2265,#2266);
#2269=DIRECTION('',(-9.031516169311E-1,4.293217404636E-1,0.E0));
#2270=VECTOR('',#2269,4.872365864893E0);
#2271=CARTESIAN_POINT('',(1.711090700751E2,-2.876472837566E1,-2.395E2));
#2272=LINE('',#2271,#2270);
#2273=CARTESIAN_POINT('',(1.679965501873E2,-2.396346093156E1,-2.395E2));
#2274=DIRECTION('',(0.E0,0.E0,-1.E0));
#2275=DIRECTION('',(-4.293217404461E-1,-9.031516169394E-1,0.E0));
#2276=AXIS2_PLACEMENT_3D('',#2273,#2274,#2275);
#2278=CARTESIAN_POINT('',(1.679965501873E2,-2.396346093156E1,-2.395E2));
#2279=DIRECTION('',(0.E0,0.E0,-1.E0));
#2280=DIRECTION('',(-1.E0,0.E0,0.E0));
#2281=AXIS2_PLACEMENT_3D('',#2278,#2279,#2280);
#2283=CARTESIAN_POINT('',(1.26E2,-4.000000000001E0,-2.395E2));
#2284=DIRECTION('',(0.E0,0.E0,1.E0));
#2285=DIRECTION('',(9.031516169312E-1,-4.293217404634E-1,0.E0));
#2286=AXIS2_PLACEMENT_3D('',#2283,#2284,#2285);
#2288=CARTESIAN_POINT('',(1.26E2,-4.000000000001E0,-2.395E2));
#2289=DIRECTION('',(0.E0,0.E0,1.E0));
#2290=DIRECTION('',(1.E0,0.E0,0.E0));
#2291=AXIS2_PLACEMENT_3D('',#2288,#2289,#2290);
#2293=CARTESIAN_POINT('',(1.679951504031E2,1.596640535045E1,-2.395E2));
#2294=DIRECTION('',(0.E0,0.E0,-1.E0));
#2295=DIRECTION('',(-9.031215140421E-1,-4.293850613079E-1,0.E0));
#2296=AXIS2_PLACEMENT_3D('',#2293,#2294,#2295);
#2298=CARTESIAN_POINT('',(1.679951504031E2,1.596640535045E1,-2.395E2));
#2299=DIRECTION('',(0.E0,0.E0,-1.E0));
#2300=DIRECTION('',(-1.E0,0.E0,0.E0));
#2301=AXIS2_PLACEMENT_3D('',#2298,#2299,#2300);
#2303=DIRECTION('',(9.031516169309E-1,4.293217404640E-1,0.E0));
#2304=VECTOR('',#2303,5.139823780956E0);
#2305=CARTESIAN_POINT('',(1.665823028921E2,1.861288639339E1,-2.395E2));
#2306=LINE('',#2305,#2304);
#2307=CARTESIAN_POINT('',(1.725123082719E2,1.811006963388E1,-2.395E2));
#2308=DIRECTION('',(0.E0,0.E0,-1.E0));
#2309=DIRECTION('',(-4.293217403833E-1,9.031516169693E-1,0.E0));
#2310=AXIS2_PLACEMENT_3D('',#2307,#2308,#2309);
#2312=CARTESIAN_POINT('',(1.26E2,-4.E0,-2.395E2));
#2313=DIRECTION('',(0.E0,0.E0,-1.E0));
#2314=DIRECTION('',(9.031516169325E-1,4.293217404607E-1,0.E0));
#2315=AXIS2_PLACEMENT_3D('',#2312,#2313,#2314);
#2317=CARTESIAN_POINT('',(1.26E2,-4.E0,-2.395E2));
#2318=DIRECTION('',(0.E0,0.E0,-1.E0));
#2319=DIRECTION('',(1.E0,0.E0,0.E0));
#2320=AXIS2_PLACEMENT_3D('',#2317,#2318,#2319);
#2322=CARTESIAN_POINT('',(1.571773999423E2,-1.691410189563E1,-2.395E2));
#2323=DIRECTION('',(0.E0,0.E0,-1.E0));
#2324=DIRECTION('',(9.238795325110E-1,-3.826834323659E-1,0.E0));
#2325=AXIS2_PLACEMENT_3D('',#2322,#2323,#2324);
#2327=DIRECTION('',(9.498366682052E-1,-3.127463888407E-1,0.E0));
#2328=VECTOR('',#2327,1.054933712960E1);
#2329=CARTESIAN_POINT('',(9.022275021244E1,3.556252798548E1,-2.395E2));
#2330=LINE('',#2329,#2328);
#2331=CARTESIAN_POINT('',(9.930843264912E1,2.941250904998E1,-2.395E2));
#2332=DIRECTION('',(0.E0,0.E0,-1.E0));
#2333=DIRECTION('',(3.114880826183E-1,9.502500588723E-1,0.E0));
#2334=AXIS2_PLACEMENT_3D('',#2331,#2332,#2333);
#2336=CARTESIAN_POINT('',(9.930843264912E1,2.941250904998E1,-2.395E2));
#2337=DIRECTION('',(0.E0,0.E0,-1.E0));
#2338=DIRECTION('',(1.E0,-2.292092441773E-11,0.E0));
#2339=AXIS2_PLACEMENT_3D('',#2336,#2337,#2338);
#2341=DIRECTION('',(-7.071067811865E-1,-7.071067811865E-1,0.E0));
#2342=VECTOR('',#2341,9.504846902794E0);
#2343=CARTESIAN_POINT('',(1.014297529927E2,2.729118870643E1,-2.395E2));
#2344=LINE('',#2343,#2342);
#2345=CARTESIAN_POINT('',(9.258749095002E1,2.269156735088E1,-2.395E2));
#2346=DIRECTION('',(0.E0,0.E0,-1.E0));
#2347=DIRECTION('',(7.071067811865E-1,-7.071067811865E-1,0.E0));
#2348=AXIS2_PLACEMENT_3D('',#2345,#2346,#2347);
#2350=DIRECTION('',(-3.127463889926E-1,9.498366681552E-1,0.E0));
#2351=VECTOR('',#2350,1.054933331213E1);
#2352=CARTESIAN_POINT('',(8.973673791416E1,2.175710618310E1,-2.395E2));
#2353=LINE('',#2352,#2351);
#2354=CARTESIAN_POINT('',(8.928819370444E1,3.271180629556E1,-2.395E2));
#2355=DIRECTION('',(0.E0,0.E0,-1.E0));
#2356=DIRECTION('',(-9.502400343377E-1,-3.115186625901E-1,0.E0));
#2357=AXIS2_PLACEMENT_3D('',#2354,#2355,#2356);
#2359=CARTESIAN_POINT('',(8.928819370444E1,3.271180629556E1,-2.395E2));
#2360=DIRECTION('',(0.E0,0.E0,-1.E0));
#2361=DIRECTION('',(-1.E0,-6.779525089466E-11,0.E0));
#2362=AXIS2_PLACEMENT_3D('',#2359,#2360,#2361);
#2364=DIRECTION('',(-1.E0,0.E0,0.E0));
#2365=VECTOR('',#2364,4.8E0);
#2366=CARTESIAN_POINT('',(7.65E1,1.275E1,-2.335E2));
#2367=LINE('',#2366,#2365);
#2368=DIRECTION('',(0.E0,1.E0,0.E0));
#2369=VECTOR('',#2368,1.437721648240E1);
#2370=CARTESIAN_POINT('',(7.17E1,1.275E1,-2.335E2));
#2371=LINE('',#2370,#2369);
#2372=CARTESIAN_POINT('',(7.57E1,2.712721648240E1,-2.335E2));
#2373=DIRECTION('',(0.E0,0.E0,-1.E0));
#2374=DIRECTION('',(-1.E0,0.E0,0.E0));
#2375=AXIS2_PLACEMENT_3D('',#2372,#2373,#2374);
#2377=DIRECTION('',(7.071067811865E-1,7.071067811866E-1,0.E0));
#2378=VECTOR('',#2377,3.022568031624E1);
#2379=CARTESIAN_POINT('',(7.287157287526E1,2.995564360715E1,-2.335E2));
#2380=LINE('',#2379,#2378);
#2381=CARTESIAN_POINT('',(9.707278351760E1,4.85E1,-2.335E2));
#2382=DIRECTION('',(0.E0,0.E0,-1.E0));
#2383=DIRECTION('',(-7.071067811938E-1,7.071067811793E-1,0.E0));
#2384=AXIS2_PLACEMENT_3D('',#2381,#2382,#2383);
#2386=DIRECTION('',(1.E0,0.E0,0.E0));
#2387=VECTOR('',#2386,5.784928726860E1);
#2388=CARTESIAN_POINT('',(9.707278351760E1,5.25E1,-2.335E2));
#2389=LINE('',#2388,#2387);
#2390=CARTESIAN_POINT('',(1.549220707862E2,4.85E1,-2.335E2));
#2391=DIRECTION('',(0.E0,0.E0,-1.E0));
#2392=DIRECTION('',(0.E0,1.E0,0.E0));
#2393=AXIS2_PLACEMENT_3D('',#2390,#2391,#2392);
#2395=DIRECTION('',(7.071067811810E-1,-7.071067811921E-1,0.E0));
#2396=VECTOR('',#2395,3.023295742978E1);
#2397=CARTESIAN_POINT('',(1.577504979110E2,5.132842712470E1,-2.335E2));
#2398=LINE('',#2397,#2396);
#2399=CARTESIAN_POINT('',(1.763E2,2.712207078586E1,-2.335E2));
#2400=DIRECTION('',(0.E0,0.E0,-1.E0));
#2401=DIRECTION('',(7.071067811703E-1,7.071067812027E-1,0.E0));
#2402=AXIS2_PLACEMENT_3D('',#2399,#2400,#2401);
#2404=DIRECTION('',(0.E0,-1.E0,0.E0));
#2405=VECTOR('',#2404,1.437207078586E1);
#2406=CARTESIAN_POINT('',(1.803E2,2.712207078586E1,-2.335E2));
#2407=LINE('',#2406,#2405);
#2408=DIRECTION('',(-1.E0,0.E0,0.E0));
#2409=VECTOR('',#2408,8.E-1);
#2410=CARTESIAN_POINT('',(1.803E2,1.275E1,-2.335E2));
#2411=LINE('',#2410,#2409);
#2412=CARTESIAN_POINT('',(1.26E2,-4.E0,-2.335E2));
#2413=DIRECTION('',(0.E0,0.E0,1.E0));
#2414=DIRECTION('',(9.816513761468E-1,1.906844925764E-1,0.E0));
#2415=AXIS2_PLACEMENT_3D('',#2412,#2413,#2414);
#2417=CARTESIAN_POINT('',(1.725123082719E2,1.811006963388E1,-2.335E2));
#2418=DIRECTION('',(0.E0,0.E0,1.E0));
#2419=DIRECTION('',(9.031516169647E-1,4.293217403930E-1,0.E0));
#2420=AXIS2_PLACEMENT_3D('',#2417,#2418,#2419);
#2422=DIRECTION('',(-9.031516169309E-1,-4.293217404640E-1,0.E0));
#2423=VECTOR('',#2422,5.139823780868E0);
#2424=CARTESIAN_POINT('',(1.712243430506E2,2.081952448470E1,-2.335E2));
#2425=LINE('',#2424,#2423);
#2426=CARTESIAN_POINT('',(1.679951504031E2,1.596640535045E1,-2.335E2));
#2427=DIRECTION('',(0.E0,0.E0,1.E0));
#2428=DIRECTION('',(-4.709491703268E-1,8.821603476514E-1,0.E0));
#2429=AXIS2_PLACEMENT_3D('',#2426,#2427,#2428);
#2431=CARTESIAN_POINT('',(1.679951504031E2,1.596640535045E1,-2.335E2));
#2432=DIRECTION('',(0.E0,0.E0,1.E0));
#2433=DIRECTION('',(-1.E0,0.E0,0.E0));
#2434=AXIS2_PLACEMENT_3D('',#2431,#2432,#2433);
#2436=CARTESIAN_POINT('',(1.26E2,-4.000000000001E0,-2.335E2));
#2437=DIRECTION('',(0.E0,0.E0,-1.E0));
#2438=DIRECTION('',(9.031215140458E-1,4.293850613001E-1,0.E0));
#2439=AXIS2_PLACEMENT_3D('',#2436,#2437,#2438);
#2441=CARTESIAN_POINT('',(1.26E2,-4.000000000001E0,-2.335E2));
#2442=DIRECTION('',(0.E0,0.E0,-1.E0));
#2443=DIRECTION('',(1.E0,0.E0,0.E0));
#2444=AXIS2_PLACEMENT_3D('',#2441,#2442,#2443);
#2446=CARTESIAN_POINT('',(1.679965501873E2,-2.396346093156E1,-2.335E2));
#2447=DIRECTION('',(0.E0,0.E0,1.E0));
#2448=DIRECTION('',(-9.031516169317E-1,4.293217404624E-1,0.E0));
#2449=AXIS2_PLACEMENT_3D('',#2446,#2447,#2448);
#2451=CARTESIAN_POINT('',(1.679965501873E2,-2.396346093156E1,-2.335E2));
#2452=DIRECTION('',(0.E0,0.E0,1.E0));
#2453=DIRECTION('',(-1.E0,0.E0,0.E0));
#2454=AXIS2_PLACEMENT_3D('',#2451,#2452,#2453);
#2456=DIRECTION('',(9.031516169311E-1,-4.293217404636E-1,0.E0));
#2457=VECTOR('',#2456,4.872365864892E0);
#2458=CARTESIAN_POINT('',(1.667085849659E2,-2.667291578236E1,-2.335E2));
#2459=LINE('',#2458,#2457);
#2460=CARTESIAN_POINT('',(1.723970352965E2,-2.605527352487E1,-2.335E2));
#2461=DIRECTION('',(0.E0,0.E0,1.E0));
#2462=DIRECTION('',(-4.293217404866E-1,-9.031516169202E-1,0.E0));
#2463=AXIS2_PLACEMENT_3D('',#2460,#2461,#2462);
#2465=CARTESIAN_POINT('',(1.571773999423E2,-1.691410189563E1,-2.335E2));
#2466=DIRECTION('',(0.E0,0.E0,1.E0));
#2467=DIRECTION('',(8.572594888831E-1,-5.148846168996E-1,0.E0));
#2468=AXIS2_PLACEMENT_3D('',#2465,#2466,#2467);
#2470=CARTESIAN_POINT('',(1.755003086429E2,-3.545686328983E1,
-2.334999999860E2));
#2471=CARTESIAN_POINT('',(1.754958005375E2,-3.546443957904E1,
-2.334999999860E2));
#2472=CARTESIAN_POINT('',(1.754501546199E2,-3.554083032368E1,
-2.334999999860E2));
#2473=CARTESIAN_POINT('',(1.753608967323E2,-3.568453742994E1,
-2.334999999860E2));
#2474=CARTESIAN_POINT('',(1.751859194566E2,-3.595327935465E1,
-2.334999999860E2));
#2475=CARTESIAN_POINT('',(1.749590755094E2,-3.628380582729E1,
-2.334999999860E2));
#2476=CARTESIAN_POINT('',(1.746782190075E2,-3.667433412262E1,
-2.334999999860E2));
#2477=CARTESIAN_POINT('',(1.743908184693E2,-3.706006258048E1,
-2.334999999860E2));
#2478=CARTESIAN_POINT('',(1.740006687211E2,-3.756910784602E1,
-2.334999999860E2));
#2479=CARTESIAN_POINT('',(1.735022603266E2,-3.819707954610E1,
-2.334999999859E2));
#2480=CARTESIAN_POINT('',(1.728914685865E2,-3.894035879240E1,
-2.334999999861E2));
#2481=CARTESIAN_POINT('',(1.720634735542E2,-3.992004809257E1,
-2.334999999859E2));
#2482=CARTESIAN_POINT('',(1.710073570407E2,-4.112655264382E1,
-2.334999999860E2));
#2483=CARTESIAN_POINT('',(1.697142051997E2,-4.255129896198E1,
-2.334999999860E2));
#2484=CARTESIAN_POINT('',(1.679610763161E2,-4.442427945334E1,
-2.334999999860E2));
#2485=CARTESIAN_POINT('',(1.657220128717E2,-4.672022373693E1,
-2.334999999860E2));
#2486=CARTESIAN_POINT('',(1.634261062048E2,-4.895932543447E1,
-2.334999999860E2));
#2487=CARTESIAN_POINT('',(1.615531586329E2,-5.071248989957E1,
-2.334999999860E2));
#2488=CARTESIAN_POINT('',(1.601284410396E2,-5.200567183326E1,
-2.334999999859E2));
#2489=CARTESIAN_POINT('',(1.589219619713E2,-5.306182192721E1,
-2.334999999860E2));
#2490=CARTESIAN_POINT('',(1.579423026265E2,-5.388984713764E1,
-2.334999999860E2));
#2491=CARTESIAN_POINT('',(1.574460365088E2,-5.429768835983E1,
-2.334999999860E2));
#2492=CARTESIAN_POINT('',(1.571957983090E2,-5.449979356291E1,
-2.334999999860E2));
#2493=CARTESIAN_POINT('',(1.571950306018E2,-5.450041356951E1,
-2.334999999860E2));
#2495=CARTESIAN_POINT('',(1.26E2,-4.E0,-2.335E2));
#2496=DIRECTION('',(0.E0,0.E0,-1.E0));
#2497=DIRECTION('',(-5.454889823988E-1,-8.381179929350E-1,0.E0));
#2498=AXIS2_PLACEMENT_3D('',#2495,#2496,#2497);
#2500=CARTESIAN_POINT('',(8.072990290695E1,-2.275148818589E1,-2.335E2));
#2501=DIRECTION('',(0.E0,0.E0,1.E0));
#2502=DIRECTION('',(-1.E0,0.E0,0.E0));
#2503=AXIS2_PLACEMENT_3D('',#2500,#2501,#2502);
#2505=CARTESIAN_POINT('',(8.072990290695E1,-2.275148818589E1,-2.335E2));
#2506=DIRECTION('',(0.E0,0.E0,1.E0));
#2507=DIRECTION('',(1.E0,0.E0,0.E0));
#2508=AXIS2_PLACEMENT_3D('',#2505,#2506,#2507);
#2510=CARTESIAN_POINT('',(1.447514881859E2,-4.927009709305E1,-2.335E2));
#2511=DIRECTION('',(0.E0,0.E0,1.E0));
#2512=DIRECTION('',(-1.E0,0.E0,0.E0));
#2513=AXIS2_PLACEMENT_3D('',#2510,#2511,#2512);
#2515=CARTESIAN_POINT('',(1.447514881859E2,-4.927009709305E1,-2.335E2));
#2516=DIRECTION('',(0.E0,0.E0,1.E0));
#2517=DIRECTION('',(1.E0,0.E0,0.E0));
#2518=AXIS2_PLACEMENT_3D('',#2515,#2516,#2517);
#2520=CARTESIAN_POINT('',(1.072485118141E2,-4.927009709305E1,-2.335E2));
#2521=DIRECTION('',(0.E0,0.E0,1.E0));
#2522=DIRECTION('',(-1.E0,0.E0,0.E0));
#2523=AXIS2_PLACEMENT_3D('',#2520,#2521,#2522);
#2525=CARTESIAN_POINT('',(1.072485118141E2,-4.927009709305E1,-2.335E2));
#2526=DIRECTION('',(0.E0,0.E0,1.E0));
#2527=DIRECTION('',(1.E0,0.E0,0.E0));
#2528=AXIS2_PLACEMENT_3D('',#2525,#2526,#2527);
#2530=CARTESIAN_POINT('',(1.072485118141E2,4.127009709305E1,-2.335E2));
#2531=DIRECTION('',(0.E0,0.E0,1.E0));
#2532=DIRECTION('',(-1.E0,0.E0,0.E0));
#2533=AXIS2_PLACEMENT_3D('',#2530,#2531,#2532);
#2535=CARTESIAN_POINT('',(1.072485118141E2,4.127009709305E1,-2.335E2));
#2536=DIRECTION('',(0.E0,0.E0,1.E0));
#2537=DIRECTION('',(1.E0,0.E0,0.E0));
#2538=AXIS2_PLACEMENT_3D('',#2535,#2536,#2537);
#2540=CARTESIAN_POINT('',(1.447514881859E2,4.127009709305E1,-2.335E2));
#2541=DIRECTION('',(0.E0,0.E0,1.E0));
#2542=DIRECTION('',(-1.E0,0.E0,0.E0));
#2543=AXIS2_PLACEMENT_3D('',#2540,#2541,#2542);
#2545=CARTESIAN_POINT('',(1.447514881859E2,4.127009709305E1,-2.335E2));
#2546=DIRECTION('',(0.E0,0.E0,1.E0));
#2547=DIRECTION('',(1.E0,0.E0,0.E0));
#2548=AXIS2_PLACEMENT_3D('',#2545,#2546,#2547);
#2550=CARTESIAN_POINT('',(1.26E2,-4.E0,-2.335E2));
#2551=DIRECTION('',(0.E0,0.E0,1.E0));
#2552=DIRECTION('',(-1.E0,0.E0,0.E0));
#2553=AXIS2_PLACEMENT_3D('',#2550,#2551,#2552);
#2555=CARTESIAN_POINT('',(1.26E2,-4.E0,-2.335E2));
#2556=DIRECTION('',(0.E0,0.E0,1.E0));
#2557=DIRECTION('',(1.E0,0.E0,0.E0));
#2558=AXIS2_PLACEMENT_3D('',#2555,#2556,#2557);
#2560=CARTESIAN_POINT('',(8.072990290695E1,1.475148818589E1,-2.335E2));
#2561=DIRECTION('',(0.E0,0.E0,1.E0));
#2562=DIRECTION('',(-1.E0,0.E0,0.E0));
#2563=AXIS2_PLACEMENT_3D('',#2560,#2561,#2562);
#2565=CARTESIAN_POINT('',(8.072990290695E1,1.475148818589E1,-2.335E2));
#2566=DIRECTION('',(0.E0,0.E0,1.E0));
#2567=DIRECTION('',(1.E0,0.E0,0.E0));
#2568=AXIS2_PLACEMENT_3D('',#2565,#2566,#2567);
#2570=DIRECTION('',(0.E0,0.E0,-1.E0));
#2571=VECTOR('',#2570,6.E0);
#2572=CARTESIAN_POINT('',(7.17E1,2.712721648240E1,-2.335E2));
#2573=LINE('',#2572,#2571);
#2574=DIRECTION('',(1.501613648240E-12,1.889451558175E-12,1.E0));
#2575=VECTOR('',#2574,6.E0);
#2576=CARTESIAN_POINT('',(7.287157287525E1,2.995564360714E1,-2.395E2));
#2577=LINE('',#2576,#2575);
#2578=DIRECTION('',(1.660301525893E-12,1.270687259118E-12,-1.E0));
#2579=VECTOR('',#2578,6.E0);
#2580=CARTESIAN_POINT('',(9.424435639284E1,5.132842712474E1,-2.335E2));
#2581=LINE('',#2580,#2579);
#2582=DIRECTION('',(0.E0,0.E0,1.E0));
#2583=VECTOR('',#2582,6.E0);
#2584=CARTESIAN_POINT('',(9.707278351760E1,5.25E1,-2.395E2));
#2585=LINE('',#2584,#2583);
#2586=DIRECTION('',(0.E0,0.E0,-1.E0));
#2587=VECTOR('',#2586,6.E0);
#2588=CARTESIAN_POINT('',(1.549220707862E2,5.25E1,-2.335E2));
#2589=LINE('',#2588,#2587);
#2590=DIRECTION('',(-3.273233536068E-12,2.688220016959E-12,1.E0));
#2591=VECTOR('',#2590,6.E0);
#2592=CARTESIAN_POINT('',(1.577504979110E2,5.132842712468E1,-2.395E2));
#2593=LINE('',#2592,#2591);
#2594=DIRECTION('',(-2.851644846184E-12,3.426592343203E-12,-1.E0));
#2595=VECTOR('',#2594,6.E0);
#2596=CARTESIAN_POINT('',(1.791284271248E2,2.995049791061E1,-2.335E2));
#2597=LINE('',#2596,#2595);
#2598=DIRECTION('',(0.E0,1.125025998287E-14,1.E0));
#2599=VECTOR('',#2598,6.E0);
#2600=CARTESIAN_POINT('',(1.803E2,2.712207078586E1,-2.395E2));
#2601=LINE('',#2600,#2599);
#2602=DIRECTION('',(0.E0,0.E0,1.E0));
#2603=VECTOR('',#2602,6.E0);
#2604=CARTESIAN_POINT('',(1.803E2,1.275E1,-2.395E2));
#2605=LINE('',#2604,#2603);
#2606=DIRECTION('',(0.E0,7.127631818044E-13,1.E0));
#2607=VECTOR('',#2606,4.000000000028E0);
#2608=CARTESIAN_POINT('',(1.795E2,-1.439230484541E1,-2.335E2));
#2609=LINE('',#2608,#2607);
#2610=DIRECTION('',(-1.847605120548E-12,-7.284276501152E-13,-1.E0));
#2611=VECTOR('',#2610,6.091667970210E0);
#2612=CARTESIAN_POINT('',(1.763514345219E2,-2.485624706389E1,
-2.334083320298E2));
#2613=LINE('',#2612,#2611);
#2614=DIRECTION('',(-7.285431517327E-12,-2.138141515691E-12,1.E0));
#2615=VECTOR('',#2614,6.E0);
#2616=CARTESIAN_POINT('',(1.712243430506E2,2.081952448471E1,-2.395E2));
#2617=LINE('',#2616,#2615);
#2618=DIRECTION('',(-1.117920570929E-12,1.636616768034E-12,-1.E0));
#2619=VECTOR('',#2618,6.E0);
#2620=CARTESIAN_POINT('',(1.752217631228E2,1.939803485521E1,-2.335E2));
#2621=LINE('',#2620,#2619);
#2622=DIRECTION('',(-6.025402399246E-12,-4.186873070466E-12,-1.E0));
#2623=VECTOR('',#2622,6.E0);
#2624=CARTESIAN_POINT('',(1.665823028922E2,1.861288639342E1,-2.335E2));
#2625=LINE('',#2624,#2623);
#2626=DIRECTION('',(4.357995445995E-13,-9.204489022826E-13,-1.E0));
#2627=VECTOR('',#2626,6.E0);
#2628=CARTESIAN_POINT('',(1.652857858610E2,1.467825016654E1,-2.335E2));
#2629=LINE('',#2628,#2627);
#2630=DIRECTION('',(2.984279490192E-13,-4.618527782441E-14,1.E0));
#2631=VECTOR('',#2630,6.E0);
#2632=CARTESIAN_POINT('',(1.667085849659E2,-2.667291578236E1,-2.395E2));
#2633=LINE('',#2632,#2631);
#2634=DIRECTION('',(2.936909974475E-13,6.235012506295E-13,-1.E0));
#2635=VECTOR('',#2634,6.E0);
#2636=CARTESIAN_POINT('',(1.652870953365E2,-2.267549571017E1,-2.335E2));
#2637=LINE('',#2636,#2635);
#2638=DIRECTION('',(-2.747431911606E-13,3.552713678801E-14,-1.E0));
#2639=VECTOR('',#2638,6.E0);
#2640=CARTESIAN_POINT('',(1.711090700751E2,-2.876472837566E1,-2.335E2));
#2641=LINE('',#2640,#2639);
#2642=DIRECTION('',(-5.352755276059E-13,-1.001865257422E-12,-1.E0));
#2643=VECTOR('',#2642,6.E0);
#2644=CARTESIAN_POINT('',(1.749688137631E2,-2.759992737559E1,-2.335E2));
#2645=LINE('',#2644,#2643);
#2646=CARTESIAN_POINT('',(1.755E2,-2.666108086646E1,-2.335E2));
#2647=CARTESIAN_POINT('',(1.755986282577E2,-2.647567715048E1,-2.335E2));
#2648=CARTESIAN_POINT('',(1.757939670621E2,-2.609493330135E1,
-2.334926936828E2));
#2649=CARTESIAN_POINT('',(1.760788088859E2,-2.549379131623E1,
-2.334612722727E2));
#2650=CARTESIAN_POINT('',(1.762619586620E2,-2.507226089843E1,
-2.334278244464E2));
#2651=CARTESIAN_POINT('',(1.763514345219E2,-2.485624706389E1,
-2.334083320298E2));
#2653=CARTESIAN_POINT('',(1.763514345219E2,-2.485624706389E1,
-2.334083320298E2));
#2654=CARTESIAN_POINT('',(1.765301891250E2,-2.442469527663E1,
-2.333693901387E2));
#2655=CARTESIAN_POINT('',(1.768584894696E2,-2.360067216523E1,
-2.332723333001E2));
#2656=CARTESIAN_POINT('',(1.772698534732E2,-2.249499385536E1,
-2.330953480048E2));
#2657=CARTESIAN_POINT('',(1.776182275018E2,-2.149692156170E1,
-2.329001165929E2));
#2658=CARTESIAN_POINT('',(1.779145532839E2,-2.059512999296E1,
-2.326951721700E2));
#2659=CARTESIAN_POINT('',(1.781677773474E2,-1.977946532115E1,
-2.324859515424E2));
#2660=CARTESIAN_POINT('',(1.783850621714E2,-1.904103444232E1,
-2.322757069196E2));
#2661=CARTESIAN_POINT('',(1.785718698857E2,-1.837332235116E1,
-2.320667062729E2));
#2662=CARTESIAN_POINT('',(1.787328444903E2,-1.777003498338E1,
-2.318601222621E2));
#2663=CARTESIAN_POINT('',(1.788719488057E2,-1.722504122791E1,
-2.316561995642E2));
#2664=CARTESIAN_POINT('',(1.789922814139E2,-1.673359516585E1,
-2.314548561220E2));
#2665=CARTESIAN_POINT('',(1.790961962403E2,-1.629247081822E1,
-2.312559869016E2));
#2666=CARTESIAN_POINT('',(1.791856570194E2,-1.589890135740E1,
-2.310591732985E2));
#2667=CARTESIAN_POINT('',(1.792622917589E2,-1.555055278910E1,
-2.308636369238E2));
#2668=CARTESIAN_POINT('',(1.793272133382E2,-1.524659297980E1,
-2.306688500373E2));
#2669=CARTESIAN_POINT('',(1.793813560103E2,-1.498638256963E1,
-2.304740002322E2));
#2670=CARTESIAN_POINT('',(1.794256632440E2,-1.476854797741E1,
-2.302764434191E2));
#2671=CARTESIAN_POINT('',(1.794598770842E2,-1.459711727363E1,
-2.300769877021E2));
#2672=CARTESIAN_POINT('',(1.794838587194E2,-1.447520402391E1,
-2.298773336372E2));
#2673=CARTESIAN_POINT('',(1.794974946703E2,-1.440521958746E1,
-2.296794648643E2));
#2674=CARTESIAN_POINT('',(1.795E2,-1.439230484541E1,-2.295584837806E2));
#2675=CARTESIAN_POINT('',(1.795E2,-1.439230484541E1,-2.295E2));
#2677=DIRECTION('',(-3.099289867860E-7,-9.999998606764E-1,5.278702687192E-4));
#2678=VECTOR('',#2677,2.174885294600E1);
#2679=CARTESIAN_POINT('',(1.795E2,-1.439230484541E1,-2.295E2));
#2680=LINE('',#2679,#2678);
#2681=CARTESIAN_POINT('',(1.794999932594E2,-3.614115476128E1,
-2.294885194271E2));
#2682=CARTESIAN_POINT('',(1.795007886509E2,-3.614074250956E1,
-2.297667548099E2));
#2683=CARTESIAN_POINT('',(1.794594218567E2,-3.613242115950E1,
-2.301734358273E2));
#2684=CARTESIAN_POINT('',(1.793223941264E2,-3.610755385284E1,
-2.307013660620E2));
#2685=CARTESIAN_POINT('',(1.791812013737E2,-3.608264041214E1,
-2.310821186090E2));
#2686=CARTESIAN_POINT('',(1.790052411967E2,-3.605181626910E1,
-2.314406280415E2));
#2687=CARTESIAN_POINT('',(1.787266085889E2,-3.600314419700E1,
-2.318900079876E2));
#2688=CARTESIAN_POINT('',(1.784241119195E2,-3.595055355401E1,
-2.322456942806E2));
#2689=CARTESIAN_POINT('',(1.781374420991E2,-3.589956116711E1,
-2.325094025569E2));
#2690=CARTESIAN_POINT('',(1.779395510212E2,-3.586415076061E1,
-2.326746454544E2));
#2691=CARTESIAN_POINT('',(1.776763657241E2,-3.581684220887E1,
-2.328635305098E2));
#2692=CARTESIAN_POINT('',(1.773422633074E2,-3.575586609901E1,
-2.330574743776E2));
#2693=CARTESIAN_POINT('',(1.770550688769E2,-3.570278534990E1,
-2.331891119907E2));
#2694=CARTESIAN_POINT('',(1.768184796121E2,-3.565921747262E1,
-2.332780367157E2));
#2695=CARTESIAN_POINT('',(1.766378912913E2,-3.562642134551E1,
-2.333363051058E2));
#2696=CARTESIAN_POINT('',(1.764542851732E2,-3.55938054E1,-2.333860566424E2));
#2697=CARTESIAN_POINT('',(1.762678969553E2,-3.556233356109E1,
-2.334271663193E2));
#2698=CARTESIAN_POINT('',(1.760779685767E2,-3.553512532152E1,
-2.334595694694E2));
#2699=CARTESIAN_POINT('',(1.759180463747E2,-3.551409902559E1,
-2.334790199404E2));
#2700=CARTESIAN_POINT('',(1.757895252534E2,-3.549650306052E1,
-2.334898845643E2));
#2701=CARTESIAN_POINT('',(1.756603435100E2,-3.547879557543E1,
-2.334976619681E2));
#2702=CARTESIAN_POINT('',(1.755638002707E2,-3.546570321563E1,
-2.334999999965E2));
#2703=CARTESIAN_POINT('',(1.755000771607E2,-3.545690375908E1,
-2.334999999965E2));
#2705=DIRECTION('',(-8.772427238376E-6,9.999999999615E-1,-3.972818456310E-10));
#2706=VECTOR('',#2705,8.795822892960E0);
#2707=CARTESIAN_POINT('',(1.755000771607E2,-3.545690375908E1,
-2.334999999965E2));
#2708=LINE('',#2707,#2706);
#2709=CARTESIAN_POINT('',(1.794999932594E2,-3.614115476128E1,
-2.294885194271E2));
#2710=CARTESIAN_POINT('',(1.795000201121E2,-3.620967207139E1,
-2.294941467305E2));
#2711=CARTESIAN_POINT('',(1.794778670507E2,-3.635185460063E1,
-2.295024915846E2));
#2712=CARTESIAN_POINT('',(1.794068675973E2,-3.657613434584E1,
-2.294993352961E2));
#2713=CARTESIAN_POINT('',(1.793096449407E2,-3.680991542296E1,
-2.295001887540E2));
#2714=CARTESIAN_POINT('',(1.792294526679E2,-3.697339304612E1,
-2.294999985085E2));
#2715=CARTESIAN_POINT('',(1.791862279030E2,-3.705701218145E1,
-2.294999995647E2));
#2717=CARTESIAN_POINT('',(1.560610429575E2,-6.018339378001E1,
-2.294235026761E2));
#2718=CARTESIAN_POINT('',(1.561094671195E2,-6.015856870142E1,
-2.294222454600E2));
#2719=CARTESIAN_POINT('',(1.562166196497E2,-6.010050770765E1,
-2.294199831841E2));
#2720=CARTESIAN_POINT('',(1.563789902022E2,-6.000962514228E1,
-2.294170307841E2));
#2721=CARTESIAN_POINT('',(1.565960895550E2,-5.988106502837E1,
-2.294139150197E2));
#2722=CARTESIAN_POINT('',(1.568371301167E2,-5.973110790178E1,
-2.294111891292E2));
#2723=CARTESIAN_POINT('',(1.571875776074E2,-5.950255170314E1,
-2.294080857424E2));
#2724=CARTESIAN_POINT('',(1.575886807660E2,-5.922685018179E1,
-2.294054867424E2));
#2725=CARTESIAN_POINT('',(1.580408357063E2,-5.890143785193E1,
-2.294032904596E2));
#2726=CARTESIAN_POINT('',(1.584744522694E2,-5.857819034835E1,
-2.294016437169E2));
#2727=CARTESIAN_POINT('',(1.590355710258E2,-5.814797103666E1,
-2.293999163494E2));
#2728=CARTESIAN_POINT('',(1.597135260889E2,-5.760966459330E1,
-2.293983565856E2));
#2729=CARTESIAN_POINT('',(1.605035853058E2,-5.696027913594E1,
-2.293970075555E2));
#2730=CARTESIAN_POINT('',(1.615343492838E2,-5.608896155982E1,
-2.293956585569E2));
#2731=CARTESIAN_POINT('',(1.627907923255E2,-5.498891515542E1,
-2.293945337271E2));
#2732=CARTESIAN_POINT('',(1.642640928670E2,-5.365155341767E1,
-2.293936729359E2));
#2733=CARTESIAN_POINT('',(1.661929422853E2,-5.184599017911E1,
-2.293929603073E2));
#2734=CARTESIAN_POINT('',(1.685494925236E2,-4.954765716568E1,
-2.293926586881E2));
#2735=CARTESIAN_POINT('',(1.708477891308E2,-4.719106549099E1,
-2.293929607230E2));
#2736=CARTESIAN_POINT('',(1.726533229854E2,-4.526217447547E1,
-2.293936738277E2));
#2737=CARTESIAN_POINT('',(1.739906630516E2,-4.378883389164E1,
-2.293945351326E2));
#2738=CARTESIAN_POINT('',(1.750906881665E2,-4.253234885013E1,
-2.293956606480E2));
#2739=CARTESIAN_POINT('',(1.759619929635E2,-4.150153106153E1,
-2.293970105993E2));
#2740=CARTESIAN_POINT('',(1.766113677132E2,-4.071142062559E1,
-2.293983607225E2));
#2741=CARTESIAN_POINT('',(1.771496679154E2,-4.003340377584E1,
-2.293999219342E2));
#2742=CARTESIAN_POINT('',(1.775798888240E2,-3.947220731804E1,
-2.294016513798E2));
#2743=CARTESIAN_POINT('',(1.779031403444E2,-3.903851581390E1,
-2.294033002008E2));
#2744=CARTESIAN_POINT('',(1.782285778587E2,-3.858622633879E1,
-2.294055007833E2));
#2745=CARTESIAN_POINT('',(1.785042937529E2,-3.818500095601E1,
-2.294081033590E2));
#2746=CARTESIAN_POINT('',(1.787329734090E2,-3.783419614925E1,
-2.294112200226E2));
#2747=CARTESIAN_POINT('',(1.788829150094E2,-3.759309000241E1,
-2.294139470774E2));
#2748=CARTESIAN_POINT('',(1.790118908102E2,-3.737503478835E1,
-2.294171013342E2));
#2749=CARTESIAN_POINT('',(1.791023055962E2,-3.721344353769E1,
-2.294200244662E2));
#2750=CARTESIAN_POINT('',(1.791615695772E2,-3.710373944163E1,
-2.294223935040E2));
#2751=CARTESIAN_POINT('',(1.791860241899E2,-3.705596999845E1,
-2.294236288813E2));
#2753=CARTESIAN_POINT('',(1.791860241899E2,-3.705596999845E1,
-2.294236288813E2));
#2754=CARTESIAN_POINT('',(1.792461345623E2,-3.694009054692E1,
-2.294286533095E2));
#2755=CARTESIAN_POINT('',(1.793546816922E2,-3.671218050780E1,
-2.294399656927E2));
#2756=CARTESIAN_POINT('',(1.794608603223E2,-3.642834573398E1,
-2.294430023582E2));
#2757=CARTESIAN_POINT('',(1.795002003359E2,-3.622669110317E1,
-2.294709794522E2));
#2758=CARTESIAN_POINT('',(1.794999932594E2,-3.614115476128E1,
-2.294885194271E2));
#2760=DIRECTION('',(-4.283084108513E-2,-1.041173023649E-13,-9.990823384746E-1));
#2761=VECTOR('',#2760,1.501377756786E0);
#2762=CARTESIAN_POINT('',(9.701444217681E1,-6.05E1,-2.259999999999E2));
#2763=LINE('',#2762,#2761);
#2764=DIRECTION('',(-4.206598119789E-2,-1.230517232540E-13,9.991148348543E-1));
#2765=VECTOR('',#2764,1.501328924230E0);
#2766=CARTESIAN_POINT('',(1.550579158800E2,-6.05E1,-2.275000000001E2));
#2767=LINE('',#2766,#2765);
#2768=CARTESIAN_POINT('',(7.363286060193E1,-3.849756649E1,-2.322892094295E2));
#2769=CARTESIAN_POINT('',(7.384638191845E1,-3.879846514624E1,
-2.320621259620E2));
#2770=CARTESIAN_POINT('',(7.426146659896E1,-3.934914288936E1,
-2.315583598500E2));
#2771=CARTESIAN_POINT('',(7.480501472184E1,-4.002082145907E1,
-2.306649677948E2));
#2772=CARTESIAN_POINT('',(7.523211105467E1,-4.051824996724E1,
-2.296626586684E2));
#2773=CARTESIAN_POINT('',(7.552029076792E1,-4.082875624401E1,
-2.285479014550E2));
#2774=CARTESIAN_POINT('',(7.559567748233E1,-4.088889856150E1,
-2.277808810719E2));
#2775=CARTESIAN_POINT('',(7.560313536807E1,-4.088224201671E1,
-2.273962269976E2));
#2777=CARTESIAN_POINT('',(7.65E1,-3.488320310433E1,-2.335E2));
#2778=CARTESIAN_POINT('',(7.612502318959E1,-3.534245402976E1,-2.335E2));
#2779=CARTESIAN_POINT('',(7.539936650026E1,-3.623090591459E1,
-2.333949032920E2));
#2780=CARTESIAN_POINT('',(7.442811052554E1,-3.744599851589E1,
-2.329746423349E2));
#2781=CARTESIAN_POINT('',(7.387699312898E1,-3.816504241564E1,
-2.325401601009E2));
#2782=CARTESIAN_POINT('',(7.363286060193E1,-3.849756649E1,-2.322892094295E2));
#2784=CARTESIAN_POINT('',(7.363286060193E1,-3.849756649E1,-2.322892094295E2));
#2785=CARTESIAN_POINT('',(7.350656574683E1,-3.830710034634E1,
-2.321593874059E2));
#2786=CARTESIAN_POINT('',(7.327201123650E1,-3.794333886773E1,
-2.318829888844E2));
#2787=CARTESIAN_POINT('',(7.297918691759E1,-3.744473172245E1,
-2.314240682210E2));
#2788=CARTESIAN_POINT('',(7.275374623807E1,-3.700698618591E1,
-2.309351600769E2));
#2789=CARTESIAN_POINT('',(7.259983112276E1,-3.663827556477E1,
-2.304359483130E2));
#2790=CARTESIAN_POINT('',(7.251550241068E1,-3.634472523644E1,
-2.299463929419E2));
#2791=CARTESIAN_POINT('',(7.25E1,-3.619717680453E1,-2.296446142461E2));
#2792=CARTESIAN_POINT('',(7.25E1,-3.613560345824E1,-2.295E2));
#2794=DIRECTION('',(0.E0,1.E0,2.965100312588E-13));
#2795=VECTOR('',#2794,4.888560345824E1);
#2796=CARTESIAN_POINT('',(7.25E1,-3.613560345824E1,-2.295E2));
#2797=LINE('',#2796,#2795);
#2798=DIRECTION('',(0.E0,-1.E0,0.E0));
#2799=VECTOR('',#2798,4.763320310433E1);
#2800=CARTESIAN_POINT('',(7.65E1,1.275E1,-2.335E2));
#2801=LINE('',#2800,#2799);
#2802=DIRECTION('',(1.E0,0.E0,0.E0));
#2803=VECTOR('',#2802,1.604833082615E1);
#2804=CARTESIAN_POINT('',(7.65E1,-3.488320310433E1,-2.335E2));
#2805=LINE('',#2804,#2803);
#2806=DIRECTION('',(-1.E0,-2.324797992137E-12,7.188334231142E-9));
#2807=VECTOR('',#2806,1.110988074329E1);
#2808=CARTESIAN_POINT('',(9.064466093762E1,-3.935533906595E1,
-2.314999999926E2));
#2809=LINE('',#2808,#2807);
#2810=CARTESIAN_POINT('',(9.064466093762E1,-3.935533906595E1,
-2.314999999926E2));
#2811=CARTESIAN_POINT('',(9.075807498648E1,-3.908153334035E1,
-2.318061241032E2));
#2812=CARTESIAN_POINT('',(9.101260932829E1,-3.847008722854E1,
-2.323671101327E2));
#2813=CARTESIAN_POINT('',(9.148824838087E1,-3.734026297503E1,
-2.330221557319E2));
#2814=CARTESIAN_POINT('',(9.198541316393E1,-3.617649845011E1,
-2.334024837492E2));
#2815=CARTESIAN_POINT('',(9.235793326660E1,-3.531811356074E1,-2.335E2));
#2816=CARTESIAN_POINT('',(9.254833082615E1,-3.488320310433E1,-2.335E2));
#2818=CARTESIAN_POINT('',(9.563937329337E1,-6.002567827499E1,
-2.298381348138E2));
#2819=CARTESIAN_POINT('',(9.552781427783E1,-5.995543766352E1,
-2.295744890732E2));
#2820=CARTESIAN_POINT('',(9.534501856447E1,-5.983343127390E1,
-2.290374792271E2));
#2821=CARTESIAN_POINT('',(9.518918908659E1,-5.971219615898E1,
-2.282175326391E2));
#2822=CARTESIAN_POINT('',(9.516161903720E1,-5.967827607330E1,
-2.276761254310E2));
#2823=CARTESIAN_POINT('',(9.516567532605E1,-5.967365579390E1,
-2.274089464041E2));
#2825=DIRECTION('',(2.375545547117E-14,1.E0,-1.202776219119E-11));
#2826=VECTOR('',#2825,1.136607293918E1);
#2827=CARTESIAN_POINT('',(9.669291581631E1,-5.587650143175E1,
-2.314999999999E2));
#2828=LINE('',#2827,#2826);
#2829=CARTESIAN_POINT('',(9.669291581631E1,-4.451042849257E1,-2.315E2));
#2830=CARTESIAN_POINT('',(9.696427083906E1,-4.437181908133E1,
-2.318033841384E2));
#2831=CARTESIAN_POINT('',(9.757033391958E1,-4.406148061131E1,
-2.323621841493E2));
#2832=CARTESIAN_POINT('',(9.871286914229E1,-4.346671460113E1,
-2.330242355077E2));
#2833=CARTESIAN_POINT('',(9.986050336840E1,-4.285997437787E1,
-2.333992796088E2));
#2834=CARTESIAN_POINT('',(1.007251701335E2,-4.239626965404E1,-2.335E2));
#2835=CARTESIAN_POINT('',(1.011650517713E2,-4.215772203602E1,-2.335E2));
#2837=DIRECTION('',(-3.316021701928E-13,-1.E0,0.E0));
#2838=VECTOR('',#2837,1.234227796398E1);
#2839=CARTESIAN_POINT('',(1.011650517713E2,-4.215772203602E1,-2.335E2));
#2840=LINE('',#2839,#2838);
#2841=CARTESIAN_POINT('',(9.563937329337E1,-6.002567827499E1,
-2.298381348138E2));
#2842=CARTESIAN_POINT('',(9.581087060717E1,-5.985418096118E1,
-2.302434318316E2));
#2843=CARTESIAN_POINT('',(9.623359153249E1,-5.943214271205E1,
-2.310170824343E2));
#2844=CARTESIAN_POINT('',(9.722684573308E1,-5.843775260448E1,
-2.320873941989E2));
#2845=CARTESIAN_POINT('',(9.816060963981E1,-5.750414394547E1,
-2.327426003923E2));
#2846=CARTESIAN_POINT('',(9.949789496864E1,-5.616750872926E1,
-2.333344143592E2));
#2847=CARTESIAN_POINT('',(1.005788560457E2,-5.508619572556E1,-2.335E2));
#2848=CARTESIAN_POINT('',(1.011650517713E2,-5.45E1,-2.335E2));
#2850=DIRECTION('',(9.999999999970E-1,-2.460399245186E-6,8.340937347447E-11));
#2851=VECTOR('',#2850,5.603013582749E1);
#2852=CARTESIAN_POINT('',(1.011650517713E2,-5.45E1,-2.335E2));
#2853=LINE('',#2852,#2851);
#2854=CARTESIAN_POINT('',(1.560610429575E2,-6.018339378001E1,
-2.294235026761E2));
#2855=CARTESIAN_POINT('',(1.559115424491E2,-6.025632982300E1,
-2.292080028308E2));
#2856=CARTESIAN_POINT('',(1.556378904198E2,-6.037550344272E1,
-2.287750270007E2));
#2857=CARTESIAN_POINT('',(1.553043770794E2,-6.047878890262E1,
-2.281265632196E2));
#2858=CARTESIAN_POINT('',(1.551317006470E2,-6.05E1,-2.277063297801E2));
#2859=CARTESIAN_POINT('',(1.550579158800E2,-6.05E1,-2.275000000001E2));
#2861=DIRECTION('',(-1.E0,1.858658130462E-14,-7.874841026432E-14));
#2862=VECTOR('',#2861,5.810777897530E1);
#2863=CARTESIAN_POINT('',(1.550579158800E2,-6.05E1,-2.275000000001E2));
#2864=LINE('',#2863,#2862);
#2865=CARTESIAN_POINT('',(9.695013690470E1,-6.05E1,-2.275000000001E2));
#2866=CARTESIAN_POINT('',(9.685817681705E1,-6.049999999999E1,
-2.277555543333E2));
#2867=CARTESIAN_POINT('',(9.663843121895E1,-6.046754805092E1,
-2.282743925548E2));
#2868=CARTESIAN_POINT('',(9.619821261068E1,-6.031036366090E1,
-2.290688867913E2));
#2869=CARTESIAN_POINT('',(9.583724794990E1,-6.013279593481E1,
-2.295849852623E2));
#2870=CARTESIAN_POINT('',(9.563937329337E1,-6.002567827499E1,
-2.298381348138E2));
#2872=CARTESIAN_POINT('',(1.755000771607E2,-3.545690375908E1,
-2.334999999965E2));
#2873=CARTESIAN_POINT('',(1.758233929020E2,-3.559372345382E1,
-2.334999709432E2));
#2874=CARTESIAN_POINT('',(1.764827025433E2,-3.587439827486E1,
-2.334058006448E2));
#2875=CARTESIAN_POINT('',(1.773763707451E2,-3.626436843292E1,
-2.329993101662E2));
#2876=CARTESIAN_POINT('',(1.781436853437E2,-3.660256619637E1,
-2.323561497088E2));
#2877=CARTESIAN_POINT('',(1.787303639475E2,-3.685774440250E1,
-2.315219589658E2));
#2878=CARTESIAN_POINT('',(1.791019226853E2,-3.701788759139E1,
-2.305530069025E2));
#2879=CARTESIAN_POINT('',(1.791869898843E2,-3.705552280609E1,
-2.298459797983E2));
#2880=CARTESIAN_POINT('',(1.791862279030E2,-3.705701218145E1,
-2.294999995647E2));
#2882=CARTESIAN_POINT('',(1.791862279030E2,-3.705701218145E1,
-2.294999995647E2));
#2883=CARTESIAN_POINT('',(1.791861774141E2,-3.705710984740E1,
-2.294745510115E2));
#2884=CARTESIAN_POINT('',(1.791861503494E2,-3.705678424192E1,
-2.294490800409E2));
#2885=CARTESIAN_POINT('',(1.791860241899E2,-3.705596999845E1,
-2.294236288813E2));
#2887=CARTESIAN_POINT('',(1.560610429575E2,-6.018339378001E1,
-2.294235026761E2));
#2888=CARTESIAN_POINT('',(1.561274495076E2,-6.015141819136E1,
-2.295179790712E2));
#2889=CARTESIAN_POINT('',(1.562586639422E2,-6.007655371079E1,
-2.297233112046E2));
#2890=CARTESIAN_POINT('',(1.564552513656E2,-5.992563532959E1,
-2.300726518052E2));
#2891=CARTESIAN_POINT('',(1.566435749707E2,-5.972305827165E1,
-2.304654236410E2));
#2892=CARTESIAN_POINT('',(1.568205453154E2,-5.945529156166E1,
-2.308979127416E2));
#2893=CARTESIAN_POINT('',(1.569823729124E2,-5.909591867179E1,
-2.313748100749E2));
#2894=CARTESIAN_POINT('',(1.571158789850E2,-5.863153143414E1,
-2.318702438276E2));
#2895=CARTESIAN_POINT('',(1.572098897E2,-5.807181636625E1,-2.323398867770E2));
#2896=CARTESIAN_POINT('',(1.572627100098E2,-5.744887898369E1,
-2.327429967688E2));
#2897=CARTESIAN_POINT('',(1.572813372992E2,-5.677190792042E1,
-2.330705607956E2));
#2898=CARTESIAN_POINT('',(1.572718964436E2,-5.604292488046E1,
-2.333154098665E2));
#2899=CARTESIAN_POINT('',(1.572408681437E2,-5.528086135245E1,
-2.334659200245E2));
#2900=CARTESIAN_POINT('',(1.572111887939E2,-5.476116208138E1,
-2.334999910756E2));
#2901=CARTESIAN_POINT('',(1.571951875986E2,-5.450013785650E1,
-2.334999999953E2));
#2903=CARTESIAN_POINT('',(9.669291581631E1,-5.587650143175E1,
-2.314999999999E2));
#2904=CARTESIAN_POINT('',(9.669291183345E1,-5.626361767535E1,
-2.314999955469E2));
#2905=CARTESIAN_POINT('',(9.662472633374E1,-5.698553501918E1,
-2.314258916731E2));
#2906=CARTESIAN_POINT('',(9.633112449954E1,-5.792530712888E1,
-2.310706568401E2));
#2907=CARTESIAN_POINT('',(9.592810025990E1,-5.868047152390E1,
-2.304677423003E2));
#2908=CARTESIAN_POINT('',(9.552891781927E1,-5.924269733852E1,
-2.296344263098E2));
#2909=CARTESIAN_POINT('',(9.523783217460E1,-5.959348315727E1,
-2.286327120590E2));
#2910=CARTESIAN_POINT('',(9.515923738998E1,-5.968098897998E1,
-2.278329994134E2));
#2911=CARTESIAN_POINT('',(9.516567532605E1,-5.967365579390E1,
-2.274089464041E2));
#2913=CARTESIAN_POINT('',(9.516567532605E1,-5.967365579390E1,
-2.274089464041E2));
#2914=CARTESIAN_POINT('',(9.494243848052E1,-5.952997765410E1,
-2.274067598007E2));
#2915=CARTESIAN_POINT('',(9.446874684057E1,-5.920645204151E1,
-2.274042826992E2));
#2916=CARTESIAN_POINT('',(9.352092673502E1,-5.851680554556E1,
-2.273995231638E2));
#2917=CARTESIAN_POINT('',(9.235464060310E1,-5.759966468418E1,
-2.273969394146E2));
#2918=CARTESIAN_POINT('',(9.101540330031E1,-5.648624439630E1,
-2.273947782244E2));
#2919=CARTESIAN_POINT('',(8.928509374324E1,-5.498554834374E1,
-2.273930633453E2));
#2920=CARTESIAN_POINT('',(8.719009178345E1,-5.307766010663E1,
-2.273918934139E2));
#2921=CARTESIAN_POINT('',(8.474564829407E1,-5.073949069298E1,
-2.273913224037E2));
#2922=CARTESIAN_POINT('',(8.235657606631E1,-4.835327931960E1,
-2.273912633183E2));
#2923=CARTESIAN_POINT('',(7.927508642326E1,-4.513354296201E1,
-2.273922341875E2));
#2924=CARTESIAN_POINT('',(7.704602603351E1,-4.265144285291E1,
-2.273928887952E2));
#2925=CARTESIAN_POINT('',(7.560313536807E1,-4.088224201671E1,
-2.273962269976E2));
#2927=CARTESIAN_POINT('',(7.560313536807E1,-4.088224201671E1,
-2.273962269976E2));
#2928=CARTESIAN_POINT('',(7.559510630986E1,-4.088942256967E1,
-2.278111613275E2));
#2929=CARTESIAN_POINT('',(7.567812202997E1,-4.081433290457E1,
-2.285991894765E2));
#2930=CARTESIAN_POINT('',(7.599579352665E1,-4.054461601391E1,
-2.295686188250E2));
#2931=CARTESIAN_POINT('',(7.657510933652E1,-4.012659907749E1,
-2.304630932999E2));
#2932=CARTESIAN_POINT('',(7.740015859721E1,-3.970235816071E1,
-2.310900425209E2));
#2933=CARTESIAN_POINT('',(7.836227277883E1,-3.942282947223E1,-2.314261407E2));
#2934=CARTESIAN_POINT('',(7.912534922093E1,-3.935524232397E1,
-2.315001080736E2));
#2935=CARTESIAN_POINT('',(7.953478019433E1,-3.935533906598E1,
-2.314999999127E2));
#2937=CARTESIAN_POINT('',(1.26E2,-4.E0,-2.315E2));
#2938=DIRECTION('',(0.E0,0.E0,1.E0));
#2939=DIRECTION('',(-7.071067811865E-1,-7.071067811866E-1,0.E0));
#2940=AXIS2_PLACEMENT_3D('',#2937,#2938,#2939);
#2942=CARTESIAN_POINT('',(9.669291581631E1,-5.587650143175E1,
-2.314999999999E2));
#2943=CARTESIAN_POINT('',(9.651876512120E1,-5.575258871041E1,
-2.314999999998E2));
#2944=CARTESIAN_POINT('',(9.590183935433E1,-5.530493036084E1,
-2.314999994530E2));
#2945=CARTESIAN_POINT('',(9.487180549965E1,-5.449331791297E1,
-2.314999998635E2));
#2946=CARTESIAN_POINT('',(9.360577202313E1,-5.344172769202E1,
-2.314999997261E2));
#2947=CARTESIAN_POINT('',(9.194791929694E1,-5.200385121937E1,
-2.314999997708E2));
#2948=CARTESIAN_POINT('',(8.991951519228E1,-5.015697803488E1,
-2.314999997496E2));
#2949=CARTESIAN_POINT('',(8.754065670416E1,-4.788172299118E1,
-2.314999997532E2));
#2950=CARTESIAN_POINT('',(8.521183754420E1,-4.555521546582E1,
-2.314999997641E2));
#2951=CARTESIAN_POINT('',(8.251441978431E1,-4.273878572023E1,
-2.314999997083E2));
#2952=CARTESIAN_POINT('',(8.063610819832E1,-4.065718160858E1,
-2.314999999126E2));
#2953=CARTESIAN_POINT('',(7.953478019433E1,-3.935533906598E1,
-2.314999999127E2));
#2955=CARTESIAN_POINT('',(1.379940737038E2,-5.65E1,-2.22E2));
#2956=CARTESIAN_POINT('',(1.353440543696E2,-5.694599632315E1,-2.22E2));
#2957=CARTESIAN_POINT('',(1.300377087901E2,-5.753286398656E1,
-2.221325148132E2));
#2958=CARTESIAN_POINT('',(1.220185872702E2,-5.753659630881E1,
-2.221333979215E2));
#2959=CARTESIAN_POINT('',(1.167107941456E2,-5.694624352479E1,-2.22E2));
#2960=CARTESIAN_POINT('',(1.140593059896E2,-5.65E1,-2.22E2));
#2962=DIRECTION('',(-9.999999999954E-1,3.038481262133E-6,-4.741644404586E-8));
#2963=VECTOR('',#2962,2.279838275538E1);
#2964=CARTESIAN_POINT('',(1.140593059896E2,-5.65E1,-2.22E2));
#2965=LINE('',#2964,#2963);
#2966=CARTESIAN_POINT('',(9.126092323433E1,-5.649993072754E1,
-2.220000010810E2));
#2967=CARTESIAN_POINT('',(9.146005903991E1,-5.666768483114E1,
-2.220000010810E2));
#2968=CARTESIAN_POINT('',(9.188696444846E1,-5.702854259285E1,
-2.220203885598E2));
#2969=CARTESIAN_POINT('',(9.264243319746E1,-5.765077656032E1,
-2.221500098544E2));
#2970=CARTESIAN_POINT('',(9.342644173183E1,-5.827891881660E1,
-2.223960114902E2));
#2971=CARTESIAN_POINT('',(9.417233717098E1,-5.885314526929E1,
-2.227433012820E2));
#2972=CARTESIAN_POINT('',(9.483325974983E1,-5.933669210058E1,
-2.231574726883E2));
#2973=CARTESIAN_POINT('',(9.540078202645E1,-5.972653929974E1,
-2.236122497924E2));
#2974=CARTESIAN_POINT('',(9.587648821306E1,-6.002770403514E1,
-2.240880825296E2));
#2975=CARTESIAN_POINT('',(9.627001319113E1,-6.024997785465E1,
-2.245757353420E2));
#2976=CARTESIAN_POINT('',(9.658776896589E1,-6.039898003932E1,
-2.250621746780E2));
#2977=CARTESIAN_POINT('',(9.683601786584E1,-6.048267831379E1,
-2.255384100483E2));
#2978=CARTESIAN_POINT('',(9.696193927491E1,-6.05E1,-2.258483906339E2));
#2979=CARTESIAN_POINT('',(9.701444217681E1,-6.05E1,-2.259999999999E2));
#2981=DIRECTION('',(1.E0,-2.450979056728E-14,2.647057381266E-13));
#2982=VECTOR('',#2981,5.798031882889E1);
#2983=CARTESIAN_POINT('',(9.701444217681E1,-6.05E1,-2.259999999999E2));
#2984=LINE('',#2983,#2982);
#2985=CARTESIAN_POINT('',(1.549947610057E2,-6.05E1,-2.259999999999E2));
#2986=CARTESIAN_POINT('',(1.550469166261E2,-6.05E1,-2.258494293875E2));
#2987=CARTESIAN_POINT('',(1.551725888297E2,-6.048290778308E1,
-2.255405993712E2));
#2988=CARTESIAN_POINT('',(1.554212398833E2,-6.039939021473E1,
-2.250633748367E2));
#2989=CARTESIAN_POINT('',(1.557418541053E2,-6.024918070046E1,
-2.245731877656E2));
#2990=CARTESIAN_POINT('',(1.561380240076E2,-6.002532238698E1,
-2.240835449925E2));
#2991=CARTESIAN_POINT('',(1.566163786924E2,-5.972248615160E1,
-2.236065315959E2));
#2992=CARTESIAN_POINT('',(1.571890761887E2,-5.932890599003E1,
-2.231494149086E2));
#2993=CARTESIAN_POINT('',(1.578523448836E2,-5.884311985699E1,
-2.227363810317E2));
#2994=CARTESIAN_POINT('',(1.585941035972E2,-5.827179535191E1,
-2.223922390473E2));
#2995=CARTESIAN_POINT('',(1.593847437446E2,-5.763799914428E1,
-2.221467852395E2));
#2996=CARTESIAN_POINT('',(1.601137996716E2,-5.703739537761E1,
-2.220222698639E2));
#2997=CARTESIAN_POINT('',(1.605465905931E2,-5.667186153970E1,
-2.220000010613E2));
#2998=CARTESIAN_POINT('',(1.607507488899E2,-5.649993089629E1,
-2.220000010613E2));
#3000=DIRECTION('',(-9.999999999954E-1,-3.036634505830E-6,4.663770342115E-8));
#3001=VECTOR('',#3000,2.275667518620E1);
#3002=CARTESIAN_POINT('',(1.607507488899E2,-5.649993089629E1,
-2.220000010613E2));
#3003=LINE('',#3002,#3001);
#3004=CARTESIAN_POINT('',(1.607507488899E2,-5.649993089629E1,
-2.220000010613E2));
#3005=CARTESIAN_POINT('',(1.612243227534E2,-5.609873770136E1,
-2.220000010613E2));
#3006=CARTESIAN_POINT('',(1.622363123420E2,-5.522303640246E1,
-2.219999995074E2));
#3007=CARTESIAN_POINT('',(1.639531047821E2,-5.367437986223E1,
-2.220000001320E2));
#3008=CARTESIAN_POINT('',(1.658337621343E2,-5.190998019805E1,
-2.219999999646E2));
#3009=CARTESIAN_POINT('',(1.675196327566E2,-5.027411497482E1,
-2.220000000095E2));
#3010=CARTESIAN_POINT('',(1.689587420177E2,-4.883773184425E1,
-2.219999999975E2));
#3011=CARTESIAN_POINT('',(1.702312773353E2,-4.753513834651E1,
-2.220000000007E2));
#3012=CARTESIAN_POINT('',(1.713539393518E2,-4.636029121438E1,
-2.219999999998E2));
#3013=CARTESIAN_POINT('',(1.723555888560E2,-4.529010671985E1,-2.22E2));
#3014=CARTESIAN_POINT('',(1.732479970336E2,-4.431690776285E1,-2.22E2));
#3015=CARTESIAN_POINT('',(1.740402619182E2,-4.343441767375E1,-2.22E2));
#3016=CARTESIAN_POINT('',(1.747428196694E2,-4.263492987718E1,-2.22E2));
#3017=CARTESIAN_POINT('',(1.753662790867E2,-4.191030035861E1,-2.22E2));
#3018=CARTESIAN_POINT('',(1.759197786272E2,-4.125307562589E1,-2.22E2));
#3019=CARTESIAN_POINT('',(1.764112331565E2,-4.065658428988E1,-2.22E2));
#3020=CARTESIAN_POINT('',(1.768474836827E2,-4.011483000423E1,-2.22E2));
#3021=CARTESIAN_POINT('',(1.772344438193E2,-3.962242048064E1,-2.22E2));
#3022=CARTESIAN_POINT('',(1.775772147102E2,-3.917450577547E1,-2.22E2));
#3023=CARTESIAN_POINT('',(1.778802973861E2,-3.876694559464E1,-2.22E2));
#3024=CARTESIAN_POINT('',(1.781480724233E2,-3.839547616634E1,-2.22E2));
#3025=CARTESIAN_POINT('',(1.783849615928E2,-3.805540657835E1,-2.22E2));
#3026=CARTESIAN_POINT('',(1.785944166600E2,-3.774298309221E1,-2.22E2));
#3027=CARTESIAN_POINT('',(1.787785679554E2,-3.745610531263E1,-2.22E2));
#3028=CARTESIAN_POINT('',(1.789397098149E2,-3.719214981073E1,-2.22E2));
#3029=CARTESIAN_POINT('',(1.790795991035E2,-3.694899258850E1,-2.22E2));
#3030=CARTESIAN_POINT('',(1.791996901780E2,-3.672444348093E1,-2.22E2));
#3031=CARTESIAN_POINT('',(1.793007965712E2,-3.651668123982E1,-2.22E2));
#3032=CARTESIAN_POINT('',(1.793831321295E2,-3.632423699651E1,-2.22E2));
#3033=CARTESIAN_POINT('',(1.794463174603E2,-3.614554701707E1,-2.22E2));
#3034=CARTESIAN_POINT('',(1.794886866206E2,-3.597869167015E1,-2.22E2));
#3035=CARTESIAN_POINT('',(1.795000986780E2,-3.587567784936E1,-2.22E2));
#3036=CARTESIAN_POINT('',(1.794999998535E2,-3.582626672037E1,-2.22E2));
#3038=DIRECTION('',(3.308628525547E-8,1.E0,-2.875327013619E-12));
#3039=VECTOR('',#3038,4.428340068629E0);
#3040=CARTESIAN_POINT('',(1.794999998535E2,-3.582626672037E1,-2.22E2));
#3041=LINE('',#3040,#3039);
#3042=CARTESIAN_POINT('',(1.735E2,-3.139792665174E1,-2.22E2));
#3043=DIRECTION('',(0.E0,0.E0,-1.E0));
#3044=DIRECTION('',(1.E0,0.E0,0.E0));
#3045=AXIS2_PLACEMENT_3D('',#3042,#3043,#3044);
#3047=CARTESIAN_POINT('',(1.260266898467E2,1.460775796628E1,-2.22E2));
#3048=DIRECTION('',(0.E0,0.E0,-1.E0));
#3049=DIRECTION('',(7.181198979987E-1,-6.959194005762E-1,0.E0));
#3050=AXIS2_PLACEMENT_3D('',#3047,#3048,#3049);
#3052=DIRECTION('',(0.E0,0.E0,1.E0));
#3053=VECTOR('',#3052,4.E0);
#3054=CARTESIAN_POINT('',(1.795E2,-3.139792665174E1,-2.22E2));
#3055=LINE('',#3054,#3053);
#3056=DIRECTION('',(-4.263256414561E-13,-4.192202140985E-13,-1.E0));
#3057=VECTOR('',#3056,4.E0);
#3058=CARTESIAN_POINT('',(1.778087193880E2,-3.557344305519E1,-2.18E2));
#3059=LINE('',#3058,#3057);
#3060=CARTESIAN_POINT('',(1.26E2,-4.E0,-2.335E2));
#3061=DIRECTION('',(0.E0,0.E0,1.E0));
#3062=DIRECTION('',(9.816513761468E-1,-1.906844925764E-1,0.E0));
#3063=AXIS2_PLACEMENT_3D('',#3060,#3061,#3062);
#3065=CARTESIAN_POINT('',(1.26E2,-4.E0,-2.335E2));
#3066=DIRECTION('',(0.E0,0.E0,1.E0));
#3067=DIRECTION('',(1.E0,0.E0,0.E0));
#3068=AXIS2_PLACEMENT_3D('',#3065,#3066,#3067);
#3070=CARTESIAN_POINT('',(8.072990290695E1,-2.275148818589E1,-2.35E2));
#3071=DIRECTION('',(0.E0,0.E0,1.E0));
#3072=DIRECTION('',(-1.E0,0.E0,0.E0));
#3073=AXIS2_PLACEMENT_3D('',#3070,#3071,#3072);
#3075=DIRECTION('',(5.453936564606E-10,-2.487254847885E-10,-1.E0));
#3076=VECTOR('',#3075,1.499999999182E0);
#3077=CARTESIAN_POINT('',(7.857990290695E1,-2.275148818589E1,-2.335E2));
#3078=LINE('',#3077,#3076);
#3079=DIRECTION('',(7.071067811865E-1,3.394916721438E-10,7.071067811866E-1));
#3080=VECTOR('',#3079,7.071067804421E-1);
#3081=CARTESIAN_POINT('',(7.807990290829E1,-2.275148818650E1,
-2.354999999987E2));
#3082=LINE('',#3081,#3080);
#3083=CARTESIAN_POINT('',(8.072990290695E1,-2.275148818589E1,-2.355E2));
#3084=DIRECTION('',(0.E0,0.E0,1.E0));
#3085=DIRECTION('',(-1.E0,0.E0,0.E0));
#3086=AXIS2_PLACEMENT_3D('',#3083,#3084,#3085);
#3088=CARTESIAN_POINT('',(8.072990290695E1,-2.275148818589E1,-2.355E2));
#3089=DIRECTION('',(0.E0,0.E0,1.E0));
#3090=DIRECTION('',(1.E0,0.E0,0.E0));
#3091=AXIS2_PLACEMENT_3D('',#3088,#3089,#3090);
#3093=CARTESIAN_POINT('',(8.072990290695E1,-2.275148818589E1,-2.355E2));
#3094=DIRECTION('',(0.E0,0.E0,1.E0));
#3095=DIRECTION('',(1.E0,0.E0,0.E0));
#3096=AXIS2_PLACEMENT_3D('',#3093,#3094,#3095);
#3098=CARTESIAN_POINT('',(8.072990290695E1,-2.275148818589E1,-2.355E2));
#3099=DIRECTION('',(0.E0,0.E0,1.E0));
#3100=DIRECTION('',(-1.E0,0.E0,0.E0));
#3101=AXIS2_PLACEMENT_3D('',#3098,#3099,#3100);
#3103=DIRECTION('',(0.E0,0.E0,-1.E0));
#3104=VECTOR('',#3103,4.E0);
#3105=CARTESIAN_POINT('',(7.660490290695E1,-2.275148818589E1,-2.355E2));
#3106=LINE('',#3105,#3104);
#3107=DIRECTION('',(0.E0,0.E0,-1.E0));
#3108=VECTOR('',#3107,4.E0);
#3109=CARTESIAN_POINT('',(8.485490290695E1,-2.275148818589E1,-2.355E2));
#3110=LINE('',#3109,#3108);
#3111=DIRECTION('',(-7.071067811865E-1,-3.394665506645E-10,7.071067811866E-1));
#3112=VECTOR('',#3111,7.071067804422E-1);
#3113=CARTESIAN_POINT('',(8.337990290561E1,-2.275148818528E1,
-2.354999999987E2));
#3114=LINE('',#3113,#3112);
#3115=CARTESIAN_POINT('',(8.072990290695E1,-2.275148818589E1,-2.35E2));
#3116=DIRECTION('',(0.E0,0.E0,1.E0));
#3117=DIRECTION('',(1.E0,0.E0,0.E0));
#3118=AXIS2_PLACEMENT_3D('',#3115,#3116,#3117);
#3120=DIRECTION('',(-5.454126042669E-10,2.487231163127E-10,-1.E0));
#3121=VECTOR('',#3120,1.499999999182E0);
#3122=CARTESIAN_POINT('',(8.287990290695E1,-2.275148818589E1,-2.335E2));
#3123=LINE('',#3122,#3121);
#3124=CARTESIAN_POINT('',(1.447514881859E2,-4.927009709305E1,-2.35E2));
#3125=DIRECTION('',(0.E0,0.E0,1.E0));
#3126=DIRECTION('',(-1.E0,0.E0,0.E0));
#3127=AXIS2_PLACEMENT_3D('',#3124,#3125,#3126);
#3129=DIRECTION('',(5.453936564606E-10,-2.487278532643E-10,-1.E0));
#3130=VECTOR('',#3129,1.499999999182E0);
#3131=CARTESIAN_POINT('',(1.426014881859E2,-4.927009709305E1,-2.335E2));
#3132=LINE('',#3131,#3130);
#3133=DIRECTION('',(7.071067811865E-1,3.394514777769E-10,7.071067811865E-1));
#3134=VECTOR('',#3133,7.071067804421E-1);
#3135=CARTESIAN_POINT('',(1.421014881872E2,-4.927009709366E1,
-2.354999999987E2));
#3136=LINE('',#3135,#3134);
#3137=CARTESIAN_POINT('',(1.447514881859E2,-4.927009709305E1,-2.355E2));
#3138=DIRECTION('',(0.E0,0.E0,1.E0));
#3139=DIRECTION('',(-1.E0,0.E0,0.E0));
#3140=AXIS2_PLACEMENT_3D('',#3137,#3138,#3139);
#3142=CARTESIAN_POINT('',(1.447514881859E2,-4.927009709305E1,-2.355E2));
#3143=DIRECTION('',(0.E0,0.E0,1.E0));
#3144=DIRECTION('',(1.E0,0.E0,0.E0));
#3145=AXIS2_PLACEMENT_3D('',#3142,#3143,#3144);
#3147=CARTESIAN_POINT('',(1.447514881859E2,-4.927009709305E1,-2.355E2));
#3148=DIRECTION('',(0.E0,0.E0,1.E0));
#3149=DIRECTION('',(1.E0,-1.340646671245E-14,0.E0));
#3150=AXIS2_PLACEMENT_3D('',#3147,#3148,#3149);
#3152=CARTESIAN_POINT('',(1.447514881859E2,-4.927009709305E1,-2.355E2));
#3153=DIRECTION('',(0.E0,0.E0,1.E0));
#3154=DIRECTION('',(-1.E0,1.340646671245E-14,0.E0));
#3155=AXIS2_PLACEMENT_3D('',#3152,#3153,#3154);
#3157=DIRECTION('',(0.E0,0.E0,-1.E0));
#3158=VECTOR('',#3157,4.E0);
#3159=CARTESIAN_POINT('',(1.406264881859E2,-4.927009709305E1,-2.355E2));
#3160=LINE('',#3159,#3158);
#3161=DIRECTION('',(0.E0,0.E0,-1.E0));
#3162=VECTOR('',#3161,4.E0);
#3163=CARTESIAN_POINT('',(1.488764881859E2,-4.927009709305E1,-2.355E2));
#3164=LINE('',#3163,#3162);
#3165=DIRECTION('',(-7.071067811865E-1,-3.394715749603E-10,7.071067811865E-1));
#3166=VECTOR('',#3165,7.071067804421E-1);
#3167=CARTESIAN_POINT('',(1.474014881846E2,-4.927009709244E1,
-2.354999999987E2));
#3168=LINE('',#3167,#3166);
#3169=CARTESIAN_POINT('',(1.447514881859E2,-4.927009709305E1,-2.35E2));
#3170=DIRECTION('',(0.E0,0.E0,1.E0));
#3171=DIRECTION('',(1.E0,0.E0,0.E0));
#3172=AXIS2_PLACEMENT_3D('',#3169,#3170,#3171);
#3174=DIRECTION('',(-5.454126042669E-10,2.487278532643E-10,-1.E0));
#3175=VECTOR('',#3174,1.499999999182E0);
#3176=CARTESIAN_POINT('',(1.469014881859E2,-4.927009709305E1,-2.335E2));
#3177=LINE('',#3176,#3175);
#3178=CARTESIAN_POINT('',(1.072485118141E2,-4.927009709305E1,-2.35E2));
#3179=DIRECTION('',(0.E0,0.E0,1.E0));
#3180=DIRECTION('',(-1.E0,0.E0,0.E0));
#3181=AXIS2_PLACEMENT_3D('',#3178,#3179,#3180);
#3183=DIRECTION('',(5.453936564606E-10,-2.487278532643E-10,-1.E0));
#3184=VECTOR('',#3183,1.499999999182E0);
#3185=CARTESIAN_POINT('',(1.050985118141E2,-4.927009709305E1,-2.335E2));
#3186=LINE('',#3185,#3184);
#3187=DIRECTION('',(7.071067811865E-1,3.394816235521E-10,7.071067811865E-1));
#3188=VECTOR('',#3187,7.071067804421E-1);
#3189=CARTESIAN_POINT('',(1.045985118154E2,-4.927009709366E1,
-2.354999999987E2));
#3190=LINE('',#3189,#3188);
#3191=CARTESIAN_POINT('',(1.072485118141E2,-4.927009709305E1,-2.355E2));
#3192=DIRECTION('',(0.E0,0.E0,1.E0));
#3193=DIRECTION('',(-1.E0,0.E0,0.E0));
#3194=AXIS2_PLACEMENT_3D('',#3191,#3192,#3193);
#3196=CARTESIAN_POINT('',(1.072485118141E2,-4.927009709305E1,-2.355E2));
#3197=DIRECTION('',(0.E0,0.E0,1.E0));
#3198=DIRECTION('',(1.E0,0.E0,0.E0));
#3199=AXIS2_PLACEMENT_3D('',#3196,#3197,#3198);
#3201=CARTESIAN_POINT('',(1.072485118141E2,-4.927009709305E1,-2.355E2));
#3202=DIRECTION('',(0.E0,0.E0,1.E0));
#3203=DIRECTION('',(1.E0,0.E0,0.E0));
#3204=AXIS2_PLACEMENT_3D('',#3201,#3202,#3203);
#3206=CARTESIAN_POINT('',(1.072485118141E2,-4.927009709305E1,-2.355E2));
#3207=DIRECTION('',(0.E0,0.E0,1.E0));
#3208=DIRECTION('',(-1.E0,1.072517336996E-14,0.E0));
#3209=AXIS2_PLACEMENT_3D('',#3206,#3207,#3208);
#3211=DIRECTION('',(0.E0,0.E0,-1.E0));
#3212=VECTOR('',#3211,4.E0);
#3213=CARTESIAN_POINT('',(1.031235118141E2,-4.927009709305E1,-2.355E2));
#3214=LINE('',#3213,#3212);
#3215=DIRECTION('',(0.E0,0.E0,-1.E0));
#3216=VECTOR('',#3215,4.E0);
#3217=CARTESIAN_POINT('',(1.113735118141E2,-4.927009709305E1,-2.355E2));
#3218=LINE('',#3217,#3216);
#3219=DIRECTION('',(-7.071067811865E-1,-3.394715749603E-10,7.071067811866E-1));
#3220=VECTOR('',#3219,7.071067804422E-1);
#3221=CARTESIAN_POINT('',(1.098985118128E2,-4.927009709244E1,
-2.354999999987E2));
#3222=LINE('',#3221,#3220);
#3223=CARTESIAN_POINT('',(1.072485118141E2,-4.927009709305E1,-2.35E2));
#3224=DIRECTION('',(0.E0,0.E0,1.E0));
#3225=DIRECTION('',(1.E0,0.E0,0.E0));
#3226=AXIS2_PLACEMENT_3D('',#3223,#3224,#3225);
#3228=DIRECTION('',(-5.453841825575E-10,2.487278532643E-10,-1.E0));
#3229=VECTOR('',#3228,1.499999999182E0);
#3230=CARTESIAN_POINT('',(1.093985118141E2,-4.927009709305E1,-2.335E2));
#3231=LINE('',#3230,#3229);
#3232=CARTESIAN_POINT('',(1.072485118141E2,4.127009709305E1,-2.35E2));
#3233=DIRECTION('',(0.E0,0.E0,1.E0));
#3234=DIRECTION('',(-1.E0,0.E0,0.E0));
#3235=AXIS2_PLACEMENT_3D('',#3232,#3233,#3234);
#3237=DIRECTION('',(5.453936564606E-10,-2.487231163127E-10,-1.E0));
#3238=VECTOR('',#3237,1.499999999182E0);
#3239=CARTESIAN_POINT('',(1.050985118141E2,4.127009709305E1,-2.335E2));
#3240=LINE('',#3239,#3238);
#3241=DIRECTION('',(7.071067811865E-1,3.394715749603E-10,7.071067811865E-1));
#3242=VECTOR('',#3241,7.071067804421E-1);
#3243=CARTESIAN_POINT('',(1.045985118154E2,4.127009709244E1,-2.354999999987E2));
#3244=LINE('',#3243,#3242);
#3245=CARTESIAN_POINT('',(1.072485118141E2,4.127009709305E1,-2.355E2));
#3246=DIRECTION('',(0.E0,0.E0,1.E0));
#3247=DIRECTION('',(-1.E0,0.E0,0.E0));
#3248=AXIS2_PLACEMENT_3D('',#3245,#3246,#3247);
#3250=CARTESIAN_POINT('',(1.072485118141E2,4.127009709305E1,-2.355E2));
#3251=DIRECTION('',(0.E0,0.E0,1.E0));
#3252=DIRECTION('',(1.E0,0.E0,0.E0));
#3253=AXIS2_PLACEMENT_3D('',#3250,#3251,#3252);
#3255=CARTESIAN_POINT('',(1.072485118141E2,4.127009709305E1,-2.355E2));
#3256=DIRECTION('',(0.E0,0.E0,1.E0));
#3257=DIRECTION('',(1.E0,0.E0,0.E0));
#3258=AXIS2_PLACEMENT_3D('',#3255,#3256,#3257);
#3260=CARTESIAN_POINT('',(1.072485118141E2,4.127009709305E1,-2.355E2));
#3261=DIRECTION('',(0.E0,0.E0,1.E0));
#3262=DIRECTION('',(-1.E0,0.E0,0.E0));
#3263=AXIS2_PLACEMENT_3D('',#3260,#3261,#3262);
#3265=DIRECTION('',(0.E0,0.E0,-1.E0));
#3266=VECTOR('',#3265,4.E0);
#3267=CARTESIAN_POINT('',(1.031235118141E2,4.127009709305E1,-2.355E2));
#3268=LINE('',#3267,#3266);
#3269=DIRECTION('',(0.E0,0.E0,-1.E0));
#3270=VECTOR('',#3269,4.E0);
#3271=CARTESIAN_POINT('',(1.113735118141E2,4.127009709305E1,-2.355E2));
#3272=LINE('',#3271,#3270);
#3273=DIRECTION('',(-7.071067811865E-1,-3.394816235521E-10,7.071067811866E-1));
#3274=VECTOR('',#3273,7.071067804422E-1);
#3275=CARTESIAN_POINT('',(1.098985118128E2,4.127009709366E1,-2.354999999987E2));
#3276=LINE('',#3275,#3274);
#3277=CARTESIAN_POINT('',(1.072485118141E2,4.127009709305E1,-2.35E2));
#3278=DIRECTION('',(0.E0,0.E0,1.E0));
#3279=DIRECTION('',(1.E0,0.E0,0.E0));
#3280=AXIS2_PLACEMENT_3D('',#3277,#3278,#3279);
#3282=DIRECTION('',(-5.453841825575E-10,2.487231163127E-10,-1.E0));
#3283=VECTOR('',#3282,1.499999999182E0);
#3284=CARTESIAN_POINT('',(1.093985118141E2,4.127009709305E1,-2.335E2));
#3285=LINE('',#3284,#3283);
#3286=CARTESIAN_POINT('',(1.447514881859E2,4.127009709305E1,-2.35E2));
#3287=DIRECTION('',(0.E0,0.E0,1.E0));
#3288=DIRECTION('',(-1.E0,0.E0,0.E0));
#3289=AXIS2_PLACEMENT_3D('',#3286,#3287,#3288);
#3291=DIRECTION('',(5.453936564606E-10,-2.487278532643E-10,-1.E0));
#3292=VECTOR('',#3291,1.499999999182E0);
#3293=CARTESIAN_POINT('',(1.426014881859E2,4.127009709305E1,-2.335E2));
#3294=LINE('',#3293,#3292);
#3295=DIRECTION('',(7.071067811865E-1,3.394715749603E-10,7.071067811866E-1));
#3296=VECTOR('',#3295,7.071067804422E-1);
#3297=CARTESIAN_POINT('',(1.421014881872E2,4.127009709244E1,-2.354999999987E2));
#3298=LINE('',#3297,#3296);
#3299=CARTESIAN_POINT('',(1.447514881859E2,4.127009709305E1,-2.355E2));
#3300=DIRECTION('',(0.E0,0.E0,1.E0));
#3301=DIRECTION('',(-1.E0,0.E0,0.E0));
#3302=AXIS2_PLACEMENT_3D('',#3299,#3300,#3301);
#3304=CARTESIAN_POINT('',(1.447514881859E2,4.127009709305E1,-2.355E2));
#3305=DIRECTION('',(0.E0,0.E0,1.E0));
#3306=DIRECTION('',(1.E0,0.E0,0.E0));
#3307=AXIS2_PLACEMENT_3D('',#3304,#3305,#3306);
#3309=CARTESIAN_POINT('',(1.447514881859E2,4.127009709305E1,-2.355E2));
#3310=DIRECTION('',(0.E0,0.E0,1.E0));
#3311=DIRECTION('',(1.E0,-1.340646671245E-14,0.E0));
#3312=AXIS2_PLACEMENT_3D('',#3309,#3310,#3311);
#3314=CARTESIAN_POINT('',(1.447514881859E2,4.127009709305E1,-2.355E2));
#3315=DIRECTION('',(0.E0,0.E0,1.E0));
#3316=DIRECTION('',(-1.E0,1.340646671245E-14,0.E0));
#3317=AXIS2_PLACEMENT_3D('',#3314,#3315,#3316);
#3319=DIRECTION('',(0.E0,0.E0,-1.E0));
#3320=VECTOR('',#3319,4.E0);
#3321=CARTESIAN_POINT('',(1.406264881859E2,4.127009709305E1,-2.355E2));
#3322=LINE('',#3321,#3320);
#3323=DIRECTION('',(0.E0,0.E0,-1.E0));
#3324=VECTOR('',#3323,4.E0);
#3325=CARTESIAN_POINT('',(1.488764881859E2,4.127009709305E1,-2.355E2));
#3326=LINE('',#3325,#3324);
#3327=DIRECTION('',(-7.071067811865E-1,-3.394514777769E-10,7.071067811865E-1));
#3328=VECTOR('',#3327,7.071067804421E-1);
#3329=CARTESIAN_POINT('',(1.474014881846E2,4.127009709366E1,-2.354999999987E2));
#3330=LINE('',#3329,#3328);
#3331=CARTESIAN_POINT('',(1.447514881859E2,4.127009709305E1,-2.35E2));
#3332=DIRECTION('',(0.E0,0.E0,1.E0));
#3333=DIRECTION('',(1.E0,0.E0,0.E0));
#3334=AXIS2_PLACEMENT_3D('',#3331,#3332,#3333);
#3336=DIRECTION('',(-5.454126042669E-10,2.487325902158E-10,-1.E0));
#3337=VECTOR('',#3336,1.499999999182E0);
#3338=CARTESIAN_POINT('',(1.469014881859E2,4.127009709305E1,-2.335E2));
#3339=LINE('',#3338,#3337);
#3340=DIRECTION('',(0.E0,0.E0,1.E0));
#3341=VECTOR('',#3340,6.E0);
#3342=CARTESIAN_POINT('',(1.615E2,-4.E0,-2.395E2));
#3343=LINE('',#3342,#3341);
#3344=DIRECTION('',(0.E0,0.E0,1.E0));
#3345=VECTOR('',#3344,6.E0);
#3346=CARTESIAN_POINT('',(9.05E1,-4.E0,-2.395E2));
#3347=LINE('',#3346,#3345);
#3348=CARTESIAN_POINT('',(8.072990290695E1,1.475148818589E1,-2.35E2));
#3349=DIRECTION('',(0.E0,0.E0,1.E0));
#3350=DIRECTION('',(-1.E0,0.E0,0.E0));
#3351=AXIS2_PLACEMENT_3D('',#3348,#3349,#3350);
#3353=DIRECTION('',(5.453936564606E-10,-2.487254847885E-10,-1.E0));
#3354=VECTOR('',#3353,1.499999999182E0);
#3355=CARTESIAN_POINT('',(7.857990290695E1,1.475148818589E1,-2.335E2));
#3356=LINE('',#3355,#3354);
#3357=DIRECTION('',(7.071067811865E-1,3.394665506645E-10,7.071067811866E-1));
#3358=VECTOR('',#3357,7.071067804421E-1);
#3359=CARTESIAN_POINT('',(7.807990290829E1,1.475148818528E1,-2.354999999987E2));
#3360=LINE('',#3359,#3358);
#3361=CARTESIAN_POINT('',(8.072990290695E1,1.475148818589E1,-2.355E2));
#3362=DIRECTION('',(0.E0,0.E0,1.E0));
#3363=DIRECTION('',(-1.E0,0.E0,0.E0));
#3364=AXIS2_PLACEMENT_3D('',#3361,#3362,#3363);
#3366=CARTESIAN_POINT('',(8.072990290695E1,1.475148818589E1,-2.355E2));
#3367=DIRECTION('',(0.E0,0.E0,1.E0));
#3368=DIRECTION('',(1.E0,0.E0,0.E0));
#3369=AXIS2_PLACEMENT_3D('',#3366,#3367,#3368);
#3371=CARTESIAN_POINT('',(8.072990290695E1,1.475148818589E1,-2.355E2));
#3372=DIRECTION('',(0.E0,0.E0,1.E0));
#3373=DIRECTION('',(1.E0,-1.005485003434E-14,0.E0));
#3374=AXIS2_PLACEMENT_3D('',#3371,#3372,#3373);
#3376=CARTESIAN_POINT('',(8.072990290695E1,1.475148818589E1,-2.355E2));
#3377=DIRECTION('',(0.E0,0.E0,1.E0));
#3378=DIRECTION('',(-1.E0,1.072517336996E-14,0.E0));
#3379=AXIS2_PLACEMENT_3D('',#3376,#3377,#3378);
#3381=DIRECTION('',(0.E0,0.E0,-1.E0));
#3382=VECTOR('',#3381,4.E0);
#3383=CARTESIAN_POINT('',(7.660490290695E1,1.475148818589E1,-2.355E2));
#3384=LINE('',#3383,#3382);
#3385=DIRECTION('',(0.E0,0.E0,-1.E0));
#3386=VECTOR('',#3385,4.E0);
#3387=CARTESIAN_POINT('',(8.485490290695E1,1.475148818589E1,-2.355E2));
#3388=LINE('',#3387,#3386);
#3389=DIRECTION('',(-7.071067811865E-1,-3.394690628124E-10,7.071067811866E-1));
#3390=VECTOR('',#3389,7.071067804421E-1);
#3391=CARTESIAN_POINT('',(8.337990290561E1,1.475148818650E1,-2.354999999987E2));
#3392=LINE('',#3391,#3390);
#3393=CARTESIAN_POINT('',(8.072990290695E1,1.475148818589E1,-2.35E2));
#3394=DIRECTION('',(0.E0,0.E0,1.E0));
#3395=DIRECTION('',(1.E0,0.E0,0.E0));
#3396=AXIS2_PLACEMENT_3D('',#3393,#3394,#3395);
#3398=DIRECTION('',(-5.453936564606E-10,2.487254847885E-10,-1.E0));
#3399=VECTOR('',#3398,1.499999999182E0);
#3400=CARTESIAN_POINT('',(8.287990290695E1,1.475148818589E1,-2.335E2));
#3401=LINE('',#3400,#3399);
#3402=DIRECTION('',(-1.893676092508E-14,-4.085932465229E-2,-9.991649091061E-1));
#3403=VECTOR('',#3402,7.279243334317E1);
#3404=CARTESIAN_POINT('',(7.E1,-3.502575037186E1,-1.667683558855E2));
#3405=LINE('',#3404,#3403);
#3406=DIRECTION('',(0.E0,1.E0,1.833380587732E-8));
#3407=VECTOR('',#3406,5.075000003806E1);
#3408=CARTESIAN_POINT('',(7.E1,-3.800000003806E1,-2.395000009304E2));
#3409=LINE('',#3408,#3407);
#3410=DIRECTION('',(5.900702749459E-14,0.E0,1.E0));
#3411=VECTOR('',#3410,7.273164411450E1);
#3412=CARTESIAN_POINT('',(7.E1,1.275E1,-2.395E2));
#3413=LINE('',#3412,#3411);
#3414=DIRECTION('',(-5.294594265119E-14,-1.E0,3.093470806586E-14));
#3415=VECTOR('',#3414,4.777575037186E1);
#3416=CARTESIAN_POINT('',(7.E1,1.275E1,-1.667683558855E2));
#3417=LINE('',#3416,#3415);
#3418=CARTESIAN_POINT('',(7.E1,-3.502575037186E1,-1.667683558855E2));
#3419=CARTESIAN_POINT('',(6.999991812333E1,-3.507667711372E1,
-1.667683421801E2));
#3420=CARTESIAN_POINT('',(7.001146604733E1,-3.518721079109E1,
-1.667709326035E2));
#3421=CARTESIAN_POINT('',(7.005600425415E1,-3.536614558253E1,
-1.667814374145E2));
#3422=CARTESIAN_POINT('',(7.012335387088E1,-3.555991883416E1,
-1.667976934253E2));
#3423=CARTESIAN_POINT('',(7.021140236316E1,-3.576847682240E1,
-1.668192708219E2));
#3424=CARTESIAN_POINT('',(7.031959134536E1,-3.599357675675E1,
-1.668460732331E2));
#3425=CARTESIAN_POINT('',(7.044840608427E1,-3.623727342859E1,
-1.668782502273E2));
#3426=CARTESIAN_POINT('',(7.059889557399E1,-3.650178587087E1,
-1.669160850713E2));
#3427=CARTESIAN_POINT('',(7.077265826696E1,-3.678949617208E1,
-1.669600190759E2));
#3428=CARTESIAN_POINT('',(7.097180513850E1,-3.710299282750E1,
-1.670106155943E2));
#3429=CARTESIAN_POINT('',(7.119887660111E1,-3.744516173916E1,
-1.670685513260E2));
#3430=CARTESIAN_POINT('',(7.145688139765E1,-3.781923431733E1,
-1.671346257032E2));
#3431=CARTESIAN_POINT('',(7.174932605521E1,-3.822883792956E1,
-1.672097699731E2));
#3432=CARTESIAN_POINT('',(7.208028825632E1,-3.867807736536E1,
-1.672950642862E2));
#3433=CARTESIAN_POINT('',(7.245446885288E1,-3.917158408587E1,
-1.673917597337E2));
#3434=CARTESIAN_POINT('',(7.287724762440E1,-3.971453028516E1,
-1.675012624580E2));
#3435=CARTESIAN_POINT('',(7.335433637877E1,-4.031241280886E1,
-1.676250722187E2));
#3436=CARTESIAN_POINT('',(7.389242714656E1,-4.097144759351E1,
-1.677650046784E2));
#3437=CARTESIAN_POINT('',(7.449931410984E1,-4.169859065451E1,
-1.679231604454E2));
#3438=CARTESIAN_POINT('',(7.518400322575E1,-4.250155812027E1,
-1.681019788828E2));
#3439=CARTESIAN_POINT('',(7.595710349625E1,-4.338919640747E1,
-1.683043193564E2));
#3440=CARTESIAN_POINT('',(7.683078674869E1,-4.437099067433E1,
-1.685335288518E2));
#3441=CARTESIAN_POINT('',(7.781677217169E1,-4.545562228769E1,
-1.687924683249E2));
#3442=CARTESIAN_POINT('',(7.892687009888E1,-4.665186694942E1,
-1.690844332225E2));
#3443=CARTESIAN_POINT('',(8.017077286342E1,-4.796429802427E1,
-1.694121918940E2));
#3444=CARTESIAN_POINT('',(8.155939279051E1,-4.939741813573E1,
-1.697789425706E2));
#3445=CARTESIAN_POINT('',(8.308853994491E1,-5.093511681960E1,
-1.701839948954E2));
#3446=CARTESIAN_POINT('',(8.453846712881E1,-5.235539591270E1,
-1.705684370696E2));
#3447=CARTESIAN_POINT('',(8.580635398689E1,-5.356973191016E1,
-1.709051571597E2));
#3448=CARTESIAN_POINT('',(8.694760226512E1,-5.464021821540E1,
-1.712087546678E2));
#3449=CARTESIAN_POINT('',(8.797805843395E1,-5.558666469247E1,
-1.714835416775E2));
#3450=CARTESIAN_POINT('',(8.890990867926E1,-5.642403416071E1,
-1.717324916714E2));
#3451=CARTESIAN_POINT('',(8.975192489757E1,-5.716449982382E1,
-1.719576873079E2));
#3452=CARTESIAN_POINT('',(9.051368849448E1,-5.782003984448E1,
-1.721616877987E2));
#3453=CARTESIAN_POINT('',(9.120340165346E1,-5.840062043670E1,
-1.723466414365E2));
#3454=CARTESIAN_POINT('',(9.182844031307E1,-5.891485479980E1,
-1.725145082785E2));
#3455=CARTESIAN_POINT('',(9.239539711897E1,-5.937015640255E1,
-1.726670506789E2));
#3456=CARTESIAN_POINT('',(9.291011816523E1,-5.977279986648E1,
-1.728058435156E2));
#3457=CARTESIAN_POINT('',(9.337800094901E1,-6.012849516806E1,
-1.729322304886E2));
#3458=CARTESIAN_POINT('',(9.380400309298E1,-6.044243626676E1,
-1.730475248069E2));
#3459=CARTESIAN_POINT('',(9.419249668595E1,-6.071908794137E1,
-1.731528729844E2));
#3460=CARTESIAN_POINT('',(9.454734306347E1,-6.096229851922E1,
-1.732492956905E2));
#3461=CARTESIAN_POINT('',(9.487196991188E1,-6.117536366666E1,
-1.733377012821E2));
#3462=CARTESIAN_POINT('',(9.516943249876E1,-6.136107177848E1,
-1.734189072822E2));
#3463=CARTESIAN_POINT('',(9.544246662963E1,-6.152173773527E1,
-1.734936419635E2));
#3464=CARTESIAN_POINT('',(9.569354225297E1,-6.165914985249E1,
-1.735626170769E2));
#3465=CARTESIAN_POINT('',(9.592499816629E1,-6.177447970094E1,
-1.736264749354E2));
#3466=CARTESIAN_POINT('',(9.613892578216E1,-6.186827399105E1,
-1.736858007427E2));
#3467=CARTESIAN_POINT('',(9.633729378655E1,-6.194005693949E1,
-1.737411501103E2));
#3468=CARTESIAN_POINT('',(9.652020528096E1,-6.198764870788E1,
-1.737926494689E2));
#3469=CARTESIAN_POINT('',(9.663308733591E1,-6.200008009457E1,
-1.738247001296E2));
#3470=CARTESIAN_POINT('',(9.668504974301E1,-6.200000004982E1,
-1.738396346281E2));
#3472=CARTESIAN_POINT('',(9.694144484725E1,-6.200030482959E1,
-1.733440889820E2));
#3473=CARTESIAN_POINT('',(9.692896483289E1,-6.200036649143E1,
-1.732632312470E2));
#3474=CARTESIAN_POINT('',(9.684564811836E1,-6.198452623665E1,
-1.731032613426E2));
#3475=CARTESIAN_POINT('',(9.674705874464E1,-6.192224502496E1,
-1.728250381088E2));
#3476=CARTESIAN_POINT('',(9.663437825450E1,-6.183231850717E1,
-1.725327312296E2));
#3477=CARTESIAN_POINT('',(9.651539171149E1,-6.171587561011E1,
-1.722142625433E2));
#3478=CARTESIAN_POINT('',(9.638663434688E1,-6.157411328447E1,
-1.718698159446E2));
#3479=CARTESIAN_POINT('',(9.624685372742E1,-6.140582625557E1,
-1.714948459564E2));
#3480=CARTESIAN_POINT('',(9.609532706844E1,-6.121053589538E1,
-1.710880899996E2));
#3481=CARTESIAN_POINT('',(9.592966754035E1,-6.098444196704E1,
-1.706422574009E2));
#3482=CARTESIAN_POINT('',(9.574929795841E1,-6.072577410497E1,
-1.701550128175E2));
#3483=CARTESIAN_POINT('',(9.555216529188E1,-6.043034263700E1,
-1.696197515390E2));
#3484=CARTESIAN_POINT('',(9.533728772039E1,-6.009514061396E1,
-1.690325100498E2));
#3485=CARTESIAN_POINT('',(9.510308325403E1,-5.971601221695E1,
-1.683874745900E2));
#3486=CARTESIAN_POINT('',(9.484839545599E1,-5.928900195298E1,
-1.676792683417E2));
#3487=CARTESIAN_POINT('',(9.457086556996E1,-5.880811166765E1,
-1.668993064597E2));
#3488=CARTESIAN_POINT('',(9.426696534394E1,-5.826493151137E1,
-1.660357006241E2));
#3489=CARTESIAN_POINT('',(9.393531269713E1,-5.765386974997E1,
-1.650815680544E2));
#3490=CARTESIAN_POINT('',(9.357383707514E1,-5.696737097129E1,
-1.640271924164E2));
#3491=CARTESIAN_POINT('',(9.318000902110E1,-5.619583673434E1,
-1.628600914556E2));
#3492=CARTESIAN_POINT('',(9.275249023229E1,-5.533085722408E1,
-1.615700677496E2));
#3493=CARTESIAN_POINT('',(9.228886862781E1,-5.435972257843E1,
-1.601401067954E2));
#3494=CARTESIAN_POINT('',(9.178651035010E1,-5.326901582230E1,
-1.585508885763E2));
#3495=CARTESIAN_POINT('',(9.124638899817E1,-5.204989499268E1,
-1.567907978358E2));
#3496=CARTESIAN_POINT('',(9.067570604542E1,-5.070743246329E1,
-1.548682083560E2));
#3497=CARTESIAN_POINT('',(9.005213030105E1,-4.916671830902E1,
-1.526801370589E2));
#3498=CARTESIAN_POINT('',(8.946120494822E1,-4.762138514166E1,
-1.505059745692E2));
#3499=CARTESIAN_POINT('',(8.897803156033E1,-4.629067824484E1,
-1.486459897852E2));
#3500=CARTESIAN_POINT('',(8.856541738995E1,-4.510047628402E1,
-1.469911089130E2));
#3501=CARTESIAN_POINT('',(8.821123476476E1,-4.403127979977E1,
-1.455124128314E2));
#3502=CARTESIAN_POINT('',(8.790473734665E1,-4.306416608236E1,
-1.441828610330E2));
#3503=CARTESIAN_POINT('',(8.763952885697E1,-4.218991358445E1,
-1.429895669050E2));
#3504=CARTESIAN_POINT('',(8.740794055131E1,-4.139501524264E1,
-1.419134022239E2));
#3505=CARTESIAN_POINT('',(8.720564859948E1,-4.067292378063E1,
-1.409442493812E2));
#3506=CARTESIAN_POINT('',(8.702847794922E1,-4.001614664792E1,
-1.400709502013E2));
#3507=CARTESIAN_POINT('',(8.687286869773E1,-3.941765687707E1,
-1.392831659218E2));
#3508=CARTESIAN_POINT('',(8.673595324570E1,-3.887167960136E1,
-1.385723978228E2));
#3509=CARTESIAN_POINT('',(8.661528829107E1,-3.837296559710E1,
-1.379309811170E2));
#3510=CARTESIAN_POINT('',(8.650876677490E1,-3.791656412401E1,
-1.373518123499E2));
#3511=CARTESIAN_POINT('',(8.641480750325E1,-3.749909523452E1,
-1.368298813725E2));
#3512=CARTESIAN_POINT('',(8.633170048318E1,-3.711639142525E1,
-1.363592030708E2));
#3513=CARTESIAN_POINT('',(8.625784386841E1,-3.676404523248E1,
-1.359336861937E2));
#3514=CARTESIAN_POINT('',(8.619220850137E1,-3.643963773527E1,
-1.355497034051E2));
#3515=CARTESIAN_POINT('',(8.613380618006E1,-3.614052513343E1,
-1.352034083660E2));
#3516=CARTESIAN_POINT('',(8.608180570393E1,-3.586441699506E1,
-1.348914537138E2));
#3517=CARTESIAN_POINT('',(8.603548412457E1,-3.560921589970E1,
-1.346107951931E2));
#3518=CARTESIAN_POINT('',(8.599421517538E1,-3.537300179144E1,
-1.343586806426E2));
#3519=CARTESIAN_POINT('',(8.595745819093E1,-3.515401673037E1,
-1.341326362942E2));
#3520=CARTESIAN_POINT('',(8.592475018560E1,-3.495065279211E1,
-1.339304593041E2));
#3521=CARTESIAN_POINT('',(8.589569606279E1,-3.476142441328E1,
-1.337501934695E2));
#3522=CARTESIAN_POINT('',(8.586999390005E1,-3.458493166398E1,
-1.335901480606E2));
#3523=CARTESIAN_POINT('',(8.584744111631E1,-3.442022869633E1,
-1.334491740853E2));
#3524=CARTESIAN_POINT('',(8.582778773221E1,-3.426571210327E1,
-1.333257192366E2));
#3525=CARTESIAN_POINT('',(8.581085868212E1,-3.411997592264E1,
-1.332187768357E2));
#3526=CARTESIAN_POINT('',(8.579652349376E1,-3.398185203812E1,
-1.331279807365E2));
#3527=CARTESIAN_POINT('',(8.578492800186E1,-3.385090001378E1,
-1.330538905295E2));
#3528=CARTESIAN_POINT('',(8.577588502090E1,-3.372698049043E1,
-1.329976819717E2));
#3529=CARTESIAN_POINT('',(8.577082560565E1,-3.360811661635E1,
-1.329604658282E2));
#3530=CARTESIAN_POINT('',(8.576754835168E1,-3.353480563885E1,
-1.329522793397E2));
#3531=CARTESIAN_POINT('',(8.576756189241E1,-3.349999727960E1,
-1.329523788712E2));
#3533=CARTESIAN_POINT('',(1.516463273329E2,-3.349999948037E1,
-1.437813024079E2));
#3534=CARTESIAN_POINT('',(1.516461832703E2,-3.368400451521E1,
-1.437810227724E2));
#3535=CARTESIAN_POINT('',(1.517312948834E2,-3.437805259213E1,
-1.439462333559E2));
#3536=CARTESIAN_POINT('',(1.524048252685E2,-3.677130920208E1,
-1.452535823134E2));
#3537=CARTESIAN_POINT('',(1.543621408080E2,-4.200587593208E1,
-1.490529481697E2));
#3538=CARTESIAN_POINT('',(1.574896662422E2,-4.924627923035E1,
-1.551233934860E2));
#3539=CARTESIAN_POINT('',(1.600900468982E2,-5.460230087240E1,
-1.601717872689E2));
#3540=CARTESIAN_POINT('',(1.613061095686E2,-5.690239257594E1,
-1.625311419687E2));
#3541=CARTESIAN_POINT('',(1.616026552219E2,-5.744957115100E1,
-1.631067576758E2));
#3543=CARTESIAN_POINT('',(1.616026552219E2,-5.744957115100E1,
-1.631067576758E2));
#3544=CARTESIAN_POINT('',(1.613526190248E2,-5.767711442806E1,
-1.635384710728E2));
#3545=CARTESIAN_POINT('',(1.608679405760E2,-5.810946223734E1,
-1.643623653264E2));
#3546=CARTESIAN_POINT('',(1.602052540510E2,-5.869104537522E1,
-1.654783885663E2));
#3547=CARTESIAN_POINT('',(1.595943545285E2,-5.921381561651E1,
-1.664929937578E2));
#3548=CARTESIAN_POINT('',(1.590335203044E2,-5.967923153805E1,
-1.674111694316E2));
#3549=CARTESIAN_POINT('',(1.585194378320E2,-6.009170292938E1,
-1.682419170593E2));
#3550=CARTESIAN_POINT('',(1.580495263129E2,-6.045566635411E1,
-1.689939192396E2));
#3551=CARTESIAN_POINT('',(1.576212065815E2,-6.077415582056E1,
-1.696732227445E2));
#3552=CARTESIAN_POINT('',(1.572315309770E2,-6.105133345122E1,
-1.702876752334E2));
#3553=CARTESIAN_POINT('',(1.568785799254E2,-6.128973148310E1,
-1.708421275618E2));
#3554=CARTESIAN_POINT('',(1.565578232222E2,-6.149208518965E1,
-1.713429197129E2));
#3555=CARTESIAN_POINT('',(1.562663981388E2,-6.165998812202E1,
-1.717938115670E2));
#3556=CARTESIAN_POINT('',(1.559981572931E2,-6.179830852985E1,
-1.722072477022E2));
#3557=CARTESIAN_POINT('',(1.557486539696E2,-6.190775016287E1,
-1.725930623803E2));
#3558=CARTESIAN_POINT('',(1.555193109808E2,-6.198153078840E1,
-1.729431693207E2));
#3559=CARTESIAN_POINT('',(1.553861441272E2,-6.200036244118E1,
-1.731519395824E2));
#3560=CARTESIAN_POINT('',(1.553223058955E2,-6.200030470348E1,
-1.732470797659E2));
#3562=DIRECTION('',(4.038327368216E-2,4.595343439968E-6,-9.991842628793E-1));
#3563=VECTOR('',#3562,6.630701024324E1);
#3564=CARTESIAN_POINT('',(1.553223058955E2,-6.200030470348E1,
-1.732470797659E2));
#3565=LINE('',#3564,#3563);
#3566=DIRECTION('',(4.085885782766E-2,-7.581901479459E-10,9.991649281961E-1));
#3567=VECTOR('',#3566,6.571524231784E1);
#3568=CARTESIAN_POINT('',(9.400000000004E1,-6.2E1,-2.395E2));
#3569=LINE('',#3568,#3567);
#3570=DIRECTION('',(4.595336904514E-1,-5.462529128247E-4,8.881601707732E-1));
#3571=VECTOR('',#3570,5.579462606691E-1);
#3572=CARTESIAN_POINT('',(9.668504974301E1,-6.200000004982E1,
-1.738396346281E2));
#3573=LINE('',#3572,#3571);
#3574=CARTESIAN_POINT('',(1.26E2,-6.200091420434E1,-9.4E1));
#3575=DIRECTION('',(-3.019027523103E-14,-1.E0,-1.899065700017E-14));
#3576=DIRECTION('',(-3.439009819501E-1,2.825416348406E-14,-9.390059183060E-1));
#3577=AXIS2_PLACEMENT_3D('',#3574,#3575,#3576);
#3579=CARTESIAN_POINT('',(1.616026552219E2,-5.744957115100E1,
-1.631067576758E2));
#3580=CARTESIAN_POINT('',(1.621926703893E2,-5.691380564534E1,
-1.620900355153E2));
#3581=CARTESIAN_POINT('',(1.633996561926E2,-5.579296105392E1,
-1.600146580178E2));
#3582=CARTESIAN_POINT('',(1.653854663890E2,-5.385986549886E1,
-1.565926596049E2));
#3583=CARTESIAN_POINT('',(1.671460893767E2,-5.208514081138E1,
-1.535657690490E2));
#3584=CARTESIAN_POINT('',(1.686856135741E2,-5.049199877647E1,
-1.509205416862E2));
#3585=CARTESIAN_POINT('',(1.700550600621E2,-4.904058114630E1,
-1.485688240153E2));
#3586=CARTESIAN_POINT('',(1.712767564312E2,-4.771741988391E1,
-1.464705078986E2));
#3587=CARTESIAN_POINT('',(1.723742074936E2,-4.650633070292E1,
-1.445864589192E2));
#3588=CARTESIAN_POINT('',(1.733643014144E2,-4.539450493648E1,
-1.428881470569E2));
#3589=CARTESIAN_POINT('',(1.742596455676E2,-4.437210009114E1,
-1.413540189290E2));
#3590=CARTESIAN_POINT('',(1.750663008263E2,-4.343552426345E1,
-1.399725557995E2));
#3591=CARTESIAN_POINT('',(1.757939607908E2,-4.257611196745E1,
-1.387262605870E2));
#3592=CARTESIAN_POINT('',(1.764515429136E2,-4.178618475720E1,
-1.375999392126E2));
#3593=CARTESIAN_POINT('',(1.770472283058E2,-4.105855727945E1,
-1.365800786193E2));
#3594=CARTESIAN_POINT('',(1.775859748003E2,-4.038938058971E1,
-1.356582501626E2));
#3595=CARTESIAN_POINT('',(1.780729917916E2,-3.977417478351E1,
-1.348254394659E2));
#3596=CARTESIAN_POINT('',(1.785135280650E2,-3.920803757554E1,
-1.340725970738E2));
#3597=CARTESIAN_POINT('',(1.789120653390E2,-3.868670594728E1,
-1.333919754030E2));
#3598=CARTESIAN_POINT('',(1.792724546276E2,-3.820645561102E1,
-1.327769168859E2));
#3599=CARTESIAN_POINT('',(1.795979360707E2,-3.776409732098E1,
-1.322217810725E2));
#3600=CARTESIAN_POINT('',(1.798913925673E2,-3.735688047193E1,
-1.317215086382E2));
#3601=CARTESIAN_POINT('',(1.801556594761E2,-3.698204172705E1,
-1.312711903029E2));
#3602=CARTESIAN_POINT('',(1.803933304791E2,-3.663701107477E1,
-1.308663397009E2));
#3603=CARTESIAN_POINT('',(1.806067795418E2,-3.631940866934E1,
-1.305028674321E2));
#3604=CARTESIAN_POINT('',(1.807981918510E2,-3.602700357402E1,
-1.301770242832E2));
#3605=CARTESIAN_POINT('',(1.809695633951E2,-3.575772254292E1,
-1.298853951903E2));
#3606=CARTESIAN_POINT('',(1.811227277845E2,-3.550961622977E1,
-1.296248784449E2));
#3607=CARTESIAN_POINT('',(1.812593835731E2,-3.528081623058E1,
-1.293926356367E2));
#3608=CARTESIAN_POINT('',(1.813810332094E2,-3.506963251197E1,
-1.291861373890E2));
#3609=CARTESIAN_POINT('',(1.814890272361E2,-3.487450191315E1,
-1.290031068302E2));
#3610=CARTESIAN_POINT('',(1.815846254596E2,-3.469381891450E1,
-1.288413861422E2));
#3611=CARTESIAN_POINT('',(1.816687737886E2,-3.452634894228E1,
-1.286993125428E2));
#3612=CARTESIAN_POINT('',(1.817425307170E2,-3.437047631959E1,
-1.285750457956E2));
#3613=CARTESIAN_POINT('',(1.818068987840E2,-3.422433486352E1,
-1.284668458194E2));
#3614=CARTESIAN_POINT('',(1.818623011688E2,-3.408694984626E1,
-1.283739515580E2));
#3615=CARTESIAN_POINT('',(1.819091318135E2,-3.395699736376E1,
-1.282956496184E2));
#3616=CARTESIAN_POINT('',(1.819473562303E2,-3.383342522549E1,
-1.282319392449E2));
#3617=CARTESIAN_POINT('',(1.819764048560E2,-3.371616436956E1,
-1.281836930886E2));
#3618=CARTESIAN_POINT('',(1.819955219972E2,-3.360312390653E1,
-1.281520583229E2));
#3619=CARTESIAN_POINT('',(1.820000534621E2,-3.353325236601E1,
-1.281445543464E2));
#3620=CARTESIAN_POINT('',(1.82E2,-3.349999999999E1,-1.281445818890E2));
#3622=DIRECTION('',(-4.222414408562E-1,-4.085832600273E-2,-9.055621253233E-1));
#3623=VECTOR('',#3622,3.734252578440E1);
#3624=CARTESIAN_POINT('',(8.576756189241E1,-3.349999727960E1,
-1.329523788712E2));
#3625=LINE('',#3624,#3623);
#3626=DIRECTION('',(-2.145839061996E-11,7.931788559290E-11,1.E0));
#3627=VECTOR('',#3626,5.E-1);
#3628=CARTESIAN_POINT('',(8.643747201452E1,3.177724978755E1,-2.395E2));
#3629=LINE('',#3628,#3627);
#3630=DIRECTION('',(-1.841726771090E-11,2.941646926047E-12,-1.E0));
#3631=VECTOR('',#3630,5.E-1);
#3632=CARTESIAN_POINT('',(9.022275021245E1,3.556252798548E1,-2.39E2));
#3633=LINE('',#3632,#3631);
#3634=DIRECTION('',(5.172751116334E-11,3.837641315840E-11,1.E0));
#3635=VECTOR('',#3634,5.E-1);
#3636=CARTESIAN_POINT('',(9.470881129358E1,2.057024700732E1,-2.395E2));
#3637=LINE('',#3636,#3635);
#3638=DIRECTION('',(-1.375610736432E-11,2.742694960034E-11,-1.E0));
#3639=VECTOR('',#3638,5.E-1);
#3640=CARTESIAN_POINT('',(8.973673791417E1,2.175710618308E1,-2.39E2));
#3641=LINE('',#3640,#3639);
#3642=DIRECTION('',(-1.691091711109E-11,8.668621376273E-12,1.E0));
#3643=VECTOR('',#3642,5.E-1);
#3644=CARTESIAN_POINT('',(1.002428974434E2,3.226326089354E1,-2.395E2));
#3645=LINE('',#3644,#3643);
#3646=DIRECTION('',(3.697664396896E-11,5.031353111917E-11,-1.E0));
#3647=VECTOR('',#3646,5.E-1);
#3648=CARTESIAN_POINT('',(1.014297529927E2,2.729118870640E1,-2.39E2));
#3649=LINE('',#3648,#3647);
#3650=DIRECTION('',(-9.498366682052E-1,3.127463888407E-1,0.E0));
#3651=VECTOR('',#3650,1.054933712958E1);
#3652=CARTESIAN_POINT('',(1.002428974434E2,3.226326089354E1,-2.39E2));
#3653=LINE('',#3652,#3651);
#3654=CARTESIAN_POINT('',(8.928819370444E1,3.271180629556E1,-2.39E2));
#3655=DIRECTION('',(0.E0,0.E0,1.E0));
#3656=DIRECTION('',(3.115186625902E-1,9.502400343376E-1,0.E0));
#3657=AXIS2_PLACEMENT_3D('',#3654,#3655,#3656);
#3659=CARTESIAN_POINT('',(8.928819370444E1,3.271180629556E1,-2.39E2));
#3660=DIRECTION('',(0.E0,0.E0,1.E0));
#3661=DIRECTION('',(-1.E0,-6.779525089466E-11,0.E0));
#3662=AXIS2_PLACEMENT_3D('',#3659,#3660,#3661);
#3664=DIRECTION('',(3.127463889925E-1,-9.498366681552E-1,0.E0));
#3665=VECTOR('',#3664,1.054933331219E1);
#3666=CARTESIAN_POINT('',(8.643747201451E1,3.177724978759E1,-2.39E2));
#3667=LINE('',#3666,#3665);
#3668=CARTESIAN_POINT('',(9.258749095002E1,2.269156735088E1,-2.39E2));
#3669=DIRECTION('',(0.E0,0.E0,1.E0));
#3670=DIRECTION('',(-9.502504552337E-1,-3.114868734443E-1,0.E0));
#3671=AXIS2_PLACEMENT_3D('',#3668,#3669,#3670);
#3673=DIRECTION('',(7.071067811865E-1,7.071067811865E-1,0.E0));
#3674=VECTOR('',#3673,9.504846902731E0);
#3675=CARTESIAN_POINT('',(9.470881129361E1,2.057024700734E1,-2.39E2));
#3676=LINE('',#3675,#3674);
#3677=CARTESIAN_POINT('',(9.930843264912E1,2.941250904998E1,-2.39E2));
#3678=DIRECTION('',(0.E0,0.E0,1.E0));
#3679=DIRECTION('',(7.071067811636E-1,-7.071067812095E-1,0.E0));
#3680=AXIS2_PLACEMENT_3D('',#3677,#3678,#3679);
#3682=CARTESIAN_POINT('',(9.930843264912E1,2.941250904998E1,-2.39E2));
#3683=DIRECTION('',(0.E0,0.E0,1.E0));
#3684=DIRECTION('',(1.E0,-2.293513527244E-11,0.E0));
#3685=AXIS2_PLACEMENT_3D('',#3682,#3683,#3684);
#3687=CARTESIAN_POINT('',(8.105553170308E1,-4.386678567059E1,
-1.678402584816E2));
#3688=CARTESIAN_POINT('',(8.132729603979E1,-4.371239310441E1,
-1.669955016835E2));
#3689=CARTESIAN_POINT('',(8.187069474269E1,-4.340296488804E1,
-1.653061365442E2));
#3690=CARTESIAN_POINT('',(8.268582751711E1,-4.293550790221E1,
-1.627722790851E2));
#3691=CARTESIAN_POINT('',(8.322901832793E1,-4.262208327291E1,
-1.610842983032E2));
#3692=CARTESIAN_POINT('',(8.350062781180E1,-4.246481211519E1,
-1.602400228522E2));
#3694=CARTESIAN_POINT('',(8.350062781180E1,-4.246481211519E1,
-1.602400228522E2));
#3695=CARTESIAN_POINT('',(8.353551412587E1,-4.244470299581E1,
-1.601317633181E2));
#3696=CARTESIAN_POINT('',(8.359358907227E1,-4.238908219246E1,
-1.599088382575E2));
#3697=CARTESIAN_POINT('',(8.364327936356E1,-4.225893190939E1,
-1.595525182573E2));
#3698=CARTESIAN_POINT('',(8.364960535027E1,-4.207782442593E1,
-1.591814343333E2));
#3699=CARTESIAN_POINT('',(8.360707368842E1,-4.183937247957E1,
-1.587939459953E2));
#3700=CARTESIAN_POINT('',(8.351043044022E1,-4.154309152216E1,
-1.584012456480E2));
#3701=CARTESIAN_POINT('',(8.335270520648E1,-4.118178624233E1,
-1.580050954548E2));
#3702=CARTESIAN_POINT('',(8.312766707488E1,-4.075274789694E1,
-1.576156503686E2));
#3703=CARTESIAN_POINT('',(8.282410610596E1,-4.024522166367E1,
-1.572386563789E2));
#3704=CARTESIAN_POINT('',(8.243350883144E1,-3.965647836562E1,
-1.568925231375E2));
#3705=CARTESIAN_POINT('',(8.196800905587E1,-3.901210892068E1,
-1.566097937007E2));
#3706=CARTESIAN_POINT('',(8.162311083054E1,-3.856773856024E1,
-1.564785231718E2));
#3707=CARTESIAN_POINT('',(8.144181609244E1,-3.834174296952E1,
-1.564285660873E2));
#3709=DIRECTION('',(-4.046765709241E-7,9.999999999999E-1,1.950631711524E-7));
#3710=VECTOR('',#3709,5.109174296953E1);
#3711=CARTESIAN_POINT('',(8.144181609244E1,-3.834174296952E1,
-1.564285660873E2));
#3712=LINE('',#3711,#3710);
#3713=DIRECTION('',(1.262697283110E-5,-9.999999993776E-1,3.294456726237E-5));
#3714=VECTOR('',#3713,5.521481214955E1);
#3715=CARTESIAN_POINT('',(8.349993061587E1,1.275E1,-1.602418418803E2));
#3716=LINE('',#3715,#3714);
#3717=DIRECTION('',(2.987192636050E-12,1.E0,6.490258388842E-12));
#3718=VECTOR('',#3717,4.550795772762E1);
#3719=CARTESIAN_POINT('',(7.951983996746E1,-3.275795772762E1,
-1.522684971510E2));
#3720=LINE('',#3719,#3718);
#3721=DIRECTION('',(4.222304412223E-1,4.283084109449E-2,9.054761032497E-1));
#3722=VECTOR('',#3721,1.502071461204E1);
#3723=CARTESIAN_POINT('',(7.951983996746E1,-3.275795772762E1,
-1.522684971510E2));
#3724=LINE('',#3723,#3722);
#3725=DIRECTION('',(-4.226182617408E-1,-1.441652742183E-11,-9.063077870366E-1));
#3726=VECTOR('',#3725,4.795840140977E0);
#3727=CARTESIAN_POINT('',(8.788885254945E1,-2.85E1,-1.343210917511E2));
#3728=LINE('',#3727,#3726);
#3729=CARTESIAN_POINT('',(8.767455856971E1,-3.086540216726E1,
-1.375126764740E2));
#3730=CARTESIAN_POINT('',(8.783334964303E1,-3.097763727822E1,
-1.375126334915E2));
#3731=CARTESIAN_POINT('',(8.814732749469E1,-3.117046797831E1,
-1.375511046734E2));
#3732=CARTESIAN_POINT('',(8.859650375420E1,-3.136873220034E1,
-1.377192197806E2));
#3733=CARTESIAN_POINT('',(8.884855158009E1,-3.143816984299E1,
-1.378866975560E2));
#3734=CARTESIAN_POINT('',(8.896290571687E1,-3.146151455305E1,
-1.379829926692E2));
#3736=CARTESIAN_POINT('',(8.896290571687E1,-3.146151455305E1,
-1.379829926692E2));
#3737=CARTESIAN_POINT('',(8.900474615908E1,-3.147005602666E1,
-1.380182255698E2));
#3738=CARTESIAN_POINT('',(8.908882170919E1,-3.148430640555E1,
-1.380888214604E2));
#3739=CARTESIAN_POINT('',(8.921581224873E1,-3.149714602351E1,
-1.381948233469E2));
#3740=CARTESIAN_POINT('',(8.930078724777E1,-3.15E1,-1.382653456949E2));
#3741=CARTESIAN_POINT('',(8.934331767125E1,-3.15E1,-1.383005377406E2));
#3743=CARTESIAN_POINT('',(8.516992918833E1,-2.85E1,-1.330532369659E2));
#3744=DIRECTION('',(0.E0,1.E0,0.E0));
#3745=DIRECTION('',(7.226561205650E-1,0.E0,6.912077339049E-1));
#3746=AXIS2_PLACEMENT_3D('',#3743,#3744,#3745);
#3748=CARTESIAN_POINT('',(9.060777591058E1,-2.85E1,-1.355889465363E2));
#3749=DIRECTION('',(4.226182617314E-1,0.E0,9.063077870410E-1));
#3750=DIRECTION('',(-9.063077870410E-1,0.E0,4.226182617314E-1));
#3751=AXIS2_PLACEMENT_3D('',#3748,#3749,#3750);
#3753=CARTESIAN_POINT('',(1.26E2,-2.85E1,-9.4E1));
#3754=DIRECTION('',(0.E0,-1.E0,0.E0));
#3755=DIRECTION('',(-7.442305924403E-1,0.E0,-6.679227689456E-1));
#3756=AXIS2_PLACEMENT_3D('',#3753,#3754,#3755);
#3758=CARTESIAN_POINT('',(8.950586591168E1,-2.85E1,-1.289059905624E2));
#3759=DIRECTION('',(-6.912077339092E-1,0.E0,7.226561205609E-1));
#3760=DIRECTION('',(-7.226561205609E-1,0.E0,-6.912077339092E-1));
#3761=AXIS2_PLACEMENT_3D('',#3758,#3759,#3760);
#3763=CARTESIAN_POINT('',(8.865245852794E1,-2.849999999999E1,
-1.248348954210E2));
#3764=DIRECTION('',(-7.796794364285E-1,-2.060282425891E-11,-6.261788693421E-1));
#3765=DIRECTION('',(1.016549807294E-11,-1.E0,2.024573101760E-11));
#3766=AXIS2_PLACEMENT_3D('',#3763,#3764,#3765);
#3768=CARTESIAN_POINT('',(8.990481626660E1,-2.849999999997E1,
-1.263942542939E2));
#3769=DIRECTION('',(2.288687309963E-11,-1.E0,4.405130984182E-12));
#3770=DIRECTION('',(-6.261788693331E-1,-1.089688339570E-11,7.796794364357E-1));
#3771=AXIS2_PLACEMENT_3D('',#3768,#3769,#3770);
#3773=CARTESIAN_POINT('',(8.841635508173E1,-2.850000000001E1,
-1.277300998317E2));
#3774=DIRECTION('',(-6.679227689352E-1,-1.200823041080E-11,7.442305924496E-1));
#3775=DIRECTION('',(-7.442305924496E-1,-1.997572477801E-11,-6.679227689352E-1));
#3776=AXIS2_PLACEMENT_3D('',#3773,#3774,#3775);
#3778=CARTESIAN_POINT('',(8.356475521456E1,-2.85E1,-1.185E2));
#3779=DIRECTION('',(0.E0,1.E0,0.E0));
#3780=DIRECTION('',(-3.621327640847E-1,0.E0,9.321265263774E-1));
#3781=AXIS2_PLACEMENT_3D('',#3778,#3779,#3780);
#3783=CARTESIAN_POINT('',(8.356475521456E1,-2.85E1,-1.185E2));
#3784=DIRECTION('',(0.E0,1.E0,0.E0));
#3785=DIRECTION('',(0.E0,0.E0,1.E0));
#3786=AXIS2_PLACEMENT_3D('',#3783,#3784,#3785);
#3788=CARTESIAN_POINT('',(7.799705421441E1,-2.849999999999E1,
-1.096833413501E2));
#3789=DIRECTION('',(3.105612148388E-1,2.030970442656E-12,-9.505533818981E-1));
#3790=DIRECTION('',(9.426533627724E-13,-1.E0,-1.828463306684E-12));
#3791=AXIS2_PLACEMENT_3D('',#3788,#3789,#3790);
#3793=CARTESIAN_POINT('',(7.989816097819E1,-2.85E1,-1.090622189204E2));
#3794=DIRECTION('',(-1.855925175154E-12,-1.E0,-2.742979899241E-12));
#3795=DIRECTION('',(-9.505533818943E-1,2.616218353070E-12,-3.105612148503E-1));
#3796=AXIS2_PLACEMENT_3D('',#3793,#3794,#3795);
#3798=CARTESIAN_POINT('',(7.989816097819E1,-2.85E1,-1.090622189204E2));
#3799=DIRECTION('',(-1.855925175154E-12,-1.E0,-2.742979899241E-12));
#3800=DIRECTION('',(-2.302158463864E-13,2.742694960036E-12,-1.E0));
#3801=AXIS2_PLACEMENT_3D('',#3798,#3799,#3800);
#3803=CARTESIAN_POINT('',(8.062242650636E1,-2.849999999999E1,
-1.109264719732E2));
#3804=DIRECTION('',(-9.321265263765E-1,2.723279979478E-12,-3.621327640871E-1));
#3805=DIRECTION('',(3.621327640871E-1,1.885306725545E-12,-9.321265263765E-1));
#3806=AXIS2_PLACEMENT_3D('',#3803,#3804,#3805);
#3808=CARTESIAN_POINT('',(1.26E2,-2.85E1,-9.4E1));
#3809=DIRECTION('',(0.E0,-1.E0,0.E0));
#3810=DIRECTION('',(-9.614969185640E-1,0.E0,-2.748157120543E-1));
#3811=AXIS2_PLACEMENT_3D('',#3808,#3809,#3810);
#3813=CARTESIAN_POINT('',(7.868424033653E1,-2.85E1,-1.054488563060E2));
#3814=DIRECTION('',(-9.398528642983E-1,-9.683371275430E-12,-3.415795565755E-1));
#3815=DIRECTION('',(1.603931802187E-11,-1.E0,-1.577878568542E-11));
#3816=AXIS2_PLACEMENT_3D('',#3813,#3814,#3815);
#3818=CARTESIAN_POINT('',(7.936739944969E1,-2.849999999997E1,
-1.073285620347E2));
#3819=DIRECTION('',(1.349098276974E-11,-1.E0,-8.771507150320E-12));
#3820=DIRECTION('',(-3.415795565614E-1,-1.285229700437E-11,9.398528643034E-1));
#3821=AXIS2_PLACEMENT_3D('',#3818,#3819,#3820);
#3823=CARTESIAN_POINT('',(7.744440561255E1,-2.849999999999E1,
-1.078781934588E2));
#3824=DIRECTION('',(-2.748157120560E-1,-1.214131113239E-11,9.614969185635E-1));
#3825=DIRECTION('',(-9.614969185635E-1,-1.056103352917E-11,-2.748157120560E-1));
#3826=AXIS2_PLACEMENT_3D('',#3823,#3824,#3825);
#3828=CARTESIAN_POINT('',(7.687384848625E1,-2.85E1,-1.004675805436E2));
#3829=DIRECTION('',(0.E0,1.E0,0.E0));
#3830=DIRECTION('',(8.668869453589E-2,0.E0,9.962354491985E-1));
#3831=AXIS2_PLACEMENT_3D('',#3828,#3829,#3830);
#3833=CARTESIAN_POINT('',(7.550695659158E1,-2.85E1,-9.316180708968E1));
#3834=DIRECTION('',(-1.659787941173E-2,1.220828850868E-12,-9.998622457114E-1));
#3835=DIRECTION('',(8.952838470561E-13,-1.E0,-1.236344360220E-12));
#3836=AXIS2_PLACEMENT_3D('',#3833,#3834,#3835);
#3838=CARTESIAN_POINT('',(7.750668108300E1,-2.849999999999E1,
-9.319500284850E1));
#3839=DIRECTION('',(1.154032359492E-12,-1.E0,-1.240154177365E-12));
#3840=DIRECTION('',(-9.998622457114E-1,-1.174527142211E-12,1.659787941203E-2));
#3841=AXIS2_PLACEMENT_3D('',#3838,#3839,#3840);
#3843=CARTESIAN_POINT('',(7.733330369393E1,-2.849999999999E1,
-9.518747374689E1));
#3844=DIRECTION('',(-9.962354491986E-1,-1.257195292706E-12,8.668869453482E-2));
#3845=DIRECTION('',(-8.668869453482E-2,1.135684139321E-12,-9.962354491986E-1));
#3846=AXIS2_PLACEMENT_3D('',#3843,#3844,#3845);
#3848=CARTESIAN_POINT('',(1.26E2,-2.85E1,-9.4E1));
#3849=DIRECTION('',(0.E0,-1.E0,0.E0));
#3850=DIRECTION('',(-9.985432179113E-1,0.E0,5.395777945103E-2));
#3851=AXIS2_PLACEMENT_3D('',#3848,#3849,#3850);
#3853=CARTESIAN_POINT('',(7.778773651511E1,-2.85E1,-8.939486381383E1));
#3854=DIRECTION('',(-9.940919413977E-1,-1.804958089906E-12,1.085412919040E-1));
#3855=DIRECTION('',(1.956360999127E-12,-1.E0,1.269503021225E-12));
#3856=AXIS2_PLACEMENT_3D('',#3853,#3854,#3855);
#3858=CARTESIAN_POINT('',(7.757065393130E1,-2.85E1,-9.138304769663E1));
#3859=DIRECTION('',(1.812864266217E-12,-1.E0,-2.583654536177E-14));
#3860=DIRECTION('',(1.085412919042E-1,1.712407993184E-13,9.940919413977E-1));
#3861=AXIS2_PLACEMENT_3D('',#3858,#3859,#3860);
#3863=CARTESIAN_POINT('',(7.757065393130E1,-2.85E1,-9.138304769663E1));
#3864=DIRECTION('',(1.812864266217E-12,-1.E0,-2.583654536177E-14));
#3865=DIRECTION('',(1.193711796078E-13,-2.557953848739E-14,1.E0));
#3866=AXIS2_PLACEMENT_3D('',#3863,#3864,#3865);
#3868=CARTESIAN_POINT('',(7.557356749548E1,-2.85E1,-9.127513213773E1));
#3869=DIRECTION('',(5.395777944938E-2,7.201922310296E-14,9.985432179114E-1));
#3870=DIRECTION('',(-9.985432179114E-1,-1.811883976189E-12,5.395777944938E-2));
#3871=AXIS2_PLACEMENT_3D('',#3868,#3869,#3870);
#3873=CARTESIAN_POINT('',(7.866963451184E1,-2.85E1,-8.131786678998E1));
#3874=DIRECTION('',(0.E0,1.E0,0.E0));
#3875=DIRECTION('',(4.030464545473E-1,0.E0,9.151795209011E-1));
#3876=AXIS2_PLACEMENT_3D('',#3873,#3874,#3875);
#3878=CARTESIAN_POINT('',(7.866963451184E1,-2.85E1,-8.131786678998E1));
#3879=DIRECTION('',(0.E0,1.E0,0.E0));
#3880=DIRECTION('',(0.E0,0.E0,-1.E0));
#3881=AXIS2_PLACEMENT_3D('',#3878,#3879,#3880);
#3883=CARTESIAN_POINT('',(8.096699449773E1,-2.85E1,-7.114658853843E1));
#3884=DIRECTION('',(-4.525428012185E-1,-3.189718728756E-12,-8.917426832138E-1));
#3885=DIRECTION('',(-1.113183619357E-12,-1.E0,4.140095673694E-12));
#3886=AXIS2_PLACEMENT_3D('',#3883,#3884,#3885);
#3888=CARTESIAN_POINT('',(8.275047986415E1,-2.849999999999E1,
-7.205167414086E1));
#3889=DIRECTION('',(3.552524987243E-12,-1.E0,1.774109448175E-12));
#3890=DIRECTION('',(-8.917426832133E-1,-2.365396767347E-12,4.525428012194E-1));
#3891=AXIS2_PLACEMENT_3D('',#3888,#3889,#3890);
#3893=CARTESIAN_POINT('',(8.194438695505E1,-2.85E1,-7.388203318266E1));
#3894=DIRECTION('',(-9.151795208995E-1,-2.536149592736E-12,4.030464545510E-1));
#3895=DIRECTION('',(-4.030464545510E-1,-3.055333763767E-12,-9.151795208995E-1));
#3896=AXIS2_PLACEMENT_3D('',#3893,#3894,#3895);
#3898=CARTESIAN_POINT('',(1.26E2,-2.85E1,-9.4E1));
#3899=DIRECTION('',(0.E0,-1.E0,0.E0));
#3900=DIRECTION('',(-6.679227689454E-1,0.E0,7.442305924405E-1));
#3901=AXIS2_PLACEMENT_3D('',#3898,#3899,#3900);
#3903=CARTESIAN_POINT('',(9.516510457901E1,-2.85E1,-5.665245852796E1));
#3904=DIRECTION('',(-6.261788693403E-1,1.385754276788E-12,7.796794364299E-1));
#3905=DIRECTION('',(5.021168666032E-13,-1.E0,2.181366198781E-12));
#3906=AXIS2_PLACEMENT_3D('',#3903,#3904,#3905);
#3908=CARTESIAN_POINT('',(9.360574570615E1,-2.85E1,-5.790481626663E1));
#3909=DIRECTION('',(-3.444872714902E-13,-1.E0,1.500672676429E-12));
#3910=DIRECTION('',(7.796794364297E-1,6.707523425578E-13,6.261788693406E-1));
#3911=AXIS2_PLACEMENT_3D('',#3908,#3909,#3910);
#3913=CARTESIAN_POINT('',(9.360574570615E1,-2.85E1,-5.790481626663E1));
#3914=DIRECTION('',(-3.444872714902E-13,-1.E0,1.500672676429E-12));
#3915=DIRECTION('',(-3.581135388232E-13,1.500666257926E-12,1.E0));
#3916=AXIS2_PLACEMENT_3D('',#3913,#3914,#3915);
#3918=CARTESIAN_POINT('',(9.226990016826E1,-2.85E1,-5.641635508176E1));
#3919=DIRECTION('',(7.442305924403E-1,7.459554831725E-13,6.679227689456E-1));
#3920=DIRECTION('',(-6.679227689456E-1,1.347662722157E-12,7.442305924403E-1));
#3921=AXIS2_PLACEMENT_3D('',#3918,#3919,#3920);
#3923=CARTESIAN_POINT('',(1.015E2,-2.85E1,-5.156475521456E1));
#3924=DIRECTION('',(0.E0,1.E0,0.E0));
#3925=DIRECTION('',(9.321265263781E-1,0.E0,3.621327640829E-1));
#3926=AXIS2_PLACEMENT_3D('',#3923,#3924,#3925);
#3928=CARTESIAN_POINT('',(1.015E2,-2.85E1,-5.156475521456E1));
#3929=DIRECTION('',(0.E0,1.E0,0.E0));
#3930=DIRECTION('',(0.E0,0.E0,-1.E0));
#3931=AXIS2_PLACEMENT_3D('',#3928,#3929,#3930);
#3933=CARTESIAN_POINT('',(1.103166586499E2,-2.849999999999E1,
-4.599705421441E1));
#3934=DIRECTION('',(-9.505533818981E-1,1.999481138578E-12,-3.105612148388E-1));
#3935=DIRECTION('',(-1.800041597254E-12,-1.E0,-9.331794596289E-13));
#3936=AXIS2_PLACEMENT_3D('',#3933,#3934,#3935);
#3938=CARTESIAN_POINT('',(1.109377810796E2,-2.85E1,-4.789816097819E1));
#3939=DIRECTION('',(-2.704225081198E-12,-1.E0,1.838700811579E-12));
#3940=DIRECTION('',(-3.105612148503E-1,2.587796643640E-12,9.505533818943E-1));
#3941=AXIS2_PLACEMENT_3D('',#3938,#3939,#3940);
#3943=CARTESIAN_POINT('',(1.090735280268E2,-2.849999999999E1,
-4.862242650636E1));
#3944=DIRECTION('',(-3.621327640870E-1,2.693190303911E-12,9.321265263765E-1));
#3945=DIRECTION('',(-9.321265263765E-1,1.854516540329E-12,-3.621327640870E-1));
#3946=AXIS2_PLACEMENT_3D('',#3943,#3944,#3945);
#3948=CARTESIAN_POINT('',(1.26E2,-2.85E1,-9.4E1));
#3949=DIRECTION('',(0.E0,-1.E0,0.E0));
#3950=DIRECTION('',(5.395777945047E-2,0.E0,9.985432179114E-1));
#3951=AXIS2_PLACEMENT_3D('',#3948,#3949,#3950);
#3953=CARTESIAN_POINT('',(1.26E2,-2.85E1,-9.4E1));
#3954=DIRECTION('',(0.E0,-1.E0,0.E0));
#3955=DIRECTION('',(0.E0,0.E0,1.E0));
#3956=AXIS2_PLACEMENT_3D('',#3953,#3954,#3955);
#3958=CARTESIAN_POINT('',(1.306051361862E2,-2.85E1,-4.578773651512E1));
#3959=DIRECTION('',(1.085412919007E-1,2.104786612563E-12,9.940919413980E-1));
#3960=DIRECTION('',(1.211712212044E-11,-1.E0,7.934393882618E-13));
#3961=AXIS2_PLACEMENT_3D('',#3958,#3959,#3960);
#3963=CARTESIAN_POINT('',(1.286169523034E2,-2.849999999998E1,
-4.557065393132E1));
#3964=DIRECTION('',(-6.657216521549E-12,-1.E0,2.844173035241E-12));
#3965=DIRECTION('',(9.940919413974E-1,-6.926370588177E-12,-1.085412919065E-1));
#3966=AXIS2_PLACEMENT_3D('',#3963,#3964,#3965);
#3968=CARTESIAN_POINT('',(1.287248678623E2,-2.849999999998E1,
-4.357356749550E1));
#3969=DIRECTION('',(9.985432179108E-1,-6.800983669142E-12,-5.395777946157E-2));
#3970=DIRECTION('',(5.395777946157E-2,2.479794147791E-12,9.985432179108E-1));
#3971=AXIS2_PLACEMENT_3D('',#3968,#3969,#3970);
#3973=CARTESIAN_POINT('',(1.386821332100E2,-2.85E1,-4.666963451184E1));
#3974=DIRECTION('',(0.E0,1.E0,0.E0));
#3975=DIRECTION('',(9.151795209E-1,0.E0,-4.030464545500E-1));
#3976=AXIS2_PLACEMENT_3D('',#3973,#3974,#3975);
#3978=CARTESIAN_POINT('',(1.386821332100E2,-2.85E1,-4.666963451184E1));
#3979=DIRECTION('',(0.E0,1.E0,0.E0));
#3980=DIRECTION('',(0.E0,0.E0,-1.E0));
#3981=AXIS2_PLACEMENT_3D('',#3978,#3979,#3980);
#3983=CARTESIAN_POINT('',(1.488534114616E2,-2.849999999999E1,
-4.896699449773E1));
#3984=DIRECTION('',(-8.917426832138E-1,-2.809005778724E-12,4.525428012184E-1));
#3985=DIRECTION('',(4.661160346571E-12,-1.E0,2.981911014397E-12));
#3986=AXIS2_PLACEMENT_3D('',#3983,#3984,#3985);
#3988=CARTESIAN_POINT('',(1.479483258592E2,-2.849999999999E1,
-5.075047986416E1));
#3989=DIRECTION('',(2.704225081198E-12,-1.E0,-8.784425423001E-13));
#3990=DIRECTION('',(4.525428012113E-1,4.405364961704E-13,8.917426832174E-1));
#3991=AXIS2_PLACEMENT_3D('',#3988,#3989,#3990);
#3993=CARTESIAN_POINT('',(1.479483258592E2,-2.849999999999E1,
-5.075047986416E1));
#3994=DIRECTION('',(2.704225081198E-12,-1.E0,-8.784425423001E-13));
#3995=DIRECTION('',(-1.051034814734E-11,-8.782308213978E-13,1.E0));
#3996=AXIS2_PLACEMENT_3D('',#3993,#3994,#3995);
#3998=CARTESIAN_POINT('',(1.461179668173E2,-2.849999999999E1,
-4.994438695507E1));
#3999=DIRECTION('',(4.030464545466E-1,2.859957062714E-13,9.151795209015E-1));
#4000=DIRECTION('',(-9.151795209015E-1,-2.827960088316E-12,4.030464545466E-1));
#4001=AXIS2_PLACEMENT_3D('',#3998,#3999,#4000);
#4003=CARTESIAN_POINT('',(1.26E2,-2.85E1,-9.4E1));
#4004=DIRECTION('',(0.E0,-1.E0,0.E0));
#4005=DIRECTION('',(7.442305924408E-1,0.E0,6.679227689451E-1));
#4006=AXIS2_PLACEMENT_3D('',#4003,#4004,#4005);
#4008=CARTESIAN_POINT('',(1.633475414720E2,-2.850000000003E1,
-6.316510457902E1));
#4009=DIRECTION('',(7.796794364359E-1,-7.525380946689E-12,6.261788693329E-1));
#4010=DIRECTION('',(-1.351925978583E-11,-1.E0,4.819848224276E-12));
#4011=AXIS2_PLACEMENT_3D('',#4008,#4009,#4010);
#4013=CARTESIAN_POINT('',(1.620951837334E2,-2.85E1,-6.160574570615E1));
#4014=DIRECTION('',(-1.513160340021E-11,-1.E0,6.823001020954E-12));
#4015=DIRECTION('',(6.261788693303E-1,-1.479492084409E-11,-7.796794364380E-1));
#4016=AXIS2_PLACEMENT_3D('',#4013,#4014,#4015);
#4018=CARTESIAN_POINT('',(1.635836449183E2,-2.850000000002E1,
-6.026990016826E1));
#4019=DIRECTION('',(6.679227689485E-1,-1.518462853373E-11,-7.442305924377E-1));
#4020=DIRECTION('',(7.442305924377E-1,-6.703970711948E-12,6.679227689485E-1));
#4021=AXIS2_PLACEMENT_3D('',#4018,#4019,#4020);
#4023=CARTESIAN_POINT('',(1.684352447854E2,-2.85E1,-6.95E1));
#4024=DIRECTION('',(0.E0,1.E0,0.E0));
#4025=DIRECTION('',(3.621327640962E-1,0.E0,-9.321265263729E-1));
#4026=AXIS2_PLACEMENT_3D('',#4023,#4024,#4025);
#4028=CARTESIAN_POINT('',(1.684352447854E2,-2.85E1,-6.95E1));
#4029=DIRECTION('',(0.E0,1.E0,0.E0));
#4030=DIRECTION('',(0.E0,0.E0,-1.E0));
#4031=AXIS2_PLACEMENT_3D('',#4028,#4029,#4030);
#4033=CARTESIAN_POINT('',(1.740029457856E2,-2.850000000001E1,
-7.831665864987E1));
#4034=DIRECTION('',(-3.105612148521E-1,9.897262546086E-12,9.505533818937E-1));
#4035=DIRECTION('',(-6.101193624380E-12,-1.E0,8.417562942953E-12));
#4036=AXIS2_PLACEMENT_3D('',#4033,#4034,#4035);
#4038=CARTESIAN_POINT('',(1.721018390218E2,-2.85E1,-7.893778107958E1));
#4039=DIRECTION('',(-6.510809431166E-12,-1.E0,8.284918879340E-12));
#4040=DIRECTION('',(9.505533818922E-1,-3.615951982277E-12,3.105612148568E-1));
#4041=AXIS2_PLACEMENT_3D('',#4038,#4039,#4040);
#4043=CARTESIAN_POINT('',(1.721018390218E2,-2.85E1,-7.893778107958E1));
#4044=DIRECTION('',(-6.510809431166E-12,-1.E0,8.284918879340E-12));
#4045=DIRECTION('',(-4.990852175970E-12,8.284928298949E-12,1.E0));
#4046=AXIS2_PLACEMENT_3D('',#4043,#4044,#4045);
#4048=CARTESIAN_POINT('',(1.713775734936E2,-2.849999999998E1,
-7.707352802683E1));
#4049=DIRECTION('',(9.321265263732E-1,-3.068657604868E-12,3.621327640955E-1));
#4050=DIRECTION('',(-3.621327640955E-1,1.008023294463E-11,9.321265263732E-1));
#4051=AXIS2_PLACEMENT_3D('',#4048,#4049,#4050);
#4053=DIRECTION('',(9.549694368591E-12,1.E0,-3.221397751718E-11));
#4054=VECTOR('',#4053,1.750000000005E0);
#4055=CARTESIAN_POINT('',(1.768546059313E2,-2.85E1,-7.738497500530E1));
#4056=LINE('',#4055,#4054);
#4057=CARTESIAN_POINT('',(1.620951837334E2,-2.675E1,-6.160574570615E1));
#4058=DIRECTION('',(0.E0,1.E0,0.E0));
#4059=DIRECTION('',(7.442305924945E-1,0.E0,6.679227688852E-1));
#4060=AXIS2_PLACEMENT_3D('',#4057,#4058,#4059);
#4062=CARTESIAN_POINT('',(1.684352447854E2,-2.675E1,-6.95E1));
#4063=DIRECTION('',(0.E0,-1.E0,0.E0));
#4064=DIRECTION('',(-6.261788738189E-1,0.E0,7.796794328331E-1));
#4065=AXIS2_PLACEMENT_3D('',#4062,#4063,#4064);
#4067=CARTESIAN_POINT('',(1.684352447854E2,-2.675E1,-6.95E1));
#4068=DIRECTION('',(0.E0,-1.E0,0.E0));
#4069=DIRECTION('',(0.E0,0.E0,-1.E0));
#4070=AXIS2_PLACEMENT_3D('',#4067,#4068,#4069);
#4072=CARTESIAN_POINT('',(1.721018390218E2,-2.675E1,-7.893778107957E1));
#4073=DIRECTION('',(0.E0,1.E0,0.E0));
#4074=DIRECTION('',(-3.621327640857E-1,0.E0,9.321265263770E-1));
#4075=AXIS2_PLACEMENT_3D('',#4072,#4073,#4074);
#4077=CARTESIAN_POINT('',(1.721018390218E2,-2.675E1,-7.893778107957E1));
#4078=DIRECTION('',(0.E0,1.E0,0.E0));
#4079=DIRECTION('',(0.E0,0.E0,1.E0));
#4080=AXIS2_PLACEMENT_3D('',#4077,#4078,#4079);
#4082=CARTESIAN_POINT('',(1.26E2,-2.675E1,-9.4E1));
#4083=DIRECTION('',(0.E0,-1.E0,0.E0));
#4084=DIRECTION('',(9.505533818941E-1,0.E0,3.105612148510E-1));
#4085=AXIS2_PLACEMENT_3D('',#4082,#4083,#4084);
#4087=CARTESIAN_POINT('',(1.684352447854E2,-2.675E1,-6.95E1));
#4088=DIRECTION('',(0.E0,1.E0,0.E0));
#4089=DIRECTION('',(0.E0,0.E0,1.E0));
#4090=AXIS2_PLACEMENT_3D('',#4087,#4088,#4089);
#4092=CARTESIAN_POINT('',(1.684352447854E2,-2.675E1,-6.95E1));
#4093=DIRECTION('',(0.E0,1.E0,0.E0));
#4094=DIRECTION('',(0.E0,0.E0,-1.E0));
#4095=AXIS2_PLACEMENT_3D('',#4092,#4093,#4094);
#4097=DIRECTION('',(-3.884192015600E-9,1.E0,-4.113409041910E-9));
#4098=VECTOR('',#4097,1.750000000019E0);
#4099=CARTESIAN_POINT('',(1.652260780800E2,-2.850000000002E1,
-6.550414288832E1));
#4100=LINE('',#4099,#4098);
#4101=DIRECTION('',(6.009161422472E-12,1.E0,3.573014899848E-12));
#4102=VECTOR('',#4101,1.749999999987E0);
#4103=CARTESIAN_POINT('',(1.702911752014E2,-2.849999999999E1,
-7.427714844768E1));
#4104=LINE('',#4103,#4102);
#4105=CARTESIAN_POINT('',(1.684352447854E2,-2.9E1,-6.95E1));
#4106=DIRECTION('',(0.E0,1.E0,0.E0));
#4107=DIRECTION('',(0.E0,0.E0,1.E0));
#4108=AXIS2_PLACEMENT_3D('',#4105,#4106,#4107);
#4110=DIRECTION('',(1.658312006836E-10,-1.E0,-3.636020868431E-10));
#4111=VECTOR('',#4110,2.249999999182E0);
#4112=CARTESIAN_POINT('',(1.684352447854E2,-2.675E1,-6.735E1));
#4113=LINE('',#4112,#4111);
#4114=DIRECTION('',(-3.395218179191E-10,7.071067811865E-1,-7.071067811866E-1));
#4115=VECTOR('',#4114,7.071067804422E-1);
#4116=CARTESIAN_POINT('',(1.684352447860E2,-2.949999999866E1,
-6.685000000134E1));
#4117=LINE('',#4116,#4115);
#4118=CARTESIAN_POINT('',(1.684352447854E2,-2.95E1,-6.95E1));
#4119=DIRECTION('',(0.E0,1.E0,0.E0));
#4120=DIRECTION('',(0.E0,0.E0,-1.E0));
#4121=AXIS2_PLACEMENT_3D('',#4118,#4119,#4120);
#4123=CARTESIAN_POINT('',(1.684352447854E2,-2.95E1,-6.95E1));
#4124=DIRECTION('',(0.E0,1.E0,0.E0));
#4125=DIRECTION('',(0.E0,0.E0,1.E0));
#4126=AXIS2_PLACEMENT_3D('',#4123,#4124,#4125);
#4128=CARTESIAN_POINT('',(1.684352447854E2,-2.95E1,-6.95E1));
#4129=DIRECTION('',(0.E0,1.E0,0.E0));
#4130=DIRECTION('',(1.072517336996E-14,0.E0,1.E0));
#4131=AXIS2_PLACEMENT_3D('',#4128,#4129,#4130);
#4133=CARTESIAN_POINT('',(1.684352447854E2,-2.95E1,-6.95E1));
#4134=DIRECTION('',(0.E0,1.E0,0.E0));
#4135=DIRECTION('',(1.072517336996E-14,0.E0,-1.E0));
#4136=AXIS2_PLACEMENT_3D('',#4133,#4134,#4135);
#4138=DIRECTION('',(0.E0,-1.E0,0.E0));
#4139=VECTOR('',#4138,4.E0);
#4140=CARTESIAN_POINT('',(1.684352447854E2,-2.95E1,-7.3625E1));
#4141=LINE('',#4140,#4139);
#4142=DIRECTION('',(0.E0,-1.E0,0.E0));
#4143=VECTOR('',#4142,4.E0);
#4144=CARTESIAN_POINT('',(1.684352447854E2,-2.95E1,-6.5375E1));
#4145=LINE('',#4144,#4143);
#4146=DIRECTION('',(3.394414291851E-10,7.071067811866E-1,7.071067811865E-1));
#4147=VECTOR('',#4146,7.071067804422E-1);
#4148=CARTESIAN_POINT('',(1.684352447848E2,-2.949999999866E1,
-7.214999999866E1));
#4149=LINE('',#4148,#4147);
#4150=CARTESIAN_POINT('',(1.684352447854E2,-2.9E1,-6.95E1));
#4151=DIRECTION('',(0.E0,1.E0,0.E0));
#4152=DIRECTION('',(0.E0,0.E0,-1.E0));
#4153=AXIS2_PLACEMENT_3D('',#4150,#4151,#4152);
#4155=DIRECTION('',(-1.658059369418E-10,-1.E0,3.635957709076E-10));
#4156=VECTOR('',#4155,2.249999999182E0);
#4157=CARTESIAN_POINT('',(1.684352447854E2,-2.675E1,-7.165E1));
#4158=LINE('',#4157,#4156);
#4159=DIRECTION('',(2.720363616916E-10,1.E0,-1.165411893975E-10));
#4160=VECTOR('',#4159,1.749999999996E0);
#4161=CARTESIAN_POINT('',(1.502110398652E2,-2.85E1,-4.629176644808E1));
#4162=LINE('',#4161,#4160);
#4163=CARTESIAN_POINT('',(1.286169523034E2,-2.675E1,-4.557065393130E1));
#4164=DIRECTION('',(0.E0,1.E0,0.E0));
#4165=DIRECTION('',(5.395777943965E-2,0.E0,9.985432179119E-1));
#4166=AXIS2_PLACEMENT_3D('',#4163,#4164,#4165);
#4168=CARTESIAN_POINT('',(1.386821332100E2,-2.675E1,-4.666963451184E1));
#4169=DIRECTION('',(0.E0,-1.E0,0.E0));
#4170=DIRECTION('',(-9.940919416355E-1,0.E0,1.085412897263E-1));
#4171=AXIS2_PLACEMENT_3D('',#4168,#4169,#4170);
#4173=CARTESIAN_POINT('',(1.386821332100E2,-2.675E1,-4.666963451184E1));
#4174=DIRECTION('',(0.E0,-1.E0,0.E0));
#4175=DIRECTION('',(0.E0,0.E0,-1.E0));
#4176=AXIS2_PLACEMENT_3D('',#4173,#4174,#4175);
#4178=CARTESIAN_POINT('',(1.479483258591E2,-2.675E1,-5.075047986415E1));
#4179=DIRECTION('',(0.E0,1.E0,0.E0));
#4180=DIRECTION('',(-9.151793698455E-1,0.E0,4.030467975424E-1));
#4181=AXIS2_PLACEMENT_3D('',#4178,#4179,#4180);
#4183=CARTESIAN_POINT('',(1.479483258591E2,-2.675E1,-5.075047986415E1));
#4184=DIRECTION('',(0.E0,1.E0,0.E0));
#4185=DIRECTION('',(0.E0,0.E0,1.E0));
#4186=AXIS2_PLACEMENT_3D('',#4183,#4184,#4185);
#4188=CARTESIAN_POINT('',(1.26E2,-2.675E1,-9.4E1));
#4189=DIRECTION('',(0.E0,-1.E0,0.E0));
#4190=DIRECTION('',(4.525428012459E-1,0.E0,8.917426831999E-1));
#4191=AXIS2_PLACEMENT_3D('',#4188,#4189,#4190);
#4193=CARTESIAN_POINT('',(1.386821332100E2,-2.675E1,-4.666963451184E1));
#4194=DIRECTION('',(0.E0,1.E0,0.E0));
#4195=DIRECTION('',(0.E0,0.E0,1.E0));
#4196=AXIS2_PLACEMENT_3D('',#4193,#4194,#4195);
#4198=CARTESIAN_POINT('',(1.386821332100E2,-2.675E1,-4.666963451184E1));
#4199=DIRECTION('',(0.E0,1.E0,0.E0));
#4200=DIRECTION('',(0.E0,0.E0,-1.E0));
#4201=AXIS2_PLACEMENT_3D('',#4198,#4199,#4200);
#4203=DIRECTION('',(6.140713334634E-11,1.E0,-2.163513305012E-9));
#4204=VECTOR('',#4203,1.750000000004E0);
#4205=CARTESIAN_POINT('',(1.335874120104E2,-2.85E1,-4.611336039083E1));
#4206=LINE('',#4205,#4204);
#4207=DIRECTION('',(1.818553495728E-7,9.999999999999E-1,3.099269057266E-7));
#4208=VECTOR('',#4207,1.750000000001E0);
#4209=CARTESIAN_POINT('',(1.433724282546E2,-2.85E1,-4.873524759141E1));
#4210=LINE('',#4209,#4208);
#4211=CARTESIAN_POINT('',(1.386821332100E2,-2.9E1,-4.666963451184E1));
#4212=DIRECTION('',(0.E0,1.E0,0.E0));
#4213=DIRECTION('',(0.E0,0.E0,1.E0));
#4214=AXIS2_PLACEMENT_3D('',#4211,#4212,#4213);
#4216=DIRECTION('',(1.658312006836E-10,-1.E0,-3.636020868431E-10));
#4217=VECTOR('',#4216,2.249999999182E0);
#4218=CARTESIAN_POINT('',(1.386821332100E2,-2.675E1,-4.451963451184E1));
#4219=LINE('',#4218,#4217);
#4220=DIRECTION('',(-3.394816235521E-10,7.071067811865E-1,-7.071067811866E-1));
#4221=VECTOR('',#4220,7.071067804422E-1);
#4222=CARTESIAN_POINT('',(1.386821332106E2,-2.949999999866E1,
-4.401963451318E1));
#4223=LINE('',#4222,#4221);
#4224=CARTESIAN_POINT('',(1.386821332100E2,-2.95E1,-4.666963451184E1));
#4225=DIRECTION('',(0.E0,1.E0,0.E0));
#4226=DIRECTION('',(0.E0,0.E0,-1.E0));
#4227=AXIS2_PLACEMENT_3D('',#4224,#4225,#4226);
#4229=CARTESIAN_POINT('',(1.386821332100E2,-2.95E1,-4.666963451184E1));
#4230=DIRECTION('',(0.E0,1.E0,0.E0));
#4231=DIRECTION('',(0.E0,0.E0,1.E0));
#4232=AXIS2_PLACEMENT_3D('',#4229,#4230,#4231);
#4234=CARTESIAN_POINT('',(1.386821332100E2,-2.95E1,-4.666963451184E1));
#4235=DIRECTION('',(0.E0,1.E0,0.E0));
#4236=DIRECTION('',(0.E0,0.E0,1.E0));
#4237=AXIS2_PLACEMENT_3D('',#4234,#4235,#4236);
#4239=CARTESIAN_POINT('',(1.386821332100E2,-2.95E1,-4.666963451184E1));
#4240=DIRECTION('',(0.E0,1.E0,0.E0));
#4241=DIRECTION('',(0.E0,0.E0,-1.E0));
#4242=AXIS2_PLACEMENT_3D('',#4239,#4240,#4241);
#4244=DIRECTION('',(0.E0,-1.E0,0.E0));
#4245=VECTOR('',#4244,4.E0);
#4246=CARTESIAN_POINT('',(1.386821332100E2,-2.95E1,-5.079463451184E1));
#4247=LINE('',#4246,#4245);
#4248=DIRECTION('',(0.E0,-1.E0,0.E0));
#4249=VECTOR('',#4248,4.E0);
#4250=CARTESIAN_POINT('',(1.386821332100E2,-2.95E1,-4.254463451184E1));
#4251=LINE('',#4250,#4249);
#4252=DIRECTION('',(3.394816235521E-10,7.071067811865E-1,7.071067811866E-1));
#4253=VECTOR('',#4252,7.071067804421E-1);
#4254=CARTESIAN_POINT('',(1.386821332094E2,-2.949999999866E1,
-4.931963451050E1));
#4255=LINE('',#4254,#4253);
#4256=CARTESIAN_POINT('',(1.386821332100E2,-2.9E1,-4.666963451184E1));
#4257=DIRECTION('',(0.E0,1.E0,0.E0));
#4258=DIRECTION('',(0.E0,0.E0,-1.E0));
#4259=AXIS2_PLACEMENT_3D('',#4256,#4257,#4258);
#4261=DIRECTION('',(-1.658059369418E-10,-1.E0,3.635989288754E-10));
#4262=VECTOR('',#4261,2.249999999182E0);
#4263=CARTESIAN_POINT('',(1.386821332100E2,-2.675E1,-4.881963451184E1));
#4264=LINE('',#4263,#4262);
#4265=DIRECTION('',(2.539276725403E-11,1.E0,1.081649056040E-11));
#4266=VECTOR('',#4265,1.749999999996E0);
#4267=CARTESIAN_POINT('',(1.093849750053E2,-2.85E1,-4.314539406872E1));
#4268=LINE('',#4267,#4266);
#4269=CARTESIAN_POINT('',(9.360574570615E1,-2.675E1,-5.790481626664E1));
#4270=DIRECTION('',(0.E0,1.E0,0.E0));
#4271=DIRECTION('',(-6.679227689552E-1,0.E0,7.442305924316E-1));
#4272=AXIS2_PLACEMENT_3D('',#4269,#4270,#4271);
#4274=CARTESIAN_POINT('',(9.360574570615E1,-2.675E1,-5.790481626664E1));
#4275=DIRECTION('',(0.E0,1.E0,0.E0));
#4276=DIRECTION('',(0.E0,0.E0,1.E0));
#4277=AXIS2_PLACEMENT_3D('',#4274,#4275,#4276);
#4279=CARTESIAN_POINT('',(1.015E2,-2.675E1,-5.156475521456E1));
#4280=DIRECTION('',(0.E0,-1.E0,0.E0));
#4281=DIRECTION('',(-7.796794364293E-1,0.E0,-6.261788693411E-1));
#4282=AXIS2_PLACEMENT_3D('',#4279,#4280,#4281);
#4284=CARTESIAN_POINT('',(1.015E2,-2.675E1,-5.156475521456E1));
#4285=DIRECTION('',(0.E0,-1.E0,0.E0));
#4286=DIRECTION('',(0.E0,0.E0,-1.E0));
#4287=AXIS2_PLACEMENT_3D('',#4284,#4285,#4286);
#4289=CARTESIAN_POINT('',(1.109377810796E2,-2.675E1,-4.789816097819E1));
#4290=DIRECTION('',(0.E0,1.E0,0.E0));
#4291=DIRECTION('',(-9.321265269618E-1,0.E0,-3.621327625805E-1));
#4292=AXIS2_PLACEMENT_3D('',#4289,#4290,#4291);
#4294=CARTESIAN_POINT('',(1.26E2,-2.675E1,-9.4E1));
#4295=DIRECTION('',(0.E0,-1.E0,0.E0));
#4296=DIRECTION('',(-3.105612148503E-1,0.E0,9.505533818943E-1));
#4297=AXIS2_PLACEMENT_3D('',#4294,#4295,#4296);
#4299=CARTESIAN_POINT('',(1.015E2,-2.675E1,-5.156475521456E1));
#4300=DIRECTION('',(0.E0,1.E0,0.E0));
#4301=DIRECTION('',(0.E0,0.E0,1.E0));
#4302=AXIS2_PLACEMENT_3D('',#4299,#4300,#4301);
#4304=CARTESIAN_POINT('',(1.015E2,-2.675E1,-5.156475521456E1));
#4305=DIRECTION('',(0.E0,1.E0,0.E0));
#4306=DIRECTION('',(0.E0,0.E0,-1.E0));
#4307=AXIS2_PLACEMENT_3D('',#4304,#4305,#4306);
#4309=DIRECTION('',(1.624097681738E-13,1.E0,-1.185591307669E-12));
#4310=VECTOR('',#4309,1.749999999999E0);
#4311=CARTESIAN_POINT('',(9.750414288830E1,-2.85E1,-5.477392191993E1));
#4312=LINE('',#4311,#4310);
#4313=DIRECTION('',(-3.506020870458E-10,1.E0,1.511072663824E-9));
#4314=VECTOR('',#4313,1.749999999996E0);
#4315=CARTESIAN_POINT('',(1.062771484477E2,-2.85E1,-4.970882479863E1));
#4316=LINE('',#4315,#4314);
#4317=CARTESIAN_POINT('',(1.015E2,-2.9E1,-5.156475521456E1));
#4318=DIRECTION('',(0.E0,1.E0,0.E0));
#4319=DIRECTION('',(0.E0,0.E0,1.E0));
#4320=AXIS2_PLACEMENT_3D('',#4317,#4318,#4319);
#4322=DIRECTION('',(1.658059369418E-10,-1.E0,-3.636052448108E-10));
#4323=VECTOR('',#4322,2.249999999182E0);
#4324=CARTESIAN_POINT('',(1.015E2,-2.675E1,-4.941475521456E1));
#4325=LINE('',#4324,#4323);
#4326=DIRECTION('',(-3.394816235521E-10,7.071067811865E-1,-7.071067811866E-1));
#4327=VECTOR('',#4326,7.071067804421E-1);
#4328=CARTESIAN_POINT('',(1.015000000006E2,-2.949999999866E1,
-4.891475521590E1));
#4329=LINE('',#4328,#4327);
#4330=CARTESIAN_POINT('',(1.015E2,-2.95E1,-5.156475521456E1));
#4331=DIRECTION('',(0.E0,1.E0,0.E0));
#4332=DIRECTION('',(0.E0,0.E0,-1.E0));
#4333=AXIS2_PLACEMENT_3D('',#4330,#4331,#4332);
#4335=CARTESIAN_POINT('',(1.015E2,-2.95E1,-5.156475521456E1));
#4336=DIRECTION('',(0.E0,1.E0,0.E0));
#4337=DIRECTION('',(0.E0,0.E0,1.E0));
#4338=AXIS2_PLACEMENT_3D('',#4335,#4336,#4337);
#4340=CARTESIAN_POINT('',(1.015E2,-2.95E1,-5.156475521456E1));
#4341=DIRECTION('',(0.E0,1.E0,0.E0));
#4342=DIRECTION('',(0.E0,0.E0,1.E0));
#4343=AXIS2_PLACEMENT_3D('',#4340,#4341,#4342);
#4345=CARTESIAN_POINT('',(1.015E2,-2.95E1,-5.156475521456E1));
#4346=DIRECTION('',(0.E0,1.E0,0.E0));
#4347=DIRECTION('',(0.E0,0.E0,-1.E0));
#4348=AXIS2_PLACEMENT_3D('',#4345,#4346,#4347);
#4350=DIRECTION('',(0.E0,-1.E0,0.E0));
#4351=VECTOR('',#4350,4.E0);
#4352=CARTESIAN_POINT('',(1.015E2,-2.95E1,-5.568975521456E1));
#4353=LINE('',#4352,#4351);
#4354=DIRECTION('',(0.E0,-1.E0,0.E0));
#4355=VECTOR('',#4354,4.E0);
#4356=CARTESIAN_POINT('',(1.015E2,-2.95E1,-4.743975521456E1));
#4357=LINE('',#4356,#4355);
#4358=DIRECTION('',(3.395017207356E-10,7.071067811865E-1,7.071067811865E-1));
#4359=VECTOR('',#4358,7.071067804421E-1);
#4360=CARTESIAN_POINT('',(1.014999999994E2,-2.949999999866E1,
-5.421475521322E1));
#4361=LINE('',#4360,#4359);
#4362=CARTESIAN_POINT('',(1.015E2,-2.9E1,-5.156475521456E1));
#4363=DIRECTION('',(0.E0,1.E0,0.E0));
#4364=DIRECTION('',(0.E0,0.E0,-1.E0));
#4365=AXIS2_PLACEMENT_3D('',#4362,#4363,#4364);
#4367=DIRECTION('',(-1.658122528773E-10,-1.E0,3.635957709076E-10));
#4368=VECTOR('',#4367,2.249999999182E0);
#4369=CARTESIAN_POINT('',(1.015E2,-2.675E1,-5.371475521456E1));
#4370=LINE('',#4369,#4368);
#4371=DIRECTION('',(-3.751665644811E-12,1.E0,-8.282898176854E-12));
#4372=VECTOR('',#4371,1.750000000001E0);
#4373=CARTESIAN_POINT('',(7.829176644808E1,-2.85E1,-6.978896013477E1));
#4374=LINE('',#4373,#4372);
#4375=CARTESIAN_POINT('',(7.757065393130E1,-2.675E1,-9.138304769663E1));
#4376=DIRECTION('',(0.E0,1.E0,0.E0));
#4377=DIRECTION('',(-9.985432179112E-1,0.E0,5.395777945365E-2));
#4378=AXIS2_PLACEMENT_3D('',#4375,#4376,#4377);
#4380=CARTESIAN_POINT('',(7.757065393130E1,-2.675E1,-9.138304769663E1));
#4381=DIRECTION('',(0.E0,1.E0,0.E0));
#4382=DIRECTION('',(0.E0,0.E0,1.E0));
#4383=AXIS2_PLACEMENT_3D('',#4380,#4381,#4382);
#4385=CARTESIAN_POINT('',(7.866963451184E1,-2.675E1,-8.131786678998E1));
#4386=DIRECTION('',(0.E0,-1.E0,0.E0));
#4387=DIRECTION('',(-1.085412919060E-1,0.E0,-9.940919413975E-1));
#4388=AXIS2_PLACEMENT_3D('',#4385,#4386,#4387);
#4390=CARTESIAN_POINT('',(7.866963451184E1,-2.675E1,-8.131786678998E1));
#4391=DIRECTION('',(0.E0,-1.E0,0.E0));
#4392=DIRECTION('',(0.E0,0.E0,-1.E0));
#4393=AXIS2_PLACEMENT_3D('',#4390,#4391,#4392);
#4395=CARTESIAN_POINT('',(8.275047986415E1,-2.675E1,-7.205167414086E1));
#4396=DIRECTION('',(0.E0,1.E0,0.E0));
#4397=DIRECTION('',(-4.030464548207E-1,0.E0,-9.151795207808E-1));
#4398=AXIS2_PLACEMENT_3D('',#4395,#4396,#4397);
#4400=CARTESIAN_POINT('',(1.26E2,-2.675E1,-9.4E1));
#4401=DIRECTION('',(0.E0,-1.E0,0.E0));
#4402=DIRECTION('',(-8.917426832137E-1,0.E0,4.525428012186E-1));
#4403=AXIS2_PLACEMENT_3D('',#4400,#4401,#4402);
#4405=CARTESIAN_POINT('',(7.866963451184E1,-2.675E1,-8.131786678998E1));
#4406=DIRECTION('',(0.E0,1.E0,0.E0));
#4407=DIRECTION('',(0.E0,0.E0,1.E0));
#4408=AXIS2_PLACEMENT_3D('',#4405,#4406,#4407);
#4410=CARTESIAN_POINT('',(7.866963451184E1,-2.675E1,-8.131786678998E1));
#4411=DIRECTION('',(0.E0,1.E0,0.E0));
#4412=DIRECTION('',(0.E0,0.E0,-1.E0));
#4413=AXIS2_PLACEMENT_3D('',#4410,#4411,#4412);
#4415=DIRECTION('',(-9.500971438164E-13,1.E0,2.679761174867E-13));
#4416=VECTOR('',#4415,1.75E0);
#4417=CARTESIAN_POINT('',(7.811336039082E1,-2.85E1,-8.641258798964E1));
#4418=LINE('',#4417,#4416);
#4419=DIRECTION('',(-2.433304351660E-10,1.E0,1.486211788556E-10));
#4420=VECTOR('',#4419,1.750000000002E0);
#4421=CARTESIAN_POINT('',(8.073524759140E1,-2.85E1,-7.662757174536E1));
#4422=LINE('',#4421,#4420);
#4423=CARTESIAN_POINT('',(7.866963451184E1,-2.9E1,-8.131786678998E1));
#4424=DIRECTION('',(0.E0,1.E0,0.E0));
#4425=DIRECTION('',(0.E0,0.E0,1.E0));
#4426=AXIS2_PLACEMENT_3D('',#4423,#4424,#4425);
#4428=DIRECTION('',(1.658185688127E-10,-1.E0,-3.636020868431E-10));
#4429=VECTOR('',#4428,2.249999999182E0);
#4430=CARTESIAN_POINT('',(7.866963451184E1,-2.675E1,-7.916786678998E1));
#4431=LINE('',#4430,#4429);
#4432=DIRECTION('',(-3.394615263686E-10,7.071067811865E-1,-7.071067811866E-1));
#4433=VECTOR('',#4432,7.071067804421E-1);
#4434=CARTESIAN_POINT('',(7.866963451245E1,-2.949999999866E1,
-7.866786679132E1));
#4435=LINE('',#4434,#4433);
#4436=CARTESIAN_POINT('',(7.866963451184E1,-2.95E1,-8.131786678998E1));
#4437=DIRECTION('',(0.E0,1.E0,0.E0));
#4438=DIRECTION('',(0.E0,0.E0,-1.E0));
#4439=AXIS2_PLACEMENT_3D('',#4436,#4437,#4438);
#4441=CARTESIAN_POINT('',(7.866963451184E1,-2.95E1,-8.131786678998E1));
#4442=DIRECTION('',(0.E0,1.E0,0.E0));
#4443=DIRECTION('',(0.E0,0.E0,1.E0));
#4444=AXIS2_PLACEMENT_3D('',#4441,#4442,#4443);
#4446=CARTESIAN_POINT('',(7.866963451184E1,-2.95E1,-8.131786678998E1));
#4447=DIRECTION('',(0.E0,1.E0,0.E0));
#4448=DIRECTION('',(-1.072517336996E-14,0.E0,1.E0));
#4449=AXIS2_PLACEMENT_3D('',#4446,#4447,#4448);
#4451=CARTESIAN_POINT('',(7.866963451184E1,-2.95E1,-8.131786678998E1));
#4452=DIRECTION('',(0.E0,1.E0,0.E0));
#4453=DIRECTION('',(0.E0,0.E0,-1.E0));
#4454=AXIS2_PLACEMENT_3D('',#4451,#4452,#4453);
#4456=DIRECTION('',(0.E0,-1.E0,0.E0));
#4457=VECTOR('',#4456,4.E0);
#4458=CARTESIAN_POINT('',(7.866963451184E1,-2.95E1,-8.544286678998E1));
#4459=LINE('',#4458,#4457);
#4460=DIRECTION('',(0.E0,-1.E0,0.E0));
#4461=VECTOR('',#4460,4.E0);
#4462=CARTESIAN_POINT('',(7.866963451184E1,-2.95E1,-7.719286678998E1));
#4463=LINE('',#4462,#4461);
#4464=DIRECTION('',(3.395218179191E-10,7.071067811866E-1,7.071067811865E-1));
#4465=VECTOR('',#4464,7.071067804421E-1);
#4466=CARTESIAN_POINT('',(7.866963451123E1,-2.949999999866E1,
-8.396786678864E1));
#4467=LINE('',#4466,#4465);
#4468=CARTESIAN_POINT('',(7.866963451184E1,-2.9E1,-8.131786678998E1));
#4469=DIRECTION('',(0.E0,1.E0,0.E0));
#4470=DIRECTION('',(0.E0,0.E0,-1.E0));
#4471=AXIS2_PLACEMENT_3D('',#4468,#4469,#4470);
#4473=DIRECTION('',(-1.658122528773E-10,-1.E0,3.635957709076E-10));
#4474=VECTOR('',#4473,2.249999999182E0);
#4475=CARTESIAN_POINT('',(7.866963451184E1,-2.675E1,-8.346786678998E1));
#4476=LINE('',#4475,#4474);
#4477=DIRECTION('',(-2.806753120520E-11,-1.E0,6.671085336564E-12));
#4478=VECTOR('',#4477,9.749999999997E0);
#4479=CARTESIAN_POINT('',(7.707323761060E1,-1.875E1,-9.817618009454E1));
#4480=LINE('',#4479,#4478);
#4481=CARTESIAN_POINT('',(7.936739944966E1,-1.875E1,-1.073285620347E2));
#4482=DIRECTION('',(0.E0,1.E0,0.E0));
#4483=DIRECTION('',(-9.614969185725E-1,0.E0,-2.748157120248E-1));
#4484=AXIS2_PLACEMENT_3D('',#4481,#4482,#4483);
#4486=CARTESIAN_POINT('',(7.687384848625E1,-1.875E1,-1.004675805436E2));
#4487=DIRECTION('',(0.E0,-1.E0,0.E0));
#4488=DIRECTION('',(3.415795559705E-1,0.E0,-9.398528645182E-1));
#4489=AXIS2_PLACEMENT_3D('',#4486,#4487,#4488);
#4491=CARTESIAN_POINT('',(7.750668108300E1,-1.875E1,-9.319500284850E1));
#4492=DIRECTION('',(0.E0,1.E0,0.E0));
#4493=DIRECTION('',(-8.668869436841E-2,0.E0,-9.962354492130E-1));
#4494=AXIS2_PLACEMENT_3D('',#4491,#4492,#4493);
#4496=CARTESIAN_POINT('',(1.26E2,-1.875E1,-9.4E1));
#4497=DIRECTION('',(0.E0,-1.E0,0.E0));
#4498=DIRECTION('',(-9.998622457114E-1,0.E0,1.659787941297E-2));
#4499=AXIS2_PLACEMENT_3D('',#4496,#4497,#4498);
#4501=DIRECTION('',(1.955996618235E-12,-1.E0,-6.057467917574E-12));
#4502=VECTOR('',#4501,9.750000000006E0);
#4503=CARTESIAN_POINT('',(7.455991485682E1,-1.875E1,-1.087026405949E2));
#4504=LINE('',#4503,#4502);
#4505=DIRECTION('',(4.172015439667E-11,-1.E0,2.445433029861E-11));
#4506=VECTOR('',#4505,9.750000000009E0);
#4507=CARTESIAN_POINT('',(7.765950166646E1,-1.875E1,-1.026292977134E2));
#4508=LINE('',#4507,#4506);
#4509=DIRECTION('',(-2.218615863416E-13,1.E0,3.913583262174E-13));
#4510=VECTOR('',#4509,4.125E1);
#4511=CARTESIAN_POINT('',(8.733789755001E1,-2.85E1,-1.309796137642E2));
#4512=LINE('',#4511,#4510);
#4513=DIRECTION('',(-1.333236551463E-13,-1.E0,-2.776714884958E-13));
#4514=VECTOR('',#4513,4.125E1);
#4515=CARTESIAN_POINT('',(8.788885254945E1,1.275E1,-1.343210917511E2));
#4516=LINE('',#4515,#4514);
#4517=CARTESIAN_POINT('',(1.755E2,1.225E1,-1.587839961741E2));
#4518=DIRECTION('',(0.E0,1.E0,0.E0));
#4519=DIRECTION('',(0.E0,0.E0,-1.E0));
#4520=AXIS2_PLACEMENT_3D('',#4517,#4518,#4519);
#4522=DIRECTION('',(0.E0,-7.071067811865E-1,7.071067811865E-1));
#4523=VECTOR('',#4522,7.071067811865E-1);
#4524=CARTESIAN_POINT('',(1.755E2,1.275E1,-1.607839961741E2));
#4525=LINE('',#4524,#4523);
#4526=DIRECTION('',(0.E0,1.E0,-1.033516706560E-14));
#4527=VECTOR('',#4526,5.5E0);
#4528=CARTESIAN_POINT('',(1.755E2,6.75E0,-1.572839961741E2));
#4529=LINE('',#4528,#4527);
#4530=DIRECTION('',(0.E0,1.E0,1.033516706560E-14));
#4531=VECTOR('',#4530,5.5E0);
#4532=CARTESIAN_POINT('',(1.755E2,6.75E0,-1.602839961741E2));
#4533=LINE('',#4532,#4531);
#4534=CARTESIAN_POINT('',(1.755E2,1.225E1,-1.587839961741E2));
#4535=DIRECTION('',(0.E0,1.E0,0.E0));
#4536=DIRECTION('',(0.E0,0.E0,1.E0));
#4537=AXIS2_PLACEMENT_3D('',#4534,#4535,#4536);
#4539=DIRECTION('',(0.E0,-7.071067811865E-1,-7.071067811865E-1));
#4540=VECTOR('',#4539,7.071067811865E-1);
#4541=CARTESIAN_POINT('',(1.755E2,1.275E1,-1.567839961741E2));
#4542=LINE('',#4541,#4540);
#4543=CARTESIAN_POINT('',(1.755E2,6.75E0,-1.587839961741E2));
#4544=DIRECTION('',(0.E0,-1.E0,0.E0));
#4545=DIRECTION('',(0.E0,0.E0,-1.E0));
#4546=AXIS2_PLACEMENT_3D('',#4543,#4544,#4545);
#4548=DIRECTION('',(0.E0,-5.150380749101E-1,-8.571673007021E-1));
#4549=VECTOR('',#4548,1.749950095823E0);
#4550=CARTESIAN_POINT('',(1.755E2,6.75E0,-1.572839961741E2));
#4551=LINE('',#4550,#4549);
#4552=CARTESIAN_POINT('',(1.755E2,6.75E0,-1.587839961741E2));
#4553=DIRECTION('',(0.E0,-1.E0,0.E0));
#4554=DIRECTION('',(0.E0,0.E0,1.E0));
#4555=AXIS2_PLACEMENT_3D('',#4552,#4553,#4554);
#4557=DIRECTION('',(0.E0,-5.150380749101E-1,8.571673007021E-1));
#4558=VECTOR('',#4557,1.749950095823E0);
#4559=CARTESIAN_POINT('',(1.755E2,6.75E0,-1.602839961741E2));
#4560=LINE('',#4559,#4558);
#4561=CARTESIAN_POINT('',(8.064482776154E1,1.225E1,-1.593207593737E2));
#4562=DIRECTION('',(0.E0,1.E0,0.E0));
#4563=DIRECTION('',(0.E0,0.E0,-1.E0));
#4564=AXIS2_PLACEMENT_3D('',#4561,#4562,#4563);
#4566=DIRECTION('',(0.E0,-7.071067811865E-1,7.071067811865E-1));
#4567=VECTOR('',#4566,7.071067811865E-1);
#4568=CARTESIAN_POINT('',(8.064482776154E1,1.275E1,-1.613207593737E2));
#4569=LINE('',#4568,#4567);
#4570=DIRECTION('',(0.E0,1.E0,0.E0));
#4571=VECTOR('',#4570,5.5E0);
#4572=CARTESIAN_POINT('',(8.064482776154E1,6.75E0,-1.578207593737E2));
#4573=LINE('',#4572,#4571);
#4574=DIRECTION('',(0.E0,1.E0,1.550275059840E-14));
#4575=VECTOR('',#4574,5.5E0);
#4576=CARTESIAN_POINT('',(8.064482776154E1,6.75E0,-1.608207593737E2));
#4577=LINE('',#4576,#4575);
#4578=CARTESIAN_POINT('',(8.064482776154E1,1.225E1,-1.593207593737E2));
#4579=DIRECTION('',(0.E0,1.E0,0.E0));
#4580=DIRECTION('',(0.E0,0.E0,1.E0));
#4581=AXIS2_PLACEMENT_3D('',#4578,#4579,#4580);
#4583=DIRECTION('',(0.E0,-7.071067811865E-1,-7.071067811865E-1));
#4584=VECTOR('',#4583,7.071067811865E-1);
#4585=CARTESIAN_POINT('',(8.064482776154E1,1.275E1,-1.573207593737E2));
#4586=LINE('',#4585,#4584);
#4587=CARTESIAN_POINT('',(8.064482776154E1,6.75E0,-1.593207593737E2));
#4588=DIRECTION('',(0.E0,-1.E0,0.E0));
#4589=DIRECTION('',(0.E0,0.E0,-1.E0));
#4590=AXIS2_PLACEMENT_3D('',#4587,#4588,#4589);
#4592=DIRECTION('',(0.E0,-5.150380749101E-1,-8.571673007021E-1));
#4593=VECTOR('',#4592,1.749950095823E0);
#4594=CARTESIAN_POINT('',(8.064482776154E1,6.75E0,-1.578207593737E2));
#4595=LINE('',#4594,#4593);
#4596=CARTESIAN_POINT('',(8.064482776154E1,6.75E0,-1.593207593737E2));
#4597=DIRECTION('',(0.E0,-1.E0,0.E0));
#4598=DIRECTION('',(0.E0,0.E0,1.E0));
#4599=AXIS2_PLACEMENT_3D('',#4596,#4597,#4598);
#4601=DIRECTION('',(0.E0,-5.150380749101E-1,8.571673007021E-1));
#4602=VECTOR('',#4601,1.749950095823E0);
#4603=CARTESIAN_POINT('',(8.064482776154E1,6.75E0,-1.608207593737E2));
#4604=LINE('',#4603,#4602);
#4605=DIRECTION('',(-3.600390324894E-8,-7.071067811866E-1,7.071067811865E-1));
#4606=VECTOR('',#4605,7.071067805541E-1);
#4607=CARTESIAN_POINT('',(1.750000000600E2,1.274999999895E1,-1.689183558844E2));
#4608=LINE('',#4607,#4606);
#4609=DIRECTION('',(3.600394344330E-8,-7.071067811865E-1,-7.071067811865E-1));
#4610=VECTOR('',#4609,7.071067805541E-1);
#4611=CARTESIAN_POINT('',(1.749999999400E2,1.274999999895E1,-1.646183558866E2));
#4612=LINE('',#4611,#4610);
#4613=CARTESIAN_POINT('',(1.75E2,1.225E1,-1.667683558855E2));
#4614=DIRECTION('',(0.E0,-1.E0,0.E0));
#4615=DIRECTION('',(0.E0,0.E0,1.E0));
#4616=AXIS2_PLACEMENT_3D('',#4613,#4614,#4615);
#4618=DIRECTION('',(-2.381113972760E-9,1.E0,-4.182891581174E-11));
#4619=VECTOR('',#4618,1.449999999939E1);
#4620=CARTESIAN_POINT('',(1.75E2,-2.25E0,-1.651183558855E2));
#4621=LINE('',#4620,#4619);
#4622=CARTESIAN_POINT('',(1.75E2,1.225E1,-1.667683558855E2));
#4623=DIRECTION('',(0.E0,-1.E0,0.E0));
#4624=DIRECTION('',(0.E0,0.E0,-1.E0));
#4625=AXIS2_PLACEMENT_3D('',#4622,#4623,#4624);
#4627=DIRECTION('',(2.381113972760E-9,1.E0,4.183087592963E-11));
#4628=VECTOR('',#4627,1.449999999939E1);
#4629=CARTESIAN_POINT('',(1.75E2,-2.25E0,-1.684183558855E2));
#4630=LINE('',#4629,#4628);
#4631=CARTESIAN_POINT('',(1.75E2,-2.25E0,-1.667683558855E2));
#4632=DIRECTION('',(0.E0,-1.E0,0.E0));
#4633=DIRECTION('',(0.E0,0.E0,-1.E0));
#4634=AXIS2_PLACEMENT_3D('',#4631,#4632,#4633);
#4636=DIRECTION('',(0.E0,-5.150380749101E-1,-8.571673007021E-1));
#4637=VECTOR('',#4636,1.924945105405E0);
#4638=CARTESIAN_POINT('',(1.75E2,-2.25E0,-1.651183558855E2));
#4639=LINE('',#4638,#4637);
#4640=CARTESIAN_POINT('',(1.75E2,-2.25E0,-1.667683558855E2));
#4641=DIRECTION('',(0.E0,-1.E0,0.E0));
#4642=DIRECTION('',(0.E0,0.E0,1.E0));
#4643=AXIS2_PLACEMENT_3D('',#4640,#4641,#4642);
#4645=DIRECTION('',(0.E0,-5.150380749101E-1,8.571673007021E-1));
#4646=VECTOR('',#4645,1.924945105405E0);
#4647=CARTESIAN_POINT('',(1.75E2,-2.25E0,-1.684183558855E2));
#4648=LINE('',#4647,#4646);
#4649=DIRECTION('',(-3.600394344331E-8,-7.071067811866E-1,7.071067811865E-1));
#4650=VECTOR('',#4649,7.071067805541E-1);
#4651=CARTESIAN_POINT('',(7.772364549272E1,1.274999999895E1,-1.689183558844E2));
#4652=LINE('',#4651,#4650);
#4653=DIRECTION('',(3.600398363767E-8,-7.071067811866E-1,-7.071067811865E-1));
#4654=VECTOR('',#4653,7.071067805541E-1);
#4655=CARTESIAN_POINT('',(7.772364537276E1,1.274999999895E1,-1.646183558866E2));
#4656=LINE('',#4655,#4654);
#4657=CARTESIAN_POINT('',(7.772364543274E1,1.225E1,-1.667683558855E2));
#4658=DIRECTION('',(0.E0,-1.E0,0.E0));
#4659=DIRECTION('',(0.E0,0.E0,1.E0));
#4660=AXIS2_PLACEMENT_3D('',#4657,#4658,#4659);
#4662=DIRECTION('',(-2.381113972760E-9,1.E0,-4.182891581174E-11));
#4663=VECTOR('',#4662,1.449999999939E1);
#4664=CARTESIAN_POINT('',(7.772364543274E1,-2.25E0,-1.651183558855E2));
#4665=LINE('',#4664,#4663);
#4666=CARTESIAN_POINT('',(7.772364543274E1,1.225E1,-1.667683558855E2));
#4667=DIRECTION('',(0.E0,-1.E0,0.E0));
#4668=DIRECTION('',(0.E0,0.E0,-1.E0));
#4669=AXIS2_PLACEMENT_3D('',#4666,#4667,#4668);
#4671=DIRECTION('',(2.381112992701E-9,1.E0,4.183087592963E-11));
#4672=VECTOR('',#4671,1.449999999939E1);
#4673=CARTESIAN_POINT('',(7.772364543274E1,-2.25E0,-1.684183558855E2));
#4674=LINE('',#4673,#4672);
#4675=CARTESIAN_POINT('',(7.772364543274E1,-2.25E0,-1.667683558855E2));
#4676=DIRECTION('',(0.E0,-1.E0,0.E0));
#4677=DIRECTION('',(0.E0,0.E0,-1.E0));
#4678=AXIS2_PLACEMENT_3D('',#4675,#4676,#4677);
#4680=DIRECTION('',(0.E0,-5.150380749101E-1,-8.571673007021E-1));
#4681=VECTOR('',#4680,1.924945105405E0);
#4682=CARTESIAN_POINT('',(7.772364543274E1,-2.25E0,-1.651183558855E2));
#4683=LINE('',#4682,#4681);
#4684=CARTESIAN_POINT('',(7.772364543274E1,-2.25E0,-1.667683558855E2));
#4685=DIRECTION('',(0.E0,-1.E0,0.E0));
#4686=DIRECTION('',(0.E0,0.E0,1.E0));
#4687=AXIS2_PLACEMENT_3D('',#4684,#4685,#4686);
#4689=DIRECTION('',(0.E0,-5.150380749101E-1,8.571673007021E-1));
#4690=VECTOR('',#4689,1.924945105405E0);
#4691=CARTESIAN_POINT('',(7.772364543274E1,-2.25E0,-1.684183558855E2));
#4692=LINE('',#4691,#4690);
#4693=DIRECTION('',(0.E0,-1.E0,0.E0));
#4694=VECTOR('',#4693,4.E0);
#4695=CARTESIAN_POINT('',(1.733303654882E2,-2.95E1,-1.025571332100E2));
#4696=LINE('',#4695,#4694);
#4697=CARTESIAN_POINT('',(1.733303654882E2,-2.95E1,-1.066821332100E2));
#4698=DIRECTION('',(0.E0,1.E0,0.E0));
#4699=DIRECTION('',(0.E0,0.E0,-1.E0));
#4700=AXIS2_PLACEMENT_3D('',#4697,#4698,#4699);
#4702=CARTESIAN_POINT('',(1.733303654882E2,-2.95E1,-1.066821332100E2));
#4703=DIRECTION('',(0.E0,1.E0,0.E0));
#4704=DIRECTION('',(0.E0,0.E0,1.E0));
#4705=AXIS2_PLACEMENT_3D('',#4702,#4703,#4704);
#4707=CARTESIAN_POINT('',(1.733303654882E2,-2.95E1,-1.066821332100E2));
#4708=DIRECTION('',(0.E0,1.E0,0.E0));
#4709=DIRECTION('',(-1.072517336996E-14,0.E0,1.E0));
#4710=AXIS2_PLACEMENT_3D('',#4707,#4708,#4709);
#4712=CARTESIAN_POINT('',(1.733303654882E2,-2.95E1,-1.066821332100E2));
#4713=DIRECTION('',(0.E0,1.E0,0.E0));
#4714=DIRECTION('',(1.072517336996E-14,0.E0,-1.E0));
#4715=AXIS2_PLACEMENT_3D('',#4712,#4713,#4714);
#4717=DIRECTION('',(0.E0,-1.E0,0.E0));
#4718=VECTOR('',#4717,4.E0);
#4719=CARTESIAN_POINT('',(1.733303654882E2,-2.95E1,-1.108071332100E2));
#4720=LINE('',#4719,#4718);
#4721=DIRECTION('',(-3.394414291851E-10,7.071067811865E-1,-7.071067811866E-1));
#4722=VECTOR('',#4721,7.071067804421E-1);
#4723=CARTESIAN_POINT('',(1.733303654888E2,-2.949999999866E1,
-1.040321332113E2));
#4724=LINE('',#4723,#4722);
#4725=DIRECTION('',(3.394816235521E-10,7.071067811866E-1,7.071067811865E-1));
#4726=VECTOR('',#4725,7.071067804421E-1);
#4727=CARTESIAN_POINT('',(1.733303654876E2,-2.949999999866E1,
-1.093321332087E2));
#4728=LINE('',#4727,#4726);
#4729=CARTESIAN_POINT('',(1.733303654882E2,-2.9E1,-1.066821332100E2));
#4730=DIRECTION('',(0.E0,1.E0,0.E0));
#4731=DIRECTION('',(0.E0,0.E0,-1.E0));
#4732=AXIS2_PLACEMENT_3D('',#4729,#4730,#4731);
#4734=DIRECTION('',(-1.658185688127E-10,-1.E0,3.636020868431E-10));
#4735=VECTOR('',#4734,2.249999999182E0);
#4736=CARTESIAN_POINT('',(1.733303654882E2,-2.675E1,-1.088321332100E2));
#4737=LINE('',#4736,#4735);
#4738=CARTESIAN_POINT('',(1.733303654882E2,-2.9E1,-1.066821332100E2));
#4739=DIRECTION('',(0.E0,1.E0,0.E0));
#4740=DIRECTION('',(0.E0,0.E0,1.E0));
#4741=AXIS2_PLACEMENT_3D('',#4738,#4739,#4740);
#4743=DIRECTION('',(1.658185688127E-10,-1.E0,-3.635957709076E-10));
#4744=VECTOR('',#4743,2.249999999182E0);
#4745=CARTESIAN_POINT('',(1.733303654882E2,-2.675E1,-1.045321332100E2));
#4746=LINE('',#4745,#4744);
#4747=DIRECTION('',(0.E0,-1.E0,0.E0));
#4748=VECTOR('',#4747,4.E0);
#4749=CARTESIAN_POINT('',(1.505E2,-2.95E1,-1.323102447854E2));
#4750=LINE('',#4749,#4748);
#4751=CARTESIAN_POINT('',(1.505E2,-2.95E1,-1.364352447854E2));
#4752=DIRECTION('',(0.E0,1.E0,0.E0));
#4753=DIRECTION('',(0.E0,0.E0,-1.E0));
#4754=AXIS2_PLACEMENT_3D('',#4751,#4752,#4753);
#4756=CARTESIAN_POINT('',(1.505E2,-2.95E1,-1.364352447854E2));
#4757=DIRECTION('',(0.E0,1.E0,0.E0));
#4758=DIRECTION('',(0.E0,0.E0,1.E0));
#4759=AXIS2_PLACEMENT_3D('',#4756,#4757,#4758);
#4761=CARTESIAN_POINT('',(1.505E2,-2.95E1,-1.364352447854E2));
#4762=DIRECTION('',(0.E0,1.E0,0.E0));
#4763=DIRECTION('',(-3.217552010989E-14,0.E0,1.E0));
#4764=AXIS2_PLACEMENT_3D('',#4761,#4762,#4763);
#4766=CARTESIAN_POINT('',(1.505E2,-2.95E1,-1.364352447854E2));
#4767=DIRECTION('',(0.E0,1.E0,0.E0));
#4768=DIRECTION('',(-1.072517336996E-14,0.E0,-1.E0));
#4769=AXIS2_PLACEMENT_3D('',#4766,#4767,#4768);
#4771=DIRECTION('',(0.E0,-1.E0,0.E0));
#4772=VECTOR('',#4771,4.E0);
#4773=CARTESIAN_POINT('',(1.505E2,-2.95E1,-1.405602447854E2));
#4774=LINE('',#4773,#4772);
#4775=DIRECTION('',(-3.395218179191E-10,7.071067811865E-1,-7.071067811866E-1));
#4776=VECTOR('',#4775,7.071067804422E-1);
#4777=CARTESIAN_POINT('',(1.505000000006E2,-2.949999999866E1,
-1.337852447867E2));
#4778=LINE('',#4777,#4776);
#4779=DIRECTION('',(3.395218179191E-10,7.071067811865E-1,7.071067811866E-1));
#4780=VECTOR('',#4779,7.071067804421E-1);
#4781=CARTESIAN_POINT('',(1.504999999994E2,-2.949999999866E1,
-1.390852447841E2));
#4782=LINE('',#4781,#4780);
#4783=CARTESIAN_POINT('',(1.505E2,-2.9E1,-1.364352447854E2));
#4784=DIRECTION('',(0.E0,1.E0,0.E0));
#4785=DIRECTION('',(0.E0,0.E0,-1.E0));
#4786=AXIS2_PLACEMENT_3D('',#4783,#4784,#4785);
#4788=DIRECTION('',(-1.658059369418E-10,-1.E0,3.635831390368E-10));
#4789=VECTOR('',#4788,2.249999999182E0);
#4790=CARTESIAN_POINT('',(1.505E2,-2.675E1,-1.385852447854E2));
#4791=LINE('',#4790,#4789);
#4792=CARTESIAN_POINT('',(1.505E2,-2.9E1,-1.364352447854E2));
#4793=DIRECTION('',(0.E0,1.E0,0.E0));
#4794=DIRECTION('',(0.E0,0.E0,1.E0));
#4795=AXIS2_PLACEMENT_3D('',#4792,#4793,#4794);
#4797=DIRECTION('',(1.658185688127E-10,-1.E0,-3.635957709076E-10));
#4798=VECTOR('',#4797,2.249999999182E0);
#4799=CARTESIAN_POINT('',(1.505E2,-2.675E1,-1.342852447854E2));
#4800=LINE('',#4799,#4798);
#4801=CARTESIAN_POINT('',(1.505E2,-2.675E1,-1.364352447854E2));
#4802=DIRECTION('',(0.E0,-1.E0,0.E0));
#4803=DIRECTION('',(0.E0,0.E0,-1.E0));
#4804=AXIS2_PLACEMENT_3D('',#4801,#4802,#4803);
#4806=CARTESIAN_POINT('',(1.505E2,-2.675E1,-1.364352447854E2));
#4807=DIRECTION('',(0.E0,-1.E0,0.E0));
#4808=DIRECTION('',(0.E0,0.E0,1.E0));
#4809=AXIS2_PLACEMENT_3D('',#4806,#4807,#4808);
#4811=CARTESIAN_POINT('',(1.505E2,-2.675E1,-1.364352447854E2));
#4812=DIRECTION('',(0.E0,1.E0,0.E0));
#4813=DIRECTION('',(0.E0,0.E0,1.E0));
#4814=AXIS2_PLACEMENT_3D('',#4811,#4812,#4813);
#4816=CARTESIAN_POINT('',(1.505E2,-2.675E1,-1.364352447854E2));
#4817=DIRECTION('',(0.E0,1.E0,0.E0));
#4818=DIRECTION('',(0.E0,0.E0,-1.E0));
#4819=AXIS2_PLACEMENT_3D('',#4816,#4817,#4818);
#4821=DIRECTION('',(0.E0,-1.E0,-1.624097681737E-14));
#4822=VECTOR('',#4821,1.75E0);
#4823=CARTESIAN_POINT('',(1.505E2,-2.675E1,-1.415602447854E2));
#4824=LINE('',#4823,#4822);
#4825=CARTESIAN_POINT('',(1.505E2,-2.85E1,-1.364352447854E2));
#4826=DIRECTION('',(0.E0,1.E0,0.E0));
#4827=DIRECTION('',(0.E0,0.E0,1.E0));
#4828=AXIS2_PLACEMENT_3D('',#4825,#4826,#4827);
#4830=CARTESIAN_POINT('',(1.505E2,-2.85E1,-1.445602447854E2));
#4831=DIRECTION('',(1.E0,0.E0,0.E0));
#4832=DIRECTION('',(0.E0,0.E0,1.E0));
#4833=AXIS2_PLACEMENT_3D('',#4830,#4831,#4832);
#4835=CARTESIAN_POINT('',(1.505E2,-2.85E1,-1.364352447854E2));
#4836=DIRECTION('',(0.E0,1.E0,0.E0));
#4837=DIRECTION('',(0.E0,0.E0,-1.E0));
#4838=AXIS2_PLACEMENT_3D('',#4835,#4836,#4837);
#4840=CARTESIAN_POINT('',(1.505E2,-2.85E1,-1.283102447854E2));
#4841=DIRECTION('',(-1.E0,0.E0,0.E0));
#4842=DIRECTION('',(0.E0,0.E0,-1.E0));
#4843=AXIS2_PLACEMENT_3D('',#4840,#4841,#4842);
#4845=DIRECTION('',(0.E0,-1.E0,-1.624097681737E-14));
#4846=VECTOR('',#4845,1.75E0);
#4847=CARTESIAN_POINT('',(1.505E2,-2.675E1,-1.313102447854E2));
#4848=LINE('',#4847,#4846);
#4849=CARTESIAN_POINT('',(1.505E2,-3.062132034356E1,-1.364352447854E2));
#4850=DIRECTION('',(0.E0,1.E0,0.E0));
#4851=DIRECTION('',(0.E0,0.E0,-1.E0));
#4852=AXIS2_PLACEMENT_3D('',#4849,#4850,#4851);
#4854=CARTESIAN_POINT('',(1.505E2,-2.85E1,-1.283102447854E2));
#4855=DIRECTION('',(-1.E0,0.E0,0.E0));
#4856=DIRECTION('',(0.E0,-7.071067811866E-1,-7.071067811865E-1));
#4857=AXIS2_PLACEMENT_3D('',#4854,#4855,#4856);
#4859=CARTESIAN_POINT('',(1.505E2,-3.062132034356E1,-1.364352447854E2));
#4860=DIRECTION('',(0.E0,1.E0,0.E0));
#4861=DIRECTION('',(0.E0,0.E0,1.E0));
#4862=AXIS2_PLACEMENT_3D('',#4859,#4860,#4861);
#4864=CARTESIAN_POINT('',(1.505E2,-2.85E1,-1.445602447854E2));
#4865=DIRECTION('',(1.E0,0.E0,0.E0));
#4866=DIRECTION('',(0.E0,-7.071067811866E-1,7.071067811865E-1));
#4867=AXIS2_PLACEMENT_3D('',#4864,#4865,#4866);
#4869=DIRECTION('',(0.E0,-1.E0,0.E0));
#4870=VECTOR('',#4869,4.E0);
#4871=CARTESIAN_POINT('',(1.133178667900E2,-2.95E1,-1.372053654882E2));
#4872=LINE('',#4871,#4870);
#4873=CARTESIAN_POINT('',(1.133178667900E2,-2.95E1,-1.413303654882E2));
#4874=DIRECTION('',(0.E0,1.E0,0.E0));
#4875=DIRECTION('',(0.E0,0.E0,-1.E0));
#4876=AXIS2_PLACEMENT_3D('',#4873,#4874,#4875);
#4878=CARTESIAN_POINT('',(1.133178667900E2,-2.95E1,-1.413303654882E2));
#4879=DIRECTION('',(0.E0,1.E0,0.E0));
#4880=DIRECTION('',(0.E0,0.E0,1.E0));
#4881=AXIS2_PLACEMENT_3D('',#4878,#4879,#4880);
#4883=CARTESIAN_POINT('',(1.133178667900E2,-2.95E1,-1.413303654882E2));
#4884=DIRECTION('',(0.E0,1.E0,0.E0));
#4885=DIRECTION('',(0.E0,0.E0,-1.E0));
#4886=AXIS2_PLACEMENT_3D('',#4883,#4884,#4885);
#4888=CARTESIAN_POINT('',(1.133178667900E2,-2.95E1,-1.413303654882E2));
#4889=DIRECTION('',(0.E0,1.E0,0.E0));
#4890=DIRECTION('',(-1.072517336996E-14,0.E0,1.E0));
#4891=AXIS2_PLACEMENT_3D('',#4888,#4889,#4890);
#4893=DIRECTION('',(0.E0,-1.E0,0.E0));
#4894=VECTOR('',#4893,4.E0);
#4895=CARTESIAN_POINT('',(1.133178667900E2,-2.95E1,-1.454553654882E2));
#4896=LINE('',#4895,#4894);
#4897=DIRECTION('',(3.395419151026E-10,7.071067811866E-1,7.071067811865E-1));
#4898=VECTOR('',#4897,7.071067804421E-1);
#4899=CARTESIAN_POINT('',(1.133178667894E2,-2.949999999866E1,
-1.439803654869E2));
#4900=LINE('',#4899,#4898);
#4901=DIRECTION('',(-3.394414291851E-10,7.071067811865E-1,-7.071067811866E-1));
#4902=VECTOR('',#4901,7.071067804421E-1);
#4903=CARTESIAN_POINT('',(1.133178667906E2,-2.949999999866E1,
-1.386803654895E2));
#4904=LINE('',#4903,#4902);
#4905=CARTESIAN_POINT('',(1.133178667900E2,-2.9E1,-1.413303654882E2));
#4906=DIRECTION('',(0.E0,1.E0,0.E0));
#4907=DIRECTION('',(0.E0,0.E0,1.E0));
#4908=AXIS2_PLACEMENT_3D('',#4905,#4906,#4907);
#4910=DIRECTION('',(1.658185688127E-10,-1.E0,-3.635957709076E-10));
#4911=VECTOR('',#4910,2.249999999182E0);
#4912=CARTESIAN_POINT('',(1.133178667900E2,-2.675E1,-1.391803654882E2));
#4913=LINE('',#4912,#4911);
#4914=CARTESIAN_POINT('',(1.133178667900E2,-2.9E1,-1.413303654882E2));
#4915=DIRECTION('',(0.E0,1.E0,0.E0));
#4916=DIRECTION('',(0.E0,0.E0,-1.E0));
#4917=AXIS2_PLACEMENT_3D('',#4914,#4915,#4916);
#4919=DIRECTION('',(-1.658185688127E-10,-1.E0,3.635957709076E-10));
#4920=VECTOR('',#4919,2.249999999182E0);
#4921=CARTESIAN_POINT('',(1.133178667900E2,-2.675E1,-1.434803654882E2));
#4922=LINE('',#4921,#4920);
#4923=CARTESIAN_POINT('',(1.133178667900E2,-2.675E1,-1.413303654882E2));
#4924=DIRECTION('',(0.E0,-1.E0,0.E0));
#4925=DIRECTION('',(0.E0,0.E0,-1.E0));
#4926=AXIS2_PLACEMENT_3D('',#4923,#4924,#4925);
#4928=CARTESIAN_POINT('',(1.133178667900E2,-2.675E1,-1.413303654882E2));
#4929=DIRECTION('',(0.E0,-1.E0,0.E0));
#4930=DIRECTION('',(0.E0,0.E0,1.E0));
#4931=AXIS2_PLACEMENT_3D('',#4928,#4929,#4930);
#4933=CARTESIAN_POINT('',(1.133178667900E2,-2.675E1,-1.413303654882E2));
#4934=DIRECTION('',(0.E0,1.E0,0.E0));
#4935=DIRECTION('',(0.E0,0.E0,1.E0));
#4936=AXIS2_PLACEMENT_3D('',#4933,#4934,#4935);
#4938=CARTESIAN_POINT('',(1.133178667900E2,-2.675E1,-1.413303654882E2));
#4939=DIRECTION('',(0.E0,1.E0,0.E0));
#4940=DIRECTION('',(0.E0,0.E0,-1.E0));
#4941=AXIS2_PLACEMENT_3D('',#4938,#4939,#4940);
#4943=DIRECTION('',(0.E0,-1.E0,-1.624097681737E-14));
#4944=VECTOR('',#4943,1.75E0);
#4945=CARTESIAN_POINT('',(1.133178667900E2,-2.675E1,-1.464553654882E2));
#4946=LINE('',#4945,#4944);
#4947=CARTESIAN_POINT('',(1.133178667900E2,-2.85E1,-1.413303654882E2));
#4948=DIRECTION('',(0.E0,1.E0,0.E0));
#4949=DIRECTION('',(0.E0,0.E0,1.E0));
#4950=AXIS2_PLACEMENT_3D('',#4947,#4948,#4949);
#4952=CARTESIAN_POINT('',(1.133178667900E2,-2.85E1,-1.494553654882E2));
#4953=DIRECTION('',(1.E0,0.E0,0.E0));
#4954=DIRECTION('',(0.E0,0.E0,1.E0));
#4955=AXIS2_PLACEMENT_3D('',#4952,#4953,#4954);
#4957=CARTESIAN_POINT('',(1.133178667900E2,-2.85E1,-1.413303654882E2));
#4958=DIRECTION('',(0.E0,1.E0,0.E0));
#4959=DIRECTION('',(0.E0,0.E0,-1.E0));
#4960=AXIS2_PLACEMENT_3D('',#4957,#4958,#4959);
#4962=CARTESIAN_POINT('',(1.133178667900E2,-2.85E1,-1.332053654882E2));
#4963=DIRECTION('',(-1.E0,0.E0,0.E0));
#4964=DIRECTION('',(0.E0,0.E0,-1.E0));
#4965=AXIS2_PLACEMENT_3D('',#4962,#4963,#4964);
#4967=DIRECTION('',(0.E0,-1.E0,-1.624097681737E-14));
#4968=VECTOR('',#4967,1.75E0);
#4969=CARTESIAN_POINT('',(1.133178667900E2,-2.675E1,-1.362053654882E2));
#4970=LINE('',#4969,#4968);
#4971=CARTESIAN_POINT('',(1.133178667900E2,-3.062132034356E1,
-1.413303654882E2));
#4972=DIRECTION('',(0.E0,1.E0,0.E0));
#4973=DIRECTION('',(0.E0,0.E0,-1.E0));
#4974=AXIS2_PLACEMENT_3D('',#4971,#4972,#4973);
#4976=CARTESIAN_POINT('',(1.133178667900E2,-2.85E1,-1.332053654882E2));
#4977=DIRECTION('',(-1.E0,0.E0,0.E0));
#4978=DIRECTION('',(0.E0,-7.071067811866E-1,-7.071067811865E-1));
#4979=AXIS2_PLACEMENT_3D('',#4976,#4977,#4978);
#4981=CARTESIAN_POINT('',(1.133178667900E2,-3.062132034356E1,
-1.413303654882E2));
#4982=DIRECTION('',(0.E0,1.E0,0.E0));
#4983=DIRECTION('',(0.E0,0.E0,1.E0));
#4984=AXIS2_PLACEMENT_3D('',#4981,#4982,#4983);
#4986=CARTESIAN_POINT('',(1.133178667900E2,-2.85E1,-1.494553654882E2));
#4987=DIRECTION('',(1.E0,0.E0,0.E0));
#4988=DIRECTION('',(0.E0,-7.071067811866E-1,7.071067811865E-1));
#4989=AXIS2_PLACEMENT_3D('',#4986,#4987,#4988);
#4991=DIRECTION('',(1.278976924368E-12,-1.E0,2.202682480856E-12));
#4992=VECTOR('',#4991,2.E0);
#4993=CARTESIAN_POINT('',(1.559106383402E2,-3.15E1,-1.131207665663E2));
#4994=LINE('',#4993,#4992);
#4995=DIRECTION('',(-1.036255525833E-10,1.E0,8.753886504564E-11));
#4996=VECTOR('',#4995,2.E0);
#4997=CARTESIAN_POINT('',(1.454718425746E2,-3.35E1,-1.141636832513E2));
#4998=LINE('',#4997,#4996);
#4999=DIRECTION('',(-2.344791028008E-13,-1.E0,-1.136868377216E-12));
#5000=VECTOR('',#4999,2.E0);
#5001=CARTESIAN_POINT('',(9.370356730798E1,-3.15E1,-1.087373822428E2));
#5002=LINE('',#5001,#5000);
#5003=DIRECTION('',(-6.039613253961E-13,-1.E0,-3.623767952377E-13));
#5004=VECTOR('',#5003,2.E0);
#5005=CARTESIAN_POINT('',(1.039356988990E2,-3.15E1,-1.112385213092E2));
#5006=LINE('',#5005,#5004);
#5007=DIRECTION('',(2.757574560853E-11,-1.E0,-2.306170940488E-11));
#5008=VECTOR('',#5007,8.5E0);
#5009=CARTESIAN_POINT('',(1.080622263111E2,-3.15E1,-1.114136806875E2));
#5010=LINE('',#5009,#5008);
#5011=DIRECTION('',(3.166512803601E-12,1.E0,1.815645673025E-12));
#5012=VECTOR('',#5011,8.499999999996E0);
#5013=CARTESIAN_POINT('',(1.040627090427E2,-4.E1,-1.111392901094E2));
#5014=LINE('',#5013,#5012);
#5015=DIRECTION('',(1.460541491671E-11,-1.E0,-1.109784159995E-11));
#5016=VECTOR('',#5015,8.499999999996E0);
#5017=CARTESIAN_POINT('',(1.453384705968E2,-3.15E1,-1.140255725254E2));
#5018=LINE('',#5017,#5016);
#5019=DIRECTION('',(2.959201511283E-11,1.E0,1.872823464938E-11));
#5020=VECTOR('',#5019,8.5E0);
#5021=CARTESIAN_POINT('',(1.413396885678E2,-4.E1,-1.137406675329E2));
#5022=LINE('',#5021,#5020);
#5023=CARTESIAN_POINT('',(1.431804511959E2,-4.E1,-1.161095476368E2));
#5024=DIRECTION('',(0.E0,1.E0,0.E0));
#5025=DIRECTION('',(-6.135875427115E-1,0.E0,7.896267013148E-1));
#5026=AXIS2_PLACEMENT_3D('',#5023,#5024,#5025);
#5028=CARTESIAN_POINT('',(1.431804511959E2,-4.E1,-1.161095476368E2));
#5029=DIRECTION('',(0.E0,1.E0,0.E0));
#5030=DIRECTION('',(0.E0,0.E0,1.E0));
#5031=AXIS2_PLACEMENT_3D('',#5028,#5029,#5030);
#5033=DIRECTION('',(-5.086500507813E-1,-7.071067811893E-1,-4.911976443716E-1));
#5034=VECTOR('',#5033,1.414213562366E0);
#5035=CARTESIAN_POINT('',(1.453384705969E2,-4.E1,-1.140255725255E2));
#5036=LINE('',#5035,#5034);
#5037=CARTESIAN_POINT('',(1.26E2,-4.E1,-9.4E1));
#5038=DIRECTION('',(0.E0,-1.E0,0.E0));
#5039=DIRECTION('',(-7.175109475479E-1,0.E0,-6.965472275079E-1));
#5040=AXIS2_PLACEMENT_3D('',#5037,#5038,#5039);
#5042=CARTESIAN_POINT('',(1.26E2,-4.E1,-9.4E1));
#5043=DIRECTION('',(0.E0,-1.E0,0.E0));
#5044=DIRECTION('',(0.E0,0.E0,-1.E0));
#5045=AXIS2_PLACEMENT_3D('',#5042,#5043,#5044);
#5047=DIRECTION('',(4.338719124830E-1,-7.071067811758E-1,-5.583503949793E-1));
#5048=VECTOR('',#5047,1.414213562395E0);
#5049=CARTESIAN_POINT('',(1.413396885678E2,-4.E1,-1.137406675329E2));
#5050=LINE('',#5049,#5048);
#5051=DIRECTION('',(-4.353384040796E-1,7.071067811946E-1,5.572077475431E-1));
#5052=VECTOR('',#5051,1.414213562350E0);
#5053=CARTESIAN_POINT('',(1.046783705180E2,-4.099999999999E1,
-1.119273008630E2));
#5054=LINE('',#5053,#5052);
#5055=CARTESIAN_POINT('',(1.059096934687E2,-4.E1,-1.135033223702E2));
#5056=DIRECTION('',(0.E0,1.E0,0.E0));
#5057=DIRECTION('',(-6.156614753335E-1,0.E0,7.880107536006E-1));
#5058=AXIS2_PLACEMENT_3D('',#5055,#5056,#5057);
#5060=CARTESIAN_POINT('',(1.059096934687E2,-4.E1,-1.135033223702E2));
#5061=DIRECTION('',(0.E0,1.E0,0.E0));
#5062=DIRECTION('',(0.E0,0.E0,1.E0));
#5063=AXIS2_PLACEMENT_3D('',#5060,#5061,#5062);
#5065=DIRECTION('',(-5.073568567265E-1,-7.071067811760E-1,-4.925332678587E-1));
#5066=VECTOR('',#5065,1.414213562394E0);
#5067=CARTESIAN_POINT('',(1.080622263113E2,-4.E1,-1.114136806877E2));
#5068=LINE('',#5067,#5066);
#5069=DIRECTION('',(7.880107536069E-1,0.E0,6.156614753255E-1));
#5070=VECTOR('',#5069,9.607806872546E0);
#5071=CARTESIAN_POINT('',(9.649165390857E1,-4.E1,-1.170544466632E2));
#5072=LINE('',#5071,#5070);
#5073=DIRECTION('',(4.353384041286E-1,-7.071067811943E-1,-5.572077475052E-1));
#5074=VECTOR('',#5073,1.414213562351E0);
#5075=CARTESIAN_POINT('',(9.649165390857E1,-4.E1,-1.170544466632E2));
#5076=LINE('',#5075,#5074);
#5077=DIRECTION('',(-5.331966617417E-1,7.071067811872E-1,-4.644365617677E-1));
#5078=VECTOR('',#5077,1.414213562372E0);
#5079=CARTESIAN_POINT('',(9.696892290881E1,-4.1E1,-1.192872806550E2));
#5080=LINE('',#5079,#5078);
#5081=CARTESIAN_POINT('',(9.772297685921E1,-4.E1,-1.186304681704E2));
#5082=DIRECTION('',(0.E0,1.E0,0.E0));
#5083=DIRECTION('',(-7.540539504182E-1,0.E0,-6.568124845485E-1));
#5084=AXIS2_PLACEMENT_3D('',#5081,#5082,#5083);
#5086=CARTESIAN_POINT('',(1.505739344620E2,-4.1E1,-1.223261671438E2));
#5087=DIRECTION('',(0.E0,1.E0,0.E0));
#5088=DIRECTION('',(7.193398001049E-1,0.E0,6.946583707010E-1));
#5089=AXIS2_PLACEMENT_3D('',#5086,#5087,#5088);
#5091=CARTESIAN_POINT('',(1.26E2,-4.1E1,-9.4E1));
#5092=DIRECTION('',(0.E0,1.E0,0.E0));
#5093=DIRECTION('',(6.553049189878E-1,0.E0,-7.553644571665E-1));
#5094=AXIS2_PLACEMENT_3D('',#5091,#5092,#5093);
#5096=CARTESIAN_POINT('',(1.26E2,-4.1E1,-9.4E1));
#5097=DIRECTION('',(0.E0,1.E0,0.E0));
#5098=DIRECTION('',(0.E0,0.E0,-1.E0));
#5099=AXIS2_PLACEMENT_3D('',#5096,#5097,#5098);
#5101=CARTESIAN_POINT('',(9.772297685921E1,-4.1E1,-1.186304681704E2));
#5102=DIRECTION('',(0.E0,1.E0,0.E0));
#5103=DIRECTION('',(-7.540539503319E-1,0.E0,-6.568124846476E-1));
#5104=AXIS2_PLACEMENT_3D('',#5101,#5102,#5103);
#5106=DIRECTION('',(7.880107536068E-1,0.E0,6.156614753256E-1));
#5107=VECTOR('',#5106,9.607806872459E0);
#5108=CARTESIAN_POINT('',(9.710731538390E1,-4.099999999999E1,
-1.178424574168E2));
#5109=LINE('',#5108,#5107);
#5110=CARTESIAN_POINT('',(1.059096934687E2,-4.1E1,-1.135033223702E2));
#5111=DIRECTION('',(0.E0,1.E0,0.E0));
#5112=DIRECTION('',(-6.156614754128E-1,0.E0,7.880107535386E-1));
#5113=AXIS2_PLACEMENT_3D('',#5110,#5111,#5112);
#5115=CARTESIAN_POINT('',(1.059096934687E2,-4.1E1,-1.135033223702E2));
#5116=DIRECTION('',(0.E0,1.E0,0.E0));
#5117=DIRECTION('',(0.E0,0.E0,1.E0));
#5118=AXIS2_PLACEMENT_3D('',#5115,#5116,#5117);
#5120=CARTESIAN_POINT('',(1.26E2,-4.1E1,-9.4E1));
#5121=DIRECTION('',(0.E0,-1.E0,0.E0));
#5122=DIRECTION('',(-7.175109475697E-1,0.E0,-6.965472274854E-1));
#5123=AXIS2_PLACEMENT_3D('',#5120,#5121,#5122);
#5125=CARTESIAN_POINT('',(1.26E2,-4.1E1,-9.4E1));
#5126=DIRECTION('',(0.E0,-1.E0,0.E0));
#5127=DIRECTION('',(0.E0,0.E0,-1.E0));
#5128=AXIS2_PLACEMENT_3D('',#5125,#5126,#5127);
#5130=CARTESIAN_POINT('',(1.431804511959E2,-4.1E1,-1.161095476368E2));
#5131=DIRECTION('',(0.E0,1.E0,0.E0));
#5132=DIRECTION('',(-6.135875423432E-1,0.E0,7.896267016010E-1));
#5133=AXIS2_PLACEMENT_3D('',#5130,#5131,#5132);
#5135=CARTESIAN_POINT('',(1.431804511959E2,-4.1E1,-1.161095476368E2));
#5136=DIRECTION('',(0.E0,1.E0,0.E0));
#5137=DIRECTION('',(0.E0,0.E0,1.E0));
#5138=AXIS2_PLACEMENT_3D('',#5135,#5136,#5137);
#5140=DIRECTION('',(6.946583704577E-1,0.E0,-7.193398003399E-1));
#5141=VECTOR('',#5140,9.607806872390E0);
#5142=CARTESIAN_POINT('',(1.446191307966E2,-4.1E1,-1.147202308959E2));
#5143=LINE('',#5142,#5141);
#5144=CARTESIAN_POINT('',(1.26E2,-4.1E1,-9.4E1));
#5145=DIRECTION('',(0.E0,1.E0,0.E0));
#5146=DIRECTION('',(-2.464990337240E-1,0.E0,-9.691430371071E-1));
#5147=AXIS2_PLACEMENT_3D('',#5144,#5145,#5146);
#5149=CARTESIAN_POINT('',(1.069269505584E2,-4.1E1,-1.200054087643E2));
#5150=DIRECTION('',(0.E0,-1.E0,0.E0));
#5151=DIRECTION('',(5.914123857885E-1,0.E0,8.063692640075E-1));
#5152=AXIS2_PLACEMENT_3D('',#5149,#5150,#5151);
#5154=CARTESIAN_POINT('',(1.069269505584E2,-4.1E1,-1.200054087643E2));
#5155=DIRECTION('',(0.E0,-1.E0,0.E0));
#5156=DIRECTION('',(0.E0,0.E0,1.E0));
#5157=AXIS2_PLACEMENT_3D('',#5154,#5155,#5156);
#5159=CARTESIAN_POINT('',(1.26E2,-4.1E1,-9.4E1));
#5160=DIRECTION('',(0.E0,-1.E0,0.E0));
#5161=DIRECTION('',(-5.914123857864E-1,0.E0,-8.063692640090E-1));
#5162=AXIS2_PLACEMENT_3D('',#5159,#5160,#5161);
#5164=CARTESIAN_POINT('',(1.180504061624E2,-4.1E1,-1.252548629467E2));
#5165=DIRECTION('',(0.E0,-1.E0,0.E0));
#5166=DIRECTION('',(-2.464990337236E-1,0.E0,-9.691430371072E-1));
#5167=AXIS2_PLACEMENT_3D('',#5164,#5165,#5166);
#5169=CARTESIAN_POINT('',(1.180504061624E2,-4.1E1,-1.252548629467E2));
#5170=DIRECTION('',(0.E0,-1.E0,0.E0));
#5171=DIRECTION('',(0.E0,0.E0,-1.E0));
#5172=AXIS2_PLACEMENT_3D('',#5169,#5170,#5171);
#5174=CARTESIAN_POINT('',(1.412681784561E2,-4.1E1,-1.224067813494E2));
#5175=DIRECTION('',(0.E0,-1.E0,0.E0));
#5176=DIRECTION('',(0.E0,0.E0,1.E0));
#5177=AXIS2_PLACEMENT_3D('',#5174,#5175,#5176);
#5179=CARTESIAN_POINT('',(1.26E2,-4.1E1,-9.4E1));
#5180=DIRECTION('',(0.E0,1.E0,0.E0));
#5181=DIRECTION('',(4.734318901153E-1,0.E0,-8.808304294368E-1));
#5182=AXIS2_PLACEMENT_3D('',#5179,#5180,#5181);
#5184=CARTESIAN_POINT('',(1.295223927404E2,-4.1E1,-1.260570623948E2));
#5185=DIRECTION('',(0.E0,-1.E0,0.E0));
#5186=DIRECTION('',(-1.092214802508E-1,0.E0,9.940174386055E-1));
#5187=AXIS2_PLACEMENT_3D('',#5184,#5185,#5186);
#5189=CARTESIAN_POINT('',(1.295223927404E2,-4.1E1,-1.260570623948E2));
#5190=DIRECTION('',(0.E0,-1.E0,0.E0));
#5191=DIRECTION('',(0.E0,0.E0,-1.E0));
#5192=AXIS2_PLACEMENT_3D('',#5189,#5190,#5191);
#5194=CARTESIAN_POINT('',(1.26E2,-4.1E1,-9.4E1));
#5195=DIRECTION('',(0.E0,-1.E0,0.E0));
#5196=DIRECTION('',(1.092214803152E-1,0.E0,-9.940174385984E-1));
#5197=AXIS2_PLACEMENT_3D('',#5194,#5195,#5196);
#5199=CARTESIAN_POINT('',(1.412681784561E2,-4.1E1,-1.224067813494E2));
#5200=DIRECTION('',(0.E0,-1.E0,0.E0));
#5201=DIRECTION('',(4.734318901106E-1,0.E0,-8.808304294394E-1));
#5202=AXIS2_PLACEMENT_3D('',#5199,#5200,#5201);
#5204=DIRECTION('',(5.086500508538E-1,7.071067811925E-1,4.911976442919E-1));
#5205=VECTOR('',#5204,1.414213562360E0);
#5206=CARTESIAN_POINT('',(1.512932742623E2,-4.1E1,-1.216315087732E2));
#5207=LINE('',#5206,#5205);
#5208=CARTESIAN_POINT('',(1.505739344620E2,-4.E1,-1.223261671438E2));
#5209=DIRECTION('',(0.E0,1.E0,0.E0));
#5210=DIRECTION('',(7.193398003485E-1,0.E0,6.946583704488E-1));
#5211=AXIS2_PLACEMENT_3D('',#5208,#5209,#5210);
#5213=DIRECTION('',(4.633705519607E-1,7.071067811858E-1,-5.341233299312E-1));
#5214=VECTOR('',#5213,1.414213562375E0);
#5215=CARTESIAN_POINT('',(1.512292393810E2,-4.1E1,-1.230815316009E2));
#5216=LINE('',#5215,#5214);
#5217=CARTESIAN_POINT('',(1.26E2,-4.E1,-9.4E1));
#5218=DIRECTION('',(0.E0,1.E0,0.E0));
#5219=DIRECTION('',(6.553049189872E-1,0.E0,-7.553644571670E-1));
#5220=AXIS2_PLACEMENT_3D('',#5217,#5218,#5219);
#5222=CARTESIAN_POINT('',(1.26E2,-4.E1,-9.4E1));
#5223=DIRECTION('',(0.E0,1.E0,0.E0));
#5224=DIRECTION('',(0.E0,0.E0,-1.E0));
#5225=AXIS2_PLACEMENT_3D('',#5222,#5223,#5224);
#5227=DIRECTION('',(-1.057724847880E-11,1.E0,1.370145023080E-11));
#5228=VECTOR('',#5227,6.499999999996E0);
#5229=CARTESIAN_POINT('',(1.520126140627E2,-4.E1,-1.209368504029E2));
#5230=LINE('',#5229,#5228);
#5231=DIRECTION('',(-1.871460251725E-12,-1.E0,-1.790567694115E-12));
#5232=VECTOR('',#5231,6.5E0);
#5233=CARTESIAN_POINT('',(1.518845443E2,-3.35E1,-1.238368960581E2));
#5234=LINE('',#5233,#5232);
#5235=DIRECTION('',(3.548341108119E-12,1.E0,-4.549659794205E-12));
#5236=VECTOR('',#5235,6.5E0);
#5237=CARTESIAN_POINT('',(9.621486895836E1,-4.E1,-1.199440931395E2));
#5238=LINE('',#5237,#5236);
#5239=DIRECTION('',(2.190657911483E-12,-1.E0,2.708807537253E-12));
#5240=VECTOR('',#5239,6.499999999996E0);
#5241=CARTESIAN_POINT('',(9.649165390855E1,-3.35E1,-1.170544466632E2));
#5242=LINE('',#5241,#5240);
#5243=DIRECTION('',(6.946583704570E-1,0.E0,-7.193398003405E-1));
#5244=VECTOR('',#5243,9.607806872542E0);
#5245=CARTESIAN_POINT('',(1.453384705969E2,-4.E1,-1.140255725255E2));
#5246=LINE('',#5245,#5244);
#5247=DIRECTION('',(-1.743011382735E-1,7.071067811865E-1,-6.852876134855E-1));
#5248=VECTOR('',#5247,7.071067811865E-1);
#5249=CARTESIAN_POINT('',(1.192212765726E2,-4.1E1,-1.206514335205E2));
#5250=LINE('',#5249,#5248);
#5251=CARTESIAN_POINT('',(1.26E2,-4.05E1,-9.4E1));
#5252=DIRECTION('',(0.E0,1.E0,0.E0));
#5253=DIRECTION('',(-2.464990337216E-1,0.E0,-9.691430371077E-1));
#5254=AXIS2_PLACEMENT_3D('',#5251,#5252,#5253);
#5256=DIRECTION('',(-4.181917084826E-1,7.071067811858E-1,-5.701891747109E-1));
#5257=VECTOR('',#5256,7.071067811873E-1);
#5258=CARTESIAN_POINT('',(1.097361593909E2,-4.1E1,-1.161751547602E2));
#5259=LINE('',#5258,#5257);
#5260=CARTESIAN_POINT('',(1.069269505584E2,-4.05E1,-1.200054087643E2));
#5261=DIRECTION('',(0.E0,-1.E0,0.E0));
#5262=DIRECTION('',(5.914123857807E-1,0.E0,8.063692640132E-1));
#5263=AXIS2_PLACEMENT_3D('',#5260,#5261,#5262);
#5265=CARTESIAN_POINT('',(1.069269505584E2,-4.05E1,-1.200054087643E2));
#5266=DIRECTION('',(0.E0,-1.E0,0.E0));
#5267=DIRECTION('',(0.E0,0.E0,1.E0));
#5268=AXIS2_PLACEMENT_3D('',#5265,#5266,#5267);
#5270=DIRECTION('',(-4.181917084654E-1,-7.071067811869E-1,-5.701891747221E-1));
#5271=VECTOR('',#5270,7.071067811860E-1);
#5272=CARTESIAN_POINT('',(1.044134479188E2,-4.05E1,-1.234324781363E2));
#5273=LINE('',#5272,#5271);
#5274=DIRECTION('',(-1.878990790121E-13,-1.E0,1.200027731506E-13));
#5275=VECTOR('',#5274,9.E0);
#5276=CARTESIAN_POINT('',(1.044134479188E2,-3.15E1,-1.234324781363E2));
#5277=LINE('',#5276,#5275);
#5278=DIRECTION('',(-3.134282956631E-12,-1.E0,1.986361692414E-12));
#5279=VECTOR('',#5278,9.E0);
#5280=CARTESIAN_POINT('',(1.094404531980E2,-3.15E1,-1.165783393923E2));
#5281=LINE('',#5280,#5279);
#5282=DIRECTION('',(2.292684560719E-12,-1.E0,-5.905399626095E-13));
#5283=VECTOR('',#5282,9.E0);
#5284=CARTESIAN_POINT('',(1.190980270558E2,-3.15E1,-1.211360050390E2));
#5285=LINE('',#5284,#5283);
#5286=DIRECTION('',(4.983273053464E-12,-1.E0,-1.301082698370E-12));
#5287=VECTOR('',#5286,9.E0);
#5288=CARTESIAN_POINT('',(1.170027852691E2,-3.15E1,-1.293737208544E2));
#5289=LINE('',#5288,#5287);
#5290=CARTESIAN_POINT('',(1.26E2,-4.05E1,-9.4E1));
#5291=DIRECTION('',(0.E0,-1.E0,0.E0));
#5292=DIRECTION('',(-5.914123857867E-1,0.E0,-8.063692640088E-1));
#5293=AXIS2_PLACEMENT_3D('',#5290,#5291,#5292);
#5295=DIRECTION('',(-1.743011382915E-1,-7.071067811869E-1,-6.852876134805E-1));
#5296=VECTOR('',#5295,7.071067811862E-1);
#5297=CARTESIAN_POINT('',(1.170027852691E2,-4.05E1,-1.293737208544E2));
#5298=LINE('',#5297,#5296);
#5299=CARTESIAN_POINT('',(1.180504061624E2,-4.05E1,-1.252548629467E2));
#5300=DIRECTION('',(0.E0,-1.E0,0.E0));
#5301=DIRECTION('',(-2.464990337184E-1,0.E0,-9.691430371085E-1));
#5302=AXIS2_PLACEMENT_3D('',#5299,#5300,#5301);
#5304=CARTESIAN_POINT('',(1.180504061624E2,-4.05E1,-1.252548629467E2));
#5305=DIRECTION('',(0.E0,-1.E0,0.E0));
#5306=DIRECTION('',(0.E0,0.E0,-1.E0));
#5307=AXIS2_PLACEMENT_3D('',#5304,#5305,#5306);
#5309=DIRECTION('',(-3.347668999145E-1,7.071067811868E-1,6.228411697386E-1));
#5310=VECTOR('',#5309,7.071067811862E-1);
#5311=CARTESIAN_POINT('',(1.435169799341E2,-4.1E1,-1.265907258892E2));
#5312=LINE('',#5311,#5310);
#5313=CARTESIAN_POINT('',(1.412681784561E2,-4.05E1,-1.224067813494E2));
#5314=DIRECTION('',(0.E0,-1.E0,0.E0));
#5315=DIRECTION('',(4.734318901178E-1,0.E0,-8.808304294355E-1));
#5316=AXIS2_PLACEMENT_3D('',#5313,#5314,#5315);
#5318=CARTESIAN_POINT('',(1.412681784561E2,-4.05E1,-1.224067813494E2));
#5319=DIRECTION('',(0.E0,-1.E0,0.E0));
#5320=DIRECTION('',(0.E0,0.E0,1.E0));
#5321=AXIS2_PLACEMENT_3D('',#5318,#5319,#5320);
#5323=DIRECTION('',(3.347668998727E-1,7.071067811875E-1,-6.228411697602E-1));
#5324=VECTOR('',#5323,7.071067811856E-1);
#5325=CARTESIAN_POINT('',(1.390193769781E2,-4.1E1,-1.182228368096E2));
#5326=LINE('',#5325,#5324);
#5327=CARTESIAN_POINT('',(1.26E2,-4.05E1,-9.4E1));
#5328=DIRECTION('',(0.E0,1.E0,0.E0));
#5329=DIRECTION('',(4.734318901110E-1,0.E0,-8.808304294391E-1));
#5330=AXIS2_PLACEMENT_3D('',#5327,#5328,#5329);
#5332=DIRECTION('',(-7.723124926846E-2,-7.071067811782E-1,7.028764714715E-1));
#5333=VECTOR('',#5332,7.071067811946E-1);
#5334=CARTESIAN_POINT('',(1.290582014491E2,-4.05E1,-1.218324882807E2));
#5335=LINE('',#5334,#5333);
#5336=DIRECTION('',(-1.145710686817E-11,-1.E0,-2.619534219169E-12));
#5337=VECTOR('',#5336,9.E0);
#5338=CARTESIAN_POINT('',(1.290582014492E2,-3.15E1,-1.218324882807E2));
#5339=LINE('',#5338,#5337);
#5340=DIRECTION('',(-2.381107656725E-12,-1.E0,-1.316872536942E-12));
#5341=VECTOR('',#5340,9.E0);
#5342=CARTESIAN_POINT('',(1.392560929231E2,-3.15E1,-1.186632520243E2));
#5343=LINE('',#5342,#5341);
#5344=DIRECTION('',(7.389644451905E-13,-1.E0,3.552713678801E-13));
#5345=VECTOR('',#5344,9.E0);
#5346=CARTESIAN_POINT('',(1.432802639891E2,-3.15E1,-1.261503106745E2));
#5347=LINE('',#5346,#5345);
#5348=DIRECTION('',(1.405295632948E-11,-1.E0,1.825305338975E-12));
#5349=VECTOR('',#5348,9.E0);
#5350=CARTESIAN_POINT('',(1.299865840317E2,-3.15E1,-1.302816365088E2));
#5351=LINE('',#5350,#5349);
#5352=CARTESIAN_POINT('',(1.295223927404E2,-4.05E1,-1.260570623948E2));
#5353=DIRECTION('',(0.E0,-1.E0,0.E0));
#5354=DIRECTION('',(-1.092214803052E-1,0.E0,9.940174385995E-1));
#5355=AXIS2_PLACEMENT_3D('',#5352,#5353,#5354);
#5357=CARTESIAN_POINT('',(1.295223927404E2,-4.05E1,-1.260570623948E2));
#5358=DIRECTION('',(0.E0,-1.E0,0.E0));
#5359=DIRECTION('',(0.E0,0.E0,-1.E0));
#5360=AXIS2_PLACEMENT_3D('',#5357,#5358,#5359);
#5362=DIRECTION('',(7.723124925904E-2,-7.071067811846E-1,-7.028764714661E-1));
#5363=VECTOR('',#5362,7.071067811885E-1);
#5364=CARTESIAN_POINT('',(1.299865840318E2,-4.05E1,-1.302816365088E2));
#5365=LINE('',#5364,#5363);
#5366=CARTESIAN_POINT('',(1.26E2,-4.05E1,-9.4E1));
#5367=DIRECTION('',(0.E0,-1.E0,0.E0));
#5368=DIRECTION('',(1.092214803233E-1,0.E0,-9.940174385975E-1));
#5369=AXIS2_PLACEMENT_3D('',#5366,#5367,#5368);
#5371=DIRECTION('',(3.395218179191E-10,7.071067811865E-1,7.071067811865E-1));
#5372=VECTOR('',#5371,7.071067804421E-1);
#5373=CARTESIAN_POINT('',(8.356475521395E1,-2.949999999866E1,
-1.211499999987E2));
#5374=LINE('',#5373,#5372);
#5375=CARTESIAN_POINT('',(8.356475521456E1,-2.9E1,-1.185E2));
#5376=DIRECTION('',(0.E0,1.E0,0.E0));
#5377=DIRECTION('',(0.E0,0.E0,-1.E0));
#5378=AXIS2_PLACEMENT_3D('',#5375,#5376,#5377);
#5380=DIRECTION('',(-1.658122528773E-10,-1.E0,3.635957709076E-10));
#5381=VECTOR('',#5380,2.249999999182E0);
#5382=CARTESIAN_POINT('',(8.356475521456E1,-2.675E1,-1.2065E2));
#5383=LINE('',#5382,#5381);
#5384=CARTESIAN_POINT('',(1.143576151158E2,-2.85E1,-5.414796273446E1));
#5385=DIRECTION('',(-2.588190451104E-1,0.E0,-9.659258262870E-1));
#5386=DIRECTION('',(9.625660741030E-1,-8.333333333219E-2,-2.579188022259E-1));
#5387=AXIS2_PLACEMENT_3D('',#5384,#5385,#5386);
#5389=CARTESIAN_POINT('',(1.187434231898E2,-2.85E1,-5.914901836039E1));
#5390=DIRECTION('',(-9.914448613724E-1,0.E0,-1.305261922306E-1));
#5391=DIRECTION('',(3.173757553062E-13,-1.E0,-2.413476825798E-12));
#5392=AXIS2_PLACEMENT_3D('',#5389,#5390,#5391);
#5394=CARTESIAN_POINT('',(1.161468577496E2,-2.85E1,-4.747041831811E1));
#5395=DIRECTION('',(2.588190451104E-1,0.E0,9.659258262870E-1));
#5396=DIRECTION('',(1.750777300913E-11,-1.E0,-4.691950531803E-12));
#5397=AXIS2_PLACEMENT_3D('',#5394,#5395,#5396);
#5399=CARTESIAN_POINT('',(1.234746626699E2,-2.85E1,-4.650569449861E1));
#5400=DIRECTION('',(-4.999999999849E-1,0.E0,8.660254037932E-1));
#5401=DIRECTION('',(-8.630131323924E-1,-8.333333333375E-2,-4.982608642808E-1));
#5402=AXIS2_PLACEMENT_3D('',#5399,#5400,#5401);
#5404=CARTESIAN_POINT('',(1.234671123937E2,-2.875E1,-5.449261703657E1));
#5405=DIRECTION('',(0.E0,-1.E0,0.E0));
#5406=DIRECTION('',(1.305261922571E-1,0.E0,-9.914448613689E-1));
#5407=AXIS2_PLACEMENT_3D('',#5404,#5405,#5406);
#5409=DIRECTION('',(-5.000000000020E-1,0.E0,8.660254037833E-1));
#5410=VECTOR('',#5409,6.913102677918E0);
#5411=CARTESIAN_POINT('',(1.243421746117E2,-2.875E1,-5.398739962951E1));
#5412=LINE('',#5411,#5410);
#5413=CARTESIAN_POINT('',(1.200105610547E2,-2.875E1,-4.850569449855E1));
#5414=DIRECTION('',(0.E0,-1.E0,0.E0));
#5415=DIRECTION('',(8.660254038264E-1,0.E0,4.999999999274E-1));
#5416=AXIS2_PLACEMENT_3D('',#5413,#5414,#5415);
#5418=CARTESIAN_POINT('',(1.200105610547E2,-2.875E1,-4.850569449855E1));
#5419=DIRECTION('',(0.E0,-1.E0,0.E0));
#5420=DIRECTION('',(0.E0,0.E0,1.E0));
#5421=AXIS2_PLACEMENT_3D('',#5418,#5419,#5420);
#5423=DIRECTION('',(-2.588190451032E-1,0.E0,-9.659258262889E-1));
#5424=VECTOR('',#5423,6.913102678002E0);
#5425=CARTESIAN_POINT('',(1.190345559719E2,-2.875E1,-4.824417472474E1));
#5426=LINE('',#5425,#5424);
#5427=CARTESIAN_POINT('',(1.182213184209E2,-2.875E1,-5.518323891490E1));
#5428=DIRECTION('',(0.E0,-1.E0,0.E0));
#5429=DIRECTION('',(-9.659258263427E-1,0.E0,2.588190449025E-1));
#5430=AXIS2_PLACEMENT_3D('',#5427,#5428,#5429);
#5432=CARTESIAN_POINT('',(1.182213184209E2,-2.875E1,-5.518323891490E1));
#5433=DIRECTION('',(0.E0,-1.E0,0.E0));
#5434=DIRECTION('',(0.E0,0.E0,-1.E0));
#5435=AXIS2_PLACEMENT_3D('',#5432,#5433,#5434);
#5437=DIRECTION('',(9.914448613740E-1,0.E0,1.305261922190E-1));
#5438=VECTOR('',#5437,5.291059722012E0);
#5439=CARTESIAN_POINT('',(1.183532066299E2,-2.875E1,-5.618502931920E1));
#5440=LINE('',#5439,#5438);
#5441=CARTESIAN_POINT('',(1.239892171626E2,-2.85E1,-5.845839648206E1));
#5442=DIRECTION('',(9.914448613723E-1,0.E0,1.305261922314E-1));
#5443=DIRECTION('',(-1.300721867089E-1,-8.333333333321E-2,9.879963470582E-1));
#5444=AXIS2_PLACEMENT_3D('',#5441,#5442,#5443);
#5446=CARTESIAN_POINT('',(1.269312140088E2,-2.85E1,-5.249261703653E1));
#5447=DIRECTION('',(5.000000000092E-1,0.E0,-8.660254037791E-1));
#5448=DIRECTION('',(-9.393374966749E-12,-1.E0,-5.423809549635E-12));
#5449=AXIS2_PLACEMENT_3D('',#5446,#5447,#5448);
#5451=VERTEX_POINT('',#1);
#5452=VERTEX_POINT('',#34);
#5453=CARTESIAN_POINT('',(7.25E1,-3.134278007520E1,-1.86E2));
#5454=VERTEX_POINT('',#5453);
#5455=CARTESIAN_POINT('',(7.418643582404E1,-3.551329132682E1,-1.86E2));
#5456=VERTEX_POINT('',#5455);
#5457=CARTESIAN_POINT('',(1.140593059896E2,-5.65E1,-1.86E2));
#5458=VERTEX_POINT('',#5457);
#5459=CARTESIAN_POINT('',(9.917025811275E1,-6.050030709986E1,
-1.757074218785E2));
#5460=CARTESIAN_POINT('',(9.890073015800E1,-6.05E1,-1.82E2));
#5461=VERTEX_POINT('',#5459);
#5462=VERTEX_POINT('',#5460);
#5463=VERTEX_POINT('',#229);
#5464=VERTEX_POINT('',#62);
#5465=VERTEX_POINT('',#863);
#5466=VERTEX_POINT('',#881);
#5467=VERTEX_POINT('',#69);
#5468=VERTEX_POINT('',#83);
#5469=CARTESIAN_POINT('',(1.531422380741E2,-6.050000003082E1,
-1.820000000001E2));
#5470=CARTESIAN_POINT('',(1.528771427224E2,-6.050030716003E1,
-1.756920005681E2));
#5471=VERTEX_POINT('',#5469);
#5472=VERTEX_POINT('',#5470);
#5473=VERTEX_POINT('',#98);
#5474=VERTEX_POINT('',#134);
#5475=VERTEX_POINT('',#746);
#5476=CARTESIAN_POINT('',(1.795E2,-3.376720064473E1,-1.730929112057E2));
#5477=VERTEX_POINT('',#5476);
#5478=VERTEX_POINT('',#340);
#5479=VERTEX_POINT('',#358);
#5480=VERTEX_POINT('',#141);
#5481=VERTEX_POINT('',#157);
#5482=VERTEX_POINT('',#164);
#5483=VERTEX_POINT('',#178);
#5484=VERTEX_POINT('',#185);
#5485=VERTEX_POINT('',#299);
#5486=VERTEX_POINT('',#314);
#5487=CARTESIAN_POINT('',(1.795E2,-3.213810577504E1,-1.344000576074E2));
#5488=VERTEX_POINT('',#5487);
#5489=VERTEX_POINT('',#267);
#5490=VERTEX_POINT('',#236);
#5491=VERTEX_POINT('',#192);
#5492=CARTESIAN_POINT('',(1.26E2,-3.199999844594E1,-1.514983260532E2));
#5493=VERTEX_POINT('',#5492);
#5494=CARTESIAN_POINT('',(8.896398389770E1,-3.199999844594E1,
-1.379817122244E2));
#5495=VERTEX_POINT('',#5494);
#5496=VERTEX_POINT('',#919);
#5497=VERTEX_POINT('',#912);
#5498=VERTEX_POINT('',#260);
#5499=VERTEX_POINT('',#288);
#5500=CARTESIAN_POINT('',(1.795E2,-2.850000000001E1,-1.344000576074E2));
#5501=VERTEX_POINT('',#5500);
#5502=VERTEX_POINT('',#973);
#5503=VERTEX_POINT('',#966);
#5504=CARTESIAN_POINT('',(1.795E2,1.275E1,-1.528679163910E2));
#5505=VERTEX_POINT('',#5504);
#5506=CARTESIAN_POINT('',(1.795E2,1.275E1,-9.4E1));
#5507=VERTEX_POINT('',#5506);
#5508=CARTESIAN_POINT('',(1.795E2,-2.675E1,-9.4E1));
#5509=VERTEX_POINT('',#5508);
#5510=CARTESIAN_POINT('',(1.795E2,-2.675E1,-1.167393485358E2));
#5511=VERTEX_POINT('',#5510);
#5512=CARTESIAN_POINT('',(1.795E2,-2.849999999999E1,-1.167393485358E2));
#5513=VERTEX_POINT('',#5512);
#5514=CARTESIAN_POINT('',(1.76E2,1.275E1,-1.558259562826E2));
#5515=VERTEX_POINT('',#5514);
#5516=CARTESIAN_POINT('',(1.765E2,1.275E1,-1.558679163910E2));
#5517=VERTEX_POINT('',#5516);
#5518=CARTESIAN_POINT('',(1.725234375E2,1.275E1,-1.584097293127E2));
#5519=VERTEX_POINT('',#5518);
#5520=CARTESIAN_POINT('',(1.755E2,1.275E1,-1.557839961741E2));
#5521=VERTEX_POINT('',#5520);
#5522=CARTESIAN_POINT('',(1.715273437500E2,1.275E1,-1.663317112138E2));
#5523=VERTEX_POINT('',#5522);
#5524=CARTESIAN_POINT('',(1.758076923077E2,1.275E1,-1.701738856734E2));
#5525=VERTEX_POINT('',#5524);
#5526=CARTESIAN_POINT('',(1.75E2,1.275E1,-1.702683558855E2));
#5527=VERTEX_POINT('',#5526);
#5528=CARTESIAN_POINT('',(1.795E2,1.275E1,-1.730929112058E2));
#5529=VERTEX_POINT('',#5528);
#5530=CARTESIAN_POINT('',(1.765E2,1.275E1,-1.700929112058E2));
#5531=VERTEX_POINT('',#5530);
#5532=CARTESIAN_POINT('',(1.795E2,-3.447904402290E1,-1.9E2));
#5533=CARTESIAN_POINT('',(1.795E2,-3.139792665174E1,-1.9E2));
#5534=VERTEX_POINT('',#5532);
#5535=VERTEX_POINT('',#5533);
#5536=CARTESIAN_POINT('',(1.795E2,-3.565793505452E1,-2.180000010674E2));
#5537=VERTEX_POINT('',#5536);
#5538=CARTESIAN_POINT('',(1.795E2,-3.139792665174E1,-2.18E2));
#5539=VERTEX_POINT('',#5538);
#5540=CARTESIAN_POINT('',(1.795E2,-3.139792665174E1,-2.22E2));
#5541=VERTEX_POINT('',#5540);
#5542=CARTESIAN_POINT('',(1.794999998535E2,-3.582626672037E1,-2.22E2));
#5543=VERTEX_POINT('',#5542);
#5544=CARTESIAN_POINT('',(1.794999932594E2,-3.614115476128E1,
-2.294885194271E2));
#5545=VERTEX_POINT('',#5544);
#5546=CARTESIAN_POINT('',(1.795E2,-1.439230484541E1,-2.295E2));
#5547=VERTEX_POINT('',#5546);
#5548=CARTESIAN_POINT('',(1.795E2,-1.439230484541E1,-2.335E2));
#5549=VERTEX_POINT('',#5548);
#5550=CARTESIAN_POINT('',(1.795E2,6.392304845413E0,-2.335E2));
#5551=VERTEX_POINT('',#5550);
#5552=CARTESIAN_POINT('',(1.795E2,1.275E1,-2.335E2));
#5553=VERTEX_POINT('',#5552);
#5554=CARTESIAN_POINT('',(1.795E2,-3.139792665174E1,-1.86E2));
#5555=VERTEX_POINT('',#5554);
#5556=VERTEX_POINT('',#393);
#5557=CARTESIAN_POINT('',(1.778087193880E2,-3.557344305520E1,-1.9E2));
#5558=VERTEX_POINT('',#5557);
#5559=CARTESIAN_POINT('',(1.379940737038E2,-5.65E1,-1.9E2));
#5560=VERTEX_POINT('',#5559);
#5561=VERTEX_POINT('',#499);
#5562=VERTEX_POINT('',#652);
#5563=CARTESIAN_POINT('',(1.544895220115E2,-6.05E1,-2.140000000001E2));
#5564=VERTEX_POINT('',#5563);
#5565=CARTESIAN_POINT('',(1.379940737038E2,-5.65E1,-2.18E2));
#5566=CARTESIAN_POINT('',(1.778087193880E2,-3.557344305519E1,-2.18E2));
#5567=VERTEX_POINT('',#5565);
#5568=VERTEX_POINT('',#5566);
#5569=CARTESIAN_POINT('',(1.140593059896E2,-5.65E1,-2.22E2));
#5570=CARTESIAN_POINT('',(7.418643582405E1,-3.551329132681E1,-2.22E2));
#5571=VERTEX_POINT('',#5569);
#5572=VERTEX_POINT('',#5570);
#5573=VERTEX_POINT('',#2955);
#5574=CARTESIAN_POINT('',(1.778087193880E2,-3.557344305520E1,-2.22E2));
#5575=VERTEX_POINT('',#5574);
#5576=VERTEX_POINT('',#832);
#5577=CARTESIAN_POINT('',(7.418643582405E1,-3.551329132681E1,-2.18E2));
#5578=VERTEX_POINT('',#5577);
#5579=CARTESIAN_POINT('',(7.25E1,-3.134278007520E1,-2.22E2));
#5580=CARTESIAN_POINT('',(7.25E1,-3.581407714407E1,-2.220000010810E2));
#5581=VERTEX_POINT('',#5579);
#5582=VERTEX_POINT('',#5580);
#5583=VERTEX_POINT('',#538);
#5584=CARTESIAN_POINT('',(7.25E1,-3.134278007520E1,-2.18E2));
#5585=CARTESIAN_POINT('',(7.25E1,-3.564259637218E1,-2.18E2));
#5586=VERTEX_POINT('',#5584);
#5587=VERTEX_POINT('',#5585);
#5588=CARTESIAN_POINT('',(7.25E1,-3.444223134170E1,-1.900000011324E2));
#5589=VERTEX_POINT('',#5588);
#5590=CARTESIAN_POINT('',(7.25E1,-3.134278007520E1,-1.9E2));
#5591=VERTEX_POINT('',#5590);
#5592=CARTESIAN_POINT('',(7.25E1,1.275E1,-1.728761706330E2));
#5593=VERTEX_POINT('',#5592);
#5594=CARTESIAN_POINT('',(7.25E1,1.275E1,-2.295E2));
#5595=VERTEX_POINT('',#5594);
#5596=CARTESIAN_POINT('',(7.25E1,-3.613560345824E1,-2.295E2));
#5597=VERTEX_POINT('',#5596);
#5598=VERTEX_POINT('',#570);
#5599=CARTESIAN_POINT('',(9.838628798142E1,-6.05E1,-1.939999999999E2));
#5600=CARTESIAN_POINT('',(9.752888435355E1,-6.05E1,-2.140000000001E2));
#5601=VERTEX_POINT('',#5599);
#5602=VERTEX_POINT('',#5600);
#5603=VERTEX_POINT('',#633);
#5604=VERTEX_POINT('',#627);
#5605=CARTESIAN_POINT('',(7.418643582405E1,-3.551329132681E1,-1.9E2));
#5606=VERTEX_POINT('',#5605);
#5607=CARTESIAN_POINT('',(1.778087193880E2,-3.557344305519E1,-1.86E2));
#5608=VERTEX_POINT('',#5607);
#5609=CARTESIAN_POINT('',(1.379940737038E2,-5.649999999999E1,-1.86E2));
#5610=VERTEX_POINT('',#5609);
#5611=CARTESIAN_POINT('',(7.652629789200E1,1.275E1,-1.700571792111E2));
#5612=VERTEX_POINT('',#5611);
#5613=CARTESIAN_POINT('',(7.55E1,1.275E1,-1.698761706330E2));
#5614=VERTEX_POINT('',#5613);
#5615=VERTEX_POINT('',#875);
#5616=CARTESIAN_POINT('',(8.105547484597E1,1.275E1,-1.678402293674E2));
#5617=VERTEX_POINT('',#5616);
#5618=CARTESIAN_POINT('',(7.772364543274E1,1.275E1,-1.702683558855E2));
#5619=VERTEX_POINT('',#5618);
#5620=VERTEX_POINT('',#896);
#5621=CARTESIAN_POINT('',(7.951983996746E1,-3.275795772762E1,
-1.522684971510E2));
#5622=VERTEX_POINT('',#5621);
#5623=VERTEX_POINT('',#910);
#5624=VERTEX_POINT('',#3694);
#5625=CARTESIAN_POINT('',(8.896290571687E1,-3.146151455305E1,
-1.379829926692E2));
#5626=VERTEX_POINT('',#5625);
#5627=VERTEX_POINT('',#3729);
#5628=VERTEX_POINT('',#935);
#5629=CARTESIAN_POINT('',(1.523336493065E2,-3.15E1,-1.451154469237E2));
#5630=VERTEX_POINT('',#5629);
#5631=CARTESIAN_POINT('',(1.26E2,-3.15E1,-1.515E2));
#5632=VERTEX_POINT('',#5631);
#5633=CARTESIAN_POINT('',(8.934333391629E1,-3.15E1,-1.383005511436E2));
#5634=VERTEX_POINT('',#5633);
#5635=VERTEX_POINT('',#961);
#5636=CARTESIAN_POINT('',(1.765E2,-3.15E1,-1.167393485358E2));
#5637=VERTEX_POINT('',#5636);
#5638=CARTESIAN_POINT('',(1.745E2,-2.849999999994E1,-1.117393485358E2));
#5639=VERTEX_POINT('',#5638);
#5640=CARTESIAN_POINT('',(1.739224027102E2,-2.849999999995E1,
-1.117728224490E2));
#5641=VERTEX_POINT('',#5640);
#5642=CARTESIAN_POINT('',(1.742689610841E2,-3.150000000001E1,
-1.147527381011E2));
#5643=VERTEX_POINT('',#5642);
#5644=CARTESIAN_POINT('',(1.745E2,-3.15E1,-1.147393485358E2));
#5645=VERTEX_POINT('',#5644);
#5646=CARTESIAN_POINT('',(1.745E2,-2.675E1,-1.117393485358E2));
#5647=VERTEX_POINT('',#5646);
#5648=CARTESIAN_POINT('',(1.739224027101E2,-2.675E1,-1.117728224490E2));
#5649=VERTEX_POINT('',#5648);
#5650=CARTESIAN_POINT('',(1.744293460687E2,-2.675E1,-1.016169523034E2));
#5651=CARTESIAN_POINT('',(1.738866396092E2,-2.675E1,-1.015874120104E2));
#5652=VERTEX_POINT('',#5650);
#5653=VERTEX_POINT('',#5651);
#5654=CARTESIAN_POINT('',(1.733303654882E2,-2.675E1,-1.015571332100E2));
#5655=VERTEX_POINT('',#5654);
#5656=CARTESIAN_POINT('',(1.727740913672E2,-2.675E1,-1.117768544097E2));
#5657=VERTEX_POINT('',#5656);
#5658=CARTESIAN_POINT('',(1.733303654882E2,-2.675E1,-1.118071332100E2));
#5659=VERTEX_POINT('',#5658);
#5660=CARTESIAN_POINT('',(1.794220621583E2,-2.675E1,-9.688674120063E1));
#5661=VERTEX_POINT('',#5660);
#5662=CARTESIAN_POINT('',(1.733303654882E2,-2.675E1,-1.045321332100E2));
#5663=CARTESIAN_POINT('',(1.733303654882E2,-2.675E1,-1.088321332100E2));
#5664=VERTEX_POINT('',#5662);
#5665=VERTEX_POINT('',#5663);
#5666=CARTESIAN_POINT('',(1.738866396092E2,-2.849999999999E1,
-1.015874120104E2));
#5667=VERTEX_POINT('',#5666);
#5668=CARTESIAN_POINT('',(1.794220621583E2,-2.849999999999E1,
-9.688674120063E1));
#5669=VERTEX_POINT('',#5668);
#5670=CARTESIAN_POINT('',(1.744293460687E2,-2.849999999993E1,
-1.016169523034E2));
#5671=VERTEX_POINT('',#5670);
#5672=CARTESIAN_POINT('',(1.733303654882E2,-2.85E1,-1.118071332100E2));
#5673=VERTEX_POINT('',#5672);
#5674=CARTESIAN_POINT('',(1.733303654882E2,-2.85E1,-1.015571332100E2));
#5675=VERTEX_POINT('',#5674);
#5676=CARTESIAN_POINT('',(1.733303654882E2,-3.15E1,-1.148071332100E2));
#5677=VERTEX_POINT('',#5676);
#5678=CARTESIAN_POINT('',(1.723917698923E2,-3.15E1,-9.861152831896E1));
#5679=VERTEX_POINT('',#5678);
#5680=CARTESIAN_POINT('',(1.733303654882E2,-3.15E1,-9.855713321E1));
#5681=VERTEX_POINT('',#5680);
#5682=CARTESIAN_POINT('',(1.742122634851E2,-3.15E1,-9.860513618616E1));
#5683=VERTEX_POINT('',#5682);
#5684=CARTESIAN_POINT('',(1.764264325045E2,-3.150000000001E1,
-9.672486786228E1));
#5685=VERTEX_POINT('',#5684);
#5686=CARTESIAN_POINT('',(1.740029457856E2,-3.15E1,-7.831665864991E1));
#5687=VERTEX_POINT('',#5686);
#5688=CARTESIAN_POINT('',(1.721018390218E2,-3.149999999999E1,
-7.693778107957E1));
#5689=VERTEX_POINT('',#5688);
#5690=CARTESIAN_POINT('',(1.713775734936E2,-3.149999999999E1,
-7.707352802682E1));
#5691=VERTEX_POINT('',#5690);
#5692=CARTESIAN_POINT('',(1.684352447854E2,-3.15E1,-7.7625E1));
#5693=CARTESIAN_POINT('',(1.633475414729E2,-3.15E1,-6.316510457830E1));
#5694=VERTEX_POINT('',#5692);
#5695=VERTEX_POINT('',#5693);
#5696=CARTESIAN_POINT('',(1.635836449184E2,-3.149999999999E1,
-6.026990016832E1));
#5697=VERTEX_POINT('',#5696);
#5698=CARTESIAN_POINT('',(1.488534114617E2,-3.15E1,-4.896699449778E1));
#5699=VERTEX_POINT('',#5698);
#5700=CARTESIAN_POINT('',(1.479483258591E2,-3.15E1,-4.875047986416E1));
#5701=VERTEX_POINT('',#5700);
#5702=CARTESIAN_POINT('',(1.461179668175E2,-3.15E1,-4.994438695463E1));
#5703=VERTEX_POINT('',#5702);
#5704=CARTESIAN_POINT('',(1.386821332100E2,-3.15E1,-5.479463451184E1));
#5705=CARTESIAN_POINT('',(1.306051361863E2,-3.15E1,-4.578773651390E1));
#5706=VERTEX_POINT('',#5704);
#5707=VERTEX_POINT('',#5705);
#5708=CARTESIAN_POINT('',(1.287248678623E2,-3.149999999999E1,
-4.357356749545E1));
#5709=VERTEX_POINT('',#5708);
#5710=CARTESIAN_POINT('',(1.26E2,-3.15E1,-4.35E1));
#5711=VERTEX_POINT('',#5710);
#5712=CARTESIAN_POINT('',(1.103166586499E2,-3.15E1,-4.599705421438E1));
#5713=VERTEX_POINT('',#5712);
#5714=CARTESIAN_POINT('',(1.090735280271E2,-3.15E1,-4.862242650709E1));
#5715=VERTEX_POINT('',#5714);
#5716=CARTESIAN_POINT('',(1.015E2,-3.15E1,-5.968975521456E1));
#5717=CARTESIAN_POINT('',(9.516510457906E1,-3.15E1,-5.665245852802E1));
#5718=VERTEX_POINT('',#5716);
#5719=VERTEX_POINT('',#5717);
#5720=CARTESIAN_POINT('',(9.360574570615E1,-3.15E1,-5.590481626664E1));
#5721=VERTEX_POINT('',#5720);
#5722=CARTESIAN_POINT('',(9.226990016825E1,-3.15E1,-5.641635508177E1));
#5723=VERTEX_POINT('',#5722);
#5724=CARTESIAN_POINT('',(8.096699449772E1,-3.15E1,-7.114658853843E1));
#5725=VERTEX_POINT('',#5724);
#5726=CARTESIAN_POINT('',(8.194438695514E1,-3.15E1,-7.388203318270E1));
#5727=VERTEX_POINT('',#5726);
#5728=CARTESIAN_POINT('',(7.866963451184E1,-3.15E1,-8.944286678998E1));
#5729=CARTESIAN_POINT('',(7.778773651511E1,-3.15E1,-8.939486381384E1));
#5730=VERTEX_POINT('',#5728);
#5731=VERTEX_POINT('',#5729);
#5732=CARTESIAN_POINT('',(7.757065393130E1,-3.15E1,-8.938304769663E1));
#5733=VERTEX_POINT('',#5732);
#5734=CARTESIAN_POINT('',(7.557356749548E1,-3.15E1,-9.127513213773E1));
#5735=VERTEX_POINT('',#5734);
#5736=CARTESIAN_POINT('',(7.550695659158E1,-3.15E1,-9.316180708967E1));
#5737=VERTEX_POINT('',#5736);
#5738=CARTESIAN_POINT('',(7.733330369125E1,-3.15E1,-9.518747374667E1));
#5739=VERTEX_POINT('',#5738);
#5740=CARTESIAN_POINT('',(7.867818506876E1,-3.15E1,-1.054510528642E2));
#5741=VERTEX_POINT('',#5740);
#5742=VERTEX_POINT('',#1292);
#5743=CARTESIAN_POINT('',(7.799705421437E1,-3.15E1,-1.096833413500E2));
#5744=VERTEX_POINT('',#5743);
#5745=CARTESIAN_POINT('',(8.062242650666E1,-3.15E1,-1.109264719730E2));
#5746=VERTEX_POINT('',#5745);
#5747=CARTESIAN_POINT('',(8.356475521456E1,-3.15E1,-1.10375E2));
#5748=VERTEX_POINT('',#5747);
#5749=CARTESIAN_POINT('',(8.865245852878E1,-3.15E1,-1.248348954203E2));
#5750=VERTEX_POINT('',#5749);
#5751=CARTESIAN_POINT('',(8.841635508166E1,-3.150000000001E1,
-1.277300998316E2));
#5752=VERTEX_POINT('',#5751);
#5753=CARTESIAN_POINT('',(8.950586591164E1,-3.15E1,-1.289059905624E2));
#5754=VERTEX_POINT('',#5753);
#5755=CARTESIAN_POINT('',(9.060777591058E1,-3.15E1,-1.355889465363E2));
#5756=VERTEX_POINT('',#5755);
#5757=CARTESIAN_POINT('',(1.133178667900E2,-3.15E1,-1.332053654882E2));
#5758=CARTESIAN_POINT('',(1.133178667900E2,-3.15E1,-1.494553654882E2));
#5759=VERTEX_POINT('',#5757);
#5760=VERTEX_POINT('',#5758);
#5761=CARTESIAN_POINT('',(1.505E2,-3.15E1,-1.283102447854E2));
#5762=CARTESIAN_POINT('',(1.505E2,-3.15E1,-1.445602447854E2));
#5763=VERTEX_POINT('',#5761);
#5764=VERTEX_POINT('',#5762);
#5765=CARTESIAN_POINT('',(1.239892171626E2,-3.15E1,-5.845839648206E1));
#5766=CARTESIAN_POINT('',(1.213663201762E2,-3.15E1,-5.880370742123E1));
#5767=VERTEX_POINT('',#5765);
#5768=VERTEX_POINT('',#5766);
#5769=CARTESIAN_POINT('',(1.26E2,-3.15E1,-5.85E1));
#5770=VERTEX_POINT('',#5769);
#5771=CARTESIAN_POINT('',(1.559106383401E2,-3.15E1,-1.131207665664E2));
#5772=VERTEX_POINT('',#5771);
#5773=CARTESIAN_POINT('',(1.502794966811E2,-3.15E1,-1.162044113446E2));
#5774=CARTESIAN_POINT('',(1.454718425741E2,-3.15E1,-1.141636832508E2));
#5775=VERTEX_POINT('',#5773);
#5776=VERTEX_POINT('',#5774);
#5777=CARTESIAN_POINT('',(1.453384705968E2,-3.15E1,-1.140255725254E2));
#5778=VERTEX_POINT('',#5777);
#5779=CARTESIAN_POINT('',(1.431804511959E2,-3.15E1,-1.131095476368E2));
#5780=VERTEX_POINT('',#5779);
#5781=CARTESIAN_POINT('',(1.413396885685E2,-3.15E1,-1.137406675323E2));
#5782=VERTEX_POINT('',#5781);
#5783=CARTESIAN_POINT('',(1.26E2,-3.15E1,-1.19E2));
#5784=CARTESIAN_POINT('',(1.080622263107E2,-3.15E1,-1.114136806871E2));
#5785=VERTEX_POINT('',#5783);
#5786=VERTEX_POINT('',#5784);
#5787=CARTESIAN_POINT('',(1.059096934687E2,-3.15E1,-1.105033223702E2));
#5788=VERTEX_POINT('',#5787);
#5789=CARTESIAN_POINT('',(1.040627090428E2,-3.15E1,-1.111392901093E2));
#5790=VERTEX_POINT('',#5789);
#5791=CARTESIAN_POINT('',(1.039356988990E2,-3.15E1,-1.112385213092E2));
#5792=VERTEX_POINT('',#5791);
#5793=CARTESIAN_POINT('',(9.980599780572E1,-3.15E1,-1.126604914302E2));
#5794=CARTESIAN_POINT('',(9.370356730797E1,-3.15E1,-1.087373822428E2));
#5795=VERTEX_POINT('',#5793);
#5796=VERTEX_POINT('',#5794);
#5797=CARTESIAN_POINT('',(1.187434231899E2,-3.15E1,-5.914901836038E1));
#5798=VERTEX_POINT('',#5797);
#5799=CARTESIAN_POINT('',(1.182213184209E2,-3.15E1,-5.918323891490E1));
#5800=CARTESIAN_POINT('',(1.143576151156E2,-3.15E1,-5.414796273500E1));
#5801=VERTEX_POINT('',#5799);
#5802=VERTEX_POINT('',#5800);
#5803=CARTESIAN_POINT('',(1.161468577496E2,-3.15E1,-4.747041831800E1));
#5804=VERTEX_POINT('',#5803);
#5805=CARTESIAN_POINT('',(1.200105610547E2,-3.15E1,-4.450569449855E1));
#5806=VERTEX_POINT('',#5805);
#5807=CARTESIAN_POINT('',(1.234746626699E2,-3.15E1,-4.650569449865E1));
#5808=VERTEX_POINT('',#5807);
#5809=CARTESIAN_POINT('',(1.269312140088E2,-3.15E1,-5.249261703662E1));
#5810=VERTEX_POINT('',#5809);
#5811=CARTESIAN_POINT('',(1.170027852691E2,-3.15E1,-1.293737208544E2));
#5812=CARTESIAN_POINT('',(1.044134479188E2,-3.15E1,-1.234324781363E2));
#5813=VERTEX_POINT('',#5811);
#5814=VERTEX_POINT('',#5812);
#5815=CARTESIAN_POINT('',(1.069269505584E2,-3.15E1,-1.157554087643E2));
#5816=VERTEX_POINT('',#5815);
#5817=CARTESIAN_POINT('',(1.094404531980E2,-3.15E1,-1.165783393923E2));
#5818=VERTEX_POINT('',#5817);
#5819=CARTESIAN_POINT('',(1.190980270557E2,-3.15E1,-1.211360050390E2));
#5820=VERTEX_POINT('',#5819);
#5821=CARTESIAN_POINT('',(1.180504061624E2,-3.15E1,-1.295048629467E2));
#5822=VERTEX_POINT('',#5821);
#5823=CARTESIAN_POINT('',(1.295223927404E2,-3.15E1,-1.303070623948E2));
#5824=CARTESIAN_POINT('',(1.290582014494E2,-3.15E1,-1.218324882807E2));
#5825=VERTEX_POINT('',#5823);
#5826=VERTEX_POINT('',#5824);
#5827=CARTESIAN_POINT('',(1.299865840315E2,-3.15E1,-1.302816365089E2));
#5828=VERTEX_POINT('',#5827);
#5829=CARTESIAN_POINT('',(1.392560929232E2,-3.15E1,-1.186632520243E2));
#5830=VERTEX_POINT('',#5829);
#5831=CARTESIAN_POINT('',(1.412681784561E2,-3.15E1,-1.181567813494E2));
#5832=VERTEX_POINT('',#5831);
#5833=CARTESIAN_POINT('',(1.432802639891E2,-3.15E1,-1.261503106745E2));
#5834=VERTEX_POINT('',#5833);
#5835=CARTESIAN_POINT('',(1.768546059313E2,-2.85E1,-7.738497500530E1));
#5836=VERTEX_POINT('',#5835);
#5837=CARTESIAN_POINT('',(8.618366330443E1,-2.850000000002E1,
-1.297338681386E2));
#5838=CARTESIAN_POINT('',(8.618366330435E1,-2.675E1,-1.297338681385E2));
#5839=VERTEX_POINT('',#5837);
#5840=VERTEX_POINT('',#5838);
#5841=CARTESIAN_POINT('',(7.514539406864E1,-2.675E1,-1.106150249945E2));
#5842=VERTEX_POINT('',#5841);
#5843=CARTESIAN_POINT('',(7.514539406872E1,-2.85E1,-1.106150249947E2));
#5844=VERTEX_POINT('',#5843);
#5845=CARTESIAN_POINT('',(7.455991485683E1,-2.85E1,-1.087026405949E2));
#5846=VERTEX_POINT('',#5845);
#5847=CARTESIAN_POINT('',(7.455991485682E1,-1.875E1,-1.087026405949E2));
#5848=VERTEX_POINT('',#5847);
#5849=CARTESIAN_POINT('',(7.250736985444E1,-1.875E1,-9.311201345141E1));
#5850=VERTEX_POINT('',#5849);
#5851=CARTESIAN_POINT('',(7.250736985444E1,-2.85E1,-9.311201345144E1));
#5852=VERTEX_POINT('',#5851);
#5853=CARTESIAN_POINT('',(7.257793784174E1,-2.85E1,-9.111325879937E1));
#5854=VERTEX_POINT('',#5853);
#5855=CARTESIAN_POINT('',(7.257793784174E1,-2.675E1,-9.111325879937E1));
#5856=VERTEX_POINT('',#5855);
#5857=CARTESIAN_POINT('',(7.829176644806E1,-2.675E1,-6.978896013481E1));
#5858=VERTEX_POINT('',#5857);
#5859=CARTESIAN_POINT('',(7.829176644808E1,-2.85E1,-6.978896013477E1));
#5860=VERTEX_POINT('',#5859);
#5861=CARTESIAN_POINT('',(9.026613186142E1,-2.85E1,-5.418366330443E1));
#5862=VERTEX_POINT('',#5861);
#5863=CARTESIAN_POINT('',(9.026613186141E1,-2.675E1,-5.418366330445E1));
#5864=VERTEX_POINT('',#5863);
#5865=CARTESIAN_POINT('',(1.093849750055E2,-2.675E1,-4.314539406865E1));
#5866=VERTEX_POINT('',#5865);
#5867=CARTESIAN_POINT('',(1.093849750053E2,-2.85E1,-4.314539406872E1));
#5868=VERTEX_POINT('',#5867);
#5869=CARTESIAN_POINT('',(1.26E2,-2.85E1,-4.05E1));
#5870=VERTEX_POINT('',#5869);
#5871=CARTESIAN_POINT('',(1.288867412006E2,-2.85E1,-4.057793784174E1));
#5872=VERTEX_POINT('',#5871);
#5873=CARTESIAN_POINT('',(1.288867412006E2,-2.675E1,-4.057793784174E1));
#5874=VERTEX_POINT('',#5873);
#5875=CARTESIAN_POINT('',(1.502110398667E2,-2.675E1,-4.629176644881E1));
#5876=VERTEX_POINT('',#5875);
#5877=CARTESIAN_POINT('',(1.502110398652E2,-2.85E1,-4.629176644808E1));
#5878=VERTEX_POINT('',#5877);
#5879=CARTESIAN_POINT('',(1.658163366956E2,-2.85E1,-5.826613186144E1));
#5880=VERTEX_POINT('',#5879);
#5881=CARTESIAN_POINT('',(1.658163366957E2,-2.675E1,-5.826613186154E1));
#5882=VERTEX_POINT('',#5881);
#5883=CARTESIAN_POINT('',(1.768546059313E2,-2.675E1,-7.738497500547E1));
#5884=VERTEX_POINT('',#5883);
#5885=CARTESIAN_POINT('',(1.26E2,1.275E1,-4.05E1));
#5886=VERTEX_POINT('',#5885);
#5887=CARTESIAN_POINT('',(8.733789754994E1,1.275E1,-1.309796137641E2));
#5888=VERTEX_POINT('',#5887);
#5889=CARTESIAN_POINT('',(8.733789755001E1,-2.85E1,-1.309796137642E2));
#5890=VERTEX_POINT('',#5889);
#5891=CARTESIAN_POINT('',(8.677392191994E1,-2.850000000001E1,
-1.224958571117E2));
#5892=CARTESIAN_POINT('',(8.677392191463E1,-2.675E1,-1.224958571173E2));
#5893=VERTEX_POINT('',#5891);
#5894=VERTEX_POINT('',#5892);
#5895=CARTESIAN_POINT('',(8.170882479862E1,-2.85E1,-1.137228515523E2));
#5896=CARTESIAN_POINT('',(8.170882479862E1,-2.675E1,-1.137228515523E2));
#5897=VERTEX_POINT('',#5895);
#5898=VERTEX_POINT('',#5896);
#5899=CARTESIAN_POINT('',(8.356475521456E1,-2.675E1,-1.13375E2));
#5900=VERTEX_POINT('',#5899);
#5901=CARTESIAN_POINT('',(8.356475521456E1,-2.85E1,-1.13375E2));
#5902=VERTEX_POINT('',#5901);
#5903=CARTESIAN_POINT('',(7.989816097819E1,-2.675E1,-1.140622189204E2));
#5904=VERTEX_POINT('',#5903);
#5905=CARTESIAN_POINT('',(7.989816097819E1,-2.849999999998E1,
-1.140622189204E2));
#5906=VERTEX_POINT('',#5905);
#5907=CARTESIAN_POINT('',(8.356475521456E1,-2.675E1,-1.1635E2));
#5908=CARTESIAN_POINT('',(8.356475521456E1,-2.675E1,-1.2065E2));
#5909=VERTEX_POINT('',#5907);
#5910=VERTEX_POINT('',#5908);
#5911=CARTESIAN_POINT('',(8.356475521456E1,-2.95E1,-1.22625E2));
#5912=CARTESIAN_POINT('',(8.356475521456E1,-2.95E1,-1.14375E2));
#5913=VERTEX_POINT('',#5911);
#5914=VERTEX_POINT('',#5912);
#5915=CARTESIAN_POINT('',(8.356475521456E1,-3.35E1,-1.22625E2));
#5916=VERTEX_POINT('',#5915);
#5917=CARTESIAN_POINT('',(8.356475521456E1,-3.35E1,-1.14375E2));
#5918=VERTEX_POINT('',#5917);
#5919=CARTESIAN_POINT('',(1.26E2,-3.35E1,-3.8E1));
#5920=CARTESIAN_POINT('',(1.82E2,-3.35E1,-9.4E1));
#5921=VERTEX_POINT('',#5919);
#5922=VERTEX_POINT('',#5920);
#5923=CARTESIAN_POINT('',(1.82E2,-3.349999999999E1,-1.281445818890E2));
#5924=VERTEX_POINT('',#5923);
#5925=CARTESIAN_POINT('',(1.516463273329E2,-3.349999948037E1,
-1.437813024079E2));
#5926=VERTEX_POINT('',#5925);
#5927=CARTESIAN_POINT('',(8.576515487910E1,-3.349999844110E1,
-1.329481489031E2));
#5928=VERTEX_POINT('',#5927);
#5929=CARTESIAN_POINT('',(7.866963451184E1,-3.35E1,-8.544286678998E1));
#5930=CARTESIAN_POINT('',(7.866963451184E1,-3.35E1,-7.719286678998E1));
#5931=VERTEX_POINT('',#5929);
#5932=VERTEX_POINT('',#5930);
#5933=CARTESIAN_POINT('',(1.015E2,-3.35E1,-5.568975521456E1));
#5934=CARTESIAN_POINT('',(1.015E2,-3.35E1,-4.743975521456E1));
#5935=VERTEX_POINT('',#5933);
#5936=VERTEX_POINT('',#5934);
#5937=CARTESIAN_POINT('',(1.386821332100E2,-3.35E1,-5.079463451184E1));
#5938=CARTESIAN_POINT('',(1.386821332100E2,-3.35E1,-4.254463451184E1));
#5939=VERTEX_POINT('',#5937);
#5940=VERTEX_POINT('',#5938);
#5941=CARTESIAN_POINT('',(1.684352447854E2,-3.35E1,-7.3625E1));
#5942=CARTESIAN_POINT('',(1.684352447854E2,-3.35E1,-6.5375E1));
#5943=VERTEX_POINT('',#5941);
#5944=VERTEX_POINT('',#5942);
#5945=CARTESIAN_POINT('',(1.733303654882E2,-3.35E1,-1.108071332100E2));
#5946=CARTESIAN_POINT('',(1.733303654882E2,-3.35E1,-1.025571332100E2));
#5947=VERTEX_POINT('',#5945);
#5948=VERTEX_POINT('',#5946);
#5949=CARTESIAN_POINT('',(1.505E2,-3.35E1,-1.405602447854E2));
#5950=CARTESIAN_POINT('',(1.505E2,-3.35E1,-1.323102447854E2));
#5951=VERTEX_POINT('',#5949);
#5952=VERTEX_POINT('',#5950);
#5953=CARTESIAN_POINT('',(1.133178667900E2,-3.35E1,-1.454553654882E2));
#5954=CARTESIAN_POINT('',(1.133178667900E2,-3.35E1,-1.372053654882E2));
#5955=VERTEX_POINT('',#5953);
#5956=VERTEX_POINT('',#5954);
#5957=CARTESIAN_POINT('',(1.520126140626E2,-3.35E1,-1.209368504028E2));
#5958=CARTESIAN_POINT('',(1.454718425746E2,-3.35E1,-1.141636832513E2));
#5959=VERTEX_POINT('',#5957);
#5960=VERTEX_POINT('',#5958);
#5961=CARTESIAN_POINT('',(1.502794966811E2,-3.35E1,-1.162044113446E2));
#5962=CARTESIAN_POINT('',(1.559106383402E2,-3.35E1,-1.131207665664E2));
#5963=VERTEX_POINT('',#5961);
#5964=VERTEX_POINT('',#5962);
#5965=CARTESIAN_POINT('',(1.26E2,-3.35E1,-5.85E1));
#5966=VERTEX_POINT('',#5965);
#5967=CARTESIAN_POINT('',(9.370356730798E1,-3.35E1,-1.087373822428E2));
#5968=VERTEX_POINT('',#5967);
#5969=CARTESIAN_POINT('',(9.980599780572E1,-3.35E1,-1.126604914302E2));
#5970=CARTESIAN_POINT('',(1.039356988988E2,-3.35E1,-1.112385213093E2));
#5971=VERTEX_POINT('',#5969);
#5972=VERTEX_POINT('',#5970);
#5973=CARTESIAN_POINT('',(9.649165390855E1,-3.35E1,-1.170544466632E2));
#5974=VERTEX_POINT('',#5973);
#5975=CARTESIAN_POINT('',(9.621486895845E1,-3.35E1,-1.199440931396E2));
#5976=VERTEX_POINT('',#5975);
#5977=CARTESIAN_POINT('',(1.26E2,-3.35E1,-1.335E2));
#5978=CARTESIAN_POINT('',(1.518845443E2,-3.35E1,-1.238368960581E2));
#5979=VERTEX_POINT('',#5977);
#5980=VERTEX_POINT('',#5978);
#5981=CARTESIAN_POINT('',(1.82E2,1.275E1,-9.4E1));
#5982=VERTEX_POINT('',#5981);
#5983=CARTESIAN_POINT('',(8.576803004439E1,1.275E1,-1.329536724006E2));
#5984=VERTEX_POINT('',#5983);
#5985=CARTESIAN_POINT('',(1.26E2,1.275E1,-3.8E1));
#5986=VERTEX_POINT('',#5985);
#5987=CARTESIAN_POINT('',(1.82E2,1.275E1,-2.395E2));
#5988=VERTEX_POINT('',#5987);
#5989=CARTESIAN_POINT('',(1.82E2,-3.799999999998E1,-2.395E2));
#5990=VERTEX_POINT('',#5989);
#5991=CARTESIAN_POINT('',(1.803E2,1.275E1,-2.395E2));
#5992=VERTEX_POINT('',#5991);
#5993=CARTESIAN_POINT('',(7.E1,1.275E1,-1.667683558855E2));
#5994=VERTEX_POINT('',#5993);
#5995=CARTESIAN_POINT('',(7.E1,1.275E1,-2.395E2));
#5996=VERTEX_POINT('',#5995);
#5997=CARTESIAN_POINT('',(7.17E1,1.275E1,-2.395E2));
#5998=VERTEX_POINT('',#5997);
#5999=CARTESIAN_POINT('',(7.17E1,1.275E1,-2.335E2));
#6000=VERTEX_POINT('',#5999);
#6001=CARTESIAN_POINT('',(7.65E1,1.275E1,-2.335E2));
#6002=VERTEX_POINT('',#6001);
#6003=CARTESIAN_POINT('',(8.349993061587E1,1.275E1,-1.602418418803E2));
#6004=VERTEX_POINT('',#6003);
#6005=CARTESIAN_POINT('',(8.144179554514E1,1.275E1,-1.564285556548E2));
#6006=VERTEX_POINT('',#6005);
#6007=CARTESIAN_POINT('',(7.951983996761E1,1.275E1,-1.522684971506E2));
#6008=VERTEX_POINT('',#6007);
#6009=CARTESIAN_POINT('',(8.788885254945E1,1.275E1,-1.343210917511E2));
#6010=VERTEX_POINT('',#6009);
#6011=CARTESIAN_POINT('',(1.803E2,1.275E1,-2.335E2));
#6012=VERTEX_POINT('',#6011);
#6013=CARTESIAN_POINT('',(1.755E2,1.275E1,-1.607839961741E2));
#6014=CARTESIAN_POINT('',(1.755E2,1.275E1,-1.567839961741E2));
#6015=VERTEX_POINT('',#6013);
#6016=VERTEX_POINT('',#6014);
#6017=CARTESIAN_POINT('',(8.064482776154E1,1.275E1,-1.613207593737E2));
#6018=CARTESIAN_POINT('',(8.064482776154E1,1.275E1,-1.573207593737E2));
#6019=VERTEX_POINT('',#6017);
#6020=VERTEX_POINT('',#6018);
#6021=CARTESIAN_POINT('',(8.064482776154E1,1.225E1,-1.608207593737E2));
#6022=CARTESIAN_POINT('',(8.064482776154E1,1.225E1,-1.578207593737E2));
#6023=VERTEX_POINT('',#6021);
#6024=VERTEX_POINT('',#6022);
#6025=CARTESIAN_POINT('',(8.064482776154E1,6.75E0,-1.608207593737E2));
#6026=VERTEX_POINT('',#6025);
#6027=CARTESIAN_POINT('',(8.064482776154E1,6.75E0,-1.578207593737E2));
#6028=VERTEX_POINT('',#6027);
#6029=CARTESIAN_POINT('',(8.064482776154E1,5.848709071458E0,-1.593207593737E2));
#6030=VERTEX_POINT('',#6029);
#6031=CARTESIAN_POINT('',(1.755E2,1.225E1,-1.602839961741E2));
#6032=CARTESIAN_POINT('',(1.755E2,1.225E1,-1.572839961741E2));
#6033=VERTEX_POINT('',#6031);
#6034=VERTEX_POINT('',#6032);
#6035=CARTESIAN_POINT('',(1.755E2,6.75E0,-1.602839961741E2));
#6036=VERTEX_POINT('',#6035);
#6037=CARTESIAN_POINT('',(1.755E2,6.75E0,-1.572839961741E2));
#6038=VERTEX_POINT('',#6037);
#6039=CARTESIAN_POINT('',(1.755E2,5.848709071458E0,-1.587839961741E2));
#6040=VERTEX_POINT('',#6039);
#6041=CARTESIAN_POINT('',(7.772364543274E1,-2.25E0,-1.684183558855E2));
#6042=CARTESIAN_POINT('',(7.772364543274E1,-2.25E0,-1.651183558855E2));
#6043=VERTEX_POINT('',#6041);
#6044=VERTEX_POINT('',#6042);
#6045=CARTESIAN_POINT('',(7.772364543274E1,-3.241420021396E0,
-1.667683558855E2));
#6046=VERTEX_POINT('',#6045);
#6047=CARTESIAN_POINT('',(1.75E2,-2.25E0,-1.684183558855E2));
#6048=CARTESIAN_POINT('',(1.75E2,-2.25E0,-1.651183558855E2));
#6049=VERTEX_POINT('',#6047);
#6050=VERTEX_POINT('',#6048);
#6051=CARTESIAN_POINT('',(1.75E2,-3.241420021396E0,-1.667683558855E2));
#6052=VERTEX_POINT('',#6051);
#6053=CARTESIAN_POINT('',(9.424435639285E1,5.132842712475E1,-2.395E2));
#6054=CARTESIAN_POINT('',(7.287157287525E1,2.995564360714E1,-2.395E2));
#6055=VERTEX_POINT('',#6053);
#6056=VERTEX_POINT('',#6054);
#6057=CARTESIAN_POINT('',(7.17E1,2.712721648240E1,-2.395E2));
#6058=VERTEX_POINT('',#6057);
#6059=CARTESIAN_POINT('',(7.E1,-3.800000003806E1,-2.395000009304E2));
#6060=VERTEX_POINT('',#6059);
#6061=VERTEX_POINT('',#2097);
#6062=CARTESIAN_POINT('',(1.580000000372E2,-6.2E1,-2.395000009195E2));
#6063=VERTEX_POINT('',#6062);
#6064=CARTESIAN_POINT('',(1.803E2,2.712207078586E1,-2.395E2));
#6065=VERTEX_POINT('',#6064);
#6066=CARTESIAN_POINT('',(1.791284271246E2,2.995049791073E1,-2.395E2));
#6067=VERTEX_POINT('',#6066);
#6068=CARTESIAN_POINT('',(1.577504979110E2,5.132842712468E1,-2.395E2));
#6069=VERTEX_POINT('',#6068);
#6070=CARTESIAN_POINT('',(1.549220707862E2,5.25E1,-2.395E2));
#6071=VERTEX_POINT('',#6070);
#6072=CARTESIAN_POINT('',(9.707278351760E1,5.25E1,-2.395E2));
#6073=VERTEX_POINT('',#6072);
#6074=CARTESIAN_POINT('',(9.05E1,-4.E0,-2.395E2));
#6075=CARTESIAN_POINT('',(1.615E2,-4.E0,-2.395E2));
#6076=VERTEX_POINT('',#6074);
#6077=VERTEX_POINT('',#6075);
#6078=CARTESIAN_POINT('',(1.031235118141E2,4.127009709305E1,-2.395E2));
#6079=CARTESIAN_POINT('',(1.113735118141E2,4.127009709305E1,-2.395E2));
#6080=VERTEX_POINT('',#6078);
#6081=VERTEX_POINT('',#6079);
#6082=CARTESIAN_POINT('',(1.406264881859E2,4.127009709305E1,-2.395E2));
#6083=CARTESIAN_POINT('',(1.488764881859E2,4.127009709305E1,-2.395E2));
#6084=VERTEX_POINT('',#6082);
#6085=VERTEX_POINT('',#6083);
#6086=CARTESIAN_POINT('',(7.660490290695E1,1.475148818589E1,-2.395E2));
#6087=CARTESIAN_POINT('',(8.485490290695E1,1.475148818589E1,-2.395E2));
#6088=VERTEX_POINT('',#6086);
#6089=VERTEX_POINT('',#6087);
#6090=CARTESIAN_POINT('',(1.031235118141E2,-4.927009709305E1,-2.395E2));
#6091=CARTESIAN_POINT('',(1.113735118141E2,-4.927009709305E1,-2.395E2));
#6092=VERTEX_POINT('',#6090);
#6093=VERTEX_POINT('',#6091);
#6094=CARTESIAN_POINT('',(1.406264881859E2,-4.927009709305E1,-2.395E2));
#6095=CARTESIAN_POINT('',(1.488764881859E2,-4.927009709305E1,-2.395E2));
#6096=VERTEX_POINT('',#6094);
#6097=VERTEX_POINT('',#6095);
#6098=CARTESIAN_POINT('',(7.660490290695E1,-2.275148818589E1,-2.395E2));
#6099=CARTESIAN_POINT('',(8.485490290695E1,-2.275148818589E1,-2.395E2));
#6100=VERTEX_POINT('',#6098);
#6101=VERTEX_POINT('',#6099);
#6102=CARTESIAN_POINT('',(1.749688137631E2,-2.759992737561E1,-2.395E2));
#6103=CARTESIAN_POINT('',(1.711090700750E2,-2.876472837563E1,-2.395E2));
#6104=VERTEX_POINT('',#6102);
#6105=VERTEX_POINT('',#6103);
#6106=CARTESIAN_POINT('',(1.667085849659E2,-2.667291578236E1,-2.395E2));
#6107=VERTEX_POINT('',#6106);
#6108=CARTESIAN_POINT('',(1.649965501873E2,-2.396346093156E1,-2.395E2));
#6109=CARTESIAN_POINT('',(1.652870953365E2,-2.267549571016E1,-2.395E2));
#6110=VERTEX_POINT('',#6108);
#6111=VERTEX_POINT('',#6109);
#6112=CARTESIAN_POINT('',(1.695E2,-4.000000000001E0,-2.395E2));
#6113=VERTEX_POINT('',#6112);
#6114=CARTESIAN_POINT('',(1.652857858610E2,1.467825016654E1,-2.395E2));
#6115=VERTEX_POINT('',#6114);
#6116=CARTESIAN_POINT('',(1.649951504031E2,1.596640535045E1,-2.395E2));
#6117=CARTESIAN_POINT('',(1.665823028920E2,1.861288639334E1,-2.395E2));
#6118=VERTEX_POINT('',#6116);
#6119=VERTEX_POINT('',#6117);
#6120=CARTESIAN_POINT('',(1.712243430506E2,2.081952448471E1,-2.395E2));
#6121=VERTEX_POINT('',#6120);
#6122=CARTESIAN_POINT('',(1.752217631228E2,1.939803485509E1,-2.395E2));
#6123=VERTEX_POINT('',#6122);
#6124=CARTESIAN_POINT('',(1.805E2,-4.E0,-2.395E2));
#6125=VERTEX_POINT('',#6124);
#6126=CARTESIAN_POINT('',(1.763514345219E2,-2.485624706391E1,-2.395E2));
#6127=VERTEX_POINT('',#6126);
#6128=CARTESIAN_POINT('',(9.022275021244E1,3.556252798548E1,-2.395E2));
#6129=CARTESIAN_POINT('',(1.002428974434E2,3.226326089354E1,-2.395E2));
#6130=VERTEX_POINT('',#6128);
#6131=VERTEX_POINT('',#6129);
#6132=CARTESIAN_POINT('',(1.023084326491E2,2.941250904991E1,-2.395E2));
#6133=VERTEX_POINT('',#6132);
#6134=CARTESIAN_POINT('',(1.014297529927E2,2.729118870642E1,-2.395E2));
#6135=VERTEX_POINT('',#6134);
#6136=CARTESIAN_POINT('',(9.470881129358E1,2.057024700732E1,-2.395E2));
#6137=VERTEX_POINT('',#6136);
#6138=CARTESIAN_POINT('',(8.973673958430E1,2.175710673059E1,-2.395E2));
#6139=VERTEX_POINT('',#6138);
#6140=CARTESIAN_POINT('',(8.643747201452E1,3.177724978755E1,-2.395E2));
#6141=VERTEX_POINT('',#6140);
#6142=CARTESIAN_POINT('',(8.628819370444E1,3.271180629536E1,-2.395E2));
#6143=VERTEX_POINT('',#6142);
#6144=CARTESIAN_POINT('',(7.287157287526E1,2.995564360715E1,-2.335E2));
#6145=CARTESIAN_POINT('',(9.424435639284E1,5.132842712474E1,-2.335E2));
#6146=VERTEX_POINT('',#6144);
#6147=VERTEX_POINT('',#6145);
#6148=CARTESIAN_POINT('',(7.17E1,2.712721648240E1,-2.335E2));
#6149=VERTEX_POINT('',#6148);
#6150=CARTESIAN_POINT('',(9.707278351760E1,5.25E1,-2.335E2));
#6151=VERTEX_POINT('',#6150);
#6152=CARTESIAN_POINT('',(1.549220707862E2,5.25E1,-2.335E2));
#6153=VERTEX_POINT('',#6152);
#6154=CARTESIAN_POINT('',(1.577504979110E2,5.132842712466E1,-2.335E2));
#6155=VERTEX_POINT('',#6154);
#6156=CARTESIAN_POINT('',(1.791284271248E2,2.995049791061E1,-2.335E2));
#6157=VERTEX_POINT('',#6156);
#6158=CARTESIAN_POINT('',(1.803E2,2.712207078586E1,-2.335E2));
#6159=VERTEX_POINT('',#6158);
#6160=CARTESIAN_POINT('',(1.752217631228E2,1.939803485508E1,-2.335E2));
#6161=VERTEX_POINT('',#6160);
#6162=CARTESIAN_POINT('',(1.712243430506E2,2.081952448473E1,-2.335E2));
#6163=VERTEX_POINT('',#6162);
#6164=CARTESIAN_POINT('',(1.665823028922E2,1.861288639342E1,-2.335E2));
#6165=VERTEX_POINT('',#6164);
#6166=CARTESIAN_POINT('',(1.649951504031E2,1.596640535045E1,-2.335E2));
#6167=VERTEX_POINT('',#6166);
#6168=CARTESIAN_POINT('',(1.652857858610E2,1.467825016654E1,-2.335E2));
#6169=VERTEX_POINT('',#6168);
#6170=CARTESIAN_POINT('',(1.695E2,-4.000000000001E0,-2.335E2));
#6171=CARTESIAN_POINT('',(1.652870953365E2,-2.267549571017E1,-2.335E2));
#6172=VERTEX_POINT('',#6170);
#6173=VERTEX_POINT('',#6171);
#6174=CARTESIAN_POINT('',(1.649965501873E2,-2.396346093156E1,-2.335E2));
#6175=VERTEX_POINT('',#6174);
#6176=CARTESIAN_POINT('',(1.667085849660E2,-2.667291578238E1,-2.335E2));
#6177=VERTEX_POINT('',#6176);
#6178=CARTESIAN_POINT('',(1.711090700751E2,-2.876472837566E1,-2.335E2));
#6179=VERTEX_POINT('',#6178);
#6180=CARTESIAN_POINT('',(1.749688137631E2,-2.759992737559E1,-2.335E2));
#6181=VERTEX_POINT('',#6180);
#6182=CARTESIAN_POINT('',(1.755E2,-2.666108086646E1,-2.335E2));
#6183=VERTEX_POINT('',#6182);
#6184=CARTESIAN_POINT('',(1.755000771607E2,-3.545690375908E1,
-2.334999999965E2));
#6185=VERTEX_POINT('',#6184);
#6186=VERTEX_POINT('',#2493);
#6187=CARTESIAN_POINT('',(1.011650517713E2,-5.45E1,-2.335E2));
#6188=VERTEX_POINT('',#6187);
#6189=CARTESIAN_POINT('',(1.011650517713E2,-4.215772203602E1,-2.335E2));
#6190=VERTEX_POINT('',#6189);
#6191=CARTESIAN_POINT('',(9.254833082615E1,-3.488320310433E1,-2.335E2));
#6192=VERTEX_POINT('',#6191);
#6193=CARTESIAN_POINT('',(7.65E1,-3.488320310433E1,-2.335E2));
#6194=VERTEX_POINT('',#6193);
#6195=CARTESIAN_POINT('',(7.857990290695E1,-2.275148818589E1,-2.335E2));
#6196=CARTESIAN_POINT('',(8.287990290695E1,-2.275148818589E1,-2.335E2));
#6197=VERTEX_POINT('',#6195);
#6198=VERTEX_POINT('',#6196);
#6199=CARTESIAN_POINT('',(1.426014881859E2,-4.927009709305E1,-2.335E2));
#6200=CARTESIAN_POINT('',(1.469014881859E2,-4.927009709305E1,-2.335E2));
#6201=VERTEX_POINT('',#6199);
#6202=VERTEX_POINT('',#6200);
#6203=CARTESIAN_POINT('',(1.050985118141E2,-4.927009709305E1,-2.335E2));
#6204=CARTESIAN_POINT('',(1.093985118141E2,-4.927009709305E1,-2.335E2));
#6205=VERTEX_POINT('',#6203);
#6206=VERTEX_POINT('',#6204);
#6207=CARTESIAN_POINT('',(1.050985118141E2,4.127009709305E1,-2.335E2));
#6208=CARTESIAN_POINT('',(1.093985118141E2,4.127009709305E1,-2.335E2));
#6209=VERTEX_POINT('',#6207);
#6210=VERTEX_POINT('',#6208);
#6211=CARTESIAN_POINT('',(1.426014881859E2,4.127009709305E1,-2.335E2));
#6212=CARTESIAN_POINT('',(1.469014881859E2,4.127009709305E1,-2.335E2));
#6213=VERTEX_POINT('',#6211);
#6214=VERTEX_POINT('',#6212);
#6215=CARTESIAN_POINT('',(9.05E1,-4.E0,-2.335E2));
#6216=CARTESIAN_POINT('',(1.615E2,-4.E0,-2.335E2));
#6217=VERTEX_POINT('',#6215);
#6218=VERTEX_POINT('',#6216);
#6219=CARTESIAN_POINT('',(7.857990290695E1,1.475148818589E1,-2.335E2));
#6220=CARTESIAN_POINT('',(8.287990290695E1,1.475148818589E1,-2.335E2));
#6221=VERTEX_POINT('',#6219);
#6222=VERTEX_POINT('',#6220);
#6223=CARTESIAN_POINT('',(1.805E2,-4.E0,-2.335E2));
#6224=VERTEX_POINT('',#6223);
#6225=VERTEX_POINT('',#2653);
#6226=VERTEX_POINT('',#2715);
#6227=VERTEX_POINT('',#2753);
#6228=CARTESIAN_POINT('',(1.550579158800E2,-6.05E1,-2.275000000001E2));
#6229=CARTESIAN_POINT('',(1.549947610057E2,-6.05E1,-2.259999999999E2));
#6230=VERTEX_POINT('',#6228);
#6231=VERTEX_POINT('',#6229);
#6232=VERTEX_POINT('',#2854);
#6233=VERTEX_POINT('',#3004);
#6234=CARTESIAN_POINT('',(9.701444217681E1,-6.05E1,-2.259999999999E2));
#6235=CARTESIAN_POINT('',(9.695013690470E1,-6.05E1,-2.275000000001E2));
#6236=VERTEX_POINT('',#6234);
#6237=VERTEX_POINT('',#6235);
#6238=VERTEX_POINT('',#2784);
#6239=VERTEX_POINT('',#2775);
#6240=VERTEX_POINT('',#2913);
#6241=VERTEX_POINT('',#2818);
#6242=VERTEX_POINT('',#2810);
#6243=CARTESIAN_POINT('',(7.953478019433E1,-3.935533906598E1,
-2.314999999127E2));
#6244=VERTEX_POINT('',#6243);
#6245=VERTEX_POINT('',#2829);
#6246=VERTEX_POINT('',#2903);
#6247=CARTESIAN_POINT('',(7.660490290695E1,-2.275148818589E1,-2.355E2));
#6248=CARTESIAN_POINT('',(8.485490290695E1,-2.275148818589E1,-2.355E2));
#6249=VERTEX_POINT('',#6247);
#6250=VERTEX_POINT('',#6248);
#6251=CARTESIAN_POINT('',(1.406264881859E2,-4.927009709305E1,-2.355E2));
#6252=CARTESIAN_POINT('',(1.488764881859E2,-4.927009709305E1,-2.355E2));
#6253=VERTEX_POINT('',#6251);
#6254=VERTEX_POINT('',#6252);
#6255=CARTESIAN_POINT('',(1.031235118141E2,-4.927009709305E1,-2.355E2));
#6256=CARTESIAN_POINT('',(1.113735118141E2,-4.927009709305E1,-2.355E2));
#6257=VERTEX_POINT('',#6255);
#6258=VERTEX_POINT('',#6256);
#6259=CARTESIAN_POINT('',(1.031235118141E2,4.127009709305E1,-2.355E2));
#6260=CARTESIAN_POINT('',(1.113735118141E2,4.127009709305E1,-2.355E2));
#6261=VERTEX_POINT('',#6259);
#6262=VERTEX_POINT('',#6260);
#6263=CARTESIAN_POINT('',(1.406264881859E2,4.127009709305E1,-2.355E2));
#6264=CARTESIAN_POINT('',(1.488764881859E2,4.127009709305E1,-2.355E2));
#6265=VERTEX_POINT('',#6263);
#6266=VERTEX_POINT('',#6264);
#6267=CARTESIAN_POINT('',(7.660490290695E1,1.475148818589E1,-2.355E2));
#6268=CARTESIAN_POINT('',(8.485490290695E1,1.475148818589E1,-2.355E2));
#6269=VERTEX_POINT('',#6267);
#6270=VERTEX_POINT('',#6268);
#6271=CARTESIAN_POINT('',(7.E1,-3.502575037186E1,-1.667683558855E2));
#6272=VERTEX_POINT('',#6271);
#6273=VERTEX_POINT('',#3470);
#6274=VERTEX_POINT('',#3472);
#6275=CARTESIAN_POINT('',(1.553225428430E2,-6.200091420434E1,
-1.732472090371E2));
#6276=VERTEX_POINT('',#6275);
#6277=VERTEX_POINT('',#3541);
#6278=CARTESIAN_POINT('',(9.022275021245E1,3.556252798548E1,-2.39E2));
#6279=VERTEX_POINT('',#6278);
#6280=CARTESIAN_POINT('',(1.002428974434E2,3.226326089354E1,-2.39E2));
#6281=VERTEX_POINT('',#6280);
#6282=CARTESIAN_POINT('',(8.643747201451E1,3.177724978759E1,-2.39E2));
#6283=VERTEX_POINT('',#6282);
#6284=CARTESIAN_POINT('',(8.628819370444E1,3.271180629536E1,-2.39E2));
#6285=VERTEX_POINT('',#6284);
#6286=CARTESIAN_POINT('',(8.973673791417E1,2.175710618308E1,-2.39E2));
#6287=VERTEX_POINT('',#6286);
#6288=CARTESIAN_POINT('',(9.470881129361E1,2.057024700734E1,-2.39E2));
#6289=VERTEX_POINT('',#6288);
#6290=CARTESIAN_POINT('',(1.014297529927E2,2.729118870640E1,-2.39E2));
#6291=VERTEX_POINT('',#6290);
#6292=CARTESIAN_POINT('',(1.023084326491E2,2.941250904991E1,-2.39E2));
#6293=VERTEX_POINT('',#6292);
#6294=CARTESIAN_POINT('',(8.788885254945E1,-2.85E1,-1.343210917511E2));
#6295=VERTEX_POINT('',#6294);
#6296=CARTESIAN_POINT('',(7.765950166680E1,-2.850000000003E1,
-1.026292977131E2));
#6297=VERTEX_POINT('',#6296);
#6298=CARTESIAN_POINT('',(7.707323761032E1,-2.849999999999E1,
-9.817618009450E1));
#6299=VERTEX_POINT('',#6298);
#6300=CARTESIAN_POINT('',(7.811336039082E1,-2.85E1,-8.641258798964E1));
#6301=VERTEX_POINT('',#6300);
#6302=CARTESIAN_POINT('',(7.757065393130E1,-2.85E1,-8.638304769663E1));
#6303=VERTEX_POINT('',#6302);
#6304=CARTESIAN_POINT('',(8.073524759139E1,-2.850000000001E1,
-7.662757174536E1));
#6305=VERTEX_POINT('',#6304);
#6306=CARTESIAN_POINT('',(7.866963451184E1,-2.85E1,-8.644286678998E1));
#6307=VERTEX_POINT('',#6306);
#6308=CARTESIAN_POINT('',(9.750414288830E1,-2.85E1,-5.477392191993E1));
#6309=VERTEX_POINT('',#6308);
#6310=CARTESIAN_POINT('',(9.360574570615E1,-2.849999999999E1,
-5.290481626663E1));
#6311=VERTEX_POINT('',#6310);
#6312=CARTESIAN_POINT('',(1.062771484477E2,-2.849999999999E1,
-4.970882479863E1));
#6313=VERTEX_POINT('',#6312);
#6314=CARTESIAN_POINT('',(1.015E2,-2.85E1,-5.668975521456E1));
#6315=VERTEX_POINT('',#6314);
#6316=CARTESIAN_POINT('',(1.335874120104E2,-2.850000000002E1,
-4.611336039082E1));
#6317=VERTEX_POINT('',#6316);
#6318=CARTESIAN_POINT('',(1.433724282546E2,-2.85E1,-4.873524759142E1));
#6319=VERTEX_POINT('',#6318);
#6320=CARTESIAN_POINT('',(1.386821332100E2,-2.85E1,-5.179463451184E1));
#6321=VERTEX_POINT('',#6320);
#6322=CARTESIAN_POINT('',(1.479483258591E2,-2.849999999999E1,
-4.575047986415E1));
#6323=VERTEX_POINT('',#6322);
#6324=CARTESIAN_POINT('',(1.652260780800E2,-2.850000000008E1,
-6.550414288831E1));
#6325=VERTEX_POINT('',#6324);
#6326=CARTESIAN_POINT('',(1.702911752013E2,-2.849999999995E1,
-7.427714844770E1));
#6327=VERTEX_POINT('',#6326);
#6328=CARTESIAN_POINT('',(1.684352447854E2,-2.85E1,-7.4625E1));
#6329=VERTEX_POINT('',#6328);
#6330=CARTESIAN_POINT('',(1.721018390218E2,-2.849999999996E1,
-7.393778107957E1));
#6331=VERTEX_POINT('',#6330);
#6332=CARTESIAN_POINT('',(1.721018390218E2,-2.675E1,-7.393778107957E1));
#6333=VERTEX_POINT('',#6332);
#6334=CARTESIAN_POINT('',(1.702911752014E2,-2.675E1,-7.427714844768E1));
#6335=VERTEX_POINT('',#6334);
#6336=CARTESIAN_POINT('',(1.652260780571E2,-2.675E1,-6.550414290677E1));
#6337=VERTEX_POINT('',#6336);
#6338=CARTESIAN_POINT('',(1.684352447854E2,-2.675E1,-7.4625E1));
#6339=VERTEX_POINT('',#6338);
#6340=CARTESIAN_POINT('',(1.684352447854E2,-2.675E1,-6.735E1));
#6341=CARTESIAN_POINT('',(1.684352447854E2,-2.675E1,-7.165E1));
#6342=VERTEX_POINT('',#6340);
#6343=VERTEX_POINT('',#6341);
#6344=CARTESIAN_POINT('',(1.684352447854E2,-2.95E1,-7.3625E1));
#6345=CARTESIAN_POINT('',(1.684352447854E2,-2.95E1,-6.5375E1));
#6346=VERTEX_POINT('',#6344);
#6347=VERTEX_POINT('',#6345);
#6348=CARTESIAN_POINT('',(1.479483258591E2,-2.675E1,-4.575047986415E1));
#6349=VERTEX_POINT('',#6348);
#6350=CARTESIAN_POINT('',(1.433724290099E2,-2.675E1,-4.873524587644E1));
#6351=VERTEX_POINT('',#6350);
#6352=CARTESIAN_POINT('',(1.335874120092E2,-2.675E1,-4.611336040200E1));
#6353=VERTEX_POINT('',#6352);
#6354=CARTESIAN_POINT('',(1.386821332100E2,-2.675E1,-5.179463451184E1));
#6355=VERTEX_POINT('',#6354);
#6356=CARTESIAN_POINT('',(1.386821332100E2,-2.675E1,-4.451963451184E1));
#6357=CARTESIAN_POINT('',(1.386821332100E2,-2.675E1,-4.881963451184E1));
#6358=VERTEX_POINT('',#6356);
#6359=VERTEX_POINT('',#6357);
#6360=CARTESIAN_POINT('',(1.386821332100E2,-2.95E1,-5.079463451184E1));
#6361=CARTESIAN_POINT('',(1.386821332100E2,-2.95E1,-4.254463451184E1));
#6362=VERTEX_POINT('',#6360);
#6363=VERTEX_POINT('',#6361);
#6364=CARTESIAN_POINT('',(1.062771484448E2,-2.675E1,-4.970882479109E1));
#6365=VERTEX_POINT('',#6364);
#6366=CARTESIAN_POINT('',(9.360574570615E1,-2.675E1,-5.290481626664E1));
#6367=CARTESIAN_POINT('',(9.750414288830E1,-2.675E1,-5.477392191994E1));
#6368=VERTEX_POINT('',#6366);
#6369=VERTEX_POINT('',#6367);
#6370=CARTESIAN_POINT('',(1.015E2,-2.675E1,-5.668975521456E1));
#6371=VERTEX_POINT('',#6370);
#6372=CARTESIAN_POINT('',(1.015E2,-2.675E1,-4.941475521456E1));
#6373=CARTESIAN_POINT('',(1.015E2,-2.675E1,-5.371475521456E1));
#6374=VERTEX_POINT('',#6372);
#6375=VERTEX_POINT('',#6373);
#6376=CARTESIAN_POINT('',(1.015E2,-2.95E1,-5.568975521456E1));
#6377=CARTESIAN_POINT('',(1.015E2,-2.95E1,-4.743975521456E1));
#6378=VERTEX_POINT('',#6376);
#6379=VERTEX_POINT('',#6377);
#6380=CARTESIAN_POINT('',(8.073524759005E1,-2.675E1,-7.662757174476E1));
#6381=VERTEX_POINT('',#6380);
#6382=CARTESIAN_POINT('',(7.757065393130E1,-2.675E1,-8.638304769663E1));
#6383=CARTESIAN_POINT('',(7.811336039082E1,-2.675E1,-8.641258798964E1));
#6384=VERTEX_POINT('',#6382);
#6385=VERTEX_POINT('',#6383);
#6386=CARTESIAN_POINT('',(7.866963451184E1,-2.675E1,-8.644286678998E1));
#6387=VERTEX_POINT('',#6386);
#6388=CARTESIAN_POINT('',(7.866963451184E1,-2.675E1,-7.916786678998E1));
#6389=CARTESIAN_POINT('',(7.866963451184E1,-2.675E1,-8.346786678998E1));
#6390=VERTEX_POINT('',#6388);
#6391=VERTEX_POINT('',#6389);
#6392=CARTESIAN_POINT('',(7.866963451184E1,-2.95E1,-8.544286678998E1));
#6393=CARTESIAN_POINT('',(7.866963451184E1,-2.95E1,-7.719286678998E1));
#6394=VERTEX_POINT('',#6392);
#6395=VERTEX_POINT('',#6393);
#6396=CARTESIAN_POINT('',(7.707323761116E1,-1.875E1,-9.817618009457E1));
#6397=VERTEX_POINT('',#6396);
#6398=CARTESIAN_POINT('',(7.765950166555E1,-1.875E1,-1.026292977137E2));
#6399=VERTEX_POINT('',#6398);
#6400=CARTESIAN_POINT('',(1.733303654882E2,-2.95E1,-1.025571332100E2));
#6401=CARTESIAN_POINT('',(1.733303654882E2,-2.95E1,-1.108071332100E2));
#6402=VERTEX_POINT('',#6400);
#6403=VERTEX_POINT('',#6401);
#6404=CARTESIAN_POINT('',(1.505E2,-2.95E1,-1.323102447854E2));
#6405=CARTESIAN_POINT('',(1.505E2,-2.95E1,-1.405602447854E2));
#6406=VERTEX_POINT('',#6404);
#6407=VERTEX_POINT('',#6405);
#6408=CARTESIAN_POINT('',(1.505E2,-2.675E1,-1.342852447854E2));
#6409=CARTESIAN_POINT('',(1.505E2,-2.675E1,-1.385852447854E2));
#6410=VERTEX_POINT('',#6408);
#6411=VERTEX_POINT('',#6409);
#6412=CARTESIAN_POINT('',(1.505E2,-2.675E1,-1.415602447854E2));
#6413=CARTESIAN_POINT('',(1.505E2,-2.675E1,-1.313102447854E2));
#6414=VERTEX_POINT('',#6412);
#6415=VERTEX_POINT('',#6413);
#6416=CARTESIAN_POINT('',(1.505E2,-2.85E1,-1.313102447854E2));
#6417=CARTESIAN_POINT('',(1.505E2,-2.85E1,-1.415602447854E2));
#6418=VERTEX_POINT('',#6416);
#6419=VERTEX_POINT('',#6417);
#6420=CARTESIAN_POINT('',(1.505E2,-3.062132034356E1,-1.424389244418E2));
#6421=VERTEX_POINT('',#6420);
#6422=CARTESIAN_POINT('',(1.505E2,-3.062132034356E1,-1.304315651290E2));
#6423=VERTEX_POINT('',#6422);
#6424=CARTESIAN_POINT('',(1.133178667900E2,-2.95E1,-1.372053654882E2));
#6425=CARTESIAN_POINT('',(1.133178667900E2,-2.95E1,-1.454553654882E2));
#6426=VERTEX_POINT('',#6424);
#6427=VERTEX_POINT('',#6425);
#6428=CARTESIAN_POINT('',(1.133178667900E2,-2.675E1,-1.391803654882E2));
#6429=CARTESIAN_POINT('',(1.133178667900E2,-2.675E1,-1.434803654882E2));
#6430=VERTEX_POINT('',#6428);
#6431=VERTEX_POINT('',#6429);
#6432=CARTESIAN_POINT('',(1.133178667900E2,-2.675E1,-1.464553654882E2));
#6433=CARTESIAN_POINT('',(1.133178667900E2,-2.675E1,-1.362053654882E2));
#6434=VERTEX_POINT('',#6432);
#6435=VERTEX_POINT('',#6433);
#6436=CARTESIAN_POINT('',(1.133178667900E2,-2.85E1,-1.362053654882E2));
#6437=CARTESIAN_POINT('',(1.133178667900E2,-2.85E1,-1.464553654882E2));
#6438=VERTEX_POINT('',#6436);
#6439=VERTEX_POINT('',#6437);
#6440=CARTESIAN_POINT('',(1.133178667900E2,-3.062132034356E1,
-1.473340451446E2));
#6441=VERTEX_POINT('',#6440);
#6442=CARTESIAN_POINT('',(1.133178667900E2,-3.062132034356E1,
-1.353266858318E2));
#6443=VERTEX_POINT('',#6442);
#6444=CARTESIAN_POINT('',(1.520126140627E2,-4.E1,-1.209368504029E2));
#6445=VERTEX_POINT('',#6444);
#6446=CARTESIAN_POINT('',(1.453384705969E2,-4.E1,-1.140255725255E2));
#6447=VERTEX_POINT('',#6446);
#6448=CARTESIAN_POINT('',(1.040627090427E2,-4.E1,-1.111392901094E2));
#6449=VERTEX_POINT('',#6448);
#6450=CARTESIAN_POINT('',(9.649165390857E1,-4.E1,-1.170544466632E2));
#6451=VERTEX_POINT('',#6450);
#6452=CARTESIAN_POINT('',(1.080622263113E2,-4.E1,-1.114136806877E2));
#6453=VERTEX_POINT('',#6452);
#6454=CARTESIAN_POINT('',(1.059096934687E2,-4.E1,-1.105033223702E2));
#6455=VERTEX_POINT('',#6454);
#6456=CARTESIAN_POINT('',(1.413396885678E2,-4.E1,-1.137406675329E2));
#6457=VERTEX_POINT('',#6456);
#6458=CARTESIAN_POINT('',(1.26E2,-4.E1,-1.19E2));
#6459=VERTEX_POINT('',#6458);
#6460=CARTESIAN_POINT('',(1.431804511959E2,-4.E1,-1.131095476368E2));
#6461=VERTEX_POINT('',#6460);
#6462=CARTESIAN_POINT('',(1.419532761107E2,-4.1E1,-1.145302942340E2));
#6463=VERTEX_POINT('',#6462);
#6464=CARTESIAN_POINT('',(1.446191307966E2,-4.1E1,-1.147202308959E2));
#6465=VERTEX_POINT('',#6464);
#6466=CARTESIAN_POINT('',(1.431804511959E2,-4.1E1,-1.141095476368E2));
#6467=VERTEX_POINT('',#6466);
#6468=CARTESIAN_POINT('',(1.073447153636E2,-4.1E1,-1.121102279150E2));
#6469=VERTEX_POINT('',#6468);
#6470=CARTESIAN_POINT('',(1.26E2,-4.1E1,-1.2E2));
#6471=VERTEX_POINT('',#6470);
#6472=CARTESIAN_POINT('',(1.046783705180E2,-4.099999999999E1,
-1.119273008630E2));
#6473=VERTEX_POINT('',#6472);
#6474=CARTESIAN_POINT('',(1.059096934687E2,-4.1E1,-1.115033223702E2));
#6475=VERTEX_POINT('',#6474);
#6476=CARTESIAN_POINT('',(9.710731538390E1,-4.099999999999E1,
-1.178424574168E2));
#6477=VERTEX_POINT('',#6476);
#6478=CARTESIAN_POINT('',(9.696892290888E1,-4.1E1,-1.192872806550E2));
#6479=VERTEX_POINT('',#6478);
#6480=CARTESIAN_POINT('',(9.621486895836E1,-4.E1,-1.199440931395E2));
#6481=VERTEX_POINT('',#6480);
#6482=CARTESIAN_POINT('',(1.512932742621E2,-4.1E1,-1.216315087731E2));
#6483=CARTESIAN_POINT('',(1.512292393810E2,-4.1E1,-1.230815316009E2));
#6484=VERTEX_POINT('',#6482);
#6485=VERTEX_POINT('',#6483);
#6486=CARTESIAN_POINT('',(1.26E2,-4.1E1,-1.325E2));
#6487=VERTEX_POINT('',#6486);
#6488=CARTESIAN_POINT('',(1.192212765726E2,-4.1E1,-1.206514335204E2));
#6489=CARTESIAN_POINT('',(1.097361593909E2,-4.1E1,-1.161751547603E2));
#6490=VERTEX_POINT('',#6488);
#6491=VERTEX_POINT('',#6489);
#6492=CARTESIAN_POINT('',(1.069269505584E2,-4.1E1,-1.152554087643E2));
#6493=VERTEX_POINT('',#6492);
#6494=CARTESIAN_POINT('',(1.041177417259E2,-4.1E1,-1.238356627683E2));
#6495=VERTEX_POINT('',#6494);
#6496=CARTESIAN_POINT('',(1.168795357522E2,-4.1E1,-1.298582923730E2));
#6497=VERTEX_POINT('',#6496);
#6498=CARTESIAN_POINT('',(1.180504061624E2,-4.1E1,-1.300048629467E2));
#6499=VERTEX_POINT('',#6498);
#6500=CARTESIAN_POINT('',(1.412681784561E2,-4.1E1,-1.176567813494E2));
#6501=CARTESIAN_POINT('',(1.390193769782E2,-4.1E1,-1.182228368095E2));
#6502=VERTEX_POINT('',#6500);
#6503=VERTEX_POINT('',#6501);
#6504=CARTESIAN_POINT('',(1.290035907092E2,-4.1E1,-1.213354795614E2));
#6505=VERTEX_POINT('',#6504);
#6506=CARTESIAN_POINT('',(1.295223927404E2,-4.1E1,-1.308070623948E2));
#6507=CARTESIAN_POINT('',(1.300411947717E2,-4.1E1,-1.307786452282E2));
#6508=VERTEX_POINT('',#6506);
#6509=VERTEX_POINT('',#6507);
#6510=CARTESIAN_POINT('',(1.435169799341E2,-4.1E1,-1.265907258892E2));
#6511=VERTEX_POINT('',#6510);
#6512=CARTESIAN_POINT('',(1.392560929231E2,-4.05E1,-1.186632520243E2));
#6513=VERTEX_POINT('',#6512);
#6514=CARTESIAN_POINT('',(1.432802639891E2,-4.05E1,-1.261503106745E2));
#6515=VERTEX_POINT('',#6514);
#6516=CARTESIAN_POINT('',(1.412681784561E2,-4.05E1,-1.181567813494E2));
#6517=VERTEX_POINT('',#6516);
#6518=CARTESIAN_POINT('',(1.290582014491E2,-4.05E1,-1.218324882807E2));
#6519=VERTEX_POINT('',#6518);
#6520=CARTESIAN_POINT('',(1.299865840318E2,-4.05E1,-1.302816365088E2));
#6521=VERTEX_POINT('',#6520);
#6522=CARTESIAN_POINT('',(1.295223927404E2,-4.05E1,-1.303070623948E2));
#6523=VERTEX_POINT('',#6522);
#6524=CARTESIAN_POINT('',(1.094404531980E2,-4.05E1,-1.165783393922E2));
#6525=VERTEX_POINT('',#6524);
#6526=CARTESIAN_POINT('',(1.190980270558E2,-4.05E1,-1.211360050390E2));
#6527=VERTEX_POINT('',#6526);
#6528=CARTESIAN_POINT('',(1.069269505584E2,-4.05E1,-1.157554087643E2));
#6529=VERTEX_POINT('',#6528);
#6530=CARTESIAN_POINT('',(1.044134479188E2,-4.05E1,-1.234324781363E2));
#6531=VERTEX_POINT('',#6530);
#6532=CARTESIAN_POINT('',(1.170027852691E2,-4.05E1,-1.293737208544E2));
#6533=VERTEX_POINT('',#6532);
#6534=CARTESIAN_POINT('',(1.180504061624E2,-4.05E1,-1.295048629467E2));
#6535=VERTEX_POINT('',#6534);
#6536=CARTESIAN_POINT('',(1.518845443E2,-4.E1,-1.238368960581E2));
#6537=VERTEX_POINT('',#6536);
#6538=CARTESIAN_POINT('',(1.26E2,-4.E1,-1.335E2));
#6539=VERTEX_POINT('',#6538);
#6540=CARTESIAN_POINT('',(1.183532066297E2,-2.875E1,-5.618502931921E1));
#6541=VERTEX_POINT('',#6540);
#6542=CARTESIAN_POINT('',(1.235990006025E2,-2.875E1,-5.549440744088E1));
#6543=VERTEX_POINT('',#6542);
#6544=CARTESIAN_POINT('',(1.172453133381E2,-2.875E1,-5.492171914114E1));
#6545=VERTEX_POINT('',#6544);
#6546=CARTESIAN_POINT('',(1.182213184209E2,-2.875E1,-5.619367372912E1));
#6547=VERTEX_POINT('',#6546);
#6548=CARTESIAN_POINT('',(1.190345559719E2,-2.875E1,-4.824417472479E1));
#6549=VERTEX_POINT('',#6548);
#6550=CARTESIAN_POINT('',(1.200105610547E2,-2.875E1,-4.749525968433E1));
#6551=VERTEX_POINT('',#6550);
#6552=CARTESIAN_POINT('',(1.208856232727E2,-2.875E1,-4.800047709151E1));
#6553=VERTEX_POINT('',#6552);
#6554=CARTESIAN_POINT('',(1.243421746118E2,-2.875E1,-5.398739962961E1));
#6555=VERTEX_POINT('',#6554);
#6556=CARTESIAN_POINT('',(1.015E2,-2.95E1,-4.891475521456E1));
#6557=CARTESIAN_POINT('',(1.015E2,-2.95E1,-5.421475521456E1));
#6558=VERTEX_POINT('',#6556);
#6559=VERTEX_POINT('',#6557);
#6560=CARTESIAN_POINT('',(1.015E2,-2.9E1,-4.941475521456E1));
#6561=CARTESIAN_POINT('',(1.015E2,-2.9E1,-5.371475521456E1));
#6562=VERTEX_POINT('',#6560);
#6563=VERTEX_POINT('',#6561);
#6564=CARTESIAN_POINT('',(1.386821332100E2,-2.95E1,-4.401963451184E1));
#6565=CARTESIAN_POINT('',(1.386821332100E2,-2.95E1,-4.931963451184E1));
#6566=VERTEX_POINT('',#6564);
#6567=VERTEX_POINT('',#6565);
#6568=CARTESIAN_POINT('',(1.386821332100E2,-2.9E1,-4.451963451184E1));
#6569=CARTESIAN_POINT('',(1.386821332100E2,-2.9E1,-4.881963451184E1));
#6570=VERTEX_POINT('',#6568);
#6571=VERTEX_POINT('',#6569);
#6572=CARTESIAN_POINT('',(1.684352447854E2,-2.95E1,-6.685E1));
#6573=CARTESIAN_POINT('',(1.684352447854E2,-2.95E1,-7.215E1));
#6574=VERTEX_POINT('',#6572);
#6575=VERTEX_POINT('',#6573);
#6576=CARTESIAN_POINT('',(1.684352447854E2,-2.9E1,-6.735E1));
#6577=CARTESIAN_POINT('',(1.684352447854E2,-2.9E1,-7.165E1));
#6578=VERTEX_POINT('',#6576);
#6579=VERTEX_POINT('',#6577);
#6580=CARTESIAN_POINT('',(1.733303654882E2,-2.95E1,-1.040321332100E2));
#6581=CARTESIAN_POINT('',(1.733303654882E2,-2.95E1,-1.093321332100E2));
#6582=VERTEX_POINT('',#6580);
#6583=VERTEX_POINT('',#6581);
#6584=CARTESIAN_POINT('',(1.733303654882E2,-2.9E1,-1.045321332100E2));
#6585=CARTESIAN_POINT('',(1.733303654882E2,-2.9E1,-1.088321332100E2));
#6586=VERTEX_POINT('',#6584);
#6587=VERTEX_POINT('',#6585);
#6588=CARTESIAN_POINT('',(7.866963451184E1,-2.95E1,-7.866786678998E1));
#6589=CARTESIAN_POINT('',(7.866963451184E1,-2.95E1,-8.396786678998E1));
#6590=VERTEX_POINT('',#6588);
#6591=VERTEX_POINT('',#6589);
#6592=CARTESIAN_POINT('',(7.866963451184E1,-2.9E1,-7.916786678998E1));
#6593=CARTESIAN_POINT('',(7.866963451184E1,-2.9E1,-8.346786678998E1));
#6594=VERTEX_POINT('',#6592);
#6595=VERTEX_POINT('',#6593);
#6596=CARTESIAN_POINT('',(8.356475521456E1,-2.95E1,-1.2115E2));
#6597=CARTESIAN_POINT('',(8.356475521456E1,-2.95E1,-1.1585E2));
#6598=VERTEX_POINT('',#6596);
#6599=VERTEX_POINT('',#6597);
#6600=CARTESIAN_POINT('',(8.356475521456E1,-2.9E1,-1.2065E2));
#6601=CARTESIAN_POINT('',(8.356475521456E1,-2.9E1,-1.1635E2));
#6602=VERTEX_POINT('',#6600);
#6603=VERTEX_POINT('',#6601);
#6604=CARTESIAN_POINT('',(1.133178667900E2,-2.95E1,-1.439803654882E2));
#6605=CARTESIAN_POINT('',(1.133178667900E2,-2.95E1,-1.386803654882E2));
#6606=VERTEX_POINT('',#6604);
#6607=VERTEX_POINT('',#6605);
#6608=CARTESIAN_POINT('',(1.133178667900E2,-2.9E1,-1.434803654882E2));
#6609=CARTESIAN_POINT('',(1.133178667900E2,-2.9E1,-1.391803654882E2));
#6610=VERTEX_POINT('',#6608);
#6611=VERTEX_POINT('',#6609);
#6612=CARTESIAN_POINT('',(1.505E2,-2.95E1,-1.337852447854E2));
#6613=CARTESIAN_POINT('',(1.505E2,-2.95E1,-1.390852447854E2));
#6614=VERTEX_POINT('',#6612);
#6615=VERTEX_POINT('',#6613);
#6616=CARTESIAN_POINT('',(1.505E2,-2.9E1,-1.342852447854E2));
#6617=CARTESIAN_POINT('',(1.505E2,-2.9E1,-1.385852447854E2));
#6618=VERTEX_POINT('',#6616);
#6619=VERTEX_POINT('',#6617);
#6620=CARTESIAN_POINT('',(1.474014881859E2,-4.927009709305E1,-2.355E2));
#6621=CARTESIAN_POINT('',(1.421014881859E2,-4.927009709305E1,-2.355E2));
#6622=VERTEX_POINT('',#6620);
#6623=VERTEX_POINT('',#6621);
#6624=CARTESIAN_POINT('',(1.469014881859E2,-4.927009709305E1,-2.35E2));
#6625=CARTESIAN_POINT('',(1.426014881859E2,-4.927009709305E1,-2.35E2));
#6626=VERTEX_POINT('',#6624);
#6627=VERTEX_POINT('',#6625);
#6628=CARTESIAN_POINT('',(1.098985118141E2,-4.927009709305E1,-2.355E2));
#6629=CARTESIAN_POINT('',(1.045985118141E2,-4.927009709305E1,-2.355E2));
#6630=VERTEX_POINT('',#6628);
#6631=VERTEX_POINT('',#6629);
#6632=CARTESIAN_POINT('',(1.093985118141E2,-4.927009709305E1,-2.35E2));
#6633=CARTESIAN_POINT('',(1.050985118141E2,-4.927009709305E1,-2.35E2));
#6634=VERTEX_POINT('',#6632);
#6635=VERTEX_POINT('',#6633);
#6636=CARTESIAN_POINT('',(8.337990290695E1,-2.275148818589E1,-2.355E2));
#6637=CARTESIAN_POINT('',(7.807990290695E1,-2.275148818589E1,-2.355E2));
#6638=VERTEX_POINT('',#6636);
#6639=VERTEX_POINT('',#6637);
#6640=CARTESIAN_POINT('',(8.287990290695E1,-2.275148818589E1,-2.35E2));
#6641=CARTESIAN_POINT('',(7.857990290695E1,-2.275148818589E1,-2.35E2));
#6642=VERTEX_POINT('',#6640);
#6643=VERTEX_POINT('',#6641);
#6644=CARTESIAN_POINT('',(8.337990290695E1,1.475148818589E1,-2.355E2));
#6645=CARTESIAN_POINT('',(7.807990290695E1,1.475148818589E1,-2.355E2));
#6646=VERTEX_POINT('',#6644);
#6647=VERTEX_POINT('',#6645);
#6648=CARTESIAN_POINT('',(8.287990290695E1,1.475148818589E1,-2.35E2));
#6649=CARTESIAN_POINT('',(7.857990290695E1,1.475148818589E1,-2.35E2));
#6650=VERTEX_POINT('',#6648);
#6651=VERTEX_POINT('',#6649);
#6652=CARTESIAN_POINT('',(1.098985118141E2,4.127009709305E1,-2.355E2));
#6653=CARTESIAN_POINT('',(1.045985118141E2,4.127009709305E1,-2.355E2));
#6654=VERTEX_POINT('',#6652);
#6655=VERTEX_POINT('',#6653);
#6656=CARTESIAN_POINT('',(1.093985118141E2,4.127009709305E1,-2.35E2));
#6657=CARTESIAN_POINT('',(1.050985118141E2,4.127009709305E1,-2.35E2));
#6658=VERTEX_POINT('',#6656);
#6659=VERTEX_POINT('',#6657);
#6660=CARTESIAN_POINT('',(1.474014881859E2,4.127009709305E1,-2.355E2));
#6661=CARTESIAN_POINT('',(1.421014881859E2,4.127009709305E1,-2.355E2));
#6662=VERTEX_POINT('',#6660);
#6663=VERTEX_POINT('',#6661);
#6664=CARTESIAN_POINT('',(1.469014881859E2,4.127009709305E1,-2.35E2));
#6665=CARTESIAN_POINT('',(1.426014881859E2,4.127009709305E1,-2.35E2));
#6666=VERTEX_POINT('',#6664);
#6667=VERTEX_POINT('',#6665);
#6668=CARTESIAN_POINT('',(1.75E2,1.275E1,-1.689183558855E2));
#6669=CARTESIAN_POINT('',(1.75E2,1.275E1,-1.646183558855E2));
#6670=VERTEX_POINT('',#6668);
#6671=VERTEX_POINT('',#6669);
#6672=CARTESIAN_POINT('',(1.75E2,1.225E1,-1.684183558855E2));
#6673=CARTESIAN_POINT('',(1.75E2,1.225E1,-1.651183558855E2));
#6674=VERTEX_POINT('',#6672);
#6675=VERTEX_POINT('',#6673);
#6676=CARTESIAN_POINT('',(7.772364543274E1,1.275E1,-1.689183558855E2));
#6677=CARTESIAN_POINT('',(7.772364543274E1,1.275E1,-1.646183558855E2));
#6678=VERTEX_POINT('',#6676);
#6679=VERTEX_POINT('',#6677);
#6680=CARTESIAN_POINT('',(7.772364543274E1,1.225E1,-1.684183558855E2));
#6681=CARTESIAN_POINT('',(7.772364543274E1,1.225E1,-1.651183558855E2));
#6682=VERTEX_POINT('',#6680);
#6683=VERTEX_POINT('',#6681);
#6684=CARTESIAN_POINT('',(1.26E2,0.E0,-1.86E2));
#6685=DIRECTION('',(0.E0,0.E0,1.E0));
#6686=DIRECTION('',(1.E0,0.E0,0.E0));
#6687=AXIS2_PLACEMENT_3D('',#6684,#6685,#6686);
#6688=PLANE('',#6687);
#6690=ORIENTED_EDGE('',*,*,#6689,.T.);
#6692=ORIENTED_EDGE('',*,*,#6691,.F.);
#6694=ORIENTED_EDGE('',*,*,#6693,.T.);
#6696=ORIENTED_EDGE('',*,*,#6695,.T.);
#6698=ORIENTED_EDGE('',*,*,#6697,.F.);
#6699=EDGE_LOOP('',(#6690,#6692,#6694,#6696,#6698));
#6700=FACE_OUTER_BOUND('',#6699,.F.);
#6701=ADVANCED_FACE('',(#6700),#6688,.T.);
#6702=CARTESIAN_POINT('',(9.894965054493E1,-6.043178021698E1,
-1.863338171095E2));
#6703=CARTESIAN_POINT('',(9.919992277070E1,-6.043113470687E1,
-1.805477130245E2));
#6704=CARTESIAN_POINT('',(9.945019499646E1,-6.043048919675E1,
-1.747616089396E2));
#6705=CARTESIAN_POINT('',(9.970046722223E1,-6.042984368664E1,
-1.689755048546E2));
#6706=CARTESIAN_POINT('',(9.889630968464E1,-6.047413117983E1,
-1.863338171095E2));
#6707=CARTESIAN_POINT('',(9.914607718782E1,-6.047388640355E1,
-1.805477130245E2));
#6708=CARTESIAN_POINT('',(9.939584469101E1,-6.047364162726E1,
-1.747616089396E2));
#6709=CARTESIAN_POINT('',(9.964561219419E1,-6.047339685098E1,
-1.689755048546E2));
#6710=CARTESIAN_POINT('',(9.864743984813E1,-6.055875315476E1,
-1.863338171095E2));
#6711=CARTESIAN_POINT('',(9.889485249193E1,-6.055930908962E1,
-1.805477130245E2));
#6712=CARTESIAN_POINT('',(9.914226513572E1,-6.055986502448E1,
-1.747616089396E2));
#6713=CARTESIAN_POINT('',(9.938967777952E1,-6.056042095935E1,
-1.689755048546E2));
#6714=CARTESIAN_POINT('',(9.766999777883E1,-6.023275987628E1,
-1.863338171095E2));
#6715=CARTESIAN_POINT('',(9.790816165762E1,-6.023023119332E1,
-1.805477130245E2));
#6716=CARTESIAN_POINT('',(9.814632553642E1,-6.022770251036E1,
-1.747616089396E2));
#6717=CARTESIAN_POINT('',(9.838448941522E1,-6.022517382741E1,
-1.689755048546E2));
#6718=CARTESIAN_POINT('',(9.493931321969E1,-5.838388828484E1,
-1.863338171095E2));
#6719=CARTESIAN_POINT('',(9.515163877970E1,-5.836386518518E1,
-1.805477130245E2));
#6720=CARTESIAN_POINT('',(9.536396433971E1,-5.834384208551E1,
-1.747616089396E2));
#6721=CARTESIAN_POINT('',(9.557628989972E1,-5.832381898585E1,
-1.689755048546E2));
#6722=CARTESIAN_POINT('',(9.028587616984E1,-5.448578400355E1,
-1.863338171095E2));
#6723=CARTESIAN_POINT('',(9.045416991756E1,-5.442887621109E1,
-1.805477130245E2));
#6724=CARTESIAN_POINT('',(9.062246366528E1,-5.437196841864E1,
-1.747616089396E2));
#6725=CARTESIAN_POINT('',(9.079075741301E1,-5.431506062618E1,
-1.689755048546E2));
#6726=CARTESIAN_POINT('',(8.424506053541E1,-4.875493946461E1,
-1.863338171095E2));
#6727=CARTESIAN_POINT('',(8.435619479925E1,-4.864380520076E1,
-1.805477130245E2));
#6728=CARTESIAN_POINT('',(8.446732906308E1,-4.853267093691E1,
-1.747616089396E2));
#6729=CARTESIAN_POINT('',(8.457846332691E1,-4.842153667307E1,
-1.689755048546E2));
#6730=CARTESIAN_POINT('',(7.851421599646E1,-4.271412383019E1,
-1.863338171095E2));
#6731=CARTESIAN_POINT('',(7.857112378891E1,-4.254583008245E1,
-1.805477130245E2));
#6732=CARTESIAN_POINT('',(7.862803158136E1,-4.237753633471E1,
-1.747616089396E2));
#6733=CARTESIAN_POINT('',(7.868493937381E1,-4.220924258696E1,
-1.689755048546E2));
#6734=CARTESIAN_POINT('',(7.461611171516E1,-3.806068678035E1,
-1.863338171095E2));
#6735=CARTESIAN_POINT('',(7.463613481482E1,-3.784836122032E1,
-1.805477130245E2));
#6736=CARTESIAN_POINT('',(7.465615791449E1,-3.763603566028E1,
-1.747616089396E2));
#6737=CARTESIAN_POINT('',(7.467618101415E1,-3.742371010025E1,
-1.689755048546E2));
#6738=CARTESIAN_POINT('',(7.276724012372E1,-3.533000222121E1,
-1.863338171095E2));
#6739=CARTESIAN_POINT('',(7.276976880668E1,-3.509183834239E1,
-1.805477130245E2));
#6740=CARTESIAN_POINT('',(7.277229748964E1,-3.485367446357E1,
-1.747616089396E2));
#6741=CARTESIAN_POINT('',(7.277482617259E1,-3.461551058475E1,
-1.689755048546E2));
#6742=CARTESIAN_POINT('',(7.244124684516E1,-3.435256015166E1,
-1.863338171095E2));
#6743=CARTESIAN_POINT('',(7.244069091030E1,-3.410514750783E1,
-1.805477130245E2));
#6744=CARTESIAN_POINT('',(7.244013497543E1,-3.385773486401E1,
-1.747616089396E2));
#6745=CARTESIAN_POINT('',(7.243957904057E1,-3.361032222018E1,
-1.689755048546E2));
#6746=CARTESIAN_POINT('',(7.252586882024E1,-3.410369031519E1,
-1.863338171095E2));
#6747=CARTESIAN_POINT('',(7.252611359652E1,-3.385392281197E1,
-1.805477130245E2));
#6748=CARTESIAN_POINT('',(7.252635837281E1,-3.360415530876E1,
-1.747616089396E2));
#6749=CARTESIAN_POINT('',(7.252660314910E1,-3.335438780554E1,
-1.689755048546E2));
#6750=CARTESIAN_POINT('',(7.256821978319E1,-3.405034945488E1,
-1.863338171095E2));
#6751=CARTESIAN_POINT('',(7.256886529331E1,-3.380007722908E1,
-1.805477130245E2));
#6752=CARTESIAN_POINT('',(7.256951080343E1,-3.354980500329E1,
-1.747616089396E2));
#6753=CARTESIAN_POINT('',(7.257015631354E1,-3.329953277749E1,
-1.689755048546E2));
#6754=B_SPLINE_SURFACE_WITH_KNOTS('',3,3,((#6702,#6703,#6704,#6705),(#6706,
#6707,#6708,#6709),(#6710,#6711,#6712,#6713),(#6714,#6715,#6716,#6717),(#6718,
#6719,#6720,#6721),(#6722,#6723,#6724,#6725),(#6726,#6727,#6728,#6729),(#6730,
#6731,#6732,#6733),(#6734,#6735,#6736,#6737),(#6738,#6739,#6740,#6741),(#6742,
#6743,#6744,#6745),(#6746,#6747,#6748,#6749),(#6750,#6751,#6752,#6753)),
.UNSPECIFIED.,.F.,.F.,.F.,(4,1,1,1,1,1,1,1,1,1,4),(4,4),(-5.452556222480E-2,
0.E0,1.249999999972E-1,2.499999999977E-1,3.749999999982E-1,4.999999999987E-1,
6.249999999992E-1,7.499999999996E-1,8.750000000001E-1,1.E0,1.054525562300E0),(
5.273702010436E-7,9.999628824613E-1),.UNSPECIFIED.);
#6756=ORIENTED_EDGE('',*,*,#6755,.F.);
#6758=ORIENTED_EDGE('',*,*,#6757,.F.);
#6760=ORIENTED_EDGE('',*,*,#6759,.T.);
#6762=ORIENTED_EDGE('',*,*,#6761,.F.);
#6764=ORIENTED_EDGE('',*,*,#6763,.F.);
#6766=ORIENTED_EDGE('',*,*,#6765,.T.);
#6768=ORIENTED_EDGE('',*,*,#6767,.T.);
#6770=ORIENTED_EDGE('',*,*,#6769,.F.);
#6771=ORIENTED_EDGE('',*,*,#6689,.F.);
#6773=ORIENTED_EDGE('',*,*,#6772,.F.);
#6774=EDGE_LOOP('',(#6756,#6758,#6760,#6762,#6764,#6766,#6768,#6770,#6771,
#6773));
#6775=FACE_OUTER_BOUND('',#6774,.F.);
#6776=ADVANCED_FACE('',(#6775),#6754,.T.);
#6777=CARTESIAN_POINT('',(9.37E1,-6.05E1,-2.395E2));
#6778=DIRECTION('',(0.E0,-1.E0,0.E0));
#6779=DIRECTION('',(1.E0,0.E0,0.E0));
#6780=AXIS2_PLACEMENT_3D('',#6777,#6778,#6779);
#6781=PLANE('',#6780);
#6783=ORIENTED_EDGE('',*,*,#6782,.T.);
#6785=ORIENTED_EDGE('',*,*,#6784,.T.);
#6786=ORIENTED_EDGE('',*,*,#6755,.T.);
#6788=ORIENTED_EDGE('',*,*,#6787,.F.);
#6789=EDGE_LOOP('',(#6783,#6785,#6786,#6788));
#6790=FACE_OUTER_BOUND('',#6789,.F.);
#6791=ADVANCED_FACE('',(#6790),#6781,.F.);
#6792=CARTESIAN_POINT('',(1.794317706997E2,-3.412147175975E1,
-1.870726571481E2));
#6793=CARTESIAN_POINT('',(1.794297291571E2,-3.333217901458E1,
-1.684925847721E2));
#6794=CARTESIAN_POINT('',(1.794276876144E2,-3.254288626941E1,
-1.499125123961E2));
#6795=CARTESIAN_POINT('',(1.794256460717E2,-3.175359352424E1,
-1.313324400201E2));
#6796=CARTESIAN_POINT('',(1.794741226171E2,-3.417468202201E1,
-1.870726571481E2));
#6797=CARTESIAN_POINT('',(1.794733483196E2,-3.338698142306E1,
-1.684925847721E2));
#6798=CARTESIAN_POINT('',(1.794725740220E2,-3.259928082410E1,
-1.499125123961E2));
#6799=CARTESIAN_POINT('',(1.794717997244E2,-3.181158022515E1,
-1.313324400201E2));
#6800=CARTESIAN_POINT('',(1.795586835365E2,-3.442284398384E1,
-1.870726571481E2));
#6801=CARTESIAN_POINT('',(1.795604394529E2,-3.364256883465E1,
-1.684925847721E2));
#6802=CARTESIAN_POINT('',(1.795621953693E2,-3.286229368545E1,
-1.499125123961E2));
#6803=CARTESIAN_POINT('',(1.795639512857E2,-3.208201853625E1,
-1.313324400201E2));
#6804=CARTESIAN_POINT('',(1.792334808660E2,-3.539791483095E1,
-1.870726571481E2));
#6805=CARTESIAN_POINT('',(1.792255061368E2,-3.464681554550E1,
-1.684925847721E2));
#6806=CARTESIAN_POINT('',(1.792175314076E2,-3.389571626005E1,
-1.499125123961E2));
#6807=CARTESIAN_POINT('',(1.792095566784E2,-3.314461697460E1,
-1.313324400201E2));
#6808=CARTESIAN_POINT('',(1.773895979033E2,-3.812123155665E1,
-1.870726571481E2));
#6809=CARTESIAN_POINT('',(1.773264508979E2,-3.745161877853E1,
-1.684925847721E2));
#6810=CARTESIAN_POINT('',(1.772633038925E2,-3.678200600040E1,
-1.499125123961E2));
#6811=CARTESIAN_POINT('',(1.772001568871E2,-3.611239322227E1,
-1.313324400201E2));
#6812=CARTESIAN_POINT('',(1.735020112953E2,-4.276211290942E1,
-1.870726571481E2));
#6813=CARTESIAN_POINT('',(1.733225407454E2,-4.223136360199E1,
-1.684925847721E2));
#6814=CARTESIAN_POINT('',(1.731430701954E2,-4.170061429455E1,
-1.499125123961E2));
#6815=CARTESIAN_POINT('',(1.729635996455E2,-4.116986498711E1,
-1.313324400201E2));
#6816=CARTESIAN_POINT('',(1.677866294778E2,-4.878662947771E1,
-1.870726571481E2));
#6817=CARTESIAN_POINT('',(1.674361444815E2,-4.843614448135E1,
-1.684925847721E2));
#6818=CARTESIAN_POINT('',(1.670856594851E2,-4.808565948500E1,
-1.499125123961E2));
#6819=CARTESIAN_POINT('',(1.667351744887E2,-4.773517448864E1,
-1.313324400201E2));
#6820=CARTESIAN_POINT('',(1.617621129096E2,-5.450201129521E1,
-1.870726571481E2));
#6821=CARTESIAN_POINT('',(1.612313636021E2,-5.432254074527E1,
-1.684925847721E2));
#6822=CARTESIAN_POINT('',(1.607006142946E2,-5.414307019533E1,
-1.499125123961E2));
#6823=CARTESIAN_POINT('',(1.601698649871E2,-5.396359964539E1,
-1.313324400201E2));
#6824=CARTESIAN_POINT('',(1.571212315569E2,-5.838959790317E1,
-1.870726571481E2));
#6825=CARTESIAN_POINT('',(1.564516187787E2,-5.832645089782E1,
-1.684925847721E2));
#6826=CARTESIAN_POINT('',(1.557820060005E2,-5.826330389246E1,
-1.499125123961E2));
#6827=CARTESIAN_POINT('',(1.551123932224E2,-5.820015688711E1,
-1.313324400201E2));
#6828=CARTESIAN_POINT('',(1.543979148312E2,-6.023348086599E1,
-1.870726571481E2));
#6829=CARTESIAN_POINT('',(1.536468155457E2,-6.022550613681E1,
-1.684925847721E2));
#6830=CARTESIAN_POINT('',(1.528957162601E2,-6.021753140763E1,
-1.499125123961E2));
#6831=CARTESIAN_POINT('',(1.521446169746E2,-6.020955667846E1,
-1.313324400201E2));
#6832=CARTESIAN_POINT('',(1.534228768802E2,-6.055867256515E1,
-1.870726571481E2));
#6833=CARTESIAN_POINT('',(1.526426027152E2,-6.056042815324E1,
-1.684925847721E2));
#6834=CARTESIAN_POINT('',(1.518623285503E2,-6.056218374133E1,
-1.499125123961E2));
#6835=CARTESIAN_POINT('',(1.510820543853E2,-6.056393932942E1,
-1.313324400201E2));
#6836=CARTESIAN_POINT('',(1.531747104213E2,-6.047413229284E1,
-1.870726571481E2));
#6837=CARTESIAN_POINT('',(1.523870106721E2,-6.047335828477E1,
-1.684925847721E2));
#6838=CARTESIAN_POINT('',(1.515993109228E2,-6.047258427670E1,
-1.499125123961E2));
#6839=CARTESIAN_POINT('',(1.508116111736E2,-6.047181026863E1,
-1.313324400201E2));
#6840=CARTESIAN_POINT('',(1.531215018027E2,-6.043179460819E1,
-1.870726571481E2));
#6841=CARTESIAN_POINT('',(1.523322099564E2,-6.042975378087E1,
-1.684925847721E2));
#6842=CARTESIAN_POINT('',(1.515429181101E2,-6.042771295356E1,
-1.499125123961E2));
#6843=CARTESIAN_POINT('',(1.507536262639E2,-6.042567212624E1,
-1.313324400201E2));
#6844=B_SPLINE_SURFACE_WITH_KNOTS('',3,3,((#6792,#6793,#6794,#6795),(#6796,
#6797,#6798,#6799),(#6800,#6801,#6802,#6803),(#6804,#6805,#6806,#6807),(#6808,
#6809,#6810,#6811),(#6812,#6813,#6814,#6815),(#6816,#6817,#6818,#6819),(#6820,
#6821,#6822,#6823),(#6824,#6825,#6826,#6827),(#6828,#6829,#6830,#6831),(#6832,
#6833,#6834,#6835),(#6836,#6837,#6838,#6839),(#6840,#6841,#6842,#6843)),
.UNSPECIFIED.,.F.,.F.,.F.,(4,1,1,1,1,1,1,1,1,1,4),(4,4),(-5.460866337465E-2,
0.E0,1.249999999966E-1,2.499999999969E-1,3.749999999973E-1,4.999999999976E-1,
6.249999999979E-1,7.499999999982E-1,8.749999999985E-1,1.E0,1.054598386742E0),(
1.493597512670E-6,1.000001536625E0),.UNSPECIFIED.);
#6846=ORIENTED_EDGE('',*,*,#6845,.T.);
#6847=ORIENTED_EDGE('',*,*,#6782,.F.);
#6849=ORIENTED_EDGE('',*,*,#6848,.T.);
#6851=ORIENTED_EDGE('',*,*,#6850,.F.);
#6853=ORIENTED_EDGE('',*,*,#6852,.F.);
#6855=ORIENTED_EDGE('',*,*,#6854,.F.);
#6857=ORIENTED_EDGE('',*,*,#6856,.F.);
#6859=ORIENTED_EDGE('',*,*,#6858,.T.);
#6861=ORIENTED_EDGE('',*,*,#6860,.T.);
#6863=ORIENTED_EDGE('',*,*,#6862,.T.);
#6865=ORIENTED_EDGE('',*,*,#6864,.T.);
#6867=ORIENTED_EDGE('',*,*,#6866,.T.);
#6869=ORIENTED_EDGE('',*,*,#6868,.F.);
#6871=ORIENTED_EDGE('',*,*,#6870,.F.);
#6873=ORIENTED_EDGE('',*,*,#6872,.F.);
#6875=ORIENTED_EDGE('',*,*,#6874,.F.);
#6877=ORIENTED_EDGE('',*,*,#6876,.F.);
#6878=EDGE_LOOP('',(#6846,#6847,#6849,#6851,#6853,#6855,#6857,#6859,#6861,#6863,
#6865,#6867,#6869,#6871,#6873,#6875,#6877));
#6879=FACE_OUTER_BOUND('',#6878,.F.);
#6880=ADVANCED_FACE('',(#6879),#6844,.T.);
#6881=CARTESIAN_POINT('',(6.373800854571E1,-6.043429030358E1,
-1.536701726926E2));
#6882=CARTESIAN_POINT('',(6.377808981137E1,-6.047603049491E1,
-1.536317599148E2));
#6883=CARTESIAN_POINT('',(6.393076364748E1,-6.054303443557E1,
-1.534854415277E2));
#6884=CARTESIAN_POINT('',(6.454136442648E1,-6.031593066099E1,
-1.529002586082E2));
#6885=CARTESIAN_POINT('',(6.626437993528E1,-5.885259180882E1,
-1.512489681410E2));
#6886=CARTESIAN_POINT('',(7.004082751096E1,-5.458340957556E1,
-1.476297251046E2));
#6887=CARTESIAN_POINT('',(7.526978006227E1,-4.775444488990E1,
-1.426184414233E2));
#6888=CARTESIAN_POINT('',(8.020373051333E1,-4.050885770562E1,
-1.378898796058E2));
#6889=CARTESIAN_POINT('',(8.329185960598E1,-3.527069995875E1,
-1.349303019895E2));
#6890=CARTESIAN_POINT('',(8.435261066284E1,-3.287767803519E1,
-1.339137074787E2));
#6891=CARTESIAN_POINT('',(8.451815955298E1,-3.202878090950E1,
-1.337550499955E2));
#6892=CARTESIAN_POINT('',(8.446993607801E1,-3.181641218693E1,
-1.338012660418E2));
#6893=CARTESIAN_POINT('',(8.443976020021E1,-3.176063294684E1,
-1.338301857695E2));
#6895=CARTESIAN_POINT('',(1.26E2,-4.625E1,-9.4E1));
#6896=DIRECTION('',(2.824251553871E-14,1.E0,8.229284700072E-14));
#6897=AXIS1_PLACEMENT('',#6895,#6896);
#6898=SURFACE_OF_REVOLUTION('',#6894,#6897);
#6900=ORIENTED_EDGE('',*,*,#6899,.F.);
#6902=ORIENTED_EDGE('',*,*,#6901,.T.);
#6904=ORIENTED_EDGE('',*,*,#6903,.T.);
#6906=ORIENTED_EDGE('',*,*,#6905,.T.);
#6908=ORIENTED_EDGE('',*,*,#6907,.F.);
#6910=ORIENTED_EDGE('',*,*,#6909,.F.);
#6912=ORIENTED_EDGE('',*,*,#6911,.T.);
#6913=ORIENTED_EDGE('',*,*,#6757,.T.);
#6914=ORIENTED_EDGE('',*,*,#6784,.F.);
#6915=ORIENTED_EDGE('',*,*,#6845,.F.);
#6916=EDGE_LOOP('',(#6900,#6902,#6904,#6906,#6908,#6910,#6912,#6913,#6914,
#6915));
#6917=FACE_OUTER_BOUND('',#6916,.F.);
#6918=ADVANCED_FACE('',(#6917),#6898,.T.);
#6919=CARTESIAN_POINT('',(1.641586308140E2,-5.182644361494E1,
-1.581251580017E2));
#6920=CARTESIAN_POINT('',(1.640747138991E2,-5.167321198703E1,
-1.579841365522E2));
#6921=CARTESIAN_POINT('',(1.633575471726E2,-5.035827115296E1,
-1.567789457822E2));
#6922=CARTESIAN_POINT('',(1.615031304866E2,-4.684373450777E1,
-1.536626190051E2));
#6923=CARTESIAN_POINT('',(1.587475905657E2,-4.116378636369E1,
-1.490319645751E2));
#6924=CARTESIAN_POINT('',(1.565804783130E2,-3.610476253518E1,
-1.453901563486E2));
#6925=CARTESIAN_POINT('',(1.557123759767E2,-3.359770289046E1,
-1.439313199519E2));
#6926=CARTESIAN_POINT('',(1.554720399726E2,-3.260525410243E1,
-1.435274379491E2));
#6927=CARTESIAN_POINT('',(1.554269942685E2,-3.230427345190E1,
-1.434517391405E2));
#6928=CARTESIAN_POINT('',(1.554181337889E2,-3.222543621112E1,
-1.434368492024E2));
#6930=DIRECTION('',(8.593582928195E-1,-2.599052960050E-12,5.113739576497E-1));
#6931=VECTOR('',#6930,1.E0);
#6932=SURFACE_OF_LINEAR_EXTRUSION('',#6929,#6931);
#6933=ORIENTED_EDGE('',*,*,#6899,.T.);
#6934=ORIENTED_EDGE('',*,*,#6876,.T.);
#6936=ORIENTED_EDGE('',*,*,#6935,.F.);
#6938=ORIENTED_EDGE('',*,*,#6937,.F.);
#6940=ORIENTED_EDGE('',*,*,#6939,.F.);
#6941=EDGE_LOOP('',(#6933,#6934,#6936,#6938,#6940));
#6942=FACE_OUTER_BOUND('',#6941,.F.);
#6943=ADVANCED_FACE('',(#6942),#6932,.T.);
#6944=CARTESIAN_POINT('',(1.775E2,-3.3502E1,-1.344000576074E2));
#6945=DIRECTION('',(0.E0,1.E0,0.E0));
#6946=DIRECTION('',(0.E0,0.E0,1.E0));
#6947=AXIS2_PLACEMENT_3D('',#6944,#6945,#6946);
#6948=CYLINDRICAL_SURFACE('',#6947,2.E0);
#6949=ORIENTED_EDGE('',*,*,#6935,.T.);
#6950=ORIENTED_EDGE('',*,*,#6874,.T.);
#6952=ORIENTED_EDGE('',*,*,#6951,.T.);
#6954=ORIENTED_EDGE('',*,*,#6953,.F.);
#6956=ORIENTED_EDGE('',*,*,#6955,.F.);
#6958=ORIENTED_EDGE('',*,*,#6957,.T.);
#6959=ORIENTED_EDGE('',*,*,#6937,.T.);
#6960=EDGE_LOOP('',(#6949,#6950,#6952,#6954,#6956,#6958,#6959));
#6961=FACE_OUTER_BOUND('',#6960,.F.);
#6962=ADVANCED_FACE('',(#6961),#6948,.F.);
#6963=CARTESIAN_POINT('',(1.795E2,-3.3502E1,-1.3875E2));
#6964=DIRECTION('',(-1.E0,0.E0,0.E0));
#6965=DIRECTION('',(0.E0,0.E0,1.E0));
#6966=AXIS2_PLACEMENT_3D('',#6963,#6964,#6965);
#6967=PLANE('',#6966);
#6969=ORIENTED_EDGE('',*,*,#6968,.F.);
#6971=ORIENTED_EDGE('',*,*,#6970,.F.);
#6973=ORIENTED_EDGE('',*,*,#6972,.F.);
#6975=ORIENTED_EDGE('',*,*,#6974,.F.);
#6977=ORIENTED_EDGE('',*,*,#6976,.F.);
#6979=ORIENTED_EDGE('',*,*,#6978,.F.);
#6980=ORIENTED_EDGE('',*,*,#6951,.F.);
#6981=ORIENTED_EDGE('',*,*,#6872,.T.);
#6982=EDGE_LOOP('',(#6969,#6971,#6973,#6975,#6977,#6979,#6980,#6981));
#6983=FACE_OUTER_BOUND('',#6982,.F.);
#6984=ADVANCED_FACE('',(#6983),#6967,.T.);
#6985=CARTESIAN_POINT('',(1.765E2,-6.2002E1,-1.528679163910E2));
#6986=DIRECTION('',(0.E0,1.E0,0.E0));
#6987=DIRECTION('',(0.E0,0.E0,1.E0));
#6988=AXIS2_PLACEMENT_3D('',#6985,#6986,#6987);
#6989=CYLINDRICAL_SURFACE('',#6988,3.E0);
#6990=ORIENTED_EDGE('',*,*,#6868,.T.);
#6992=ORIENTED_EDGE('',*,*,#6991,.T.);
#6994=ORIENTED_EDGE('',*,*,#6993,.F.);
#6996=ORIENTED_EDGE('',*,*,#6995,.F.);
#6997=ORIENTED_EDGE('',*,*,#6968,.T.);
#6998=ORIENTED_EDGE('',*,*,#6870,.T.);
#6999=EDGE_LOOP('',(#6990,#6992,#6994,#6996,#6997,#6998));
#7000=FACE_OUTER_BOUND('',#6999,.F.);
#7001=ADVANCED_FACE('',(#7000),#6989,.F.);
#7002=CARTESIAN_POINT('',(1.755E2,-6.2002E1,-1.587839961741E2));
#7003=DIRECTION('',(0.E0,1.E0,0.E0));
#7004=DIRECTION('',(0.E0,0.E0,1.E0));
#7005=AXIS2_PLACEMENT_3D('',#7002,#7003,#7004);
#7006=CYLINDRICAL_SURFACE('',#7005,3.E0);
#7008=ORIENTED_EDGE('',*,*,#7007,.T.);
#7010=ORIENTED_EDGE('',*,*,#7009,.F.);
#7012=ORIENTED_EDGE('',*,*,#7011,.F.);
#7013=ORIENTED_EDGE('',*,*,#6991,.F.);
#7014=ORIENTED_EDGE('',*,*,#6866,.F.);
#7015=ORIENTED_EDGE('',*,*,#6864,.F.);
#7016=EDGE_LOOP('',(#7008,#7010,#7012,#7013,#7014,#7015));
#7017=FACE_OUTER_BOUND('',#7016,.F.);
#7018=ADVANCED_FACE('',(#7017),#7006,.T.);
#7019=CARTESIAN_POINT('',(1.720253906250E2,-6.2002E1,-1.623707202632E2));
#7020=DIRECTION('',(-9.921875E-1,0.E0,1.247556204896E-1));
#7021=DIRECTION('',(1.247556204896E-1,0.E0,9.921875E-1));
#7022=AXIS2_PLACEMENT_3D('',#7019,#7020,#7021);
#7023=PLANE('',#7022);
#7025=ORIENTED_EDGE('',*,*,#7024,.F.);
#7027=ORIENTED_EDGE('',*,*,#7026,.F.);
#7028=ORIENTED_EDGE('',*,*,#7007,.F.);
#7029=ORIENTED_EDGE('',*,*,#6862,.F.);
#7030=EDGE_LOOP('',(#7025,#7027,#7028,#7029));
#7031=FACE_OUTER_BOUND('',#7030,.F.);
#7032=ADVANCED_FACE('',(#7031),#7023,.T.);
#7033=CARTESIAN_POINT('',(1.75E2,-6.2002E1,-1.667683558855E2));
#7034=DIRECTION('',(0.E0,1.E0,0.E0));
#7035=DIRECTION('',(0.E0,0.E0,1.E0));
#7036=AXIS2_PLACEMENT_3D('',#7033,#7034,#7035);
#7037=CYLINDRICAL_SURFACE('',#7036,3.5E0);
#7039=ORIENTED_EDGE('',*,*,#7038,.T.);
#7041=ORIENTED_EDGE('',*,*,#7040,.F.);
#7043=ORIENTED_EDGE('',*,*,#7042,.F.);
#7044=ORIENTED_EDGE('',*,*,#7024,.T.);
#7045=ORIENTED_EDGE('',*,*,#6860,.F.);
#7046=ORIENTED_EDGE('',*,*,#6858,.F.);
#7047=EDGE_LOOP('',(#7039,#7041,#7043,#7044,#7045,#7046));
#7048=FACE_OUTER_BOUND('',#7047,.F.);
#7049=ADVANCED_FACE('',(#7048),#7037,.T.);
#7050=CARTESIAN_POINT('',(1.765E2,-6.2002E1,-1.730929112058E2));
#7051=DIRECTION('',(0.E0,1.E0,0.E0));
#7052=DIRECTION('',(0.E0,0.E0,1.E0));
#7053=AXIS2_PLACEMENT_3D('',#7050,#7051,#7052);
#7054=CYLINDRICAL_SURFACE('',#7053,3.E0);
#7055=ORIENTED_EDGE('',*,*,#6854,.T.);
#7057=ORIENTED_EDGE('',*,*,#7056,.T.);
#7059=ORIENTED_EDGE('',*,*,#7058,.F.);
#7061=ORIENTED_EDGE('',*,*,#7060,.F.);
#7062=ORIENTED_EDGE('',*,*,#7038,.F.);
#7063=ORIENTED_EDGE('',*,*,#6856,.T.);
#7064=EDGE_LOOP('',(#7055,#7057,#7059,#7061,#7062,#7063));
#7065=FACE_OUTER_BOUND('',#7064,.F.);
#7066=ADVANCED_FACE('',(#7065),#7054,.F.);
#7067=CARTESIAN_POINT('',(1.795E2,-3.3502E1,-1.3875E2));
#7068=DIRECTION('',(-1.E0,0.E0,0.E0));
#7069=DIRECTION('',(0.E0,0.E0,1.E0));
#7070=AXIS2_PLACEMENT_3D('',#7067,#7068,#7069);
#7071=PLANE('',#7070);
#7073=ORIENTED_EDGE('',*,*,#7072,.F.);
#7075=ORIENTED_EDGE('',*,*,#7074,.T.);
#7077=ORIENTED_EDGE('',*,*,#7076,.T.);
#7079=ORIENTED_EDGE('',*,*,#7078,.F.);
#7081=ORIENTED_EDGE('',*,*,#7080,.F.);
#7083=ORIENTED_EDGE('',*,*,#7082,.T.);
#7085=ORIENTED_EDGE('',*,*,#7084,.F.);
#7087=ORIENTED_EDGE('',*,*,#7086,.F.);
#7089=ORIENTED_EDGE('',*,*,#7088,.T.);
#7091=ORIENTED_EDGE('',*,*,#7090,.T.);
#7093=ORIENTED_EDGE('',*,*,#7092,.F.);
#7094=ORIENTED_EDGE('',*,*,#7056,.F.);
#7095=ORIENTED_EDGE('',*,*,#6852,.T.);
#7097=ORIENTED_EDGE('',*,*,#7096,.T.);
#7099=ORIENTED_EDGE('',*,*,#7098,.F.);
#7100=EDGE_LOOP('',(#7073,#7075,#7077,#7079,#7081,#7083,#7085,#7087,#7089,#7091,
#7093,#7094,#7095,#7097,#7099));
#7101=FACE_OUTER_BOUND('',#7100,.F.);
#7102=ADVANCED_FACE('',(#7101),#7071,.T.);
#7103=CARTESIAN_POINT('',(1.26E2,0.E0,-1.9E2));
#7104=DIRECTION('',(0.E0,0.E0,1.E0));
#7105=DIRECTION('',(1.E0,0.E0,0.E0));
#7106=AXIS2_PLACEMENT_3D('',#7103,#7104,#7105);
#7107=PLANE('',#7106);
#7109=ORIENTED_EDGE('',*,*,#7108,.T.);
#7110=ORIENTED_EDGE('',*,*,#7072,.T.);
#7112=ORIENTED_EDGE('',*,*,#7111,.T.);
#7114=ORIENTED_EDGE('',*,*,#7113,.T.);
#7116=ORIENTED_EDGE('',*,*,#7115,.F.);
#7117=EDGE_LOOP('',(#7109,#7110,#7112,#7114,#7116));
#7118=FACE_OUTER_BOUND('',#7117,.F.);
#7119=ADVANCED_FACE('',(#7118),#7107,.F.);
#7120=CARTESIAN_POINT('',(1.794285402580E2,-3.545104101543E1,
-2.185600032728E2));
#7121=CARTESIAN_POINT('',(1.794273635413E2,-3.503856360865E1,
-2.088533353847E2));
#7122=CARTESIAN_POINT('',(1.794261868245E2,-3.462608620188E1,
-1.991466674967E2));
#7123=CARTESIAN_POINT('',(1.794250101078E2,-3.421360879511E1,
-1.894399996086E2));
#7124=CARTESIAN_POINT('',(1.794727110144E2,-3.550190100743E1,
-2.185600032728E2));
#7125=CARTESIAN_POINT('',(1.794722616507E2,-3.509026110443E1,
-2.088533353847E2));
#7126=CARTESIAN_POINT('',(1.794718122871E2,-3.467862120143E1,
-1.991466674967E2));
#7127=CARTESIAN_POINT('',(1.794713629235E2,-3.426698129842E1,
-1.894399996086E2));
#7128=CARTESIAN_POINT('',(1.795587147150E2,-3.573616300780E1,
-2.185600032728E2));
#7129=CARTESIAN_POINT('',(1.795596815613E2,-3.532838066161E1,
-2.088533353847E2));
#7130=CARTESIAN_POINT('',(1.795606484075E2,-3.492059831541E1,
-1.991466674967E2));
#7131=CARTESIAN_POINT('',(1.795616152538E2,-3.451281596922E1,
-1.894399996086E2));
#7132=CARTESIAN_POINT('',(1.792469936823E2,-3.667079077383E1,
-2.185600032728E2));
#7133=CARTESIAN_POINT('',(1.792428274657E2,-3.627839880125E1,
-2.088533353847E2));
#7134=CARTESIAN_POINT('',(1.792386612490E2,-3.588600682866E1,
-1.991466674967E2));
#7135=CARTESIAN_POINT('',(1.792344950324E2,-3.549361485607E1,
-1.894399996086E2));
#7136=CARTESIAN_POINT('',(1.774966125944E2,-3.925601337404E1,
-2.185600032728E2));
#7137=CARTESIAN_POINT('',(1.774636231180E2,-3.890619186974E1,
-2.088533353847E2));
#7138=CARTESIAN_POINT('',(1.774306336416E2,-3.855637036545E1,
-1.991466674967E2));
#7139=CARTESIAN_POINT('',(1.773976441652E2,-3.820654886115E1,
-1.894399996086E2));
#7140=CARTESIAN_POINT('',(1.738061569839E2,-4.366156512489E1,
-2.185600032728E2));
#7141=CARTESIAN_POINT('',(1.737123973350E2,-4.338428917279E1,
-2.088533353847E2));
#7142=CARTESIAN_POINT('',(1.736186376860E2,-4.310701322069E1,
-1.991466674967E2));
#7143=CARTESIAN_POINT('',(1.735248780370E2,-4.282973726859E1,
-1.894399996086E2));
#7144=CARTESIAN_POINT('',(1.683805907255E2,-4.938059072540E1,
-2.185600032728E2));
#7145=CARTESIAN_POINT('',(1.681974891002E2,-4.919748910008E1,
-2.088533353847E2));
#7146=CARTESIAN_POINT('',(1.680143874749E2,-4.901438747477E1,
-1.991466674967E2));
#7147=CARTESIAN_POINT('',(1.678312858496E2,-4.883128584945E1,
-1.894399996086E2));
#7148=CARTESIAN_POINT('',(1.626615651250E2,-5.480615698392E1,
-2.185600032728E2));
#7149=CARTESIAN_POINT('',(1.623842891730E2,-5.471239733493E1,
-2.088533353847E2));
#7150=CARTESIAN_POINT('',(1.621070132209E2,-5.461863768595E1,
-1.991466674967E2));
#7151=CARTESIAN_POINT('',(1.618297372688E2,-5.452487803696E1,
-1.894399996086E2));
#7152=CARTESIAN_POINT('',(1.582560133742E2,-5.849661259438E1,
-2.185600032728E2));
#7153=CARTESIAN_POINT('',(1.579061918699E2,-5.846362311796E1,
-2.088533353847E2));
#7154=CARTESIAN_POINT('',(1.575563703656E2,-5.843063364154E1,
-1.991466674967E2));
#7155=CARTESIAN_POINT('',(1.572065488613E2,-5.839764416511E1,
-1.894399996086E2));
#7156=CARTESIAN_POINT('',(1.556707907740E2,-6.024699368226E1,
-2.185600032728E2));
#7157=CARTESIAN_POINT('',(1.552783988014E2,-6.024282746561E1,
-2.088533353847E2));
#7158=CARTESIAN_POINT('',(1.548860068288E2,-6.023866124896E1,
-1.991466674967E2));
#7159=CARTESIAN_POINT('',(1.544936148563E2,-6.023449503232E1,
-1.894399996086E2));
#7160=CARTESIAN_POINT('',(1.547361630078E2,-6.055871471497E1,
-2.185600032728E2));
#7161=CARTESIAN_POINT('',(1.543283806617E2,-6.055968156127E1,
-2.088533353847E2));
#7162=CARTESIAN_POINT('',(1.539205983155E2,-6.056064840757E1,
-1.991466674967E2));
#7163=CARTESIAN_POINT('',(1.535128159694E2,-6.056161525388E1,
-1.894399996086E2));
#7164=CARTESIAN_POINT('',(1.545019010075E2,-6.047271101429E1,
-2.185600032728E2));
#7165=CARTESIAN_POINT('',(1.540902611045E2,-6.047226165071E1,
-2.088533353847E2));
#7166=CARTESIAN_POINT('',(1.536786212016E2,-6.047181228712E1,
-1.991466674967E2));
#7167=CARTESIAN_POINT('',(1.532669812986E2,-6.047136292354E1,
-1.894399996086E2));
#7168=CARTESIAN_POINT('',(1.544510410155E2,-6.042854025793E1,
-2.185600032728E2));
#7169=CARTESIAN_POINT('',(1.540385636088E2,-6.042736354120E1,
-2.088533353847E2));
#7170=CARTESIAN_POINT('',(1.536260862020E2,-6.042618682447E1,
-1.991466674967E2));
#7171=CARTESIAN_POINT('',(1.532136087953E2,-6.042501010775E1,
-1.894399996086E2));
#7172=B_SPLINE_SURFACE_WITH_KNOTS('',3,3,((#7120,#7121,#7122,#7123),(#7124,
#7125,#7126,#7127),(#7128,#7129,#7130,#7131),(#7132,#7133,#7134,#7135),(#7136,
#7137,#7138,#7139),(#7140,#7141,#7142,#7143),(#7144,#7145,#7146,#7147),(#7148,
#7149,#7150,#7151),(#7152,#7153,#7154,#7155),(#7156,#7157,#7158,#7159),(#7160,
#7161,#7162,#7163),(#7164,#7165,#7166,#7167),(#7168,#7169,#7170,#7171)),
.UNSPECIFIED.,.F.,.F.,.F.,(4,1,1,1,1,1,1,1,1,1,4),(4,4),(-5.757039925335E-2,
0.E0,1.249999999844E-1,2.499999999875E-1,3.749999999905E-1,4.999999999936E-1,
6.249999999967E-1,7.499999999997E-1,8.750000000028E-1,1.E0,1.057570399267E0),(
2.912792264808E-5,9.999697051614E-1),.UNSPECIFIED.);
#7174=ORIENTED_EDGE('',*,*,#7173,.F.);
#7175=ORIENTED_EDGE('',*,*,#7074,.F.);
#7176=ORIENTED_EDGE('',*,*,#7108,.F.);
#7178=ORIENTED_EDGE('',*,*,#7177,.F.);
#7180=ORIENTED_EDGE('',*,*,#7179,.F.);
#7182=ORIENTED_EDGE('',*,*,#7181,.T.);
#7183=EDGE_LOOP('',(#7174,#7175,#7176,#7178,#7180,#7182));
#7184=FACE_OUTER_BOUND('',#7183,.F.);
#7185=ADVANCED_FACE('',(#7184),#7172,.T.);
#7186=CARTESIAN_POINT('',(1.26E2,0.E0,-2.18E2));
#7187=DIRECTION('',(0.E0,0.E0,1.E0));
#7188=DIRECTION('',(1.E0,0.E0,0.E0));
#7189=AXIS2_PLACEMENT_3D('',#7186,#7187,#7188);
#7190=PLANE('',#7189);
#7192=ORIENTED_EDGE('',*,*,#7191,.T.);
#7194=ORIENTED_EDGE('',*,*,#7193,.T.);
#7195=ORIENTED_EDGE('',*,*,#7076,.F.);
#7196=ORIENTED_EDGE('',*,*,#7173,.T.);
#7198=ORIENTED_EDGE('',*,*,#7197,.F.);
#7199=EDGE_LOOP('',(#7192,#7194,#7195,#7196,#7198));
#7200=FACE_OUTER_BOUND('',#7199,.F.);
#7201=ADVANCED_FACE('',(#7200),#7190,.T.);
#7202=CARTESIAN_POINT('',(1.260266898467E2,1.460775796628E1,-2.22E2));
#7203=DIRECTION('',(0.E0,0.E0,1.E0));
#7204=DIRECTION('',(1.E0,0.E0,0.E0));
#7205=AXIS2_PLACEMENT_3D('',#7202,#7203,#7204);
#7206=CYLINDRICAL_SURFACE('',#7205,7.210777710742E1);
#7208=ORIENTED_EDGE('',*,*,#7207,.F.);
#7210=ORIENTED_EDGE('',*,*,#7209,.F.);
#7212=ORIENTED_EDGE('',*,*,#7211,.F.);
#7214=ORIENTED_EDGE('',*,*,#7213,.F.);
#7215=ORIENTED_EDGE('',*,*,#7191,.F.);
#7217=ORIENTED_EDGE('',*,*,#7216,.F.);
#7219=ORIENTED_EDGE('',*,*,#7218,.F.);
#7221=ORIENTED_EDGE('',*,*,#7220,.F.);
#7222=EDGE_LOOP('',(#7208,#7210,#7212,#7214,#7215,#7217,#7219,#7221));
#7223=FACE_OUTER_BOUND('',#7222,.F.);
#7224=ADVANCED_FACE('',(#7223),#7206,.F.);
#7225=CARTESIAN_POINT('',(1.26E2,0.E0,-2.22E2));
#7226=DIRECTION('',(0.E0,0.E0,1.E0));
#7227=DIRECTION('',(1.E0,0.E0,0.E0));
#7228=AXIS2_PLACEMENT_3D('',#7225,#7226,#7227);
#7229=PLANE('',#7228);
#7231=ORIENTED_EDGE('',*,*,#7230,.T.);
#7233=ORIENTED_EDGE('',*,*,#7232,.T.);
#7235=ORIENTED_EDGE('',*,*,#7234,.F.);
#7236=ORIENTED_EDGE('',*,*,#7207,.T.);
#7238=ORIENTED_EDGE('',*,*,#7237,.T.);
#7239=EDGE_LOOP('',(#7231,#7233,#7235,#7236,#7238));
#7240=FACE_OUTER_BOUND('',#7239,.F.);
#7241=ADVANCED_FACE('',(#7240),#7229,.F.);
#7242=CARTESIAN_POINT('',(7.25E1,-3.3502E1,-1.3875E2));
#7243=DIRECTION('',(1.E0,0.E0,0.E0));
#7244=DIRECTION('',(0.E0,0.E0,-1.E0));
#7245=AXIS2_PLACEMENT_3D('',#7242,#7243,#7244);
#7246=PLANE('',#7245);
#7248=ORIENTED_EDGE('',*,*,#7247,.T.);
#7250=ORIENTED_EDGE('',*,*,#7249,.T.);
#7252=ORIENTED_EDGE('',*,*,#7251,.F.);
#7254=ORIENTED_EDGE('',*,*,#7253,.F.);
#7255=ORIENTED_EDGE('',*,*,#6691,.T.);
#7256=ORIENTED_EDGE('',*,*,#6769,.T.);
#7258=ORIENTED_EDGE('',*,*,#7257,.F.);
#7260=ORIENTED_EDGE('',*,*,#7259,.F.);
#7262=ORIENTED_EDGE('',*,*,#7261,.F.);
#7264=ORIENTED_EDGE('',*,*,#7263,.T.);
#7265=ORIENTED_EDGE('',*,*,#7230,.F.);
#7267=ORIENTED_EDGE('',*,*,#7266,.F.);
#7268=EDGE_LOOP('',(#7248,#7250,#7252,#7254,#7255,#7256,#7258,#7260,#7262,#7264,
#7265,#7267));
#7269=FACE_OUTER_BOUND('',#7268,.F.);
#7270=ADVANCED_FACE('',(#7269),#7246,.T.);
#7271=CARTESIAN_POINT('',(1.26E2,0.E0,-2.18E2));
#7272=DIRECTION('',(0.E0,0.E0,1.E0));
#7273=DIRECTION('',(1.E0,0.E0,0.E0));
#7274=AXIS2_PLACEMENT_3D('',#7271,#7272,#7273);
#7275=PLANE('',#7274);
#7277=ORIENTED_EDGE('',*,*,#7276,.T.);
#7278=ORIENTED_EDGE('',*,*,#7247,.F.);
#7280=ORIENTED_EDGE('',*,*,#7279,.T.);
#7281=ORIENTED_EDGE('',*,*,#7218,.T.);
#7283=ORIENTED_EDGE('',*,*,#7282,.F.);
#7284=EDGE_LOOP('',(#7277,#7278,#7280,#7281,#7283));
#7285=FACE_OUTER_BOUND('',#7284,.F.);
#7286=ADVANCED_FACE('',(#7285),#7275,.T.);
#7287=CARTESIAN_POINT('',(9.756391234721E1,-6.042857922784E1,
-2.185600033447E2));
#7288=CARTESIAN_POINT('',(9.798390166731E1,-6.042738244893E1,
-2.088533352490E2));
#7289=CARTESIAN_POINT('',(9.840389098741E1,-6.042618567003E1,
-1.991466671533E2));
#7290=CARTESIAN_POINT('',(9.882388030751E1,-6.042498889112E1,
-1.894399990576E2));
#7291=CARTESIAN_POINT('',(9.751302480670E1,-6.047272814777E1,
-2.185600033447E2));
#7292=CARTESIAN_POINT('',(9.793216141781E1,-6.047227116059E1,
-2.088533352490E2));
#7293=CARTESIAN_POINT('',(9.835129802891E1,-6.047181417340E1,
-1.991466671533E2));
#7294=CARTESIAN_POINT('',(9.877043464001E1,-6.047135718622E1,
-1.894399990576E2));
#7295=CARTESIAN_POINT('',(9.727860530106E1,-6.055871391145E1,
-2.185600033447E2));
#7296=CARTESIAN_POINT('',(9.769381380678E1,-6.055969776486E1,
-2.088533352490E2));
#7297=CARTESIAN_POINT('',(9.810902231251E1,-6.056068161827E1,
-1.991466671533E2));
#7298=CARTESIAN_POINT('',(9.852423081824E1,-6.056166547168E1,
-1.894399990576E2));
#7299=CARTESIAN_POINT('',(9.634352408886E1,-6.024684171170E1,
-2.185600033447E2));
#7300=CARTESIAN_POINT('',(9.674306368714E1,-6.024259960552E1,
-2.088533352490E2));
#7301=CARTESIAN_POINT('',(9.714260328543E1,-6.023835749934E1,
-1.991466671533E2));
#7302=CARTESIAN_POINT('',(9.754214288372E1,-6.023411539316E1,
-1.894399990576E2));
#7303=CARTESIAN_POINT('',(9.375674847517E1,-5.849540909971E1,
-2.185600033447E2));
#7304=CARTESIAN_POINT('',(9.411294216177E1,-5.846181870257E1,
-2.088533352490E2));
#7305=CARTESIAN_POINT('',(9.446913584836E1,-5.842822830544E1,
-1.991466671533E2));
#7306=CARTESIAN_POINT('',(9.482532953496E1,-5.839463790831E1,
-1.894399990576E2));
#7307=CARTESIAN_POINT('',(8.934855018742E1,-5.480273653665E1,
-2.185600033447E2));
#7308=CARTESIAN_POINT('',(8.963087686650E1,-5.470726900646E1,
-2.088533352490E2));
#7309=CARTESIAN_POINT('',(8.991320354558E1,-5.461180147626E1,
-1.991466671533E2));
#7310=CARTESIAN_POINT('',(9.019553022465E1,-5.451633394607E1,
-1.894399990576E2));
#7311=CARTESIAN_POINT('',(8.362608901092E1,-4.937391098923E1,
-2.185600033447E2));
#7312=CARTESIAN_POINT('',(8.381252592843E1,-4.918747407168E1,
-2.088533352490E2));
#7313=CARTESIAN_POINT('',(8.399896284594E1,-4.900103715413E1,
-1.991466671533E2));
#7314=CARTESIAN_POINT('',(8.418539976346E1,-4.881460023658E1,
-1.894399990576E2));
#7315=CARTESIAN_POINT('',(7.819726346343E1,-4.365144981278E1,
-2.185600033447E2));
#7316=CARTESIAN_POINT('',(7.829273099360E1,-4.336912313365E1,
-2.088533352490E2));
#7317=CARTESIAN_POINT('',(7.838819852378E1,-4.308679645452E1,
-1.991466671533E2));
#7318=CARTESIAN_POINT('',(7.848366605395E1,-4.280446977540E1,
-1.894399990576E2));
#7319=CARTESIAN_POINT('',(7.450459090033E1,-3.924325152506E1,
-2.185600033447E2));
#7320=CARTESIAN_POINT('',(7.453818129746E1,-3.888705783840E1,
-2.088533352490E2));
#7321=CARTESIAN_POINT('',(7.457177169458E1,-3.853086415175E1,
-1.991466671533E2));
#7322=CARTESIAN_POINT('',(7.460536209170E1,-3.817467046509E1,
-1.894399990576E2));
#7323=CARTESIAN_POINT('',(7.275315828832E1,-3.665647591139E1,
-2.185600033447E2));
#7324=CARTESIAN_POINT('',(7.275740039449E1,-3.625693631304E1,
-2.088533352490E2));
#7325=CARTESIAN_POINT('',(7.276164250067E1,-3.585739671469E1,
-1.991466671533E2));
#7326=CARTESIAN_POINT('',(7.276588460684E1,-3.545785711634E1,
-1.894399990576E2));
#7327=CARTESIAN_POINT('',(7.244128608855E1,-3.572139469916E1,
-2.185600033447E2));
#7328=CARTESIAN_POINT('',(7.244030223514E1,-3.530618619338E1,
-2.088533352490E2));
#7329=CARTESIAN_POINT('',(7.243931838172E1,-3.489097768759E1,
-1.991466671533E2));
#7330=CARTESIAN_POINT('',(7.243833452831E1,-3.447576918180E1,
-1.894399990576E2));
#7331=CARTESIAN_POINT('',(7.252727185223E1,-3.548697519351E1,
-2.185600033447E2));
#7332=CARTESIAN_POINT('',(7.252772883942E1,-3.506783858235E1,
-2.088533352490E2));
#7333=CARTESIAN_POINT('',(7.252818582660E1,-3.464870197119E1,
-1.991466671533E2));
#7334=CARTESIAN_POINT('',(7.252864281379E1,-3.422956536003E1,
-1.894399990576E2));
#7335=CARTESIAN_POINT('',(7.257142077217E1,-3.543608765301E1,
-2.185600033447E2));
#7336=CARTESIAN_POINT('',(7.257261755107E1,-3.501609833286E1,
-2.088533352490E2));
#7337=CARTESIAN_POINT('',(7.257381432998E1,-3.459610901270E1,
-1.991466671533E2));
#7338=CARTESIAN_POINT('',(7.257501110888E1,-3.417611969254E1,
-1.894399990576E2));
#7339=B_SPLINE_SURFACE_WITH_KNOTS('',3,3,((#7287,#7288,#7289,#7290),(#7291,
#7292,#7293,#7294),(#7295,#7296,#7297,#7298),(#7299,#7300,#7301,#7302),(#7303,
#7304,#7305,#7306),(#7307,#7308,#7309,#7310),(#7311,#7312,#7313,#7314),(#7315,
#7316,#7317,#7318),(#7319,#7320,#7321,#7322),(#7323,#7324,#7325,#7326),(#7327,
#7328,#7329,#7330),(#7331,#7332,#7333,#7334),(#7335,#7336,#7337,#7338)),
.UNSPECIFIED.,.F.,.F.,.F.,(4,1,1,1,1,1,1,1,1,1,4),(4,4),(-5.753487504849E-2,
0.E0,1.249999999900E-1,2.499999999904E-1,3.749999999908E-1,4.999999999912E-1,
6.249999999917E-1,7.499999999921E-1,8.749999999925E-1,1.E0,1.057534875040E0),(
2.993178779970E-7,9.999789094505E-1),.UNSPECIFIED.);
#7341=ORIENTED_EDGE('',*,*,#7340,.F.);
#7343=ORIENTED_EDGE('',*,*,#7342,.F.);
#7345=ORIENTED_EDGE('',*,*,#7344,.F.);
#7346=ORIENTED_EDGE('',*,*,#7249,.F.);
#7347=ORIENTED_EDGE('',*,*,#7276,.F.);
#7349=ORIENTED_EDGE('',*,*,#7348,.F.);
#7350=EDGE_LOOP('',(#7341,#7343,#7345,#7346,#7347,#7349));
#7351=FACE_OUTER_BOUND('',#7350,.F.);
#7352=ADVANCED_FACE('',(#7351),#7339,.T.);
#7353=CARTESIAN_POINT('',(9.37E1,-6.05E1,-2.395E2));
#7354=DIRECTION('',(0.E0,-1.E0,0.E0));
#7355=DIRECTION('',(1.E0,0.E0,0.E0));
#7356=AXIS2_PLACEMENT_3D('',#7353,#7354,#7355);
#7357=PLANE('',#7356);
#7358=ORIENTED_EDGE('',*,*,#7179,.T.);
#7360=ORIENTED_EDGE('',*,*,#7359,.F.);
#7361=ORIENTED_EDGE('',*,*,#7340,.T.);
#7363=ORIENTED_EDGE('',*,*,#7362,.F.);
#7364=EDGE_LOOP('',(#7358,#7360,#7361,#7363));
#7365=FACE_OUTER_BOUND('',#7364,.F.);
#7366=ADVANCED_FACE('',(#7365),#7357,.F.);
#7367=CARTESIAN_POINT('',(9.37E1,-5.65E1,-1.94E2));
#7368=DIRECTION('',(-1.E0,0.E0,0.E0));
#7369=DIRECTION('',(0.E0,0.E0,1.E0));
#7370=AXIS2_PLACEMENT_3D('',#7367,#7368,#7369);
#7371=CYLINDRICAL_SURFACE('',#7370,4.E0);
#7373=ORIENTED_EDGE('',*,*,#7372,.T.);
#7375=ORIENTED_EDGE('',*,*,#7374,.T.);
#7376=ORIENTED_EDGE('',*,*,#7342,.T.);
#7377=ORIENTED_EDGE('',*,*,#7359,.T.);
#7378=ORIENTED_EDGE('',*,*,#7177,.T.);
#7379=ORIENTED_EDGE('',*,*,#7115,.T.);
#7380=EDGE_LOOP('',(#7373,#7375,#7376,#7377,#7378,#7379));
#7381=FACE_OUTER_BOUND('',#7380,.F.);
#7382=ADVANCED_FACE('',(#7381),#7371,.F.);
#7383=CARTESIAN_POINT('',(1.260266898467E2,1.460775796628E1,-1.86E2));
#7384=DIRECTION('',(0.E0,0.E0,-1.E0));
#7385=DIRECTION('',(-1.E0,0.E0,0.E0));
#7386=AXIS2_PLACEMENT_3D('',#7383,#7384,#7385);
#7387=CYLINDRICAL_SURFACE('',#7386,7.210777710742E1);
#7389=ORIENTED_EDGE('',*,*,#7388,.F.);
#7390=ORIENTED_EDGE('',*,*,#7372,.F.);
#7391=ORIENTED_EDGE('',*,*,#7113,.F.);
#7393=ORIENTED_EDGE('',*,*,#7392,.F.);
#7395=ORIENTED_EDGE('',*,*,#7394,.F.);
#7397=ORIENTED_EDGE('',*,*,#7396,.F.);
#7398=ORIENTED_EDGE('',*,*,#6695,.F.);
#7400=ORIENTED_EDGE('',*,*,#7399,.F.);
#7401=EDGE_LOOP('',(#7389,#7390,#7391,#7393,#7395,#7397,#7398,#7400));
#7402=FACE_OUTER_BOUND('',#7401,.F.);
#7403=ADVANCED_FACE('',(#7402),#7387,.F.);
#7404=CARTESIAN_POINT('',(1.26E2,0.E0,-1.9E2));
#7405=DIRECTION('',(0.E0,0.E0,1.E0));
#7406=DIRECTION('',(1.E0,0.E0,0.E0));
#7407=AXIS2_PLACEMENT_3D('',#7404,#7405,#7406);
#7408=PLANE('',#7407);
#7409=ORIENTED_EDGE('',*,*,#7251,.T.);
#7410=ORIENTED_EDGE('',*,*,#7344,.T.);
#7411=ORIENTED_EDGE('',*,*,#7374,.F.);
#7412=ORIENTED_EDGE('',*,*,#7388,.T.);
#7414=ORIENTED_EDGE('',*,*,#7413,.T.);
#7415=EDGE_LOOP('',(#7409,#7410,#7411,#7412,#7414));
#7416=FACE_OUTER_BOUND('',#7415,.F.);
#7417=ADVANCED_FACE('',(#7416),#7408,.F.);
#7418=CARTESIAN_POINT('',(7.85E1,-3.134278007520E1,-1.86E2));
#7419=DIRECTION('',(0.E0,0.E0,-1.E0));
#7420=DIRECTION('',(-1.E0,0.E0,0.E0));
#7421=AXIS2_PLACEMENT_3D('',#7418,#7419,#7420);
#7422=CYLINDRICAL_SURFACE('',#7421,6.E0);
#7423=ORIENTED_EDGE('',*,*,#6693,.F.);
#7424=ORIENTED_EDGE('',*,*,#7253,.T.);
#7425=ORIENTED_EDGE('',*,*,#7413,.F.);
#7426=ORIENTED_EDGE('',*,*,#7399,.T.);
#7427=EDGE_LOOP('',(#7423,#7424,#7425,#7426));
#7428=FACE_OUTER_BOUND('',#7427,.F.);
#7429=ADVANCED_FACE('',(#7428),#7422,.F.);
#7430=CARTESIAN_POINT('',(1.735E2,-3.139792665174E1,-1.86E2));
#7431=DIRECTION('',(0.E0,0.E0,-1.E0));
#7432=DIRECTION('',(-1.E0,0.E0,0.E0));
#7433=AXIS2_PLACEMENT_3D('',#7430,#7431,#7432);
#7434=CYLINDRICAL_SURFACE('',#7433,6.E0);
#7436=ORIENTED_EDGE('',*,*,#7435,.F.);
#7437=ORIENTED_EDGE('',*,*,#7392,.T.);
#7438=ORIENTED_EDGE('',*,*,#7111,.F.);
#7439=ORIENTED_EDGE('',*,*,#7098,.T.);
#7440=EDGE_LOOP('',(#7436,#7437,#7438,#7439));
#7441=FACE_OUTER_BOUND('',#7440,.F.);
#7442=ADVANCED_FACE('',(#7441),#7434,.F.);
#7443=CARTESIAN_POINT('',(1.26E2,0.E0,-1.86E2));
#7444=DIRECTION('',(0.E0,0.E0,1.E0));
#7445=DIRECTION('',(1.E0,0.E0,0.E0));
#7446=AXIS2_PLACEMENT_3D('',#7443,#7444,#7445);
#7447=PLANE('',#7446);
#7448=ORIENTED_EDGE('',*,*,#7394,.T.);
#7449=ORIENTED_EDGE('',*,*,#7435,.T.);
#7450=ORIENTED_EDGE('',*,*,#7096,.F.);
#7451=ORIENTED_EDGE('',*,*,#6850,.T.);
#7453=ORIENTED_EDGE('',*,*,#7452,.F.);
#7454=EDGE_LOOP('',(#7448,#7449,#7450,#7451,#7453));
#7455=FACE_OUTER_BOUND('',#7454,.F.);
#7456=ADVANCED_FACE('',(#7455),#7447,.T.);
#7457=CARTESIAN_POINT('',(1.26E2,-5.65E1,-1.82E2));
#7458=DIRECTION('',(1.E0,0.E0,0.E0));
#7459=DIRECTION('',(0.E0,0.E0,-1.E0));
#7460=AXIS2_PLACEMENT_3D('',#7457,#7458,#7459);
#7461=CYLINDRICAL_SURFACE('',#7460,4.E0);
#7462=ORIENTED_EDGE('',*,*,#6772,.T.);
#7463=ORIENTED_EDGE('',*,*,#6697,.T.);
#7464=ORIENTED_EDGE('',*,*,#7396,.T.);
#7465=ORIENTED_EDGE('',*,*,#7452,.T.);
#7466=ORIENTED_EDGE('',*,*,#6848,.F.);
#7467=ORIENTED_EDGE('',*,*,#6787,.T.);
#7468=EDGE_LOOP('',(#7462,#7463,#7464,#7465,#7466,#7467));
#7469=FACE_OUTER_BOUND('',#7468,.F.);
#7470=ADVANCED_FACE('',(#7469),#7461,.F.);
#7471=CARTESIAN_POINT('',(1.26E2,-5.65E1,-2.14E2));
#7472=DIRECTION('',(1.E0,0.E0,0.E0));
#7473=DIRECTION('',(0.E0,0.E0,-1.E0));
#7474=AXIS2_PLACEMENT_3D('',#7471,#7472,#7473);
#7475=CYLINDRICAL_SURFACE('',#7474,4.E0);
#7476=ORIENTED_EDGE('',*,*,#7348,.T.);
#7477=ORIENTED_EDGE('',*,*,#7282,.T.);
#7478=ORIENTED_EDGE('',*,*,#7216,.T.);
#7479=ORIENTED_EDGE('',*,*,#7197,.T.);
#7480=ORIENTED_EDGE('',*,*,#7181,.F.);
#7481=ORIENTED_EDGE('',*,*,#7362,.T.);
#7482=EDGE_LOOP('',(#7476,#7477,#7478,#7479,#7480,#7481));
#7483=FACE_OUTER_BOUND('',#7482,.F.);
#7484=ADVANCED_FACE('',(#7483),#7475,.F.);
#7485=CARTESIAN_POINT('',(7.85E1,-3.134278007520E1,-2.22E2));
#7486=DIRECTION('',(0.E0,0.E0,1.E0));
#7487=DIRECTION('',(1.E0,0.E0,0.E0));
#7488=AXIS2_PLACEMENT_3D('',#7485,#7486,#7487);
#7489=CYLINDRICAL_SURFACE('',#7488,6.E0);
#7490=ORIENTED_EDGE('',*,*,#7237,.F.);
#7491=ORIENTED_EDGE('',*,*,#7220,.T.);
#7492=ORIENTED_EDGE('',*,*,#7279,.F.);
#7493=ORIENTED_EDGE('',*,*,#7266,.T.);
#7494=EDGE_LOOP('',(#7490,#7491,#7492,#7493));
#7495=FACE_OUTER_BOUND('',#7494,.F.);
#7496=ADVANCED_FACE('',(#7495),#7489,.F.);
#7497=CARTESIAN_POINT('',(7.55E1,-6.2002E1,-1.728761706330E2));
#7498=DIRECTION('',(0.E0,1.E0,0.E0));
#7499=DIRECTION('',(0.E0,0.E0,1.E0));
#7500=AXIS2_PLACEMENT_3D('',#7497,#7498,#7499);
#7501=CYLINDRICAL_SURFACE('',#7500,3.E0);
#7503=ORIENTED_EDGE('',*,*,#7502,.T.);
#7505=ORIENTED_EDGE('',*,*,#7504,.F.);
#7507=ORIENTED_EDGE('',*,*,#7506,.F.);
#7508=ORIENTED_EDGE('',*,*,#7257,.T.);
#7509=ORIENTED_EDGE('',*,*,#6767,.F.);
#7510=ORIENTED_EDGE('',*,*,#6765,.F.);
#7511=EDGE_LOOP('',(#7503,#7505,#7507,#7508,#7509,#7510));
#7512=FACE_OUTER_BOUND('',#7511,.F.);
#7513=ADVANCED_FACE('',(#7512),#7501,.F.);
#7514=CARTESIAN_POINT('',(7.772364543274E1,-6.2002E1,-1.667683558855E2));
#7515=DIRECTION('',(0.E0,1.E0,0.E0));
#7516=DIRECTION('',(0.E0,0.E0,1.E0));
#7517=AXIS2_PLACEMENT_3D('',#7514,#7515,#7516);
#7518=CYLINDRICAL_SURFACE('',#7517,3.5E0);
#7519=ORIENTED_EDGE('',*,*,#6761,.T.);
#7521=ORIENTED_EDGE('',*,*,#7520,.T.);
#7523=ORIENTED_EDGE('',*,*,#7522,.T.);
#7525=ORIENTED_EDGE('',*,*,#7524,.F.);
#7527=ORIENTED_EDGE('',*,*,#7526,.F.);
#7528=ORIENTED_EDGE('',*,*,#7502,.F.);
#7529=ORIENTED_EDGE('',*,*,#6763,.T.);
#7530=EDGE_LOOP('',(#7519,#7521,#7523,#7525,#7527,#7528,#7529));
#7531=FACE_OUTER_BOUND('',#7530,.F.);
#7532=ADVANCED_FACE('',(#7531),#7518,.T.);
#7533=CARTESIAN_POINT('',(9.694496944491E1,-6.040134372073E1,
-1.778517284076E2));
#7534=CARTESIAN_POINT('',(1.020217661845E2,-6.039953199301E1,
-1.680634416130E2));
#7535=CARTESIAN_POINT('',(1.070985629240E2,-6.039772026528E1,
-1.582751548183E2));
#7536=CARTESIAN_POINT('',(1.121753596636E2,-6.039590853756E1,
-1.484868680237E2));
#7537=CARTESIAN_POINT('',(9.678314483194E1,-6.033755061921E1,
-1.777744655896E2));
#7538=CARTESIAN_POINT('',(1.018569466591E2,-6.033489735437E1,
-1.679853611741E2));
#7539=CARTESIAN_POINT('',(1.069307484864E2,-6.033224408952E1,
-1.581962567586E2));
#7540=CARTESIAN_POINT('',(1.120045503136E2,-6.032959082468E1,
-1.484071523431E2));
#7541=CARTESIAN_POINT('',(9.658882407727E1,-6.024074925768E1,
-1.776850525004E2));
#7542=CARTESIAN_POINT('',(1.016591198548E2,-6.023622517662E1,
-1.678940689383E2));
#7543=CARTESIAN_POINT('',(1.067294156322E2,-6.023170109557E1,
-1.581030853761E2));
#7544=CARTESIAN_POINT('',(1.117997114097E2,-6.022717701451E1,
-1.483121018140E2));
#7545=CARTESIAN_POINT('',(9.585649760352E1,-5.980899322874E1,
-1.773435626532E2));
#7546=CARTESIAN_POINT('',(1.009140139388E2,-5.979693483977E1,
-1.675466200217E2));
#7547=CARTESIAN_POINT('',(1.059715302741E2,-5.978487645079E1,
-1.577496773901E2));
#7548=CARTESIAN_POINT('',(1.110290466094E2,-5.977281806183E1,
-1.479527347585E2));
#7549=CARTESIAN_POINT('',(9.450268094597E1,-5.885006314871E1,
-1.767122679794E2));
#7550=CARTESIAN_POINT('',(9.953657243240E1,-5.882127086641E1,
-1.669043088181E2));
#7551=CARTESIAN_POINT('',(1.045704639188E2,-5.879247858411E1,
-1.570963496569E2));
#7552=CARTESIAN_POINT('',(1.096043554052E2,-5.876368630179E1,
-1.472883904957E2));
#7553=CARTESIAN_POINT('',(9.108737762519E1,-5.582868252720E1,
-1.751196857247E2));
#7554=CARTESIAN_POINT('',(9.606167029357E1,-5.574716559343E1,
-1.652839352110E2));
#7555=CARTESIAN_POINT('',(1.010359629620E2,-5.566564865965E1,
-1.554481846973E2));
#7556=CARTESIAN_POINT('',(1.060102556303E2,-5.558413172588E1,
-1.456124341837E2));
#7557=CARTESIAN_POINT('',(8.641649046185E1,-5.114759719892E1,
-1.729416153132E2));
#7558=CARTESIAN_POINT('',(9.130927369634E1,-5.098439286548E1,
-1.630678563175E2));
#7559=CARTESIAN_POINT('',(9.620205693083E1,-5.082118853203E1,
-1.531940973218E2));
#7560=CARTESIAN_POINT('',(1.010948401653E2,-5.065798419858E1,
-1.433203383261E2));
#7561=CARTESIAN_POINT('',(8.135273580949E1,-4.556265700016E1,
-1.705803477282E2));
#7562=CARTESIAN_POINT('',(8.615715387168E1,-4.530199253398E1,
-1.606653833783E2));
#7563=CARTESIAN_POINT('',(9.096157193387E1,-4.504132806780E1,
-1.507504190284E2));
#7564=CARTESIAN_POINT('',(9.576598999605E1,-4.478066360162E1,
-1.408354546786E2));
#7565=CARTESIAN_POINT('',(7.709869952514E1,-4.039967196889E1,
-1.685966580339E2));
#7566=CARTESIAN_POINT('',(8.182888242364E1,-4.004891070665E1,
-1.586470772580E2));
#7567=CARTESIAN_POINT('',(8.655906532214E1,-3.969814944440E1,
-1.486974964822E2));
#7568=CARTESIAN_POINT('',(9.128924822065E1,-3.934738818215E1,
-1.387479157063E2));
#7569=CARTESIAN_POINT('',(7.434614900911E1,-3.661703541163E1,
-1.673131226479E2));
#7570=CARTESIAN_POINT('',(7.902829845814E1,-3.620026515846E1,
-1.573411435069E2));
#7571=CARTESIAN_POINT('',(8.371044790716E1,-3.578349490529E1,
-1.473691643659E2));
#7572=CARTESIAN_POINT('',(8.839259735619E1,-3.536672465211E1,
-1.373971852249E2));
#7573=CARTESIAN_POINT('',(7.303227408439E1,-3.436465534704E1,
-1.667004527090E2));
#7574=CARTESIAN_POINT('',(7.769149572715E1,-3.390857988085E1,
-1.567177821563E2));
#7575=CARTESIAN_POINT('',(8.235071736991E1,-3.345250441466E1,
-1.467351116035E2));
#7576=CARTESIAN_POINT('',(8.700993901267E1,-3.299642894846E1,
-1.367524410508E2));
#7577=CARTESIAN_POINT('',(7.278588984733E1,-3.349165019742E1,
-1.665855618523E2));
#7578=CARTESIAN_POINT('',(7.744081195599E1,-3.302034033369E1,
-1.566008863939E2));
#7579=CARTESIAN_POINT('',(8.209573406465E1,-3.254903046996E1,
-1.466162109355E2));
#7580=CARTESIAN_POINT('',(8.675065617332E1,-3.207772060623E1,
-1.366315354771E2));
#7581=CARTESIAN_POINT('',(7.285604333802E1,-3.325402446038E1,
-1.666182749622E2));
#7582=CARTESIAN_POINT('',(7.751218966188E1,-3.277856790295E1,
-1.566341703648E2));
#7583=CARTESIAN_POINT('',(8.216833598574E1,-3.230311134552E1,
-1.466500657673E2));
#7584=CARTESIAN_POINT('',(8.682448230960E1,-3.182765478809E1,
-1.366659611698E2));
#7585=CARTESIAN_POINT('',(7.289367417910E1,-3.319944338873E1,
-1.666358225116E2));
#7586=CARTESIAN_POINT('',(7.755047718087E1,-3.272303436298E1,
-1.566520241281E2));
#7587=CARTESIAN_POINT('',(8.220728018264E1,-3.224662533724E1,
-1.466682257446E2));
#7588=CARTESIAN_POINT('',(8.686408318441E1,-3.177021631149E1,
-1.366844273610E2));
#7589=B_SPLINE_SURFACE_WITH_KNOTS('',3,3,((#7533,#7534,#7535,#7536),(#7537,
#7538,#7539,#7540),(#7541,#7542,#7543,#7544),(#7545,#7546,#7547,#7548),(#7549,
#7550,#7551,#7552),(#7553,#7554,#7555,#7556),(#7557,#7558,#7559,#7560),(#7561,
#7562,#7563,#7564),(#7565,#7566,#7567,#7568),(#7569,#7570,#7571,#7572),(#7573,
#7574,#7575,#7576),(#7577,#7578,#7579,#7580),(#7581,#7582,#7583,#7584),(#7585,
#7586,#7587,#7588)),.UNSPECIFIED.,.F.,.F.,.F.,(4,1,1,1,1,1,1,1,1,1,1,4),(4,4),(
-5.931342209570E-2,0.E0,1.929367266756E-5,1.250168819655E-1,2.500144702583E-1,
3.750120585511E-1,5.000096468439E-1,6.250072351367E-1,7.500048234295E-1,
8.750024117223E-1,1.E0,1.059313422081E0),(-2.608830927673E-5,9.999990999279E-1),
.UNSPECIFIED.);
#7590=ORIENTED_EDGE('',*,*,#6759,.F.);
#7591=ORIENTED_EDGE('',*,*,#6911,.F.);
#7593=ORIENTED_EDGE('',*,*,#7592,.T.);
#7595=ORIENTED_EDGE('',*,*,#7594,.F.);
#7597=ORIENTED_EDGE('',*,*,#7596,.T.);
#7599=ORIENTED_EDGE('',*,*,#7598,.F.);
#7601=ORIENTED_EDGE('',*,*,#7600,.F.);
#7602=ORIENTED_EDGE('',*,*,#7520,.F.);
#7603=EDGE_LOOP('',(#7590,#7591,#7593,#7595,#7597,#7599,#7601,#7602));
#7604=FACE_OUTER_BOUND('',#7603,.F.);
#7605=ADVANCED_FACE('',(#7604),#7589,.T.);
#7606=CARTESIAN_POINT('',(8.767465849953E1,-6.2002E1,-1.395128355398E2));
#7607=DIRECTION('',(0.E0,1.E0,0.E0));
#7608=DIRECTION('',(0.E0,0.E0,1.E0));
#7609=AXIS2_PLACEMENT_3D('',#7606,#7607,#7608);
#7610=CYLINDRICAL_SURFACE('',#7609,2.E0);
#7611=ORIENTED_EDGE('',*,*,#7592,.F.);
#7612=ORIENTED_EDGE('',*,*,#6909,.T.);
#7613=ORIENTED_EDGE('',*,*,#6907,.T.);
#7615=ORIENTED_EDGE('',*,*,#7614,.T.);
#7617=ORIENTED_EDGE('',*,*,#7616,.F.);
#7619=ORIENTED_EDGE('',*,*,#7618,.T.);
#7621=ORIENTED_EDGE('',*,*,#7620,.T.);
#7622=EDGE_LOOP('',(#7611,#7612,#7613,#7615,#7617,#7619,#7621));
#7623=FACE_OUTER_BOUND('',#7622,.F.);
#7624=ADVANCED_FACE('',(#7623),#7610,.F.);
#7625=CARTESIAN_POINT('',(1.26E2,-6.2002E1,-9.4E1));
#7626=DIRECTION('',(0.E0,1.E0,0.E0));
#7627=DIRECTION('',(0.E0,0.E0,1.E0));
#7628=AXIS2_PLACEMENT_3D('',#7625,#7626,#7627);
#7629=CYLINDRICAL_SURFACE('',#7628,5.75E1);
#7630=ORIENTED_EDGE('',*,*,#6903,.F.);
#7632=ORIENTED_EDGE('',*,*,#7631,.T.);
#7634=ORIENTED_EDGE('',*,*,#7633,.F.);
#7636=ORIENTED_EDGE('',*,*,#7635,.F.);
#7638=ORIENTED_EDGE('',*,*,#7637,.F.);
#7639=ORIENTED_EDGE('',*,*,#7614,.F.);
#7640=ORIENTED_EDGE('',*,*,#6905,.F.);
#7641=EDGE_LOOP('',(#7630,#7632,#7634,#7636,#7638,#7639,#7640));
#7642=FACE_OUTER_BOUND('',#7641,.F.);
#7643=ADVANCED_FACE('',(#7642),#7629,.T.);
#7644=CARTESIAN_POINT('',(1.675103080449E2,-6.2002E1,-1.372967371070E2));
#7645=DIRECTION('',(-4.579765438946E-1,0.E0,8.889642766964E-1));
#7646=DIRECTION('',(8.889642766964E-1,0.E0,4.579765438946E-1));
#7647=AXIS2_PLACEMENT_3D('',#7644,#7645,#7646);
#7648=PLANE('',#7647);
#7649=ORIENTED_EDGE('',*,*,#6939,.T.);
#7650=ORIENTED_EDGE('',*,*,#6957,.F.);
#7652=ORIENTED_EDGE('',*,*,#7651,.F.);
#7654=ORIENTED_EDGE('',*,*,#7653,.F.);
#7655=ORIENTED_EDGE('',*,*,#7631,.F.);
#7656=ORIENTED_EDGE('',*,*,#6901,.F.);
#7657=EDGE_LOOP('',(#7649,#7650,#7652,#7654,#7655,#7656));
#7658=FACE_OUTER_BOUND('',#7657,.F.);
#7659=ADVANCED_FACE('',(#7658),#7648,.F.);
#7660=CARTESIAN_POINT('',(1.765E2,-2.85E1,-1.3875E2));
#7661=DIRECTION('',(0.E0,0.E0,1.E0));
#7662=DIRECTION('',(1.E0,0.E0,0.E0));
#7663=AXIS2_PLACEMENT_3D('',#7660,#7661,#7662);
#7664=CYLINDRICAL_SURFACE('',#7663,3.E0);
#7665=ORIENTED_EDGE('',*,*,#7651,.T.);
#7666=ORIENTED_EDGE('',*,*,#6955,.T.);
#7667=ORIENTED_EDGE('',*,*,#6953,.T.);
#7668=ORIENTED_EDGE('',*,*,#6978,.T.);
#7670=ORIENTED_EDGE('',*,*,#7669,.F.);
#7672=ORIENTED_EDGE('',*,*,#7671,.T.);
#7673=EDGE_LOOP('',(#7665,#7666,#7667,#7668,#7670,#7672));
#7674=FACE_OUTER_BOUND('',#7673,.F.);
#7675=ADVANCED_FACE('',(#7674),#7664,.F.);
#7676=CARTESIAN_POINT('',(1.794205408890E2,-2.818306620602E1,
-1.175271795764E2));
#7677=CARTESIAN_POINT('',(1.796362594117E2,-3.023942782832E1,
-1.175617184110E2));
#7678=CARTESIAN_POINT('',(1.781923992130E2,-3.170167789821E1,
-1.173305410042E2));
#7679=CARTESIAN_POINT('',(1.761618992584E2,-3.148321185474E1,
-1.170054363199E2));
#7680=CARTESIAN_POINT('',(1.800596933109E2,-2.818306620595E1,
-1.135352378221E2));
#7681=CARTESIAN_POINT('',(1.803034325370E2,-3.023942782825E1,
-1.133947682994E2));
#7682=CARTESIAN_POINT('',(1.786720224806E2,-3.170167789816E1,
-1.143349673621E2));
#7683=CARTESIAN_POINT('',(1.763777712448E2,-3.148321185472E1,
-1.156571688854E2));
#7684=CARTESIAN_POINT('',(1.770404071313E2,-2.818306620596E1,
-1.108467390302E2));
#7685=CARTESIAN_POINT('',(1.771517796178E2,-3.023942782825E1,
-1.105884046222E2));
#7686=CARTESIAN_POINT('',(1.764063345888E2,-3.170167789816E1,
-1.123175040289E2));
#7687=CARTESIAN_POINT('',(1.753580155765E2,-3.148321185472E1,
-1.147491357547E2));
#7688=CARTESIAN_POINT('',(1.731490251006E2,-2.818306620604E1,
-1.119427594132E2));
#7689=CARTESIAN_POINT('',(1.730897978092E2,-3.023942782833E1,
-1.117324749866E2));
#7690=CARTESIAN_POINT('',(1.734862214811E2,-3.170167789822E1,
-1.131399633664E2));
#7691=CARTESIAN_POINT('',(1.740437119143E2,-3.148321185475E1,
-1.151193136483E2));
#7692=(BOUNDED_SURFACE()B_SPLINE_SURFACE(3,3,((#7676,#7677,#7678,#7679),(#7680,
#7681,#7682,#7683),(#7684,#7685,#7686,#7687),(#7688,#7689,#7690,#7691)),
.UNSPECIFIED.,.F.,.F.,.F.)B_SPLINE_SURFACE_WITH_KNOTS((4,4),(4,4),(0.E0,1.E0),(
0.E0,1.E0),.UNSPECIFIED.)GEOMETRIC_REPRESENTATION_ITEM()RATIONAL_B_SPLINE_SURFACE(((1.596493777490E0,1.201039890845E0,1.201039890845E0,1.596493777490E0),(
1.105386652761E0,8.315807324103E-1,8.315807324103E-1,1.105386652761E0),(
1.105386652761E0,8.315807324103E-1,8.315807324103E-1,1.105386652761E0),(
1.596493777490E0,1.201039890845E0,1.201039890845E0,1.596493777490E0)))REPRESENTATION_ITEM('')SURFACE());
#7693=ORIENTED_EDGE('',*,*,#7669,.T.);
#7695=ORIENTED_EDGE('',*,*,#7694,.T.);
#7697=ORIENTED_EDGE('',*,*,#7696,.T.);
#7699=ORIENTED_EDGE('',*,*,#7698,.T.);
#7701=ORIENTED_EDGE('',*,*,#7700,.F.);
#7703=ORIENTED_EDGE('',*,*,#7702,.F.);
#7704=EDGE_LOOP('',(#7693,#7695,#7697,#7699,#7701,#7703));
#7705=FACE_OUTER_BOUND('',#7704,.F.);
#7706=ADVANCED_FACE('',(#7705),#7692,.F.);
#7707=CARTESIAN_POINT('',(1.745E2,-1.310697439374E3,-1.167393485358E2));
#7708=DIRECTION('',(0.E0,1.E0,0.E0));
#7709=DIRECTION('',(0.E0,0.E0,1.E0));
#7710=AXIS2_PLACEMENT_3D('',#7707,#7708,#7709);
#7711=CYLINDRICAL_SURFACE('',#7710,5.E0);
#7712=ORIENTED_EDGE('',*,*,#6976,.T.);
#7714=ORIENTED_EDGE('',*,*,#7713,.F.);
#7716=ORIENTED_EDGE('',*,*,#7715,.F.);
#7718=ORIENTED_EDGE('',*,*,#7717,.F.);
#7719=ORIENTED_EDGE('',*,*,#7696,.F.);
#7720=ORIENTED_EDGE('',*,*,#7694,.F.);
#7721=EDGE_LOOP('',(#7712,#7714,#7716,#7718,#7719,#7720));
#7722=FACE_OUTER_BOUND('',#7721,.F.);
#7723=ADVANCED_FACE('',(#7722),#7711,.F.);
#7724=CARTESIAN_POINT('',(0.E0,-2.675E1,-9.4E1));
#7725=DIRECTION('',(0.E0,-1.E0,0.E0));
#7726=DIRECTION('',(1.E0,0.E0,0.E0));
#7727=AXIS2_PLACEMENT_3D('',#7724,#7725,#7726);
#7728=PLANE('',#7727);
#7730=ORIENTED_EDGE('',*,*,#7729,.T.);
#7732=ORIENTED_EDGE('',*,*,#7731,.T.);
#7734=ORIENTED_EDGE('',*,*,#7733,.T.);
#7736=ORIENTED_EDGE('',*,*,#7735,.T.);
#7738=ORIENTED_EDGE('',*,*,#7737,.T.);
#7739=ORIENTED_EDGE('',*,*,#7715,.T.);
#7740=ORIENTED_EDGE('',*,*,#7713,.T.);
#7741=ORIENTED_EDGE('',*,*,#6974,.T.);
#7743=ORIENTED_EDGE('',*,*,#7742,.T.);
#7745=ORIENTED_EDGE('',*,*,#7744,.T.);
#7746=EDGE_LOOP('',(#7730,#7732,#7734,#7736,#7738,#7739,#7740,#7741,#7743,
#7745));
#7747=FACE_OUTER_BOUND('',#7746,.F.);
#7749=ORIENTED_EDGE('',*,*,#7748,.T.);
#7751=ORIENTED_EDGE('',*,*,#7750,.T.);
#7752=EDGE_LOOP('',(#7749,#7751));
#7753=FACE_BOUND('',#7752,.F.);
#7754=ADVANCED_FACE('',(#7747,#7753),#7728,.F.);
#7755=CARTESIAN_POINT('',(1.744293460687E2,-1.310697439374E3,
-9.661695230337E1));
#7756=DIRECTION('',(0.E0,1.E0,0.E0));
#7757=DIRECTION('',(0.E0,0.E0,1.E0));
#7758=AXIS2_PLACEMENT_3D('',#7755,#7756,#7757);
#7759=CYLINDRICAL_SURFACE('',#7758,5.E0);
#7761=ORIENTED_EDGE('',*,*,#7760,.T.);
#7762=ORIENTED_EDGE('',*,*,#7729,.F.);
#7763=ORIENTED_EDGE('',*,*,#7744,.F.);
#7765=ORIENTED_EDGE('',*,*,#7764,.F.);
#7767=ORIENTED_EDGE('',*,*,#7766,.F.);
#7769=ORIENTED_EDGE('',*,*,#7768,.F.);
#7770=EDGE_LOOP('',(#7761,#7762,#7763,#7765,#7767,#7769));
#7771=FACE_OUTER_BOUND('',#7770,.F.);
#7772=ADVANCED_FACE('',(#7771),#7759,.F.);
#7773=CARTESIAN_POINT('',(1.733303654882E2,-1.310697439374E3,
-1.066821332100E2));
#7774=DIRECTION('',(0.E0,1.E0,0.E0));
#7775=DIRECTION('',(0.E0,0.E0,1.E0));
#7776=AXIS2_PLACEMENT_3D('',#7773,#7774,#7775);
#7777=CYLINDRICAL_SURFACE('',#7776,5.125E0);
#7778=ORIENTED_EDGE('',*,*,#7717,.T.);
#7779=ORIENTED_EDGE('',*,*,#7737,.F.);
#7780=ORIENTED_EDGE('',*,*,#7735,.F.);
#7781=ORIENTED_EDGE('',*,*,#7733,.F.);
#7782=ORIENTED_EDGE('',*,*,#7731,.F.);
#7783=ORIENTED_EDGE('',*,*,#7760,.F.);
#7785=ORIENTED_EDGE('',*,*,#7784,.F.);
#7787=ORIENTED_EDGE('',*,*,#7786,.F.);
#7789=ORIENTED_EDGE('',*,*,#7788,.F.);
#7790=EDGE_LOOP('',(#7778,#7779,#7780,#7781,#7782,#7783,#7785,#7787,#7789));
#7791=FACE_OUTER_BOUND('',#7790,.F.);
#7792=ADVANCED_FACE('',(#7791),#7777,.T.);
#7793=CARTESIAN_POINT('',(1.733303654882E2,-2.85E1,-1.066821332100E2));
#7794=DIRECTION('',(0.E0,-1.E0,0.E0));
#7795=DIRECTION('',(0.E0,0.E0,-1.E0));
#7796=AXIS2_PLACEMENT_3D('',#7793,#7794,#7795);
#7797=TOROIDAL_SURFACE('',#7796,8.125E0,3.E0);
#7799=ORIENTED_EDGE('',*,*,#7798,.F.);
#7801=ORIENTED_EDGE('',*,*,#7800,.F.);
#7803=ORIENTED_EDGE('',*,*,#7802,.F.);
#7805=ORIENTED_EDGE('',*,*,#7804,.F.);
#7806=ORIENTED_EDGE('',*,*,#7698,.F.);
#7807=ORIENTED_EDGE('',*,*,#7788,.T.);
#7808=ORIENTED_EDGE('',*,*,#7786,.T.);
#7809=ORIENTED_EDGE('',*,*,#7784,.T.);
#7811=ORIENTED_EDGE('',*,*,#7810,.F.);
#7812=EDGE_LOOP('',(#7799,#7801,#7803,#7805,#7806,#7807,#7808,#7809,#7811));
#7813=FACE_OUTER_BOUND('',#7812,.F.);
#7814=ADVANCED_FACE('',(#7813),#7797,.F.);
#7815=CARTESIAN_POINT('',(0.E0,-3.15E1,-9.4E1));
#7816=DIRECTION('',(0.E0,-1.E0,0.E0));
#7817=DIRECTION('',(1.E0,0.E0,0.E0));
#7818=AXIS2_PLACEMENT_3D('',#7815,#7816,#7817);
#7819=PLANE('',#7818);
#7820=ORIENTED_EDGE('',*,*,#7635,.T.);
#7821=ORIENTED_EDGE('',*,*,#7633,.T.);
#7822=ORIENTED_EDGE('',*,*,#7653,.T.);
#7823=ORIENTED_EDGE('',*,*,#7671,.F.);
#7824=ORIENTED_EDGE('',*,*,#7702,.T.);
#7825=ORIENTED_EDGE('',*,*,#7700,.T.);
#7826=ORIENTED_EDGE('',*,*,#7804,.T.);
#7827=ORIENTED_EDGE('',*,*,#7802,.T.);
#7828=ORIENTED_EDGE('',*,*,#7800,.T.);
#7829=ORIENTED_EDGE('',*,*,#7798,.T.);
#7831=ORIENTED_EDGE('',*,*,#7830,.T.);
#7833=ORIENTED_EDGE('',*,*,#7832,.T.);
#7835=ORIENTED_EDGE('',*,*,#7834,.T.);
#7837=ORIENTED_EDGE('',*,*,#7836,.T.);
#7839=ORIENTED_EDGE('',*,*,#7838,.T.);
#7841=ORIENTED_EDGE('',*,*,#7840,.T.);
#7843=ORIENTED_EDGE('',*,*,#7842,.T.);
#7845=ORIENTED_EDGE('',*,*,#7844,.T.);
#7847=ORIENTED_EDGE('',*,*,#7846,.T.);
#7849=ORIENTED_EDGE('',*,*,#7848,.T.);
#7851=ORIENTED_EDGE('',*,*,#7850,.T.);
#7853=ORIENTED_EDGE('',*,*,#7852,.T.);
#7855=ORIENTED_EDGE('',*,*,#7854,.T.);
#7857=ORIENTED_EDGE('',*,*,#7856,.T.);
#7859=ORIENTED_EDGE('',*,*,#7858,.T.);
#7861=ORIENTED_EDGE('',*,*,#7860,.T.);
#7863=ORIENTED_EDGE('',*,*,#7862,.T.);
#7865=ORIENTED_EDGE('',*,*,#7864,.T.);
#7867=ORIENTED_EDGE('',*,*,#7866,.T.);
#7869=ORIENTED_EDGE('',*,*,#7868,.T.);
#7871=ORIENTED_EDGE('',*,*,#7870,.T.);
#7873=ORIENTED_EDGE('',*,*,#7872,.T.);
#7875=ORIENTED_EDGE('',*,*,#7874,.T.);
#7877=ORIENTED_EDGE('',*,*,#7876,.T.);
#7879=ORIENTED_EDGE('',*,*,#7878,.T.);
#7881=ORIENTED_EDGE('',*,*,#7880,.T.);
#7883=ORIENTED_EDGE('',*,*,#7882,.T.);
#7885=ORIENTED_EDGE('',*,*,#7884,.T.);
#7887=ORIENTED_EDGE('',*,*,#7886,.T.);
#7889=ORIENTED_EDGE('',*,*,#7888,.T.);
#7891=ORIENTED_EDGE('',*,*,#7890,.T.);
#7893=ORIENTED_EDGE('',*,*,#7892,.T.);
#7895=ORIENTED_EDGE('',*,*,#7894,.T.);
#7897=ORIENTED_EDGE('',*,*,#7896,.T.);
#7899=ORIENTED_EDGE('',*,*,#7898,.T.);
#7901=ORIENTED_EDGE('',*,*,#7900,.T.);
#7903=ORIENTED_EDGE('',*,*,#7902,.T.);
#7905=ORIENTED_EDGE('',*,*,#7904,.T.);
#7906=EDGE_LOOP('',(#7820,#7821,#7822,#7823,#7824,#7825,#7826,#7827,#7828,#7829,
#7831,#7833,#7835,#7837,#7839,#7841,#7843,#7845,#7847,#7849,#7851,#7853,#7855,
#7857,#7859,#7861,#7863,#7865,#7867,#7869,#7871,#7873,#7875,#7877,#7879,#7881,
#7883,#7885,#7887,#7889,#7891,#7893,#7895,#7897,#7899,#7901,#7903,#7905));
#7907=FACE_OUTER_BOUND('',#7906,.F.);
#7909=ORIENTED_EDGE('',*,*,#7908,.T.);
#7911=ORIENTED_EDGE('',*,*,#7910,.T.);
#7912=EDGE_LOOP('',(#7909,#7911));
#7913=FACE_BOUND('',#7912,.F.);
#7915=ORIENTED_EDGE('',*,*,#7914,.T.);
#7917=ORIENTED_EDGE('',*,*,#7916,.T.);
#7918=EDGE_LOOP('',(#7915,#7917));
#7919=FACE_BOUND('',#7918,.F.);
#7921=ORIENTED_EDGE('',*,*,#7920,.T.);
#7923=ORIENTED_EDGE('',*,*,#7922,.T.);
#7925=ORIENTED_EDGE('',*,*,#7924,.T.);
#7927=ORIENTED_EDGE('',*,*,#7926,.T.);
#7929=ORIENTED_EDGE('',*,*,#7928,.T.);
#7931=ORIENTED_EDGE('',*,*,#7930,.T.);
#7933=ORIENTED_EDGE('',*,*,#7932,.T.);
#7935=ORIENTED_EDGE('',*,*,#7934,.T.);
#7937=ORIENTED_EDGE('',*,*,#7936,.T.);
#7939=ORIENTED_EDGE('',*,*,#7938,.T.);
#7941=ORIENTED_EDGE('',*,*,#7940,.T.);
#7943=ORIENTED_EDGE('',*,*,#7942,.T.);
#7945=ORIENTED_EDGE('',*,*,#7944,.T.);
#7947=ORIENTED_EDGE('',*,*,#7946,.T.);
#7949=ORIENTED_EDGE('',*,*,#7948,.T.);
#7951=ORIENTED_EDGE('',*,*,#7950,.T.);
#7953=ORIENTED_EDGE('',*,*,#7952,.T.);
#7955=ORIENTED_EDGE('',*,*,#7954,.T.);
#7957=ORIENTED_EDGE('',*,*,#7956,.T.);
#7959=ORIENTED_EDGE('',*,*,#7958,.T.);
#7961=ORIENTED_EDGE('',*,*,#7960,.T.);
#7963=ORIENTED_EDGE('',*,*,#7962,.T.);
#7965=ORIENTED_EDGE('',*,*,#7964,.T.);
#7967=ORIENTED_EDGE('',*,*,#7966,.T.);
#7968=EDGE_LOOP('',(#7921,#7923,#7925,#7927,#7929,#7931,#7933,#7935,#7937,#7939,
#7941,#7943,#7945,#7947,#7949,#7951,#7953,#7955,#7957,#7959,#7961,#7963,#7965,
#7967));
#7969=FACE_BOUND('',#7968,.F.);
#7971=ORIENTED_EDGE('',*,*,#7970,.T.);
#7973=ORIENTED_EDGE('',*,*,#7972,.T.);
#7975=ORIENTED_EDGE('',*,*,#7974,.T.);
#7977=ORIENTED_EDGE('',*,*,#7976,.T.);
#7979=ORIENTED_EDGE('',*,*,#7978,.T.);
#7981=ORIENTED_EDGE('',*,*,#7980,.T.);
#7982=EDGE_LOOP('',(#7971,#7973,#7975,#7977,#7979,#7981));
#7983=FACE_BOUND('',#7982,.F.);
#7985=ORIENTED_EDGE('',*,*,#7984,.T.);
#7987=ORIENTED_EDGE('',*,*,#7986,.T.);
#7989=ORIENTED_EDGE('',*,*,#7988,.T.);
#7991=ORIENTED_EDGE('',*,*,#7990,.T.);
#7993=ORIENTED_EDGE('',*,*,#7992,.T.);
#7995=ORIENTED_EDGE('',*,*,#7994,.T.);
#7996=EDGE_LOOP('',(#7985,#7987,#7989,#7991,#7993,#7995));
#7997=FACE_BOUND('',#7996,.F.);
#7998=ADVANCED_FACE('',(#7907,#7913,#7919,#7969,#7983,#7997),#7819,.F.);
#7999=CARTESIAN_POINT('',(1.731120877153E2,-2.818306620602E1,
-1.014229101496E2));
#8000=CARTESIAN_POINT('',(1.730543385710E2,-3.023942782830E1,
-1.016336053049E2));
#8001=CARTESIAN_POINT('',(1.734408686194E2,-3.170167789819E1,
-1.002233678113E2));
#8002=CARTESIAN_POINT('',(1.739844456543E2,-3.148321185474E1,
-9.824015145175E1));
#8003=CARTESIAN_POINT('',(1.768418619757E2,-2.818306620596E1,
-1.024451988292E2));
#8004=CARTESIAN_POINT('',(1.769476276586E2,-3.023942782823E1,
-1.027007115379E2));
#8005=CARTESIAN_POINT('',(1.762397104244E2,-3.170167789814E1,
-1.009904984990E2));
#8006=CARTESIAN_POINT('',(1.752441667332E2,-3.148321185472E1,
-9.858542666372E1));
#8007=CARTESIAN_POINT('',(1.797897036172E2,-2.818306620597E1,
-9.994189704264E1));
#8008=CARTESIAN_POINT('',(1.800247038820E2,-3.023942782825E1,
-1.000876639783E2));
#8009=CARTESIAN_POINT('',(1.784517859671E2,-3.170167789815E1,
-9.911200795188E1));
#8010=CARTESIAN_POINT('',(1.762397922037E2,-3.148321185472E1,
-9.773994331618E1));
#8011=CARTESIAN_POINT('',(1.793852284154E2,-2.818306620604E1,
-9.609577042106E1));
#8012=CARTESIAN_POINT('',(1.796024963221E2,-3.023942782832E1,
-9.607292159446E1));
#8013=CARTESIAN_POINT('',(1.781482656935E2,-3.170167789821E1,
-9.622585473602E1));
#8014=CARTESIAN_POINT('',(1.761031818080E2,-3.148321185475E1,
-9.644092454485E1));
#8015=(BOUNDED_SURFACE()B_SPLINE_SURFACE(3,3,((#7999,#8000,#8001,#8002),(#8003,
#8004,#8005,#8006),(#8007,#8008,#8009,#8010),(#8011,#8012,#8013,#8014)),
.UNSPECIFIED.,.F.,.F.,.F.)B_SPLINE_SURFACE_WITH_KNOTS((4,4),(4,4),(0.E0,1.E0),(
0.E0,1.E0),.UNSPECIFIED.)GEOMETRIC_REPRESENTATION_ITEM()RATIONAL_B_SPLINE_SURFACE(((1.570518705717E0,1.181498883043E0,1.181498883043E0,1.570518705717E0),(
1.114045010016E0,8.380944016787E-1,8.380944016787E-1,1.114045010016E0),(
1.114045010016E0,8.380944016787E-1,8.380944016787E-1,1.114045010016E0),(
1.570518705717E0,1.181498883043E0,1.181498883043E0,1.570518705717E0)))REPRESENTATION_ITEM('')SURFACE());
#8016=ORIENTED_EDGE('',*,*,#7810,.T.);
#8017=ORIENTED_EDGE('',*,*,#7768,.T.);
#8018=ORIENTED_EDGE('',*,*,#7766,.T.);
#8020=ORIENTED_EDGE('',*,*,#8019,.T.);
#8021=ORIENTED_EDGE('',*,*,#7830,.F.);
#8022=EDGE_LOOP('',(#8016,#8017,#8018,#8020,#8021));
#8023=FACE_OUTER_BOUND('',#8022,.F.);
#8024=ADVANCED_FACE('',(#8023),#8015,.F.);
#8025=CARTESIAN_POINT('',(1.26E2,-2.85E1,-9.4E1));
#8026=DIRECTION('',(0.E0,-1.E0,0.E0));
#8027=DIRECTION('',(0.E0,0.E0,-1.E0));
#8028=AXIS2_PLACEMENT_3D('',#8025,#8026,#8027);
#8029=TOROIDAL_SURFACE('',#8028,5.05E1,3.E0);
#8030=ORIENTED_EDGE('',*,*,#8019,.F.);
#8032=ORIENTED_EDGE('',*,*,#8031,.T.);
#8034=ORIENTED_EDGE('',*,*,#8033,.F.);
#8035=ORIENTED_EDGE('',*,*,#7832,.F.);
#8036=EDGE_LOOP('',(#8030,#8032,#8034,#8035));
#8037=FACE_OUTER_BOUND('',#8036,.F.);
#8038=ADVANCED_FACE('',(#8037),#8029,.F.);
#8039=CARTESIAN_POINT('',(1.26E2,1.252212569798E3,-9.4E1));
#8040=DIRECTION('',(0.E0,-1.E0,0.E0));
#8041=DIRECTION('',(0.E0,0.E0,-1.E0));
#8042=AXIS2_PLACEMENT_3D('',#8039,#8040,#8041);
#8043=CYLINDRICAL_SURFACE('',#8042,5.35E1);
#8045=ORIENTED_EDGE('',*,*,#8044,.T.);
#8047=ORIENTED_EDGE('',*,*,#8046,.F.);
#8049=ORIENTED_EDGE('',*,*,#8048,.F.);
#8051=ORIENTED_EDGE('',*,*,#8050,.F.);
#8053=ORIENTED_EDGE('',*,*,#8052,.F.);
#8055=ORIENTED_EDGE('',*,*,#8054,.F.);
#8057=ORIENTED_EDGE('',*,*,#8056,.T.);
#8059=ORIENTED_EDGE('',*,*,#8058,.F.);
#8061=ORIENTED_EDGE('',*,*,#8060,.T.);
#8063=ORIENTED_EDGE('',*,*,#8062,.F.);
#8065=ORIENTED_EDGE('',*,*,#8064,.F.);
#8067=ORIENTED_EDGE('',*,*,#8066,.F.);
#8069=ORIENTED_EDGE('',*,*,#8068,.T.);
#8071=ORIENTED_EDGE('',*,*,#8070,.F.);
#8073=ORIENTED_EDGE('',*,*,#8072,.F.);
#8075=ORIENTED_EDGE('',*,*,#8074,.F.);
#8077=ORIENTED_EDGE('',*,*,#8076,.F.);
#8079=ORIENTED_EDGE('',*,*,#8078,.T.);
#8081=ORIENTED_EDGE('',*,*,#8080,.F.);
#8083=ORIENTED_EDGE('',*,*,#8082,.F.);
#8085=ORIENTED_EDGE('',*,*,#8084,.F.);
#8087=ORIENTED_EDGE('',*,*,#8086,.T.);
#8089=ORIENTED_EDGE('',*,*,#8088,.F.);
#8091=ORIENTED_EDGE('',*,*,#8090,.F.);
#8092=ORIENTED_EDGE('',*,*,#8031,.F.);
#8093=ORIENTED_EDGE('',*,*,#7764,.T.);
#8094=ORIENTED_EDGE('',*,*,#7742,.F.);
#8095=ORIENTED_EDGE('',*,*,#6972,.T.);
#8097=ORIENTED_EDGE('',*,*,#8096,.F.);
#8099=ORIENTED_EDGE('',*,*,#8098,.F.);
#8101=ORIENTED_EDGE('',*,*,#8100,.F.);
#8103=ORIENTED_EDGE('',*,*,#8102,.F.);
#8104=EDGE_LOOP('',(#8045,#8047,#8049,#8051,#8053,#8055,#8057,#8059,#8061,#8063,
#8065,#8067,#8069,#8071,#8073,#8075,#8077,#8079,#8081,#8083,#8085,#8087,#8089,
#8091,#8092,#8093,#8094,#8095,#8097,#8099,#8101,#8103));
#8105=FACE_OUTER_BOUND('',#8104,.F.);
#8106=ADVANCED_FACE('',(#8105),#8043,.F.);
#8107=CARTESIAN_POINT('',(8.990481626664E1,-1.310697439374E3,
-1.263942542939E2));
#8108=DIRECTION('',(0.E0,1.E0,0.E0));
#8109=DIRECTION('',(0.E0,0.E0,1.E0));
#8110=AXIS2_PLACEMENT_3D('',#8107,#8108,#8109);
#8111=CYLINDRICAL_SURFACE('',#8110,5.E0);
#8113=ORIENTED_EDGE('',*,*,#8112,.T.);
#8115=ORIENTED_EDGE('',*,*,#8114,.F.);
#8116=ORIENTED_EDGE('',*,*,#8044,.F.);
#8118=ORIENTED_EDGE('',*,*,#8117,.F.);
#8119=EDGE_LOOP('',(#8113,#8115,#8116,#8118));
#8120=FACE_OUTER_BOUND('',#8119,.F.);
#8121=ADVANCED_FACE('',(#8120),#8111,.F.);
#8122=CARTESIAN_POINT('',(8.356475521456E1,-1.310697439374E3,-1.185E2));
#8123=DIRECTION('',(0.E0,1.E0,0.E0));
#8124=DIRECTION('',(0.E0,0.E0,1.E0));
#8125=AXIS2_PLACEMENT_3D('',#8122,#8123,#8124);
#8126=CYLINDRICAL_SURFACE('',#8125,5.125E0);
#8128=ORIENTED_EDGE('',*,*,#8127,.T.);
#8130=ORIENTED_EDGE('',*,*,#8129,.F.);
#8132=ORIENTED_EDGE('',*,*,#8131,.F.);
#8133=ORIENTED_EDGE('',*,*,#8112,.F.);
#8135=ORIENTED_EDGE('',*,*,#8134,.F.);
#8137=ORIENTED_EDGE('',*,*,#8136,.F.);
#8138=EDGE_LOOP('',(#8128,#8130,#8132,#8133,#8135,#8137));
#8139=FACE_OUTER_BOUND('',#8138,.F.);
#8140=ADVANCED_FACE('',(#8139),#8126,.T.);
#8141=CARTESIAN_POINT('',(7.989816097819E1,-1.310697439374E3,
-1.090622189204E2));
#8142=DIRECTION('',(0.E0,1.E0,0.E0));
#8143=DIRECTION('',(0.E0,0.E0,1.E0));
#8144=AXIS2_PLACEMENT_3D('',#8141,#8142,#8143);
#8145=CYLINDRICAL_SURFACE('',#8144,5.E0);
#8146=ORIENTED_EDGE('',*,*,#8048,.T.);
#8148=ORIENTED_EDGE('',*,*,#8147,.F.);
#8150=ORIENTED_EDGE('',*,*,#8149,.F.);
#8151=ORIENTED_EDGE('',*,*,#8127,.F.);
#8153=ORIENTED_EDGE('',*,*,#8152,.F.);
#8155=ORIENTED_EDGE('',*,*,#8154,.F.);
#8156=EDGE_LOOP('',(#8146,#8148,#8150,#8151,#8153,#8155));
#8157=FACE_OUTER_BOUND('',#8156,.F.);
#8158=ADVANCED_FACE('',(#8157),#8145,.F.);
#8159=CARTESIAN_POINT('',(0.E0,-2.675E1,-9.4E1));
#8160=DIRECTION('',(0.E0,-1.E0,0.E0));
#8161=DIRECTION('',(1.E0,0.E0,0.E0));
#8162=AXIS2_PLACEMENT_3D('',#8159,#8160,#8161);
#8163=PLANE('',#8162);
#8164=ORIENTED_EDGE('',*,*,#8114,.T.);
#8165=ORIENTED_EDGE('',*,*,#8131,.T.);
#8166=ORIENTED_EDGE('',*,*,#8129,.T.);
#8167=ORIENTED_EDGE('',*,*,#8149,.T.);
#8168=ORIENTED_EDGE('',*,*,#8147,.T.);
#8169=ORIENTED_EDGE('',*,*,#8046,.T.);
#8170=EDGE_LOOP('',(#8164,#8165,#8166,#8167,#8168,#8169));
#8171=FACE_OUTER_BOUND('',#8170,.F.);
#8173=ORIENTED_EDGE('',*,*,#8172,.T.);
#8175=ORIENTED_EDGE('',*,*,#8174,.T.);
#8176=EDGE_LOOP('',(#8173,#8175));
#8177=FACE_BOUND('',#8176,.F.);
#8178=ADVANCED_FACE('',(#8171,#8177),#8163,.F.);
#8179=CARTESIAN_POINT('',(8.356475521456E1,-3.35E1,-1.185E2));
#8180=DIRECTION('',(0.E0,1.E0,0.E0));
#8181=DIRECTION('',(0.E0,0.E0,1.E0));
#8182=AXIS2_PLACEMENT_3D('',#8179,#8180,#8181);
#8183=CYLINDRICAL_SURFACE('',#8182,2.15E0);
#8185=ORIENTED_EDGE('',*,*,#8184,.T.);
#8187=ORIENTED_EDGE('',*,*,#8186,.F.);
#8188=ORIENTED_EDGE('',*,*,#8172,.F.);
#8190=ORIENTED_EDGE('',*,*,#8189,.T.);
#8191=EDGE_LOOP('',(#8185,#8187,#8188,#8190));
#8192=FACE_OUTER_BOUND('',#8191,.F.);
#8193=ADVANCED_FACE('',(#8192),#8183,.F.);
#8194=CARTESIAN_POINT('',(8.356475521456E1,-2.924999999868E1,-1.185E2));
#8195=DIRECTION('',(0.E0,-1.E0,0.E0));
#8196=DIRECTION('',(0.E0,0.E0,-1.E0));
#8197=AXIS2_PLACEMENT_3D('',#8194,#8195,#8196);
#8198=CONICAL_SURFACE('',#8197,2.399999998684E0,4.5E1);
#8200=ORIENTED_EDGE('',*,*,#8199,.T.);
#8202=ORIENTED_EDGE('',*,*,#8201,.T.);
#8203=ORIENTED_EDGE('',*,*,#8184,.F.);
#8205=ORIENTED_EDGE('',*,*,#8204,.F.);
#8206=EDGE_LOOP('',(#8200,#8202,#8203,#8205));
#8207=FACE_OUTER_BOUND('',#8206,.F.);
#8208=ADVANCED_FACE('',(#8207),#8198,.F.);
#8209=CARTESIAN_POINT('',(8.768975521456E1,-2.95E1,-1.185E2));
#8210=DIRECTION('',(0.E0,-1.E0,0.E0));
#8211=DIRECTION('',(0.E0,0.E0,-1.E0));
#8212=AXIS2_PLACEMENT_3D('',#8209,#8210,#8211);
#8213=PLANE('',#8212);
#8215=ORIENTED_EDGE('',*,*,#8214,.T.);
#8217=ORIENTED_EDGE('',*,*,#8216,.T.);
#8218=EDGE_LOOP('',(#8215,#8217));
#8219=FACE_OUTER_BOUND('',#8218,.F.);
#8221=ORIENTED_EDGE('',*,*,#8220,.F.);
#8222=ORIENTED_EDGE('',*,*,#8199,.F.);
#8223=EDGE_LOOP('',(#8221,#8222));
#8224=FACE_BOUND('',#8223,.F.);
#8225=ADVANCED_FACE('',(#8219,#8224),#8213,.T.);
#8226=CARTESIAN_POINT('',(8.356475521456E1,-3.35E1,-1.185E2));
#8227=DIRECTION('',(0.E0,1.E0,0.E0));
#8228=DIRECTION('',(0.E0,0.E0,1.E0));
#8229=AXIS2_PLACEMENT_3D('',#8226,#8227,#8228);
#8230=CYLINDRICAL_SURFACE('',#8229,4.125E0);
#8231=ORIENTED_EDGE('',*,*,#8214,.F.);
#8233=ORIENTED_EDGE('',*,*,#8232,.T.);
#8235=ORIENTED_EDGE('',*,*,#8234,.F.);
#8237=ORIENTED_EDGE('',*,*,#8236,.F.);
#8238=EDGE_LOOP('',(#8231,#8233,#8235,#8237));
#8239=FACE_OUTER_BOUND('',#8238,.F.);
#8240=ADVANCED_FACE('',(#8239),#8230,.F.);
#8241=CARTESIAN_POINT('',(8.356475521456E1,-3.35E1,-1.185E2));
#8242=DIRECTION('',(0.E0,1.E0,0.E0));
#8243=DIRECTION('',(0.E0,0.E0,1.E0));
#8244=AXIS2_PLACEMENT_3D('',#8241,#8242,#8243);
#8245=CYLINDRICAL_SURFACE('',#8244,4.125E0);
#8246=ORIENTED_EDGE('',*,*,#8216,.F.);
#8247=ORIENTED_EDGE('',*,*,#8236,.T.);
#8249=ORIENTED_EDGE('',*,*,#8248,.F.);
#8250=ORIENTED_EDGE('',*,*,#8232,.F.);
#8251=EDGE_LOOP('',(#8246,#8247,#8249,#8250));
#8252=FACE_OUTER_BOUND('',#8251,.F.);
#8253=ADVANCED_FACE('',(#8252),#8245,.F.);
#8254=CARTESIAN_POINT('',(0.E0,-3.35E1,-9.4E1));
#8255=DIRECTION('',(0.E0,-1.E0,0.E0));
#8256=DIRECTION('',(1.E0,0.E0,0.E0));
#8257=AXIS2_PLACEMENT_3D('',#8254,#8255,#8256);
#8258=PLANE('',#8257);
#8260=ORIENTED_EDGE('',*,*,#8259,.T.);
#8262=ORIENTED_EDGE('',*,*,#8261,.F.);
#8264=ORIENTED_EDGE('',*,*,#8263,.T.);
#8266=ORIENTED_EDGE('',*,*,#8265,.T.);
#8268=ORIENTED_EDGE('',*,*,#8267,.T.);
#8269=EDGE_LOOP('',(#8260,#8262,#8264,#8266,#8268));
#8270=FACE_OUTER_BOUND('',#8269,.F.);
#8271=ORIENTED_EDGE('',*,*,#8248,.T.);
#8272=ORIENTED_EDGE('',*,*,#8234,.T.);
#8273=EDGE_LOOP('',(#8271,#8272));
#8274=FACE_BOUND('',#8273,.F.);
#8276=ORIENTED_EDGE('',*,*,#8275,.T.);
#8278=ORIENTED_EDGE('',*,*,#8277,.T.);
#8279=EDGE_LOOP('',(#8276,#8278));
#8280=FACE_BOUND('',#8279,.F.);
#8282=ORIENTED_EDGE('',*,*,#8281,.T.);
#8284=ORIENTED_EDGE('',*,*,#8283,.T.);
#8285=EDGE_LOOP('',(#8282,#8284));
#8286=FACE_BOUND('',#8285,.F.);
#8288=ORIENTED_EDGE('',*,*,#8287,.T.);
#8290=ORIENTED_EDGE('',*,*,#8289,.T.);
#8291=EDGE_LOOP('',(#8288,#8290));
#8292=FACE_BOUND('',#8291,.F.);
#8294=ORIENTED_EDGE('',*,*,#8293,.T.);
#8296=ORIENTED_EDGE('',*,*,#8295,.T.);
#8297=EDGE_LOOP('',(#8294,#8296));
#8298=FACE_BOUND('',#8297,.F.);
#8300=ORIENTED_EDGE('',*,*,#8299,.T.);
#8302=ORIENTED_EDGE('',*,*,#8301,.T.);
#8303=EDGE_LOOP('',(#8300,#8302));
#8304=FACE_BOUND('',#8303,.F.);
#8306=ORIENTED_EDGE('',*,*,#8305,.T.);
#8308=ORIENTED_EDGE('',*,*,#8307,.T.);
#8309=EDGE_LOOP('',(#8306,#8308));
#8310=FACE_BOUND('',#8309,.F.);
#8312=ORIENTED_EDGE('',*,*,#8311,.T.);
#8314=ORIENTED_EDGE('',*,*,#8313,.T.);
#8315=EDGE_LOOP('',(#8312,#8314));
#8316=FACE_BOUND('',#8315,.F.);
#8318=ORIENTED_EDGE('',*,*,#8317,.T.);
#8320=ORIENTED_EDGE('',*,*,#8319,.T.);
#8322=ORIENTED_EDGE('',*,*,#8321,.T.);
#8324=ORIENTED_EDGE('',*,*,#8323,.T.);
#8326=ORIENTED_EDGE('',*,*,#8325,.T.);
#8328=ORIENTED_EDGE('',*,*,#8327,.T.);
#8330=ORIENTED_EDGE('',*,*,#8329,.T.);
#8332=ORIENTED_EDGE('',*,*,#8331,.T.);
#8334=ORIENTED_EDGE('',*,*,#8333,.T.);
#8336=ORIENTED_EDGE('',*,*,#8335,.T.);
#8338=ORIENTED_EDGE('',*,*,#8337,.T.);
#8340=ORIENTED_EDGE('',*,*,#8339,.T.);
#8341=EDGE_LOOP('',(#8318,#8320,#8322,#8324,#8326,#8328,#8330,#8332,#8334,#8336,
#8338,#8340));
#8342=FACE_BOUND('',#8341,.F.);
#8343=ADVANCED_FACE('',(#8270,#8274,#8280,#8286,#8292,#8298,#8304,#8310,#8316,
#8342),#8258,.T.);
#8344=CARTESIAN_POINT('',(1.26E2,1.252212569798E3,-9.4E1));
#8345=DIRECTION('',(0.E0,-1.E0,0.E0));
#8346=DIRECTION('',(0.E0,0.E0,-1.E0));
#8347=AXIS2_PLACEMENT_3D('',#8344,#8345,#8346);
#8348=CYLINDRICAL_SURFACE('',#8347,5.6E1);
#8350=ORIENTED_EDGE('',*,*,#8349,.T.);
#8351=ORIENTED_EDGE('',*,*,#8259,.F.);
#8352=ORIENTED_EDGE('',*,*,#8267,.F.);
#8354=ORIENTED_EDGE('',*,*,#8353,.T.);
#8356=ORIENTED_EDGE('',*,*,#8355,.F.);
#8358=ORIENTED_EDGE('',*,*,#8357,.F.);
#8359=EDGE_LOOP('',(#8350,#8351,#8352,#8354,#8356,#8358));
#8360=FACE_OUTER_BOUND('',#8359,.F.);
#8361=ADVANCED_FACE('',(#8360),#8348,.T.);
#8362=CARTESIAN_POINT('',(1.82E2,-3.3502E1,-1.3875E2));
#8363=DIRECTION('',(-1.E0,0.E0,0.E0));
#8364=DIRECTION('',(0.E0,0.E0,1.E0));
#8365=AXIS2_PLACEMENT_3D('',#8362,#8363,#8364);
#8366=PLANE('',#8365);
#8367=ORIENTED_EDGE('',*,*,#8261,.T.);
#8368=ORIENTED_EDGE('',*,*,#8349,.F.);
#8370=ORIENTED_EDGE('',*,*,#8369,.T.);
#8372=ORIENTED_EDGE('',*,*,#8371,.F.);
#8374=ORIENTED_EDGE('',*,*,#8373,.T.);
#8375=EDGE_LOOP('',(#8367,#8368,#8370,#8372,#8374));
#8376=FACE_OUTER_BOUND('',#8375,.F.);
#8377=ADVANCED_FACE('',(#8376),#8366,.F.);
#8378=CARTESIAN_POINT('',(0.E0,1.275E1,-9.4E1));
#8379=DIRECTION('',(0.E0,1.E0,0.E0));
#8380=DIRECTION('',(-1.E0,0.E0,0.E0));
#8381=AXIS2_PLACEMENT_3D('',#8378,#8379,#8380);
#8382=PLANE('',#8381);
#8384=ORIENTED_EDGE('',*,*,#8383,.F.);
#8385=ORIENTED_EDGE('',*,*,#8369,.F.);
#8386=ORIENTED_EDGE('',*,*,#8357,.T.);
#8387=ORIENTED_EDGE('',*,*,#8355,.T.);
#8389=ORIENTED_EDGE('',*,*,#8388,.T.);
#8391=ORIENTED_EDGE('',*,*,#8390,.F.);
#8393=ORIENTED_EDGE('',*,*,#8392,.F.);
#8395=ORIENTED_EDGE('',*,*,#8394,.T.);
#8397=ORIENTED_EDGE('',*,*,#8396,.F.);
#8399=ORIENTED_EDGE('',*,*,#8398,.T.);
#8400=ORIENTED_EDGE('',*,*,#7259,.T.);
#8401=ORIENTED_EDGE('',*,*,#7506,.T.);
#8402=ORIENTED_EDGE('',*,*,#7504,.T.);
#8403=ORIENTED_EDGE('',*,*,#7526,.T.);
#8404=ORIENTED_EDGE('',*,*,#7524,.T.);
#8406=ORIENTED_EDGE('',*,*,#8405,.T.);
#8408=ORIENTED_EDGE('',*,*,#8407,.T.);
#8410=ORIENTED_EDGE('',*,*,#8409,.T.);
#8412=ORIENTED_EDGE('',*,*,#8411,.T.);
#8414=ORIENTED_EDGE('',*,*,#8413,.T.);
#8415=ORIENTED_EDGE('',*,*,#8098,.T.);
#8416=ORIENTED_EDGE('',*,*,#8096,.T.);
#8417=ORIENTED_EDGE('',*,*,#6970,.T.);
#8418=ORIENTED_EDGE('',*,*,#6995,.T.);
#8419=ORIENTED_EDGE('',*,*,#6993,.T.);
#8420=ORIENTED_EDGE('',*,*,#7011,.T.);
#8421=ORIENTED_EDGE('',*,*,#7009,.T.);
#8422=ORIENTED_EDGE('',*,*,#7026,.T.);
#8423=ORIENTED_EDGE('',*,*,#7042,.T.);
#8424=ORIENTED_EDGE('',*,*,#7040,.T.);
#8425=ORIENTED_EDGE('',*,*,#7060,.T.);
#8426=ORIENTED_EDGE('',*,*,#7058,.T.);
#8427=ORIENTED_EDGE('',*,*,#7092,.T.);
#8429=ORIENTED_EDGE('',*,*,#8428,.F.);
#8431=ORIENTED_EDGE('',*,*,#8430,.F.);
#8432=EDGE_LOOP('',(#8384,#8385,#8386,#8387,#8389,#8391,#8393,#8395,#8397,#8399,
#8400,#8401,#8402,#8403,#8404,#8406,#8408,#8410,#8412,#8414,#8415,#8416,#8417,
#8418,#8419,#8420,#8421,#8422,#8423,#8424,#8425,#8426,#8427,#8429,#8431));
#8433=FACE_OUTER_BOUND('',#8432,.F.);
#8435=ORIENTED_EDGE('',*,*,#8434,.T.);
#8437=ORIENTED_EDGE('',*,*,#8436,.T.);
#8438=EDGE_LOOP('',(#8435,#8437));
#8439=FACE_BOUND('',#8438,.F.);
#8441=ORIENTED_EDGE('',*,*,#8440,.T.);
#8443=ORIENTED_EDGE('',*,*,#8442,.T.);
#8444=EDGE_LOOP('',(#8441,#8443));
#8445=FACE_BOUND('',#8444,.F.);
#8447=ORIENTED_EDGE('',*,*,#8446,.F.);
#8449=ORIENTED_EDGE('',*,*,#8448,.F.);
#8450=EDGE_LOOP('',(#8447,#8449));
#8451=FACE_BOUND('',#8450,.F.);
#8453=ORIENTED_EDGE('',*,*,#8452,.F.);
#8455=ORIENTED_EDGE('',*,*,#8454,.F.);
#8456=EDGE_LOOP('',(#8453,#8455));
#8457=FACE_BOUND('',#8456,.F.);
#8458=ADVANCED_FACE('',(#8433,#8439,#8445,#8451,#8457),#8382,.T.);
#8459=CARTESIAN_POINT('',(1.26E2,-3.3502E1,-2.395E2));
#8460=DIRECTION('',(0.E0,0.E0,1.E0));
#8461=DIRECTION('',(1.E0,0.E0,0.E0));
#8462=AXIS2_PLACEMENT_3D('',#8459,#8460,#8461);
#8463=PLANE('',#8462);
#8465=ORIENTED_EDGE('',*,*,#8464,.T.);
#8467=ORIENTED_EDGE('',*,*,#8466,.T.);
#8469=ORIENTED_EDGE('',*,*,#8468,.T.);
#8470=ORIENTED_EDGE('',*,*,#8392,.T.);
#8472=ORIENTED_EDGE('',*,*,#8471,.F.);
#8474=ORIENTED_EDGE('',*,*,#8473,.T.);
#8476=ORIENTED_EDGE('',*,*,#8475,.T.);
#8478=ORIENTED_EDGE('',*,*,#8477,.T.);
#8479=ORIENTED_EDGE('',*,*,#8371,.T.);
#8480=ORIENTED_EDGE('',*,*,#8383,.T.);
#8482=ORIENTED_EDGE('',*,*,#8481,.T.);
#8484=ORIENTED_EDGE('',*,*,#8483,.T.);
#8486=ORIENTED_EDGE('',*,*,#8485,.T.);
#8488=ORIENTED_EDGE('',*,*,#8487,.T.);
#8490=ORIENTED_EDGE('',*,*,#8489,.T.);
#8492=ORIENTED_EDGE('',*,*,#8491,.T.);
#8493=EDGE_LOOP('',(#8465,#8467,#8469,#8470,#8472,#8474,#8476,#8478,#8479,#8480,
#8482,#8484,#8486,#8488,#8490,#8492));
#8494=FACE_OUTER_BOUND('',#8493,.F.);
#8496=ORIENTED_EDGE('',*,*,#8495,.T.);
#8498=ORIENTED_EDGE('',*,*,#8497,.T.);
#8499=EDGE_LOOP('',(#8496,#8498));
#8500=FACE_BOUND('',#8499,.F.);
#8502=ORIENTED_EDGE('',*,*,#8501,.T.);
#8504=ORIENTED_EDGE('',*,*,#8503,.T.);
#8505=EDGE_LOOP('',(#8502,#8504));
#8506=FACE_BOUND('',#8505,.F.);
#8508=ORIENTED_EDGE('',*,*,#8507,.T.);
#8510=ORIENTED_EDGE('',*,*,#8509,.T.);
#8511=EDGE_LOOP('',(#8508,#8510));
#8512=FACE_BOUND('',#8511,.F.);
#8514=ORIENTED_EDGE('',*,*,#8513,.T.);
#8516=ORIENTED_EDGE('',*,*,#8515,.T.);
#8517=EDGE_LOOP('',(#8514,#8516));
#8518=FACE_BOUND('',#8517,.F.);
#8520=ORIENTED_EDGE('',*,*,#8519,.T.);
#8522=ORIENTED_EDGE('',*,*,#8521,.T.);
#8523=EDGE_LOOP('',(#8520,#8522));
#8524=FACE_BOUND('',#8523,.F.);
#8526=ORIENTED_EDGE('',*,*,#8525,.T.);
#8528=ORIENTED_EDGE('',*,*,#8527,.T.);
#8529=EDGE_LOOP('',(#8526,#8528));
#8530=FACE_BOUND('',#8529,.F.);
#8532=ORIENTED_EDGE('',*,*,#8531,.T.);
#8534=ORIENTED_EDGE('',*,*,#8533,.T.);
#8535=EDGE_LOOP('',(#8532,#8534));
#8536=FACE_BOUND('',#8535,.F.);
#8538=ORIENTED_EDGE('',*,*,#8537,.T.);
#8540=ORIENTED_EDGE('',*,*,#8539,.T.);
#8542=ORIENTED_EDGE('',*,*,#8541,.T.);
#8544=ORIENTED_EDGE('',*,*,#8543,.T.);
#8546=ORIENTED_EDGE('',*,*,#8545,.T.);
#8548=ORIENTED_EDGE('',*,*,#8547,.T.);
#8550=ORIENTED_EDGE('',*,*,#8549,.T.);
#8552=ORIENTED_EDGE('',*,*,#8551,.T.);
#8554=ORIENTED_EDGE('',*,*,#8553,.T.);
#8556=ORIENTED_EDGE('',*,*,#8555,.T.);
#8558=ORIENTED_EDGE('',*,*,#8557,.T.);
#8560=ORIENTED_EDGE('',*,*,#8559,.T.);
#8562=ORIENTED_EDGE('',*,*,#8561,.T.);
#8563=EDGE_LOOP('',(#8538,#8540,#8542,#8544,#8546,#8548,#8550,#8552,#8554,#8556,
#8558,#8560,#8562));
#8564=FACE_BOUND('',#8563,.F.);
#8566=ORIENTED_EDGE('',*,*,#8565,.T.);
#8568=ORIENTED_EDGE('',*,*,#8567,.T.);
#8570=ORIENTED_EDGE('',*,*,#8569,.T.);
#8572=ORIENTED_EDGE('',*,*,#8571,.T.);
#8574=ORIENTED_EDGE('',*,*,#8573,.T.);
#8576=ORIENTED_EDGE('',*,*,#8575,.T.);
#8578=ORIENTED_EDGE('',*,*,#8577,.T.);
#8580=ORIENTED_EDGE('',*,*,#8579,.T.);
#8581=EDGE_LOOP('',(#8566,#8568,#8570,#8572,#8574,#8576,#8578,#8580));
#8582=FACE_BOUND('',#8581,.F.);
#8583=ADVANCED_FACE('',(#8494,#8500,#8506,#8512,#8518,#8524,#8530,#8536,#8564,
#8582),#8463,.F.);
#8584=CARTESIAN_POINT('',(8.345796463405E1,4.054203536594E1,-2.33498E2));
#8585=DIRECTION('',(-7.071067811866E-1,7.071067811865E-1,0.E0));
#8586=DIRECTION('',(-7.071067811865E-1,-7.071067811866E-1,0.E0));
#8587=AXIS2_PLACEMENT_3D('',#8584,#8585,#8586);
#8588=PLANE('',#8587);
#8590=ORIENTED_EDGE('',*,*,#8589,.F.);
#8592=ORIENTED_EDGE('',*,*,#8591,.F.);
#8593=ORIENTED_EDGE('',*,*,#8464,.F.);
#8595=ORIENTED_EDGE('',*,*,#8594,.F.);
#8596=EDGE_LOOP('',(#8590,#8592,#8593,#8595));
#8597=FACE_OUTER_BOUND('',#8596,.F.);
#8598=ADVANCED_FACE('',(#8597),#8588,.T.);
#8599=CARTESIAN_POINT('',(1.26E2,-3.3502E1,-2.335E2));
#8600=DIRECTION('',(0.E0,0.E0,1.E0));
#8601=DIRECTION('',(1.E0,0.E0,0.E0));
#8602=AXIS2_PLACEMENT_3D('',#8599,#8600,#8601);
#8603=PLANE('',#8602);
#8604=ORIENTED_EDGE('',*,*,#8396,.T.);
#8606=ORIENTED_EDGE('',*,*,#8605,.T.);
#8608=ORIENTED_EDGE('',*,*,#8607,.T.);
#8609=ORIENTED_EDGE('',*,*,#8589,.T.);
#8611=ORIENTED_EDGE('',*,*,#8610,.T.);
#8613=ORIENTED_EDGE('',*,*,#8612,.T.);
#8615=ORIENTED_EDGE('',*,*,#8614,.T.);
#8617=ORIENTED_EDGE('',*,*,#8616,.T.);
#8619=ORIENTED_EDGE('',*,*,#8618,.T.);
#8621=ORIENTED_EDGE('',*,*,#8620,.T.);
#8622=ORIENTED_EDGE('',*,*,#8428,.T.);
#8623=ORIENTED_EDGE('',*,*,#7090,.F.);
#8625=ORIENTED_EDGE('',*,*,#8624,.T.);
#8627=ORIENTED_EDGE('',*,*,#8626,.T.);
#8629=ORIENTED_EDGE('',*,*,#8628,.T.);
#8631=ORIENTED_EDGE('',*,*,#8630,.T.);
#8633=ORIENTED_EDGE('',*,*,#8632,.T.);
#8635=ORIENTED_EDGE('',*,*,#8634,.T.);
#8637=ORIENTED_EDGE('',*,*,#8636,.T.);
#8639=ORIENTED_EDGE('',*,*,#8638,.T.);
#8641=ORIENTED_EDGE('',*,*,#8640,.T.);
#8643=ORIENTED_EDGE('',*,*,#8642,.T.);
#8645=ORIENTED_EDGE('',*,*,#8644,.T.);
#8647=ORIENTED_EDGE('',*,*,#8646,.T.);
#8649=ORIENTED_EDGE('',*,*,#8648,.F.);
#8651=ORIENTED_EDGE('',*,*,#8650,.T.);
#8653=ORIENTED_EDGE('',*,*,#8652,.F.);
#8655=ORIENTED_EDGE('',*,*,#8654,.F.);
#8657=ORIENTED_EDGE('',*,*,#8656,.T.);
#8659=ORIENTED_EDGE('',*,*,#8658,.F.);
#8661=ORIENTED_EDGE('',*,*,#8660,.F.);
#8662=EDGE_LOOP('',(#8604,#8606,#8608,#8609,#8611,#8613,#8615,#8617,#8619,#8621,
#8622,#8623,#8625,#8627,#8629,#8631,#8633,#8635,#8637,#8639,#8641,#8643,#8645,
#8647,#8649,#8651,#8653,#8655,#8657,#8659,#8661));
#8663=FACE_OUTER_BOUND('',#8662,.F.);
#8665=ORIENTED_EDGE('',*,*,#8664,.T.);
#8667=ORIENTED_EDGE('',*,*,#8666,.T.);
#8668=EDGE_LOOP('',(#8665,#8667));
#8669=FACE_BOUND('',#8668,.F.);
#8671=ORIENTED_EDGE('',*,*,#8670,.T.);
#8673=ORIENTED_EDGE('',*,*,#8672,.T.);
#8674=EDGE_LOOP('',(#8671,#8673));
#8675=FACE_BOUND('',#8674,.F.);
#8677=ORIENTED_EDGE('',*,*,#8676,.T.);
#8679=ORIENTED_EDGE('',*,*,#8678,.T.);
#8680=EDGE_LOOP('',(#8677,#8679));
#8681=FACE_BOUND('',#8680,.F.);
#8683=ORIENTED_EDGE('',*,*,#8682,.T.);
#8685=ORIENTED_EDGE('',*,*,#8684,.T.);
#8686=EDGE_LOOP('',(#8683,#8685));
#8687=FACE_BOUND('',#8686,.F.);
#8689=ORIENTED_EDGE('',*,*,#8688,.T.);
#8691=ORIENTED_EDGE('',*,*,#8690,.T.);
#8692=EDGE_LOOP('',(#8689,#8691));
#8693=FACE_BOUND('',#8692,.F.);
#8695=ORIENTED_EDGE('',*,*,#8694,.T.);
#8697=ORIENTED_EDGE('',*,*,#8696,.T.);
#8698=EDGE_LOOP('',(#8695,#8697));
#8699=FACE_BOUND('',#8698,.F.);
#8701=ORIENTED_EDGE('',*,*,#8700,.T.);
#8703=ORIENTED_EDGE('',*,*,#8702,.T.);
#8704=EDGE_LOOP('',(#8701,#8703));
#8705=FACE_BOUND('',#8704,.F.);
#8706=ADVANCED_FACE('',(#8663,#8669,#8675,#8681,#8687,#8693,#8699,#8705),#8603,
.T.);
#8707=CARTESIAN_POINT('',(7.17E1,-3.3502E1,-2.395E2));
#8708=DIRECTION('',(-1.E0,0.E0,0.E0));
#8709=DIRECTION('',(0.E0,0.E0,1.E0));
#8710=AXIS2_PLACEMENT_3D('',#8707,#8708,#8709);
#8711=PLANE('',#8710);
#8712=ORIENTED_EDGE('',*,*,#8605,.F.);
#8713=ORIENTED_EDGE('',*,*,#8394,.F.);
#8714=ORIENTED_EDGE('',*,*,#8468,.F.);
#8716=ORIENTED_EDGE('',*,*,#8715,.F.);
#8717=EDGE_LOOP('',(#8712,#8713,#8714,#8716));
#8718=FACE_OUTER_BOUND('',#8717,.F.);
#8719=ADVANCED_FACE('',(#8718),#8711,.T.);
#8720=CARTESIAN_POINT('',(7.57E1,2.712721648240E1,-2.395E2));
#8721=DIRECTION('',(0.E0,0.E0,-1.E0));
#8722=DIRECTION('',(-1.E0,0.E0,0.E0));
#8723=AXIS2_PLACEMENT_3D('',#8720,#8721,#8722);
#8724=CYLINDRICAL_SURFACE('',#8723,4.E0);
#8725=ORIENTED_EDGE('',*,*,#8607,.F.);
#8726=ORIENTED_EDGE('',*,*,#8715,.T.);
#8727=ORIENTED_EDGE('',*,*,#8466,.F.);
#8728=ORIENTED_EDGE('',*,*,#8591,.T.);
#8729=EDGE_LOOP('',(#8725,#8726,#8727,#8728));
#8730=FACE_OUTER_BOUND('',#8729,.F.);
#8731=ADVANCED_FACE('',(#8730),#8724,.T.);
#8732=CARTESIAN_POINT('',(9.707278351760E1,4.85E1,-2.33498E2));
#8733=DIRECTION('',(0.E0,0.E0,-1.E0));
#8734=DIRECTION('',(-1.E0,0.E0,0.E0));
#8735=AXIS2_PLACEMENT_3D('',#8732,#8733,#8734);
#8736=CYLINDRICAL_SURFACE('',#8735,4.E0);
#8737=ORIENTED_EDGE('',*,*,#8610,.F.);
#8738=ORIENTED_EDGE('',*,*,#8594,.T.);
#8739=ORIENTED_EDGE('',*,*,#8491,.F.);
#8741=ORIENTED_EDGE('',*,*,#8740,.T.);
#8742=EDGE_LOOP('',(#8737,#8738,#8739,#8741));
#8743=FACE_OUTER_BOUND('',#8742,.F.);
#8744=ADVANCED_FACE('',(#8743),#8736,.T.);
#8745=CARTESIAN_POINT('',(1.26E2,5.25E1,-2.395E2));
#8746=DIRECTION('',(0.E0,1.E0,0.E0));
#8747=DIRECTION('',(0.E0,0.E0,1.E0));
#8748=AXIS2_PLACEMENT_3D('',#8745,#8746,#8747);
#8749=PLANE('',#8748);
#8750=ORIENTED_EDGE('',*,*,#8489,.F.);
#8752=ORIENTED_EDGE('',*,*,#8751,.F.);
#8753=ORIENTED_EDGE('',*,*,#8612,.F.);
#8754=ORIENTED_EDGE('',*,*,#8740,.F.);
#8755=EDGE_LOOP('',(#8750,#8752,#8753,#8754));
#8756=FACE_OUTER_BOUND('',#8755,.F.);
#8757=ADVANCED_FACE('',(#8756),#8749,.T.);
#8758=CARTESIAN_POINT('',(1.549220707862E2,4.85E1,-2.395E2));
#8759=DIRECTION('',(0.E0,0.E0,1.E0));
#8760=DIRECTION('',(1.E0,0.E0,0.E0));
#8761=AXIS2_PLACEMENT_3D('',#8758,#8759,#8760);
#8762=CYLINDRICAL_SURFACE('',#8761,4.E0);
#8763=ORIENTED_EDGE('',*,*,#8614,.F.);
#8764=ORIENTED_EDGE('',*,*,#8751,.T.);
#8765=ORIENTED_EDGE('',*,*,#8487,.F.);
#8767=ORIENTED_EDGE('',*,*,#8766,.T.);
#8768=EDGE_LOOP('',(#8763,#8764,#8765,#8767));
#8769=FACE_OUTER_BOUND('',#8768,.F.);
#8770=ADVANCED_FACE('',(#8769),#8762,.T.);
#8771=CARTESIAN_POINT('',(1.685394625179E2,4.053946251767E1,-2.33498E2));
#8772=DIRECTION('',(-7.071067811920E-1,-7.071067811811E-1,0.E0));
#8773=DIRECTION('',(7.071067811811E-1,-7.071067811920E-1,0.E0));
#8774=AXIS2_PLACEMENT_3D('',#8771,#8772,#8773);
#8775=PLANE('',#8774);
#8776=ORIENTED_EDGE('',*,*,#8616,.F.);
#8777=ORIENTED_EDGE('',*,*,#8766,.F.);
#8778=ORIENTED_EDGE('',*,*,#8485,.F.);
#8780=ORIENTED_EDGE('',*,*,#8779,.F.);
#8781=EDGE_LOOP('',(#8776,#8777,#8778,#8780));
#8782=FACE_OUTER_BOUND('',#8781,.F.);
#8783=ADVANCED_FACE('',(#8782),#8775,.F.);
#8784=CARTESIAN_POINT('',(1.763E2,2.712207078586E1,-2.33498E2));
#8785=DIRECTION('',(0.E0,0.E0,1.E0));
#8786=DIRECTION('',(1.E0,0.E0,0.E0));
#8787=AXIS2_PLACEMENT_3D('',#8784,#8785,#8786);
#8788=CYLINDRICAL_SURFACE('',#8787,4.E0);
#8789=ORIENTED_EDGE('',*,*,#8618,.F.);
#8790=ORIENTED_EDGE('',*,*,#8779,.T.);
#8791=ORIENTED_EDGE('',*,*,#8483,.F.);
#8793=ORIENTED_EDGE('',*,*,#8792,.T.);
#8794=EDGE_LOOP('',(#8789,#8790,#8791,#8793));
#8795=FACE_OUTER_BOUND('',#8794,.F.);
#8796=ADVANCED_FACE('',(#8795),#8788,.T.);
#8797=CARTESIAN_POINT('',(1.803E2,-3.3502E1,-2.395E2));
#8798=DIRECTION('',(1.E0,0.E0,0.E0));
#8799=DIRECTION('',(0.E0,0.E0,-1.E0));
#8800=AXIS2_PLACEMENT_3D('',#8797,#8798,#8799);
#8801=PLANE('',#8800);
#8802=ORIENTED_EDGE('',*,*,#8481,.F.);
#8803=ORIENTED_EDGE('',*,*,#8430,.T.);
#8804=ORIENTED_EDGE('',*,*,#8620,.F.);
#8805=ORIENTED_EDGE('',*,*,#8792,.F.);
#8806=EDGE_LOOP('',(#8802,#8803,#8804,#8805));
#8807=FACE_OUTER_BOUND('',#8806,.F.);
#8808=ADVANCED_FACE('',(#8807),#8801,.T.);
#8809=CARTESIAN_POINT('',(1.26E2,-4.E0,-2.33498E2));
#8810=DIRECTION('',(0.E0,0.E0,-1.E0));
#8811=DIRECTION('',(-1.E0,0.E0,0.E0));
#8812=AXIS2_PLACEMENT_3D('',#8809,#8810,#8811);
#8813=CYLINDRICAL_SURFACE('',#8812,5.45E1);
#8815=ORIENTED_EDGE('',*,*,#8814,.F.);
#8816=ORIENTED_EDGE('',*,*,#8624,.F.);
#8818=ORIENTED_EDGE('',*,*,#8817,.F.);
#8820=ORIENTED_EDGE('',*,*,#8819,.F.);
#8821=ORIENTED_EDGE('',*,*,#7086,.T.);
#8823=ORIENTED_EDGE('',*,*,#8822,.F.);
#8825=ORIENTED_EDGE('',*,*,#8824,.T.);
#8826=ORIENTED_EDGE('',*,*,#8559,.F.);
#8827=ORIENTED_EDGE('',*,*,#8557,.F.);
#8828=EDGE_LOOP('',(#8815,#8816,#8818,#8820,#8821,#8823,#8825,#8826,#8827));
#8829=FACE_OUTER_BOUND('',#8828,.F.);
#8830=ADVANCED_FACE('',(#8829),#8813,.F.);
#8831=CARTESIAN_POINT('',(1.725123082719E2,1.811006963388E1,-2.33498E2));
#8832=DIRECTION('',(0.E0,0.E0,-1.E0));
#8833=DIRECTION('',(-1.E0,0.E0,0.E0));
#8834=AXIS2_PLACEMENT_3D('',#8831,#8832,#8833);
#8835=CYLINDRICAL_SURFACE('',#8834,3.E0);
#8837=ORIENTED_EDGE('',*,*,#8836,.T.);
#8838=ORIENTED_EDGE('',*,*,#8626,.F.);
#8839=ORIENTED_EDGE('',*,*,#8814,.T.);
#8840=ORIENTED_EDGE('',*,*,#8555,.F.);
#8841=EDGE_LOOP('',(#8837,#8838,#8839,#8840));
#8842=FACE_OUTER_BOUND('',#8841,.F.);
#8843=ADVANCED_FACE('',(#8842),#8835,.F.);
#8844=CARTESIAN_POINT('',(1.689033229714E2,1.971620543905E1,-2.33498E2));
#8845=DIRECTION('',(4.293217404637E-1,-9.031516169311E-1,0.E0));
#8846=DIRECTION('',(9.031516169311E-1,4.293217404637E-1,0.E0));
#8847=AXIS2_PLACEMENT_3D('',#8844,#8845,#8846);
#8848=PLANE('',#8847);
#8849=ORIENTED_EDGE('',*,*,#8628,.F.);
#8850=ORIENTED_EDGE('',*,*,#8836,.F.);
#8851=ORIENTED_EDGE('',*,*,#8553,.F.);
#8853=ORIENTED_EDGE('',*,*,#8852,.F.);
#8854=EDGE_LOOP('',(#8849,#8850,#8851,#8853));
#8855=FACE_OUTER_BOUND('',#8854,.F.);
#8856=ADVANCED_FACE('',(#8855),#8848,.T.);
#8857=CARTESIAN_POINT('',(1.679951504031E2,1.596640535045E1,-2.33498E2));
#8858=DIRECTION('',(0.E0,0.E0,-1.E0));
#8859=DIRECTION('',(-1.E0,0.E0,0.E0));
#8860=AXIS2_PLACEMENT_3D('',#8857,#8858,#8859);
#8861=CYLINDRICAL_SURFACE('',#8860,3.E0);
#8863=ORIENTED_EDGE('',*,*,#8862,.F.);
#8864=ORIENTED_EDGE('',*,*,#8632,.F.);
#8865=ORIENTED_EDGE('',*,*,#8630,.F.);
#8866=ORIENTED_EDGE('',*,*,#8852,.T.);
#8867=ORIENTED_EDGE('',*,*,#8551,.F.);
#8868=ORIENTED_EDGE('',*,*,#8549,.F.);
#8869=EDGE_LOOP('',(#8863,#8864,#8865,#8866,#8867,#8868));
#8870=FACE_OUTER_BOUND('',#8869,.F.);
#8871=ADVANCED_FACE('',(#8870),#8861,.F.);
#8872=CARTESIAN_POINT('',(1.26E2,-4.000000000001E0,-2.33498E2));
#8873=DIRECTION('',(0.E0,0.E0,-1.E0));
#8874=DIRECTION('',(-1.E0,0.E0,0.E0));
#8875=AXIS2_PLACEMENT_3D('',#8872,#8873,#8874);
#8876=CYLINDRICAL_SURFACE('',#8875,4.35E1);
#8877=ORIENTED_EDGE('',*,*,#8636,.F.);
#8878=ORIENTED_EDGE('',*,*,#8634,.F.);
#8879=ORIENTED_EDGE('',*,*,#8862,.T.);
#8880=ORIENTED_EDGE('',*,*,#8547,.F.);
#8881=ORIENTED_EDGE('',*,*,#8545,.F.);
#8883=ORIENTED_EDGE('',*,*,#8882,.F.);
#8884=EDGE_LOOP('',(#8877,#8878,#8879,#8880,#8881,#8883));
#8885=FACE_OUTER_BOUND('',#8884,.F.);
#8886=ADVANCED_FACE('',(#8885),#8876,.T.);
#8887=CARTESIAN_POINT('',(1.679965501873E2,-2.396346093156E1,-2.33498E2));
#8888=DIRECTION('',(0.E0,0.E0,-1.E0));
#8889=DIRECTION('',(-1.E0,0.E0,0.E0));
#8890=AXIS2_PLACEMENT_3D('',#8887,#8888,#8889);
#8891=CYLINDRICAL_SURFACE('',#8890,3.E0);
#8893=ORIENTED_EDGE('',*,*,#8892,.T.);
#8894=ORIENTED_EDGE('',*,*,#8640,.F.);
#8895=ORIENTED_EDGE('',*,*,#8638,.F.);
#8896=ORIENTED_EDGE('',*,*,#8882,.T.);
#8897=ORIENTED_EDGE('',*,*,#8543,.F.);
#8898=ORIENTED_EDGE('',*,*,#8541,.F.);
#8899=EDGE_LOOP('',(#8893,#8894,#8895,#8896,#8897,#8898));
#8900=FACE_OUTER_BOUND('',#8899,.F.);
#8901=ADVANCED_FACE('',(#8900),#8891,.F.);
#8902=CARTESIAN_POINT('',(1.689088275205E2,-2.771882207901E1,-2.33498E2));
#8903=DIRECTION('',(-4.293217404637E-1,-9.031516169311E-1,0.E0));
#8904=DIRECTION('',(9.031516169311E-1,-4.293217404637E-1,0.E0));
#8905=AXIS2_PLACEMENT_3D('',#8902,#8903,#8904);
#8906=PLANE('',#8905);
#8908=ORIENTED_EDGE('',*,*,#8907,.F.);
#8909=ORIENTED_EDGE('',*,*,#8642,.F.);
#8910=ORIENTED_EDGE('',*,*,#8892,.F.);
#8911=ORIENTED_EDGE('',*,*,#8539,.F.);
#8912=EDGE_LOOP('',(#8908,#8909,#8910,#8911));
#8913=FACE_OUTER_BOUND('',#8912,.F.);
#8914=ADVANCED_FACE('',(#8913),#8906,.F.);
#8915=CARTESIAN_POINT('',(1.723970352965E2,-2.605527352487E1,-2.33498E2));
#8916=DIRECTION('',(0.E0,0.E0,-1.E0));
#8917=DIRECTION('',(-1.E0,0.E0,0.E0));
#8918=AXIS2_PLACEMENT_3D('',#8915,#8916,#8917);
#8919=CYLINDRICAL_SURFACE('',#8918,3.E0);
#8921=ORIENTED_EDGE('',*,*,#8920,.F.);
#8922=ORIENTED_EDGE('',*,*,#8644,.F.);
#8923=ORIENTED_EDGE('',*,*,#8907,.T.);
#8924=ORIENTED_EDGE('',*,*,#8537,.F.);
#8925=EDGE_LOOP('',(#8921,#8922,#8923,#8924));
#8926=FACE_OUTER_BOUND('',#8925,.F.);
#8927=ADVANCED_FACE('',(#8926),#8919,.F.);
#8928=CARTESIAN_POINT('',(1.571773999423E2,-1.691410189563E1,-2.33498E2));
#8929=DIRECTION('',(0.E0,0.E0,-1.E0));
#8930=DIRECTION('',(-1.E0,0.E0,0.E0));
#8931=AXIS2_PLACEMENT_3D('',#8928,#8929,#8930);
#8932=CYLINDRICAL_SURFACE('',#8931,2.075382547706E1);
#8933=ORIENTED_EDGE('',*,*,#8824,.F.);
#8935=ORIENTED_EDGE('',*,*,#8934,.F.);
#8936=ORIENTED_EDGE('',*,*,#8646,.F.);
#8937=ORIENTED_EDGE('',*,*,#8920,.T.);
#8938=ORIENTED_EDGE('',*,*,#8561,.F.);
#8939=EDGE_LOOP('',(#8933,#8935,#8936,#8937,#8938));
#8940=FACE_OUTER_BOUND('',#8939,.F.);
#8941=ADVANCED_FACE('',(#8940),#8932,.F.);
#8942=CARTESIAN_POINT('',(1.755E2,-3.3502E1,-2.295E2));
#8943=DIRECTION('',(0.E0,-1.E0,0.E0));
#8944=DIRECTION('',(0.E0,0.E0,-1.E0));
#8945=AXIS2_PLACEMENT_3D('',#8942,#8943,#8944);
#8946=CYLINDRICAL_SURFACE('',#8945,4.E0);
#8947=ORIENTED_EDGE('',*,*,#8934,.T.);
#8948=ORIENTED_EDGE('',*,*,#8822,.T.);
#8949=ORIENTED_EDGE('',*,*,#7084,.T.);
#8951=ORIENTED_EDGE('',*,*,#8950,.T.);
#8952=ORIENTED_EDGE('',*,*,#8648,.T.);
#8953=EDGE_LOOP('',(#8947,#8948,#8949,#8951,#8952));
#8954=FACE_OUTER_BOUND('',#8953,.F.);
#8955=ADVANCED_FACE('',(#8954),#8946,.F.);
#8956=CARTESIAN_POINT('',(1.794801635337E2,-3.600120365985E1,
-2.293316040524E2));
#8957=CARTESIAN_POINT('',(1.795015974613E2,-3.608936992878E1,
-2.293260646316E2));
#8958=CARTESIAN_POINT('',(1.794992702212E2,-3.619706555937E1,
-2.293266301314E2));
#8959=CARTESIAN_POINT('',(1.794755938826E2,-3.632228987281E1,
-2.293287309241E2));
#8960=CARTESIAN_POINT('',(1.794614159308E2,-3.638162770519E1,
-2.293294941527E2));
#8961=CARTESIAN_POINT('',(1.794451564520E2,-3.644034520124E1,
-2.293299568304E2));
#8962=CARTESIAN_POINT('',(1.794208683769E2,-3.651788933313E1,
-2.293306485845E2));
#8963=CARTESIAN_POINT('',(1.793794856452E2,-3.663259836035E1,
-2.293316008270E2));
#8964=CARTESIAN_POINT('',(1.793286464225E2,-3.675446389886E1,
-2.293326053609E2));
#8965=CARTESIAN_POINT('',(1.792778622427E2,-3.686528132393E1,
-2.293334731707E2));
#8966=CARTESIAN_POINT('',(1.792460882707E2,-3.693113530833E1,
-2.293340227313E2));
#8967=CARTESIAN_POINT('',(1.792217112226E2,-3.698013614722E1,
-2.293343452193E2));
#8968=CARTESIAN_POINT('',(1.791759699482E2,-3.707062206930E1,
-2.293348470408E2));
#8969=CARTESIAN_POINT('',(1.791340226898E2,-3.714980995385E1,
-2.293360989522E2));
#8970=CARTESIAN_POINT('',(1.790971345901E2,-3.722028384838E1,
-2.293419051686E2));
#8971=CARTESIAN_POINT('',(1.794934779138E2,-3.600378035271E1,
-2.296564226167E2));
#8972=CARTESIAN_POINT('',(1.795158474795E2,-3.609124608076E1,
-2.296629862903E2));
#8973=CARTESIAN_POINT('',(1.795134311010E2,-3.619890914704E1,
-2.296620554995E2));
#8974=CARTESIAN_POINT('',(1.794893254704E2,-3.632437880258E1,
-2.296594534347E2));
#8975=CARTESIAN_POINT('',(1.794749611320E2,-3.638383780094E1,
-2.296585650800E2));
#8976=CARTESIAN_POINT('',(1.794585507984E2,-3.644266766572E1,
-2.296580950021E2));
#8977=CARTESIAN_POINT('',(1.794340491011E2,-3.652038519936E1,
-2.296574113251E2));
#8978=CARTESIAN_POINT('',(1.793923682178E2,-3.663538860910E1,
-2.296565691504E2));
#8979=CARTESIAN_POINT('',(1.793412707784E2,-3.675760121048E1,
-2.296557755923E2));
#8980=CARTESIAN_POINT('',(1.792902972224E2,-3.686878241309E1,
-2.296551782521E2));
#8981=CARTESIAN_POINT('',(1.792584339141E2,-3.693481253628E1,
-2.296548037820E2));
#8982=CARTESIAN_POINT('',(1.792339938003E2,-3.698405153022E1,
-2.296546482902E2));
#8983=CARTESIAN_POINT('',(1.791881383858E2,-3.707509290805E1,
-2.296544938794E2));
#8984=CARTESIAN_POINT('',(1.791461898254E2,-3.715376338720E1,
-2.296533453223E2));
#8985=CARTESIAN_POINT('',(1.791097021818E2,-3.721798214857E1,
-2.296462807129E2));
#8986=CARTESIAN_POINT('',(1.794571788375E2,-3.599574293768E1,
-2.301120410681E2));
#8987=CARTESIAN_POINT('',(1.794779618353E2,-3.608348871127E1,
-2.301235149036E2));
#8988=CARTESIAN_POINT('',(1.794754257526E2,-3.619071873943E1,
-2.301239559245E2));
#8989=CARTESIAN_POINT('',(1.794521421814E2,-3.631521414937E1,
-2.301202954187E2));
#8990=CARTESIAN_POINT('',(1.794382691228E2,-3.637415389466E1,
-2.301186104950E2));
#8991=CARTESIAN_POINT('',(1.794223860746E2,-3.643243636312E1,
-2.301171626447E2));
#8992=CARTESIAN_POINT('',(1.793986327164E2,-3.650939187058E1,
-2.301148807788E2));
#8993=CARTESIAN_POINT('',(1.793581248902E2,-3.662320950623E1,
-2.301111269531E2));
#8994=CARTESIAN_POINT('',(1.793082342639E2,-3.674414635875E1,
-2.301065827549E2));
#8995=CARTESIAN_POINT('',(1.792583820696E2,-3.685420973030E1,
-2.301021114839E2));
#8996=CARTESIAN_POINT('',(1.792272073025E2,-3.691960067497E1,
-2.300992567576E2));
#8997=CARTESIAN_POINT('',(1.792032975405E2,-3.696839025232E1,
-2.300971828601E2));
#8998=CARTESIAN_POINT('',(1.791584432496E2,-3.705863212597E1,
-2.300934123059E2));
#8999=CARTESIAN_POINT('',(1.791174488973E2,-3.713663260510E1,
-2.300887426104E2));
#9000=CARTESIAN_POINT('',(1.790819026281E2,-3.720003074093E1,
-2.300778695523E2));
#9001=CARTESIAN_POINT('',(1.793104033558E2,-3.597122422803E1,
-2.306898733833E2));
#9002=CARTESIAN_POINT('',(1.793274768537E2,-3.605769413946E1,
-2.307010897224E2));
#9003=CARTESIAN_POINT('',(1.793242121304E2,-3.616219904626E1,
-2.307045240742E2));
#9004=CARTESIAN_POINT('',(1.793024281280E2,-3.628294577442E1,
-2.307024407128E2));
#9005=CARTESIAN_POINT('',(1.792895503524E2,-3.634005596052E1,
-2.307007551440E2));
#9006=CARTESIAN_POINT('',(1.792748429313E2,-3.639650282193E1,
-2.306986167010E2));
#9007=CARTESIAN_POINT('',(1.792529172073E2,-3.647097832063E1,
-2.306950502019E2));
#9008=CARTESIAN_POINT('',(1.792156163350E2,-3.658102531915E1,
-2.306884247305E2));
#9009=CARTESIAN_POINT('',(1.791697369692E2,-3.669782114672E1,
-2.306797043558E2));
#9010=CARTESIAN_POINT('',(1.791239999476E2,-3.680396071917E1,
-2.306706279100E2));
#9011=CARTESIAN_POINT('',(1.790954490387E2,-3.686697919344E1,
-2.306648049528E2));
#9012=CARTESIAN_POINT('',(1.790735877381E2,-3.691391373532E1,-2.306602998E2));
#9013=CARTESIAN_POINT('',(1.790326171105E2,-3.700063230357E1,
-2.306518090260E2));
#9014=CARTESIAN_POINT('',(1.789952732589E2,-3.707592385124E1,
-2.306435724954E2));
#9015=CARTESIAN_POINT('',(1.789628714140E2,-3.713972100936E1,
-2.306347886926E2));
#9016=CARTESIAN_POINT('',(1.791716671916E2,-3.594993248928E1,
-2.310694947505E2));
#9017=CARTESIAN_POINT('',(1.791864212102E2,-3.603427225009E1,
-2.310811145285E2));
#9018=CARTESIAN_POINT('',(1.791822268630E2,-3.613576590149E1,
-2.310860584817E2));
#9019=CARTESIAN_POINT('',(1.791611499443E2,-3.625274742940E1,
-2.310847598549E2));
#9020=CARTESIAN_POINT('',(1.791488935583E2,-3.630804034534E1,
-2.310831234676E2));
#9021=CARTESIAN_POINT('',(1.791350562021E2,-3.636266508965E1,
-2.310807269020E2));
#9022=CARTESIAN_POINT('',(1.791145990145E2,-3.643470439408E1,
-2.310766061834E2));
#9023=CARTESIAN_POINT('',(1.790801068944E2,-3.654110161275E1,
-2.310686426154E2));
#9024=CARTESIAN_POINT('',(1.790380756493E2,-3.665401405287E1,
-2.310578173699E2));
#9025=CARTESIAN_POINT('',(1.789962382643E2,-3.675667776913E1,
-2.310463885873E2));
#9026=CARTESIAN_POINT('',(1.789700994966E2,-3.681767627042E1,
-2.310390414802E2));
#9027=CARTESIAN_POINT('',(1.789500518329E2,-3.686311504536E1,
-2.310333100447E2));
#9028=CARTESIAN_POINT('',(1.789124359292E2,-3.694708161283E1,
-2.310224628996E2));
#9029=CARTESIAN_POINT('',(1.788779612531E2,-3.702025714152E1,
-2.310123365585E2));
#9030=CARTESIAN_POINT('',(1.788477023227E2,-3.708334510206E1,
-2.310037504455E2));
#9031=CARTESIAN_POINT('',(1.789986912599E2,-3.592459870791E1,
-2.314263827039E2));
#9032=CARTESIAN_POINT('',(1.790105477980E2,-3.600549598006E1,
-2.314394342083E2));
#9033=CARTESIAN_POINT('',(1.790053564902E2,-3.610272444596E1,
-2.314450759240E2));
#9034=CARTESIAN_POINT('',(1.789852485743E2,-3.621475124886E1,
-2.314439154753E2));
#9035=CARTESIAN_POINT('',(1.789737753994E2,-3.626770138530E1,
-2.314422662583E2));
#9036=CARTESIAN_POINT('',(1.789609800256E2,-3.632001636726E1,
-2.314397829895E2));
#9037=CARTESIAN_POINT('',(1.789422289337E2,-3.638901718624E1,
-2.314354122284E2));
#9038=CARTESIAN_POINT('',(1.789109116574E2,-3.649094982459E1,
-2.314268145119E2));
#9039=CARTESIAN_POINT('',(1.788731061318E2,-3.659918250738E1,
-2.314148946638E2));
#9040=CARTESIAN_POINT('',(1.788355638117E2,-3.669765014346E1,
-2.314022416529E2));
#9041=CARTESIAN_POINT('',(1.788121068184E2,-3.675617857634E1,
-2.313940936184E2));
#9042=CARTESIAN_POINT('',(1.787940966411E2,-3.679979599374E1,
-2.313877504615E2));
#9043=CARTESIAN_POINT('',(1.787602760061E2,-3.688041711001E1,
-2.313757625571E2));
#9044=CARTESIAN_POINT('',(1.787291697099E2,-3.695068439690E1,
-2.313645120039E2));
#9045=CARTESIAN_POINT('',(1.787016815287E2,-3.701105662618E1,
-2.313545241718E2));
#9046=CARTESIAN_POINT('',(1.787251361217E2,-3.588453142683E1,
-2.318751334496E2));
#9047=CARTESIAN_POINT('',(1.787316119005E2,-3.596015740687E1,
-2.318885189615E2));
#9048=CARTESIAN_POINT('',(1.787254802452E2,-3.605050142716E1,
-2.318947753420E2));
#9049=CARTESIAN_POINT('',(1.787076511703E2,-3.615450839478E1,
-2.318941314754E2));
#9050=CARTESIAN_POINT('',(1.786976611403E2,-3.620368601108E1,
-2.318926642445E2));
#9051=CARTESIAN_POINT('',(1.786865744143E2,-3.625231316700E1,
-2.318902912113E2));
#9052=CARTESIAN_POINT('',(1.786704106191E2,-3.631648497752E1,-2.318859953E2));
#9053=CARTESIAN_POINT('',(1.786435175744E2,-3.641136564609E1,
-2.318773407911E2));
#9054=CARTESIAN_POINT('',(1.786110670560E2,-3.651221604646E1,
-2.318650820556E2));
#9055=CARTESIAN_POINT('',(1.785790296284E2,-3.660397076555E1,
-2.318519118537E2));
#9056=CARTESIAN_POINT('',(1.785591179482E2,-3.665849625702E1,
-2.318433786471E2));
#9057=CARTESIAN_POINT('',(1.785439023033E2,-3.669911350645E1,
-2.318367067631E2));
#9058=CARTESIAN_POINT('',(1.785154122988E2,-3.677416764234E1,
-2.318240681464E2));
#9059=CARTESIAN_POINT('',(1.784894993238E2,-3.683952099983E1,
-2.318121523380E2));
#9060=CARTESIAN_POINT('',(1.784669339878E2,-3.689564276898E1,
-2.318016775063E2));
#9061=CARTESIAN_POINT('',(1.784271182427E2,-3.584074171301E1,
-2.322308897823E2));
#9062=CARTESIAN_POINT('',(1.784290003272E2,-3.591106208391E1,
-2.322441357536E2));
#9063=CARTESIAN_POINT('',(1.784217896226E2,-3.599427584927E1,
-2.322504425595E2));
#9064=CARTESIAN_POINT('',(1.784057224531E2,-3.608966033749E1,
-2.322501804700E2));
#9065=CARTESIAN_POINT('',(1.783969628450E2,-3.613471920706E1,
-2.322489551514E2));
#9066=CARTESIAN_POINT('',(1.783873666767E2,-3.617925742950E1,
-2.322468796500E2));
#9067=CARTESIAN_POINT('',(1.783735257437E2,-3.623800967382E1,
-2.322430442892E2));
#9068=CARTESIAN_POINT('',(1.783507302970E2,-3.632484927923E1,
-2.322352120281E2));
#9069=CARTESIAN_POINT('',(1.783234041371E2,-3.641717569439E1,
-2.322240405273E2));
#9070=CARTESIAN_POINT('',(1.782965593130E2,-3.650125427041E1,
-2.322119675293E2));
#9071=CARTESIAN_POINT('',(1.782799253665E2,-3.655126104093E1,
-2.322041134271E2));
#9072=CARTESIAN_POINT('',(1.782672403106E2,-3.658854153904E1,
-2.321979551309E2));
#9073=CARTESIAN_POINT('',(1.782435156572E2,-3.665746356086E1,
-2.321862703057E2));
#9074=CARTESIAN_POINT('',(1.782220249932E2,-3.671758735425E1,
-2.321751741737E2));
#9075=CARTESIAN_POINT('',(1.782033814300E2,-3.676931168301E1,
-2.321652863730E2));
#9076=CARTESIAN_POINT('',(1.781429144528E2,-3.579914366285E1,
-2.324955732831E2));
#9077=CARTESIAN_POINT('',(1.781424853933E2,-3.586353795391E1,
-2.325078668169E2));
#9078=CARTESIAN_POINT('',(1.781342897310E2,-3.593951848782E1,
-2.325138500330E2));
#9079=CARTESIAN_POINT('',(1.781190309434E2,-3.602641423533E1,
-2.325139529784E2));
#9080=CARTESIAN_POINT('',(1.781109854065E2,-3.606743177982E1,
-2.325130164031E2));
#9081=CARTESIAN_POINT('',(1.781023983391E2,-3.610795039871E1,
-2.325113253801E2));
#9082=CARTESIAN_POINT('',(1.780902556137E2,-3.616137711319E1,
-2.325081215510E2));
#9083=CARTESIAN_POINT('',(1.780707088576E2,-3.624031651701E1,
-2.325014747276E2));
#9084=CARTESIAN_POINT('',(1.780478352599E2,-3.632426415994E1,
-2.324919076033E2));
#9085=CARTESIAN_POINT('',(1.780254729413E2,-3.640078247182E1,
-2.324814856275E2));
#9086=CARTESIAN_POINT('',(1.780115952242E2,-3.644633316999E1,
-2.324746718238E2));
#9087=CARTESIAN_POINT('',(1.780009688326E2,-3.648031882530E1,
-2.324693094939E2));
#9088=CARTESIAN_POINT('',(1.779810358383E2,-3.654318094661E1,
-2.324591136211E2));
#9089=CARTESIAN_POINT('',(1.779627467900E2,-3.659812910261E1,
-2.324493601986E2));
#9090=CARTESIAN_POINT('',(1.779464948838E2,-3.664552453911E1,
-2.324405988011E2));
#9091=CARTESIAN_POINT('',(1.779467623575E2,-3.577086061634E1,
-2.326619078116E2));
#9092=CARTESIAN_POINT('',(1.779445637612E2,-3.583067479075E1,
-2.326730885005E2));
#9093=CARTESIAN_POINT('',(1.779359031811E2,-3.590127069103E1,
-2.326788033949E2));
#9094=CARTESIAN_POINT('',(1.779214350484E2,-3.598205615837E1,
-2.326792922397E2));
#9095=CARTESIAN_POINT('',(1.779139595736E2,-3.602019917795E1,
-2.326786272180E2));
#9096=CARTESIAN_POINT('',(1.779060915007E2,-3.605788897669E1,
-2.326772629940E2));
#9097=CARTESIAN_POINT('',(1.778950908807E2,-3.610760233011E1,
-2.326745678373E2));
#9098=CARTESIAN_POINT('',(1.778776075190E2,-3.618110603318E1,
-2.326688226194E2));
#9099=CARTESIAN_POINT('',(1.778573959620E2,-3.625935304122E1,
-2.326603808987E2));
#9100=CARTESIAN_POINT('',(1.778377176156E2,-3.633069491016E1,
-2.326511020875E2));
#9101=CARTESIAN_POINT('',(1.778255147082E2,-3.637316917062E1,
-2.326450152156E2));
#9102=CARTESIAN_POINT('',(1.778161640836E2,-3.640485881706E1,
-2.326402181515E2));
#9103=CARTESIAN_POINT('',(1.777986125304E2,-3.646347230775E1,
-2.326310916121E2));
#9104=CARTESIAN_POINT('',(1.777824558122E2,-3.651469672708E1,
-2.326223479129E2));
#9105=CARTESIAN_POINT('',(1.777679873898E2,-3.655885358353E1,
-2.326145037501E2));
#9106=CARTESIAN_POINT('',(1.776853851472E2,-3.573347403739E1,
-2.328527768900E2));
#9107=CARTESIAN_POINT('',(1.776811844021E2,-3.578687234614E1,
-2.328619663356E2));
#9108=CARTESIAN_POINT('',(1.776722818892E2,-3.585002377143E1,
-2.328671622632E2));
#9109=CARTESIAN_POINT('',(1.776590337888E2,-3.592244545917E1,
-2.328681893623E2));
#9110=CARTESIAN_POINT('',(1.776523370779E2,-3.595666674618E1,
-2.328679157693E2));
#9111=CARTESIAN_POINT('',(1.776453808500E2,-3.599050776666E1,
-2.328670190559E2));
#9112=CARTESIAN_POINT('',(1.776357657861E2,-3.603518234183E1,
-2.328650506051E2));
#9113=CARTESIAN_POINT('',(1.776206748703E2,-3.610134275013E1,
-2.328605866210E2));
#9114=CARTESIAN_POINT('',(1.776034127083E2,-3.617191979275E1,
-2.328537102803E2));
#9115=CARTESIAN_POINT('',(1.775867242725E2,-3.623628478796E1,
-2.328460189605E2));
#9116=CARTESIAN_POINT('',(1.775764158161E2,-3.627460397024E1,
-2.328409469302E2));
#9117=CARTESIAN_POINT('',(1.775685348295E2,-3.630318501104E1,
-2.328369444092E2));
#9118=CARTESIAN_POINT('',(1.775537594268E2,-3.635603709984E1,
-2.328293276933E2));
#9119=CARTESIAN_POINT('',(1.775402111483E2,-3.640217873858E1,
-2.328220354081E2));
#9120=CARTESIAN_POINT('',(1.775281007995E2,-3.644187350182E1,
-2.328155480319E2));
#9121=CARTESIAN_POINT('',(1.773528773733E2,-3.568517827874E1,
-2.330493701317E2));
#9122=CARTESIAN_POINT('',(1.773467122215E2,-3.573041512256E1,
-2.330559606346E2));
#9123=CARTESIAN_POINT('',(1.773378814837E2,-3.578400589427E1,
-2.330603781471E2));
#9124=CARTESIAN_POINT('',(1.773262546222E2,-3.584558866457E1,
-2.330619543766E2));
#9125=CARTESIAN_POINT('',(1.773205172245E2,-3.587471087096E1,
-2.330621174149E2));
#9126=CARTESIAN_POINT('',(1.773146299722E2,-3.590353243312E1,
-2.330617597746E2));
#9127=CARTESIAN_POINT('',(1.773065825303E2,-3.594161675538E1,
-2.330606495906E2));
#9128=CARTESIAN_POINT('',(1.772940904894E2,-3.599813279127E1,
-2.330577365279E2));
#9129=CARTESIAN_POINT('',(1.772798726657E2,-3.605858454979E1,
-2.330528130109E2));
#9130=CARTESIAN_POINT('',(1.772662047455E2,-3.611372792516E1,
-2.330471530906E2));
#9131=CARTESIAN_POINT('',(1.772577964410E2,-3.614655588728E1,
-2.330433994815E2));
#9132=CARTESIAN_POINT('',(1.772513880040E2,-3.617103223793E1,
-2.330404396775E2));
#9133=CARTESIAN_POINT('',(1.772393949383E2,-3.621628181692E1,
-2.330348152596E2));
#9134=CARTESIAN_POINT('',(1.772284703035E2,-3.625573675270E1,
-2.330294733793E2));
#9135=CARTESIAN_POINT('',(1.772187726484E2,-3.628959570396E1,
-2.330248368592E2));
#9136=CARTESIAN_POINT('',(1.770656837941E2,-3.564210752358E1,
-2.331831624764E2));
#9137=CARTESIAN_POINT('',(1.770591608178E2,-3.568106503908E1,
-2.331878280172E2));
#9138=CARTESIAN_POINT('',(1.770508018405E2,-3.572690562734E1,
-2.331913186608E2));
#9139=CARTESIAN_POINT('',(1.770403833631E2,-3.577930502942E1,
-2.331929516135E2));
#9140=CARTESIAN_POINT('',(1.770353105478E2,-3.580404084187E1,
-2.331933094237E2));
#9141=CARTESIAN_POINT('',(1.770301504922E2,-3.582848631130E1,
-2.331932791531E2));
#9142=CARTESIAN_POINT('',(1.770231574033E2,-3.586075463252E1,
-2.331927698018E2));
#9143=CARTESIAN_POINT('',(1.770124182033E2,-3.590860809563E1,
-2.331910803681E2));
#9144=CARTESIAN_POINT('',(1.770003542336E2,-3.595979491300E1,
-2.331878819454E2));
#9145=CARTESIAN_POINT('',(1.769889205818E2,-3.600648426946E1,
-2.331840038478E2));
#9146=CARTESIAN_POINT('',(1.769819575067E2,-3.603428894404E1,
-2.331813692967E2));
#9147=CARTESIAN_POINT('',(1.769766907773E2,-3.605502751522E1,
-2.331792603657E2));
#9148=CARTESIAN_POINT('',(1.769668778611E2,-3.609337666108E1,
-2.331752205996E2));
#9149=CARTESIAN_POINT('',(1.769580843706E2,-3.612685025757E1,
-2.331712789663E2));
#9150=CARTESIAN_POINT('',(1.769504103003E2,-3.615562377447E1,
-2.331677667254E2));
#9151=CARTESIAN_POINT('',(1.768281105235E2,-3.560686502356E1,
-2.332736252862E2));
#9152=CARTESIAN_POINT('',(1.768222105247E2,-3.564060639364E1,
-2.332770436730E2));
#9153=CARTESIAN_POINT('',(1.768145889187E2,-3.567999377018E1,
-2.332796771052E2));
#9154=CARTESIAN_POINT('',(1.768051492365E2,-3.572472695781E1,
-2.332810774508E2));
#9155=CARTESIAN_POINT('',(1.768005697730E2,-3.574579767081E1,
-2.332814580782E2));
#9156=CARTESIAN_POINT('',(1.767959335402E2,-3.576658302280E1,
-2.332815748140E2));
#9157=CARTESIAN_POINT('',(1.767896826010E2,-3.579397955633E1,
-2.332814094538E2));
#9158=CARTESIAN_POINT('',(1.767801648587E2,-3.583454519180E1,
-2.332805309285E2));
#9159=CARTESIAN_POINT('',(1.767696530539E2,-3.587789757260E1,
-2.332786144644E2));
#9160=CARTESIAN_POINT('',(1.767598698813E2,-3.591745615182E1,
-2.332760903433E2));
#9161=CARTESIAN_POINT('',(1.767539889557E2,-3.594103324771E1,
-2.332743017667E2));
#9162=CARTESIAN_POINT('',(1.767495842975E2,-3.595863445511E1,
-2.332728269681E2));
#9163=CARTESIAN_POINT('',(1.767414247854E2,-3.599120149788E1,
-2.332699555725E2));
#9164=CARTESIAN_POINT('',(1.767342703960E2,-3.601969930350E1,
-2.332669955993E2));
#9165=CARTESIAN_POINT('',(1.767281683169E2,-3.604428817065E1,
-2.332641825440E2));
#9166=CARTESIAN_POINT('',(1.766463965149E2,-3.558101387676E1,
-2.333330729131E2));
#9167=CARTESIAN_POINT('',(1.766412504330E2,-3.561031563374E1,
-2.333355270574E2));
#9168=CARTESIAN_POINT('',(1.766344340532E2,-3.564443120576E1,
-2.333375210832E2));
#9169=CARTESIAN_POINT('',(1.766258835073E2,-3.568309901616E1,
-2.333387300941E2));
#9170=CARTESIAN_POINT('',(1.766217218786E2,-3.570130055565E1,
-2.333391123807E2));
#9171=CARTESIAN_POINT('',(1.766175008648E2,-3.571924591576E1,
-2.333393139273E2));
#9172=CARTESIAN_POINT('',(1.766118076494E2,-3.574288971149E1,
-2.333393603069E2));
#9173=CARTESIAN_POINT('',(1.766031522372E2,-3.577788620950E1,
-2.333389906521E2));
#9174=CARTESIAN_POINT('',(1.765936809389E2,-3.581529127899E1,
-2.333378792848E2));
#9175=CARTESIAN_POINT('',(1.765850211043E2,-3.584945525913E1,
-2.333362183748E2));
#9176=CARTESIAN_POINT('',(1.765798937874E2,-3.586983644481E1,
-2.333349751229E2));
#9177=CARTESIAN_POINT('',(1.765761034713E2,-3.588506506762E1,
-2.333339133628E2));
#9178=CARTESIAN_POINT('',(1.765691385659E2,-3.591325759503E1,
-2.333318080031E2));
#9179=CARTESIAN_POINT('',(1.765632274113E2,-3.593798176494E1,
-2.333295099224E2));
#9180=CARTESIAN_POINT('',(1.765583932611E2,-3.595937549136E1,
-2.333271936001E2));
#9181=CARTESIAN_POINT('',(1.764612446950E2,-3.555571707084E1,
-2.333838973784E2));
#9182=CARTESIAN_POINT('',(1.764571770581E2,-3.558031085843E1,
-2.333854914463E2));
#9183=CARTESIAN_POINT('',(1.764514147223E2,-3.560890685339E1,
-2.333868814161E2));
#9184=CARTESIAN_POINT('',(1.764439066902E2,-3.564129231997E1,
-2.333878551685E2));
#9185=CARTESIAN_POINT('',(1.764402138477E2,-3.565653310412E1,
-2.333882047057E2));
#9186=CARTESIAN_POINT('',(1.764364397732E2,-3.567155719220E1,
-2.333884452107E2));
#9187=CARTESIAN_POINT('',(1.764313241373E2,-3.569135115162E1,
-2.333886285082E2));
#9188=CARTESIAN_POINT('',(1.764235183065E2,-3.572065061407E1,
-2.333886279383E2));
#9189=CARTESIAN_POINT('',(1.764150250304E2,-3.575198948138E1,
-2.333881393273E2));
#9190=CARTESIAN_POINT('',(1.764074211736E2,-3.578066826739E1,
-2.333871755164E2));
#9191=CARTESIAN_POINT('',(1.764030093505E2,-3.579780575543E1,
-2.333863835743E2));
#9192=CARTESIAN_POINT('',(1.763998092328E2,-3.581062928233E1,
-2.333856700442E2));
#9193=CARTESIAN_POINT('',(1.763940001954E2,-3.583439036886E1,
-2.333842176265E2));
#9194=CARTESIAN_POINT('',(1.763893220470E2,-3.585530131166E1,
-2.333825082966E2));
#9195=CARTESIAN_POINT('',(1.763857856616E2,-3.587347199528E1,
-2.333806623571E2));
#9196=CARTESIAN_POINT('',(1.762728878407E2,-3.553180056893E1,
-2.334259469570E2));
#9197=CARTESIAN_POINT('',(1.762702112681E2,-3.555151765326E1,
-2.334268042672E2));
#9198=CARTESIAN_POINT('',(1.762657730844E2,-3.557443825678E1,
-2.334276448807E2));
#9199=CARTESIAN_POINT('',(1.762595094147E2,-3.560040254689E1,
-2.334283455950E2));
#9200=CARTESIAN_POINT('',(1.762563623733E2,-3.561262330190E1,
-2.334286273211E2));
#9201=CARTESIAN_POINT('',(1.762530948712E2,-3.562467269640E1,
-2.334288565015E2));
#9202=CARTESIAN_POINT('',(1.762486163710E2,-3.564055179441E1,
-2.334290920955E2));
#9203=CARTESIAN_POINT('',(1.762417116170E2,-3.566406602271E1,
-2.334292995101E2));
#9204=CARTESIAN_POINT('',(1.762342094077E2,-3.568925061731E1,
-2.334292208079E2));
#9205=CARTESIAN_POINT('',(1.762276702912E2,-3.571236797706E1,
-2.334287599604E2));
#9206=CARTESIAN_POINT('',(1.762239843558E2,-3.572621704256E1,
-2.334283102691E2));
#9207=CARTESIAN_POINT('',(1.762213882928E2,-3.573660215616E1,
-2.334278705838E2));
#9208=CARTESIAN_POINT('',(1.762167686403E2,-3.575587006790E1,
-2.334269423987E2));
#9209=CARTESIAN_POINT('',(1.762133829835E2,-3.577291301704E1,
-2.334257429343E2));
#9210=CARTESIAN_POINT('',(1.762112400158E2,-3.578781058001E1,
-2.334243472269E2));
#9211=CARTESIAN_POINT('',(1.760811214306E2,-3.551228712811E1,
-2.334589784012E2));
#9212=CARTESIAN_POINT('',(1.760796469053E2,-3.552701030838E1,
-2.334593767306E2));
#9213=CARTESIAN_POINT('',(1.760765672959E2,-3.554418191567E1,
-2.334598067763E2));
#9214=CARTESIAN_POINT('',(1.760718124674E2,-3.556369728039E1,
-2.334602060386E2));
#9215=CARTESIAN_POINT('',(1.760693711852E2,-3.557289370041E1,
-2.334603757180E2));
#9216=CARTESIAN_POINT('',(1.760667963715E2,-3.558197117435E1,
-2.334605232012E2));
#9217=CARTESIAN_POINT('',(1.760632283187E2,-3.559394601268E1,
-2.334606883314E2));
#9218=CARTESIAN_POINT('',(1.760576693938E2,-3.561170074070E1,
-2.334608678701E2));
#9219=CARTESIAN_POINT('',(1.760516240462E2,-3.563075612048E1,
-2.334608984342E2));
#9220=CARTESIAN_POINT('',(1.760464678627E2,-3.564830707288E1,
-2.334606854104E2));
#9221=CARTESIAN_POINT('',(1.760436342467E2,-3.565884833850E1,
-2.334604458943E2));
#9222=CARTESIAN_POINT('',(1.760416929347E2,-3.566676923633E1,
-2.334601983251E2));
#9223=CARTESIAN_POINT('',(1.760383057974E2,-3.568148308828E1,
-2.334596637057E2));
#9224=CARTESIAN_POINT('',(1.760360718403E2,-3.569455846592E1,
-2.334589350924E2));
#9225=CARTESIAN_POINT('',(1.760350003964E2,-3.570604505600E1,
-2.334580532508E2));
#9226=CARTESIAN_POINT('',(1.759203113260E2,-3.549779082193E1,
-2.334787077489E2));
#9227=CARTESIAN_POINT('',(1.759192592360E2,-3.550826264684E1,
-2.334789218967E2));
#9228=CARTESIAN_POINT('',(1.759170419888E2,-3.552058471893E1,
-2.334791440593E2));
#9229=CARTESIAN_POINT('',(1.759136038478E2,-3.553469576579E1,
-2.334793422907E2));
#9230=CARTESIAN_POINT('',(1.759118365332E2,-3.554136307421E1,
-2.334794249491E2));
#9231=CARTESIAN_POINT('',(1.759099706089E2,-3.554795918857E1,
-2.334794952948E2));
#9232=CARTESIAN_POINT('',(1.759073823873E2,-3.555667739202E1,
-2.334795720582E2));
#9233=CARTESIAN_POINT('',(1.759033443826E2,-3.556963121717E1,
-2.334796514767E2));
#9234=CARTESIAN_POINT('',(1.758989421252E2,-3.558356275540E1,
-2.334796537922E2));
#9235=CARTESIAN_POINT('',(1.758951750011E2,-3.559641372817E1,
-2.334795320055E2));
#9236=CARTESIAN_POINT('',(1.758930985383E2,-3.560413705003E1,
-2.334794017502E2));
#9237=CARTESIAN_POINT('',(1.758916718423E2,-3.560994206922E1,
-2.334792692960E2));
#9238=CARTESIAN_POINT('',(1.758891775663E2,-3.562072661767E1,
-2.334789850386E2));
#9239=CARTESIAN_POINT('',(1.758875142099E2,-3.563031248178E1,
-2.334786028511E2));
#9240=CARTESIAN_POINT('',(1.758866910660E2,-3.563872799807E1,
-2.334781437391E2));
#9241=CARTESIAN_POINT('',(1.757911538877E2,-3.548535356036E1,
-2.334897293596E2));
#9242=CARTESIAN_POINT('',(1.757903732378E2,-3.549247702216E1,
-2.334898364856E2));
#9243=CARTESIAN_POINT('',(1.757888028393E2,-3.550093016548E1,
-2.334899459688E2));
#9244=CARTESIAN_POINT('',(1.757864025518E2,-3.551067923082E1,
-2.334900427662E2));
#9245=CARTESIAN_POINT('',(1.757851725626E2,-3.551529671254E1,
-2.334900829962E2));
#9246=CARTESIAN_POINT('',(1.757838765474E2,-3.551987433702E1,
-2.334901171671E2));
#9247=CARTESIAN_POINT('',(1.757820808846E2,-3.552593506756E1,
-2.334901544526E2));
#9248=CARTESIAN_POINT('',(1.757792810517E2,-3.553495721566E1,
-2.334901933499E2));
#9249=CARTESIAN_POINT('',(1.757762216733E2,-3.554467691024E1,
-2.334901958692E2));
#9250=CARTESIAN_POINT('',(1.757735844039E2,-3.555365277251E1,
-2.334901386764E2));
#9251=CARTESIAN_POINT('',(1.757721193891E2,-3.555904927802E1,
-2.334900768960E2));
#9252=CARTESIAN_POINT('',(1.757711045801E2,-3.556310580159E1,
-2.334900138375E2));
#9253=CARTESIAN_POINT('',(1.757693201017E2,-3.557064205980E1,
-2.334898783114E2));
#9254=CARTESIAN_POINT('',(1.757680918502E2,-3.557733983525E1,
-2.334896954902E2));
#9255=CARTESIAN_POINT('',(1.757674277739E2,-3.558321423276E1,
-2.334894753861E2));
#9256=CARTESIAN_POINT('',(1.756612210893E2,-3.547279287439E1,
-2.334976291982E2));
#9257=CARTESIAN_POINT('',(1.756608256503E2,-3.547663354700E1,
-2.334976516541E2));
#9258=CARTESIAN_POINT('',(1.756599777597E2,-3.548124595039E1,
-2.334976749687E2));
#9259=CARTESIAN_POINT('',(1.756586511628E2,-3.548661966280E1,
-2.334976960411E2));
#9260=CARTESIAN_POINT('',(1.756579675483E2,-3.548917369275E1,
-2.334977049028E2));
#9261=CARTESIAN_POINT('',(1.756572441322E2,-3.549171329169E1,
-2.334977125429E2));
#9262=CARTESIAN_POINT('',(1.756562384589E2,-3.549508427318E1,
-2.334977210392E2));
#9263=CARTESIAN_POINT('',(1.756546643144E2,-3.550011688950E1,
-2.334977303711E2));
#9264=CARTESIAN_POINT('',(1.756529376055E2,-3.550555537765E1,
-2.334977319214E2));
#9265=CARTESIAN_POINT('',(1.756514474978E2,-3.551059108245E1,
-2.334977191967E2));
#9266=CARTESIAN_POINT('',(1.756506197823E2,-3.551362295149E1,
-2.334977049233E2));
#9267=CARTESIAN_POINT('',(1.756500468435E2,-3.551590391296E1,
-2.334976901194E2));
#9268=CARTESIAN_POINT('',(1.756490400096E2,-3.552014335469E1,
-2.334976580914E2));
#9269=CARTESIAN_POINT('',(1.756483497609E2,-3.552391657993E1,
-2.334976142048E2));
#9270=CARTESIAN_POINT('',(1.756479821472E2,-3.552722750473E1,
-2.334975606591E2));
#9271=CARTESIAN_POINT('',(1.755640758368E2,-3.546312021305E1,-2.335E2));
#9272=CARTESIAN_POINT('',(1.755639102740E2,-3.546464692328E1,-2.335E2));
#9273=CARTESIAN_POINT('',(1.755635669744E2,-3.546648573457E1,-2.335E2));
#9274=CARTESIAN_POINT('',(1.755630354250E2,-3.546863080602E1,-2.335E2));
#9275=CARTESIAN_POINT('',(1.755627621336E2,-3.546965060618E1,-2.335E2));
#9276=CARTESIAN_POINT('',(1.755624733721E2,-3.547066469737E1,-2.335E2));
#9277=CARTESIAN_POINT('',(1.755620723233E2,-3.547201057646E1,-2.335E2));
#9278=CARTESIAN_POINT('',(1.755614450102E2,-3.547401843087E1,-2.335E2));
#9279=CARTESIAN_POINT('',(1.755607562685E2,-3.547618493683E1,-2.335E2));
#9280=CARTESIAN_POINT('',(1.755601594125E2,-3.547819145179E1,-2.335E2));
#9281=CARTESIAN_POINT('',(1.755598263780E2,-3.547940001894E1,-2.335E2));
#9282=CARTESIAN_POINT('',(1.755595947574E2,-3.548030976784E1,-2.335E2));
#9283=CARTESIAN_POINT('',(1.755591863579E2,-3.548200127105E1,-2.335E2));
#9284=CARTESIAN_POINT('',(1.755589012978E2,-3.548350909646E1,-2.335E2));
#9285=CARTESIAN_POINT('',(1.755587421180E2,-3.548483537798E1,-2.335E2));
#9286=CARTESIAN_POINT('',(1.755E2,-3.545672601486E1,-2.335E2));
#9287=CARTESIAN_POINT('',(1.755E2,-3.545672601486E1,-2.335E2));
#9288=CARTESIAN_POINT('',(1.755E2,-3.545672601486E1,-2.335E2));
#9289=CARTESIAN_POINT('',(1.755E2,-3.545672601486E1,-2.335E2));
#9290=CARTESIAN_POINT('',(1.755E2,-3.545672601486E1,-2.335E2));
#9291=CARTESIAN_POINT('',(1.755E2,-3.545672601486E1,-2.335E2));
#9292=CARTESIAN_POINT('',(1.755E2,-3.545672601486E1,-2.335E2));
#9293=CARTESIAN_POINT('',(1.755E2,-3.545672601486E1,-2.335E2));
#9294=CARTESIAN_POINT('',(1.755E2,-3.545672601486E1,-2.335E2));
#9295=CARTESIAN_POINT('',(1.755E2,-3.545672601486E1,-2.335E2));
#9296=CARTESIAN_POINT('',(1.755E2,-3.545672601486E1,-2.335E2));
#9297=CARTESIAN_POINT('',(1.755E2,-3.545672601486E1,-2.335E2));
#9298=CARTESIAN_POINT('',(1.755E2,-3.545672601486E1,-2.335E2));
#9299=CARTESIAN_POINT('',(1.755E2,-3.545672601486E1,-2.335E2));
#9300=CARTESIAN_POINT('',(1.755E2,-3.545672601486E1,-2.335E2));
#9301=B_SPLINE_SURFACE_WITH_KNOTS('',3,3,((#8956,#8957,#8958,#8959,#8960,#8961,
#8962,#8963,#8964,#8965,#8966,#8967,#8968,#8969,#8970),(#8971,#8972,#8973,#8974,
#8975,#8976,#8977,#8978,#8979,#8980,#8981,#8982,#8983,#8984,#8985),(#8986,#8987,
#8988,#8989,#8990,#8991,#8992,#8993,#8994,#8995,#8996,#8997,#8998,#8999,#9000),(
#9001,#9002,#9003,#9004,#9005,#9006,#9007,#9008,#9009,#9010,#9011,#9012,#9013,
#9014,#9015),(#9016,#9017,#9018,#9019,#9020,#9021,#9022,#9023,#9024,#9025,#9026,
#9027,#9028,#9029,#9030),(#9031,#9032,#9033,#9034,#9035,#9036,#9037,#9038,#9039,
#9040,#9041,#9042,#9043,#9044,#9045),(#9046,#9047,#9048,#9049,#9050,#9051,#9052,
#9053,#9054,#9055,#9056,#9057,#9058,#9059,#9060),(#9061,#9062,#9063,#9064,#9065,
#9066,#9067,#9068,#9069,#9070,#9071,#9072,#9073,#9074,#9075),(#9076,#9077,#9078,
#9079,#9080,#9081,#9082,#9083,#9084,#9085,#9086,#9087,#9088,#9089,#9090),(#9091,
#9092,#9093,#9094,#9095,#9096,#9097,#9098,#9099,#9100,#9101,#9102,#9103,#9104,
#9105),(#9106,#9107,#9108,#9109,#9110,#9111,#9112,#9113,#9114,#9115,#9116,#9117,
#9118,#9119,#9120),(#9121,#9122,#9123,#9124,#9125,#9126,#9127,#9128,#9129,#9130,
#9131,#9132,#9133,#9134,#9135),(#9136,#9137,#9138,#9139,#9140,#9141,#9142,#9143,
#9144,#9145,#9146,#9147,#9148,#9149,#9150),(#9151,#9152,#9153,#9154,#9155,#9156,
#9157,#9158,#9159,#9160,#9161,#9162,#9163,#9164,#9165),(#9166,#9167,#9168,#9169,
#9170,#9171,#9172,#9173,#9174,#9175,#9176,#9177,#9178,#9179,#9180),(#9181,#9182,
#9183,#9184,#9185,#9186,#9187,#9188,#9189,#9190,#9191,#9192,#9193,#9194,#9195),(
#9196,#9197,#9198,#9199,#9200,#9201,#9202,#9203,#9204,#9205,#9206,#9207,#9208,
#9209,#9210),(#9211,#9212,#9213,#9214,#9215,#9216,#9217,#9218,#9219,#9220,#9221,
#9222,#9223,#9224,#9225),(#9226,#9227,#9228,#9229,#9230,#9231,#9232,#9233,#9234,
#9235,#9236,#9237,#9238,#9239,#9240),(#9241,#9242,#9243,#9244,#9245,#9246,#9247,
#9248,#9249,#9250,#9251,#9252,#9253,#9254,#9255),(#9256,#9257,#9258,#9259,#9260,
#9261,#9262,#9263,#9264,#9265,#9266,#9267,#9268,#9269,#9270),(#9271,#9272,#9273,
#9274,#9275,#9276,#9277,#9278,#9279,#9280,#9281,#9282,#9283,#9284,#9285),(#9286,
#9287,#9288,#9289,#9290,#9291,#9292,#9293,#9294,#9295,#9296,#9297,#9298,#9299,
#9300)),.UNSPECIFIED.,.F.,.F.,.F.,(4,1,1,1,1,1,1,1,1,1,1,1,1,1,1,1,1,1,1,1,4),
(4,1,1,1,1,1,1,1,1,1,1,1,4),(-2.639624148047E-2,1.261412684315E-1,
1.892119026472E-1,2.522825368630E-1,3.150545300960E-1,3.778265233289E-1,
5.033705097949E-1,5.345225233028E-1,5.656745368106E-1,6.279785638264E-1,
6.902825908421E-1,7.525866178578E-1,7.835132906256E-1,8.144399633934E-1,
8.453666361611E-1,8.762933089289E-1,9.072199816967E-1,9.381466544645E-1,
9.536099908483E-1,9.690733272322E-1,1.E0),(-1.418039415218E-1,1.249999867602E-1,
1.874999933801E-1,2.5E-1,3.125E-1,3.75E-1,5.E-1,6.875E-1,7.8125E-1,8.75E-1,
9.123548222175E-1,9.497096444349E-1,1.187264332549E0),.UNSPECIFIED.);
#9302=ORIENTED_EDGE('',*,*,#8950,.F.);
#9304=ORIENTED_EDGE('',*,*,#9303,.T.);
#9306=ORIENTED_EDGE('',*,*,#9305,.F.);
#9307=EDGE_LOOP('',(#9302,#9304,#9306));
#9308=FACE_OUTER_BOUND('',#9307,.F.);
#9309=ADVANCED_FACE('',(#9308),#9301,.T.);
#9310=CARTESIAN_POINT('',(1.794823672527E2,-3.599673164201E1,
-2.294645590698E2));
#9311=CARTESIAN_POINT('',(1.795054531154E2,-3.608599672383E1,
-2.294604783048E2));
#9312=CARTESIAN_POINT('',(1.795027146495E2,-3.621552972645E1,
-2.294545673081E2));
#9313=CARTESIAN_POINT('',(1.794659062158E2,-3.638132315012E1,
-2.294470044279E2));
#9314=CARTESIAN_POINT('',(1.794311465884E2,-3.649813353113E1,
-2.294416745023E2));
#9315=CARTESIAN_POINT('',(1.793300487685E2,-3.677750067931E1,
-2.294289261133E2));
#9316=CARTESIAN_POINT('',(1.792136442832E2,-3.700696386400E1,
-2.294184564332E2));
#9317=CARTESIAN_POINT('',(1.791114739425E2,-3.719619917284E1,
-2.294098221038E2));
#9318=CARTESIAN_POINT('',(1.794823732008E2,-3.599734909358E1,
-2.294768641047E2));
#9319=CARTESIAN_POINT('',(1.795054513095E2,-3.608665581555E1,
-2.294742352413E2));
#9320=CARTESIAN_POINT('',(1.795027132759E2,-3.621624364321E1,
-2.294703839933E2));
#9321=CARTESIAN_POINT('',(1.794659203829E2,-3.638210242372E1,
-2.294654450975E2));
#9322=CARTESIAN_POINT('',(1.794311773660E2,-3.649895768136E1,
-2.294619704495E2));
#9323=CARTESIAN_POINT('',(1.793301306534E2,-3.677843011041E1,
-2.294536644635E2));
#9324=CARTESIAN_POINT('',(1.792137912142E2,-3.700797722912E1,
-2.294468372505E2));
#9325=CARTESIAN_POINT('',(1.791116554825E2,-3.719728941639E1,
-2.294412072766E2));
#9326=CARTESIAN_POINT('',(1.794823768043E2,-3.599768395306E1,
-2.294892149719E2));
#9327=CARTESIAN_POINT('',(1.795054505778E2,-3.608695377591E1,
-2.294879882847E2));
#9328=CARTESIAN_POINT('',(1.795027117466E2,-3.621652128980E1,
-2.294861927409E2));
#9329=CARTESIAN_POINT('',(1.794659303100E2,-3.638238949661E1,
-2.294838906096E2));
#9330=CARTESIAN_POINT('',(1.794312004483E2,-3.649926244997E1,
-2.294822708452E2));
#9331=CARTESIAN_POINT('',(1.793301918188E2,-3.677879622799E1,
-2.294783987709E2));
#9332=CARTESIAN_POINT('',(1.792138912005E2,-3.700842025361E1,
-2.294752162753E2));
#9333=CARTESIAN_POINT('',(1.791117768912E2,-3.719773701578E1,
-2.294725913655E2));
#9334=CARTESIAN_POINT('',(1.794823768344E2,-3.599761270670E1,
-2.295015636838E2));
#9335=CARTESIAN_POINT('',(1.795054508724E2,-3.608686906332E1,
-2.295017415260E2));
#9336=CARTESIAN_POINT('',(1.795027109779E2,-3.621641822893E1,
-2.295020018535E2));
#9337=CARTESIAN_POINT('',(1.794659326552E2,-3.638226249680E1,
-2.295023356336E2));
#9338=CARTESIAN_POINT('',(1.794312075145E2,-3.649911824395E1,
-2.295025704780E2));
#9339=CARTESIAN_POINT('',(1.793302136429E2,-3.677861482954E1,
-2.295031318768E2));
#9340=CARTESIAN_POINT('',(1.792139323733E2,-3.700822934661E1,
-2.295035932977E2));
#9341=CARTESIAN_POINT('',(1.791118532547E2,-3.719760931156E1,
-2.295039738695E2));
#9342=B_SPLINE_SURFACE_WITH_KNOTS('',3,3,((#9310,#9311,#9312,#9313,#9314,#9315,
#9316,#9317),(#9318,#9319,#9320,#9321,#9322,#9323,#9324,#9325),(#9326,#9327,
#9328,#9329,#9330,#9331,#9332,#9333),(#9334,#9335,#9336,#9337,#9338,#9339,#9340,
#9341)),.UNSPECIFIED.,.F.,.F.,.F.,(4,4),(4,1,1,1,1,4),(-9.755439295754E-2,
1.048368099676E0),(-1.460773927756E-1,1.25E-1,2.5E-1,3.75E-1,5.E-1,
1.163278861235E0),.UNSPECIFIED.);
#9344=ORIENTED_EDGE('',*,*,#9343,.F.);
#9346=ORIENTED_EDGE('',*,*,#9345,.F.);
#9347=ORIENTED_EDGE('',*,*,#9303,.F.);
#9348=EDGE_LOOP('',(#9344,#9346,#9347));
#9349=FACE_OUTER_BOUND('',#9348,.F.);
#9350=ADVANCED_FACE('',(#9349),#9342,.T.);
#9351=CARTESIAN_POINT('',(1.794240829038E2,-3.592738656716E1,
-2.298057607975E2));
#9352=CARTESIAN_POINT('',(1.794237259479E2,-3.581231930329E1,
-2.270980928714E2));
#9353=CARTESIAN_POINT('',(1.794233689920E2,-3.569725203943E1,
-2.243904249452E2));
#9354=CARTESIAN_POINT('',(1.794230120361E2,-3.558218477556E1,
-2.216827570190E2));
#9355=CARTESIAN_POINT('',(1.794719646315E2,-3.597550911947E1,
-2.298057607803E2));
#9356=CARTESIAN_POINT('',(1.794718296375E2,-3.586066807963E1,
-2.270980928541E2));
#9357=CARTESIAN_POINT('',(1.794716946435E2,-3.574582703979E1,
-2.243904249280E2));
#9358=CARTESIAN_POINT('',(1.794715596495E2,-3.563098599994E1,
-2.216827570018E2));
#9359=CARTESIAN_POINT('',(1.794997874871E2,-3.604883993335E1,
-2.298057646597E2));
#9360=CARTESIAN_POINT('',(1.794997864939E2,-3.593434112087E1,
-2.270980945873E2));
#9361=CARTESIAN_POINT('',(1.794997855006E2,-3.581984230839E1,
-2.243904245149E2));
#9362=CARTESIAN_POINT('',(1.794997845074E2,-3.570534349591E1,
-2.216827544426E2));
#9363=CARTESIAN_POINT('',(1.795004505148E2,-3.637994082725E1,
-2.298057646535E2));
#9364=CARTESIAN_POINT('',(1.795004526204E2,-3.626699248125E1,
-2.270980945846E2));
#9365=CARTESIAN_POINT('',(1.795004547260E2,-3.615404413525E1,
-2.243904245156E2));
#9366=CARTESIAN_POINT('',(1.795004568317E2,-3.604109578925E1,
-2.216827544466E2));
#9367=CARTESIAN_POINT('',(1.792518200066E2,-3.712540051991E1,
-2.298057646596E2));
#9368=CARTESIAN_POINT('',(1.792506578422E2,-3.701594297779E1,
-2.270980945873E2));
#9369=CARTESIAN_POINT('',(1.792494956777E2,-3.690648543566E1,
-2.243904245150E2));
#9370=CARTESIAN_POINT('',(1.792483335133E2,-3.679702789353E1,
-2.216827544426E2));
#9371=CARTESIAN_POINT('',(1.775348330278E2,-3.966130274790E1,
-2.298057646572E2));
#9372=CARTESIAN_POINT('',(1.775256306303E2,-3.956372021740E1,
-2.270980945862E2));
#9373=CARTESIAN_POINT('',(1.775164282327E2,-3.946613768690E1,
-2.243904245152E2));
#9374=CARTESIAN_POINT('',(1.775072258351E2,-3.936855515640E1,
-2.216827544442E2));
#9375=CARTESIAN_POINT('',(1.739147831683E2,-4.398280606559E1,
-2.298057646578E2));
#9376=CARTESIAN_POINT('',(1.738886289619E2,-4.390546007966E1,
-2.270980945865E2));
#9377=CARTESIAN_POINT('',(1.738624747554E2,-4.382811409374E1,
-2.243904245151E2));
#9378=CARTESIAN_POINT('',(1.738363205490E2,-4.375076810782E1,
-2.216827544438E2));
#9379=CARTESIAN_POINT('',(1.685927250351E2,-4.959272503501E1,
-2.298057646577E2));
#9380=CARTESIAN_POINT('',(1.685416489299E2,-4.954164892979E1,
-2.270980945864E2));
#9381=CARTESIAN_POINT('',(1.684905728247E2,-4.949057282458E1,
-2.243904245152E2));
#9382=CARTESIAN_POINT('',(1.684394967194E2,-4.943949671936E1,
-2.216827544439E2));
#9383=CARTESIAN_POINT('',(1.629828060655E2,-5.491478316869E1,
-2.298057646577E2));
#9384=CARTESIAN_POINT('',(1.629054600797E2,-5.488862896212E1,
-2.270980945864E2));
#9385=CARTESIAN_POINT('',(1.628281140938E2,-5.486247475554E1,
-2.243904245152E2));
#9386=CARTESIAN_POINT('',(1.627507681079E2,-5.483632054896E1,
-2.216827544439E2));
#9387=CARTESIAN_POINT('',(1.586613027483E2,-5.853483302638E1,
-2.298057646577E2));
#9388=CARTESIAN_POINT('',(1.585637202176E2,-5.852563062932E1,
-2.270980945864E2));
#9389=CARTESIAN_POINT('',(1.584661376870E2,-5.851642823225E1,
-2.243904245152E2));
#9390=CARTESIAN_POINT('',(1.583685551563E2,-5.850722583519E1,
-2.216827544439E2));
#9391=CARTESIAN_POINT('',(1.561254005190E2,-6.025182001202E1,
-2.298057646577E2));
#9392=CARTESIAN_POINT('',(1.560159429775E2,-6.025065784574E1,
-2.270980945864E2));
#9393=CARTESIAN_POINT('',(1.559064854360E2,-6.024949567946E1,
-2.243904245152E2));
#9394=CARTESIAN_POINT('',(1.557970278944E2,-6.024833351317E1,
-2.216827544439E2));
#9395=CARTESIAN_POINT('',(1.552050321260E2,-6.055878717440E1,
-2.298057646577E2));
#9396=CARTESIAN_POINT('',(1.550912647240E2,-6.055906246039E1,
-2.270980945864E2));
#9397=CARTESIAN_POINT('',(1.549774973220E2,-6.055933774637E1,
-2.243904245152E2));
#9398=CARTESIAN_POINT('',(1.548637299201E2,-6.055961303235E1,
-2.216827544439E2));
#9399=CARTESIAN_POINT('',(1.549758078067E2,-6.047211145353E1,
-2.298057646577E2));
#9400=CARTESIAN_POINT('',(1.548609670032E2,-6.047198085828E1,
-2.270980945864E2));
#9401=CARTESIAN_POINT('',(1.547461261997E2,-6.047185026303E1,
-2.243904245152E2));
#9402=CARTESIAN_POINT('',(1.546312853962E2,-6.047171966778E1,
-2.216827544439E2));
#9403=CARTESIAN_POINT('',(1.549258348110E2,-6.042717365544E1,
-2.298057646577E2));
#9404=CARTESIAN_POINT('',(1.548107599962E2,-6.042683262745E1,
-2.270980945864E2));
#9405=CARTESIAN_POINT('',(1.546956851813E2,-6.042649159947E1,
-2.243904245152E2));
#9406=CARTESIAN_POINT('',(1.545806103665E2,-6.042615057148E1,
-2.216827544439E2));
#9407=B_SPLINE_SURFACE_WITH_KNOTS('',3,3,((#9351,#9352,#9353,#9354),(#9355,
#9356,#9357,#9358),(#9359,#9360,#9361,#9362),(#9363,#9364,#9365,#9366),(#9367,
#9368,#9369,#9370),(#9371,#9372,#9373,#9374),(#9375,#9376,#9377,#9378),(#9379,
#9380,#9381,#9382),(#9383,#9384,#9385,#9386),(#9387,#9388,#9389,#9390),(#9391,
#9392,#9393,#9394),(#9395,#9396,#9397,#9398),(#9399,#9400,#9401,#9402),(#9403,
#9404,#9405,#9406)),.UNSPECIFIED.,.F.,.F.,.F.,(4,1,1,1,1,1,1,1,1,1,1,4),(4,4),(
-5.876334053781E-2,0.E0,8.957570230668E-5,1.250783787402E-1,2.500671817780E-1,
3.750559848158E-1,5.000447878537E-1,6.250335908915E-1,7.500223939294E-1,
8.750111969672E-1,1.E0,1.058763340536E0),(-3.304457421331E-3,9.999959237146E-1),
.UNSPECIFIED.);
#9409=ORIENTED_EDGE('',*,*,#9408,.F.);
#9411=ORIENTED_EDGE('',*,*,#9410,.F.);
#9413=ORIENTED_EDGE('',*,*,#9412,.T.);
#9414=ORIENTED_EDGE('',*,*,#9343,.T.);
#9415=ORIENTED_EDGE('',*,*,#7082,.F.);
#9417=ORIENTED_EDGE('',*,*,#9416,.F.);
#9419=ORIENTED_EDGE('',*,*,#9418,.F.);
#9420=EDGE_LOOP('',(#9409,#9411,#9413,#9414,#9415,#9417,#9419));
#9421=FACE_OUTER_BOUND('',#9420,.F.);
#9422=ADVANCED_FACE('',(#9421),#9407,.T.);
#9423=CARTESIAN_POINT('',(9.37E1,-6.05E1,-2.395E2));
#9424=DIRECTION('',(0.E0,-1.E0,0.E0));
#9425=DIRECTION('',(1.E0,0.E0,0.E0));
#9426=AXIS2_PLACEMENT_3D('',#9423,#9424,#9425);
#9427=PLANE('',#9426);
#9429=ORIENTED_EDGE('',*,*,#9428,.T.);
#9431=ORIENTED_EDGE('',*,*,#9430,.F.);
#9432=ORIENTED_EDGE('',*,*,#9408,.T.);
#9434=ORIENTED_EDGE('',*,*,#9433,.F.);
#9435=EDGE_LOOP('',(#9429,#9431,#9432,#9434));
#9436=FACE_OUTER_BOUND('',#9435,.F.);
#9437=ADVANCED_FACE('',(#9436),#9427,.F.);
#9438=CARTESIAN_POINT('',(9.695987059849E1,-6.042701057830E1,
-2.326064425277E2));
#9439=CARTESIAN_POINT('',(9.711745426470E1,-6.042654034111E1,
-2.289649698604E2));
#9440=CARTESIAN_POINT('',(9.727503793091E1,-6.042607010393E1,
-2.253234971931E2));
#9441=CARTESIAN_POINT('',(9.743262159712E1,-6.042559986675E1,
-2.216820245258E2));
#9442=CARTESIAN_POINT('',(9.691011926527E1,-6.047203464591E1,
-2.326064425277E2));
#9443=CARTESIAN_POINT('',(9.706738240659E1,-6.047185447802E1,
-2.289649698604E2));
#9444=CARTESIAN_POINT('',(9.722464554790E1,-6.047167431014E1,
-2.253234971931E2));
#9445=CARTESIAN_POINT('',(9.738190868922E1,-6.047149414226E1,
-2.216820245258E2));
#9446=CARTESIAN_POINT('',(9.668207294773E1,-6.055873032159E1,
-2.326064425277E2));
#9447=CARTESIAN_POINT('',(9.683786689179E1,-6.055910869396E1,
-2.289649698604E2));
#9448=CARTESIAN_POINT('',(9.699366083586E1,-6.055948706634E1,
-2.253234971931E2));
#9449=CARTESIAN_POINT('',(9.714945477992E1,-6.055986543871E1,
-2.216820245258E2));
#9450=CARTESIAN_POINT('',(9.576535373805E1,-6.025297982986E1,
-2.326064425277E2));
#9451=CARTESIAN_POINT('',(9.591524168301E1,-6.025138839282E1,
-2.289649698604E2));
#9452=CARTESIAN_POINT('',(9.606512962796E1,-6.024979695578E1,
-2.253234971931E2));
#9453=CARTESIAN_POINT('',(9.621501757291E1,-6.024820551875E1,
-2.216820245258E2));
#9454=CARTESIAN_POINT('',(9.324130350729E1,-5.854401764632E1,
-2.326064425277E2));
#9455=CARTESIAN_POINT('',(9.337493016061E1,-5.853141615405E1,
-2.289649698604E2));
#9456=CARTESIAN_POINT('',(9.350855681394E1,-5.851881466178E1,
-2.253234971931E2));
#9457=CARTESIAN_POINT('',(9.364218346726E1,-5.850621316951E1,
-2.216820245258E2));
#9458=CARTESIAN_POINT('',(8.893999759352E1,-5.494088676712E1,
-2.326064425277E2));
#9459=CARTESIAN_POINT('',(8.904591291645E1,-5.490507196424E1,
-2.289649698604E2));
#9460=CARTESIAN_POINT('',(8.915182823939E1,-5.486925716136E1,
-2.253234971931E2));
#9461=CARTESIAN_POINT('',(8.925774356233E1,-5.483344235848E1,
-2.216820245258E2));
#9462=CARTESIAN_POINT('',(8.335629767484E1,-4.964370232526E1,
-2.326064425277E2));
#9463=CARTESIAN_POINT('',(8.342623979421E1,-4.957376020590E1,
-2.289649698604E2));
#9464=CARTESIAN_POINT('',(8.349618191358E1,-4.950381808655E1,
-2.253234971931E2));
#9465=CARTESIAN_POINT('',(8.356612403295E1,-4.943387596719E1,
-2.216820245258E2));
#9466=CARTESIAN_POINT('',(7.805911323294E1,-4.406000240662E1,
-2.326064425277E2));
#9467=CARTESIAN_POINT('',(7.809492803582E1,-4.395408708371E1,
-2.289649698604E2));
#9468=CARTESIAN_POINT('',(7.813074283871E1,-4.384817176079E1,
-2.253234971931E2));
#9469=CARTESIAN_POINT('',(7.816655764160E1,-4.374225643787E1,
-2.216820245258E2));
#9470=CARTESIAN_POINT('',(7.445598235371E1,-3.975869649286E1,
-2.326064425277E2));
#9471=CARTESIAN_POINT('',(7.446858384598E1,-3.962506983956E1,
-2.289649698604E2));
#9472=CARTESIAN_POINT('',(7.448118533826E1,-3.949144318626E1,
-2.253234971931E2));
#9473=CARTESIAN_POINT('',(7.449378683053E1,-3.935781653296E1,
-2.216820245258E2));
#9474=CARTESIAN_POINT('',(7.274702017015E1,-3.723464626211E1,
-2.326064425277E2));
#9475=CARTESIAN_POINT('',(7.274861160719E1,-3.708475831718E1,
-2.289649698604E2));
#9476=CARTESIAN_POINT('',(7.275020304423E1,-3.693487037225E1,
-2.253234971931E2));
#9477=CARTESIAN_POINT('',(7.275179448126E1,-3.678498242733E1,
-2.216820245258E2));
#9478=CARTESIAN_POINT('',(7.244126967839E1,-3.631792705236E1,
-2.326064425277E2));
#9479=CARTESIAN_POINT('',(7.244089130601E1,-3.616213310832E1,
-2.289649698604E2));
#9480=CARTESIAN_POINT('',(7.244051293363E1,-3.600633916429E1,
-2.253234971931E2));
#9481=CARTESIAN_POINT('',(7.244013456126E1,-3.585054522025E1,
-2.216820245258E2));
#9482=CARTESIAN_POINT('',(7.252796535412E1,-3.608988073483E1,
-2.326064425277E2));
#9483=CARTESIAN_POINT('',(7.252814552200E1,-3.593261759354E1,
-2.289649698604E2));
#9484=CARTESIAN_POINT('',(7.252832568987E1,-3.577535445225E1,
-2.253234971931E2));
#9485=CARTESIAN_POINT('',(7.252850585775E1,-3.561809131095E1,
-2.216820245258E2));
#9486=CARTESIAN_POINT('',(7.257298942175E1,-3.604012940163E1,
-2.326064425277E2));
#9487=CARTESIAN_POINT('',(7.257345965893E1,-3.588254573544E1,
-2.289649698604E2));
#9488=CARTESIAN_POINT('',(7.257392989611E1,-3.572496206925E1,
-2.253234971931E2));
#9489=CARTESIAN_POINT('',(7.257440013329E1,-3.556737840306E1,
-2.216820245258E2));
#9490=B_SPLINE_SURFACE_WITH_KNOTS('',3,3,((#9438,#9439,#9440,#9441),(#9442,
#9443,#9444,#9445),(#9446,#9447,#9448,#9449),(#9450,#9451,#9452,#9453),(#9454,
#9455,#9456,#9457),(#9458,#9459,#9460,#9461),(#9462,#9463,#9464,#9465),(#9466,
#9467,#9468,#9469),(#9470,#9471,#9472,#9473),(#9474,#9475,#9476,#9477),(#9478,
#9479,#9480,#9481),(#9482,#9483,#9484,#9485),(#9486,#9487,#9488,#9489)),
.UNSPECIFIED.,.F.,.F.,.F.,(4,1,1,1,1,1,1,1,1,1,4),(4,4),(-5.898852037150E-2,
0.E0,1.249999999893E-1,2.499999999898E-1,3.749999999903E-1,4.999999999908E-1,
6.249999999912E-1,7.499999999917E-1,8.749999999922E-1,1.E0,1.058988520378E0),(
3.300848833706E-6,1.000064742880E0),.UNSPECIFIED.);
#9491=ORIENTED_EDGE('',*,*,#7232,.F.);
#9492=ORIENTED_EDGE('',*,*,#7263,.F.);
#9494=ORIENTED_EDGE('',*,*,#9493,.F.);
#9496=ORIENTED_EDGE('',*,*,#9495,.T.);
#9498=ORIENTED_EDGE('',*,*,#9497,.F.);
#9500=ORIENTED_EDGE('',*,*,#9499,.F.);
#9502=ORIENTED_EDGE('',*,*,#9501,.F.);
#9503=ORIENTED_EDGE('',*,*,#9428,.F.);
#9505=ORIENTED_EDGE('',*,*,#9504,.F.);
#9506=EDGE_LOOP('',(#9491,#9492,#9494,#9496,#9498,#9500,#9502,#9503,#9505));
#9507=FACE_OUTER_BOUND('',#9506,.F.);
#9508=ADVANCED_FACE('',(#9507),#9490,.T.);
#9509=CARTESIAN_POINT('',(7.65E1,-3.3502E1,-2.295E2));
#9510=DIRECTION('',(0.E0,-1.E0,0.E0));
#9511=DIRECTION('',(0.E0,0.E0,-1.E0));
#9512=AXIS2_PLACEMENT_3D('',#9509,#9510,#9511);
#9513=CYLINDRICAL_SURFACE('',#9512,4.E0);
#9515=ORIENTED_EDGE('',*,*,#9514,.T.);
#9516=ORIENTED_EDGE('',*,*,#9493,.T.);
#9517=ORIENTED_EDGE('',*,*,#7261,.T.);
#9518=ORIENTED_EDGE('',*,*,#8398,.F.);
#9519=ORIENTED_EDGE('',*,*,#8660,.T.);
#9520=EDGE_LOOP('',(#9515,#9516,#9517,#9518,#9519));
#9521=FACE_OUTER_BOUND('',#9520,.F.);
#9522=ADVANCED_FACE('',(#9521),#9513,.F.);
#9523=CARTESIAN_POINT('',(8.242805332755E1,-3.488320310433E1,-2.275E2));
#9524=DIRECTION('',(-1.E0,0.E0,0.E0));
#9525=DIRECTION('',(0.E0,0.E0,1.E0));
#9526=AXIS2_PLACEMENT_3D('',#9523,#9524,#9525);
#9527=CYLINDRICAL_SURFACE('',#9526,6.E0);
#9528=ORIENTED_EDGE('',*,*,#8658,.T.);
#9530=ORIENTED_EDGE('',*,*,#9529,.F.);
#9532=ORIENTED_EDGE('',*,*,#9531,.T.);
#9534=ORIENTED_EDGE('',*,*,#9533,.F.);
#9535=ORIENTED_EDGE('',*,*,#9495,.F.);
#9536=ORIENTED_EDGE('',*,*,#9514,.F.);
#9537=EDGE_LOOP('',(#9528,#9530,#9532,#9534,#9535,#9536));
#9538=FACE_OUTER_BOUND('',#9537,.F.);
#9539=ADVANCED_FACE('',(#9538),#9527,.F.);
#9540=CARTESIAN_POINT('',(1.26E2,-4.E0,-2.275E2));
#9541=DIRECTION('',(0.E0,0.E0,-1.E0));
#9542=DIRECTION('',(-1.E0,0.E0,0.E0));
#9543=AXIS2_PLACEMENT_3D('',#9540,#9541,#9542);
#9544=TOROIDAL_SURFACE('',#9543,4.552786404500E1,6.E0);
#9546=ORIENTED_EDGE('',*,*,#9545,.F.);
#9548=ORIENTED_EDGE('',*,*,#9547,.F.);
#9549=ORIENTED_EDGE('',*,*,#9529,.T.);
#9550=ORIENTED_EDGE('',*,*,#8656,.F.);
#9551=EDGE_LOOP('',(#9546,#9548,#9549,#9550));
#9552=FACE_OUTER_BOUND('',#9551,.F.);
#9553=ADVANCED_FACE('',(#9552),#9544,.F.);
#9554=CARTESIAN_POINT('',(1.011650517713E2,-5.250521424628E1,-2.275E2));
#9555=DIRECTION('',(0.E0,1.E0,0.E0));
#9556=DIRECTION('',(0.E0,0.E0,1.E0));
#9557=AXIS2_PLACEMENT_3D('',#9554,#9555,#9556);
#9558=CYLINDRICAL_SURFACE('',#9557,6.E0);
#9560=ORIENTED_EDGE('',*,*,#9559,.F.);
#9561=ORIENTED_EDGE('',*,*,#9499,.T.);
#9563=ORIENTED_EDGE('',*,*,#9562,.F.);
#9565=ORIENTED_EDGE('',*,*,#9564,.T.);
#9566=ORIENTED_EDGE('',*,*,#9545,.T.);
#9567=ORIENTED_EDGE('',*,*,#8654,.T.);
#9568=EDGE_LOOP('',(#9560,#9561,#9563,#9565,#9566,#9567));
#9569=FACE_OUTER_BOUND('',#9568,.F.);
#9570=ADVANCED_FACE('',(#9569),#9558,.F.);
#9571=CARTESIAN_POINT('',(1.26E2,-5.45E1,-2.275E2));
#9572=DIRECTION('',(1.E0,0.E0,0.E0));
#9573=DIRECTION('',(0.E0,0.E0,-1.E0));
#9574=AXIS2_PLACEMENT_3D('',#9571,#9572,#9573);
#9575=CYLINDRICAL_SURFACE('',#9574,6.E0);
#9576=ORIENTED_EDGE('',*,*,#9559,.T.);
#9577=ORIENTED_EDGE('',*,*,#8652,.T.);
#9579=ORIENTED_EDGE('',*,*,#9578,.F.);
#9580=ORIENTED_EDGE('',*,*,#9410,.T.);
#9581=ORIENTED_EDGE('',*,*,#9430,.T.);
#9582=ORIENTED_EDGE('',*,*,#9501,.T.);
#9583=EDGE_LOOP('',(#9576,#9577,#9579,#9580,#9581,#9582));
#9584=FACE_OUTER_BOUND('',#9583,.F.);
#9585=ADVANCED_FACE('',(#9584),#9575,.F.);
#9586=CARTESIAN_POINT('',(1.793095668927E2,-3.678828439437E1,
-2.292486904568E2));
#9587=CARTESIAN_POINT('',(1.794536739404E2,-3.685771606852E1,
-2.317897037559E2));
#9588=CARTESIAN_POINT('',(1.778474323699E2,-3.608381886462E1,
-2.336075833808E2));
#9589=CARTESIAN_POINT('',(1.755554786265E2,-3.497954126024E1,
-2.334961698956E2));
#9590=CARTESIAN_POINT('',(1.793008703056E2,-3.680633436245E1,
-2.292486904570E2));
#9591=CARTESIAN_POINT('',(1.794449773523E2,-3.687576603641E1,
-2.317897037548E2));
#9592=CARTESIAN_POINT('',(1.778387357818E2,-3.610186883250E1,
-2.336075833796E2));
#9593=CARTESIAN_POINT('',(1.755467820394E2,-3.499759122832E1,
-2.334961698957E2));
#9594=CARTESIAN_POINT('',(1.792792625001E2,-3.685085478862E1,
-2.292483415433E2));
#9595=CARTESIAN_POINT('',(1.794234127409E2,-3.692072568358E1,
-2.317895148008E2));
#9596=CARTESIAN_POINT('',(1.778189922141E2,-3.614303819612E1,
-2.336075952700E2));
#9597=CARTESIAN_POINT('',(1.755295366915E2,-3.503330459319E1,
-2.334961695811E2));
#9598=CARTESIAN_POINT('',(1.792721385297E2,-3.686711259905E1,
-2.292499116647E2));
#9599=CARTESIAN_POINT('',(1.794160951295E2,-3.693500556741E1,
-2.317903650218E2));
#9600=CARTESIAN_POINT('',(1.778034806659E2,-3.617437277447E1,
-2.336075417753E2));
#9601=CARTESIAN_POINT('',(1.755027815316E2,-3.508919444206E1,
-2.334961709965E2));
#9602=CARTESIAN_POINT('',(1.791765100201E2,-3.706019514794E1,
-2.292441546891E2));
#9603=CARTESIAN_POINT('',(1.793211407921E2,-3.713541583594E1,
-2.317872465529E2));
#9604=CARTESIAN_POINT('',(1.777385802792E2,-3.631222935804E1,
-2.336077379827E2));
#9605=CARTESIAN_POINT('',(1.754791323398E2,-3.513696296981E1,
-2.334961658069E2));
#9606=CARTESIAN_POINT('',(1.790964148806E2,-3.720852114484E1,
-2.292409862362E2));
#9607=CARTESIAN_POINT('',(1.792411758808E2,-3.728794557914E1,
-2.317855286685E2));
#9608=CARTESIAN_POINT('',(1.776771276022E2,-3.642987116563E1,
-2.336078460681E2));
#9609=CARTESIAN_POINT('',(1.754432298616E2,-3.520429618639E1,
-2.334961629508E2));
#9610=CARTESIAN_POINT('',(1.790051755950E2,-3.737116004088E1,
-2.292379303039E2));
#9611=CARTESIAN_POINT('',(1.791499723554E2,-3.745472154078E1,
-2.317838708716E2));
#9612=CARTESIAN_POINT('',(1.776043826662E2,-3.656278481230E1,
-2.336079503732E2));
#9613=CARTESIAN_POINT('',(1.753960027706E2,-3.528836030115E1,
-2.334961601961E2));
#9614=CARTESIAN_POINT('',(1.788761921198E2,-3.758899773897E1,
-2.292347351137E2));
#9615=CARTESIAN_POINT('',(1.790208324534E2,-3.767702282849E1,
-2.317821364251E2));
#9616=CARTESIAN_POINT('',(1.774960835480E2,-3.674919999339E1,
-2.336080595011E2));
#9617=CARTESIAN_POINT('',(1.753166122485E2,-3.542296273899E1,
-2.334961573158E2));
#9618=CARTESIAN_POINT('',(1.787262191931E2,-3.782988976805E1,
-2.292319451964E2));
#9619=CARTESIAN_POINT('',(1.788705691541E2,-3.792192480565E1,
-2.317806210905E2));
#9620=CARTESIAN_POINT('',(1.773652273799E2,-3.696228723629E1,
-2.336081548428E2));
#9621=CARTESIAN_POINT('',(1.752127451387E2,-3.559009162439E1,
-2.334961548008E2));
#9622=CARTESIAN_POINT('',(1.784975324391E2,-3.818045156234E1,
-2.292287720941E2));
#9623=CARTESIAN_POINT('',(1.786413504488E2,-3.827720244914E1,
-2.317788966269E2));
#9624=CARTESIAN_POINT('',(1.771596236097E2,-3.728068997788E1,
-2.336082633425E2));
#9625=CARTESIAN_POINT('',(1.750400707655E2,-3.585518916917E1,
-2.334961519405E2));
#9626=CARTESIAN_POINT('',(1.782218153982E2,-3.858146188603E1,
-2.292261173238E2));
#9627=CARTESIAN_POINT('',(1.783649756584E2,-3.868231105498E1,
-2.317774530140E2));
#9628=CARTESIAN_POINT('',(1.769047780609E2,-3.765402338985E1,
-2.336083541718E2));
#9629=CARTESIAN_POINT('',(1.748153283070E2,-3.618257512819E1,
-2.334961495475E2));
#9630=CARTESIAN_POINT('',(1.778963882882E2,-3.903356401907E1,
-2.292238749224E2));
#9631=CARTESIAN_POINT('',(1.780388203717E2,-3.913800749327E1,
-2.317762330528E2));
#9632=CARTESIAN_POINT('',(1.765982876112E2,-3.808195660072E1,
-2.336084309294E2));
#9633=CARTESIAN_POINT('',(1.745363925522E2,-3.657035970235E1,
-2.334961475260E2));
#9634=CARTESIAN_POINT('',(1.775731504441E2,-3.946710907585E1,
-2.292221941895E2));
#9635=CARTESIAN_POINT('',(1.777149069549E2,-3.957435224473E1,
-2.317753183108E2));
#9636=CARTESIAN_POINT('',(1.762902066013E2,-3.849673932671E1,
-2.336084884831E2));
#9637=CARTESIAN_POINT('',(1.742505395539E2,-3.695395715433E1,
-2.334961460110E2));
#9638=CARTESIAN_POINT('',(1.771429517405E2,-4.002814500431E1,
-2.292204315391E2));
#9639=CARTESIAN_POINT('',(1.772838551596E2,-4.013845355616E1,
-2.317743586683E2));
#9640=CARTESIAN_POINT('',(1.758768679185E2,-3.903739490584E1,
-2.336085488620E2));
#9641=CARTESIAN_POINT('',(1.738621230905E2,-3.746068405825E1,
-2.334961444221E2));
#9642=CARTESIAN_POINT('',(1.766046804889E2,-4.070600923214E1,
-2.292188403172E2));
#9643=CARTESIAN_POINT('',(1.767446317390E2,-4.081923785691E1,
-2.317734920639E2));
#9644=CARTESIAN_POINT('',(1.753553003142E2,-3.969568292500E1,
-2.336086033870E2));
#9645=CARTESIAN_POINT('',(1.733654433023E2,-3.808643201405E1,
-2.334961429876E2));
#9646=CARTESIAN_POINT('',(1.759553402014E2,-4.149597925426E1,
-2.292174643017E2));
#9647=CARTESIAN_POINT('',(1.760942751676E2,-4.161190537077E1,
-2.317727424446E2));
#9648=CARTESIAN_POINT('',(1.747220413245E2,-4.046730375637E1,
-2.336086505518E2));
#9649=CARTESIAN_POINT('',(1.727563261778E2,-3.882763183017E1,
-2.334961417474E2));
#9650=CARTESIAN_POINT('',(1.750840828684E2,-4.252664398520E1,
-2.292160884766E2));
#9651=CARTESIAN_POINT('',(1.752217470991E2,-4.264551099584E1,
-2.317719927301E2));
#9652=CARTESIAN_POINT('',(1.738687270317E2,-4.147793763E1,-2.336086977223E2));
#9653=CARTESIAN_POINT('',(1.719302158638E2,-3.980505008768E1,
-2.334961405070E2));
#9654=CARTESIAN_POINT('',(1.739841146419E2,-4.378298512347E1,
-2.292149414140E2));
#9655=CARTESIAN_POINT('',(1.741203602190E2,-4.390464261803E1,
-2.317713675130E2));
#9656=CARTESIAN_POINT('',(1.727868488220E2,-4.271462651599E1,
-2.336087370598E2));
#9657=CARTESIAN_POINT('',(1.708760137669E2,-4.100933793767E1,
-2.334961394730E2));
#9658=CARTESIAN_POINT('',(1.726468413238E2,-4.525619283462E1,
-2.292140636314E2));
#9659=CARTESIAN_POINT('',(1.727815178978E2,-4.538045920460E1,
-2.317708889741E2));
#9660=CARTESIAN_POINT('',(1.714676704986E2,-4.416864093970E1,
-2.336087671686E2));
#9661=CARTESIAN_POINT('',(1.695847925820E2,-4.243193285944E1,
-2.334961386818E2));
#9662=CARTESIAN_POINT('',(1.708413999520E2,-4.718493674463E1,
-2.292133368927E2));
#9663=CARTESIAN_POINT('',(1.709740184808E2,-4.731211846371E1,
-2.317704927180E2));
#9664=CARTESIAN_POINT('',(1.696835258153E2,-4.607523861827E1,
-2.336087921003E2));
#9665=CARTESIAN_POINT('',(1.678339606035E2,-4.430243980387E1,
-2.334961380267E2));
#9666=CARTESIAN_POINT('',(1.685432220989E2,-4.954138684122E1,
-2.292130290856E2));
#9667=CARTESIAN_POINT('',(1.686733020878E2,-4.967146473676E1,
-2.317703248665E2));
#9668=CARTESIAN_POINT('',(1.674092597698E2,-4.840744308310E1,
-2.336088026612E2));
#9669=CARTESIAN_POINT('',(1.655974983998E2,-4.659571129828E1,
-2.334961377492E2));
#9670=CARTESIAN_POINT('',(1.661868134167E2,-5.183960109101E1,
-2.292133364690E2));
#9671=CARTESIAN_POINT('',(1.663139976060E2,-5.197221764365E1,
-2.317704924869E2));
#9672=CARTESIAN_POINT('',(1.650770953491E2,-5.068174642613E1,
-2.336087921149E2));
#9673=CARTESIAN_POINT('',(1.633042643472E2,-4.883221183031E1,
-2.334961380263E2));
#9674=CARTESIAN_POINT('',(1.642581110695E2,-5.364507184435E1,
-2.292140627225E2));
#9675=CARTESIAN_POINT('',(1.643823805319E2,-5.377974639844E1,
-2.317708884785E2));
#9676=CARTESIAN_POINT('',(1.631705359340E2,-5.246592316714E1,
-2.336087671998E2));
#9677=CARTESIAN_POINT('',(1.614337899325E2,-5.058307965588E1,
-2.334961386810E2));
#9678=CARTESIAN_POINT('',(1.627849433619E2,-5.498236683312E1,
-2.292149399816E2));
#9679=CARTESIAN_POINT('',(1.629066046784E2,-5.511861029052E1,
-2.317713667321E2));
#9680=CARTESIAN_POINT('',(1.617165571402E2,-5.378512676969E1,
-2.336087371090E2));
#9681=CARTESIAN_POINT('',(1.600112232308E2,-5.187433129501E1,
-2.334961394717E2));
#9682=CARTESIAN_POINT('',(1.615286441674E2,-5.608235635078E1,
-2.292160863455E2));
#9683=CARTESIAN_POINT('',(1.616475160308E2,-5.622001828534E1,
-2.317719915687E2));
#9684=CARTESIAN_POINT('',(1.604799037901E2,-5.486703151068E1,
-2.336086977954E2));
#9685=CARTESIAN_POINT('',(1.588069601279E2,-5.292856750103E1,
-2.334961405052E2));
#9686=CARTESIAN_POINT('',(1.604980331714E2,-5.695362646372E1,
-2.292174611995E2));
#9687=CARTESIAN_POINT('',(1.606139656125E2,-5.709255887527E1,
-2.317727407544E2));
#9688=CARTESIAN_POINT('',(1.594693143845E2,-5.572036599340E1,
-2.336086506581E2));
#9689=CARTESIAN_POINT('',(1.578295707628E2,-5.375470874238E1,
-2.334961417445E2));
#9690=CARTESIAN_POINT('',(1.597081142735E2,-5.760297746216E1,
-2.292188361012E2));
#9691=CARTESIAN_POINT('',(1.598213508788E2,-5.774292590892E1,
-2.317734897675E2));
#9692=CARTESIAN_POINT('',(1.586977339426E2,-5.635364405369E1,
-2.336086035316E2));
#9693=CARTESIAN_POINT('',(1.570883933949E2,-5.436385696411E1,
-2.334961429839E2));
#9694=CARTESIAN_POINT('',(1.590303117416E2,-5.814125494046E1,
-2.292204258458E2));
#9695=CARTESIAN_POINT('',(1.591406304505E2,-5.828215526302E1,
-2.317743555681E2));
#9696=CARTESIAN_POINT('',(1.580394933130E2,-5.687522880617E1,
-2.336085490570E2));
#9697=CARTESIAN_POINT('',(1.564626689734E2,-5.486056955465E1,
-2.334961444169E2));
#9698=CARTESIAN_POINT('',(1.584693533038E2,-5.857145206265E1,
-2.292221863813E2));
#9699=CARTESIAN_POINT('',(1.585766097251E2,-5.871320514872E1,
-2.317753140605E2));
#9700=CARTESIAN_POINT('',(1.574988948333E2,-5.728858074696E1,
-2.336084887505E2));
#9701=CARTESIAN_POINT('',(1.559559651679E2,-5.524902042301E1,
-2.334961460039E2));
#9702=CARTESIAN_POINT('',(1.580358831774E2,-5.889468580413E1,
-2.292238649856E2));
#9703=CARTESIAN_POINT('',(1.581403429300E2,-5.903711420158E1,
-2.317762276455E2));
#9704=CARTESIAN_POINT('',(1.570841664751E2,-5.759667254903E1,
-2.336084312696E2));
#9705=CARTESIAN_POINT('',(1.555723879900E2,-5.553490530156E1,
-2.334961475171E2));
#9706=CARTESIAN_POINT('',(1.575839147082E2,-5.922008796449E1,
-2.292261030417E2));
#9707=CARTESIAN_POINT('',(1.576847862820E2,-5.936324426347E1,
-2.317774452458E2));
#9708=CARTESIAN_POINT('',(1.566563252520E2,-5.790316599198E1,
-2.336083546606E2));
#9709=CARTESIAN_POINT('',(1.551846263061E2,-5.581388321981E1,
-2.334961495345E2));
#9710=CARTESIAN_POINT('',(1.571830280648E2,-5.949578974541E1,
-2.292287540495E2));
#9711=CARTESIAN_POINT('',(1.572798064312E2,-5.963960355962E1,
-2.317788868166E2));
#9712=CARTESIAN_POINT('',(1.562830792492E2,-5.815802209422E1,
-2.336082639598E2));
#9713=CARTESIAN_POINT('',(1.548572680908E2,-5.603867237859E1,
-2.334961519242E2));
#9714=CARTESIAN_POINT('',(1.568328191521E2,-5.972435459429E1,
-2.292319138556E2));
#9715=CARTESIAN_POINT('',(1.569248997300E2,-5.986870073729E1,
-2.317806040636E2));
#9716=CARTESIAN_POINT('',(1.559649025836E2,-5.836358095028E1,
-2.336081559141E2));
#9717=CARTESIAN_POINT('',(1.545921874800E2,-5.621140763560E1,
-2.334961547726E2));
#9718=CARTESIAN_POINT('',(1.565920015276E2,-5.987433860327E1,
-2.292347019766E2));
#9719=CARTESIAN_POINT('',(1.566800740659E2,-6.001897517831E1,
-2.317821184300E2));
#9720=CARTESIAN_POINT('',(1.557518725498E2,-5.849446202697E1,
-2.336080606333E2));
#9721=CARTESIAN_POINT('',(1.544250883375E2,-5.631531872318E1,
-2.334961572860E2));
#9722=CARTESIAN_POINT('',(1.563750988483E2,-6.000291480358E1,
-2.292378591720E2));
#9723=CARTESIAN_POINT('',(1.564587576709E2,-6.014771121292E1,
-2.317838322727E2));
#9724=CARTESIAN_POINT('',(1.555660299008E2,-5.860255950075E1,
-2.336079528018E2));
#9725=CARTESIAN_POINT('',(1.542904639883E2,-5.639478561772E1,
-2.334961601319E2));
#9726=CARTESIAN_POINT('',(1.562119788403E2,-6.009445942497E1,
-2.292409372486E2));
#9727=CARTESIAN_POINT('',(1.562914701069E2,-6.023921904760E1,
-2.317855020967E2));
#9728=CARTESIAN_POINT('',(1.554328480961E2,-5.867548799131E1,
-2.336078477402E2));
#9729=CARTESIAN_POINT('',(1.542064828467E2,-5.644202992216E1,
-2.334961629066E2));
#9730=CARTESIAN_POINT('',(1.560674677918E2,-6.017272641546E1,
-2.292439528079E2));
#9731=CARTESIAN_POINT('',(1.561429512042E2,-6.031737346141E1,
-2.317871371335E2));
#9732=CARTESIAN_POINT('',(1.553175579683E2,-5.873592464686E1,
-2.336077448666E2));
#9733=CARTESIAN_POINT('',(1.541391115708E2,-5.647800669198E1,
-2.334961656250E2));
#9734=CARTESIAN_POINT('',(1.558706930506E2,-6.027047834558E1,
-2.292498651691E2));
#9735=CARTESIAN_POINT('',(1.559386430399E2,-6.041444372728E1,
-2.317903398541E2));
#9736=CARTESIAN_POINT('',(1.551775111855E2,-5.880204284041E1,
-2.336075433603E2));
#9737=CARTESIAN_POINT('',(1.540916150944E2,-5.650163479525E1,
-2.334961709544E2));
#9738=CARTESIAN_POINT('',(1.558550984545E2,-6.027721329281E1,
-2.292482084438E2));
#9739=CARTESIAN_POINT('',(1.559251372552E2,-6.042138022793E1,
-2.317894427127E2));
#9740=CARTESIAN_POINT('',(1.551460046926E2,-5.881764954388E1,
-2.336075998001E2));
#9741=CARTESIAN_POINT('',(1.540341906406E2,-5.652914027541E1,
-2.334961694615E2));
#9742=CARTESIAN_POINT('',(1.558070678017E2,-6.030059321359E1,
-2.292486429072E2));
#9743=CARTESIAN_POINT('',(1.558765593241E2,-6.044470704997E1,
-2.317896780192E2));
#9744=CARTESIAN_POINT('',(1.551021477947E2,-5.883870243782E1,
-2.336075850117E2));
#9745=CARTESIAN_POINT('',(1.539971295848E2,-5.654707326464E1,
-2.334961698519E2));
#9746=CARTESIAN_POINT('',(1.557884183627E2,-6.030957382096E1,
-2.292486070613E2));
#9747=CARTESIAN_POINT('',(1.558579548942E2,-6.045369210127E1,
-2.317896585927E2));
#9748=CARTESIAN_POINT('',(1.550831538484E2,-5.884787510325E1,
-2.336075862194E2));
#9749=CARTESIAN_POINT('',(1.539775750521E2,-5.655650329448E1,
-2.334961698207E2));
#9750=(BOUNDED_SURFACE()B_SPLINE_SURFACE(3,3,((#9586,#9587,#9588,#9589),(#9590,
#9591,#9592,#9593),(#9594,#9595,#9596,#9597),(#9598,#9599,#9600,#9601),(#9602,
#9603,#9604,#9605),(#9606,#9607,#9608,#9609),(#9610,#9611,#9612,#9613),(#9614,
#9615,#9616,#9617),(#9618,#9619,#9620,#9621),(#9622,#9623,#9624,#9625),(#9626,
#9627,#9628,#9629),(#9630,#9631,#9632,#9633),(#9634,#9635,#9636,#9637),(#9638,
#9639,#9640,#9641),(#9642,#9643,#9644,#9645),(#9646,#9647,#9648,#9649),(#9650,
#9651,#9652,#9653),(#9654,#9655,#9656,#9657),(#9658,#9659,#9660,#9661),(#9662,
#9663,#9664,#9665),(#9666,#9667,#9668,#9669),(#9670,#9671,#9672,#9673),(#9674,
#9675,#9676,#9677),(#9678,#9679,#9680,#9681),(#9682,#9683,#9684,#9685),(#9686,
#9687,#9688,#9689),(#9690,#9691,#9692,#9693),(#9694,#9695,#9696,#9697),(#9698,
#9699,#9700,#9701),(#9702,#9703,#9704,#9705),(#9706,#9707,#9708,#9709),(#9710,
#9711,#9712,#9713),(#9714,#9715,#9716,#9717),(#9718,#9719,#9720,#9721),(#9722,
#9723,#9724,#9725),(#9726,#9727,#9728,#9729),(#9730,#9731,#9732,#9733),(#9734,
#9735,#9736,#9737),(#9738,#9739,#9740,#9741),(#9742,#9743,#9744,#9745),(#9746,
#9747,#9748,#9749)),.UNSPECIFIED.,.F.,.F.,.F.)B_SPLINE_SURFACE_WITH_KNOTS((4,1,
1,1,1,1,1,1,1,1,1,1,1,1,1,1,1,1,1,1,1,1,1,1,1,1,1,1,1,1,1,1,1,1,1,1,1,1,4),(4,
4),(4.233356497315E-2,4.239367227537E-2,4.245377957759E-2,4.251388687980E-2,
4.257399418202E-2,4.269420878645E-2,4.281442339088E-2,4.305485259974E-2,
4.329528180861E-2,4.377614022633E-2,4.425699864406E-2,4.473785706178E-2,
4.521871547951E-2,4.618043231496E-2,4.714214915041E-2,4.810386598586E-2,
5.002729965677E-2,5.195073332767E-2,5.387416699857E-2,5.772103434038E-2,
6.156790168219E-2,6.349133535309E-2,6.541476902399E-2,6.733820269490E-2,
6.829991953035E-2,6.926163636580E-2,7.022335320125E-2,7.070421161898E-2,
7.118507003670E-2,7.166592845443E-2,7.214678687216E-2,7.238721608102E-2,
7.262764528988E-2,7.274785989431E-2,7.286807449875E-2,7.292818180096E-2,
7.298828910318E-2,7.304839640539E-2,7.311344929962E-2),(-3.169830034580E-2,
1.030959687266E0),.UNSPECIFIED.)GEOMETRIC_REPRESENTATION_ITEM()RATIONAL_B_SPLINE_SURFACE(((1.019576766116E0,7.940906609141E-1,7.939340429725E-1,
1.019106912292E0),(1.019576766116E0,7.940906609141E-1,7.939340429725E-1,
1.019106912292E0),(1.019578762867E0,7.940696590022E-1,7.939130250863E-1,
1.019108861119E0),(1.019569777491E0,7.941641675992E-1,7.940076055681E-1,
1.019100091398E0),(1.019602723867E0,7.938176360797E-1,7.936608104712E-1,
1.019132247041E0),(1.019620870999E0,7.936267636970E-1,7.934697929079E-1,
1.019149958632E0),(1.019638377501E0,7.934426294891E-1,7.932855186445E-1,
1.019167044968E0),(1.019656691416E0,7.932500028897E-1,7.930927455303E-1,
1.019184919337E0),(1.019672688785E0,7.930817418160E-1,7.929243564744E-1,
1.019200532760E0),(1.019690890621E0,7.928902940509E-1,7.927327630911E-1,
1.019218297742E0),(1.019706126020E0,7.927300474133E-1,7.925723945673E-1,
1.019233167482E0),(1.019718999235E0,7.925946463316E-1,7.924368904976E-1,
1.019245731734E0),(1.019728650614E0,7.924931326837E-1,7.923352996366E-1,
1.019255151473E0),(1.019738774475E0,7.923866494481E-1,7.922287354081E-1,
1.019265032355E0),(1.019747916137E0,7.922904970145E-1,7.921325098395E-1,
1.019273954612E0),(1.019755823087E0,7.922073313381E-1,7.920492809059E-1,
1.019281671791E0),(1.019763730278E0,7.921241631436E-1,7.919660494525E-1,
1.019289389205E0),(1.019770324049E0,7.920548095517E-1,7.918966431090E-1,
1.019295824720E0),(1.019775370598E0,7.920017297156E-1,7.918435228996E-1,
1.019300750149E0),(1.019779549184E0,7.919577791579E-1,7.917995389123E-1,
1.019304828446E0),(1.019781319202E0,7.919391620199E-1,7.917809076138E-1,
1.019306555984E0),(1.019779551620E0,7.919577535338E-1,7.917995132688E-1,
1.019304830824E0),(1.019775375824E0,7.920016747457E-1,7.918434678878E-1,
1.019300755250E0),(1.019770332284E0,7.920547229386E-1,7.918965564301E-1,
1.019295832758E0),(1.019763742527E0,7.921240342956E-1,7.919659205063E-1,
1.019289401161E0),(1.019755840915E0,7.922071438235E-1,7.920490932487E-1,
1.019281689191E0),(1.019747940361E0,7.922902422257E-1,7.921322548569E-1,
1.019273978255E0),(1.019738807180E0,7.923863054472E-1,7.922283911457E-1,
1.019265064275E0),(1.019728695456E0,7.924926610308E-1,7.923348276250E-1,
1.019255195239E0),(1.019719056291E0,7.925940462106E-1,7.924362899201E-1,
1.019245787420E0),(1.019706207992E0,7.927291852310E-1,7.925715317293E-1,
1.019233247487E0),(1.019690994180E0,7.928892048188E-1,7.927316730306E-1,
1.019218398815E0),(1.019672868508E0,7.930798514752E-1,7.929224646958E-1,
1.019200708170E0),(1.019656881460E0,7.932480039904E-1,7.930907451104E-1,
1.019185104821E0),(1.019638785048E0,7.934383429003E-1,7.932812287952E-1,
1.019167442732E0),(1.019621151775E0,7.936238104775E-1,7.934668374422E-1,
1.019150232669E0),(1.019603879651E0,7.938054794908E-1,7.936486446358E-1,
1.019133375086E0),(1.019570043360E0,7.941613711870E-1,7.940048070289E-1,
1.019100350885E0),(1.019579524532E0,7.940616477669E-1,7.939050077576E-1,
1.019109604504E0),(1.019577038142E0,7.940877997300E-1,7.939311796122E-1,
1.019107177789E0),(1.019577243293E0,7.940856419553E-1,7.939290201962E-1,
1.019107378015E0)))REPRESENTATION_ITEM('')SURFACE());
#9751=ORIENTED_EDGE('',*,*,#9305,.T.);
#9752=ORIENTED_EDGE('',*,*,#9345,.T.);
#9753=ORIENTED_EDGE('',*,*,#9412,.F.);
#9754=ORIENTED_EDGE('',*,*,#9578,.T.);
#9755=ORIENTED_EDGE('',*,*,#8650,.F.);
#9756=EDGE_LOOP('',(#9751,#9752,#9753,#9754,#9755));
#9757=FACE_OUTER_BOUND('',#9756,.F.);
#9758=ADVANCED_FACE('',(#9757),#9750,.F.);
#9759=CARTESIAN_POINT('',(9.546944780119E1,-5.985496852335E1,
-2.272296479871E2));
#9760=CARTESIAN_POINT('',(9.537935286794E1,-6.000238562355E1,
-2.297799963302E2));
#9761=CARTESIAN_POINT('',(9.631076407322E1,-5.847837133981E1,
-2.316091544940E2));
#9762=CARTESIAN_POINT('',(9.764283441167E1,-5.629878171815E1,
-2.314960872162E2));
#9763=CARTESIAN_POINT('',(9.511736358443E1,-5.963913197024E1,
-2.272251699929E2));
#9764=CARTESIAN_POINT('',(9.502076713888E1,-5.978610016548E1,
-2.297775619501E2));
#9765=CARTESIAN_POINT('',(9.600210351210E1,-5.829202071544E1,
-2.316093090336E2));
#9766=CARTESIAN_POINT('',(9.740641079875E1,-5.615406972991E1,
-2.314960831100E2));
#9767=CARTESIAN_POINT('',(9.455228422475E1,-5.925640584770E1,
-2.272212599126E2));
#9768=CARTESIAN_POINT('',(9.444966267604E1,-5.940238177586E1,
-2.297754342499E2));
#9769=CARTESIAN_POINT('',(9.547689919122E1,-5.793974819431E1,
-2.316094441065E2));
#9770=CARTESIAN_POINT('',(9.694763186416E1,-5.584578351332E1,
-2.314960795243E2));
#9771=CARTESIAN_POINT('',(9.352622654443E1,-5.850989426551E1,
-2.272164220989E2));
#9772=CARTESIAN_POINT('',(9.341568480104E1,-5.865416403241E1,
-2.297727997080E2));
#9773=CARTESIAN_POINT('',(9.450228741683E1,-5.723380283794E1,
-2.316096113535E2));
#9774=CARTESIAN_POINT('',(9.605900432619E1,-5.519915392455E1,
-2.314960750880E2));
#9775=CARTESIAN_POINT('',(9.236029425890E1,-5.759269737033E1,
-2.272135851075E2));
#9776=CARTESIAN_POINT('',(9.224461008207E1,-5.773529566562E1,
-2.297712534604E2));
#9777=CARTESIAN_POINT('',(9.337045177270E1,-5.634596034350E1,
-2.316097095137E2));
#9778=CARTESIAN_POINT('',(9.498392568362E1,-5.435502752543E1,
-2.314960724865E2));
#9779=CARTESIAN_POINT('',(9.102125886998E1,-5.647937093832E1,
-2.272114465420E2));
#9780=CARTESIAN_POINT('',(9.090127203434E1,-5.662028050351E1,
-2.297700873776E2));
#9781=CARTESIAN_POINT('',(9.206025515504E1,-5.525809253944E1,
-2.316097835397E2));
#9782=CARTESIAN_POINT('',(9.372164935862E1,-5.330552028505E1,
-2.314960705254E2));
#9783=CARTESIAN_POINT('',(8.929117810239E1,-5.497874650508E1,
-2.272096768275E2));
#9784=CARTESIAN_POINT('',(8.916701645817E1,-5.511760856150E1,
-2.297691220270E2));
#9785=CARTESIAN_POINT('',(9.035851011884E1,-5.378344125640E1,
-2.316098448229E2));
#9786=CARTESIAN_POINT('',(9.206691466244E1,-5.187063358979E1,
-2.314960689026E2));
#9787=CARTESIAN_POINT('',(8.719635941734E1,-5.307096143304E1,
-2.272084959543E2));
#9788=CARTESIAN_POINT('',(8.706857009157E1,-5.320759133545E1,
-2.297684776941E2));
#9789=CARTESIAN_POINT('',(8.829000199297E1,-5.190056625513E1,
-2.316098857268E2));
#9790=CARTESIAN_POINT('',(9.004156562434E1,-5.002637435848E1,
-2.314960678198E2));
#9791=CARTESIAN_POINT('',(8.475208647382E1,-5.073291150284E1,
-2.272079045352E2));
#9792=CARTESIAN_POINT('',(8.462097923407E1,-5.086691402972E1,
-2.297681549316E2));
#9793=CARTESIAN_POINT('',(8.587182622456E1,-4.958798393946E1,
-2.316099062166E2));
#9794=CARTESIAN_POINT('',(8.766567101788E1,-4.775391332593E1,
-2.314960672774E2));
#9795=CARTESIAN_POINT('',(8.236314336430E1,-4.834683817597E1,
-2.272078672785E2));
#9796=CARTESIAN_POINT('',(8.222925539888E1,-4.847811180712E1,
-2.297681346047E2));
#9797=CARTESIAN_POINT('',(8.350699970328E1,-4.722595597844E1,
-2.316099075072E2));
#9798=CARTESIAN_POINT('',(8.533937042162E1,-4.543021385555E1,
-2.314960672433E2));
#9799=CARTESIAN_POINT('',(7.921866782889E1,-4.506129438192E1,
-2.272087663201E2));
#9800=CARTESIAN_POINT('',(7.908121680447E1,-4.518791454936E1,
-2.297686252049E2));
#9801=CARTESIAN_POINT('',(8.039740637051E1,-4.397642299869E1,
-2.316098763617E2));
#9802=CARTESIAN_POINT('',(8.228467055208E1,-4.223918077591E1,
-2.314960680677E2));
#9803=CARTESIAN_POINT('',(7.693039904340E1,-4.250916066936E1,
-2.272099639191E2));
#9804=CARTESIAN_POINT('',(7.679068689844E1,-4.263228443195E1,
-2.297692787737E2));
#9805=CARTESIAN_POINT('',(7.813748164100E1,-4.145340422631E1,
-2.316098348757E2));
#9806=CARTESIAN_POINT('',(8.006800297557E1,-3.976274372373E1,
-2.314960691656E2));
#9807=CARTESIAN_POINT('',(7.543035418091E1,-4.065561794116E1,
-2.272137415338E2));
#9808=CARTESIAN_POINT('',(7.528766340379E1,-4.077100036744E1,
-2.297713387330E2));
#9809=CARTESIAN_POINT('',(7.667806027286E1,-3.964670416971E1,
-2.316097041002E2));
#9810=CARTESIAN_POINT('',(7.867053935013E1,-3.803555460015E1,
-2.314960726300E2));
#9811=(BOUNDED_SURFACE()B_SPLINE_SURFACE(3,3,((#9759,#9760,#9761,#9762),(#9763,
#9764,#9765,#9766),(#9767,#9768,#9769,#9770),(#9771,#9772,#9773,#9774),(#9775,
#9776,#9777,#9778),(#9779,#9780,#9781,#9782),(#9783,#9784,#9785,#9786),(#9787,
#9788,#9789,#9790),(#9791,#9792,#9793,#9794),(#9795,#9796,#9797,#9798),(#9799,
#9800,#9801,#9802),(#9803,#9804,#9805,#9806),(#9807,#9808,#9809,#9810)),
.UNSPECIFIED.,.F.,.F.,.F.)B_SPLINE_SURFACE_WITH_KNOTS((4,1,1,1,1,1,1,1,1,1,4),
(4,4),(5.681538833812E-3,6.530765879947E-3,7.352695339634E-3,8.996554259009E-3,
1.064041317838E-2,1.228427209776E-2,1.557198993651E-2,1.885970777526E-2,
2.214742561401E-2,2.543514345275E-2,3.211334393827E-2),(-3.227736540584E-2,
1.031236744050E0),.UNSPECIFIED.)GEOMETRIC_REPRESENTATION_ITEM()RATIONAL_B_SPLINE_SURFACE(((1.020037807860E0,7.930796907214E-1,7.928578350884E-1,
1.019372240961E0),(1.020063962985E0,7.928095999753E-1,7.925874547567E-1,
1.019397527329E0),(1.020086826918E0,7.925734956947E-1,7.923510973300E-1,
1.019419631824E0),(1.020115122054E0,7.922813061303E-1,7.920585944861E-1,
1.019446987122E0),(1.020131729140E0,7.921098131558E-1,7.918869176404E-1,
1.019463042593E0),(1.020144249093E0,7.919805259324E-1,7.917574917980E-1,
1.019475146690E0),(1.020154613164E0,7.918735014159E-1,7.916503525321E-1,
1.019485166512E0),(1.020161530112E0,7.918020735825E-1,7.915788481152E-1,
1.019491853710E0),(1.020164994906E0,7.917662944029E-1,7.915430305739E-1,
1.019495203420E0),(1.020165212906E0,7.917640432369E-1,7.915407769941E-1,
1.019495414177E0),(1.020159947355E0,7.918184179231E-1,7.915952099799E-1,
1.019490323525E0),(1.020152926888E0,7.918909147302E-1,7.916677845164E-1,
1.019483536246E0),(1.020130813573E0,7.921192677475E-1,7.918963823692E-1,
1.019462157438E0)))REPRESENTATION_ITEM('')SURFACE());
#9812=ORIENTED_EDGE('',*,*,#9562,.T.);
#9813=ORIENTED_EDGE('',*,*,#9497,.T.);
#9814=ORIENTED_EDGE('',*,*,#9533,.T.);
#9816=ORIENTED_EDGE('',*,*,#9815,.F.);
#9817=EDGE_LOOP('',(#9812,#9813,#9814,#9816));
#9818=FACE_OUTER_BOUND('',#9817,.F.);
#9819=ADVANCED_FACE('',(#9818),#9811,.F.);
#9820=CARTESIAN_POINT('',(1.263763797540E2,-4.776379753986E0,-2.315E2));
#9821=DIRECTION('',(0.E0,0.E0,1.E0));
#9822=DIRECTION('',(1.E0,0.E0,0.E0));
#9823=AXIS2_PLACEMENT_3D('',#9820,#9821,#9822);
#9824=PLANE('',#9823);
#9825=ORIENTED_EDGE('',*,*,#9531,.F.);
#9826=ORIENTED_EDGE('',*,*,#9547,.T.);
#9827=ORIENTED_EDGE('',*,*,#9564,.F.);
#9828=ORIENTED_EDGE('',*,*,#9815,.T.);
#9829=EDGE_LOOP('',(#9825,#9826,#9827,#9828));
#9830=FACE_OUTER_BOUND('',#9829,.F.);
#9831=ADVANCED_FACE('',(#9830),#9824,.T.);
#9832=CARTESIAN_POINT('',(9.37E1,-5.65E1,-2.26E2));
#9833=DIRECTION('',(-1.E0,0.E0,0.E0));
#9834=DIRECTION('',(0.E0,0.E0,1.E0));
#9835=AXIS2_PLACEMENT_3D('',#9832,#9833,#9834);
#9836=CYLINDRICAL_SURFACE('',#9835,4.E0);
#9837=ORIENTED_EDGE('',*,*,#7209,.T.);
#9838=ORIENTED_EDGE('',*,*,#7234,.T.);
#9839=ORIENTED_EDGE('',*,*,#9504,.T.);
#9840=ORIENTED_EDGE('',*,*,#9433,.T.);
#9841=ORIENTED_EDGE('',*,*,#9418,.T.);
#9843=ORIENTED_EDGE('',*,*,#9842,.T.);
#9844=EDGE_LOOP('',(#9837,#9838,#9839,#9840,#9841,#9843));
#9845=FACE_OUTER_BOUND('',#9844,.F.);
#9846=ADVANCED_FACE('',(#9845),#9836,.F.);
#9847=CARTESIAN_POINT('',(1.26E2,0.E0,-2.22E2));
#9848=DIRECTION('',(0.E0,0.E0,1.E0));
#9849=DIRECTION('',(1.E0,0.E0,0.E0));
#9850=AXIS2_PLACEMENT_3D('',#9847,#9848,#9849);
#9851=PLANE('',#9850);
#9852=ORIENTED_EDGE('',*,*,#9416,.T.);
#9853=ORIENTED_EDGE('',*,*,#7080,.T.);
#9855=ORIENTED_EDGE('',*,*,#9854,.T.);
#9856=ORIENTED_EDGE('',*,*,#7211,.T.);
#9857=ORIENTED_EDGE('',*,*,#9842,.F.);
#9858=EDGE_LOOP('',(#9852,#9853,#9855,#9856,#9857));
#9859=FACE_OUTER_BOUND('',#9858,.F.);
#9860=ADVANCED_FACE('',(#9859),#9851,.F.);
#9861=CARTESIAN_POINT('',(1.735E2,-3.139792665174E1,-2.22E2));
#9862=DIRECTION('',(0.E0,0.E0,1.E0));
#9863=DIRECTION('',(1.E0,0.E0,0.E0));
#9864=AXIS2_PLACEMENT_3D('',#9861,#9862,#9863);
#9865=CYLINDRICAL_SURFACE('',#9864,6.E0);
#9866=ORIENTED_EDGE('',*,*,#9854,.F.);
#9867=ORIENTED_EDGE('',*,*,#7078,.T.);
#9868=ORIENTED_EDGE('',*,*,#7193,.F.);
#9869=ORIENTED_EDGE('',*,*,#7213,.T.);
#9870=EDGE_LOOP('',(#9866,#9867,#9868,#9869));
#9871=FACE_OUTER_BOUND('',#9870,.F.);
#9872=ADVANCED_FACE('',(#9871),#9865,.F.);
#9873=CARTESIAN_POINT('',(1.26E2,-3.3502E1,-2.335E2));
#9874=DIRECTION('',(0.E0,0.E0,1.E0));
#9875=DIRECTION('',(1.E0,0.E0,0.E0));
#9876=AXIS2_PLACEMENT_3D('',#9873,#9874,#9875);
#9877=PLANE('',#9876);
#9878=ORIENTED_EDGE('',*,*,#7088,.F.);
#9879=ORIENTED_EDGE('',*,*,#8819,.T.);
#9880=ORIENTED_EDGE('',*,*,#8817,.T.);
#9881=EDGE_LOOP('',(#9878,#9879,#9880));
#9882=FACE_OUTER_BOUND('',#9881,.F.);
#9883=ADVANCED_FACE('',(#9882),#9877,.F.);
#9884=CARTESIAN_POINT('',(8.072990290695E1,-2.275148818589E1,-2.395E2));
#9885=DIRECTION('',(0.E0,0.E0,1.E0));
#9886=DIRECTION('',(1.E0,0.E0,0.E0));
#9887=AXIS2_PLACEMENT_3D('',#9884,#9885,#9886);
#9888=CYLINDRICAL_SURFACE('',#9887,2.15E0);
#9890=ORIENTED_EDGE('',*,*,#9889,.T.);
#9892=ORIENTED_EDGE('',*,*,#9891,.F.);
#9893=ORIENTED_EDGE('',*,*,#8664,.F.);
#9895=ORIENTED_EDGE('',*,*,#9894,.T.);
#9896=EDGE_LOOP('',(#9890,#9892,#9893,#9895));
#9897=FACE_OUTER_BOUND('',#9896,.F.);
#9898=ADVANCED_FACE('',(#9897),#9888,.F.);
#9899=CARTESIAN_POINT('',(8.072990290695E1,-2.275148818589E1,
-2.352499999987E2));
#9900=DIRECTION('',(0.E0,0.E0,-1.E0));
#9901=DIRECTION('',(0.E0,-1.E0,0.E0));
#9902=AXIS2_PLACEMENT_3D('',#9899,#9900,#9901);
#9903=CONICAL_SURFACE('',#9902,2.399999998684E0,4.5E1);
#9905=ORIENTED_EDGE('',*,*,#9904,.T.);
#9907=ORIENTED_EDGE('',*,*,#9906,.T.);
#9908=ORIENTED_EDGE('',*,*,#9889,.F.);
#9910=ORIENTED_EDGE('',*,*,#9909,.F.);
#9911=EDGE_LOOP('',(#9905,#9907,#9908,#9910));
#9912=FACE_OUTER_BOUND('',#9911,.F.);
#9913=ADVANCED_FACE('',(#9912),#9903,.F.);
#9914=CARTESIAN_POINT('',(8.485490290695E1,-2.275148818589E1,-2.355E2));
#9915=DIRECTION('',(0.E0,0.E0,-1.E0));
#9916=DIRECTION('',(-1.E0,0.E0,0.E0));
#9917=AXIS2_PLACEMENT_3D('',#9914,#9915,#9916);
#9918=PLANE('',#9917);
#9920=ORIENTED_EDGE('',*,*,#9919,.T.);
#9922=ORIENTED_EDGE('',*,*,#9921,.T.);
#9923=EDGE_LOOP('',(#9920,#9922));
#9924=FACE_OUTER_BOUND('',#9923,.F.);
#9926=ORIENTED_EDGE('',*,*,#9925,.F.);
#9927=ORIENTED_EDGE('',*,*,#9904,.F.);
#9928=EDGE_LOOP('',(#9926,#9927));
#9929=FACE_BOUND('',#9928,.F.);
#9930=ADVANCED_FACE('',(#9924,#9929),#9918,.T.);
#9931=CARTESIAN_POINT('',(8.072990290695E1,-2.275148818589E1,-2.395E2));
#9932=DIRECTION('',(0.E0,0.E0,1.E0));
#9933=DIRECTION('',(1.E0,0.E0,0.E0));
#9934=AXIS2_PLACEMENT_3D('',#9931,#9932,#9933);
#9935=CYLINDRICAL_SURFACE('',#9934,4.125E0);
#9936=ORIENTED_EDGE('',*,*,#9919,.F.);
#9938=ORIENTED_EDGE('',*,*,#9937,.T.);
#9939=ORIENTED_EDGE('',*,*,#8533,.F.);
#9941=ORIENTED_EDGE('',*,*,#9940,.F.);
#9942=EDGE_LOOP('',(#9936,#9938,#9939,#9941));
#9943=FACE_OUTER_BOUND('',#9942,.F.);
#9944=ADVANCED_FACE('',(#9943),#9935,.F.);
#9945=CARTESIAN_POINT('',(8.072990290695E1,-2.275148818589E1,-2.395E2));
#9946=DIRECTION('',(0.E0,0.E0,1.E0));
#9947=DIRECTION('',(1.E0,0.E0,0.E0));
#9948=AXIS2_PLACEMENT_3D('',#9945,#9946,#9947);
#9949=CYLINDRICAL_SURFACE('',#9948,4.125E0);
#9950=ORIENTED_EDGE('',*,*,#9921,.F.);
#9951=ORIENTED_EDGE('',*,*,#9940,.T.);
#9952=ORIENTED_EDGE('',*,*,#8531,.F.);
#9953=ORIENTED_EDGE('',*,*,#9937,.F.);
#9954=EDGE_LOOP('',(#9950,#9951,#9952,#9953));
#9955=FACE_OUTER_BOUND('',#9954,.F.);
#9956=ADVANCED_FACE('',(#9955),#9949,.F.);
#9957=CARTESIAN_POINT('',(8.072990290695E1,-2.275148818589E1,
-2.352499999987E2));
#9958=DIRECTION('',(0.E0,0.E0,-1.E0));
#9959=DIRECTION('',(0.E0,-1.E0,0.E0));
#9960=AXIS2_PLACEMENT_3D('',#9957,#9958,#9959);
#9961=CONICAL_SURFACE('',#9960,2.399999998684E0,4.5E1);
#9962=ORIENTED_EDGE('',*,*,#9925,.T.);
#9963=ORIENTED_EDGE('',*,*,#9909,.T.);
#9965=ORIENTED_EDGE('',*,*,#9964,.F.);
#9966=ORIENTED_EDGE('',*,*,#9906,.F.);
#9967=EDGE_LOOP('',(#9962,#9963,#9965,#9966));
#9968=FACE_OUTER_BOUND('',#9967,.F.);
#9969=ADVANCED_FACE('',(#9968),#9961,.F.);
#9970=CARTESIAN_POINT('',(8.072990290695E1,-2.275148818589E1,-2.395E2));
#9971=DIRECTION('',(0.E0,0.E0,1.E0));
#9972=DIRECTION('',(1.E0,0.E0,0.E0));
#9973=AXIS2_PLACEMENT_3D('',#9970,#9971,#9972);
#9974=CYLINDRICAL_SURFACE('',#9973,2.15E0);
#9975=ORIENTED_EDGE('',*,*,#9964,.T.);
#9976=ORIENTED_EDGE('',*,*,#9894,.F.);
#9977=ORIENTED_EDGE('',*,*,#8666,.F.);
#9978=ORIENTED_EDGE('',*,*,#9891,.T.);
#9979=EDGE_LOOP('',(#9975,#9976,#9977,#9978));
#9980=FACE_OUTER_BOUND('',#9979,.F.);
#9981=ADVANCED_FACE('',(#9980),#9974,.F.);
#9982=CARTESIAN_POINT('',(1.447514881859E2,-4.927009709305E1,-2.395E2));
#9983=DIRECTION('',(0.E0,0.E0,1.E0));
#9984=DIRECTION('',(1.E0,0.E0,0.E0));
#9985=AXIS2_PLACEMENT_3D('',#9982,#9983,#9984);
#9986=CYLINDRICAL_SURFACE('',#9985,2.15E0);
#9988=ORIENTED_EDGE('',*,*,#9987,.T.);
#9990=ORIENTED_EDGE('',*,*,#9989,.F.);
#9991=ORIENTED_EDGE('',*,*,#8670,.F.);
#9993=ORIENTED_EDGE('',*,*,#9992,.T.);
#9994=EDGE_LOOP('',(#9988,#9990,#9991,#9993));
#9995=FACE_OUTER_BOUND('',#9994,.F.);
#9996=ADVANCED_FACE('',(#9995),#9986,.F.);
#9997=CARTESIAN_POINT('',(1.447514881859E2,-4.927009709305E1,
-2.352499999987E2));
#9998=DIRECTION('',(0.E0,0.E0,-1.E0));
#9999=DIRECTION('',(0.E0,-1.E0,0.E0));
#10000=AXIS2_PLACEMENT_3D('',#9997,#9998,#9999);
#10001=CONICAL_SURFACE('',#10000,2.399999998684E0,4.5E1);
#10003=ORIENTED_EDGE('',*,*,#10002,.T.);
#10005=ORIENTED_EDGE('',*,*,#10004,.T.);
#10006=ORIENTED_EDGE('',*,*,#9987,.F.);
#10008=ORIENTED_EDGE('',*,*,#10007,.F.);
#10009=EDGE_LOOP('',(#10003,#10005,#10006,#10008));
#10010=FACE_OUTER_BOUND('',#10009,.F.);
#10011=ADVANCED_FACE('',(#10010),#10001,.F.);
#10012=CARTESIAN_POINT('',(1.488764881859E2,-4.927009709305E1,-2.355E2));
#10013=DIRECTION('',(0.E0,0.E0,-1.E0));
#10014=DIRECTION('',(-1.E0,0.E0,0.E0));
#10015=AXIS2_PLACEMENT_3D('',#10012,#10013,#10014);
#10016=PLANE('',#10015);
#10018=ORIENTED_EDGE('',*,*,#10017,.T.);
#10020=ORIENTED_EDGE('',*,*,#10019,.T.);
#10021=EDGE_LOOP('',(#10018,#10020));
#10022=FACE_OUTER_BOUND('',#10021,.F.);
#10024=ORIENTED_EDGE('',*,*,#10023,.F.);
#10025=ORIENTED_EDGE('',*,*,#10002,.F.);
#10026=EDGE_LOOP('',(#10024,#10025));
#10027=FACE_BOUND('',#10026,.F.);
#10028=ADVANCED_FACE('',(#10022,#10027),#10016,.T.);
#10029=CARTESIAN_POINT('',(1.447514881859E2,-4.927009709305E1,-2.395E2));
#10030=DIRECTION('',(0.E0,0.E0,1.E0));
#10031=DIRECTION('',(1.E0,0.E0,0.E0));
#10032=AXIS2_PLACEMENT_3D('',#10029,#10030,#10031);
#10033=CYLINDRICAL_SURFACE('',#10032,4.125E0);
#10034=ORIENTED_EDGE('',*,*,#10017,.F.);
#10036=ORIENTED_EDGE('',*,*,#10035,.T.);
#10037=ORIENTED_EDGE('',*,*,#8527,.F.);
#10039=ORIENTED_EDGE('',*,*,#10038,.F.);
#10040=EDGE_LOOP('',(#10034,#10036,#10037,#10039));
#10041=FACE_OUTER_BOUND('',#10040,.F.);
#10042=ADVANCED_FACE('',(#10041),#10033,.F.);
#10043=CARTESIAN_POINT('',(1.447514881859E2,-4.927009709305E1,-2.395E2));
#10044=DIRECTION('',(0.E0,0.E0,1.E0));
#10045=DIRECTION('',(1.E0,0.E0,0.E0));
#10046=AXIS2_PLACEMENT_3D('',#10043,#10044,#10045);
#10047=CYLINDRICAL_SURFACE('',#10046,4.125E0);
#10048=ORIENTED_EDGE('',*,*,#10019,.F.);
#10049=ORIENTED_EDGE('',*,*,#10038,.T.);
#10050=ORIENTED_EDGE('',*,*,#8525,.F.);
#10051=ORIENTED_EDGE('',*,*,#10035,.F.);
#10052=EDGE_LOOP('',(#10048,#10049,#10050,#10051));
#10053=FACE_OUTER_BOUND('',#10052,.F.);
#10054=ADVANCED_FACE('',(#10053),#10047,.F.);
#10055=CARTESIAN_POINT('',(1.447514881859E2,-4.927009709305E1,
-2.352499999987E2));
#10056=DIRECTION('',(0.E0,0.E0,-1.E0));
#10057=DIRECTION('',(0.E0,-1.E0,0.E0));
#10058=AXIS2_PLACEMENT_3D('',#10055,#10056,#10057);
#10059=CONICAL_SURFACE('',#10058,2.399999998684E0,4.5E1);
#10060=ORIENTED_EDGE('',*,*,#10023,.T.);
#10061=ORIENTED_EDGE('',*,*,#10007,.T.);
#10063=ORIENTED_EDGE('',*,*,#10062,.F.);
#10064=ORIENTED_EDGE('',*,*,#10004,.F.);
#10065=EDGE_LOOP('',(#10060,#10061,#10063,#10064));
#10066=FACE_OUTER_BOUND('',#10065,.F.);
#10067=ADVANCED_FACE('',(#10066),#10059,.F.);
#10068=CARTESIAN_POINT('',(1.447514881859E2,-4.927009709305E1,-2.395E2));
#10069=DIRECTION('',(0.E0,0.E0,1.E0));
#10070=DIRECTION('',(1.E0,0.E0,0.E0));
#10071=AXIS2_PLACEMENT_3D('',#10068,#10069,#10070);
#10072=CYLINDRICAL_SURFACE('',#10071,2.15E0);
#10073=ORIENTED_EDGE('',*,*,#10062,.T.);
#10074=ORIENTED_EDGE('',*,*,#9992,.F.);
#10075=ORIENTED_EDGE('',*,*,#8672,.F.);
#10076=ORIENTED_EDGE('',*,*,#9989,.T.);
#10077=EDGE_LOOP('',(#10073,#10074,#10075,#10076));
#10078=FACE_OUTER_BOUND('',#10077,.F.);
#10079=ADVANCED_FACE('',(#10078),#10072,.F.);
#10080=CARTESIAN_POINT('',(1.072485118141E2,-4.927009709305E1,-2.395E2));
#10081=DIRECTION('',(0.E0,0.E0,1.E0));
#10082=DIRECTION('',(1.E0,0.E0,0.E0));
#10083=AXIS2_PLACEMENT_3D('',#10080,#10081,#10082);
#10084=CYLINDRICAL_SURFACE('',#10083,2.15E0);
#10086=ORIENTED_EDGE('',*,*,#10085,.T.);
#10088=ORIENTED_EDGE('',*,*,#10087,.F.);
#10089=ORIENTED_EDGE('',*,*,#8676,.F.);
#10091=ORIENTED_EDGE('',*,*,#10090,.T.);
#10092=EDGE_LOOP('',(#10086,#10088,#10089,#10091));
#10093=FACE_OUTER_BOUND('',#10092,.F.);
#10094=ADVANCED_FACE('',(#10093),#10084,.F.);
#10095=CARTESIAN_POINT('',(1.072485118141E2,-4.927009709305E1,
-2.352499999987E2));
#10096=DIRECTION('',(0.E0,0.E0,-1.E0));
#10097=DIRECTION('',(0.E0,-1.E0,0.E0));
#10098=AXIS2_PLACEMENT_3D('',#10095,#10096,#10097);
#10099=CONICAL_SURFACE('',#10098,2.399999998684E0,4.5E1);
#10101=ORIENTED_EDGE('',*,*,#10100,.T.);
#10103=ORIENTED_EDGE('',*,*,#10102,.T.);
#10104=ORIENTED_EDGE('',*,*,#10085,.F.);
#10106=ORIENTED_EDGE('',*,*,#10105,.F.);
#10107=EDGE_LOOP('',(#10101,#10103,#10104,#10106));
#10108=FACE_OUTER_BOUND('',#10107,.F.);
#10109=ADVANCED_FACE('',(#10108),#10099,.F.);
#10110=CARTESIAN_POINT('',(1.113735118141E2,-4.927009709305E1,-2.355E2));
#10111=DIRECTION('',(0.E0,0.E0,-1.E0));
#10112=DIRECTION('',(-1.E0,0.E0,0.E0));
#10113=AXIS2_PLACEMENT_3D('',#10110,#10111,#10112);
#10114=PLANE('',#10113);
#10116=ORIENTED_EDGE('',*,*,#10115,.T.);
#10118=ORIENTED_EDGE('',*,*,#10117,.T.);
#10119=EDGE_LOOP('',(#10116,#10118));
#10120=FACE_OUTER_BOUND('',#10119,.F.);
#10122=ORIENTED_EDGE('',*,*,#10121,.F.);
#10123=ORIENTED_EDGE('',*,*,#10100,.F.);
#10124=EDGE_LOOP('',(#10122,#10123));
#10125=FACE_BOUND('',#10124,.F.);
#10126=ADVANCED_FACE('',(#10120,#10125),#10114,.T.);
#10127=CARTESIAN_POINT('',(1.072485118141E2,-4.927009709305E1,-2.395E2));
#10128=DIRECTION('',(0.E0,0.E0,1.E0));
#10129=DIRECTION('',(1.E0,0.E0,0.E0));
#10130=AXIS2_PLACEMENT_3D('',#10127,#10128,#10129);
#10131=CYLINDRICAL_SURFACE('',#10130,4.125E0);
#10132=ORIENTED_EDGE('',*,*,#10115,.F.);
#10134=ORIENTED_EDGE('',*,*,#10133,.T.);
#10135=ORIENTED_EDGE('',*,*,#8521,.F.);
#10137=ORIENTED_EDGE('',*,*,#10136,.F.);
#10138=EDGE_LOOP('',(#10132,#10134,#10135,#10137));
#10139=FACE_OUTER_BOUND('',#10138,.F.);
#10140=ADVANCED_FACE('',(#10139),#10131,.F.);
#10141=CARTESIAN_POINT('',(1.072485118141E2,-4.927009709305E1,-2.395E2));
#10142=DIRECTION('',(0.E0,0.E0,1.E0));
#10143=DIRECTION('',(1.E0,0.E0,0.E0));
#10144=AXIS2_PLACEMENT_3D('',#10141,#10142,#10143);
#10145=CYLINDRICAL_SURFACE('',#10144,4.125E0);
#10146=ORIENTED_EDGE('',*,*,#10117,.F.);
#10147=ORIENTED_EDGE('',*,*,#10136,.T.);
#10148=ORIENTED_EDGE('',*,*,#8519,.F.);
#10149=ORIENTED_EDGE('',*,*,#10133,.F.);
#10150=EDGE_LOOP('',(#10146,#10147,#10148,#10149));
#10151=FACE_OUTER_BOUND('',#10150,.F.);
#10152=ADVANCED_FACE('',(#10151),#10145,.F.);
#10153=CARTESIAN_POINT('',(1.072485118141E2,-4.927009709305E1,
-2.352499999987E2));
#10154=DIRECTION('',(0.E0,0.E0,-1.E0));
#10155=DIRECTION('',(0.E0,-1.E0,0.E0));
#10156=AXIS2_PLACEMENT_3D('',#10153,#10154,#10155);
#10157=CONICAL_SURFACE('',#10156,2.399999998684E0,4.5E1);
#10158=ORIENTED_EDGE('',*,*,#10121,.T.);
#10159=ORIENTED_EDGE('',*,*,#10105,.T.);
#10161=ORIENTED_EDGE('',*,*,#10160,.F.);
#10162=ORIENTED_EDGE('',*,*,#10102,.F.);
#10163=EDGE_LOOP('',(#10158,#10159,#10161,#10162));
#10164=FACE_OUTER_BOUND('',#10163,.F.);
#10165=ADVANCED_FACE('',(#10164),#10157,.F.);
#10166=CARTESIAN_POINT('',(1.072485118141E2,-4.927009709305E1,-2.395E2));
#10167=DIRECTION('',(0.E0,0.E0,1.E0));
#10168=DIRECTION('',(1.E0,0.E0,0.E0));
#10169=AXIS2_PLACEMENT_3D('',#10166,#10167,#10168);
#10170=CYLINDRICAL_SURFACE('',#10169,2.15E0);
#10171=ORIENTED_EDGE('',*,*,#10160,.T.);
#10172=ORIENTED_EDGE('',*,*,#10090,.F.);
#10173=ORIENTED_EDGE('',*,*,#8678,.F.);
#10174=ORIENTED_EDGE('',*,*,#10087,.T.);
#10175=EDGE_LOOP('',(#10171,#10172,#10173,#10174));
#10176=FACE_OUTER_BOUND('',#10175,.F.);
#10177=ADVANCED_FACE('',(#10176),#10170,.F.);
#10178=CARTESIAN_POINT('',(1.072485118141E2,4.127009709305E1,-2.395E2));
#10179=DIRECTION('',(0.E0,0.E0,1.E0));
#10180=DIRECTION('',(1.E0,0.E0,0.E0));
#10181=AXIS2_PLACEMENT_3D('',#10178,#10179,#10180);
#10182=CYLINDRICAL_SURFACE('',#10181,2.15E0);
#10184=ORIENTED_EDGE('',*,*,#10183,.T.);
#10186=ORIENTED_EDGE('',*,*,#10185,.F.);
#10187=ORIENTED_EDGE('',*,*,#8682,.F.);
#10189=ORIENTED_EDGE('',*,*,#10188,.T.);
#10190=EDGE_LOOP('',(#10184,#10186,#10187,#10189));
#10191=FACE_OUTER_BOUND('',#10190,.F.);
#10192=ADVANCED_FACE('',(#10191),#10182,.F.);
#10193=CARTESIAN_POINT('',(1.072485118141E2,4.127009709305E1,
-2.352499999987E2));
#10194=DIRECTION('',(0.E0,0.E0,-1.E0));
#10195=DIRECTION('',(0.E0,-1.E0,0.E0));
#10196=AXIS2_PLACEMENT_3D('',#10193,#10194,#10195);
#10197=CONICAL_SURFACE('',#10196,2.399999998684E0,4.5E1);
#10199=ORIENTED_EDGE('',*,*,#10198,.T.);
#10201=ORIENTED_EDGE('',*,*,#10200,.T.);
#10202=ORIENTED_EDGE('',*,*,#10183,.F.);
#10204=ORIENTED_EDGE('',*,*,#10203,.F.);
#10205=EDGE_LOOP('',(#10199,#10201,#10202,#10204));
#10206=FACE_OUTER_BOUND('',#10205,.F.);
#10207=ADVANCED_FACE('',(#10206),#10197,.F.);
#10208=CARTESIAN_POINT('',(1.113735118141E2,4.127009709305E1,-2.355E2));
#10209=DIRECTION('',(0.E0,0.E0,-1.E0));
#10210=DIRECTION('',(-1.E0,0.E0,0.E0));
#10211=AXIS2_PLACEMENT_3D('',#10208,#10209,#10210);
#10212=PLANE('',#10211);
#10214=ORIENTED_EDGE('',*,*,#10213,.T.);
#10216=ORIENTED_EDGE('',*,*,#10215,.T.);
#10217=EDGE_LOOP('',(#10214,#10216));
#10218=FACE_OUTER_BOUND('',#10217,.F.);
#10220=ORIENTED_EDGE('',*,*,#10219,.F.);
#10221=ORIENTED_EDGE('',*,*,#10198,.F.);
#10222=EDGE_LOOP('',(#10220,#10221));
#10223=FACE_BOUND('',#10222,.F.);
#10224=ADVANCED_FACE('',(#10218,#10223),#10212,.T.);
#10225=CARTESIAN_POINT('',(1.072485118141E2,4.127009709305E1,-2.395E2));
#10226=DIRECTION('',(0.E0,0.E0,1.E0));
#10227=DIRECTION('',(1.E0,0.E0,0.E0));
#10228=AXIS2_PLACEMENT_3D('',#10225,#10226,#10227);
#10229=CYLINDRICAL_SURFACE('',#10228,4.125E0);
#10230=ORIENTED_EDGE('',*,*,#10213,.F.);
#10232=ORIENTED_EDGE('',*,*,#10231,.T.);
#10233=ORIENTED_EDGE('',*,*,#8503,.F.);
#10235=ORIENTED_EDGE('',*,*,#10234,.F.);
#10236=EDGE_LOOP('',(#10230,#10232,#10233,#10235));
#10237=FACE_OUTER_BOUND('',#10236,.F.);
#10238=ADVANCED_FACE('',(#10237),#10229,.F.);
#10239=CARTESIAN_POINT('',(1.072485118141E2,4.127009709305E1,-2.395E2));
#10240=DIRECTION('',(0.E0,0.E0,1.E0));
#10241=DIRECTION('',(1.E0,0.E0,0.E0));
#10242=AXIS2_PLACEMENT_3D('',#10239,#10240,#10241);
#10243=CYLINDRICAL_SURFACE('',#10242,4.125E0);
#10244=ORIENTED_EDGE('',*,*,#10215,.F.);
#10245=ORIENTED_EDGE('',*,*,#10234,.T.);
#10246=ORIENTED_EDGE('',*,*,#8501,.F.);
#10247=ORIENTED_EDGE('',*,*,#10231,.F.);
#10248=EDGE_LOOP('',(#10244,#10245,#10246,#10247));
#10249=FACE_OUTER_BOUND('',#10248,.F.);
#10250=ADVANCED_FACE('',(#10249),#10243,.F.);
#10251=CARTESIAN_POINT('',(1.072485118141E2,4.127009709305E1,
-2.352499999987E2));
#10252=DIRECTION('',(0.E0,0.E0,-1.E0));
#10253=DIRECTION('',(0.E0,-1.E0,0.E0));
#10254=AXIS2_PLACEMENT_3D('',#10251,#10252,#10253);
#10255=CONICAL_SURFACE('',#10254,2.399999998684E0,4.5E1);
#10256=ORIENTED_EDGE('',*,*,#10219,.T.);
#10257=ORIENTED_EDGE('',*,*,#10203,.T.);
#10259=ORIENTED_EDGE('',*,*,#10258,.F.);
#10260=ORIENTED_EDGE('',*,*,#10200,.F.);
#10261=EDGE_LOOP('',(#10256,#10257,#10259,#10260));
#10262=FACE_OUTER_BOUND('',#10261,.F.);
#10263=ADVANCED_FACE('',(#10262),#10255,.F.);
#10264=CARTESIAN_POINT('',(1.072485118141E2,4.127009709305E1,-2.395E2));
#10265=DIRECTION('',(0.E0,0.E0,1.E0));
#10266=DIRECTION('',(1.E0,0.E0,0.E0));
#10267=AXIS2_PLACEMENT_3D('',#10264,#10265,#10266);
#10268=CYLINDRICAL_SURFACE('',#10267,2.15E0);
#10269=ORIENTED_EDGE('',*,*,#10258,.T.);
#10270=ORIENTED_EDGE('',*,*,#10188,.F.);
#10271=ORIENTED_EDGE('',*,*,#8684,.F.);
#10272=ORIENTED_EDGE('',*,*,#10185,.T.);
#10273=EDGE_LOOP('',(#10269,#10270,#10271,#10272));
#10274=FACE_OUTER_BOUND('',#10273,.F.);
#10275=ADVANCED_FACE('',(#10274),#10268,.F.);
#10276=CARTESIAN_POINT('',(1.447514881859E2,4.127009709305E1,-2.395E2));
#10277=DIRECTION('',(0.E0,0.E0,1.E0));
#10278=DIRECTION('',(1.E0,0.E0,0.E0));
#10279=AXIS2_PLACEMENT_3D('',#10276,#10277,#10278);
#10280=CYLINDRICAL_SURFACE('',#10279,2.15E0);
#10282=ORIENTED_EDGE('',*,*,#10281,.T.);
#10284=ORIENTED_EDGE('',*,*,#10283,.F.);
#10285=ORIENTED_EDGE('',*,*,#8688,.F.);
#10287=ORIENTED_EDGE('',*,*,#10286,.T.);
#10288=EDGE_LOOP('',(#10282,#10284,#10285,#10287));
#10289=FACE_OUTER_BOUND('',#10288,.F.);
#10290=ADVANCED_FACE('',(#10289),#10280,.F.);
#10291=CARTESIAN_POINT('',(1.447514881859E2,4.127009709305E1,
-2.352499999987E2));
#10292=DIRECTION('',(0.E0,0.E0,-1.E0));
#10293=DIRECTION('',(0.E0,-1.E0,0.E0));
#10294=AXIS2_PLACEMENT_3D('',#10291,#10292,#10293);
#10295=CONICAL_SURFACE('',#10294,2.399999998684E0,4.5E1);
#10297=ORIENTED_EDGE('',*,*,#10296,.T.);
#10299=ORIENTED_EDGE('',*,*,#10298,.T.);
#10300=ORIENTED_EDGE('',*,*,#10281,.F.);
#10302=ORIENTED_EDGE('',*,*,#10301,.F.);
#10303=EDGE_LOOP('',(#10297,#10299,#10300,#10302));
#10304=FACE_OUTER_BOUND('',#10303,.F.);
#10305=ADVANCED_FACE('',(#10304),#10295,.F.);
#10306=CARTESIAN_POINT('',(1.488764881859E2,4.127009709305E1,-2.355E2));
#10307=DIRECTION('',(0.E0,0.E0,-1.E0));
#10308=DIRECTION('',(-1.E0,0.E0,0.E0));
#10309=AXIS2_PLACEMENT_3D('',#10306,#10307,#10308);
#10310=PLANE('',#10309);
#10312=ORIENTED_EDGE('',*,*,#10311,.T.);
#10314=ORIENTED_EDGE('',*,*,#10313,.T.);
#10315=EDGE_LOOP('',(#10312,#10314));
#10316=FACE_OUTER_BOUND('',#10315,.F.);
#10318=ORIENTED_EDGE('',*,*,#10317,.F.);
#10319=ORIENTED_EDGE('',*,*,#10296,.F.);
#10320=EDGE_LOOP('',(#10318,#10319));
#10321=FACE_BOUND('',#10320,.F.);
#10322=ADVANCED_FACE('',(#10316,#10321),#10310,.T.);
#10323=CARTESIAN_POINT('',(1.447514881859E2,4.127009709305E1,-2.395E2));
#10324=DIRECTION('',(0.E0,0.E0,1.E0));
#10325=DIRECTION('',(1.E0,0.E0,0.E0));
#10326=AXIS2_PLACEMENT_3D('',#10323,#10324,#10325);
#10327=CYLINDRICAL_SURFACE('',#10326,4.125E0);
#10328=ORIENTED_EDGE('',*,*,#10311,.F.);
#10330=ORIENTED_EDGE('',*,*,#10329,.T.);
#10331=ORIENTED_EDGE('',*,*,#8509,.F.);
#10333=ORIENTED_EDGE('',*,*,#10332,.F.);
#10334=EDGE_LOOP('',(#10328,#10330,#10331,#10333));
#10335=FACE_OUTER_BOUND('',#10334,.F.);
#10336=ADVANCED_FACE('',(#10335),#10327,.F.);
#10337=CARTESIAN_POINT('',(1.447514881859E2,4.127009709305E1,-2.395E2));
#10338=DIRECTION('',(0.E0,0.E0,1.E0));
#10339=DIRECTION('',(1.E0,0.E0,0.E0));
#10340=AXIS2_PLACEMENT_3D('',#10337,#10338,#10339);
#10341=CYLINDRICAL_SURFACE('',#10340,4.125E0);
#10342=ORIENTED_EDGE('',*,*,#10313,.F.);
#10343=ORIENTED_EDGE('',*,*,#10332,.T.);
#10344=ORIENTED_EDGE('',*,*,#8507,.F.);
#10345=ORIENTED_EDGE('',*,*,#10329,.F.);
#10346=EDGE_LOOP('',(#10342,#10343,#10344,#10345));
#10347=FACE_OUTER_BOUND('',#10346,.F.);
#10348=ADVANCED_FACE('',(#10347),#10341,.F.);
#10349=CARTESIAN_POINT('',(1.447514881859E2,4.127009709305E1,
-2.352499999987E2));
#10350=DIRECTION('',(0.E0,0.E0,-1.E0));
#10351=DIRECTION('',(0.E0,-1.E0,0.E0));
#10352=AXIS2_PLACEMENT_3D('',#10349,#10350,#10351);
#10353=CONICAL_SURFACE('',#10352,2.399999998684E0,4.5E1);
#10354=ORIENTED_EDGE('',*,*,#10317,.T.);
#10355=ORIENTED_EDGE('',*,*,#10301,.T.);
#10357=ORIENTED_EDGE('',*,*,#10356,.F.);
#10358=ORIENTED_EDGE('',*,*,#10298,.F.);
#10359=EDGE_LOOP('',(#10354,#10355,#10357,#10358));
#10360=FACE_OUTER_BOUND('',#10359,.F.);
#10361=ADVANCED_FACE('',(#10360),#10353,.F.);
#10362=CARTESIAN_POINT('',(1.447514881859E2,4.127009709305E1,-2.395E2));
#10363=DIRECTION('',(0.E0,0.E0,1.E0));
#10364=DIRECTION('',(1.E0,0.E0,0.E0));
#10365=AXIS2_PLACEMENT_3D('',#10362,#10363,#10364);
#10366=CYLINDRICAL_SURFACE('',#10365,2.15E0);
#10367=ORIENTED_EDGE('',*,*,#10356,.T.);
#10368=ORIENTED_EDGE('',*,*,#10286,.F.);
#10369=ORIENTED_EDGE('',*,*,#8690,.F.);
#10370=ORIENTED_EDGE('',*,*,#10283,.T.);
#10371=EDGE_LOOP('',(#10367,#10368,#10369,#10370));
#10372=FACE_OUTER_BOUND('',#10371,.F.);
#10373=ADVANCED_FACE('',(#10372),#10366,.F.);
#10374=CARTESIAN_POINT('',(1.26E2,-4.E0,-1.93998E2));
#10375=DIRECTION('',(0.E0,0.E0,-1.E0));
#10376=DIRECTION('',(-1.E0,0.E0,0.E0));
#10377=AXIS2_PLACEMENT_3D('',#10374,#10375,#10376);
#10378=CYLINDRICAL_SURFACE('',#10377,3.55E1);
#10379=ORIENTED_EDGE('',*,*,#8694,.F.);
#10381=ORIENTED_EDGE('',*,*,#10380,.F.);
#10382=ORIENTED_EDGE('',*,*,#8497,.F.);
#10384=ORIENTED_EDGE('',*,*,#10383,.T.);
#10385=EDGE_LOOP('',(#10379,#10381,#10382,#10384));
#10386=FACE_OUTER_BOUND('',#10385,.F.);
#10387=ADVANCED_FACE('',(#10386),#10378,.F.);
#10388=CARTESIAN_POINT('',(1.26E2,-4.E0,-1.93998E2));
#10389=DIRECTION('',(0.E0,0.E0,-1.E0));
#10390=DIRECTION('',(-1.E0,0.E0,0.E0));
#10391=AXIS2_PLACEMENT_3D('',#10388,#10389,#10390);
#10392=CYLINDRICAL_SURFACE('',#10391,3.55E1);
#10393=ORIENTED_EDGE('',*,*,#8696,.F.);
#10394=ORIENTED_EDGE('',*,*,#10383,.F.);
#10395=ORIENTED_EDGE('',*,*,#8495,.F.);
#10396=ORIENTED_EDGE('',*,*,#10380,.T.);
#10397=EDGE_LOOP('',(#10393,#10394,#10395,#10396));
#10398=FACE_OUTER_BOUND('',#10397,.F.);
#10399=ADVANCED_FACE('',(#10398),#10392,.F.);
#10400=CARTESIAN_POINT('',(8.072990290695E1,1.475148818589E1,-2.395E2));
#10401=DIRECTION('',(0.E0,0.E0,1.E0));
#10402=DIRECTION('',(1.E0,0.E0,0.E0));
#10403=AXIS2_PLACEMENT_3D('',#10400,#10401,#10402);
#10404=CYLINDRICAL_SURFACE('',#10403,2.15E0);
#10406=ORIENTED_EDGE('',*,*,#10405,.T.);
#10408=ORIENTED_EDGE('',*,*,#10407,.F.);
#10409=ORIENTED_EDGE('',*,*,#8700,.F.);
#10411=ORIENTED_EDGE('',*,*,#10410,.T.);
#10412=EDGE_LOOP('',(#10406,#10408,#10409,#10411));
#10413=FACE_OUTER_BOUND('',#10412,.F.);
#10414=ADVANCED_FACE('',(#10413),#10404,.F.);
#10415=CARTESIAN_POINT('',(8.072990290695E1,1.475148818589E1,
-2.352499999987E2));
#10416=DIRECTION('',(0.E0,0.E0,-1.E0));
#10417=DIRECTION('',(0.E0,-1.E0,0.E0));
#10418=AXIS2_PLACEMENT_3D('',#10415,#10416,#10417);
#10419=CONICAL_SURFACE('',#10418,2.399999998684E0,4.5E1);
#10421=ORIENTED_EDGE('',*,*,#10420,.T.);
#10423=ORIENTED_EDGE('',*,*,#10422,.T.);
#10424=ORIENTED_EDGE('',*,*,#10405,.F.);
#10426=ORIENTED_EDGE('',*,*,#10425,.F.);
#10427=EDGE_LOOP('',(#10421,#10423,#10424,#10426));
#10428=FACE_OUTER_BOUND('',#10427,.F.);
#10429=ADVANCED_FACE('',(#10428),#10419,.F.);
#10430=CARTESIAN_POINT('',(8.485490290695E1,1.475148818589E1,-2.355E2));
#10431=DIRECTION('',(0.E0,0.E0,-1.E0));
#10432=DIRECTION('',(-1.E0,0.E0,0.E0));
#10433=AXIS2_PLACEMENT_3D('',#10430,#10431,#10432);
#10434=PLANE('',#10433);
#10436=ORIENTED_EDGE('',*,*,#10435,.T.);
#10438=ORIENTED_EDGE('',*,*,#10437,.T.);
#10439=EDGE_LOOP('',(#10436,#10438));
#10440=FACE_OUTER_BOUND('',#10439,.F.);
#10442=ORIENTED_EDGE('',*,*,#10441,.F.);
#10443=ORIENTED_EDGE('',*,*,#10420,.F.);
#10444=EDGE_LOOP('',(#10442,#10443));
#10445=FACE_BOUND('',#10444,.F.);
#10446=ADVANCED_FACE('',(#10440,#10445),#10434,.T.);
#10447=CARTESIAN_POINT('',(8.072990290695E1,1.475148818589E1,-2.395E2));
#10448=DIRECTION('',(0.E0,0.E0,1.E0));
#10449=DIRECTION('',(1.E0,0.E0,0.E0));
#10450=AXIS2_PLACEMENT_3D('',#10447,#10448,#10449);
#10451=CYLINDRICAL_SURFACE('',#10450,4.125E0);
#10452=ORIENTED_EDGE('',*,*,#8515,.F.);
#10454=ORIENTED_EDGE('',*,*,#10453,.F.);
#10455=ORIENTED_EDGE('',*,*,#10435,.F.);
#10457=ORIENTED_EDGE('',*,*,#10456,.T.);
#10458=EDGE_LOOP('',(#10452,#10454,#10455,#10457));
#10459=FACE_OUTER_BOUND('',#10458,.F.);
#10460=ADVANCED_FACE('',(#10459),#10451,.F.);
#10461=CARTESIAN_POINT('',(8.072990290695E1,1.475148818589E1,-2.395E2));
#10462=DIRECTION('',(0.E0,0.E0,1.E0));
#10463=DIRECTION('',(1.E0,0.E0,0.E0));
#10464=AXIS2_PLACEMENT_3D('',#10461,#10462,#10463);
#10465=CYLINDRICAL_SURFACE('',#10464,4.125E0);
#10466=ORIENTED_EDGE('',*,*,#8513,.F.);
#10467=ORIENTED_EDGE('',*,*,#10456,.F.);
#10468=ORIENTED_EDGE('',*,*,#10437,.F.);
#10469=ORIENTED_EDGE('',*,*,#10453,.T.);
#10470=EDGE_LOOP('',(#10466,#10467,#10468,#10469));
#10471=FACE_OUTER_BOUND('',#10470,.F.);
#10472=ADVANCED_FACE('',(#10471),#10465,.F.);
#10473=CARTESIAN_POINT('',(8.072990290695E1,1.475148818589E1,
-2.352499999987E2));
#10474=DIRECTION('',(0.E0,0.E0,-1.E0));
#10475=DIRECTION('',(0.E0,-1.E0,0.E0));
#10476=AXIS2_PLACEMENT_3D('',#10473,#10474,#10475);
#10477=CONICAL_SURFACE('',#10476,2.399999998684E0,4.5E1);
#10478=ORIENTED_EDGE('',*,*,#10441,.T.);
#10479=ORIENTED_EDGE('',*,*,#10425,.T.);
#10481=ORIENTED_EDGE('',*,*,#10480,.F.);
#10482=ORIENTED_EDGE('',*,*,#10422,.F.);
#10483=EDGE_LOOP('',(#10478,#10479,#10481,#10482));
#10484=FACE_OUTER_BOUND('',#10483,.F.);
#10485=ADVANCED_FACE('',(#10484),#10477,.F.);
#10486=CARTESIAN_POINT('',(8.072990290695E1,1.475148818589E1,-2.395E2));
#10487=DIRECTION('',(0.E0,0.E0,1.E0));
#10488=DIRECTION('',(1.E0,0.E0,0.E0));
#10489=AXIS2_PLACEMENT_3D('',#10486,#10487,#10488);
#10490=CYLINDRICAL_SURFACE('',#10489,2.15E0);
#10491=ORIENTED_EDGE('',*,*,#10480,.T.);
#10492=ORIENTED_EDGE('',*,*,#10410,.F.);
#10493=ORIENTED_EDGE('',*,*,#8702,.F.);
#10494=ORIENTED_EDGE('',*,*,#10407,.T.);
#10495=EDGE_LOOP('',(#10491,#10492,#10493,#10494));
#10496=FACE_OUTER_BOUND('',#10495,.F.);
#10497=ADVANCED_FACE('',(#10496),#10490,.F.);
#10498=CARTESIAN_POINT('',(7.E1,-3.3502E1,-1.3875E2));
#10499=DIRECTION('',(1.E0,0.E0,0.E0));
#10500=DIRECTION('',(0.E0,0.E0,-1.E0));
#10501=AXIS2_PLACEMENT_3D('',#10498,#10499,#10500);
#10502=PLANE('',#10501);
#10504=ORIENTED_EDGE('',*,*,#10503,.T.);
#10505=ORIENTED_EDGE('',*,*,#8471,.T.);
#10506=ORIENTED_EDGE('',*,*,#8390,.T.);
#10508=ORIENTED_EDGE('',*,*,#10507,.T.);
#10509=EDGE_LOOP('',(#10504,#10505,#10506,#10508));
#10510=FACE_OUTER_BOUND('',#10509,.F.);
#10511=ADVANCED_FACE('',(#10510),#10502,.F.);
#10512=CARTESIAN_POINT('',(7.007348145339E1,-3.783208299370E1,
-2.409546357294E2));
#10513=CARTESIAN_POINT('',(7.007664616229E1,-3.679121596549E1,
-2.157409981354E2));
#10514=CARTESIAN_POINT('',(7.007981087119E1,-3.575034893727E1,
-1.905273605414E2));
#10515=CARTESIAN_POINT('',(7.008297558009E1,-3.470948190906E1,
-1.653137229474E2));
#10516=CARTESIAN_POINT('',(7.002819347502E1,-3.788126436891E1,
-2.409546357294E2));
#10517=CARTESIAN_POINT('',(7.002940771531E1,-3.684251549063E1,
-2.157409981354E2));
#10518=CARTESIAN_POINT('',(7.003062195561E1,-3.580376661236E1,
-1.905273605414E2));
#10519=CARTESIAN_POINT('',(7.003183619590E1,-3.476501773408E1,
-1.653137229474E2));
#10520=CARTESIAN_POINT('',(6.994138548121E1,-3.810628181172E1,
-2.409546357294E2));
#10521=CARTESIAN_POINT('',(6.993886106341E1,-3.707722401427E1,
-2.157409981354E2));
#10522=CARTESIAN_POINT('',(6.993633664560E1,-3.604816621681E1,
-1.905273605414E2));
#10523=CARTESIAN_POINT('',(6.993381222780E1,-3.501910841936E1,
-1.653137229474E2));
#10524=CARTESIAN_POINT('',(7.024405679993E1,-3.901376631107E1,
-2.409546357294E2));
#10525=CARTESIAN_POINT('',(7.025456787029E1,-3.802379217539E1,
-2.157409981354E2));
#10526=CARTESIAN_POINT('',(7.026507894065E1,-3.703381803970E1,
-1.905273605414E2));
#10527=CARTESIAN_POINT('',(7.027559001100E1,-3.604384390402E1,
-1.653137229474E2));
#10528=CARTESIAN_POINT('',(7.193251590452E1,-4.150753499706E1,
-2.409546357294E2));
#10529=CARTESIAN_POINT('',(7.201574575366E1,-4.062496281913E1,
-2.157409981354E2));
#10530=CARTESIAN_POINT('',(7.209897560279E1,-3.974239064120E1,
-1.905273605414E2));
#10531=CARTESIAN_POINT('',(7.218220545192E1,-3.885981846327E1,
-1.653137229474E2));
#10532=CARTESIAN_POINT('',(7.549241920825E1,-4.575723706502E1,
-2.409546357294E2));
#10533=CARTESIAN_POINT('',(7.572896744107E1,-4.505769161468E1,
-2.157409981354E2));
#10534=CARTESIAN_POINT('',(7.596551567389E1,-4.435814616434E1,
-1.905273605414E2));
#10535=CARTESIAN_POINT('',(7.620206390670E1,-4.365860071399E1,
-1.653137229474E2));
#10536=CARTESIAN_POINT('',(8.072605201566E1,-5.127394798438E1,
-2.409546357294E2));
#10537=CARTESIAN_POINT('',(8.118800303455E1,-5.081199696547E1,
-2.157409981354E2));
#10538=CARTESIAN_POINT('',(8.164995405344E1,-5.035004594657E1,
-1.905273605414E2));
#10539=CARTESIAN_POINT('',(8.211190507233E1,-4.988809492766E1,
-1.653137229474E2));
#10540=CARTESIAN_POINT('',(8.624276293503E1,-5.650758079177E1,
-2.409546357294E2));
#10541=CARTESIAN_POINT('',(8.694230838535E1,-5.627103255894E1,
-2.157409981354E2));
#10542=CARTESIAN_POINT('',(8.764185383567E1,-5.603448432611E1,
-1.905273605414E2));
#10543=CARTESIAN_POINT('',(8.834139928600E1,-5.579793609329E1,
-1.653137229474E2));
#10544=CARTESIAN_POINT('',(9.049246500300E1,-6.006748409550E1,
-2.409546357294E2));
#10545=CARTESIAN_POINT('',(9.137503718090E1,-5.998425424635E1,
-2.157409981354E2));
#10546=CARTESIAN_POINT('',(9.225760935881E1,-5.990102439721E1,
-1.905273605414E2));
#10547=CARTESIAN_POINT('',(9.314018153671E1,-5.981779454807E1,
-1.653137229474E2));
#10548=CARTESIAN_POINT('',(9.298623368899E1,-6.175594320008E1,
-2.409546357294E2));
#10549=CARTESIAN_POINT('',(9.397620782464E1,-6.174543212972E1,
-2.157409981354E2));
#10550=CARTESIAN_POINT('',(9.496618196030E1,-6.173492105936E1,
-1.905273605414E2));
#10551=CARTESIAN_POINT('',(9.595615609595E1,-6.172440998900E1,
-1.653137229474E2));
#10552=CARTESIAN_POINT('',(9.389371818834E1,-6.205861451879E1,
-2.409546357294E2));
#10553=CARTESIAN_POINT('',(9.492277598576E1,-6.206113893660E1,
-2.157409981354E2));
#10554=CARTESIAN_POINT('',(9.595183378319E1,-6.206366335440E1,
-1.905273605414E2));
#10555=CARTESIAN_POINT('',(9.698089158062E1,-6.206618777220E1,
-1.653137229474E2));
#10556=CARTESIAN_POINT('',(9.411873563115E1,-6.197180652498E1,
-2.409546357294E2));
#10557=CARTESIAN_POINT('',(9.515748450940E1,-6.197059228469E1,
-2.157409981354E2));
#10558=CARTESIAN_POINT('',(9.619623338764E1,-6.196937804440E1,
-1.905273605414E2));
#10559=CARTESIAN_POINT('',(9.723498226589E1,-6.196816380411E1,
-1.653137229474E2));
#10560=CARTESIAN_POINT('',(9.416791700636E1,-6.192651854661E1,
-2.409546357294E2));
#10561=CARTESIAN_POINT('',(9.520878403454E1,-6.192335383771E1,
-2.157409981354E2));
#10562=CARTESIAN_POINT('',(9.624965106273E1,-6.192018912881E1,
-1.905273605414E2));
#10563=CARTESIAN_POINT('',(9.729051809091E1,-6.191702441992E1,
-1.653137229474E2));
#10564=B_SPLINE_SURFACE_WITH_KNOTS('',3,3,((#10512,#10513,#10514,#10515),
(#10516,#10517,#10518,#10519),(#10520,#10521,#10522,#10523),(#10524,#10525,
#10526,#10527),(#10528,#10529,#10530,#10531),(#10532,#10533,#10534,#10535),(
#10536,#10537,#10538,#10539),(#10540,#10541,#10542,#10543),(#10544,#10545,
#10546,#10547),(#10548,#10549,#10550,#10551),(#10552,#10553,#10554,#10555),(
#10556,#10557,#10558,#10559),(#10560,#10561,#10562,#10563)),.UNSPECIFIED.,.F.,
.F.,.F.,(4,1,1,1,1,1,1,1,1,1,4),(4,4),(-5.959021264707E-2,0.E0,
1.250000000001E-1,2.5E-1,3.749999999998E-1,4.999999999997E-1,6.249999999996E-1,
7.499999999995E-1,8.749999999994E-1,1.E0,1.059590212647E0),(-3.764019283412E-8,
1.000000000738E0),.UNSPECIFIED.);
#10566=ORIENTED_EDGE('',*,*,#10565,.T.);
#10568=ORIENTED_EDGE('',*,*,#10567,.F.);
#10569=ORIENTED_EDGE('',*,*,#8473,.F.);
#10570=ORIENTED_EDGE('',*,*,#10503,.F.);
#10571=EDGE_LOOP('',(#10566,#10568,#10569,#10570));
#10572=FACE_OUTER_BOUND('',#10571,.F.);
#10573=ADVANCED_FACE('',(#10572),#10564,.T.);
#10574=CARTESIAN_POINT('',(6.974494380014E1,-3.481962222268E1,
-1.674727769545E2));
#10575=CARTESIAN_POINT('',(7.521242905360E1,-3.428604531808E1,
-1.557508079105E2));
#10576=CARTESIAN_POINT('',(8.067991430706E1,-3.375246841348E1,
-1.440288388665E2));
#10577=CARTESIAN_POINT('',(8.614739956052E1,-3.321889150888E1,
-1.323068698225E2));
#10578=CARTESIAN_POINT('',(6.970742586392E1,-3.487416690875E1,
-1.674552820535E2));
#10579=CARTESIAN_POINT('',(7.517417460428E1,-3.434166076870E1,
-1.557329695678E2));
#10580=CARTESIAN_POINT('',(8.064092334464E1,-3.380915462864E1,
-1.440106570821E2));
#10581=CARTESIAN_POINT('',(8.610767208500E1,-3.327664848858E1,
-1.322883445964E2));
#10582=CARTESIAN_POINT('',(6.963141296461E1,-3.513061054657E1,
-1.674198366564E2));
#10583=CARTESIAN_POINT('',(7.509666949880E1,-3.460313864126E1,
-1.556968283435E2));
#10584=CARTESIAN_POINT('',(8.056192603299E1,-3.407566673596E1,
-1.439738200306E2));
#10585=CARTESIAN_POINT('',(8.602718256717E1,-3.354819483065E1,
-1.322508117178E2));
#10586=CARTESIAN_POINT('',(6.993357044193E1,-3.613025630248E1,
-1.675607350020E2));
#10587=CARTESIAN_POINT('',(7.540475861742E1,-3.562240840287E1,
-1.558404926589E2));
#10588=CARTESIAN_POINT('',(8.087594679291E1,-3.511456050325E1,
-1.441202503158E2));
#10589=CARTESIAN_POINT('',(8.634713496839E1,-3.460671260364E1,
-1.324000079728E2));
#10590=CARTESIAN_POINT('',(7.165580299622E1,-3.893685648083E1,
-1.683638252312E2));
#10591=CARTESIAN_POINT('',(7.716080024982E1,-3.848410483661E1,
-1.566593483202E2));
#10592=CARTESIAN_POINT('',(8.266579750341E1,-3.803135319239E1,
-1.449548714091E2));
#10593=CARTESIAN_POINT('',(8.817079475700E1,-3.757860154816E1,
-1.332503944980E2));
#10594=CARTESIAN_POINT('',(7.528690172828E1,-4.371966259212E1,
-1.700570343775E2));
#10595=CARTESIAN_POINT('',(8.086318093526E1,-4.336080202259E1,
-1.583857967872E2));
#10596=CARTESIAN_POINT('',(8.643946014223E1,-4.300194145307E1,
-1.467145591968E2));
#10597=CARTESIAN_POINT('',(9.201573934920E1,-4.264308088354E1,
-1.350433216065E2));
#10598=CARTESIAN_POINT('',(8.062520558235E1,-4.992841760937E1,
-1.725463263462E2));
#10599=CARTESIAN_POINT('',(8.630628081789E1,-4.969144086025E1,
-1.609239559466E2));
#10600=CARTESIAN_POINT('',(9.198735605344E1,-4.945446411113E1,
-1.493015855469E2));
#10601=CARTESIAN_POINT('',(9.766843128898E1,-4.921748736200E1,
-1.376792151472E2));
#10602=CARTESIAN_POINT('',(8.625224860229E1,-5.581858420665E1,
-1.751702595992E2));
#10603=CARTESIAN_POINT('',(9.204378809337E1,-5.569723708145E1,
-1.635993995278E2));
#10604=CARTESIAN_POINT('',(9.783532758444E1,-5.557588995625E1,
-1.520285394565E2));
#10605=CARTESIAN_POINT('',(1.036268670755E2,-5.545454283106E1,
-1.404576793851E2));
#10606=CARTESIAN_POINT('',(9.058694302483E1,-5.982505836917E1,
-1.771915608042E2));
#10607=CARTESIAN_POINT('',(9.646357672804E1,-5.978236217736E1,
-1.656603808156E2));
#10608=CARTESIAN_POINT('',(1.023402104313E2,-5.973966598555E1,
-1.541292008270E2));
#10609=CARTESIAN_POINT('',(1.082168441345E2,-5.969696979374E1,
-1.425980208384E2));
#10610=CARTESIAN_POINT('',(9.313058662158E1,-6.172533174089E1,
-1.783776812930E2));
#10611=CARTESIAN_POINT('',(9.905715449010E1,-6.171993973933E1,
-1.668697859881E2));
#10612=CARTESIAN_POINT('',(1.049837223586E2,-6.171454773776E1,
-1.553618906832E2));
#10613=CARTESIAN_POINT('',(1.109102902271E2,-6.170915573620E1,
-1.438539953783E2));
#10614=CARTESIAN_POINT('',(9.403652389344E1,-6.205870742827E1,
-1.788001267807E2));
#10615=CARTESIAN_POINT('',(9.998087618014E1,-6.205985991144E1,
-1.673005244862E2));
#10616=CARTESIAN_POINT('',(1.059252284669E2,-6.206101239460E1,
-1.558009221917E2));
#10617=CARTESIAN_POINT('',(1.118695807536E2,-6.206216487777E1,
-1.443013198972E2));
#10618=CARTESIAN_POINT('',(9.426894702192E1,-6.197487026017E1,
-1.789085074654E2));
#10619=CARTESIAN_POINT('',(1.002178619977E2,-6.197437693926E1,
-1.674110327878E2));
#10620=CARTESIAN_POINT('',(1.061667769735E2,-6.197388361835E1,
-1.559135581101E2));
#10621=CARTESIAN_POINT('',(1.121156919493E2,-6.197339029743E1,
-1.444160834325E2));
#10622=CARTESIAN_POINT('',(9.431837821550E1,-6.193349695659E1,
-1.789315576095E2));
#10623=CARTESIAN_POINT('',(1.002682635731E2,-6.193219143802E1,
-1.674345354283E2));
#10624=CARTESIAN_POINT('',(1.062181489307E2,-6.193088591945E1,
-1.559375132471E2));
#10625=CARTESIAN_POINT('',(1.121680342882E2,-6.192958040087E1,
-1.444404910659E2));
#10626=B_SPLINE_SURFACE_WITH_KNOTS('',3,3,((#10574,#10575,#10576,#10577),
(#10578,#10579,#10580,#10581),(#10582,#10583,#10584,#10585),(#10586,#10587,
#10588,#10589),(#10590,#10591,#10592,#10593),(#10594,#10595,#10596,#10597),(
#10598,#10599,#10600,#10601),(#10602,#10603,#10604,#10605),(#10606,#10607,
#10608,#10609),(#10610,#10611,#10612,#10613),(#10614,#10615,#10616,#10617),(
#10618,#10619,#10620,#10621),(#10622,#10623,#10624,#10625)),.UNSPECIFIED.,.F.,
.F.,.F.,(4,1,1,1,1,1,1,1,1,1,4),(4,4),(-5.301945745197E-2,0.E0,
1.250000000023E-1,2.500000000023E-1,3.750000000024E-1,5.000000000025E-1,
6.250000000026E-1,7.500000000027E-1,8.750000000027E-1,1.E0,1.053002914561E0),(
2.122002550758E-7,9.999891777593E-1),.UNSPECIFIED.);
#10628=ORIENTED_EDGE('',*,*,#10627,.F.);
#10630=ORIENTED_EDGE('',*,*,#10629,.F.);
#10631=ORIENTED_EDGE('',*,*,#10565,.F.);
#10633=ORIENTED_EDGE('',*,*,#10632,.F.);
#10634=EDGE_LOOP('',(#10628,#10630,#10631,#10633));
#10635=FACE_OUTER_BOUND('',#10634,.F.);
#10636=ADVANCED_FACE('',(#10635),#10626,.T.);
#10637=CARTESIAN_POINT('',(8.331494647053E1,-3.326079028401E1,
-1.303485089836E2));
#10638=CARTESIAN_POINT('',(8.334670923178E1,-3.331655974202E1,
-1.303214613658E2));
#10639=CARTESIAN_POINT('',(8.339752771793E1,-3.352905290388E1,
-1.302781868224E2));
#10640=CARTESIAN_POINT('',(8.322283306003E1,-3.437804598089E1,
-1.304269482698E2));
#10641=CARTESIAN_POINT('',(8.210389562023E1,-3.677130961062E1,
-1.313797808006E2));
#10642=CARTESIAN_POINT('',(7.884965931170E1,-4.200587360367E1,
-1.341509296669E2));
#10643=CARTESIAN_POINT('',(7.365078515544E1,-4.924628813546E1,
-1.385780372455E2));
#10644=CARTESIAN_POINT('',(6.813887529169E1,-5.607359266909E1,
-1.432717107596E2));
#10645=CARTESIAN_POINT('',(6.415493292515E1,-6.034592256349E1,
-1.466642417025E2));
#10646=CARTESIAN_POINT('',(6.233480491183E1,-6.181354413410E1,
-1.482141739147E2));
#10647=CARTESIAN_POINT('',(6.168877838286E1,-6.204297333472E1,
-1.487642985871E2));
#10648=CARTESIAN_POINT('',(6.152702599932E1,-6.197652554821E1,
-1.489020390251E2));
#10649=CARTESIAN_POINT('',(6.148450587224E1,-6.193486631055E1,
-1.489382470908E2));
#10651=CARTESIAN_POINT('',(1.26E2,-4.775E1,-9.4E1));
#10652=DIRECTION('',(-3.019027523103E-14,-1.E0,-1.899065700017E-14));
#10653=AXIS1_PLACEMENT('',#10651,#10652);
#10654=SURFACE_OF_REVOLUTION('',#10650,#10653);
#10656=ORIENTED_EDGE('',*,*,#10655,.F.);
#10657=ORIENTED_EDGE('',*,*,#10627,.T.);
#10658=ORIENTED_EDGE('',*,*,#8265,.F.);
#10660=ORIENTED_EDGE('',*,*,#10659,.T.);
#10662=ORIENTED_EDGE('',*,*,#10661,.T.);
#10663=EDGE_LOOP('',(#10656,#10657,#10658,#10660,#10662));
#10664=FACE_OUTER_BOUND('',#10663,.F.);
#10665=ADVANCED_FACE('',(#10664),#10654,.F.);
#10666=CARTESIAN_POINT('',(9.37E1,-6.2E1,-2.395E2));
#10667=DIRECTION('',(0.E0,-1.E0,0.E0));
#10668=DIRECTION('',(1.E0,0.E0,0.E0));
#10669=AXIS2_PLACEMENT_3D('',#10666,#10667,#10668);
#10670=PLANE('',#10669);
#10672=ORIENTED_EDGE('',*,*,#10671,.T.);
#10673=ORIENTED_EDGE('',*,*,#8475,.F.);
#10674=ORIENTED_EDGE('',*,*,#10567,.T.);
#10675=ORIENTED_EDGE('',*,*,#10629,.T.);
#10676=ORIENTED_EDGE('',*,*,#10655,.T.);
#10677=EDGE_LOOP('',(#10672,#10673,#10674,#10675,#10676));
#10678=FACE_OUTER_BOUND('',#10677,.F.);
#10679=ADVANCED_FACE('',(#10678),#10670,.T.);
#10680=CARTESIAN_POINT('',(1.578641705920E2,-6.192350834321E1,
-2.417265648850E2));
#10681=CARTESIAN_POINT('',(1.562893003929E2,-6.191857066082E1,
-2.031236994884E2));
#10682=CARTESIAN_POINT('',(1.547144301937E2,-6.191363297843E1,
-1.645208340917E2));
#10683=CARTESIAN_POINT('',(1.531395599945E2,-6.190869529605E1,
-1.259179686951E2));
#10684=CARTESIAN_POINT('',(1.579125625706E2,-6.197166838248E1,
-2.417265653136E2));
#10685=CARTESIAN_POINT('',(1.563405087175E2,-6.196988137501E1,
-2.031236997741E2));
#10686=CARTESIAN_POINT('',(1.547684548644E2,-6.196809436754E1,
-1.645208342346E2));
#10687=CARTESIAN_POINT('',(1.531964010113E2,-6.196630736006E1,
-1.259179686951E2));
#10688=CARTESIAN_POINT('',(1.579845050665E2,-6.199982182426E1,
-2.417271112319E2));
#10689=CARTESIAN_POINT('',(1.564176220874E2,-6.199981019294E1,
-2.031238986282E2));
#10690=CARTESIAN_POINT('',(1.548507391083E2,-6.199979856160E1,
-1.645206860245E2));
#10691=CARTESIAN_POINT('',(1.532838561292E2,-6.199978693028E1,
-1.259174734209E2));
#10692=CARTESIAN_POINT('',(1.583111344019E2,-6.200037349269E1,
-2.417271110583E2));
#10693=CARTESIAN_POINT('',(1.567655620941E2,-6.200039787430E1,
-2.031238985650E2));
#10694=CARTESIAN_POINT('',(1.552199897864E2,-6.200042225597E1,
-1.645206860717E2));
#10695=CARTESIAN_POINT('',(1.536744174787E2,-6.200044663758E1,
-1.259174735783E2));
#10696=CARTESIAN_POINT('',(1.590430649111E2,-6.175625429364E1,
-2.417271112304E2));
#10697=CARTESIAN_POINT('',(1.575452473178E2,-6.174035117947E1,
-2.031238986277E2));
#10698=CARTESIAN_POINT('',(1.560474297244E2,-6.172444806528E1,
-1.645206860249E2));
#10699=CARTESIAN_POINT('',(1.545496121311E2,-6.170854495112E1,
-1.259174734223E2));
#10700=CARTESIAN_POINT('',(1.615336550724E2,-6.006994731066E1,
-2.417271111612E2));
#10701=CARTESIAN_POINT('',(1.601983351504E2,-5.994402166260E1,
-2.031238986025E2));
#10702=CARTESIAN_POINT('',(1.588630152285E2,-5.981809601455E1,
-1.645206860437E2));
#10703=CARTESIAN_POINT('',(1.575276953065E2,-5.969217036649E1,
-1.259174734850E2));
#10704=CARTESIAN_POINT('',(1.657779403742E2,-5.651458152769E1,
-2.417271111798E2));
#10705=CARTESIAN_POINT('',(1.647195374598E2,-5.615668721234E1,
-2.031238986092E2));
#10706=CARTESIAN_POINT('',(1.636611345455E2,-5.579879289699E1,
-1.645206860387E2));
#10707=CARTESIAN_POINT('',(1.626027316311E2,-5.544089858164E1,
-1.259174734682E2));
#10708=CARTESIAN_POINT('',(1.712876196015E2,-5.128761960014E1,
-2.417271111748E2));
#10709=CARTESIAN_POINT('',(1.705886938827E2,-5.058869388227E1,
-2.031238986074E2));
#10710=CARTESIAN_POINT('',(1.698897681639E2,-4.988976816439E1,
-1.645206860400E2));
#10711=CARTESIAN_POINT('',(1.691908424452E2,-4.919084244651E1,
-1.259174734727E2));
#10712=CARTESIAN_POINT('',(1.765145815263E2,-4.577794037868E1,
-2.417271111761E2));
#10713=CARTESIAN_POINT('',(1.761566872115E2,-4.471953746118E1,
-2.031238986079E2));
#10714=CARTESIAN_POINT('',(1.757987928968E2,-4.366113454369E1,
-1.645206860397E2));
#10715=CARTESIAN_POINT('',(1.754408985821E2,-4.260273162619E1,
-1.259174734715E2));
#10716=CARTESIAN_POINT('',(1.800699473146E2,-4.153365505621E1,
-2.417271111758E2));
#10717=CARTESIAN_POINT('',(1.799440216651E2,-4.019833514592E1,
-2.031238986078E2));
#10718=CARTESIAN_POINT('',(1.798180960156E2,-3.886301523564E1,
-1.645206860398E2));
#10719=CARTESIAN_POINT('',(1.796921703661E2,-3.752769532535E1,
-1.259174734718E2));
#10720=CARTESIAN_POINT('',(1.817562542791E2,-3.904306497202E1,
-2.417271111759E2));
#10721=CARTESIAN_POINT('',(1.817403511702E2,-3.754524733499E1,
-2.031238986078E2));
#10722=CARTESIAN_POINT('',(1.817244480612E2,-3.604742969797E1,
-1.645206860397E2));
#10723=CARTESIAN_POINT('',(1.817085449523E2,-3.454961206095E1,
-1.259174734717E2));
#10724=CARTESIAN_POINT('',(1.820585456518E2,-3.813671964635E1,
-2.417271111758E2));
#10725=CARTESIAN_POINT('',(1.820623654435E2,-3.657976780818E1,
-2.031238986078E2));
#10726=CARTESIAN_POINT('',(1.820661852352E2,-3.502281597E1,-1.645206860398E2));
#10727=CARTESIAN_POINT('',(1.820700050269E2,-3.346586413182E1,
-1.259174734717E2));
#10728=CARTESIAN_POINT('',(1.819718368383E2,-3.791199196344E1,
-2.417271111758E2));
#10729=CARTESIAN_POINT('',(1.819699993421E2,-3.634037784188E1,
-2.031238986078E2));
#10730=CARTESIAN_POINT('',(1.819681618459E2,-3.476876372032E1,
-1.645206860398E2));
#10731=CARTESIAN_POINT('',(1.819663243498E2,-3.319714959875E1,
-1.259174734717E2));
#10732=CARTESIAN_POINT('',(1.819265985779E2,-3.786287304916E1,
-2.417271111758E2));
#10733=CARTESIAN_POINT('',(1.819218095264E2,-3.628805418027E1,
-2.031238986078E2));
#10734=CARTESIAN_POINT('',(1.819170204748E2,-3.471323531138E1,
-1.645206860398E2));
#10735=CARTESIAN_POINT('',(1.819122314233E2,-3.313841644249E1,
-1.259174734717E2));
#10736=B_SPLINE_SURFACE_WITH_KNOTS('',3,3,((#10680,#10681,#10682,#10683),
(#10684,#10685,#10686,#10687),(#10688,#10689,#10690,#10691),(#10692,#10693,
#10694,#10695),(#10696,#10697,#10698,#10699),(#10700,#10701,#10702,#10703),(
#10704,#10705,#10706,#10707),(#10708,#10709,#10710,#10711),(#10712,#10713,
#10714,#10715),(#10716,#10717,#10718,#10719),(#10720,#10721,#10722,#10723),(
#10724,#10725,#10726,#10727),(#10728,#10729,#10730,#10731),(#10732,#10733,
#10734,#10735)),.UNSPECIFIED.,.F.,.F.,.F.,(4,1,1,1,1,1,1,1,1,1,1,4),(4,4),(
-5.958636054703E-2,0.E0,1.834896966183E-5,1.250160553485E-1,2.500137617274E-1,
3.750114681062E-1,5.000091744851E-1,6.250068808639E-1,7.500045872428E-1,
8.750022936217E-1,1.E0,1.059595104459E0),(-2.429534472909E-8,1.000000000474E0),
.UNSPECIFIED.);
#10737=ORIENTED_EDGE('',*,*,#8373,.F.);
#10738=ORIENTED_EDGE('',*,*,#8477,.F.);
#10739=ORIENTED_EDGE('',*,*,#10671,.F.);
#10740=ORIENTED_EDGE('',*,*,#10661,.F.);
#10742=ORIENTED_EDGE('',*,*,#10741,.T.);
#10743=EDGE_LOOP('',(#10737,#10738,#10739,#10740,#10742));
#10744=FACE_OUTER_BOUND('',#10743,.F.);
#10745=ADVANCED_FACE('',(#10744),#10736,.T.);
#10746=CARTESIAN_POINT('',(1.516752132655E2,-3.326005175051E1,
-1.438373720092E2));
#10747=CARTESIAN_POINT('',(1.516573542503E2,-3.331631227254E1,
-1.438027064206E2));
#10748=CARTESIAN_POINT('',(1.516099693797E2,-3.366209185824E1,
-1.437107290960E2));
#10749=CARTESIAN_POINT('',(1.518362491829E2,-3.490822214856E1,
-1.441499539084E2));
#10750=CARTESIAN_POINT('',(1.528933832862E2,-3.807934864904E1,
-1.462019246173E2));
#10751=CARTESIAN_POINT('',(1.541686180063E2,-4.143110284291E1,
-1.486772437701E2));
#10752=CARTESIAN_POINT('',(1.559054423451E2,-4.560141022641E1,
-1.520485404286E2));
#10753=CARTESIAN_POINT('',(1.579350912703E2,-5.012627442313E1,
-1.559882299449E2));
#10754=CARTESIAN_POINT('',(1.599415825016E2,-5.429304316E1,-1.598829687693E2));
#10755=CARTESIAN_POINT('',(1.612502012746E2,-5.681015197908E1,
-1.624230886871E2));
#10756=CARTESIAN_POINT('',(1.618651257775E2,-5.793082981151E1,
-1.636166998516E2));
#10757=CARTESIAN_POINT('',(1.619893877525E2,-5.815424539549E1,
-1.638579009746E2));
#10759=DIRECTION('',(8.889642766964E-1,0.E0,4.579765438946E-1));
#10760=VECTOR('',#10759,1.E0);
#10761=SURFACE_OF_LINEAR_EXTRUSION('',#10758,#10760);
#10762=ORIENTED_EDGE('',*,*,#10659,.F.);
#10763=ORIENTED_EDGE('',*,*,#8263,.F.);
#10764=ORIENTED_EDGE('',*,*,#10741,.F.);
#10765=EDGE_LOOP('',(#10762,#10763,#10764));
#10766=FACE_OUTER_BOUND('',#10765,.F.);
#10767=ADVANCED_FACE('',(#10766),#10761,.T.);
#10768=CARTESIAN_POINT('',(7.788402036190E1,1.252212569798E3,
-1.498610196580E2));
#10769=DIRECTION('',(9.063077870367E-1,0.E0,-4.226182617407E-1));
#10770=DIRECTION('',(-4.226182617407E-1,0.E0,-9.063077870367E-1));
#10771=AXIS2_PLACEMENT_3D('',#10768,#10769,#10770);
#10772=PLANE('',#10771);
#10773=ORIENTED_EDGE('',*,*,#10632,.T.);
#10774=ORIENTED_EDGE('',*,*,#10507,.F.);
#10775=ORIENTED_EDGE('',*,*,#8388,.F.);
#10776=ORIENTED_EDGE('',*,*,#8353,.F.);
#10777=EDGE_LOOP('',(#10773,#10774,#10775,#10776));
#10778=FACE_OUTER_BOUND('',#10777,.F.);
#10779=ADVANCED_FACE('',(#10778),#10772,.F.);
#10780=CARTESIAN_POINT('',(9.523655233193E1,3.391166768113E1,-2.39E2));
#10781=DIRECTION('',(-3.127463850499E-1,-9.498366694533E-1,0.E0));
#10782=DIRECTION('',(9.498366694533E-1,-3.127463850499E-1,0.E0));
#10783=AXIS2_PLACEMENT_3D('',#10780,#10781,#10782);
#10784=PLANE('',#10783);
#10785=ORIENTED_EDGE('',*,*,#8565,.F.);
#10787=ORIENTED_EDGE('',*,*,#10786,.F.);
#10789=ORIENTED_EDGE('',*,*,#10788,.F.);
#10791=ORIENTED_EDGE('',*,*,#10790,.F.);
#10792=EDGE_LOOP('',(#10785,#10787,#10789,#10791));
#10793=FACE_OUTER_BOUND('',#10792,.F.);
#10794=ADVANCED_FACE('',(#10793),#10784,.T.);
#10795=CARTESIAN_POINT('',(8.928819370444E1,3.271180629556E1,-2.39E2));
#10796=DIRECTION('',(0.E0,0.E0,-1.E0));
#10797=DIRECTION('',(-1.E0,0.E0,0.E0));
#10798=AXIS2_PLACEMENT_3D('',#10795,#10796,#10797);
#10799=CYLINDRICAL_SURFACE('',#10798,3.E0);
#10800=ORIENTED_EDGE('',*,*,#8579,.F.);
#10801=ORIENTED_EDGE('',*,*,#8577,.F.);
#10803=ORIENTED_EDGE('',*,*,#10802,.T.);
#10805=ORIENTED_EDGE('',*,*,#10804,.F.);
#10807=ORIENTED_EDGE('',*,*,#10806,.F.);
#10808=ORIENTED_EDGE('',*,*,#10786,.T.);
#10809=EDGE_LOOP('',(#10800,#10801,#10803,#10805,#10807,#10808));
#10810=FACE_OUTER_BOUND('',#10809,.F.);
#10811=ADVANCED_FACE('',(#10810),#10799,.F.);
#10812=CARTESIAN_POINT('',(8.808833231887E1,2.676344766807E1,-2.39E2));
#10813=DIRECTION('',(9.498366694533E-1,3.127463850499E-1,0.E0));
#10814=DIRECTION('',(-3.127463850499E-1,9.498366694533E-1,0.E0));
#10815=AXIS2_PLACEMENT_3D('',#10812,#10813,#10814);
#10816=PLANE('',#10815);
#10817=ORIENTED_EDGE('',*,*,#8575,.F.);
#10819=ORIENTED_EDGE('',*,*,#10818,.F.);
#10821=ORIENTED_EDGE('',*,*,#10820,.F.);
#10822=ORIENTED_EDGE('',*,*,#10802,.F.);
#10823=EDGE_LOOP('',(#10817,#10819,#10821,#10822));
#10824=FACE_OUTER_BOUND('',#10823,.F.);
#10825=ADVANCED_FACE('',(#10824),#10816,.T.);
#10826=CARTESIAN_POINT('',(9.258749095002E1,2.269156735088E1,-2.39E2));
#10827=DIRECTION('',(0.E0,0.E0,-1.E0));
#10828=DIRECTION('',(-1.E0,0.E0,0.E0));
#10829=AXIS2_PLACEMENT_3D('',#10826,#10827,#10828);
#10830=CYLINDRICAL_SURFACE('',#10829,3.E0);
#10831=ORIENTED_EDGE('',*,*,#8573,.F.);
#10833=ORIENTED_EDGE('',*,*,#10832,.T.);
#10835=ORIENTED_EDGE('',*,*,#10834,.F.);
#10836=ORIENTED_EDGE('',*,*,#10818,.T.);
#10837=EDGE_LOOP('',(#10831,#10833,#10835,#10836));
#10838=FACE_OUTER_BOUND('',#10837,.F.);
#10839=ADVANCED_FACE('',(#10838),#10830,.F.);
#10840=CARTESIAN_POINT('',(9.806928214313E1,2.393071785687E1,-2.39E2));
#10841=DIRECTION('',(-7.071067811865E-1,7.071067811865E-1,0.E0));
#10842=DIRECTION('',(-7.071067811865E-1,-7.071067811865E-1,0.E0));
#10843=AXIS2_PLACEMENT_3D('',#10840,#10841,#10842);
#10844=PLANE('',#10843);
#10845=ORIENTED_EDGE('',*,*,#8571,.F.);
#10847=ORIENTED_EDGE('',*,*,#10846,.F.);
#10849=ORIENTED_EDGE('',*,*,#10848,.F.);
#10850=ORIENTED_EDGE('',*,*,#10832,.F.);
#10851=EDGE_LOOP('',(#10845,#10847,#10849,#10850));
#10852=FACE_OUTER_BOUND('',#10851,.F.);
#10853=ADVANCED_FACE('',(#10852),#10844,.T.);
#10854=CARTESIAN_POINT('',(9.930843264912E1,2.941250904998E1,-2.39E2));
#10855=DIRECTION('',(0.E0,0.E0,-1.E0));
#10856=DIRECTION('',(-1.E0,0.E0,0.E0));
#10857=AXIS2_PLACEMENT_3D('',#10854,#10855,#10856);
#10858=CYLINDRICAL_SURFACE('',#10857,3.E0);
#10859=ORIENTED_EDGE('',*,*,#8567,.F.);
#10860=ORIENTED_EDGE('',*,*,#10790,.T.);
#10862=ORIENTED_EDGE('',*,*,#10861,.F.);
#10864=ORIENTED_EDGE('',*,*,#10863,.F.);
#10865=ORIENTED_EDGE('',*,*,#10846,.T.);
#10866=ORIENTED_EDGE('',*,*,#8569,.F.);
#10867=EDGE_LOOP('',(#10859,#10860,#10862,#10864,#10865,#10866));
#10868=FACE_OUTER_BOUND('',#10867,.F.);
#10869=ADVANCED_FACE('',(#10868),#10858,.F.);
#10870=CARTESIAN_POINT('',(1.26E2,-4.775E0,-2.39E2));
#10871=DIRECTION('',(0.E0,0.E0,-1.E0));
#10872=DIRECTION('',(1.E0,0.E0,0.E0));
#10873=AXIS2_PLACEMENT_3D('',#10870,#10871,#10872);
#10874=PLANE('',#10873);
#10875=ORIENTED_EDGE('',*,*,#10788,.T.);
#10876=ORIENTED_EDGE('',*,*,#10806,.T.);
#10877=ORIENTED_EDGE('',*,*,#10804,.T.);
#10878=ORIENTED_EDGE('',*,*,#10820,.T.);
#10879=ORIENTED_EDGE('',*,*,#10834,.T.);
#10880=ORIENTED_EDGE('',*,*,#10848,.T.);
#10881=ORIENTED_EDGE('',*,*,#10863,.T.);
#10882=ORIENTED_EDGE('',*,*,#10861,.T.);
#10883=EDGE_LOOP('',(#10875,#10876,#10877,#10878,#10879,#10880,#10881,#10882));
#10884=FACE_OUTER_BOUND('',#10883,.F.);
#10885=ADVANCED_FACE('',(#10884),#10874,.T.);
#10886=CARTESIAN_POINT('',(8.227807819514E1,-6.2002E1,-1.640398687199E2));
#10887=DIRECTION('',(9.519512609241E-1,0.E0,-3.062495662445E-1));
#10888=DIRECTION('',(-3.062495662445E-1,0.E0,-9.519512609241E-1));
#10889=AXIS2_PLACEMENT_3D('',#10886,#10887,#10888);
#10890=PLANE('',#10889);
#10891=ORIENTED_EDGE('',*,*,#7600,.T.);
#10893=ORIENTED_EDGE('',*,*,#10892,.F.);
#10894=ORIENTED_EDGE('',*,*,#8405,.F.);
#10895=ORIENTED_EDGE('',*,*,#7522,.F.);
#10896=EDGE_LOOP('',(#10891,#10893,#10894,#10895));
#10897=FACE_OUTER_BOUND('',#10896,.F.);
#10898=ADVANCED_FACE('',(#10897),#10890,.T.);
#10899=CARTESIAN_POINT('',(8.064482776154E1,-6.2002E1,-1.593207593737E2));
#10900=DIRECTION('',(0.E0,1.E0,0.E0));
#10901=DIRECTION('',(0.E0,0.E0,1.E0));
#10902=AXIS2_PLACEMENT_3D('',#10899,#10900,#10901);
#10903=CYLINDRICAL_SURFACE('',#10902,3.E0);
#10904=ORIENTED_EDGE('',*,*,#7598,.T.);
#10906=ORIENTED_EDGE('',*,*,#10905,.T.);
#10907=ORIENTED_EDGE('',*,*,#8407,.F.);
#10908=ORIENTED_EDGE('',*,*,#10892,.T.);
#10909=EDGE_LOOP('',(#10904,#10906,#10907,#10908));
#10910=FACE_OUTER_BOUND('',#10909,.F.);
#10911=ADVANCED_FACE('',(#10910),#10903,.T.);
#10912=CARTESIAN_POINT('',(8.223876332875E1,-6.2002E1,-1.535363519358E2));
#10913=DIRECTION('',(0.E0,1.E0,0.E0));
#10914=DIRECTION('',(0.E0,0.E0,1.E0));
#10915=AXIS2_PLACEMENT_3D('',#10912,#10913,#10914);
#10916=CYLINDRICAL_SURFACE('',#10915,3.E0);
#10918=ORIENTED_EDGE('',*,*,#10917,.T.);
#10919=ORIENTED_EDGE('',*,*,#8409,.F.);
#10920=ORIENTED_EDGE('',*,*,#10905,.F.);
#10921=ORIENTED_EDGE('',*,*,#7596,.F.);
#10922=EDGE_LOOP('',(#10918,#10919,#10920,#10921));
#10923=FACE_OUTER_BOUND('',#10922,.F.);
#10924=ADVANCED_FACE('',(#10923),#10916,.F.);
#10925=CARTESIAN_POINT('',(8.014978982949E1,1.252212569798E3,
-1.509175653123E2));
#10926=DIRECTION('',(9.063077870367E-1,0.E0,-4.226182617407E-1));
#10927=DIRECTION('',(-4.226182617407E-1,0.E0,-9.063077870367E-1));
#10928=AXIS2_PLACEMENT_3D('',#10925,#10926,#10927);
#10929=PLANE('',#10928);
#10930=ORIENTED_EDGE('',*,*,#7594,.T.);
#10931=ORIENTED_EDGE('',*,*,#7620,.F.);
#10933=ORIENTED_EDGE('',*,*,#10932,.F.);
#10935=ORIENTED_EDGE('',*,*,#10934,.F.);
#10936=ORIENTED_EDGE('',*,*,#8411,.F.);
#10937=ORIENTED_EDGE('',*,*,#10917,.F.);
#10938=EDGE_LOOP('',(#10930,#10931,#10933,#10935,#10936,#10937));
#10939=FACE_OUTER_BOUND('',#10938,.F.);
#10940=ADVANCED_FACE('',(#10939),#10929,.T.);
#10941=CARTESIAN_POINT('',(8.286871319060E1,-2.85E1,-1.521854200975E2));
#10942=DIRECTION('',(-4.226182617407E-1,0.E0,-9.063077870367E-1));
#10943=DIRECTION('',(-9.063077870367E-1,0.E0,4.226182617407E-1));
#10944=AXIS2_PLACEMENT_3D('',#10941,#10942,#10943);
#10945=CYLINDRICAL_SURFACE('',#10944,3.E0);
#10947=ORIENTED_EDGE('',*,*,#10946,.F.);
#10948=ORIENTED_EDGE('',*,*,#10932,.T.);
#10949=ORIENTED_EDGE('',*,*,#7618,.F.);
#10950=ORIENTED_EDGE('',*,*,#7616,.T.);
#10951=ORIENTED_EDGE('',*,*,#7637,.T.);
#10952=ORIENTED_EDGE('',*,*,#7904,.F.);
#10953=EDGE_LOOP('',(#10947,#10948,#10949,#10950,#10951,#10952));
#10954=FACE_OUTER_BOUND('',#10953,.F.);
#10955=ADVANCED_FACE('',(#10954),#10945,.F.);
#10956=CARTESIAN_POINT('',(8.516992918833E1,-2.85E1,-1.330532369659E2));
#10957=DIRECTION('',(0.E0,-1.E0,0.E0));
#10958=DIRECTION('',(0.E0,0.E0,-1.E0));
#10959=AXIS2_PLACEMENT_3D('',#10956,#10957,#10958);
#10960=TOROIDAL_SURFACE('',#10959,6.E0,3.E0);
#10962=ORIENTED_EDGE('',*,*,#10961,.F.);
#10964=ORIENTED_EDGE('',*,*,#10963,.T.);
#10965=ORIENTED_EDGE('',*,*,#10946,.T.);
#10966=ORIENTED_EDGE('',*,*,#7902,.F.);
#10967=EDGE_LOOP('',(#10962,#10964,#10965,#10966));
#10968=FACE_OUTER_BOUND('',#10967,.F.);
#10969=ADVANCED_FACE('',(#10968),#10960,.F.);
#10970=CARTESIAN_POINT('',(1.26E2,-2.85E1,-9.4E1));
#10971=DIRECTION('',(0.E0,-1.E0,0.E0));
#10972=DIRECTION('',(0.E0,0.E0,-1.E0));
#10973=AXIS2_PLACEMENT_3D('',#10970,#10971,#10972);
#10974=TOROIDAL_SURFACE('',#10973,5.05E1,3.E0);
#10976=ORIENTED_EDGE('',*,*,#10975,.F.);
#10977=ORIENTED_EDGE('',*,*,#8102,.T.);
#10978=ORIENTED_EDGE('',*,*,#10961,.T.);
#10979=ORIENTED_EDGE('',*,*,#7900,.F.);
#10980=EDGE_LOOP('',(#10976,#10977,#10978,#10979));
#10981=FACE_OUTER_BOUND('',#10980,.F.);
#10982=ADVANCED_FACE('',(#10981),#10974,.F.);
#10983=CARTESIAN_POINT('',(8.743793319772E1,-2.818306620607E1,
-1.220644865965E2));
#10984=CARTESIAN_POINT('',(8.732978403627E1,-3.023942782831E1,
-1.218746678118E2));
#10985=CARTESIAN_POINT('',(8.805365451279E1,-3.170167789815E1,
-1.231451743250E2));
#10986=CARTESIAN_POINT('',(8.907163324162E1,-3.148321185472E1,
-1.249318870689E2));
#10987=CARTESIAN_POINT('',(8.407771726829E1,-2.818306620616E1,
-1.239789680106E2));
#10988=CARTESIAN_POINT('',(8.382225486779E1,-3.023942782840E1,
-1.238730808732E2));
#10989=CARTESIAN_POINT('',(8.553213118167E1,-3.170167789822E1,
-1.245818110335E2));
#10990=CARTESIAN_POINT('',(8.793672948060E1,-3.148321185475E1,
-1.255784979424E2));
#10991=CARTESIAN_POINT('',(8.376338012229E1,-2.818306620618E1,
-1.278335084937E2));
#10992=CARTESIAN_POINT('',(8.349413705290E1,-3.023942782842E1,
-1.278966059858E2));
#10993=CARTESIAN_POINT('',(8.529625096917E1,-3.170167789823E1,
-1.274742780544E2));
#10994=CARTESIAN_POINT('',(8.783056296728E1,-3.148321185476E1,
-1.268803584725E2));
#10995=CARTESIAN_POINT('',(8.676900949559E1,-2.818306620613E1,
-1.302671235511E2));
#10996=CARTESIAN_POINT('',(8.663153444577E1,-3.023942782836E1,
-1.304369117215E2));
#10997=CARTESIAN_POINT('',(8.755169072324E1,-3.170167789819E1,
-1.293004753212E2));
#10998=CARTESIAN_POINT('',(8.884570608655E1,-3.148321185474E1,
-1.277023053175E2));
#10999=(BOUNDED_SURFACE()B_SPLINE_SURFACE(3,3,((#10983,#10984,#10985,#10986),(
#10987,#10988,#10989,#10990),(#10991,#10992,#10993,#10994),(#10995,#10996,
#10997,#10998)),.UNSPECIFIED.,.F.,.F.,.F.)B_SPLINE_SURFACE_WITH_KNOTS((4,4),(4,
4),(0.E0,1.E0),(0.E0,1.E0),.UNSPECIFIED.)GEOMETRIC_REPRESENTATION_ITEM()RATIONAL_B_SPLINE_SURFACE(((1.570518705697E0,1.181498883039E0,1.181498883039E0,
1.570518705697E0),(1.114045010012E0,8.380944016835E-1,8.380944016835E-1,
1.114045010012E0),(1.114045010012E0,8.380944016835E-1,8.380944016835E-1,
1.114045010012E0),(1.570518705697E0,1.181498883039E0,1.181498883039E0,
1.570518705697E0)))REPRESENTATION_ITEM('')SURFACE());
#11001=ORIENTED_EDGE('',*,*,#11000,.T.);
#11002=ORIENTED_EDGE('',*,*,#8117,.T.);
#11003=ORIENTED_EDGE('',*,*,#10975,.T.);
#11004=ORIENTED_EDGE('',*,*,#7898,.F.);
#11005=EDGE_LOOP('',(#11001,#11002,#11003,#11004));
#11006=FACE_OUTER_BOUND('',#11005,.F.);
#11007=ADVANCED_FACE('',(#11006),#10999,.F.);
#11008=CARTESIAN_POINT('',(8.356475521456E1,-2.85E1,-1.185E2));
#11009=DIRECTION('',(0.E0,-1.E0,0.E0));
#11010=DIRECTION('',(0.E0,0.E0,-1.E0));
#11011=AXIS2_PLACEMENT_3D('',#11008,#11009,#11010);
#11012=TOROIDAL_SURFACE('',#11011,8.125E0,3.E0);
#11014=ORIENTED_EDGE('',*,*,#11013,.F.);
#11015=ORIENTED_EDGE('',*,*,#8136,.T.);
#11016=ORIENTED_EDGE('',*,*,#8134,.T.);
#11017=ORIENTED_EDGE('',*,*,#11000,.F.);
#11018=ORIENTED_EDGE('',*,*,#7896,.F.);
#11019=ORIENTED_EDGE('',*,*,#7894,.F.);
#11020=EDGE_LOOP('',(#11014,#11015,#11016,#11017,#11018,#11019));
#11021=FACE_OUTER_BOUND('',#11020,.F.);
#11022=ADVANCED_FACE('',(#11021),#11012,.F.);
#11023=CARTESIAN_POINT('',(7.497625443033E1,-2.818306620605E1,
-1.098414726168E2));
#11024=CARTESIAN_POINT('',(7.476047603659E1,-3.023942782833E1,
-1.098756354172E2));
#11025=CARTESIAN_POINT('',(7.620473696776E1,-3.170167789820E1,
-1.096469749056E2));
#11026=CARTESIAN_POINT('',(7.823580047228E1,-3.148321185474E1,
-1.093254097300E2));
#11027=CARTESIAN_POINT('',(7.558101220641E1,-2.818306620604E1,
-1.136612315372E2));
#11028=CARTESIAN_POINT('',(7.539174664063E1,-3.023942782832E1,
-1.138628541291E2));
#11029=CARTESIAN_POINT('',(7.665855031610E1,-3.170167789819E1,
-1.125133416628E2));
#11030=CARTESIAN_POINT('',(7.844005576092E1,-3.148321185473E1,
-1.106155228822E2));
#11031=CARTESIAN_POINT('',(7.907631075776E1,-2.818306620604E1,
-1.153162778250E2));
#11032=CARTESIAN_POINT('',(7.904028050835E1,-3.023942782832E1,
-1.155904583223E2));
#11033=CARTESIAN_POINT('',(7.928144034206E1,-3.170167789819E1,
-1.137552969170E2));
#11034=CARTESIAN_POINT('',(7.962058330885E1,-3.148321185473E1,
-1.111745102497E2));
#11035=CARTESIAN_POINT('',(8.241440826221E1,-2.818306620606E1,
-1.133634861750E2));
#11036=CARTESIAN_POINT('',(8.252472157107E1,-3.023942782833E1,
-1.135520554886E2));
#11037=CARTESIAN_POINT('',(8.178636589321E1,-3.170167789820E1,
-1.122899120102E2));
#11038=CARTESIAN_POINT('',(8.074801663216E1,-3.148321185474E1,
-1.105149601986E2));
#11039=(BOUNDED_SURFACE()B_SPLINE_SURFACE(3,3,((#11023,#11024,#11025,#11026),(
#11027,#11028,#11029,#11030),(#11031,#11032,#11033,#11034),(#11035,#11036,
#11037,#11038)),.UNSPECIFIED.,.F.,.F.,.F.)B_SPLINE_SURFACE_WITH_KNOTS((4,4),(4,
4),(0.E0,1.E0),(0.E0,1.E0),.UNSPECIFIED.)GEOMETRIC_REPRESENTATION_ITEM()RATIONAL_B_SPLINE_SURFACE(((1.570518705710E0,1.181498883040E0,1.181498883040E0,
1.570518705710E0),(1.114045010016E0,8.380944016802E-1,8.380944016802E-1,
1.114045010016E0),(1.114045010016E0,8.380944016802E-1,8.380944016802E-1,
1.114045010016E0),(1.570518705710E0,1.181498883040E0,1.181498883040E0,
1.570518705710E0)))REPRESENTATION_ITEM('')SURFACE());
#11041=ORIENTED_EDGE('',*,*,#11040,.T.);
#11042=ORIENTED_EDGE('',*,*,#8154,.T.);
#11043=ORIENTED_EDGE('',*,*,#8152,.T.);
#11044=ORIENTED_EDGE('',*,*,#11013,.T.);
#11045=ORIENTED_EDGE('',*,*,#7892,.F.);
#11046=EDGE_LOOP('',(#11041,#11042,#11043,#11044,#11045));
#11047=FACE_OUTER_BOUND('',#11046,.F.);
#11048=ADVANCED_FACE('',(#11047),#11039,.F.);
#11049=CARTESIAN_POINT('',(1.26E2,-2.85E1,-9.4E1));
#11050=DIRECTION('',(0.E0,-1.E0,0.E0));
#11051=DIRECTION('',(0.E0,0.E0,-1.E0));
#11052=AXIS2_PLACEMENT_3D('',#11049,#11050,#11051);
#11053=TOROIDAL_SURFACE('',#11052,5.05E1,3.E0);
#11055=ORIENTED_EDGE('',*,*,#11054,.F.);
#11056=ORIENTED_EDGE('',*,*,#8050,.T.);
#11057=ORIENTED_EDGE('',*,*,#11040,.F.);
#11058=ORIENTED_EDGE('',*,*,#7890,.F.);
#11059=EDGE_LOOP('',(#11055,#11056,#11057,#11058));
#11060=FACE_OUTER_BOUND('',#11059,.F.);
#11061=ADVANCED_FACE('',(#11060),#11053,.F.);
#11062=CARTESIAN_POINT('',(7.842709688537E1,-2.818306620609E1,
-1.024348690041E2));
#11063=CARTESIAN_POINT('',(7.838587341572E1,-3.023943885913E1,
-1.022203263517E2));
#11064=CARTESIAN_POINT('',(7.866179381249E1,-3.170169153392E1,
-1.036563212897E2));
#11065=CARTESIAN_POINT('',(7.904981885801E1,-3.148320958368E1,
-1.056757515593E2));
#11066=CARTESIAN_POINT('',(7.496291821484E1,-2.818306620614E1,
-1.031004963875E2));
#11067=CARTESIAN_POINT('',(7.476982292243E1,-3.023943885917E1,
-1.029151352680E2));
#11068=CARTESIAN_POINT('',(7.606226458530E1,-3.170169153395E1,
-1.041558099138E2));
#11069=CARTESIAN_POINT('',(7.787981682490E1,-3.148320958369E1,
-1.059005625365E2));
#11070=CARTESIAN_POINT('',(7.335936548081E1,-2.818306620613E1,
-1.062425040744E2));
#11071=CARTESIAN_POINT('',(7.309596940435E1,-3.023943885917E1,
-1.061948905943E2));
#11072=CARTESIAN_POINT('',(7.485895419172E1,-3.170169153394E1,
-1.065135811464E2));
#11073=CARTESIAN_POINT('',(7.733822814329E1,-3.148320958369E1,
-1.069617535809E2));
#11074=CARTESIAN_POINT('',(7.485282649565E1,-2.818306620608E1,
-1.094383088043E2));
#11075=CARTESIAN_POINT('',(7.465490471140E1,-3.023943885912E1,
-1.095308014607E2));
#11076=CARTESIAN_POINT('',(7.597965145563E1,-3.170169153391E1,
-1.089117218285E2));
#11077=CARTESIAN_POINT('',(7.784263411941E1,-3.148320958367E1,
-1.080411141992E2));
#11078=(BOUNDED_SURFACE()B_SPLINE_SURFACE(3,3,((#11062,#11063,#11064,#11065),(
#11066,#11067,#11068,#11069),(#11070,#11071,#11072,#11073),(#11074,#11075,
#11076,#11077)),.UNSPECIFIED.,.F.,.F.,.F.)B_SPLINE_SURFACE_WITH_KNOTS((4,4),(4,
4),(0.E0,1.E0),(0.E0,1.E0),.UNSPECIFIED.)GEOMETRIC_REPRESENTATION_ITEM()RATIONAL_B_SPLINE_SURFACE(((1.521433355787E0,1.144569220746E0,1.144569220746E0,
1.521433355787E0),(1.130409595745E0,8.504033549711E-1,8.504033549711E-1,
1.130409595745E0),(1.130409595745E0,8.504033549711E-1,8.504033549711E-1,
1.130409595745E0),(1.521433355787E0,1.144569220746E0,1.144569220746E0,
1.521433355787E0)))REPRESENTATION_ITEM('')SURFACE());
#11080=ORIENTED_EDGE('',*,*,#11079,.T.);
#11082=ORIENTED_EDGE('',*,*,#11081,.T.);
#11083=ORIENTED_EDGE('',*,*,#11054,.T.);
#11084=ORIENTED_EDGE('',*,*,#7888,.F.);
#11085=EDGE_LOOP('',(#11080,#11082,#11083,#11084));
#11086=FACE_OUTER_BOUND('',#11085,.F.);
#11087=ADVANCED_FACE('',(#11086),#11078,.F.);
#11088=CARTESIAN_POINT('',(7.687384848625E1,-2.85E1,-1.004675805436E2));
#11089=DIRECTION('',(0.E0,-1.E0,0.E0));
#11090=DIRECTION('',(0.E0,0.E0,-1.E0));
#11091=AXIS2_PLACEMENT_3D('',#11088,#11089,#11090);
#11092=TOROIDAL_SURFACE('',#11091,5.300059138620E0,3.E0);
#11094=ORIENTED_EDGE('',*,*,#11093,.F.);
#11096=ORIENTED_EDGE('',*,*,#11095,.T.);
#11097=ORIENTED_EDGE('',*,*,#11079,.F.);
#11098=ORIENTED_EDGE('',*,*,#7886,.F.);
#11099=EDGE_LOOP('',(#11094,#11096,#11097,#11098));
#11100=FACE_OUTER_BOUND('',#11099,.F.);
#11101=ADVANCED_FACE('',(#11100),#11092,.F.);
#11102=CARTESIAN_POINT('',(7.259989434413E1,-2.818306620607E1,
-9.232560979092E1));
#11103=CARTESIAN_POINT('',(7.238477880900E1,-3.023942782832E1,
-9.228749524412E1));
#11104=CARTESIAN_POINT('',(7.382460305506E1,-3.170167789818E1,
-9.254260582264E1));
#11105=CARTESIAN_POINT('',(7.584942725128E1,-3.148321185474E1,
-9.290136771565E1));
#11106=CARTESIAN_POINT('',(7.198446439653E1,-2.818306620607E1,
-9.579904850691E1));
#11107=CARTESIAN_POINT('',(7.174236816108E1,-3.023942782832E1,
-9.591321093237E1));
#11108=CARTESIAN_POINT('',(7.336278125427E1,-3.170167789818E1,
-9.514909211565E1));
#11109=CARTESIAN_POINT('',(7.564156746582E1,-3.148321185474E1,
-9.407451216388E1));
#11110=CARTESIAN_POINT('',(7.434658283249E1,-2.818306620606E1,
-9.841895824365E1));
#11111=CARTESIAN_POINT('',(7.420804283423E1,-3.023942782831E1,
-9.864797858225E1));
#11112=CARTESIAN_POINT('',(7.513532708830E1,-3.170167789817E1,
-9.711508586884E1));
#11113=CARTESIAN_POINT('',(7.643936652197E1,-3.148321185474E1,
-9.495937952842E1));
#11114=CARTESIAN_POINT('',(7.786499102731E1,-2.818306620606E1,
-9.816531615583E1));
#11115=CARTESIAN_POINT('',(7.788069948165E1,-3.023942782831E1,
-9.838321672168E1));
#11116=CARTESIAN_POINT('',(7.777555870972E1,-3.170167789817E1,
-9.692475154045E1));
#11117=CARTESIAN_POINT('',(7.762769928896E1,-3.148321185474E1,
-9.487371260538E1));
#11118=(BOUNDED_SURFACE()B_SPLINE_SURFACE(3,3,((#11102,#11103,#11104,#11105),(
#11106,#11107,#11108,#11109),(#11110,#11111,#11112,#11113),(#11114,#11115,
#11116,#11117)),.UNSPECIFIED.,.F.,.F.,.F.)B_SPLINE_SURFACE_WITH_KNOTS((4,4),(4,
4),(0.E0,1.E0),(0.E0,1.E0),.UNSPECIFIED.)GEOMETRIC_REPRESENTATION_ITEM()RATIONAL_B_SPLINE_SURFACE(((1.521429483424E0,1.144569134237E0,1.144569134237E0,
1.521429483424E0),(1.130408084106E0,8.504043179497E-1,8.504043179497E-1,
1.130408084106E0),(1.130408084106E0,8.504043179497E-1,8.504043179497E-1,
1.130408084106E0),(1.521429483424E0,1.144569134237E0,1.144569134237E0,
1.521429483424E0)))REPRESENTATION_ITEM('')SURFACE());
#11120=ORIENTED_EDGE('',*,*,#11119,.T.);
#11122=ORIENTED_EDGE('',*,*,#11121,.T.);
#11123=ORIENTED_EDGE('',*,*,#11093,.T.);
#11124=ORIENTED_EDGE('',*,*,#7884,.F.);
#11125=EDGE_LOOP('',(#11120,#11122,#11123,#11124));
#11126=FACE_OUTER_BOUND('',#11125,.F.);
#11127=ADVANCED_FACE('',(#11126),#11118,.F.);
#11128=CARTESIAN_POINT('',(1.26E2,-2.85E1,-9.4E1));
#11129=DIRECTION('',(0.E0,-1.E0,0.E0));
#11130=DIRECTION('',(0.E0,0.E0,-1.E0));
#11131=AXIS2_PLACEMENT_3D('',#11128,#11129,#11130);
#11132=TOROIDAL_SURFACE('',#11131,5.05E1,3.E0);
#11134=ORIENTED_EDGE('',*,*,#11133,.F.);
#11135=ORIENTED_EDGE('',*,*,#8058,.T.);
#11136=ORIENTED_EDGE('',*,*,#11119,.F.);
#11137=ORIENTED_EDGE('',*,*,#7882,.F.);
#11138=EDGE_LOOP('',(#11134,#11135,#11136,#11137));
#11139=FACE_OUTER_BOUND('',#11138,.F.);
#11140=ADVANCED_FACE('',(#11139),#11132,.F.);
#11141=CARTESIAN_POINT('',(7.888791228468E1,-2.818306620607E1,
-8.657708985041E1));
#11142=CARTESIAN_POINT('',(7.894566142902E1,-3.023942782832E1,
-8.636639469512E1));
#11143=CARTESIAN_POINT('',(7.855913138065E1,-3.170167789817E1,
-8.777663218877E1));
#11144=CARTESIAN_POINT('',(7.801555434571E1,-3.148321185474E1,
-8.975984854826E1));
#11145=CARTESIAN_POINT('',(7.515813802436E1,-2.818306620607E1,
-8.555480117085E1));
#11146=CARTESIAN_POINT('',(7.505237234145E1,-3.023942782832E1,
-8.529928846222E1));
#11147=CARTESIAN_POINT('',(7.576028957562E1,-3.170167789818E1,
-8.700950150110E1));
#11148=CARTESIAN_POINT('',(7.675583326686E1,-3.148321185474E1,
-8.941457333629E1));
#11149=CARTESIAN_POINT('',(7.221029638288E1,-2.818306620608E1,
-8.805810295730E1));
#11150=CARTESIAN_POINT('',(7.197529611817E1,-3.023942782833E1,
-8.791233602163E1));
#11151=CARTESIAN_POINT('',(7.354821403299E1,-3.170167789818E1,
-8.888799204812E1));
#11152=CARTESIAN_POINT('',(7.576020779633E1,-3.148321185474E1,
-9.026005668382E1));
#11153=CARTESIAN_POINT('',(7.261477158454E1,-2.818306620608E1,
-9.190422957879E1));
#11154=CARTESIAN_POINT('',(7.239750367791E1,-3.023942782833E1,
-9.192707840541E1));
#11155=CARTESIAN_POINT('',(7.385173430647E1,-3.170167789818E1,
-9.177414526393E1));
#11156=CARTESIAN_POINT('',(7.589681819199E1,-3.148321185474E1,
-9.155907545516E1));
#11157=(BOUNDED_SURFACE()B_SPLINE_SURFACE(3,3,((#11141,#11142,#11143,#11144),(
#11145,#11146,#11147,#11148),(#11149,#11150,#11151,#11152),(#11153,#11154,
#11155,#11156)),.UNSPECIFIED.,.F.,.F.,.F.)B_SPLINE_SURFACE_WITH_KNOTS((4,4),(4,
4),(0.E0,1.E0),(0.E0,1.E0),.UNSPECIFIED.)GEOMETRIC_REPRESENTATION_ITEM()RATIONAL_B_SPLINE_SURFACE(((1.570518705696E0,1.181498883034E0,1.181498883034E0,
1.570518705696E0),(1.114045010016E0,8.380944016838E-1,8.380944016838E-1,
1.114045010016E0),(1.114045010016E0,8.380944016838E-1,8.380944016838E-1,
1.114045010016E0),(1.570518705696E0,1.181498883034E0,1.181498883034E0,
1.570518705696E0)))REPRESENTATION_ITEM('')SURFACE());
#11159=ORIENTED_EDGE('',*,*,#11158,.T.);
#11161=ORIENTED_EDGE('',*,*,#11160,.T.);
#11163=ORIENTED_EDGE('',*,*,#11162,.T.);
#11164=ORIENTED_EDGE('',*,*,#11133,.T.);
#11165=ORIENTED_EDGE('',*,*,#7880,.F.);
#11166=ORIENTED_EDGE('',*,*,#7878,.F.);
#11167=EDGE_LOOP('',(#11159,#11161,#11163,#11164,#11165,#11166));
#11168=FACE_OUTER_BOUND('',#11167,.F.);
#11169=ADVANCED_FACE('',(#11168),#11157,.F.);
#11170=CARTESIAN_POINT('',(7.866963451184E1,-2.85E1,-8.131786678998E1));
#11171=DIRECTION('',(0.E0,-1.E0,0.E0));
#11172=DIRECTION('',(0.E0,0.E0,-1.E0));
#11173=AXIS2_PLACEMENT_3D('',#11170,#11171,#11172);
#11174=TOROIDAL_SURFACE('',#11173,8.125E0,3.E0);
#11176=ORIENTED_EDGE('',*,*,#11175,.F.);
#11178=ORIENTED_EDGE('',*,*,#11177,.T.);
#11180=ORIENTED_EDGE('',*,*,#11179,.T.);
#11181=ORIENTED_EDGE('',*,*,#11158,.F.);
#11182=ORIENTED_EDGE('',*,*,#7876,.F.);
#11183=ORIENTED_EDGE('',*,*,#7874,.F.);
#11184=EDGE_LOOP('',(#11176,#11178,#11180,#11181,#11182,#11183));
#11185=FACE_OUTER_BOUND('',#11184,.F.);
#11186=ADVANCED_FACE('',(#11185),#11174,.F.);
#11187=CARTESIAN_POINT('',(7.871915079476E1,-2.818306620607E1,
-6.912237621755E1));
#11188=CARTESIAN_POINT('',(7.854241568150E1,-3.023942782832E1,
-6.899395459993E1));
#11189=CARTESIAN_POINT('',(7.972534977806E1,-3.170167789817E1,
-6.985351389980E1));
#11190=CARTESIAN_POINT('',(8.138890947140E1,-3.148321185474E1,
-7.106231176054E1));
#11191=CARTESIAN_POINT('',(7.644580168419E1,-2.818306620608E1,
-7.225098197710E1));
#11192=CARTESIAN_POINT('',(7.616940201723E1,-3.023942782833E1,
-7.225971971406E1));
#11193=CARTESIAN_POINT('',(7.801941690276E1,-3.170167789818E1,
-7.220123576717E1));
#11194=CARTESIAN_POINT('',(8.062109201267E1,-3.148321185474E1,
-7.211898981869E1));
#11195=CARTESIAN_POINT('',(7.774705653882E1,-2.818306620609E1,
-7.589282573824E1));
#11196=CARTESIAN_POINT('',(7.752770441627E1,-3.023942782833E1,
-7.606122339344E1));
#11197=CARTESIAN_POINT('',(7.899588524427E1,-3.170167789818E1,
-7.493409407297E1));
#11198=CARTESIAN_POINT('',(8.106058728905E1,-3.148321185474E1,
-7.334901261139E1));
#11199=CARTESIAN_POINT('',(8.148828013841E1,-2.818306620607E1,
-7.687238490190E1));
#11200=CARTESIAN_POINT('',(8.143294478681E1,-3.023942782832E1,
-7.708372683099E1));
#11201=CARTESIAN_POINT('',(8.180331869243E1,-3.170167789817E1,
-7.566916031194E1));
#11202=CARTESIAN_POINT('',(8.232417535100E1,-3.148321185474E1,
-7.367985604596E1));
#11203=(BOUNDED_SURFACE()B_SPLINE_SURFACE(3,3,((#11187,#11188,#11189,#11190),(
#11191,#11192,#11193,#11194),(#11195,#11196,#11197,#11198),(#11199,#11200,
#11201,#11202)),.UNSPECIFIED.,.F.,.F.,.F.)B_SPLINE_SURFACE_WITH_KNOTS((4,4),(4,
4),(0.E0,1.E0),(0.E0,1.E0),.UNSPECIFIED.)GEOMETRIC_REPRESENTATION_ITEM()RATIONAL_B_SPLINE_SURFACE(((1.570518705693E0,1.181498883033E0,1.181498883033E0,
1.570518705693E0),(1.114045010015E0,8.380944016846E-1,8.380944016846E-1,
1.114045010015E0),(1.114045010015E0,8.380944016846E-1,8.380944016846E-1,
1.114045010015E0),(1.570518705693E0,1.181498883033E0,1.181498883033E0,
1.570518705693E0)))REPRESENTATION_ITEM('')SURFACE());
#11205=ORIENTED_EDGE('',*,*,#11204,.T.);
#11207=ORIENTED_EDGE('',*,*,#11206,.T.);
#11208=ORIENTED_EDGE('',*,*,#11175,.T.);
#11209=ORIENTED_EDGE('',*,*,#7872,.F.);
#11210=EDGE_LOOP('',(#11205,#11207,#11208,#11209));
#11211=FACE_OUTER_BOUND('',#11210,.F.);
#11212=ADVANCED_FACE('',(#11211),#11203,.F.);
#11213=CARTESIAN_POINT('',(1.26E2,-2.85E1,-9.4E1));
#11214=DIRECTION('',(0.E0,-1.E0,0.E0));
#11215=DIRECTION('',(0.E0,0.E0,-1.E0));
#11216=AXIS2_PLACEMENT_3D('',#11213,#11214,#11215);
#11217=TOROIDAL_SURFACE('',#11216,5.05E1,3.E0);
#11219=ORIENTED_EDGE('',*,*,#11218,.F.);
#11220=ORIENTED_EDGE('',*,*,#8066,.T.);
#11221=ORIENTED_EDGE('',*,*,#11204,.F.);
#11222=ORIENTED_EDGE('',*,*,#7870,.F.);
#11223=EDGE_LOOP('',(#11219,#11220,#11221,#11222));
#11224=FACE_OUTER_BOUND('',#11223,.F.);
#11225=ADVANCED_FACE('',(#11224),#11217,.F.);
#11226=CARTESIAN_POINT('',(9.793551340357E1,-2.818306620607E1,
-5.543793319773E1));
#11227=CARTESIAN_POINT('',(9.812533218820E1,-3.023942782832E1,
-5.532978403622E1));
#11228=CARTESIAN_POINT('',(9.685482567501E1,-3.170167789818E1,
-5.605365451273E1));
#11229=CARTESIAN_POINT('',(9.506811293115E1,-3.148321185474E1,
-5.707163324158E1));
#11230=CARTESIAN_POINT('',(9.602103198945E1,-2.818306620606E1,
-5.207771726831E1));
#11231=CARTESIAN_POINT('',(9.612691912679E1,-3.023942782831E1,
-5.182225486776E1));
#11232=CARTESIAN_POINT('',(9.541818896652E1,-3.170167789818E1,
-5.353213118162E1));
#11233=CARTESIAN_POINT('',(9.442150205765E1,-3.148321185474E1,
-5.593672948057E1));
#11234=CARTESIAN_POINT('',(9.216649150634E1,-2.818306620606E1,
-5.176338012231E1));
#11235=CARTESIAN_POINT('',(9.210339401426E1,-3.023942782831E1,
-5.149413705286E1));
#11236=CARTESIAN_POINT('',(9.252572194563E1,-3.170167789817E1,
-5.329625096912E1));
#11237=CARTESIAN_POINT('',(9.311964152751E1,-3.148321185474E1,
-5.583056296725E1));
#11238=CARTESIAN_POINT('',(8.973287644889E1,-2.818306620606E1,
-5.476900949558E1));
#11239=CARTESIAN_POINT('',(8.956308827852E1,-3.023942782832E1,
-5.463153444571E1));
#11240=CARTESIAN_POINT('',(9.069952467879E1,-3.170167789818E1,
-5.555169072316E1));
#11241=CARTESIAN_POINT('',(9.229769468256E1,-3.148321185474E1,
-5.684570608650E1));
#11242=(BOUNDED_SURFACE()B_SPLINE_SURFACE(3,3,((#11226,#11227,#11228,#11229),(
#11230,#11231,#11232,#11233),(#11234,#11235,#11236,#11237),(#11238,#11239,
#11240,#11241)),.UNSPECIFIED.,.F.,.F.,.F.)B_SPLINE_SURFACE_WITH_KNOTS((4,4),(4,
4),(0.E0,1.E0),(0.E0,1.E0),.UNSPECIFIED.)GEOMETRIC_REPRESENTATION_ITEM()RATIONAL_B_SPLINE_SURFACE(((1.570518705696E0,1.181498883034E0,1.181498883034E0,
1.570518705696E0),(1.114045010016E0,8.380944016837E-1,8.380944016837E-1,
1.114045010016E0),(1.114045010016E0,8.380944016837E-1,8.380944016837E-1,
1.114045010016E0),(1.570518705696E0,1.181498883034E0,1.181498883034E0,
1.570518705696E0)))REPRESENTATION_ITEM('')SURFACE());
#11244=ORIENTED_EDGE('',*,*,#11243,.T.);
#11246=ORIENTED_EDGE('',*,*,#11245,.T.);
#11248=ORIENTED_EDGE('',*,*,#11247,.T.);
#11249=ORIENTED_EDGE('',*,*,#11218,.T.);
#11250=ORIENTED_EDGE('',*,*,#7868,.F.);
#11251=ORIENTED_EDGE('',*,*,#7866,.F.);
#11252=EDGE_LOOP('',(#11244,#11246,#11248,#11249,#11250,#11251));
#11253=FACE_OUTER_BOUND('',#11252,.F.);
#11254=ADVANCED_FACE('',(#11253),#11242,.F.);
#11255=CARTESIAN_POINT('',(1.015E2,-2.85E1,-5.156475521456E1));
#11256=DIRECTION('',(0.E0,-1.E0,0.E0));
#11257=DIRECTION('',(0.E0,0.E0,-1.E0));
#11258=AXIS2_PLACEMENT_3D('',#11255,#11256,#11257);
#11259=TOROIDAL_SURFACE('',#11258,8.125E0,3.E0);
#11261=ORIENTED_EDGE('',*,*,#11260,.F.);
#11263=ORIENTED_EDGE('',*,*,#11262,.T.);
#11265=ORIENTED_EDGE('',*,*,#11264,.T.);
#11266=ORIENTED_EDGE('',*,*,#11243,.F.);
#11267=ORIENTED_EDGE('',*,*,#7864,.F.);
#11268=ORIENTED_EDGE('',*,*,#7862,.F.);
#11269=EDGE_LOOP('',(#11261,#11263,#11265,#11266,#11267,#11268));
#11270=FACE_OUTER_BOUND('',#11269,.F.);
#11271=ADVANCED_FACE('',(#11270),#11259,.F.);
#11272=CARTESIAN_POINT('',(1.101585273832E2,-2.818306620605E1,
-4.297625443033E1));
#11273=CARTESIAN_POINT('',(1.101243645828E2,-3.023942782833E1,
-4.276047603659E1));
#11274=CARTESIAN_POINT('',(1.103530250944E2,-3.170167789820E1,
-4.420473696776E1));
#11275=CARTESIAN_POINT('',(1.106745902700E2,-3.148321185474E1,
-4.623580047228E1));
#11276=CARTESIAN_POINT('',(1.063387684628E2,-2.818306620604E1,
-4.358101220641E1));
#11277=CARTESIAN_POINT('',(1.061371458709E2,-3.023942782832E1,
-4.339174664063E1));
#11278=CARTESIAN_POINT('',(1.074866583372E2,-3.170167789819E1,
-4.465855031610E1));
#11279=CARTESIAN_POINT('',(1.093844771178E2,-3.148321185473E1,
-4.644005576092E1));
#11280=CARTESIAN_POINT('',(1.046837221750E2,-2.818306620605E1,
-4.707631075776E1));
#11281=CARTESIAN_POINT('',(1.044095416777E2,-3.023942782832E1,
-4.704028050835E1));
#11282=CARTESIAN_POINT('',(1.062447030830E2,-3.170167789819E1,
-4.728144034206E1));
#11283=CARTESIAN_POINT('',(1.088254897503E2,-3.148321185473E1,
-4.762058330885E1));
#11284=CARTESIAN_POINT('',(1.066365138250E2,-2.818306620606E1,
-5.041440826221E1));
#11285=CARTESIAN_POINT('',(1.064479445114E2,-3.023942782833E1,
-5.052472157107E1));
#11286=CARTESIAN_POINT('',(1.077100879898E2,-3.170167789820E1,
-4.978636589321E1));
#11287=CARTESIAN_POINT('',(1.094850398014E2,-3.148321185474E1,
-4.874801663216E1));
#11288=(BOUNDED_SURFACE()B_SPLINE_SURFACE(3,3,((#11272,#11273,#11274,#11275),(
#11276,#11277,#11278,#11279),(#11280,#11281,#11282,#11283),(#11284,#11285,
#11286,#11287)),.UNSPECIFIED.,.F.,.F.,.F.)B_SPLINE_SURFACE_WITH_KNOTS((4,4),(4,
4),(0.E0,1.E0),(0.E0,1.E0),.UNSPECIFIED.)GEOMETRIC_REPRESENTATION_ITEM()RATIONAL_B_SPLINE_SURFACE(((1.570518705710E0,1.181498883040E0,1.181498883040E0,
1.570518705710E0),(1.114045010016E0,8.380944016802E-1,8.380944016802E-1,
1.114045010016E0),(1.114045010016E0,8.380944016802E-1,8.380944016802E-1,
1.114045010016E0),(1.570518705710E0,1.181498883040E0,1.181498883040E0,
1.570518705710E0)))REPRESENTATION_ITEM('')SURFACE());
#11290=ORIENTED_EDGE('',*,*,#11289,.T.);
#11292=ORIENTED_EDGE('',*,*,#11291,.T.);
#11293=ORIENTED_EDGE('',*,*,#11260,.T.);
#11294=ORIENTED_EDGE('',*,*,#7860,.F.);
#11295=EDGE_LOOP('',(#11290,#11292,#11293,#11294));
#11296=FACE_OUTER_BOUND('',#11295,.F.);
#11297=ADVANCED_FACE('',(#11296),#11288,.F.);
#11298=CARTESIAN_POINT('',(1.26E2,-2.85E1,-9.4E1));
#11299=DIRECTION('',(0.E0,-1.E0,0.E0));
#11300=DIRECTION('',(0.E0,0.E0,-1.E0));
#11301=AXIS2_PLACEMENT_3D('',#11298,#11299,#11300);
#11302=TOROIDAL_SURFACE('',#11301,5.05E1,3.E0);
#11304=ORIENTED_EDGE('',*,*,#11303,.F.);
#11305=ORIENTED_EDGE('',*,*,#8076,.T.);
#11306=ORIENTED_EDGE('',*,*,#8074,.T.);
#11307=ORIENTED_EDGE('',*,*,#11289,.F.);
#11308=ORIENTED_EDGE('',*,*,#7858,.F.);
#11309=ORIENTED_EDGE('',*,*,#7856,.F.);
#11310=EDGE_LOOP('',(#11304,#11305,#11306,#11307,#11308,#11309));
#11311=FACE_OUTER_BOUND('',#11310,.F.);
#11312=ADVANCED_FACE('',(#11311),#11302,.F.);
#11313=CARTESIAN_POINT('',(1.334229101496E2,-2.818306620609E1,
-4.688791228468E1));
#11314=CARTESIAN_POINT('',(1.336336053049E2,-3.023942782834E1,
-4.694566142901E1));
#11315=CARTESIAN_POINT('',(1.322233678112E2,-3.170167789819E1,
-4.655913138064E1));
#11316=CARTESIAN_POINT('',(1.302401514517E2,-3.148321185475E1,
-4.601555434571E1));
#11317=CARTESIAN_POINT('',(1.344451988291E2,-2.818306620608E1,
-4.315813802438E1));
#11318=CARTESIAN_POINT('',(1.347007115378E2,-3.023942782834E1,
-4.305237234147E1));
#11319=CARTESIAN_POINT('',(1.329904984989E2,-3.170167789819E1,
-4.376028957562E1));
#11320=CARTESIAN_POINT('',(1.305854266637E2,-3.148321185475E1,
-4.475583326686E1));
#11321=CARTESIAN_POINT('',(1.319418970427E2,-2.818306620606E1,
-4.021029638292E1));
#11322=CARTESIAN_POINT('',(1.320876639784E2,-3.023942782831E1,
-3.997529611820E1));
#11323=CARTESIAN_POINT('',(1.311120079519E2,-3.170167789817E1,
-4.154821403300E1));
#11324=CARTESIAN_POINT('',(1.297399433162E2,-3.148321185474E1,
-4.376020779633E1));
#11325=CARTESIAN_POINT('',(1.280957704213E2,-2.818306620603E1,
-4.061477158454E1));
#11326=CARTESIAN_POINT('',(1.280729215946E2,-3.023942782828E1,
-4.039750367790E1));
#11327=CARTESIAN_POINT('',(1.282258547361E2,-3.170167789815E1,
-4.185173430645E1));
#11328=CARTESIAN_POINT('',(1.284409245448E2,-3.148321185473E1,
-4.389681819198E1));
#11329=(BOUNDED_SURFACE()B_SPLINE_SURFACE(3,3,((#11313,#11314,#11315,#11316),(
#11317,#11318,#11319,#11320),(#11321,#11322,#11323,#11324),(#11325,#11326,
#11327,#11328)),.UNSPECIFIED.,.F.,.F.,.F.)B_SPLINE_SURFACE_WITH_KNOTS((4,4),(4,
4),(0.E0,1.E0),(0.E0,1.E0),.UNSPECIFIED.)GEOMETRIC_REPRESENTATION_ITEM()RATIONAL_B_SPLINE_SURFACE(((1.570518705688E0,1.181498883030E0,1.181498883030E0,
1.570518705688E0),(1.114045010016E0,8.380944016859E-1,8.380944016859E-1,
1.114045010016E0),(1.114045010016E0,8.380944016859E-1,8.380944016859E-1,
1.114045010016E0),(1.570518705688E0,1.181498883030E0,1.181498883030E0,
1.570518705688E0)))REPRESENTATION_ITEM('')SURFACE());
#11331=ORIENTED_EDGE('',*,*,#11330,.T.);
#11333=ORIENTED_EDGE('',*,*,#11332,.T.);
#11334=ORIENTED_EDGE('',*,*,#11303,.T.);
#11335=ORIENTED_EDGE('',*,*,#7854,.F.);
#11336=EDGE_LOOP('',(#11331,#11333,#11334,#11335));
#11337=FACE_OUTER_BOUND('',#11336,.F.);
#11338=ADVANCED_FACE('',(#11337),#11329,.F.);
#11339=CARTESIAN_POINT('',(1.386821332100E2,-2.85E1,-4.666963451184E1));
#11340=DIRECTION('',(0.E0,-1.E0,0.E0));
#11341=DIRECTION('',(0.E0,0.E0,-1.E0));
#11342=AXIS2_PLACEMENT_3D('',#11339,#11340,#11341);
#11343=TOROIDAL_SURFACE('',#11342,8.125E0,3.E0);
#11345=ORIENTED_EDGE('',*,*,#11344,.F.);
#11347=ORIENTED_EDGE('',*,*,#11346,.T.);
#11349=ORIENTED_EDGE('',*,*,#11348,.T.);
#11350=ORIENTED_EDGE('',*,*,#11330,.F.);
#11351=ORIENTED_EDGE('',*,*,#7852,.F.);
#11352=ORIENTED_EDGE('',*,*,#7850,.F.);
#11353=EDGE_LOOP('',(#11345,#11347,#11349,#11350,#11351,#11352));
#11354=FACE_OUTER_BOUND('',#11353,.F.);
#11355=ADVANCED_FACE('',(#11354),#11343,.F.);
#11356=CARTESIAN_POINT('',(1.508776237825E2,-2.818306620605E1,
-4.671915079476E1));
#11357=CARTESIAN_POINT('',(1.510060454001E2,-3.023942782831E1,
-4.654241568150E1));
#11358=CARTESIAN_POINT('',(1.501464861002E2,-3.170167789817E1,
-4.772534977806E1));
#11359=CARTESIAN_POINT('',(1.489376882395E2,-3.148321185474E1,
-4.938890947141E1));
#11360=CARTESIAN_POINT('',(1.477490180229E2,-2.818306620606E1,
-4.444580168417E1));
#11361=CARTESIAN_POINT('',(1.477402802859E2,-3.023942782832E1,
-4.416940201720E1));
#11362=CARTESIAN_POINT('',(1.477987642328E2,-3.170167789818E1,
-4.601941690276E1));
#11363=CARTESIAN_POINT('',(1.478810101813E2,-3.148321185474E1,
-4.862109201268E1));
#11364=CARTESIAN_POINT('',(1.441071742617E2,-2.818306620607E1,
-4.574705653882E1));
#11365=CARTESIAN_POINT('',(1.439387766065E2,-3.023942782833E1,
-4.552770441626E1));
#11366=CARTESIAN_POINT('',(1.450659059270E2,-3.170167789819E1,
-4.699588524427E1));
#11367=CARTESIAN_POINT('',(1.466509873886E2,-3.148321185474E1,
-4.906058728906E1));
#11368=CARTESIAN_POINT('',(1.431276150981E2,-2.818306620607E1,
-4.948828013844E1));
#11369=CARTESIAN_POINT('',(1.429162731690E2,-3.023942782833E1,
-4.943294478684E1));
#11370=CARTESIAN_POINT('',(1.443308396881E2,-3.170167789819E1,
-4.980331869245E1));
#11371=CARTESIAN_POINT('',(1.463201439541E2,-3.148321185474E1,
-5.032417535101E1));
#11372=(BOUNDED_SURFACE()B_SPLINE_SURFACE(3,3,((#11356,#11357,#11358,#11359),(
#11360,#11361,#11362,#11363),(#11364,#11365,#11366,#11367),(#11368,#11369,
#11370,#11371)),.UNSPECIFIED.,.F.,.F.,.F.)B_SPLINE_SURFACE_WITH_KNOTS((4,4),(4,
4),(0.E0,1.E0),(0.E0,1.E0),.UNSPECIFIED.)GEOMETRIC_REPRESENTATION_ITEM()RATIONAL_B_SPLINE_SURFACE(((1.570518705697E0,1.181498883035E0,1.181498883035E0,
1.570518705697E0),(1.114045010016E0,8.380944016836E-1,8.380944016836E-1,
1.114045010016E0),(1.114045010016E0,8.380944016836E-1,8.380944016836E-1,
1.114045010016E0),(1.570518705697E0,1.181498883035E0,1.181498883035E0,
1.570518705697E0)))REPRESENTATION_ITEM('')SURFACE());
#11374=ORIENTED_EDGE('',*,*,#11373,.T.);
#11376=ORIENTED_EDGE('',*,*,#11375,.T.);
#11378=ORIENTED_EDGE('',*,*,#11377,.T.);
#11379=ORIENTED_EDGE('',*,*,#11344,.T.);
#11380=ORIENTED_EDGE('',*,*,#7848,.F.);
#11381=ORIENTED_EDGE('',*,*,#7846,.F.);
#11382=EDGE_LOOP('',(#11374,#11376,#11378,#11379,#11380,#11381));
#11383=FACE_OUTER_BOUND('',#11382,.F.);
#11384=ADVANCED_FACE('',(#11383),#11372,.F.);
#11385=CARTESIAN_POINT('',(1.26E2,-2.85E1,-9.4E1));
#11386=DIRECTION('',(0.E0,-1.E0,0.E0));
#11387=DIRECTION('',(0.E0,0.E0,-1.E0));
#11388=AXIS2_PLACEMENT_3D('',#11385,#11386,#11387);
#11389=TOROIDAL_SURFACE('',#11388,5.05E1,3.E0);
#11391=ORIENTED_EDGE('',*,*,#11390,.F.);
#11392=ORIENTED_EDGE('',*,*,#8084,.T.);
#11393=ORIENTED_EDGE('',*,*,#11373,.F.);
#11394=ORIENTED_EDGE('',*,*,#7844,.F.);
#11395=EDGE_LOOP('',(#11391,#11392,#11393,#11394));
#11396=FACE_OUTER_BOUND('',#11395,.F.);
#11397=ADVANCED_FACE('',(#11396),#11389,.F.);
#11398=CARTESIAN_POINT('',(1.645620668022E2,-2.818306620614E1,
-6.593551340358E1));
#11399=CARTESIAN_POINT('',(1.646702159637E2,-3.023942782839E1,
-6.612533218821E1));
#11400=CARTESIAN_POINT('',(1.639463454872E2,-3.170167789822E1,
-6.485482567500E1));
#11401=CARTESIAN_POINT('',(1.629283667584E2,-3.148321185474E1,
-6.306811293113E1));
#11402=CARTESIAN_POINT('',(1.679222827317E2,-2.818306620618E1,
-6.402103198949E1));
#11403=CARTESIAN_POINT('',(1.681777451322E2,-3.023942782843E1,
-6.412691912682E1));
#11404=CARTESIAN_POINT('',(1.664678688183E2,-3.170167789825E1,
-6.341818896652E1));
#11405=CARTESIAN_POINT('',(1.640632705194E2,-3.148321185475E1,
-6.242150205764E1));
#11406=CARTESIAN_POINT('',(1.682366198777E2,-2.818306620616E1,
-6.016649150633E1));
#11407=CARTESIAN_POINT('',(1.685058629471E2,-3.023942782841E1,
-6.010339401423E1));
#11408=CARTESIAN_POINT('',(1.667037490308E2,-3.170167789823E1,
-6.052572194561E1));
#11409=CARTESIAN_POINT('',(1.641694370327E2,-3.148321185475E1,
-6.111964152749E1));
#11410=CARTESIAN_POINT('',(1.652309905044E2,-2.818306620609E1,
-5.773287644888E1));
#11411=CARTESIAN_POINT('',(1.653684655542E2,-3.023942782834E1,
-5.756308827850E1));
#11412=CARTESIAN_POINT('',(1.644483092768E2,-3.170167789819E1,
-5.869952467877E1));
#11413=CARTESIAN_POINT('',(1.631542939134E2,-3.148321185473E1,
-6.029769468254E1));
#11414=(BOUNDED_SURFACE()B_SPLINE_SURFACE(3,3,((#11398,#11399,#11400,#11401),(
#11402,#11403,#11404,#11405),(#11406,#11407,#11408,#11409),(#11410,#11411,
#11412,#11413)),.UNSPECIFIED.,.F.,.F.,.F.)B_SPLINE_SURFACE_WITH_KNOTS((4,4),(4,
4),(0.E0,1.E0),(0.E0,1.E0),.UNSPECIFIED.)GEOMETRIC_REPRESENTATION_ITEM()RATIONAL_B_SPLINE_SURFACE(((1.570518705710E0,1.181498883041E0,1.181498883041E0,
1.570518705710E0),(1.114045010015E0,8.380944016803E-1,8.380944016803E-1,
1.114045010015E0),(1.114045010015E0,8.380944016803E-1,8.380944016803E-1,
1.114045010015E0),(1.570518705710E0,1.181498883041E0,1.181498883041E0,
1.570518705710E0)))REPRESENTATION_ITEM('')SURFACE());
#11416=ORIENTED_EDGE('',*,*,#11415,.T.);
#11418=ORIENTED_EDGE('',*,*,#11417,.T.);
#11419=ORIENTED_EDGE('',*,*,#11390,.T.);
#11420=ORIENTED_EDGE('',*,*,#7842,.F.);
#11421=EDGE_LOOP('',(#11416,#11418,#11419,#11420));
#11422=FACE_OUTER_BOUND('',#11421,.F.);
#11423=ADVANCED_FACE('',(#11422),#11414,.F.);
#11424=CARTESIAN_POINT('',(1.684352447854E2,-2.85E1,-6.95E1));
#11425=DIRECTION('',(0.E0,-1.E0,0.E0));
#11426=DIRECTION('',(0.E0,0.E0,-1.E0));
#11427=AXIS2_PLACEMENT_3D('',#11424,#11425,#11426);
#11428=TOROIDAL_SURFACE('',#11427,8.125E0,3.E0);
#11430=ORIENTED_EDGE('',*,*,#11429,.F.);
#11432=ORIENTED_EDGE('',*,*,#11431,.T.);
#11434=ORIENTED_EDGE('',*,*,#11433,.T.);
#11435=ORIENTED_EDGE('',*,*,#11415,.F.);
#11436=ORIENTED_EDGE('',*,*,#7840,.F.);
#11437=ORIENTED_EDGE('',*,*,#7838,.F.);
#11438=EDGE_LOOP('',(#11430,#11432,#11434,#11435,#11436,#11437));
#11439=FACE_OUTER_BOUND('',#11438,.F.);
#11440=ADVANCED_FACE('',(#11439),#11428,.F.);
#11441=CARTESIAN_POINT('',(1.770237455697E2,-2.818306620609E1,
-7.815852738315E1));
#11442=CARTESIAN_POINT('',(1.772395239634E2,-3.023942782836E1,
-7.812436458274E1));
#11443=CARTESIAN_POINT('',(1.757952630322E2,-3.170167789821E1,
-7.835302509432E1));
#11444=CARTESIAN_POINT('',(1.737641995277E2,-3.148321185475E1,
-7.867459026996E1));
#11445=CARTESIAN_POINT('',(1.764189877936E2,-2.818306620606E1,
-7.433876846275E1));
#11446=CARTESIAN_POINT('',(1.766082533593E2,-3.023942782832E1,
-7.413714587084E1));
#11447=CARTESIAN_POINT('',(1.753414496839E2,-3.170167789819E1,
-7.548665833715E1));
#11448=CARTESIAN_POINT('',(1.735599442391E2,-3.148321185474E1,
-7.738447711773E1));
#11449=CARTESIAN_POINT('',(1.729236892422E2,-2.818306620602E1,
-7.268372217498E1));
#11450=CARTESIAN_POINT('',(1.729597194916E2,-3.023942782828E1,
-7.240954167769E1));
#11451=CARTESIAN_POINT('',(1.727185596579E2,-3.170167789816E1,
-7.424470308298E1));
#11452=CARTESIAN_POINT('',(1.723794166911E2,-3.148321185473E1,
-7.682548975023E1));
#11453=CARTESIAN_POINT('',(1.695855917378E2,-2.818306620602E1,
-7.463651382505E1));
#11454=CARTESIAN_POINT('',(1.694752784289E2,-3.023942782828E1,
-7.444794451146E1));
#11455=CARTESIAN_POINT('',(1.702136341068E2,-3.170167789816E1,
-7.571008798975E1));
#11456=CARTESIAN_POINT('',(1.712519833678E2,-3.148321185473E1,
-7.748503980138E1));
#11457=(BOUNDED_SURFACE()B_SPLINE_SURFACE(3,3,((#11441,#11442,#11443,#11444),(
#11445,#11446,#11447,#11448),(#11449,#11450,#11451,#11452),(#11453,#11454,
#11455,#11456)),.UNSPECIFIED.,.F.,.F.,.F.)B_SPLINE_SURFACE_WITH_KNOTS((4,4),(4,
4),(0.E0,1.E0),(0.E0,1.E0),.UNSPECIFIED.)GEOMETRIC_REPRESENTATION_ITEM()RATIONAL_B_SPLINE_SURFACE(((1.570518705704E0,1.181498883038E0,1.181498883038E0,
1.570518705704E0),(1.114045010015E0,8.380944016817E-1,8.380944016817E-1,
1.114045010015E0),(1.114045010015E0,8.380944016817E-1,8.380944016817E-1,
1.114045010015E0),(1.570518705704E0,1.181498883038E0,1.181498883038E0,
1.570518705704E0)))REPRESENTATION_ITEM('')SURFACE());
#11458=ORIENTED_EDGE('',*,*,#8033,.T.);
#11460=ORIENTED_EDGE('',*,*,#11459,.T.);
#11462=ORIENTED_EDGE('',*,*,#11461,.T.);
#11463=ORIENTED_EDGE('',*,*,#11429,.T.);
#11464=ORIENTED_EDGE('',*,*,#7836,.F.);
#11465=ORIENTED_EDGE('',*,*,#7834,.F.);
#11466=EDGE_LOOP('',(#11458,#11460,#11462,#11463,#11464,#11465));
#11467=FACE_OUTER_BOUND('',#11466,.F.);
#11468=ADVANCED_FACE('',(#11467),#11457,.F.);
#11469=CARTESIAN_POINT('',(1.721018390218E2,-1.310697439374E3,
-7.893778107957E1));
#11470=DIRECTION('',(0.E0,1.E0,0.E0));
#11471=DIRECTION('',(0.E0,0.E0,1.E0));
#11472=AXIS2_PLACEMENT_3D('',#11469,#11470,#11471);
#11473=CYLINDRICAL_SURFACE('',#11472,5.E0);
#11474=ORIENTED_EDGE('',*,*,#8090,.T.);
#11476=ORIENTED_EDGE('',*,*,#11475,.F.);
#11478=ORIENTED_EDGE('',*,*,#11477,.F.);
#11480=ORIENTED_EDGE('',*,*,#11479,.F.);
#11481=ORIENTED_EDGE('',*,*,#11461,.F.);
#11482=ORIENTED_EDGE('',*,*,#11459,.F.);
#11483=EDGE_LOOP('',(#11474,#11476,#11478,#11480,#11481,#11482));
#11484=FACE_OUTER_BOUND('',#11483,.F.);
#11485=ADVANCED_FACE('',(#11484),#11473,.F.);
#11486=CARTESIAN_POINT('',(0.E0,-2.675E1,-9.4E1));
#11487=DIRECTION('',(0.E0,-1.E0,0.E0));
#11488=DIRECTION('',(1.E0,0.E0,0.E0));
#11489=AXIS2_PLACEMENT_3D('',#11486,#11487,#11488);
#11490=PLANE('',#11489);
#11492=ORIENTED_EDGE('',*,*,#11491,.T.);
#11494=ORIENTED_EDGE('',*,*,#11493,.T.);
#11496=ORIENTED_EDGE('',*,*,#11495,.T.);
#11497=ORIENTED_EDGE('',*,*,#11477,.T.);
#11498=ORIENTED_EDGE('',*,*,#11475,.T.);
#11499=ORIENTED_EDGE('',*,*,#8088,.T.);
#11500=EDGE_LOOP('',(#11492,#11494,#11496,#11497,#11498,#11499));
#11501=FACE_OUTER_BOUND('',#11500,.F.);
#11503=ORIENTED_EDGE('',*,*,#11502,.T.);
#11505=ORIENTED_EDGE('',*,*,#11504,.T.);
#11506=EDGE_LOOP('',(#11503,#11505));
#11507=FACE_BOUND('',#11506,.F.);
#11508=ADVANCED_FACE('',(#11501,#11507),#11490,.F.);
#11509=CARTESIAN_POINT('',(1.620951837334E2,-1.310697439374E3,
-6.160574570615E1));
#11510=DIRECTION('',(0.E0,1.E0,0.E0));
#11511=DIRECTION('',(0.E0,0.E0,1.E0));
#11512=AXIS2_PLACEMENT_3D('',#11509,#11510,#11511);
#11513=CYLINDRICAL_SURFACE('',#11512,5.E0);
#11515=ORIENTED_EDGE('',*,*,#11514,.T.);
#11516=ORIENTED_EDGE('',*,*,#11491,.F.);
#11517=ORIENTED_EDGE('',*,*,#8086,.F.);
#11518=ORIENTED_EDGE('',*,*,#11417,.F.);
#11519=EDGE_LOOP('',(#11515,#11516,#11517,#11518));
#11520=FACE_OUTER_BOUND('',#11519,.F.);
#11521=ADVANCED_FACE('',(#11520),#11513,.F.);
#11522=CARTESIAN_POINT('',(1.684352447854E2,-1.310697439374E3,-6.95E1));
#11523=DIRECTION('',(0.E0,1.E0,0.E0));
#11524=DIRECTION('',(0.E0,0.E0,1.E0));
#11525=AXIS2_PLACEMENT_3D('',#11522,#11523,#11524);
#11526=CYLINDRICAL_SURFACE('',#11525,5.125E0);
#11527=ORIENTED_EDGE('',*,*,#11479,.T.);
#11528=ORIENTED_EDGE('',*,*,#11495,.F.);
#11529=ORIENTED_EDGE('',*,*,#11493,.F.);
#11530=ORIENTED_EDGE('',*,*,#11514,.F.);
#11531=ORIENTED_EDGE('',*,*,#11433,.F.);
#11532=ORIENTED_EDGE('',*,*,#11431,.F.);
#11533=EDGE_LOOP('',(#11527,#11528,#11529,#11530,#11531,#11532));
#11534=FACE_OUTER_BOUND('',#11533,.F.);
#11535=ADVANCED_FACE('',(#11534),#11526,.T.);
#11536=CARTESIAN_POINT('',(1.684352447854E2,-3.35E1,-6.95E1));
#11537=DIRECTION('',(0.E0,1.E0,0.E0));
#11538=DIRECTION('',(0.E0,0.E0,1.E0));
#11539=AXIS2_PLACEMENT_3D('',#11536,#11537,#11538);
#11540=CYLINDRICAL_SURFACE('',#11539,2.15E0);
#11542=ORIENTED_EDGE('',*,*,#11541,.T.);
#11544=ORIENTED_EDGE('',*,*,#11543,.F.);
#11545=ORIENTED_EDGE('',*,*,#11502,.F.);
#11547=ORIENTED_EDGE('',*,*,#11546,.T.);
#11548=EDGE_LOOP('',(#11542,#11544,#11545,#11547));
#11549=FACE_OUTER_BOUND('',#11548,.F.);
#11550=ADVANCED_FACE('',(#11549),#11540,.F.);
#11551=CARTESIAN_POINT('',(1.684352447854E2,-2.924999999868E1,-6.95E1));
#11552=DIRECTION('',(0.E0,-1.E0,0.E0));
#11553=DIRECTION('',(0.E0,0.E0,-1.E0));
#11554=AXIS2_PLACEMENT_3D('',#11551,#11552,#11553);
#11555=CONICAL_SURFACE('',#11554,2.399999998684E0,4.5E1);
#11557=ORIENTED_EDGE('',*,*,#11556,.T.);
#11559=ORIENTED_EDGE('',*,*,#11558,.T.);
#11560=ORIENTED_EDGE('',*,*,#11541,.F.);
#11562=ORIENTED_EDGE('',*,*,#11561,.F.);
#11563=EDGE_LOOP('',(#11557,#11559,#11560,#11562));
#11564=FACE_OUTER_BOUND('',#11563,.F.);
#11565=ADVANCED_FACE('',(#11564),#11555,.F.);
#11566=CARTESIAN_POINT('',(1.725602447854E2,-2.95E1,-6.95E1));
#11567=DIRECTION('',(0.E0,-1.E0,0.E0));
#11568=DIRECTION('',(0.E0,0.E0,-1.E0));
#11569=AXIS2_PLACEMENT_3D('',#11566,#11567,#11568);
#11570=PLANE('',#11569);
#11572=ORIENTED_EDGE('',*,*,#11571,.T.);
#11574=ORIENTED_EDGE('',*,*,#11573,.T.);
#11575=EDGE_LOOP('',(#11572,#11574));
#11576=FACE_OUTER_BOUND('',#11575,.F.);
#11577=ORIENTED_EDGE('',*,*,#11556,.F.);
#11579=ORIENTED_EDGE('',*,*,#11578,.F.);
#11580=EDGE_LOOP('',(#11577,#11579));
#11581=FACE_BOUND('',#11580,.F.);
#11582=ADVANCED_FACE('',(#11576,#11581),#11570,.T.);
#11583=CARTESIAN_POINT('',(1.684352447854E2,-3.35E1,-6.95E1));
#11584=DIRECTION('',(0.E0,1.E0,0.E0));
#11585=DIRECTION('',(0.E0,0.E0,1.E0));
#11586=AXIS2_PLACEMENT_3D('',#11583,#11584,#11585);
#11587=CYLINDRICAL_SURFACE('',#11586,4.125E0);
#11588=ORIENTED_EDGE('',*,*,#11571,.F.);
#11590=ORIENTED_EDGE('',*,*,#11589,.T.);
#11591=ORIENTED_EDGE('',*,*,#8295,.F.);
#11593=ORIENTED_EDGE('',*,*,#11592,.F.);
#11594=EDGE_LOOP('',(#11588,#11590,#11591,#11593));
#11595=FACE_OUTER_BOUND('',#11594,.F.);
#11596=ADVANCED_FACE('',(#11595),#11587,.F.);
#11597=CARTESIAN_POINT('',(1.684352447854E2,-3.35E1,-6.95E1));
#11598=DIRECTION('',(0.E0,1.E0,0.E0));
#11599=DIRECTION('',(0.E0,0.E0,1.E0));
#11600=AXIS2_PLACEMENT_3D('',#11597,#11598,#11599);
#11601=CYLINDRICAL_SURFACE('',#11600,4.125E0);
#11602=ORIENTED_EDGE('',*,*,#11573,.F.);
#11603=ORIENTED_EDGE('',*,*,#11592,.T.);
#11604=ORIENTED_EDGE('',*,*,#8293,.F.);
#11605=ORIENTED_EDGE('',*,*,#11589,.F.);
#11606=EDGE_LOOP('',(#11602,#11603,#11604,#11605));
#11607=FACE_OUTER_BOUND('',#11606,.F.);
#11608=ADVANCED_FACE('',(#11607),#11601,.F.);
#11609=CARTESIAN_POINT('',(1.684352447854E2,-2.924999999868E1,-6.95E1));
#11610=DIRECTION('',(0.E0,-1.E0,0.E0));
#11611=DIRECTION('',(0.E0,0.E0,-1.E0));
#11612=AXIS2_PLACEMENT_3D('',#11609,#11610,#11611);
#11613=CONICAL_SURFACE('',#11612,2.399999998684E0,4.5E1);
#11614=ORIENTED_EDGE('',*,*,#11578,.T.);
#11615=ORIENTED_EDGE('',*,*,#11561,.T.);
#11617=ORIENTED_EDGE('',*,*,#11616,.F.);
#11618=ORIENTED_EDGE('',*,*,#11558,.F.);
#11619=EDGE_LOOP('',(#11614,#11615,#11617,#11618));
#11620=FACE_OUTER_BOUND('',#11619,.F.);
#11621=ADVANCED_FACE('',(#11620),#11613,.F.);
#11622=CARTESIAN_POINT('',(1.684352447854E2,-3.35E1,-6.95E1));
#11623=DIRECTION('',(0.E0,1.E0,0.E0));
#11624=DIRECTION('',(0.E0,0.E0,1.E0));
#11625=AXIS2_PLACEMENT_3D('',#11622,#11623,#11624);
#11626=CYLINDRICAL_SURFACE('',#11625,2.15E0);
#11627=ORIENTED_EDGE('',*,*,#11616,.T.);
#11628=ORIENTED_EDGE('',*,*,#11546,.F.);
#11629=ORIENTED_EDGE('',*,*,#11504,.F.);
#11630=ORIENTED_EDGE('',*,*,#11543,.T.);
#11631=EDGE_LOOP('',(#11627,#11628,#11629,#11630));
#11632=FACE_OUTER_BOUND('',#11631,.F.);
#11633=ADVANCED_FACE('',(#11632),#11626,.F.);
#11634=CARTESIAN_POINT('',(1.479483258591E2,-1.310697439374E3,
-5.075047986415E1));
#11635=DIRECTION('',(0.E0,1.E0,0.E0));
#11636=DIRECTION('',(0.E0,0.E0,1.E0));
#11637=AXIS2_PLACEMENT_3D('',#11634,#11635,#11636);
#11638=CYLINDRICAL_SURFACE('',#11637,5.E0);
#11639=ORIENTED_EDGE('',*,*,#8082,.T.);
#11641=ORIENTED_EDGE('',*,*,#11640,.F.);
#11643=ORIENTED_EDGE('',*,*,#11642,.F.);
#11645=ORIENTED_EDGE('',*,*,#11644,.F.);
#11646=ORIENTED_EDGE('',*,*,#11377,.F.);
#11647=ORIENTED_EDGE('',*,*,#11375,.F.);
#11648=EDGE_LOOP('',(#11639,#11641,#11643,#11645,#11646,#11647));
#11649=FACE_OUTER_BOUND('',#11648,.F.);
#11650=ADVANCED_FACE('',(#11649),#11638,.F.);
#11651=CARTESIAN_POINT('',(0.E0,-2.675E1,-9.4E1));
#11652=DIRECTION('',(0.E0,-1.E0,0.E0));
#11653=DIRECTION('',(1.E0,0.E0,0.E0));
#11654=AXIS2_PLACEMENT_3D('',#11651,#11652,#11653);
#11655=PLANE('',#11654);
#11657=ORIENTED_EDGE('',*,*,#11656,.T.);
#11659=ORIENTED_EDGE('',*,*,#11658,.T.);
#11661=ORIENTED_EDGE('',*,*,#11660,.T.);
#11662=ORIENTED_EDGE('',*,*,#11642,.T.);
#11663=ORIENTED_EDGE('',*,*,#11640,.T.);
#11664=ORIENTED_EDGE('',*,*,#8080,.T.);
#11665=EDGE_LOOP('',(#11657,#11659,#11661,#11662,#11663,#11664));
#11666=FACE_OUTER_BOUND('',#11665,.F.);
#11668=ORIENTED_EDGE('',*,*,#11667,.T.);
#11670=ORIENTED_EDGE('',*,*,#11669,.T.);
#11671=EDGE_LOOP('',(#11668,#11670));
#11672=FACE_BOUND('',#11671,.F.);
#11673=ADVANCED_FACE('',(#11666,#11672),#11655,.F.);
#11674=CARTESIAN_POINT('',(1.286169523034E2,-1.310697439374E3,
-4.557065393130E1));
#11675=DIRECTION('',(0.E0,1.E0,0.E0));
#11676=DIRECTION('',(0.E0,0.E0,1.E0));
#11677=AXIS2_PLACEMENT_3D('',#11674,#11675,#11676);
#11678=CYLINDRICAL_SURFACE('',#11677,5.E0);
#11680=ORIENTED_EDGE('',*,*,#11679,.T.);
#11681=ORIENTED_EDGE('',*,*,#11656,.F.);
#11682=ORIENTED_EDGE('',*,*,#8078,.F.);
#11683=ORIENTED_EDGE('',*,*,#11332,.F.);
#11684=EDGE_LOOP('',(#11680,#11681,#11682,#11683));
#11685=FACE_OUTER_BOUND('',#11684,.F.);
#11686=ADVANCED_FACE('',(#11685),#11678,.F.);
#11687=CARTESIAN_POINT('',(1.386821332100E2,-1.310697439374E3,
-4.666963451184E1));
#11688=DIRECTION('',(0.E0,1.E0,0.E0));
#11689=DIRECTION('',(0.E0,0.E0,1.E0));
#11690=AXIS2_PLACEMENT_3D('',#11687,#11688,#11689);
#11691=CYLINDRICAL_SURFACE('',#11690,5.125E0);
#11692=ORIENTED_EDGE('',*,*,#11644,.T.);
#11693=ORIENTED_EDGE('',*,*,#11660,.F.);
#11694=ORIENTED_EDGE('',*,*,#11658,.F.);
#11695=ORIENTED_EDGE('',*,*,#11679,.F.);
#11696=ORIENTED_EDGE('',*,*,#11348,.F.);
#11697=ORIENTED_EDGE('',*,*,#11346,.F.);
#11698=EDGE_LOOP('',(#11692,#11693,#11694,#11695,#11696,#11697));
#11699=FACE_OUTER_BOUND('',#11698,.F.);
#11700=ADVANCED_FACE('',(#11699),#11691,.T.);
#11701=CARTESIAN_POINT('',(1.386821332100E2,-3.35E1,-4.666963451184E1));
#11702=DIRECTION('',(0.E0,1.E0,0.E0));
#11703=DIRECTION('',(0.E0,0.E0,1.E0));
#11704=AXIS2_PLACEMENT_3D('',#11701,#11702,#11703);
#11705=CYLINDRICAL_SURFACE('',#11704,2.15E0);
#11707=ORIENTED_EDGE('',*,*,#11706,.T.);
#11709=ORIENTED_EDGE('',*,*,#11708,.F.);
#11710=ORIENTED_EDGE('',*,*,#11667,.F.);
#11712=ORIENTED_EDGE('',*,*,#11711,.T.);
#11713=EDGE_LOOP('',(#11707,#11709,#11710,#11712));
#11714=FACE_OUTER_BOUND('',#11713,.F.);
#11715=ADVANCED_FACE('',(#11714),#11705,.F.);
#11716=CARTESIAN_POINT('',(1.386821332100E2,-2.924999999868E1,
-4.666963451184E1));
#11717=DIRECTION('',(0.E0,-1.E0,0.E0));
#11718=DIRECTION('',(0.E0,0.E0,-1.E0));
#11719=AXIS2_PLACEMENT_3D('',#11716,#11717,#11718);
#11720=CONICAL_SURFACE('',#11719,2.399999998684E0,4.5E1);
#11722=ORIENTED_EDGE('',*,*,#11721,.T.);
#11724=ORIENTED_EDGE('',*,*,#11723,.T.);
#11725=ORIENTED_EDGE('',*,*,#11706,.F.);
#11727=ORIENTED_EDGE('',*,*,#11726,.F.);
#11728=EDGE_LOOP('',(#11722,#11724,#11725,#11727));
#11729=FACE_OUTER_BOUND('',#11728,.F.);
#11730=ADVANCED_FACE('',(#11729),#11720,.F.);
#11731=CARTESIAN_POINT('',(1.428071332100E2,-2.95E1,-4.666963451184E1));
#11732=DIRECTION('',(0.E0,-1.E0,0.E0));
#11733=DIRECTION('',(0.E0,0.E0,-1.E0));
#11734=AXIS2_PLACEMENT_3D('',#11731,#11732,#11733);
#11735=PLANE('',#11734);
#11737=ORIENTED_EDGE('',*,*,#11736,.T.);
#11739=ORIENTED_EDGE('',*,*,#11738,.T.);
#11740=EDGE_LOOP('',(#11737,#11739));
#11741=FACE_OUTER_BOUND('',#11740,.F.);
#11742=ORIENTED_EDGE('',*,*,#11721,.F.);
#11744=ORIENTED_EDGE('',*,*,#11743,.F.);
#11745=EDGE_LOOP('',(#11742,#11744));
#11746=FACE_BOUND('',#11745,.F.);
#11747=ADVANCED_FACE('',(#11741,#11746),#11735,.T.);
#11748=CARTESIAN_POINT('',(1.386821332100E2,-3.35E1,-4.666963451184E1));
#11749=DIRECTION('',(0.E0,1.E0,0.E0));
#11750=DIRECTION('',(0.E0,0.E0,1.E0));
#11751=AXIS2_PLACEMENT_3D('',#11748,#11749,#11750);
#11752=CYLINDRICAL_SURFACE('',#11751,4.125E0);
#11753=ORIENTED_EDGE('',*,*,#11736,.F.);
#11755=ORIENTED_EDGE('',*,*,#11754,.T.);
#11756=ORIENTED_EDGE('',*,*,#8289,.F.);
#11758=ORIENTED_EDGE('',*,*,#11757,.F.);
#11759=EDGE_LOOP('',(#11753,#11755,#11756,#11758));
#11760=FACE_OUTER_BOUND('',#11759,.F.);
#11761=ADVANCED_FACE('',(#11760),#11752,.F.);
#11762=CARTESIAN_POINT('',(1.386821332100E2,-3.35E1,-4.666963451184E1));
#11763=DIRECTION('',(0.E0,1.E0,0.E0));
#11764=DIRECTION('',(0.E0,0.E0,1.E0));
#11765=AXIS2_PLACEMENT_3D('',#11762,#11763,#11764);
#11766=CYLINDRICAL_SURFACE('',#11765,4.125E0);
#11767=ORIENTED_EDGE('',*,*,#11738,.F.);
#11768=ORIENTED_EDGE('',*,*,#11757,.T.);
#11769=ORIENTED_EDGE('',*,*,#8287,.F.);
#11770=ORIENTED_EDGE('',*,*,#11754,.F.);
#11771=EDGE_LOOP('',(#11767,#11768,#11769,#11770));
#11772=FACE_OUTER_BOUND('',#11771,.F.);
#11773=ADVANCED_FACE('',(#11772),#11766,.F.);
#11774=CARTESIAN_POINT('',(1.386821332100E2,-2.924999999868E1,
-4.666963451184E1));
#11775=DIRECTION('',(0.E0,-1.E0,0.E0));
#11776=DIRECTION('',(0.E0,0.E0,-1.E0));
#11777=AXIS2_PLACEMENT_3D('',#11774,#11775,#11776);
#11778=CONICAL_SURFACE('',#11777,2.399999998684E0,4.5E1);
#11779=ORIENTED_EDGE('',*,*,#11743,.T.);
#11780=ORIENTED_EDGE('',*,*,#11726,.T.);
#11782=ORIENTED_EDGE('',*,*,#11781,.F.);
#11783=ORIENTED_EDGE('',*,*,#11723,.F.);
#11784=EDGE_LOOP('',(#11779,#11780,#11782,#11783));
#11785=FACE_OUTER_BOUND('',#11784,.F.);
#11786=ADVANCED_FACE('',(#11785),#11778,.F.);
#11787=CARTESIAN_POINT('',(1.386821332100E2,-3.35E1,-4.666963451184E1));
#11788=DIRECTION('',(0.E0,1.E0,0.E0));
#11789=DIRECTION('',(0.E0,0.E0,1.E0));
#11790=AXIS2_PLACEMENT_3D('',#11787,#11788,#11789);
#11791=CYLINDRICAL_SURFACE('',#11790,2.15E0);
#11792=ORIENTED_EDGE('',*,*,#11781,.T.);
#11793=ORIENTED_EDGE('',*,*,#11711,.F.);
#11794=ORIENTED_EDGE('',*,*,#11669,.F.);
#11795=ORIENTED_EDGE('',*,*,#11708,.T.);
#11796=EDGE_LOOP('',(#11792,#11793,#11794,#11795));
#11797=FACE_OUTER_BOUND('',#11796,.F.);
#11798=ADVANCED_FACE('',(#11797),#11791,.F.);
#11799=CARTESIAN_POINT('',(1.109377810796E2,-1.310697439374E3,
-4.789816097819E1));
#11800=DIRECTION('',(0.E0,1.E0,0.E0));
#11801=DIRECTION('',(0.E0,0.E0,1.E0));
#11802=AXIS2_PLACEMENT_3D('',#11799,#11800,#11801);
#11803=CYLINDRICAL_SURFACE('',#11802,5.E0);
#11804=ORIENTED_EDGE('',*,*,#8072,.T.);
#11806=ORIENTED_EDGE('',*,*,#11805,.F.);
#11808=ORIENTED_EDGE('',*,*,#11807,.F.);
#11809=ORIENTED_EDGE('',*,*,#11291,.F.);
#11810=EDGE_LOOP('',(#11804,#11806,#11808,#11809));
#11811=FACE_OUTER_BOUND('',#11810,.F.);
#11812=ADVANCED_FACE('',(#11811),#11803,.F.);
#11813=CARTESIAN_POINT('',(0.E0,-2.675E1,-9.4E1));
#11814=DIRECTION('',(0.E0,-1.E0,0.E0));
#11815=DIRECTION('',(1.E0,0.E0,0.E0));
#11816=AXIS2_PLACEMENT_3D('',#11813,#11814,#11815);
#11817=PLANE('',#11816);
#11819=ORIENTED_EDGE('',*,*,#11818,.T.);
#11821=ORIENTED_EDGE('',*,*,#11820,.T.);
#11823=ORIENTED_EDGE('',*,*,#11822,.T.);
#11825=ORIENTED_EDGE('',*,*,#11824,.T.);
#11826=ORIENTED_EDGE('',*,*,#11805,.T.);
#11827=ORIENTED_EDGE('',*,*,#8070,.T.);
#11828=EDGE_LOOP('',(#11819,#11821,#11823,#11825,#11826,#11827));
#11829=FACE_OUTER_BOUND('',#11828,.F.);
#11831=ORIENTED_EDGE('',*,*,#11830,.T.);
#11833=ORIENTED_EDGE('',*,*,#11832,.T.);
#11834=EDGE_LOOP('',(#11831,#11833));
#11835=FACE_BOUND('',#11834,.F.);
#11836=ADVANCED_FACE('',(#11829,#11835),#11817,.F.);
#11837=CARTESIAN_POINT('',(9.360574570615E1,-1.310697439374E3,
-5.790481626664E1));
#11838=DIRECTION('',(0.E0,1.E0,0.E0));
#11839=DIRECTION('',(0.E0,0.E0,1.E0));
#11840=AXIS2_PLACEMENT_3D('',#11837,#11838,#11839);
#11841=CYLINDRICAL_SURFACE('',#11840,5.E0);
#11843=ORIENTED_EDGE('',*,*,#11842,.T.);
#11844=ORIENTED_EDGE('',*,*,#11820,.F.);
#11845=ORIENTED_EDGE('',*,*,#11818,.F.);
#11846=ORIENTED_EDGE('',*,*,#8068,.F.);
#11847=ORIENTED_EDGE('',*,*,#11247,.F.);
#11848=ORIENTED_EDGE('',*,*,#11245,.F.);
#11849=EDGE_LOOP('',(#11843,#11844,#11845,#11846,#11847,#11848));
#11850=FACE_OUTER_BOUND('',#11849,.F.);
#11851=ADVANCED_FACE('',(#11850),#11841,.F.);
#11852=CARTESIAN_POINT('',(1.015E2,-1.310697439374E3,-5.156475521456E1));
#11853=DIRECTION('',(0.E0,1.E0,0.E0));
#11854=DIRECTION('',(0.E0,0.E0,1.E0));
#11855=AXIS2_PLACEMENT_3D('',#11852,#11853,#11854);
#11856=CYLINDRICAL_SURFACE('',#11855,5.125E0);
#11857=ORIENTED_EDGE('',*,*,#11807,.T.);
#11858=ORIENTED_EDGE('',*,*,#11824,.F.);
#11859=ORIENTED_EDGE('',*,*,#11822,.F.);
#11860=ORIENTED_EDGE('',*,*,#11842,.F.);
#11861=ORIENTED_EDGE('',*,*,#11264,.F.);
#11862=ORIENTED_EDGE('',*,*,#11262,.F.);
#11863=EDGE_LOOP('',(#11857,#11858,#11859,#11860,#11861,#11862));
#11864=FACE_OUTER_BOUND('',#11863,.F.);
#11865=ADVANCED_FACE('',(#11864),#11856,.T.);
#11866=CARTESIAN_POINT('',(1.015E2,-3.35E1,-5.156475521456E1));
#11867=DIRECTION('',(0.E0,1.E0,0.E0));
#11868=DIRECTION('',(0.E0,0.E0,1.E0));
#11869=AXIS2_PLACEMENT_3D('',#11866,#11867,#11868);
#11870=CYLINDRICAL_SURFACE('',#11869,2.15E0);
#11872=ORIENTED_EDGE('',*,*,#11871,.T.);
#11874=ORIENTED_EDGE('',*,*,#11873,.F.);
#11875=ORIENTED_EDGE('',*,*,#11830,.F.);
#11877=ORIENTED_EDGE('',*,*,#11876,.T.);
#11878=EDGE_LOOP('',(#11872,#11874,#11875,#11877));
#11879=FACE_OUTER_BOUND('',#11878,.F.);
#11880=ADVANCED_FACE('',(#11879),#11870,.F.);
#11881=CARTESIAN_POINT('',(1.015E2,-2.924999999868E1,-5.156475521456E1));
#11882=DIRECTION('',(0.E0,-1.E0,0.E0));
#11883=DIRECTION('',(0.E0,0.E0,-1.E0));
#11884=AXIS2_PLACEMENT_3D('',#11881,#11882,#11883);
#11885=CONICAL_SURFACE('',#11884,2.399999998684E0,4.5E1);
#11887=ORIENTED_EDGE('',*,*,#11886,.T.);
#11889=ORIENTED_EDGE('',*,*,#11888,.T.);
#11890=ORIENTED_EDGE('',*,*,#11871,.F.);
#11892=ORIENTED_EDGE('',*,*,#11891,.F.);
#11893=EDGE_LOOP('',(#11887,#11889,#11890,#11892));
#11894=FACE_OUTER_BOUND('',#11893,.F.);
#11895=ADVANCED_FACE('',(#11894),#11885,.F.);
#11896=CARTESIAN_POINT('',(1.05625E2,-2.95E1,-5.156475521456E1));
#11897=DIRECTION('',(0.E0,-1.E0,0.E0));
#11898=DIRECTION('',(0.E0,0.E0,-1.E0));
#11899=AXIS2_PLACEMENT_3D('',#11896,#11897,#11898);
#11900=PLANE('',#11899);
#11902=ORIENTED_EDGE('',*,*,#11901,.T.);
#11904=ORIENTED_EDGE('',*,*,#11903,.T.);
#11905=EDGE_LOOP('',(#11902,#11904));
#11906=FACE_OUTER_BOUND('',#11905,.F.);
#11907=ORIENTED_EDGE('',*,*,#11886,.F.);
#11909=ORIENTED_EDGE('',*,*,#11908,.F.);
#11910=EDGE_LOOP('',(#11907,#11909));
#11911=FACE_BOUND('',#11910,.F.);
#11912=ADVANCED_FACE('',(#11906,#11911),#11900,.T.);
#11913=CARTESIAN_POINT('',(1.015E2,-3.35E1,-5.156475521456E1));
#11914=DIRECTION('',(0.E0,1.E0,0.E0));
#11915=DIRECTION('',(0.E0,0.E0,1.E0));
#11916=AXIS2_PLACEMENT_3D('',#11913,#11914,#11915);
#11917=CYLINDRICAL_SURFACE('',#11916,4.125E0);
#11918=ORIENTED_EDGE('',*,*,#11901,.F.);
#11920=ORIENTED_EDGE('',*,*,#11919,.T.);
#11921=ORIENTED_EDGE('',*,*,#8283,.F.);
#11923=ORIENTED_EDGE('',*,*,#11922,.F.);
#11924=EDGE_LOOP('',(#11918,#11920,#11921,#11923));
#11925=FACE_OUTER_BOUND('',#11924,.F.);
#11926=ADVANCED_FACE('',(#11925),#11917,.F.);
#11927=CARTESIAN_POINT('',(1.015E2,-3.35E1,-5.156475521456E1));
#11928=DIRECTION('',(0.E0,1.E0,0.E0));
#11929=DIRECTION('',(0.E0,0.E0,1.E0));
#11930=AXIS2_PLACEMENT_3D('',#11927,#11928,#11929);
#11931=CYLINDRICAL_SURFACE('',#11930,4.125E0);
#11932=ORIENTED_EDGE('',*,*,#11903,.F.);
#11933=ORIENTED_EDGE('',*,*,#11922,.T.);
#11934=ORIENTED_EDGE('',*,*,#8281,.F.);
#11935=ORIENTED_EDGE('',*,*,#11919,.F.);
#11936=EDGE_LOOP('',(#11932,#11933,#11934,#11935));
#11937=FACE_OUTER_BOUND('',#11936,.F.);
#11938=ADVANCED_FACE('',(#11937),#11931,.F.);
#11939=CARTESIAN_POINT('',(1.015E2,-2.924999999868E1,-5.156475521456E1));
#11940=DIRECTION('',(0.E0,-1.E0,0.E0));
#11941=DIRECTION('',(0.E0,0.E0,-1.E0));
#11942=AXIS2_PLACEMENT_3D('',#11939,#11940,#11941);
#11943=CONICAL_SURFACE('',#11942,2.399999998684E0,4.5E1);
#11944=ORIENTED_EDGE('',*,*,#11908,.T.);
#11945=ORIENTED_EDGE('',*,*,#11891,.T.);
#11947=ORIENTED_EDGE('',*,*,#11946,.F.);
#11948=ORIENTED_EDGE('',*,*,#11888,.F.);
#11949=EDGE_LOOP('',(#11944,#11945,#11947,#11948));
#11950=FACE_OUTER_BOUND('',#11949,.F.);
#11951=ADVANCED_FACE('',(#11950),#11943,.F.);
#11952=CARTESIAN_POINT('',(1.015E2,-3.35E1,-5.156475521456E1));
#11953=DIRECTION('',(0.E0,1.E0,0.E0));
#11954=DIRECTION('',(0.E0,0.E0,1.E0));
#11955=AXIS2_PLACEMENT_3D('',#11952,#11953,#11954);
#11956=CYLINDRICAL_SURFACE('',#11955,2.15E0);
#11957=ORIENTED_EDGE('',*,*,#11946,.T.);
#11958=ORIENTED_EDGE('',*,*,#11876,.F.);
#11959=ORIENTED_EDGE('',*,*,#11832,.F.);
#11960=ORIENTED_EDGE('',*,*,#11873,.T.);
#11961=EDGE_LOOP('',(#11957,#11958,#11959,#11960));
#11962=FACE_OUTER_BOUND('',#11961,.F.);
#11963=ADVANCED_FACE('',(#11962),#11956,.F.);
#11964=CARTESIAN_POINT('',(8.275047986415E1,-1.310697439374E3,
-7.205167414086E1));
#11965=DIRECTION('',(0.E0,1.E0,0.E0));
#11966=DIRECTION('',(0.E0,0.E0,1.E0));
#11967=AXIS2_PLACEMENT_3D('',#11964,#11965,#11966);
#11968=CYLINDRICAL_SURFACE('',#11967,5.E0);
#11969=ORIENTED_EDGE('',*,*,#8064,.T.);
#11971=ORIENTED_EDGE('',*,*,#11970,.F.);
#11973=ORIENTED_EDGE('',*,*,#11972,.F.);
#11974=ORIENTED_EDGE('',*,*,#11206,.F.);
#11975=EDGE_LOOP('',(#11969,#11971,#11973,#11974));
#11976=FACE_OUTER_BOUND('',#11975,.F.);
#11977=ADVANCED_FACE('',(#11976),#11968,.F.);
#11978=CARTESIAN_POINT('',(0.E0,-2.675E1,-9.4E1));
#11979=DIRECTION('',(0.E0,-1.E0,0.E0));
#11980=DIRECTION('',(1.E0,0.E0,0.E0));
#11981=AXIS2_PLACEMENT_3D('',#11978,#11979,#11980);
#11982=PLANE('',#11981);
#11984=ORIENTED_EDGE('',*,*,#11983,.T.);
#11986=ORIENTED_EDGE('',*,*,#11985,.T.);
#11988=ORIENTED_EDGE('',*,*,#11987,.T.);
#11990=ORIENTED_EDGE('',*,*,#11989,.T.);
#11991=ORIENTED_EDGE('',*,*,#11970,.T.);
#11992=ORIENTED_EDGE('',*,*,#8062,.T.);
#11993=EDGE_LOOP('',(#11984,#11986,#11988,#11990,#11991,#11992));
#11994=FACE_OUTER_BOUND('',#11993,.F.);
#11996=ORIENTED_EDGE('',*,*,#11995,.T.);
#11998=ORIENTED_EDGE('',*,*,#11997,.T.);
#11999=EDGE_LOOP('',(#11996,#11998));
#12000=FACE_BOUND('',#11999,.F.);
#12001=ADVANCED_FACE('',(#11994,#12000),#11982,.F.);
#12002=CARTESIAN_POINT('',(7.757065393130E1,-1.310697439374E3,
-9.138304769663E1));
#12003=DIRECTION('',(0.E0,1.E0,0.E0));
#12004=DIRECTION('',(0.E0,0.E0,1.E0));
#12005=AXIS2_PLACEMENT_3D('',#12002,#12003,#12004);
#12006=CYLINDRICAL_SURFACE('',#12005,5.E0);
#12008=ORIENTED_EDGE('',*,*,#12007,.T.);
#12009=ORIENTED_EDGE('',*,*,#11985,.F.);
#12010=ORIENTED_EDGE('',*,*,#11983,.F.);
#12011=ORIENTED_EDGE('',*,*,#8060,.F.);
#12012=ORIENTED_EDGE('',*,*,#11162,.F.);
#12013=ORIENTED_EDGE('',*,*,#11160,.F.);
#12014=EDGE_LOOP('',(#12008,#12009,#12010,#12011,#12012,#12013));
#12015=FACE_OUTER_BOUND('',#12014,.F.);
#12016=ADVANCED_FACE('',(#12015),#12006,.F.);
#12017=CARTESIAN_POINT('',(7.866963451184E1,-1.310697439374E3,
-8.131786678998E1));
#12018=DIRECTION('',(0.E0,1.E0,0.E0));
#12019=DIRECTION('',(0.E0,0.E0,1.E0));
#12020=AXIS2_PLACEMENT_3D('',#12017,#12018,#12019);
#12021=CYLINDRICAL_SURFACE('',#12020,5.125E0);
#12022=ORIENTED_EDGE('',*,*,#11972,.T.);
#12023=ORIENTED_EDGE('',*,*,#11989,.F.);
#12024=ORIENTED_EDGE('',*,*,#11987,.F.);
#12025=ORIENTED_EDGE('',*,*,#12007,.F.);
#12026=ORIENTED_EDGE('',*,*,#11179,.F.);
#12027=ORIENTED_EDGE('',*,*,#11177,.F.);
#12028=EDGE_LOOP('',(#12022,#12023,#12024,#12025,#12026,#12027));
#12029=FACE_OUTER_BOUND('',#12028,.F.);
#12030=ADVANCED_FACE('',(#12029),#12021,.T.);
#12031=CARTESIAN_POINT('',(7.866963451184E1,-3.35E1,-8.131786678998E1));
#12032=DIRECTION('',(0.E0,1.E0,0.E0));
#12033=DIRECTION('',(0.E0,0.E0,1.E0));
#12034=AXIS2_PLACEMENT_3D('',#12031,#12032,#12033);
#12035=CYLINDRICAL_SURFACE('',#12034,2.15E0);
#12037=ORIENTED_EDGE('',*,*,#12036,.T.);
#12039=ORIENTED_EDGE('',*,*,#12038,.F.);
#12040=ORIENTED_EDGE('',*,*,#11995,.F.);
#12042=ORIENTED_EDGE('',*,*,#12041,.T.);
#12043=EDGE_LOOP('',(#12037,#12039,#12040,#12042));
#12044=FACE_OUTER_BOUND('',#12043,.F.);
#12045=ADVANCED_FACE('',(#12044),#12035,.F.);
#12046=CARTESIAN_POINT('',(7.866963451184E1,-2.924999999868E1,
-8.131786678998E1));
#12047=DIRECTION('',(0.E0,-1.E0,0.E0));
#12048=DIRECTION('',(0.E0,0.E0,-1.E0));
#12049=AXIS2_PLACEMENT_3D('',#12046,#12047,#12048);
#12050=CONICAL_SURFACE('',#12049,2.399999998684E0,4.5E1);
#12052=ORIENTED_EDGE('',*,*,#12051,.T.);
#12054=ORIENTED_EDGE('',*,*,#12053,.T.);
#12055=ORIENTED_EDGE('',*,*,#12036,.F.);
#12057=ORIENTED_EDGE('',*,*,#12056,.F.);
#12058=EDGE_LOOP('',(#12052,#12054,#12055,#12057));
#12059=FACE_OUTER_BOUND('',#12058,.F.);
#12060=ADVANCED_FACE('',(#12059),#12050,.F.);
#12061=CARTESIAN_POINT('',(8.279463451184E1,-2.95E1,-8.131786678998E1));
#12062=DIRECTION('',(0.E0,-1.E0,0.E0));
#12063=DIRECTION('',(0.E0,0.E0,-1.E0));
#12064=AXIS2_PLACEMENT_3D('',#12061,#12062,#12063);
#12065=PLANE('',#12064);
#12067=ORIENTED_EDGE('',*,*,#12066,.T.);
#12069=ORIENTED_EDGE('',*,*,#12068,.T.);
#12070=EDGE_LOOP('',(#12067,#12069));
#12071=FACE_OUTER_BOUND('',#12070,.F.);
#12072=ORIENTED_EDGE('',*,*,#12051,.F.);
#12074=ORIENTED_EDGE('',*,*,#12073,.F.);
#12075=EDGE_LOOP('',(#12072,#12074));
#12076=FACE_BOUND('',#12075,.F.);
#12077=ADVANCED_FACE('',(#12071,#12076),#12065,.T.);
#12078=CARTESIAN_POINT('',(7.866963451184E1,-3.35E1,-8.131786678998E1));
#12079=DIRECTION('',(0.E0,1.E0,0.E0));
#12080=DIRECTION('',(0.E0,0.E0,1.E0));
#12081=AXIS2_PLACEMENT_3D('',#12078,#12079,#12080);
#12082=CYLINDRICAL_SURFACE('',#12081,4.125E0);
#12083=ORIENTED_EDGE('',*,*,#12066,.F.);
#12085=ORIENTED_EDGE('',*,*,#12084,.T.);
#12086=ORIENTED_EDGE('',*,*,#8277,.F.);
#12088=ORIENTED_EDGE('',*,*,#12087,.F.);
#12089=EDGE_LOOP('',(#12083,#12085,#12086,#12088));
#12090=FACE_OUTER_BOUND('',#12089,.F.);
#12091=ADVANCED_FACE('',(#12090),#12082,.F.);
#12092=CARTESIAN_POINT('',(7.866963451184E1,-3.35E1,-8.131786678998E1));
#12093=DIRECTION('',(0.E0,1.E0,0.E0));
#12094=DIRECTION('',(0.E0,0.E0,1.E0));
#12095=AXIS2_PLACEMENT_3D('',#12092,#12093,#12094);
#12096=CYLINDRICAL_SURFACE('',#12095,4.125E0);
#12097=ORIENTED_EDGE('',*,*,#12068,.F.);
#12098=ORIENTED_EDGE('',*,*,#12087,.T.);
#12099=ORIENTED_EDGE('',*,*,#8275,.F.);
#12100=ORIENTED_EDGE('',*,*,#12084,.F.);
#12101=EDGE_LOOP('',(#12097,#12098,#12099,#12100));
#12102=FACE_OUTER_BOUND('',#12101,.F.);
#12103=ADVANCED_FACE('',(#12102),#12096,.F.);
#12104=CARTESIAN_POINT('',(7.866963451184E1,-2.924999999868E1,
-8.131786678998E1));
#12105=DIRECTION('',(0.E0,-1.E0,0.E0));
#12106=DIRECTION('',(0.E0,0.E0,-1.E0));
#12107=AXIS2_PLACEMENT_3D('',#12104,#12105,#12106);
#12108=CONICAL_SURFACE('',#12107,2.399999998684E0,4.5E1);
#12109=ORIENTED_EDGE('',*,*,#12073,.T.);
#12110=ORIENTED_EDGE('',*,*,#12056,.T.);
#12112=ORIENTED_EDGE('',*,*,#12111,.F.);
#12113=ORIENTED_EDGE('',*,*,#12053,.F.);
#12114=EDGE_LOOP('',(#12109,#12110,#12112,#12113));
#12115=FACE_OUTER_BOUND('',#12114,.F.);
#12116=ADVANCED_FACE('',(#12115),#12108,.F.);
#12117=CARTESIAN_POINT('',(7.866963451184E1,-3.35E1,-8.131786678998E1));
#12118=DIRECTION('',(0.E0,1.E0,0.E0));
#12119=DIRECTION('',(0.E0,0.E0,1.E0));
#12120=AXIS2_PLACEMENT_3D('',#12117,#12118,#12119);
#12121=CYLINDRICAL_SURFACE('',#12120,2.15E0);
#12122=ORIENTED_EDGE('',*,*,#12111,.T.);
#12123=ORIENTED_EDGE('',*,*,#12041,.F.);
#12124=ORIENTED_EDGE('',*,*,#11997,.F.);
#12125=ORIENTED_EDGE('',*,*,#12038,.T.);
#12126=EDGE_LOOP('',(#12122,#12123,#12124,#12125));
#12127=FACE_OUTER_BOUND('',#12126,.F.);
#12128=ADVANCED_FACE('',(#12127),#12121,.F.);
#12129=CARTESIAN_POINT('',(7.750668108300E1,-1.875E1,-9.319500284850E1));
#12130=DIRECTION('',(0.E0,-1.E0,0.E0));
#12131=DIRECTION('',(0.E0,0.E0,-1.E0));
#12132=AXIS2_PLACEMENT_3D('',#12129,#12130,#12131);
#12133=CYLINDRICAL_SURFACE('',#12132,5.E0);
#12134=ORIENTED_EDGE('',*,*,#8056,.F.);
#12136=ORIENTED_EDGE('',*,*,#12135,.F.);
#12138=ORIENTED_EDGE('',*,*,#12137,.T.);
#12139=ORIENTED_EDGE('',*,*,#11121,.F.);
#12140=EDGE_LOOP('',(#12134,#12136,#12138,#12139));
#12141=FACE_OUTER_BOUND('',#12140,.F.);
#12142=ADVANCED_FACE('',(#12141),#12133,.F.);
#12143=CARTESIAN_POINT('',(1.246773029656E2,-1.875E1,-9.4E1));
#12144=DIRECTION('',(0.E0,1.E0,0.E0));
#12145=DIRECTION('',(-1.E0,0.E0,0.E0));
#12146=AXIS2_PLACEMENT_3D('',#12143,#12144,#12145);
#12147=PLANE('',#12146);
#12149=ORIENTED_EDGE('',*,*,#12148,.T.);
#12151=ORIENTED_EDGE('',*,*,#12150,.T.);
#12152=ORIENTED_EDGE('',*,*,#12135,.T.);
#12153=ORIENTED_EDGE('',*,*,#8054,.T.);
#12154=EDGE_LOOP('',(#12149,#12151,#12152,#12153));
#12155=FACE_OUTER_BOUND('',#12154,.F.);
#12156=ADVANCED_FACE('',(#12155),#12147,.T.);
#12157=CARTESIAN_POINT('',(7.936739944966E1,-1.875E1,-1.073285620347E2));
#12158=DIRECTION('',(0.E0,-1.E0,0.E0));
#12159=DIRECTION('',(0.E0,0.E0,-1.E0));
#12160=AXIS2_PLACEMENT_3D('',#12157,#12158,#12159);
#12161=CYLINDRICAL_SURFACE('',#12160,5.E0);
#12163=ORIENTED_EDGE('',*,*,#12162,.F.);
#12164=ORIENTED_EDGE('',*,*,#12148,.F.);
#12165=ORIENTED_EDGE('',*,*,#8052,.T.);
#12166=ORIENTED_EDGE('',*,*,#11081,.F.);
#12167=EDGE_LOOP('',(#12163,#12164,#12165,#12166));
#12168=FACE_OUTER_BOUND('',#12167,.F.);
#12169=ADVANCED_FACE('',(#12168),#12161,.F.);
#12170=CARTESIAN_POINT('',(7.687384848625E1,-1.875E1,-1.004675805436E2));
#12171=DIRECTION('',(0.E0,-1.E0,0.E0));
#12172=DIRECTION('',(0.E0,0.E0,-1.E0));
#12173=AXIS2_PLACEMENT_3D('',#12170,#12171,#12172);
#12174=CYLINDRICAL_SURFACE('',#12173,2.300059138620E0);
#12175=ORIENTED_EDGE('',*,*,#12137,.F.);
#12176=ORIENTED_EDGE('',*,*,#12150,.F.);
#12177=ORIENTED_EDGE('',*,*,#12162,.T.);
#12178=ORIENTED_EDGE('',*,*,#11095,.F.);
#12179=EDGE_LOOP('',(#12175,#12176,#12177,#12178));
#12180=FACE_OUTER_BOUND('',#12179,.F.);
#12181=ADVANCED_FACE('',(#12180),#12174,.T.);
#12182=CARTESIAN_POINT('',(8.516992918833E1,1.252212569798E3,
-1.330532369659E2));
#12183=DIRECTION('',(0.E0,-1.E0,0.E0));
#12184=DIRECTION('',(0.E0,0.E0,-1.E0));
#12185=AXIS2_PLACEMENT_3D('',#12182,#12183,#12184);
#12186=CYLINDRICAL_SURFACE('',#12185,3.E0);
#12187=ORIENTED_EDGE('',*,*,#8100,.T.);
#12188=ORIENTED_EDGE('',*,*,#8413,.F.);
#12189=ORIENTED_EDGE('',*,*,#10934,.T.);
#12190=ORIENTED_EDGE('',*,*,#10963,.F.);
#12191=EDGE_LOOP('',(#12187,#12188,#12189,#12190));
#12192=FACE_OUTER_BOUND('',#12191,.F.);
#12193=ADVANCED_FACE('',(#12192),#12186,.T.);
#12194=CARTESIAN_POINT('',(1.755E2,1.25E1,-1.587839961741E2));
#12195=DIRECTION('',(0.E0,1.E0,0.E0));
#12196=DIRECTION('',(0.E0,0.E0,1.E0));
#12197=AXIS2_PLACEMENT_3D('',#12194,#12195,#12196);
#12198=CONICAL_SURFACE('',#12197,1.75E0,4.5E1);
#12200=ORIENTED_EDGE('',*,*,#12199,.T.);
#12202=ORIENTED_EDGE('',*,*,#12201,.F.);
#12203=ORIENTED_EDGE('',*,*,#8434,.F.);
#12205=ORIENTED_EDGE('',*,*,#12204,.T.);
#12206=EDGE_LOOP('',(#12200,#12202,#12203,#12205));
#12207=FACE_OUTER_BOUND('',#12206,.F.);
#12208=ADVANCED_FACE('',(#12207),#12198,.F.);
#12209=CARTESIAN_POINT('',(1.755E2,1.275E1,-1.587839961741E2));
#12210=DIRECTION('',(0.E0,-1.E0,0.E0));
#12211=DIRECTION('',(0.E0,0.E0,-1.E0));
#12212=AXIS2_PLACEMENT_3D('',#12209,#12210,#12211);
#12213=CYLINDRICAL_SURFACE('',#12212,1.5E0);
#12214=ORIENTED_EDGE('',*,*,#12199,.F.);
#12216=ORIENTED_EDGE('',*,*,#12215,.F.);
#12218=ORIENTED_EDGE('',*,*,#12217,.F.);
#12220=ORIENTED_EDGE('',*,*,#12219,.T.);
#12221=EDGE_LOOP('',(#12214,#12216,#12218,#12220));
#12222=FACE_OUTER_BOUND('',#12221,.F.);
#12223=ADVANCED_FACE('',(#12222),#12213,.F.);
#12224=CARTESIAN_POINT('',(1.755E2,1.275E1,-1.587839961741E2));
#12225=DIRECTION('',(0.E0,-1.E0,0.E0));
#12226=DIRECTION('',(0.E0,0.E0,-1.E0));
#12227=AXIS2_PLACEMENT_3D('',#12224,#12225,#12226);
#12228=CYLINDRICAL_SURFACE('',#12227,1.5E0);
#12230=ORIENTED_EDGE('',*,*,#12229,.F.);
#12231=ORIENTED_EDGE('',*,*,#12219,.F.);
#12233=ORIENTED_EDGE('',*,*,#12232,.F.);
#12234=ORIENTED_EDGE('',*,*,#12215,.T.);
#12235=EDGE_LOOP('',(#12230,#12231,#12233,#12234));
#12236=FACE_OUTER_BOUND('',#12235,.F.);
#12237=ADVANCED_FACE('',(#12236),#12228,.F.);
#12238=CARTESIAN_POINT('',(1.755E2,1.25E1,-1.587839961741E2));
#12239=DIRECTION('',(0.E0,1.E0,0.E0));
#12240=DIRECTION('',(0.E0,0.E0,1.E0));
#12241=AXIS2_PLACEMENT_3D('',#12238,#12239,#12240);
#12242=CONICAL_SURFACE('',#12241,1.75E0,4.5E1);
#12243=ORIENTED_EDGE('',*,*,#12229,.T.);
#12244=ORIENTED_EDGE('',*,*,#12204,.F.);
#12245=ORIENTED_EDGE('',*,*,#8436,.F.);
#12246=ORIENTED_EDGE('',*,*,#12201,.T.);
#12247=EDGE_LOOP('',(#12243,#12244,#12245,#12246));
#12248=FACE_OUTER_BOUND('',#12247,.F.);
#12249=ADVANCED_FACE('',(#12248),#12242,.F.);
#12250=CARTESIAN_POINT('',(1.755E2,6.381123606151E0,-1.587839961741E2));
#12251=DIRECTION('',(0.E0,1.E0,0.E0));
#12252=DIRECTION('',(0.E0,0.E0,1.E0));
#12253=AXIS2_PLACEMENT_3D('',#12250,#12251,#12252);
#12254=CONICAL_SURFACE('',#12253,8.860865861945E-1,5.9E1);
#12255=ORIENTED_EDGE('',*,*,#12232,.T.);
#12257=ORIENTED_EDGE('',*,*,#12256,.T.);
#12259=ORIENTED_EDGE('',*,*,#12258,.F.);
#12260=EDGE_LOOP('',(#12255,#12257,#12259));
#12261=FACE_OUTER_BOUND('',#12260,.F.);
#12262=ADVANCED_FACE('',(#12261),#12254,.F.);
#12263=CARTESIAN_POINT('',(1.755E2,6.381123606151E0,-1.587839961741E2));
#12264=DIRECTION('',(0.E0,1.E0,0.E0));
#12265=DIRECTION('',(0.E0,0.E0,1.E0));
#12266=AXIS2_PLACEMENT_3D('',#12263,#12264,#12265);
#12267=CONICAL_SURFACE('',#12266,8.860865861945E-1,5.9E1);
#12268=ORIENTED_EDGE('',*,*,#12217,.T.);
#12269=ORIENTED_EDGE('',*,*,#12258,.T.);
#12270=ORIENTED_EDGE('',*,*,#12256,.F.);
#12271=EDGE_LOOP('',(#12268,#12269,#12270));
#12272=FACE_OUTER_BOUND('',#12271,.F.);
#12273=ADVANCED_FACE('',(#12272),#12267,.F.);
#12274=CARTESIAN_POINT('',(8.064482776154E1,1.25E1,-1.593207593737E2));
#12275=DIRECTION('',(0.E0,1.E0,0.E0));
#12276=DIRECTION('',(0.E0,0.E0,1.E0));
#12277=AXIS2_PLACEMENT_3D('',#12274,#12275,#12276);
#12278=CONICAL_SURFACE('',#12277,1.75E0,4.5E1);
#12280=ORIENTED_EDGE('',*,*,#12279,.T.);
#12282=ORIENTED_EDGE('',*,*,#12281,.F.);
#12283=ORIENTED_EDGE('',*,*,#8440,.F.);
#12285=ORIENTED_EDGE('',*,*,#12284,.T.);
#12286=EDGE_LOOP('',(#12280,#12282,#12283,#12285));
#12287=FACE_OUTER_BOUND('',#12286,.F.);
#12288=ADVANCED_FACE('',(#12287),#12278,.F.);
#12289=CARTESIAN_POINT('',(8.064482776154E1,1.275E1,-1.593207593737E2));
#12290=DIRECTION('',(0.E0,-1.E0,0.E0));
#12291=DIRECTION('',(0.E0,0.E0,-1.E0));
#12292=AXIS2_PLACEMENT_3D('',#12289,#12290,#12291);
#12293=CYLINDRICAL_SURFACE('',#12292,1.5E0);
#12294=ORIENTED_EDGE('',*,*,#12279,.F.);
#12296=ORIENTED_EDGE('',*,*,#12295,.F.);
#12298=ORIENTED_EDGE('',*,*,#12297,.F.);
#12300=ORIENTED_EDGE('',*,*,#12299,.T.);
#12301=EDGE_LOOP('',(#12294,#12296,#12298,#12300));
#12302=FACE_OUTER_BOUND('',#12301,.F.);
#12303=ADVANCED_FACE('',(#12302),#12293,.F.);
#12304=CARTESIAN_POINT('',(8.064482776154E1,1.275E1,-1.593207593737E2));
#12305=DIRECTION('',(0.E0,-1.E0,0.E0));
#12306=DIRECTION('',(0.E0,0.E0,-1.E0));
#12307=AXIS2_PLACEMENT_3D('',#12304,#12305,#12306);
#12308=CYLINDRICAL_SURFACE('',#12307,1.5E0);
#12310=ORIENTED_EDGE('',*,*,#12309,.F.);
#12311=ORIENTED_EDGE('',*,*,#12299,.F.);
#12313=ORIENTED_EDGE('',*,*,#12312,.F.);
#12314=ORIENTED_EDGE('',*,*,#12295,.T.);
#12315=EDGE_LOOP('',(#12310,#12311,#12313,#12314));
#12316=FACE_OUTER_BOUND('',#12315,.F.);
#12317=ADVANCED_FACE('',(#12316),#12308,.F.);
#12318=CARTESIAN_POINT('',(8.064482776154E1,1.25E1,-1.593207593737E2));
#12319=DIRECTION('',(0.E0,1.E0,0.E0));
#12320=DIRECTION('',(0.E0,0.E0,1.E0));
#12321=AXIS2_PLACEMENT_3D('',#12318,#12319,#12320);
#12322=CONICAL_SURFACE('',#12321,1.75E0,4.5E1);
#12323=ORIENTED_EDGE('',*,*,#12309,.T.);
#12324=ORIENTED_EDGE('',*,*,#12284,.F.);
#12325=ORIENTED_EDGE('',*,*,#8442,.F.);
#12326=ORIENTED_EDGE('',*,*,#12281,.T.);
#12327=EDGE_LOOP('',(#12323,#12324,#12325,#12326));
#12328=FACE_OUTER_BOUND('',#12327,.F.);
#12329=ADVANCED_FACE('',(#12328),#12322,.F.);
#12330=CARTESIAN_POINT('',(8.064482776154E1,6.381123606151E0,
-1.593207593737E2));
#12331=DIRECTION('',(0.E0,1.E0,0.E0));
#12332=DIRECTION('',(0.E0,0.E0,1.E0));
#12333=AXIS2_PLACEMENT_3D('',#12330,#12331,#12332);
#12334=CONICAL_SURFACE('',#12333,8.860865861945E-1,5.9E1);
#12335=ORIENTED_EDGE('',*,*,#12312,.T.);
#12337=ORIENTED_EDGE('',*,*,#12336,.T.);
#12339=ORIENTED_EDGE('',*,*,#12338,.F.);
#12340=EDGE_LOOP('',(#12335,#12337,#12339));
#12341=FACE_OUTER_BOUND('',#12340,.F.);
#12342=ADVANCED_FACE('',(#12341),#12334,.F.);
#12343=CARTESIAN_POINT('',(8.064482776154E1,6.381123606151E0,
-1.593207593737E2));
#12344=DIRECTION('',(0.E0,1.E0,0.E0));
#12345=DIRECTION('',(0.E0,0.E0,1.E0));
#12346=AXIS2_PLACEMENT_3D('',#12343,#12344,#12345);
#12347=CONICAL_SURFACE('',#12346,8.860865861945E-1,5.9E1);
#12348=ORIENTED_EDGE('',*,*,#12297,.T.);
#12349=ORIENTED_EDGE('',*,*,#12338,.T.);
#12350=ORIENTED_EDGE('',*,*,#12336,.F.);
#12351=EDGE_LOOP('',(#12348,#12349,#12350));
#12352=FACE_OUTER_BOUND('',#12351,.F.);
#12353=ADVANCED_FACE('',(#12352),#12347,.F.);
#12354=CARTESIAN_POINT('',(1.75E2,1.249999999921E1,-1.667683558855E2));
#12355=DIRECTION('',(0.E0,1.E0,0.E0));
#12356=DIRECTION('',(0.E0,0.E0,-1.E0));
#12357=AXIS2_PLACEMENT_3D('',#12354,#12355,#12356);
#12358=CONICAL_SURFACE('',#12357,1.899999999215E0,4.5E1);
#12359=ORIENTED_EDGE('',*,*,#8446,.T.);
#12361=ORIENTED_EDGE('',*,*,#12360,.T.);
#12363=ORIENTED_EDGE('',*,*,#12362,.F.);
#12365=ORIENTED_EDGE('',*,*,#12364,.F.);
#12366=EDGE_LOOP('',(#12359,#12361,#12363,#12365));
#12367=FACE_OUTER_BOUND('',#12366,.F.);
#12368=ADVANCED_FACE('',(#12367),#12358,.F.);
#12369=CARTESIAN_POINT('',(1.75E2,1.249999999921E1,-1.667683558855E2));
#12370=DIRECTION('',(0.E0,1.E0,0.E0));
#12371=DIRECTION('',(0.E0,0.E0,-1.E0));
#12372=AXIS2_PLACEMENT_3D('',#12369,#12370,#12371);
#12373=CONICAL_SURFACE('',#12372,1.899999999215E0,4.5E1);
#12374=ORIENTED_EDGE('',*,*,#8448,.T.);
#12375=ORIENTED_EDGE('',*,*,#12364,.T.);
#12377=ORIENTED_EDGE('',*,*,#12376,.F.);
#12378=ORIENTED_EDGE('',*,*,#12360,.F.);
#12379=EDGE_LOOP('',(#12374,#12375,#12377,#12378));
#12380=FACE_OUTER_BOUND('',#12379,.F.);
#12381=ADVANCED_FACE('',(#12380),#12373,.F.);
#12382=CARTESIAN_POINT('',(1.75E2,1.275E1,-1.667683558855E2));
#12383=DIRECTION('',(0.E0,-1.E0,0.E0));
#12384=DIRECTION('',(0.E0,0.E0,-1.E0));
#12385=AXIS2_PLACEMENT_3D('',#12382,#12383,#12384);
#12386=CYLINDRICAL_SURFACE('',#12385,1.65E0);
#12387=ORIENTED_EDGE('',*,*,#12376,.T.);
#12389=ORIENTED_EDGE('',*,*,#12388,.F.);
#12391=ORIENTED_EDGE('',*,*,#12390,.F.);
#12393=ORIENTED_EDGE('',*,*,#12392,.T.);
#12394=EDGE_LOOP('',(#12387,#12389,#12391,#12393));
#12395=FACE_OUTER_BOUND('',#12394,.F.);
#12396=ADVANCED_FACE('',(#12395),#12386,.F.);
#12397=CARTESIAN_POINT('',(1.75E2,1.275E1,-1.667683558855E2));
#12398=DIRECTION('',(0.E0,-1.E0,0.E0));
#12399=DIRECTION('',(0.E0,0.E0,-1.E0));
#12400=AXIS2_PLACEMENT_3D('',#12397,#12398,#12399);
#12401=CYLINDRICAL_SURFACE('',#12400,1.65E0);
#12402=ORIENTED_EDGE('',*,*,#12362,.T.);
#12403=ORIENTED_EDGE('',*,*,#12392,.F.);
#12405=ORIENTED_EDGE('',*,*,#12404,.F.);
#12406=ORIENTED_EDGE('',*,*,#12388,.T.);
#12407=EDGE_LOOP('',(#12402,#12403,#12405,#12406));
#12408=FACE_OUTER_BOUND('',#12407,.F.);
#12409=ADVANCED_FACE('',(#12408),#12401,.F.);
#12410=CARTESIAN_POINT('',(1.75E2,-2.663940940276E0,-1.667683558855E2));
#12411=DIRECTION('',(0.E0,1.E0,0.E0));
#12412=DIRECTION('',(0.E0,0.E0,1.E0));
#12413=AXIS2_PLACEMENT_3D('',#12410,#12411,#12412);
#12414=CONICAL_SURFACE('',#12413,9.610865861945E-1,5.9E1);
#12415=ORIENTED_EDGE('',*,*,#12404,.T.);
#12417=ORIENTED_EDGE('',*,*,#12416,.T.);
#12419=ORIENTED_EDGE('',*,*,#12418,.F.);
#12420=EDGE_LOOP('',(#12415,#12417,#12419));
#12421=FACE_OUTER_BOUND('',#12420,.F.);
#12422=ADVANCED_FACE('',(#12421),#12414,.F.);
#12423=CARTESIAN_POINT('',(1.75E2,-2.663940940276E0,-1.667683558855E2));
#12424=DIRECTION('',(0.E0,1.E0,0.E0));
#12425=DIRECTION('',(0.E0,0.E0,1.E0));
#12426=AXIS2_PLACEMENT_3D('',#12423,#12424,#12425);
#12427=CONICAL_SURFACE('',#12426,9.610865861945E-1,5.9E1);
#12428=ORIENTED_EDGE('',*,*,#12390,.T.);
#12429=ORIENTED_EDGE('',*,*,#12418,.T.);
#12430=ORIENTED_EDGE('',*,*,#12416,.F.);
#12431=EDGE_LOOP('',(#12428,#12429,#12430));
#12432=FACE_OUTER_BOUND('',#12431,.F.);
#12433=ADVANCED_FACE('',(#12432),#12427,.F.);
#12434=CARTESIAN_POINT('',(7.772364543274E1,1.249999999921E1,
-1.667683558855E2));
#12435=DIRECTION('',(0.E0,1.E0,0.E0));
#12436=DIRECTION('',(0.E0,0.E0,-1.E0));
#12437=AXIS2_PLACEMENT_3D('',#12434,#12435,#12436);
#12438=CONICAL_SURFACE('',#12437,1.899999999215E0,4.5E1);
#12439=ORIENTED_EDGE('',*,*,#8452,.T.);
#12441=ORIENTED_EDGE('',*,*,#12440,.T.);
#12443=ORIENTED_EDGE('',*,*,#12442,.F.);
#12445=ORIENTED_EDGE('',*,*,#12444,.F.);
#12446=EDGE_LOOP('',(#12439,#12441,#12443,#12445));
#12447=FACE_OUTER_BOUND('',#12446,.F.);
#12448=ADVANCED_FACE('',(#12447),#12438,.F.);
#12449=CARTESIAN_POINT('',(7.772364543274E1,1.249999999921E1,
-1.667683558855E2));
#12450=DIRECTION('',(0.E0,1.E0,0.E0));
#12451=DIRECTION('',(0.E0,0.E0,-1.E0));
#12452=AXIS2_PLACEMENT_3D('',#12449,#12450,#12451);
#12453=CONICAL_SURFACE('',#12452,1.899999999215E0,4.5E1);
#12454=ORIENTED_EDGE('',*,*,#8454,.T.);
#12455=ORIENTED_EDGE('',*,*,#12444,.T.);
#12457=ORIENTED_EDGE('',*,*,#12456,.F.);
#12458=ORIENTED_EDGE('',*,*,#12440,.F.);
#12459=EDGE_LOOP('',(#12454,#12455,#12457,#12458));
#12460=FACE_OUTER_BOUND('',#12459,.F.);
#12461=ADVANCED_FACE('',(#12460),#12453,.F.);
#12462=CARTESIAN_POINT('',(7.772364543274E1,1.275E1,-1.667683558855E2));
#12463=DIRECTION('',(0.E0,-1.E0,0.E0));
#12464=DIRECTION('',(0.E0,0.E0,-1.E0));
#12465=AXIS2_PLACEMENT_3D('',#12462,#12463,#12464);
#12466=CYLINDRICAL_SURFACE('',#12465,1.65E0);
#12467=ORIENTED_EDGE('',*,*,#12456,.T.);
#12469=ORIENTED_EDGE('',*,*,#12468,.F.);
#12471=ORIENTED_EDGE('',*,*,#12470,.F.);
#12473=ORIENTED_EDGE('',*,*,#12472,.T.);
#12474=EDGE_LOOP('',(#12467,#12469,#12471,#12473));
#12475=FACE_OUTER_BOUND('',#12474,.F.);
#12476=ADVANCED_FACE('',(#12475),#12466,.F.);
#12477=CARTESIAN_POINT('',(7.772364543274E1,1.275E1,-1.667683558855E2));
#12478=DIRECTION('',(0.E0,-1.E0,0.E0));
#12479=DIRECTION('',(0.E0,0.E0,-1.E0));
#12480=AXIS2_PLACEMENT_3D('',#12477,#12478,#12479);
#12481=CYLINDRICAL_SURFACE('',#12480,1.65E0);
#12482=ORIENTED_EDGE('',*,*,#12442,.T.);
#12483=ORIENTED_EDGE('',*,*,#12472,.F.);
#12485=ORIENTED_EDGE('',*,*,#12484,.F.);
#12486=ORIENTED_EDGE('',*,*,#12468,.T.);
#12487=EDGE_LOOP('',(#12482,#12483,#12485,#12486));
#12488=FACE_OUTER_BOUND('',#12487,.F.);
#12489=ADVANCED_FACE('',(#12488),#12481,.F.);
#12490=CARTESIAN_POINT('',(7.772364543274E1,-2.663940940276E0,
-1.667683558855E2));
#12491=DIRECTION('',(0.E0,1.E0,0.E0));
#12492=DIRECTION('',(0.E0,0.E0,1.E0));
#12493=AXIS2_PLACEMENT_3D('',#12490,#12491,#12492);
#12494=CONICAL_SURFACE('',#12493,9.610865861945E-1,5.9E1);
#12495=ORIENTED_EDGE('',*,*,#12484,.T.);
#12497=ORIENTED_EDGE('',*,*,#12496,.T.);
#12499=ORIENTED_EDGE('',*,*,#12498,.F.);
#12500=EDGE_LOOP('',(#12495,#12497,#12499));
#12501=FACE_OUTER_BOUND('',#12500,.F.);
#12502=ADVANCED_FACE('',(#12501),#12494,.F.);
#12503=CARTESIAN_POINT('',(7.772364543274E1,-2.663940940276E0,
-1.667683558855E2));
#12504=DIRECTION('',(0.E0,1.E0,0.E0));
#12505=DIRECTION('',(0.E0,0.E0,1.E0));
#12506=AXIS2_PLACEMENT_3D('',#12503,#12504,#12505);
#12507=CONICAL_SURFACE('',#12506,9.610865861945E-1,5.9E1);
#12508=ORIENTED_EDGE('',*,*,#12470,.T.);
#12509=ORIENTED_EDGE('',*,*,#12498,.T.);
#12510=ORIENTED_EDGE('',*,*,#12496,.F.);
#12511=EDGE_LOOP('',(#12508,#12509,#12510));
#12512=FACE_OUTER_BOUND('',#12511,.F.);
#12513=ADVANCED_FACE('',(#12512),#12507,.F.);
#12514=CARTESIAN_POINT('',(1.733303654882E2,-3.35E1,-1.066821332100E2));
#12515=DIRECTION('',(0.E0,1.E0,0.E0));
#12516=DIRECTION('',(0.E0,0.E0,1.E0));
#12517=AXIS2_PLACEMENT_3D('',#12514,#12515,#12516);
#12518=CYLINDRICAL_SURFACE('',#12517,4.125E0);
#12520=ORIENTED_EDGE('',*,*,#12519,.F.);
#12522=ORIENTED_EDGE('',*,*,#12521,.T.);
#12523=ORIENTED_EDGE('',*,*,#8299,.F.);
#12525=ORIENTED_EDGE('',*,*,#12524,.F.);
#12526=EDGE_LOOP('',(#12520,#12522,#12523,#12525));
#12527=FACE_OUTER_BOUND('',#12526,.F.);
#12528=ADVANCED_FACE('',(#12527),#12518,.F.);
#12529=CARTESIAN_POINT('',(1.774553654882E2,-2.95E1,-1.066821332100E2));
#12530=DIRECTION('',(0.E0,-1.E0,0.E0));
#12531=DIRECTION('',(0.E0,0.E0,-1.E0));
#12532=AXIS2_PLACEMENT_3D('',#12529,#12530,#12531);
#12533=PLANE('',#12532);
#12535=ORIENTED_EDGE('',*,*,#12534,.T.);
#12536=ORIENTED_EDGE('',*,*,#12519,.T.);
#12537=EDGE_LOOP('',(#12535,#12536));
#12538=FACE_OUTER_BOUND('',#12537,.F.);
#12540=ORIENTED_EDGE('',*,*,#12539,.F.);
#12542=ORIENTED_EDGE('',*,*,#12541,.F.);
#12543=EDGE_LOOP('',(#12540,#12542));
#12544=FACE_BOUND('',#12543,.F.);
#12545=ADVANCED_FACE('',(#12538,#12544),#12533,.T.);
#12546=CARTESIAN_POINT('',(1.733303654882E2,-3.35E1,-1.066821332100E2));
#12547=DIRECTION('',(0.E0,1.E0,0.E0));
#12548=DIRECTION('',(0.E0,0.E0,1.E0));
#12549=AXIS2_PLACEMENT_3D('',#12546,#12547,#12548);
#12550=CYLINDRICAL_SURFACE('',#12549,4.125E0);
#12551=ORIENTED_EDGE('',*,*,#12534,.F.);
#12552=ORIENTED_EDGE('',*,*,#12524,.T.);
#12553=ORIENTED_EDGE('',*,*,#8301,.F.);
#12554=ORIENTED_EDGE('',*,*,#12521,.F.);
#12555=EDGE_LOOP('',(#12551,#12552,#12553,#12554));
#12556=FACE_OUTER_BOUND('',#12555,.F.);
#12557=ADVANCED_FACE('',(#12556),#12550,.F.);
#12558=CARTESIAN_POINT('',(1.733303654882E2,-2.924999999868E1,
-1.066821332100E2));
#12559=DIRECTION('',(0.E0,-1.E0,0.E0));
#12560=DIRECTION('',(0.E0,0.E0,-1.E0));
#12561=AXIS2_PLACEMENT_3D('',#12558,#12559,#12560);
#12562=CONICAL_SURFACE('',#12561,2.399999998684E0,4.5E1);
#12563=ORIENTED_EDGE('',*,*,#12539,.T.);
#12565=ORIENTED_EDGE('',*,*,#12564,.T.);
#12567=ORIENTED_EDGE('',*,*,#12566,.F.);
#12569=ORIENTED_EDGE('',*,*,#12568,.F.);
#12570=EDGE_LOOP('',(#12563,#12565,#12567,#12569));
#12571=FACE_OUTER_BOUND('',#12570,.F.);
#12572=ADVANCED_FACE('',(#12571),#12562,.F.);
#12573=CARTESIAN_POINT('',(1.733303654882E2,-2.924999999868E1,
-1.066821332100E2));
#12574=DIRECTION('',(0.E0,-1.E0,0.E0));
#12575=DIRECTION('',(0.E0,0.E0,-1.E0));
#12576=AXIS2_PLACEMENT_3D('',#12573,#12574,#12575);
#12577=CONICAL_SURFACE('',#12576,2.399999998684E0,4.5E1);
#12578=ORIENTED_EDGE('',*,*,#12541,.T.);
#12579=ORIENTED_EDGE('',*,*,#12568,.T.);
#12581=ORIENTED_EDGE('',*,*,#12580,.F.);
#12582=ORIENTED_EDGE('',*,*,#12564,.F.);
#12583=EDGE_LOOP('',(#12578,#12579,#12581,#12582));
#12584=FACE_OUTER_BOUND('',#12583,.F.);
#12585=ADVANCED_FACE('',(#12584),#12577,.F.);
#12586=CARTESIAN_POINT('',(1.733303654882E2,-3.35E1,-1.066821332100E2));
#12587=DIRECTION('',(0.E0,1.E0,0.E0));
#12588=DIRECTION('',(0.E0,0.E0,1.E0));
#12589=AXIS2_PLACEMENT_3D('',#12586,#12587,#12588);
#12590=CYLINDRICAL_SURFACE('',#12589,2.15E0);
#12591=ORIENTED_EDGE('',*,*,#12580,.T.);
#12593=ORIENTED_EDGE('',*,*,#12592,.F.);
#12594=ORIENTED_EDGE('',*,*,#7750,.F.);
#12596=ORIENTED_EDGE('',*,*,#12595,.T.);
#12597=EDGE_LOOP('',(#12591,#12593,#12594,#12596));
#12598=FACE_OUTER_BOUND('',#12597,.F.);
#12599=ADVANCED_FACE('',(#12598),#12590,.F.);
#12600=CARTESIAN_POINT('',(1.733303654882E2,-3.35E1,-1.066821332100E2));
#12601=DIRECTION('',(0.E0,1.E0,0.E0));
#12602=DIRECTION('',(0.E0,0.E0,1.E0));
#12603=AXIS2_PLACEMENT_3D('',#12600,#12601,#12602);
#12604=CYLINDRICAL_SURFACE('',#12603,2.15E0);
#12605=ORIENTED_EDGE('',*,*,#12566,.T.);
#12606=ORIENTED_EDGE('',*,*,#12595,.F.);
#12607=ORIENTED_EDGE('',*,*,#7748,.F.);
#12608=ORIENTED_EDGE('',*,*,#12592,.T.);
#12609=EDGE_LOOP('',(#12605,#12606,#12607,#12608));
#12610=FACE_OUTER_BOUND('',#12609,.F.);
#12611=ADVANCED_FACE('',(#12610),#12604,.F.);
#12612=CARTESIAN_POINT('',(1.505E2,-3.35E1,-1.364352447854E2));
#12613=DIRECTION('',(0.E0,1.E0,0.E0));
#12614=DIRECTION('',(0.E0,0.E0,1.E0));
#12615=AXIS2_PLACEMENT_3D('',#12612,#12613,#12614);
#12616=CYLINDRICAL_SURFACE('',#12615,4.125E0);
#12618=ORIENTED_EDGE('',*,*,#12617,.F.);
#12620=ORIENTED_EDGE('',*,*,#12619,.T.);
#12621=ORIENTED_EDGE('',*,*,#8305,.F.);
#12623=ORIENTED_EDGE('',*,*,#12622,.F.);
#12624=EDGE_LOOP('',(#12618,#12620,#12621,#12623));
#12625=FACE_OUTER_BOUND('',#12624,.F.);
#12626=ADVANCED_FACE('',(#12625),#12616,.F.);
#12627=CARTESIAN_POINT('',(1.54625E2,-2.95E1,-1.364352447854E2));
#12628=DIRECTION('',(0.E0,-1.E0,0.E0));
#12629=DIRECTION('',(0.E0,0.E0,-1.E0));
#12630=AXIS2_PLACEMENT_3D('',#12627,#12628,#12629);
#12631=PLANE('',#12630);
#12633=ORIENTED_EDGE('',*,*,#12632,.T.);
#12634=ORIENTED_EDGE('',*,*,#12617,.T.);
#12635=EDGE_LOOP('',(#12633,#12634));
#12636=FACE_OUTER_BOUND('',#12635,.F.);
#12638=ORIENTED_EDGE('',*,*,#12637,.F.);
#12640=ORIENTED_EDGE('',*,*,#12639,.F.);
#12641=EDGE_LOOP('',(#12638,#12640));
#12642=FACE_BOUND('',#12641,.F.);
#12643=ADVANCED_FACE('',(#12636,#12642),#12631,.T.);
#12644=CARTESIAN_POINT('',(1.505E2,-3.35E1,-1.364352447854E2));
#12645=DIRECTION('',(0.E0,1.E0,0.E0));
#12646=DIRECTION('',(0.E0,0.E0,1.E0));
#12647=AXIS2_PLACEMENT_3D('',#12644,#12645,#12646);
#12648=CYLINDRICAL_SURFACE('',#12647,4.125E0);
#12649=ORIENTED_EDGE('',*,*,#12632,.F.);
#12650=ORIENTED_EDGE('',*,*,#12622,.T.);
#12651=ORIENTED_EDGE('',*,*,#8307,.F.);
#12652=ORIENTED_EDGE('',*,*,#12619,.F.);
#12653=EDGE_LOOP('',(#12649,#12650,#12651,#12652));
#12654=FACE_OUTER_BOUND('',#12653,.F.);
#12655=ADVANCED_FACE('',(#12654),#12648,.F.);
#12656=CARTESIAN_POINT('',(1.505E2,-2.924999999868E1,-1.364352447854E2));
#12657=DIRECTION('',(0.E0,-1.E0,0.E0));
#12658=DIRECTION('',(0.E0,0.E0,-1.E0));
#12659=AXIS2_PLACEMENT_3D('',#12656,#12657,#12658);
#12660=CONICAL_SURFACE('',#12659,2.399999998684E0,4.5E1);
#12661=ORIENTED_EDGE('',*,*,#12637,.T.);
#12663=ORIENTED_EDGE('',*,*,#12662,.T.);
#12665=ORIENTED_EDGE('',*,*,#12664,.F.);
#12667=ORIENTED_EDGE('',*,*,#12666,.F.);
#12668=EDGE_LOOP('',(#12661,#12663,#12665,#12667));
#12669=FACE_OUTER_BOUND('',#12668,.F.);
#12670=ADVANCED_FACE('',(#12669),#12660,.F.);
#12671=CARTESIAN_POINT('',(1.505E2,-2.924999999868E1,-1.364352447854E2));
#12672=DIRECTION('',(0.E0,-1.E0,0.E0));
#12673=DIRECTION('',(0.E0,0.E0,-1.E0));
#12674=AXIS2_PLACEMENT_3D('',#12671,#12672,#12673);
#12675=CONICAL_SURFACE('',#12674,2.399999998684E0,4.5E1);
#12676=ORIENTED_EDGE('',*,*,#12639,.T.);
#12677=ORIENTED_EDGE('',*,*,#12666,.T.);
#12679=ORIENTED_EDGE('',*,*,#12678,.F.);
#12680=ORIENTED_EDGE('',*,*,#12662,.F.);
#12681=EDGE_LOOP('',(#12676,#12677,#12679,#12680));
#12682=FACE_OUTER_BOUND('',#12681,.F.);
#12683=ADVANCED_FACE('',(#12682),#12675,.F.);
#12684=CARTESIAN_POINT('',(1.505E2,-3.35E1,-1.364352447854E2));
#12685=DIRECTION('',(0.E0,1.E0,0.E0));
#12686=DIRECTION('',(0.E0,0.E0,1.E0));
#12687=AXIS2_PLACEMENT_3D('',#12684,#12685,#12686);
#12688=CYLINDRICAL_SURFACE('',#12687,2.15E0);
#12689=ORIENTED_EDGE('',*,*,#12678,.T.);
#12691=ORIENTED_EDGE('',*,*,#12690,.F.);
#12693=ORIENTED_EDGE('',*,*,#12692,.F.);
#12695=ORIENTED_EDGE('',*,*,#12694,.T.);
#12696=EDGE_LOOP('',(#12689,#12691,#12693,#12695));
#12697=FACE_OUTER_BOUND('',#12696,.F.);
#12698=ADVANCED_FACE('',(#12697),#12688,.F.);
#12699=CARTESIAN_POINT('',(1.505E2,-3.35E1,-1.364352447854E2));
#12700=DIRECTION('',(0.E0,1.E0,0.E0));
#12701=DIRECTION('',(0.E0,0.E0,1.E0));
#12702=AXIS2_PLACEMENT_3D('',#12699,#12700,#12701);
#12703=CYLINDRICAL_SURFACE('',#12702,2.15E0);
#12704=ORIENTED_EDGE('',*,*,#12664,.T.);
#12705=ORIENTED_EDGE('',*,*,#12694,.F.);
#12707=ORIENTED_EDGE('',*,*,#12706,.F.);
#12708=ORIENTED_EDGE('',*,*,#12690,.T.);
#12709=EDGE_LOOP('',(#12704,#12705,#12707,#12708));
#12710=FACE_OUTER_BOUND('',#12709,.F.);
#12711=ADVANCED_FACE('',(#12710),#12703,.F.);
#12712=CARTESIAN_POINT('',(0.E0,-2.675E1,-9.4E1));
#12713=DIRECTION('',(0.E0,-1.E0,0.E0));
#12714=DIRECTION('',(1.E0,0.E0,0.E0));
#12715=AXIS2_PLACEMENT_3D('',#12712,#12713,#12714);
#12716=PLANE('',#12715);
#12718=ORIENTED_EDGE('',*,*,#12717,.T.);
#12720=ORIENTED_EDGE('',*,*,#12719,.T.);
#12721=EDGE_LOOP('',(#12718,#12720));
#12722=FACE_OUTER_BOUND('',#12721,.F.);
#12723=ORIENTED_EDGE('',*,*,#12706,.T.);
#12724=ORIENTED_EDGE('',*,*,#12692,.T.);
#12725=EDGE_LOOP('',(#12723,#12724));
#12726=FACE_BOUND('',#12725,.F.);
#12727=ADVANCED_FACE('',(#12722,#12726),#12716,.F.);
#12728=CARTESIAN_POINT('',(1.505E2,-1.310697439374E3,-1.364352447854E2));
#12729=DIRECTION('',(0.E0,1.E0,0.E0));
#12730=DIRECTION('',(0.E0,0.E0,1.E0));
#12731=AXIS2_PLACEMENT_3D('',#12728,#12729,#12730);
#12732=CYLINDRICAL_SURFACE('',#12731,5.125E0);
#12734=ORIENTED_EDGE('',*,*,#12733,.F.);
#12736=ORIENTED_EDGE('',*,*,#12735,.F.);
#12737=ORIENTED_EDGE('',*,*,#12717,.F.);
#12739=ORIENTED_EDGE('',*,*,#12738,.T.);
#12740=EDGE_LOOP('',(#12734,#12736,#12737,#12739));
#12741=FACE_OUTER_BOUND('',#12740,.F.);
#12742=ADVANCED_FACE('',(#12741),#12732,.T.);
#12743=CARTESIAN_POINT('',(1.505E2,-2.85E1,-1.364352447854E2));
#12744=DIRECTION('',(0.E0,-1.E0,0.E0));
#12745=DIRECTION('',(0.E0,0.E0,-1.E0));
#12746=AXIS2_PLACEMENT_3D('',#12743,#12744,#12745);
#12747=TOROIDAL_SURFACE('',#12746,8.125E0,3.E0);
#12748=ORIENTED_EDGE('',*,*,#12733,.T.);
#12750=ORIENTED_EDGE('',*,*,#12749,.T.);
#12752=ORIENTED_EDGE('',*,*,#12751,.F.);
#12754=ORIENTED_EDGE('',*,*,#12753,.F.);
#12755=EDGE_LOOP('',(#12748,#12750,#12752,#12754));
#12756=FACE_OUTER_BOUND('',#12755,.F.);
#12757=ADVANCED_FACE('',(#12756),#12747,.F.);
#12758=CARTESIAN_POINT('',(1.505E2,-2.85E1,-1.364352447854E2));
#12759=DIRECTION('',(0.E0,-1.E0,0.E0));
#12760=DIRECTION('',(0.E0,0.E0,-1.E0));
#12761=AXIS2_PLACEMENT_3D('',#12758,#12759,#12760);
#12762=TOROIDAL_SURFACE('',#12761,8.125E0,3.E0);
#12764=ORIENTED_EDGE('',*,*,#12763,.T.);
#12765=ORIENTED_EDGE('',*,*,#12753,.T.);
#12767=ORIENTED_EDGE('',*,*,#12766,.F.);
#12768=ORIENTED_EDGE('',*,*,#12749,.F.);
#12769=EDGE_LOOP('',(#12764,#12765,#12767,#12768));
#12770=FACE_OUTER_BOUND('',#12769,.F.);
#12771=ADVANCED_FACE('',(#12770),#12762,.F.);
#12772=CARTESIAN_POINT('',(1.505E2,-1.310697439374E3,-1.364352447854E2));
#12773=DIRECTION('',(0.E0,1.E0,0.E0));
#12774=DIRECTION('',(0.E0,0.E0,1.E0));
#12775=AXIS2_PLACEMENT_3D('',#12772,#12773,#12774);
#12776=CYLINDRICAL_SURFACE('',#12775,5.125E0);
#12777=ORIENTED_EDGE('',*,*,#12763,.F.);
#12778=ORIENTED_EDGE('',*,*,#12738,.F.);
#12779=ORIENTED_EDGE('',*,*,#12719,.F.);
#12780=ORIENTED_EDGE('',*,*,#12735,.T.);
#12781=EDGE_LOOP('',(#12777,#12778,#12779,#12780));
#12782=FACE_OUTER_BOUND('',#12781,.F.);
#12783=ADVANCED_FACE('',(#12782),#12776,.T.);
#12784=CARTESIAN_POINT('',(1.505E2,-2.85E1,-1.364352447854E2));
#12785=DIRECTION('',(0.E0,-1.E0,0.E0));
#12786=DIRECTION('',(0.E0,0.E0,-1.E0));
#12787=AXIS2_PLACEMENT_3D('',#12784,#12785,#12786);
#12788=TOROIDAL_SURFACE('',#12787,8.125E0,3.E0);
#12789=ORIENTED_EDGE('',*,*,#7916,.F.);
#12791=ORIENTED_EDGE('',*,*,#12790,.F.);
#12792=ORIENTED_EDGE('',*,*,#12766,.T.);
#12794=ORIENTED_EDGE('',*,*,#12793,.T.);
#12795=EDGE_LOOP('',(#12789,#12791,#12792,#12794));
#12796=FACE_OUTER_BOUND('',#12795,.F.);
#12797=ADVANCED_FACE('',(#12796),#12788,.F.);
#12798=CARTESIAN_POINT('',(1.505E2,-2.85E1,-1.364352447854E2));
#12799=DIRECTION('',(0.E0,-1.E0,0.E0));
#12800=DIRECTION('',(0.E0,0.E0,-1.E0));
#12801=AXIS2_PLACEMENT_3D('',#12798,#12799,#12800);
#12802=TOROIDAL_SURFACE('',#12801,8.125E0,3.E0);
#12803=ORIENTED_EDGE('',*,*,#7914,.F.);
#12804=ORIENTED_EDGE('',*,*,#12793,.F.);
#12805=ORIENTED_EDGE('',*,*,#12751,.T.);
#12806=ORIENTED_EDGE('',*,*,#12790,.T.);
#12807=EDGE_LOOP('',(#12803,#12804,#12805,#12806));
#12808=FACE_OUTER_BOUND('',#12807,.F.);
#12809=ADVANCED_FACE('',(#12808),#12802,.F.);
#12810=CARTESIAN_POINT('',(1.133178667900E2,-3.35E1,-1.413303654882E2));
#12811=DIRECTION('',(0.E0,1.E0,0.E0));
#12812=DIRECTION('',(0.E0,0.E0,1.E0));
#12813=AXIS2_PLACEMENT_3D('',#12810,#12811,#12812);
#12814=CYLINDRICAL_SURFACE('',#12813,4.125E0);
#12816=ORIENTED_EDGE('',*,*,#12815,.F.);
#12818=ORIENTED_EDGE('',*,*,#12817,.T.);
#12819=ORIENTED_EDGE('',*,*,#8311,.F.);
#12821=ORIENTED_EDGE('',*,*,#12820,.F.);
#12822=EDGE_LOOP('',(#12816,#12818,#12819,#12821));
#12823=FACE_OUTER_BOUND('',#12822,.F.);
#12824=ADVANCED_FACE('',(#12823),#12814,.F.);
#12825=CARTESIAN_POINT('',(1.174428667900E2,-2.95E1,-1.413303654882E2));
#12826=DIRECTION('',(0.E0,-1.E0,0.E0));
#12827=DIRECTION('',(0.E0,0.E0,-1.E0));
#12828=AXIS2_PLACEMENT_3D('',#12825,#12826,#12827);
#12829=PLANE('',#12828);
#12831=ORIENTED_EDGE('',*,*,#12830,.T.);
#12832=ORIENTED_EDGE('',*,*,#12815,.T.);
#12833=EDGE_LOOP('',(#12831,#12832));
#12834=FACE_OUTER_BOUND('',#12833,.F.);
#12836=ORIENTED_EDGE('',*,*,#12835,.F.);
#12838=ORIENTED_EDGE('',*,*,#12837,.F.);
#12839=EDGE_LOOP('',(#12836,#12838));
#12840=FACE_BOUND('',#12839,.F.);
#12841=ADVANCED_FACE('',(#12834,#12840),#12829,.T.);
#12842=CARTESIAN_POINT('',(1.133178667900E2,-3.35E1,-1.413303654882E2));
#12843=DIRECTION('',(0.E0,1.E0,0.E0));
#12844=DIRECTION('',(0.E0,0.E0,1.E0));
#12845=AXIS2_PLACEMENT_3D('',#12842,#12843,#12844);
#12846=CYLINDRICAL_SURFACE('',#12845,4.125E0);
#12847=ORIENTED_EDGE('',*,*,#12830,.F.);
#12848=ORIENTED_EDGE('',*,*,#12820,.T.);
#12849=ORIENTED_EDGE('',*,*,#8313,.F.);
#12850=ORIENTED_EDGE('',*,*,#12817,.F.);
#12851=EDGE_LOOP('',(#12847,#12848,#12849,#12850));
#12852=FACE_OUTER_BOUND('',#12851,.F.);
#12853=ADVANCED_FACE('',(#12852),#12846,.F.);
#12854=CARTESIAN_POINT('',(1.133178667900E2,-2.924999999868E1,
-1.413303654882E2));
#12855=DIRECTION('',(0.E0,-1.E0,0.E0));
#12856=DIRECTION('',(0.E0,0.E0,-1.E0));
#12857=AXIS2_PLACEMENT_3D('',#12854,#12855,#12856);
#12858=CONICAL_SURFACE('',#12857,2.399999998684E0,4.5E1);
#12859=ORIENTED_EDGE('',*,*,#12835,.T.);
#12861=ORIENTED_EDGE('',*,*,#12860,.T.);
#12863=ORIENTED_EDGE('',*,*,#12862,.F.);
#12865=ORIENTED_EDGE('',*,*,#12864,.F.);
#12866=EDGE_LOOP('',(#12859,#12861,#12863,#12865));
#12867=FACE_OUTER_BOUND('',#12866,.F.);
#12868=ADVANCED_FACE('',(#12867),#12858,.F.);
#12869=CARTESIAN_POINT('',(1.133178667900E2,-2.924999999868E1,
-1.413303654882E2));
#12870=DIRECTION('',(0.E0,-1.E0,0.E0));
#12871=DIRECTION('',(0.E0,0.E0,-1.E0));
#12872=AXIS2_PLACEMENT_3D('',#12869,#12870,#12871);
#12873=CONICAL_SURFACE('',#12872,2.399999998684E0,4.5E1);
#12874=ORIENTED_EDGE('',*,*,#12837,.T.);
#12875=ORIENTED_EDGE('',*,*,#12864,.T.);
#12877=ORIENTED_EDGE('',*,*,#12876,.F.);
#12878=ORIENTED_EDGE('',*,*,#12860,.F.);
#12879=EDGE_LOOP('',(#12874,#12875,#12877,#12878));
#12880=FACE_OUTER_BOUND('',#12879,.F.);
#12881=ADVANCED_FACE('',(#12880),#12873,.F.);
#12882=CARTESIAN_POINT('',(1.133178667900E2,-3.35E1,-1.413303654882E2));
#12883=DIRECTION('',(0.E0,1.E0,0.E0));
#12884=DIRECTION('',(0.E0,0.E0,1.E0));
#12885=AXIS2_PLACEMENT_3D('',#12882,#12883,#12884);
#12886=CYLINDRICAL_SURFACE('',#12885,2.15E0);
#12887=ORIENTED_EDGE('',*,*,#12876,.T.);
#12889=ORIENTED_EDGE('',*,*,#12888,.F.);
#12891=ORIENTED_EDGE('',*,*,#12890,.F.);
#12893=ORIENTED_EDGE('',*,*,#12892,.T.);
#12894=EDGE_LOOP('',(#12887,#12889,#12891,#12893));
#12895=FACE_OUTER_BOUND('',#12894,.F.);
#12896=ADVANCED_FACE('',(#12895),#12886,.F.);
#12897=CARTESIAN_POINT('',(1.133178667900E2,-3.35E1,-1.413303654882E2));
#12898=DIRECTION('',(0.E0,1.E0,0.E0));
#12899=DIRECTION('',(0.E0,0.E0,1.E0));
#12900=AXIS2_PLACEMENT_3D('',#12897,#12898,#12899);
#12901=CYLINDRICAL_SURFACE('',#12900,2.15E0);
#12902=ORIENTED_EDGE('',*,*,#12862,.T.);
#12903=ORIENTED_EDGE('',*,*,#12892,.F.);
#12905=ORIENTED_EDGE('',*,*,#12904,.F.);
#12906=ORIENTED_EDGE('',*,*,#12888,.T.);
#12907=EDGE_LOOP('',(#12902,#12903,#12905,#12906));
#12908=FACE_OUTER_BOUND('',#12907,.F.);
#12909=ADVANCED_FACE('',(#12908),#12901,.F.);
#12910=CARTESIAN_POINT('',(0.E0,-2.675E1,-9.4E1));
#12911=DIRECTION('',(0.E0,-1.E0,0.E0));
#12912=DIRECTION('',(1.E0,0.E0,0.E0));
#12913=AXIS2_PLACEMENT_3D('',#12910,#12911,#12912);
#12914=PLANE('',#12913);
#12916=ORIENTED_EDGE('',*,*,#12915,.T.);
#12918=ORIENTED_EDGE('',*,*,#12917,.T.);
#12919=EDGE_LOOP('',(#12916,#12918));
#12920=FACE_OUTER_BOUND('',#12919,.F.);
#12921=ORIENTED_EDGE('',*,*,#12890,.T.);
#12922=ORIENTED_EDGE('',*,*,#12904,.T.);
#12923=EDGE_LOOP('',(#12921,#12922));
#12924=FACE_BOUND('',#12923,.F.);
#12925=ADVANCED_FACE('',(#12920,#12924),#12914,.F.);
#12926=CARTESIAN_POINT('',(1.133178667900E2,-1.310697439374E3,
-1.413303654882E2));
#12927=DIRECTION('',(0.E0,1.E0,0.E0));
#12928=DIRECTION('',(0.E0,0.E0,1.E0));
#12929=AXIS2_PLACEMENT_3D('',#12926,#12927,#12928);
#12930=CYLINDRICAL_SURFACE('',#12929,5.125E0);
#12932=ORIENTED_EDGE('',*,*,#12931,.F.);
#12934=ORIENTED_EDGE('',*,*,#12933,.F.);
#12935=ORIENTED_EDGE('',*,*,#12915,.F.);
#12937=ORIENTED_EDGE('',*,*,#12936,.T.);
#12938=EDGE_LOOP('',(#12932,#12934,#12935,#12937));
#12939=FACE_OUTER_BOUND('',#12938,.F.);
#12940=ADVANCED_FACE('',(#12939),#12930,.T.);
#12941=CARTESIAN_POINT('',(1.133178667900E2,-2.85E1,-1.413303654882E2));
#12942=DIRECTION('',(0.E0,-1.E0,0.E0));
#12943=DIRECTION('',(0.E0,0.E0,-1.E0));
#12944=AXIS2_PLACEMENT_3D('',#12941,#12942,#12943);
#12945=TOROIDAL_SURFACE('',#12944,8.125E0,3.E0);
#12946=ORIENTED_EDGE('',*,*,#12931,.T.);
#12948=ORIENTED_EDGE('',*,*,#12947,.T.);
#12950=ORIENTED_EDGE('',*,*,#12949,.F.);
#12952=ORIENTED_EDGE('',*,*,#12951,.F.);
#12953=EDGE_LOOP('',(#12946,#12948,#12950,#12952));
#12954=FACE_OUTER_BOUND('',#12953,.F.);
#12955=ADVANCED_FACE('',(#12954),#12945,.F.);
#12956=CARTESIAN_POINT('',(1.133178667900E2,-2.85E1,-1.413303654882E2));
#12957=DIRECTION('',(0.E0,-1.E0,0.E0));
#12958=DIRECTION('',(0.E0,0.E0,-1.E0));
#12959=AXIS2_PLACEMENT_3D('',#12956,#12957,#12958);
#12960=TOROIDAL_SURFACE('',#12959,8.125E0,3.E0);
#12962=ORIENTED_EDGE('',*,*,#12961,.T.);
#12963=ORIENTED_EDGE('',*,*,#12951,.T.);
#12965=ORIENTED_EDGE('',*,*,#12964,.F.);
#12966=ORIENTED_EDGE('',*,*,#12947,.F.);
#12967=EDGE_LOOP('',(#12962,#12963,#12965,#12966));
#12968=FACE_OUTER_BOUND('',#12967,.F.);
#12969=ADVANCED_FACE('',(#12968),#12960,.F.);
#12970=CARTESIAN_POINT('',(1.133178667900E2,-1.310697439374E3,
-1.413303654882E2));
#12971=DIRECTION('',(0.E0,1.E0,0.E0));
#12972=DIRECTION('',(0.E0,0.E0,1.E0));
#12973=AXIS2_PLACEMENT_3D('',#12970,#12971,#12972);
#12974=CYLINDRICAL_SURFACE('',#12973,5.125E0);
#12975=ORIENTED_EDGE('',*,*,#12961,.F.);
#12976=ORIENTED_EDGE('',*,*,#12936,.F.);
#12977=ORIENTED_EDGE('',*,*,#12917,.F.);
#12978=ORIENTED_EDGE('',*,*,#12933,.T.);
#12979=EDGE_LOOP('',(#12975,#12976,#12977,#12978));
#12980=FACE_OUTER_BOUND('',#12979,.F.);
#12981=ADVANCED_FACE('',(#12980),#12974,.T.);
#12982=CARTESIAN_POINT('',(1.133178667900E2,-2.85E1,-1.413303654882E2));
#12983=DIRECTION('',(0.E0,-1.E0,0.E0));
#12984=DIRECTION('',(0.E0,0.E0,-1.E0));
#12985=AXIS2_PLACEMENT_3D('',#12982,#12983,#12984);
#12986=TOROIDAL_SURFACE('',#12985,8.125E0,3.E0);
#12987=ORIENTED_EDGE('',*,*,#7910,.F.);
#12989=ORIENTED_EDGE('',*,*,#12988,.F.);
#12990=ORIENTED_EDGE('',*,*,#12964,.T.);
#12992=ORIENTED_EDGE('',*,*,#12991,.T.);
#12993=EDGE_LOOP('',(#12987,#12989,#12990,#12992));
#12994=FACE_OUTER_BOUND('',#12993,.F.);
#12995=ADVANCED_FACE('',(#12994),#12986,.F.);
#12996=CARTESIAN_POINT('',(1.133178667900E2,-2.85E1,-1.413303654882E2));
#12997=DIRECTION('',(0.E0,-1.E0,0.E0));
#12998=DIRECTION('',(0.E0,0.E0,-1.E0));
#12999=AXIS2_PLACEMENT_3D('',#12996,#12997,#12998);
#13000=TOROIDAL_SURFACE('',#12999,8.125E0,3.E0);
#13001=ORIENTED_EDGE('',*,*,#7908,.F.);
#13002=ORIENTED_EDGE('',*,*,#12991,.F.);
#13003=ORIENTED_EDGE('',*,*,#12949,.T.);
#13004=ORIENTED_EDGE('',*,*,#12988,.T.);
#13005=EDGE_LOOP('',(#13001,#13002,#13003,#13004));
#13006=FACE_OUTER_BOUND('',#13005,.F.);
#13007=ADVANCED_FACE('',(#13006),#13000,.F.);
#13008=CARTESIAN_POINT('',(1.484027324473E2,-4.1002E1,-1.171987085609E2));
#13009=DIRECTION('',(7.193398003387E-1,0.E0,6.946583704590E-1));
#13010=DIRECTION('',(6.946583704590E-1,0.E0,-7.193398003387E-1));
#13011=AXIS2_PLACEMENT_3D('',#13008,#13009,#13010);
#13012=PLANE('',#13011);
#13013=ORIENTED_EDGE('',*,*,#7930,.F.);
#13015=ORIENTED_EDGE('',*,*,#13014,.F.);
#13016=ORIENTED_EDGE('',*,*,#8317,.F.);
#13018=ORIENTED_EDGE('',*,*,#13017,.F.);
#13020=ORIENTED_EDGE('',*,*,#13019,.F.);
#13022=ORIENTED_EDGE('',*,*,#13021,.F.);
#13023=EDGE_LOOP('',(#13013,#13015,#13016,#13018,#13020,#13022));
#13024=FACE_OUTER_BOUND('',#13023,.F.);
#13025=ADVANCED_FACE('',(#13024),#13012,.T.);
#13026=CARTESIAN_POINT('',(1.502794966811E2,-2.6748E1,-1.095209856475E2));
#13027=DIRECTION('',(0.E0,-1.E0,0.E0));
#13028=DIRECTION('',(0.E0,0.E0,-1.E0));
#13029=AXIS2_PLACEMENT_3D('',#13026,#13027,#13028);
#13030=CYLINDRICAL_SURFACE('',#13029,6.683425697066E0);
#13032=ORIENTED_EDGE('',*,*,#13031,.T.);
#13033=ORIENTED_EDGE('',*,*,#8321,.F.);
#13034=ORIENTED_EDGE('',*,*,#8319,.F.);
#13035=ORIENTED_EDGE('',*,*,#13014,.T.);
#13036=ORIENTED_EDGE('',*,*,#7928,.F.);
#13037=ORIENTED_EDGE('',*,*,#7926,.F.);
#13038=EDGE_LOOP('',(#13032,#13033,#13034,#13035,#13036,#13037));
#13039=FACE_OUTER_BOUND('',#13038,.F.);
#13040=ADVANCED_FACE('',(#13039),#13030,.F.);
#13041=CARTESIAN_POINT('',(1.26E2,-1.289712569798E3,-9.4E1));
#13042=DIRECTION('',(0.E0,1.E0,0.E0));
#13043=DIRECTION('',(0.E0,0.E0,1.E0));
#13044=AXIS2_PLACEMENT_3D('',#13041,#13042,#13043);
#13045=CYLINDRICAL_SURFACE('',#13044,3.55E1);
#13046=ORIENTED_EDGE('',*,*,#7922,.F.);
#13047=ORIENTED_EDGE('',*,*,#7950,.F.);
#13049=ORIENTED_EDGE('',*,*,#13048,.T.);
#13050=ORIENTED_EDGE('',*,*,#8325,.F.);
#13051=ORIENTED_EDGE('',*,*,#8323,.F.);
#13052=ORIENTED_EDGE('',*,*,#13031,.F.);
#13053=ORIENTED_EDGE('',*,*,#7924,.F.);
#13054=EDGE_LOOP('',(#13046,#13047,#13049,#13050,#13051,#13052,#13053));
#13055=FACE_OUTER_BOUND('',#13054,.F.);
#13056=ADVANCED_FACE('',(#13055),#13045,.F.);
#13057=CARTESIAN_POINT('',(9.980599780572E1,-2.6748E1,-1.059527449513E2));
#13058=DIRECTION('',(0.E0,-1.E0,0.E0));
#13059=DIRECTION('',(0.E0,0.E0,-1.E0));
#13060=AXIS2_PLACEMENT_3D('',#13057,#13058,#13059);
#13061=CYLINDRICAL_SURFACE('',#13060,6.707746478873E0);
#13063=ORIENTED_EDGE('',*,*,#13062,.T.);
#13064=ORIENTED_EDGE('',*,*,#8329,.F.);
#13065=ORIENTED_EDGE('',*,*,#8327,.F.);
#13066=ORIENTED_EDGE('',*,*,#13048,.F.);
#13067=ORIENTED_EDGE('',*,*,#7948,.F.);
#13068=ORIENTED_EDGE('',*,*,#7946,.F.);
#13069=EDGE_LOOP('',(#13063,#13064,#13065,#13066,#13067,#13068));
#13070=FACE_OUTER_BOUND('',#13069,.F.);
#13071=ADVANCED_FACE('',(#13070),#13061,.F.);
#13072=CARTESIAN_POINT('',(1.005866531962E2,-4.1002E1,-1.138550825793E2));
#13073=DIRECTION('',(6.156614753257E-1,0.E0,-7.880107536067E-1));
#13074=DIRECTION('',(-7.880107536067E-1,0.E0,-6.156614753257E-1));
#13075=AXIS2_PLACEMENT_3D('',#13072,#13073,#13074);
#13076=PLANE('',#13075);
#13078=ORIENTED_EDGE('',*,*,#13077,.F.);
#13080=ORIENTED_EDGE('',*,*,#13079,.F.);
#13082=ORIENTED_EDGE('',*,*,#13081,.F.);
#13083=ORIENTED_EDGE('',*,*,#8331,.F.);
#13084=ORIENTED_EDGE('',*,*,#13062,.F.);
#13085=ORIENTED_EDGE('',*,*,#7944,.F.);
#13086=EDGE_LOOP('',(#13078,#13080,#13082,#13083,#13084,#13085));
#13087=FACE_OUTER_BOUND('',#13086,.F.);
#13088=ADVANCED_FACE('',(#13087),#13076,.F.);
#13089=CARTESIAN_POINT('',(1.059096934687E2,-4.1002E1,-1.135033223702E2));
#13090=DIRECTION('',(0.E0,1.E0,0.E0));
#13091=DIRECTION('',(0.E0,0.E0,1.E0));
#13092=AXIS2_PLACEMENT_3D('',#13089,#13090,#13091);
#13093=CYLINDRICAL_SURFACE('',#13092,3.E0);
#13094=ORIENTED_EDGE('',*,*,#7940,.F.);
#13096=ORIENTED_EDGE('',*,*,#13095,.T.);
#13098=ORIENTED_EDGE('',*,*,#13097,.F.);
#13100=ORIENTED_EDGE('',*,*,#13099,.F.);
#13101=ORIENTED_EDGE('',*,*,#13077,.T.);
#13102=ORIENTED_EDGE('',*,*,#7942,.F.);
#13103=EDGE_LOOP('',(#13094,#13096,#13098,#13100,#13101,#13102));
#13104=FACE_OUTER_BOUND('',#13103,.F.);
#13105=ADVANCED_FACE('',(#13104),#13093,.T.);
#13106=CARTESIAN_POINT('',(1.26E2,-4.1002E1,-9.4E1));
#13107=DIRECTION('',(0.E0,1.E0,0.E0));
#13108=DIRECTION('',(0.E0,0.E0,1.E0));
#13109=AXIS2_PLACEMENT_3D('',#13106,#13107,#13108);
#13110=CYLINDRICAL_SURFACE('',#13109,2.5E1);
#13111=ORIENTED_EDGE('',*,*,#7938,.F.);
#13112=ORIENTED_EDGE('',*,*,#7936,.F.);
#13114=ORIENTED_EDGE('',*,*,#13113,.F.);
#13116=ORIENTED_EDGE('',*,*,#13115,.F.);
#13118=ORIENTED_EDGE('',*,*,#13117,.F.);
#13119=ORIENTED_EDGE('',*,*,#13095,.F.);
#13120=EDGE_LOOP('',(#13111,#13112,#13114,#13116,#13118,#13119));
#13121=FACE_OUTER_BOUND('',#13120,.F.);
#13122=ADVANCED_FACE('',(#13121),#13110,.F.);
#13123=CARTESIAN_POINT('',(1.431804511959E2,-4.1002E1,-1.161095476368E2));
#13124=DIRECTION('',(0.E0,1.E0,0.E0));
#13125=DIRECTION('',(0.E0,0.E0,1.E0));
#13126=AXIS2_PLACEMENT_3D('',#13123,#13124,#13125);
#13127=CYLINDRICAL_SURFACE('',#13126,3.E0);
#13128=ORIENTED_EDGE('',*,*,#7932,.F.);
#13129=ORIENTED_EDGE('',*,*,#13021,.T.);
#13131=ORIENTED_EDGE('',*,*,#13130,.F.);
#13133=ORIENTED_EDGE('',*,*,#13132,.F.);
#13134=ORIENTED_EDGE('',*,*,#13113,.T.);
#13135=ORIENTED_EDGE('',*,*,#7934,.F.);
#13136=EDGE_LOOP('',(#13128,#13129,#13131,#13133,#13134,#13135));
#13137=FACE_OUTER_BOUND('',#13136,.F.);
#13138=ADVANCED_FACE('',(#13137),#13127,.T.);
#13139=CARTESIAN_POINT('',(1.431804511959E2,-4.05E1,-1.161095476368E2));
#13140=DIRECTION('',(0.E0,1.E0,0.E0));
#13141=DIRECTION('',(0.E0,0.E0,1.E0));
#13142=AXIS2_PLACEMENT_3D('',#13139,#13140,#13141);
#13143=CONICAL_SURFACE('',#13142,2.5E0,4.5E1);
#13145=ORIENTED_EDGE('',*,*,#13144,.F.);
#13146=ORIENTED_EDGE('',*,*,#13132,.T.);
#13147=ORIENTED_EDGE('',*,*,#13130,.T.);
#13149=ORIENTED_EDGE('',*,*,#13148,.T.);
#13151=ORIENTED_EDGE('',*,*,#13150,.F.);
#13153=ORIENTED_EDGE('',*,*,#13152,.F.);
#13154=EDGE_LOOP('',(#13145,#13146,#13147,#13149,#13151,#13153));
#13155=FACE_OUTER_BOUND('',#13154,.F.);
#13156=ADVANCED_FACE('',(#13155),#13143,.T.);
#13157=CARTESIAN_POINT('',(1.26E2,-4.05E1,-9.4E1));
#13158=DIRECTION('',(0.E0,-1.E0,0.E0));
#13159=DIRECTION('',(0.E0,0.E0,-1.E0));
#13160=AXIS2_PLACEMENT_3D('',#13157,#13158,#13159);
#13161=CONICAL_SURFACE('',#13160,2.55E1,4.5E1);
#13163=ORIENTED_EDGE('',*,*,#13162,.F.);
#13164=ORIENTED_EDGE('',*,*,#13117,.T.);
#13165=ORIENTED_EDGE('',*,*,#13115,.T.);
#13166=ORIENTED_EDGE('',*,*,#13144,.T.);
#13168=ORIENTED_EDGE('',*,*,#13167,.F.);
#13170=ORIENTED_EDGE('',*,*,#13169,.F.);
#13171=EDGE_LOOP('',(#13163,#13164,#13165,#13166,#13168,#13170));
#13172=FACE_OUTER_BOUND('',#13171,.F.);
#13173=ADVANCED_FACE('',(#13172),#13161,.F.);
#13174=CARTESIAN_POINT('',(1.059096934687E2,-4.05E1,-1.135033223702E2));
#13175=DIRECTION('',(0.E0,1.E0,0.E0));
#13176=DIRECTION('',(0.E0,0.E0,1.E0));
#13177=AXIS2_PLACEMENT_3D('',#13174,#13175,#13176);
#13178=CONICAL_SURFACE('',#13177,2.5E0,4.5E1);
#13180=ORIENTED_EDGE('',*,*,#13179,.T.);
#13181=ORIENTED_EDGE('',*,*,#13099,.T.);
#13182=ORIENTED_EDGE('',*,*,#13097,.T.);
#13183=ORIENTED_EDGE('',*,*,#13162,.T.);
#13185=ORIENTED_EDGE('',*,*,#13184,.F.);
#13187=ORIENTED_EDGE('',*,*,#13186,.F.);
#13188=EDGE_LOOP('',(#13180,#13181,#13182,#13183,#13185,#13187));
#13189=FACE_OUTER_BOUND('',#13188,.F.);
#13190=ADVANCED_FACE('',(#13189),#13178,.T.);
#13191=CARTESIAN_POINT('',(4.837458205255E1,-4.1E1,-1.559166415090E2));
#13192=DIRECTION('',(-4.353384041181E-1,-7.071067811865E-1,5.572077475232E-1));
#13193=DIRECTION('',(7.880107536067E-1,0.E0,6.156614753257E-1));
#13194=AXIS2_PLACEMENT_3D('',#13191,#13192,#13193);
#13195=PLANE('',#13194);
#13197=ORIENTED_EDGE('',*,*,#13196,.F.);
#13198=ORIENTED_EDGE('',*,*,#13079,.T.);
#13199=ORIENTED_EDGE('',*,*,#13179,.F.);
#13201=ORIENTED_EDGE('',*,*,#13200,.F.);
#13202=EDGE_LOOP('',(#13197,#13198,#13199,#13201));
#13203=FACE_OUTER_BOUND('',#13202,.F.);
#13204=ADVANCED_FACE('',(#13203),#13195,.T.);
#13205=CARTESIAN_POINT('',(9.772297685921E1,-4.05E1,-1.186304681704E2));
#13206=DIRECTION('',(0.E0,1.E0,0.E0));
#13207=DIRECTION('',(0.E0,0.E0,1.E0));
#13208=AXIS2_PLACEMENT_3D('',#13205,#13206,#13207);
#13209=CONICAL_SURFACE('',#13208,1.5E0,4.5E1);
#13210=ORIENTED_EDGE('',*,*,#13196,.T.);
#13212=ORIENTED_EDGE('',*,*,#13211,.F.);
#13214=ORIENTED_EDGE('',*,*,#13213,.T.);
#13216=ORIENTED_EDGE('',*,*,#13215,.T.);
#13217=EDGE_LOOP('',(#13210,#13212,#13214,#13216));
#13218=FACE_OUTER_BOUND('',#13217,.F.);
#13219=ADVANCED_FACE('',(#13218),#13209,.T.);
#13220=CARTESIAN_POINT('',(0.E0,-4.1E1,-9.4E1));
#13221=DIRECTION('',(0.E0,-1.E0,0.E0));
#13222=DIRECTION('',(1.E0,0.E0,0.E0));
#13223=AXIS2_PLACEMENT_3D('',#13220,#13221,#13222);
#13224=PLANE('',#13223);
#13226=ORIENTED_EDGE('',*,*,#13225,.T.);
#13228=ORIENTED_EDGE('',*,*,#13227,.T.);
#13230=ORIENTED_EDGE('',*,*,#13229,.T.);
#13231=ORIENTED_EDGE('',*,*,#13211,.T.);
#13232=ORIENTED_EDGE('',*,*,#13200,.T.);
#13233=ORIENTED_EDGE('',*,*,#13186,.T.);
#13234=ORIENTED_EDGE('',*,*,#13184,.T.);
#13235=ORIENTED_EDGE('',*,*,#13169,.T.);
#13236=ORIENTED_EDGE('',*,*,#13167,.T.);
#13237=ORIENTED_EDGE('',*,*,#13152,.T.);
#13238=ORIENTED_EDGE('',*,*,#13150,.T.);
#13240=ORIENTED_EDGE('',*,*,#13239,.T.);
#13241=EDGE_LOOP('',(#13226,#13228,#13230,#13231,#13232,#13233,#13234,#13235,
#13236,#13237,#13238,#13240));
#13242=FACE_OUTER_BOUND('',#13241,.F.);
#13244=ORIENTED_EDGE('',*,*,#13243,.T.);
#13246=ORIENTED_EDGE('',*,*,#13245,.T.);
#13248=ORIENTED_EDGE('',*,*,#13247,.T.);
#13250=ORIENTED_EDGE('',*,*,#13249,.T.);
#13252=ORIENTED_EDGE('',*,*,#13251,.T.);
#13254=ORIENTED_EDGE('',*,*,#13253,.T.);
#13255=EDGE_LOOP('',(#13244,#13246,#13248,#13250,#13252,#13254));
#13256=FACE_BOUND('',#13255,.F.);
#13258=ORIENTED_EDGE('',*,*,#13257,.T.);
#13260=ORIENTED_EDGE('',*,*,#13259,.T.);
#13262=ORIENTED_EDGE('',*,*,#13261,.T.);
#13264=ORIENTED_EDGE('',*,*,#13263,.T.);
#13266=ORIENTED_EDGE('',*,*,#13265,.T.);
#13268=ORIENTED_EDGE('',*,*,#13267,.T.);
#13269=EDGE_LOOP('',(#13258,#13260,#13262,#13264,#13266,#13268));
#13270=FACE_BOUND('',#13269,.F.);
#13271=ADVANCED_FACE('',(#13242,#13256,#13270),#13224,.T.);
#13272=CARTESIAN_POINT('',(1.505739344620E2,-4.05E1,-1.223261671438E2));
#13273=DIRECTION('',(0.E0,1.E0,0.E0));
#13274=DIRECTION('',(0.E0,0.E0,1.E0));
#13275=AXIS2_PLACEMENT_3D('',#13272,#13273,#13274);
#13276=CONICAL_SURFACE('',#13275,1.5E0,4.5E1);
#13278=ORIENTED_EDGE('',*,*,#13277,.F.);
#13279=ORIENTED_EDGE('',*,*,#13225,.F.);
#13281=ORIENTED_EDGE('',*,*,#13280,.T.);
#13283=ORIENTED_EDGE('',*,*,#13282,.T.);
#13284=EDGE_LOOP('',(#13278,#13279,#13281,#13283));
#13285=FACE_OUTER_BOUND('',#13284,.F.);
#13286=ADVANCED_FACE('',(#13285),#13276,.T.);
#13287=CARTESIAN_POINT('',(1.26E2,-4.05E1,-9.4E1));
#13288=DIRECTION('',(0.E0,1.E0,0.E0));
#13289=DIRECTION('',(0.E0,0.E0,1.E0));
#13290=AXIS2_PLACEMENT_3D('',#13287,#13288,#13289);
#13291=CONICAL_SURFACE('',#13290,3.9E1,4.5E1);
#13292=ORIENTED_EDGE('',*,*,#13213,.F.);
#13293=ORIENTED_EDGE('',*,*,#13229,.F.);
#13294=ORIENTED_EDGE('',*,*,#13227,.F.);
#13295=ORIENTED_EDGE('',*,*,#13277,.T.);
#13297=ORIENTED_EDGE('',*,*,#13296,.T.);
#13299=ORIENTED_EDGE('',*,*,#13298,.T.);
#13300=EDGE_LOOP('',(#13292,#13293,#13294,#13295,#13297,#13299));
#13301=FACE_OUTER_BOUND('',#13300,.F.);
#13302=ADVANCED_FACE('',(#13301),#13291,.T.);
#13303=CARTESIAN_POINT('',(1.26E2,-4.1002E1,-9.4E1));
#13304=DIRECTION('',(0.E0,1.E0,0.E0));
#13305=DIRECTION('',(0.E0,0.E0,1.E0));
#13306=AXIS2_PLACEMENT_3D('',#13303,#13304,#13305);
#13307=CYLINDRICAL_SURFACE('',#13306,3.95E1);
#13309=ORIENTED_EDGE('',*,*,#13308,.F.);
#13310=ORIENTED_EDGE('',*,*,#8337,.F.);
#13311=ORIENTED_EDGE('',*,*,#8335,.F.);
#13313=ORIENTED_EDGE('',*,*,#13312,.F.);
#13314=ORIENTED_EDGE('',*,*,#13298,.F.);
#13315=ORIENTED_EDGE('',*,*,#13296,.F.);
#13316=EDGE_LOOP('',(#13309,#13310,#13311,#13313,#13314,#13315));
#13317=FACE_OUTER_BOUND('',#13316,.F.);
#13318=ADVANCED_FACE('',(#13317),#13307,.T.);
#13319=CARTESIAN_POINT('',(1.505739344620E2,-4.1002E1,-1.223261671438E2));
#13320=DIRECTION('',(0.E0,1.E0,0.E0));
#13321=DIRECTION('',(0.E0,0.E0,1.E0));
#13322=AXIS2_PLACEMENT_3D('',#13319,#13320,#13321);
#13323=CYLINDRICAL_SURFACE('',#13322,2.E0);
#13324=ORIENTED_EDGE('',*,*,#13017,.T.);
#13325=ORIENTED_EDGE('',*,*,#8339,.F.);
#13326=ORIENTED_EDGE('',*,*,#13308,.T.);
#13327=ORIENTED_EDGE('',*,*,#13282,.F.);
#13328=EDGE_LOOP('',(#13324,#13325,#13326,#13327));
#13329=FACE_OUTER_BOUND('',#13328,.F.);
#13330=ADVANCED_FACE('',(#13329),#13323,.T.);
#13331=CARTESIAN_POINT('',(9.772297685921E1,-4.1002E1,-1.186304681704E2));
#13332=DIRECTION('',(0.E0,1.E0,0.E0));
#13333=DIRECTION('',(0.E0,0.E0,1.E0));
#13334=AXIS2_PLACEMENT_3D('',#13331,#13332,#13333);
#13335=CYLINDRICAL_SURFACE('',#13334,2.E0);
#13336=ORIENTED_EDGE('',*,*,#13312,.T.);
#13337=ORIENTED_EDGE('',*,*,#8333,.F.);
#13338=ORIENTED_EDGE('',*,*,#13081,.T.);
#13339=ORIENTED_EDGE('',*,*,#13215,.F.);
#13340=EDGE_LOOP('',(#13336,#13337,#13338,#13339));
#13341=FACE_OUTER_BOUND('',#13340,.F.);
#13342=ADVANCED_FACE('',(#13341),#13335,.T.);
#13343=CARTESIAN_POINT('',(1.484027324473E2,-4.E1,-1.171987085609E2));
#13344=DIRECTION('',(-5.086500507968E-1,7.071067811865E-1,-4.911976443596E-1));
#13345=DIRECTION('',(6.946583704590E-1,-2.304110683118E-14,-7.193398003386E-1));
#13346=AXIS2_PLACEMENT_3D('',#13343,#13344,#13345);
#13347=PLANE('',#13346);
#13348=ORIENTED_EDGE('',*,*,#13148,.F.);
#13349=ORIENTED_EDGE('',*,*,#13019,.T.);
#13350=ORIENTED_EDGE('',*,*,#13280,.F.);
#13351=ORIENTED_EDGE('',*,*,#13239,.F.);
#13352=EDGE_LOOP('',(#13348,#13349,#13350,#13351));
#13353=FACE_OUTER_BOUND('',#13352,.F.);
#13354=ADVANCED_FACE('',(#13353),#13347,.F.);
#13355=CARTESIAN_POINT('',(1.26E2,-4.075E1,-9.4E1));
#13356=DIRECTION('',(0.E0,1.E0,0.E0));
#13357=DIRECTION('',(0.E0,0.E0,1.E0));
#13358=AXIS2_PLACEMENT_3D('',#13355,#13356,#13357);
#13359=CONICAL_SURFACE('',#13358,2.775E1,4.5E1);
#13361=ORIENTED_EDGE('',*,*,#13360,.F.);
#13362=ORIENTED_EDGE('',*,*,#13243,.F.);
#13364=ORIENTED_EDGE('',*,*,#13363,.T.);
#13366=ORIENTED_EDGE('',*,*,#13365,.T.);
#13367=EDGE_LOOP('',(#13361,#13362,#13364,#13366));
#13368=FACE_OUTER_BOUND('',#13367,.F.);
#13369=ADVANCED_FACE('',(#13368),#13359,.T.);
#13370=CARTESIAN_POINT('',(1.069269505584E2,-4.075E1,-1.200054087643E2));
#13371=DIRECTION('',(0.E0,-1.E0,0.E0));
#13372=DIRECTION('',(0.E0,0.E0,-1.E0));
#13373=AXIS2_PLACEMENT_3D('',#13370,#13371,#13372);
#13374=CONICAL_SURFACE('',#13373,4.5E0,4.5E1);
#13375=ORIENTED_EDGE('',*,*,#13360,.T.);
#13377=ORIENTED_EDGE('',*,*,#13376,.T.);
#13379=ORIENTED_EDGE('',*,*,#13378,.T.);
#13381=ORIENTED_EDGE('',*,*,#13380,.T.);
#13382=ORIENTED_EDGE('',*,*,#13247,.F.);
#13383=ORIENTED_EDGE('',*,*,#13245,.F.);
#13384=EDGE_LOOP('',(#13375,#13377,#13379,#13381,#13382,#13383));
#13385=FACE_OUTER_BOUND('',#13384,.F.);
#13386=ADVANCED_FACE('',(#13385),#13374,.F.);
#13387=CARTESIAN_POINT('',(1.069269505584E2,1.244712569798E3,
-1.200054087643E2));
#13388=DIRECTION('',(0.E0,-1.E0,0.E0));
#13389=DIRECTION('',(0.E0,0.E0,-1.E0));
#13390=AXIS2_PLACEMENT_3D('',#13387,#13388,#13389);
#13391=CYLINDRICAL_SURFACE('',#13390,4.25E0);
#13393=ORIENTED_EDGE('',*,*,#13392,.F.);
#13394=ORIENTED_EDGE('',*,*,#7974,.F.);
#13395=ORIENTED_EDGE('',*,*,#7972,.F.);
#13397=ORIENTED_EDGE('',*,*,#13396,.T.);
#13398=ORIENTED_EDGE('',*,*,#13378,.F.);
#13399=ORIENTED_EDGE('',*,*,#13376,.F.);
#13400=EDGE_LOOP('',(#13393,#13394,#13395,#13397,#13398,#13399));
#13401=FACE_OUTER_BOUND('',#13400,.F.);
#13402=ADVANCED_FACE('',(#13401),#13391,.F.);
#13403=CARTESIAN_POINT('',(1.26E2,1.244712569798E3,-9.4E1));
#13404=DIRECTION('',(0.E0,-1.E0,0.E0));
#13405=DIRECTION('',(0.E0,0.E0,-1.E0));
#13406=AXIS2_PLACEMENT_3D('',#13403,#13404,#13405);
#13407=CYLINDRICAL_SURFACE('',#13406,2.8E1);
#13409=ORIENTED_EDGE('',*,*,#13408,.F.);
#13410=ORIENTED_EDGE('',*,*,#7976,.F.);
#13411=ORIENTED_EDGE('',*,*,#13392,.T.);
#13412=ORIENTED_EDGE('',*,*,#13365,.F.);
#13413=EDGE_LOOP('',(#13409,#13410,#13411,#13412));
#13414=FACE_OUTER_BOUND('',#13413,.F.);
#13415=ADVANCED_FACE('',(#13414),#13407,.T.);
#13416=CARTESIAN_POINT('',(1.180504061624E2,1.244712569798E3,
-1.252548629467E2));
#13417=DIRECTION('',(0.E0,-1.E0,0.E0));
#13418=DIRECTION('',(0.E0,0.E0,-1.E0));
#13419=AXIS2_PLACEMENT_3D('',#13416,#13417,#13418);
#13420=CYLINDRICAL_SURFACE('',#13419,4.25E0);
#13422=ORIENTED_EDGE('',*,*,#13421,.F.);
#13423=ORIENTED_EDGE('',*,*,#7980,.F.);
#13424=ORIENTED_EDGE('',*,*,#7978,.F.);
#13425=ORIENTED_EDGE('',*,*,#13408,.T.);
#13427=ORIENTED_EDGE('',*,*,#13426,.F.);
#13429=ORIENTED_EDGE('',*,*,#13428,.F.);
#13430=EDGE_LOOP('',(#13422,#13423,#13424,#13425,#13427,#13429));
#13431=FACE_OUTER_BOUND('',#13430,.F.);
#13432=ADVANCED_FACE('',(#13431),#13420,.F.);
#13433=CARTESIAN_POINT('',(1.26E2,1.244712569798E3,-9.4E1));
#13434=DIRECTION('',(0.E0,-1.E0,0.E0));
#13435=DIRECTION('',(0.E0,0.E0,-1.E0));
#13436=AXIS2_PLACEMENT_3D('',#13433,#13434,#13435);
#13437=CYLINDRICAL_SURFACE('',#13436,3.65E1);
#13438=ORIENTED_EDGE('',*,*,#13396,.F.);
#13439=ORIENTED_EDGE('',*,*,#7970,.F.);
#13440=ORIENTED_EDGE('',*,*,#13421,.T.);
#13442=ORIENTED_EDGE('',*,*,#13441,.F.);
#13443=EDGE_LOOP('',(#13438,#13439,#13440,#13442));
#13444=FACE_OUTER_BOUND('',#13443,.F.);
#13445=ADVANCED_FACE('',(#13444),#13437,.F.);
#13446=CARTESIAN_POINT('',(1.26E2,-4.075E1,-9.4E1));
#13447=DIRECTION('',(0.E0,-1.E0,0.E0));
#13448=DIRECTION('',(0.E0,0.E0,-1.E0));
#13449=AXIS2_PLACEMENT_3D('',#13446,#13447,#13448);
#13450=CONICAL_SURFACE('',#13449,3.675E1,4.5E1);
#13451=ORIENTED_EDGE('',*,*,#13380,.F.);
#13452=ORIENTED_EDGE('',*,*,#13441,.T.);
#13454=ORIENTED_EDGE('',*,*,#13453,.T.);
#13455=ORIENTED_EDGE('',*,*,#13249,.F.);
#13456=EDGE_LOOP('',(#13451,#13452,#13454,#13455));
#13457=FACE_OUTER_BOUND('',#13456,.F.);
#13458=ADVANCED_FACE('',(#13457),#13450,.F.);
#13459=CARTESIAN_POINT('',(1.180504061624E2,-4.075E1,-1.252548629467E2));
#13460=DIRECTION('',(0.E0,-1.E0,0.E0));
#13461=DIRECTION('',(0.E0,0.E0,-1.E0));
#13462=AXIS2_PLACEMENT_3D('',#13459,#13460,#13461);
#13463=CONICAL_SURFACE('',#13462,4.5E0,4.5E1);
#13464=ORIENTED_EDGE('',*,*,#13453,.F.);
#13465=ORIENTED_EDGE('',*,*,#13428,.T.);
#13466=ORIENTED_EDGE('',*,*,#13426,.T.);
#13467=ORIENTED_EDGE('',*,*,#13363,.F.);
#13468=ORIENTED_EDGE('',*,*,#13253,.F.);
#13469=ORIENTED_EDGE('',*,*,#13251,.F.);
#13470=EDGE_LOOP('',(#13464,#13465,#13466,#13467,#13468,#13469));
#13471=FACE_OUTER_BOUND('',#13470,.F.);
#13472=ADVANCED_FACE('',(#13471),#13463,.F.);
#13473=CARTESIAN_POINT('',(1.412681784561E2,-4.075E1,-1.224067813494E2));
#13474=DIRECTION('',(0.E0,-1.E0,0.E0));
#13475=DIRECTION('',(0.E0,0.E0,-1.E0));
#13476=AXIS2_PLACEMENT_3D('',#13473,#13474,#13475);
#13477=CONICAL_SURFACE('',#13476,4.5E0,4.5E1);
#13479=ORIENTED_EDGE('',*,*,#13478,.F.);
#13480=ORIENTED_EDGE('',*,*,#13257,.F.);
#13481=ORIENTED_EDGE('',*,*,#13267,.F.);
#13483=ORIENTED_EDGE('',*,*,#13482,.T.);
#13485=ORIENTED_EDGE('',*,*,#13484,.T.);
#13487=ORIENTED_EDGE('',*,*,#13486,.T.);
#13488=EDGE_LOOP('',(#13479,#13480,#13481,#13483,#13485,#13487));
#13489=FACE_OUTER_BOUND('',#13488,.F.);
#13490=ADVANCED_FACE('',(#13489),#13477,.F.);
#13491=CARTESIAN_POINT('',(1.26E2,-4.075E1,-9.4E1));
#13492=DIRECTION('',(0.E0,1.E0,0.E0));
#13493=DIRECTION('',(0.E0,0.E0,1.E0));
#13494=AXIS2_PLACEMENT_3D('',#13491,#13492,#13493);
#13495=CONICAL_SURFACE('',#13494,2.775E1,4.5E1);
#13496=ORIENTED_EDGE('',*,*,#13478,.T.);
#13498=ORIENTED_EDGE('',*,*,#13497,.T.);
#13500=ORIENTED_EDGE('',*,*,#13499,.T.);
#13501=ORIENTED_EDGE('',*,*,#13259,.F.);
#13502=EDGE_LOOP('',(#13496,#13498,#13500,#13501));
#13503=FACE_OUTER_BOUND('',#13502,.F.);
#13504=ADVANCED_FACE('',(#13503),#13495,.T.);
#13505=CARTESIAN_POINT('',(1.26E2,1.244712569798E3,-9.4E1));
#13506=DIRECTION('',(0.E0,-1.E0,0.E0));
#13507=DIRECTION('',(0.E0,0.E0,-1.E0));
#13508=AXIS2_PLACEMENT_3D('',#13505,#13506,#13507);
#13509=CYLINDRICAL_SURFACE('',#13508,2.8E1);
#13511=ORIENTED_EDGE('',*,*,#13510,.F.);
#13512=ORIENTED_EDGE('',*,*,#7988,.F.);
#13514=ORIENTED_EDGE('',*,*,#13513,.T.);
#13515=ORIENTED_EDGE('',*,*,#13497,.F.);
#13516=EDGE_LOOP('',(#13511,#13512,#13514,#13515));
#13517=FACE_OUTER_BOUND('',#13516,.F.);
#13518=ADVANCED_FACE('',(#13517),#13509,.T.);
#13519=CARTESIAN_POINT('',(1.412681784561E2,1.244712569798E3,
-1.224067813494E2));
#13520=DIRECTION('',(0.E0,-1.E0,0.E0));
#13521=DIRECTION('',(0.E0,0.E0,-1.E0));
#13522=AXIS2_PLACEMENT_3D('',#13519,#13520,#13521);
#13523=CYLINDRICAL_SURFACE('',#13522,4.25E0);
#13525=ORIENTED_EDGE('',*,*,#13524,.F.);
#13526=ORIENTED_EDGE('',*,*,#7992,.F.);
#13527=ORIENTED_EDGE('',*,*,#7990,.F.);
#13528=ORIENTED_EDGE('',*,*,#13510,.T.);
#13529=ORIENTED_EDGE('',*,*,#13486,.F.);
#13530=ORIENTED_EDGE('',*,*,#13484,.F.);
#13531=EDGE_LOOP('',(#13525,#13526,#13527,#13528,#13529,#13530));
#13532=FACE_OUTER_BOUND('',#13531,.F.);
#13533=ADVANCED_FACE('',(#13532),#13523,.F.);
#13534=CARTESIAN_POINT('',(1.26E2,1.244712569798E3,-9.4E1));
#13535=DIRECTION('',(0.E0,-1.E0,0.E0));
#13536=DIRECTION('',(0.E0,0.E0,-1.E0));
#13537=AXIS2_PLACEMENT_3D('',#13534,#13535,#13536);
#13538=CYLINDRICAL_SURFACE('',#13537,3.65E1);
#13540=ORIENTED_EDGE('',*,*,#13539,.F.);
#13541=ORIENTED_EDGE('',*,*,#7994,.F.);
#13542=ORIENTED_EDGE('',*,*,#13524,.T.);
#13544=ORIENTED_EDGE('',*,*,#13543,.F.);
#13545=EDGE_LOOP('',(#13540,#13541,#13542,#13544));
#13546=FACE_OUTER_BOUND('',#13545,.F.);
#13547=ADVANCED_FACE('',(#13546),#13538,.F.);
#13548=CARTESIAN_POINT('',(1.295223927404E2,1.244712569798E3,
-1.260570623948E2));
#13549=DIRECTION('',(0.E0,-1.E0,0.E0));
#13550=DIRECTION('',(0.E0,0.E0,-1.E0));
#13551=AXIS2_PLACEMENT_3D('',#13548,#13549,#13550);
#13552=CYLINDRICAL_SURFACE('',#13551,4.25E0);
#13553=ORIENTED_EDGE('',*,*,#13513,.F.);
#13554=ORIENTED_EDGE('',*,*,#7986,.F.);
#13555=ORIENTED_EDGE('',*,*,#7984,.F.);
#13556=ORIENTED_EDGE('',*,*,#13539,.T.);
#13558=ORIENTED_EDGE('',*,*,#13557,.F.);
#13560=ORIENTED_EDGE('',*,*,#13559,.F.);
#13561=EDGE_LOOP('',(#13553,#13554,#13555,#13556,#13558,#13560));
#13562=FACE_OUTER_BOUND('',#13561,.F.);
#13563=ADVANCED_FACE('',(#13562),#13552,.F.);
#13564=CARTESIAN_POINT('',(1.295223927404E2,-4.075E1,-1.260570623948E2));
#13565=DIRECTION('',(0.E0,-1.E0,0.E0));
#13566=DIRECTION('',(0.E0,0.E0,-1.E0));
#13567=AXIS2_PLACEMENT_3D('',#13564,#13565,#13566);
#13568=CONICAL_SURFACE('',#13567,4.5E0,4.5E1);
#13569=ORIENTED_EDGE('',*,*,#13499,.F.);
#13570=ORIENTED_EDGE('',*,*,#13559,.T.);
#13571=ORIENTED_EDGE('',*,*,#13557,.T.);
#13573=ORIENTED_EDGE('',*,*,#13572,.T.);
#13574=ORIENTED_EDGE('',*,*,#13263,.F.);
#13575=ORIENTED_EDGE('',*,*,#13261,.F.);
#13576=EDGE_LOOP('',(#13569,#13570,#13571,#13573,#13574,#13575));
#13577=FACE_OUTER_BOUND('',#13576,.F.);
#13578=ADVANCED_FACE('',(#13577),#13568,.F.);
#13579=CARTESIAN_POINT('',(1.26E2,-4.075E1,-9.4E1));
#13580=DIRECTION('',(0.E0,-1.E0,0.E0));
#13581=DIRECTION('',(0.E0,0.E0,-1.E0));
#13582=AXIS2_PLACEMENT_3D('',#13579,#13580,#13581);
#13583=CONICAL_SURFACE('',#13582,3.675E1,4.5E1);
#13584=ORIENTED_EDGE('',*,*,#13572,.F.);
#13585=ORIENTED_EDGE('',*,*,#13543,.T.);
#13586=ORIENTED_EDGE('',*,*,#13482,.F.);
#13587=ORIENTED_EDGE('',*,*,#13265,.F.);
#13588=EDGE_LOOP('',(#13584,#13585,#13586,#13587));
#13589=FACE_OUTER_BOUND('',#13588,.F.);
#13590=ADVANCED_FACE('',(#13589),#13583,.F.);
#13591=CARTESIAN_POINT('',(8.356475521456E1,-2.924999999868E1,-1.185E2));
#13592=DIRECTION('',(0.E0,-1.E0,0.E0));
#13593=DIRECTION('',(0.E0,0.E0,-1.E0));
#13594=AXIS2_PLACEMENT_3D('',#13591,#13592,#13593);
#13595=CONICAL_SURFACE('',#13594,2.399999998684E0,4.5E1);
#13596=ORIENTED_EDGE('',*,*,#8220,.T.);
#13597=ORIENTED_EDGE('',*,*,#8204,.T.);
#13599=ORIENTED_EDGE('',*,*,#13598,.F.);
#13600=ORIENTED_EDGE('',*,*,#8201,.F.);
#13601=EDGE_LOOP('',(#13596,#13597,#13599,#13600));
#13602=FACE_OUTER_BOUND('',#13601,.F.);
#13603=ADVANCED_FACE('',(#13602),#13595,.F.);
#13604=CARTESIAN_POINT('',(8.356475521456E1,-3.35E1,-1.185E2));
#13605=DIRECTION('',(0.E0,1.E0,0.E0));
#13606=DIRECTION('',(0.E0,0.E0,1.E0));
#13607=AXIS2_PLACEMENT_3D('',#13604,#13605,#13606);
#13608=CYLINDRICAL_SURFACE('',#13607,2.15E0);
#13609=ORIENTED_EDGE('',*,*,#13598,.T.);
#13610=ORIENTED_EDGE('',*,*,#8189,.F.);
#13611=ORIENTED_EDGE('',*,*,#8174,.F.);
#13612=ORIENTED_EDGE('',*,*,#8186,.T.);
#13613=EDGE_LOOP('',(#13609,#13610,#13611,#13612));
#13614=FACE_OUTER_BOUND('',#13613,.F.);
#13615=ADVANCED_FACE('',(#13614),#13608,.F.);
#13616=CARTESIAN_POINT('',(1.213663201762E2,-2.85E1,-5.880370742123E1));
#13617=DIRECTION('',(9.914448613738E-1,0.E0,1.305261922201E-1));
#13618=DIRECTION('',(1.305261922201E-1,0.E0,-9.914448613738E-1));
#13619=AXIS2_PLACEMENT_3D('',#13616,#13617,#13618);
#13620=CYLINDRICAL_SURFACE('',#13619,3.E0);
#13622=ORIENTED_EDGE('',*,*,#13621,.F.);
#13623=ORIENTED_EDGE('',*,*,#7952,.F.);
#13624=ORIENTED_EDGE('',*,*,#7920,.F.);
#13626=ORIENTED_EDGE('',*,*,#13625,.F.);
#13628=ORIENTED_EDGE('',*,*,#13627,.F.);
#13629=EDGE_LOOP('',(#13622,#13623,#13624,#13626,#13628));
#13630=FACE_OUTER_BOUND('',#13629,.F.);
#13631=ADVANCED_FACE('',(#13630),#13620,.F.);
#13632=CARTESIAN_POINT('',(1.182213184209E2,-2.85E1,-5.518323891490E1));
#13633=DIRECTION('',(0.E0,-1.E0,0.E0));
#13634=DIRECTION('',(0.E0,0.E0,-1.E0));
#13635=AXIS2_PLACEMENT_3D('',#13632,#13633,#13634);
#13636=TOROIDAL_SURFACE('',#13635,4.E0,3.E0);
#13638=ORIENTED_EDGE('',*,*,#13637,.T.);
#13639=ORIENTED_EDGE('',*,*,#7956,.F.);
#13640=ORIENTED_EDGE('',*,*,#7954,.F.);
#13641=ORIENTED_EDGE('',*,*,#13621,.T.);
#13643=ORIENTED_EDGE('',*,*,#13642,.F.);
#13645=ORIENTED_EDGE('',*,*,#13644,.F.);
#13646=EDGE_LOOP('',(#13638,#13639,#13640,#13641,#13643,#13645));
#13647=FACE_OUTER_BOUND('',#13646,.F.);
#13648=ADVANCED_FACE('',(#13647),#13636,.F.);
#13649=CARTESIAN_POINT('',(1.153709836199E2,-2.85E1,-5.036601999024E1));
#13650=DIRECTION('',(-2.588190451025E-1,0.E0,-9.659258262891E-1));
#13651=DIRECTION('',(-9.659258262891E-1,0.E0,2.588190451025E-1));
#13652=AXIS2_PLACEMENT_3D('',#13649,#13650,#13651);
#13653=CYLINDRICAL_SURFACE('',#13652,3.E0);
#13655=ORIENTED_EDGE('',*,*,#13654,.F.);
#13656=ORIENTED_EDGE('',*,*,#7958,.F.);
#13657=ORIENTED_EDGE('',*,*,#13637,.F.);
#13659=ORIENTED_EDGE('',*,*,#13658,.F.);
#13660=EDGE_LOOP('',(#13655,#13656,#13657,#13659));
#13661=FACE_OUTER_BOUND('',#13660,.F.);
#13662=ADVANCED_FACE('',(#13661),#13653,.F.);
#13663=CARTESIAN_POINT('',(1.200105610547E2,-2.85E1,-4.850569449855E1));
#13664=DIRECTION('',(0.E0,-1.E0,0.E0));
#13665=DIRECTION('',(0.E0,0.E0,-1.E0));
#13666=AXIS2_PLACEMENT_3D('',#13663,#13664,#13665);
#13667=TOROIDAL_SURFACE('',#13666,4.E0,3.E0);
#13668=ORIENTED_EDGE('',*,*,#13654,.T.);
#13670=ORIENTED_EDGE('',*,*,#13669,.F.);
#13672=ORIENTED_EDGE('',*,*,#13671,.F.);
#13674=ORIENTED_EDGE('',*,*,#13673,.T.);
#13675=ORIENTED_EDGE('',*,*,#7962,.F.);
#13676=ORIENTED_EDGE('',*,*,#7960,.F.);
#13677=EDGE_LOOP('',(#13668,#13670,#13672,#13674,#13675,#13676));
#13678=FACE_OUTER_BOUND('',#13677,.F.);
#13679=ADVANCED_FACE('',(#13678),#13667,.F.);
#13680=CARTESIAN_POINT('',(0.E0,-2.875E1,-9.4E1));
#13681=DIRECTION('',(0.E0,-1.E0,0.E0));
#13682=DIRECTION('',(1.E0,0.E0,0.E0));
#13683=AXIS2_PLACEMENT_3D('',#13680,#13681,#13682);
#13684=PLANE('',#13683);
#13686=ORIENTED_EDGE('',*,*,#13685,.T.);
#13688=ORIENTED_EDGE('',*,*,#13687,.T.);
#13689=ORIENTED_EDGE('',*,*,#13671,.T.);
#13690=ORIENTED_EDGE('',*,*,#13669,.T.);
#13691=ORIENTED_EDGE('',*,*,#13658,.T.);
#13692=ORIENTED_EDGE('',*,*,#13644,.T.);
#13693=ORIENTED_EDGE('',*,*,#13642,.T.);
#13694=ORIENTED_EDGE('',*,*,#13627,.T.);
#13695=EDGE_LOOP('',(#13686,#13688,#13689,#13690,#13691,#13692,#13693,#13694));
#13696=FACE_OUTER_BOUND('',#13695,.F.);
#13697=ADVANCED_FACE('',(#13696),#13684,.F.);
#13698=CARTESIAN_POINT('',(1.234671123937E2,-2.85E1,-5.449261703657E1));
#13699=DIRECTION('',(0.E0,-1.E0,0.E0));
#13700=DIRECTION('',(0.E0,0.E0,-1.E0));
#13701=AXIS2_PLACEMENT_3D('',#13698,#13699,#13700);
#13702=TOROIDAL_SURFACE('',#13701,4.E0,3.E0);
#13703=ORIENTED_EDGE('',*,*,#13625,.T.);
#13704=ORIENTED_EDGE('',*,*,#7966,.F.);
#13706=ORIENTED_EDGE('',*,*,#13705,.T.);
#13707=ORIENTED_EDGE('',*,*,#13685,.F.);
#13708=EDGE_LOOP('',(#13703,#13704,#13706,#13707));
#13709=FACE_OUTER_BOUND('',#13708,.F.);
#13710=ADVANCED_FACE('',(#13709),#13702,.F.);
#13711=CARTESIAN_POINT('',(1.249735363894E2,-2.85E1,-4.910181993493E1));
#13712=DIRECTION('',(-5.E-1,0.E0,8.660254037844E-1));
#13713=DIRECTION('',(8.660254037844E-1,0.E0,5.E-1));
#13714=AXIS2_PLACEMENT_3D('',#13711,#13712,#13713);
#13715=CYLINDRICAL_SURFACE('',#13714,3.E0);
#13716=ORIENTED_EDGE('',*,*,#13673,.F.);
#13717=ORIENTED_EDGE('',*,*,#13687,.F.);
#13718=ORIENTED_EDGE('',*,*,#13705,.F.);
#13719=ORIENTED_EDGE('',*,*,#7964,.F.);
#13720=EDGE_LOOP('',(#13716,#13717,#13718,#13719));
#13721=FACE_OUTER_BOUND('',#13720,.F.);
#13722=ADVANCED_FACE('',(#13721),#13715,.F.);
#13726=DIMENSIONAL_EXPONENTS(0.E0,0.E0,0.E0,0.E0,0.E0,0.E0,0.E0);
#13728=PLANE_ANGLE_MEASURE_WITH_UNIT(PLANE_ANGLE_MEASURE(1.745329251994E-2),
#13727);
#13729=(CONVERSION_BASED_UNIT('DEGREE',#13728)NAMED_UNIT(*)PLANE_ANGLE_UNIT());
#13731=UNCERTAINTY_MEASURE_WITH_UNIT(LENGTH_MEASURE(2.645946764021E-2),#13725,
'closure',
'Maximum model space distance between geometric entities at asserted connectivities');
#13732=(GEOMETRIC_REPRESENTATION_CONTEXT(3)GLOBAL_UNCERTAINTY_ASSIGNED_CONTEXT((
#13731))GLOBAL_UNIT_ASSIGNED_CONTEXT((#13725,#13729,#13730))REPRESENTATION_CONTEXT('ID1','3'));
#13734=APPLICATION_CONTEXT(
'CONFIGURATION CONTROLLED 3D DESIGNS OF MECHANICAL PARTS AND ASSEMBLIES');
#13735=APPLICATION_PROTOCOL_DEFINITION('international standard',
'config_control_design',1994,#13734);
#13736=DESIGN_CONTEXT('',#13734,'design');
#13737=MECHANICAL_CONTEXT('',#13734,'mechanical');
#13738=PRODUCT('KD-D-201L_UPPERTHIGH_DRIVE_1','KD-D-201L_UPPERTHIGH_DRIVE_1',
'NOT SPECIFIED',(#13737));
#13739=PRODUCT_DEFINITION_FORMATION_WITH_SPECIFIED_SOURCE('2','LAST_VERSION',
#13738,.MADE.);
#13743=PRODUCT_CATEGORY('part','');
#13744=PRODUCT_RELATED_PRODUCT_CATEGORY('detail','',(#13738));
#13745=PRODUCT_CATEGORY_RELATIONSHIP('','',#13743,#13744);
#13746=SECURITY_CLASSIFICATION_LEVEL('unclassified');
#13747=SECURITY_CLASSIFICATION('','',#13746);
#13748=CC_DESIGN_SECURITY_CLASSIFICATION(#13747,(#13739));
#13749=APPROVAL_STATUS('approved');
#13750=APPROVAL(#13749,'');
#13751=CC_DESIGN_APPROVAL(#13750,(#13747,#13739,#13740));
#13752=CALENDAR_DATE(125,12,7);
#13753=COORDINATED_UNIVERSAL_TIME_OFFSET(8,0,.AHEAD.);
#13754=LOCAL_TIME(15,35,2.2E1,#13753);
#13755=DATE_AND_TIME(#13752,#13754);
#13756=APPROVAL_DATE_TIME(#13755,#13750);
#13757=DATE_TIME_ROLE('creation_date');
#13758=CC_DESIGN_DATE_AND_TIME_ASSIGNMENT(#13755,#13757,(#13740));
#13759=DATE_TIME_ROLE('classification_date');
#13760=CC_DESIGN_DATE_AND_TIME_ASSIGNMENT(#13755,#13759,(#13747));
#13761=PERSON('UNSPECIFIED','UNSPECIFIED',$,$,$,$);
#13762=ORGANIZATION('UNSPECIFIED','UNSPECIFIED','UNSPECIFIED');
#13763=PERSON_AND_ORGANIZATION(#13761,#13762);
#13764=APPROVAL_ROLE('approver');
#13765=APPROVAL_PERSON_ORGANIZATION(#13763,#13750,#13764);
#13766=PERSON_AND_ORGANIZATION_ROLE('creator');
#13767=CC_DESIGN_PERSON_AND_ORGANIZATION_ASSIGNMENT(#13763,#13766,(#13739,
#13740));
#13768=PERSON_AND_ORGANIZATION_ROLE('design_supplier');
#13769=CC_DESIGN_PERSON_AND_ORGANIZATION_ASSIGNMENT(#13763,#13768,(#13739));
#13770=PERSON_AND_ORGANIZATION_ROLE('classification_officer');
#13771=CC_DESIGN_PERSON_AND_ORGANIZATION_ASSIGNMENT(#13763,#13770,(#13747));
#13772=PERSON_AND_ORGANIZATION_ROLE('design_owner');
#13773=CC_DESIGN_PERSON_AND_ORGANIZATION_ASSIGNMENT(#13763,#13772,(#13738));
#35=B_SPLINE_CURVE_WITH_KNOTS('',3,(#1,#2,#3,#4,#5,#6,#7,#8,#9,#10,#11,#12,#13,
#14,#15,#16,#17,#18,#19,#20,#21,#22,#23,#24,#25,#26,#27,#28,#29,#30,#31,#32,#33,
#34),.UNSPECIFIED.,.F.,.F.,(4,1,1,1,1,1,1,1,1,1,1,1,1,1,1,1,1,1,1,1,1,1,1,1,1,1,
1,1,1,1,1,4),(0.E0,3.225806451613E-2,6.451612903226E-2,9.677419354839E-2,
1.290322580645E-1,1.612903225806E-1,1.935483870968E-1,2.258064516129E-1,
2.580645161290E-1,2.903225806452E-1,3.225806451613E-1,3.548387096774E-1,
3.870967741935E-1,4.193548387097E-1,4.516129032258E-1,4.838709677419E-1,
5.161290322581E-1,5.483870967742E-1,5.806451612903E-1,6.129032258065E-1,
6.451612903226E-1,6.774193548387E-1,7.096774193548E-1,7.419354838710E-1,
7.741935483871E-1,8.064516129032E-1,8.387096774194E-1,8.709677419355E-1,
9.032258064516E-1,9.354838709677E-1,9.677419354839E-1,1.E0),.UNSPECIFIED.);
#40=CIRCLE('',#39,6.E0);
#45=CIRCLE('',#44,7.210777710742E1);
#63=B_SPLINE_CURVE_WITH_KNOTS('',3,(#46,#47,#48,#49,#50,#51,#52,#53,#54,#55,#56,
#57,#58,#59,#60,#61,#62),.UNSPECIFIED.,.F.,.F.,(4,1,1,1,1,1,1,1,1,1,1,1,1,1,4),(
0.E0,7.142857142857E-2,1.428571428571E-1,2.142857142857E-1,2.857142857143E-1,
3.571428571429E-1,4.285714285714E-1,5.E-1,5.714285714286E-1,6.428571428571E-1,
7.142857142857E-1,7.857142857143E-1,8.571428571429E-1,9.285714285714E-1,1.E0),
.UNSPECIFIED.);
#70=B_SPLINE_CURVE_WITH_KNOTS('',3,(#64,#65,#66,#67,#68,#69),.UNSPECIFIED.,.F.,
.F.,(4,1,1,4),(0.E0,3.333333333333E-1,6.666666666667E-1,1.E0),.UNSPECIFIED.);
#84=B_SPLINE_CURVE_WITH_KNOTS('',3,(#71,#72,#73,#74,#75,#76,#77,#78,#79,#80,#81,
#82,#83),.UNSPECIFIED.,.F.,.F.,(4,1,1,1,1,1,1,1,1,1,4),(0.E0,1.E-1,2.E-1,3.E-1,
4.E-1,5.E-1,6.E-1,7.E-1,8.E-1,9.E-1,1.E0),.UNSPECIFIED.);
#93=CIRCLE('',#92,8.599945421038E1);
#121=B_SPLINE_CURVE_WITH_KNOTS('',3,(#98,#99,#100,#101,#102,#103,#104,#105,#106,
#107,#108,#109,#110,#111,#112,#113,#114,#115,#116,#117,#118,#119,#120),
.UNSPECIFIED.,.F.,.F.,(4,1,1,1,1,1,1,1,1,1,1,1,1,1,1,1,1,1,1,1,4),(0.E0,5.E-2,
1.E-1,1.5E-1,2.E-1,2.5E-1,3.E-1,3.5E-1,4.E-1,4.5E-1,5.E-1,5.5E-1,6.E-1,6.5E-1,
7.E-1,7.5E-1,8.E-1,8.5E-1,9.E-1,9.5E-1,1.E0),.UNSPECIFIED.);
#135=B_SPLINE_CURVE_WITH_KNOTS('',3,(#122,#123,#124,#125,#126,#127,#128,#129,
#130,#131,#132,#133,#134),.UNSPECIFIED.,.F.,.F.,(4,1,1,1,1,1,1,1,1,1,4),(0.E0,
1.E-1,2.E-1,3.E-1,4.E-1,5.E-1,6.E-1,7.E-1,8.E-1,9.E-1,1.E0),.UNSPECIFIED.);
#142=B_SPLINE_CURVE_WITH_KNOTS('',3,(#136,#137,#138,#139,#140,#141),
.UNSPECIFIED.,.F.,.F.,(4,1,1,4),(0.E0,3.333333333333E-1,6.666666666667E-1,1.E0),
.UNSPECIFIED.);
#158=B_SPLINE_CURVE_WITH_KNOTS('',3,(#143,#144,#145,#146,#147,#148,#149,#150,
#151,#152,#153,#154,#155,#156,#157),.UNSPECIFIED.,.F.,.F.,(4,1,1,1,1,1,1,1,1,1,
1,1,4),(0.E0,8.333333333333E-2,1.666666666667E-1,2.5E-1,3.333333333333E-1,
4.166666666667E-1,5.E-1,5.833333333333E-1,6.666666666667E-1,7.5E-1,
8.333333333333E-1,9.166666666667E-1,1.E0),.UNSPECIFIED.);
#165=B_SPLINE_CURVE_WITH_KNOTS('',3,(#159,#160,#161,#162,#163,#164),
.UNSPECIFIED.,.F.,.F.,(4,1,1,4),(0.E0,3.333333333333E-1,6.666666666667E-1,1.E0),
.UNSPECIFIED.);
#179=B_SPLINE_CURVE_WITH_KNOTS('',3,(#166,#167,#168,#169,#170,#171,#172,#173,
#174,#175,#176,#177,#178),.UNSPECIFIED.,.F.,.F.,(4,1,1,1,1,1,1,1,1,1,4),(0.E0,
1.E-1,2.E-1,3.E-1,4.E-1,5.E-1,6.E-1,7.E-1,8.E-1,9.E-1,1.E0),.UNSPECIFIED.);
#186=B_SPLINE_CURVE_WITH_KNOTS('',3,(#180,#181,#182,#183,#184,#185),
.UNSPECIFIED.,.F.,.F.,(4,1,1,4),(0.E0,3.333333333333E-1,6.666666666667E-1,1.E0),
.UNSPECIFIED.);
#193=B_SPLINE_CURVE_WITH_KNOTS('',3,(#187,#188,#189,#190,#191,#192),
.UNSPECIFIED.,.F.,.F.,(4,1,1,4),(0.E0,3.333333333333E-1,6.666666666667E-1,1.E0),
.UNSPECIFIED.);
#198=CIRCLE('',#197,5.749832605316E1);
#203=CIRCLE('',#202,5.749832605316E1);
#228=B_SPLINE_CURVE_WITH_KNOTS('',3,(#204,#205,#206,#207,#208,#209,#210,#211,
#212,#213,#214,#215,#216,#217,#218,#219,#220,#221,#222,#223,#224,#225,#226,
#227),.UNSPECIFIED.,.F.,.F.,(4,1,1,1,1,1,1,1,1,1,1,1,1,1,1,1,1,1,1,1,1,4),(0.E0,
4.761904761905E-2,9.523809523810E-2,1.428571428571E-1,1.904761904762E-1,
2.380952380952E-1,2.857142857143E-1,3.333333333333E-1,3.809523809524E-1,
4.285714285714E-1,4.761904761905E-1,5.238095238095E-1,5.714285714286E-1,
6.190476190476E-1,6.666666666667E-1,7.142857142857E-1,7.619047619048E-1,
8.095238095238E-1,8.571428571429E-1,9.047619047619E-1,9.523809523810E-1,1.E0),
.UNSPECIFIED.);
#235=B_SPLINE_CURVE_WITH_KNOTS('',3,(#229,#230,#231,#232,#233,#234),
.UNSPECIFIED.,.F.,.F.,(4,1,1,4),(0.E0,3.333333333333E-1,6.666666666667E-1,1.E0),
.UNSPECIFIED.);
#244=B_SPLINE_CURVE_WITH_KNOTS('',3,(#236,#237,#238,#239,#240,#241,#242,#243),
.UNSPECIFIED.,.F.,.F.,(4,1,1,1,1,4),(0.E0,1.292069823702E-1,3.714556173795E-1,
6.137042523889E-1,8.559528873982E-1,1.E0),.UNSPECIFIED.);
#259=B_SPLINE_CURVE_WITH_KNOTS('',3,(#245,#246,#247,#248,#249,#250,#251,#252,
#253,#254,#255,#256,#257,#258),.UNSPECIFIED.,.F.,.F.,(4,1,1,1,1,1,1,1,1,1,1,4),(
0.E0,9.090909090909E-2,1.818181818182E-1,2.727272727273E-1,3.636363636364E-1,
4.545454545455E-1,5.454545454545E-1,6.363636363636E-1,7.272727272727E-1,
8.181818181818E-1,9.090909090909E-1,1.E0),.UNSPECIFIED.);
#266=B_SPLINE_CURVE_WITH_KNOTS('',3,(#260,#261,#262,#263,#264,#265),
.UNSPECIFIED.,.F.,.F.,(4,1,1,4),(0.E0,3.333333333333E-1,6.666666666667E-1,1.E0),
.UNSPECIFIED.);
#279=B_SPLINE_CURVE_WITH_KNOTS('',3,(#267,#268,#269,#270,#271,#272,#273,#274,
#275,#276,#277,#278),.UNSPECIFIED.,.F.,.F.,(4,1,1,1,1,1,1,1,1,4),(0.E0,
1.111111111111E-1,2.222222222222E-1,3.333333333333E-1,4.444444444444E-1,
5.555555555556E-1,6.666666666667E-1,7.777777777778E-1,8.888888888889E-1,1.E0),
.UNSPECIFIED.);
#294=B_SPLINE_CURVE_WITH_KNOTS('',3,(#288,#289,#290,#291,#292,#293),
.UNSPECIFIED.,.F.,.F.,(4,1,1,4),(0.E0,3.333333333333E-1,6.666666666667E-1,1.E0),
.UNSPECIFIED.);
#305=B_SPLINE_CURVE_WITH_KNOTS('',3,(#299,#300,#301,#302,#303,#304),
.UNSPECIFIED.,.F.,.F.,(4,1,1,4),(0.E0,3.333333333333E-1,6.666666666667E-1,1.E0),
.UNSPECIFIED.);
#327=B_SPLINE_CURVE_WITH_KNOTS('',3,(#314,#315,#316,#317,#318,#319,#320,#321,
#322,#323,#324,#325,#326),.UNSPECIFIED.,.F.,.F.,(4,1,1,1,1,1,1,1,1,1,4),(0.E0,
1.E-1,2.E-1,3.E-1,4.E-1,5.E-1,6.E-1,7.E-1,8.E-1,9.E-1,1.E0),.UNSPECIFIED.);
#353=B_SPLINE_CURVE_WITH_KNOTS('',3,(#340,#341,#342,#343,#344,#345,#346,#347,
#348,#349,#350,#351,#352),.UNSPECIFIED.,.F.,.F.,(4,1,1,1,1,1,1,1,1,1,4),(0.E0,
1.E-1,2.E-1,3.E-1,4.E-1,5.E-1,6.E-1,7.E-1,8.E-1,9.E-1,1.E0),.UNSPECIFIED.);
#364=B_SPLINE_CURVE_WITH_KNOTS('',3,(#358,#359,#360,#361,#362,#363),
.UNSPECIFIED.,.F.,.F.,(4,1,1,4),(0.E0,3.333333333333E-1,6.666666666667E-1,1.E0),
.UNSPECIFIED.);
#427=B_SPLINE_CURVE_WITH_KNOTS('',3,(#393,#394,#395,#396,#397,#398,#399,#400,
#401,#402,#403,#404,#405,#406,#407,#408,#409,#410,#411,#412,#413,#414,#415,#416,
#417,#418,#419,#420,#421,#422,#423,#424,#425,#426),.UNSPECIFIED.,.F.,.F.,(4,1,1,
1,1,1,1,1,1,1,1,1,1,1,1,1,1,1,1,1,1,1,1,1,1,1,1,1,1,1,1,4),(0.E0,
3.225806451613E-2,6.451612903226E-2,9.677419354839E-2,1.290322580645E-1,
1.612903225806E-1,1.935483870968E-1,2.258064516129E-1,2.580645161290E-1,
2.903225806452E-1,3.225806451613E-1,3.548387096774E-1,3.870967741935E-1,
4.193548387097E-1,4.516129032258E-1,4.838709677419E-1,5.161290322581E-1,
5.483870967742E-1,5.806451612903E-1,6.129032258065E-1,6.451612903226E-1,
6.774193548387E-1,7.096774193548E-1,7.419354838710E-1,7.741935483871E-1,
8.064516129032E-1,8.387096774194E-1,8.709677419355E-1,9.032258064516E-1,
9.354838709677E-1,9.677419354839E-1,1.E0),.UNSPECIFIED.);
#436=CIRCLE('',#435,6.E0);
#441=CIRCLE('',#440,7.210777710742E1);
#455=B_SPLINE_CURVE_WITH_KNOTS('',3,(#442,#443,#444,#445,#446,#447,#448,#449,
#450,#451,#452,#453,#454),.UNSPECIFIED.,.F.,.F.,(4,1,1,1,1,1,1,1,1,1,4),(0.E0,
1.E-1,2.E-1,3.E-1,4.E-1,5.E-1,6.E-1,7.E-1,8.E-1,9.E-1,1.E0),.UNSPECIFIED.);
#460=CIRCLE('',#459,7.210777710742E1);
#465=CIRCLE('',#464,6.E0);
#500=B_SPLINE_CURVE_WITH_KNOTS('',3,(#466,#467,#468,#469,#470,#471,#472,#473,
#474,#475,#476,#477,#478,#479,#480,#481,#482,#483,#484,#485,#486,#487,#488,#489,
#490,#491,#492,#493,#494,#495,#496,#497,#498,#499),.UNSPECIFIED.,.F.,.F.,(4,1,1,
1,1,1,1,1,1,1,1,1,1,1,1,1,1,1,1,1,1,1,1,1,1,1,1,1,1,1,1,4),(0.E0,
3.225806451613E-2,6.451612903226E-2,9.677419354839E-2,1.290322580645E-1,
1.612903225806E-1,1.935483870968E-1,2.258064516129E-1,2.580645161290E-1,
2.903225806452E-1,3.225806451613E-1,3.548387096774E-1,3.870967741935E-1,
4.193548387097E-1,4.516129032258E-1,4.838709677419E-1,5.161290322581E-1,
5.483870967742E-1,5.806451612903E-1,6.129032258065E-1,6.451612903226E-1,
6.774193548387E-1,7.096774193548E-1,7.419354838710E-1,7.741935483871E-1,
8.064516129032E-1,8.387096774194E-1,8.709677419355E-1,9.032258064516E-1,
9.354838709677E-1,9.677419354839E-1,1.E0),.UNSPECIFIED.);
#539=B_SPLINE_CURVE_WITH_KNOTS('',3,(#505,#506,#507,#508,#509,#510,#511,#512,
#513,#514,#515,#516,#517,#518,#519,#520,#521,#522,#523,#524,#525,#526,#527,#528,
#529,#530,#531,#532,#533,#534,#535,#536,#537,#538),.UNSPECIFIED.,.F.,.F.,(4,1,1,
1,1,1,1,1,1,1,1,1,1,1,1,1,1,1,1,1,1,1,1,1,1,1,1,1,1,1,1,4),(0.E0,
3.225806451613E-2,6.451612903226E-2,9.677419354839E-2,1.290322580645E-1,
1.612903225806E-1,1.935483870968E-1,2.258064516129E-1,2.580645161290E-1,
2.903225806452E-1,3.225806451613E-1,3.548387096774E-1,3.870967741935E-1,
4.193548387097E-1,4.516129032258E-1,4.838709677419E-1,5.161290322581E-1,
5.483870967742E-1,5.806451612903E-1,6.129032258065E-1,6.451612903226E-1,
6.774193548387E-1,7.096774193548E-1,7.419354838710E-1,7.741935483871E-1,
8.064516129032E-1,8.387096774194E-1,8.709677419355E-1,9.032258064516E-1,
9.354838709677E-1,9.677419354839E-1,1.E0),.UNSPECIFIED.);
#544=CIRCLE('',#543,7.210777710742E1);
#549=CIRCLE('',#548,6.E0);
#603=B_SPLINE_CURVE_WITH_KNOTS('',3,(#570,#571,#572,#573,#574,#575,#576,#577,
#578,#579,#580,#581,#582,#583,#584,#585,#586,#587,#588,#589,#590,#591,#592,#593,
#594,#595,#596,#597,#598,#599,#600,#601,#602),.UNSPECIFIED.,.F.,.F.,(4,1,1,1,1,
1,1,1,1,1,1,1,1,1,1,1,1,1,1,1,1,1,1,1,1,1,1,1,1,1,4),(0.E0,3.333333333333E-2,
6.666666666667E-2,1.E-1,1.333333333333E-1,1.666666666667E-1,2.E-1,
2.333333333333E-1,2.666666666667E-1,3.E-1,3.333333333333E-1,3.666666666667E-1,
4.E-1,4.333333333333E-1,4.666666666667E-1,5.E-1,5.333333333333E-1,
5.666666666667E-1,6.E-1,6.333333333333E-1,6.666666666667E-1,7.E-1,
7.333333333333E-1,7.666666666667E-1,8.E-1,8.333333333333E-1,8.666666666667E-1,
9.E-1,9.333333333333E-1,9.666666666667E-1,1.E0),.UNSPECIFIED.);
#608=CIRCLE('',#607,6.E0);
#613=CIRCLE('',#612,7.210777710742E1);
#628=B_SPLINE_CURVE_WITH_KNOTS('',3,(#622,#623,#624,#625,#626,#627),
.UNSPECIFIED.,.F.,.F.,(4,1,1,4),(0.E0,3.333333333333E-1,6.666666666667E-1,1.E0),
.UNSPECIFIED.);
#647=B_SPLINE_CURVE_WITH_KNOTS('',3,(#633,#634,#635,#636,#637,#638,#639,#640,
#641,#642,#643,#644,#645,#646),.UNSPECIFIED.,.F.,.F.,(4,1,1,1,1,1,1,1,1,1,1,4),(
0.E0,9.090909090909E-2,1.818181818182E-1,2.727272727273E-1,3.636363636364E-1,
4.545454545455E-1,5.454545454545E-1,6.363636363636E-1,7.272727272727E-1,
8.181818181818E-1,9.090909090909E-1,1.E0),.UNSPECIFIED.);
#666=B_SPLINE_CURVE_WITH_KNOTS('',3,(#652,#653,#654,#655,#656,#657,#658,#659,
#660,#661,#662,#663,#664,#665),.UNSPECIFIED.,.F.,.F.,(4,1,1,1,1,1,1,1,1,1,1,4),(
0.E0,9.090909090909E-2,1.818181818182E-1,2.727272727273E-1,3.636363636364E-1,
4.545454545455E-1,5.454545454545E-1,6.363636363636E-1,7.272727272727E-1,
8.181818181818E-1,9.090909090909E-1,1.E0),.UNSPECIFIED.);
#709=B_SPLINE_CURVE_WITH_KNOTS('',3,(#675,#676,#677,#678,#679,#680,#681,#682,
#683,#684,#685,#686,#687,#688,#689,#690,#691,#692,#693,#694,#695,#696,#697,#698,
#699,#700,#701,#702,#703,#704,#705,#706,#707,#708),.UNSPECIFIED.,.F.,.F.,(4,1,1,
1,1,1,1,1,1,1,1,1,1,1,1,1,1,1,1,1,1,1,1,1,1,1,1,1,1,1,1,4),(0.E0,
3.225806451613E-2,6.451612903226E-2,9.677419354839E-2,1.290322580645E-1,
1.612903225806E-1,1.935483870968E-1,2.258064516129E-1,2.580645161290E-1,
2.903225806452E-1,3.225806451613E-1,3.548387096774E-1,3.870967741935E-1,
4.193548387097E-1,4.516129032258E-1,4.838709677419E-1,5.161290322581E-1,
5.483870967742E-1,5.806451612903E-1,6.129032258065E-1,6.451612903226E-1,
6.774193548387E-1,7.096774193548E-1,7.419354838710E-1,7.741935483871E-1,
8.064516129032E-1,8.387096774194E-1,8.709677419355E-1,9.032258064516E-1,
9.354838709677E-1,9.677419354839E-1,1.E0),.UNSPECIFIED.);
#714=CIRCLE('',#713,7.210777710742E1);
#719=CIRCLE('',#718,6.E0);
#740=CIRCLE('',#739,7.210777710742E1);
#745=CIRCLE('',#744,6.E0);
#780=B_SPLINE_CURVE_WITH_KNOTS('',3,(#746,#747,#748,#749,#750,#751,#752,#753,
#754,#755,#756,#757,#758,#759,#760,#761,#762,#763,#764,#765,#766,#767,#768,#769,
#770,#771,#772,#773,#774,#775,#776,#777,#778,#779),.UNSPECIFIED.,.F.,.F.,(4,1,1,
1,1,1,1,1,1,1,1,1,1,1,1,1,1,1,1,1,1,1,1,1,1,1,1,1,1,1,1,4),(0.E0,
3.225806451613E-2,6.451612903226E-2,9.677419354839E-2,1.290322580645E-1,
1.612903225806E-1,1.935483870968E-1,2.258064516129E-1,2.580645161290E-1,
2.903225806452E-1,3.225806451613E-1,3.548387096774E-1,3.870967741935E-1,
4.193548387097E-1,4.516129032258E-1,4.838709677419E-1,5.161290322581E-1,
5.483870967742E-1,5.806451612903E-1,6.129032258065E-1,6.451612903226E-1,
6.774193548387E-1,7.096774193548E-1,7.419354838710E-1,7.741935483871E-1,
8.064516129032E-1,8.387096774194E-1,8.709677419355E-1,9.032258064516E-1,
9.354838709677E-1,9.677419354839E-1,1.E0),.UNSPECIFIED.);
#794=B_SPLINE_CURVE_WITH_KNOTS('',3,(#781,#782,#783,#784,#785,#786,#787,#788,
#789,#790,#791,#792,#793),.UNSPECIFIED.,.F.,.F.,(4,1,1,1,1,1,1,1,1,1,4),(0.E0,
1.E-1,2.E-1,3.E-1,4.E-1,5.E-1,6.E-1,7.E-1,8.E-1,9.E-1,1.E0),.UNSPECIFIED.);
#805=B_SPLINE_CURVE_WITH_KNOTS('',3,(#799,#800,#801,#802,#803,#804),
.UNSPECIFIED.,.F.,.F.,(4,1,1,4),(0.E0,3.333333333333E-1,6.666666666667E-1,1.E0),
.UNSPECIFIED.);
#827=B_SPLINE_CURVE_WITH_KNOTS('',3,(#814,#815,#816,#817,#818,#819,#820,#821,
#822,#823,#824,#825,#826),.UNSPECIFIED.,.F.,.F.,(4,1,1,1,1,1,1,1,1,1,4),(0.E0,
1.E-1,2.E-1,3.E-1,4.E-1,5.E-1,6.E-1,7.E-1,8.E-1,9.E-1,1.E0),.UNSPECIFIED.);
#838=B_SPLINE_CURVE_WITH_KNOTS('',3,(#832,#833,#834,#835,#836,#837),
.UNSPECIFIED.,.F.,.F.,(4,1,1,4),(0.E0,3.333333333333E-1,6.666666666667E-1,1.E0),
.UNSPECIFIED.);
#869=B_SPLINE_CURVE_WITH_KNOTS('',3,(#863,#864,#865,#866,#867,#868),
.UNSPECIFIED.,.F.,.F.,(4,1,1,4),(0.E0,3.333333333333E-1,6.666666666667E-1,1.E0),
.UNSPECIFIED.);
#876=B_SPLINE_CURVE_WITH_KNOTS('',3,(#870,#871,#872,#873,#874,#875),
.UNSPECIFIED.,.F.,.F.,(4,1,1,4),(0.E0,3.333333333333E-1,6.666666666667E-1,1.E0),
.UNSPECIFIED.);
#887=B_SPLINE_CURVE_WITH_KNOTS('',3,(#881,#882,#883,#884,#885,#886),
.UNSPECIFIED.,.F.,.F.,(4,1,1,4),(0.E0,3.333333333333E-1,6.666666666667E-1,1.E0),
.UNSPECIFIED.);
#897=B_SPLINE_CURVE_WITH_KNOTS('',3,(#888,#889,#890,#891,#892,#893,#894,#895,
#896),.UNSPECIFIED.,.F.,.F.,(4,1,1,1,1,1,4),(0.E0,1.666666666667E-1,
3.333333333333E-1,5.E-1,6.666666666667E-1,8.333333333333E-1,1.E0),
.UNSPECIFIED.);
#911=B_SPLINE_CURVE_WITH_KNOTS('',3,(#898,#899,#900,#901,#902,#903,#904,#905,
#906,#907,#908,#909,#910),.UNSPECIFIED.,.F.,.F.,(4,1,1,1,1,1,1,1,1,1,4),(0.E0,
1.E-1,2.E-1,3.E-1,4.E-1,5.E-1,6.E-1,7.E-1,8.E-1,9.E-1,1.E0),.UNSPECIFIED.);
#918=B_SPLINE_CURVE_WITH_KNOTS('',3,(#912,#913,#914,#915,#916,#917),
.UNSPECIFIED.,.F.,.F.,(4,1,1,4),(0.E0,3.333333333333E-1,6.666666666667E-1,1.E0),
.UNSPECIFIED.);
#925=B_SPLINE_CURVE_WITH_KNOTS('',3,(#919,#920,#921,#922,#923,#924),
.UNSPECIFIED.,.F.,.F.,(4,1,1,4),(0.E0,3.333333333333E-1,6.666666666667E-1,1.E0),
.UNSPECIFIED.);
#936=B_SPLINE_CURVE_WITH_KNOTS('',3,(#930,#931,#932,#933,#934,#935),
.UNSPECIFIED.,.F.,.F.,(4,1,1,4),(0.E0,3.333333333333E-1,6.666666666667E-1,1.E0),
.UNSPECIFIED.);
#960=B_SPLINE_CURVE_WITH_KNOTS('',3,(#945,#946,#947,#948,#949,#950,#951,#952,
#953,#954,#955,#956,#957,#958,#959),.UNSPECIFIED.,.F.,.F.,(4,1,1,1,1,1,1,1,1,1,
1,1,4),(0.E0,8.333333333333E-2,1.666666666667E-1,2.5E-1,3.333333333333E-1,
4.166666666667E-1,5.E-1,5.833333333333E-1,6.666666666667E-1,7.5E-1,
8.333333333333E-1,9.166666666667E-1,1.E0),.UNSPECIFIED.);
#965=B_SPLINE_CURVE_WITH_KNOTS('',3,(#961,#962,#963,#964),.UNSPECIFIED.,.F.,.F.,
(4,4),(0.E0,1.E0),.UNSPECIFIED.);
#972=B_SPLINE_CURVE_WITH_KNOTS('',3,(#966,#967,#968,#969,#970,#971),
.UNSPECIFIED.,.F.,.F.,(4,1,1,4),(0.E0,3.333333333333E-1,6.666666666667E-1,1.E0),
.UNSPECIFIED.);
#981=B_SPLINE_CURVE_WITH_KNOTS('',3,(#973,#974,#975,#976,#977,#978,#979,#980),
.UNSPECIFIED.,.F.,.F.,(4,1,1,1,1,4),(0.E0,2.E-1,4.E-1,6.E-1,8.E-1,1.E0),
.UNSPECIFIED.);
#994=CIRCLE('',#993,3.000000000014E0);
#999=CIRCLE('',#998,4.999999999987E0);
#1004=CIRCLE('',#1003,4.999999999987E0);
#1009=CIRCLE('',#1008,3.000000000014E0);
#1018=CIRCLE('',#1017,5.E0);
#1023=CIRCLE('',#1022,5.125E0);
#1028=CIRCLE('',#1027,5.125E0);
#1033=CIRCLE('',#1032,5.125E0);
#1038=CIRCLE('',#1037,5.125E0);
#1043=CIRCLE('',#1042,5.E0);
#1048=CIRCLE('',#1047,5.E0);
#1057=CIRCLE('',#1056,5.35E1);
#1062=CIRCLE('',#1061,5.E0);
#1067=CIRCLE('',#1066,2.15E0);
#1072=CIRCLE('',#1071,2.15E0);
#1085=CIRCLE('',#1084,5.125E0);
#1090=CIRCLE('',#1089,5.125E0);
#1095=CIRCLE('',#1094,5.125E0);
#1100=CIRCLE('',#1099,5.75E1);
#1105=CIRCLE('',#1104,5.75E1);
#1114=CIRCLE('',#1113,1.999999999913E0);
#1119=CIRCLE('',#1118,1.999999999915E0);
#1124=CIRCLE('',#1123,8.125E0);
#1129=CIRCLE('',#1128,8.125E0);
#1134=CIRCLE('',#1133,8.125E0);
#1139=CIRCLE('',#1138,8.125E0);
#1144=CIRCLE('',#1143,1.999999999953E0);
#1149=CIRCLE('',#1148,5.05E1);
#1154=CIRCLE('',#1153,1.999999999985E0);
#1159=CIRCLE('',#1158,1.999999999985E0);
#1164=CIRCLE('',#1163,8.125E0);
#1169=CIRCLE('',#1168,8.125E0);
#1174=CIRCLE('',#1173,2.000000000053E0);
#1179=CIRCLE('',#1178,5.05E1);
#1184=CIRCLE('',#1183,1.999999999997E0);
#1189=CIRCLE('',#1188,2.000000000041E0);
#1194=CIRCLE('',#1193,8.125E0);
#1199=CIRCLE('',#1198,8.125E0);
#1204=CIRCLE('',#1203,2.000000000038E0);
#1209=CIRCLE('',#1208,5.05E1);
#1214=CIRCLE('',#1213,5.05E1);
#1219=CIRCLE('',#1218,1.999999999951E0);
#1224=CIRCLE('',#1223,8.125E0);
#1229=CIRCLE('',#1228,8.125E0);
#1234=CIRCLE('',#1233,1.999999999989E0);
#1239=CIRCLE('',#1238,1.999999999989E0);
#1244=CIRCLE('',#1243,5.05E1);
#1249=CIRCLE('',#1248,2.000000000008E0);
#1254=CIRCLE('',#1253,8.125E0);
#1259=CIRCLE('',#1258,8.125E0);
#1264=CIRCLE('',#1263,1.999999999995E0);
#1269=CIRCLE('',#1268,2.E0);
#1274=CIRCLE('',#1273,5.05E1);
#1279=CIRCLE('',#1278,1.999999999999E0);
#1284=CIRCLE('',#1283,5.300059138620E0);
#1293=B_SPLINE_CURVE_WITH_KNOTS('',3,(#1285,#1286,#1287,#1288,#1289,#1290,#1291,
#1292),.UNSPECIFIED.,.F.,.F.,(4,1,1,1,1,4),(0.E0,2.E-1,4.E-1,6.E-1,8.E-1,1.E0),
.UNSPECIFIED.);
#1298=CIRCLE('',#1297,5.05E1);
#1303=CIRCLE('',#1302,1.999999999951E0);
#1308=CIRCLE('',#1307,8.125E0);
#1313=CIRCLE('',#1312,8.125E0);
#1318=CIRCLE('',#1317,2.000000000020E0);
#1323=CIRCLE('',#1322,5.05E1);
#1328=CIRCLE('',#1327,6.E0);
#1337=CIRCLE('',#1336,8.125E0);
#1342=CIRCLE('',#1341,8.125E0);
#1347=CIRCLE('',#1346,8.125E0);
#1352=CIRCLE('',#1351,8.125E0);
#1361=CIRCLE('',#1360,3.55E1);
#1366=CIRCLE('',#1365,3.55E1);
#1371=CIRCLE('',#1370,6.683425697066E0);
#1376=CIRCLE('',#1375,6.683425697066E0);
#1385=CIRCLE('',#1384,3.E0);
#1390=CIRCLE('',#1389,3.E0);
#1395=CIRCLE('',#1394,2.5E1);
#1400=CIRCLE('',#1399,2.5E1);
#1405=CIRCLE('',#1404,3.E0);
#1410=CIRCLE('',#1409,3.E0);
#1419=CIRCLE('',#1418,6.707746478873E0);
#1424=CIRCLE('',#1423,6.707746478873E0);
#1429=CIRCLE('',#1428,3.55E1);
#1438=CIRCLE('',#1437,4.E0);
#1443=CIRCLE('',#1442,4.E0);
#1452=CIRCLE('',#1451,4.E0);
#1457=CIRCLE('',#1456,4.E0);
#1466=CIRCLE('',#1465,4.E0);
#1471=CIRCLE('',#1470,3.65E1);
#1476=CIRCLE('',#1475,4.25E0);
#1481=CIRCLE('',#1480,4.25E0);
#1486=CIRCLE('',#1485,2.8E1);
#1491=CIRCLE('',#1490,4.25E0);
#1496=CIRCLE('',#1495,4.25E0);
#1501=CIRCLE('',#1500,4.25E0);
#1506=CIRCLE('',#1505,4.25E0);
#1511=CIRCLE('',#1510,2.8E1);
#1516=CIRCLE('',#1515,4.25E0);
#1521=CIRCLE('',#1520,4.25E0);
#1526=CIRCLE('',#1525,3.65E1);
#1531=CIRCLE('',#1530,3.000000000007E0);
#1536=CIRCLE('',#1535,5.000000000006E0);
#1541=CIRCLE('',#1540,5.000000000006E0);
#1546=CIRCLE('',#1545,3.000000000007E0);
#1551=CIRCLE('',#1550,5.35E1);
#1600=CIRCLE('',#1599,5.E0);
#1605=CIRCLE('',#1604,5.125E0);
#1610=CIRCLE('',#1609,5.125E0);
#1615=CIRCLE('',#1614,5.E0);
#1620=CIRCLE('',#1619,5.E0);
#1625=CIRCLE('',#1624,5.35E1);
#1630=CIRCLE('',#1629,2.15E0);
#1635=CIRCLE('',#1634,2.15E0);
#1640=CIRCLE('',#1639,2.15E0);
#1653=CIRCLE('',#1652,4.125E0);
#1658=CIRCLE('',#1657,4.125E0);
#1663=CIRCLE('',#1662,2.65E0);
#1668=CIRCLE('',#1667,2.65E0);
#1681=CIRCLE('',#1680,5.6E1);
#1690=CIRCLE('',#1689,5.599822376541E1);
#1695=CIRCLE('',#1694,5.6E1);
#1700=CIRCLE('',#1699,4.125E0);
#1705=CIRCLE('',#1704,4.125E0);
#1710=CIRCLE('',#1709,4.125E0);
#1715=CIRCLE('',#1714,4.125E0);
#1720=CIRCLE('',#1719,4.125E0);
#1725=CIRCLE('',#1724,4.125E0);
#1730=CIRCLE('',#1729,4.125E0);
#1735=CIRCLE('',#1734,4.125E0);
#1740=CIRCLE('',#1739,4.125E0);
#1745=CIRCLE('',#1744,4.125E0);
#1750=CIRCLE('',#1749,4.125E0);
#1755=CIRCLE('',#1754,4.125E0);
#1760=CIRCLE('',#1759,4.125E0);
#1765=CIRCLE('',#1764,4.125E0);
#1770=CIRCLE('',#1769,4.125E0);
#1775=CIRCLE('',#1774,4.125E0);
#1784=CIRCLE('',#1783,6.683425697066E0);
#1789=CIRCLE('',#1788,6.683425697066E0);
#1794=CIRCLE('',#1793,3.55E1);
#1799=CIRCLE('',#1798,3.55E1);
#1804=CIRCLE('',#1803,6.707746478873E0);
#1809=CIRCLE('',#1808,6.707746478873E0);
#1818=CIRCLE('',#1817,2.E0);
#1823=CIRCLE('',#1822,3.95E1);
#1828=CIRCLE('',#1827,3.95E1);
#1833=CIRCLE('',#1832,2.E0);
#1858=CIRCLE('',#1857,5.6E1);
#1863=CIRCLE('',#1862,5.6E1);
#1876=CIRCLE('',#1875,4.E0);
#1885=CIRCLE('',#1884,3.E0);
#1890=CIRCLE('',#1889,3.E0);
#1895=CIRCLE('',#1894,3.5E0);
#1900=CIRCLE('',#1899,3.5E0);
#1909=CIRCLE('',#1908,3.E0);
#1914=CIRCLE('',#1913,3.E0);
#1923=CIRCLE('',#1922,3.E0);
#1928=CIRCLE('',#1927,5.35E1);
#1933=CIRCLE('',#1932,5.35E1);
#1942=CIRCLE('',#1941,3.E0);
#1947=CIRCLE('',#1946,3.E0);
#1952=CIRCLE('',#1951,3.E0);
#1957=CIRCLE('',#1956,3.E0);
#1966=CIRCLE('',#1965,3.5E0);
#1971=CIRCLE('',#1970,3.5E0);
#1976=CIRCLE('',#1975,3.E0);
#1981=CIRCLE('',#1980,3.E0);
#1990=CIRCLE('',#1989,2.E0);
#1995=CIRCLE('',#1994,2.E0);
#2000=CIRCLE('',#1999,2.E0);
#2005=CIRCLE('',#2004,2.E0);
#2010=CIRCLE('',#2009,2.15E0);
#2015=CIRCLE('',#2014,2.15E0);
#2020=CIRCLE('',#2019,2.15E0);
#2025=CIRCLE('',#2024,2.15E0);
#2034=CIRCLE('',#2033,4.E0);
#2098=B_SPLINE_CURVE_WITH_KNOTS('',3,(#2043,#2044,#2045,#2046,#2047,#2048,#2049,
#2050,#2051,#2052,#2053,#2054,#2055,#2056,#2057,#2058,#2059,#2060,#2061,#2062,
#2063,#2064,#2065,#2066,#2067,#2068,#2069,#2070,#2071,#2072,#2073,#2074,#2075,
#2076,#2077,#2078,#2079,#2080,#2081,#2082,#2083,#2084,#2085,#2086,#2087,#2088,
#2089,#2090,#2091,#2092,#2093,#2094,#2095,#2096,#2097),.UNSPECIFIED.,.F.,.F.,(4,
1,1,1,1,1,1,1,1,1,1,1,1,1,1,1,1,1,1,1,1,1,1,1,1,1,1,1,1,1,1,1,1,1,1,1,1,1,1,1,1,
1,1,1,1,1,1,1,1,1,1,1,4),(0.E0,1.923076923077E-2,3.846153846154E-2,
5.769230769231E-2,7.692307692308E-2,9.615384615385E-2,1.153846153846E-1,
1.346153846154E-1,1.538461538462E-1,1.730769230769E-1,1.923076923077E-1,
2.115384615385E-1,2.307692307692E-1,2.5E-1,2.692307692308E-1,2.884615384615E-1,
3.076923076923E-1,3.269230769231E-1,3.461538461538E-1,3.653846153846E-1,
3.846153846154E-1,4.038461538462E-1,4.230769230769E-1,4.423076923077E-1,
4.615384615385E-1,4.807692307692E-1,5.E-1,5.192307692308E-1,5.384615384615E-1,
5.576923076923E-1,5.769230769231E-1,5.961538461538E-1,6.153846153846E-1,
6.346153846154E-1,6.538461538462E-1,6.730769230769E-1,6.923076923077E-1,
7.115384615385E-1,7.307692307692E-1,7.5E-1,7.692307692308E-1,7.884615384615E-1,
8.076923076923E-1,8.269230769231E-1,8.461538461538E-1,8.653846153846E-1,
8.846153846154E-1,9.038461538462E-1,9.230769230769E-1,9.423076923077E-1,
9.615384615385E-1,9.807692307692E-1,1.E0),.UNSPECIFIED.);
#2158=B_SPLINE_CURVE_WITH_KNOTS('',3,(#2103,#2104,#2105,#2106,#2107,#2108,#2109,
#2110,#2111,#2112,#2113,#2114,#2115,#2116,#2117,#2118,#2119,#2120,#2121,#2122,
#2123,#2124,#2125,#2126,#2127,#2128,#2129,#2130,#2131,#2132,#2133,#2134,#2135,
#2136,#2137,#2138,#2139,#2140,#2141,#2142,#2143,#2144,#2145,#2146,#2147,#2148,
#2149,#2150,#2151,#2152,#2153,#2154,#2155,#2156,#2157),.UNSPECIFIED.,.F.,.F.,(4,
1,1,1,1,1,1,1,1,1,1,1,1,1,1,1,1,1,1,1,1,1,1,1,1,1,1,1,1,1,1,1,1,1,1,1,1,1,1,1,1,
1,1,1,1,1,1,1,1,1,1,1,4),(0.E0,1.923076923077E-2,3.846153846154E-2,
5.769230769231E-2,7.692307692308E-2,9.615384615385E-2,1.153846153846E-1,
1.346153846154E-1,1.538461538462E-1,1.730769230769E-1,1.923076923077E-1,
2.115384615385E-1,2.307692307692E-1,2.5E-1,2.692307692308E-1,2.884615384615E-1,
3.076923076923E-1,3.269230769231E-1,3.461538461538E-1,3.653846153846E-1,
3.846153846154E-1,4.038461538462E-1,4.230769230769E-1,4.423076923077E-1,
4.615384615385E-1,4.807692307692E-1,5.E-1,5.192307692308E-1,5.384615384615E-1,
5.576923076923E-1,5.769230769231E-1,5.961538461538E-1,6.153846153846E-1,
6.346153846154E-1,6.538461538462E-1,6.730769230769E-1,6.923076923077E-1,
7.115384615385E-1,7.307692307692E-1,7.5E-1,7.692307692308E-1,7.884615384615E-1,
8.076923076923E-1,8.269230769231E-1,8.461538461538E-1,8.653846153846E-1,
8.846153846154E-1,9.038461538462E-1,9.230769230769E-1,9.423076923077E-1,
9.615384615385E-1,9.807692307692E-1,1.E0),.UNSPECIFIED.);
#2175=CIRCLE('',#2174,4.E0);
#2184=CIRCLE('',#2183,4.E0);
#2193=CIRCLE('',#2192,4.E0);
#2198=CIRCLE('',#2197,3.55E1);
#2203=CIRCLE('',#2202,3.55E1);
#2208=CIRCLE('',#2207,4.125E0);
#2213=CIRCLE('',#2212,4.125E0);
#2218=CIRCLE('',#2217,4.125E0);
#2223=CIRCLE('',#2222,4.125E0);
#2228=CIRCLE('',#2227,4.125E0);
#2233=CIRCLE('',#2232,4.125E0);
#2238=CIRCLE('',#2237,4.125E0);
#2243=CIRCLE('',#2242,4.125E0);
#2248=CIRCLE('',#2247,4.125E0);
#2253=CIRCLE('',#2252,4.125E0);
#2258=CIRCLE('',#2257,4.125E0);
#2263=CIRCLE('',#2262,4.125E0);
#2268=CIRCLE('',#2267,3.E0);
#2277=CIRCLE('',#2276,3.E0);
#2282=CIRCLE('',#2281,3.E0);
#2287=CIRCLE('',#2286,4.35E1);
#2292=CIRCLE('',#2291,4.35E1);
#2297=CIRCLE('',#2296,3.E0);
#2302=CIRCLE('',#2301,3.E0);
#2311=CIRCLE('',#2310,3.E0);
#2316=CIRCLE('',#2315,5.45E1);
#2321=CIRCLE('',#2320,5.45E1);
#2326=CIRCLE('',#2325,2.075382547706E1);
#2335=CIRCLE('',#2334,3.E0);
#2340=CIRCLE('',#2339,3.E0);
#2349=CIRCLE('',#2348,3.E0);
#2358=CIRCLE('',#2357,3.E0);
#2363=CIRCLE('',#2362,3.E0);
#2376=CIRCLE('',#2375,4.E0);
#2385=CIRCLE('',#2384,4.E0);
#2394=CIRCLE('',#2393,4.E0);
#2403=CIRCLE('',#2402,4.E0);
#2416=CIRCLE('',#2415,5.45E1);
#2421=CIRCLE('',#2420,3.E0);
#2430=CIRCLE('',#2429,3.E0);
#2435=CIRCLE('',#2434,3.E0);
#2440=CIRCLE('',#2439,4.35E1);
#2445=CIRCLE('',#2444,4.35E1);
#2450=CIRCLE('',#2449,3.E0);
#2455=CIRCLE('',#2454,3.E0);
#2464=CIRCLE('',#2463,3.E0);
#2469=CIRCLE('',#2468,2.075382547706E1);
#2494=B_SPLINE_CURVE_WITH_KNOTS('',3,(#2470,#2471,#2472,#2473,#2474,#2475,#2476,
#2477,#2478,#2479,#2480,#2481,#2482,#2483,#2484,#2485,#2486,#2487,#2488,#2489,
#2490,#2491,#2492,#2493),.UNSPECIFIED.,.F.,.F.,(4,1,1,1,1,1,1,1,1,1,1,1,1,1,1,1,
1,1,1,1,1,4),(0.E0,9.985529636765E-4,1.007936814655E-2,1.916018332980E-2,
3.732181369554E-2,5.548344406166E-2,7.364507442741E-2,9.180670479353E-2,
1.281299655254E-1,1.644532262573E-1,2.007764869891E-1,2.734230084532E-1,
3.460695299170E-1,4.187160513807E-1,5.640090943085E-1,7.093021372364E-1,
7.819486587001E-1,8.545951801638E-1,9.272417016279E-1,9.635649623598E-1,
9.998882230917E-1,1.E0),.UNSPECIFIED.);
#2499=CIRCLE('',#2498,4.552786404500E1);
#2504=CIRCLE('',#2503,2.15E0);
#2509=CIRCLE('',#2508,2.15E0);
#2514=CIRCLE('',#2513,2.15E0);
#2519=CIRCLE('',#2518,2.15E0);
#2524=CIRCLE('',#2523,2.15E0);
#2529=CIRCLE('',#2528,2.15E0);
#2534=CIRCLE('',#2533,2.15E0);
#2539=CIRCLE('',#2538,2.15E0);
#2544=CIRCLE('',#2543,2.15E0);
#2549=CIRCLE('',#2548,2.15E0);
#2554=CIRCLE('',#2553,3.55E1);
#2559=CIRCLE('',#2558,3.55E1);
#2564=CIRCLE('',#2563,2.15E0);
#2569=CIRCLE('',#2568,2.15E0);
#2652=B_SPLINE_CURVE_WITH_KNOTS('',3,(#2646,#2647,#2648,#2649,#2650,#2651),
.UNSPECIFIED.,.F.,.F.,(4,1,1,4),(0.E0,3.333333333333E-1,6.666666666667E-1,1.E0),
.UNSPECIFIED.);
#2676=B_SPLINE_CURVE_WITH_KNOTS('',3,(#2653,#2654,#2655,#2656,#2657,#2658,#2659,
#2660,#2661,#2662,#2663,#2664,#2665,#2666,#2667,#2668,#2669,#2670,#2671,#2672,
#2673,#2674,#2675),.UNSPECIFIED.,.F.,.F.,(4,1,1,1,1,1,1,1,1,1,1,1,1,1,1,1,1,1,1,
1,4),(0.E0,5.E-2,1.E-1,1.5E-1,2.E-1,2.5E-1,3.E-1,3.5E-1,4.E-1,4.5E-1,5.E-1,
5.5E-1,6.E-1,6.5E-1,7.E-1,7.5E-1,8.E-1,8.5E-1,9.E-1,9.5E-1,1.E0),.UNSPECIFIED.);
#2704=B_SPLINE_CURVE_WITH_KNOTS('',3,(#2681,#2682,#2683,#2684,#2685,#2686,#2687,
#2688,#2689,#2690,#2691,#2692,#2693,#2694,#2695,#2696,#2697,#2698,#2699,#2700,
#2701,#2702,#2703),.UNSPECIFIED.,.F.,.F.,(4,1,1,1,1,1,1,1,1,1,1,1,1,1,1,1,1,1,1,
1,4),(0.E0,1.276761517562E-1,1.906360059783E-1,2.535958602004E-1,
3.162575979857E-1,3.789193357709E-1,5.042428113415E-1,5.353401081036E-1,
5.664374048657E-1,6.286319983899E-1,6.908265919140E-1,7.530211854382E-1,
7.838935372584E-1,8.147658890787E-1,8.456382408988E-1,8.765105927191E-1,
9.073829445393E-1,9.382552963596E-1,9.536914722696E-1,9.691276481797E-1,1.E0),
.UNSPECIFIED.);
#2716=B_SPLINE_CURVE_WITH_KNOTS('',3,(#2709,#2710,#2711,#2712,#2713,#2714,
#2715),.UNSPECIFIED.,.F.,.F.,(4,1,1,1,4),(0.E0,2.5E-1,5.E-1,7.5E-1,1.E0),
.UNSPECIFIED.);
#2752=B_SPLINE_CURVE_WITH_KNOTS('',3,(#2717,#2718,#2719,#2720,#2721,#2722,#2723,
#2724,#2725,#2726,#2727,#2728,#2729,#2730,#2731,#2732,#2733,#2734,#2735,#2736,
#2737,#2738,#2739,#2740,#2741,#2742,#2743,#2744,#2745,#2746,#2747,#2748,#2749,
#2750,#2751),.UNSPECIFIED.,.F.,.F.,(4,1,1,1,1,1,1,1,1,1,1,1,1,1,1,1,1,1,1,1,1,1,
1,1,1,1,1,1,1,1,1,1,4),(0.E0,1.913496981432E-3,5.866625482711E-3,
9.819753983661E-3,1.772601098556E-2,2.563226798746E-2,4.144478199159E-2,
5.725729599572E-2,7.306980999952E-2,8.888232400364E-2,1.205073520116E-1,
1.521323800195E-1,1.837574080274E-1,2.470074640436E-1,3.102575200595E-1,
3.735075760753E-1,5.000076881074E-1,6.265078001394E-1,6.897578561553E-1,
7.530079121711E-1,8.162579681873E-1,8.478829961952E-1,8.795080242032E-1,
9.111330522111E-1,9.269455662152E-1,9.427580802190E-1,9.585705942231E-1,
9.743831082269E-1,9.822893652292E-1,9.901956222311E-1,9.941487507320E-1,
9.981018792330E-1,1.E0),.UNSPECIFIED.);
#2759=B_SPLINE_CURVE_WITH_KNOTS('',3,(#2753,#2754,#2755,#2756,#2757,#2758),
.UNSPECIFIED.,.F.,.F.,(4,1,1,4),(0.E0,3.333333333333E-1,6.666666666667E-1,1.E0),
.UNSPECIFIED.);
#2776=B_SPLINE_CURVE_WITH_KNOTS('',3,(#2768,#2769,#2770,#2771,#2772,#2773,#2774,
#2775),.UNSPECIFIED.,.F.,.F.,(4,1,1,1,1,4),(0.E0,2.E-1,4.E-1,6.E-1,8.E-1,1.E0),
.UNSPECIFIED.);
#2783=B_SPLINE_CURVE_WITH_KNOTS('',3,(#2777,#2778,#2779,#2780,#2781,#2782),
.UNSPECIFIED.,.F.,.F.,(4,1,1,4),(0.E0,3.333333333333E-1,6.666666666667E-1,1.E0),
.UNSPECIFIED.);
#2793=B_SPLINE_CURVE_WITH_KNOTS('',3,(#2784,#2785,#2786,#2787,#2788,#2789,#2790,
#2791,#2792),.UNSPECIFIED.,.F.,.F.,(4,1,1,1,1,1,4),(0.E0,1.666666666667E-1,
3.333333333333E-1,5.E-1,6.666666666667E-1,8.333333333333E-1,1.E0),
.UNSPECIFIED.);
#2817=B_SPLINE_CURVE_WITH_KNOTS('',3,(#2810,#2811,#2812,#2813,#2814,#2815,
#2816),.UNSPECIFIED.,.F.,.F.,(4,1,1,1,4),(0.E0,2.5E-1,5.E-1,7.5E-1,1.E0),
.UNSPECIFIED.);
#2824=B_SPLINE_CURVE_WITH_KNOTS('',3,(#2818,#2819,#2820,#2821,#2822,#2823),
.UNSPECIFIED.,.F.,.F.,(4,1,1,4),(0.E0,3.333333333333E-1,6.666666666667E-1,1.E0),
.UNSPECIFIED.);
#2836=B_SPLINE_CURVE_WITH_KNOTS('',3,(#2829,#2830,#2831,#2832,#2833,#2834,
#2835),.UNSPECIFIED.,.F.,.F.,(4,1,1,1,4),(0.E0,2.5E-1,5.E-1,7.5E-1,1.E0),
.UNSPECIFIED.);
#2849=B_SPLINE_CURVE_WITH_KNOTS('',3,(#2841,#2842,#2843,#2844,#2845,#2846,#2847,
#2848),.UNSPECIFIED.,.F.,.F.,(4,1,1,1,1,4),(0.E0,2.E-1,4.E-1,6.E-1,8.E-1,1.E0),
.UNSPECIFIED.);
#2860=B_SPLINE_CURVE_WITH_KNOTS('',3,(#2854,#2855,#2856,#2857,#2858,#2859),
.UNSPECIFIED.,.F.,.F.,(4,1,1,4),(0.E0,3.333333333333E-1,6.666666666667E-1,1.E0),
.UNSPECIFIED.);
#2871=B_SPLINE_CURVE_WITH_KNOTS('',3,(#2865,#2866,#2867,#2868,#2869,#2870),
.UNSPECIFIED.,.F.,.F.,(4,1,1,4),(0.E0,3.333333333333E-1,6.666666666667E-1,1.E0),
.UNSPECIFIED.);
#2881=B_SPLINE_CURVE_WITH_KNOTS('',3,(#2872,#2873,#2874,#2875,#2876,#2877,#2878,
#2879,#2880),.UNSPECIFIED.,.F.,.F.,(4,1,1,1,1,1,4),(0.E0,1.666666666667E-1,
3.333333333333E-1,5.E-1,6.666666666667E-1,8.333333333333E-1,1.E0),
.UNSPECIFIED.);
#2886=B_SPLINE_CURVE_WITH_KNOTS('',3,(#2882,#2883,#2884,#2885),.UNSPECIFIED.,
.F.,.F.,(4,4),(0.E0,1.E0),.UNSPECIFIED.);
#2902=B_SPLINE_CURVE_WITH_KNOTS('',3,(#2887,#2888,#2889,#2890,#2891,#2892,#2893,
#2894,#2895,#2896,#2897,#2898,#2899,#2900,#2901),.UNSPECIFIED.,.F.,.F.,(4,1,1,1,
1,1,1,1,1,1,1,1,4),(0.E0,8.333333333333E-2,1.666666666667E-1,2.5E-1,
3.333333333333E-1,4.166666666667E-1,5.E-1,5.833333333333E-1,6.666666666667E-1,
7.5E-1,8.333333333333E-1,9.166666666667E-1,1.E0),.UNSPECIFIED.);
#2912=B_SPLINE_CURVE_WITH_KNOTS('',3,(#2903,#2904,#2905,#2906,#2907,#2908,#2909,
#2910,#2911),.UNSPECIFIED.,.F.,.F.,(4,1,1,1,1,1,4),(0.E0,1.666666666667E-1,
3.333333333333E-1,5.E-1,6.666666666667E-1,8.333333333333E-1,1.E0),
.UNSPECIFIED.);
#2926=B_SPLINE_CURVE_WITH_KNOTS('',3,(#2913,#2914,#2915,#2916,#2917,#2918,#2919,
#2920,#2921,#2922,#2923,#2924,#2925),.UNSPECIFIED.,.F.,.F.,(4,1,1,1,1,1,1,1,1,1,
4),(0.E0,2.298895808444E-2,5.470902033047E-2,1.181491448226E-1,
1.815892693145E-1,2.450293938068E-1,3.719096427910E-1,4.987898917752E-1,
6.256701407594E-1,7.525503897432E-1,1.E0),.UNSPECIFIED.);
#2936=B_SPLINE_CURVE_WITH_KNOTS('',3,(#2927,#2928,#2929,#2930,#2931,#2932,#2933,
#2934,#2935),.UNSPECIFIED.,.F.,.F.,(4,1,1,1,1,1,4),(0.E0,1.666666666667E-1,
3.333333333333E-1,5.E-1,6.666666666667E-1,8.333333333333E-1,1.E0),
.UNSPECIFIED.);
#2941=CIRCLE('',#2940,5.E1);
#2954=B_SPLINE_CURVE_WITH_KNOTS('',3,(#2942,#2943,#2944,#2945,#2946,#2947,#2948,
#2949,#2950,#2951,#2952,#2953),.UNSPECIFIED.,.F.,.F.,(4,1,1,1,1,1,1,1,1,4),
(0.E0,2.686893060122E-2,9.584327759168E-2,1.648176245820E-1,2.337919715727E-1,
3.717406655536E-1,5.096893595345E-1,6.476380535154E-1,7.855867474959E-1,1.E0),
.UNSPECIFIED.);
#2961=B_SPLINE_CURVE_WITH_KNOTS('',3,(#2955,#2956,#2957,#2958,#2959,#2960),
.UNSPECIFIED.,.F.,.F.,(4,1,1,4),(0.E0,3.333333333333E-1,6.666666666667E-1,1.E0),
.UNSPECIFIED.);
#2980=B_SPLINE_CURVE_WITH_KNOTS('',3,(#2966,#2967,#2968,#2969,#2970,#2971,#2972,
#2973,#2974,#2975,#2976,#2977,#2978,#2979),.UNSPECIFIED.,.F.,.F.,(4,1,1,1,1,1,1,
1,1,1,1,4),(0.E0,9.090909090909E-2,1.818181818182E-1,2.727272727273E-1,
3.636363636364E-1,4.545454545455E-1,5.454545454545E-1,6.363636363636E-1,
7.272727272727E-1,8.181818181818E-1,9.090909090909E-1,1.E0),.UNSPECIFIED.);
#2999=B_SPLINE_CURVE_WITH_KNOTS('',3,(#2985,#2986,#2987,#2988,#2989,#2990,#2991,
#2992,#2993,#2994,#2995,#2996,#2997,#2998),.UNSPECIFIED.,.F.,.F.,(4,1,1,1,1,1,1,
1,1,1,1,4),(0.E0,9.090909090909E-2,1.818181818182E-1,2.727272727273E-1,
3.636363636364E-1,4.545454545455E-1,5.454545454545E-1,6.363636363636E-1,
7.272727272727E-1,8.181818181818E-1,9.090909090909E-1,1.E0),.UNSPECIFIED.);
#3037=B_SPLINE_CURVE_WITH_KNOTS('',3,(#3004,#3005,#3006,#3007,#3008,#3009,#3010,
#3011,#3012,#3013,#3014,#3015,#3016,#3017,#3018,#3019,#3020,#3021,#3022,#3023,
#3024,#3025,#3026,#3027,#3028,#3029,#3030,#3031,#3032,#3033,#3034,#3035,#3036),
.UNSPECIFIED.,.F.,.F.,(4,1,1,1,1,1,1,1,1,1,1,1,1,1,1,1,1,1,1,1,1,1,1,1,1,1,1,1,
1,1,4),(0.E0,3.333333333333E-2,6.666666666667E-2,1.E-1,1.333333333333E-1,
1.666666666667E-1,2.E-1,2.333333333333E-1,2.666666666667E-1,3.E-1,
3.333333333333E-1,3.666666666667E-1,4.E-1,4.333333333333E-1,4.666666666667E-1,
5.E-1,5.333333333333E-1,5.666666666667E-1,6.E-1,6.333333333333E-1,
6.666666666667E-1,7.E-1,7.333333333333E-1,7.666666666667E-1,8.E-1,
8.333333333333E-1,8.666666666667E-1,9.E-1,9.333333333333E-1,9.666666666667E-1,
1.E0),.UNSPECIFIED.);
#3046=CIRCLE('',#3045,6.E0);
#3051=CIRCLE('',#3050,7.210777710742E1);
#3064=CIRCLE('',#3063,5.45E1);
#3069=CIRCLE('',#3068,5.45E1);
#3074=CIRCLE('',#3073,2.15E0);
#3087=CIRCLE('',#3086,4.125E0);
#3092=CIRCLE('',#3091,4.125E0);
#3097=CIRCLE('',#3096,2.65E0);
#3102=CIRCLE('',#3101,2.65E0);
#3119=CIRCLE('',#3118,2.15E0);
#3128=CIRCLE('',#3127,2.15E0);
#3141=CIRCLE('',#3140,4.125E0);
#3146=CIRCLE('',#3145,4.125E0);
#3151=CIRCLE('',#3150,2.65E0);
#3156=CIRCLE('',#3155,2.65E0);
#3173=CIRCLE('',#3172,2.15E0);
#3182=CIRCLE('',#3181,2.15E0);
#3195=CIRCLE('',#3194,4.125E0);
#3200=CIRCLE('',#3199,4.125E0);
#3205=CIRCLE('',#3204,2.65E0);
#3210=CIRCLE('',#3209,2.65E0);
#3227=CIRCLE('',#3226,2.15E0);
#3236=CIRCLE('',#3235,2.15E0);
#3249=CIRCLE('',#3248,4.125E0);
#3254=CIRCLE('',#3253,4.125E0);
#3259=CIRCLE('',#3258,2.65E0);
#3264=CIRCLE('',#3263,2.65E0);
#3281=CIRCLE('',#3280,2.15E0);
#3290=CIRCLE('',#3289,2.15E0);
#3303=CIRCLE('',#3302,4.125E0);
#3308=CIRCLE('',#3307,4.125E0);
#3313=CIRCLE('',#3312,2.65E0);
#3318=CIRCLE('',#3317,2.65E0);
#3335=CIRCLE('',#3334,2.15E0);
#3352=CIRCLE('',#3351,2.15E0);
#3365=CIRCLE('',#3364,4.125E0);
#3370=CIRCLE('',#3369,4.125E0);
#3375=CIRCLE('',#3374,2.65E0);
#3380=CIRCLE('',#3379,2.65E0);
#3397=CIRCLE('',#3396,2.15E0);
#3471=B_SPLINE_CURVE_WITH_KNOTS('',3,(#3418,#3419,#3420,#3421,#3422,#3423,#3424,
#3425,#3426,#3427,#3428,#3429,#3430,#3431,#3432,#3433,#3434,#3435,#3436,#3437,
#3438,#3439,#3440,#3441,#3442,#3443,#3444,#3445,#3446,#3447,#3448,#3449,#3450,
#3451,#3452,#3453,#3454,#3455,#3456,#3457,#3458,#3459,#3460,#3461,#3462,#3463,
#3464,#3465,#3466,#3467,#3468,#3469,#3470),.UNSPECIFIED.,.F.,.F.,(4,1,1,1,1,1,1,
1,1,1,1,1,1,1,1,1,1,1,1,1,1,1,1,1,1,1,1,1,1,1,1,1,1,1,1,1,1,1,1,1,1,1,1,1,1,1,1,
1,1,1,4),(0.E0,2.E-2,4.E-2,6.E-2,8.E-2,1.E-1,1.2E-1,1.4E-1,1.6E-1,1.8E-1,2.E-1,
2.2E-1,2.4E-1,2.6E-1,2.8E-1,3.E-1,3.2E-1,3.4E-1,3.6E-1,3.8E-1,4.E-1,4.2E-1,
4.4E-1,4.6E-1,4.8E-1,5.E-1,5.2E-1,5.4E-1,5.6E-1,5.8E-1,6.E-1,6.2E-1,6.4E-1,
6.6E-1,6.8E-1,7.E-1,7.2E-1,7.4E-1,7.6E-1,7.8E-1,8.E-1,8.2E-1,8.4E-1,8.6E-1,
8.8E-1,9.E-1,9.2E-1,9.4E-1,9.6E-1,9.8E-1,1.E0),.UNSPECIFIED.);
#3532=B_SPLINE_CURVE_WITH_KNOTS('',3,(#3472,#3473,#3474,#3475,#3476,#3477,#3478,
#3479,#3480,#3481,#3482,#3483,#3484,#3485,#3486,#3487,#3488,#3489,#3490,#3491,
#3492,#3493,#3494,#3495,#3496,#3497,#3498,#3499,#3500,#3501,#3502,#3503,#3504,
#3505,#3506,#3507,#3508,#3509,#3510,#3511,#3512,#3513,#3514,#3515,#3516,#3517,
#3518,#3519,#3520,#3521,#3522,#3523,#3524,#3525,#3526,#3527,#3528,#3529,#3530,
#3531),.UNSPECIFIED.,.F.,.F.,(4,1,1,1,1,1,1,1,1,1,1,1,1,1,1,1,1,1,1,1,1,1,1,1,1,
1,1,1,1,1,1,1,1,1,1,1,1,1,1,1,1,1,1,1,1,1,1,1,1,1,1,1,1,1,1,1,1,4),(0.E0,
1.754385964912E-2,3.508771929825E-2,5.263157894737E-2,7.017543859649E-2,
8.771929824561E-2,1.052631578947E-1,1.228070175439E-1,1.403508771930E-1,
1.578947368421E-1,1.754385964912E-1,1.929824561404E-1,2.105263157895E-1,
2.280701754386E-1,2.456140350877E-1,2.631578947368E-1,2.807017543860E-1,
2.982456140351E-1,3.157894736842E-1,3.333333333333E-1,3.508771929825E-1,
3.684210526316E-1,3.859649122807E-1,4.035087719298E-1,4.210526315789E-1,
4.385964912281E-1,4.561403508772E-1,4.736842105263E-1,4.912280701754E-1,
5.087719298246E-1,5.263157894737E-1,5.438596491228E-1,5.614035087719E-1,
5.789473684211E-1,5.964912280702E-1,6.140350877193E-1,6.315789473684E-1,
6.491228070175E-1,6.666666666667E-1,6.842105263158E-1,7.017543859649E-1,
7.192982456140E-1,7.368421052632E-1,7.543859649123E-1,7.719298245614E-1,
7.894736842105E-1,8.070175438596E-1,8.245614035088E-1,8.421052631579E-1,
8.596491228070E-1,8.771929824561E-1,8.947368421053E-1,9.122807017544E-1,
9.298245614035E-1,9.473684210526E-1,9.649122807018E-1,9.824561403509E-1,1.E0),
.UNSPECIFIED.);
#3542=B_SPLINE_CURVE_WITH_KNOTS('',3,(#3533,#3534,#3535,#3536,#3537,#3538,#3539,
#3540,#3541),.UNSPECIFIED.,.F.,.F.,(4,1,1,1,1,1,4),(0.E0,1.271724937196E-1,
3.276618273070E-1,5.281511608945E-1,7.286404944819E-1,9.291298280694E-1,1.E0),
.UNSPECIFIED.);
#3561=B_SPLINE_CURVE_WITH_KNOTS('',3,(#3543,#3544,#3545,#3546,#3547,#3548,#3549,
#3550,#3551,#3552,#3553,#3554,#3555,#3556,#3557,#3558,#3559,#3560),
.UNSPECIFIED.,.F.,.F.,(4,1,1,1,1,1,1,1,1,1,1,1,1,1,1,4),(0.E0,6.666666666667E-2,
1.333333333333E-1,2.E-1,2.666666666667E-1,3.333333333333E-1,4.E-1,
4.666666666667E-1,5.333333333333E-1,6.E-1,6.666666666667E-1,7.333333333333E-1,
8.E-1,8.666666666667E-1,9.333333333333E-1,1.E0),.UNSPECIFIED.);
#3578=CIRCLE('',#3577,8.449811630420E1);
#3621=B_SPLINE_CURVE_WITH_KNOTS('',3,(#3579,#3580,#3581,#3582,#3583,#3584,#3585,
#3586,#3587,#3588,#3589,#3590,#3591,#3592,#3593,#3594,#3595,#3596,#3597,#3598,
#3599,#3600,#3601,#3602,#3603,#3604,#3605,#3606,#3607,#3608,#3609,#3610,#3611,
#3612,#3613,#3614,#3615,#3616,#3617,#3618,#3619,#3620),.UNSPECIFIED.,.F.,.F.,(4,
1,1,1,1,1,1,1,1,1,1,1,1,1,1,1,1,1,1,1,1,1,1,1,1,1,1,1,1,1,1,1,1,1,1,1,1,1,1,4),(
0.E0,2.564102564103E-2,5.128205128205E-2,7.692307692308E-2,1.025641025641E-1,
1.282051282051E-1,1.538461538462E-1,1.794871794872E-1,2.051282051282E-1,
2.307692307692E-1,2.564102564103E-1,2.820512820513E-1,3.076923076923E-1,
3.333333333333E-1,3.589743589744E-1,3.846153846154E-1,4.102564102564E-1,
4.358974358974E-1,4.615384615385E-1,4.871794871795E-1,5.128205128205E-1,
5.384615384615E-1,5.641025641026E-1,5.897435897436E-1,6.153846153846E-1,
6.410256410256E-1,6.666666666667E-1,6.923076923077E-1,7.179487179487E-1,
7.435897435897E-1,7.692307692308E-1,7.948717948718E-1,8.205128205128E-1,
8.461538461538E-1,8.717948717949E-1,8.974358974359E-1,9.230769230769E-1,
9.487179487179E-1,9.743589743590E-1,1.E0),.UNSPECIFIED.);
#3658=CIRCLE('',#3657,3.E0);
#3663=CIRCLE('',#3662,3.E0);
#3672=CIRCLE('',#3671,3.E0);
#3681=CIRCLE('',#3680,3.E0);
#3686=CIRCLE('',#3685,3.E0);
#3693=B_SPLINE_CURVE_WITH_KNOTS('',3,(#3687,#3688,#3689,#3690,#3691,#3692),
.UNSPECIFIED.,.F.,.F.,(4,1,1,4),(0.E0,3.333333333333E-1,6.666666666667E-1,1.E0),
.UNSPECIFIED.);
#3708=B_SPLINE_CURVE_WITH_KNOTS('',3,(#3694,#3695,#3696,#3697,#3698,#3699,#3700,
#3701,#3702,#3703,#3704,#3705,#3706,#3707),.UNSPECIFIED.,.F.,.F.,(4,1,1,1,1,1,1,
1,1,1,1,4),(0.E0,9.090909090909E-2,1.818181818182E-1,2.727272727273E-1,
3.636363636364E-1,4.545454545455E-1,5.454545454545E-1,6.363636363636E-1,
7.272727272727E-1,8.181818181818E-1,9.090909090909E-1,1.E0),.UNSPECIFIED.);
#3735=B_SPLINE_CURVE_WITH_KNOTS('',3,(#3729,#3730,#3731,#3732,#3733,#3734),
.UNSPECIFIED.,.F.,.F.,(4,1,1,4),(0.E0,3.333333333333E-1,6.666666666667E-1,1.E0),
.UNSPECIFIED.);
#3742=B_SPLINE_CURVE_WITH_KNOTS('',3,(#3736,#3737,#3738,#3739,#3740,#3741),
.UNSPECIFIED.,.F.,.F.,(4,1,1,4),(0.E0,3.333333333333E-1,6.666666666667E-1,1.E0),
.UNSPECIFIED.);
#3747=CIRCLE('',#3746,3.E0);
#3752=CIRCLE('',#3751,3.E0);
#3757=CIRCLE('',#3756,5.35E1);
#3762=CIRCLE('',#3761,3.E0);
#3767=CIRCLE('',#3766,2.999999999999E0);
#3772=CIRCLE('',#3771,4.999999999960E0);
#3777=CIRCLE('',#3776,2.999999999999E0);
#3782=CIRCLE('',#3781,5.125E0);
#3787=CIRCLE('',#3786,5.125E0);
#3792=CIRCLE('',#3791,3.000000000009E0);
#3797=CIRCLE('',#3796,4.999999999997E0);
#3802=CIRCLE('',#3801,4.999999999997E0);
#3807=CIRCLE('',#3806,3.000000000009E0);
#3812=CIRCLE('',#3811,5.35E1);
#3817=CIRCLE('',#3816,3.000000000004E0);
#3822=CIRCLE('',#3821,5.000000000022E0);
#3827=CIRCLE('',#3826,3.000000000004E0);
#3832=CIRCLE('',#3831,2.300059138620E0);
#3837=CIRCLE('',#3836,3.000000000005E0);
#3842=CIRCLE('',#3841,5.000000000003E0);
#3847=CIRCLE('',#3846,3.000000000005E0);
#3852=CIRCLE('',#3851,5.35E1);
#3857=CIRCLE('',#3856,2.999999999998E0);
#3862=CIRCLE('',#3861,4.999999999995E0);
#3867=CIRCLE('',#3866,4.999999999995E0);
#3872=CIRCLE('',#3871,2.999999999998E0);
#3877=CIRCLE('',#3876,5.125E0);
#3882=CIRCLE('',#3881,5.125E0);
#3887=CIRCLE('',#3886,3.000000000001E0);
#3892=CIRCLE('',#3891,4.999999999996E0);
#3897=CIRCLE('',#3896,3.000000000001E0);
#3902=CIRCLE('',#3901,5.35E1);
#3907=CIRCLE('',#3906,3.000000000004E0);
#3912=CIRCLE('',#3911,4.999999999998E0);
#3917=CIRCLE('',#3916,4.999999999998E0);
#3922=CIRCLE('',#3921,3.000000000004E0);
#3927=CIRCLE('',#3926,5.125E0);
#3932=CIRCLE('',#3931,5.125E0);
#3937=CIRCLE('',#3936,3.000000000009E0);
#3942=CIRCLE('',#3941,4.999999999997E0);
#3947=CIRCLE('',#3946,3.000000000009E0);
#3952=CIRCLE('',#3951,5.35E1);
#3957=CIRCLE('',#3956,5.35E1);
#3962=CIRCLE('',#3961,3.000000000014E0);
#3967=CIRCLE('',#3966,5.000000000009E0);
#3972=CIRCLE('',#3971,3.000000000014E0);
#3977=CIRCLE('',#3976,5.125E0);
#3982=CIRCLE('',#3981,5.125E0);
#3987=CIRCLE('',#3986,3.000000000010E0);
#3992=CIRCLE('',#3991,5.000000000010E0);
#3997=CIRCLE('',#3996,5.000000000010E0);
#4002=CIRCLE('',#4001,3.000000000010E0);
#4007=CIRCLE('',#4006,5.35E1);
#4012=CIRCLE('',#4011,2.999999999977E0);
#4017=CIRCLE('',#4016,4.999999999969E0);
#4022=CIRCLE('',#4021,2.999999999977E0);
#4027=CIRCLE('',#4026,5.125E0);
#4032=CIRCLE('',#4031,5.125E0);
#4037=CIRCLE('',#4036,3.000000000006E0);
#4042=CIRCLE('',#4041,5.000000000009E0);
#4047=CIRCLE('',#4046,5.000000000009E0);
#4052=CIRCLE('',#4051,3.000000000006E0);
#4061=CIRCLE('',#4060,5.E0);
#4066=CIRCLE('',#4065,5.125E0);
#4071=CIRCLE('',#4070,5.125E0);
#4076=CIRCLE('',#4075,5.E0);
#4081=CIRCLE('',#4080,5.E0);
#4086=CIRCLE('',#4085,5.35E1);
#4091=CIRCLE('',#4090,2.15E0);
#4096=CIRCLE('',#4095,2.15E0);
#4109=CIRCLE('',#4108,2.15E0);
#4122=CIRCLE('',#4121,4.125E0);
#4127=CIRCLE('',#4126,4.125E0);
#4132=CIRCLE('',#4131,2.65E0);
#4137=CIRCLE('',#4136,2.65E0);
#4154=CIRCLE('',#4153,2.15E0);
#4167=CIRCLE('',#4166,5.E0);
#4172=CIRCLE('',#4171,5.125E0);
#4177=CIRCLE('',#4176,5.125E0);
#4182=CIRCLE('',#4181,5.E0);
#4187=CIRCLE('',#4186,5.E0);
#4192=CIRCLE('',#4191,5.35E1);
#4197=CIRCLE('',#4196,2.15E0);
#4202=CIRCLE('',#4201,2.15E0);
#4215=CIRCLE('',#4214,2.15E0);
#4228=CIRCLE('',#4227,4.125E0);
#4233=CIRCLE('',#4232,4.125E0);
#4238=CIRCLE('',#4237,2.65E0);
#4243=CIRCLE('',#4242,2.65E0);
#4260=CIRCLE('',#4259,2.15E0);
#4273=CIRCLE('',#4272,5.E0);
#4278=CIRCLE('',#4277,5.E0);
#4283=CIRCLE('',#4282,5.125E0);
#4288=CIRCLE('',#4287,5.125E0);
#4293=CIRCLE('',#4292,5.E0);
#4298=CIRCLE('',#4297,5.35E1);
#4303=CIRCLE('',#4302,2.15E0);
#4308=CIRCLE('',#4307,2.15E0);
#4321=CIRCLE('',#4320,2.15E0);
#4334=CIRCLE('',#4333,4.125E0);
#4339=CIRCLE('',#4338,4.125E0);
#4344=CIRCLE('',#4343,2.65E0);
#4349=CIRCLE('',#4348,2.65E0);
#4366=CIRCLE('',#4365,2.15E0);
#4379=CIRCLE('',#4378,5.E0);
#4384=CIRCLE('',#4383,5.E0);
#4389=CIRCLE('',#4388,5.125E0);
#4394=CIRCLE('',#4393,5.125E0);
#4399=CIRCLE('',#4398,5.E0);
#4404=CIRCLE('',#4403,5.35E1);
#4409=CIRCLE('',#4408,2.15E0);
#4414=CIRCLE('',#4413,2.15E0);
#4427=CIRCLE('',#4426,2.15E0);
#4440=CIRCLE('',#4439,4.125E0);
#4445=CIRCLE('',#4444,4.125E0);
#4450=CIRCLE('',#4449,2.65E0);
#4455=CIRCLE('',#4454,2.65E0);
#4472=CIRCLE('',#4471,2.15E0);
#4485=CIRCLE('',#4484,5.E0);
#4490=CIRCLE('',#4489,2.300059138620E0);
#4495=CIRCLE('',#4494,5.E0);
#4500=CIRCLE('',#4499,5.35E1);
#4521=CIRCLE('',#4520,1.5E0);
#4538=CIRCLE('',#4537,1.5E0);
#4547=CIRCLE('',#4546,1.5E0);
#4556=CIRCLE('',#4555,1.5E0);
#4565=CIRCLE('',#4564,1.5E0);
#4582=CIRCLE('',#4581,1.5E0);
#4591=CIRCLE('',#4590,1.5E0);
#4600=CIRCLE('',#4599,1.5E0);
#4617=CIRCLE('',#4616,1.65E0);
#4626=CIRCLE('',#4625,1.65E0);
#4635=CIRCLE('',#4634,1.65E0);
#4644=CIRCLE('',#4643,1.65E0);
#4661=CIRCLE('',#4660,1.65E0);
#4670=CIRCLE('',#4669,1.65E0);
#4679=CIRCLE('',#4678,1.65E0);
#4688=CIRCLE('',#4687,1.65E0);
#4701=CIRCLE('',#4700,4.125E0);
#4706=CIRCLE('',#4705,4.125E0);
#4711=CIRCLE('',#4710,2.65E0);
#4716=CIRCLE('',#4715,2.65E0);
#4733=CIRCLE('',#4732,2.15E0);
#4742=CIRCLE('',#4741,2.15E0);
#4755=CIRCLE('',#4754,4.125E0);
#4760=CIRCLE('',#4759,4.125E0);
#4765=CIRCLE('',#4764,2.65E0);
#4770=CIRCLE('',#4769,2.65E0);
#4787=CIRCLE('',#4786,2.15E0);
#4796=CIRCLE('',#4795,2.15E0);
#4805=CIRCLE('',#4804,5.125E0);
#4810=CIRCLE('',#4809,5.125E0);
#4815=CIRCLE('',#4814,2.15E0);
#4820=CIRCLE('',#4819,2.15E0);
#4829=CIRCLE('',#4828,5.125E0);
#4834=CIRCLE('',#4833,3.E0);
#4839=CIRCLE('',#4838,5.125E0);
#4844=CIRCLE('',#4843,3.E0);
#4853=CIRCLE('',#4852,6.003679656440E0);
#4858=CIRCLE('',#4857,3.E0);
#4863=CIRCLE('',#4862,6.003679656440E0);
#4868=CIRCLE('',#4867,3.E0);
#4877=CIRCLE('',#4876,4.125E0);
#4882=CIRCLE('',#4881,4.125E0);
#4887=CIRCLE('',#4886,2.65E0);
#4892=CIRCLE('',#4891,2.65E0);
#4909=CIRCLE('',#4908,2.15E0);
#4918=CIRCLE('',#4917,2.15E0);
#4927=CIRCLE('',#4926,5.125E0);
#4932=CIRCLE('',#4931,5.125E0);
#4937=CIRCLE('',#4936,2.15E0);
#4942=CIRCLE('',#4941,2.15E0);
#4951=CIRCLE('',#4950,5.125E0);
#4956=CIRCLE('',#4955,3.E0);
#4961=CIRCLE('',#4960,5.125E0);
#4966=CIRCLE('',#4965,3.E0);
#4975=CIRCLE('',#4974,6.003679656440E0);
#4980=CIRCLE('',#4979,3.E0);
#4985=CIRCLE('',#4984,6.003679656440E0);
#4990=CIRCLE('',#4989,3.E0);
#5027=CIRCLE('',#5026,3.E0);
#5032=CIRCLE('',#5031,3.E0);
#5041=CIRCLE('',#5040,2.5E1);
#5046=CIRCLE('',#5045,2.5E1);
#5059=CIRCLE('',#5058,3.E0);
#5064=CIRCLE('',#5063,3.E0);
#5085=CIRCLE('',#5084,2.E0);
#5090=CIRCLE('',#5089,1.E0);
#5095=CIRCLE('',#5094,3.85E1);
#5100=CIRCLE('',#5099,3.85E1);
#5105=CIRCLE('',#5104,1.E0);
#5114=CIRCLE('',#5113,2.E0);
#5119=CIRCLE('',#5118,2.E0);
#5124=CIRCLE('',#5123,2.6E1);
#5129=CIRCLE('',#5128,2.6E1);
#5134=CIRCLE('',#5133,2.E0);
#5139=CIRCLE('',#5138,2.E0);
#5148=CIRCLE('',#5147,2.75E1);
#5153=CIRCLE('',#5152,4.75E0);
#5158=CIRCLE('',#5157,4.75E0);
#5163=CIRCLE('',#5162,3.7E1);
#5168=CIRCLE('',#5167,4.75E0);
#5173=CIRCLE('',#5172,4.75E0);
#5178=CIRCLE('',#5177,4.75E0);
#5183=CIRCLE('',#5182,2.75E1);
#5188=CIRCLE('',#5187,4.75E0);
#5193=CIRCLE('',#5192,4.75E0);
#5198=CIRCLE('',#5197,3.7E1);
#5203=CIRCLE('',#5202,4.75E0);
#5212=CIRCLE('',#5211,2.E0);
#5221=CIRCLE('',#5220,3.95E1);
#5226=CIRCLE('',#5225,3.95E1);
#5255=CIRCLE('',#5254,2.8E1);
#5264=CIRCLE('',#5263,4.25E0);
#5269=CIRCLE('',#5268,4.25E0);
#5294=CIRCLE('',#5293,3.65E1);
#5303=CIRCLE('',#5302,4.25E0);
#5308=CIRCLE('',#5307,4.25E0);
#5317=CIRCLE('',#5316,4.25E0);
#5322=CIRCLE('',#5321,4.25E0);
#5331=CIRCLE('',#5330,2.8E1);
#5356=CIRCLE('',#5355,4.25E0);
#5361=CIRCLE('',#5360,4.25E0);
#5370=CIRCLE('',#5369,3.65E1);
#5379=CIRCLE('',#5378,2.15E0);
#5388=CIRCLE('',#5387,3.E0);
#5393=CIRCLE('',#5392,3.E0);
#5398=CIRCLE('',#5397,3.E0);
#5403=CIRCLE('',#5402,3.E0);
#5408=CIRCLE('',#5407,1.010434814225E0);
#5417=CIRCLE('',#5416,1.010434814225E0);
#5422=CIRCLE('',#5421,1.010434814225E0);
#5431=CIRCLE('',#5430,1.010434814225E0);
#5436=CIRCLE('',#5435,1.010434814225E0);
#5445=CIRCLE('',#5444,3.E0);
#5450=CIRCLE('',#5449,3.E0);
#6689=EDGE_CURVE('',#5451,#5452,#35,.T.);
#6691=EDGE_CURVE('',#5454,#5452,#561,.T.);
#6693=EDGE_CURVE('',#5454,#5456,#40,.T.);
#6695=EDGE_CURVE('',#5456,#5458,#45,.T.);
#6697=EDGE_CURVE('',#5451,#5458,#798,.T.);
#6755=EDGE_CURVE('',#5461,#5462,#97,.T.);
#6757=EDGE_CURVE('',#5463,#5461,#235,.T.);
#6759=EDGE_CURVE('',#5463,#5464,#63,.T.);
#6761=EDGE_CURVE('',#5465,#5464,#869,.T.);
#6763=EDGE_CURVE('',#5466,#5465,#887,.T.);
#6765=EDGE_CURVE('',#5466,#5467,#70,.T.);
#6767=EDGE_CURVE('',#5467,#5468,#84,.T.);
#6769=EDGE_CURVE('',#5452,#5468,#565,.T.);
#6772=EDGE_CURVE('',#5462,#5451,#794,.T.);
#6782=EDGE_CURVE('',#5471,#5472,#88,.T.);
#6784=EDGE_CURVE('',#5472,#5461,#93,.T.);
#6787=EDGE_CURVE('',#5471,#5462,#813,.T.);
#6845=EDGE_CURVE('',#5473,#5472,#121,.T.);
#6848=EDGE_CURVE('',#5471,#5474,#135,.T.);
#6850=EDGE_CURVE('',#5475,#5474,#780,.T.);
#6852=EDGE_CURVE('',#5477,#5475,#388,.T.);
#6854=EDGE_CURVE('',#5478,#5477,#353,.T.);
#6856=EDGE_CURVE('',#5479,#5478,#364,.T.);
#6858=EDGE_CURVE('',#5479,#5480,#142,.T.);
#6860=EDGE_CURVE('',#5480,#5481,#158,.T.);
#6862=EDGE_CURVE('',#5481,#5482,#165,.T.);
#6864=EDGE_CURVE('',#5482,#5483,#179,.T.);
#6866=EDGE_CURVE('',#5483,#5484,#186,.T.);
#6868=EDGE_CURVE('',#5485,#5484,#305,.T.);
#6870=EDGE_CURVE('',#5486,#5485,#327,.T.);
#6872=EDGE_CURVE('',#5488,#5486,#298,.T.);
#6874=EDGE_CURVE('',#5489,#5488,#279,.T.);
#6876=EDGE_CURVE('',#5473,#5489,#259,.T.);
#6894=B_SPLINE_CURVE_WITH_KNOTS('',3,(#6881,#6882,#6883,#6884,#6885,#6886,#6887,
#6888,#6889,#6890,#6891,#6892,#6893),.UNSPECIFIED.,.F.,.F.,(4,1,1,1,1,1,1,1,1,1,
4),(0.E0,4.551398907153E-2,1.246107244238E-1,2.496952777798E-1,
3.747798311357E-1,4.998643844917E-1,6.249489378477E-1,7.500334912037E-1,
8.751180445596E-1,9.543431423105E-1,1.E0),.UNSPECIFIED.);
#6899=EDGE_CURVE('',#5490,#5473,#244,.T.);
#6901=EDGE_CURVE('',#5490,#5491,#193,.T.);
#6903=EDGE_CURVE('',#5491,#5493,#198,.T.);
#6905=EDGE_CURVE('',#5493,#5495,#203,.T.);
#6907=EDGE_CURVE('',#5496,#5495,#925,.T.);
#6909=EDGE_CURVE('',#5497,#5496,#918,.T.);
#6911=EDGE_CURVE('',#5497,#5463,#228,.T.);
#6929=B_SPLINE_CURVE_WITH_KNOTS('',3,(#6919,#6920,#6921,#6922,#6923,#6924,#6925,
#6926,#6927,#6928),.UNSPECIFIED.,.F.,.F.,(4,1,1,1,1,1,1,4),(0.E0,
1.790436355440E-2,1.521321408653E-1,3.778694129668E-1,6.036066850683E-1,
8.293439571698E-1,9.497443695583E-1,1.E0),.UNSPECIFIED.);
#6935=EDGE_CURVE('',#5498,#5489,#266,.T.);
#6937=EDGE_CURVE('',#5499,#5498,#294,.T.);
#6939=EDGE_CURVE('',#5490,#5499,#960,.T.);
#6951=EDGE_CURVE('',#5488,#5501,#283,.T.);
#6953=EDGE_CURVE('',#5502,#5501,#981,.T.);
#6955=EDGE_CURVE('',#5503,#5502,#972,.T.);
#6957=EDGE_CURVE('',#5503,#5499,#287,.T.);
#6968=EDGE_CURVE('',#5505,#5486,#313,.T.);
#6970=EDGE_CURVE('',#5507,#5505,#1937,.T.);
#6972=EDGE_CURVE('',#5509,#5507,#1583,.T.);
#6974=EDGE_CURVE('',#5511,#5509,#1052,.T.);
#6976=EDGE_CURVE('',#5513,#5511,#1013,.T.);
#6978=EDGE_CURVE('',#5501,#5513,#985,.T.);
#6991=EDGE_CURVE('',#5484,#5515,#309,.T.);
#6993=EDGE_CURVE('',#5517,#5515,#1947,.T.);
#6995=EDGE_CURVE('',#5505,#5517,#1942,.T.);
#7007=EDGE_CURVE('',#5482,#5519,#331,.T.);
#7009=EDGE_CURVE('',#5521,#5519,#1957,.T.);
#7011=EDGE_CURVE('',#5515,#5521,#1952,.T.);
#7024=EDGE_CURVE('',#5523,#5481,#339,.T.);
#7026=EDGE_CURVE('',#5519,#5523,#1961,.T.);
#7038=EDGE_CURVE('',#5479,#5525,#335,.T.);
#7040=EDGE_CURVE('',#5527,#5525,#1971,.T.);
#7042=EDGE_CURVE('',#5523,#5527,#1966,.T.);
#7056=EDGE_CURVE('',#5477,#5529,#357,.T.);
#7058=EDGE_CURVE('',#5531,#5529,#1981,.T.);
#7060=EDGE_CURVE('',#5525,#5531,#1976,.T.);
#7072=EDGE_CURVE('',#5534,#5535,#431,.T.);
#7074=EDGE_CURVE('',#5534,#5537,#368,.T.);
#7076=EDGE_CURVE('',#5537,#5539,#372,.T.);
#7078=EDGE_CURVE('',#5541,#5539,#3055,.T.);
#7080=EDGE_CURVE('',#5543,#5541,#3041,.T.);
#7082=EDGE_CURVE('',#5543,#5545,#376,.T.);
#7084=EDGE_CURVE('',#5547,#5545,#2680,.T.);
#7086=EDGE_CURVE('',#5549,#5547,#2609,.T.);
#7088=EDGE_CURVE('',#5549,#5551,#380,.T.);
#7090=EDGE_CURVE('',#5551,#5553,#384,.T.);
#7092=EDGE_CURVE('',#5529,#5553,#1985,.T.);
#7096=EDGE_CURVE('',#5475,#5555,#392,.T.);
#7098=EDGE_CURVE('',#5535,#5555,#735,.T.);
#7108=EDGE_CURVE('',#5556,#5534,#427,.T.);
#7111=EDGE_CURVE('',#5535,#5558,#436,.T.);
#7113=EDGE_CURVE('',#5558,#5560,#441,.T.);
#7115=EDGE_CURVE('',#5556,#5560,#670,.T.);
#7173=EDGE_CURVE('',#5537,#5561,#500,.T.);
#7177=EDGE_CURVE('',#5562,#5556,#666,.T.);
#7179=EDGE_CURVE('',#5564,#5562,#617,.T.);
#7181=EDGE_CURVE('',#5564,#5561,#455,.T.);
#7191=EDGE_CURVE('',#5567,#5568,#460,.T.);
#7193=EDGE_CURVE('',#5568,#5539,#465,.T.);
#7197=EDGE_CURVE('',#5567,#5561,#842,.T.);
#7207=EDGE_CURVE('',#5571,#5572,#544,.T.);
#7209=EDGE_CURVE('',#5573,#5571,#2961,.T.);
#7211=EDGE_CURVE('',#5575,#5573,#3051,.T.);
#7213=EDGE_CURVE('',#5568,#5575,#3059,.T.);
#7216=EDGE_CURVE('',#5576,#5567,#838,.T.);
#7218=EDGE_CURVE('',#5578,#5576,#613,.T.);
#7220=EDGE_CURVE('',#5572,#5578,#850,.T.);
#7230=EDGE_CURVE('',#5581,#5582,#504,.T.);
#7232=EDGE_CURVE('',#5582,#5583,#539,.T.);
#7234=EDGE_CURVE('',#5571,#5583,#2965,.T.);
#7237=EDGE_CURVE('',#5572,#5581,#549,.T.);
#7247=EDGE_CURVE('',#5586,#5587,#553,.T.);
#7249=EDGE_CURVE('',#5587,#5589,#557,.T.);
#7251=EDGE_CURVE('',#5591,#5589,#674,.T.);
#7253=EDGE_CURVE('',#5454,#5591,#723,.T.);
#7257=EDGE_CURVE('',#5593,#5468,#862,.T.);
#7259=EDGE_CURVE('',#5595,#5593,#1880,.T.);
#7261=EDGE_CURVE('',#5597,#5595,#2797,.T.);
#7263=EDGE_CURVE('',#5597,#5582,#569,.T.);
#7266=EDGE_CURVE('',#5586,#5581,#854,.T.);
#7276=EDGE_CURVE('',#5598,#5587,#603,.T.);
#7279=EDGE_CURVE('',#5586,#5578,#608,.T.);
#7282=EDGE_CURVE('',#5598,#5576,#831,.T.);
#7340=EDGE_CURVE('',#5601,#5602,#621,.T.);
#7342=EDGE_CURVE('',#5603,#5601,#647,.T.);
#7344=EDGE_CURVE('',#5589,#5603,#709,.T.);
#7348=EDGE_CURVE('',#5602,#5598,#827,.T.);
#7359=EDGE_CURVE('',#5601,#5562,#651,.T.);
#7362=EDGE_CURVE('',#5564,#5602,#846,.T.);
#7372=EDGE_CURVE('',#5560,#5604,#628,.T.);
#7374=EDGE_CURVE('',#5604,#5603,#632,.T.);
#7388=EDGE_CURVE('',#5604,#5606,#714,.T.);
#7392=EDGE_CURVE('',#5608,#5558,#731,.T.);
#7394=EDGE_CURVE('',#5610,#5608,#740,.T.);
#7396=EDGE_CURVE('',#5458,#5610,#805,.T.);
#7399=EDGE_CURVE('',#5606,#5456,#727,.T.);
#7413=EDGE_CURVE('',#5606,#5591,#719,.T.);
#7435=EDGE_CURVE('',#5608,#5555,#745,.T.);
#7452=EDGE_CURVE('',#5610,#5474,#809,.T.);
#7502=EDGE_CURVE('',#5466,#5612,#858,.T.);
#7504=EDGE_CURVE('',#5614,#5612,#1890,.T.);
#7506=EDGE_CURVE('',#5593,#5614,#1885,.T.);
#7520=EDGE_CURVE('',#5464,#5615,#876,.T.);
#7522=EDGE_CURVE('',#5615,#5617,#880,.T.);
#7524=EDGE_CURVE('',#5619,#5617,#1900,.T.);
#7526=EDGE_CURVE('',#5612,#5619,#1895,.T.);
#7592=EDGE_CURVE('',#5497,#5620,#897,.T.);
#7594=EDGE_CURVE('',#5622,#5620,#3724,.T.);
#7596=EDGE_CURVE('',#5622,#5623,#911,.T.);
#7598=EDGE_CURVE('',#5624,#5623,#3708,.T.);
#7600=EDGE_CURVE('',#5615,#5624,#3693,.T.);
#7614=EDGE_CURVE('',#5495,#5626,#929,.T.);
#7616=EDGE_CURVE('',#5627,#5626,#3735,.T.);
#7618=EDGE_CURVE('',#5627,#5628,#936,.T.);
#7620=EDGE_CURVE('',#5628,#5620,#940,.T.);
#7631=EDGE_CURVE('',#5491,#5630,#944,.T.);
#7633=EDGE_CURVE('',#5632,#5630,#1105,.T.);
#7635=EDGE_CURVE('',#5634,#5632,#1100,.T.);
#7637=EDGE_CURVE('',#5626,#5634,#3742,.T.);
#7651=EDGE_CURVE('',#5635,#5503,#965,.T.);
#7653=EDGE_CURVE('',#5630,#5635,#1109,.T.);
#7669=EDGE_CURVE('',#5637,#5513,#994,.T.);
#7671=EDGE_CURVE('',#5637,#5635,#989,.T.);
#7694=EDGE_CURVE('',#5513,#5639,#999,.T.);
#7696=EDGE_CURVE('',#5639,#5641,#1004,.T.);
#7698=EDGE_CURVE('',#5641,#5643,#1009,.T.);
#7700=EDGE_CURVE('',#5645,#5643,#1119,.T.);
#7702=EDGE_CURVE('',#5637,#5645,#1114,.T.);
#7713=EDGE_CURVE('',#5647,#5511,#1048,.T.);
#7715=EDGE_CURVE('',#5649,#5647,#1043,.T.);
#7717=EDGE_CURVE('',#5641,#5649,#1080,.T.);
#7729=EDGE_CURVE('',#5652,#5653,#1018,.T.);
#7731=EDGE_CURVE('',#5653,#5655,#1023,.T.);
#7733=EDGE_CURVE('',#5655,#5657,#1028,.T.);
#7735=EDGE_CURVE('',#5657,#5659,#1033,.T.);
#7737=EDGE_CURVE('',#5659,#5649,#1038,.T.);
#7742=EDGE_CURVE('',#5509,#5661,#1057,.T.);
#7744=EDGE_CURVE('',#5661,#5652,#1062,.T.);
#7748=EDGE_CURVE('',#5664,#5665,#1067,.T.);
#7750=EDGE_CURVE('',#5665,#5664,#1072,.T.);
#7760=EDGE_CURVE('',#5667,#5653,#1076,.T.);
#7764=EDGE_CURVE('',#5669,#5661,#1579,.T.);
#7766=EDGE_CURVE('',#5671,#5669,#1541,.T.);
#7768=EDGE_CURVE('',#5667,#5671,#1536,.T.);
#7784=EDGE_CURVE('',#5675,#5667,#1095,.T.);
#7786=EDGE_CURVE('',#5673,#5675,#1090,.T.);
#7788=EDGE_CURVE('',#5641,#5673,#1085,.T.);
#7798=EDGE_CURVE('',#5681,#5683,#1139,.T.);
#7800=EDGE_CURVE('',#5679,#5681,#1134,.T.);
#7802=EDGE_CURVE('',#5677,#5679,#1129,.T.);
#7804=EDGE_CURVE('',#5643,#5677,#1124,.T.);
#7810=EDGE_CURVE('',#5683,#5667,#1531,.T.);
#7830=EDGE_CURVE('',#5683,#5685,#1144,.T.);
#7832=EDGE_CURVE('',#5685,#5687,#1149,.T.);
#7834=EDGE_CURVE('',#5687,#5689,#1154,.T.);
#7836=EDGE_CURVE('',#5689,#5691,#1159,.T.);
#7838=EDGE_CURVE('',#5691,#5694,#1164,.T.);
#7840=EDGE_CURVE('',#5694,#5695,#1169,.T.);
#7842=EDGE_CURVE('',#5695,#5697,#1174,.T.);
#7844=EDGE_CURVE('',#5697,#5699,#1179,.T.);
#7846=EDGE_CURVE('',#5699,#5701,#1184,.T.);
#7848=EDGE_CURVE('',#5701,#5703,#1189,.T.);
#7850=EDGE_CURVE('',#5703,#5706,#1194,.T.);
#7852=EDGE_CURVE('',#5706,#5707,#1199,.T.);
#7854=EDGE_CURVE('',#5707,#5709,#1204,.T.);
#7856=EDGE_CURVE('',#5709,#5711,#1209,.T.);
#7858=EDGE_CURVE('',#5711,#5713,#1214,.T.);
#7860=EDGE_CURVE('',#5713,#5715,#1219,.T.);
#7862=EDGE_CURVE('',#5715,#5718,#1224,.T.);
#7864=EDGE_CURVE('',#5718,#5719,#1229,.T.);
#7866=EDGE_CURVE('',#5719,#5721,#1234,.T.);
#7868=EDGE_CURVE('',#5721,#5723,#1239,.T.);
#7870=EDGE_CURVE('',#5723,#5725,#1244,.T.);
#7872=EDGE_CURVE('',#5725,#5727,#1249,.T.);
#7874=EDGE_CURVE('',#5727,#5730,#1254,.T.);
#7876=EDGE_CURVE('',#5730,#5731,#1259,.T.);
#7878=EDGE_CURVE('',#5731,#5733,#1264,.T.);
#7880=EDGE_CURVE('',#5733,#5735,#1269,.T.);
#7882=EDGE_CURVE('',#5735,#5737,#1274,.T.);
#7884=EDGE_CURVE('',#5737,#5739,#1279,.T.);
#7886=EDGE_CURVE('',#5739,#5741,#1284,.T.);
#7888=EDGE_CURVE('',#5741,#5742,#1293,.T.);
#7890=EDGE_CURVE('',#5742,#5744,#1298,.T.);
#7892=EDGE_CURVE('',#5744,#5746,#1303,.T.);
#7894=EDGE_CURVE('',#5746,#5748,#1308,.T.);
#7896=EDGE_CURVE('',#5748,#5750,#1313,.T.);
#7898=EDGE_CURVE('',#5750,#5752,#1318,.T.);
#7900=EDGE_CURVE('',#5752,#5754,#1323,.T.);
#7902=EDGE_CURVE('',#5754,#5756,#1328,.T.);
#7904=EDGE_CURVE('',#5756,#5634,#1332,.T.);
#7908=EDGE_CURVE('',#5759,#5760,#1337,.T.);
#7910=EDGE_CURVE('',#5760,#5759,#1342,.T.);
#7914=EDGE_CURVE('',#5763,#5764,#1347,.T.);
#7916=EDGE_CURVE('',#5764,#5763,#1352,.T.);
#7920=EDGE_CURVE('',#5767,#5768,#1356,.T.);
#7922=EDGE_CURVE('',#5768,#5770,#1361,.T.);
#7924=EDGE_CURVE('',#5770,#5772,#1366,.T.);
#7926=EDGE_CURVE('',#5772,#5775,#1371,.T.);
#7928=EDGE_CURVE('',#5775,#5776,#1376,.T.);
#7930=EDGE_CURVE('',#5776,#5778,#1380,.T.);
#7932=EDGE_CURVE('',#5778,#5780,#1385,.T.);
#7934=EDGE_CURVE('',#5780,#5782,#1390,.T.);
#7936=EDGE_CURVE('',#5782,#5785,#1395,.T.);
#7938=EDGE_CURVE('',#5785,#5786,#1400,.T.);
#7940=EDGE_CURVE('',#5786,#5788,#1405,.T.);
#7942=EDGE_CURVE('',#5788,#5790,#1410,.T.);
#7944=EDGE_CURVE('',#5790,#5792,#1414,.T.);
#7946=EDGE_CURVE('',#5792,#5795,#1419,.T.);
#7948=EDGE_CURVE('',#5795,#5796,#1424,.T.);
#7950=EDGE_CURVE('',#5796,#5768,#1429,.T.);
#7952=EDGE_CURVE('',#5768,#5798,#1433,.T.);
#7954=EDGE_CURVE('',#5798,#5801,#1438,.T.);
#7956=EDGE_CURVE('',#5801,#5802,#1443,.T.);
#7958=EDGE_CURVE('',#5802,#5804,#1447,.T.);
#7960=EDGE_CURVE('',#5804,#5806,#1452,.T.);
#7962=EDGE_CURVE('',#5806,#5808,#1457,.T.);
#7964=EDGE_CURVE('',#5808,#5810,#1461,.T.);
#7966=EDGE_CURVE('',#5810,#5767,#1466,.T.);
#7970=EDGE_CURVE('',#5813,#5814,#1471,.T.);
#7972=EDGE_CURVE('',#5814,#5816,#1476,.T.);
#7974=EDGE_CURVE('',#5816,#5818,#1481,.T.);
#7976=EDGE_CURVE('',#5818,#5820,#1486,.T.);
#7978=EDGE_CURVE('',#5820,#5822,#1491,.T.);
#7980=EDGE_CURVE('',#5822,#5813,#1496,.T.);
#7984=EDGE_CURVE('',#5828,#5825,#1501,.T.);
#7986=EDGE_CURVE('',#5825,#5826,#1506,.T.);
#7988=EDGE_CURVE('',#5826,#5830,#1511,.T.);
#7990=EDGE_CURVE('',#5830,#5832,#1516,.T.);
#7992=EDGE_CURVE('',#5832,#5834,#1521,.T.);
#7994=EDGE_CURVE('',#5834,#5828,#1526,.T.);
#8019=EDGE_CURVE('',#5669,#5685,#1546,.T.);
#8031=EDGE_CURVE('',#5669,#5836,#1551,.T.);
#8033=EDGE_CURVE('',#5687,#5836,#4037,.T.);
#8044=EDGE_CURVE('',#5839,#5840,#1555,.T.);
#8046=EDGE_CURVE('',#5842,#5840,#1625,.T.);
#8048=EDGE_CURVE('',#5844,#5842,#1595,.T.);
#8050=EDGE_CURVE('',#5846,#5844,#3812,.T.);
#8052=EDGE_CURVE('',#5848,#5846,#4504,.T.);
#8054=EDGE_CURVE('',#5850,#5848,#4500,.T.);
#8056=EDGE_CURVE('',#5850,#5852,#1559,.T.);
#8058=EDGE_CURVE('',#5854,#5852,#3852,.T.);
#8060=EDGE_CURVE('',#5854,#5856,#1563,.T.);
#8062=EDGE_CURVE('',#5858,#5856,#4404,.T.);
#8064=EDGE_CURVE('',#5860,#5858,#4374,.T.);
#8066=EDGE_CURVE('',#5862,#5860,#3902,.T.);
#8068=EDGE_CURVE('',#5862,#5864,#1567,.T.);
#8070=EDGE_CURVE('',#5866,#5864,#4298,.T.);
#8072=EDGE_CURVE('',#5868,#5866,#4268,.T.);
#8074=EDGE_CURVE('',#5870,#5868,#3957,.T.);
#8076=EDGE_CURVE('',#5872,#5870,#3952,.T.);
#8078=EDGE_CURVE('',#5872,#5874,#1571,.T.);
#8080=EDGE_CURVE('',#5876,#5874,#4192,.T.);
#8082=EDGE_CURVE('',#5878,#5876,#4162,.T.);
#8084=EDGE_CURVE('',#5880,#5878,#4007,.T.);
#8086=EDGE_CURVE('',#5880,#5882,#1575,.T.);
#8088=EDGE_CURVE('',#5884,#5882,#4086,.T.);
#8090=EDGE_CURVE('',#5836,#5884,#4056,.T.);
#8096=EDGE_CURVE('',#5886,#5507,#1933,.T.);
#8098=EDGE_CURVE('',#5888,#5886,#1928,.T.);
#8100=EDGE_CURVE('',#5890,#5888,#4512,.T.);
#8102=EDGE_CURVE('',#5839,#5890,#3757,.T.);
#8112=EDGE_CURVE('',#5893,#5894,#1587,.T.);
#8114=EDGE_CURVE('',#5840,#5894,#1600,.T.);
#8117=EDGE_CURVE('',#5893,#5839,#3772,.T.);
#8127=EDGE_CURVE('',#5897,#5898,#1591,.T.);
#8129=EDGE_CURVE('',#5900,#5898,#1610,.T.);
#8131=EDGE_CURVE('',#5894,#5900,#1605,.T.);
#8134=EDGE_CURVE('',#5902,#5893,#3787,.T.);
#8136=EDGE_CURVE('',#5897,#5902,#3782,.T.);
#8147=EDGE_CURVE('',#5904,#5842,#1620,.T.);
#8149=EDGE_CURVE('',#5898,#5904,#1615,.T.);
#8152=EDGE_CURVE('',#5906,#5897,#3802,.T.);
#8154=EDGE_CURVE('',#5844,#5906,#3797,.T.);
#8172=EDGE_CURVE('',#5909,#5910,#1630,.T.);
#8174=EDGE_CURVE('',#5910,#5909,#1635,.T.);
#8184=EDGE_CURVE('',#6603,#6602,#1640,.T.);
#8186=EDGE_CURVE('',#5910,#6602,#5383,.T.);
#8189=EDGE_CURVE('',#5909,#6603,#1644,.T.);
#8199=EDGE_CURVE('',#6599,#6598,#1668,.T.);
#8201=EDGE_CURVE('',#6598,#6602,#5374,.T.);
#8204=EDGE_CURVE('',#6599,#6603,#1648,.T.);
#8214=EDGE_CURVE('',#5913,#5914,#1653,.T.);
#8216=EDGE_CURVE('',#5914,#5913,#1658,.T.);
#8220=EDGE_CURVE('',#6598,#6599,#1663,.T.);
#8232=EDGE_CURVE('',#5913,#5916,#1672,.T.);
#8234=EDGE_CURVE('',#5918,#5916,#1705,.T.);
#8236=EDGE_CURVE('',#5914,#5918,#1676,.T.);
#8248=EDGE_CURVE('',#5916,#5918,#1700,.T.);
#8259=EDGE_CURVE('',#5921,#5922,#1681,.T.);
#8261=EDGE_CURVE('',#5924,#5922,#1845,.T.);
#8263=EDGE_CURVE('',#5924,#5926,#1685,.T.);
#8265=EDGE_CURVE('',#5926,#5928,#1690,.T.);
#8267=EDGE_CURVE('',#5928,#5921,#1695,.T.);
#8275=EDGE_CURVE('',#5931,#5932,#1710,.T.);
#8277=EDGE_CURVE('',#5932,#5931,#1715,.T.);
#8281=EDGE_CURVE('',#5935,#5936,#1720,.T.);
#8283=EDGE_CURVE('',#5936,#5935,#1725,.T.);
#8287=EDGE_CURVE('',#5939,#5940,#1730,.T.);
#8289=EDGE_CURVE('',#5940,#5939,#1735,.T.);
#8293=EDGE_CURVE('',#5943,#5944,#1740,.T.);
#8295=EDGE_CURVE('',#5944,#5943,#1745,.T.);
#8299=EDGE_CURVE('',#5947,#5948,#1750,.T.);
#8301=EDGE_CURVE('',#5948,#5947,#1755,.T.);
#8305=EDGE_CURVE('',#5951,#5952,#1760,.T.);
#8307=EDGE_CURVE('',#5952,#5951,#1765,.T.);
#8311=EDGE_CURVE('',#5955,#5956,#1770,.T.);
#8313=EDGE_CURVE('',#5956,#5955,#1775,.T.);
#8317=EDGE_CURVE('',#5959,#5960,#1779,.T.);
#8319=EDGE_CURVE('',#5960,#5963,#1784,.T.);
#8321=EDGE_CURVE('',#5963,#5964,#1789,.T.);
#8323=EDGE_CURVE('',#5964,#5966,#1794,.T.);
#8325=EDGE_CURVE('',#5966,#5968,#1799,.T.);
#8327=EDGE_CURVE('',#5968,#5971,#1804,.T.);
#8329=EDGE_CURVE('',#5971,#5972,#1809,.T.);
#8331=EDGE_CURVE('',#5972,#5974,#1813,.T.);
#8333=EDGE_CURVE('',#5974,#5976,#1818,.T.);
#8335=EDGE_CURVE('',#5976,#5979,#1823,.T.);
#8337=EDGE_CURVE('',#5979,#5980,#1828,.T.);
#8339=EDGE_CURVE('',#5980,#5959,#1833,.T.);
#8349=EDGE_CURVE('',#5982,#5922,#1837,.T.);
#8353=EDGE_CURVE('',#5928,#5984,#1841,.T.);
#8355=EDGE_CURVE('',#5986,#5984,#1863,.T.);
#8357=EDGE_CURVE('',#5982,#5986,#1858,.T.);
#8369=EDGE_CURVE('',#5982,#5988,#1849,.T.);
#8371=EDGE_CURVE('',#5990,#5988,#2162,.T.);
#8373=EDGE_CURVE('',#5990,#5924,#1853,.T.);
#8383=EDGE_CURVE('',#5988,#5992,#2166,.T.);
#8388=EDGE_CURVE('',#5984,#5994,#1867,.T.);
#8390=EDGE_CURVE('',#5996,#5994,#3413,.T.);
#8392=EDGE_CURVE('',#5998,#5996,#2042,.T.);
#8394=EDGE_CURVE('',#5998,#6000,#1871,.T.);
#8396=EDGE_CURVE('',#6002,#6000,#2367,.T.);
#8398=EDGE_CURVE('',#6002,#5595,#1876,.T.);
#8405=EDGE_CURVE('',#5617,#6004,#1904,.T.);
#8407=EDGE_CURVE('',#6004,#6006,#1909,.T.);
#8409=EDGE_CURVE('',#6006,#6008,#1914,.T.);
#8411=EDGE_CURVE('',#6008,#6010,#1918,.T.);
#8413=EDGE_CURVE('',#6010,#5888,#1923,.T.);
#8428=EDGE_CURVE('',#6012,#5553,#2411,.T.);
#8430=EDGE_CURVE('',#5992,#6012,#2605,.T.);
#8434=EDGE_CURVE('',#6015,#6016,#1990,.T.);
#8436=EDGE_CURVE('',#6016,#6015,#1995,.T.);
#8440=EDGE_CURVE('',#6019,#6020,#2000,.T.);
#8442=EDGE_CURVE('',#6020,#6019,#2005,.T.);
#8446=EDGE_CURVE('',#6670,#6671,#2010,.T.);
#8448=EDGE_CURVE('',#6671,#6670,#2015,.T.);
#8452=EDGE_CURVE('',#6678,#6679,#2020,.T.);
#8454=EDGE_CURVE('',#6679,#6678,#2025,.T.);
#8464=EDGE_CURVE('',#6055,#6056,#2029,.T.);
#8466=EDGE_CURVE('',#6056,#6058,#2034,.T.);
#8468=EDGE_CURVE('',#6058,#5998,#2038,.T.);
#8471=EDGE_CURVE('',#6060,#5996,#3409,.T.);
#8473=EDGE_CURVE('',#6060,#6061,#2098,.T.);
#8475=EDGE_CURVE('',#6061,#6063,#2102,.T.);
#8477=EDGE_CURVE('',#6063,#5990,#2158,.T.);
#8481=EDGE_CURVE('',#5992,#6065,#2170,.T.);
#8483=EDGE_CURVE('',#6065,#6067,#2175,.T.);
#8485=EDGE_CURVE('',#6067,#6069,#2179,.T.);
#8487=EDGE_CURVE('',#6069,#6071,#2184,.T.);
#8489=EDGE_CURVE('',#6071,#6073,#2188,.T.);
#8491=EDGE_CURVE('',#6073,#6055,#2193,.T.);
#8495=EDGE_CURVE('',#6076,#6077,#2198,.T.);
#8497=EDGE_CURVE('',#6077,#6076,#2203,.T.);
#8501=EDGE_CURVE('',#6080,#6081,#2208,.T.);
#8503=EDGE_CURVE('',#6081,#6080,#2213,.T.);
#8507=EDGE_CURVE('',#6084,#6085,#2218,.T.);
#8509=EDGE_CURVE('',#6085,#6084,#2223,.T.);
#8513=EDGE_CURVE('',#6088,#6089,#2228,.T.);
#8515=EDGE_CURVE('',#6089,#6088,#2233,.T.);
#8519=EDGE_CURVE('',#6092,#6093,#2238,.T.);
#8521=EDGE_CURVE('',#6093,#6092,#2243,.T.);
#8525=EDGE_CURVE('',#6096,#6097,#2248,.T.);
#8527=EDGE_CURVE('',#6097,#6096,#2253,.T.);
#8531=EDGE_CURVE('',#6100,#6101,#2258,.T.);
#8533=EDGE_CURVE('',#6101,#6100,#2263,.T.);
#8537=EDGE_CURVE('',#6104,#6105,#2268,.T.);
#8539=EDGE_CURVE('',#6105,#6107,#2272,.T.);
#8541=EDGE_CURVE('',#6107,#6110,#2277,.T.);
#8543=EDGE_CURVE('',#6110,#6111,#2282,.T.);
#8545=EDGE_CURVE('',#6111,#6113,#2287,.T.);
#8547=EDGE_CURVE('',#6113,#6115,#2292,.T.);
#8549=EDGE_CURVE('',#6115,#6118,#2297,.T.);
#8551=EDGE_CURVE('',#6118,#6119,#2302,.T.);
#8553=EDGE_CURVE('',#6119,#6121,#2306,.T.);
#8555=EDGE_CURVE('',#6121,#6123,#2311,.T.);
#8557=EDGE_CURVE('',#6123,#6125,#2316,.T.);
#8559=EDGE_CURVE('',#6125,#6127,#2321,.T.);
#8561=EDGE_CURVE('',#6127,#6104,#2326,.T.);
#8565=EDGE_CURVE('',#6130,#6131,#2330,.T.);
#8567=EDGE_CURVE('',#6131,#6133,#2335,.T.);
#8569=EDGE_CURVE('',#6133,#6135,#2340,.T.);
#8571=EDGE_CURVE('',#6135,#6137,#2344,.T.);
#8573=EDGE_CURVE('',#6137,#6139,#2349,.T.);
#8575=EDGE_CURVE('',#6139,#6141,#2353,.T.);
#8577=EDGE_CURVE('',#6141,#6143,#2358,.T.);
#8579=EDGE_CURVE('',#6143,#6130,#2363,.T.);
#8589=EDGE_CURVE('',#6146,#6147,#2380,.T.);
#8591=EDGE_CURVE('',#6056,#6146,#2577,.T.);
#8594=EDGE_CURVE('',#6147,#6055,#2581,.T.);
#8605=EDGE_CURVE('',#6000,#6149,#2371,.T.);
#8607=EDGE_CURVE('',#6149,#6146,#2376,.T.);
#8610=EDGE_CURVE('',#6147,#6151,#2385,.T.);
#8612=EDGE_CURVE('',#6151,#6153,#2389,.T.);
#8614=EDGE_CURVE('',#6153,#6155,#2394,.T.);
#8616=EDGE_CURVE('',#6155,#6157,#2398,.T.);
#8618=EDGE_CURVE('',#6157,#6159,#2403,.T.);
#8620=EDGE_CURVE('',#6159,#6012,#2407,.T.);
#8624=EDGE_CURVE('',#5551,#6161,#2416,.T.);
#8626=EDGE_CURVE('',#6161,#6163,#2421,.T.);
#8628=EDGE_CURVE('',#6163,#6165,#2425,.T.);
#8630=EDGE_CURVE('',#6165,#6167,#2430,.T.);
#8632=EDGE_CURVE('',#6167,#6169,#2435,.T.);
#8634=EDGE_CURVE('',#6169,#6172,#2440,.T.);
#8636=EDGE_CURVE('',#6172,#6173,#2445,.T.);
#8638=EDGE_CURVE('',#6173,#6175,#2450,.T.);
#8640=EDGE_CURVE('',#6175,#6177,#2455,.T.);
#8642=EDGE_CURVE('',#6177,#6179,#2459,.T.);
#8644=EDGE_CURVE('',#6179,#6181,#2464,.T.);
#8646=EDGE_CURVE('',#6181,#6183,#2469,.T.);
#8648=EDGE_CURVE('',#6185,#6183,#2708,.T.);
#8650=EDGE_CURVE('',#6185,#6186,#2494,.T.);
#8652=EDGE_CURVE('',#6188,#6186,#2853,.T.);
#8654=EDGE_CURVE('',#6190,#6188,#2840,.T.);
#8656=EDGE_CURVE('',#6190,#6192,#2499,.T.);
#8658=EDGE_CURVE('',#6194,#6192,#2805,.T.);
#8660=EDGE_CURVE('',#6002,#6194,#2801,.T.);
#8664=EDGE_CURVE('',#6197,#6198,#2504,.T.);
#8666=EDGE_CURVE('',#6198,#6197,#2509,.T.);
#8670=EDGE_CURVE('',#6201,#6202,#2514,.T.);
#8672=EDGE_CURVE('',#6202,#6201,#2519,.T.);
#8676=EDGE_CURVE('',#6205,#6206,#2524,.T.);
#8678=EDGE_CURVE('',#6206,#6205,#2529,.T.);
#8682=EDGE_CURVE('',#6209,#6210,#2534,.T.);
#8684=EDGE_CURVE('',#6210,#6209,#2539,.T.);
#8688=EDGE_CURVE('',#6213,#6214,#2544,.T.);
#8690=EDGE_CURVE('',#6214,#6213,#2549,.T.);
#8694=EDGE_CURVE('',#6217,#6218,#2554,.T.);
#8696=EDGE_CURVE('',#6218,#6217,#2559,.T.);
#8700=EDGE_CURVE('',#6221,#6222,#2564,.T.);
#8702=EDGE_CURVE('',#6222,#6221,#2569,.T.);
#8715=EDGE_CURVE('',#6149,#6058,#2573,.T.);
#8740=EDGE_CURVE('',#6073,#6151,#2585,.T.);
#8751=EDGE_CURVE('',#6153,#6071,#2589,.T.);
#8766=EDGE_CURVE('',#6069,#6155,#2593,.T.);
#8779=EDGE_CURVE('',#6157,#6067,#2597,.T.);
#8792=EDGE_CURVE('',#6065,#6159,#2601,.T.);
#8814=EDGE_CURVE('',#6161,#6123,#2621,.T.);
#8817=EDGE_CURVE('',#6224,#5551,#3069,.T.);
#8819=EDGE_CURVE('',#5549,#6224,#3064,.T.);
#8822=EDGE_CURVE('',#6225,#5547,#2676,.T.);
#8824=EDGE_CURVE('',#6225,#6127,#2613,.T.);
#8836=EDGE_CURVE('',#6121,#6163,#2617,.T.);
#8852=EDGE_CURVE('',#6165,#6119,#2625,.T.);
#8862=EDGE_CURVE('',#6169,#6115,#2629,.T.);
#8882=EDGE_CURVE('',#6173,#6111,#2637,.T.);
#8892=EDGE_CURVE('',#6107,#6177,#2633,.T.);
#8907=EDGE_CURVE('',#6179,#6105,#2641,.T.);
#8920=EDGE_CURVE('',#6181,#6104,#2645,.T.);
#8934=EDGE_CURVE('',#6183,#6225,#2652,.T.);
#8950=EDGE_CURVE('',#5545,#6185,#2704,.T.);
#9303=EDGE_CURVE('',#5545,#6226,#2716,.T.);
#9305=EDGE_CURVE('',#6185,#6226,#2881,.T.);
#9343=EDGE_CURVE('',#6227,#5545,#2759,.T.);
#9345=EDGE_CURVE('',#6226,#6227,#2886,.T.);
#9408=EDGE_CURVE('',#6230,#6231,#2767,.T.);
#9410=EDGE_CURVE('',#6232,#6230,#2860,.T.);
#9412=EDGE_CURVE('',#6232,#6227,#2752,.T.);
#9416=EDGE_CURVE('',#6233,#5543,#3037,.T.);
#9418=EDGE_CURVE('',#6231,#6233,#2999,.T.);
#9428=EDGE_CURVE('',#6236,#6237,#2763,.T.);
#9430=EDGE_CURVE('',#6230,#6237,#2864,.T.);
#9433=EDGE_CURVE('',#6236,#6231,#2984,.T.);
#9493=EDGE_CURVE('',#6238,#5597,#2793,.T.);
#9495=EDGE_CURVE('',#6238,#6239,#2776,.T.);
#9497=EDGE_CURVE('',#6240,#6239,#2926,.T.);
#9499=EDGE_CURVE('',#6241,#6240,#2824,.T.);
#9501=EDGE_CURVE('',#6237,#6241,#2871,.T.);
#9504=EDGE_CURVE('',#5583,#6236,#2980,.T.);
#9514=EDGE_CURVE('',#6194,#6238,#2783,.T.);
#9529=EDGE_CURVE('',#6242,#6192,#2817,.T.);
#9531=EDGE_CURVE('',#6242,#6244,#2809,.T.);
#9533=EDGE_CURVE('',#6239,#6244,#2936,.T.);
#9545=EDGE_CURVE('',#6245,#6190,#2836,.T.);
#9547=EDGE_CURVE('',#6242,#6245,#2941,.T.);
#9559=EDGE_CURVE('',#6241,#6188,#2849,.T.);
#9562=EDGE_CURVE('',#6246,#6240,#2912,.T.);
#9564=EDGE_CURVE('',#6246,#6245,#2828,.T.);
#9578=EDGE_CURVE('',#6232,#6186,#2902,.T.);
#9815=EDGE_CURVE('',#6246,#6244,#2954,.T.);
#9842=EDGE_CURVE('',#6233,#5573,#3003,.T.);
#9854=EDGE_CURVE('',#5541,#5575,#3046,.T.);
#9889=EDGE_CURVE('',#6643,#6642,#3074,.T.);
#9891=EDGE_CURVE('',#6198,#6642,#3123,.T.);
#9894=EDGE_CURVE('',#6197,#6643,#3078,.T.);
#9904=EDGE_CURVE('',#6639,#6638,#3102,.T.);
#9906=EDGE_CURVE('',#6638,#6642,#3114,.T.);
#9909=EDGE_CURVE('',#6639,#6643,#3082,.T.);
#9919=EDGE_CURVE('',#6249,#6250,#3087,.T.);
#9921=EDGE_CURVE('',#6250,#6249,#3092,.T.);
#9925=EDGE_CURVE('',#6638,#6639,#3097,.T.);
#9937=EDGE_CURVE('',#6249,#6100,#3106,.T.);
#9940=EDGE_CURVE('',#6250,#6101,#3110,.T.);
#9964=EDGE_CURVE('',#6642,#6643,#3119,.T.);
#9987=EDGE_CURVE('',#6627,#6626,#3128,.T.);
#9989=EDGE_CURVE('',#6202,#6626,#3177,.T.);
#9992=EDGE_CURVE('',#6201,#6627,#3132,.T.);
#10002=EDGE_CURVE('',#6623,#6622,#3156,.T.);
#10004=EDGE_CURVE('',#6622,#6626,#3168,.T.);
#10007=EDGE_CURVE('',#6623,#6627,#3136,.T.);
#10017=EDGE_CURVE('',#6253,#6254,#3141,.T.);
#10019=EDGE_CURVE('',#6254,#6253,#3146,.T.);
#10023=EDGE_CURVE('',#6622,#6623,#3151,.T.);
#10035=EDGE_CURVE('',#6253,#6096,#3160,.T.);
#10038=EDGE_CURVE('',#6254,#6097,#3164,.T.);
#10062=EDGE_CURVE('',#6626,#6627,#3173,.T.);
#10085=EDGE_CURVE('',#6635,#6634,#3182,.T.);
#10087=EDGE_CURVE('',#6206,#6634,#3231,.T.);
#10090=EDGE_CURVE('',#6205,#6635,#3186,.T.);
#10100=EDGE_CURVE('',#6631,#6630,#3210,.T.);
#10102=EDGE_CURVE('',#6630,#6634,#3222,.T.);
#10105=EDGE_CURVE('',#6631,#6635,#3190,.T.);
#10115=EDGE_CURVE('',#6257,#6258,#3195,.T.);
#10117=EDGE_CURVE('',#6258,#6257,#3200,.T.);
#10121=EDGE_CURVE('',#6630,#6631,#3205,.T.);
#10133=EDGE_CURVE('',#6257,#6092,#3214,.T.);
#10136=EDGE_CURVE('',#6258,#6093,#3218,.T.);
#10160=EDGE_CURVE('',#6634,#6635,#3227,.T.);
#10183=EDGE_CURVE('',#6659,#6658,#3236,.T.);
#10185=EDGE_CURVE('',#6210,#6658,#3285,.T.);
#10188=EDGE_CURVE('',#6209,#6659,#3240,.T.);
#10198=EDGE_CURVE('',#6655,#6654,#3264,.T.);
#10200=EDGE_CURVE('',#6654,#6658,#3276,.T.);
#10203=EDGE_CURVE('',#6655,#6659,#3244,.T.);
#10213=EDGE_CURVE('',#6261,#6262,#3249,.T.);
#10215=EDGE_CURVE('',#6262,#6261,#3254,.T.);
#10219=EDGE_CURVE('',#6654,#6655,#3259,.T.);
#10231=EDGE_CURVE('',#6261,#6080,#3268,.T.);
#10234=EDGE_CURVE('',#6262,#6081,#3272,.T.);
#10258=EDGE_CURVE('',#6658,#6659,#3281,.T.);
#10281=EDGE_CURVE('',#6667,#6666,#3290,.T.);
#10283=EDGE_CURVE('',#6214,#6666,#3339,.T.);
#10286=EDGE_CURVE('',#6213,#6667,#3294,.T.);
#10296=EDGE_CURVE('',#6663,#6662,#3318,.T.);
#10298=EDGE_CURVE('',#6662,#6666,#3330,.T.);
#10301=EDGE_CURVE('',#6663,#6667,#3298,.T.);
#10311=EDGE_CURVE('',#6265,#6266,#3303,.T.);
#10313=EDGE_CURVE('',#6266,#6265,#3308,.T.);
#10317=EDGE_CURVE('',#6662,#6663,#3313,.T.);
#10329=EDGE_CURVE('',#6265,#6084,#3322,.T.);
#10332=EDGE_CURVE('',#6266,#6085,#3326,.T.);
#10356=EDGE_CURVE('',#6666,#6667,#3335,.T.);
#10380=EDGE_CURVE('',#6076,#6217,#3347,.T.);
#10383=EDGE_CURVE('',#6077,#6218,#3343,.T.);
#10405=EDGE_CURVE('',#6651,#6650,#3352,.T.);
#10407=EDGE_CURVE('',#6222,#6650,#3401,.T.);
#10410=EDGE_CURVE('',#6221,#6651,#3356,.T.);
#10420=EDGE_CURVE('',#6647,#6646,#3380,.T.);
#10422=EDGE_CURVE('',#6646,#6650,#3392,.T.);
#10425=EDGE_CURVE('',#6647,#6651,#3360,.T.);
#10435=EDGE_CURVE('',#6269,#6270,#3365,.T.);
#10437=EDGE_CURVE('',#6270,#6269,#3370,.T.);
#10441=EDGE_CURVE('',#6646,#6647,#3375,.T.);
#10453=EDGE_CURVE('',#6270,#6089,#3388,.T.);
#10456=EDGE_CURVE('',#6269,#6088,#3384,.T.);
#10480=EDGE_CURVE('',#6650,#6651,#3397,.T.);
#10503=EDGE_CURVE('',#6272,#6060,#3405,.T.);
#10507=EDGE_CURVE('',#5994,#6272,#3417,.T.);
#10565=EDGE_CURVE('',#6272,#6273,#3471,.T.);
#10567=EDGE_CURVE('',#6061,#6273,#3569,.T.);
#10627=EDGE_CURVE('',#6274,#5928,#3532,.T.);
#10629=EDGE_CURVE('',#6273,#6274,#3573,.T.);
#10632=EDGE_CURVE('',#5928,#6272,#3625,.T.);
#10650=B_SPLINE_CURVE_WITH_KNOTS('',3,(#10637,#10638,#10639,#10640,#10641,
#10642,#10643,#10644,#10645,#10646,#10647,#10648,#10649),.UNSPECIFIED.,.F.,.F.,(
4,1,1,1,1,1,1,1,1,1,4),(0.E0,4.562407533259E-2,1.249437559415E-1,
2.499908380630E-1,3.750379201846E-1,5.000850023061E-1,6.251320844276E-1,
7.501791665492E-1,8.752262486707E-1,9.543749239164E-1,1.E0),.UNSPECIFIED.);
#10655=EDGE_CURVE('',#6274,#6276,#3578,.T.);
#10659=EDGE_CURVE('',#5926,#6277,#3542,.T.);
#10661=EDGE_CURVE('',#6277,#6276,#3561,.T.);
#10671=EDGE_CURVE('',#6276,#6063,#3565,.T.);
#10741=EDGE_CURVE('',#6277,#5924,#3621,.T.);
#10758=B_SPLINE_CURVE_WITH_KNOTS('',3,(#10746,#10747,#10748,#10749,#10750,
#10751,#10752,#10753,#10754,#10755,#10756,#10757),.UNSPECIFIED.,.F.,.F.,(4,1,1,
1,1,1,1,1,1,4),(0.E0,6.613824167213E-2,2.937770019922E-1,4.075963821559E-1,
5.214157623196E-1,6.352351424834E-1,7.490545226472E-1,8.628739028109E-1,
9.712114525475E-1,1.E0),.UNSPECIFIED.);
#10786=EDGE_CURVE('',#6279,#6130,#3633,.T.);
#10788=EDGE_CURVE('',#6281,#6279,#3653,.T.);
#10790=EDGE_CURVE('',#6131,#6281,#3645,.T.);
#10802=EDGE_CURVE('',#6141,#6283,#3629,.T.);
#10804=EDGE_CURVE('',#6285,#6283,#3663,.T.);
#10806=EDGE_CURVE('',#6279,#6285,#3658,.T.);
#10818=EDGE_CURVE('',#6287,#6139,#3641,.T.);
#10820=EDGE_CURVE('',#6283,#6287,#3667,.T.);
#10832=EDGE_CURVE('',#6137,#6289,#3637,.T.);
#10834=EDGE_CURVE('',#6287,#6289,#3672,.T.);
#10846=EDGE_CURVE('',#6291,#6135,#3649,.T.);
#10848=EDGE_CURVE('',#6289,#6291,#3676,.T.);
#10861=EDGE_CURVE('',#6293,#6281,#3686,.T.);
#10863=EDGE_CURVE('',#6291,#6293,#3681,.T.);
#10892=EDGE_CURVE('',#6004,#5624,#3716,.T.);
#10905=EDGE_CURVE('',#5623,#6006,#3712,.T.);
#10917=EDGE_CURVE('',#5622,#6008,#3720,.T.);
#10932=EDGE_CURVE('',#6295,#5628,#3728,.T.);
#10934=EDGE_CURVE('',#6010,#6295,#4516,.T.);
#10946=EDGE_CURVE('',#6295,#5756,#3752,.T.);
#10961=EDGE_CURVE('',#5890,#5754,#3762,.T.);
#10963=EDGE_CURVE('',#5890,#6295,#3747,.T.);
#10975=EDGE_CURVE('',#5839,#5752,#3777,.T.);
#11000=EDGE_CURVE('',#5750,#5893,#3767,.T.);
#11013=EDGE_CURVE('',#5897,#5746,#3807,.T.);
#11040=EDGE_CURVE('',#5744,#5844,#3792,.T.);
#11054=EDGE_CURVE('',#5846,#5742,#3827,.T.);
#11079=EDGE_CURVE('',#5741,#6297,#3817,.T.);
#11081=EDGE_CURVE('',#6297,#5846,#3822,.T.);
#11093=EDGE_CURVE('',#6299,#5739,#3847,.T.);
#11095=EDGE_CURVE('',#6299,#6297,#3832,.T.);
#11119=EDGE_CURVE('',#5737,#5852,#3837,.T.);
#11121=EDGE_CURVE('',#5852,#6299,#3842,.T.);
#11133=EDGE_CURVE('',#5854,#5735,#3872,.T.);
#11158=EDGE_CURVE('',#5731,#6301,#3857,.T.);
#11160=EDGE_CURVE('',#6301,#6303,#3862,.T.);
#11162=EDGE_CURVE('',#6303,#5854,#3867,.T.);
#11175=EDGE_CURVE('',#6305,#5727,#3897,.T.);
#11177=EDGE_CURVE('',#6305,#6307,#3877,.T.);
#11179=EDGE_CURVE('',#6307,#6301,#3882,.T.);
#11204=EDGE_CURVE('',#5725,#5860,#3887,.T.);
#11206=EDGE_CURVE('',#5860,#6305,#3892,.T.);
#11218=EDGE_CURVE('',#5862,#5723,#3922,.T.);
#11243=EDGE_CURVE('',#5719,#6309,#3907,.T.);
#11245=EDGE_CURVE('',#6309,#6311,#3912,.T.);
#11247=EDGE_CURVE('',#6311,#5862,#3917,.T.);
#11260=EDGE_CURVE('',#6313,#5715,#3947,.T.);
#11262=EDGE_CURVE('',#6313,#6315,#3927,.T.);
#11264=EDGE_CURVE('',#6315,#6309,#3932,.T.);
#11289=EDGE_CURVE('',#5713,#5868,#3937,.T.);
#11291=EDGE_CURVE('',#5868,#6313,#3942,.T.);
#11303=EDGE_CURVE('',#5872,#5709,#3972,.T.);
#11330=EDGE_CURVE('',#5707,#6317,#3962,.T.);
#11332=EDGE_CURVE('',#6317,#5872,#3967,.T.);
#11344=EDGE_CURVE('',#6319,#5703,#4002,.T.);
#11346=EDGE_CURVE('',#6319,#6321,#3977,.T.);
#11348=EDGE_CURVE('',#6321,#6317,#3982,.T.);
#11373=EDGE_CURVE('',#5699,#5878,#3987,.T.);
#11375=EDGE_CURVE('',#5878,#6323,#3992,.T.);
#11377=EDGE_CURVE('',#6323,#6319,#3997,.T.);
#11390=EDGE_CURVE('',#5880,#5697,#4022,.T.);
#11415=EDGE_CURVE('',#5695,#6325,#4012,.T.);
#11417=EDGE_CURVE('',#6325,#5880,#4017,.T.);
#11429=EDGE_CURVE('',#6327,#5691,#4052,.T.);
#11431=EDGE_CURVE('',#6327,#6329,#4027,.T.);
#11433=EDGE_CURVE('',#6329,#6325,#4032,.T.);
#11459=EDGE_CURVE('',#5836,#6331,#4042,.T.);
#11461=EDGE_CURVE('',#6331,#6327,#4047,.T.);
#11475=EDGE_CURVE('',#6333,#5884,#4081,.T.);
#11477=EDGE_CURVE('',#6335,#6333,#4076,.T.);
#11479=EDGE_CURVE('',#6327,#6335,#4104,.T.);
#11491=EDGE_CURVE('',#5882,#6337,#4061,.T.);
#11493=EDGE_CURVE('',#6337,#6339,#4066,.T.);
#11495=EDGE_CURVE('',#6339,#6335,#4071,.T.);
#11502=EDGE_CURVE('',#6342,#6343,#4091,.T.);
#11504=EDGE_CURVE('',#6343,#6342,#4096,.T.);
#11514=EDGE_CURVE('',#6325,#6337,#4100,.T.);
#11541=EDGE_CURVE('',#6578,#6579,#4109,.T.);
#11543=EDGE_CURVE('',#6343,#6579,#4158,.T.);
#11546=EDGE_CURVE('',#6342,#6578,#4113,.T.);
#11556=EDGE_CURVE('',#6574,#6575,#4132,.T.);
#11558=EDGE_CURVE('',#6575,#6579,#4149,.T.);
#11561=EDGE_CURVE('',#6574,#6578,#4117,.T.);
#11571=EDGE_CURVE('',#6346,#6347,#4122,.T.);
#11573=EDGE_CURVE('',#6347,#6346,#4127,.T.);
#11578=EDGE_CURVE('',#6575,#6574,#4137,.T.);
#11589=EDGE_CURVE('',#6346,#5943,#4141,.T.);
#11592=EDGE_CURVE('',#6347,#5944,#4145,.T.);
#11616=EDGE_CURVE('',#6579,#6578,#4154,.T.);
#11640=EDGE_CURVE('',#6349,#5876,#4187,.T.);
#11642=EDGE_CURVE('',#6351,#6349,#4182,.T.);
#11644=EDGE_CURVE('',#6319,#6351,#4210,.T.);
#11656=EDGE_CURVE('',#5874,#6353,#4167,.T.);
#11658=EDGE_CURVE('',#6353,#6355,#4172,.T.);
#11660=EDGE_CURVE('',#6355,#6351,#4177,.T.);
#11667=EDGE_CURVE('',#6358,#6359,#4197,.T.);
#11669=EDGE_CURVE('',#6359,#6358,#4202,.T.);
#11679=EDGE_CURVE('',#6317,#6353,#4206,.T.);
#11706=EDGE_CURVE('',#6570,#6571,#4215,.T.);
#11708=EDGE_CURVE('',#6359,#6571,#4264,.T.);
#11711=EDGE_CURVE('',#6358,#6570,#4219,.T.);
#11721=EDGE_CURVE('',#6566,#6567,#4238,.T.);
#11723=EDGE_CURVE('',#6567,#6571,#4255,.T.);
#11726=EDGE_CURVE('',#6566,#6570,#4223,.T.);
#11736=EDGE_CURVE('',#6362,#6363,#4228,.T.);
#11738=EDGE_CURVE('',#6363,#6362,#4233,.T.);
#11743=EDGE_CURVE('',#6567,#6566,#4243,.T.);
#11754=EDGE_CURVE('',#6362,#5939,#4247,.T.);
#11757=EDGE_CURVE('',#6363,#5940,#4251,.T.);
#11781=EDGE_CURVE('',#6571,#6570,#4260,.T.);
#11805=EDGE_CURVE('',#6365,#5866,#4293,.T.);
#11807=EDGE_CURVE('',#6313,#6365,#4316,.T.);
#11818=EDGE_CURVE('',#5864,#6368,#4273,.T.);
#11820=EDGE_CURVE('',#6368,#6369,#4278,.T.);
#11822=EDGE_CURVE('',#6369,#6371,#4283,.T.);
#11824=EDGE_CURVE('',#6371,#6365,#4288,.T.);
#11830=EDGE_CURVE('',#6374,#6375,#4303,.T.);
#11832=EDGE_CURVE('',#6375,#6374,#4308,.T.);
#11842=EDGE_CURVE('',#6309,#6369,#4312,.T.);
#11871=EDGE_CURVE('',#6562,#6563,#4321,.T.);
#11873=EDGE_CURVE('',#6375,#6563,#4370,.T.);
#11876=EDGE_CURVE('',#6374,#6562,#4325,.T.);
#11886=EDGE_CURVE('',#6558,#6559,#4344,.T.);
#11888=EDGE_CURVE('',#6559,#6563,#4361,.T.);
#11891=EDGE_CURVE('',#6558,#6562,#4329,.T.);
#11901=EDGE_CURVE('',#6378,#6379,#4334,.T.);
#11903=EDGE_CURVE('',#6379,#6378,#4339,.T.);
#11908=EDGE_CURVE('',#6559,#6558,#4349,.T.);
#11919=EDGE_CURVE('',#6378,#5935,#4353,.T.);
#11922=EDGE_CURVE('',#6379,#5936,#4357,.T.);
#11946=EDGE_CURVE('',#6563,#6562,#4366,.T.);
#11970=EDGE_CURVE('',#6381,#5858,#4399,.T.);
#11972=EDGE_CURVE('',#6305,#6381,#4422,.T.);
#11983=EDGE_CURVE('',#5856,#6384,#4379,.T.);
#11985=EDGE_CURVE('',#6384,#6385,#4384,.T.);
#11987=EDGE_CURVE('',#6385,#6387,#4389,.T.);
#11989=EDGE_CURVE('',#6387,#6381,#4394,.T.);
#11995=EDGE_CURVE('',#6390,#6391,#4409,.T.);
#11997=EDGE_CURVE('',#6391,#6390,#4414,.T.);
#12007=EDGE_CURVE('',#6301,#6385,#4418,.T.);
#12036=EDGE_CURVE('',#6594,#6595,#4427,.T.);
#12038=EDGE_CURVE('',#6391,#6595,#4476,.T.);
#12041=EDGE_CURVE('',#6390,#6594,#4431,.T.);
#12051=EDGE_CURVE('',#6590,#6591,#4450,.T.);
#12053=EDGE_CURVE('',#6591,#6595,#4467,.T.);
#12056=EDGE_CURVE('',#6590,#6594,#4435,.T.);
#12066=EDGE_CURVE('',#6394,#6395,#4440,.T.);
#12068=EDGE_CURVE('',#6395,#6394,#4445,.T.);
#12073=EDGE_CURVE('',#6591,#6590,#4455,.T.);
#12084=EDGE_CURVE('',#6394,#5931,#4459,.T.);
#12087=EDGE_CURVE('',#6395,#5932,#4463,.T.);
#12111=EDGE_CURVE('',#6595,#6594,#4472,.T.);
#12135=EDGE_CURVE('',#6397,#5850,#4495,.T.);
#12137=EDGE_CURVE('',#6397,#6299,#4480,.T.);
#12148=EDGE_CURVE('',#5848,#6399,#4485,.T.);
#12150=EDGE_CURVE('',#6399,#6397,#4490,.T.);
#12162=EDGE_CURVE('',#6399,#6297,#4508,.T.);
#12199=EDGE_CURVE('',#6033,#6034,#4521,.T.);
#12201=EDGE_CURVE('',#6016,#6034,#4542,.T.);
#12204=EDGE_CURVE('',#6015,#6033,#4525,.T.);
#12215=EDGE_CURVE('',#6036,#6033,#4533,.T.);
#12217=EDGE_CURVE('',#6038,#6036,#4556,.T.);
#12219=EDGE_CURVE('',#6038,#6034,#4529,.T.);
#12229=EDGE_CURVE('',#6034,#6033,#4538,.T.);
#12232=EDGE_CURVE('',#6036,#6038,#4547,.T.);
#12256=EDGE_CURVE('',#6038,#6040,#4551,.T.);
#12258=EDGE_CURVE('',#6036,#6040,#4560,.T.);
#12279=EDGE_CURVE('',#6023,#6024,#4565,.T.);
#12281=EDGE_CURVE('',#6020,#6024,#4586,.T.);
#12284=EDGE_CURVE('',#6019,#6023,#4569,.T.);
#12295=EDGE_CURVE('',#6026,#6023,#4577,.T.);
#12297=EDGE_CURVE('',#6028,#6026,#4600,.T.);
#12299=EDGE_CURVE('',#6028,#6024,#4573,.T.);
#12309=EDGE_CURVE('',#6024,#6023,#4582,.T.);
#12312=EDGE_CURVE('',#6026,#6028,#4591,.T.);
#12336=EDGE_CURVE('',#6028,#6030,#4595,.T.);
#12338=EDGE_CURVE('',#6026,#6030,#4604,.T.);
#12360=EDGE_CURVE('',#6671,#6675,#4612,.T.);
#12362=EDGE_CURVE('',#6674,#6675,#4626,.T.);
#12364=EDGE_CURVE('',#6670,#6674,#4608,.T.);
#12376=EDGE_CURVE('',#6675,#6674,#4617,.T.);
#12388=EDGE_CURVE('',#6049,#6674,#4630,.T.);
#12390=EDGE_CURVE('',#6050,#6049,#4644,.T.);
#12392=EDGE_CURVE('',#6050,#6675,#4621,.T.);
#12404=EDGE_CURVE('',#6049,#6050,#4635,.T.);
#12416=EDGE_CURVE('',#6050,#6052,#4639,.T.);
#12418=EDGE_CURVE('',#6049,#6052,#4648,.T.);
#12440=EDGE_CURVE('',#6679,#6683,#4656,.T.);
#12442=EDGE_CURVE('',#6682,#6683,#4670,.T.);
#12444=EDGE_CURVE('',#6678,#6682,#4652,.T.);
#12456=EDGE_CURVE('',#6683,#6682,#4661,.T.);
#12468=EDGE_CURVE('',#6043,#6682,#4674,.T.);
#12470=EDGE_CURVE('',#6044,#6043,#4688,.T.);
#12472=EDGE_CURVE('',#6044,#6683,#4665,.T.);
#12484=EDGE_CURVE('',#6043,#6044,#4679,.T.);
#12496=EDGE_CURVE('',#6044,#6046,#4683,.T.);
#12498=EDGE_CURVE('',#6043,#6046,#4692,.T.);
#12519=EDGE_CURVE('',#6402,#6403,#4706,.T.);
#12521=EDGE_CURVE('',#6402,#5948,#4696,.T.);
#12524=EDGE_CURVE('',#6403,#5947,#4720,.T.);
#12534=EDGE_CURVE('',#6403,#6402,#4701,.T.);
#12539=EDGE_CURVE('',#6582,#6583,#4711,.T.);
#12541=EDGE_CURVE('',#6583,#6582,#4716,.T.);
#12564=EDGE_CURVE('',#6583,#6587,#4728,.T.);
#12566=EDGE_CURVE('',#6586,#6587,#4742,.T.);
#12568=EDGE_CURVE('',#6582,#6586,#4724,.T.);
#12580=EDGE_CURVE('',#6587,#6586,#4733,.T.);
#12592=EDGE_CURVE('',#5664,#6586,#4746,.T.);
#12595=EDGE_CURVE('',#5665,#6587,#4737,.T.);
#12617=EDGE_CURVE('',#6406,#6407,#4760,.T.);
#12619=EDGE_CURVE('',#6406,#5952,#4750,.T.);
#12622=EDGE_CURVE('',#6407,#5951,#4774,.T.);
#12632=EDGE_CURVE('',#6407,#6406,#4755,.T.);
#12637=EDGE_CURVE('',#6614,#6615,#4765,.T.);
#12639=EDGE_CURVE('',#6615,#6614,#4770,.T.);
#12662=EDGE_CURVE('',#6615,#6619,#4782,.T.);
#12664=EDGE_CURVE('',#6618,#6619,#4796,.T.);
#12666=EDGE_CURVE('',#6614,#6618,#4778,.T.);
#12678=EDGE_CURVE('',#6619,#6618,#4787,.T.);
#12690=EDGE_CURVE('',#6410,#6618,#4800,.T.);
#12692=EDGE_CURVE('',#6411,#6410,#4820,.T.);
#12694=EDGE_CURVE('',#6411,#6619,#4791,.T.);
#12706=EDGE_CURVE('',#6410,#6411,#4815,.T.);
#12717=EDGE_CURVE('',#6414,#6415,#4805,.T.);
#12719=EDGE_CURVE('',#6415,#6414,#4810,.T.);
#12733=EDGE_CURVE('',#6418,#6419,#4829,.T.);
#12735=EDGE_CURVE('',#6415,#6418,#4848,.T.);
#12738=EDGE_CURVE('',#6414,#6419,#4824,.T.);
#12749=EDGE_CURVE('',#6419,#6421,#4834,.T.);
#12751=EDGE_CURVE('',#6423,#6421,#4863,.T.);
#12753=EDGE_CURVE('',#6418,#6423,#4844,.T.);
#12763=EDGE_CURVE('',#6419,#6418,#4839,.T.);
#12766=EDGE_CURVE('',#6421,#6423,#4853,.T.);
#12790=EDGE_CURVE('',#6421,#5764,#4868,.T.);
#12793=EDGE_CURVE('',#6423,#5763,#4858,.T.);
#12815=EDGE_CURVE('',#6426,#6427,#4882,.T.);
#12817=EDGE_CURVE('',#6426,#5956,#4872,.T.);
#12820=EDGE_CURVE('',#6427,#5955,#4896,.T.);
#12830=EDGE_CURVE('',#6427,#6426,#4877,.T.);
#12835=EDGE_CURVE('',#6606,#6607,#4887,.T.);
#12837=EDGE_CURVE('',#6607,#6606,#4892,.T.);
#12860=EDGE_CURVE('',#6607,#6611,#4904,.T.);
#12862=EDGE_CURVE('',#6610,#6611,#4918,.T.);
#12864=EDGE_CURVE('',#6606,#6610,#4900,.T.);
#12876=EDGE_CURVE('',#6611,#6610,#4909,.T.);
#12888=EDGE_CURVE('',#6431,#6610,#4922,.T.);
#12890=EDGE_CURVE('',#6430,#6431,#4937,.T.);
#12892=EDGE_CURVE('',#6430,#6611,#4913,.T.);
#12904=EDGE_CURVE('',#6431,#6430,#4942,.T.);
#12915=EDGE_CURVE('',#6434,#6435,#4927,.T.);
#12917=EDGE_CURVE('',#6435,#6434,#4932,.T.);
#12931=EDGE_CURVE('',#6438,#6439,#4951,.T.);
#12933=EDGE_CURVE('',#6435,#6438,#4970,.T.);
#12936=EDGE_CURVE('',#6434,#6439,#4946,.T.);
#12947=EDGE_CURVE('',#6439,#6441,#4956,.T.);
#12949=EDGE_CURVE('',#6443,#6441,#4985,.T.);
#12951=EDGE_CURVE('',#6438,#6443,#4966,.T.);
#12961=EDGE_CURVE('',#6439,#6438,#4961,.T.);
#12964=EDGE_CURVE('',#6441,#6443,#4975,.T.);
#12988=EDGE_CURVE('',#6441,#5760,#4990,.T.);
#12991=EDGE_CURVE('',#6443,#5759,#4980,.T.);
#13014=EDGE_CURVE('',#5960,#5776,#4998,.T.);
#13017=EDGE_CURVE('',#6445,#5959,#5230,.T.);
#13019=EDGE_CURVE('',#6447,#6445,#5246,.T.);
#13021=EDGE_CURVE('',#5778,#6447,#5018,.T.);
#13031=EDGE_CURVE('',#5772,#5964,#4994,.T.);
#13048=EDGE_CURVE('',#5796,#5968,#5002,.T.);
#13062=EDGE_CURVE('',#5792,#5972,#5006,.T.);
#13077=EDGE_CURVE('',#6449,#5790,#5014,.T.);
#13079=EDGE_CURVE('',#6451,#6449,#5072,.T.);
#13081=EDGE_CURVE('',#5974,#6451,#5242,.T.);
#13095=EDGE_CURVE('',#5786,#6453,#5010,.T.);
#13097=EDGE_CURVE('',#6455,#6453,#5064,.T.);
#13099=EDGE_CURVE('',#6449,#6455,#5059,.T.);
#13113=EDGE_CURVE('',#6457,#5782,#5022,.T.);
#13115=EDGE_CURVE('',#6459,#6457,#5046,.T.);
#13117=EDGE_CURVE('',#6453,#6459,#5041,.T.);
#13130=EDGE_CURVE('',#6461,#6447,#5032,.T.);
#13132=EDGE_CURVE('',#6457,#6461,#5027,.T.);
#13144=EDGE_CURVE('',#6457,#6463,#5050,.T.);
#13148=EDGE_CURVE('',#6447,#6465,#5036,.T.);
#13150=EDGE_CURVE('',#6467,#6465,#5139,.T.);
#13152=EDGE_CURVE('',#6463,#6467,#5134,.T.);
#13162=EDGE_CURVE('',#6453,#6469,#5068,.T.);
#13167=EDGE_CURVE('',#6471,#6463,#5129,.T.);
#13169=EDGE_CURVE('',#6469,#6471,#5124,.T.);
#13179=EDGE_CURVE('',#6473,#6449,#5054,.T.);
#13184=EDGE_CURVE('',#6475,#6469,#5119,.T.);
#13186=EDGE_CURVE('',#6473,#6475,#5114,.T.);
#13196=EDGE_CURVE('',#6451,#6477,#5076,.T.);
#13200=EDGE_CURVE('',#6477,#6473,#5109,.T.);
#13211=EDGE_CURVE('',#6479,#6477,#5105,.T.);
#13213=EDGE_CURVE('',#6479,#6481,#5080,.T.);
#13215=EDGE_CURVE('',#6481,#6451,#5085,.T.);
#13225=EDGE_CURVE('',#6484,#6485,#5090,.T.);
#13227=EDGE_CURVE('',#6485,#6487,#5095,.T.);
#13229=EDGE_CURVE('',#6487,#6479,#5100,.T.);
#13239=EDGE_CURVE('',#6465,#6484,#5143,.T.);
#13243=EDGE_CURVE('',#6490,#6491,#5148,.T.);
#13245=EDGE_CURVE('',#6491,#6493,#5153,.T.);
#13247=EDGE_CURVE('',#6493,#6495,#5158,.T.);
#13249=EDGE_CURVE('',#6495,#6497,#5163,.T.);
#13251=EDGE_CURVE('',#6497,#6499,#5168,.T.);
#13253=EDGE_CURVE('',#6499,#6490,#5173,.T.);
#13257=EDGE_CURVE('',#6502,#6503,#5178,.T.);
#13259=EDGE_CURVE('',#6503,#6505,#5183,.T.);
#13261=EDGE_CURVE('',#6505,#6508,#5188,.T.);
#13263=EDGE_CURVE('',#6508,#6509,#5193,.T.);
#13265=EDGE_CURVE('',#6509,#6511,#5198,.T.);
#13267=EDGE_CURVE('',#6511,#6502,#5203,.T.);
#13277=EDGE_CURVE('',#6485,#6537,#5216,.T.);
#13280=EDGE_CURVE('',#6484,#6445,#5207,.T.);
#13282=EDGE_CURVE('',#6445,#6537,#5212,.T.);
#13296=EDGE_CURVE('',#6537,#6539,#5221,.T.);
#13298=EDGE_CURVE('',#6539,#6481,#5226,.T.);
#13308=EDGE_CURVE('',#5980,#6537,#5234,.T.);
#13312=EDGE_CURVE('',#6481,#5976,#5238,.T.);
#13360=EDGE_CURVE('',#6491,#6525,#5259,.T.);
#13363=EDGE_CURVE('',#6490,#6527,#5250,.T.);
#13365=EDGE_CURVE('',#6527,#6525,#5255,.T.);
#13376=EDGE_CURVE('',#6525,#6529,#5264,.T.);
#13378=EDGE_CURVE('',#6529,#6531,#5269,.T.);
#13380=EDGE_CURVE('',#6531,#6495,#5273,.T.);
#13392=EDGE_CURVE('',#5818,#6525,#5281,.T.);
#13396=EDGE_CURVE('',#5814,#6531,#5277,.T.);
#13408=EDGE_CURVE('',#5820,#6527,#5285,.T.);
#13421=EDGE_CURVE('',#5813,#6533,#5289,.T.);
#13426=EDGE_CURVE('',#6535,#6527,#5308,.T.);
#13428=EDGE_CURVE('',#6533,#6535,#5303,.T.);
#13441=EDGE_CURVE('',#6531,#6533,#5294,.T.);
#13453=EDGE_CURVE('',#6533,#6497,#5298,.T.);
#13478=EDGE_CURVE('',#6503,#6513,#5326,.T.);
#13482=EDGE_CURVE('',#6511,#6515,#5312,.T.);
#13484=EDGE_CURVE('',#6515,#6517,#5317,.T.);
#13486=EDGE_CURVE('',#6517,#6513,#5322,.T.);
#13497=EDGE_CURVE('',#6513,#6519,#5331,.T.);
#13499=EDGE_CURVE('',#6519,#6505,#5335,.T.);
#13510=EDGE_CURVE('',#5830,#6513,#5343,.T.);
#13513=EDGE_CURVE('',#5826,#6519,#5339,.T.);
#13524=EDGE_CURVE('',#5834,#6515,#5347,.T.);
#13539=EDGE_CURVE('',#5828,#6521,#5351,.T.);
#13543=EDGE_CURVE('',#6521,#6515,#5370,.T.);
#13557=EDGE_CURVE('',#6523,#6521,#5361,.T.);
#13559=EDGE_CURVE('',#6519,#6523,#5356,.T.);
#13572=EDGE_CURVE('',#6521,#6509,#5365,.T.);
#13598=EDGE_CURVE('',#6602,#6603,#5379,.T.);
#13621=EDGE_CURVE('',#5798,#6541,#5393,.T.);
#13625=EDGE_CURVE('',#6543,#5767,#5445,.T.);
#13627=EDGE_CURVE('',#6541,#6543,#5440,.T.);
#13637=EDGE_CURVE('',#6545,#5802,#5388,.T.);
#13642=EDGE_CURVE('',#6547,#6541,#5436,.T.);
#13644=EDGE_CURVE('',#6545,#6547,#5431,.T.);
#13654=EDGE_CURVE('',#5804,#6549,#5398,.T.);
#13658=EDGE_CURVE('',#6549,#6545,#5426,.T.);
#13669=EDGE_CURVE('',#6551,#6549,#5422,.T.);
#13671=EDGE_CURVE('',#6553,#6551,#5417,.T.);
#13673=EDGE_CURVE('',#6553,#5808,#5403,.T.);
#13685=EDGE_CURVE('',#6543,#6555,#5408,.T.);
#13687=EDGE_CURVE('',#6555,#6553,#5412,.T.);
#13705=EDGE_CURVE('',#5810,#6555,#5450,.T.);
#13723=CLOSED_SHELL('',(#6701,#6776,#6791,#6880,#6918,#6943,#6962,#6984,#7001,
#7018,#7032,#7049,#7066,#7102,#7119,#7185,#7201,#7224,#7241,#7270,#7286,#7352,
#7366,#7382,#7403,#7417,#7429,#7442,#7456,#7470,#7484,#7496,#7513,#7532,#7605,
#7624,#7643,#7659,#7675,#7706,#7723,#7754,#7772,#7792,#7814,#7998,#8024,#8038,
#8106,#8121,#8140,#8158,#8178,#8193,#8208,#8225,#8240,#8253,#8343,#8361,#8377,
#8458,#8583,#8598,#8706,#8719,#8731,#8744,#8757,#8770,#8783,#8796,#8808,#8830,
#8843,#8856,#8871,#8886,#8901,#8914,#8927,#8941,#8955,#9309,#9350,#9422,#9437,
#9508,#9522,#9539,#9553,#9570,#9585,#9758,#9819,#9831,#9846,#9860,#9872,#9883,
#9898,#9913,#9930,#9944,#9956,#9969,#9981,#9996,#10011,#10028,#10042,#10054,
#10067,#10079,#10094,#10109,#10126,#10140,#10152,#10165,#10177,#10192,#10207,
#10224,#10238,#10250,#10263,#10275,#10290,#10305,#10322,#10336,#10348,#10361,
#10373,#10387,#10399,#10414,#10429,#10446,#10460,#10472,#10485,#10497,#10511,
#10573,#10636,#10665,#10679,#10745,#10767,#10779,#10794,#10811,#10825,#10839,
#10853,#10869,#10885,#10898,#10911,#10924,#10940,#10955,#10969,#10982,#11007,
#11022,#11048,#11061,#11087,#11101,#11127,#11140,#11169,#11186,#11212,#11225,
#11254,#11271,#11297,#11312,#11338,#11355,#11384,#11397,#11423,#11440,#11468,
#11485,#11508,#11521,#11535,#11550,#11565,#11582,#11596,#11608,#11621,#11633,
#11650,#11673,#11686,#11700,#11715,#11730,#11747,#11761,#11773,#11786,#11798,
#11812,#11836,#11851,#11865,#11880,#11895,#11912,#11926,#11938,#11951,#11963,
#11977,#12001,#12016,#12030,#12045,#12060,#12077,#12091,#12103,#12116,#12128,
#12142,#12156,#12169,#12181,#12193,#12208,#12223,#12237,#12249,#12262,#12273,
#12288,#12303,#12317,#12329,#12342,#12353,#12368,#12381,#12396,#12409,#12422,
#12433,#12448,#12461,#12476,#12489,#12502,#12513,#12528,#12545,#12557,#12572,
#12585,#12599,#12611,#12626,#12643,#12655,#12670,#12683,#12698,#12711,#12727,
#12742,#12757,#12771,#12783,#12797,#12809,#12824,#12841,#12853,#12868,#12881,
#12896,#12909,#12925,#12940,#12955,#12969,#12981,#12995,#13007,#13025,#13040,
#13056,#13071,#13088,#13105,#13122,#13138,#13156,#13173,#13190,#13204,#13219,
#13271,#13286,#13302,#13318,#13330,#13342,#13354,#13369,#13386,#13402,#13415,
#13432,#13445,#13458,#13472,#13490,#13504,#13518,#13533,#13547,#13563,#13578,
#13590,#13603,#13615,#13631,#13648,#13662,#13679,#13697,#13710,#13722));
#13724=MANIFOLD_SOLID_BREP('',#13723);
#13725=(LENGTH_UNIT()NAMED_UNIT(*)SI_UNIT(.MILLI.,.METRE.));
#13727=(NAMED_UNIT(*)PLANE_ANGLE_UNIT()SI_UNIT($,.RADIAN.));
#13730=(NAMED_UNIT(*)SI_UNIT($,.STERADIAN.)SOLID_ANGLE_UNIT());
#13733=ADVANCED_BREP_SHAPE_REPRESENTATION('',(#13724),#13732);
#13740=PRODUCT_DEFINITION('design','',#13739,#13736);
#13741=PRODUCT_DEFINITION_SHAPE('','SHAPE FOR KD-D-201L_UPPERTHIGH_DRIVE_1.',
#13740);
#13742=SHAPE_DEFINITION_REPRESENTATION(#13741,#13733);
ENDSEC;
END-ISO-10303-21;
