ISO-10303-21;
HEADER;
FILE_DESCRIPTION((''),'2;1');
FILE_NAME('KD-D-101R_R_HIP_STATIC_1','2025-07-12T17:02:07',('Administrator'),
(''),'CREO PARAMETRIC BY PTC INC, 2022073',
'CREO PARAMETRIC BY PTC INC, 2022073','');
FILE_SCHEMA(('CONFIG_CONTROL_DESIGN'));
ENDSEC;
DATA;
#1=DIRECTION('',(1.E0,0.E0,0.E0));
#2=VECTOR('',#1,4.75E1);
#3=CARTESIAN_POINT('',(-6.3E1,-6.1E1,-6.4E1));
#4=LINE('',#3,#2);
#5=DIRECTION('',(-1.E0,0.E0,0.E0));
#6=VECTOR('',#5,4.75E1);
#7=CARTESIAN_POINT('',(-1.55E1,6.1E1,-6.4E1));
#8=LINE('',#7,#6);
#9=CARTESIAN_POINT('',(-4.91E1,3.7E1,-1.550257738807E1));
#10=CARTESIAN_POINT('',(-4.91E1,3.712807613031E1,-1.560029014406E1));
#11=CARTESIAN_POINT('',(-4.907703518437E1,3.737804814429E1,-1.579258652506E1));
#12=CARTESIAN_POINT('',(-4.897668165120E1,3.774118076969E1,-1.607641757969E1));
#13=CARTESIAN_POINT('',(-4.881702581457E1,3.807326907700E1,-1.633996423754E1));
#14=CARTESIAN_POINT('',(-4.861118856216E1,3.836166662287E1,-1.657193881015E1));
#15=CARTESIAN_POINT('',(-4.837168652905E1,3.860141416021E1,-1.676700228716E1));
#16=CARTESIAN_POINT('',(-4.811271436814E1,3.879014722985E1,-1.692198498136E1));
#17=CARTESIAN_POINT('',(-4.783978007442E1,3.893254870650E1,-1.703975594501E1));
#18=CARTESIAN_POINT('',(-4.756283908905E1,3.903007179741E1,-1.712082909243E1));
#19=CARTESIAN_POINT('',(-4.728099519174E1,3.908754005857E1,-1.716876152620E1));
#20=CARTESIAN_POINT('',(-4.700059234445E1,3.910626627911E1,-1.718440643779E1));
#21=CARTESIAN_POINT('',(-4.671785568789E1,3.908739476589E1,-1.716864048320E1));
#22=CARTESIAN_POINT('',(-4.643822735943E1,3.903033579650E1,-1.712104861260E1));
#23=CARTESIAN_POINT('',(-4.615985649230E1,3.893240241127E1,-1.703963514685E1));
#24=CARTESIAN_POINT('',(-4.588835882556E1,3.879076736621E1,-1.692249642348E1));
#25=CARTESIAN_POINT('',(-4.562859718080E1,3.860170333904E1,-1.676723820874E1));
#26=CARTESIAN_POINT('',(-4.538925125383E1,3.836216385288E1,-1.657234152992E1));
#27=CARTESIAN_POINT('',(-4.518317641764E1,3.807365347308E1,-1.634027025284E1));
#28=CARTESIAN_POINT('',(-4.502335478016E1,3.774132681856E1,-1.607653247168E1));
#29=CARTESIAN_POINT('',(-4.492294010491E1,3.737794325475E1,-1.579250099254E1));
#30=CARTESIAN_POINT('',(-4.489999582243E1,3.712801721323E1,-1.560025318499E1));
#31=CARTESIAN_POINT('',(-4.489999564932E1,3.700000569959E1,-1.550258967913E1));
#33=CARTESIAN_POINT('',(-2.190000109114E1,-3.700000308730E1,-1.550257983432E1));
#34=CARTESIAN_POINT('',(-2.190000123146E1,-3.712810600274E1,-1.560031304489E1));
#35=CARTESIAN_POINT('',(-2.192297701648E1,-3.737813580687E1,-1.579265422193E1));
#36=CARTESIAN_POINT('',(-2.202336393416E1,-3.774132426234E1,-1.607653015967E1));
#37=CARTESIAN_POINT('',(-2.218312869643E1,-3.807354009104E1,-1.634018055688E1));
#38=CARTESIAN_POINT('',(-2.238900549334E1,-3.836189462253E1,-1.657212337458E1));
#39=CARTESIAN_POINT('',(-2.262858107760E1,-3.860165239366E1,-1.676719688329E1));
#40=CARTESIAN_POINT('',(-2.288768323891E1,-3.879039391578E1,-1.692218834587E1));
#41=CARTESIAN_POINT('',(-2.316057507332E1,-3.893270214529E1,-1.703988327297E1));
#42=CARTESIAN_POINT('',(-2.343756171595E1,-3.903017833700E1,-1.712091783906E1));
#43=CARTESIAN_POINT('',(-2.371924019449E1,-3.908756958879E1,-1.716878620595E1));
#44=CARTESIAN_POINT('',(-2.399966971246E1,-3.910625833153E1,-1.718439980033E1));
#45=CARTESIAN_POINT('',(-2.428205804236E1,-3.908739708507E1,-1.716864240263E1));
#46=CARTESIAN_POINT('',(-2.456164374821E1,-3.903036314398E1,-1.712107150041E1));
#47=CARTESIAN_POINT('',(-2.483979219440E1,-3.893255517836E1,-1.703976180826E1));
#48=CARTESIAN_POINT('',(-2.511152232988E1,-3.879084920953E1,-1.692256383367E1));
#49=CARTESIAN_POINT('',(-2.537125594537E1,-3.860182910150E1,-1.676734098841E1));
#50=CARTESIAN_POINT('',(-2.561070759626E1,-3.836222070403E1,-1.657238729010E1));
#51=CARTESIAN_POINT('',(-2.581678828722E1,-3.807371139112E1,-1.634031682761E1));
#52=CARTESIAN_POINT('',(-2.597662689004E1,-3.774137871271E1,-1.607657227783E1));
#53=CARTESIAN_POINT('',(-2.607705788955E1,-3.737797328758E1,-1.579252788279E1));
#54=CARTESIAN_POINT('',(-2.61E1,-3.712802834297E1,-1.560025368580E1));
#55=CARTESIAN_POINT('',(-2.61E1,-3.7E1,-1.550257738807E1));
#57=CARTESIAN_POINT('',(-2.61E1,3.7E1,-1.550257738807E1));
#58=CARTESIAN_POINT('',(-2.61E1,3.712807613031E1,-1.560029014406E1));
#59=CARTESIAN_POINT('',(-2.607703518437E1,3.737804814429E1,-1.579258652506E1));
#60=CARTESIAN_POINT('',(-2.597668165120E1,3.774118076969E1,-1.607641757969E1));
#61=CARTESIAN_POINT('',(-2.581702581457E1,3.807326907700E1,-1.633996423754E1));
#62=CARTESIAN_POINT('',(-2.561118856216E1,3.836166662287E1,-1.657193881015E1));
#63=CARTESIAN_POINT('',(-2.537168652905E1,3.860141416021E1,-1.676700228716E1));
#64=CARTESIAN_POINT('',(-2.511271436814E1,3.879014722985E1,-1.692198498136E1));
#65=CARTESIAN_POINT('',(-2.483978007442E1,3.893254870650E1,-1.703975594501E1));
#66=CARTESIAN_POINT('',(-2.456283908905E1,3.903007179741E1,-1.712082909243E1));
#67=CARTESIAN_POINT('',(-2.428099519174E1,3.908754005857E1,-1.716876152620E1));
#68=CARTESIAN_POINT('',(-2.400059234445E1,3.910626627911E1,-1.718440643779E1));
#69=CARTESIAN_POINT('',(-2.371785568789E1,3.908739476589E1,-1.716864048320E1));
#70=CARTESIAN_POINT('',(-2.343822735943E1,3.903033579650E1,-1.712104861260E1));
#71=CARTESIAN_POINT('',(-2.315985649230E1,3.893240241127E1,-1.703963514685E1));
#72=CARTESIAN_POINT('',(-2.288835882556E1,3.879076736620E1,-1.692249642348E1));
#73=CARTESIAN_POINT('',(-2.262859718080E1,3.860170333904E1,-1.676723820874E1));
#74=CARTESIAN_POINT('',(-2.238925125383E1,3.836216385288E1,-1.657234152992E1));
#75=CARTESIAN_POINT('',(-2.218317641764E1,3.807365347308E1,-1.634027025284E1));
#76=CARTESIAN_POINT('',(-2.202335478016E1,3.774132681856E1,-1.607653247168E1));
#77=CARTESIAN_POINT('',(-2.192294010491E1,3.737794325475E1,-1.579250099254E1));
#78=CARTESIAN_POINT('',(-2.189999582243E1,3.712801721323E1,-1.560025318499E1));
#79=CARTESIAN_POINT('',(-2.189999564932E1,3.700000569959E1,-1.550258967913E1));
#81=CARTESIAN_POINT('',(-4.490000109114E1,-3.700000308730E1,-1.550257983432E1));
#82=CARTESIAN_POINT('',(-4.490000123146E1,-3.712810600274E1,-1.560031304489E1));
#83=CARTESIAN_POINT('',(-4.492297701648E1,-3.737813580687E1,-1.579265422193E1));
#84=CARTESIAN_POINT('',(-4.502336393416E1,-3.774132426234E1,-1.607653015967E1));
#85=CARTESIAN_POINT('',(-4.518312869643E1,-3.807354009104E1,-1.634018055688E1));
#86=CARTESIAN_POINT('',(-4.538900549334E1,-3.836189462253E1,-1.657212337458E1));
#87=CARTESIAN_POINT('',(-4.562858107760E1,-3.860165239366E1,-1.676719688329E1));
#88=CARTESIAN_POINT('',(-4.588768323891E1,-3.879039391578E1,-1.692218834587E1));
#89=CARTESIAN_POINT('',(-4.616057507332E1,-3.893270214529E1,-1.703988327297E1));
#90=CARTESIAN_POINT('',(-4.643756171595E1,-3.903017833700E1,-1.712091783906E1));
#91=CARTESIAN_POINT('',(-4.671924019449E1,-3.908756958879E1,-1.716878620595E1));
#92=CARTESIAN_POINT('',(-4.699966971246E1,-3.910625833153E1,-1.718439980033E1));
#93=CARTESIAN_POINT('',(-4.728205804236E1,-3.908739708507E1,-1.716864240263E1));
#94=CARTESIAN_POINT('',(-4.756164374821E1,-3.903036314398E1,-1.712107150041E1));
#95=CARTESIAN_POINT('',(-4.783979219440E1,-3.893255517836E1,-1.703976180826E1));
#96=CARTESIAN_POINT('',(-4.811152232988E1,-3.879084920953E1,-1.692256383367E1));
#97=CARTESIAN_POINT('',(-4.837125594537E1,-3.860182910150E1,-1.676734098841E1));
#98=CARTESIAN_POINT('',(-4.861070759626E1,-3.836222070403E1,-1.657238729010E1));
#99=CARTESIAN_POINT('',(-4.881678828722E1,-3.807371139112E1,-1.634031682761E1));
#100=CARTESIAN_POINT('',(-4.897662689004E1,-3.774137871271E1,
-1.607657227783E1));
#101=CARTESIAN_POINT('',(-4.907705788955E1,-3.737797328758E1,
-1.579252788279E1));
#102=CARTESIAN_POINT('',(-4.91E1,-3.712802834297E1,-1.560025368580E1));
#103=CARTESIAN_POINT('',(-4.91E1,-3.7E1,-1.550257738807E1));
#105=DIRECTION('',(0.E0,0.E0,1.E0));
#106=VECTOR('',#105,9.E0);
#107=CARTESIAN_POINT('',(-1.55E1,-6.1E1,-7.3E1));
#108=LINE('',#107,#106);
#109=DIRECTION('',(0.E0,0.E0,-1.E0));
#110=VECTOR('',#109,9.E0);
#111=CARTESIAN_POINT('',(-6.3E1,-6.1E1,-6.4E1));
#112=LINE('',#111,#110);
#113=CARTESIAN_POINT('',(-1.55E1,0.E0,-6.4E1));
#114=DIRECTION('',(1.E0,0.E0,0.E0));
#115=DIRECTION('',(0.E0,0.E0,1.E0));
#116=AXIS2_PLACEMENT_3D('',#113,#114,#115);
#118=DIRECTION('',(0.E0,-1.E0,0.E0));
#119=VECTOR('',#118,2.E0);
#120=CARTESIAN_POINT('',(-1.55E1,-6.1E1,-7.3E1));
#121=LINE('',#120,#119);
#122=DIRECTION('',(0.E0,0.E0,-1.E0));
#123=VECTOR('',#122,2.102943725152E1);
#124=CARTESIAN_POINT('',(-1.55E1,-6.3E1,-7.3E1));
#125=LINE('',#124,#123);
#126=CARTESIAN_POINT('',(-1.55E1,-5.1E1,-9.402943725152E1));
#127=DIRECTION('',(1.E0,0.E0,0.E0));
#128=DIRECTION('',(0.E0,-1.E0,0.E0));
#129=AXIS2_PLACEMENT_3D('',#126,#127,#128);
#131=DIRECTION('',(0.E0,7.071067811865E-1,-7.071067811865E-1));
#132=VECTOR('',#131,2.965685424963E1);
#133=CARTESIAN_POINT('',(-1.55E1,-5.948528137428E1,-1.025147186257E2));
#134=LINE('',#133,#132);
#135=CARTESIAN_POINT('',(-1.55E1,-3.002943725152E1,-1.15E2));
#136=DIRECTION('',(1.E0,0.E0,0.E0));
#137=DIRECTION('',(0.E0,-7.071067811725E-1,-7.071067812006E-1));
#138=AXIS2_PLACEMENT_3D('',#135,#136,#137);
#140=CARTESIAN_POINT('',(-1.55E1,3.002943725152E1,-1.15E2));
#141=DIRECTION('',(1.E0,0.E0,0.E0));
#142=DIRECTION('',(0.E0,0.E0,-1.E0));
#143=AXIS2_PLACEMENT_3D('',#140,#141,#142);
#145=DIRECTION('',(0.E0,7.071067811865E-1,7.071067811865E-1));
#146=VECTOR('',#145,2.965685424924E1);
#147=CARTESIAN_POINT('',(-1.55E1,3.851471862585E1,-1.234852813742E2));
#148=LINE('',#147,#146);
#149=CARTESIAN_POINT('',(-1.55E1,5.1E1,-9.402943725152E1));
#150=DIRECTION('',(1.E0,0.E0,0.E0));
#151=DIRECTION('',(0.E0,7.071067811667E-1,-7.071067812063E-1));
#152=AXIS2_PLACEMENT_3D('',#149,#150,#151);
#154=DIRECTION('',(0.E0,-1.E0,0.E0));
#155=VECTOR('',#154,2.E0);
#156=CARTESIAN_POINT('',(-1.55E1,6.3E1,-7.3E1));
#157=LINE('',#156,#155);
#158=DIRECTION('',(0.E0,0.E0,1.E0));
#159=VECTOR('',#158,9.E0);
#160=CARTESIAN_POINT('',(-1.55E1,6.1E1,-7.3E1));
#161=LINE('',#160,#159);
#162=CARTESIAN_POINT('',(-1.55E1,0.E0,-6.4E1));
#163=DIRECTION('',(1.E0,0.E0,0.E0));
#164=DIRECTION('',(0.E0,1.E0,0.E0));
#165=AXIS2_PLACEMENT_3D('',#162,#163,#164);
#167=DIRECTION('',(0.E0,4.166666666635E-1,-9.090593428878E-1));
#168=VECTOR('',#167,1.000204144112E0);
#169=CARTESIAN_POINT('',(-1.55E1,2.132147386608E1,-1.081179640530E2));
#170=LINE('',#169,#168);
#171=CARTESIAN_POINT('',(-1.55E1,-5.377642775528E-14,-6.4E1));
#172=DIRECTION('',(1.E0,0.E0,0.E0));
#173=DIRECTION('',(0.E0,4.347645118559E-1,-9.005441794997E-1));
#174=AXIS2_PLACEMENT_3D('',#171,#172,#173);
#176=CARTESIAN_POINT('',(-1.55E1,3.776783230765E1,-1.039823816547E2));
#177=DIRECTION('',(-1.E0,0.E0,0.E0));
#178=DIRECTION('',(0.E0,-6.866878601555E-1,7.269523937061E-1));
#179=AXIS2_PLACEMENT_3D('',#176,#177,#178);
#181=CARTESIAN_POINT('',(-1.55E1,3.776783230765E1,-1.039823816547E2));
#182=DIRECTION('',(-1.E0,0.E0,0.E0));
#183=DIRECTION('',(0.E0,0.E0,1.E0));
#184=AXIS2_PLACEMENT_3D('',#181,#182,#183);
#186=DIRECTION('',(0.E0,7.492390373841E-1,-6.622996790424E-1));
#187=VECTOR('',#186,8.334524959234E0);
#188=CARTESIAN_POINT('',(-1.55E1,4.107933070296E1,-1.002361864678E2));
#189=LINE('',#188,#187);
#190=CARTESIAN_POINT('',(-1.55E1,4.401238376540E1,-1.095023348604E2));
#191=DIRECTION('',(-1.E0,0.E0,0.E0));
#192=DIRECTION('',(0.E0,6.622996789605E-1,7.492390374566E-1));
#193=AXIS2_PLACEMENT_3D('',#190,#191,#192);
#195=DIRECTION('',(0.E0,-7.071067811871E-1,-7.071067811860E-1));
#196=VECTOR('',#195,1.201751328916E1);
#197=CARTESIAN_POINT('',(-1.55E1,4.754791767142E1,-1.130378687662E2));
#198=LINE('',#197,#196);
#199=CARTESIAN_POINT('',(-1.55E1,3.551471862576E1,-1.18E2));
#200=DIRECTION('',(-1.E0,0.E0,0.E0));
#201=DIRECTION('',(0.E0,7.071067811596E-1,-7.071067812135E-1));
#202=AXIS2_PLACEMENT_3D('',#199,#200,#201);
#204=DIRECTION('',(0.E0,-1.E0,0.E0));
#205=VECTOR('',#204,5.151471862576E1);
#206=CARTESIAN_POINT('',(-1.55E1,3.551471862576E1,-1.23E2));
#207=LINE('',#206,#205);
#208=CARTESIAN_POINT('',(-1.55E1,-1.6E1,-1.18E2));
#209=DIRECTION('',(-1.E0,0.E0,0.E0));
#210=DIRECTION('',(0.E0,0.E0,-1.E0));
#211=AXIS2_PLACEMENT_3D('',#208,#209,#210);
#213=DIRECTION('',(1.533842978873E-14,4.513880766398E-13,1.E0));
#214=VECTOR('',#213,9.728112757620E0);
#215=CARTESIAN_POINT('',(-1.55E1,-2.1E1,-1.18E2));
#216=LINE('',#215,#214);
#217=CARTESIAN_POINT('',(-1.55E1,0.E0,-6.4E1));
#218=DIRECTION('',(-1.E0,0.E0,0.E0));
#219=DIRECTION('',(0.E0,-4.285714285714E-1,-9.035079029052E-1));
#220=AXIS2_PLACEMENT_3D('',#217,#218,#219);
#222=CARTESIAN_POINT('',(-1.55E1,0.E0,-6.4E1));
#223=DIRECTION('',(-1.E0,0.E0,0.E0));
#224=DIRECTION('',(0.E0,0.E0,1.E0));
#225=AXIS2_PLACEMENT_3D('',#222,#223,#224);
#227=DIRECTION('',(0.E0,-1.E0,0.E0));
#228=VECTOR('',#227,2.E0);
#229=CARTESIAN_POINT('',(-1.55E1,-5.8E1,-9.317157287525E1));
#230=LINE('',#229,#228);
#231=CARTESIAN_POINT('',(-1.55E1,-6.E1,-9.217157287525E1));
#232=DIRECTION('',(-1.E0,0.E0,0.E0));
#233=DIRECTION('',(0.E0,0.E0,-1.E0));
#234=AXIS2_PLACEMENT_3D('',#231,#232,#233);
#236=DIRECTION('',(0.E0,0.E0,1.E0));
#237=VECTOR('',#236,1.056528198464E1);
#238=CARTESIAN_POINT('',(-1.55E1,-6.1E1,-9.217157287525E1));
#239=LINE('',#238,#237);
#240=CARTESIAN_POINT('',(-1.55E1,-6.E1,-8.160629089061E1));
#241=DIRECTION('',(-1.E0,0.E0,0.E0));
#242=DIRECTION('',(0.E0,-1.E0,0.E0));
#243=AXIS2_PLACEMENT_3D('',#240,#241,#242);
#245=CARTESIAN_POINT('',(-1.55E1,-6.E1,-8.160629089061E1));
#246=DIRECTION('',(-1.E0,0.E0,0.E0));
#247=DIRECTION('',(0.E0,0.E0,1.E0));
#248=AXIS2_PLACEMENT_3D('',#245,#246,#247);
#250=CARTESIAN_POINT('',(-1.55E1,-9.367506770275E-13,-6.4E1));
#251=DIRECTION('',(1.E0,0.E0,0.E0));
#252=DIRECTION('',(0.E0,-9.595418041151E-1,-2.815662020832E-1));
#253=AXIS2_PLACEMENT_3D('',#250,#251,#252);
#255=CARTESIAN_POINT('',(-1.55E1,-5.8E1,-8.736624657331E1));
#256=DIRECTION('',(-1.E0,0.E0,0.E0));
#257=DIRECTION('',(0.E0,9.275570772707E-1,3.736815066403E-1));
#258=AXIS2_PLACEMENT_3D('',#255,#256,#257);
#260=DIRECTION('',(0.E0,0.E0,-1.E0));
#261=VECTOR('',#260,4.805326301940E0);
#262=CARTESIAN_POINT('',(-1.55E1,-5.7E1,-8.736624657331E1));
#263=LINE('',#262,#261);
#264=CARTESIAN_POINT('',(-1.55E1,-5.8E1,-9.217157287525E1));
#265=DIRECTION('',(-1.E0,0.E0,0.E0));
#266=DIRECTION('',(0.E0,1.E0,0.E0));
#267=AXIS2_PLACEMENT_3D('',#264,#265,#266);
#269=CARTESIAN_POINT('',(-1.55E1,2.949029909161E-13,-6.4E1));
#270=DIRECTION('',(1.E0,0.E0,0.E0));
#271=DIRECTION('',(0.E0,9.275570773109E-1,-3.736815065406E-1));
#272=AXIS2_PLACEMENT_3D('',#269,#270,#271);
#274=CARTESIAN_POINT('',(-1.55E1,6.E1,-8.160629089061E1));
#275=DIRECTION('',(-1.E0,0.E0,0.E0));
#276=DIRECTION('',(0.E0,-9.595418041094E-1,2.815662021027E-1));
#277=AXIS2_PLACEMENT_3D('',#274,#275,#276);
#279=CARTESIAN_POINT('',(-1.55E1,6.E1,-8.160629089061E1));
#280=DIRECTION('',(-1.E0,0.E0,0.E0));
#281=DIRECTION('',(0.E0,0.E0,1.E0));
#282=AXIS2_PLACEMENT_3D('',#279,#280,#281);
#284=CARTESIAN_POINT('',(-1.55E1,6.E1,-9.217157287525E1));
#285=DIRECTION('',(-1.E0,0.E0,0.E0));
#286=DIRECTION('',(0.E0,1.E0,0.E0));
#287=AXIS2_PLACEMENT_3D('',#284,#285,#286);
#289=CARTESIAN_POINT('',(-1.55E1,5.8E1,-9.217157287525E1));
#290=DIRECTION('',(-1.E0,0.E0,0.E0));
#291=DIRECTION('',(0.E0,0.E0,-1.E0));
#292=AXIS2_PLACEMENT_3D('',#289,#290,#291);
#294=CARTESIAN_POINT('',(-1.55E1,5.8E1,-8.736624657331E1));
#295=DIRECTION('',(-1.E0,0.E0,0.E0));
#296=DIRECTION('',(0.E0,-1.E0,0.E0));
#297=AXIS2_PLACEMENT_3D('',#294,#295,#296);
#299=CARTESIAN_POINT('',(-1.55E1,5.3E1,-6.4E1));
#300=DIRECTION('',(-1.E0,0.E0,0.E0));
#301=DIRECTION('',(0.E0,0.E0,1.E0));
#302=AXIS2_PLACEMENT_3D('',#299,#300,#301);
#304=CARTESIAN_POINT('',(-1.55E1,5.3E1,-6.4E1));
#305=DIRECTION('',(-1.E0,0.E0,0.E0));
#306=DIRECTION('',(0.E0,0.E0,-1.E0));
#307=AXIS2_PLACEMENT_3D('',#304,#305,#306);
#309=CARTESIAN_POINT('',(-1.55E1,-5.3E1,-6.4E1));
#310=DIRECTION('',(-1.E0,0.E0,0.E0));
#311=DIRECTION('',(0.E0,0.E0,1.E0));
#312=AXIS2_PLACEMENT_3D('',#309,#310,#311);
#314=CARTESIAN_POINT('',(-1.55E1,-5.3E1,-6.4E1));
#315=DIRECTION('',(-1.E0,0.E0,0.E0));
#316=DIRECTION('',(0.E0,0.E0,-1.E0));
#317=AXIS2_PLACEMENT_3D('',#314,#315,#316);
#319=CARTESIAN_POINT('',(-1.55E1,-1.637790070187E1,-1.359400463636E1));
#320=DIRECTION('',(-1.E0,0.E0,0.E0));
#321=DIRECTION('',(0.E0,0.E0,1.E0));
#322=AXIS2_PLACEMENT_3D('',#319,#320,#321);
#324=CARTESIAN_POINT('',(-1.55E1,-1.637790070187E1,-1.359400463636E1));
#325=DIRECTION('',(-1.E0,0.E0,0.E0));
#326=DIRECTION('',(0.E0,0.E0,-1.E0));
#327=AXIS2_PLACEMENT_3D('',#324,#325,#326);
#329=CARTESIAN_POINT('',(-1.55E1,1.637790070187E1,-1.359400463636E1));
#330=DIRECTION('',(-1.E0,0.E0,0.E0));
#331=DIRECTION('',(0.E0,0.E0,1.E0));
#332=AXIS2_PLACEMENT_3D('',#329,#330,#331);
#334=CARTESIAN_POINT('',(-1.55E1,1.637790070187E1,-1.359400463636E1));
#335=DIRECTION('',(-1.E0,0.E0,0.E0));
#336=DIRECTION('',(0.E0,0.E0,-1.E0));
#337=AXIS2_PLACEMENT_3D('',#334,#335,#336);
#339=CARTESIAN_POINT('',(-1.55E1,-4.287790070187E1,-3.284738162850E1));
#340=DIRECTION('',(-1.E0,0.E0,0.E0));
#341=DIRECTION('',(0.E0,0.E0,1.E0));
#342=AXIS2_PLACEMENT_3D('',#339,#340,#341);
#344=CARTESIAN_POINT('',(-1.55E1,-4.287790070187E1,-3.284738162850E1));
#345=DIRECTION('',(-1.E0,0.E0,0.E0));
#346=DIRECTION('',(0.E0,0.E0,-1.E0));
#347=AXIS2_PLACEMENT_3D('',#344,#345,#346);
#349=CARTESIAN_POINT('',(-1.55E1,4.287790070187E1,-3.284738162850E1));
#350=DIRECTION('',(-1.E0,0.E0,0.E0));
#351=DIRECTION('',(0.E0,0.E0,1.E0));
#352=AXIS2_PLACEMENT_3D('',#349,#350,#351);
#354=CARTESIAN_POINT('',(-1.55E1,4.287790070187E1,-3.284738162850E1));
#355=DIRECTION('',(-1.E0,0.E0,0.E0));
#356=DIRECTION('',(0.E0,0.E0,-1.E0));
#357=AXIS2_PLACEMENT_3D('',#354,#355,#356);
#359=CARTESIAN_POINT('',(-1.55E1,-4.287790070187E1,-9.515261837150E1));
#360=DIRECTION('',(-1.E0,0.E0,0.E0));
#361=DIRECTION('',(0.E0,0.E0,1.E0));
#362=AXIS2_PLACEMENT_3D('',#359,#360,#361);
#364=CARTESIAN_POINT('',(-1.55E1,-4.287790070187E1,-9.515261837150E1));
#365=DIRECTION('',(-1.E0,0.E0,0.E0));
#366=DIRECTION('',(0.E0,0.E0,-1.E0));
#367=AXIS2_PLACEMENT_3D('',#364,#365,#366);
#369=CARTESIAN_POINT('',(-1.55E1,4.287790070187E1,-9.515261837150E1));
#370=DIRECTION('',(-1.E0,0.E0,0.E0));
#371=DIRECTION('',(0.E0,0.E0,1.E0));
#372=AXIS2_PLACEMENT_3D('',#369,#370,#371);
#374=CARTESIAN_POINT('',(-1.55E1,4.287790070187E1,-9.515261837150E1));
#375=DIRECTION('',(-1.E0,0.E0,0.E0));
#376=DIRECTION('',(0.E0,0.E0,-1.E0));
#377=AXIS2_PLACEMENT_3D('',#374,#375,#376);
#379=CARTESIAN_POINT('',(-1.55E1,-1.892331017564E1,-1.24E2));
#380=DIRECTION('',(-1.E0,0.E0,0.E0));
#381=DIRECTION('',(0.E0,3.007836214554E-1,9.536924100905E-1));
#382=AXIS2_PLACEMENT_3D('',#379,#380,#381);
#384=DIRECTION('',(0.E0,-1.E0,0.E0));
#385=VECTOR('',#384,1.024826269961E1);
#386=CARTESIAN_POINT('',(-1.55E1,-1.892331017564E1,-1.25E2));
#387=LINE('',#386,#385);
#388=CARTESIAN_POINT('',(-1.55E1,-2.917157287525E1,-1.24E2));
#389=DIRECTION('',(-1.E0,0.E0,0.E0));
#390=DIRECTION('',(0.E0,0.E0,-1.E0));
#391=AXIS2_PLACEMENT_3D('',#388,#389,#390);
#393=DIRECTION('',(0.E0,0.E0,1.E0));
#394=VECTOR('',#393,2.E0);
#395=CARTESIAN_POINT('',(-1.55E1,-3.017157287525E1,-1.24E2));
#396=LINE('',#395,#394);
#397=CARTESIAN_POINT('',(-1.55E1,-2.917157287525E1,-1.22E2));
#398=DIRECTION('',(-1.E0,0.E0,0.E0));
#399=DIRECTION('',(0.E0,-1.E0,0.E0));
#400=AXIS2_PLACEMENT_3D('',#397,#398,#399);
#402=DIRECTION('',(0.E0,1.E0,0.E0));
#403=VECTOR('',#402,4.797577142020E0);
#404=CARTESIAN_POINT('',(-1.55E1,-2.917157287525E1,-1.21E2));
#405=LINE('',#404,#403);
#406=CARTESIAN_POINT('',(-1.55E1,-2.437399573323E1,-1.22E2));
#407=DIRECTION('',(-1.E0,0.E0,0.E0));
#408=DIRECTION('',(0.E0,0.E0,1.E0));
#409=AXIS2_PLACEMENT_3D('',#406,#407,#408);
#411=CARTESIAN_POINT('',(-1.55E1,3.653327640407E-12,-6.399999999999E1));
#412=DIRECTION('',(1.E0,0.E0,0.E0));
#413=DIRECTION('',(0.E0,-3.874252894468E-1,-9.219011037509E-1));
#414=AXIS2_PLACEMENT_3D('',#411,#412,#413);
#416=CARTESIAN_POINT('',(-1.55E1,-5.082322330470E1,-1.021611652352E2));
#417=DIRECTION('',(1.E0,0.E0,0.E0));
#418=DIRECTION('',(0.E0,0.E0,1.E0));
#419=AXIS2_PLACEMENT_3D('',#416,#417,#418);
#421=CARTESIAN_POINT('',(-1.55E1,-5.082322330470E1,-1.021611652352E2));
#422=DIRECTION('',(1.E0,0.E0,0.E0));
#423=DIRECTION('',(0.E0,0.E0,-1.E0));
#424=AXIS2_PLACEMENT_3D('',#421,#422,#423);
#426=CARTESIAN_POINT('',(-1.55E1,-3.816116523517E1,-1.148232233047E2));
#427=DIRECTION('',(1.E0,0.E0,0.E0));
#428=DIRECTION('',(0.E0,0.E0,-1.E0));
#429=AXIS2_PLACEMENT_3D('',#426,#427,#428);
#431=CARTESIAN_POINT('',(-1.55E1,-3.816116523517E1,-1.148232233047E2));
#432=DIRECTION('',(1.E0,0.E0,0.E0));
#433=DIRECTION('',(0.E0,0.E0,1.E0));
#434=AXIS2_PLACEMENT_3D('',#431,#432,#433);
#436=CARTESIAN_POINT('',(-1.55E1,5.153906555819E1,-1.014453229817E2));
#437=DIRECTION('',(1.E0,0.E0,0.E0));
#438=DIRECTION('',(0.E0,0.E0,1.E0));
#439=AXIS2_PLACEMENT_3D('',#436,#437,#438);
#441=CARTESIAN_POINT('',(-1.55E1,5.153906555819E1,-1.014453229817E2));
#442=DIRECTION('',(1.E0,0.E0,0.E0));
#443=DIRECTION('',(0.E0,0.E0,-1.E0));
#444=AXIS2_PLACEMENT_3D('',#441,#442,#443);
#446=DIRECTION('',(-1.E0,0.E0,0.E0));
#447=VECTOR('',#446,4.75E1);
#448=CARTESIAN_POINT('',(-1.55E1,-6.1E1,-7.3E1));
#449=LINE('',#448,#447);
#450=DIRECTION('',(0.E0,-1.E0,0.E0));
#451=VECTOR('',#450,2.E0);
#452=CARTESIAN_POINT('',(-6.3E1,-6.1E1,-7.3E1));
#453=LINE('',#452,#451);
#454=DIRECTION('',(1.E0,0.E0,0.E0));
#455=VECTOR('',#454,4.75E1);
#456=CARTESIAN_POINT('',(-6.3E1,-6.3E1,-7.3E1));
#457=LINE('',#456,#455);
#458=CARTESIAN_POINT('',(-6.3E1,0.E0,-6.4E1));
#459=DIRECTION('',(-1.E0,0.E0,0.E0));
#460=DIRECTION('',(0.E0,-1.E0,0.E0));
#461=AXIS2_PLACEMENT_3D('',#458,#459,#460);
#463=CARTESIAN_POINT('',(-6.3E1,0.E0,-6.4E1));
#464=DIRECTION('',(-1.E0,0.E0,0.E0));
#465=DIRECTION('',(0.E0,0.E0,1.E0));
#466=AXIS2_PLACEMENT_3D('',#463,#464,#465);
#468=DIRECTION('',(0.E0,0.E0,-1.E0));
#469=VECTOR('',#468,9.E0);
#470=CARTESIAN_POINT('',(-6.3E1,6.1E1,-6.4E1));
#471=LINE('',#470,#469);
#472=CARTESIAN_POINT('',(-6.3E1,5.1E1,-5.035967658189E1));
#473=DIRECTION('',(1.E0,0.E0,0.E0));
#474=DIRECTION('',(0.E0,1.E0,0.E0));
#475=AXIS2_PLACEMENT_3D('',#472,#473,#474);
#477=DIRECTION('',(0.E0,-5.989229072795E-2,9.982048454658E-1));
#478=VECTOR('',#477,4.973024256358E1);
#479=CARTESIAN_POINT('',(-6.3E1,6.297845814559E1,-4.964096909316E1));
#480=LINE('',#479,#478);
#481=DIRECTION('',(0.E0,-5.989229072795E-2,-9.982048454658E-1));
#482=VECTOR('',#481,4.973024256358E1);
#483=CARTESIAN_POINT('',(-6.3E1,-6.E1,0.E0));
#484=LINE('',#483,#482);
#485=CARTESIAN_POINT('',(-6.3E1,-5.1E1,-5.035967658189E1));
#486=DIRECTION('',(1.E0,0.E0,0.E0));
#487=DIRECTION('',(0.E0,-9.982048454656E-1,5.989229073023E-2));
#488=AXIS2_PLACEMENT_3D('',#485,#486,#487);
#490=DIRECTION('',(0.E0,0.E0,-1.E0));
#491=VECTOR('',#490,2.264032341811E1);
#492=CARTESIAN_POINT('',(-6.3E1,-6.3E1,-5.035967658189E1));
#493=LINE('',#492,#491);
#494=CARTESIAN_POINT('',(-6.3E1,5.521049281298E1,-2.151134632405E1));
#495=DIRECTION('',(-1.E0,0.E0,0.E0));
#496=DIRECTION('',(0.E0,0.E0,1.E0));
#497=AXIS2_PLACEMENT_3D('',#494,#495,#496);
#499=DIRECTION('',(0.E0,5.877852522920E-1,-8.090169943753E-1));
#500=VECTOR('',#499,3.844258889395E0);
#501=CARTESIAN_POINT('',(-6.3E1,5.682852680172E1,-2.033577581945E1));
#502=LINE('',#501,#500);
#503=CARTESIAN_POINT('',(-6.3E1,5.747009149414E1,-2.462141709633E1));
#504=DIRECTION('',(-1.E0,0.E0,0.E0));
#505=DIRECTION('',(0.E0,8.090169943811E-1,5.877852522839E-1));
#506=AXIS2_PLACEMENT_3D('',#503,#504,#505);
#508=DIRECTION('',(0.E0,-9.723699203976E-1,-2.334453638561E-1));
#509=VECTOR('',#508,5.022766292301E0);
#510=CARTESIAN_POINT('',(-6.3E1,5.793698222186E1,-2.656615693713E1));
#511=LINE('',#510,#509);
#512=CARTESIAN_POINT('',(-6.3E1,5.258610463437E1,-2.579395860099E1));
#513=DIRECTION('',(-1.E0,0.E0,0.E0));
#514=DIRECTION('',(0.E0,2.334453637860E-1,-9.723699204145E-1));
#515=AXIS2_PLACEMENT_3D('',#512,#513,#514);
#517=CARTESIAN_POINT('',(-6.3E1,5.258610463437E1,-2.579395860099E1));
#518=DIRECTION('',(-1.E0,0.E0,0.E0));
#519=DIRECTION('',(0.E0,0.E0,-1.E0));
#520=AXIS2_PLACEMENT_3D('',#517,#518,#519);
#522=DIRECTION('',(0.E0,5.224985647161E-1,8.526401643540E-1));
#523=VECTOR('',#522,5.022766292258E0);
#524=CARTESIAN_POINT('',(-6.3E1,5.088082430566E1,-2.474896147156E1));
#525=LINE('',#524,#523);
#526=CARTESIAN_POINT('',(-6.3E1,5.521049281298E1,-2.151134632405E1));
#527=DIRECTION('',(-1.E0,0.E0,0.E0));
#528=DIRECTION('',(0.E0,-8.526401643559E-1,5.224985647130E-1));
#529=AXIS2_PLACEMENT_3D('',#526,#527,#528);
#531=DIRECTION('',(-1.E0,0.E0,0.E0));
#532=VECTOR('',#531,4.75E1);
#533=CARTESIAN_POINT('',(-1.55E1,6.1E1,-7.3E1));
#534=LINE('',#533,#532);
#535=DIRECTION('',(0.E0,-1.E0,0.E0));
#536=VECTOR('',#535,2.E0);
#537=CARTESIAN_POINT('',(-6.3E1,6.3E1,-7.3E1));
#538=LINE('',#537,#536);
#539=DIRECTION('',(0.E0,0.E0,-1.E0));
#540=VECTOR('',#539,2.264032341811E1);
#541=CARTESIAN_POINT('',(-6.3E1,6.3E1,-5.035967658189E1));
#542=LINE('',#541,#540);
#543=DIRECTION('',(1.E0,0.E0,0.E0));
#544=VECTOR('',#543,4.75E1);
#545=CARTESIAN_POINT('',(-6.3E1,6.3E1,-7.3E1));
#546=LINE('',#545,#544);
#547=DIRECTION('',(0.E0,0.E0,-1.E0));
#548=VECTOR('',#547,2.102943725152E1);
#549=CARTESIAN_POINT('',(-1.55E1,6.3E1,-7.3E1));
#550=LINE('',#549,#548);
#551=DIRECTION('',(1.E0,8.317475740407E-12,1.003744757561E-11));
#552=VECTOR('',#551,1.55E1);
#553=CARTESIAN_POINT('',(-1.55E1,5.948528137415E1,-1.025147186259E2));
#554=LINE('',#553,#552);
#555=DIRECTION('',(-1.E0,0.E0,0.E0));
#556=VECTOR('',#555,1.55E1);
#557=CARTESIAN_POINT('',(0.E0,6.3E1,-9.402943725152E1));
#558=LINE('',#557,#556);
#559=DIRECTION('',(1.E0,0.E0,0.E0));
#560=VECTOR('',#559,1.55E1);
#561=CARTESIAN_POINT('',(-1.55E1,3.002943725152E1,-1.27E2));
#562=LINE('',#561,#560);
#563=DIRECTION('',(-1.E0,9.165542876637E-12,7.445571041429E-12));
#564=VECTOR('',#563,1.55E1);
#565=CARTESIAN_POINT('',(-1.515824502955E-13,3.851471862571E1,
-1.234852813743E2));
#566=LINE('',#565,#564);
#567=DIRECTION('',(0.E0,1.E0,0.E0));
#568=VECTOR('',#567,6.005887450304E1);
#569=CARTESIAN_POINT('',(0.E0,-3.002943725152E1,-1.27E2));
#570=LINE('',#569,#568);
#571=DIRECTION('',(0.E0,-1.E0,0.E0));
#572=VECTOR('',#571,6.005887450304E1);
#573=CARTESIAN_POINT('',(-1.55E1,3.002943725152E1,-1.27E2));
#574=LINE('',#573,#572);
#575=DIRECTION('',(1.E0,-9.165542876637E-12,7.445571041429E-12));
#576=VECTOR('',#575,1.55E1);
#577=CARTESIAN_POINT('',(-1.55E1,-3.851471862571E1,-1.234852813743E2));
#578=LINE('',#577,#576);
#579=DIRECTION('',(-1.E0,0.E0,0.E0));
#580=VECTOR('',#579,1.55E1);
#581=CARTESIAN_POINT('',(0.E0,-3.002943725152E1,-1.27E2));
#582=LINE('',#581,#580);
#583=DIRECTION('',(1.E0,0.E0,0.E0));
#584=VECTOR('',#583,1.55E1);
#585=CARTESIAN_POINT('',(-1.55E1,-6.3E1,-9.402943725152E1));
#586=LINE('',#585,#584);
#587=DIRECTION('',(-1.E0,-8.317475740407E-12,1.003744757561E-11));
#588=VECTOR('',#587,1.55E1);
#589=CARTESIAN_POINT('',(-1.515824502955E-13,-5.948528137415E1,
-1.025147186259E2));
#590=LINE('',#589,#588);
#591=DIRECTION('',(0.E0,0.E0,-1.E0));
#592=VECTOR('',#591,4.366976066963E1);
#593=CARTESIAN_POINT('',(0.E0,-6.3E1,-5.035967658189E1));
#594=LINE('',#593,#592);
#595=DIRECTION('',(1.E0,0.E0,-1.280104769980E-13));
#596=VECTOR('',#595,6.3E1);
#597=CARTESIAN_POINT('',(-6.3E1,-6.297845814559E1,-4.964096909315E1));
#598=LINE('',#597,#596);
#599=DIRECTION('',(-1.E0,0.E0,0.E0));
#600=VECTOR('',#599,6.3E1);
#601=CARTESIAN_POINT('',(0.E0,-6.3E1,-5.035967658189E1));
#602=LINE('',#601,#600);
#603=DIRECTION('',(1.E0,0.E0,0.E0));
#604=VECTOR('',#603,6.2E1);
#605=CARTESIAN_POINT('',(-6.3E1,-6.E1,0.E0));
#606=LINE('',#605,#604);
#607=DIRECTION('',(7.064712429315E-1,-4.238827457589E-2,-7.064712429315E-1));
#608=VECTOR('',#607,1.415485782338E0);
#609=CARTESIAN_POINT('',(-1.E0,-6.E1,0.E0));
#610=LINE('',#609,#608);
#611=DIRECTION('',(1.E0,0.E0,0.E0));
#612=VECTOR('',#611,6.2E1);
#613=CARTESIAN_POINT('',(-6.3E1,6.E1,0.E0));
#614=LINE('',#613,#612);
#615=DIRECTION('',(0.E0,-1.E0,0.E0));
#616=VECTOR('',#615,4.8E1);
#617=CARTESIAN_POINT('',(-1.E0,6.E1,0.E0));
#618=LINE('',#617,#616);
#619=CARTESIAN_POINT('',(-8.E0,7.E0,0.E0));
#620=DIRECTION('',(0.E0,0.E0,1.E0));
#621=DIRECTION('',(0.E0,1.E0,0.E0));
#622=AXIS2_PLACEMENT_3D('',#619,#620,#621);
#624=CARTESIAN_POINT('',(-8.E0,-7.E0,0.E0));
#625=DIRECTION('',(0.E0,0.E0,1.E0));
#626=DIRECTION('',(-1.E0,0.E0,0.E0));
#627=AXIS2_PLACEMENT_3D('',#624,#625,#626);
#629=DIRECTION('',(0.E0,-1.E0,0.E0));
#630=VECTOR('',#629,4.8E1);
#631=CARTESIAN_POINT('',(-1.E0,-1.2E1,0.E0));
#632=LINE('',#631,#630);
#633=DIRECTION('',(0.E0,1.E0,0.E0));
#634=VECTOR('',#633,1.2E2);
#635=CARTESIAN_POINT('',(-6.3E1,-6.E1,0.E0));
#636=LINE('',#635,#634);
#637=CARTESIAN_POINT('',(-4.7E1,3.7E1,0.E0));
#638=DIRECTION('',(0.E0,0.E0,-1.E0));
#639=DIRECTION('',(-1.E0,0.E0,0.E0));
#640=AXIS2_PLACEMENT_3D('',#637,#638,#639);
#642=CARTESIAN_POINT('',(-4.7E1,3.7E1,0.E0));
#643=DIRECTION('',(0.E0,0.E0,-1.E0));
#644=DIRECTION('',(9.999999999991E-1,1.352246342251E-6,0.E0));
#645=AXIS2_PLACEMENT_3D('',#642,#643,#644);
#647=CARTESIAN_POINT('',(-2.4E1,3.7E1,0.E0));
#648=DIRECTION('',(0.E0,0.E0,-1.E0));
#649=DIRECTION('',(-1.E0,0.E0,0.E0));
#650=AXIS2_PLACEMENT_3D('',#647,#648,#649);
#652=CARTESIAN_POINT('',(-2.4E1,3.7E1,0.E0));
#653=DIRECTION('',(0.E0,0.E0,-1.E0));
#654=DIRECTION('',(9.999999999991E-1,1.352246344984E-6,0.E0));
#655=AXIS2_PLACEMENT_3D('',#652,#653,#654);
#657=CARTESIAN_POINT('',(-8.E0,3.7E1,0.E0));
#658=DIRECTION('',(0.E0,0.E0,-1.E0));
#659=DIRECTION('',(-1.E0,0.E0,0.E0));
#660=AXIS2_PLACEMENT_3D('',#657,#658,#659);
#662=CARTESIAN_POINT('',(-8.E0,3.7E1,0.E0));
#663=DIRECTION('',(0.E0,0.E0,-1.E0));
#664=DIRECTION('',(1.E0,0.E0,0.E0));
#665=AXIS2_PLACEMENT_3D('',#662,#663,#664);
#667=CARTESIAN_POINT('',(-4.7E1,-3.7E1,0.E0));
#668=DIRECTION('',(0.E0,0.E0,-1.E0));
#669=DIRECTION('',(-1.E0,0.E0,0.E0));
#670=AXIS2_PLACEMENT_3D('',#667,#668,#669);
#672=CARTESIAN_POINT('',(-4.7E1,-3.7E1,0.E0));
#673=DIRECTION('',(0.E0,0.E0,-1.E0));
#674=DIRECTION('',(9.999999999994E-1,-1.095314269369E-6,0.E0));
#675=AXIS2_PLACEMENT_3D('',#672,#673,#674);
#677=CARTESIAN_POINT('',(-2.4E1,-3.7E1,0.E0));
#678=DIRECTION('',(0.E0,0.E0,-1.E0));
#679=DIRECTION('',(-1.E0,0.E0,0.E0));
#680=AXIS2_PLACEMENT_3D('',#677,#678,#679);
#682=CARTESIAN_POINT('',(-2.4E1,-3.7E1,0.E0));
#683=DIRECTION('',(0.E0,0.E0,-1.E0));
#684=DIRECTION('',(9.999999999994E-1,-1.095314272102E-6,0.E0));
#685=AXIS2_PLACEMENT_3D('',#682,#683,#684);
#687=CARTESIAN_POINT('',(-8.E0,-3.7E1,0.E0));
#688=DIRECTION('',(0.E0,0.E0,-1.E0));
#689=DIRECTION('',(-1.E0,0.E0,0.E0));
#690=AXIS2_PLACEMENT_3D('',#687,#688,#689);
#692=CARTESIAN_POINT('',(-8.E0,-3.7E1,0.E0));
#693=DIRECTION('',(0.E0,0.E0,-1.E0));
#694=DIRECTION('',(1.E0,0.E0,0.E0));
#695=AXIS2_PLACEMENT_3D('',#692,#693,#694);
#697=DIRECTION('',(-7.064712429315E-1,-4.238827457596E-2,7.064712429315E-1));
#698=VECTOR('',#697,1.415485782338E0);
#699=CARTESIAN_POINT('',(0.E0,6.006E1,-1.E0));
#700=LINE('',#699,#698);
#701=CARTESIAN_POINT('',(0.E0,-4.287790070187E1,-3.284738162850E1));
#702=DIRECTION('',(1.E0,0.E0,0.E0));
#703=DIRECTION('',(0.E0,0.E0,1.E0));
#704=AXIS2_PLACEMENT_3D('',#701,#702,#703);
#706=CARTESIAN_POINT('',(0.E0,-4.287790070187E1,-3.284738162850E1));
#707=DIRECTION('',(1.E0,0.E0,0.E0));
#708=DIRECTION('',(0.E0,-3.338232090755E-8,-1.E0));
#709=AXIS2_PLACEMENT_3D('',#706,#707,#708);
#711=CARTESIAN_POINT('',(4.973799150321E-14,0.E0,-6.4E1));
#712=DIRECTION('',(1.E0,0.E0,0.E0));
#713=DIRECTION('',(0.E0,-8.204820665431E-1,5.716722649220E-1));
#714=AXIS2_PLACEMENT_3D('',#711,#712,#713);
#716=CARTESIAN_POINT('',(0.E0,-5.3E1,-6.4E1));
#717=DIRECTION('',(1.E0,0.E0,0.E0));
#718=DIRECTION('',(0.E0,9.720197255575E-1,2.348992403716E-1));
#719=AXIS2_PLACEMENT_3D('',#716,#717,#718);
#721=CARTESIAN_POINT('',(0.E0,-5.3E1,-6.4E1));
#722=DIRECTION('',(1.E0,0.E0,0.E0));
#723=DIRECTION('',(0.E0,0.E0,1.E0));
#724=AXIS2_PLACEMENT_3D('',#721,#722,#723);
#726=CARTESIAN_POINT('',(0.E0,-5.3E1,-6.4E1));
#727=DIRECTION('',(1.E0,0.E0,0.E0));
#728=DIRECTION('',(0.E0,7.472932118231E-9,-1.E0));
#729=AXIS2_PLACEMENT_3D('',#726,#727,#728);
#731=CARTESIAN_POINT('',(4.973799150321E-14,0.E0,-6.4E1));
#732=DIRECTION('',(1.E0,0.E0,0.E0));
#733=DIRECTION('',(0.E0,-9.998044618791E-1,-1.977468094965E-2));
#734=AXIS2_PLACEMENT_3D('',#731,#732,#733);
#736=CARTESIAN_POINT('',(0.E0,-4.287790070187E1,-9.515261837150E1));
#737=DIRECTION('',(1.E0,0.E0,0.E0));
#738=DIRECTION('',(0.E0,6.483101675772E-1,7.613763370476E-1));
#739=AXIS2_PLACEMENT_3D('',#736,#737,#738);
#741=CARTESIAN_POINT('',(0.E0,-4.287790070187E1,-9.515261837150E1));
#742=DIRECTION('',(1.E0,0.E0,0.E0));
#743=DIRECTION('',(0.E0,0.E0,1.E0));
#744=AXIS2_PLACEMENT_3D('',#741,#742,#743);
#746=CARTESIAN_POINT('',(0.E0,-4.287790070187E1,-9.515261837150E1));
#747=DIRECTION('',(1.E0,0.E0,0.E0));
#748=DIRECTION('',(0.E0,4.991332244489E-8,-1.E0));
#749=AXIS2_PLACEMENT_3D('',#746,#747,#748);
#751=CARTESIAN_POINT('',(4.973799150321E-14,0.E0,-6.4E1));
#752=DIRECTION('',(1.E0,0.E0,0.E0));
#753=DIRECTION('',(0.E0,-7.972355348810E-1,-6.036683708154E-1));
#754=AXIS2_PLACEMENT_3D('',#751,#752,#753);
#756=CARTESIAN_POINT('',(4.973799150321E-14,0.E0,-6.4E1));
#757=DIRECTION('',(1.E0,0.E0,0.E0));
#758=DIRECTION('',(0.E0,0.E0,-1.E0));
#759=AXIS2_PLACEMENT_3D('',#756,#757,#758);
#761=CARTESIAN_POINT('',(0.E0,4.287790070187E1,-9.515261837150E1));
#762=DIRECTION('',(1.E0,0.E0,0.E0));
#763=DIRECTION('',(0.E0,-9.244507861093E-1,3.813013821924E-1));
#764=AXIS2_PLACEMENT_3D('',#761,#762,#763);
#766=CARTESIAN_POINT('',(0.E0,4.287790070187E1,-9.515261837150E1));
#767=DIRECTION('',(1.E0,0.E0,0.E0));
#768=DIRECTION('',(0.E0,-4.009555451293E-8,-1.E0));
#769=AXIS2_PLACEMENT_3D('',#766,#767,#768);
#771=CARTESIAN_POINT('',(0.E0,4.287790070187E1,-9.515261837150E1));
#772=DIRECTION('',(1.E0,0.E0,0.E0));
#773=DIRECTION('',(0.E0,0.E0,1.E0));
#774=AXIS2_PLACEMENT_3D('',#771,#772,#773);
#776=CARTESIAN_POINT('',(4.973799150321E-14,0.E0,-6.4E1));
#777=DIRECTION('',(1.E0,0.E0,0.E0));
#778=DIRECTION('',(0.E0,8.204820665431E-1,-5.716722649220E-1));
#779=AXIS2_PLACEMENT_3D('',#776,#777,#778);
#781=CARTESIAN_POINT('',(0.E0,5.3E1,-6.4E1));
#782=DIRECTION('',(1.E0,0.E0,0.E0));
#783=DIRECTION('',(0.E0,-9.720197255575E-1,-2.348992403716E-1));
#784=AXIS2_PLACEMENT_3D('',#781,#782,#783);
#786=CARTESIAN_POINT('',(0.E0,5.3E1,-6.4E1));
#787=DIRECTION('',(1.E0,0.E0,0.E0));
#788=DIRECTION('',(0.E0,-1.125789767133E-8,-1.E0));
#789=AXIS2_PLACEMENT_3D('',#786,#787,#788);
#791=CARTESIAN_POINT('',(0.E0,5.3E1,-6.4E1));
#792=DIRECTION('',(1.E0,0.E0,0.E0));
#793=DIRECTION('',(0.E0,0.E0,1.E0));
#794=AXIS2_PLACEMENT_3D('',#791,#792,#793);
#796=CARTESIAN_POINT('',(4.973799150321E-14,0.E0,-6.4E1));
#797=DIRECTION('',(1.E0,0.E0,0.E0));
#798=DIRECTION('',(0.E0,9.998044618791E-1,1.977468094965E-2));
#799=AXIS2_PLACEMENT_3D('',#796,#797,#798);
#801=CARTESIAN_POINT('',(0.E0,4.287790070187E1,-3.284738162850E1));
#802=DIRECTION('',(1.E0,0.E0,0.E0));
#803=DIRECTION('',(0.E0,-6.483101675772E-1,-7.613763370476E-1));
#804=AXIS2_PLACEMENT_3D('',#801,#802,#803);
#806=CARTESIAN_POINT('',(0.E0,4.287790070187E1,-3.284738162850E1));
#807=DIRECTION('',(1.E0,0.E0,0.E0));
#808=DIRECTION('',(0.E0,3.419080313148E-8,-1.E0));
#809=AXIS2_PLACEMENT_3D('',#806,#807,#808);
#811=CARTESIAN_POINT('',(0.E0,4.287790070187E1,-3.284738162850E1));
#812=DIRECTION('',(1.E0,0.E0,0.E0));
#813=DIRECTION('',(0.E0,0.E0,1.E0));
#814=AXIS2_PLACEMENT_3D('',#811,#812,#813);
#816=CARTESIAN_POINT('',(4.973799150321E-14,0.E0,-6.4E1));
#817=DIRECTION('',(1.E0,0.E0,0.E0));
#818=DIRECTION('',(0.E0,7.972355348810E-1,6.036683708154E-1));
#819=AXIS2_PLACEMENT_3D('',#816,#817,#818);
#821=CARTESIAN_POINT('',(0.E0,1.637790070187E1,-1.359400463636E1));
#822=DIRECTION('',(1.E0,0.E0,0.E0));
#823=DIRECTION('',(0.E0,-7.696816083388E-2,-9.970335511997E-1));
#824=AXIS2_PLACEMENT_3D('',#821,#822,#823);
#826=CARTESIAN_POINT('',(0.E0,1.637790070187E1,-1.359400463636E1));
#827=DIRECTION('',(1.E0,0.E0,0.E0));
#828=DIRECTION('',(0.E0,-7.019919352884E-9,-1.E0));
#829=AXIS2_PLACEMENT_3D('',#826,#827,#828);
#831=CARTESIAN_POINT('',(0.E0,1.637790070187E1,-1.359400463636E1));
#832=DIRECTION('',(1.E0,0.E0,0.E0));
#833=DIRECTION('',(0.E0,0.E0,1.E0));
#834=AXIS2_PLACEMENT_3D('',#831,#832,#833);
#836=CARTESIAN_POINT('',(4.973799150321E-14,0.E0,-6.4E1));
#837=DIRECTION('',(1.E0,0.E0,0.E0));
#838=DIRECTION('',(0.E0,2.901497305975E-1,9.569812609629E-1));
#839=AXIS2_PLACEMENT_3D('',#836,#837,#838);
#841=DIRECTION('',(0.E0,-3.783848109885E-14,1.E0));
#842=VECTOR('',#841,1.549210591912E1);
#843=CARTESIAN_POINT('',(1.243449787580E-14,1.2E1,-1.649210591912E1));
#844=LINE('',#843,#842);
#845=DIRECTION('',(0.E0,1.E0,0.E0));
#846=VECTOR('',#845,4.806E1);
#847=CARTESIAN_POINT('',(0.E0,1.2E1,-1.E0));
#848=LINE('',#847,#846);
#849=DIRECTION('',(0.E0,5.989229072795E-2,-9.982048454658E-1));
#850=VECTOR('',#849,4.872844418067E1);
#851=CARTESIAN_POINT('',(0.E0,6.006E1,-1.E0));
#852=LINE('',#851,#850);
#853=CARTESIAN_POINT('',(0.E0,5.1E1,-5.035967658189E1));
#854=DIRECTION('',(-1.E0,0.E0,0.E0));
#855=DIRECTION('',(0.E0,9.982048454656E-1,5.989229073023E-2));
#856=AXIS2_PLACEMENT_3D('',#853,#854,#855);
#858=DIRECTION('',(0.E0,0.E0,-1.E0));
#859=VECTOR('',#858,4.366976066963E1);
#860=CARTESIAN_POINT('',(0.E0,6.3E1,-5.035967658189E1));
#861=LINE('',#860,#859);
#862=CARTESIAN_POINT('',(0.E0,5.1E1,-9.402943725152E1));
#863=DIRECTION('',(-1.E0,0.E0,0.E0));
#864=DIRECTION('',(0.E0,1.E0,0.E0));
#865=AXIS2_PLACEMENT_3D('',#862,#863,#864);
#867=DIRECTION('',(0.E0,-7.071067811865E-1,-7.071067811865E-1));
#868=VECTOR('',#867,2.965685424963E1);
#869=CARTESIAN_POINT('',(-1.515824502955E-13,5.948528137428E1,
-1.025147186257E2));
#870=LINE('',#869,#868);
#871=CARTESIAN_POINT('',(0.E0,3.002943725152E1,-1.15E2));
#872=DIRECTION('',(-1.E0,0.E0,0.E0));
#873=DIRECTION('',(0.E0,7.071067811725E-1,-7.071067812006E-1));
#874=AXIS2_PLACEMENT_3D('',#871,#872,#873);
#876=CARTESIAN_POINT('',(0.E0,-3.002943725152E1,-1.15E2));
#877=DIRECTION('',(-1.E0,0.E0,0.E0));
#878=DIRECTION('',(0.E0,0.E0,-1.E0));
#879=AXIS2_PLACEMENT_3D('',#876,#877,#878);
#881=DIRECTION('',(0.E0,-7.071067811865E-1,7.071067811865E-1));
#882=VECTOR('',#881,2.965685424924E1);
#883=CARTESIAN_POINT('',(-1.515824502955E-13,-3.851471862585E1,
-1.234852813742E2));
#884=LINE('',#883,#882);
#885=CARTESIAN_POINT('',(0.E0,-5.1E1,-9.402943725152E1));
#886=DIRECTION('',(-1.E0,0.E0,0.E0));
#887=DIRECTION('',(0.E0,-7.071067811667E-1,-7.071067812063E-1));
#888=AXIS2_PLACEMENT_3D('',#885,#886,#887);
#890=CARTESIAN_POINT('',(0.E0,-5.1E1,-5.035967658189E1));
#891=DIRECTION('',(-1.E0,0.E0,0.E0));
#892=DIRECTION('',(0.E0,-1.E0,0.E0));
#893=AXIS2_PLACEMENT_3D('',#890,#891,#892);
#895=DIRECTION('',(0.E0,5.989229072795E-2,9.982048454658E-1));
#896=VECTOR('',#895,4.872844418067E1);
#897=CARTESIAN_POINT('',(0.E0,-6.297845814559E1,-4.964096909316E1));
#898=LINE('',#897,#896);
#899=DIRECTION('',(0.E0,1.E0,0.E0));
#900=VECTOR('',#899,4.806E1);
#901=CARTESIAN_POINT('',(0.E0,-6.006E1,-1.E0));
#902=LINE('',#901,#900);
#903=DIRECTION('',(0.E0,-3.795314316279E-14,-1.E0));
#904=VECTOR('',#903,1.549210591912E1);
#905=CARTESIAN_POINT('',(0.E0,-1.2E1,-1.E0));
#906=LINE('',#905,#904);
#907=CARTESIAN_POINT('',(4.973799150321E-14,0.E0,-6.4E1));
#908=DIRECTION('',(1.E0,0.E0,0.E0));
#909=DIRECTION('',(0.E0,-2.448979591837E-1,9.695488587934E-1));
#910=AXIS2_PLACEMENT_3D('',#907,#908,#909);
#912=CARTESIAN_POINT('',(0.E0,-1.637790070187E1,-1.359400463636E1));
#913=DIRECTION('',(1.E0,0.E0,0.E0));
#914=DIRECTION('',(0.E0,5.237730672950E-1,-8.518578367171E-1));
#915=AXIS2_PLACEMENT_3D('',#912,#913,#914);
#917=CARTESIAN_POINT('',(0.E0,-1.637790070187E1,-1.359400463636E1));
#918=DIRECTION('',(1.E0,0.E0,0.E0));
#919=DIRECTION('',(0.E0,0.E0,1.E0));
#920=AXIS2_PLACEMENT_3D('',#917,#918,#919);
#922=CARTESIAN_POINT('',(0.E0,-1.637790070187E1,-1.359400463636E1));
#923=DIRECTION('',(1.E0,0.E0,0.E0));
#924=DIRECTION('',(0.E0,7.372852475342E-8,-1.E0));
#925=AXIS2_PLACEMENT_3D('',#922,#923,#924);
#927=CARTESIAN_POINT('',(4.973799150321E-14,0.E0,-6.4E1));
#928=DIRECTION('',(1.E0,0.E0,0.E0));
#929=DIRECTION('',(0.E0,-3.277634089475E-1,9.447598360192E-1));
#930=AXIS2_PLACEMENT_3D('',#927,#928,#929);
#932=CARTESIAN_POINT('',(0.E0,-4.287790070187E1,-3.284738162850E1));
#933=DIRECTION('',(1.E0,0.E0,0.E0));
#934=DIRECTION('',(0.E0,9.244507861093E-1,-3.813013821924E-1));
#935=AXIS2_PLACEMENT_3D('',#932,#933,#934);
#937=CARTESIAN_POINT('',(0.E0,-1.637790070187E1,-1.359400463636E1));
#938=DIRECTION('',(-1.E0,0.E0,0.E0));
#939=DIRECTION('',(0.E0,-8.707579693587E-1,-4.917118656269E-1));
#940=AXIS2_PLACEMENT_3D('',#937,#938,#939);
#942=CARTESIAN_POINT('',(0.E0,-5.458920970254E1,-1.E1));
#943=DIRECTION('',(1.E0,0.E0,0.E0));
#944=DIRECTION('',(0.E0,0.E0,1.E0));
#945=AXIS2_PLACEMENT_3D('',#942,#943,#944);
#947=DIRECTION('',(0.E0,-5.989229072798E-2,-9.982048454658E-1));
#948=VECTOR('',#947,4.007225873436E1);
#949=CARTESIAN_POINT('',(0.E0,-5.658561939348E1,-9.880215418558E0));
#950=LINE('',#949,#948);
#951=CARTESIAN_POINT('',(0.E0,-5.1E1,-5.035967658189E1));
#952=DIRECTION('',(1.E0,0.E0,0.E0));
#953=DIRECTION('',(0.E0,-9.982048454631E-1,5.989229077185E-2));
#954=AXIS2_PLACEMENT_3D('',#951,#952,#953);
#956=DIRECTION('',(0.E0,0.E0,-1.E0));
#957=VECTOR('',#956,4.338945831970E0);
#958=CARTESIAN_POINT('',(0.E0,-5.9E1,-5.035967658189E1));
#959=LINE('',#958,#957);
#960=CARTESIAN_POINT('',(0.E0,-5.7E1,-5.469862241386E1));
#961=DIRECTION('',(1.E0,0.E0,0.E0));
#962=DIRECTION('',(0.E0,-1.E0,0.E0));
#963=AXIS2_PLACEMENT_3D('',#960,#961,#962);
#965=CARTESIAN_POINT('',(0.E0,-5.7E1,-5.469862241386E1));
#966=DIRECTION('',(1.E0,0.E0,0.E0));
#967=DIRECTION('',(0.E0,0.E0,-1.E0));
#968=AXIS2_PLACEMENT_3D('',#965,#966,#967);
#970=CARTESIAN_POINT('',(0.E0,-5.3E1,-6.4E1));
#971=DIRECTION('',(-1.E0,0.E0,0.E0));
#972=DIRECTION('',(0.E0,-3.950617287503E-1,9.186545762564E-1));
#973=AXIS2_PLACEMENT_3D('',#970,#971,#972);
#975=CARTESIAN_POINT('',(2.273736754432E-13,-5.304230542453E1,
-5.387508838305E1));
#976=DIRECTION('',(1.E0,0.E0,0.E0));
#977=DIRECTION('',(0.E0,1.371087034943E-3,-9.999990600597E-1));
#978=AXIS2_PLACEMENT_3D('',#975,#976,#977);
#980=CARTESIAN_POINT('',(0.E0,0.E0,-6.4E1));
#981=DIRECTION('',(-1.E0,0.E0,0.E0));
#982=DIRECTION('',(0.E0,-9.822649152690E-1,1.874983632770E-1));
#983=AXIS2_PLACEMENT_3D('',#980,#981,#982);
#985=CARTESIAN_POINT('',(0.E0,-4.886340023848E1,-4.101374068853E1));
#986=DIRECTION('',(1.E0,0.E0,0.E0));
#987=DIRECTION('',(0.E0,9.048777821938E-1,-4.256714687316E-1));
#988=AXIS2_PLACEMENT_3D('',#985,#986,#987);
#990=CARTESIAN_POINT('',(0.E0,-4.287790070187E1,-3.284738162850E1));
#991=DIRECTION('',(-1.E0,0.E0,0.E0));
#992=DIRECTION('',(0.E0,-5.911604480778E-1,-8.065539812241E-1));
#993=AXIS2_PLACEMENT_3D('',#990,#991,#992);
#995=CARTESIAN_POINT('',(0.E0,-4.287790070187E1,-3.284738162850E1));
#996=DIRECTION('',(-1.E0,0.E0,0.E0));
#997=DIRECTION('',(0.E0,0.E0,1.E0));
#998=AXIS2_PLACEMENT_3D('',#995,#996,#997);
#1000=CARTESIAN_POINT('',(0.E0,-3.696085278006E1,-2.463128955921E1));
#1001=DIRECTION('',(1.E0,0.E0,0.E0));
#1002=DIRECTION('',(0.E0,-5.843997947479E-1,-8.114658833855E-1));
#1003=AXIS2_PLACEMENT_3D('',#1000,#1001,#1002);
#1005=CARTESIAN_POINT('',(0.E0,-3.696085278006E1,-2.463128955921E1));
#1006=DIRECTION('',(1.E0,0.E0,0.E0));
#1007=DIRECTION('',(0.E0,0.E0,-1.E0));
#1008=AXIS2_PLACEMENT_3D('',#1005,#1006,#1007);
#1010=CARTESIAN_POINT('',(0.E0,0.E0,-6.4E1));
#1011=DIRECTION('',(-1.E0,0.E0,0.E0));
#1012=DIRECTION('',(0.E0,-6.844602366677E-1,7.290501933481E-1));
#1013=AXIS2_PLACEMENT_3D('',#1010,#1011,#1012);
#1015=CARTESIAN_POINT('',(0.E0,1.637790070187E1,-1.359400463636E1));
#1016=DIRECTION('',(-1.E0,0.E0,0.E0));
#1017=DIRECTION('',(0.E0,7.252431016570E-1,6.884928783212E-1));
#1018=AXIS2_PLACEMENT_3D('',#1015,#1016,#1017);
#1020=CARTESIAN_POINT('',(0.E0,0.E0,-6.4E1));
#1021=DIRECTION('',(-1.E0,0.E0,0.E0));
#1022=DIRECTION('',(0.E0,4.510155615944E-1,8.925160856812E-1));
#1023=AXIS2_PLACEMENT_3D('',#1020,#1021,#1022);
#1025=CARTESIAN_POINT('',(0.E0,3.696085278006E1,-2.463128955921E1));
#1026=DIRECTION('',(1.E0,0.E0,0.E0));
#1027=DIRECTION('',(0.E0,-6.844602366660E-1,-7.290501933496E-1));
#1028=AXIS2_PLACEMENT_3D('',#1025,#1026,#1027);
#1030=CARTESIAN_POINT('',(0.E0,3.696085278006E1,-2.463128955921E1));
#1031=DIRECTION('',(1.E0,0.E0,0.E0));
#1032=DIRECTION('',(0.E0,0.E0,-1.E0));
#1033=AXIS2_PLACEMENT_3D('',#1030,#1031,#1032);
#1035=CARTESIAN_POINT('',(0.E0,4.287790070187E1,-3.284738162850E1));
#1036=DIRECTION('',(-1.E0,0.E0,0.E0));
#1037=DIRECTION('',(0.E0,-5.843997947461E-1,8.114658833868E-1));
#1038=AXIS2_PLACEMENT_3D('',#1035,#1036,#1037);
#1040=CARTESIAN_POINT('',(0.E0,4.287790070187E1,-3.284738162850E1));
#1041=DIRECTION('',(-1.E0,0.E0,0.E0));
#1042=DIRECTION('',(0.E0,0.E0,1.E0));
#1043=AXIS2_PLACEMENT_3D('',#1040,#1041,#1042);
#1045=CARTESIAN_POINT('',(2.273736754432E-13,4.886340023848E1,
-4.101374068853E1));
#1046=DIRECTION('',(1.E0,0.E0,0.E0));
#1047=DIRECTION('',(0.E0,-5.911604479724E-1,8.065539813013E-1));
#1048=AXIS2_PLACEMENT_3D('',#1045,#1046,#1047);
#1050=CARTESIAN_POINT('',(0.E0,0.E0,-6.4E1));
#1051=DIRECTION('',(-1.E0,0.E0,0.E0));
#1052=DIRECTION('',(0.E0,9.048777821941E-1,4.256714687309E-1));
#1053=AXIS2_PLACEMENT_3D('',#1050,#1051,#1052);
#1055=CARTESIAN_POINT('',(0.E0,5.107777559399E1,-5.425008510960E1));
#1056=CARTESIAN_POINT('',(0.E0,5.111309370476E1,-5.443510934383E1));
#1057=CARTESIAN_POINT('',(0.E0,5.123087493244E1,-5.478001304830E1));
#1058=CARTESIAN_POINT('',(0.E0,5.154551181385E1,-5.523949299660E1));
#1059=CARTESIAN_POINT('',(0.E0,5.197180012211E1,-5.559553624709E1));
#1060=CARTESIAN_POINT('',(0.E0,5.249266297287E1,-5.582430801741E1));
#1061=CARTESIAN_POINT('',(0.E0,5.285012631514E1,-5.587490414226E1));
#1062=CARTESIAN_POINT('',(0.E0,5.304330645893E1,-5.587516912662E1));
#1064=CARTESIAN_POINT('',(0.E0,5.3E1,-6.4E1));
#1065=DIRECTION('',(-1.E0,0.E0,0.E0));
#1066=DIRECTION('',(0.E0,6.251697759420E-3,9.999804579466E-1));
#1067=AXIS2_PLACEMENT_3D('',#1064,#1065,#1066);
#1069=CARTESIAN_POINT('',(0.E0,5.7E1,-5.469862241386E1));
#1070=DIRECTION('',(1.E0,0.E0,0.E0));
#1071=DIRECTION('',(0.E0,-3.950617272067E-1,-9.186545769202E-1));
#1072=AXIS2_PLACEMENT_3D('',#1069,#1070,#1071);
#1074=CARTESIAN_POINT('',(0.E0,5.7E1,-5.469862241386E1));
#1075=DIRECTION('',(1.E0,0.E0,0.E0));
#1076=DIRECTION('',(0.E0,0.E0,-1.E0));
#1077=AXIS2_PLACEMENT_3D('',#1074,#1075,#1076);
#1079=CARTESIAN_POINT('',(0.E0,5.1E1,-5.035967658189E1));
#1080=DIRECTION('',(1.E0,0.E0,0.E0));
#1081=DIRECTION('',(0.E0,1.E0,0.E0));
#1082=AXIS2_PLACEMENT_3D('',#1079,#1080,#1081);
#1084=DIRECTION('',(0.E0,-5.989229072798E-2,9.982048454658E-1));
#1085=VECTOR('',#1084,4.007225873465E1);
#1086=CARTESIAN_POINT('',(0.E0,5.898563876374E1,-4.988053825623E1));
#1087=LINE('',#1086,#1085);
#1088=CARTESIAN_POINT('',(0.E0,5.458920970254E1,-1.E1));
#1089=DIRECTION('',(1.E0,0.E0,0.E0));
#1090=DIRECTION('',(0.E0,9.982048454655E-1,5.989229073312E-2));
#1091=AXIS2_PLACEMENT_3D('',#1088,#1089,#1090);
#1093=CARTESIAN_POINT('',(0.E0,-4.287790070187E1,-9.515261837150E1));
#1094=DIRECTION('',(-1.E0,0.E0,0.E0));
#1095=DIRECTION('',(0.E0,-9.905784040526E-1,1.369467977886E-1));
#1096=AXIS2_PLACEMENT_3D('',#1093,#1094,#1095);
#1098=CARTESIAN_POINT('',(2.273736754432E-13,-4.886340023848E1,
-8.698625931147E1));
#1099=DIRECTION('',(1.E0,0.E0,0.E0));
#1100=DIRECTION('',(0.E0,5.911604480055E-1,-8.065539812771E-1));
#1101=AXIS2_PLACEMENT_3D('',#1098,#1099,#1100);
#1103=CARTESIAN_POINT('',(0.E0,0.E0,-6.4E1));
#1104=DIRECTION('',(-1.E0,0.E0,0.E0));
#1105=DIRECTION('',(0.E0,-9.048777821941E-1,-4.256714687308E-1));
#1106=AXIS2_PLACEMENT_3D('',#1103,#1104,#1105);
#1108=CARTESIAN_POINT('',(0.E0,-5.304230542453E1,-7.412491161695E1));
#1109=DIRECTION('',(1.E0,0.E0,0.E0));
#1110=DIRECTION('',(0.E0,9.822649152710E-1,1.874983632665E-1));
#1111=AXIS2_PLACEMENT_3D('',#1108,#1109,#1110);
#1113=CARTESIAN_POINT('',(0.E0,-5.3E1,-6.4E1));
#1114=DIRECTION('',(-1.E0,0.E0,0.E0));
#1115=DIRECTION('',(0.E0,-4.178313533619E-3,-9.999912708099E-1));
#1116=AXIS2_PLACEMENT_3D('',#1113,#1114,#1115);
#1118=CARTESIAN_POINT('',(0.E0,-5.7E1,-7.330137758614E1));
#1119=DIRECTION('',(1.E0,0.E0,0.E0));
#1120=DIRECTION('',(0.E0,3.950617266199E-1,9.186545771725E-1));
#1121=AXIS2_PLACEMENT_3D('',#1118,#1119,#1120);
#1123=CARTESIAN_POINT('',(0.E0,-5.7E1,-7.330137758614E1));
#1124=DIRECTION('',(1.E0,0.E0,0.E0));
#1125=DIRECTION('',(0.E0,0.E0,1.E0));
#1126=AXIS2_PLACEMENT_3D('',#1123,#1124,#1125);
#1128=DIRECTION('',(0.E0,0.E0,-1.E0));
#1129=VECTOR('',#1128,2.072805966538E1);
#1130=CARTESIAN_POINT('',(0.E0,-5.9E1,-7.330137758614E1));
#1131=LINE('',#1130,#1129);
#1132=CARTESIAN_POINT('',(0.E0,-5.1E1,-9.402943725152E1));
#1133=DIRECTION('',(1.E0,0.E0,0.E0));
#1134=DIRECTION('',(0.E0,-1.E0,0.E0));
#1135=AXIS2_PLACEMENT_3D('',#1132,#1133,#1134);
#1137=CARTESIAN_POINT('',(0.E0,-5.672203599533E1,-9.583451455405E1));
#1138=DIRECTION('',(1.E0,0.E0,0.E0));
#1139=DIRECTION('',(0.E0,-9.536726658910E-1,-3.008462170818E-1));
#1140=AXIS2_PLACEMENT_3D('',#1137,#1138,#1139);
#1142=CARTESIAN_POINT('',(0.E0,-5.672203599533E1,-9.583451455405E1));
#1143=DIRECTION('',(1.E0,0.E0,0.E0));
#1144=DIRECTION('',(0.E0,0.E0,-1.E0));
#1145=AXIS2_PLACEMENT_3D('',#1142,#1143,#1144);
#1147=CARTESIAN_POINT('',(0.E0,-5.082322330470E1,-1.021611652352E2));
#1148=DIRECTION('',(-1.E0,0.E0,0.E0));
#1149=DIRECTION('',(0.E0,-6.819436635867E-1,7.314047030844E-1));
#1150=AXIS2_PLACEMENT_3D('',#1147,#1148,#1149);
#1152=CARTESIAN_POINT('',(0.E0,-5.290750704291E1,-9.376603204393E1));
#1153=DIRECTION('',(1.E0,0.E0,0.E0));
#1154=DIRECTION('',(0.E0,2.409576573696E-1,-9.705356291012E-1));
#1155=AXIS2_PLACEMENT_3D('',#1152,#1153,#1154);
#1157=CARTESIAN_POINT('',(0.E0,-4.287790070187E1,-9.515261837150E1));
#1158=DIRECTION('',(-1.E0,0.E0,0.E0));
#1159=DIRECTION('',(0.E0,5.843997941192E-1,-8.114658838383E-1));
#1160=AXIS2_PLACEMENT_3D('',#1157,#1158,#1159);
#1162=CARTESIAN_POINT('',(0.E0,-4.275383938582E1,-1.052768582832E2));
#1163=DIRECTION('',(1.E0,0.E0,0.E0));
#1164=DIRECTION('',(0.E0,-1.225296958956E-2,9.999249295503E-1));
#1165=AXIS2_PLACEMENT_3D('',#1162,#1163,#1164);
#1167=CARTESIAN_POINT('',(0.E0,-5.082322330470E1,-1.021611652352E2));
#1168=DIRECTION('',(-1.E0,0.E0,0.E0));
#1169=DIRECTION('',(0.E0,9.328767536454E-1,-3.601957280536E-1));
#1170=AXIS2_PLACEMENT_3D('',#1167,#1168,#1169);
#1172=CARTESIAN_POINT('',(0.E0,-4.497766519077E1,-1.085370534350E2));
#1173=DIRECTION('',(1.E0,0.E0,0.E0));
#1174=DIRECTION('',(0.E0,-6.757870652834E-1,7.370969016321E-1));
#1175=AXIS2_PLACEMENT_3D('',#1172,#1173,#1174);
#1177=DIRECTION('',(0.E0,7.071067811812E-1,-7.071067811919E-1));
#1178=VECTOR('',#1177,6.231191209332E-1);
#1179=CARTESIAN_POINT('',(-1.515824502955E-13,-4.639187875319E1,
-1.099512669973E2));
#1180=LINE('',#1179,#1178);
#1181=CARTESIAN_POINT('',(0.E0,-4.453705343499E1,-1.089776651908E2));
#1182=DIRECTION('',(1.E0,0.E0,0.E0));
#1183=DIRECTION('',(0.E0,-7.071067810594E-1,-7.071067813137E-1));
#1184=AXIS2_PLACEMENT_3D('',#1181,#1182,#1183);
#1186=CARTESIAN_POINT('',(0.E0,-4.453705343499E1,-1.089776651908E2));
#1187=DIRECTION('',(1.E0,0.E0,0.E0));
#1188=DIRECTION('',(0.E0,0.E0,-1.E0));
#1189=AXIS2_PLACEMENT_3D('',#1186,#1187,#1188);
#1191=CARTESIAN_POINT('',(0.E0,-3.816116523517E1,-1.148232233047E2));
#1192=DIRECTION('',(-1.E0,0.E0,0.E0));
#1193=DIRECTION('',(0.E0,-7.370969017844E-1,6.757870651173E-1));
#1194=AXIS2_PLACEMENT_3D('',#1191,#1192,#1193);
#1196=CARTESIAN_POINT('',(0.E0,-3.816116523517E1,-1.148232233047E2));
#1197=DIRECTION('',(-1.E0,0.E0,0.E0));
#1198=DIRECTION('',(0.E0,0.E0,1.E0));
#1199=AXIS2_PLACEMENT_3D('',#1196,#1197,#1198);
#1201=CARTESIAN_POINT('',(0.E0,-3.183451455405E1,-1.207220359953E2));
#1202=DIRECTION('',(1.E0,0.E0,0.E0));
#1203=DIRECTION('',(0.E0,-7.314047032065E-1,6.819436634557E-1));
#1204=AXIS2_PLACEMENT_3D('',#1201,#1202,#1203);
#1206=CARTESIAN_POINT('',(0.E0,-3.002943725152E1,-1.15E2));
#1207=DIRECTION('',(1.E0,0.E0,0.E0));
#1208=DIRECTION('',(0.E0,-3.008462170699E-1,-9.536726658947E-1));
#1209=AXIS2_PLACEMENT_3D('',#1206,#1207,#1208);
#1211=DIRECTION('',(0.E0,1.E0,0.E0));
#1212=VECTOR('',#1211,6.005887450304E1);
#1213=CARTESIAN_POINT('',(0.E0,-3.002943725152E1,-1.23E2));
#1214=LINE('',#1213,#1212);
#1215=CARTESIAN_POINT('',(0.E0,3.002943725152E1,-1.15E2));
#1216=DIRECTION('',(1.E0,0.E0,0.E0));
#1217=DIRECTION('',(0.E0,0.E0,-1.E0));
#1218=AXIS2_PLACEMENT_3D('',#1215,#1216,#1217);
#1220=DIRECTION('',(0.E0,7.071067811866E-1,7.071067811865E-1));
#1221=VECTOR('',#1220,1.615234050842E1);
#1222=CARTESIAN_POINT('',(-1.515824502955E-13,3.568629150107E1,
-1.206568542495E2));
#1223=LINE('',#1222,#1221);
#1224=CARTESIAN_POINT('',(0.E0,4.569350744426E1,-1.078212111815E2));
#1225=DIRECTION('',(1.E0,0.E0,0.E0));
#1226=DIRECTION('',(0.E0,7.071067811426E-1,-7.071067812305E-1));
#1227=AXIS2_PLACEMENT_3D('',#1224,#1225,#1226);
#1229=CARTESIAN_POINT('',(0.E0,5.153906555819E1,-1.014453229817E2));
#1230=DIRECTION('',(-1.E0,0.E0,0.E0));
#1231=DIRECTION('',(0.E0,-6.757870651772E-1,-7.370969017294E-1));
#1232=AXIS2_PLACEMENT_3D('',#1229,#1230,#1231);
#1234=CARTESIAN_POINT('',(0.E0,4.376519537520E1,-1.052386648300E2));
#1235=DIRECTION('',(1.E0,0.E0,0.E0));
#1236=DIRECTION('',(0.E0,8.987133159673E-1,4.385366298305E-1));
#1237=AXIS2_PLACEMENT_3D('',#1234,#1235,#1236);
#1239=CARTESIAN_POINT('',(0.E0,4.376519537520E1,-1.052386648300E2));
#1240=DIRECTION('',(1.E0,0.E0,0.E0));
#1241=DIRECTION('',(0.E0,0.E0,1.E0));
#1242=AXIS2_PLACEMENT_3D('',#1239,#1240,#1241);
#1244=CARTESIAN_POINT('',(0.E0,4.287790070187E1,-9.515261837150E1));
#1245=DIRECTION('',(-1.E0,0.E0,0.E0));
#1246=DIRECTION('',(0.E0,8.763404181026E-2,-9.961527366403E-1));
#1247=AXIS2_PLACEMENT_3D('',#1244,#1245,#1246);
#1249=CARTESIAN_POINT('',(0.E0,4.287790070187E1,-9.515261837150E1));
#1250=DIRECTION('',(-1.E0,0.E0,0.E0));
#1251=DIRECTION('',(0.E0,0.E0,-1.E0));
#1252=AXIS2_PLACEMENT_3D('',#1249,#1250,#1251);
#1254=CARTESIAN_POINT('',(0.E0,3.696085278006E1,-1.033687104408E2));
#1255=DIRECTION('',(1.E0,0.E0,0.E0));
#1256=DIRECTION('',(0.E0,5.843997947436E-1,8.114658833886E-1));
#1257=AXIS2_PLACEMENT_3D('',#1254,#1255,#1256);
#1259=CARTESIAN_POINT('',(0.E0,3.696085278006E1,-1.033687104408E2));
#1260=DIRECTION('',(1.E0,0.E0,0.E0));
#1261=DIRECTION('',(0.E0,0.E0,1.E0));
#1262=AXIS2_PLACEMENT_3D('',#1259,#1260,#1261);
#1264=CARTESIAN_POINT('',(6.821210263297E-13,0.E0,-6.4E1));
#1265=DIRECTION('',(-1.E0,0.E0,0.E0));
#1266=DIRECTION('',(0.E0,6.844602366659E-1,-7.290501933498E-1));
#1267=AXIS2_PLACEMENT_3D('',#1264,#1265,#1266);
#1269=CARTESIAN_POINT('',(6.821210263297E-13,0.E0,-6.4E1));
#1270=DIRECTION('',(-1.E0,0.E0,0.E0));
#1271=DIRECTION('',(0.E0,0.E0,-1.E0));
#1272=AXIS2_PLACEMENT_3D('',#1269,#1270,#1271);
#1274=CARTESIAN_POINT('',(0.E0,-3.696085278006E1,-1.033687104408E2));
#1275=DIRECTION('',(1.E0,0.E0,0.E0));
#1276=DIRECTION('',(0.E0,6.844602367102E-1,7.290501933081E-1));
#1277=AXIS2_PLACEMENT_3D('',#1274,#1275,#1276);
#1279=CARTESIAN_POINT('',(0.E0,-3.696085278006E1,-1.033687104408E2));
#1280=DIRECTION('',(1.E0,0.E0,0.E0));
#1281=DIRECTION('',(0.E0,0.E0,1.E0));
#1282=AXIS2_PLACEMENT_3D('',#1279,#1280,#1281);
#1284=CARTESIAN_POINT('',(0.E0,4.287790070187E1,-9.515261837150E1));
#1285=DIRECTION('',(-1.E0,0.E0,0.E0));
#1286=DIRECTION('',(0.E0,5.911604480686E-1,8.065539812309E-1));
#1287=AXIS2_PLACEMENT_3D('',#1284,#1285,#1286);
#1289=CARTESIAN_POINT('',(0.E0,5.274449004295E1,-9.287972599072E1));
#1290=DIRECTION('',(1.E0,0.E0,0.E0));
#1291=DIRECTION('',(0.E0,-9.744779596213E-1,-2.244831980625E-1));
#1292=AXIS2_PLACEMENT_3D('',#1289,#1290,#1291);
#1294=CARTESIAN_POINT('',(0.E0,5.153906555819E1,-1.014453229817E2));
#1295=DIRECTION('',(-1.E0,0.E0,0.E0));
#1296=DIRECTION('',(0.E0,1.393554318113E-1,9.902424266939E-1));
#1297=AXIS2_PLACEMENT_3D('',#1294,#1295,#1296);
#1299=CARTESIAN_POINT('',(0.E0,5.696172318814E1,-9.470608829009E1));
#1300=DIRECTION('',(1.E0,0.E0,0.E0));
#1301=DIRECTION('',(0.E0,-6.268968360944E-1,-7.791022762737E-1));
#1302=AXIS2_PLACEMENT_3D('',#1299,#1300,#1301);
#1304=CARTESIAN_POINT('',(0.E0,5.696172318814E1,-9.470608829009E1));
#1305=DIRECTION('',(1.E0,0.E0,0.E0));
#1306=DIRECTION('',(0.E0,0.E0,-1.E0));
#1307=AXIS2_PLACEMENT_3D('',#1304,#1305,#1306);
#1309=CARTESIAN_POINT('',(0.E0,5.1E1,-9.402943725152E1));
#1310=DIRECTION('',(1.E0,0.E0,0.E0));
#1311=DIRECTION('',(0.E0,9.936205313566E-1,-1.127751730952E-1));
#1312=AXIS2_PLACEMENT_3D('',#1309,#1310,#1311);
#1314=CARTESIAN_POINT('',(0.E0,5.7E1,-7.330137758614E1));
#1315=DIRECTION('',(1.E0,0.E0,0.E0));
#1316=DIRECTION('',(0.E0,1.E0,0.E0));
#1317=AXIS2_PLACEMENT_3D('',#1314,#1315,#1316);
#1319=CARTESIAN_POINT('',(0.E0,5.7E1,-7.330137758614E1));
#1320=DIRECTION('',(1.E0,0.E0,0.E0));
#1321=DIRECTION('',(0.E0,0.E0,1.E0));
#1322=AXIS2_PLACEMENT_3D('',#1319,#1320,#1321);
#1324=CARTESIAN_POINT('',(0.E0,5.3E1,-6.4E1));
#1325=DIRECTION('',(-1.E0,0.E0,0.E0));
#1326=DIRECTION('',(0.E0,3.950617288035E-1,-9.186545762335E-1));
#1327=AXIS2_PLACEMENT_3D('',#1324,#1325,#1326);
#1329=CARTESIAN_POINT('',(2.273736754432E-13,5.304230542453E1,
-7.412491161695E1));
#1330=DIRECTION('',(1.E0,0.E0,0.E0));
#1331=DIRECTION('',(0.E0,-4.178313537473E-3,9.999912708099E-1));
#1332=AXIS2_PLACEMENT_3D('',#1329,#1330,#1331);
#1334=CARTESIAN_POINT('',(0.E0,0.E0,-6.4E1));
#1335=DIRECTION('',(-1.E0,0.E0,0.E0));
#1336=DIRECTION('',(0.E0,9.822649152690E-1,-1.874983632771E-1));
#1337=AXIS2_PLACEMENT_3D('',#1334,#1335,#1336);
#1339=CARTESIAN_POINT('',(0.E0,4.886340023848E1,-8.698625931147E1));
#1340=DIRECTION('',(1.E0,0.E0,0.E0));
#1341=DIRECTION('',(0.E0,-9.048777821938E-1,4.256714687315E-1));
#1342=AXIS2_PLACEMENT_3D('',#1339,#1340,#1341);
#1344=CARTESIAN_POINT('',(0.E0,-3.816116523517E1,-1.148232233047E2));
#1345=DIRECTION('',(-1.E0,0.E0,0.E0));
#1346=DIRECTION('',(0.E0,0.E0,-1.E0));
#1347=AXIS2_PLACEMENT_3D('',#1344,#1345,#1346);
#1349=CARTESIAN_POINT('',(0.E0,-3.816116523517E1,-1.148232233047E2));
#1350=DIRECTION('',(-1.E0,0.E0,0.E0));
#1351=DIRECTION('',(0.E0,0.E0,1.E0));
#1352=AXIS2_PLACEMENT_3D('',#1349,#1350,#1351);
#1354=CARTESIAN_POINT('',(0.E0,5.153906555819E1,-1.014453229817E2));
#1355=DIRECTION('',(-1.E0,0.E0,0.E0));
#1356=DIRECTION('',(0.E0,0.E0,1.E0));
#1357=AXIS2_PLACEMENT_3D('',#1354,#1355,#1356);
#1359=CARTESIAN_POINT('',(0.E0,5.153906555819E1,-1.014453229817E2));
#1360=DIRECTION('',(-1.E0,0.E0,0.E0));
#1361=DIRECTION('',(0.E0,0.E0,-1.E0));
#1362=AXIS2_PLACEMENT_3D('',#1359,#1360,#1361);
#1364=CARTESIAN_POINT('',(0.E0,-5.082322330470E1,-1.021611652352E2));
#1365=DIRECTION('',(-1.E0,0.E0,0.E0));
#1366=DIRECTION('',(0.E0,0.E0,1.E0));
#1367=AXIS2_PLACEMENT_3D('',#1364,#1365,#1366);
#1369=CARTESIAN_POINT('',(0.E0,-5.082322330470E1,-1.021611652352E2));
#1370=DIRECTION('',(-1.E0,0.E0,0.E0));
#1371=DIRECTION('',(0.E0,0.E0,-1.E0));
#1372=AXIS2_PLACEMENT_3D('',#1369,#1370,#1371);
#1374=DIRECTION('',(1.E0,-1.020015361064E-8,-1.204707839659E-9));
#1375=VECTOR('',#1374,4.5E0);
#1376=CARTESIAN_POINT('',(-4.5E0,-4.287790070187E1,-3.697238162850E1));
#1377=LINE('',#1376,#1375);
#1378=CARTESIAN_POINT('',(-4.5E0,-4.287790070187E1,-3.284738162850E1));
#1379=DIRECTION('',(-1.E0,0.E0,0.E0));
#1380=DIRECTION('',(0.E0,0.E0,-1.E0));
#1381=AXIS2_PLACEMENT_3D('',#1378,#1379,#1380);
#1383=CARTESIAN_POINT('',(-4.5E0,-4.287790070187E1,-3.284738162850E1));
#1384=DIRECTION('',(-1.E0,0.E0,0.E0));
#1385=DIRECTION('',(0.E0,0.E0,1.E0));
#1386=AXIS2_PLACEMENT_3D('',#1383,#1384,#1385);
#1388=CARTESIAN_POINT('',(-4.5E0,-4.287790070187E1,-3.284738162850E1));
#1389=DIRECTION('',(-1.E0,0.E0,0.E0));
#1390=DIRECTION('',(0.E0,0.E0,1.E0));
#1391=AXIS2_PLACEMENT_3D('',#1388,#1389,#1390);
#1393=CARTESIAN_POINT('',(-4.5E0,-4.287790070187E1,-3.284738162850E1));
#1394=DIRECTION('',(-1.E0,0.E0,0.E0));
#1395=DIRECTION('',(0.E0,0.E0,-1.E0));
#1396=AXIS2_PLACEMENT_3D('',#1393,#1394,#1395);
#1398=DIRECTION('',(1.E0,0.E0,0.E0));
#1399=VECTOR('',#1398,4.5E0);
#1400=CARTESIAN_POINT('',(-4.5E0,-4.287790070187E1,-2.872238162850E1));
#1401=LINE('',#1400,#1399);
#1402=CARTESIAN_POINT('',(1.657933050107E-14,-3.906454120917E1,
-3.442024983004E1));
#1403=CARTESIAN_POINT('',(-5.460039791257E-2,-3.914648249702E1,
-3.461891338467E1));
#1404=CARTESIAN_POINT('',(-1.294525578616E-1,-3.934148458826E1,
-3.500483339356E1));
#1405=CARTESIAN_POINT('',(-1.294525578623E-1,-3.973322946383E1,
-3.554402395773E1));
#1406=CARTESIAN_POINT('',(-5.460039791364E-2,-4.004000224292E1,
-3.584873780851E1));
#1407=CARTESIAN_POINT('',(1.657933050107E-14,-4.020362126061E1,
-3.598805901882E1));
#1409=DIRECTION('',(-7.071067811865E-1,1.731690076356E-1,-6.855745727451E-1));
#1410=VECTOR('',#1409,1.414213562373E0);
#1411=CARTESIAN_POINT('',(1.237898672457E-14,-1.2E1,-1.649210591912E1));
#1412=LINE('',#1411,#1410);
#1413=CARTESIAN_POINT('',(-9.999999999999E-1,0.E0,-6.4E1));
#1414=DIRECTION('',(1.E0,0.E0,0.E0));
#1415=DIRECTION('',(0.E0,-2.448979591837E-1,9.695488587934E-1));
#1416=AXIS2_PLACEMENT_3D('',#1413,#1414,#1415);
#1418=CARTESIAN_POINT('',(-9.999999999999E-1,0.E0,-6.4E1));
#1419=DIRECTION('',(1.E0,0.E0,0.E0));
#1420=DIRECTION('',(0.E0,0.E0,-1.E0));
#1421=AXIS2_PLACEMENT_3D('',#1418,#1419,#1420);
#1423=DIRECTION('',(-7.071067811863E-1,7.071067811868E-1,5.375996578532E-13));
#1424=VECTOR('',#1423,1.414213562374E0);
#1425=CARTESIAN_POINT('',(1.237898672457E-14,-1.2E1,-1.649210591912E1));
#1426=LINE('',#1425,#1424);
#1427=CARTESIAN_POINT('',(-1.E0,-1.2E1,-1.649210591912E1));
#1428=DIRECTION('',(-1.E0,0.E0,0.E0));
#1429=DIRECTION('',(0.E0,1.E0,0.E0));
#1430=AXIS2_PLACEMENT_3D('',#1427,#1428,#1429);
#1432=DIRECTION('',(-7.071067811865E-1,0.E0,7.071067811865E-1));
#1433=VECTOR('',#1432,1.414213562373E0);
#1434=CARTESIAN_POINT('',(0.E0,-1.2E1,-1.E0));
#1435=LINE('',#1434,#1433);
#1436=CARTESIAN_POINT('',(-1.E0,-1.2E1,-1.E0));
#1437=DIRECTION('',(-1.E0,0.E0,0.E0));
#1438=DIRECTION('',(0.E0,0.E0,1.E0));
#1439=AXIS2_PLACEMENT_3D('',#1436,#1437,#1438);
#1441=DIRECTION('',(7.071067811865E-1,-7.071067811865E-1,0.E0));
#1442=VECTOR('',#1441,1.414213562373E0);
#1443=CARTESIAN_POINT('',(-1.E0,-1.1E1,-1.E0));
#1444=LINE('',#1443,#1442);
#1445=DIRECTION('',(1.E0,0.E0,0.E0));
#1446=VECTOR('',#1445,7.E0);
#1447=CARTESIAN_POINT('',(-8.E0,-1.1E1,-1.E0));
#1448=LINE('',#1447,#1446);
#1449=DIRECTION('',(-1.E0,0.E0,0.E0));
#1450=VECTOR('',#1449,7.E0);
#1451=CARTESIAN_POINT('',(-1.E0,-1.2E1,0.E0));
#1452=LINE('',#1451,#1450);
#1453=DIRECTION('',(0.E0,0.E0,1.E0));
#1454=VECTOR('',#1453,1.549210591912E1);
#1455=CARTESIAN_POINT('',(-1.E0,-1.1E1,-1.649210591912E1));
#1456=LINE('',#1455,#1454);
#1457=DIRECTION('',(-1.E0,-4.143986741058E-13,1.927377754539E-7));
#1458=VECTOR('',#1457,7.E0);
#1459=CARTESIAN_POINT('',(-1.E0,-1.1E1,-1.649210591912E1));
#1460=LINE('',#1459,#1458);
#1461=DIRECTION('',(-1.E0,0.E0,0.E0));
#1462=VECTOR('',#1461,1.5E0);
#1463=CARTESIAN_POINT('',(-1.3E1,0.E0,-1.6E1));
#1464=LINE('',#1463,#1462);
#1465=DIRECTION('',(1.E0,-1.519649662752E-8,-3.200807697449E-8));
#1466=VECTOR('',#1465,1.175735931291E1);
#1467=CARTESIAN_POINT('',(-1.45E1,-2.057142857145E1,-1.073683793395E2));
#1468=LINE('',#1467,#1466);
#1469=DIRECTION('',(-1.E0,1.164782556121E-13,2.689911785377E-14));
#1470=VECTOR('',#1469,7.E0);
#1471=CARTESIAN_POINT('',(-9.999999999998E-1,-1.175510204082E1,
-1.746165477791E1));
#1472=LINE('',#1471,#1470);
#1473=CARTESIAN_POINT('',(-8.E0,-1.175510204082E1,-1.746165477791E1));
#1474=CARTESIAN_POINT('',(-8.443281451338E0,-1.175195753657E1,
-1.746086050884E1));
#1475=CARTESIAN_POINT('',(-9.297251744498E0,-1.164173160358E1,
-1.743279458888E1));
#1476=CARTESIAN_POINT('',(-1.052557545195E1,-1.114442025710E1,
-1.731013674303E1));
#1477=CARTESIAN_POINT('',(-1.156582913833E1,-1.037059579493E1,
-1.713070775857E1));
#1478=CARTESIAN_POINT('',(-1.236504628938E1,-9.352313152463E0,
-1.691520714985E1));
#1479=CARTESIAN_POINT('',(-1.288133449536E1,-8.143856979866E0,
-1.669025329792E1));
#1480=CARTESIAN_POINT('',(-1.299638397671E1,-7.297633492514E0,
-1.655590005341E1));
#1481=CARTESIAN_POINT('',(-1.3E1,-6.857142857143E0,-1.649232070668E1));
#1483=CARTESIAN_POINT('',(-1.3E1,0.E0,-6.4E1));
#1484=DIRECTION('',(1.E0,0.E0,0.E0));
#1485=DIRECTION('',(0.E0,1.428571428571E-1,9.897433186108E-1));
#1486=AXIS2_PLACEMENT_3D('',#1483,#1484,#1485);
#1488=CARTESIAN_POINT('',(-1.3E1,0.E0,-6.4E1));
#1489=DIRECTION('',(1.E0,0.E0,0.E0));
#1490=DIRECTION('',(0.E0,0.E0,1.E0));
#1491=AXIS2_PLACEMENT_3D('',#1488,#1489,#1490);
#1493=CARTESIAN_POINT('',(-8.E0,1.2E1,-1.649210591912E1));
#1494=DIRECTION('',(1.E0,0.E0,0.E0));
#1495=DIRECTION('',(0.E0,-1.E0,0.E0));
#1496=AXIS2_PLACEMENT_3D('',#1493,#1494,#1495);
#1498=CARTESIAN_POINT('',(-1.3E1,7.E0,-1.550257738807E1));
#1499=DIRECTION('',(0.E0,-9.897433186108E-1,1.428571428571E-1));
#1500=DIRECTION('',(0.E0,-1.428571428571E-1,-9.897433186108E-1));
#1501=AXIS2_PLACEMENT_3D('',#1498,#1499,#1500);
#1503=DIRECTION('',(1.E0,-6.864350357968E-13,-2.179333280188E-7));
#1504=VECTOR('',#1503,7.E0);
#1505=CARTESIAN_POINT('',(-8.E0,1.1E1,-1.649210439359E1));
#1506=LINE('',#1505,#1504);
#1507=DIRECTION('',(0.E0,0.E0,-1.E0));
#1508=VECTOR('',#1507,1.549210591912E1);
#1509=CARTESIAN_POINT('',(-1.E0,1.1E1,-1.E0));
#1510=LINE('',#1509,#1508);
#1511=DIRECTION('',(1.E0,0.E0,0.E0));
#1512=VECTOR('',#1511,7.E0);
#1513=CARTESIAN_POINT('',(-8.E0,1.2E1,0.E0));
#1514=LINE('',#1513,#1512);
#1515=DIRECTION('',(-1.E0,0.E0,0.E0));
#1516=VECTOR('',#1515,7.E0);
#1517=CARTESIAN_POINT('',(-1.E0,1.1E1,-1.E0));
#1518=LINE('',#1517,#1516);
#1519=DIRECTION('',(-7.071067811865E-1,-7.071067811865E-1,0.E0));
#1520=VECTOR('',#1519,1.414213562373E0);
#1521=CARTESIAN_POINT('',(0.E0,1.2E1,-1.E0));
#1522=LINE('',#1521,#1520);
#1523=CARTESIAN_POINT('',(-1.E0,1.2E1,-1.E0));
#1524=DIRECTION('',(-1.E0,0.E0,0.E0));
#1525=DIRECTION('',(0.E0,-1.E0,0.E0));
#1526=AXIS2_PLACEMENT_3D('',#1523,#1524,#1525);
#1528=DIRECTION('',(7.071067811865E-1,0.E0,-7.071067811865E-1));
#1529=VECTOR('',#1528,1.414213562373E0);
#1530=CARTESIAN_POINT('',(-1.E0,1.2E1,0.E0));
#1531=LINE('',#1530,#1529);
#1532=DIRECTION('',(-7.071067811865E-1,-1.731690076356E-1,-6.855745727451E-1));
#1533=VECTOR('',#1532,1.414213562373E0);
#1534=CARTESIAN_POINT('',(1.243449787580E-14,1.2E1,-1.649210591912E1));
#1535=LINE('',#1534,#1533);
#1536=CARTESIAN_POINT('',(-1.E0,1.2E1,-1.649210591912E1));
#1537=DIRECTION('',(-1.E0,0.E0,0.E0));
#1538=DIRECTION('',(0.E0,-2.448979591810E-1,-9.695488587941E-1));
#1539=AXIS2_PLACEMENT_3D('',#1536,#1537,#1538);
#1541=DIRECTION('',(7.071067811863E-1,7.071067811867E-1,-5.275510661176E-13));
#1542=VECTOR('',#1541,1.414213562373E0);
#1543=CARTESIAN_POINT('',(-1.E0,1.1E1,-1.649210591912E1));
#1544=LINE('',#1543,#1542);
#1545=CARTESIAN_POINT('',(-1.3E1,7.E0,-1.E0));
#1546=DIRECTION('',(0.E0,-1.E0,0.E0));
#1547=DIRECTION('',(1.E0,0.E0,0.E0));
#1548=AXIS2_PLACEMENT_3D('',#1545,#1546,#1547);
#1550=CARTESIAN_POINT('',(-8.E0,1.2E1,-1.E0));
#1551=DIRECTION('',(1.E0,0.E0,0.E0));
#1552=DIRECTION('',(0.E0,0.E0,1.E0));
#1553=AXIS2_PLACEMENT_3D('',#1550,#1551,#1552);
#1555=CARTESIAN_POINT('',(-8.E0,7.E0,-1.E0));
#1556=DIRECTION('',(0.E0,0.E0,1.E0));
#1557=DIRECTION('',(0.E0,1.E0,0.E0));
#1558=AXIS2_PLACEMENT_3D('',#1555,#1556,#1557);
#1560=DIRECTION('',(0.E0,1.E0,0.E0));
#1561=VECTOR('',#1560,1.4E1);
#1562=CARTESIAN_POINT('',(-1.3E1,-7.E0,0.E0));
#1563=LINE('',#1562,#1561);
#1564=DIRECTION('',(0.E0,-1.E0,0.E0));
#1565=VECTOR('',#1564,1.4E1);
#1566=CARTESIAN_POINT('',(-1.2E1,7.E0,-1.E0));
#1567=LINE('',#1566,#1565);
#1568=CARTESIAN_POINT('',(-8.E0,-1.2E1,-1.E0));
#1569=DIRECTION('',(1.E0,0.E0,0.E0));
#1570=DIRECTION('',(0.E0,1.E0,0.E0));
#1571=AXIS2_PLACEMENT_3D('',#1568,#1569,#1570);
#1573=CARTESIAN_POINT('',(-1.3E1,-7.E0,-1.E0));
#1574=DIRECTION('',(0.E0,1.E0,0.E0));
#1575=DIRECTION('',(0.E0,0.E0,1.E0));
#1576=AXIS2_PLACEMENT_3D('',#1573,#1574,#1575);
#1578=CARTESIAN_POINT('',(-8.E0,-7.E0,-1.E0));
#1579=DIRECTION('',(0.E0,0.E0,1.E0));
#1580=DIRECTION('',(-1.E0,0.E0,0.E0));
#1581=AXIS2_PLACEMENT_3D('',#1578,#1579,#1580);
#1583=DIRECTION('',(0.E0,1.880458012313E-13,1.E0));
#1584=VECTOR('',#1583,1.549210456996E1);
#1585=CARTESIAN_POINT('',(-8.E0,-1.1E1,-1.649210456996E1));
#1586=LINE('',#1585,#1584);
#1587=DIRECTION('',(-2.666511714196E-13,-1.529391512066E-8,-1.E0));
#1588=VECTOR('',#1587,1.450257585139E1);
#1589=CARTESIAN_POINT('',(-1.2E1,-7.E0,-1.E0));
#1590=LINE('',#1589,#1588);
#1591=CARTESIAN_POINT('',(-1.2E1,-7.000000221801E0,-1.550257585139E1));
#1592=CARTESIAN_POINT('',(-1.199999976603E1,-8.054889761266E0,
-1.569290120214E1));
#1593=CARTESIAN_POINT('',(-1.114043099458E1,-1.011261670302E1,
-1.619492485292E1));
#1594=CARTESIAN_POINT('',(-9.066332670409E0,-1.1E1,-1.649210456756E1));
#1595=CARTESIAN_POINT('',(-8.E0,-1.1E1,-1.649210456996E1));
#1597=CARTESIAN_POINT('',(-1.2E1,0.E0,-6.4E1));
#1598=DIRECTION('',(1.E0,0.E0,0.E0));
#1599=DIRECTION('',(0.E0,1.428571428571E-1,9.897433186108E-1));
#1600=AXIS2_PLACEMENT_3D('',#1597,#1598,#1599);
#1602=DIRECTION('',(3.899941853745E-13,-1.729320012997E-8,1.E0));
#1603=VECTOR('',#1602,1.450257565051E1);
#1604=CARTESIAN_POINT('',(-1.200000000001E1,7.000000250796E0,
-1.550257565051E1));
#1605=LINE('',#1604,#1603);
#1606=DIRECTION('',(0.E0,3.110782100905E-13,-1.E0));
#1607=VECTOR('',#1606,1.549210439359E1);
#1608=CARTESIAN_POINT('',(-8.E0,1.1E1,-1.E0));
#1609=LINE('',#1608,#1607);
#1610=CARTESIAN_POINT('',(-8.E0,1.1E1,-1.649210439359E1));
#1611=CARTESIAN_POINT('',(-9.066675783881E0,1.100000000001E1,
-1.649210439210E1));
#1612=CARTESIAN_POINT('',(-1.114370465541E1,1.010895582116E1,
-1.619393543622E1));
#1613=CARTESIAN_POINT('',(-1.199999973535E1,8.055275913753E0,
-1.569297068150E1));
#1614=CARTESIAN_POINT('',(-1.200000000001E1,7.000000250796E0,
-1.550257565051E1));
#1616=CARTESIAN_POINT('',(-1.3E1,-7.E0,-1.550257738807E1));
#1617=DIRECTION('',(0.E0,9.897433186108E-1,1.428571428571E-1));
#1618=DIRECTION('',(1.E0,0.E0,0.E0));
#1619=AXIS2_PLACEMENT_3D('',#1616,#1617,#1618);
#1621=CARTESIAN_POINT('',(-8.E0,-1.2E1,-1.649210591912E1));
#1622=DIRECTION('',(1.E0,0.E0,0.E0));
#1623=DIRECTION('',(0.E0,2.448979591810E-1,-9.695488587941E-1));
#1624=AXIS2_PLACEMENT_3D('',#1621,#1622,#1623);
#1626=DIRECTION('',(1.E0,1.745905007868E-13,2.055498628449E-13));
#1627=VECTOR('',#1626,7.E0);
#1628=CARTESIAN_POINT('',(-8.E0,1.175510204082E1,-1.746165477792E1));
#1629=LINE('',#1628,#1627);
#1630=DIRECTION('',(-1.E0,1.175660927180E-14,0.E0));
#1631=VECTOR('',#1630,5.000000000005E-1);
#1632=CARTESIAN_POINT('',(-9.999999999995E-1,0.E0,-1.12E2));
#1633=LINE('',#1632,#1631);
#1634=DIRECTION('',(-1.E0,-5.782119598213E-8,1.193824321161E-7));
#1635=VECTOR('',#1634,1.175735931313E1);
#1636=CARTESIAN_POINT('',(-2.742640686872E0,2.088634242649E1,
-1.072175988431E2));
#1637=LINE('',#1636,#1635);
#1638=CARTESIAN_POINT('',(-1.3E1,6.857142857143E0,-1.649232070668E1));
#1639=CARTESIAN_POINT('',(-1.299723815348E1,7.291870614581E0,
-1.655506825363E1));
#1640=CARTESIAN_POINT('',(-1.288498836770E1,8.128927458179E0,
-1.668774358767E1));
#1641=CARTESIAN_POINT('',(-1.237531213731E1,9.335001386180E0,
-1.691180269550E1));
#1642=CARTESIAN_POINT('',(-1.158770417567E1,1.034901336684E1,
-1.712592114833E1));
#1643=CARTESIAN_POINT('',(-1.054529184713E1,1.113309510179E1,
-1.730737721970E1));
#1644=CARTESIAN_POINT('',(-9.315964379248E0,1.163751842758E1,
-1.743173243769E1));
#1645=CARTESIAN_POINT('',(-8.450661091819E0,1.175084640380E1,
-1.746057984826E1));
#1646=CARTESIAN_POINT('',(-8.E0,1.175510204082E1,-1.746165477792E1));
#1648=CARTESIAN_POINT('',(-1.5E0,0.E0,-6.4E1));
#1649=DIRECTION('',(-1.E0,0.E0,0.E0));
#1650=DIRECTION('',(0.E0,0.E0,-1.E0));
#1651=AXIS2_PLACEMENT_3D('',#1648,#1649,#1650);
#1653=CARTESIAN_POINT('',(-1.499990648811E0,-1.825559544363E1,
-1.083929513837E2));
#1654=CARTESIAN_POINT('',(-1.629817108967E0,-1.815546549144E1,
-1.085745536286E2));
#1655=CARTESIAN_POINT('',(-1.916212763461E0,-1.798251001164E1,
-1.089534860892E2));
#1656=CARTESIAN_POINT('',(-2.433007388084E0,-1.780897372726E1,
-1.095776381373E2));
#1657=CARTESIAN_POINT('',(-2.831453116001E0,-1.776384426733E1,
-1.100222276345E2));
#1658=CARTESIAN_POINT('',(-3.044943149059E0,-1.776043211605E1,
-1.102522263539E2));
#1660=CARTESIAN_POINT('',(-3.044943149059E0,-1.776043211605E1,
-1.102522263539E2));
#1661=CARTESIAN_POINT('',(-3.559928284876E0,-1.775217517843E1,
-1.108070454726E2));
#1662=CARTESIAN_POINT('',(-4.075565060899E0,-1.774417425250E1,
-1.113610790375E2));
#1663=CARTESIAN_POINT('',(-4.591787778405E0,-1.773641219313E1,
-1.119144081361E2));
#1665=CARTESIAN_POINT('',(-4.591787778405E0,-1.773641219313E1,
-1.119144081361E2));
#1666=CARTESIAN_POINT('',(-4.572044717712E0,-1.765844361600E1,
-1.119222173644E2));
#1667=CARTESIAN_POINT('',(-4.538480067755E0,-1.749944507624E1,
-1.119448499872E2));
#1668=CARTESIAN_POINT('',(-4.507293465876E0,-1.725408410624E1,
-1.120005812007E2));
#1669=CARTESIAN_POINT('',(-4.5E0,-1.708525941434E1,-1.120531173657E2));
#1670=CARTESIAN_POINT('',(-4.5E0,-1.699999999994E1,-1.120832611207E2));
#1672=CARTESIAN_POINT('',(-1.5E0,0.E0,-6.4E1));
#1673=DIRECTION('',(-1.E0,0.E0,0.E0));
#1674=DIRECTION('',(0.E0,3.870592770315E-1,-9.220548335451E-1));
#1675=AXIS2_PLACEMENT_3D('',#1672,#1673,#1674);
#1677=CARTESIAN_POINT('',(-5.166263506522E0,-2.E1,-1.082718872330E2));
#1678=CARTESIAN_POINT('',(-4.942967086613E0,-2.000000000097E1,
-1.084803435537E2));
#1679=CARTESIAN_POINT('',(-4.471577339616E0,-1.990473284290E1,
-1.089204051146E2));
#1680=CARTESIAN_POINT('',(-3.799734526136E0,-1.942242500098E1,
-1.095475978009E2));
#1681=CARTESIAN_POINT('',(-3.288394425398E0,-1.865559644510E1,
-1.100249546521E2));
#1682=CARTESIAN_POINT('',(-3.101543738820E0,-1.805593126407E1,
-1.101993873935E2));
#1683=CARTESIAN_POINT('',(-3.044943149059E0,-1.776043211605E1,
-1.102522263539E2));
#1685=CARTESIAN_POINT('',(-1.499990648811E0,-1.825559544363E1,
-1.083929513837E2));
#1686=CARTESIAN_POINT('',(-1.500064504780E0,-1.840930561746E1,
-1.083297411890E2));
#1687=CARTESIAN_POINT('',(-1.521357856987E0,-1.870223290636E1,
-1.082074124239E2));
#1688=CARTESIAN_POINT('',(-1.606329115432E0,-1.910159479103E1,
-1.080361796598E2));
#1689=CARTESIAN_POINT('',(-1.732097349275E0,-1.945098480449E1,
-1.078827999429E2));
#1690=CARTESIAN_POINT('',(-1.882963894321E0,-1.974406803772E1,
-1.077515723026E2));
#1691=CARTESIAN_POINT('',(-2.047876330857E0,-1.998675363382E1,
-1.076411416702E2));
#1692=CARTESIAN_POINT('',(-2.221225409669E0,-2.018794287537E1,
-1.075483665486E2));
#1693=CARTESIAN_POINT('',(-2.397795134958E0,-2.035062274284E1,
-1.074725261103E2));
#1694=CARTESIAN_POINT('',(-2.570572750674E0,-2.047712814448E1,
-1.074130390873E2));
#1695=CARTESIAN_POINT('',(-2.685875163657E0,-2.054265763105E1,
-1.073820326032E2));
#1696=CARTESIAN_POINT('',(-2.742640687093E0,-2.057142875012E1,
-1.073683797158E2));
#1698=CARTESIAN_POINT('',(-2.742640687093E0,-2.057142875012E1,
-1.073683797158E2));
#1699=CARTESIAN_POINT('',(-2.745167848610E0,-2.052911848822E1,
-1.073884492352E2));
#1700=CARTESIAN_POINT('',(-2.768818402875E0,-2.045182755697E1,
-1.074323578884E2));
#1701=CARTESIAN_POINT('',(-2.873920979201E0,-2.035741734947E1,
-1.075031620607E2));
#1702=CARTESIAN_POINT('',(-3.007136145929E0,-2.028140358603E1,
-1.075736534788E2));
#1703=CARTESIAN_POINT('',(-3.190497393963E0,-2.021332941521E1,
-1.076527948794E2));
#1704=CARTESIAN_POINT('',(-3.304808115411E0,-2.018110321359E1,
-1.076970238938E2));
#1705=CARTESIAN_POINT('',(-3.467185648146E0,-2.014082091377E1,
-1.077583112567E2));
#1706=CARTESIAN_POINT('',(-3.649717414729E0,-2.010582617113E1,
-1.078221433197E2));
#1707=CARTESIAN_POINT('',(-3.864790306714E0,-2.007324677558E1,
-1.078933006943E2));
#1708=CARTESIAN_POINT('',(-4.114193846729E0,-2.004469125732E1,
-1.079720519830E2));
#1709=CARTESIAN_POINT('',(-4.406121632413E0,-2.002121951919E1,
-1.080598090929E2));
#1710=CARTESIAN_POINT('',(-4.748513991278E0,-2.000461720217E1,
-1.081581981815E2));
#1711=CARTESIAN_POINT('',(-5.020307702289E0,-2.000000000013E1,
-1.082327472557E2));
#1712=CARTESIAN_POINT('',(-5.166263506522E0,-2.E1,-1.082718872330E2));
#1714=CARTESIAN_POINT('',(-7.500000016770E0,-2.E1,-1.107631778773E2));
#1715=CARTESIAN_POINT('',(-7.229122809105E0,-2.000000000171E1,
-1.108704891664E2));
#1716=CARTESIAN_POINT('',(-6.692125980531E0,-1.992644704322E1,
-1.110835082692E2));
#1717=CARTESIAN_POINT('',(-5.949691835797E0,-1.961000267335E1,
-1.113770842027E2));
#1718=CARTESIAN_POINT('',(-5.314870644971E0,-1.910823204383E1,
-1.116284747864E2));
#1719=CARTESIAN_POINT('',(-4.837381451435E0,-1.845540044381E1,
-1.118174998604E2));
#1720=CARTESIAN_POINT('',(-4.652965803192E0,-1.797801422325E1,
-1.118902095596E2));
#1721=CARTESIAN_POINT('',(-4.591787778405E0,-1.773641219313E1,
-1.119144081361E2));
#1723=DIRECTION('',(1.669254673657E-13,9.517153445131E-12,1.E0));
#1724=VECTOR('',#1723,5.916738879291E0);
#1725=CARTESIAN_POINT('',(-4.500000000001E0,-1.7E1,-1.18E2));
#1726=LINE('',#1725,#1724);
#1727=DIRECTION('',(2.097123880336E-9,5.596508419287E-14,-1.E0));
#1728=VECTOR('',#1727,7.236822122656E0);
#1729=CARTESIAN_POINT('',(-7.500000016770E0,-2.E1,-1.107631778773E2));
#1730=LINE('',#1729,#1728);
#1731=CARTESIAN_POINT('',(-4.5E0,0.E0,-6.4E1));
#1732=DIRECTION('',(-1.E0,0.E0,0.E0));
#1733=DIRECTION('',(0.E0,3.601851936038E-1,-9.328808210638E-1));
#1734=AXIS2_PLACEMENT_3D('',#1731,#1732,#1733);
#1736=CARTESIAN_POINT('',(-4.5E0,0.E0,-6.4E1));
#1737=DIRECTION('',(-1.E0,0.E0,0.E0));
#1738=DIRECTION('',(0.E0,0.E0,-1.E0));
#1739=AXIS2_PLACEMENT_3D('',#1736,#1737,#1738);
#1741=CARTESIAN_POINT('',(-4.499999999998E0,-1.599999999998E1,-1.18E2));
#1742=DIRECTION('',(1.E0,-4.576162535575E-12,1.448124758002E-12));
#1743=DIRECTION('',(-4.575895218221E-12,-1.E0,-1.372768565466E-11));
#1744=AXIS2_PLACEMENT_3D('',#1741,#1742,#1743);
#1746=CARTESIAN_POINT('',(-4.500000000048E0,3.551471862574E1,
-1.179999999999E2));
#1747=DIRECTION('',(1.E0,-1.524725259682E-11,5.300224914576E-11));
#1748=DIRECTION('',(5.300204719133E-11,2.118127895130E-11,-1.E0));
#1749=AXIS2_PLACEMENT_3D('',#1746,#1747,#1748);
#1751=DIRECTION('',(5.654624984040E-13,7.071067811860E-1,7.071067811871E-1));
#1752=VECTOR('',#1751,1.201751328922E1);
#1753=CARTESIAN_POINT('',(-4.5E0,3.622182540688E1,-1.187071067812E2));
#1754=LINE('',#1753,#1752);
#1755=CARTESIAN_POINT('',(-4.500000000003E0,4.401238376539E1,
-1.095023348603E2));
#1756=DIRECTION('',(1.E0,-9.284775506333E-12,2.448567045084E-11));
#1757=DIRECTION('',(2.387956499200E-11,7.071067814440E-1,-7.071067809291E-1));
#1758=AXIS2_PLACEMENT_3D('',#1755,#1756,#1757);
#1760=DIRECTION('',(8.155509137050E-13,-7.492390373844E-1,6.622996790421E-1));
#1761=VECTOR('',#1760,8.334524959436E0);
#1762=CARTESIAN_POINT('',(-4.500000000005E0,4.467468344440E1,
-1.087530958229E2));
#1763=LINE('',#1762,#1761);
#1764=CARTESIAN_POINT('',(-4.499999999997E0,3.776783230766E1,
-1.039823816547E2));
#1765=DIRECTION('',(1.E0,-6.390733497583E-12,3.205300531430E-12));
#1766=DIRECTION('',(1.831423901458E-12,6.622996791483E-1,7.492390372906E-1));
#1767=AXIS2_PLACEMENT_3D('',#1764,#1765,#1766);
#1769=CARTESIAN_POINT('',(-4.499999999997E0,3.776783230766E1,
-1.039823816547E2));
#1770=DIRECTION('',(1.E0,-6.390733497583E-12,3.205300531430E-12));
#1771=DIRECTION('',(-3.205435916742E-12,-7.204903340707E-12,1.E0));
#1772=AXIS2_PLACEMENT_3D('',#1769,#1770,#1771);
#1774=CARTESIAN_POINT('',(-4.5E0,-5.377642775528E-14,-6.4E1));
#1775=DIRECTION('',(-1.E0,0.E0,0.E0));
#1776=DIRECTION('',(0.E0,6.866878601376E-1,-7.269523937230E-1));
#1777=AXIS2_PLACEMENT_3D('',#1774,#1775,#1776);
#1779=CARTESIAN_POINT('',(-4.5E0,2.173822559280E1,-1.090272089750E2));
#1780=DIRECTION('',(-1.E0,0.E0,0.E0));
#1781=DIRECTION('',(0.E0,4.347645118256E-1,-9.005441795143E-1));
#1782=AXIS2_PLACEMENT_3D('',#1779,#1780,#1781);
#1784=CARTESIAN_POINT('',(-4.5E0,2.173822559280E1,-1.090272089750E2));
#1785=DIRECTION('',(-1.E0,0.E0,0.E0));
#1786=DIRECTION('',(0.E0,0.E0,-1.E0));
#1787=AXIS2_PLACEMENT_3D('',#1784,#1785,#1786);
#1789=CARTESIAN_POINT('',(-4.499998642132E0,1.858013758319E1,
-1.114820990488E2));
#1790=CARTESIAN_POINT('',(-4.499998642132E0,1.855731024145E1,
-1.114939023919E2));
#1791=CARTESIAN_POINT('',(-4.500000394231E0,1.851126669317E1,
-1.115166679263E2));
#1792=CARTESIAN_POINT('',(-4.500000656993E0,1.844097168253E1,
-1.115483033742E2));
#1793=CARTESIAN_POINT('',(-4.499998204195E0,1.839339525224E1,
-1.115676765899E2));
#1794=CARTESIAN_POINT('',(-4.499998204195E0,1.836943218421E1,
-1.115769291547E2));
#1796=CARTESIAN_POINT('',(-7.499999999996E0,-1.599999999998E1,-1.19E2));
#1797=DIRECTION('',(-4.576162535585E-12,-1.E0,6.829592447126E-12));
#1798=DIRECTION('',(-1.451283537791E-12,-6.829499928550E-12,-1.E0));
#1799=AXIS2_PLACEMENT_3D('',#1796,#1797,#1798);
#1801=CARTESIAN_POINT('',(-7.500000000002E0,-1.699999999999E1,-1.18E2));
#1802=DIRECTION('',(1.448124758014E-12,2.823324907191E-12,-1.E0));
#1803=DIRECTION('',(1.E0,-1.805962786724E-12,1.449507180951E-12));
#1804=AXIS2_PLACEMENT_3D('',#1801,#1802,#1803);
#1806=CARTESIAN_POINT('',(-7.499999999997E0,-1.599999999997E1,-1.18E2));
#1807=DIRECTION('',(1.E0,-4.576162535575E-12,1.448124758002E-12));
#1808=DIRECTION('',(-4.576117262875E-12,-1.E0,-1.211475364464E-12));
#1809=AXIS2_PLACEMENT_3D('',#1806,#1807,#1808);
#1811=DIRECTION('',(-1.208612002199E-14,-1.E0,4.910309532470E-14));
#1812=VECTOR('',#1811,5.151471862576E1);
#1813=CARTESIAN_POINT('',(-4.499999999998E0,3.551471862576E1,-1.19E2));
#1814=LINE('',#1813,#1812);
#1815=DIRECTION('',(7.417188064848E-13,1.E0,-5.241341635783E-14));
#1816=VECTOR('',#1815,5.151471862576E1);
#1817=CARTESIAN_POINT('',(-7.5E0,-1.6E1,-1.22E2));
#1818=LINE('',#1817,#1816);
#1819=CARTESIAN_POINT('',(-7.500000000011E0,3.622182540692E1,
-1.187071067812E2));
#1820=DIRECTION('',(2.669681408299E-11,-7.071067811929E-1,-7.071067811802E-1));
#1821=DIRECTION('',(3.636498509712E-12,7.071067811802E-1,-7.071067811929E-1));
#1822=AXIS2_PLACEMENT_3D('',#1819,#1820,#1821);
#1824=CARTESIAN_POINT('',(-7.500000000006E0,3.551471862579E1,-1.19E2));
#1825=DIRECTION('',(1.524725259661E-11,1.E0,3.988975817135E-12));
#1826=DIRECTION('',(1.E0,-1.524824710936E-11,5.594339806197E-12));
#1827=AXIS2_PLACEMENT_3D('',#1824,#1825,#1826);
#1829=CARTESIAN_POINT('',(-7.500000000059E0,3.551471862578E1,
-1.180000000001E2));
#1830=DIRECTION('',(1.E0,-1.524725259682E-11,5.300224914576E-11));
#1831=DIRECTION('',(5.300226924089E-11,-5.627498467293E-12,-1.E0));
#1832=AXIS2_PLACEMENT_3D('',#1829,#1830,#1831);
#1834=DIRECTION('',(2.539666427006E-12,7.071067811869E-1,7.071067811862E-1));
#1835=VECTOR('',#1834,1.201751328900E1);
#1836=CARTESIAN_POINT('',(-7.5E0,3.834314575052E1,-1.208284271247E2));
#1837=LINE('',#1836,#1835);
#1838=CARTESIAN_POINT('',(-7.499999999986E0,4.467468344448E1,
-1.087530958230E2));
#1839=DIRECTION('',(2.317336794355E-11,7.492390373775E-1,-6.622996790499E-1));
#1840=DIRECTION('',(-4.789650158017E-12,6.622996790499E-1,7.492390373775E-1));
#1841=AXIS2_PLACEMENT_3D('',#1838,#1839,#1840);
#1843=CARTESIAN_POINT('',(-7.499999999950E0,4.471949054662E1,
-1.102094416416E2));
#1844=DIRECTION('',(-1.074865589553E-11,7.071067811818E-1,7.071067811913E-1));
#1845=DIRECTION('',(1.E0,-1.063682475443E-11,2.584007082407E-11));
#1846=AXIS2_PLACEMENT_3D('',#1843,#1844,#1845);
#1848=CARTESIAN_POINT('',(-7.499999999973E0,4.401238376542E1,
-1.095023348604E2));
#1849=DIRECTION('',(1.E0,-9.284775506333E-12,2.448567045084E-11));
#1850=DIRECTION('',(2.387934294757E-11,7.071067811888E-1,-7.071067811843E-1));
#1851=AXIS2_PLACEMENT_3D('',#1848,#1849,#1850);
#1853=DIRECTION('',(0.E0,-7.492390373832E-1,6.622996790434E-1));
#1854=VECTOR('',#1853,8.334524959574E0);
#1855=CARTESIAN_POINT('',(-7.5E0,4.666158248157E1,-1.065053787108E2));
#1856=LINE('',#1855,#1854);
#1857=CARTESIAN_POINT('',(-7.500000000014E0,3.708114444753E1,
-1.032554292610E2));
#1858=DIRECTION('',(2.444718050589E-12,7.269523937129E-1,6.866878601483E-1));
#1859=DIRECTION('',(4.651982502900E-12,-6.866878601483E-1,7.269523937129E-1));
#1860=AXIS2_PLACEMENT_3D('',#1857,#1858,#1859);
#1862=CARTESIAN_POINT('',(-7.500000000005E0,3.843013198672E1,
-1.032331426173E2));
#1863=DIRECTION('',(-6.911056527112E-12,-7.492390373856E-1,6.622996790408E-1));
#1864=DIRECTION('',(1.E0,-6.631732200405E-12,2.932173022893E-12));
#1865=AXIS2_PLACEMENT_3D('',#1862,#1863,#1864);
#1867=CARTESIAN_POINT('',(-7.500000000007E0,3.776783230768E1,
-1.039823816547E2));
#1868=DIRECTION('',(1.E0,-6.390733497583E-12,3.205300531430E-12));
#1869=DIRECTION('',(1.830979812207E-12,6.622996790320E-1,7.492390373934E-1));
#1870=AXIS2_PLACEMENT_3D('',#1867,#1868,#1869);
#1872=CARTESIAN_POINT('',(-7.500000000007E0,3.776783230768E1,
-1.039823816547E2));
#1873=DIRECTION('',(1.E0,-6.390733497583E-12,3.205300531430E-12));
#1874=DIRECTION('',(-3.205213872085E-12,-6.593836587838E-12,1.E0));
#1875=AXIS2_PLACEMENT_3D('',#1872,#1873,#1874);
#1877=CARTESIAN_POINT('',(-7.5E0,2.347728364022E1,-1.126293856930E2));
#1878=DIRECTION('',(0.E0,9.005441794996E-1,4.347645118559E-1));
#1879=DIRECTION('',(0.E0,-4.347645118559E-1,9.005441794996E-1));
#1880=AXIS2_PLACEMENT_3D('',#1877,#1878,#1879);
#1882=CARTESIAN_POINT('',(-7.5E0,-5.377642775528E-14,-6.4E1));
#1883=DIRECTION('',(-1.E0,0.E0,0.E0));
#1884=DIRECTION('',(0.E0,6.866878601392E-1,-7.269523937215E-1));
#1885=AXIS2_PLACEMENT_3D('',#1882,#1883,#1884);
#1887=CARTESIAN_POINT('',(-5.336385165156E0,2.024969529301E1,
-1.102428248460E2));
#1888=CARTESIAN_POINT('',(-5.153823047557E0,2.011874129709E1,
-1.103829668599E2));
#1889=CARTESIAN_POINT('',(-4.842272507719E0,1.980930065707E1,
-1.106752801926E2));
#1890=CARTESIAN_POINT('',(-4.560395420400E0,1.923295098511E1,
-1.111098196942E2));
#1891=CARTESIAN_POINT('',(-4.499998642132E0,1.880226548082E1,
-1.113672432841E2));
#1892=CARTESIAN_POINT('',(-4.499998642132E0,1.858013758319E1,
-1.114820990488E2));
#1894=CARTESIAN_POINT('',(-7.5E0,2.173822559280E1,-1.090272089750E2));
#1895=DIRECTION('',(-1.E0,0.E0,0.E0));
#1896=DIRECTION('',(0.E0,4.347645118591E-1,-9.005441794981E-1));
#1897=AXIS2_PLACEMENT_3D('',#1894,#1895,#1896);
#1899=CARTESIAN_POINT('',(-7.5E0,2.173822559280E1,-1.090272089750E2));
#1900=DIRECTION('',(-1.E0,0.E0,0.E0));
#1901=DIRECTION('',(0.E0,0.E0,-1.E0));
#1902=AXIS2_PLACEMENT_3D('',#1899,#1900,#1901);
#1904=CARTESIAN_POINT('',(-7.5E0,1.810198822116E1,-1.106938756415E2));
#1905=DIRECTION('',(0.E0,4.166666666165E-1,-9.090593429093E-1));
#1906=DIRECTION('',(-9.062380475674E-13,9.090593429093E-1,4.166666666165E-1));
#1907=AXIS2_PLACEMENT_3D('',#1904,#1905,#1906);
#1909=CARTESIAN_POINT('',(-6.718799992482E0,2.073508245479E1,
-1.094870034155E2));
#1910=CARTESIAN_POINT('',(-6.552037319727E0,2.072293558585E1,
-1.095684445598E2));
#1911=CARTESIAN_POINT('',(-6.213835456593E0,2.066283636069E1,
-1.097130913801E2));
#1912=CARTESIAN_POINT('',(-5.742276973393E0,2.049943142044E1,
-1.099555452845E2));
#1913=CARTESIAN_POINT('',(-5.464303419137E0,2.034145330114E1,
-1.101446305269E2));
#1914=CARTESIAN_POINT('',(-5.336385165156E0,2.024969529301E1,
-1.102428248460E2));
#1916=CARTESIAN_POINT('',(-6.824199439336E0,2.041241288043E1,
-1.085346271356E2));
#1917=CARTESIAN_POINT('',(-6.617502367870E0,2.039093794065E1,
-1.084877743190E2));
#1918=CARTESIAN_POINT('',(-6.236796479290E0,2.035854967263E1,
-1.083978716798E2));
#1919=CARTESIAN_POINT('',(-5.773212837574E0,2.033336976757E1,
-1.082835255495E2));
#1920=CARTESIAN_POINT('',(-5.388739194975E0,2.032224714025E1,
-1.081847175203E2));
#1921=CARTESIAN_POINT('',(-5.064500802109E0,2.032071012112E1,
-1.080983059681E2));
#1922=CARTESIAN_POINT('',(-4.813502165156E0,2.032459902701E1,
-1.080292409782E2));
#1923=CARTESIAN_POINT('',(-4.523137351854E0,2.033457198385E1,
-1.079471673732E2));
#1924=CARTESIAN_POINT('',(-4.186786251792E0,2.035721427214E1,
-1.078473919877E2));
#1925=CARTESIAN_POINT('',(-3.936630931798E0,2.038318273465E1,
-1.077692374696E2));
#1926=CARTESIAN_POINT('',(-3.717011365709E0,2.041324208335E1,
-1.076972987204E2));
#1927=CARTESIAN_POINT('',(-3.535942972383E0,2.044492998199E1,
-1.076350155543E2));
#1928=CARTESIAN_POINT('',(-3.356339404211E0,2.048344625940E1,
-1.075700910975E2));
#1929=CARTESIAN_POINT('',(-3.162160951549E0,2.053894445484E1,
-1.074927017046E2));
#1930=CARTESIAN_POINT('',(-3.003465353438E0,2.060150527998E1,
-1.074223452228E2));
#1931=CARTESIAN_POINT('',(-2.883319410079E0,2.066536267866E1,
-1.073603171437E2));
#1932=CARTESIAN_POINT('',(-2.763357550728E0,2.077534204854E1,
-1.072764951369E2));
#1933=CARTESIAN_POINT('',(-2.742923838732E0,2.084796918260E1,
-1.072361439898E2));
#1934=CARTESIAN_POINT('',(-2.742640686872E0,2.088634242649E1,
-1.072175988431E2));
#1936=CARTESIAN_POINT('',(-2.742640686872E0,2.088634242649E1,
-1.072175988431E2));
#1937=CARTESIAN_POINT('',(-2.685578732403E0,2.085792476606E1,
-1.072313468102E2));
#1938=CARTESIAN_POINT('',(-2.569205299533E0,2.079375482918E1,
-1.072622698613E2));
#1939=CARTESIAN_POINT('',(-2.395194022570E0,2.066815532860E1,
-1.073224631522E2));
#1940=CARTESIAN_POINT('',(-2.217439109775E0,2.050585804349E1,
-1.073995752558E2));
#1941=CARTESIAN_POINT('',(-2.043968319543E0,2.030399833149E1,
-1.074944540153E2));
#1942=CARTESIAN_POINT('',(-1.880371188305E0,2.006017868062E1,
-1.076075453306E2));
#1943=CARTESIAN_POINT('',(-1.730835592743E0,1.976612425072E1,
-1.077417599581E2));
#1944=CARTESIAN_POINT('',(-1.605751408517E0,1.941666273073E1,
-1.078981773992E2));
#1945=CARTESIAN_POINT('',(-1.520926033406E0,1.901910449715E1,
-1.080719838992E2));
#1946=CARTESIAN_POINT('',(-1.500100063508E0,1.872943863837E1,
-1.081954810531E2));
#1947=CARTESIAN_POINT('',(-1.499940169705E0,1.857828739535E1,
-1.082589311742E2));
#1949=CARTESIAN_POINT('',(-1.499940169705E0,1.857828739535E1,
-1.082589311742E2));
#1950=CARTESIAN_POINT('',(-1.653205340616E0,1.845343416392E1,
-1.084775589946E2));
#1951=CARTESIAN_POINT('',(-2.009646879522E0,1.825288613480E1,
-1.089456434996E2));
#1952=CARTESIAN_POINT('',(-2.804448699017E0,1.807567654552E1,
-1.098721416850E2));
#1953=CARTESIAN_POINT('',(-3.527095324698E0,1.809319481900E1,
-1.106406654039E2));
#1954=CARTESIAN_POINT('',(-4.161417589752E0,1.825254456032E1,
-1.112591185469E2));
#1955=CARTESIAN_POINT('',(-4.499998204195E0,1.836943218421E1,
-1.115769291547E2));
#1957=CARTESIAN_POINT('',(-6.824195211755E0,1.768523221890E1,
-1.097846213913E2));
#1958=DIRECTION('',(-7.064538642272E-1,2.948996232592E-1,-6.433950185695E-1));
#1959=DIRECTION('',(-7.078915942318E-8,9.090593134451E-1,4.166667308997E-1));
#1960=AXIS2_PLACEMENT_3D('',#1957,#1958,#1959);
#1962=DIRECTION('',(-3.823171799841E-7,-4.166666666518E-1,9.090593428930E-1));
#1963=VECTOR('',#1962,3.231609629032E-1);
#1964=CARTESIAN_POINT('',(-7.500000000001E0,2.082916624989E1,
-1.094438756416E2));
#1965=LINE('',#1964,#1963);
#1966=CARTESIAN_POINT('',(-7.500000123551E0,2.069451584868E1,
-1.091501031490E2));
#1967=CARTESIAN_POINT('',(-7.411894125791E0,2.070970213363E1,
-1.091832357006E2));
#1968=CARTESIAN_POINT('',(-7.235977485055E0,2.073296630030E1,
-1.092526280140E2));
#1969=CARTESIAN_POINT('',(-6.974728064428E0,2.074647781273E1,
-1.093653130762E2));
#1970=CARTESIAN_POINT('',(-6.803435603146E0,2.074124741150E1,
-1.094456709561E2));
#1971=CARTESIAN_POINT('',(-6.718799992482E0,2.073508245479E1,
-1.094870034155E2));
#1973=DIRECTION('',(-7.064549920251E-1,2.948991542067E-1,-6.433939952245E-1));
#1974=VECTOR('',#1973,9.566082649902E-1);
#1975=CARTESIAN_POINT('',(-6.824199439336E0,2.041241288043E1,
-1.085346271356E2));
#1976=LINE('',#1975,#1974);
#1977=DIRECTION('',(0.E0,-4.166666666691E-1,9.090593428852E-1));
#1978=VECTOR('',#1977,1.000204203426E0);
#1979=CARTESIAN_POINT('',(-1.45E1,2.082916624989E1,-1.094438756416E2));
#1980=LINE('',#1979,#1978);
#1981=DIRECTION('',(-9.999999999999E-1,2.107954213988E-7,-4.599032537685E-7));
#1982=VECTOR('',#1981,7.675800560666E0);
#1983=CARTESIAN_POINT('',(-6.824199439336E0,2.041241288043E1,
-1.085346271356E2));
#1984=LINE('',#1983,#1982);
#1985=DIRECTION('',(7.071067811859E-1,-3.076848723498E-1,6.366553379404E-1));
#1986=VECTOR('',#1985,1.414213562372E0);
#1987=CARTESIAN_POINT('',(-1.55E1,2.132147386608E1,-1.081179640530E2));
#1988=LINE('',#1987,#1986);
#1989=CARTESIAN_POINT('',(-1.45E1,2.132147386608E1,-1.081179640530E2));
#1990=DIRECTION('',(1.E0,0.E0,0.E0));
#1991=DIRECTION('',(0.E0,-4.351321191322E-1,9.003666136078E-1));
#1992=AXIS2_PLACEMENT_3D('',#1989,#1990,#1991);
#1994=DIRECTION('',(-7.071067811841E-1,6.428020433493E-1,2.946277873341E-1));
#1995=VECTOR('',#1994,1.414213562375E0);
#1996=CARTESIAN_POINT('',(-1.45E1,2.041241449846E1,-1.085346306657E2));
#1997=LINE('',#1996,#1995);
#1998=DIRECTION('',(7.071067811867E-1,3.030457633451E-1,6.388765650095E-1));
#1999=VECTOR('',#1998,1.414213562373E0);
#2000=CARTESIAN_POINT('',(-1.55E1,-2.1E1,-1.082718872424E2));
#2001=LINE('',#2000,#1999);
#2002=CARTESIAN_POINT('',(-1.45E1,0.E0,-6.4E1));
#2003=DIRECTION('',(-1.E0,0.E0,0.E0));
#2004=DIRECTION('',(0.E0,-4.285714285725E-1,-9.035079029047E-1));
#2005=AXIS2_PLACEMENT_3D('',#2002,#2003,#2004);
#2007=CARTESIAN_POINT('',(-1.45E1,0.E0,-6.4E1));
#2008=DIRECTION('',(-1.E0,0.E0,0.E0));
#2009=DIRECTION('',(0.E0,0.E0,1.E0));
#2010=AXIS2_PLACEMENT_3D('',#2007,#2008,#2009);
#2012=DIRECTION('',(7.071067811881E-1,7.071067811850E-1,5.601989406679E-10));
#2013=VECTOR('',#2012,1.414213562370E0);
#2014=CARTESIAN_POINT('',(-1.55E1,-2.1E1,-1.082718872424E2));
#2015=LINE('',#2014,#2013);
#2016=CARTESIAN_POINT('',(-1.45E1,-2.1E1,-1.082718872424E2));
#2017=DIRECTION('',(1.E0,0.E0,0.E0));
#2018=DIRECTION('',(0.E0,1.E0,3.249155611230E-9));
#2019=AXIS2_PLACEMENT_3D('',#2016,#2017,#2018);
#2021=DIRECTION('',(7.071067811865E-1,0.E0,7.071067811865E-1));
#2022=VECTOR('',#2021,1.414213562373E0);
#2023=CARTESIAN_POINT('',(-1.55E1,-1.6E1,-1.23E2));
#2024=LINE('',#2023,#2022);
#2025=CARTESIAN_POINT('',(-1.45E1,-1.6E1,-1.18E2));
#2026=DIRECTION('',(-1.E0,0.E0,0.E0));
#2027=DIRECTION('',(0.E0,0.E0,-1.E0));
#2028=AXIS2_PLACEMENT_3D('',#2025,#2026,#2027);
#2030=DIRECTION('',(-7.071067811865E-1,-7.071067811865E-1,0.E0));
#2031=VECTOR('',#2030,1.414213562373E0);
#2032=CARTESIAN_POINT('',(-1.45E1,-2.E1,-1.18E2));
#2033=LINE('',#2032,#2031);
#2034=DIRECTION('',(-7.071067811865E-1,-3.517007107452E-14,-7.071067811865E-1));
#2035=VECTOR('',#2034,1.414213562373E0);
#2036=CARTESIAN_POINT('',(-1.45E1,3.551471862576E1,-1.22E2));
#2037=LINE('',#2036,#2035);
#2038=DIRECTION('',(7.071067811882E-1,-4.999999999623E-1,5.000000000354E-1));
#2039=VECTOR('',#2038,1.414213562366E0);
#2040=CARTESIAN_POINT('',(-1.55E1,3.905025253165E1,-1.215355339059E2));
#2041=LINE('',#2040,#2039);
#2042=CARTESIAN_POINT('',(-1.45E1,3.551471862576E1,-1.18E2));
#2043=DIRECTION('',(-1.E0,0.E0,0.E0));
#2044=DIRECTION('',(0.E0,7.071067811928E-1,-7.071067811803E-1));
#2045=AXIS2_PLACEMENT_3D('',#2042,#2043,#2044);
#2047=DIRECTION('',(-7.071067811898E-1,5.000000000665E-1,-4.999999999288E-1));
#2048=VECTOR('',#2047,1.414213562362E0);
#2049=CARTESIAN_POINT('',(-1.45E1,4.684081089015E1,-1.123307619851E2));
#2050=LINE('',#2049,#2048);
#2051=DIRECTION('',(7.071067811816E-1,-4.683165941409E-1,-5.297920041481E-1));
#2052=VECTOR('',#2051,1.414213562383E0);
#2053=CARTESIAN_POINT('',(-1.55E1,4.732388216048E1,-1.057561396733E2));
#2054=LINE('',#2053,#2052);
#2055=CARTESIAN_POINT('',(-1.45E1,4.401238376540E1,-1.095023348604E2));
#2056=DIRECTION('',(-1.E0,0.E0,0.E0));
#2057=DIRECTION('',(0.E0,6.622996790346E-1,7.492390373910E-1));
#2058=AXIS2_PLACEMENT_3D('',#2055,#2056,#2057);
#2060=DIRECTION('',(-7.071067811827E-1,4.683165943016E-1,5.297920040046E-1));
#2061=VECTOR('',#2060,1.414213562381E0);
#2062=CARTESIAN_POINT('',(-1.45E1,4.041703102382E1,-1.009854255051E2));
#2063=LINE('',#2062,#2061);
#2064=CARTESIAN_POINT('',(-1.45E1,3.776783230765E1,-1.039823816547E2));
#2065=DIRECTION('',(-1.E0,0.E0,0.E0));
#2066=DIRECTION('',(0.E0,-6.866878601366E-1,7.269523937240E-1));
#2067=AXIS2_PLACEMENT_3D('',#2064,#2065,#2066);
#2069=CARTESIAN_POINT('',(-1.45E1,3.776783230765E1,-1.039823816547E2));
#2070=DIRECTION('',(-1.E0,0.E0,0.E0));
#2071=DIRECTION('',(0.E0,0.E0,1.E0));
#2072=AXIS2_PLACEMENT_3D('',#2069,#2070,#2071);
#2074=DIRECTION('',(7.071067811809E-1,3.074249345561E-1,-6.367808960869E-1));
#2075=VECTOR('',#2074,1.414213562382E0);
#2076=CARTESIAN_POINT('',(-1.55E1,2.173822559279E1,-1.090272089750E2));
#2077=LINE('',#2076,#2075);
#2078=CARTESIAN_POINT('',(-1.45E1,-5.377642775528E-14,-6.4E1));
#2079=DIRECTION('',(1.E0,0.E0,0.E0));
#2080=DIRECTION('',(0.E0,4.347645118559E-1,-9.005441794996E-1));
#2081=AXIS2_PLACEMENT_3D('',#2078,#2079,#2080);
#2083=DIRECTION('',(-7.071067811853E-1,-4.855616424866E-1,5.140329671795E-1));
#2084=VECTOR('',#2083,1.414213562375E0);
#2085=CARTESIAN_POINT('',(-1.45E1,3.502108086710E1,-1.010745720798E2));
#2086=LINE('',#2085,#2084);
#2087=DIRECTION('',(7.071067811863E-1,-6.428020258716E-1,-2.946278254608E-1));
#2088=VECTOR('',#2087,1.414213562370E0);
#2089=CARTESIAN_POINT('',(-1.55E1,2.173822559279E1,-1.090272089750E2));
#2090=LINE('',#2089,#2088);
#2091=CARTESIAN_POINT('',(-1.45E1,2.173822559280E1,-1.090272089750E2));
#2092=DIRECTION('',(1.E0,0.E0,0.E0));
#2093=DIRECTION('',(0.E0,-9.090593429104E-1,-4.166666666141E-1));
#2094=AXIS2_PLACEMENT_3D('',#2091,#2092,#2093);
#2096=CARTESIAN_POINT('',(-1.45E1,2.173822559280E1,-1.090272089750E2));
#2097=DIRECTION('',(1.E0,0.E0,0.E0));
#2098=DIRECTION('',(0.E0,0.E0,-1.E0));
#2099=AXIS2_PLACEMENT_3D('',#2096,#2097,#2098);
#2101=DIRECTION('',(1.E0,5.669115970315E-13,-2.718333494808E-12));
#2102=VECTOR('',#2101,7.E0);
#2103=CARTESIAN_POINT('',(-1.45E1,2.082916624989E1,-1.094438756416E2));
#2104=LINE('',#2103,#2102);
#2105=DIRECTION('',(1.E0,-1.136868377216E-13,-6.496390726950E-14));
#2106=VECTOR('',#2105,7.E0);
#2107=CARTESIAN_POINT('',(-1.45E1,2.217299010466E1,-1.099277531545E2));
#2108=LINE('',#2107,#2106);
#2109=DIRECTION('',(-1.E0,1.194726857128E-12,1.228223871814E-12));
#2110=VECTOR('',#2109,7.E0);
#2111=CARTESIAN_POINT('',(-7.5E0,3.502108086709E1,-1.010745720798E2));
#2112=LINE('',#2111,#2110);
#2113=DIRECTION('',(-1.E0,7.724614598759E-13,-1.477928890380E-12));
#2114=VECTOR('',#2113,7.000000000004E0);
#2115=CARTESIAN_POINT('',(-7.5E0,4.041703102381E1,-1.009854255051E2));
#2116=LINE('',#2115,#2114);
#2117=DIRECTION('',(0.E0,-7.492390373839E-1,6.622996790427E-1));
#2118=VECTOR('',#2117,8.334524959539E0);
#2119=CARTESIAN_POINT('',(-1.45E1,4.666158248155E1,-1.065053787108E2));
#2120=LINE('',#2119,#2118);
#2121=DIRECTION('',(1.E0,2.222983701877E-12,-2.673670808559E-12));
#2122=VECTOR('',#2121,7.000000000004E0);
#2123=CARTESIAN_POINT('',(-1.45E1,4.666158248155E1,-1.065053787108E2));
#2124=LINE('',#2123,#2122);
#2125=DIRECTION('',(-1.E0,-2.967023452310E-12,-1.595675972299E-12));
#2126=VECTOR('',#2125,7.000000000033E0);
#2127=CARTESIAN_POINT('',(-7.499999999969E0,4.684081089017E1,
-1.123307619851E2));
#2128=LINE('',#2127,#2126);
#2129=DIRECTION('',(0.E0,7.071067811874E-1,7.071067811857E-1));
#2130=VECTOR('',#2129,1.201751328895E1);
#2131=CARTESIAN_POINT('',(-1.45E1,3.834314575052E1,-1.208284271247E2));
#2132=LINE('',#2131,#2130);
#2133=DIRECTION('',(1.E0,-9.592326932758E-13,-3.936406756109E-12));
#2134=VECTOR('',#2133,7.000000000003E0);
#2135=CARTESIAN_POINT('',(-1.45E1,3.834314575052E1,-1.208284271247E2));
#2136=LINE('',#2135,#2134);
#2137=DIRECTION('',(-1.E0,4.060244204321E-14,9.947598300587E-13));
#2138=VECTOR('',#2137,7.000000000038E0);
#2139=CARTESIAN_POINT('',(-7.499999999962E0,3.551471862576E1,-1.22E2));
#2140=LINE('',#2139,#2138);
#2141=DIRECTION('',(0.E0,1.E0,0.E0));
#2142=VECTOR('',#2141,5.151471862576E1);
#2143=CARTESIAN_POINT('',(-1.45E1,-1.6E1,-1.22E2));
#2144=LINE('',#2143,#2142);
#2145=DIRECTION('',(1.E0,4.440892098501E-14,-6.110667527537E-13));
#2146=VECTOR('',#2145,7.E0);
#2147=CARTESIAN_POINT('',(-1.45E1,-1.6E1,-1.22E2));
#2148=LINE('',#2147,#2146);
#2149=DIRECTION('',(-1.E0,-2.557953849319E-13,4.547473509900E-13));
#2150=VECTOR('',#2149,6.999999998406E0);
#2151=CARTESIAN_POINT('',(-7.500000001594E0,-2.E1,-1.18E2));
#2152=LINE('',#2151,#2150);
#2153=CARTESIAN_POINT('',(-7.500000016770E0,-2.E1,-1.107631778773E2));
#2154=CARTESIAN_POINT('',(-6.720751592507E0,-2.E1,-1.099340353420E2));
#2155=CARTESIAN_POINT('',(-5.942769243700E0,-2.E1,-1.091036727629E2));
#2156=CARTESIAN_POINT('',(-5.166263506522E0,-2.E1,-1.082718872330E2));
#2158=DIRECTION('',(0.E0,0.E0,-1.E0));
#2159=VECTOR('',#2158,9.728112758412E0);
#2160=CARTESIAN_POINT('',(-1.45E1,-2.E1,-1.082718872416E2));
#2161=LINE('',#2160,#2159);
#2162=DIRECTION('',(1.E0,-1.381692172589E-13,9.207855467520E-10));
#2163=VECTOR('',#2162,9.333736493478E0);
#2164=CARTESIAN_POINT('',(-1.45E1,-2.E1,-1.082718872416E2));
#2165=LINE('',#2164,#2163);
#2166=DIRECTION('',(1.E0,-2.144975357826E-9,-2.831386483295E-10));
#2167=VECTOR('',#2166,4.5E0);
#2168=CARTESIAN_POINT('',(-4.5E0,1.637790070187E1,-1.771900463636E1));
#2169=LINE('',#2168,#2167);
#2170=CARTESIAN_POINT('',(1.657933050107E-14,1.606040703842E1,
-1.770676803506E1));
#2171=CARTESIAN_POINT('',(-5.460039791267E-2,1.584614551975E1,
-1.769022765383E1));
#2172=CARTESIAN_POINT('',(-1.294525578625E-1,1.541885482041E1,
-1.762402548549E1));
#2173=CARTESIAN_POINT('',(-1.294525578619E-1,1.478499829682E1,
-1.741807301639E1));
#2174=CARTESIAN_POINT('',(-5.460039791297E-2,1.440040020128E1,
-1.722047652413E1));
#2175=CARTESIAN_POINT('',(1.657933050107E-14,1.421733679929E1,
-1.710791821282E1));
#2177=CARTESIAN_POINT('',(-4.5E0,1.637790070187E1,-1.359400463636E1));
#2178=DIRECTION('',(-1.E0,0.E0,0.E0));
#2179=DIRECTION('',(0.E0,0.E0,-1.E0));
#2180=AXIS2_PLACEMENT_3D('',#2177,#2178,#2179);
#2182=CARTESIAN_POINT('',(-4.5E0,1.637790070187E1,-1.359400463636E1));
#2183=DIRECTION('',(-1.E0,0.E0,0.E0));
#2184=DIRECTION('',(0.E0,0.E0,1.E0));
#2185=AXIS2_PLACEMENT_3D('',#2182,#2183,#2184);
#2187=CARTESIAN_POINT('',(-4.5E0,1.637790070187E1,-1.359400463636E1));
#2188=DIRECTION('',(-1.E0,0.E0,0.E0));
#2189=DIRECTION('',(0.E0,0.E0,1.E0));
#2190=AXIS2_PLACEMENT_3D('',#2187,#2188,#2189);
#2192=CARTESIAN_POINT('',(-4.5E0,1.637790070187E1,-1.359400463636E1));
#2193=DIRECTION('',(-1.E0,0.E0,0.E0));
#2194=DIRECTION('',(0.E0,0.E0,-1.E0));
#2195=AXIS2_PLACEMENT_3D('',#2192,#2193,#2194);
#2197=DIRECTION('',(1.E0,0.E0,0.E0));
#2198=VECTOR('',#2197,4.5E0);
#2199=CARTESIAN_POINT('',(-4.5E0,1.637790070187E1,-9.469004636360E0));
#2200=LINE('',#2199,#2198);
#2201=DIRECTION('',(-7.071067811865E-1,-3.902176200005E-8,-7.071067811865E-1));
#2202=VECTOR('',#2201,7.071067739845E-1);
#2203=CARTESIAN_POINT('',(-4.500000013008E0,1.637790077235E1,
-1.094400464937E1));
#2204=LINE('',#2203,#2202);
#2205=DIRECTION('',(-7.071067811866E-1,3.902176702435E-8,7.071067811865E-1));
#2206=VECTOR('',#2205,7.071067739845E-1);
#2207=CARTESIAN_POINT('',(-4.500000013008E0,1.637790063139E1,
-1.624400462335E1));
#2208=LINE('',#2207,#2206);
#2209=CARTESIAN_POINT('',(-5.E0,1.637790070187E1,-1.359400463636E1));
#2210=DIRECTION('',(-1.E0,0.E0,0.E0));
#2211=DIRECTION('',(0.E0,0.E0,-1.E0));
#2212=AXIS2_PLACEMENT_3D('',#2209,#2210,#2211);
#2214=DIRECTION('',(1.E0,-4.084267318965E-9,7.538085293930E-10));
#2215=VECTOR('',#2214,1.049999999209E1);
#2216=CARTESIAN_POINT('',(-1.55E1,1.637790070187E1,-1.574400463636E1));
#2217=LINE('',#2216,#2215);
#2218=CARTESIAN_POINT('',(-5.E0,1.637790070187E1,-1.359400463636E1));
#2219=DIRECTION('',(-1.E0,0.E0,0.E0));
#2220=DIRECTION('',(0.E0,0.E0,1.E0));
#2221=AXIS2_PLACEMENT_3D('',#2218,#2219,#2220);
#2223=DIRECTION('',(1.E0,4.084267318965E-9,-7.538085293930E-10));
#2224=VECTOR('',#2223,1.049999999209E1);
#2225=CARTESIAN_POINT('',(-1.55E1,1.637790070187E1,-1.144400463636E1));
#2226=LINE('',#2225,#2224);
#2227=DIRECTION('',(1.E0,1.044719195104E-8,6.698223210656E-10));
#2228=VECTOR('',#2227,4.5E0);
#2229=CARTESIAN_POINT('',(-4.5E0,4.287790070187E1,-3.697238162850E1));
#2230=LINE('',#2229,#2228);
#2231=CARTESIAN_POINT('',(1.657933050107E-14,4.020362126061E1,
-3.598805901882E1));
#2232=CARTESIAN_POINT('',(-5.460039791364E-2,4.004000224292E1,
-3.584873780851E1));
#2233=CARTESIAN_POINT('',(-1.294525578624E-1,3.973322946383E1,
-3.554402395773E1));
#2234=CARTESIAN_POINT('',(-1.294525578618E-1,3.934148458826E1,
-3.500483339356E1));
#2235=CARTESIAN_POINT('',(-5.460039791258E-2,3.914648249702E1,
-3.461891338467E1));
#2236=CARTESIAN_POINT('',(1.657933050107E-14,3.906454120917E1,
-3.442024983004E1));
#2238=CARTESIAN_POINT('',(-4.5E0,4.287790070187E1,-3.284738162850E1));
#2239=DIRECTION('',(-1.E0,0.E0,0.E0));
#2240=DIRECTION('',(0.E0,0.E0,-1.E0));
#2241=AXIS2_PLACEMENT_3D('',#2238,#2239,#2240);
#2243=CARTESIAN_POINT('',(-4.5E0,4.287790070187E1,-3.284738162850E1));
#2244=DIRECTION('',(-1.E0,0.E0,0.E0));
#2245=DIRECTION('',(0.E0,0.E0,1.E0));
#2246=AXIS2_PLACEMENT_3D('',#2243,#2244,#2245);
#2248=CARTESIAN_POINT('',(-4.5E0,4.287790070187E1,-3.284738162850E1));
#2249=DIRECTION('',(-1.E0,0.E0,0.E0));
#2250=DIRECTION('',(0.E0,0.E0,1.E0));
#2251=AXIS2_PLACEMENT_3D('',#2248,#2249,#2250);
#2253=CARTESIAN_POINT('',(-4.5E0,4.287790070187E1,-3.284738162850E1));
#2254=DIRECTION('',(-1.E0,0.E0,0.E0));
#2255=DIRECTION('',(0.E0,0.E0,-1.E0));
#2256=AXIS2_PLACEMENT_3D('',#2253,#2254,#2255);
#2258=DIRECTION('',(1.E0,0.E0,0.E0));
#2259=VECTOR('',#2258,4.5E0);
#2260=CARTESIAN_POINT('',(-4.5E0,4.287790070187E1,-2.872238162850E1));
#2261=LINE('',#2260,#2259);
#2262=DIRECTION('',(-7.071067811865E-1,-3.902175697576E-8,-7.071067811865E-1));
#2263=VECTOR('',#2262,7.071067739845E-1);
#2264=CARTESIAN_POINT('',(-4.500000013008E0,4.287790077235E1,
-3.019738164151E1));
#2265=LINE('',#2264,#2263);
#2266=DIRECTION('',(-7.071067811865E-1,3.902174692717E-8,7.071067811865E-1));
#2267=VECTOR('',#2266,7.071067739845E-1);
#2268=CARTESIAN_POINT('',(-4.500000013008E0,4.287790063139E1,
-3.549738161549E1));
#2269=LINE('',#2268,#2267);
#2270=CARTESIAN_POINT('',(-5.E0,4.287790070187E1,-3.284738162850E1));
#2271=DIRECTION('',(-1.E0,0.E0,0.E0));
#2272=DIRECTION('',(0.E0,0.E0,-1.E0));
#2273=AXIS2_PLACEMENT_3D('',#2270,#2271,#2272);
#2275=DIRECTION('',(1.E0,-4.084267318965E-9,7.538080218624E-10));
#2276=VECTOR('',#2275,1.049999999209E1);
#2277=CARTESIAN_POINT('',(-1.55E1,4.287790070187E1,-3.499738162850E1));
#2278=LINE('',#2277,#2276);
#2279=CARTESIAN_POINT('',(-5.E0,4.287790070187E1,-3.284738162850E1));
#2280=DIRECTION('',(-1.E0,0.E0,0.E0));
#2281=DIRECTION('',(0.E0,0.E0,1.E0));
#2282=AXIS2_PLACEMENT_3D('',#2279,#2280,#2281);
#2284=DIRECTION('',(1.E0,4.084268672379E-9,-7.538086985698E-10));
#2285=VECTOR('',#2284,1.049999999209E1);
#2286=CARTESIAN_POINT('',(-1.55E1,4.287790070187E1,-3.069738162850E1));
#2287=LINE('',#2286,#2285);
#2288=DIRECTION('',(1.E0,-3.439914230007E-9,-4.540715457956E-10));
#2289=VECTOR('',#2288,4.5E0);
#2290=CARTESIAN_POINT('',(-4.5E0,5.3E1,-6.8125E1));
#2291=LINE('',#2290,#2289);
#2292=CARTESIAN_POINT('',(1.657933050107E-14,4.899041863208E1,
-6.496895936653E1));
#2293=CARTESIAN_POINT('',(-5.460039791295E-2,4.893993901891E1,
-6.476007329411E1));
#2294=CARTESIAN_POINT('',(-1.294525578622E-1,4.887086093487E1,
-6.433323809507E1));
#2295=CARTESIAN_POINT('',(-1.294525578622E-1,4.887086093487E1,
-6.366676190493E1));
#2296=CARTESIAN_POINT('',(-5.460039791295E-2,4.893993901891E1,
-6.323992670589E1));
#2297=CARTESIAN_POINT('',(1.657933050107E-14,4.899041863208E1,
-6.303104063347E1));
#2299=CARTESIAN_POINT('',(-4.5E0,5.3E1,-6.4E1));
#2300=DIRECTION('',(-1.E0,0.E0,0.E0));
#2301=DIRECTION('',(0.E0,0.E0,-1.E0));
#2302=AXIS2_PLACEMENT_3D('',#2299,#2300,#2301);
#2304=CARTESIAN_POINT('',(-4.5E0,5.3E1,-6.4E1));
#2305=DIRECTION('',(-1.E0,0.E0,0.E0));
#2306=DIRECTION('',(0.E0,0.E0,1.E0));
#2307=AXIS2_PLACEMENT_3D('',#2304,#2305,#2306);
#2309=CARTESIAN_POINT('',(-4.5E0,5.3E1,-6.4E1));
#2310=DIRECTION('',(-1.E0,0.E0,0.E0));
#2311=DIRECTION('',(0.E0,0.E0,1.E0));
#2312=AXIS2_PLACEMENT_3D('',#2309,#2310,#2311);
#2314=CARTESIAN_POINT('',(-4.5E0,5.3E1,-6.4E1));
#2315=DIRECTION('',(-1.E0,0.E0,0.E0));
#2316=DIRECTION('',(0.E0,0.E0,-1.E0));
#2317=AXIS2_PLACEMENT_3D('',#2314,#2315,#2316);
#2319=DIRECTION('',(1.E0,0.E0,0.E0));
#2320=VECTOR('',#2319,4.5E0);
#2321=CARTESIAN_POINT('',(-4.5E0,5.3E1,-5.9875E1));
#2322=LINE('',#2321,#2320);
#2323=DIRECTION('',(-7.071067811865E-1,-3.902175697576E-8,-7.071067811865E-1));
#2324=VECTOR('',#2323,7.071067739845E-1);
#2325=CARTESIAN_POINT('',(-4.500000013008E0,5.300000007048E1,
-6.135000001301E1));
#2326=LINE('',#2325,#2324);
#2327=DIRECTION('',(-7.071067811865E-1,3.902175697576E-8,7.071067811866E-1));
#2328=VECTOR('',#2327,7.071067739846E-1);
#2329=CARTESIAN_POINT('',(-4.500000013008E0,5.299999992952E1,
-6.664999998699E1));
#2330=LINE('',#2329,#2328);
#2331=CARTESIAN_POINT('',(-5.E0,5.3E1,-6.4E1));
#2332=DIRECTION('',(-1.E0,0.E0,0.E0));
#2333=DIRECTION('',(0.E0,0.E0,-1.E0));
#2334=AXIS2_PLACEMENT_3D('',#2331,#2332,#2333);
#2336=DIRECTION('',(1.E0,-4.084267318965E-9,7.538086985698E-10));
#2337=VECTOR('',#2336,1.049999999209E1);
#2338=CARTESIAN_POINT('',(-1.55E1,5.3E1,-6.615E1));
#2339=LINE('',#2338,#2337);
#2340=CARTESIAN_POINT('',(-5.E0,5.3E1,-6.4E1));
#2341=DIRECTION('',(-1.E0,0.E0,0.E0));
#2342=DIRECTION('',(0.E0,0.E0,1.E0));
#2343=AXIS2_PLACEMENT_3D('',#2340,#2341,#2342);
#2345=DIRECTION('',(1.E0,4.084267318965E-9,-7.538086985698E-10));
#2346=VECTOR('',#2345,1.049999999209E1);
#2347=CARTESIAN_POINT('',(-1.55E1,5.3E1,-6.185E1));
#2348=LINE('',#2347,#2346);
#2349=DIRECTION('',(1.E0,-1.225141943451E-8,-1.617201582525E-9));
#2350=VECTOR('',#2349,4.5E0);
#2351=CARTESIAN_POINT('',(-4.5E0,4.287790070187E1,-9.927761837150E1));
#2352=LINE('',#2351,#2350);
#2353=CARTESIAN_POINT('',(1.894780628694E-14,3.906454120917E1,
-9.357975016996E1));
#2354=CARTESIAN_POINT('',(-5.460039791258E-2,3.914648249702E1,
-9.338108661533E1));
#2355=CARTESIAN_POINT('',(-1.294525578617E-1,3.934148458826E1,
-9.299516660644E1));
#2356=CARTESIAN_POINT('',(-1.294525578624E-1,3.973322946383E1,
-9.245597604227E1));
#2357=CARTESIAN_POINT('',(-5.460039791363E-2,4.004000224292E1,
-9.215126219149E1));
#2358=CARTESIAN_POINT('',(1.657933050107E-14,4.020362126061E1,
-9.201194098118E1));
#2360=CARTESIAN_POINT('',(-4.5E0,4.287790070187E1,-9.515261837150E1));
#2361=DIRECTION('',(-1.E0,0.E0,0.E0));
#2362=DIRECTION('',(0.E0,0.E0,-1.E0));
#2363=AXIS2_PLACEMENT_3D('',#2360,#2361,#2362);
#2365=CARTESIAN_POINT('',(-4.5E0,4.287790070187E1,-9.515261837150E1));
#2366=DIRECTION('',(-1.E0,0.E0,0.E0));
#2367=DIRECTION('',(0.E0,0.E0,1.E0));
#2368=AXIS2_PLACEMENT_3D('',#2365,#2366,#2367);
#2370=CARTESIAN_POINT('',(-4.5E0,4.287790070187E1,-9.515261837150E1));
#2371=DIRECTION('',(-1.E0,0.E0,0.E0));
#2372=DIRECTION('',(0.E0,0.E0,1.E0));
#2373=AXIS2_PLACEMENT_3D('',#2370,#2371,#2372);
#2375=CARTESIAN_POINT('',(-4.5E0,4.287790070187E1,-9.515261837150E1));
#2376=DIRECTION('',(-1.E0,0.E0,0.E0));
#2377=DIRECTION('',(0.E0,0.E0,-1.E0));
#2378=AXIS2_PLACEMENT_3D('',#2375,#2376,#2377);
#2380=DIRECTION('',(1.E0,0.E0,0.E0));
#2381=VECTOR('',#2380,4.5E0);
#2382=CARTESIAN_POINT('',(-4.5E0,4.287790070187E1,-9.102761837150E1));
#2383=LINE('',#2382,#2381);
#2384=DIRECTION('',(-7.071067811865E-1,-3.902174692716E-8,-7.071067811865E-1));
#2385=VECTOR('',#2384,7.071067739845E-1);
#2386=CARTESIAN_POINT('',(-4.500000013008E0,4.287790077235E1,
-9.250261838451E1));
#2387=LINE('',#2386,#2385);
#2388=DIRECTION('',(-7.071067811866E-1,3.902175697576E-8,7.071067811865E-1));
#2389=VECTOR('',#2388,7.071067739845E-1);
#2390=CARTESIAN_POINT('',(-4.500000013008E0,4.287790063139E1,
-9.780261835849E1));
#2391=LINE('',#2390,#2389);
#2392=CARTESIAN_POINT('',(-5.E0,4.287790070187E1,-9.515261837150E1));
#2393=DIRECTION('',(-1.E0,0.E0,0.E0));
#2394=DIRECTION('',(0.E0,0.E0,-1.E0));
#2395=AXIS2_PLACEMENT_3D('',#2392,#2393,#2394);
#2397=DIRECTION('',(1.E0,-4.084267318965E-9,7.538086985698E-10));
#2398=VECTOR('',#2397,1.049999999209E1);
#2399=CARTESIAN_POINT('',(-1.55E1,4.287790070187E1,-9.730261837150E1));
#2400=LINE('',#2399,#2398);
#2401=CARTESIAN_POINT('',(-5.E0,4.287790070187E1,-9.515261837150E1));
#2402=DIRECTION('',(-1.E0,0.E0,0.E0));
#2403=DIRECTION('',(0.E0,0.E0,1.E0));
#2404=AXIS2_PLACEMENT_3D('',#2401,#2402,#2403);
#2406=DIRECTION('',(1.E0,4.084268672379E-9,-7.538100519845E-10));
#2407=VECTOR('',#2406,1.049999999209E1);
#2408=CARTESIAN_POINT('',(-1.55E1,4.287790070187E1,-9.300261837150E1));
#2409=LINE('',#2408,#2407);
#2410=DIRECTION('',(1.E0,0.E0,0.E0));
#2411=VECTOR('',#2410,4.5E0);
#2412=CARTESIAN_POINT('',(-4.5E0,-4.287790070187E1,-9.102761837150E1));
#2413=LINE('',#2412,#2411);
#2414=CARTESIAN_POINT('',(1.657933050107E-14,-4.020362126061E1,
-9.201194098118E1));
#2415=CARTESIAN_POINT('',(-5.460039791364E-2,-4.004000224292E1,
-9.215126219149E1));
#2416=CARTESIAN_POINT('',(-1.294525578623E-1,-3.973322946383E1,
-9.245597604227E1));
#2417=CARTESIAN_POINT('',(-1.294525578617E-1,-3.934148458826E1,
-9.299516660644E1));
#2418=CARTESIAN_POINT('',(-5.460039791258E-2,-3.914648249702E1,
-9.338108661533E1));
#2419=CARTESIAN_POINT('',(1.894780628694E-14,-3.906454120917E1,
-9.357975016996E1));
#2421=CARTESIAN_POINT('',(-4.5E0,-4.287790070187E1,-9.515261837150E1));
#2422=DIRECTION('',(-1.E0,0.E0,0.E0));
#2423=DIRECTION('',(0.E0,0.E0,-1.E0));
#2424=AXIS2_PLACEMENT_3D('',#2421,#2422,#2423);
#2426=CARTESIAN_POINT('',(-4.5E0,-4.287790070187E1,-9.515261837150E1));
#2427=DIRECTION('',(-1.E0,0.E0,0.E0));
#2428=DIRECTION('',(0.E0,0.E0,1.E0));
#2429=AXIS2_PLACEMENT_3D('',#2426,#2427,#2428);
#2431=CARTESIAN_POINT('',(-4.5E0,-4.287790070187E1,-9.515261837150E1));
#2432=DIRECTION('',(-1.E0,0.E0,0.E0));
#2433=DIRECTION('',(0.E0,0.E0,1.E0));
#2434=AXIS2_PLACEMENT_3D('',#2431,#2432,#2433);
#2436=CARTESIAN_POINT('',(-4.5E0,-4.287790070187E1,-9.515261837150E1));
#2437=DIRECTION('',(-1.E0,0.E0,0.E0));
#2438=DIRECTION('',(0.E0,0.E0,-1.E0));
#2439=AXIS2_PLACEMENT_3D('',#2436,#2437,#2438);
#2441=DIRECTION('',(1.E0,1.525129139029E-8,9.587495242158E-10));
#2442=VECTOR('',#2441,4.5E0);
#2443=CARTESIAN_POINT('',(-4.5E0,-4.287790070187E1,-9.927761837150E1));
#2444=LINE('',#2443,#2442);
#2445=DIRECTION('',(-7.071067811866E-1,-3.902174692717E-8,-7.071067811865E-1));
#2446=VECTOR('',#2445,7.071067739845E-1);
#2447=CARTESIAN_POINT('',(-4.500000013008E0,-4.287790063139E1,
-9.250261838451E1));
#2448=LINE('',#2447,#2446);
#2449=DIRECTION('',(-7.071067811866E-1,3.902175697576E-8,7.071067811865E-1));
#2450=VECTOR('',#2449,7.071067739845E-1);
#2451=CARTESIAN_POINT('',(-4.500000013008E0,-4.287790077235E1,
-9.780261835849E1));
#2452=LINE('',#2451,#2450);
#2453=CARTESIAN_POINT('',(-5.E0,-4.287790070187E1,-9.515261837150E1));
#2454=DIRECTION('',(-1.E0,0.E0,0.E0));
#2455=DIRECTION('',(0.E0,0.E0,-1.E0));
#2456=AXIS2_PLACEMENT_3D('',#2453,#2454,#2455);
#2458=DIRECTION('',(1.E0,-4.084268672379E-9,7.538086985698E-10));
#2459=VECTOR('',#2458,1.049999999209E1);
#2460=CARTESIAN_POINT('',(-1.55E1,-4.287790070187E1,-9.730261837150E1));
#2461=LINE('',#2460,#2459);
#2462=CARTESIAN_POINT('',(-5.E0,-4.287790070187E1,-9.515261837150E1));
#2463=DIRECTION('',(-1.E0,0.E0,0.E0));
#2464=DIRECTION('',(0.E0,0.E0,1.E0));
#2465=AXIS2_PLACEMENT_3D('',#2462,#2463,#2464);
#2467=DIRECTION('',(1.E0,4.084267995672E-9,-7.538086985698E-10));
#2468=VECTOR('',#2467,1.049999999209E1);
#2469=CARTESIAN_POINT('',(-1.55E1,-4.287790070187E1,-9.300261837150E1));
#2470=LINE('',#2469,#2468);
#2471=DIRECTION('',(1.E0,0.E0,0.E0));
#2472=VECTOR('',#2471,4.5E0);
#2473=CARTESIAN_POINT('',(-4.5E0,-5.3E1,-5.9875E1));
#2474=LINE('',#2473,#2472);
#2475=CARTESIAN_POINT('',(1.657933050107E-14,-4.899041863208E1,
-6.303104063347E1));
#2476=CARTESIAN_POINT('',(-5.460039791295E-2,-4.893993901891E1,
-6.323992670589E1));
#2477=CARTESIAN_POINT('',(-1.294525578622E-1,-4.887086093487E1,
-6.366676190493E1));
#2478=CARTESIAN_POINT('',(-1.294525578622E-1,-4.887086093487E1,
-6.433323809507E1));
#2479=CARTESIAN_POINT('',(-5.460039791296E-2,-4.893993901891E1,
-6.476007329411E1));
#2480=CARTESIAN_POINT('',(1.657933050107E-14,-4.899041863208E1,
-6.496895936653E1));
#2482=CARTESIAN_POINT('',(-4.5E0,-5.3E1,-6.4E1));
#2483=DIRECTION('',(-1.E0,0.E0,0.E0));
#2484=DIRECTION('',(0.E0,0.E0,-1.E0));
#2485=AXIS2_PLACEMENT_3D('',#2482,#2483,#2484);
#2487=CARTESIAN_POINT('',(-4.5E0,-5.3E1,-6.4E1));
#2488=DIRECTION('',(-1.E0,0.E0,0.E0));
#2489=DIRECTION('',(0.E0,0.E0,1.E0));
#2490=AXIS2_PLACEMENT_3D('',#2487,#2488,#2489);
#2492=CARTESIAN_POINT('',(-4.5E0,-5.3E1,-6.4E1));
#2493=DIRECTION('',(-1.E0,0.E0,0.E0));
#2494=DIRECTION('',(0.E0,0.E0,-1.E0));
#2495=AXIS2_PLACEMENT_3D('',#2492,#2493,#2494);
#2497=CARTESIAN_POINT('',(-4.5E0,-5.3E1,-6.4E1));
#2498=DIRECTION('',(-1.E0,0.E0,0.E0));
#2499=DIRECTION('',(0.E0,0.E0,1.E0));
#2500=AXIS2_PLACEMENT_3D('',#2497,#2498,#2499);
#2502=DIRECTION('',(1.E0,2.283396977671E-9,1.529845879607E-10));
#2503=VECTOR('',#2502,4.5E0);
#2504=CARTESIAN_POINT('',(-4.5E0,-5.3E1,-6.8125E1));
#2505=LINE('',#2504,#2503);
#2506=DIRECTION('',(-7.071067811865E-1,3.902173687857E-8,7.071067811865E-1));
#2507=VECTOR('',#2506,7.071067739845E-1);
#2508=CARTESIAN_POINT('',(-4.500000013008E0,-5.300000007048E1,
-6.664999998699E1));
#2509=LINE('',#2508,#2507);
#2510=DIRECTION('',(-7.071067811865E-1,-3.902176702435E-8,-7.071067811865E-1));
#2511=VECTOR('',#2510,7.071067739845E-1);
#2512=CARTESIAN_POINT('',(-4.500000013008E0,-5.299999992952E1,
-6.135000001301E1));
#2513=LINE('',#2512,#2511);
#2514=CARTESIAN_POINT('',(-5.E0,-5.3E1,-6.4E1));
#2515=DIRECTION('',(-1.E0,0.E0,0.E0));
#2516=DIRECTION('',(0.E0,0.E0,1.E0));
#2517=AXIS2_PLACEMENT_3D('',#2514,#2515,#2516);
#2519=DIRECTION('',(1.E0,4.084267318965E-9,-7.538086985698E-10));
#2520=VECTOR('',#2519,1.049999999209E1);
#2521=CARTESIAN_POINT('',(-1.55E1,-5.3E1,-6.185E1));
#2522=LINE('',#2521,#2520);
#2523=CARTESIAN_POINT('',(-5.E0,-5.3E1,-6.4E1));
#2524=DIRECTION('',(-1.E0,0.E0,0.E0));
#2525=DIRECTION('',(0.E0,0.E0,-1.E0));
#2526=AXIS2_PLACEMENT_3D('',#2523,#2524,#2525);
#2528=DIRECTION('',(1.E0,-4.084267318965E-9,7.538073451551E-10));
#2529=VECTOR('',#2528,1.049999999209E1);
#2530=CARTESIAN_POINT('',(-1.55E1,-5.3E1,-6.615E1));
#2531=LINE('',#2530,#2529);
#2532=DIRECTION('',(1.E0,0.E0,0.E0));
#2533=VECTOR('',#2532,4.5E0);
#2534=CARTESIAN_POINT('',(-4.5E0,-1.637790070187E1,-9.469004636360E0));
#2535=LINE('',#2534,#2533);
#2536=CARTESIAN_POINT('',(1.657933050107E-14,-1.421733679929E1,
-1.710791821282E1));
#2537=CARTESIAN_POINT('',(-5.460039791296E-2,-1.440040020128E1,
-1.722047652413E1));
#2538=CARTESIAN_POINT('',(-1.294525578619E-1,-1.478499829682E1,
-1.741807301639E1));
#2539=CARTESIAN_POINT('',(-1.294525578625E-1,-1.541885482041E1,
-1.762402548549E1));
#2540=CARTESIAN_POINT('',(-5.460039791267E-2,-1.584614551975E1,
-1.769022765383E1));
#2541=CARTESIAN_POINT('',(1.657933050107E-14,-1.606040703842E1,
-1.770676803506E1));
#2543=CARTESIAN_POINT('',(-4.5E0,-1.637790070187E1,-1.359400463636E1));
#2544=DIRECTION('',(-1.E0,0.E0,0.E0));
#2545=DIRECTION('',(0.E0,0.E0,-1.E0));
#2546=AXIS2_PLACEMENT_3D('',#2543,#2544,#2545);
#2548=CARTESIAN_POINT('',(-4.5E0,-1.637790070187E1,-1.359400463636E1));
#2549=DIRECTION('',(-1.E0,0.E0,0.E0));
#2550=DIRECTION('',(0.E0,0.E0,1.E0));
#2551=AXIS2_PLACEMENT_3D('',#2548,#2549,#2550);
#2553=CARTESIAN_POINT('',(-4.5E0,-1.637790070187E1,-1.359400463636E1));
#2554=DIRECTION('',(1.E0,0.E0,0.E0));
#2555=DIRECTION('',(0.E0,0.E0,1.E0));
#2556=AXIS2_PLACEMENT_3D('',#2553,#2554,#2555);
#2558=CARTESIAN_POINT('',(-4.5E0,-1.637790070187E1,-1.359400463636E1));
#2559=DIRECTION('',(1.E0,0.E0,0.E0));
#2560=DIRECTION('',(0.E0,0.E0,-1.E0));
#2561=AXIS2_PLACEMENT_3D('',#2558,#2559,#2560);
#2563=DIRECTION('',(1.E0,2.252816007816E-8,1.868411598278E-10));
#2564=VECTOR('',#2563,4.5E0);
#2565=CARTESIAN_POINT('',(-4.5E0,-1.637790070187E1,-1.771900463636E1));
#2566=LINE('',#2565,#2564);
#2567=DIRECTION('',(1.E0,0.E0,0.E0));
#2568=VECTOR('',#2567,1.1E1);
#2569=CARTESIAN_POINT('',(-1.55E1,-1.637790070187E1,-1.574400463636E1));
#2570=LINE('',#2569,#2568);
#2571=DIRECTION('',(1.E0,0.E0,0.E0));
#2572=VECTOR('',#2571,1.1E1);
#2573=CARTESIAN_POINT('',(-1.55E1,-1.637790070187E1,-1.144400463636E1));
#2574=LINE('',#2573,#2572);
#2575=DIRECTION('',(-7.071067811865E-1,-3.902175697576E-8,-7.071067811865E-1));
#2576=VECTOR('',#2575,7.071067739845E-1);
#2577=CARTESIAN_POINT('',(-4.500000013008E0,-4.287790063139E1,
-3.019738164151E1));
#2578=LINE('',#2577,#2576);
#2579=DIRECTION('',(-7.071067811866E-1,3.902175697576E-8,7.071067811865E-1));
#2580=VECTOR('',#2579,7.071067739845E-1);
#2581=CARTESIAN_POINT('',(-4.500000013008E0,-4.287790077235E1,
-3.549738161549E1));
#2582=LINE('',#2581,#2580);
#2583=CARTESIAN_POINT('',(-5.E0,-4.287790070187E1,-3.284738162850E1));
#2584=DIRECTION('',(-1.E0,0.E0,0.E0));
#2585=DIRECTION('',(0.E0,0.E0,-1.E0));
#2586=AXIS2_PLACEMENT_3D('',#2583,#2584,#2585);
#2588=DIRECTION('',(1.E0,-4.084268672379E-9,7.538080218624E-10));
#2589=VECTOR('',#2588,1.049999999209E1);
#2590=CARTESIAN_POINT('',(-1.55E1,-4.287790070187E1,-3.499738162850E1));
#2591=LINE('',#2590,#2589);
#2592=CARTESIAN_POINT('',(-5.E0,-4.287790070187E1,-3.284738162850E1));
#2593=DIRECTION('',(-1.E0,0.E0,0.E0));
#2594=DIRECTION('',(0.E0,0.E0,1.E0));
#2595=AXIS2_PLACEMENT_3D('',#2592,#2593,#2594);
#2597=DIRECTION('',(1.E0,4.084267995672E-9,-7.538090369235E-10));
#2598=VECTOR('',#2597,1.049999999209E1);
#2599=CARTESIAN_POINT('',(-1.55E1,-4.287790070187E1,-3.069738162850E1));
#2600=LINE('',#2599,#2598);
#2601=DIRECTION('',(1.E0,0.E0,0.E0));
#2602=VECTOR('',#2601,6.3E1);
#2603=CARTESIAN_POINT('',(-6.3E1,6.3E1,-5.035967658189E1));
#2604=LINE('',#2603,#2602);
#2605=DIRECTION('',(-1.E0,0.E0,-1.137996222828E-13));
#2606=VECTOR('',#2605,6.3E1);
#2607=CARTESIAN_POINT('',(0.E0,6.297845814559E1,-4.964096909315E1));
#2608=LINE('',#2607,#2606);
#2609=CARTESIAN_POINT('',(-1.1E1,-2.345280920291E1,-1.758916354458E1));
#2610=CARTESIAN_POINT('',(-1.122030757083E1,-2.345280920291E1,
-1.758916354458E1));
#2611=CARTESIAN_POINT('',(-1.163516473553E1,-2.348846254029E1,
-1.752686300099E1));
#2612=CARTESIAN_POINT('',(-1.220496085686E1,-2.362635186815E1,
-1.727106037440E1));
#2613=CARTESIAN_POINT('',(-1.264883100832E1,-2.382142765686E1,
-1.686509973646E1));
#2614=CARTESIAN_POINT('',(-1.293168736450E1,-2.403440729840E1,
-1.633496831561E1));
#2615=CARTESIAN_POINT('',(-1.3E1,-2.415881662561E1,-1.594348014371E1));
#2616=CARTESIAN_POINT('',(-1.3E1,-2.421596043644E1,-1.573420196308E1));
#2618=DIRECTION('',(1.E0,2.092871330784E-13,0.E0));
#2619=VECTOR('',#2618,1.1E1);
#2620=CARTESIAN_POINT('',(-1.1E1,-2.227050090284E1,-8.000000000001E0));
#2621=LINE('',#2620,#2619);
#2622=DIRECTION('',(-1.E0,-1.214382130208E-13,-7.719077902121E-14));
#2623=VECTOR('',#2622,1.1E1);
#2624=CARTESIAN_POINT('',(0.E0,-3.559193230673E1,-2.608938994591E1));
#2625=LINE('',#2624,#2623);
#2626=DIRECTION('',(1.E0,3.229739708E-14,1.485680265680E-14));
#2627=VECTOR('',#2626,1.1E1);
#2628=CARTESIAN_POINT('',(-1.1E1,-2.345280920291E1,-1.758916354458E1));
#2629=LINE('',#2628,#2627);
#2630=DIRECTION('',(-1.E0,4.008752925570E-12,-3.785254937777E-12));
#2631=VECTOR('',#2630,1.1E1);
#2632=CARTESIAN_POINT('',(0.E0,-4.768107934240E1,-3.940063272601E1));
#2633=LINE('',#2632,#2631);
#2634=DIRECTION('',(1.E0,-1.582572456920E-13,1.133638637508E-13));
#2635=VECTOR('',#2634,1.1E1);
#2636=CARTESIAN_POINT('',(-1.1E1,-3.812965236956E1,-2.625422132598E1));
#2637=LINE('',#2636,#2635);
#2638=DIRECTION('',(-1.E0,-8.914081594081E-14,-3.061793243184E-13));
#2639=VECTOR('',#2638,1.1E1);
#2640=CARTESIAN_POINT('',(7.579122514774E-14,-5.107777559399E1,
-5.425008510960E1));
#2641=LINE('',#2640,#2639);
#2642=DIRECTION('',(1.E0,1.162706294880E-14,0.E0));
#2643=VECTOR('',#2642,1.1E1);
#2644=CARTESIAN_POINT('',(-1.1E1,-4.705364467409E1,-4.186508362599E1));
#2645=LINE('',#2644,#2643);
#2646=DIRECTION('',(-1.E0,8.998700774431E-11,3.171862772433E-11));
#2647=VECTOR('',#2646,1.1E1);
#2648=CARTESIAN_POINT('',(0.E0,-5.620987654420E1,-5.653593156703E1));
#2649=LINE('',#2648,#2647);
#2650=DIRECTION('',(9.999998697183E-1,-5.103961533585E-4,-7.690031000343E-6));
#2651=VECTOR('',#2650,1.100000143310E1);
#2652=CARTESIAN_POINT('',(-1.1E1,-5.303394879746E1,-5.587507092467E1));
#2653=LINE('',#2652,#2651);
#2654=DIRECTION('',(-1.E0,0.E0,0.E0));
#2655=VECTOR('',#2654,1.1E1);
#2656=CARTESIAN_POINT('',(0.E0,-5.9E1,-5.469862241386E1));
#2657=LINE('',#2656,#2655);
#2658=DIRECTION('',(-1.E0,-5.994396898049E-13,-1.047856750864E-11));
#2659=VECTOR('',#2658,1.1E1);
#2660=CARTESIAN_POINT('',(0.E0,-5.898563876372E1,-4.988053825595E1));
#2661=LINE('',#2660,#2659);
#2662=DIRECTION('',(1.E0,0.E0,-2.454602178080E-14));
#2663=VECTOR('',#2662,1.1E1);
#2664=CARTESIAN_POINT('',(-1.1E1,-5.9E1,-5.035967658189E1));
#2665=LINE('',#2664,#2663);
#2666=DIRECTION('',(-1.E0,0.E0,0.E0));
#2667=VECTOR('',#2666,1.1E1);
#2668=CARTESIAN_POINT('',(0.E0,-5.458920970254E1,-8.E0));
#2669=LINE('',#2668,#2667);
#2670=DIRECTION('',(1.E0,-1.582572456920E-13,-1.335820343229E-12));
#2671=VECTOR('',#2670,1.1E1);
#2672=CARTESIAN_POINT('',(-1.1E1,-5.658561939348E1,-9.880215418544E0));
#2673=LINE('',#2672,#2671);
#2674=DIRECTION('',(0.E0,1.E0,-3.880439458114E-14));
#2675=VECTOR('',#2674,3.231870879970E1);
#2676=CARTESIAN_POINT('',(0.E0,-5.458920970254E1,-8.E0));
#2677=LINE('',#2676,#2675);
#2678=CARTESIAN_POINT('',(-8.E0,-3.7E1,-8.E0));
#2679=DIRECTION('',(0.E0,0.E0,-1.E0));
#2680=DIRECTION('',(-1.E0,0.E0,0.E0));
#2681=AXIS2_PLACEMENT_3D('',#2678,#2679,#2680);
#2683=DIRECTION('',(0.E0,1.E0,-3.880439458114E-14));
#2684=VECTOR('',#2683,3.231870879970E1);
#2685=CARTESIAN_POINT('',(-1.1E1,-5.458920970254E1,-8.E0));
#2686=LINE('',#2685,#2684);
#2687=CARTESIAN_POINT('',(-1.1E1,-2.227050090284E1,-8.000000000001E0));
#2688=CARTESIAN_POINT('',(-1.108561396922E1,-2.227050090284E1,
-8.000000000001E0));
#2689=CARTESIAN_POINT('',(-1.125965648240E1,-2.228107419919E1,
-8.011106433571E0));
#2690=CARTESIAN_POINT('',(-1.152165889683E1,-2.232974939282E1,
-8.062812441361E0));
#2691=CARTESIAN_POINT('',(-1.178801484700E1,-2.241376958820E1,
-8.154202164241E0));
#2692=CARTESIAN_POINT('',(-1.205433590318E1,-2.253498808807E1,
-8.291076856875E0));
#2693=CARTESIAN_POINT('',(-1.231449370261E1,-2.269406100032E1,
-8.480536107489E0));
#2694=CARTESIAN_POINT('',(-1.255232400342E1,-2.288393753116E1,
-8.723251763477E0));
#2695=CARTESIAN_POINT('',(-1.275002261104E1,-2.309032017073E1,
-9.010919765110E0));
#2696=CARTESIAN_POINT('',(-1.289523020663E1,-2.329772171338E1,
-9.329958031999E0));
#2697=CARTESIAN_POINT('',(-1.298190480512E1,-2.349425200737E1,
-9.666815766722E0));
#2698=CARTESIAN_POINT('',(-1.3E1,-2.361041604600E1,-9.889756124711E0));
#2699=CARTESIAN_POINT('',(-1.3E1,-2.366479000210E1,-1.E1));
#2701=DIRECTION('',(0.E0,-1.E0,0.E0));
#2702=VECTOR('',#2701,3.092441970044E1);
#2703=CARTESIAN_POINT('',(-1.3E1,-2.366479000210E1,-1.E1));
#2704=LINE('',#2703,#2702);
#2705=CARTESIAN_POINT('',(-1.1E1,-5.458920970254E1,-1.E1));
#2706=DIRECTION('',(-1.E0,0.E0,0.E0));
#2707=DIRECTION('',(0.E0,-9.982048454658E-1,5.989229072805E-2));
#2708=AXIS2_PLACEMENT_3D('',#2705,#2706,#2707);
#2710=CARTESIAN_POINT('',(-1.1E1,-5.458920970254E1,-1.E1));
#2711=DIRECTION('',(0.E0,-1.E0,0.E0));
#2712=DIRECTION('',(0.E0,0.E0,1.E0));
#2713=AXIS2_PLACEMENT_3D('',#2710,#2711,#2712);
#2715=CARTESIAN_POINT('',(-1.1E1,-5.458920970254E1,-1.E1));
#2716=DIRECTION('',(0.E0,5.989229072795E-2,9.982048454658E-1));
#2717=DIRECTION('',(-1.E0,0.E0,0.E0));
#2718=AXIS2_PLACEMENT_3D('',#2715,#2716,#2717);
#2720=DIRECTION('',(0.E0,5.989229072799E-2,9.982048454658E-1));
#2721=VECTOR('',#2720,4.007225873449E1);
#2722=CARTESIAN_POINT('',(-1.1E1,-5.898563876373E1,-4.988053825607E1));
#2723=LINE('',#2722,#2721);
#2724=CARTESIAN_POINT('',(-1.3E1,-1.637790070187E1,-1.359400463636E1));
#2725=DIRECTION('',(1.E0,0.E0,0.E0));
#2726=DIRECTION('',(0.E0,-8.968479138746E-1,4.423390321674E-1));
#2727=AXIS2_PLACEMENT_3D('',#2724,#2725,#2726);
#2729=CARTESIAN_POINT('',(-1.3E1,0.E0,-6.4E1));
#2730=DIRECTION('',(1.E0,0.E0,0.E0));
#2731=DIRECTION('',(0.E0,-4.484437117859E-1,8.938110747578E-1));
#2732=AXIS2_PLACEMENT_3D('',#2729,#2730,#2731);
#2734=CARTESIAN_POINT('',(-1.3E1,-4.287790070187E1,-3.284738162850E1));
#2735=DIRECTION('',(1.E0,0.E0,0.E0));
#2736=DIRECTION('',(0.E0,5.843997947465E-1,8.114658833865E-1));
#2737=AXIS2_PLACEMENT_3D('',#2734,#2735,#2736);
#2739=CARTESIAN_POINT('',(-1.3E1,-4.287790070187E1,-3.284738162850E1));
#2740=DIRECTION('',(1.E0,0.E0,0.E0));
#2741=DIRECTION('',(0.E0,0.E0,1.E0));
#2742=AXIS2_PLACEMENT_3D('',#2739,#2740,#2741);
#2744=CARTESIAN_POINT('',(-1.3E1,0.E0,-6.4E1));
#2745=DIRECTION('',(1.E0,0.E0,0.E0));
#2746=DIRECTION('',(0.E0,-9.048777821940E-1,4.256714687310E-1));
#2747=AXIS2_PLACEMENT_3D('',#2744,#2745,#2746);
#2749=CARTESIAN_POINT('',(-1.3E1,-5.3E1,-6.4E1));
#2750=DIRECTION('',(1.E0,0.E0,0.E0));
#2751=DIRECTION('',(0.E0,-4.178313533668E-3,9.999912708099E-1));
#2752=AXIS2_PLACEMENT_3D('',#2749,#2750,#2751);
#2754=CARTESIAN_POINT('',(-1.3E1,-5.1E1,-5.035967658189E1));
#2755=DIRECTION('',(-1.E0,0.E0,0.E0));
#2756=DIRECTION('',(0.E0,-1.E0,0.E0));
#2757=AXIS2_PLACEMENT_3D('',#2754,#2755,#2756);
#2759=DIRECTION('',(0.E0,5.989229072798E-2,9.982048454658E-1));
#2760=VECTOR('',#2759,4.007225873459E1);
#2761=CARTESIAN_POINT('',(-1.3E1,-5.698922907280E1,-5.000032283763E1));
#2762=LINE('',#2761,#2760);
#2763=CARTESIAN_POINT('',(-1.1E1,-3.696085278006E1,-2.463128955921E1));
#2764=DIRECTION('',(0.E0,7.290501933480E-1,6.844602366678E-1));
#2765=DIRECTION('',(0.E0,6.844602366678E-1,-7.290501933480E-1));
#2766=AXIS2_PLACEMENT_3D('',#2763,#2764,#2765);
#2768=CARTESIAN_POINT('',(-1.1E1,0.E0,-6.4E1));
#2769=DIRECTION('',(1.E0,0.E0,0.E0));
#2770=DIRECTION('',(0.E0,-4.510155615944E-1,8.925160856812E-1));
#2771=AXIS2_PLACEMENT_3D('',#2768,#2769,#2770);
#2773=CARTESIAN_POINT('',(-1.1E1,-3.696085278006E1,-2.463128955921E1));
#2774=DIRECTION('',(-1.E0,0.E0,0.E0));
#2775=DIRECTION('',(0.E0,0.E0,-1.E0));
#2776=AXIS2_PLACEMENT_3D('',#2773,#2774,#2775);
#2778=CARTESIAN_POINT('',(-1.1E1,-3.696085278006E1,-2.463128955921E1));
#2779=DIRECTION('',(0.E0,8.114658833864E-1,-5.843997947467E-1));
#2780=DIRECTION('',(0.E0,-5.843997947467E-1,-8.114658833864E-1));
#2781=AXIS2_PLACEMENT_3D('',#2778,#2779,#2780);
#2783=CARTESIAN_POINT('',(-1.1E1,-3.696085278006E1,-2.463128955921E1));
#2784=DIRECTION('',(-1.E0,0.E0,0.E0));
#2785=DIRECTION('',(0.E0,6.844602366653E-1,-7.290501933503E-1));
#2786=AXIS2_PLACEMENT_3D('',#2783,#2784,#2785);
#2788=CARTESIAN_POINT('',(-1.1E1,-4.287790070187E1,-3.284738162850E1));
#2789=DIRECTION('',(1.E0,0.E0,0.E0));
#2790=DIRECTION('',(0.E0,5.843997947458E-1,8.114658833870E-1));
#2791=AXIS2_PLACEMENT_3D('',#2788,#2789,#2790);
#2793=CARTESIAN_POINT('',(-1.1E1,-4.287790070187E1,-3.284738162850E1));
#2794=DIRECTION('',(1.E0,0.E0,0.E0));
#2795=DIRECTION('',(0.E0,0.E0,1.E0));
#2796=AXIS2_PLACEMENT_3D('',#2793,#2794,#2795);
#2798=CARTESIAN_POINT('',(-1.1E1,-4.886340023848E1,-4.101374068853E1));
#2799=DIRECTION('',(0.E0,-8.065539812371E-1,5.911604480600E-1));
#2800=DIRECTION('',(0.E0,5.911604480600E-1,8.065539812371E-1));
#2801=AXIS2_PLACEMENT_3D('',#2798,#2799,#2800);
#2803=CARTESIAN_POINT('',(-1.1E1,-4.886340023848E1,-4.101374068853E1));
#2804=DIRECTION('',(-1.E0,0.E0,0.E0));
#2805=DIRECTION('',(0.E0,5.911604480586E-1,8.065539812382E-1));
#2806=AXIS2_PLACEMENT_3D('',#2803,#2804,#2805);
#2808=CARTESIAN_POINT('',(-1.1E1,-4.886340023848E1,-4.101374068853E1));
#2809=DIRECTION('',(0.E0,4.256714687310E-1,9.048777821940E-1));
#2810=DIRECTION('',(0.E0,9.048777821940E-1,-4.256714687310E-1));
#2811=AXIS2_PLACEMENT_3D('',#2808,#2809,#2810);
#2813=CARTESIAN_POINT('',(-1.1E1,0.E0,-6.4E1));
#2814=DIRECTION('',(1.E0,0.E0,0.E0));
#2815=DIRECTION('',(0.E0,-9.048777821940E-1,4.256714687310E-1));
#2816=AXIS2_PLACEMENT_3D('',#2813,#2814,#2815);
#2818=CARTESIAN_POINT('',(-1.1E1,-5.304230542453E1,-5.387508838305E1));
#2819=DIRECTION('',(0.E0,1.874983632768E-1,9.822649152690E-1));
#2820=DIRECTION('',(0.E0,9.822649152690E-1,-1.874983632768E-1));
#2821=AXIS2_PLACEMENT_3D('',#2818,#2819,#2820);
#2823=CARTESIAN_POINT('',(-1.1E1,-5.304230542453E1,-5.387508838305E1));
#2824=DIRECTION('',(-1.E0,0.E0,0.E0));
#2825=DIRECTION('',(0.E0,9.822649152694E-1,-1.874983632749E-1));
#2826=AXIS2_PLACEMENT_3D('',#2823,#2824,#2825);
#2828=CARTESIAN_POINT('',(-1.1E1,-5.304230542453E1,-5.387508838305E1));
#2829=DIRECTION('',(0.E0,9.999912708099E-1,4.178313533665E-3));
#2830=DIRECTION('',(0.E0,4.178313533664E-3,-9.999912708099E-1));
#2831=AXIS2_PLACEMENT_3D('',#2828,#2829,#2830);
#2833=CARTESIAN_POINT('',(-1.1E1,-5.3E1,-6.4E1));
#2834=DIRECTION('',(1.E0,0.E0,0.E0));
#2835=DIRECTION('',(0.E0,-4.178313533807E-3,9.999912708099E-1));
#2836=AXIS2_PLACEMENT_3D('',#2833,#2834,#2835);
#2838=CARTESIAN_POINT('',(-1.1E1,-5.7E1,-5.469862241386E1));
#2839=DIRECTION('',(0.E0,9.186545764091E-1,3.950617283952E-1));
#2840=DIRECTION('',(0.E0,3.950617283952E-1,-9.186545764091E-1));
#2841=AXIS2_PLACEMENT_3D('',#2838,#2839,#2840);
#2843=CARTESIAN_POINT('',(-1.1E1,-5.7E1,-5.469862241386E1));
#2844=DIRECTION('',(-1.E0,0.E0,0.E0));
#2845=DIRECTION('',(0.E0,0.E0,-1.E0));
#2846=AXIS2_PLACEMENT_3D('',#2843,#2844,#2845);
#2848=CARTESIAN_POINT('',(-1.1E1,-5.7E1,-5.469862241386E1));
#2849=DIRECTION('',(0.E0,0.E0,-1.E0));
#2850=DIRECTION('',(0.E0,-1.E0,0.E0));
#2851=AXIS2_PLACEMENT_3D('',#2848,#2849,#2850);
#2853=CARTESIAN_POINT('',(-1.1E1,-5.7E1,-5.469862241386E1));
#2854=DIRECTION('',(-1.E0,0.E0,0.E0));
#2855=DIRECTION('',(0.E0,3.950617283947E-1,-9.186545764093E-1));
#2856=AXIS2_PLACEMENT_3D('',#2853,#2854,#2855);
#2858=DIRECTION('',(0.E0,0.E0,1.E0));
#2859=VECTOR('',#2858,4.338945831970E0);
#2860=CARTESIAN_POINT('',(-1.1E1,-5.9E1,-5.469862241386E1));
#2861=LINE('',#2860,#2859);
#2862=DIRECTION('',(0.E0,-6.550372032994E-14,-1.E0));
#2863=VECTOR('',#2862,4.338945831969E0);
#2864=CARTESIAN_POINT('',(-1.3E1,-5.7E1,-5.035967658189E1));
#2865=LINE('',#2864,#2863);
#2866=CARTESIAN_POINT('',(-1.1E1,-5.698922907279E1,-5.000032283752E1));
#2867=DIRECTION('',(0.E0,-5.989229072830E-2,-9.982048454658E-1));
#2868=DIRECTION('',(0.E0,-9.982048454658E-1,5.989229072830E-2));
#2869=AXIS2_PLACEMENT_3D('',#2866,#2867,#2868);
#2871=CARTESIAN_POINT('',(-1.1E1,-5.7E1,-5.035967658189E1));
#2872=DIRECTION('',(0.E0,0.E0,1.E0));
#2873=DIRECTION('',(-1.E0,0.E0,0.E0));
#2874=AXIS2_PLACEMENT_3D('',#2871,#2872,#2873);
#2876=CARTESIAN_POINT('',(-1.1E1,-5.1E1,-5.035967658189E1));
#2877=DIRECTION('',(-1.E0,0.E0,0.E0));
#2878=DIRECTION('',(0.E0,-1.E0,1.421085471520E-14));
#2879=AXIS2_PLACEMENT_3D('',#2876,#2877,#2878);
#2881=CARTESIAN_POINT('',(-8.E0,-3.7E1,-5.E-1));
#2882=DIRECTION('',(0.E0,0.E0,-1.E0));
#2883=DIRECTION('',(1.E0,0.E0,0.E0));
#2884=AXIS2_PLACEMENT_3D('',#2881,#2882,#2883);
#2886=CARTESIAN_POINT('',(-8.E0,-3.7E1,-8.E0));
#2887=DIRECTION('',(0.E0,0.E0,1.E0));
#2888=DIRECTION('',(-1.E0,0.E0,0.E0));
#2889=AXIS2_PLACEMENT_3D('',#2886,#2887,#2888);
#2891=DIRECTION('',(-9.579494540130E-10,-5.880022518971E-9,1.E0));
#2892=VECTOR('',#2891,7.499999992815E0);
#2893=CARTESIAN_POINT('',(-5.9E0,-3.7E1,-8.E0));
#2894=LINE('',#2893,#2892);
#2895=DIRECTION('',(-7.071067811865E-1,4.058808119465E-8,-7.071067811865E-1));
#2896=VECTOR('',#2895,7.071067745741E-1);
#2897=CARTESIAN_POINT('',(-5.400000011860E0,-3.700000007280E1,
-1.186032161371E-8));
#2898=LINE('',#2897,#2896);
#2899=DIRECTION('',(7.071067811865E-1,-4.058808119465E-8,-7.071067811865E-1));
#2900=VECTOR('',#2899,7.071067745741E-1);
#2901=CARTESIAN_POINT('',(-1.059999998814E1,-3.699999992720E1,
-1.186032131765E-8));
#2902=LINE('',#2901,#2900);
#2903=CARTESIAN_POINT('',(-8.E0,-3.7E1,-5.E-1));
#2904=DIRECTION('',(0.E0,0.E0,-1.E0));
#2905=DIRECTION('',(-1.E0,0.E0,0.E0));
#2906=AXIS2_PLACEMENT_3D('',#2903,#2904,#2905);
#2908=DIRECTION('',(9.579492171654E-10,5.880022518971E-9,1.E0));
#2909=VECTOR('',#2908,7.499999992815E0);
#2910=CARTESIAN_POINT('',(-1.01E1,-3.7E1,-8.E0));
#2911=LINE('',#2910,#2909);
#2912=DIRECTION('',(0.E0,1.E0,3.880439458114E-14));
#2913=VECTOR('',#2912,3.231870879970E1);
#2914=CARTESIAN_POINT('',(0.E0,2.227050090284E1,-8.000000000001E0));
#2915=LINE('',#2914,#2913);
#2916=CARTESIAN_POINT('',(-8.E0,3.7E1,-8.E0));
#2917=DIRECTION('',(0.E0,0.E0,-1.E0));
#2918=DIRECTION('',(-1.E0,0.E0,0.E0));
#2919=AXIS2_PLACEMENT_3D('',#2916,#2917,#2918);
#2921=DIRECTION('',(-1.E0,5.555152297761E-14,-3.139306996176E-13));
#2922=VECTOR('',#2921,1.1E1);
#2923=CARTESIAN_POINT('',(0.E0,5.658561939347E1,-9.880215418540E0));
#2924=LINE('',#2923,#2922);
#2925=DIRECTION('',(1.E0,0.E0,0.E0));
#2926=VECTOR('',#2925,1.1E1);
#2927=CARTESIAN_POINT('',(-1.1E1,5.458920970254E1,-8.E0));
#2928=LINE('',#2927,#2926);
#2929=DIRECTION('',(-1.E0,0.E0,0.E0));
#2930=VECTOR('',#2929,1.1E1);
#2931=CARTESIAN_POINT('',(0.E0,5.9E1,-5.035967658189E1));
#2932=LINE('',#2931,#2930);
#2933=DIRECTION('',(1.E0,7.867645928689E-13,-1.456354229132E-11));
#2934=VECTOR('',#2933,1.1E1);
#2935=CARTESIAN_POINT('',(-1.1E1,5.898563876373E1,-4.988053825607E1));
#2936=LINE('',#2935,#2934);
#2937=DIRECTION('',(0.E0,0.E0,-1.E0));
#2938=VECTOR('',#2937,4.338945831970E0);
#2939=CARTESIAN_POINT('',(0.E0,5.9E1,-5.035967658189E1));
#2940=LINE('',#2939,#2938);
#2941=DIRECTION('',(1.E0,0.E0,0.E0));
#2942=VECTOR('',#2941,1.1E1);
#2943=CARTESIAN_POINT('',(-1.1E1,5.9E1,-5.469862241386E1));
#2944=LINE('',#2943,#2942);
#2945=DIRECTION('',(-9.999996381181E-1,-8.506961896089E-4,8.927446535100E-6));
#2946=VECTOR('',#2945,1.100000398070E1);
#2947=CARTESIAN_POINT('',(0.E0,5.304330645893E1,-5.587516912662E1));
#2948=LINE('',#2947,#2946);
#2949=DIRECTION('',(1.E0,7.412123440273E-11,-2.613376182126E-11));
#2950=VECTOR('',#2949,1.1E1);
#2951=CARTESIAN_POINT('',(-1.1E1,5.620987654321E1,-5.653593156668E1));
#2952=LINE('',#2951,#2950);
#2953=DIRECTION('',(-1.E0,-1.808654236480E-14,6.782453386801E-14));
#2954=VECTOR('',#2953,1.1E1);
#2955=CARTESIAN_POINT('',(7.579122514774E-14,4.705364467409E1,
-4.186508362599E1));
#2956=LINE('',#2955,#2954);
#2957=DIRECTION('',(1.E0,-9.366245153201E-14,3.171604393256E-13));
#2958=VECTOR('',#2957,1.1E1);
#2959=CARTESIAN_POINT('',(-1.1E1,5.107777559399E1,-5.425008510960E1));
#2960=LINE('',#2959,#2958);
#2961=DIRECTION('',(-1.E0,-1.983060180712E-13,-1.434004430352E-13));
#2962=VECTOR('',#2961,1.1E1);
#2963=CARTESIAN_POINT('',(0.E0,3.812965236956E1,-2.625422132598E1));
#2964=LINE('',#2963,#2962);
#2965=DIRECTION('',(1.E0,4.839441978468E-12,4.579124958003E-12));
#2966=VECTOR('',#2965,1.1E1);
#2967=CARTESIAN_POINT('',(-1.1E1,4.768107934236E1,-3.940063272605E1));
#2968=LINE('',#2967,#2966);
#2969=DIRECTION('',(1.E0,1.834492154144E-13,-1.753748661444E-13));
#2970=VECTOR('',#2969,1.1E1);
#2971=CARTESIAN_POINT('',(-1.1E1,3.559193230673E1,-2.608938994591E1));
#2972=LINE('',#2971,#2970);
#2973=CARTESIAN_POINT('',(-1.3E1,2.421596043644E1,-1.573420196308E1));
#2974=CARTESIAN_POINT('',(-1.3E1,2.415868503440E1,-1.594396207114E1));
#2975=CARTESIAN_POINT('',(-1.293139935275E1,2.403402414641E1,
-1.633587571683E1));
#2976=CARTESIAN_POINT('',(-1.265075380175E1,2.382241944390E1,
-1.686273224203E1));
#2977=CARTESIAN_POINT('',(-1.220720341186E1,2.362733064468E1,
-1.726916651990E1));
#2978=CARTESIAN_POINT('',(-1.164023650229E1,2.348942204238E1,
-1.752514324850E1));
#2979=CARTESIAN_POINT('',(-1.122245361769E1,2.345280920291E1,
-1.758916354458E1));
#2980=CARTESIAN_POINT('',(-1.1E1,2.345280920291E1,-1.758916354458E1));
#2982=DIRECTION('',(1.E0,-3.778795458361E-14,2.163925604360E-14));
#2983=VECTOR('',#2982,1.1E1);
#2984=CARTESIAN_POINT('',(-1.1E1,2.345280920291E1,-1.758916354458E1));
#2985=LINE('',#2984,#2983);
#2986=DIRECTION('',(-1.E0,2.076722632244E-13,0.E0));
#2987=VECTOR('',#2986,1.1E1);
#2988=CARTESIAN_POINT('',(0.E0,2.227050090284E1,-8.000000000001E0));
#2989=LINE('',#2988,#2987);
#2990=CARTESIAN_POINT('',(-1.1E1,2.227050090284E1,-8.000000000001E0));
#2991=CARTESIAN_POINT('',(-1.108616896463E1,2.227050090284E1,
-8.000000000001E0));
#2992=CARTESIAN_POINT('',(-1.125944283811E1,2.228108571719E1,
-8.011118537821E0));
#2993=CARTESIAN_POINT('',(-1.152146286909E1,2.232969531777E1,
-8.062755496216E0));
#2994=CARTESIAN_POINT('',(-1.178770653347E1,2.241364673203E1,
-8.154064516822E0));
#2995=CARTESIAN_POINT('',(-1.205432961944E1,2.253498039229E1,
-8.291069102346E0));
#2996=CARTESIAN_POINT('',(-1.231441124070E1,2.269399331669E1,
-8.480447113552E0));
#2997=CARTESIAN_POINT('',(-1.255251670612E1,2.288411546126E1,
-8.723491039325E0));
#2998=CARTESIAN_POINT('',(-1.274984092395E1,2.309013716025E1,
-9.010668684402E0));
#2999=CARTESIAN_POINT('',(-1.289518109564E1,2.329757201323E1,
-9.329691095864E0));
#3000=CARTESIAN_POINT('',(-1.298185955953E1,2.349429684118E1,
-9.666938121885E0));
#3001=CARTESIAN_POINT('',(-1.3E1,2.360995987001E1,-9.888831222185E0));
#3002=CARTESIAN_POINT('',(-1.3E1,2.366479000210E1,-1.E1));
#3004=CARTESIAN_POINT('',(-1.3E1,4.287790070187E1,-3.284738162850E1));
#3005=DIRECTION('',(1.E0,0.E0,0.E0));
#3006=DIRECTION('',(0.E0,0.E0,1.E0));
#3007=AXIS2_PLACEMENT_3D('',#3004,#3005,#3006);
#3009=CARTESIAN_POINT('',(-1.3E1,0.E0,-6.4E1));
#3010=DIRECTION('',(1.E0,0.E0,0.E0));
#3011=DIRECTION('',(0.E0,6.844602366678E-1,7.290501933479E-1));
#3012=AXIS2_PLACEMENT_3D('',#3009,#3010,#3011);
#3014=CARTESIAN_POINT('',(-1.3E1,1.637790070187E1,-1.359400463636E1));
#3015=DIRECTION('',(1.E0,0.E0,0.E0));
#3016=DIRECTION('',(0.E0,9.646842750241E-1,-2.634089017502E-1));
#3017=AXIS2_PLACEMENT_3D('',#3014,#3015,#3016);
#3019=DIRECTION('',(0.E0,5.989229072797E-2,-9.982048454658E-1));
#3020=VECTOR('',#3019,4.007225873463E1);
#3021=CARTESIAN_POINT('',(-1.3E1,5.458920970254E1,-1.E1));
#3022=LINE('',#3021,#3020);
#3023=CARTESIAN_POINT('',(-1.3E1,5.1E1,-5.035967658189E1));
#3024=DIRECTION('',(-1.E0,0.E0,0.E0));
#3025=DIRECTION('',(0.E0,9.982048454703E-1,5.989229065309E-2));
#3026=AXIS2_PLACEMENT_3D('',#3023,#3024,#3025);
#3028=CARTESIAN_POINT('',(-1.3E1,5.3E1,-6.4E1));
#3029=DIRECTION('',(1.E0,0.E0,0.E0));
#3030=DIRECTION('',(0.E0,3.950617283951E-1,9.186545764092E-1));
#3031=AXIS2_PLACEMENT_3D('',#3028,#3029,#3030);
#3033=CARTESIAN_POINT('',(-1.3E1,0.E0,-6.4E1));
#3034=DIRECTION('',(1.E0,0.E0,0.E0));
#3035=DIRECTION('',(0.E0,9.822649152690E-1,1.874983632769E-1));
#3036=AXIS2_PLACEMENT_3D('',#3033,#3034,#3035);
#3038=CARTESIAN_POINT('',(-1.3E1,4.287790070187E1,-3.284738162850E1));
#3039=DIRECTION('',(1.E0,0.E0,0.E0));
#3040=DIRECTION('',(0.E0,5.911604480600E-1,-8.065539812371E-1));
#3041=AXIS2_PLACEMENT_3D('',#3038,#3039,#3040);
#3043=CARTESIAN_POINT('',(-1.1E1,4.886340023848E1,-4.101374068853E1));
#3044=DIRECTION('',(0.E0,8.065539812371E-1,5.911604480600E-1));
#3045=DIRECTION('',(-1.E0,0.E0,0.E0));
#3046=AXIS2_PLACEMENT_3D('',#3043,#3044,#3045);
#3048=CARTESIAN_POINT('',(-1.1E1,4.287790070187E1,-3.284738162850E1));
#3049=DIRECTION('',(1.E0,0.E0,0.E0));
#3050=DIRECTION('',(0.E0,5.911604480603E-1,-8.065539812369E-1));
#3051=AXIS2_PLACEMENT_3D('',#3048,#3049,#3050);
#3053=CARTESIAN_POINT('',(-1.1E1,4.287790070187E1,-3.284738162850E1));
#3054=DIRECTION('',(1.E0,0.E0,0.E0));
#3055=DIRECTION('',(0.E0,0.E0,1.E0));
#3056=AXIS2_PLACEMENT_3D('',#3053,#3054,#3055);
#3058=CARTESIAN_POINT('',(-1.1E1,4.886340023848E1,-4.101374068853E1));
#3059=DIRECTION('',(0.E0,-4.256714687310E-1,9.048777821940E-1));
#3060=DIRECTION('',(-1.E0,0.E0,0.E0));
#3061=AXIS2_PLACEMENT_3D('',#3058,#3059,#3060);
#3063=CARTESIAN_POINT('',(-1.1E1,4.886340023848E1,-4.101374068853E1));
#3064=DIRECTION('',(-1.E0,0.E0,0.E0));
#3065=DIRECTION('',(0.E0,-9.048777821946E-1,-4.256714687298E-1));
#3066=AXIS2_PLACEMENT_3D('',#3063,#3064,#3065);
#3068=CARTESIAN_POINT('',(-1.1E1,5.304230542453E1,-5.387508838305E1));
#3069=DIRECTION('',(0.E0,-1.874983632768E-1,9.822649152690E-1));
#3070=DIRECTION('',(-1.E0,0.E0,0.E0));
#3071=AXIS2_PLACEMENT_3D('',#3068,#3069,#3070);
#3073=CARTESIAN_POINT('',(-1.1E1,0.E0,-6.4E1));
#3074=DIRECTION('',(1.E0,0.E0,0.E0));
#3075=DIRECTION('',(0.E0,9.822649152690E-1,1.874983632769E-1));
#3076=AXIS2_PLACEMENT_3D('',#3073,#3074,#3075);
#3078=CARTESIAN_POINT('',(-1.1E1,5.304230542453E1,-5.387508838305E1));
#3079=DIRECTION('',(0.E0,-9.999912708099E-1,4.178313533661E-3));
#3080=DIRECTION('',(-1.E0,0.E0,0.E0));
#3081=AXIS2_PLACEMENT_3D('',#3078,#3079,#3080);
#3083=CARTESIAN_POINT('',(-1.1E1,5.304230542453E1,-5.387508838305E1));
#3084=DIRECTION('',(-1.E0,0.E0,0.E0));
#3085=DIRECTION('',(0.E0,-4.178313535E-3,-9.999912708099E-1));
#3086=AXIS2_PLACEMENT_3D('',#3083,#3084,#3085);
#3088=CARTESIAN_POINT('',(-1.1E1,5.7E1,-5.469862241386E1));
#3089=DIRECTION('',(0.E0,-9.186545764091E-1,3.950617283952E-1));
#3090=DIRECTION('',(-1.E0,0.E0,0.E0));
#3091=AXIS2_PLACEMENT_3D('',#3088,#3089,#3090);
#3093=CARTESIAN_POINT('',(-1.1E1,5.3E1,-6.4E1));
#3094=DIRECTION('',(1.E0,0.E0,0.E0));
#3095=DIRECTION('',(0.E0,3.950617283953E-1,9.186545764091E-1));
#3096=AXIS2_PLACEMENT_3D('',#3093,#3094,#3095);
#3098=CARTESIAN_POINT('',(-1.1E1,5.7E1,-5.469862241386E1));
#3099=DIRECTION('',(0.E0,0.E0,-1.E0));
#3100=DIRECTION('',(-1.E0,0.E0,0.E0));
#3101=AXIS2_PLACEMENT_3D('',#3098,#3099,#3100);
#3103=CARTESIAN_POINT('',(-1.1E1,5.7E1,-5.469862241386E1));
#3104=DIRECTION('',(-1.E0,0.E0,0.E0));
#3105=DIRECTION('',(0.E0,1.E0,0.E0));
#3106=AXIS2_PLACEMENT_3D('',#3103,#3104,#3105);
#3108=CARTESIAN_POINT('',(-1.1E1,5.7E1,-5.469862241386E1));
#3109=DIRECTION('',(-1.E0,0.E0,0.E0));
#3110=DIRECTION('',(0.E0,0.E0,-1.E0));
#3111=AXIS2_PLACEMENT_3D('',#3108,#3109,#3110);
#3113=DIRECTION('',(0.E0,0.E0,-1.E0));
#3114=VECTOR('',#3113,4.338945831970E0);
#3115=CARTESIAN_POINT('',(-1.1E1,5.9E1,-5.035967658189E1));
#3116=LINE('',#3115,#3114);
#3117=DIRECTION('',(0.E0,-6.550372032994E-14,1.E0));
#3118=VECTOR('',#3117,4.338945831969E0);
#3119=CARTESIAN_POINT('',(-1.3E1,5.7E1,-5.469862241386E1));
#3120=LINE('',#3119,#3118);
#3121=CARTESIAN_POINT('',(-1.1E1,5.698922907279E1,-5.000032283752E1));
#3122=DIRECTION('',(0.E0,5.989229072830E-2,-9.982048454658E-1));
#3123=DIRECTION('',(-1.E0,-2.255973186038E-12,-1.350031197944E-13));
#3124=AXIS2_PLACEMENT_3D('',#3121,#3122,#3123);
#3126=CARTESIAN_POINT('',(-1.1E1,5.1E1,-5.035967658189E1));
#3127=DIRECTION('',(-1.E0,0.E0,0.E0));
#3128=DIRECTION('',(0.E0,9.982048454658E-1,5.989229072739E-2));
#3129=AXIS2_PLACEMENT_3D('',#3126,#3127,#3128);
#3131=CARTESIAN_POINT('',(-1.1E1,5.7E1,-5.035967658189E1));
#3132=DIRECTION('',(0.E0,0.E0,1.E0));
#3133=DIRECTION('',(0.E0,1.E0,0.E0));
#3134=AXIS2_PLACEMENT_3D('',#3131,#3132,#3133);
#3136=DIRECTION('',(0.E0,5.989229072799E-2,-9.982048454658E-1));
#3137=VECTOR('',#3136,4.007225873449E1);
#3138=CARTESIAN_POINT('',(-1.1E1,5.658561939347E1,-9.880215418544E0));
#3139=LINE('',#3138,#3137);
#3140=CARTESIAN_POINT('',(-1.1E1,5.458920970254E1,-1.E1));
#3141=DIRECTION('',(0.E0,1.E0,0.E0));
#3142=DIRECTION('',(-1.E0,0.E0,0.E0));
#3143=AXIS2_PLACEMENT_3D('',#3140,#3141,#3142);
#3145=CARTESIAN_POINT('',(-1.1E1,5.458920970254E1,-1.E1));
#3146=DIRECTION('',(-1.E0,0.E0,0.E0));
#3147=DIRECTION('',(0.E0,0.E0,1.E0));
#3148=AXIS2_PLACEMENT_3D('',#3145,#3146,#3147);
#3150=CARTESIAN_POINT('',(-1.1E1,5.458920970254E1,-1.E1));
#3151=DIRECTION('',(0.E0,-5.989229072795E-2,9.982048454658E-1));
#3152=DIRECTION('',(0.E0,9.982048454658E-1,5.989229072795E-2));
#3153=AXIS2_PLACEMENT_3D('',#3150,#3151,#3152);
#3155=DIRECTION('',(0.E0,1.E0,3.880439458114E-14));
#3156=VECTOR('',#3155,3.231870879970E1);
#3157=CARTESIAN_POINT('',(-1.1E1,2.227050090284E1,-8.000000000001E0));
#3158=LINE('',#3157,#3156);
#3159=DIRECTION('',(0.E0,-1.E0,0.E0));
#3160=VECTOR('',#3159,3.092441970044E1);
#3161=CARTESIAN_POINT('',(-1.3E1,5.458920970254E1,-1.E1));
#3162=LINE('',#3161,#3160);
#3163=CARTESIAN_POINT('',(-1.1E1,3.696085278006E1,-2.463128955921E1));
#3164=DIRECTION('',(0.E0,-8.114658833864E-1,-5.843997947467E-1));
#3165=DIRECTION('',(-1.E0,0.E0,0.E0));
#3166=AXIS2_PLACEMENT_3D('',#3163,#3164,#3165);
#3168=CARTESIAN_POINT('',(-1.1E1,3.696085278006E1,-2.463128955921E1));
#3169=DIRECTION('',(-1.E0,0.E0,0.E0));
#3170=DIRECTION('',(0.E0,5.843997947496E-1,-8.114658833843E-1));
#3171=AXIS2_PLACEMENT_3D('',#3168,#3169,#3170);
#3173=CARTESIAN_POINT('',(-1.1E1,3.696085278006E1,-2.463128955921E1));
#3174=DIRECTION('',(-1.E0,0.E0,0.E0));
#3175=DIRECTION('',(0.E0,0.E0,-1.E0));
#3176=AXIS2_PLACEMENT_3D('',#3173,#3174,#3175);
#3178=CARTESIAN_POINT('',(-1.1E1,3.696085278006E1,-2.463128955921E1));
#3179=DIRECTION('',(0.E0,-7.290501933480E-1,6.844602366678E-1));
#3180=DIRECTION('',(-1.E0,0.E0,0.E0));
#3181=AXIS2_PLACEMENT_3D('',#3178,#3179,#3180);
#3183=CARTESIAN_POINT('',(-1.1E1,0.E0,-6.4E1));
#3184=DIRECTION('',(1.E0,0.E0,0.E0));
#3185=DIRECTION('',(0.E0,6.844602366679E-1,7.290501933479E-1));
#3186=AXIS2_PLACEMENT_3D('',#3183,#3184,#3185);
#3188=CARTESIAN_POINT('',(-8.E0,3.7E1,-5.E-1));
#3189=DIRECTION('',(0.E0,0.E0,-1.E0));
#3190=DIRECTION('',(1.E0,0.E0,0.E0));
#3191=AXIS2_PLACEMENT_3D('',#3188,#3189,#3190);
#3193=CARTESIAN_POINT('',(-8.E0,3.7E1,-8.E0));
#3194=DIRECTION('',(0.E0,0.E0,1.E0));
#3195=DIRECTION('',(-1.E0,0.E0,0.E0));
#3196=AXIS2_PLACEMENT_3D('',#3193,#3194,#3195);
#3198=DIRECTION('',(-9.579494540130E-10,-5.880023466361E-9,1.E0));
#3199=VECTOR('',#3198,7.499999992815E0);
#3200=CARTESIAN_POINT('',(-5.9E0,3.7E1,-8.E0));
#3201=LINE('',#3200,#3199);
#3202=DIRECTION('',(-7.071067811865E-1,4.058809124324E-8,-7.071067811865E-1));
#3203=VECTOR('',#3202,7.071067745741E-1);
#3204=CARTESIAN_POINT('',(-5.400000011860E0,3.699999992720E1,
-1.186032146568E-8));
#3205=LINE('',#3204,#3203);
#3206=DIRECTION('',(7.071067811865E-1,-4.058807114606E-8,-7.071067811865E-1));
#3207=VECTOR('',#3206,7.071067745741E-1);
#3208=CARTESIAN_POINT('',(-1.059999998814E1,3.700000007280E1,
-1.186032161371E-8));
#3209=LINE('',#3208,#3207);
#3210=CARTESIAN_POINT('',(-8.E0,3.7E1,-5.E-1));
#3211=DIRECTION('',(0.E0,0.E0,-1.E0));
#3212=DIRECTION('',(-1.E0,0.E0,0.E0));
#3213=AXIS2_PLACEMENT_3D('',#3210,#3211,#3212);
#3215=DIRECTION('',(9.579492171654E-10,5.880023466361E-9,1.E0));
#3216=VECTOR('',#3215,7.499999992815E0);
#3217=CARTESIAN_POINT('',(-1.01E1,3.7E1,-8.E0));
#3218=LINE('',#3217,#3216);
#3219=DIRECTION('',(-1.E0,-2.514228141920E-14,-8.307884295041E-14));
#3220=VECTOR('',#3219,1.3E1);
#3221=CARTESIAN_POINT('',(0.E0,-5.092635023480E1,-9.403992563949E1));
#3222=LINE('',#3221,#3220);
#3223=DIRECTION('',(1.E0,-4.634924922497E-13,-4.339776401489E-13));
#3224=VECTOR('',#3223,1.3E1);
#3225=CARTESIAN_POINT('',(-1.3E1,-4.768107934239E1,-8.859936727397E1));
#3226=LINE('',#3225,#3224);
#3227=DIRECTION('',(1.E0,-2.224545334264E-13,-7.542684425761E-14));
#3228=VECTOR('',#3227,1.3E1);
#3229=CARTESIAN_POINT('',(-1.3E1,-5.242559172786E1,-9.570710330209E1));
#3230=LINE('',#3229,#3228);
#3231=DIRECTION('',(-1.E0,8.406267135377E-13,5.990421833793E-13));
#3232=VECTOR('',#3231,1.3E1);
#3233=CARTESIAN_POINT('',(0.E0,-5.535814866785E1,-9.729732395998E1));
#3234=LINE('',#3233,#3232);
#3235=CARTESIAN_POINT('',(-1.3E1,-4.287790070187E1,-9.515261837150E1));
#3236=DIRECTION('',(1.E0,0.E0,0.E0));
#3237=DIRECTION('',(0.E0,-5.911604480709E-1,8.065539812291E-1));
#3238=AXIS2_PLACEMENT_3D('',#3235,#3236,#3237);
#3240=CARTESIAN_POINT('',(-1.3E1,-5.290750704291E1,-9.376603204393E1));
#3241=DIRECTION('',(-1.E0,0.E0,0.E0));
#3242=DIRECTION('',(0.E0,9.905784040551E-1,-1.369467977703E-1));
#3243=AXIS2_PLACEMENT_3D('',#3240,#3241,#3242);
#3245=CARTESIAN_POINT('',(-1.3E1,-5.082322330470E1,-1.021611652352E2));
#3246=DIRECTION('',(1.E0,0.E0,0.E0));
#3247=DIRECTION('',(0.E0,-2.409576576623E-1,9.705356290286E-1));
#3248=AXIS2_PLACEMENT_3D('',#3245,#3246,#3247);
#3250=CARTESIAN_POINT('',(-1.3E1,-5.672203599533E1,-9.583451455405E1));
#3251=DIRECTION('',(-1.E0,0.E0,0.E0));
#3252=DIRECTION('',(0.E0,6.819436638952E-1,-7.314047027967E-1));
#3253=AXIS2_PLACEMENT_3D('',#3250,#3251,#3252);
#3255=CARTESIAN_POINT('',(-1.3E1,-5.672203599533E1,-9.583451455405E1));
#3256=DIRECTION('',(-1.E0,0.E0,0.E0));
#3257=DIRECTION('',(0.E0,0.E0,-1.E0));
#3258=AXIS2_PLACEMENT_3D('',#3255,#3256,#3257);
#3260=CARTESIAN_POINT('',(-1.3E1,-5.1E1,-9.402943725152E1));
#3261=DIRECTION('',(-1.E0,0.E0,0.E0));
#3262=DIRECTION('',(0.E0,-9.536726658894E-1,-3.008462170867E-1));
#3263=AXIS2_PLACEMENT_3D('',#3260,#3261,#3262);
#3265=CARTESIAN_POINT('',(-1.3E1,-5.7E1,-7.330137758614E1));
#3266=DIRECTION('',(-1.E0,0.E0,0.E0));
#3267=DIRECTION('',(0.E0,-1.E0,0.E0));
#3268=AXIS2_PLACEMENT_3D('',#3265,#3266,#3267);
#3270=CARTESIAN_POINT('',(-1.3E1,-5.7E1,-7.330137758614E1));
#3271=DIRECTION('',(-1.E0,0.E0,0.E0));
#3272=DIRECTION('',(0.E0,0.E0,1.E0));
#3273=AXIS2_PLACEMENT_3D('',#3270,#3271,#3272);
#3275=CARTESIAN_POINT('',(-1.3E1,-5.3E1,-6.4E1));
#3276=DIRECTION('',(1.E0,0.E0,0.E0));
#3277=DIRECTION('',(0.E0,-3.950617288035E-1,-9.186545762335E-1));
#3278=AXIS2_PLACEMENT_3D('',#3275,#3276,#3277);
#3280=CARTESIAN_POINT('',(-1.3E1,-5.304230542453E1,-7.412491161695E1));
#3281=DIRECTION('',(-1.E0,0.E0,0.E0));
#3282=DIRECTION('',(0.E0,4.178313537476E-3,9.999912708099E-1));
#3283=AXIS2_PLACEMENT_3D('',#3280,#3281,#3282);
#3285=CARTESIAN_POINT('',(-1.3E1,0.E0,-6.4E1));
#3286=DIRECTION('',(1.E0,0.E0,0.E0));
#3287=DIRECTION('',(0.E0,-9.822649152690E-1,-1.874983632771E-1));
#3288=AXIS2_PLACEMENT_3D('',#3285,#3286,#3287);
#3290=CARTESIAN_POINT('',(-1.3E1,-4.886340023848E1,-8.698625931147E1));
#3291=DIRECTION('',(-1.E0,0.E0,0.E0));
#3292=DIRECTION('',(0.E0,9.048777821938E-1,4.256714687315E-1));
#3293=AXIS2_PLACEMENT_3D('',#3290,#3291,#3292);
#3295=DIRECTION('',(1.E0,0.E0,-2.732856676E-14));
#3296=VECTOR('',#3295,1.3E1);
#3297=CARTESIAN_POINT('',(-1.3E1,-5.862938132711E1,-9.643620698822E1));
#3298=LINE('',#3297,#3296);
#3299=DIRECTION('',(-1.E0,0.E0,0.E0));
#3300=VECTOR('',#3299,1.3E1);
#3301=CARTESIAN_POINT('',(0.E0,-5.9E1,-9.402943725152E1));
#3302=LINE('',#3301,#3300);
#3303=DIRECTION('',(0.E0,0.E0,-1.E0));
#3304=VECTOR('',#3303,2.072805966538E1);
#3305=CARTESIAN_POINT('',(-1.3E1,-5.9E1,-7.330137758614E1));
#3306=LINE('',#3305,#3304);
#3307=DIRECTION('',(1.E0,0.E0,0.E0));
#3308=VECTOR('',#3307,1.3E1);
#3309=CARTESIAN_POINT('',(-1.3E1,-5.9E1,-7.330137758614E1));
#3310=LINE('',#3309,#3308);
#3311=DIRECTION('',(-1.E0,1.442948324928E-13,-1.093142670400E-14));
#3312=VECTOR('',#3311,1.3E1);
#3313=CARTESIAN_POINT('',(0.E0,-5.303394879746E1,-7.212492907533E1));
#3314=LINE('',#3313,#3312);
#3315=DIRECTION('',(1.E0,-6.137996094297E-12,2.161143059381E-12));
#3316=VECTOR('',#3315,1.3E1);
#3317=CARTESIAN_POINT('',(-1.3E1,-5.620987654435E1,-7.146406843292E1));
#3318=LINE('',#3317,#3316);
#3319=DIRECTION('',(-1.E0,3.498056545280E-14,-7.542684425761E-14));
#3320=VECTOR('',#3319,1.3E1);
#3321=CARTESIAN_POINT('',(7.579122514774E-14,-4.705364467409E1,
-8.613491637401E1));
#3322=LINE('',#3321,#3320);
#3323=DIRECTION('',(1.E0,3.825999346401E-14,-1.585056872080E-13));
#3324=VECTOR('',#3323,1.3E1);
#3325=CARTESIAN_POINT('',(-1.3E1,-5.107777559399E1,-7.374991489040E1));
#3326=LINE('',#3325,#3324);
#3327=DIRECTION('',(1.E0,3.709033080668E-12,3.126388037344E-13));
#3328=VECTOR('',#3327,5.E-1);
#3329=CARTESIAN_POINT('',(-5.E-1,-4.277834532486E1,-1.032770084241E2));
#3330=LINE('',#3329,#3328);
#3331=DIRECTION('',(-1.E0,1.190386456074E-9,6.837126420578E-10));
#3332=VECTOR('',#3331,5.E-1);
#3333=CARTESIAN_POINT('',(0.E0,-3.812965237137E1,-1.017457786751E2));
#3334=LINE('',#3333,#3332);
#3335=CARTESIAN_POINT('',(-5.E-1,4.287790070187E1,-9.515261837150E1));
#3336=DIRECTION('',(1.E0,0.E0,0.E0));
#3337=DIRECTION('',(0.E0,-5.843997947463E-1,-8.114658833867E-1));
#3338=AXIS2_PLACEMENT_3D('',#3335,#3336,#3337);
#3340=CARTESIAN_POINT('',(-5.E-1,4.287790070187E1,-9.515261837150E1));
#3341=DIRECTION('',(1.E0,0.E0,0.E0));
#3342=DIRECTION('',(0.E0,0.E0,-1.E0));
#3343=AXIS2_PLACEMENT_3D('',#3340,#3341,#3342);
#3345=CARTESIAN_POINT('',(-5.E-1,4.376519537520E1,-1.052386648300E2));
#3346=DIRECTION('',(-1.E0,0.E0,0.E0));
#3347=DIRECTION('',(0.E0,-8.763404180921E-2,9.961527366404E-1));
#3348=AXIS2_PLACEMENT_3D('',#3345,#3346,#3347);
#3350=CARTESIAN_POINT('',(-5.E-1,4.376519537520E1,-1.052386648300E2));
#3351=DIRECTION('',(-1.E0,0.E0,0.E0));
#3352=DIRECTION('',(0.E0,0.E0,1.E0));
#3353=AXIS2_PLACEMENT_3D('',#3350,#3351,#3352);
#3355=CARTESIAN_POINT('',(-5.E-1,5.153906555819E1,-1.014453229817E2));
#3356=DIRECTION('',(1.E0,0.E0,0.E0));
#3357=DIRECTION('',(0.E0,-8.987133159511E-1,-4.385366298637E-1));
#3358=AXIS2_PLACEMENT_3D('',#3355,#3356,#3357);
#3360=CARTESIAN_POINT('',(-5.E-1,4.569350744426E1,-1.078212111815E2));
#3361=DIRECTION('',(-1.E0,0.E0,0.E0));
#3362=DIRECTION('',(0.E0,6.757870652664E-1,7.370969016477E-1));
#3363=AXIS2_PLACEMENT_3D('',#3360,#3361,#3362);
#3365=DIRECTION('',(0.E0,-7.071067811866E-1,-7.071067811865E-1));
#3366=VECTOR('',#3365,1.615234050847E1);
#3367=CARTESIAN_POINT('',(-5.000000000002E-1,4.710772100662E1,
-1.092354247439E2));
#3368=LINE('',#3367,#3366);
#3369=CARTESIAN_POINT('',(-5.000000000002E-1,3.002943725152E1,-1.15E2));
#3370=DIRECTION('',(-1.E0,0.E0,0.E0));
#3371=DIRECTION('',(0.E0,7.071067811962E-1,-7.071067811769E-1));
#3372=AXIS2_PLACEMENT_3D('',#3369,#3370,#3371);
#3374=CARTESIAN_POINT('',(-5.E-1,-3.002943725152E1,-1.15E2));
#3375=DIRECTION('',(-1.E0,0.E0,0.E0));
#3376=DIRECTION('',(0.E0,0.E0,-1.E0));
#3377=AXIS2_PLACEMENT_3D('',#3374,#3375,#3376);
#3379=CARTESIAN_POINT('',(-5.E-1,-3.183451455405E1,-1.207220359953E2));
#3380=DIRECTION('',(-1.E0,0.E0,0.E0));
#3381=DIRECTION('',(0.E0,-3.008462170085E-1,-9.536726659141E-1));
#3382=AXIS2_PLACEMENT_3D('',#3379,#3380,#3381);
#3384=CARTESIAN_POINT('',(-5.E-1,-3.816116523517E1,-1.148232233047E2));
#3385=DIRECTION('',(1.E0,0.E0,0.E0));
#3386=DIRECTION('',(0.E0,7.314047029637E-1,-6.819436637161E-1));
#3387=AXIS2_PLACEMENT_3D('',#3384,#3385,#3386);
#3389=CARTESIAN_POINT('',(-5.E-1,-3.816116523517E1,-1.148232233047E2));
#3390=DIRECTION('',(1.E0,0.E0,0.E0));
#3391=DIRECTION('',(0.E0,0.E0,1.E0));
#3392=AXIS2_PLACEMENT_3D('',#3389,#3390,#3391);
#3394=CARTESIAN_POINT('',(-5.E-1,-4.453705343499E1,-1.089776651908E2));
#3395=DIRECTION('',(-1.E0,0.E0,0.E0));
#3396=DIRECTION('',(0.E0,7.370969014513E-1,-6.757870654806E-1));
#3397=AXIS2_PLACEMENT_3D('',#3394,#3395,#3396);
#3399=CARTESIAN_POINT('',(-5.E-1,-4.453705343499E1,-1.089776651908E2));
#3400=DIRECTION('',(-1.E0,0.E0,0.E0));
#3401=DIRECTION('',(0.E0,0.E0,-1.E0));
#3402=AXIS2_PLACEMENT_3D('',#3399,#3400,#3401);
#3404=DIRECTION('',(0.E0,-7.071067811812E-1,7.071067811919E-1));
#3405=VECTOR('',#3404,6.231191206841E-1);
#3406=CARTESIAN_POINT('',(-5.000000000002E-1,-4.595126699739E1,
-1.103918787531E2));
#3407=LINE('',#3406,#3405);
#3408=CARTESIAN_POINT('',(-5.E-1,-4.497766519077E1,-1.085370534350E2));
#3409=DIRECTION('',(-1.E0,0.E0,0.E0));
#3410=DIRECTION('',(0.E0,-7.071067811426E-1,-7.071067812305E-1));
#3411=AXIS2_PLACEMENT_3D('',#3408,#3409,#3410);
#3413=CARTESIAN_POINT('',(-5.E-1,-5.082322330470E1,-1.021611652352E2));
#3414=DIRECTION('',(1.E0,0.E0,0.E0));
#3415=DIRECTION('',(0.E0,6.757870651754E-1,-7.370969017312E-1));
#3416=AXIS2_PLACEMENT_3D('',#3413,#3414,#3415);
#3418=CARTESIAN_POINT('',(-5.E-1,-4.275383938582E1,-1.052768582832E2));
#3419=DIRECTION('',(-1.E0,0.E0,0.E0));
#3420=DIRECTION('',(0.E0,-9.328767535667E-1,3.601957282573E-1));
#3421=AXIS2_PLACEMENT_3D('',#3418,#3419,#3420);
#3423=CARTESIAN_POINT('',(-5.E-1,-4.287790070187E1,-9.515261837150E1));
#3424=DIRECTION('',(1.E0,0.E0,0.E0));
#3425=DIRECTION('',(0.E0,1.225296946036E-2,-9.999249295519E-1));
#3426=AXIS2_PLACEMENT_3D('',#3423,#3424,#3425);
#3428=CARTESIAN_POINT('',(-5.E-1,-3.696085278006E1,-1.033687104408E2));
#3429=DIRECTION('',(-1.E0,0.E0,0.E0));
#3430=DIRECTION('',(0.E0,-5.843997964617E-1,8.114658821512E-1));
#3431=AXIS2_PLACEMENT_3D('',#3428,#3429,#3430);
#3433=CARTESIAN_POINT('',(-5.E-1,-3.696085278006E1,-1.033687104408E2));
#3434=DIRECTION('',(-1.E0,0.E0,0.E0));
#3435=DIRECTION('',(0.E0,0.E0,1.E0));
#3436=AXIS2_PLACEMENT_3D('',#3433,#3434,#3435);
#3438=CARTESIAN_POINT('',(-5.000000000007E-1,0.E0,-6.4E1));
#3439=DIRECTION('',(1.E0,0.E0,0.E0));
#3440=DIRECTION('',(0.E0,-6.844602366659E-1,-7.290501933497E-1));
#3441=AXIS2_PLACEMENT_3D('',#3438,#3439,#3440);
#3443=CARTESIAN_POINT('',(-5.000000000007E-1,0.E0,-6.4E1));
#3444=DIRECTION('',(1.E0,0.E0,0.E0));
#3445=DIRECTION('',(0.E0,0.E0,-1.E0));
#3446=AXIS2_PLACEMENT_3D('',#3443,#3444,#3445);
#3448=CARTESIAN_POINT('',(-5.000000000002E-1,3.696085278006E1,
-1.033687104408E2));
#3449=DIRECTION('',(-1.E0,0.E0,0.E0));
#3450=DIRECTION('',(0.E0,-6.844602367102E-1,7.290501933081E-1));
#3451=AXIS2_PLACEMENT_3D('',#3448,#3449,#3450);
#3453=CARTESIAN_POINT('',(-5.000000000002E-1,3.696085278006E1,
-1.033687104408E2));
#3454=DIRECTION('',(-1.E0,0.E0,0.E0));
#3455=DIRECTION('',(0.E0,0.E0,1.E0));
#3456=AXIS2_PLACEMENT_3D('',#3453,#3454,#3455);
#3458=DIRECTION('',(-1.E0,1.151079231931E-12,1.136868377216E-13));
#3459=VECTOR('',#3458,5.E-1);
#3460=CARTESIAN_POINT('',(0.E0,4.358992729158E1,-1.032463593567E2));
#3461=LINE('',#3460,#3459);
#3462=DIRECTION('',(1.E0,-2.174260771426E-12,1.591615728102E-12));
#3463=VECTOR('',#3462,5.000000000001E-1);
#3464=CARTESIAN_POINT('',(-5.000000000001E-1,3.812965236955E1,
-1.017457786740E2));
#3465=LINE('',#3464,#3463);
#3466=DIRECTION('',(1.E0,1.676880856394E-11,-2.816591404553E-11));
#3467=VECTOR('',#3466,5.E-1);
#3468=CARTESIAN_POINT('',(-5.E-1,4.556262200712E1,-1.043615915703E2));
#3469=LINE('',#3468,#3467);
#3470=DIRECTION('',(-1.E0,1.188027454191E-11,-1.242028702109E-11));
#3471=VECTOR('',#3470,5.E-1);
#3472=CARTESIAN_POINT('',(0.E0,4.704508157469E1,-1.063470173781E2));
#3473=LINE('',#3472,#3471);
#3474=DIRECTION('',(-1.E0,2.674482857401E-11,3.342393029016E-11));
#3475=VECTOR('',#3474,5.E-1);
#3476=CARTESIAN_POINT('',(-1.515824502955E-13,4.710772100661E1,
-1.092354247439E2));
#3477=LINE('',#3476,#3475);
#3478=DIRECTION('',(1.E0,3.801403636316E-11,3.129230208287E-11));
#3479=VECTOR('',#3478,5.000000000001E-1);
#3480=CARTESIAN_POINT('',(-5.000000000002E-1,3.568629150105E1,
-1.206568542495E2));
#3481=LINE('',#3480,#3479);
#3482=DIRECTION('',(-1.E0,0.E0,0.E0));
#3483=VECTOR('',#3482,5.000000000001E-1);
#3484=CARTESIAN_POINT('',(0.E0,3.002943725152E1,-1.23E2));
#3485=LINE('',#3484,#3483);
#3486=DIRECTION('',(0.E0,1.E0,0.E0));
#3487=VECTOR('',#3486,6.005887450304E1);
#3488=CARTESIAN_POINT('',(-5.E-1,-3.002943725152E1,-1.23E2));
#3489=LINE('',#3488,#3487);
#3490=DIRECTION('',(-1.E0,1.833200258261E-12,-7.673861546209E-13));
#3491=VECTOR('',#3490,5.E-1);
#3492=CARTESIAN_POINT('',(0.E0,-3.243620698818E1,-1.226293813271E2));
#3493=LINE('',#3492,#3491);
#3494=DIRECTION('',(1.E0,0.E0,0.E0));
#3495=VECTOR('',#3494,5.E-1);
#3496=CARTESIAN_POINT('',(-5.E-1,-3.002943725152E1,-1.23E2));
#3497=LINE('',#3496,#3495);
#3498=DIRECTION('',(-1.E0,-5.238121048023E-11,-4.393996277940E-11));
#3499=VECTOR('',#3498,5.E-1);
#3500=CARTESIAN_POINT('',(0.E0,-4.306285963175E1,-1.103292393213E2));
#3501=LINE('',#3500,#3499);
#3502=DIRECTION('',(1.E0,5.357492227631E-12,9.322320693173E-12));
#3503=VECTOR('',#3502,5.E-1);
#3504=CARTESIAN_POINT('',(-5.E-1,-3.329732396020E1,-1.193581486682E2));
#3505=LINE('',#3504,#3503);
#3506=DIRECTION('',(-1.E0,-2.054889591818E-10,1.521698322904E-10));
#3507=VECTOR('',#3506,5.E-1);
#3508=CARTESIAN_POINT('',(-1.515824502955E-13,-4.595126699729E1,
-1.103918787532E2));
#3509=LINE('',#3508,#3507);
#3510=DIRECTION('',(1.E0,-1.467128640797E-10,2.000319909712E-10));
#3511=VECTOR('',#3510,5.E-1);
#3512=CARTESIAN_POINT('',(-5.000000000002E-1,-4.639187875311E1,
-1.099512669974E2));
#3513=LINE('',#3512,#3511);
#3514=DIRECTION('',(-1.E0,2.182787284255E-11,4.015987542516E-11));
#3515=VECTOR('',#3514,5.E-1);
#3516=CARTESIAN_POINT('',(0.E0,-4.461959289302E1,-1.045564668269E2));
#3517=LINE('',#3516,#3515);
#3518=DIRECTION('',(1.E0,-2.478373062331E-11,-2.731326276262E-11));
#3519=VECTOR('',#3518,5.E-1);
#3520=CARTESIAN_POINT('',(-5.E-1,-4.632923932120E1,-1.070628596316E2));
#3521=LINE('',#3520,#3519);
#3522=DIRECTION('',(-1.E0,6.551204023701E-12,5.570655048353E-12));
#3523=VECTOR('',#3522,5.000000000005E-1);
#3524=CARTESIAN_POINT('',(2.273736754432E-13,3.559193230669E1,
-1.019106100541E2));
#3525=LINE('',#3524,#3523);
#3526=DIRECTION('',(1.E0,-6.224354365253E-12,5.314859663481E-12));
#3527=VECTOR('',#3526,5.000000000005E-1);
#3528=CARTESIAN_POINT('',(-5.000000000002E-1,-3.559193230669E1,
-1.019106100541E2));
#3529=LINE('',#3528,#3527);
#3530=DIRECTION('',(1.E0,1.743562559288E-13,-4.886347736689E-13));
#3531=VECTOR('',#3530,1.3E1);
#3532=CARTESIAN_POINT('',(-1.3E1,5.079553412371E1,-9.332869238689E1));
#3533=LINE('',#3532,#3531);
#3534=DIRECTION('',(-1.E0,3.394207991592E-13,-3.148250890752E-13));
#3535=VECTOR('',#3534,1.3E1);
#3536=CARTESIAN_POINT('',(0.E0,4.768107934238E1,-8.859936727397E1));
#3537=LINE('',#3536,#3535);
#3538=CARTESIAN_POINT('',(-1.3E1,5.153906555819E1,-1.014453229817E2));
#3539=DIRECTION('',(1.E0,0.E0,0.E0));
#3540=DIRECTION('',(0.E0,6.268968357590E-1,7.791022765435E-1));
#3541=AXIS2_PLACEMENT_3D('',#3538,#3539,#3540);
#3543=CARTESIAN_POINT('',(-1.3E1,5.274449004295E1,-9.287972599072E1));
#3544=DIRECTION('',(-1.E0,0.E0,0.E0));
#3545=DIRECTION('',(0.E0,-1.393554316154E-1,-9.902424267215E-1));
#3546=AXIS2_PLACEMENT_3D('',#3543,#3544,#3545);
#3548=CARTESIAN_POINT('',(-1.3E1,4.287790070187E1,-9.515261837150E1));
#3549=DIRECTION('',(1.E0,0.E0,0.E0));
#3550=DIRECTION('',(0.E0,9.744779596095E-1,2.244831981136E-1));
#3551=AXIS2_PLACEMENT_3D('',#3548,#3549,#3550);
#3553=CARTESIAN_POINT('',(-1.3E1,4.886340023848E1,-8.698625931147E1));
#3554=DIRECTION('',(-1.E0,0.E0,0.E0));
#3555=DIRECTION('',(0.E0,-5.911604480179E-1,-8.065539812680E-1));
#3556=AXIS2_PLACEMENT_3D('',#3553,#3554,#3555);
#3558=CARTESIAN_POINT('',(-1.3E1,0.E0,-6.4E1));
#3559=DIRECTION('',(1.E0,0.E0,0.E0));
#3560=DIRECTION('',(0.E0,9.048777821941E-1,-4.256714687308E-1));
#3561=AXIS2_PLACEMENT_3D('',#3558,#3559,#3560);
#3563=CARTESIAN_POINT('',(-1.3E1,5.304230542453E1,-7.412491161695E1));
#3564=DIRECTION('',(-1.E0,0.E0,0.E0));
#3565=DIRECTION('',(0.E0,-9.822649152710E-1,1.874983632665E-1));
#3566=AXIS2_PLACEMENT_3D('',#3563,#3564,#3565);
#3568=CARTESIAN_POINT('',(-1.3E1,5.3E1,-6.4E1));
#3569=DIRECTION('',(1.E0,0.E0,0.E0));
#3570=DIRECTION('',(0.E0,4.178313533614E-3,-9.999912708099E-1));
#3571=AXIS2_PLACEMENT_3D('',#3568,#3569,#3570);
#3573=CARTESIAN_POINT('',(-1.3E1,5.7E1,-7.330137758614E1));
#3574=DIRECTION('',(-1.E0,0.E0,0.E0));
#3575=DIRECTION('',(0.E0,-3.950617266199E-1,9.186545771725E-1));
#3576=AXIS2_PLACEMENT_3D('',#3573,#3574,#3575);
#3578=CARTESIAN_POINT('',(-1.3E1,5.7E1,-7.330137758614E1));
#3579=DIRECTION('',(-1.E0,0.E0,0.E0));
#3580=DIRECTION('',(0.E0,0.E0,1.E0));
#3581=AXIS2_PLACEMENT_3D('',#3578,#3579,#3580);
#3583=DIRECTION('',(0.E0,0.E0,-1.E0));
#3584=VECTOR('',#3583,2.072805966538E1);
#3585=CARTESIAN_POINT('',(-1.3E1,5.9E1,-7.330137758614E1));
#3586=LINE('',#3585,#3584);
#3587=CARTESIAN_POINT('',(-1.3E1,5.1E1,-9.402943725152E1));
#3588=DIRECTION('',(-1.E0,0.E0,0.E0));
#3589=DIRECTION('',(0.E0,1.E0,0.E0));
#3590=AXIS2_PLACEMENT_3D('',#3587,#3588,#3589);
#3592=CARTESIAN_POINT('',(-1.3E1,5.696172318814E1,-9.470608829009E1));
#3593=DIRECTION('',(-1.E0,0.E0,0.E0));
#3594=DIRECTION('',(0.E0,9.936205313565E-1,-1.127751730960E-1));
#3595=AXIS2_PLACEMENT_3D('',#3592,#3593,#3594);
#3597=CARTESIAN_POINT('',(-1.3E1,5.696172318814E1,-9.470608829009E1));
#3598=DIRECTION('',(-1.E0,0.E0,0.E0));
#3599=DIRECTION('',(0.E0,0.E0,-1.E0));
#3600=AXIS2_PLACEMENT_3D('',#3597,#3598,#3599);
#3602=DIRECTION('',(-1.E0,-4.733307762833E-13,1.191525510736E-13));
#3603=VECTOR('',#3602,1.3E1);
#3604=CARTESIAN_POINT('',(0.E0,5.246577917952E1,-9.486021084416E1));
#3605=LINE('',#3604,#3603);
#3606=DIRECTION('',(1.E0,-1.269138640335E-12,8.089255760961E-13));
#3607=VECTOR('',#3606,1.3E1);
#3608=CARTESIAN_POINT('',(-1.3E1,5.570792951630E1,-9.626429284295E1));
#3609=LINE('',#3608,#3607);
#3610=DIRECTION('',(-1.E0,0.E0,-1.311771204480E-14));
#3611=VECTOR('',#3610,1.3E1);
#3612=CARTESIAN_POINT('',(0.E0,5.894896425085E1,-9.493163863628E1));
#3613=LINE('',#3612,#3611);
#3614=DIRECTION('',(1.E0,0.E0,0.E0));
#3615=VECTOR('',#3614,1.3E1);
#3616=CARTESIAN_POINT('',(-1.3E1,5.9E1,-9.402943725152E1));
#3617=LINE('',#3616,#3615);
#3618=DIRECTION('',(0.E0,0.E0,-1.E0));
#3619=VECTOR('',#3618,2.072805966538E1);
#3620=CARTESIAN_POINT('',(0.E0,5.9E1,-7.330137758614E1));
#3621=LINE('',#3620,#3619);
#3622=DIRECTION('',(-1.E0,0.E0,0.E0));
#3623=VECTOR('',#3622,1.3E1);
#3624=CARTESIAN_POINT('',(0.E0,5.9E1,-7.330137758614E1));
#3625=LINE('',#3624,#3623);
#3626=DIRECTION('',(1.E0,-1.437482611576E-13,-1.093142670400E-14));
#3627=VECTOR('',#3626,1.3E1);
#3628=CARTESIAN_POINT('',(-1.3E1,5.303394879746E1,-7.212492907533E1));
#3629=LINE('',#3628,#3627);
#3630=DIRECTION('',(-1.E0,6.137996094297E-12,2.161143059381E-12));
#3631=VECTOR('',#3630,1.3E1);
#3632=CARTESIAN_POINT('',(0.E0,5.620987654435E1,-7.146406843292E1));
#3633=LINE('',#3632,#3631);
#3634=DIRECTION('',(1.E0,-3.224770877680E-14,-6.996113090561E-14));
#3635=VECTOR('',#3634,1.3E1);
#3636=CARTESIAN_POINT('',(-1.3E1,4.705364467409E1,-8.613491637401E1));
#3637=LINE('',#3636,#3635);
#3638=DIRECTION('',(-1.E0,-3.825999346401E-14,-1.585056872080E-13));
#3639=VECTOR('',#3638,1.3E1);
#3640=CARTESIAN_POINT('',(7.579122514774E-14,5.107777559399E1,
-7.374991489040E1));
#3641=LINE('',#3640,#3639);
#3642=DIRECTION('',(-7.071067811866E-1,4.058809124324E-8,7.071067811865E-1));
#3643=VECTOR('',#3642,7.071067745741E-1);
#3644=CARTESIAN_POINT('',(-1.186032590657E-8,-3.816116530797E1,
-1.174232232928E2));
#3645=LINE('',#3644,#3643);
#3646=DIRECTION('',(-7.071067811866E-1,-4.058811134043E-8,-7.071067811865E-1));
#3647=VECTOR('',#3646,7.071067745741E-1);
#3648=CARTESIAN_POINT('',(-1.186031598858E-8,-3.816116516237E1,
-1.122232233166E2));
#3649=LINE('',#3648,#3647);
#3650=CARTESIAN_POINT('',(-5.E-1,-3.816116523517E1,-1.148232233047E2));
#3651=DIRECTION('',(-1.E0,0.E0,0.E0));
#3652=DIRECTION('',(0.E0,0.E0,1.E0));
#3653=AXIS2_PLACEMENT_3D('',#3650,#3651,#3652);
#3655=CARTESIAN_POINT('',(-1.5E1,-3.816116523517E1,-1.148232233047E2));
#3656=DIRECTION('',(1.E0,0.E0,0.E0));
#3657=DIRECTION('',(0.E0,0.E0,-1.E0));
#3658=AXIS2_PLACEMENT_3D('',#3655,#3656,#3657);
#3660=DIRECTION('',(1.E0,0.E0,0.E0));
#3661=VECTOR('',#3660,1.449999998563E1);
#3662=CARTESIAN_POINT('',(-1.499999999282E1,-3.816116519107E1,
-1.127232233119E2));
#3663=LINE('',#3662,#3661);
#3664=CARTESIAN_POINT('',(-5.E-1,-3.816116523517E1,-1.148232233047E2));
#3665=DIRECTION('',(-1.E0,0.E0,0.E0));
#3666=DIRECTION('',(0.E0,0.E0,-1.E0));
#3667=AXIS2_PLACEMENT_3D('',#3664,#3665,#3666);
#3669=CARTESIAN_POINT('',(-1.5E1,-3.816116523517E1,-1.148232233047E2));
#3670=DIRECTION('',(1.E0,0.E0,0.E0));
#3671=DIRECTION('',(0.E0,0.E0,1.E0));
#3672=AXIS2_PLACEMENT_3D('',#3669,#3670,#3671);
#3674=DIRECTION('',(1.E0,0.E0,0.E0));
#3675=VECTOR('',#3674,1.449999998563E1);
#3676=CARTESIAN_POINT('',(-1.499999999282E1,-3.816116527927E1,
-1.169232232975E2));
#3677=LINE('',#3676,#3675);
#3678=DIRECTION('',(7.071067811865E-1,-4.058808119465E-8,-7.071067811866E-1));
#3679=VECTOR('',#3678,7.071067745741E-1);
#3680=CARTESIAN_POINT('',(-1.549999998814E1,-3.816116516237E1,
-1.122232233166E2));
#3681=LINE('',#3680,#3679);
#3682=DIRECTION('',(7.071067811866E-1,4.058808119465E-8,7.071067811865E-1));
#3683=VECTOR('',#3682,7.071067745741E-1);
#3684=CARTESIAN_POINT('',(-1.549999998814E1,-3.816116530797E1,
-1.174232232928E2));
#3685=LINE('',#3684,#3683);
#3686=DIRECTION('',(-7.071067811865E-1,-4.058808119465E-8,-7.071067811865E-1));
#3687=VECTOR('',#3686,7.071067745741E-1);
#3688=CARTESIAN_POINT('',(-1.186032042947E-8,5.153906563099E1,
-9.884532299356E1));
#3689=LINE('',#3688,#3687);
#3690=DIRECTION('',(-7.071067811866E-1,4.058810129184E-8,7.071067811865E-1));
#3691=VECTOR('',#3690,7.071067745741E-1);
#3692=CARTESIAN_POINT('',(-1.186032279795E-8,5.153906548539E1,
-1.040453229698E2));
#3693=LINE('',#3692,#3691);
#3694=CARTESIAN_POINT('',(-5.E-1,5.153906555819E1,-1.014453229817E2));
#3695=DIRECTION('',(-1.E0,0.E0,0.E0));
#3696=DIRECTION('',(0.E0,0.E0,-1.E0));
#3697=AXIS2_PLACEMENT_3D('',#3694,#3695,#3696);
#3699=CARTESIAN_POINT('',(-1.5E1,5.153906555819E1,-1.014453229817E2));
#3700=DIRECTION('',(1.E0,0.E0,0.E0));
#3701=DIRECTION('',(0.E0,0.E0,1.E0));
#3702=AXIS2_PLACEMENT_3D('',#3699,#3700,#3701);
#3704=DIRECTION('',(1.E0,0.E0,0.E0));
#3705=VECTOR('',#3704,1.449999998563E1);
#3706=CARTESIAN_POINT('',(-1.499999999282E1,5.153906551409E1,
-1.035453229745E2));
#3707=LINE('',#3706,#3705);
#3708=CARTESIAN_POINT('',(-5.E-1,5.153906555819E1,-1.014453229817E2));
#3709=DIRECTION('',(-1.E0,0.E0,0.E0));
#3710=DIRECTION('',(0.E0,0.E0,1.E0));
#3711=AXIS2_PLACEMENT_3D('',#3708,#3709,#3710);
#3713=CARTESIAN_POINT('',(-1.5E1,5.153906555819E1,-1.014453229817E2));
#3714=DIRECTION('',(1.E0,0.E0,0.E0));
#3715=DIRECTION('',(0.E0,0.E0,-1.E0));
#3716=AXIS2_PLACEMENT_3D('',#3713,#3714,#3715);
#3718=DIRECTION('',(1.E0,0.E0,0.E0));
#3719=VECTOR('',#3718,1.449999998563E1);
#3720=CARTESIAN_POINT('',(-1.499999999282E1,5.153906560229E1,
-9.934532298888E1));
#3721=LINE('',#3720,#3719);
#3722=DIRECTION('',(7.071067811866E-1,4.058811134043E-8,7.071067811865E-1));
#3723=VECTOR('',#3722,7.071067745741E-1);
#3724=CARTESIAN_POINT('',(-1.549999998814E1,5.153906548539E1,
-1.040453229698E2));
#3725=LINE('',#3724,#3723);
#3726=DIRECTION('',(7.071067811865E-1,-4.058808119465E-8,-7.071067811865E-1));
#3727=VECTOR('',#3726,7.071067745741E-1);
#3728=CARTESIAN_POINT('',(-1.549999998814E1,5.153906563099E1,
-9.884532299356E1));
#3729=LINE('',#3728,#3727);
#3730=DIRECTION('',(-7.071067811866E-1,-4.058808119465E-8,-7.071067811865E-1));
#3731=VECTOR('',#3730,7.071067745741E-1);
#3732=CARTESIAN_POINT('',(-1.186032339007E-8,-5.082322323190E1,
-9.956116524706E1));
#3733=LINE('',#3732,#3731);
#3734=DIRECTION('',(-7.071067811865E-1,4.058810129183E-8,7.071067811866E-1));
#3735=VECTOR('',#3734,7.071067745741E-1);
#3736=CARTESIAN_POINT('',(-1.186032353810E-8,-5.082322337750E1,
-1.047611652233E2));
#3737=LINE('',#3736,#3735);
#3738=CARTESIAN_POINT('',(-5.E-1,-5.082322330470E1,-1.021611652352E2));
#3739=DIRECTION('',(-1.E0,0.E0,0.E0));
#3740=DIRECTION('',(0.E0,0.E0,-1.E0));
#3741=AXIS2_PLACEMENT_3D('',#3738,#3739,#3740);
#3743=CARTESIAN_POINT('',(-1.5E1,-5.082322330470E1,-1.021611652352E2));
#3744=DIRECTION('',(1.E0,0.E0,0.E0));
#3745=DIRECTION('',(0.E0,0.E0,1.E0));
#3746=AXIS2_PLACEMENT_3D('',#3743,#3744,#3745);
#3748=DIRECTION('',(1.E0,0.E0,0.E0));
#3749=VECTOR('',#3748,1.449999998563E1);
#3750=CARTESIAN_POINT('',(-1.499999999282E1,-5.082322334880E1,
-1.042611652280E2));
#3751=LINE('',#3750,#3749);
#3752=CARTESIAN_POINT('',(-5.E-1,-5.082322330470E1,-1.021611652352E2));
#3753=DIRECTION('',(-1.E0,0.E0,0.E0));
#3754=DIRECTION('',(0.E0,0.E0,1.E0));
#3755=AXIS2_PLACEMENT_3D('',#3752,#3753,#3754);
#3757=CARTESIAN_POINT('',(-1.5E1,-5.082322330470E1,-1.021611652352E2));
#3758=DIRECTION('',(1.E0,0.E0,0.E0));
#3759=DIRECTION('',(0.E0,0.E0,-1.E0));
#3760=AXIS2_PLACEMENT_3D('',#3757,#3758,#3759);
#3762=DIRECTION('',(1.E0,0.E0,0.E0));
#3763=VECTOR('',#3762,1.449999998563E1);
#3764=CARTESIAN_POINT('',(-1.499999999282E1,-5.082322326060E1,
-1.000611652424E2));
#3765=LINE('',#3764,#3763);
#3766=DIRECTION('',(7.071067811866E-1,4.058807114606E-8,7.071067811865E-1));
#3767=VECTOR('',#3766,7.071067745741E-1);
#3768=CARTESIAN_POINT('',(-1.549999998814E1,-5.082322337750E1,
-1.047611652233E2));
#3769=LINE('',#3768,#3767);
#3770=DIRECTION('',(7.071067811865E-1,-4.058809124324E-8,-7.071067811866E-1));
#3771=VECTOR('',#3770,7.071067745741E-1);
#3772=CARTESIAN_POINT('',(-1.549999998814E1,-5.082322323190E1,
-9.956116524706E1));
#3773=LINE('',#3772,#3771);
#3774=DIRECTION('',(7.071067811865E-1,-4.058791036859E-8,-7.071067811865E-1));
#3775=VECTOR('',#3774,7.071067745741E-1);
#3776=CARTESIAN_POINT('',(-4.959999998814E1,3.700000007280E1,
-1.186025929319E-8));
#3777=LINE('',#3776,#3775);
#3778=DIRECTION('',(-7.071067811860E-1,-9.155965167760E-7,-7.071067811865E-1));
#3779=VECTOR('',#3778,7.071067745743E-1);
#3780=CARTESIAN_POINT('',(-4.440000001186E1,3.700000344304E1,
-1.185991482799E-8));
#3781=LINE('',#3780,#3779);
#3782=CARTESIAN_POINT('',(-4.7E1,3.7E1,-5.E-1));
#3783=DIRECTION('',(0.E0,0.E0,-1.E0));
#3784=DIRECTION('',(9.999999999991E-1,1.352246341991E-6,0.E0));
#3785=AXIS2_PLACEMENT_3D('',#3782,#3783,#3784);
#3787=CARTESIAN_POINT('',(-4.91E1,3.7E1,-1.550257738807E1));
#3788=CARTESIAN_POINT('',(-4.91E1,3.687316164359E1,-1.540580896339E1));
#3789=CARTESIAN_POINT('',(-4.907707536517E1,3.662388421457E1,
-1.521720993951E1));
#3790=CARTESIAN_POINT('',(-4.898007324510E1,3.626969121501E1,
-1.495339403603E1));
#3791=CARTESIAN_POINT('',(-4.882701090894E1,3.594487401609E1,
-1.471497742607E1));
#3792=CARTESIAN_POINT('',(-4.862998095845E1,3.566152503671E1,
-1.450969581478E1));
#3793=CARTESIAN_POINT('',(-4.839776754807E1,3.542148696308E1,
-1.433772397248E1));
#3794=CARTESIAN_POINT('',(-4.814259543094E1,3.522865233164E1,
-1.420083914694E1));
#3795=CARTESIAN_POINT('',(-4.786799080689E1,3.507961399288E1,
-1.409580684762E1));
#3796=CARTESIAN_POINT('',(-4.758484408336E1,3.497568771994E1,
-1.402296034093E1));
#3797=CARTESIAN_POINT('',(-4.729268950371E1,3.491351998049E1,
-1.397953583663E1));
#3798=CARTESIAN_POINT('',(-4.700021400352E1,3.489316900901E1,
-1.396534587008E1));
#3799=CARTESIAN_POINT('',(-4.670527099640E1,3.491380403903E1,
-1.397973433037E1));
#3800=CARTESIAN_POINT('',(-4.641565258638E1,3.497557152270E1,
-1.402287855023E1));
#3801=CARTESIAN_POINT('',(-4.613077912214E1,3.508016576125E1,
-1.409619525958E1));
#3802=CARTESIAN_POINT('',(-4.585812067526E1,3.522824175240E1,
-1.420054882366E1));
#3803=CARTESIAN_POINT('',(-4.560192082131E1,3.542172331342E1,
-1.433789239355E1));
#3804=CARTESIAN_POINT('',(-4.537037649066E1,3.566114372500E1,
-1.450942198197E1));
#3805=CARTESIAN_POINT('',(-4.517305196523E1,3.594472227508E1,
-1.471486592615E1));
#3806=CARTESIAN_POINT('',(-4.501997001058E1,3.626954741560E1,
-1.495328796814E1));
#3807=CARTESIAN_POINT('',(-4.492287207306E1,3.662411311888E1,
-1.521737733651E1));
#3808=CARTESIAN_POINT('',(-4.489999547794E1,3.687326855419E1,
-1.540589842386E1));
#3809=CARTESIAN_POINT('',(-4.489999564932E1,3.700000569959E1,
-1.550258967913E1));
#3811=DIRECTION('',(-2.904739591830E-7,-1.935644683869E-7,9.999999999999E-1));
#3812=VECTOR('',#3811,1.500258967195E1);
#3813=CARTESIAN_POINT('',(-4.489999564932E1,3.700000569959E1,
-1.550258967913E1));
#3814=LINE('',#3813,#3812);
#3815=CARTESIAN_POINT('',(-4.7E1,3.7E1,-5.E-1));
#3816=DIRECTION('',(0.E0,0.E0,-1.E0));
#3817=DIRECTION('',(-1.E0,0.E0,0.E0));
#3818=AXIS2_PLACEMENT_3D('',#3815,#3816,#3817);
#3820=DIRECTION('',(4.788888885628E-10,2.939509016550E-9,1.E0));
#3821=VECTOR('',#3820,1.500257738089E1);
#3822=CARTESIAN_POINT('',(-4.91E1,3.7E1,-1.550257738807E1));
#3823=LINE('',#3822,#3821);
#3824=DIRECTION('',(7.071067811865E-1,-4.058789027140E-8,-7.071067811865E-1));
#3825=VECTOR('',#3824,7.071067745741E-1);
#3826=CARTESIAN_POINT('',(-2.659999998814E1,3.700000007280E1,
-1.186025159564E-8));
#3827=LINE('',#3826,#3825);
#3828=DIRECTION('',(-7.071067811860E-1,-9.155964866302E-7,-7.071067811865E-1));
#3829=VECTOR('',#3828,7.071067745743E-1);
#3830=CARTESIAN_POINT('',(-2.140000001186E1,3.700000344304E1,
-1.185991749253E-8));
#3831=LINE('',#3830,#3829);
#3832=CARTESIAN_POINT('',(-2.4E1,3.7E1,-5.E-1));
#3833=DIRECTION('',(0.E0,0.E0,-1.E0));
#3834=DIRECTION('',(9.999999999991E-1,1.352246345375E-6,0.E0));
#3835=AXIS2_PLACEMENT_3D('',#3832,#3833,#3834);
#3837=CARTESIAN_POINT('',(-2.61E1,3.7E1,-1.550257738807E1));
#3838=CARTESIAN_POINT('',(-2.61E1,3.687316164359E1,-1.540580896339E1));
#3839=CARTESIAN_POINT('',(-2.607707536517E1,3.662388421457E1,
-1.521720993951E1));
#3840=CARTESIAN_POINT('',(-2.598007324510E1,3.626969121501E1,
-1.495339403603E1));
#3841=CARTESIAN_POINT('',(-2.582701090894E1,3.594487401609E1,
-1.471497742607E1));
#3842=CARTESIAN_POINT('',(-2.562998095845E1,3.566152503671E1,
-1.450969581478E1));
#3843=CARTESIAN_POINT('',(-2.539776754807E1,3.542148696308E1,
-1.433772397248E1));
#3844=CARTESIAN_POINT('',(-2.514259543094E1,3.522865233164E1,
-1.420083914694E1));
#3845=CARTESIAN_POINT('',(-2.486799080689E1,3.507961399288E1,
-1.409580684762E1));
#3846=CARTESIAN_POINT('',(-2.458484408336E1,3.497568771994E1,
-1.402296034093E1));
#3847=CARTESIAN_POINT('',(-2.429268950371E1,3.491351998049E1,
-1.397953583663E1));
#3848=CARTESIAN_POINT('',(-2.400021400352E1,3.489316900901E1,
-1.396534587008E1));
#3849=CARTESIAN_POINT('',(-2.370527099640E1,3.491380403903E1,
-1.397973433037E1));
#3850=CARTESIAN_POINT('',(-2.341565258638E1,3.497557152270E1,
-1.402287855023E1));
#3851=CARTESIAN_POINT('',(-2.313077912214E1,3.508016576125E1,
-1.409619525958E1));
#3852=CARTESIAN_POINT('',(-2.285812067526E1,3.522824175240E1,
-1.420054882366E1));
#3853=CARTESIAN_POINT('',(-2.260192082131E1,3.542172331342E1,
-1.433789239355E1));
#3854=CARTESIAN_POINT('',(-2.237037649066E1,3.566114372500E1,
-1.450942198197E1));
#3855=CARTESIAN_POINT('',(-2.217305196523E1,3.594472227508E1,
-1.471486592615E1));
#3856=CARTESIAN_POINT('',(-2.201997001058E1,3.626954741560E1,
-1.495328796814E1));
#3857=CARTESIAN_POINT('',(-2.192287207306E1,3.662411311888E1,
-1.521737733651E1));
#3858=CARTESIAN_POINT('',(-2.189999547794E1,3.687326855419E1,
-1.540589842386E1));
#3859=CARTESIAN_POINT('',(-2.189999564932E1,3.700000569959E1,
-1.550258967913E1));
#3861=DIRECTION('',(-2.904739591830E-7,-1.935644674396E-7,9.999999999999E-1));
#3862=VECTOR('',#3861,1.500258967195E1);
#3863=CARTESIAN_POINT('',(-2.189999564932E1,3.700000569959E1,
-1.550258967913E1));
#3864=LINE('',#3863,#3862);
#3865=CARTESIAN_POINT('',(-2.4E1,3.7E1,-5.E-1));
#3866=DIRECTION('',(0.E0,0.E0,-1.E0));
#3867=DIRECTION('',(-1.E0,0.E0,0.E0));
#3868=AXIS2_PLACEMENT_3D('',#3865,#3866,#3867);
#3870=DIRECTION('',(4.788895989835E-10,2.939509016550E-9,1.E0));
#3871=VECTOR('',#3870,1.500257738089E1);
#3872=CARTESIAN_POINT('',(-2.61E1,3.7E1,-1.550257738807E1));
#3873=LINE('',#3872,#3871);
#3874=DIRECTION('',(7.071067811865E-1,-4.058823192353E-8,-7.071067811866E-1));
#3875=VECTOR('',#3874,7.071067745741E-1);
#3876=CARTESIAN_POINT('',(-4.959999998814E1,-3.699999992720E1,
-1.186037623668E-8));
#3877=LINE('',#3876,#3875);
#3878=DIRECTION('',(-7.071067811861E-1,8.150938675756E-7,-7.071067811865E-1));
#3879=VECTOR('',#3878,7.071067745739E-1);
#3880=CARTESIAN_POINT('',(-4.440000001186E1,-3.700000292062E1,
-1.186064624292E-8));
#3881=LINE('',#3880,#3879);
#3882=CARTESIAN_POINT('',(-4.7E1,-3.7E1,-5.E-1));
#3883=DIRECTION('',(0.E0,0.E0,-1.E0));
#3884=DIRECTION('',(9.999999999994E-1,-1.095314274835E-6,0.E0));
#3885=AXIS2_PLACEMENT_3D('',#3882,#3883,#3884);
#3887=DIRECTION('',(7.225144242894E-8,4.952763465651E-8,1.E0));
#3888=VECTOR('',#3887,1.500257982714E1);
#3889=CARTESIAN_POINT('',(-4.490000109114E1,-3.700000308730E1,
-1.550257983432E1));
#3890=LINE('',#3889,#3888);
#3891=CARTESIAN_POINT('',(-4.7E1,-3.7E1,-5.E-1));
#3892=DIRECTION('',(0.E0,0.E0,-1.E0));
#3893=DIRECTION('',(-1.E0,0.E0,0.E0));
#3894=AXIS2_PLACEMENT_3D('',#3891,#3892,#3893);
#3896=CARTESIAN_POINT('',(-4.490000109114E1,-3.700000308730E1,
-1.550257983432E1));
#3897=CARTESIAN_POINT('',(-4.490000095223E1,-3.687317539333E1,
-1.540581952502E1));
#3898=CARTESIAN_POINT('',(-4.492291866040E1,-3.662391131473E1,
-1.521723021115E1));
#3899=CARTESIAN_POINT('',(-4.501992452030E1,-3.626969612225E1,
-1.495339763451E1));
#3900=CARTESIAN_POINT('',(-4.517298349823E1,-3.594488299524E1,
-1.471498396559E1));
#3901=CARTESIAN_POINT('',(-4.537002151072E1,-3.566152264208E1,
-1.450969409422E1));
#3902=CARTESIAN_POINT('',(-4.560221698382E1,-3.542150120713E1,
-1.433773415033E1));
#3903=CARTESIAN_POINT('',(-4.585739517740E1,-3.522865880568E1,
-1.420084371867E1));
#3904=CARTESIAN_POINT('',(-4.613198032561E1,-3.507962675180E1,
-1.409581581624E1));
#3905=CARTESIAN_POINT('',(-4.641515636639E1,-3.497568657209E1,
-1.402295952646E1));
#3906=CARTESIAN_POINT('',(-4.670731571140E1,-3.491351813219E1,
-1.397953454961E1));
#3907=CARTESIAN_POINT('',(-4.699982858381E1,-3.489316855835E1,
-1.396534555467E1));
#3908=CARTESIAN_POINT('',(-4.729474335755E1,-3.491380770927E1,
-1.397973689249E1));
#3909=CARTESIAN_POINT('',(-4.758434525564E1,-3.497557111978E1,
-1.402287827139E1));
#3910=CARTESIAN_POINT('',(-4.786922118338E1,-3.508016544632E1,
-1.409619503343E1));
#3911=CARTESIAN_POINT('',(-4.814188594001E1,-3.522824599008E1,
-1.420055181781E1));
#3912=CARTESIAN_POINT('',(-4.839808474393E1,-3.542172755432E1,
-1.433789541612E1));
#3913=CARTESIAN_POINT('',(-4.862963666516E1,-3.566115982853E1,
-1.450943351415E1));
#3914=CARTESIAN_POINT('',(-4.882695013527E1,-3.594472715034E1,
-1.471486977515E1));
#3915=CARTESIAN_POINT('',(-4.898002950091E1,-3.626954837837E1,
-1.495328771737E1));
#3916=CARTESIAN_POINT('',(-4.907712840769E1,-3.662410609619E1,
-1.521737575072E1));
#3917=CARTESIAN_POINT('',(-4.91E1,-3.687326363726E1,-1.540588677713E1));
#3918=CARTESIAN_POINT('',(-4.91E1,-3.7E1,-1.550257738807E1));
#3920=DIRECTION('',(4.788940983144E-10,2.939501912343E-9,1.E0));
#3921=VECTOR('',#3920,1.500257738089E1);
#3922=CARTESIAN_POINT('',(-4.91E1,-3.7E1,-1.550257738807E1));
#3923=LINE('',#3922,#3921);
#3924=DIRECTION('',(7.071067811865E-1,-4.058824197212E-8,-7.071067811866E-1));
#3925=VECTOR('',#3924,7.071067745741E-1);
#3926=CARTESIAN_POINT('',(-2.659999998814E1,-3.699999992720E1,
-1.186037505245E-8));
#3927=LINE('',#3926,#3925);
#3928=DIRECTION('',(-7.071067811861E-1,8.150938876728E-7,-7.071067811865E-1));
#3929=VECTOR('',#3928,7.071067745739E-1);
#3930=CARTESIAN_POINT('',(-2.140000001186E1,-3.700000292062E1,
-1.186065083184E-8));
#3931=LINE('',#3930,#3929);
#3932=CARTESIAN_POINT('',(-2.4E1,-3.7E1,-5.E-1));
#3933=DIRECTION('',(0.E0,0.E0,-1.E0));
#3934=DIRECTION('',(9.999999999994E-1,-1.095314271451E-6,0.E0));
#3935=AXIS2_PLACEMENT_3D('',#3932,#3933,#3934);
#3937=DIRECTION('',(7.225144361297E-8,4.952763465651E-8,1.E0));
#3938=VECTOR('',#3937,1.500257982714E1);
#3939=CARTESIAN_POINT('',(-2.190000109114E1,-3.700000308730E1,
-1.550257983432E1));
#3940=LINE('',#3939,#3938);
#3941=CARTESIAN_POINT('',(-2.4E1,-3.7E1,-5.E-1));
#3942=DIRECTION('',(0.E0,0.E0,-1.E0));
#3943=DIRECTION('',(-1.E0,0.E0,0.E0));
#3944=AXIS2_PLACEMENT_3D('',#3941,#3942,#3943);
#3946=CARTESIAN_POINT('',(-2.190000109114E1,-3.700000308730E1,
-1.550257983432E1));
#3947=CARTESIAN_POINT('',(-2.190000095223E1,-3.687317539333E1,
-1.540581952502E1));
#3948=CARTESIAN_POINT('',(-2.192291866040E1,-3.662391131473E1,
-1.521723021115E1));
#3949=CARTESIAN_POINT('',(-2.201992452030E1,-3.626969612225E1,
-1.495339763451E1));
#3950=CARTESIAN_POINT('',(-2.217298349823E1,-3.594488299524E1,
-1.471498396559E1));
#3951=CARTESIAN_POINT('',(-2.237002151072E1,-3.566152264208E1,
-1.450969409422E1));
#3952=CARTESIAN_POINT('',(-2.260221698382E1,-3.542150120713E1,
-1.433773415033E1));
#3953=CARTESIAN_POINT('',(-2.285739517740E1,-3.522865880568E1,
-1.420084371867E1));
#3954=CARTESIAN_POINT('',(-2.313198032561E1,-3.507962675180E1,
-1.409581581624E1));
#3955=CARTESIAN_POINT('',(-2.341515636639E1,-3.497568657209E1,
-1.402295952646E1));
#3956=CARTESIAN_POINT('',(-2.370731571140E1,-3.491351813219E1,
-1.397953454961E1));
#3957=CARTESIAN_POINT('',(-2.399982858381E1,-3.489316855835E1,
-1.396534555467E1));
#3958=CARTESIAN_POINT('',(-2.429474335755E1,-3.491380770927E1,
-1.397973689249E1));
#3959=CARTESIAN_POINT('',(-2.458434525564E1,-3.497557111978E1,
-1.402287827139E1));
#3960=CARTESIAN_POINT('',(-2.486922118338E1,-3.508016544632E1,
-1.409619503343E1));
#3961=CARTESIAN_POINT('',(-2.514188594001E1,-3.522824599008E1,
-1.420055181781E1));
#3962=CARTESIAN_POINT('',(-2.539808474393E1,-3.542172755432E1,
-1.433789541612E1));
#3963=CARTESIAN_POINT('',(-2.562963666516E1,-3.566115982853E1,
-1.450943351415E1));
#3964=CARTESIAN_POINT('',(-2.582695013527E1,-3.594472715034E1,
-1.471486977515E1));
#3965=CARTESIAN_POINT('',(-2.598002950091E1,-3.626954837837E1,
-1.495328771737E1));
#3966=CARTESIAN_POINT('',(-2.607712840769E1,-3.662410609619E1,
-1.521737575072E1));
#3967=CARTESIAN_POINT('',(-2.61E1,-3.687326363726E1,-1.540588677713E1));
#3968=CARTESIAN_POINT('',(-2.61E1,-3.7E1,-1.550257738807E1));
#3970=DIRECTION('',(4.788943351213E-10,2.939501912343E-9,1.E0));
#3971=VECTOR('',#3970,1.500257738089E1);
#3972=CARTESIAN_POINT('',(-2.61E1,-3.7E1,-1.550257738807E1));
#3973=LINE('',#3972,#3971);
#3974=DIRECTION('',(1.E0,-3.964828465541E-12,-4.732214620162E-12));
#3975=VECTOR('',#3974,1.E0);
#3976=CARTESIAN_POINT('',(-6.3E1,5.350521248427E1,-2.046634919462E1));
#3977=LINE('',#3976,#3975);
#3978=DIRECTION('',(-1.E0,-1.038102936946E-11,1.068656274583E-11));
#3979=VECTOR('',#3978,1.E0);
#3980=CARTESIAN_POINT('',(-6.2E1,5.682852680173E1,-2.033577581947E1));
#3981=LINE('',#3980,#3979);
#3982=DIRECTION('',(1.E0,5.779554612673E-11,1.149658146460E-11));
#3983=VECTOR('',#3982,1.E0);
#3984=CARTESIAN_POINT('',(-6.3E1,5.305299536203E1,-2.773869844180E1));
#3985=LINE('',#3984,#3983);
#3986=DIRECTION('',(-1.E0,-1.783462266758E-12,-4.643396778192E-12));
#3987=VECTOR('',#3986,1.E0);
#3988=CARTESIAN_POINT('',(-6.2E1,5.088082430566E1,-2.474896147156E1));
#3989=LINE('',#3988,#3987);
#3990=DIRECTION('',(1.E0,-6.821210263297E-12,1.311661890213E-11));
#3991=VECTOR('',#3990,1.E0);
#3992=CARTESIAN_POINT('',(-6.3E1,5.908812548289E1,-2.344584659175E1));
#3993=LINE('',#3992,#3991);
#3994=DIRECTION('',(-1.E0,1.391242676618E-11,5.712763595511E-12));
#3995=VECTOR('',#3994,1.E0);
#3996=CARTESIAN_POINT('',(-6.2E1,5.793698222184E1,-2.656615693713E1));
#3997=LINE('',#3996,#3995);
#3998=CARTESIAN_POINT('',(-6.2E1,5.521049281298E1,-2.151134632405E1));
#3999=DIRECTION('',(1.E0,0.E0,0.E0));
#4000=DIRECTION('',(0.E0,0.E0,1.E0));
#4001=AXIS2_PLACEMENT_3D('',#3998,#3999,#4000);
#4003=DIRECTION('',(0.E0,-5.224985647161E-1,-8.526401643540E-1));
#4004=VECTOR('',#4003,5.022766292247E0);
#4005=CARTESIAN_POINT('',(-6.2E1,5.350521248427E1,-2.046634919463E1));
#4006=LINE('',#4005,#4004);
#4007=CARTESIAN_POINT('',(-6.2E1,5.258610463437E1,-2.579395860099E1));
#4008=DIRECTION('',(1.E0,0.E0,0.E0));
#4009=DIRECTION('',(0.E0,-8.526401643538E-1,5.224985647164E-1));
#4010=AXIS2_PLACEMENT_3D('',#4007,#4008,#4009);
#4012=CARTESIAN_POINT('',(-6.2E1,5.258610463437E1,-2.579395860099E1));
#4013=DIRECTION('',(1.E0,0.E0,0.E0));
#4014=DIRECTION('',(0.E0,0.E0,-1.E0));
#4015=AXIS2_PLACEMENT_3D('',#4012,#4013,#4014);
#4017=DIRECTION('',(0.E0,9.723699203976E-1,2.334453638561E-1));
#4018=VECTOR('',#4017,5.022766292228E0);
#4019=CARTESIAN_POINT('',(-6.2E1,5.305299536209E1,-2.773869844178E1));
#4020=LINE('',#4019,#4018);
#4021=CARTESIAN_POINT('',(-6.2E1,5.747009149414E1,-2.462141709633E1));
#4022=DIRECTION('',(1.E0,0.E0,0.E0));
#4023=DIRECTION('',(0.E0,2.334453638425E-1,-9.723699204009E-1));
#4024=AXIS2_PLACEMENT_3D('',#4021,#4022,#4023);
#4026=DIRECTION('',(0.E0,-5.877852522921E-1,8.090169943753E-1));
#4027=VECTOR('',#4026,3.844258889366E0);
#4028=CARTESIAN_POINT('',(-6.2E1,5.908812548289E1,-2.344584659174E1));
#4029=LINE('',#4028,#4027);
#4030=CARTESIAN_POINT('',(-6.2E1,5.521049281298E1,-2.151134632405E1));
#4031=DIRECTION('',(1.E0,0.E0,0.E0));
#4032=DIRECTION('',(0.E0,8.090169943709E-1,5.877852522981E-1));
#4033=AXIS2_PLACEMENT_3D('',#4030,#4031,#4032);
#4035=DIRECTION('',(0.E0,-1.E0,0.E0));
#4036=VECTOR('',#4035,2.E0);
#4037=CARTESIAN_POINT('',(-3.55E1,-5.8E1,-9.317157287525E1));
#4038=LINE('',#4037,#4036);
#4039=DIRECTION('',(1.E0,0.E0,0.E0));
#4040=VECTOR('',#4039,2.E1);
#4041=CARTESIAN_POINT('',(-3.55E1,-5.8E1,-9.317157287525E1));
#4042=LINE('',#4041,#4040);
#4043=DIRECTION('',(-1.E0,0.E0,0.E0));
#4044=VECTOR('',#4043,2.E1);
#4045=CARTESIAN_POINT('',(-1.55E1,-5.7E1,-9.217157287525E1));
#4046=LINE('',#4045,#4044);
#4047=CARTESIAN_POINT('',(-3.55E1,-5.8E1,-8.736624657331E1));
#4048=DIRECTION('',(1.E0,0.E0,0.E0));
#4049=DIRECTION('',(0.E0,1.E0,0.E0));
#4050=AXIS2_PLACEMENT_3D('',#4047,#4048,#4049);
#4052=CARTESIAN_POINT('',(-3.55E1,-9.367506770275E-13,-6.4E1));
#4053=DIRECTION('',(-1.E0,0.E0,0.E0));
#4054=DIRECTION('',(0.E0,-9.275570773121E-1,-3.736815065376E-1));
#4055=AXIS2_PLACEMENT_3D('',#4052,#4053,#4054);
#4057=CARTESIAN_POINT('',(-3.55E1,-6.E1,-8.160629089061E1));
#4058=DIRECTION('',(1.E0,0.E0,0.E0));
#4059=DIRECTION('',(0.E0,9.595418041272E-1,2.815662020419E-1));
#4060=AXIS2_PLACEMENT_3D('',#4057,#4058,#4059);
#4062=CARTESIAN_POINT('',(-3.55E1,-6.E1,-8.160629089061E1));
#4063=DIRECTION('',(1.E0,0.E0,0.E0));
#4064=DIRECTION('',(0.E0,0.E0,1.E0));
#4065=AXIS2_PLACEMENT_3D('',#4062,#4063,#4064);
#4067=CARTESIAN_POINT('',(-3.55E1,-6.E1,-9.217157287525E1));
#4068=DIRECTION('',(1.E0,0.E0,0.E0));
#4069=DIRECTION('',(0.E0,-1.E0,0.E0));
#4070=AXIS2_PLACEMENT_3D('',#4067,#4068,#4069);
#4072=CARTESIAN_POINT('',(-3.55E1,-5.8E1,-9.217157287525E1));
#4073=DIRECTION('',(1.E0,0.E0,0.E0));
#4074=DIRECTION('',(0.E0,0.E0,-1.E0));
#4075=AXIS2_PLACEMENT_3D('',#4072,#4073,#4074);
#4077=DIRECTION('',(0.E0,0.E0,-1.E0));
#4078=VECTOR('',#4077,4.805326301940E0);
#4079=CARTESIAN_POINT('',(-3.55E1,-5.7E1,-8.736624657331E1));
#4080=LINE('',#4079,#4078);
#4081=CARTESIAN_POINT('',(-2.95E1,-5.7E1,-9.017157287525E1));
#4082=DIRECTION('',(0.E0,1.E0,0.E0));
#4083=DIRECTION('',(0.E0,0.E0,-1.E0));
#4084=AXIS2_PLACEMENT_3D('',#4081,#4082,#4083);
#4086=CARTESIAN_POINT('',(-2.95E1,-5.7E1,-9.017157287525E1));
#4087=DIRECTION('',(0.E0,1.E0,0.E0));
#4088=DIRECTION('',(0.E0,0.E0,1.E0));
#4089=AXIS2_PLACEMENT_3D('',#4086,#4087,#4088);
#4091=CARTESIAN_POINT('',(-2.15E1,-5.7E1,-9.017157287525E1));
#4092=DIRECTION('',(0.E0,1.E0,0.E0));
#4093=DIRECTION('',(0.E0,0.E0,-1.E0));
#4094=AXIS2_PLACEMENT_3D('',#4091,#4092,#4093);
#4096=CARTESIAN_POINT('',(-2.15E1,-5.7E1,-9.017157287525E1));
#4097=DIRECTION('',(0.E0,1.E0,0.E0));
#4098=DIRECTION('',(0.E0,0.E0,1.E0));
#4099=AXIS2_PLACEMENT_3D('',#4096,#4097,#4098);
#4101=DIRECTION('',(1.E0,0.E0,0.E0));
#4102=VECTOR('',#4101,2.E1);
#4103=CARTESIAN_POINT('',(-3.55E1,-5.7E1,-8.736624657331E1));
#4104=LINE('',#4103,#4102);
#4105=DIRECTION('',(1.E0,2.984279490192E-14,-8.100187187665E-14));
#4106=VECTOR('',#4105,2.E1);
#4107=CARTESIAN_POINT('',(-3.55E1,-5.707244292270E1,-8.699256506673E1));
#4108=LINE('',#4107,#4106);
#4109=DIRECTION('',(-1.E0,1.811883976188E-14,-5.542233338929E-14));
#4110=VECTOR('',#4109,2.E1);
#4111=CARTESIAN_POINT('',(-1.55E1,-5.904045819588E1,-8.132472468854E1));
#4112=LINE('',#4111,#4110);
#4113=DIRECTION('',(-1.E0,0.E0,0.E0));
#4114=VECTOR('',#4113,2.E1);
#4115=CARTESIAN_POINT('',(-1.55E1,-6.1E1,-8.160629089061E1));
#4116=LINE('',#4115,#4114);
#4117=DIRECTION('',(0.E0,0.E0,1.E0));
#4118=VECTOR('',#4117,1.056528198464E1);
#4119=CARTESIAN_POINT('',(-3.55E1,-6.1E1,-9.217157287525E1));
#4120=LINE('',#4119,#4118);
#4121=CARTESIAN_POINT('',(-2.15E1,-6.1E1,-9.017157287525E1));
#4122=DIRECTION('',(0.E0,1.E0,0.E0));
#4123=DIRECTION('',(-2.030122102172E-14,0.E0,-1.E0));
#4124=AXIS2_PLACEMENT_3D('',#4121,#4122,#4123);
#4126=CARTESIAN_POINT('',(-2.15E1,-6.1E1,-9.017157287525E1));
#4127=DIRECTION('',(0.E0,1.E0,0.E0));
#4128=DIRECTION('',(0.E0,0.E0,1.E0));
#4129=AXIS2_PLACEMENT_3D('',#4126,#4127,#4128);
#4131=CARTESIAN_POINT('',(-2.95E1,-6.1E1,-9.017157287525E1));
#4132=DIRECTION('',(0.E0,1.E0,0.E0));
#4133=DIRECTION('',(-2.436146522606E-14,0.E0,-1.E0));
#4134=AXIS2_PLACEMENT_3D('',#4131,#4132,#4133);
#4136=CARTESIAN_POINT('',(-2.95E1,-6.1E1,-9.017157287525E1));
#4137=DIRECTION('',(0.E0,1.E0,0.E0));
#4138=DIRECTION('',(0.E0,0.E0,1.E0));
#4139=AXIS2_PLACEMENT_3D('',#4136,#4137,#4138);
#4141=DIRECTION('',(1.E0,0.E0,0.E0));
#4142=VECTOR('',#4141,2.E1);
#4143=CARTESIAN_POINT('',(-3.55E1,-6.1E1,-9.217157287525E1));
#4144=LINE('',#4143,#4142);
#4145=DIRECTION('',(-1.E0,0.E0,0.E0));
#4146=VECTOR('',#4145,2.E1);
#4147=CARTESIAN_POINT('',(-1.55E1,-6.E1,-9.317157287525E1));
#4148=LINE('',#4147,#4146);
#4149=DIRECTION('',(1.306506844605E-8,7.071067811866E-1,7.071067811865E-1));
#4150=VECTOR('',#4149,7.071067808639E-1);
#4151=CARTESIAN_POINT('',(-2.150000001990E1,-6.099999999951E1,
-9.192157287476E1));
#4152=LINE('',#4151,#4150);
#4153=DIRECTION('',(-1.306504332457E-8,7.071067811865E-1,-7.071067811866E-1));
#4154=VECTOR('',#4153,7.071067808639E-1);
#4155=CARTESIAN_POINT('',(-2.149999998010E1,-6.099999999951E1,
-8.842157287574E1));
#4156=LINE('',#4155,#4154);
#4157=CARTESIAN_POINT('',(-2.15E1,-6.05E1,-9.017157287525E1));
#4158=DIRECTION('',(0.E0,1.E0,0.E0));
#4159=DIRECTION('',(0.E0,0.E0,1.E0));
#4160=AXIS2_PLACEMENT_3D('',#4157,#4158,#4159);
#4162=DIRECTION('',(3.045621659861E-9,-1.E0,-7.522008413532E-11));
#4163=VECTOR('',#4162,3.499999999737E0);
#4164=CARTESIAN_POINT('',(-2.15E1,-5.7E1,-8.892157287525E1));
#4165=LINE('',#4164,#4163);
#4166=CARTESIAN_POINT('',(-2.15E1,-6.05E1,-9.017157287525E1));
#4167=DIRECTION('',(0.E0,1.E0,0.E0));
#4168=DIRECTION('',(0.E0,0.E0,-1.E0));
#4169=AXIS2_PLACEMENT_3D('',#4166,#4167,#4168);
#4171=DIRECTION('',(-3.045619629739E-9,-1.E0,7.521602389112E-11));
#4172=VECTOR('',#4171,3.499999999737E0);
#4173=CARTESIAN_POINT('',(-2.15E1,-5.7E1,-9.142157287525E1));
#4174=LINE('',#4173,#4172);
#4175=DIRECTION('',(1.306506844605E-8,7.071067811866E-1,7.071067811865E-1));
#4176=VECTOR('',#4175,7.071067808639E-1);
#4177=CARTESIAN_POINT('',(-2.950000001990E1,-6.099999999951E1,
-9.192157287476E1));
#4178=LINE('',#4177,#4176);
#4179=DIRECTION('',(-1.306504834887E-8,7.071067811865E-1,-7.071067811866E-1));
#4180=VECTOR('',#4179,7.071067808639E-1);
#4181=CARTESIAN_POINT('',(-2.949999998010E1,-6.099999999951E1,
-8.842157287574E1));
#4182=LINE('',#4181,#4180);
#4183=CARTESIAN_POINT('',(-2.95E1,-6.05E1,-9.017157287525E1));
#4184=DIRECTION('',(0.E0,1.E0,0.E0));
#4185=DIRECTION('',(0.E0,0.E0,1.E0));
#4186=AXIS2_PLACEMENT_3D('',#4183,#4184,#4185);
#4188=DIRECTION('',(3.045619629739E-9,-1.E0,-7.522008413532E-11));
#4189=VECTOR('',#4188,3.499999999737E0);
#4190=CARTESIAN_POINT('',(-2.95E1,-5.7E1,-8.892157287525E1));
#4191=LINE('',#4190,#4189);
#4192=CARTESIAN_POINT('',(-2.95E1,-6.05E1,-9.017157287525E1));
#4193=DIRECTION('',(0.E0,1.E0,0.E0));
#4194=DIRECTION('',(0.E0,0.E0,-1.E0));
#4195=AXIS2_PLACEMENT_3D('',#4192,#4193,#4194);
#4197=DIRECTION('',(-3.045618614678E-9,-1.E0,7.521602389112E-11));
#4198=VECTOR('',#4197,3.499999999737E0);
#4199=CARTESIAN_POINT('',(-2.95E1,-5.7E1,-9.142157287525E1));
#4200=LINE('',#4199,#4198);
#4201=DIRECTION('',(-1.E0,-1.492139745096E-14,-4.050093593833E-14));
#4202=VECTOR('',#4201,2.E1);
#4203=CARTESIAN_POINT('',(-1.55E1,5.707244292268E1,-8.699256506680E1));
#4204=LINE('',#4203,#4202);
#4205=DIRECTION('',(-1.E0,0.E0,0.E0));
#4206=VECTOR('',#4205,2.E1);
#4207=CARTESIAN_POINT('',(-1.55E1,5.7E1,-8.736624657331E1));
#4208=LINE('',#4207,#4206);
#4209=CARTESIAN_POINT('',(-3.55E1,2.949029909161E-13,-6.4E1));
#4210=DIRECTION('',(-1.E0,0.E0,0.E0));
#4211=DIRECTION('',(0.E0,9.595418041154E-1,-2.815662020822E-1));
#4212=AXIS2_PLACEMENT_3D('',#4209,#4210,#4211);
#4214=CARTESIAN_POINT('',(-3.55E1,5.8E1,-8.736624657331E1));
#4215=DIRECTION('',(1.E0,0.E0,0.E0));
#4216=DIRECTION('',(0.E0,-9.275570773445E-1,3.736815064572E-1));
#4217=AXIS2_PLACEMENT_3D('',#4214,#4215,#4216);
#4219=DIRECTION('',(0.E0,0.E0,-1.E0));
#4220=VECTOR('',#4219,4.805326301940E0);
#4221=CARTESIAN_POINT('',(-3.55E1,5.7E1,-8.736624657331E1));
#4222=LINE('',#4221,#4220);
#4223=CARTESIAN_POINT('',(-3.55E1,5.8E1,-9.217157287525E1));
#4224=DIRECTION('',(1.E0,0.E0,0.E0));
#4225=DIRECTION('',(0.E0,-1.E0,0.E0));
#4226=AXIS2_PLACEMENT_3D('',#4223,#4224,#4225);
#4228=DIRECTION('',(0.E0,1.E0,0.E0));
#4229=VECTOR('',#4228,2.E0);
#4230=CARTESIAN_POINT('',(-3.55E1,5.8E1,-9.317157287525E1));
#4231=LINE('',#4230,#4229);
#4232=CARTESIAN_POINT('',(-3.55E1,6.E1,-9.217157287525E1));
#4233=DIRECTION('',(1.E0,0.E0,0.E0));
#4234=DIRECTION('',(0.E0,0.E0,-1.E0));
#4235=AXIS2_PLACEMENT_3D('',#4232,#4233,#4234);
#4237=DIRECTION('',(0.E0,0.E0,1.E0));
#4238=VECTOR('',#4237,1.056528198464E1);
#4239=CARTESIAN_POINT('',(-3.55E1,6.1E1,-9.217157287525E1));
#4240=LINE('',#4239,#4238);
#4241=CARTESIAN_POINT('',(-3.55E1,6.E1,-8.160629089061E1));
#4242=DIRECTION('',(1.E0,0.E0,0.E0));
#4243=DIRECTION('',(0.E0,1.E0,0.E0));
#4244=AXIS2_PLACEMENT_3D('',#4241,#4242,#4243);
#4246=CARTESIAN_POINT('',(-3.55E1,6.E1,-8.160629089061E1));
#4247=DIRECTION('',(1.E0,0.E0,0.E0));
#4248=DIRECTION('',(0.E0,0.E0,1.E0));
#4249=AXIS2_PLACEMENT_3D('',#4246,#4247,#4248);
#4251=DIRECTION('',(0.E0,0.E0,-1.E0));
#4252=VECTOR('',#4251,4.805326301940E0);
#4253=CARTESIAN_POINT('',(-1.55E1,5.7E1,-8.736624657331E1));
#4254=LINE('',#4253,#4252);
#4255=CARTESIAN_POINT('',(-2.95E1,5.7E1,-9.017157287525E1));
#4256=DIRECTION('',(0.E0,-1.E0,0.E0));
#4257=DIRECTION('',(0.E0,0.E0,-1.E0));
#4258=AXIS2_PLACEMENT_3D('',#4255,#4256,#4257);
#4260=CARTESIAN_POINT('',(-2.95E1,5.7E1,-9.017157287525E1));
#4261=DIRECTION('',(0.E0,-1.E0,0.E0));
#4262=DIRECTION('',(0.E0,0.E0,1.E0));
#4263=AXIS2_PLACEMENT_3D('',#4260,#4261,#4262);
#4265=CARTESIAN_POINT('',(-2.15E1,5.7E1,-9.017157287525E1));
#4266=DIRECTION('',(0.E0,-1.E0,0.E0));
#4267=DIRECTION('',(0.E0,0.E0,-1.E0));
#4268=AXIS2_PLACEMENT_3D('',#4265,#4266,#4267);
#4270=CARTESIAN_POINT('',(-2.15E1,5.7E1,-9.017157287525E1));
#4271=DIRECTION('',(0.E0,-1.E0,0.E0));
#4272=DIRECTION('',(0.E0,0.E0,1.E0));
#4273=AXIS2_PLACEMENT_3D('',#4270,#4271,#4272);
#4275=DIRECTION('',(1.E0,0.E0,0.E0));
#4276=VECTOR('',#4275,2.E1);
#4277=CARTESIAN_POINT('',(-3.55E1,5.7E1,-9.217157287525E1));
#4278=LINE('',#4277,#4276);
#4279=DIRECTION('',(-1.E0,0.E0,0.E0));
#4280=VECTOR('',#4279,2.E1);
#4281=CARTESIAN_POINT('',(-1.55E1,5.8E1,-9.317157287525E1));
#4282=LINE('',#4281,#4280);
#4283=DIRECTION('',(0.E0,1.E0,0.E0));
#4284=VECTOR('',#4283,2.E0);
#4285=CARTESIAN_POINT('',(-1.55E1,5.8E1,-9.317157287525E1));
#4286=LINE('',#4285,#4284);
#4287=DIRECTION('',(1.E0,0.E0,0.E0));
#4288=VECTOR('',#4287,2.E1);
#4289=CARTESIAN_POINT('',(-3.55E1,6.E1,-9.317157287525E1));
#4290=LINE('',#4289,#4288);
#4291=DIRECTION('',(-1.E0,0.E0,0.E0));
#4292=VECTOR('',#4291,2.E1);
#4293=CARTESIAN_POINT('',(-1.55E1,6.1E1,-9.217157287525E1));
#4294=LINE('',#4293,#4292);
#4295=DIRECTION('',(0.E0,0.E0,1.E0));
#4296=VECTOR('',#4295,1.056528198464E1);
#4297=CARTESIAN_POINT('',(-1.55E1,6.1E1,-9.217157287525E1));
#4298=LINE('',#4297,#4296);
#4299=CARTESIAN_POINT('',(-2.15E1,6.1E1,-9.017157287525E1));
#4300=DIRECTION('',(0.E0,-1.E0,0.E0));
#4301=DIRECTION('',(-2.436146522606E-14,0.E0,-1.E0));
#4302=AXIS2_PLACEMENT_3D('',#4299,#4300,#4301);
#4304=CARTESIAN_POINT('',(-2.15E1,6.1E1,-9.017157287525E1));
#4305=DIRECTION('',(0.E0,-1.E0,0.E0));
#4306=DIRECTION('',(0.E0,0.E0,1.E0));
#4307=AXIS2_PLACEMENT_3D('',#4304,#4305,#4306);
#4309=CARTESIAN_POINT('',(-2.95E1,6.1E1,-9.017157287525E1));
#4310=DIRECTION('',(0.E0,-1.E0,0.E0));
#4311=DIRECTION('',(0.E0,0.E0,1.E0));
#4312=AXIS2_PLACEMENT_3D('',#4309,#4310,#4311);
#4314=CARTESIAN_POINT('',(-2.95E1,6.1E1,-9.017157287525E1));
#4315=DIRECTION('',(0.E0,-1.E0,0.E0));
#4316=DIRECTION('',(-2.030122102172E-14,0.E0,-1.E0));
#4317=AXIS2_PLACEMENT_3D('',#4314,#4315,#4316);
#4319=DIRECTION('',(-1.E0,2.486899575160E-14,7.460698725481E-14));
#4320=VECTOR('',#4319,2.E1);
#4321=CARTESIAN_POINT('',(-1.55E1,5.904045819589E1,-8.132472468852E1));
#4322=LINE('',#4321,#4320);
#4323=DIRECTION('',(1.E0,0.E0,0.E0));
#4324=VECTOR('',#4323,2.E1);
#4325=CARTESIAN_POINT('',(-3.55E1,6.1E1,-8.160629089061E1));
#4326=LINE('',#4325,#4324);
#4327=DIRECTION('',(1.306506844605E-8,-7.071067811866E-1,7.071067811865E-1));
#4328=VECTOR('',#4327,7.071067808639E-1);
#4329=CARTESIAN_POINT('',(-2.150000001990E1,6.099999999951E1,
-9.192157287476E1));
#4330=LINE('',#4329,#4328);
#4331=DIRECTION('',(-1.306504332457E-8,-7.071067811865E-1,-7.071067811866E-1));
#4332=VECTOR('',#4331,7.071067808639E-1);
#4333=CARTESIAN_POINT('',(-2.149999998010E1,6.099999999951E1,
-8.842157287574E1));
#4334=LINE('',#4333,#4332);
#4335=CARTESIAN_POINT('',(-2.15E1,6.05E1,-9.017157287525E1));
#4336=DIRECTION('',(0.E0,-1.E0,0.E0));
#4337=DIRECTION('',(0.E0,0.E0,1.E0));
#4338=AXIS2_PLACEMENT_3D('',#4335,#4336,#4337);
#4340=DIRECTION('',(3.045619629739E-9,-1.E0,-7.521602389112E-11));
#4341=VECTOR('',#4340,3.499999999737E0);
#4342=CARTESIAN_POINT('',(-2.150000001066E1,6.049999999974E1,
-9.142157287499E1));
#4343=LINE('',#4342,#4341);
#4344=CARTESIAN_POINT('',(-2.15E1,6.05E1,-9.017157287525E1));
#4345=DIRECTION('',(0.E0,-1.E0,0.E0));
#4346=DIRECTION('',(0.E0,0.E0,-1.E0));
#4347=AXIS2_PLACEMENT_3D('',#4344,#4345,#4346);
#4349=DIRECTION('',(-3.045620644800E-9,-1.E0,7.521196364691E-11));
#4350=VECTOR('',#4349,3.499999999737E0);
#4351=CARTESIAN_POINT('',(-2.149999998934E1,6.049999999974E1,
-8.892157287551E1));
#4352=LINE('',#4351,#4350);
#4353=DIRECTION('',(-1.306504332457E-8,-7.071067811865E-1,-7.071067811866E-1));
#4354=VECTOR('',#4353,7.071067808639E-1);
#4355=CARTESIAN_POINT('',(-2.949999998010E1,6.099999999951E1,
-8.842157287574E1));
#4356=LINE('',#4355,#4354);
#4357=DIRECTION('',(1.306505839746E-8,-7.071067811866E-1,7.071067811865E-1));
#4358=VECTOR('',#4357,7.071067808639E-1);
#4359=CARTESIAN_POINT('',(-2.950000001990E1,6.099999999951E1,
-9.192157287476E1));
#4360=LINE('',#4359,#4358);
#4361=CARTESIAN_POINT('',(-2.95E1,6.05E1,-9.017157287525E1));
#4362=DIRECTION('',(0.E0,-1.E0,0.E0));
#4363=DIRECTION('',(0.E0,0.E0,-1.E0));
#4364=AXIS2_PLACEMENT_3D('',#4361,#4362,#4363);
#4366=DIRECTION('',(-3.045619629739E-9,-1.E0,7.521196364692E-11));
#4367=VECTOR('',#4366,3.499999999737E0);
#4368=CARTESIAN_POINT('',(-2.949999998934E1,6.049999999974E1,
-8.892157287551E1));
#4369=LINE('',#4368,#4367);
#4370=CARTESIAN_POINT('',(-2.95E1,6.05E1,-9.017157287525E1));
#4371=DIRECTION('',(0.E0,-1.E0,0.E0));
#4372=DIRECTION('',(0.E0,0.E0,1.E0));
#4373=AXIS2_PLACEMENT_3D('',#4370,#4371,#4372);
#4375=DIRECTION('',(3.045619629739E-9,-1.E0,-7.521602389112E-11));
#4376=VECTOR('',#4375,3.499999999737E0);
#4377=CARTESIAN_POINT('',(-2.950000001066E1,6.049999999974E1,
-9.142157287499E1));
#4378=LINE('',#4377,#4376);
#4379=DIRECTION('',(-1.E0,8.384404281969E-14,-2.842170943040E-14));
#4380=VECTOR('',#4379,2.E1);
#4381=CARTESIAN_POINT('',(-1.55E1,-1.862252655418E1,-1.230463075899E2));
#4382=LINE('',#4381,#4380);
#4383=DIRECTION('',(1.E0,0.E0,0.E0));
#4384=VECTOR('',#4383,2.E1);
#4385=CARTESIAN_POINT('',(-3.55E1,-1.892331017564E1,-1.25E2));
#4386=LINE('',#4385,#4384);
#4387=DIRECTION('',(-1.E0,3.641955181877E-9,-1.465348020702E-9));
#4388=VECTOR('',#4387,2.E1);
#4389=CARTESIAN_POINT('',(-1.55E1,-2.398793455712E1,-1.210774927018E2));
#4390=LINE('',#4389,#4388);
#4391=DIRECTION('',(-1.E0,0.E0,0.E0));
#4392=VECTOR('',#4391,2.E1);
#4393=CARTESIAN_POINT('',(-1.55E1,-2.437399573323E1,-1.21E2));
#4394=LINE('',#4393,#4392);
#4395=CARTESIAN_POINT('',(-3.55E1,3.653327640407E-12,-6.399999999999E1));
#4396=DIRECTION('',(-1.E0,0.E0,0.E0));
#4397=DIRECTION('',(0.E0,-3.007836214703E-1,-9.536924100858E-1));
#4398=AXIS2_PLACEMENT_3D('',#4395,#4396,#4397);
#4400=CARTESIAN_POINT('',(-3.55E1,-2.437399573323E1,-1.22E2));
#4401=DIRECTION('',(1.E0,0.E0,0.E0));
#4402=DIRECTION('',(0.E0,3.871920733976E-1,9.219990771677E-1));
#4403=AXIS2_PLACEMENT_3D('',#4400,#4401,#4402);
#4405=CARTESIAN_POINT('',(-3.55E1,-2.917157287525E1,-1.22E2));
#4406=DIRECTION('',(1.E0,0.E0,0.E0));
#4407=DIRECTION('',(0.E0,0.E0,1.E0));
#4408=AXIS2_PLACEMENT_3D('',#4405,#4406,#4407);
#4410=CARTESIAN_POINT('',(-3.55E1,-2.917157287525E1,-1.24E2));
#4411=DIRECTION('',(1.E0,0.E0,0.E0));
#4412=DIRECTION('',(0.E0,-1.E0,0.E0));
#4413=AXIS2_PLACEMENT_3D('',#4410,#4411,#4412);
#4415=CARTESIAN_POINT('',(-3.55E1,-1.892331017564E1,-1.24E2));
#4416=DIRECTION('',(1.E0,0.E0,0.E0));
#4417=DIRECTION('',(0.E0,0.E0,-1.E0));
#4418=AXIS2_PLACEMENT_3D('',#4415,#4416,#4417);
#4420=DIRECTION('',(0.E0,1.E0,0.E0));
#4421=VECTOR('',#4420,4.797577142020E0);
#4422=CARTESIAN_POINT('',(-3.55E1,-2.917157287525E1,-1.21E2));
#4423=LINE('',#4422,#4421);
#4424=CARTESIAN_POINT('',(-2.95E1,-2.717157287525E1,-1.21E2));
#4425=DIRECTION('',(0.E0,0.E0,1.E0));
#4426=DIRECTION('',(1.E0,0.E0,0.E0));
#4427=AXIS2_PLACEMENT_3D('',#4424,#4425,#4426);
#4429=CARTESIAN_POINT('',(-2.95E1,-2.717157287525E1,-1.21E2));
#4430=DIRECTION('',(0.E0,0.E0,1.E0));
#4431=DIRECTION('',(-1.E0,0.E0,0.E0));
#4432=AXIS2_PLACEMENT_3D('',#4429,#4430,#4431);
#4434=CARTESIAN_POINT('',(-2.15E1,-2.717157287525E1,-1.21E2));
#4435=DIRECTION('',(0.E0,0.E0,1.E0));
#4436=DIRECTION('',(1.E0,0.E0,0.E0));
#4437=AXIS2_PLACEMENT_3D('',#4434,#4435,#4436);
#4439=CARTESIAN_POINT('',(-2.15E1,-2.717157287525E1,-1.21E2));
#4440=DIRECTION('',(0.E0,0.E0,1.E0));
#4441=DIRECTION('',(-1.E0,0.E0,0.E0));
#4442=AXIS2_PLACEMENT_3D('',#4439,#4440,#4441);
#4444=DIRECTION('',(1.E0,0.E0,0.E0));
#4445=VECTOR('',#4444,2.E1);
#4446=CARTESIAN_POINT('',(-3.55E1,-2.917157287525E1,-1.21E2));
#4447=LINE('',#4446,#4445);
#4448=DIRECTION('',(-1.E0,0.E0,0.E0));
#4449=VECTOR('',#4448,2.E1);
#4450=CARTESIAN_POINT('',(-1.55E1,-3.017157287525E1,-1.22E2));
#4451=LINE('',#4450,#4449);
#4452=DIRECTION('',(0.E0,0.E0,1.E0));
#4453=VECTOR('',#4452,2.E0);
#4454=CARTESIAN_POINT('',(-3.55E1,-3.017157287525E1,-1.24E2));
#4455=LINE('',#4454,#4453);
#4456=DIRECTION('',(1.E0,0.E0,0.E0));
#4457=VECTOR('',#4456,2.E1);
#4458=CARTESIAN_POINT('',(-3.55E1,-3.017157287525E1,-1.24E2));
#4459=LINE('',#4458,#4457);
#4460=DIRECTION('',(-1.E0,0.E0,0.E0));
#4461=VECTOR('',#4460,2.E1);
#4462=CARTESIAN_POINT('',(-1.55E1,-2.917157287525E1,-1.25E2));
#4463=LINE('',#4462,#4461);
#4464=DIRECTION('',(0.E0,-1.E0,0.E0));
#4465=VECTOR('',#4464,1.024826269961E1);
#4466=CARTESIAN_POINT('',(-3.55E1,-1.892331017564E1,-1.25E2));
#4467=LINE('',#4466,#4465);
#4468=CARTESIAN_POINT('',(-2.15E1,-2.717157287525E1,-1.25E2));
#4469=DIRECTION('',(0.E0,0.E0,1.E0));
#4470=DIRECTION('',(-1.E0,0.E0,0.E0));
#4471=AXIS2_PLACEMENT_3D('',#4468,#4469,#4470);
#4473=CARTESIAN_POINT('',(-2.15E1,-2.717157287525E1,-1.25E2));
#4474=DIRECTION('',(0.E0,0.E0,1.E0));
#4475=DIRECTION('',(1.E0,0.E0,0.E0));
#4476=AXIS2_PLACEMENT_3D('',#4473,#4474,#4475);
#4478=CARTESIAN_POINT('',(-2.95E1,-2.717157287525E1,-1.25E2));
#4479=DIRECTION('',(0.E0,0.E0,1.E0));
#4480=DIRECTION('',(-1.E0,0.E0,0.E0));
#4481=AXIS2_PLACEMENT_3D('',#4478,#4479,#4480);
#4483=CARTESIAN_POINT('',(-2.95E1,-2.717157287525E1,-1.25E2));
#4484=DIRECTION('',(0.E0,0.E0,1.E0));
#4485=DIRECTION('',(1.E0,0.E0,0.E0));
#4486=AXIS2_PLACEMENT_3D('',#4483,#4484,#4485);
#4488=DIRECTION('',(7.071067811865E-1,1.306504834887E-8,7.071067811866E-1));
#4489=VECTOR('',#4488,7.071067808639E-1);
#4490=CARTESIAN_POINT('',(-2.324999999951E1,-2.717157289515E1,
-1.249999999995E2));
#4491=LINE('',#4490,#4489);
#4492=DIRECTION('',(-7.071067811865E-1,-1.306505839746E-8,7.071067811866E-1));
#4493=VECTOR('',#4492,7.071067808639E-1);
#4494=CARTESIAN_POINT('',(-1.975000000049E1,-2.717157285535E1,
-1.249999999995E2));
#4495=LINE('',#4494,#4493);
#4496=CARTESIAN_POINT('',(-2.15E1,-2.717157287525E1,-1.245E2));
#4497=DIRECTION('',(0.E0,0.E0,1.E0));
#4498=DIRECTION('',(1.E0,0.E0,0.E0));
#4499=AXIS2_PLACEMENT_3D('',#4496,#4497,#4498);
#4501=DIRECTION('',(-7.521703895217E-11,3.045618614678E-9,-1.E0));
#4502=VECTOR('',#4501,3.499999999737E0);
#4503=CARTESIAN_POINT('',(-2.025E1,-2.717157287525E1,-1.21E2));
#4504=LINE('',#4503,#4502);
#4505=CARTESIAN_POINT('',(-2.15E1,-2.717157287525E1,-1.245E2));
#4506=DIRECTION('',(0.E0,0.E0,1.E0));
#4507=DIRECTION('',(-1.E0,0.E0,0.E0));
#4508=AXIS2_PLACEMENT_3D('',#4505,#4506,#4507);
#4510=DIRECTION('',(7.521602389112E-11,-3.045619629739E-9,-1.E0));
#4511=VECTOR('',#4510,3.499999999737E0);
#4512=CARTESIAN_POINT('',(-2.275E1,-2.717157287525E1,-1.21E2));
#4513=LINE('',#4512,#4511);
#4514=DIRECTION('',(7.071067811865E-1,1.306504332457E-8,7.071067811866E-1));
#4515=VECTOR('',#4514,7.071067808639E-1);
#4516=CARTESIAN_POINT('',(-3.124999999951E1,-2.717157289515E1,
-1.249999999995E2));
#4517=LINE('',#4516,#4515);
#4518=DIRECTION('',(-7.071067811866E-1,-1.306505337316E-8,7.071067811865E-1));
#4519=VECTOR('',#4518,7.071067808639E-1);
#4520=CARTESIAN_POINT('',(-2.775000000049E1,-2.717157285535E1,
-1.249999999995E2));
#4521=LINE('',#4520,#4519);
#4522=CARTESIAN_POINT('',(-2.95E1,-2.717157287525E1,-1.245E2));
#4523=DIRECTION('',(0.E0,0.E0,1.E0));
#4524=DIRECTION('',(1.E0,0.E0,0.E0));
#4525=AXIS2_PLACEMENT_3D('',#4522,#4523,#4524);
#4527=DIRECTION('',(-7.521703895217E-11,3.045618614678E-9,-1.E0));
#4528=VECTOR('',#4527,3.499999999737E0);
#4529=CARTESIAN_POINT('',(-2.825E1,-2.717157287525E1,-1.21E2));
#4530=LINE('',#4529,#4528);
#4531=CARTESIAN_POINT('',(-2.95E1,-2.717157287525E1,-1.245E2));
#4532=DIRECTION('',(0.E0,0.E0,1.E0));
#4533=DIRECTION('',(-1.E0,0.E0,0.E0));
#4534=AXIS2_PLACEMENT_3D('',#4531,#4532,#4533);
#4536=DIRECTION('',(7.521602389112E-11,-3.045619629739E-9,-1.E0));
#4537=VECTOR('',#4536,3.499999999737E0);
#4538=CARTESIAN_POINT('',(-3.075E1,-2.717157287525E1,-1.21E2));
#4539=LINE('',#4538,#4537);
#4540=CARTESIAN_POINT('',(-6.3E1,-6.1E1,-6.4E1));
#4541=CARTESIAN_POINT('',(-1.55E1,-6.1E1,-6.4E1));
#4542=VERTEX_POINT('',#4540);
#4543=VERTEX_POINT('',#4541);
#4544=CARTESIAN_POINT('',(-1.55E1,0.E0,-3.E0));
#4545=VERTEX_POINT('',#4544);
#4546=CARTESIAN_POINT('',(-1.55E1,6.1E1,-6.4E1));
#4547=VERTEX_POINT('',#4546);
#4548=CARTESIAN_POINT('',(-6.3E1,6.1E1,-6.4E1));
#4549=VERTEX_POINT('',#4548);
#4550=CARTESIAN_POINT('',(-6.3E1,0.E0,-3.E0));
#4551=VERTEX_POINT('',#4550);
#4552=VERTEX_POINT('',#3787);
#4553=VERTEX_POINT('',#3809);
#4554=VERTEX_POINT('',#33);
#4555=VERTEX_POINT('',#55);
#4556=VERTEX_POINT('',#3837);
#4557=VERTEX_POINT('',#3859);
#4558=VERTEX_POINT('',#81);
#4559=VERTEX_POINT('',#103);
#4560=CARTESIAN_POINT('',(-1.55E1,-6.1E1,-7.3E1));
#4561=VERTEX_POINT('',#4560);
#4562=CARTESIAN_POINT('',(-6.3E1,-6.1E1,-7.3E1));
#4563=VERTEX_POINT('',#4562);
#4564=CARTESIAN_POINT('',(-1.55E1,-6.3E1,-7.3E1));
#4565=VERTEX_POINT('',#4564);
#4566=CARTESIAN_POINT('',(-1.55E1,-6.3E1,-9.402943725152E1));
#4567=VERTEX_POINT('',#4566);
#4568=CARTESIAN_POINT('',(-1.55E1,-5.948528137443E1,-1.025147186256E2));
#4569=VERTEX_POINT('',#4568);
#4570=CARTESIAN_POINT('',(-1.55E1,-3.851471862571E1,-1.234852813743E2));
#4571=VERTEX_POINT('',#4570);
#4572=CARTESIAN_POINT('',(-1.55E1,-3.002943725152E1,-1.27E2));
#4573=VERTEX_POINT('',#4572);
#4574=CARTESIAN_POINT('',(-1.55E1,3.002943725152E1,-1.27E2));
#4575=VERTEX_POINT('',#4574);
#4576=CARTESIAN_POINT('',(-1.55E1,3.851471862598E1,-1.234852813740E2));
#4577=VERTEX_POINT('',#4576);
#4578=CARTESIAN_POINT('',(-1.55E1,5.948528137415E1,-1.025147186259E2));
#4579=VERTEX_POINT('',#4578);
#4580=CARTESIAN_POINT('',(-1.55E1,6.3E1,-9.402943725152E1));
#4581=VERTEX_POINT('',#4580);
#4582=CARTESIAN_POINT('',(-1.55E1,6.3E1,-7.3E1));
#4583=VERTEX_POINT('',#4582);
#4584=CARTESIAN_POINT('',(-1.55E1,6.1E1,-7.3E1));
#4585=VERTEX_POINT('',#4584);
#4586=CARTESIAN_POINT('',(-1.55E1,2.132147386608E1,-1.081179640530E2));
#4587=CARTESIAN_POINT('',(-1.55E1,2.173822559279E1,-1.090272089750E2));
#4588=VERTEX_POINT('',#4586);
#4589=VERTEX_POINT('',#4587);
#4590=CARTESIAN_POINT('',(-1.55E1,3.433439300687E1,-1.003476196862E2));
#4591=VERTEX_POINT('',#4590);
#4592=CARTESIAN_POINT('',(-1.55E1,3.776783230765E1,-9.898238165470E1));
#4593=VERTEX_POINT('',#4592);
#4594=CARTESIAN_POINT('',(-1.55E1,4.107933070311E1,-1.002361864680E2));
#4595=VERTEX_POINT('',#4594);
#4596=CARTESIAN_POINT('',(-1.55E1,4.732388216048E1,-1.057561396733E2));
#4597=VERTEX_POINT('',#4596);
#4598=CARTESIAN_POINT('',(-1.55E1,4.754791767165E1,-1.130378687660E2));
#4599=VERTEX_POINT('',#4598);
#4600=CARTESIAN_POINT('',(-1.55E1,3.905025253165E1,-1.215355339059E2));
#4601=VERTEX_POINT('',#4600);
#4602=CARTESIAN_POINT('',(-1.55E1,3.551471862576E1,-1.23E2));
#4603=VERTEX_POINT('',#4602);
#4604=CARTESIAN_POINT('',(-1.55E1,-1.6E1,-1.23E2));
#4605=VERTEX_POINT('',#4604);
#4606=CARTESIAN_POINT('',(-1.55E1,-2.1E1,-1.18E2));
#4607=VERTEX_POINT('',#4606);
#4608=CARTESIAN_POINT('',(-1.55E1,-2.1E1,-1.082718872424E2));
#4609=VERTEX_POINT('',#4608);
#4610=CARTESIAN_POINT('',(-1.55E1,0.E0,-1.5E1));
#4611=VERTEX_POINT('',#4610);
#4612=CARTESIAN_POINT('',(-1.55E1,-5.8E1,-9.317157287525E1));
#4613=CARTESIAN_POINT('',(-1.55E1,-6.E1,-9.317157287525E1));
#4614=VERTEX_POINT('',#4612);
#4615=VERTEX_POINT('',#4613);
#4616=CARTESIAN_POINT('',(-1.55E1,-6.1E1,-9.217157287525E1));
#4617=VERTEX_POINT('',#4616);
#4618=CARTESIAN_POINT('',(-1.55E1,-6.1E1,-8.160629089061E1));
#4619=VERTEX_POINT('',#4618);
#4620=CARTESIAN_POINT('',(-1.55E1,-6.E1,-8.060629089061E1));
#4621=VERTEX_POINT('',#4620);
#4622=CARTESIAN_POINT('',(-1.55E1,-5.904045819587E1,-8.132472468856E1));
#4623=VERTEX_POINT('',#4622);
#4624=CARTESIAN_POINT('',(-1.55E1,-5.707244292272E1,-8.699256506667E1));
#4625=VERTEX_POINT('',#4624);
#4626=CARTESIAN_POINT('',(-1.55E1,-5.7E1,-8.736624657331E1));
#4627=VERTEX_POINT('',#4626);
#4628=CARTESIAN_POINT('',(-1.55E1,-5.7E1,-9.217157287525E1));
#4629=VERTEX_POINT('',#4628);
#4630=CARTESIAN_POINT('',(-1.55E1,5.707244292266E1,-8.699256506685E1));
#4631=CARTESIAN_POINT('',(-1.55E1,5.904045819589E1,-8.132472468851E1));
#4632=VERTEX_POINT('',#4630);
#4633=VERTEX_POINT('',#4631);
#4634=CARTESIAN_POINT('',(-1.55E1,6.E1,-8.060629089061E1));
#4635=VERTEX_POINT('',#4634);
#4636=CARTESIAN_POINT('',(-1.55E1,6.1E1,-8.160629089061E1));
#4637=VERTEX_POINT('',#4636);
#4638=CARTESIAN_POINT('',(-1.55E1,6.1E1,-9.217157287525E1));
#4639=VERTEX_POINT('',#4638);
#4640=CARTESIAN_POINT('',(-1.55E1,6.E1,-9.317157287525E1));
#4641=VERTEX_POINT('',#4640);
#4642=CARTESIAN_POINT('',(-1.55E1,5.8E1,-9.317157287525E1));
#4643=VERTEX_POINT('',#4642);
#4644=CARTESIAN_POINT('',(-1.55E1,5.7E1,-9.217157287525E1));
#4645=VERTEX_POINT('',#4644);
#4646=CARTESIAN_POINT('',(-1.55E1,5.7E1,-8.736624657331E1));
#4647=VERTEX_POINT('',#4646);
#4648=CARTESIAN_POINT('',(-1.55E1,5.3E1,-6.185E1));
#4649=CARTESIAN_POINT('',(-1.55E1,5.3E1,-6.615E1));
#4650=VERTEX_POINT('',#4648);
#4651=VERTEX_POINT('',#4649);
#4652=CARTESIAN_POINT('',(-1.55E1,-5.3E1,-6.185E1));
#4653=CARTESIAN_POINT('',(-1.55E1,-5.3E1,-6.615E1));
#4654=VERTEX_POINT('',#4652);
#4655=VERTEX_POINT('',#4653);
#4656=CARTESIAN_POINT('',(-1.55E1,-1.637790070187E1,-1.144400463636E1));
#4657=CARTESIAN_POINT('',(-1.55E1,-1.637790070187E1,-1.574400463636E1));
#4658=VERTEX_POINT('',#4656);
#4659=VERTEX_POINT('',#4657);
#4660=CARTESIAN_POINT('',(-1.55E1,1.637790070187E1,-1.144400463636E1));
#4661=CARTESIAN_POINT('',(-1.55E1,1.637790070187E1,-1.574400463636E1));
#4662=VERTEX_POINT('',#4660);
#4663=VERTEX_POINT('',#4661);
#4664=CARTESIAN_POINT('',(-1.55E1,-4.287790070187E1,-3.069738162850E1));
#4665=CARTESIAN_POINT('',(-1.55E1,-4.287790070187E1,-3.499738162850E1));
#4666=VERTEX_POINT('',#4664);
#4667=VERTEX_POINT('',#4665);
#4668=CARTESIAN_POINT('',(-1.55E1,4.287790070187E1,-3.069738162850E1));
#4669=CARTESIAN_POINT('',(-1.55E1,4.287790070187E1,-3.499738162850E1));
#4670=VERTEX_POINT('',#4668);
#4671=VERTEX_POINT('',#4669);
#4672=CARTESIAN_POINT('',(-1.55E1,-4.287790070187E1,-9.300261837150E1));
#4673=CARTESIAN_POINT('',(-1.55E1,-4.287790070187E1,-9.730261837150E1));
#4674=VERTEX_POINT('',#4672);
#4675=VERTEX_POINT('',#4673);
#4676=CARTESIAN_POINT('',(-1.55E1,4.287790070187E1,-9.300261837150E1));
#4677=CARTESIAN_POINT('',(-1.55E1,4.287790070187E1,-9.730261837150E1));
#4678=VERTEX_POINT('',#4676);
#4679=VERTEX_POINT('',#4677);
#4680=CARTESIAN_POINT('',(-1.55E1,-1.862252655418E1,-1.230463075899E2));
#4681=CARTESIAN_POINT('',(-1.55E1,-1.892331017564E1,-1.25E2));
#4682=VERTEX_POINT('',#4680);
#4683=VERTEX_POINT('',#4681);
#4684=CARTESIAN_POINT('',(-1.55E1,-2.917157287525E1,-1.25E2));
#4685=VERTEX_POINT('',#4684);
#4686=CARTESIAN_POINT('',(-1.55E1,-3.017157287525E1,-1.24E2));
#4687=VERTEX_POINT('',#4686);
#4688=CARTESIAN_POINT('',(-1.55E1,-3.017157287525E1,-1.22E2));
#4689=VERTEX_POINT('',#4688);
#4690=CARTESIAN_POINT('',(-1.55E1,-2.917157287525E1,-1.21E2));
#4691=VERTEX_POINT('',#4690);
#4692=CARTESIAN_POINT('',(-1.55E1,-2.437399573323E1,-1.21E2));
#4693=VERTEX_POINT('',#4692);
#4694=CARTESIAN_POINT('',(-1.55E1,-2.398680387696E1,-1.210780008317E2));
#4695=VERTEX_POINT('',#4694);
#4696=CARTESIAN_POINT('',(0.E0,-4.287790070187E1,-2.872238162850E1));
#4697=CARTESIAN_POINT('',(0.E0,-4.287790083957E1,-3.697238162850E1));
#4698=VERTEX_POINT('',#4696);
#4699=VERTEX_POINT('',#4697);
#4700=CARTESIAN_POINT('',(0.E0,-4.020362126061E1,-3.598805901882E1));
#4701=VERTEX_POINT('',#4700);
#4702=CARTESIAN_POINT('',(4.973799150321E-14,-4.899041863208E1,
-6.303104063347E1));
#4703=VERTEX_POINT('',#4702);
#4704=CARTESIAN_POINT('',(0.E0,-5.3E1,-5.9875E1));
#4705=VERTEX_POINT('',#4704);
#4706=CARTESIAN_POINT('',(0.E0,-5.299999996917E1,-6.8125E1));
#4707=VERTEX_POINT('',#4706);
#4708=CARTESIAN_POINT('',(0.E0,-4.899041863208E1,-6.496895936653E1));
#4709=VERTEX_POINT('',#4708);
#4710=CARTESIAN_POINT('',(4.973799150321E-14,-4.020362126061E1,
-9.201194098118E1));
#4711=VERTEX_POINT('',#4710);
#4712=CARTESIAN_POINT('',(0.E0,-4.287790070187E1,-9.102761837150E1));
#4713=VERTEX_POINT('',#4712);
#4714=CARTESIAN_POINT('',(0.E0,-4.287790049598E1,-9.927761837150E1));
#4715=VERTEX_POINT('',#4714);
#4716=CARTESIAN_POINT('',(0.E0,-3.906454120917E1,-9.357975016996E1));
#4717=VERTEX_POINT('',#4716);
#4718=CARTESIAN_POINT('',(4.973799150321E-14,0.E0,-1.13E2));
#4719=CARTESIAN_POINT('',(4.973799150321E-14,3.906454120917E1,
-9.357975016996E1));
#4720=VERTEX_POINT('',#4718);
#4721=VERTEX_POINT('',#4719);
#4722=CARTESIAN_POINT('',(0.E0,4.287790053648E1,-9.927761837150E1));
#4723=VERTEX_POINT('',#4722);
#4724=CARTESIAN_POINT('',(0.E0,4.287790070187E1,-9.102761837150E1));
#4725=VERTEX_POINT('',#4724);
#4726=CARTESIAN_POINT('',(0.E0,4.020362126061E1,-9.201194098118E1));
#4727=VERTEX_POINT('',#4726);
#4728=CARTESIAN_POINT('',(4.973799150321E-14,4.899041863208E1,
-6.496895936653E1));
#4729=VERTEX_POINT('',#4728);
#4730=CARTESIAN_POINT('',(0.E0,5.299999995356E1,-6.8125E1));
#4731=VERTEX_POINT('',#4730);
#4732=CARTESIAN_POINT('',(0.E0,5.3E1,-5.9875E1));
#4733=VERTEX_POINT('',#4732);
#4734=CARTESIAN_POINT('',(0.E0,4.899041863208E1,-6.303104063347E1));
#4735=VERTEX_POINT('',#4734);
#4736=CARTESIAN_POINT('',(4.973799150321E-14,4.020362126061E1,
-3.598805901882E1));
#4737=VERTEX_POINT('',#4736);
#4738=CARTESIAN_POINT('',(0.E0,4.287790084291E1,-3.697238162850E1));
#4739=VERTEX_POINT('',#4738);
#4740=CARTESIAN_POINT('',(0.E0,4.287790070187E1,-2.872238162850E1));
#4741=VERTEX_POINT('',#4740);
#4742=CARTESIAN_POINT('',(0.E0,3.906454120917E1,-3.442024983004E1));
#4743=VERTEX_POINT('',#4742);
#4744=CARTESIAN_POINT('',(4.973799150321E-14,1.606040703843E1,
-1.770676803506E1));
#4745=VERTEX_POINT('',#4744);
#4746=CARTESIAN_POINT('',(0.E0,1.637790067291E1,-1.771900463636E1));
#4747=VERTEX_POINT('',#4746);
#4748=CARTESIAN_POINT('',(0.E0,1.637790070187E1,-9.469004636360E0));
#4749=VERTEX_POINT('',#4748);
#4750=CARTESIAN_POINT('',(0.E0,1.421733679928E1,-1.710791821282E1));
#4751=VERTEX_POINT('',#4750);
#4752=CARTESIAN_POINT('',(4.973799150321E-14,1.2E1,-1.649210591912E1));
#4753=VERTEX_POINT('',#4752);
#4754=CARTESIAN_POINT('',(0.E0,1.2E1,-1.E0));
#4755=VERTEX_POINT('',#4754);
#4756=CARTESIAN_POINT('',(0.E0,6.006E1,-1.E0));
#4757=VERTEX_POINT('',#4756);
#4758=CARTESIAN_POINT('',(0.E0,6.297845814559E1,-4.964096909315E1));
#4759=VERTEX_POINT('',#4758);
#4760=CARTESIAN_POINT('',(0.E0,6.3E1,-5.035967658189E1));
#4761=VERTEX_POINT('',#4760);
#4762=CARTESIAN_POINT('',(0.E0,6.3E1,-9.402943725152E1));
#4763=VERTEX_POINT('',#4762);
#4764=CARTESIAN_POINT('',(0.E0,5.948528137443E1,-1.025147186256E2));
#4765=VERTEX_POINT('',#4764);
#4766=CARTESIAN_POINT('',(-1.515824502955E-13,3.851471862571E1,
-1.234852813743E2));
#4767=VERTEX_POINT('',#4766);
#4768=CARTESIAN_POINT('',(0.E0,3.002943725152E1,-1.27E2));
#4769=VERTEX_POINT('',#4768);
#4770=CARTESIAN_POINT('',(0.E0,-3.002943725152E1,-1.27E2));
#4771=VERTEX_POINT('',#4770);
#4772=CARTESIAN_POINT('',(0.E0,-3.851471862598E1,-1.234852813740E2));
#4773=VERTEX_POINT('',#4772);
#4774=CARTESIAN_POINT('',(-1.515824502955E-13,-5.948528137415E1,
-1.025147186259E2));
#4775=VERTEX_POINT('',#4774);
#4776=CARTESIAN_POINT('',(0.E0,-6.3E1,-9.402943725152E1));
#4777=VERTEX_POINT('',#4776);
#4778=CARTESIAN_POINT('',(0.E0,-6.3E1,-5.035967658189E1));
#4779=VERTEX_POINT('',#4778);
#4780=CARTESIAN_POINT('',(0.E0,-6.297845814559E1,-4.964096909315E1));
#4781=VERTEX_POINT('',#4780);
#4782=CARTESIAN_POINT('',(0.E0,-6.006E1,-1.E0));
#4783=VERTEX_POINT('',#4782);
#4784=CARTESIAN_POINT('',(0.E0,-1.2E1,-1.E0));
#4785=VERTEX_POINT('',#4784);
#4786=CARTESIAN_POINT('',(1.237898672457E-14,-1.2E1,-1.649210591912E1));
#4787=VERTEX_POINT('',#4786);
#4788=CARTESIAN_POINT('',(4.973799150321E-14,-1.421733679928E1,
-1.710791821282E1));
#4789=VERTEX_POINT('',#4788);
#4790=CARTESIAN_POINT('',(0.E0,-1.637790070187E1,-9.469004636360E0));
#4791=VERTEX_POINT('',#4790);
#4792=CARTESIAN_POINT('',(0.E0,-1.637790039774E1,-1.771900463636E1));
#4793=VERTEX_POINT('',#4792);
#4794=CARTESIAN_POINT('',(0.E0,-1.606040703843E1,-1.770676803506E1));
#4795=VERTEX_POINT('',#4794);
#4796=CARTESIAN_POINT('',(4.973799150321E-14,-3.906454120917E1,
-3.442024983004E1));
#4797=VERTEX_POINT('',#4796);
#4798=CARTESIAN_POINT('',(0.E0,-2.345280920291E1,-1.758916354458E1));
#4799=CARTESIAN_POINT('',(0.E0,-2.227050090283E1,-8.E0));
#4800=VERTEX_POINT('',#4798);
#4801=VERTEX_POINT('',#4799);
#4802=CARTESIAN_POINT('',(0.E0,-5.458920970254E1,-8.E0));
#4803=VERTEX_POINT('',#4802);
#4804=CARTESIAN_POINT('',(0.E0,-5.658561939347E1,-9.880215418588E0));
#4805=VERTEX_POINT('',#4804);
#4806=CARTESIAN_POINT('',(0.E0,-5.898563876372E1,-4.988053825595E1));
#4807=VERTEX_POINT('',#4806);
#4808=CARTESIAN_POINT('',(0.E0,-5.9E1,-5.035967658189E1));
#4809=VERTEX_POINT('',#4808);
#4810=CARTESIAN_POINT('',(0.E0,-5.9E1,-5.469862241386E1));
#4811=VERTEX_POINT('',#4810);
#4812=CARTESIAN_POINT('',(0.E0,-5.7E1,-5.669862241386E1));
#4813=CARTESIAN_POINT('',(0.E0,-5.620987654610E1,-5.653593156792E1));
#4814=VERTEX_POINT('',#4812);
#4815=VERTEX_POINT('',#4813);
#4816=CARTESIAN_POINT('',(0.E0,-5.303956389255E1,-5.587509632682E1));
#4817=VERTEX_POINT('',#4816);
#4818=CARTESIAN_POINT('',(2.273736754432E-13,-5.107777559399E1,
-5.425008510960E1));
#4819=VERTEX_POINT('',#4818);
#4820=CARTESIAN_POINT('',(0.E0,-4.705364467409E1,-4.186508362599E1));
#4821=VERTEX_POINT('',#4820);
#4822=CARTESIAN_POINT('',(0.E0,-4.768107934250E1,-3.940063272595E1));
#4823=VERTEX_POINT('',#4822);
#4824=CARTESIAN_POINT('',(0.E0,-4.287790070187E1,-2.472238162850E1));
#4825=VERTEX_POINT('',#4824);
#4826=CARTESIAN_POINT('',(0.E0,-3.812965236956E1,-2.625422132598E1));
#4827=VERTEX_POINT('',#4826);
#4828=CARTESIAN_POINT('',(0.E0,-3.696085278006E1,-2.663128955921E1));
#4829=CARTESIAN_POINT('',(0.E0,-3.559193230672E1,-2.608938994590E1));
#4830=VERTEX_POINT('',#4828);
#4831=VERTEX_POINT('',#4829);
#4832=CARTESIAN_POINT('',(0.E0,2.227050090284E1,-8.000000000001E0));
#4833=CARTESIAN_POINT('',(0.E0,5.458920970254E1,-8.E0));
#4834=VERTEX_POINT('',#4832);
#4835=VERTEX_POINT('',#4833);
#4836=CARTESIAN_POINT('',(0.E0,2.345280920291E1,-1.758916354458E1));
#4837=VERTEX_POINT('',#4836);
#4838=CARTESIAN_POINT('',(0.E0,3.559193230673E1,-2.608938994591E1));
#4839=VERTEX_POINT('',#4838);
#4840=CARTESIAN_POINT('',(0.E0,3.696085278006E1,-2.663128955921E1));
#4841=CARTESIAN_POINT('',(0.E0,3.812965236956E1,-2.625422132598E1));
#4842=VERTEX_POINT('',#4840);
#4843=VERTEX_POINT('',#4841);
#4844=CARTESIAN_POINT('',(0.E0,4.287790070187E1,-2.472238162850E1));
#4845=VERTEX_POINT('',#4844);
#4846=CARTESIAN_POINT('',(0.E0,4.768107934253E1,-3.940063272592E1));
#4847=VERTEX_POINT('',#4846);
#4848=CARTESIAN_POINT('',(2.273736754432E-13,4.705364467409E1,
-4.186508362600E1));
#4849=VERTEX_POINT('',#4848);
#4850=CARTESIAN_POINT('',(0.E0,5.107777559399E1,-5.425008510960E1));
#4851=VERTEX_POINT('',#4850);
#4852=VERTEX_POINT('',#1062);
#4853=CARTESIAN_POINT('',(0.E0,5.620987654559E1,-5.653593156770E1));
#4854=VERTEX_POINT('',#4853);
#4855=CARTESIAN_POINT('',(0.E0,5.7E1,-5.669862241386E1));
#4856=CARTESIAN_POINT('',(0.E0,5.9E1,-5.469862241386E1));
#4857=VERTEX_POINT('',#4855);
#4858=VERTEX_POINT('',#4856);
#4859=CARTESIAN_POINT('',(0.E0,5.9E1,-5.035967658189E1));
#4860=VERTEX_POINT('',#4859);
#4861=CARTESIAN_POINT('',(0.E0,5.898563876375E1,-4.988053825654E1));
#4862=VERTEX_POINT('',#4861);
#4863=CARTESIAN_POINT('',(0.E0,5.658561939347E1,-9.880215418540E0));
#4864=VERTEX_POINT('',#4863);
#4865=CARTESIAN_POINT('',(0.E0,-5.092635023480E1,-9.403992563947E1));
#4866=CARTESIAN_POINT('',(0.E0,-4.768107934247E1,-8.859936727403E1));
#4867=VERTEX_POINT('',#4865);
#4868=VERTEX_POINT('',#4866);
#4869=CARTESIAN_POINT('',(2.273736754432E-13,-4.705364467409E1,
-8.613491637400E1));
#4870=VERTEX_POINT('',#4869);
#4871=CARTESIAN_POINT('',(0.E0,-5.107777559399E1,-7.374991489042E1));
#4872=VERTEX_POINT('',#4871);
#4873=CARTESIAN_POINT('',(0.E0,-5.303394879746E1,-7.212492907533E1));
#4874=VERTEX_POINT('',#4873);
#4875=CARTESIAN_POINT('',(0.E0,-5.620987654676E1,-7.146406843180E1));
#4876=VERTEX_POINT('',#4875);
#4877=CARTESIAN_POINT('',(0.E0,-5.7E1,-7.130137758614E1));
#4878=VERTEX_POINT('',#4877);
#4879=CARTESIAN_POINT('',(0.E0,-5.9E1,-7.330137758614E1));
#4880=VERTEX_POINT('',#4879);
#4881=CARTESIAN_POINT('',(0.E0,-5.9E1,-9.402943725152E1));
#4882=VERTEX_POINT('',#4881);
#4883=CARTESIAN_POINT('',(0.E0,-5.862938132711E1,-9.643620698821E1));
#4884=VERTEX_POINT('',#4883);
#4885=CARTESIAN_POINT('',(0.E0,-5.672203599533E1,-9.783451455405E1));
#4886=CARTESIAN_POINT('',(0.E0,-5.535814866757E1,-9.729732395967E1));
#4887=VERTEX_POINT('',#4885);
#4888=VERTEX_POINT('',#4886);
#4889=CARTESIAN_POINT('',(0.E0,-5.242559172816E1,-9.570710330216E1));
#4890=VERTEX_POINT('',#4889);
#4891=CARTESIAN_POINT('',(0.E0,-3.812965237465E1,-1.017457786777E2));
#4892=CARTESIAN_POINT('',(0.E0,-4.277834532500E1,-1.032770084241E2));
#4893=VERTEX_POINT('',#4891);
#4894=VERTEX_POINT('',#4892);
#4895=CARTESIAN_POINT('',(0.E0,-4.461959289298E1,-1.045564668267E2));
#4896=VERTEX_POINT('',#4895);
#4897=CARTESIAN_POINT('',(0.E0,-4.632923932132E1,-1.070628596317E2));
#4898=VERTEX_POINT('',#4897);
#4899=CARTESIAN_POINT('',(0.E0,-4.639187875332E1,-1.099512669972E2));
#4900=VERTEX_POINT('',#4899);
#4901=CARTESIAN_POINT('',(-1.515824502955E-13,-4.595126699729E1,
-1.103918787532E2));
#4902=VERTEX_POINT('',#4901);
#4903=CARTESIAN_POINT('',(0.E0,-4.453705343499E1,-1.109776651908E2));
#4904=CARTESIAN_POINT('',(0.E0,-4.306285963202E1,-1.103292393217E2));
#4905=VERTEX_POINT('',#4903);
#4906=VERTEX_POINT('',#4904);
#4907=CARTESIAN_POINT('',(0.E0,-3.816116523517E1,-1.081732233047E2));
#4908=VERTEX_POINT('',#4907);
#4909=CARTESIAN_POINT('',(0.E0,-3.329732396045E1,-1.193581486684E2));
#4910=VERTEX_POINT('',#4909);
#4911=CARTESIAN_POINT('',(0.E0,-3.243620698807E1,-1.226293813271E2));
#4912=VERTEX_POINT('',#4911);
#4913=CARTESIAN_POINT('',(0.E0,-3.002943725152E1,-1.23E2));
#4914=VERTEX_POINT('',#4913);
#4915=CARTESIAN_POINT('',(0.E0,3.002943725152E1,-1.23E2));
#4916=VERTEX_POINT('',#4915);
#4917=CARTESIAN_POINT('',(0.E0,3.568629150114E1,-1.206568542494E2));
#4918=VERTEX_POINT('',#4917);
#4919=CARTESIAN_POINT('',(-1.515824502955E-13,4.710772100661E1,
-1.092354247439E2));
#4920=VERTEX_POINT('',#4919);
#4921=CARTESIAN_POINT('',(0.E0,4.704508157477E1,-1.063470173782E2));
#4922=VERTEX_POINT('',#4921);
#4923=CARTESIAN_POINT('',(0.E0,4.556262200714E1,-1.043615915703E2));
#4924=VERTEX_POINT('',#4923);
#4925=CARTESIAN_POINT('',(0.E0,4.376519537520E1,-1.032386648300E2));
#4926=VERTEX_POINT('',#4925);
#4927=CARTESIAN_POINT('',(0.E0,4.358992729158E1,-1.032463593567E2));
#4928=VERTEX_POINT('',#4927);
#4929=CARTESIAN_POINT('',(0.E0,4.287790070187E1,-1.032776183715E2));
#4930=CARTESIAN_POINT('',(0.E0,3.812965236955E1,-1.017457786740E2));
#4931=VERTEX_POINT('',#4929);
#4932=VERTEX_POINT('',#4930);
#4933=CARTESIAN_POINT('',(0.E0,3.696085278006E1,-1.013687104408E2));
#4934=VERTEX_POINT('',#4933);
#4935=CARTESIAN_POINT('',(0.E0,3.559193230663E1,-1.019106100542E2));
#4936=VERTEX_POINT('',#4935);
#4937=CARTESIAN_POINT('',(6.821210263297E-13,-1.058515463275E-13,-1.16E2));
#4938=CARTESIAN_POINT('',(6.821210263297E-13,-3.559193230663E1,
-1.019106100542E2));
#4939=VERTEX_POINT('',#4937);
#4940=VERTEX_POINT('',#4938);
#4941=CARTESIAN_POINT('',(0.E0,-3.696085278006E1,-1.013687104408E2));
#4942=VERTEX_POINT('',#4941);
#4943=CARTESIAN_POINT('',(0.E0,4.768107934243E1,-8.859936727400E1));
#4944=CARTESIAN_POINT('',(0.E0,5.079553412370E1,-9.332869238685E1));
#4945=VERTEX_POINT('',#4943);
#4946=VERTEX_POINT('',#4944);
#4947=CARTESIAN_POINT('',(0.E0,5.246577917974E1,-9.486021084417E1));
#4948=VERTEX_POINT('',#4947);
#4949=CARTESIAN_POINT('',(0.E0,5.570792951594E1,-9.626429284265E1));
#4950=VERTEX_POINT('',#4949);
#4951=CARTESIAN_POINT('',(0.E0,5.696172318814E1,-9.670608829009E1));
#4952=CARTESIAN_POINT('',(0.E0,5.894896425085E1,-9.493163863628E1));
#4953=VERTEX_POINT('',#4951);
#4954=VERTEX_POINT('',#4952);
#4955=CARTESIAN_POINT('',(0.E0,5.9E1,-9.402943725152E1));
#4956=VERTEX_POINT('',#4955);
#4957=CARTESIAN_POINT('',(0.E0,5.9E1,-7.330137758614E1));
#4958=VERTEX_POINT('',#4957);
#4959=CARTESIAN_POINT('',(0.E0,5.7E1,-7.130137758614E1));
#4960=VERTEX_POINT('',#4959);
#4961=CARTESIAN_POINT('',(0.E0,5.620987654653E1,-7.146406843189E1));
#4962=VERTEX_POINT('',#4961);
#4963=CARTESIAN_POINT('',(0.E0,5.303394879746E1,-7.212492907533E1));
#4964=VERTEX_POINT('',#4963);
#4965=CARTESIAN_POINT('',(2.273736754432E-13,5.107777559399E1,
-7.374991489041E1));
#4966=VERTEX_POINT('',#4965);
#4967=CARTESIAN_POINT('',(0.E0,4.705364467409E1,-8.613491637401E1));
#4968=VERTEX_POINT('',#4967);
#4969=CARTESIAN_POINT('',(-1.1E1,-2.345280920291E1,-1.758916354458E1));
#4970=VERTEX_POINT('',#4969);
#4971=VERTEX_POINT('',#2616);
#4972=CARTESIAN_POINT('',(-1.3E1,-2.366479000210E1,-1.E1));
#4973=VERTEX_POINT('',#4972);
#4974=VERTEX_POINT('',#2687);
#4975=CARTESIAN_POINT('',(-1.1E1,-3.559193230673E1,-2.608938994591E1));
#4976=VERTEX_POINT('',#4975);
#4977=CARTESIAN_POINT('',(-1.1E1,-3.812965236956E1,-2.625422132598E1));
#4978=VERTEX_POINT('',#4977);
#4979=CARTESIAN_POINT('',(-1.1E1,-3.696085278006E1,-2.663128955921E1));
#4980=VERTEX_POINT('',#4979);
#4981=CARTESIAN_POINT('',(-1.1E1,-4.768107934236E1,-3.940063272605E1));
#4982=VERTEX_POINT('',#4981);
#4983=CARTESIAN_POINT('',(-1.1E1,-4.287790070187E1,-2.472238162850E1));
#4984=VERTEX_POINT('',#4983);
#4985=CARTESIAN_POINT('',(-1.1E1,-4.705364467409E1,-4.186508362599E1));
#4986=VERTEX_POINT('',#4985);
#4987=CARTESIAN_POINT('',(-1.1E1,-5.107777559399E1,-5.425008510960E1));
#4988=VERTEX_POINT('',#4987);
#4989=CARTESIAN_POINT('',(-1.1E1,-5.303394879746E1,-5.587507092467E1));
#4990=VERTEX_POINT('',#4989);
#4991=CARTESIAN_POINT('',(-1.1E1,-5.620987654321E1,-5.653593156668E1));
#4992=VERTEX_POINT('',#4991);
#4993=CARTESIAN_POINT('',(-1.1E1,-5.9E1,-5.469862241386E1));
#4994=VERTEX_POINT('',#4993);
#4995=CARTESIAN_POINT('',(-1.1E1,-5.7E1,-5.669862241386E1));
#4996=VERTEX_POINT('',#4995);
#4997=CARTESIAN_POINT('',(-1.1E1,-5.9E1,-5.035967658189E1));
#4998=VERTEX_POINT('',#4997);
#4999=CARTESIAN_POINT('',(-1.1E1,-5.898563876373E1,-4.988053825607E1));
#5000=VERTEX_POINT('',#4999);
#5001=CARTESIAN_POINT('',(-1.1E1,-5.658561939348E1,-9.880215418544E0));
#5002=VERTEX_POINT('',#5001);
#5003=CARTESIAN_POINT('',(-1.1E1,-5.458920970254E1,-8.E0));
#5004=VERTEX_POINT('',#5003);
#5005=CARTESIAN_POINT('',(-1.01E1,-3.7E1,-8.E0));
#5006=CARTESIAN_POINT('',(-5.9E0,-3.7E1,-8.E0));
#5007=VERTEX_POINT('',#5005);
#5008=VERTEX_POINT('',#5006);
#5009=CARTESIAN_POINT('',(-6.3E1,6.E1,0.E0));
#5010=CARTESIAN_POINT('',(-1.E0,6.E1,0.E0));
#5011=VERTEX_POINT('',#5009);
#5012=VERTEX_POINT('',#5010);
#5013=CARTESIAN_POINT('',(-1.E0,1.2E1,0.E0));
#5014=VERTEX_POINT('',#5013);
#5015=CARTESIAN_POINT('',(-8.E0,1.2E1,0.E0));
#5016=VERTEX_POINT('',#5015);
#5017=CARTESIAN_POINT('',(-1.3E1,7.E0,0.E0));
#5018=VERTEX_POINT('',#5017);
#5019=CARTESIAN_POINT('',(-1.3E1,-7.E0,0.E0));
#5020=VERTEX_POINT('',#5019);
#5021=CARTESIAN_POINT('',(-8.E0,-1.2E1,0.E0));
#5022=VERTEX_POINT('',#5021);
#5023=CARTESIAN_POINT('',(-1.E0,-1.2E1,0.E0));
#5024=VERTEX_POINT('',#5023);
#5025=CARTESIAN_POINT('',(-1.E0,-6.E1,0.E0));
#5026=VERTEX_POINT('',#5025);
#5027=CARTESIAN_POINT('',(-6.3E1,-6.E1,0.E0));
#5028=VERTEX_POINT('',#5027);
#5029=CARTESIAN_POINT('',(-1.01E1,3.7E1,-8.E0));
#5030=CARTESIAN_POINT('',(-5.9E0,3.7E1,-8.E0));
#5031=VERTEX_POINT('',#5029);
#5032=VERTEX_POINT('',#5030);
#5033=CARTESIAN_POINT('',(-1.1E1,5.458920970254E1,-8.E0));
#5034=VERTEX_POINT('',#5033);
#5035=CARTESIAN_POINT('',(-1.1E1,2.227050090284E1,-8.000000000001E0));
#5036=VERTEX_POINT('',#5035);
#5037=CARTESIAN_POINT('',(-1.1E1,5.658561939347E1,-9.880215418544E0));
#5038=VERTEX_POINT('',#5037);
#5039=CARTESIAN_POINT('',(-1.1E1,5.898563876373E1,-4.988053825607E1));
#5040=VERTEX_POINT('',#5039);
#5041=CARTESIAN_POINT('',(-1.1E1,5.9E1,-5.035967658189E1));
#5042=VERTEX_POINT('',#5041);
#5043=CARTESIAN_POINT('',(-1.1E1,5.9E1,-5.469862241386E1));
#5044=VERTEX_POINT('',#5043);
#5045=CARTESIAN_POINT('',(-1.1E1,5.620987654321E1,-5.653593156668E1));
#5046=VERTEX_POINT('',#5045);
#5047=CARTESIAN_POINT('',(-1.1E1,5.7E1,-5.669862241386E1));
#5048=VERTEX_POINT('',#5047);
#5049=CARTESIAN_POINT('',(-1.1E1,5.303394879746E1,-5.587507092467E1));
#5050=VERTEX_POINT('',#5049);
#5051=CARTESIAN_POINT('',(-1.1E1,5.107777559399E1,-5.425008510960E1));
#5052=VERTEX_POINT('',#5051);
#5053=CARTESIAN_POINT('',(-1.1E1,4.705364467409E1,-4.186508362599E1));
#5054=VERTEX_POINT('',#5053);
#5055=CARTESIAN_POINT('',(-1.1E1,4.768107934236E1,-3.940063272605E1));
#5056=VERTEX_POINT('',#5055);
#5057=CARTESIAN_POINT('',(-1.1E1,3.812965236956E1,-2.625422132598E1));
#5058=VERTEX_POINT('',#5057);
#5059=CARTESIAN_POINT('',(-1.1E1,4.287790070187E1,-2.472238162850E1));
#5060=VERTEX_POINT('',#5059);
#5061=CARTESIAN_POINT('',(-1.1E1,3.559193230673E1,-2.608938994591E1));
#5062=VERTEX_POINT('',#5061);
#5063=CARTESIAN_POINT('',(-1.1E1,3.696085278006E1,-2.663128955921E1));
#5064=VERTEX_POINT('',#5063);
#5065=CARTESIAN_POINT('',(-1.1E1,2.345280920291E1,-1.758916354458E1));
#5066=VERTEX_POINT('',#5065);
#5067=CARTESIAN_POINT('',(-1.3E1,2.421596043644E1,-1.573420196308E1));
#5068=CARTESIAN_POINT('',(-1.3E1,2.366479000210E1,-1.E1));
#5069=VERTEX_POINT('',#5067);
#5070=VERTEX_POINT('',#5068);
#5071=CARTESIAN_POINT('',(-1.3E1,4.287790070187E1,-2.272238162850E1));
#5072=CARTESIAN_POINT('',(-1.3E1,3.696085278006E1,-2.463128955921E1));
#5073=VERTEX_POINT('',#5071);
#5074=VERTEX_POINT('',#5072);
#5075=CARTESIAN_POINT('',(-1.3E1,5.458920970254E1,-1.E1));
#5076=VERTEX_POINT('',#5075);
#5077=CARTESIAN_POINT('',(-1.3E1,5.698922907280E1,-5.000032283767E1));
#5078=VERTEX_POINT('',#5077);
#5079=CARTESIAN_POINT('',(-1.3E1,5.7E1,-5.035967658189E1));
#5080=VERTEX_POINT('',#5079);
#5081=CARTESIAN_POINT('',(-1.3E1,5.7E1,-5.469862241386E1));
#5082=VERTEX_POINT('',#5081);
#5083=CARTESIAN_POINT('',(-1.3E1,5.304230542453E1,-5.387508838305E1));
#5084=VERTEX_POINT('',#5083);
#5085=CARTESIAN_POINT('',(-1.3E1,4.886340023848E1,-4.101374068853E1));
#5086=VERTEX_POINT('',#5085);
#5087=CARTESIAN_POINT('',(-6.3E1,6.297845814559E1,-4.964096909316E1));
#5088=VERTEX_POINT('',#5087);
#5089=CARTESIAN_POINT('',(-1.E0,1.1E1,-1.E0));
#5090=VERTEX_POINT('',#5089);
#5091=CARTESIAN_POINT('',(-1.E0,1.1E1,-1.649210591912E1));
#5092=VERTEX_POINT('',#5091);
#5093=CARTESIAN_POINT('',(-9.999999999998E-1,1.175510204082E1,
-1.746165477791E1));
#5094=VERTEX_POINT('',#5093);
#5095=CARTESIAN_POINT('',(-9.999999999998E-1,-1.175510204082E1,
-1.746165477791E1));
#5096=VERTEX_POINT('',#5095);
#5097=CARTESIAN_POINT('',(-9.999999999999E-1,0.E0,-1.12E2));
#5098=VERTEX_POINT('',#5097);
#5099=CARTESIAN_POINT('',(-1.E0,-1.1E1,-1.649210591912E1));
#5100=VERTEX_POINT('',#5099);
#5101=CARTESIAN_POINT('',(-1.E0,-1.1E1,-1.E0));
#5102=VERTEX_POINT('',#5101);
#5103=CARTESIAN_POINT('',(-6.3E1,-6.297845814559E1,-4.964096909315E1));
#5104=VERTEX_POINT('',#5103);
#5105=CARTESIAN_POINT('',(-6.3E1,-6.3E1,-5.035967658189E1));
#5106=VERTEX_POINT('',#5105);
#5107=CARTESIAN_POINT('',(-6.3E1,-6.3E1,-7.3E1));
#5108=VERTEX_POINT('',#5107);
#5109=CARTESIAN_POINT('',(-6.3E1,6.3E1,-5.035967658189E1));
#5110=VERTEX_POINT('',#5109);
#5111=CARTESIAN_POINT('',(-6.3E1,6.3E1,-7.3E1));
#5112=VERTEX_POINT('',#5111);
#5113=CARTESIAN_POINT('',(-6.3E1,6.1E1,-7.3E1));
#5114=VERTEX_POINT('',#5113);
#5115=CARTESIAN_POINT('',(-6.3E1,5.521049281298E1,-1.951134632405E1));
#5116=CARTESIAN_POINT('',(-6.3E1,5.682852680170E1,-2.033577581942E1));
#5117=VERTEX_POINT('',#5115);
#5118=VERTEX_POINT('',#5116);
#5119=CARTESIAN_POINT('',(-6.3E1,5.908812548289E1,-2.344584659175E1));
#5120=VERTEX_POINT('',#5119);
#5121=CARTESIAN_POINT('',(-6.3E1,5.793698222187E1,-2.656615693712E1));
#5122=VERTEX_POINT('',#5121);
#5123=CARTESIAN_POINT('',(-6.3E1,5.305299536203E1,-2.773869844180E1));
#5124=VERTEX_POINT('',#5123);
#5125=CARTESIAN_POINT('',(-6.3E1,5.258610463437E1,-2.779395860099E1));
#5126=CARTESIAN_POINT('',(-6.3E1,5.088082430565E1,-2.474896147157E1));
#5127=VERTEX_POINT('',#5125);
#5128=VERTEX_POINT('',#5126);
#5129=CARTESIAN_POINT('',(-6.3E1,5.350521248427E1,-2.046634919462E1));
#5130=VERTEX_POINT('',#5129);
#5131=CARTESIAN_POINT('',(-6.2E1,5.350521248427E1,-2.046634919463E1));
#5132=VERTEX_POINT('',#5131);
#5133=CARTESIAN_POINT('',(-6.2E1,5.521049281298E1,-1.951134632405E1));
#5134=VERTEX_POINT('',#5133);
#5135=CARTESIAN_POINT('',(-6.2E1,5.682852680172E1,-2.033577581945E1));
#5136=VERTEX_POINT('',#5135);
#5137=CARTESIAN_POINT('',(-6.2E1,5.088082430566E1,-2.474896147156E1));
#5138=VERTEX_POINT('',#5137);
#5139=CARTESIAN_POINT('',(-6.2E1,5.305299536209E1,-2.773869844178E1));
#5140=VERTEX_POINT('',#5139);
#5141=CARTESIAN_POINT('',(-6.2E1,5.258610463437E1,-2.779395860099E1));
#5142=VERTEX_POINT('',#5141);
#5143=CARTESIAN_POINT('',(-6.2E1,5.793698222184E1,-2.656615693713E1));
#5144=VERTEX_POINT('',#5143);
#5145=CARTESIAN_POINT('',(-6.2E1,5.908812548289E1,-2.344584659174E1));
#5146=VERTEX_POINT('',#5145);
#5147=CARTESIAN_POINT('',(-8.E0,-1.1E1,-1.E0));
#5148=VERTEX_POINT('',#5147);
#5149=CARTESIAN_POINT('',(-8.E0,-1.1E1,-1.649210456996E1));
#5150=VERTEX_POINT('',#5149);
#5151=CARTESIAN_POINT('',(-8.E0,-1.175510204082E1,-1.746165477791E1));
#5152=VERTEX_POINT('',#5151);
#5153=CARTESIAN_POINT('',(-1.3E1,0.E0,-1.6E1));
#5154=CARTESIAN_POINT('',(-1.3E1,-6.857142857143E0,-1.649232070668E1));
#5155=VERTEX_POINT('',#5153);
#5156=VERTEX_POINT('',#5154);
#5157=CARTESIAN_POINT('',(-1.45E1,0.E0,-1.6E1));
#5158=VERTEX_POINT('',#5157);
#5159=CARTESIAN_POINT('',(-1.45E1,-2.057142857148E1,-1.073683793394E2));
#5160=VERTEX_POINT('',#5159);
#5161=CARTESIAN_POINT('',(-2.742640687093E0,-2.057142875012E1,
-1.073683797158E2));
#5162=VERTEX_POINT('',#5161);
#5163=VERTEX_POINT('',#1685);
#5164=CARTESIAN_POINT('',(-1.5E0,0.E0,-1.12E2));
#5165=VERTEX_POINT('',#5164);
#5166=CARTESIAN_POINT('',(-1.3E1,6.857142857143E0,-1.649232070668E1));
#5167=CARTESIAN_POINT('',(-1.2E1,7.E0,-1.550257738807E1));
#5168=VERTEX_POINT('',#5166);
#5169=VERTEX_POINT('',#5167);
#5170=CARTESIAN_POINT('',(-1.2E1,-7.E0,-1.550257738807E1));
#5171=VERTEX_POINT('',#5170);
#5172=CARTESIAN_POINT('',(-8.E0,1.1E1,-1.649210591912E1));
#5173=CARTESIAN_POINT('',(-8.E0,1.175510204082E1,-1.746165477791E1));
#5174=VERTEX_POINT('',#5172);
#5175=VERTEX_POINT('',#5173);
#5176=CARTESIAN_POINT('',(-8.E0,1.1E1,-1.E0));
#5177=VERTEX_POINT('',#5176);
#5178=CARTESIAN_POINT('',(-1.2E1,7.E0,-1.E0));
#5179=VERTEX_POINT('',#5178);
#5180=CARTESIAN_POINT('',(-1.2E1,-7.E0,-1.E0));
#5181=VERTEX_POINT('',#5180);
#5182=CARTESIAN_POINT('',(-1.5E0,1.857884529751E1,-1.082586320102E2));
#5183=VERTEX_POINT('',#5182);
#5184=VERTEX_POINT('',#1936);
#5185=CARTESIAN_POINT('',(-1.45E1,2.088634174667E1,-1.072175974395E2));
#5186=VERTEX_POINT('',#5185);
#5187=VERTEX_POINT('',#1658);
#5188=VERTEX_POINT('',#1663);
#5189=VERTEX_POINT('',#1670);
#5190=CARTESIAN_POINT('',(-4.5E0,-1.776356839400E-14,-1.15E2));
#5191=VERTEX_POINT('',#5190);
#5192=CARTESIAN_POINT('',(-4.5E0,1.836944487379E1,-1.115769218743E2));
#5193=VERTEX_POINT('',#5192);
#5194=VERTEX_POINT('',#1677);
#5195=VERTEX_POINT('',#1714);
#5196=CARTESIAN_POINT('',(-4.500000000001E0,-1.7E1,-1.18E2));
#5197=VERTEX_POINT('',#5196);
#5198=CARTESIAN_POINT('',(-7.500000001594E0,-2.E1,-1.18E2));
#5199=VERTEX_POINT('',#5198);
#5200=CARTESIAN_POINT('',(-4.499999999997E0,-1.6E1,-1.19E2));
#5201=VERTEX_POINT('',#5200);
#5202=CARTESIAN_POINT('',(-4.499999999998E0,3.551471862576E1,-1.19E2));
#5203=VERTEX_POINT('',#5202);
#5204=CARTESIAN_POINT('',(-4.5E0,3.622182540679E1,-1.187071067814E2));
#5205=VERTEX_POINT('',#5204);
#5206=CARTESIAN_POINT('',(-4.499999999993E0,4.471949054668E1,
-1.102094416414E2));
#5207=VERTEX_POINT('',#5206);
#5208=CARTESIAN_POINT('',(-4.500000000016E0,4.467468344432E1,
-1.087530958228E2));
#5209=VERTEX_POINT('',#5208);
#5210=CARTESIAN_POINT('',(-4.499999999998E0,3.843013198673E1,
-1.032331426173E2));
#5211=VERTEX_POINT('',#5210);
#5212=CARTESIAN_POINT('',(-4.5E0,3.776783230765E1,-1.029823816547E2));
#5213=VERTEX_POINT('',#5212);
#5214=CARTESIAN_POINT('',(-4.500000000004E0,3.708114444744E1,
-1.032554292611E2));
#5215=VERTEX_POINT('',#5214);
#5216=CARTESIAN_POINT('',(-4.5E0,2.347728364009E1,-1.126293856930E2));
#5217=VERTEX_POINT('',#5216);
#5218=CARTESIAN_POINT('',(-4.5E0,2.173822559280E1,-1.130272089750E2));
#5219=CARTESIAN_POINT('',(-4.5E0,1.858013762864E1,-1.114820980582E2));
#5220=VERTEX_POINT('',#5218);
#5221=VERTEX_POINT('',#5219);
#5222=CARTESIAN_POINT('',(-7.5E0,-1.6E1,-1.22E2));
#5223=VERTEX_POINT('',#5222);
#5224=CARTESIAN_POINT('',(-7.5E0,3.551471862580E1,-1.22E2));
#5225=VERTEX_POINT('',#5224);
#5226=CARTESIAN_POINT('',(-7.5E0,3.834314575047E1,-1.208284271248E2));
#5227=VERTEX_POINT('',#5226);
#5228=CARTESIAN_POINT('',(-7.5E0,4.684081089017E1,-1.123307619851E2));
#5229=VERTEX_POINT('',#5228);
#5230=CARTESIAN_POINT('',(-7.5E0,4.666158248161E1,-1.065053787109E2));
#5231=VERTEX_POINT('',#5230);
#5232=CARTESIAN_POINT('',(-7.5E0,4.041703102385E1,-1.009854255051E2));
#5233=VERTEX_POINT('',#5232);
#5234=CARTESIAN_POINT('',(-7.5E0,3.502108086708E1,-1.010745720798E2));
#5235=VERTEX_POINT('',#5234);
#5236=CARTESIAN_POINT('',(-7.500000000020E0,3.776783230765E1,
-9.998238165468E1));
#5237=VERTEX_POINT('',#5236);
#5238=CARTESIAN_POINT('',(-7.5E0,2.217299010465E1,-1.099277531545E2));
#5239=VERTEX_POINT('',#5238);
#5240=VERTEX_POINT('',#1887);
#5241=CARTESIAN_POINT('',(-7.5E0,2.173822559280E1,-1.100272089750E2));
#5242=VERTEX_POINT('',#5241);
#5243=CARTESIAN_POINT('',(-7.5E0,2.082916624989E1,-1.094438756416E2));
#5244=VERTEX_POINT('',#5243);
#5245=CARTESIAN_POINT('',(-6.718814125201E0,2.073508431663E1,
-1.094869980250E2));
#5246=VERTEX_POINT('',#5245);
#5247=CARTESIAN_POINT('',(-6.824195424123E0,2.041241015924E1,
-1.085346211986E2));
#5248=VERTEX_POINT('',#5247);
#5249=VERTEX_POINT('',#1966);
#5250=CARTESIAN_POINT('',(-1.45E1,2.041241449846E1,-1.085346306657E2));
#5251=VERTEX_POINT('',#5250);
#5252=CARTESIAN_POINT('',(-1.45E1,2.082916624989E1,-1.094438756416E2));
#5253=VERTEX_POINT('',#5252);
#5254=CARTESIAN_POINT('',(-1.45E1,-2.E1,-1.082718872416E2));
#5255=VERTEX_POINT('',#5254);
#5256=CARTESIAN_POINT('',(-1.45E1,-2.E1,-1.18E2));
#5257=VERTEX_POINT('',#5256);
#5258=CARTESIAN_POINT('',(-1.45E1,-1.6E1,-1.22E2));
#5259=VERTEX_POINT('',#5258);
#5260=CARTESIAN_POINT('',(-1.45E1,3.551471862576E1,-1.22E2));
#5261=VERTEX_POINT('',#5260);
#5262=CARTESIAN_POINT('',(-1.45E1,3.834314575052E1,-1.208284271247E2));
#5263=VERTEX_POINT('',#5262);
#5264=CARTESIAN_POINT('',(-1.45E1,4.684081089015E1,-1.123307619851E2));
#5265=VERTEX_POINT('',#5264);
#5266=CARTESIAN_POINT('',(-1.45E1,4.666158248155E1,-1.065053787108E2));
#5267=VERTEX_POINT('',#5266);
#5268=CARTESIAN_POINT('',(-1.45E1,4.041703102382E1,-1.009854255051E2));
#5269=VERTEX_POINT('',#5268);
#5270=CARTESIAN_POINT('',(-1.45E1,3.502108086710E1,-1.010745720798E2));
#5271=VERTEX_POINT('',#5270);
#5272=CARTESIAN_POINT('',(-1.45E1,3.776783230765E1,-9.998238165470E1));
#5273=VERTEX_POINT('',#5272);
#5274=CARTESIAN_POINT('',(-1.45E1,2.217299010466E1,-1.099277531545E2));
#5275=VERTEX_POINT('',#5274);
#5276=CARTESIAN_POINT('',(-1.45E1,2.173822559280E1,-1.100272089750E2));
#5277=VERTEX_POINT('',#5276);
#5278=CARTESIAN_POINT('',(-4.5E0,1.637790070187E1,-1.771900463636E1));
#5279=CARTESIAN_POINT('',(-4.5E0,1.637790070187E1,-9.469004636360E0));
#5280=VERTEX_POINT('',#5278);
#5281=VERTEX_POINT('',#5279);
#5282=CARTESIAN_POINT('',(-4.5E0,4.287790070187E1,-3.697238162850E1));
#5283=CARTESIAN_POINT('',(-4.5E0,4.287790070187E1,-2.872238162850E1));
#5284=VERTEX_POINT('',#5282);
#5285=VERTEX_POINT('',#5283);
#5286=CARTESIAN_POINT('',(-4.5E0,5.3E1,-6.8125E1));
#5287=CARTESIAN_POINT('',(-4.5E0,5.3E1,-5.9875E1));
#5288=VERTEX_POINT('',#5286);
#5289=VERTEX_POINT('',#5287);
#5290=CARTESIAN_POINT('',(-4.5E0,4.287790070187E1,-9.927761837150E1));
#5291=CARTESIAN_POINT('',(-4.5E0,4.287790070187E1,-9.102761837150E1));
#5292=VERTEX_POINT('',#5290);
#5293=VERTEX_POINT('',#5291);
#5294=CARTESIAN_POINT('',(-4.5E0,-4.287790070187E1,-9.102761837150E1));
#5295=CARTESIAN_POINT('',(-4.5E0,-4.287790070187E1,-9.927761837150E1));
#5296=VERTEX_POINT('',#5294);
#5297=VERTEX_POINT('',#5295);
#5298=CARTESIAN_POINT('',(-4.5E0,-5.3E1,-5.9875E1));
#5299=CARTESIAN_POINT('',(-4.5E0,-5.3E1,-6.8125E1));
#5300=VERTEX_POINT('',#5298);
#5301=VERTEX_POINT('',#5299);
#5302=CARTESIAN_POINT('',(-4.5E0,-4.287790070187E1,-2.872238162850E1));
#5303=CARTESIAN_POINT('',(-4.5E0,-4.287790070187E1,-3.697238162850E1));
#5304=VERTEX_POINT('',#5302);
#5305=VERTEX_POINT('',#5303);
#5306=CARTESIAN_POINT('',(-4.5E0,-1.637790070187E1,-9.469004636360E0));
#5307=CARTESIAN_POINT('',(-4.5E0,-1.637790070187E1,-1.771900463636E1));
#5308=VERTEX_POINT('',#5306);
#5309=VERTEX_POINT('',#5307);
#5310=CARTESIAN_POINT('',(-4.5E0,-1.637790070187E1,-1.144400463636E1));
#5311=CARTESIAN_POINT('',(-4.5E0,-1.637790070187E1,-1.574400463636E1));
#5312=VERTEX_POINT('',#5310);
#5313=VERTEX_POINT('',#5311);
#5314=CARTESIAN_POINT('',(-1.3E1,-5.458920970254E1,-1.E1));
#5315=VERTEX_POINT('',#5314);
#5316=CARTESIAN_POINT('',(-1.3E1,-5.698922907280E1,-5.000032283763E1));
#5317=VERTEX_POINT('',#5316);
#5318=CARTESIAN_POINT('',(-1.3E1,-3.696085278006E1,-2.463128955921E1));
#5319=VERTEX_POINT('',#5318);
#5320=CARTESIAN_POINT('',(-1.3E1,-4.287790070187E1,-2.272238162850E1));
#5321=VERTEX_POINT('',#5320);
#5322=CARTESIAN_POINT('',(-1.3E1,-4.886340023848E1,-4.101374068853E1));
#5323=VERTEX_POINT('',#5322);
#5324=CARTESIAN_POINT('',(-1.3E1,-5.304230542453E1,-5.387508838305E1));
#5325=VERTEX_POINT('',#5324);
#5326=CARTESIAN_POINT('',(-1.3E1,-5.7E1,-5.469862241386E1));
#5327=VERTEX_POINT('',#5326);
#5328=CARTESIAN_POINT('',(-1.3E1,-5.7E1,-5.035967658189E1));
#5329=VERTEX_POINT('',#5328);
#5330=CARTESIAN_POINT('',(-1.3E1,-5.092635023480E1,-9.403992563949E1));
#5331=VERTEX_POINT('',#5330);
#5332=CARTESIAN_POINT('',(-1.3E1,-4.768107934245E1,-8.859936727401E1));
#5333=VERTEX_POINT('',#5332);
#5334=CARTESIAN_POINT('',(-1.3E1,-5.242559172786E1,-9.570710330209E1));
#5335=VERTEX_POINT('',#5334);
#5336=CARTESIAN_POINT('',(-1.3E1,-5.535814866752E1,-9.729732395966E1));
#5337=VERTEX_POINT('',#5336);
#5338=CARTESIAN_POINT('',(-1.3E1,-5.672203599533E1,-9.783451455405E1));
#5339=CARTESIAN_POINT('',(-1.3E1,-5.862938132711E1,-9.643620698821E1));
#5340=VERTEX_POINT('',#5338);
#5341=VERTEX_POINT('',#5339);
#5342=CARTESIAN_POINT('',(-1.3E1,-5.9E1,-9.402943725152E1));
#5343=VERTEX_POINT('',#5342);
#5344=CARTESIAN_POINT('',(-1.3E1,-5.9E1,-7.330137758614E1));
#5345=VERTEX_POINT('',#5344);
#5346=CARTESIAN_POINT('',(-1.3E1,-5.7E1,-7.130137758614E1));
#5347=VERTEX_POINT('',#5346);
#5348=CARTESIAN_POINT('',(-1.3E1,-5.620987654653E1,-7.146406843189E1));
#5349=VERTEX_POINT('',#5348);
#5350=CARTESIAN_POINT('',(-1.3E1,-5.303394879746E1,-7.212492907533E1));
#5351=VERTEX_POINT('',#5350);
#5352=CARTESIAN_POINT('',(-1.3E1,-5.107777559399E1,-7.374991489041E1));
#5353=VERTEX_POINT('',#5352);
#5354=CARTESIAN_POINT('',(-1.3E1,-4.705364467409E1,-8.613491637401E1));
#5355=VERTEX_POINT('',#5354);
#5356=CARTESIAN_POINT('',(-5.E-1,-4.277834532500E1,-1.032770084241E2));
#5357=CARTESIAN_POINT('',(-5.E-1,-3.812965237299E1,-1.017457786765E2));
#5358=VERTEX_POINT('',#5356);
#5359=VERTEX_POINT('',#5357);
#5360=CARTESIAN_POINT('',(-5.E-1,4.287790070187E1,-1.032776183715E2));
#5361=CARTESIAN_POINT('',(-5.E-1,4.358992729158E1,-1.032463593567E2));
#5362=VERTEX_POINT('',#5360);
#5363=VERTEX_POINT('',#5361);
#5364=CARTESIAN_POINT('',(-5.E-1,3.812965236956E1,-1.017457786740E2));
#5365=VERTEX_POINT('',#5364);
#5366=CARTESIAN_POINT('',(-5.E-1,4.376519537520E1,-1.032386648300E2));
#5367=VERTEX_POINT('',#5366);
#5368=CARTESIAN_POINT('',(-5.E-1,4.556262200711E1,-1.043615915703E2));
#5369=VERTEX_POINT('',#5368);
#5370=CARTESIAN_POINT('',(-5.E-1,4.704508157478E1,-1.063470173782E2));
#5371=VERTEX_POINT('',#5370);
#5372=CARTESIAN_POINT('',(-5.E-1,4.710772100659E1,-1.092354247439E2));
#5373=VERTEX_POINT('',#5372);
#5374=CARTESIAN_POINT('',(-5.000000000002E-1,3.568629150105E1,
-1.206568542495E2));
#5375=VERTEX_POINT('',#5374);
#5376=CARTESIAN_POINT('',(-5.000000000002E-1,3.002943725152E1,-1.23E2));
#5377=VERTEX_POINT('',#5376);
#5378=CARTESIAN_POINT('',(-5.E-1,-3.002943725152E1,-1.23E2));
#5379=VERTEX_POINT('',#5378);
#5380=CARTESIAN_POINT('',(-5.E-1,-3.243620698808E1,-1.226293813272E2));
#5381=VERTEX_POINT('',#5380);
#5382=CARTESIAN_POINT('',(-5.E-1,-3.329732396047E1,-1.193581486684E2));
#5383=VERTEX_POINT('',#5382);
#5384=CARTESIAN_POINT('',(-5.E-1,-3.816116523517E1,-1.081732233047E2));
#5385=VERTEX_POINT('',#5384);
#5386=CARTESIAN_POINT('',(-5.E-1,-4.306285963210E1,-1.103292393217E2));
#5387=VERTEX_POINT('',#5386);
#5388=CARTESIAN_POINT('',(-5.E-1,-4.453705343499E1,-1.109776651908E2));
#5389=CARTESIAN_POINT('',(-5.E-1,-4.595126699738E1,-1.103918787532E2));
#5390=VERTEX_POINT('',#5388);
#5391=VERTEX_POINT('',#5389);
#5392=CARTESIAN_POINT('',(-5.000000000002E-1,-4.639187875311E1,
-1.099512669974E2));
#5393=VERTEX_POINT('',#5392);
#5394=CARTESIAN_POINT('',(-5.E-1,-4.632923932130E1,-1.070628596317E2));
#5395=VERTEX_POINT('',#5394);
#5396=CARTESIAN_POINT('',(-5.E-1,-4.461959289293E1,-1.045564668267E2));
#5397=VERTEX_POINT('',#5396);
#5398=CARTESIAN_POINT('',(-5.E-1,-3.696085278006E1,-1.013687104408E2));
#5399=VERTEX_POINT('',#5398);
#5400=CARTESIAN_POINT('',(-5.E-1,-3.559193230663E1,-1.019106100542E2));
#5401=VERTEX_POINT('',#5400);
#5402=CARTESIAN_POINT('',(-5.000000000007E-1,1.058515463275E-13,-1.16E2));
#5403=CARTESIAN_POINT('',(-5.000000000007E-1,3.559193230663E1,
-1.019106100542E2));
#5404=VERTEX_POINT('',#5402);
#5405=VERTEX_POINT('',#5403);
#5406=CARTESIAN_POINT('',(-5.000000000002E-1,3.696085278006E1,
-1.013687104408E2));
#5407=VERTEX_POINT('',#5406);
#5408=CARTESIAN_POINT('',(-1.3E1,5.079553412370E1,-9.332869238683E1));
#5409=CARTESIAN_POINT('',(-1.3E1,4.768107934244E1,-8.859936727401E1));
#5410=VERTEX_POINT('',#5408);
#5411=VERTEX_POINT('',#5409);
#5412=CARTESIAN_POINT('',(-1.3E1,5.570792951599E1,-9.626429284269E1));
#5413=CARTESIAN_POINT('',(-1.3E1,5.246577917972E1,-9.486021084418E1));
#5414=VERTEX_POINT('',#5412);
#5415=VERTEX_POINT('',#5413);
#5416=CARTESIAN_POINT('',(-1.3E1,4.705364467409E1,-8.613491637400E1));
#5417=VERTEX_POINT('',#5416);
#5418=CARTESIAN_POINT('',(-1.3E1,5.107777559399E1,-7.374991489042E1));
#5419=VERTEX_POINT('',#5418);
#5420=CARTESIAN_POINT('',(-1.3E1,5.303394879746E1,-7.212492907533E1));
#5421=VERTEX_POINT('',#5420);
#5422=CARTESIAN_POINT('',(-1.3E1,5.620987654676E1,-7.146406843180E1));
#5423=VERTEX_POINT('',#5422);
#5424=CARTESIAN_POINT('',(-1.3E1,5.7E1,-7.130137758614E1));
#5425=VERTEX_POINT('',#5424);
#5426=CARTESIAN_POINT('',(-1.3E1,5.9E1,-7.330137758614E1));
#5427=VERTEX_POINT('',#5426);
#5428=CARTESIAN_POINT('',(-1.3E1,5.9E1,-9.402943725152E1));
#5429=VERTEX_POINT('',#5428);
#5430=CARTESIAN_POINT('',(-1.3E1,5.894896425085E1,-9.493163863628E1));
#5431=VERTEX_POINT('',#5430);
#5432=CARTESIAN_POINT('',(-1.3E1,5.696172318814E1,-9.670608829009E1));
#5433=VERTEX_POINT('',#5432);
#5434=CARTESIAN_POINT('',(-3.55E1,-5.8E1,-9.317157287525E1));
#5435=VERTEX_POINT('',#5434);
#5436=CARTESIAN_POINT('',(-3.55E1,-6.E1,-9.317157287525E1));
#5437=VERTEX_POINT('',#5436);
#5438=CARTESIAN_POINT('',(-3.55E1,-5.7E1,-9.217157287525E1));
#5439=VERTEX_POINT('',#5438);
#5440=CARTESIAN_POINT('',(-3.55E1,-5.7E1,-8.736624657331E1));
#5441=VERTEX_POINT('',#5440);
#5442=CARTESIAN_POINT('',(-3.55E1,-5.707244292273E1,-8.699256506666E1));
#5443=VERTEX_POINT('',#5442);
#5444=CARTESIAN_POINT('',(-3.55E1,-5.904045819587E1,-8.132472468857E1));
#5445=VERTEX_POINT('',#5444);
#5446=CARTESIAN_POINT('',(-3.55E1,-6.E1,-8.060629089061E1));
#5447=VERTEX_POINT('',#5446);
#5448=CARTESIAN_POINT('',(-3.55E1,-6.1E1,-8.160629089061E1));
#5449=VERTEX_POINT('',#5448);
#5450=CARTESIAN_POINT('',(-3.55E1,-6.1E1,-9.217157287525E1));
#5451=VERTEX_POINT('',#5450);
#5452=CARTESIAN_POINT('',(-2.95E1,-5.7E1,-9.142157287525E1));
#5453=CARTESIAN_POINT('',(-2.95E1,-5.7E1,-8.892157287525E1));
#5454=VERTEX_POINT('',#5452);
#5455=VERTEX_POINT('',#5453);
#5456=CARTESIAN_POINT('',(-2.15E1,-5.7E1,-9.142157287525E1));
#5457=CARTESIAN_POINT('',(-2.15E1,-5.7E1,-8.892157287525E1));
#5458=VERTEX_POINT('',#5456);
#5459=VERTEX_POINT('',#5457);
#5460=CARTESIAN_POINT('',(-3.55E1,5.707244292268E1,-8.699256506680E1));
#5461=VERTEX_POINT('',#5460);
#5462=CARTESIAN_POINT('',(-3.55E1,5.904045819590E1,-8.132472468850E1));
#5463=VERTEX_POINT('',#5462);
#5464=CARTESIAN_POINT('',(-3.55E1,5.7E1,-8.736624657331E1));
#5465=VERTEX_POINT('',#5464);
#5466=CARTESIAN_POINT('',(-3.55E1,5.7E1,-9.217157287525E1));
#5467=VERTEX_POINT('',#5466);
#5468=CARTESIAN_POINT('',(-3.55E1,5.8E1,-9.317157287525E1));
#5469=VERTEX_POINT('',#5468);
#5470=CARTESIAN_POINT('',(-3.55E1,6.E1,-9.317157287525E1));
#5471=VERTEX_POINT('',#5470);
#5472=CARTESIAN_POINT('',(-3.55E1,6.1E1,-9.217157287525E1));
#5473=VERTEX_POINT('',#5472);
#5474=CARTESIAN_POINT('',(-3.55E1,6.1E1,-8.160629089061E1));
#5475=VERTEX_POINT('',#5474);
#5476=CARTESIAN_POINT('',(-3.55E1,6.E1,-8.060629089061E1));
#5477=VERTEX_POINT('',#5476);
#5478=CARTESIAN_POINT('',(-2.95E1,5.7E1,-9.142157287525E1));
#5479=CARTESIAN_POINT('',(-2.95E1,5.7E1,-8.892157287525E1));
#5480=VERTEX_POINT('',#5478);
#5481=VERTEX_POINT('',#5479);
#5482=CARTESIAN_POINT('',(-2.15E1,5.7E1,-9.142157287525E1));
#5483=CARTESIAN_POINT('',(-2.15E1,5.7E1,-8.892157287525E1));
#5484=VERTEX_POINT('',#5482);
#5485=VERTEX_POINT('',#5483);
#5486=CARTESIAN_POINT('',(-3.55E1,-1.862252655418E1,-1.230463075899E2));
#5487=VERTEX_POINT('',#5486);
#5488=CARTESIAN_POINT('',(-3.55E1,-1.892331017564E1,-1.25E2));
#5489=VERTEX_POINT('',#5488);
#5490=CARTESIAN_POINT('',(-3.55E1,-2.398793448428E1,-1.210774927311E2));
#5491=VERTEX_POINT('',#5490);
#5492=CARTESIAN_POINT('',(-3.55E1,-2.437399573323E1,-1.21E2));
#5493=VERTEX_POINT('',#5492);
#5494=CARTESIAN_POINT('',(-3.55E1,-2.917157287525E1,-1.21E2));
#5495=VERTEX_POINT('',#5494);
#5496=CARTESIAN_POINT('',(-3.55E1,-3.017157287525E1,-1.22E2));
#5497=VERTEX_POINT('',#5496);
#5498=CARTESIAN_POINT('',(-3.55E1,-3.017157287525E1,-1.24E2));
#5499=VERTEX_POINT('',#5498);
#5500=CARTESIAN_POINT('',(-3.55E1,-2.917157287525E1,-1.25E2));
#5501=VERTEX_POINT('',#5500);
#5502=CARTESIAN_POINT('',(-2.825E1,-2.717157287525E1,-1.21E2));
#5503=CARTESIAN_POINT('',(-3.075E1,-2.717157287525E1,-1.21E2));
#5504=VERTEX_POINT('',#5502);
#5505=VERTEX_POINT('',#5503);
#5506=CARTESIAN_POINT('',(-2.025E1,-2.717157287525E1,-1.21E2));
#5507=CARTESIAN_POINT('',(-2.275E1,-2.717157287525E1,-1.21E2));
#5508=VERTEX_POINT('',#5506);
#5509=VERTEX_POINT('',#5507);
#5510=CARTESIAN_POINT('',(-4.5E0,4.287790070187E1,-9.250261837150E1));
#5511=CARTESIAN_POINT('',(-4.5E0,4.287790070187E1,-9.780261837150E1));
#5512=VERTEX_POINT('',#5510);
#5513=VERTEX_POINT('',#5511);
#5514=CARTESIAN_POINT('',(-5.E0,4.287790070187E1,-9.300261837150E1));
#5515=CARTESIAN_POINT('',(-5.E0,4.287790070187E1,-9.730261837150E1));
#5516=VERTEX_POINT('',#5514);
#5517=VERTEX_POINT('',#5515);
#5518=CARTESIAN_POINT('',(-4.5E0,5.3E1,-6.135E1));
#5519=CARTESIAN_POINT('',(-4.5E0,5.3E1,-6.665E1));
#5520=VERTEX_POINT('',#5518);
#5521=VERTEX_POINT('',#5519);
#5522=CARTESIAN_POINT('',(-5.E0,5.3E1,-6.185E1));
#5523=CARTESIAN_POINT('',(-5.E0,5.3E1,-6.615E1));
#5524=VERTEX_POINT('',#5522);
#5525=VERTEX_POINT('',#5523);
#5526=CARTESIAN_POINT('',(-4.5E0,4.287790070187E1,-3.019738162850E1));
#5527=CARTESIAN_POINT('',(-4.5E0,4.287790070187E1,-3.549738162850E1));
#5528=VERTEX_POINT('',#5526);
#5529=VERTEX_POINT('',#5527);
#5530=CARTESIAN_POINT('',(-5.E0,4.287790070187E1,-3.069738162850E1));
#5531=CARTESIAN_POINT('',(-5.E0,4.287790070187E1,-3.499738162850E1));
#5532=VERTEX_POINT('',#5530);
#5533=VERTEX_POINT('',#5531);
#5534=CARTESIAN_POINT('',(-4.5E0,1.637790070187E1,-1.094400463636E1));
#5535=CARTESIAN_POINT('',(-4.5E0,1.637790070187E1,-1.624400463636E1));
#5536=VERTEX_POINT('',#5534);
#5537=VERTEX_POINT('',#5535);
#5538=CARTESIAN_POINT('',(-5.E0,1.637790070187E1,-1.144400463636E1));
#5539=CARTESIAN_POINT('',(-5.E0,1.637790070187E1,-1.574400463636E1));
#5540=VERTEX_POINT('',#5538);
#5541=VERTEX_POINT('',#5539);
#5542=CARTESIAN_POINT('',(-4.5E0,-4.287790070187E1,-3.019738162850E1));
#5543=CARTESIAN_POINT('',(-4.5E0,-4.287790070187E1,-3.549738162850E1));
#5544=VERTEX_POINT('',#5542);
#5545=VERTEX_POINT('',#5543);
#5546=CARTESIAN_POINT('',(-5.E0,-4.287790070187E1,-3.069738162850E1));
#5547=CARTESIAN_POINT('',(-5.E0,-4.287790070187E1,-3.499738162850E1));
#5548=VERTEX_POINT('',#5546);
#5549=VERTEX_POINT('',#5547);
#5550=CARTESIAN_POINT('',(-4.5E0,-5.3E1,-6.665E1));
#5551=CARTESIAN_POINT('',(-4.5E0,-5.3E1,-6.135E1));
#5552=VERTEX_POINT('',#5550);
#5553=VERTEX_POINT('',#5551);
#5554=CARTESIAN_POINT('',(-5.E0,-5.3E1,-6.615E1));
#5555=CARTESIAN_POINT('',(-5.E0,-5.3E1,-6.185E1));
#5556=VERTEX_POINT('',#5554);
#5557=VERTEX_POINT('',#5555);
#5558=CARTESIAN_POINT('',(-4.5E0,-4.287790070187E1,-9.250261837150E1));
#5559=CARTESIAN_POINT('',(-4.5E0,-4.287790070187E1,-9.780261837150E1));
#5560=VERTEX_POINT('',#5558);
#5561=VERTEX_POINT('',#5559);
#5562=CARTESIAN_POINT('',(-5.E0,-4.287790070187E1,-9.300261837150E1));
#5563=CARTESIAN_POINT('',(-5.E0,-4.287790070187E1,-9.730261837150E1));
#5564=VERTEX_POINT('',#5562);
#5565=VERTEX_POINT('',#5563);
#5566=CARTESIAN_POINT('',(-4.96E1,3.7E1,0.E0));
#5567=CARTESIAN_POINT('',(-4.44E1,3.700000351584E1,0.E0));
#5568=VERTEX_POINT('',#5566);
#5569=VERTEX_POINT('',#5567);
#5570=CARTESIAN_POINT('',(-4.91E1,3.7E1,-5.E-1));
#5571=CARTESIAN_POINT('',(-4.49E1,3.700000283972E1,-5.E-1));
#5572=VERTEX_POINT('',#5570);
#5573=VERTEX_POINT('',#5571);
#5574=CARTESIAN_POINT('',(-2.66E1,3.7E1,0.E0));
#5575=CARTESIAN_POINT('',(-2.14E1,3.700000351584E1,0.E0));
#5576=VERTEX_POINT('',#5574);
#5577=VERTEX_POINT('',#5575);
#5578=CARTESIAN_POINT('',(-2.61E1,3.7E1,-5.E-1));
#5579=CARTESIAN_POINT('',(-2.19E1,3.700000283972E1,-5.E-1));
#5580=VERTEX_POINT('',#5578);
#5581=VERTEX_POINT('',#5579);
#5582=CARTESIAN_POINT('',(-1.06E1,3.7E1,0.E0));
#5583=CARTESIAN_POINT('',(-5.4E0,3.7E1,0.E0));
#5584=VERTEX_POINT('',#5582);
#5585=VERTEX_POINT('',#5583);
#5586=CARTESIAN_POINT('',(-1.01E1,3.7E1,-5.E-1));
#5587=CARTESIAN_POINT('',(-5.9E0,3.7E1,-5.E-1));
#5588=VERTEX_POINT('',#5586);
#5589=VERTEX_POINT('',#5587);
#5590=CARTESIAN_POINT('',(-4.96E1,-3.7E1,0.E0));
#5591=CARTESIAN_POINT('',(-4.44E1,-3.700000284782E1,0.E0));
#5592=VERTEX_POINT('',#5590);
#5593=VERTEX_POINT('',#5591);
#5594=CARTESIAN_POINT('',(-4.91E1,-3.7E1,-5.E-1));
#5595=CARTESIAN_POINT('',(-4.49E1,-3.700000230016E1,-5.E-1));
#5596=VERTEX_POINT('',#5594);
#5597=VERTEX_POINT('',#5595);
#5598=CARTESIAN_POINT('',(-2.66E1,-3.7E1,0.E0));
#5599=CARTESIAN_POINT('',(-2.14E1,-3.700000284782E1,0.E0));
#5600=VERTEX_POINT('',#5598);
#5601=VERTEX_POINT('',#5599);
#5602=CARTESIAN_POINT('',(-2.61E1,-3.7E1,-5.E-1));
#5603=CARTESIAN_POINT('',(-2.19E1,-3.700000230016E1,-5.E-1));
#5604=VERTEX_POINT('',#5602);
#5605=VERTEX_POINT('',#5603);
#5606=CARTESIAN_POINT('',(-1.06E1,-3.7E1,0.E0));
#5607=CARTESIAN_POINT('',(-5.4E0,-3.7E1,0.E0));
#5608=VERTEX_POINT('',#5606);
#5609=VERTEX_POINT('',#5607);
#5610=CARTESIAN_POINT('',(-1.01E1,-3.7E1,-5.E-1));
#5611=CARTESIAN_POINT('',(-5.9E0,-3.7E1,-5.E-1));
#5612=VERTEX_POINT('',#5610);
#5613=VERTEX_POINT('',#5611);
#5614=CARTESIAN_POINT('',(-2.15E1,-6.1E1,-9.192157287525E1));
#5615=CARTESIAN_POINT('',(-2.15E1,-6.1E1,-8.842157287525E1));
#5616=VERTEX_POINT('',#5614);
#5617=VERTEX_POINT('',#5615);
#5618=CARTESIAN_POINT('',(-2.15E1,-6.05E1,-9.142157287525E1));
#5619=CARTESIAN_POINT('',(-2.15E1,-6.05E1,-8.892157287525E1));
#5620=VERTEX_POINT('',#5618);
#5621=VERTEX_POINT('',#5619);
#5622=CARTESIAN_POINT('',(-2.95E1,-6.1E1,-9.192157287525E1));
#5623=CARTESIAN_POINT('',(-2.95E1,-6.1E1,-8.842157287525E1));
#5624=VERTEX_POINT('',#5622);
#5625=VERTEX_POINT('',#5623);
#5626=CARTESIAN_POINT('',(-2.95E1,-6.05E1,-9.142157287525E1));
#5627=CARTESIAN_POINT('',(-2.95E1,-6.05E1,-8.892157287525E1));
#5628=VERTEX_POINT('',#5626);
#5629=VERTEX_POINT('',#5627);
#5630=CARTESIAN_POINT('',(-2.325E1,-2.717157287525E1,-1.25E2));
#5631=CARTESIAN_POINT('',(-1.975E1,-2.717157287525E1,-1.25E2));
#5632=VERTEX_POINT('',#5630);
#5633=VERTEX_POINT('',#5631);
#5634=CARTESIAN_POINT('',(-2.275E1,-2.717157287525E1,-1.245E2));
#5635=CARTESIAN_POINT('',(-2.025E1,-2.717157287525E1,-1.245E2));
#5636=VERTEX_POINT('',#5634);
#5637=VERTEX_POINT('',#5635);
#5638=CARTESIAN_POINT('',(-3.125E1,-2.717157287525E1,-1.25E2));
#5639=CARTESIAN_POINT('',(-2.775E1,-2.717157287525E1,-1.25E2));
#5640=VERTEX_POINT('',#5638);
#5641=VERTEX_POINT('',#5639);
#5642=CARTESIAN_POINT('',(-3.075E1,-2.717157287525E1,-1.245E2));
#5643=CARTESIAN_POINT('',(-2.825E1,-2.717157287525E1,-1.245E2));
#5644=VERTEX_POINT('',#5642);
#5645=VERTEX_POINT('',#5643);
#5646=CARTESIAN_POINT('',(-2.15E1,6.1E1,-9.192157287525E1));
#5647=CARTESIAN_POINT('',(-2.15E1,6.1E1,-8.842157287525E1));
#5648=VERTEX_POINT('',#5646);
#5649=VERTEX_POINT('',#5647);
#5650=CARTESIAN_POINT('',(-2.15E1,6.05E1,-9.142157287525E1));
#5651=CARTESIAN_POINT('',(-2.15E1,6.05E1,-8.892157287525E1));
#5652=VERTEX_POINT('',#5650);
#5653=VERTEX_POINT('',#5651);
#5654=CARTESIAN_POINT('',(-2.95E1,6.1E1,-8.842157287525E1));
#5655=CARTESIAN_POINT('',(-2.95E1,6.1E1,-9.192157287525E1));
#5656=VERTEX_POINT('',#5654);
#5657=VERTEX_POINT('',#5655);
#5658=CARTESIAN_POINT('',(-2.95E1,6.05E1,-8.892157287525E1));
#5659=CARTESIAN_POINT('',(-2.95E1,6.05E1,-9.142157287525E1));
#5660=VERTEX_POINT('',#5658);
#5661=VERTEX_POINT('',#5659);
#5662=CARTESIAN_POINT('',(0.E0,-3.816116523517E1,-1.174232233047E2));
#5663=CARTESIAN_POINT('',(0.E0,-3.816116523517E1,-1.122232233047E2));
#5664=VERTEX_POINT('',#5662);
#5665=VERTEX_POINT('',#5663);
#5666=CARTESIAN_POINT('',(-5.E-1,-3.816116523517E1,-1.169232233047E2));
#5667=CARTESIAN_POINT('',(-5.E-1,-3.816116523517E1,-1.127232233047E2));
#5668=VERTEX_POINT('',#5666);
#5669=VERTEX_POINT('',#5667);
#5670=CARTESIAN_POINT('',(0.E0,5.153906555819E1,-9.884532298170E1));
#5671=CARTESIAN_POINT('',(0.E0,5.153906555819E1,-1.040453229817E2));
#5672=VERTEX_POINT('',#5670);
#5673=VERTEX_POINT('',#5671);
#5674=CARTESIAN_POINT('',(-5.E-1,5.153906555819E1,-9.934532298170E1));
#5675=CARTESIAN_POINT('',(-5.E-1,5.153906555819E1,-1.035453229817E2));
#5676=VERTEX_POINT('',#5674);
#5677=VERTEX_POINT('',#5675);
#5678=CARTESIAN_POINT('',(0.E0,-5.082322330470E1,-9.956116523520E1));
#5679=CARTESIAN_POINT('',(0.E0,-5.082322330470E1,-1.047611652352E2));
#5680=VERTEX_POINT('',#5678);
#5681=VERTEX_POINT('',#5679);
#5682=CARTESIAN_POINT('',(-5.E-1,-5.082322330470E1,-1.000611652352E2));
#5683=CARTESIAN_POINT('',(-5.E-1,-5.082322330470E1,-1.042611652352E2));
#5684=VERTEX_POINT('',#5682);
#5685=VERTEX_POINT('',#5683);
#5686=CARTESIAN_POINT('',(-1.55E1,-5.082322330470E1,-9.956116523520E1));
#5687=CARTESIAN_POINT('',(-1.55E1,-5.082322330470E1,-1.047611652352E2));
#5688=VERTEX_POINT('',#5686);
#5689=VERTEX_POINT('',#5687);
#5690=CARTESIAN_POINT('',(-1.5E1,-5.082322330470E1,-1.000611652352E2));
#5691=CARTESIAN_POINT('',(-1.5E1,-5.082322330470E1,-1.042611652352E2));
#5692=VERTEX_POINT('',#5690);
#5693=VERTEX_POINT('',#5691);
#5694=CARTESIAN_POINT('',(-1.55E1,-3.816116523517E1,-1.174232233047E2));
#5695=CARTESIAN_POINT('',(-1.55E1,-3.816116523517E1,-1.122232233047E2));
#5696=VERTEX_POINT('',#5694);
#5697=VERTEX_POINT('',#5695);
#5698=CARTESIAN_POINT('',(-1.5E1,-3.816116523517E1,-1.169232233047E2));
#5699=CARTESIAN_POINT('',(-1.5E1,-3.816116523517E1,-1.127232233047E2));
#5700=VERTEX_POINT('',#5698);
#5701=VERTEX_POINT('',#5699);
#5702=CARTESIAN_POINT('',(-1.499999999282E1,5.153906551409E1,
-1.035453229745E2));
#5703=VERTEX_POINT('',#5702);
#5704=CARTESIAN_POINT('',(-1.499999999282E1,5.153906560229E1,
-9.934532298888E1));
#5705=VERTEX_POINT('',#5704);
#5706=CARTESIAN_POINT('',(-1.55E1,5.153906555819E1,-9.884532298170E1));
#5707=CARTESIAN_POINT('',(-1.55E1,5.153906555819E1,-1.040453229817E2));
#5708=VERTEX_POINT('',#5706);
#5709=VERTEX_POINT('',#5707);
#5710=CARTESIAN_POINT('',(-1.5498E1,0.E0,-6.4E1));
#5711=DIRECTION('',(-1.E0,0.E0,0.E0));
#5712=DIRECTION('',(0.E0,0.E0,-1.E0));
#5713=AXIS2_PLACEMENT_3D('',#5710,#5711,#5712);
#5714=CYLINDRICAL_SURFACE('',#5713,6.1E1);
#5716=ORIENTED_EDGE('',*,*,#5715,.T.);
#5718=ORIENTED_EDGE('',*,*,#5717,.F.);
#5720=ORIENTED_EDGE('',*,*,#5719,.F.);
#5722=ORIENTED_EDGE('',*,*,#5721,.T.);
#5724=ORIENTED_EDGE('',*,*,#5723,.F.);
#5726=ORIENTED_EDGE('',*,*,#5725,.F.);
#5727=EDGE_LOOP('',(#5716,#5718,#5720,#5722,#5724,#5726));
#5728=FACE_OUTER_BOUND('',#5727,.F.);
#5730=ORIENTED_EDGE('',*,*,#5729,.F.);
#5732=ORIENTED_EDGE('',*,*,#5731,.T.);
#5733=EDGE_LOOP('',(#5730,#5732));
#5734=FACE_BOUND('',#5733,.F.);
#5736=ORIENTED_EDGE('',*,*,#5735,.T.);
#5738=ORIENTED_EDGE('',*,*,#5737,.F.);
#5739=EDGE_LOOP('',(#5736,#5738));
#5740=FACE_BOUND('',#5739,.F.);
#5742=ORIENTED_EDGE('',*,*,#5741,.F.);
#5744=ORIENTED_EDGE('',*,*,#5743,.T.);
#5745=EDGE_LOOP('',(#5742,#5744));
#5746=FACE_BOUND('',#5745,.F.);
#5748=ORIENTED_EDGE('',*,*,#5747,.T.);
#5750=ORIENTED_EDGE('',*,*,#5749,.F.);
#5751=EDGE_LOOP('',(#5748,#5750));
#5752=FACE_BOUND('',#5751,.F.);
#5753=ADVANCED_FACE('',(#5728,#5734,#5740,#5746,#5752),#5714,.F.);
#5754=CARTESIAN_POINT('',(-1.5498E1,-6.1E1,-8.558578643763E1));
#5755=DIRECTION('',(0.E0,-1.E0,0.E0));
#5756=DIRECTION('',(0.E0,0.E0,-1.E0));
#5757=AXIS2_PLACEMENT_3D('',#5754,#5755,#5756);
#5758=PLANE('',#5757);
#5760=ORIENTED_EDGE('',*,*,#5759,.T.);
#5761=ORIENTED_EDGE('',*,*,#5715,.F.);
#5763=ORIENTED_EDGE('',*,*,#5762,.T.);
#5765=ORIENTED_EDGE('',*,*,#5764,.F.);
#5766=EDGE_LOOP('',(#5760,#5761,#5763,#5765));
#5767=FACE_OUTER_BOUND('',#5766,.F.);
#5768=ADVANCED_FACE('',(#5767),#5758,.F.);
#5769=CARTESIAN_POINT('',(-1.55E1,0.E0,-6.4E1));
#5770=DIRECTION('',(-1.E0,0.E0,0.E0));
#5771=DIRECTION('',(0.E0,1.E0,0.E0));
#5772=AXIS2_PLACEMENT_3D('',#5769,#5770,#5771);
#5773=PLANE('',#5772);
#5774=ORIENTED_EDGE('',*,*,#5717,.T.);
#5775=ORIENTED_EDGE('',*,*,#5759,.F.);
#5777=ORIENTED_EDGE('',*,*,#5776,.T.);
#5779=ORIENTED_EDGE('',*,*,#5778,.T.);
#5781=ORIENTED_EDGE('',*,*,#5780,.T.);
#5783=ORIENTED_EDGE('',*,*,#5782,.T.);
#5785=ORIENTED_EDGE('',*,*,#5784,.T.);
#5787=ORIENTED_EDGE('',*,*,#5786,.F.);
#5789=ORIENTED_EDGE('',*,*,#5788,.T.);
#5791=ORIENTED_EDGE('',*,*,#5790,.T.);
#5793=ORIENTED_EDGE('',*,*,#5792,.T.);
#5795=ORIENTED_EDGE('',*,*,#5794,.F.);
#5797=ORIENTED_EDGE('',*,*,#5796,.T.);
#5799=ORIENTED_EDGE('',*,*,#5798,.T.);
#5800=ORIENTED_EDGE('',*,*,#5719,.T.);
#5801=EDGE_LOOP('',(#5774,#5775,#5777,#5779,#5781,#5783,#5785,#5787,#5789,#5791,
#5793,#5795,#5797,#5799,#5800));
#5802=FACE_OUTER_BOUND('',#5801,.F.);
#5804=ORIENTED_EDGE('',*,*,#5803,.T.);
#5806=ORIENTED_EDGE('',*,*,#5805,.T.);
#5808=ORIENTED_EDGE('',*,*,#5807,.T.);
#5810=ORIENTED_EDGE('',*,*,#5809,.T.);
#5812=ORIENTED_EDGE('',*,*,#5811,.T.);
#5814=ORIENTED_EDGE('',*,*,#5813,.T.);
#5816=ORIENTED_EDGE('',*,*,#5815,.T.);
#5818=ORIENTED_EDGE('',*,*,#5817,.T.);
#5820=ORIENTED_EDGE('',*,*,#5819,.T.);
#5822=ORIENTED_EDGE('',*,*,#5821,.T.);
#5824=ORIENTED_EDGE('',*,*,#5823,.T.);
#5826=ORIENTED_EDGE('',*,*,#5825,.T.);
#5828=ORIENTED_EDGE('',*,*,#5827,.T.);
#5829=EDGE_LOOP('',(#5804,#5806,#5808,#5810,#5812,#5814,#5816,#5818,#5820,#5822,
#5824,#5826,#5828));
#5830=FACE_BOUND('',#5829,.F.);
#5832=ORIENTED_EDGE('',*,*,#5831,.T.);
#5834=ORIENTED_EDGE('',*,*,#5833,.T.);
#5836=ORIENTED_EDGE('',*,*,#5835,.T.);
#5838=ORIENTED_EDGE('',*,*,#5837,.T.);
#5840=ORIENTED_EDGE('',*,*,#5839,.T.);
#5842=ORIENTED_EDGE('',*,*,#5841,.T.);
#5844=ORIENTED_EDGE('',*,*,#5843,.T.);
#5846=ORIENTED_EDGE('',*,*,#5845,.T.);
#5848=ORIENTED_EDGE('',*,*,#5847,.T.);
#5849=EDGE_LOOP('',(#5832,#5834,#5836,#5838,#5840,#5842,#5844,#5846,#5848));
#5850=FACE_BOUND('',#5849,.F.);
#5852=ORIENTED_EDGE('',*,*,#5851,.T.);
#5854=ORIENTED_EDGE('',*,*,#5853,.T.);
#5856=ORIENTED_EDGE('',*,*,#5855,.T.);
#5858=ORIENTED_EDGE('',*,*,#5857,.F.);
#5860=ORIENTED_EDGE('',*,*,#5859,.T.);
#5862=ORIENTED_EDGE('',*,*,#5861,.F.);
#5864=ORIENTED_EDGE('',*,*,#5863,.T.);
#5866=ORIENTED_EDGE('',*,*,#5865,.F.);
#5868=ORIENTED_EDGE('',*,*,#5867,.T.);
#5869=EDGE_LOOP('',(#5852,#5854,#5856,#5858,#5860,#5862,#5864,#5866,#5868));
#5870=FACE_BOUND('',#5869,.F.);
#5872=ORIENTED_EDGE('',*,*,#5871,.T.);
#5874=ORIENTED_EDGE('',*,*,#5873,.T.);
#5875=EDGE_LOOP('',(#5872,#5874));
#5876=FACE_BOUND('',#5875,.F.);
#5878=ORIENTED_EDGE('',*,*,#5877,.T.);
#5880=ORIENTED_EDGE('',*,*,#5879,.T.);
#5881=EDGE_LOOP('',(#5878,#5880));
#5882=FACE_BOUND('',#5881,.F.);
#5884=ORIENTED_EDGE('',*,*,#5883,.T.);
#5886=ORIENTED_EDGE('',*,*,#5885,.T.);
#5887=EDGE_LOOP('',(#5884,#5886));
#5888=FACE_BOUND('',#5887,.F.);
#5890=ORIENTED_EDGE('',*,*,#5889,.T.);
#5892=ORIENTED_EDGE('',*,*,#5891,.T.);
#5893=EDGE_LOOP('',(#5890,#5892));
#5894=FACE_BOUND('',#5893,.F.);
#5896=ORIENTED_EDGE('',*,*,#5895,.T.);
#5898=ORIENTED_EDGE('',*,*,#5897,.T.);
#5899=EDGE_LOOP('',(#5896,#5898));
#5900=FACE_BOUND('',#5899,.F.);
#5902=ORIENTED_EDGE('',*,*,#5901,.T.);
#5904=ORIENTED_EDGE('',*,*,#5903,.T.);
#5905=EDGE_LOOP('',(#5902,#5904));
#5906=FACE_BOUND('',#5905,.F.);
#5908=ORIENTED_EDGE('',*,*,#5907,.T.);
#5910=ORIENTED_EDGE('',*,*,#5909,.T.);
#5911=EDGE_LOOP('',(#5908,#5910));
#5912=FACE_BOUND('',#5911,.F.);
#5914=ORIENTED_EDGE('',*,*,#5913,.T.);
#5916=ORIENTED_EDGE('',*,*,#5915,.T.);
#5917=EDGE_LOOP('',(#5914,#5916));
#5918=FACE_BOUND('',#5917,.F.);
#5920=ORIENTED_EDGE('',*,*,#5919,.T.);
#5922=ORIENTED_EDGE('',*,*,#5921,.T.);
#5924=ORIENTED_EDGE('',*,*,#5923,.T.);
#5926=ORIENTED_EDGE('',*,*,#5925,.T.);
#5928=ORIENTED_EDGE('',*,*,#5927,.T.);
#5930=ORIENTED_EDGE('',*,*,#5929,.T.);
#5932=ORIENTED_EDGE('',*,*,#5931,.T.);
#5934=ORIENTED_EDGE('',*,*,#5933,.T.);
#5935=EDGE_LOOP('',(#5920,#5922,#5924,#5926,#5928,#5930,#5932,#5934));
#5936=FACE_BOUND('',#5935,.F.);
#5938=ORIENTED_EDGE('',*,*,#5937,.F.);
#5940=ORIENTED_EDGE('',*,*,#5939,.F.);
#5941=EDGE_LOOP('',(#5938,#5940));
#5942=FACE_BOUND('',#5941,.F.);
#5944=ORIENTED_EDGE('',*,*,#5943,.F.);
#5946=ORIENTED_EDGE('',*,*,#5945,.F.);
#5947=EDGE_LOOP('',(#5944,#5946));
#5948=FACE_BOUND('',#5947,.F.);
#5950=ORIENTED_EDGE('',*,*,#5949,.F.);
#5952=ORIENTED_EDGE('',*,*,#5951,.F.);
#5953=EDGE_LOOP('',(#5950,#5952));
#5954=FACE_BOUND('',#5953,.F.);
#5955=ADVANCED_FACE('',(#5802,#5830,#5850,#5870,#5876,#5882,#5888,#5894,#5900,
#5906,#5912,#5918,#5936,#5942,#5948,#5954),#5773,.T.);
#5956=CARTESIAN_POINT('',(-1.621471783578E1,6.3002E1,-7.3E1));
#5957=DIRECTION('',(0.E0,0.E0,1.E0));
#5958=DIRECTION('',(-1.E0,0.E0,0.E0));
#5959=AXIS2_PLACEMENT_3D('',#5956,#5957,#5958);
#5960=PLANE('',#5959);
#5961=ORIENTED_EDGE('',*,*,#5776,.F.);
#5962=ORIENTED_EDGE('',*,*,#5764,.T.);
#5964=ORIENTED_EDGE('',*,*,#5963,.T.);
#5966=ORIENTED_EDGE('',*,*,#5965,.T.);
#5967=EDGE_LOOP('',(#5961,#5962,#5964,#5966));
#5968=FACE_OUTER_BOUND('',#5967,.F.);
#5969=ADVANCED_FACE('',(#5968),#5960,.F.);
#5970=CARTESIAN_POINT('',(-6.3E1,0.E0,-6.4E1));
#5971=DIRECTION('',(-1.E0,0.E0,0.E0));
#5972=DIRECTION('',(0.E0,1.E0,0.E0));
#5973=AXIS2_PLACEMENT_3D('',#5970,#5971,#5972);
#5974=PLANE('',#5973);
#5975=ORIENTED_EDGE('',*,*,#5762,.F.);
#5976=ORIENTED_EDGE('',*,*,#5725,.T.);
#5977=ORIENTED_EDGE('',*,*,#5723,.T.);
#5979=ORIENTED_EDGE('',*,*,#5978,.T.);
#5981=ORIENTED_EDGE('',*,*,#5980,.F.);
#5983=ORIENTED_EDGE('',*,*,#5982,.F.);
#5985=ORIENTED_EDGE('',*,*,#5984,.T.);
#5987=ORIENTED_EDGE('',*,*,#5986,.T.);
#5989=ORIENTED_EDGE('',*,*,#5988,.F.);
#5991=ORIENTED_EDGE('',*,*,#5990,.T.);
#5993=ORIENTED_EDGE('',*,*,#5992,.T.);
#5995=ORIENTED_EDGE('',*,*,#5994,.T.);
#5996=ORIENTED_EDGE('',*,*,#5963,.F.);
#5997=EDGE_LOOP('',(#5975,#5976,#5977,#5979,#5981,#5983,#5985,#5987,#5989,#5991,
#5993,#5995,#5996));
#5998=FACE_OUTER_BOUND('',#5997,.F.);
#6000=ORIENTED_EDGE('',*,*,#5999,.T.);
#6002=ORIENTED_EDGE('',*,*,#6001,.T.);
#6004=ORIENTED_EDGE('',*,*,#6003,.T.);
#6006=ORIENTED_EDGE('',*,*,#6005,.T.);
#6008=ORIENTED_EDGE('',*,*,#6007,.T.);
#6010=ORIENTED_EDGE('',*,*,#6009,.T.);
#6012=ORIENTED_EDGE('',*,*,#6011,.T.);
#6014=ORIENTED_EDGE('',*,*,#6013,.T.);
#6015=EDGE_LOOP('',(#6000,#6002,#6004,#6006,#6008,#6010,#6012,#6014));
#6016=FACE_BOUND('',#6015,.F.);
#6017=ADVANCED_FACE('',(#5998,#6016),#5974,.T.);
#6018=CARTESIAN_POINT('',(-1.5498E1,6.1E1,-8.558578643763E1));
#6019=DIRECTION('',(0.E0,-1.E0,0.E0));
#6020=DIRECTION('',(0.E0,0.E0,-1.E0));
#6021=AXIS2_PLACEMENT_3D('',#6018,#6019,#6020);
#6022=PLANE('',#6021);
#6024=ORIENTED_EDGE('',*,*,#6023,.T.);
#6025=ORIENTED_EDGE('',*,*,#5978,.F.);
#6026=ORIENTED_EDGE('',*,*,#5721,.F.);
#6027=ORIENTED_EDGE('',*,*,#5798,.F.);
#6028=EDGE_LOOP('',(#6024,#6025,#6026,#6027));
#6029=FACE_OUTER_BOUND('',#6028,.F.);
#6030=ADVANCED_FACE('',(#6029),#6022,.T.);
#6031=CARTESIAN_POINT('',(-1.621471783578E1,6.3002E1,-7.3E1));
#6032=DIRECTION('',(0.E0,0.E0,1.E0));
#6033=DIRECTION('',(-1.E0,0.E0,0.E0));
#6034=AXIS2_PLACEMENT_3D('',#6031,#6032,#6033);
#6035=PLANE('',#6034);
#6036=ORIENTED_EDGE('',*,*,#6023,.F.);
#6037=ORIENTED_EDGE('',*,*,#5796,.F.);
#6039=ORIENTED_EDGE('',*,*,#6038,.F.);
#6040=ORIENTED_EDGE('',*,*,#5980,.T.);
#6041=EDGE_LOOP('',(#6036,#6037,#6039,#6040));
#6042=FACE_OUTER_BOUND('',#6041,.F.);
#6043=ADVANCED_FACE('',(#6042),#6035,.F.);
#6044=CARTESIAN_POINT('',(-6.3002E1,6.3E1,-8.85E1));
#6045=DIRECTION('',(0.E0,1.E0,0.E0));
#6046=DIRECTION('',(0.E0,0.E0,1.E0));
#6047=AXIS2_PLACEMENT_3D('',#6044,#6045,#6046);
#6048=PLANE('',#6047);
#6050=ORIENTED_EDGE('',*,*,#6049,.F.);
#6052=ORIENTED_EDGE('',*,*,#6051,.F.);
#6054=ORIENTED_EDGE('',*,*,#6053,.F.);
#6055=ORIENTED_EDGE('',*,*,#5982,.T.);
#6056=ORIENTED_EDGE('',*,*,#6038,.T.);
#6057=ORIENTED_EDGE('',*,*,#5794,.T.);
#6058=EDGE_LOOP('',(#6050,#6052,#6054,#6055,#6056,#6057));
#6059=FACE_OUTER_BOUND('',#6058,.F.);
#6060=ADVANCED_FACE('',(#6059),#6048,.T.);
#6061=CARTESIAN_POINT('',(-6.3002E1,5.1E1,-9.402943725152E1));
#6062=DIRECTION('',(1.E0,0.E0,0.E0));
#6063=DIRECTION('',(0.E0,0.E0,1.E0));
#6064=AXIS2_PLACEMENT_3D('',#6061,#6062,#6063);
#6065=CYLINDRICAL_SURFACE('',#6064,1.2E1);
#6067=ORIENTED_EDGE('',*,*,#6066,.T.);
#6069=ORIENTED_EDGE('',*,*,#6068,.F.);
#6070=ORIENTED_EDGE('',*,*,#6049,.T.);
#6071=ORIENTED_EDGE('',*,*,#5792,.F.);
#6072=EDGE_LOOP('',(#6067,#6069,#6070,#6071));
#6073=FACE_OUTER_BOUND('',#6072,.F.);
#6074=ADVANCED_FACE('',(#6073),#6065,.T.);
#6075=CARTESIAN_POINT('',(-1.285712569798E3,4.9E1,-1.13E2));
#6076=DIRECTION('',(0.E0,7.071067811865E-1,-7.071067811865E-1));
#6077=DIRECTION('',(0.E0,7.071067811865E-1,7.071067811865E-1));
#6078=AXIS2_PLACEMENT_3D('',#6075,#6076,#6077);
#6079=PLANE('',#6078);
#6081=ORIENTED_EDGE('',*,*,#6080,.F.);
#6083=ORIENTED_EDGE('',*,*,#6082,.F.);
#6084=ORIENTED_EDGE('',*,*,#6066,.F.);
#6085=ORIENTED_EDGE('',*,*,#5790,.F.);
#6086=EDGE_LOOP('',(#6081,#6083,#6084,#6085));
#6087=FACE_OUTER_BOUND('',#6086,.F.);
#6088=ADVANCED_FACE('',(#6087),#6079,.T.);
#6089=CARTESIAN_POINT('',(-1.285712569798E3,3.002943725152E1,-1.15E2));
#6090=DIRECTION('',(-1.E0,0.E0,0.E0));
#6091=DIRECTION('',(0.E0,0.E0,-1.E0));
#6092=AXIS2_PLACEMENT_3D('',#6089,#6090,#6091);
#6093=CYLINDRICAL_SURFACE('',#6092,1.2E1);
#6095=ORIENTED_EDGE('',*,*,#6094,.T.);
#6097=ORIENTED_EDGE('',*,*,#6096,.F.);
#6098=ORIENTED_EDGE('',*,*,#6080,.T.);
#6099=ORIENTED_EDGE('',*,*,#5788,.F.);
#6100=EDGE_LOOP('',(#6095,#6097,#6098,#6099));
#6101=FACE_OUTER_BOUND('',#6100,.F.);
#6102=ADVANCED_FACE('',(#6101),#6093,.T.);
#6103=CARTESIAN_POINT('',(-6.3002E1,-3.15E1,-1.27E2));
#6104=DIRECTION('',(0.E0,0.E0,1.E0));
#6105=DIRECTION('',(-1.E0,0.E0,0.E0));
#6106=AXIS2_PLACEMENT_3D('',#6103,#6104,#6105);
#6107=PLANE('',#6106);
#6109=ORIENTED_EDGE('',*,*,#6108,.F.);
#6111=ORIENTED_EDGE('',*,*,#6110,.T.);
#6112=ORIENTED_EDGE('',*,*,#6094,.F.);
#6113=ORIENTED_EDGE('',*,*,#5786,.T.);
#6114=EDGE_LOOP('',(#6109,#6111,#6112,#6113));
#6115=FACE_OUTER_BOUND('',#6114,.F.);
#6116=ADVANCED_FACE('',(#6115),#6107,.F.);
#6117=CARTESIAN_POINT('',(-6.3002E1,-3.002943725152E1,-1.15E2));
#6118=DIRECTION('',(-1.E0,0.E0,0.E0));
#6119=DIRECTION('',(0.E0,0.E0,-1.E0));
#6120=AXIS2_PLACEMENT_3D('',#6117,#6118,#6119);
#6121=CYLINDRICAL_SURFACE('',#6120,1.2E1);
#6123=ORIENTED_EDGE('',*,*,#6122,.T.);
#6125=ORIENTED_EDGE('',*,*,#6124,.F.);
#6126=ORIENTED_EDGE('',*,*,#6108,.T.);
#6127=ORIENTED_EDGE('',*,*,#5784,.F.);
#6128=EDGE_LOOP('',(#6123,#6125,#6126,#6127));
#6129=FACE_OUTER_BOUND('',#6128,.F.);
#6130=ADVANCED_FACE('',(#6129),#6121,.T.);
#6131=CARTESIAN_POINT('',(-1.285712569798E3,-4.9E1,-1.13E2));
#6132=DIRECTION('',(0.E0,-7.071067811865E-1,-7.071067811865E-1));
#6133=DIRECTION('',(0.E0,7.071067811865E-1,-7.071067811865E-1));
#6134=AXIS2_PLACEMENT_3D('',#6131,#6132,#6133);
#6135=PLANE('',#6134);
#6137=ORIENTED_EDGE('',*,*,#6136,.F.);
#6139=ORIENTED_EDGE('',*,*,#6138,.F.);
#6140=ORIENTED_EDGE('',*,*,#6122,.F.);
#6141=ORIENTED_EDGE('',*,*,#5782,.F.);
#6142=EDGE_LOOP('',(#6137,#6139,#6140,#6141));
#6143=FACE_OUTER_BOUND('',#6142,.F.);
#6144=ADVANCED_FACE('',(#6143),#6135,.T.);
#6145=CARTESIAN_POINT('',(-1.285712569798E3,-5.1E1,-9.402943725152E1));
#6146=DIRECTION('',(-1.E0,0.E0,0.E0));
#6147=DIRECTION('',(0.E0,0.E0,-1.E0));
#6148=AXIS2_PLACEMENT_3D('',#6145,#6146,#6147);
#6149=CYLINDRICAL_SURFACE('',#6148,1.2E1);
#6151=ORIENTED_EDGE('',*,*,#6150,.T.);
#6153=ORIENTED_EDGE('',*,*,#6152,.F.);
#6154=ORIENTED_EDGE('',*,*,#6136,.T.);
#6155=ORIENTED_EDGE('',*,*,#5780,.F.);
#6156=EDGE_LOOP('',(#6151,#6153,#6154,#6155));
#6157=FACE_OUTER_BOUND('',#6156,.F.);
#6158=ADVANCED_FACE('',(#6157),#6149,.T.);
#6159=CARTESIAN_POINT('',(-6.3002E1,-6.3E1,-8.85E1));
#6160=DIRECTION('',(0.E0,1.E0,0.E0));
#6161=DIRECTION('',(0.E0,0.E0,1.E0));
#6162=AXIS2_PLACEMENT_3D('',#6159,#6160,#6161);
#6163=PLANE('',#6162);
#6165=ORIENTED_EDGE('',*,*,#6164,.F.);
#6167=ORIENTED_EDGE('',*,*,#6166,.T.);
#6168=ORIENTED_EDGE('',*,*,#6150,.F.);
#6169=ORIENTED_EDGE('',*,*,#5778,.F.);
#6170=ORIENTED_EDGE('',*,*,#5965,.F.);
#6171=ORIENTED_EDGE('',*,*,#5994,.F.);
#6172=EDGE_LOOP('',(#6165,#6167,#6168,#6169,#6170,#6171));
#6173=FACE_OUTER_BOUND('',#6172,.F.);
#6174=ADVANCED_FACE('',(#6173),#6163,.F.);
#6175=CARTESIAN_POINT('',(-6.3002E1,-5.1E1,-5.035967658189E1));
#6176=DIRECTION('',(1.E0,0.E0,0.E0));
#6177=DIRECTION('',(0.E0,0.E0,1.E0));
#6178=AXIS2_PLACEMENT_3D('',#6175,#6176,#6177);
#6179=CYLINDRICAL_SURFACE('',#6178,1.2E1);
#6181=ORIENTED_EDGE('',*,*,#6180,.T.);
#6183=ORIENTED_EDGE('',*,*,#6182,.F.);
#6184=ORIENTED_EDGE('',*,*,#6164,.T.);
#6185=ORIENTED_EDGE('',*,*,#5992,.F.);
#6186=EDGE_LOOP('',(#6181,#6183,#6184,#6185));
#6187=FACE_OUTER_BOUND('',#6186,.F.);
#6188=ADVANCED_FACE('',(#6187),#6179,.T.);
#6189=CARTESIAN_POINT('',(-6.3002E1,-6.15E1,-2.5E1));
#6190=DIRECTION('',(0.E0,9.982048454658E-1,-5.989229072795E-2));
#6191=DIRECTION('',(0.E0,5.989229072795E-2,9.982048454658E-1));
#6192=AXIS2_PLACEMENT_3D('',#6189,#6190,#6191);
#6193=PLANE('',#6192);
#6195=ORIENTED_EDGE('',*,*,#6194,.T.);
#6197=ORIENTED_EDGE('',*,*,#6196,.T.);
#6199=ORIENTED_EDGE('',*,*,#6198,.F.);
#6200=ORIENTED_EDGE('',*,*,#6180,.F.);
#6201=ORIENTED_EDGE('',*,*,#5990,.F.);
#6202=EDGE_LOOP('',(#6195,#6197,#6199,#6200,#6201));
#6203=FACE_OUTER_BOUND('',#6202,.F.);
#6204=ADVANCED_FACE('',(#6203),#6193,.F.);
#6205=CARTESIAN_POINT('',(-6.3002E1,0.E0,0.E0));
#6206=DIRECTION('',(0.E0,0.E0,1.E0));
#6207=DIRECTION('',(0.E0,-1.E0,0.E0));
#6208=AXIS2_PLACEMENT_3D('',#6205,#6206,#6207);
#6209=PLANE('',#6208);
#6211=ORIENTED_EDGE('',*,*,#6210,.T.);
#6213=ORIENTED_EDGE('',*,*,#6212,.T.);
#6215=ORIENTED_EDGE('',*,*,#6214,.F.);
#6217=ORIENTED_EDGE('',*,*,#6216,.T.);
#6219=ORIENTED_EDGE('',*,*,#6218,.F.);
#6221=ORIENTED_EDGE('',*,*,#6220,.T.);
#6223=ORIENTED_EDGE('',*,*,#6222,.F.);
#6225=ORIENTED_EDGE('',*,*,#6224,.T.);
#6226=ORIENTED_EDGE('',*,*,#6194,.F.);
#6227=ORIENTED_EDGE('',*,*,#5988,.T.);
#6228=EDGE_LOOP('',(#6211,#6213,#6215,#6217,#6219,#6221,#6223,#6225,#6226,
#6227));
#6229=FACE_OUTER_BOUND('',#6228,.F.);
#6231=ORIENTED_EDGE('',*,*,#6230,.F.);
#6233=ORIENTED_EDGE('',*,*,#6232,.F.);
#6234=EDGE_LOOP('',(#6231,#6233));
#6235=FACE_BOUND('',#6234,.F.);
#6237=ORIENTED_EDGE('',*,*,#6236,.F.);
#6239=ORIENTED_EDGE('',*,*,#6238,.F.);
#6240=EDGE_LOOP('',(#6237,#6239));
#6241=FACE_BOUND('',#6240,.F.);
#6243=ORIENTED_EDGE('',*,*,#6242,.F.);
#6245=ORIENTED_EDGE('',*,*,#6244,.F.);
#6246=EDGE_LOOP('',(#6243,#6245));
#6247=FACE_BOUND('',#6246,.F.);
#6249=ORIENTED_EDGE('',*,*,#6248,.F.);
#6251=ORIENTED_EDGE('',*,*,#6250,.F.);
#6252=EDGE_LOOP('',(#6249,#6251));
#6253=FACE_BOUND('',#6252,.F.);
#6255=ORIENTED_EDGE('',*,*,#6254,.F.);
#6257=ORIENTED_EDGE('',*,*,#6256,.F.);
#6258=EDGE_LOOP('',(#6255,#6257));
#6259=FACE_BOUND('',#6258,.F.);
#6261=ORIENTED_EDGE('',*,*,#6260,.F.);
#6263=ORIENTED_EDGE('',*,*,#6262,.F.);
#6264=EDGE_LOOP('',(#6261,#6263));
#6265=FACE_BOUND('',#6264,.F.);
#6266=ADVANCED_FACE('',(#6229,#6235,#6241,#6247,#6253,#6259,#6265),#6209,.T.);
#6267=CARTESIAN_POINT('',(-6.3002E1,6.15E1,-2.5E1));
#6268=DIRECTION('',(0.E0,9.982048454658E-1,5.989229072795E-2));
#6269=DIRECTION('',(0.E0,-5.989229072795E-2,9.982048454658E-1));
#6270=AXIS2_PLACEMENT_3D('',#6267,#6268,#6269);
#6271=PLANE('',#6270);
#6273=ORIENTED_EDGE('',*,*,#6272,.F.);
#6275=ORIENTED_EDGE('',*,*,#6274,.T.);
#6276=ORIENTED_EDGE('',*,*,#6210,.F.);
#6277=ORIENTED_EDGE('',*,*,#5986,.F.);
#6279=ORIENTED_EDGE('',*,*,#6278,.F.);
#6280=EDGE_LOOP('',(#6273,#6275,#6276,#6277,#6279));
#6281=FACE_OUTER_BOUND('',#6280,.F.);
#6282=ADVANCED_FACE('',(#6281),#6271,.T.);
#6283=CARTESIAN_POINT('',(0.E0,0.E0,-6.35E1));
#6284=DIRECTION('',(-1.E0,0.E0,0.E0));
#6285=DIRECTION('',(0.E0,1.E0,0.E0));
#6286=AXIS2_PLACEMENT_3D('',#6283,#6284,#6285);
#6287=PLANE('',#6286);
#6289=ORIENTED_EDGE('',*,*,#6288,.T.);
#6291=ORIENTED_EDGE('',*,*,#6290,.T.);
#6293=ORIENTED_EDGE('',*,*,#6292,.T.);
#6295=ORIENTED_EDGE('',*,*,#6294,.T.);
#6297=ORIENTED_EDGE('',*,*,#6296,.T.);
#6299=ORIENTED_EDGE('',*,*,#6298,.T.);
#6301=ORIENTED_EDGE('',*,*,#6300,.T.);
#6303=ORIENTED_EDGE('',*,*,#6302,.T.);
#6305=ORIENTED_EDGE('',*,*,#6304,.T.);
#6307=ORIENTED_EDGE('',*,*,#6306,.T.);
#6309=ORIENTED_EDGE('',*,*,#6308,.T.);
#6311=ORIENTED_EDGE('',*,*,#6310,.T.);
#6313=ORIENTED_EDGE('',*,*,#6312,.T.);
#6315=ORIENTED_EDGE('',*,*,#6314,.T.);
#6317=ORIENTED_EDGE('',*,*,#6316,.T.);
#6319=ORIENTED_EDGE('',*,*,#6318,.T.);
#6321=ORIENTED_EDGE('',*,*,#6320,.T.);
#6323=ORIENTED_EDGE('',*,*,#6322,.T.);
#6325=ORIENTED_EDGE('',*,*,#6324,.T.);
#6327=ORIENTED_EDGE('',*,*,#6326,.T.);
#6329=ORIENTED_EDGE('',*,*,#6328,.T.);
#6331=ORIENTED_EDGE('',*,*,#6330,.T.);
#6333=ORIENTED_EDGE('',*,*,#6332,.T.);
#6335=ORIENTED_EDGE('',*,*,#6334,.T.);
#6337=ORIENTED_EDGE('',*,*,#6336,.T.);
#6339=ORIENTED_EDGE('',*,*,#6338,.T.);
#6341=ORIENTED_EDGE('',*,*,#6340,.T.);
#6343=ORIENTED_EDGE('',*,*,#6342,.T.);
#6345=ORIENTED_EDGE('',*,*,#6344,.T.);
#6347=ORIENTED_EDGE('',*,*,#6346,.T.);
#6348=ORIENTED_EDGE('',*,*,#6272,.T.);
#6350=ORIENTED_EDGE('',*,*,#6349,.T.);
#6351=ORIENTED_EDGE('',*,*,#6051,.T.);
#6352=ORIENTED_EDGE('',*,*,#6068,.T.);
#6353=ORIENTED_EDGE('',*,*,#6082,.T.);
#6354=ORIENTED_EDGE('',*,*,#6096,.T.);
#6355=ORIENTED_EDGE('',*,*,#6110,.F.);
#6356=ORIENTED_EDGE('',*,*,#6124,.T.);
#6357=ORIENTED_EDGE('',*,*,#6138,.T.);
#6358=ORIENTED_EDGE('',*,*,#6152,.T.);
#6359=ORIENTED_EDGE('',*,*,#6166,.F.);
#6360=ORIENTED_EDGE('',*,*,#6182,.T.);
#6361=ORIENTED_EDGE('',*,*,#6198,.T.);
#6363=ORIENTED_EDGE('',*,*,#6362,.T.);
#6365=ORIENTED_EDGE('',*,*,#6364,.T.);
#6367=ORIENTED_EDGE('',*,*,#6366,.T.);
#6369=ORIENTED_EDGE('',*,*,#6368,.T.);
#6371=ORIENTED_EDGE('',*,*,#6370,.T.);
#6373=ORIENTED_EDGE('',*,*,#6372,.T.);
#6375=ORIENTED_EDGE('',*,*,#6374,.T.);
#6377=ORIENTED_EDGE('',*,*,#6376,.T.);
#6378=EDGE_LOOP('',(#6289,#6291,#6293,#6295,#6297,#6299,#6301,#6303,#6305,#6307,
#6309,#6311,#6313,#6315,#6317,#6319,#6321,#6323,#6325,#6327,#6329,#6331,#6333,
#6335,#6337,#6339,#6341,#6343,#6345,#6347,#6348,#6350,#6351,#6352,#6353,#6354,
#6355,#6356,#6357,#6358,#6359,#6360,#6361,#6363,#6365,#6367,#6369,#6371,#6373,
#6375,#6377));
#6379=FACE_OUTER_BOUND('',#6378,.F.);
#6381=ORIENTED_EDGE('',*,*,#6380,.T.);
#6383=ORIENTED_EDGE('',*,*,#6382,.F.);
#6385=ORIENTED_EDGE('',*,*,#6384,.T.);
#6387=ORIENTED_EDGE('',*,*,#6386,.T.);
#6389=ORIENTED_EDGE('',*,*,#6388,.T.);
#6391=ORIENTED_EDGE('',*,*,#6390,.T.);
#6393=ORIENTED_EDGE('',*,*,#6392,.T.);
#6395=ORIENTED_EDGE('',*,*,#6394,.T.);
#6397=ORIENTED_EDGE('',*,*,#6396,.T.);
#6399=ORIENTED_EDGE('',*,*,#6398,.T.);
#6401=ORIENTED_EDGE('',*,*,#6400,.T.);
#6403=ORIENTED_EDGE('',*,*,#6402,.T.);
#6405=ORIENTED_EDGE('',*,*,#6404,.T.);
#6407=ORIENTED_EDGE('',*,*,#6406,.T.);
#6409=ORIENTED_EDGE('',*,*,#6408,.T.);
#6411=ORIENTED_EDGE('',*,*,#6410,.T.);
#6413=ORIENTED_EDGE('',*,*,#6412,.T.);
#6414=EDGE_LOOP('',(#6381,#6383,#6385,#6387,#6389,#6391,#6393,#6395,#6397,#6399,
#6401,#6403,#6405,#6407,#6409,#6411,#6413));
#6415=FACE_BOUND('',#6414,.F.);
#6417=ORIENTED_EDGE('',*,*,#6416,.F.);
#6419=ORIENTED_EDGE('',*,*,#6418,.T.);
#6421=ORIENTED_EDGE('',*,*,#6420,.T.);
#6423=ORIENTED_EDGE('',*,*,#6422,.T.);
#6425=ORIENTED_EDGE('',*,*,#6424,.T.);
#6427=ORIENTED_EDGE('',*,*,#6426,.T.);
#6429=ORIENTED_EDGE('',*,*,#6428,.T.);
#6431=ORIENTED_EDGE('',*,*,#6430,.T.);
#6433=ORIENTED_EDGE('',*,*,#6432,.T.);
#6435=ORIENTED_EDGE('',*,*,#6434,.T.);
#6437=ORIENTED_EDGE('',*,*,#6436,.T.);
#6439=ORIENTED_EDGE('',*,*,#6438,.T.);
#6441=ORIENTED_EDGE('',*,*,#6440,.T.);
#6443=ORIENTED_EDGE('',*,*,#6442,.F.);
#6445=ORIENTED_EDGE('',*,*,#6444,.T.);
#6447=ORIENTED_EDGE('',*,*,#6446,.T.);
#6449=ORIENTED_EDGE('',*,*,#6448,.T.);
#6450=EDGE_LOOP('',(#6417,#6419,#6421,#6423,#6425,#6427,#6429,#6431,#6433,#6435,
#6437,#6439,#6441,#6443,#6445,#6447,#6449));
#6451=FACE_BOUND('',#6450,.F.);
#6453=ORIENTED_EDGE('',*,*,#6452,.T.);
#6455=ORIENTED_EDGE('',*,*,#6454,.T.);
#6457=ORIENTED_EDGE('',*,*,#6456,.T.);
#6459=ORIENTED_EDGE('',*,*,#6458,.T.);
#6461=ORIENTED_EDGE('',*,*,#6460,.T.);
#6463=ORIENTED_EDGE('',*,*,#6462,.T.);
#6465=ORIENTED_EDGE('',*,*,#6464,.T.);
#6467=ORIENTED_EDGE('',*,*,#6466,.T.);
#6469=ORIENTED_EDGE('',*,*,#6468,.T.);
#6471=ORIENTED_EDGE('',*,*,#6470,.T.);
#6473=ORIENTED_EDGE('',*,*,#6472,.T.);
#6475=ORIENTED_EDGE('',*,*,#6474,.T.);
#6477=ORIENTED_EDGE('',*,*,#6476,.T.);
#6478=EDGE_LOOP('',(#6453,#6455,#6457,#6459,#6461,#6463,#6465,#6467,#6469,#6471,
#6473,#6475,#6477));
#6479=FACE_BOUND('',#6478,.F.);
#6481=ORIENTED_EDGE('',*,*,#6480,.T.);
#6483=ORIENTED_EDGE('',*,*,#6482,.T.);
#6485=ORIENTED_EDGE('',*,*,#6484,.T.);
#6487=ORIENTED_EDGE('',*,*,#6486,.T.);
#6489=ORIENTED_EDGE('',*,*,#6488,.T.);
#6491=ORIENTED_EDGE('',*,*,#6490,.T.);
#6493=ORIENTED_EDGE('',*,*,#6492,.T.);
#6495=ORIENTED_EDGE('',*,*,#6494,.T.);
#6497=ORIENTED_EDGE('',*,*,#6496,.T.);
#6499=ORIENTED_EDGE('',*,*,#6498,.T.);
#6501=ORIENTED_EDGE('',*,*,#6500,.T.);
#6503=ORIENTED_EDGE('',*,*,#6502,.T.);
#6505=ORIENTED_EDGE('',*,*,#6504,.T.);
#6507=ORIENTED_EDGE('',*,*,#6506,.T.);
#6509=ORIENTED_EDGE('',*,*,#6508,.T.);
#6511=ORIENTED_EDGE('',*,*,#6510,.T.);
#6513=ORIENTED_EDGE('',*,*,#6512,.T.);
#6515=ORIENTED_EDGE('',*,*,#6514,.T.);
#6517=ORIENTED_EDGE('',*,*,#6516,.T.);
#6519=ORIENTED_EDGE('',*,*,#6518,.T.);
#6521=ORIENTED_EDGE('',*,*,#6520,.T.);
#6523=ORIENTED_EDGE('',*,*,#6522,.T.);
#6525=ORIENTED_EDGE('',*,*,#6524,.T.);
#6527=ORIENTED_EDGE('',*,*,#6526,.T.);
#6529=ORIENTED_EDGE('',*,*,#6528,.T.);
#6531=ORIENTED_EDGE('',*,*,#6530,.T.);
#6532=EDGE_LOOP('',(#6481,#6483,#6485,#6487,#6489,#6491,#6493,#6495,#6497,#6499,
#6501,#6503,#6505,#6507,#6509,#6511,#6513,#6515,#6517,#6519,#6521,#6523,#6525,
#6527,#6529,#6531));
#6533=FACE_BOUND('',#6532,.F.);
#6535=ORIENTED_EDGE('',*,*,#6534,.T.);
#6537=ORIENTED_EDGE('',*,*,#6536,.T.);
#6539=ORIENTED_EDGE('',*,*,#6538,.T.);
#6541=ORIENTED_EDGE('',*,*,#6540,.T.);
#6543=ORIENTED_EDGE('',*,*,#6542,.T.);
#6545=ORIENTED_EDGE('',*,*,#6544,.T.);
#6547=ORIENTED_EDGE('',*,*,#6546,.F.);
#6549=ORIENTED_EDGE('',*,*,#6548,.T.);
#6551=ORIENTED_EDGE('',*,*,#6550,.T.);
#6553=ORIENTED_EDGE('',*,*,#6552,.T.);
#6555=ORIENTED_EDGE('',*,*,#6554,.T.);
#6557=ORIENTED_EDGE('',*,*,#6556,.T.);
#6559=ORIENTED_EDGE('',*,*,#6558,.T.);
#6560=EDGE_LOOP('',(#6535,#6537,#6539,#6541,#6543,#6545,#6547,#6549,#6551,#6553,
#6555,#6557,#6559));
#6561=FACE_BOUND('',#6560,.F.);
#6563=ORIENTED_EDGE('',*,*,#6562,.F.);
#6565=ORIENTED_EDGE('',*,*,#6564,.F.);
#6566=EDGE_LOOP('',(#6563,#6565));
#6567=FACE_BOUND('',#6566,.F.);
#6569=ORIENTED_EDGE('',*,*,#6568,.F.);
#6571=ORIENTED_EDGE('',*,*,#6570,.F.);
#6572=EDGE_LOOP('',(#6569,#6571));
#6573=FACE_BOUND('',#6572,.F.);
#6575=ORIENTED_EDGE('',*,*,#6574,.F.);
#6577=ORIENTED_EDGE('',*,*,#6576,.F.);
#6578=EDGE_LOOP('',(#6575,#6577));
#6579=FACE_BOUND('',#6578,.F.);
#6580=ADVANCED_FACE('',(#6379,#6415,#6451,#6479,#6533,#6561,#6567,#6573,#6579),
#6287,.F.);
#6581=CARTESIAN_POINT('',(0.E0,-4.287790070187E1,-3.284738162850E1));
#6582=DIRECTION('',(-1.E0,0.E0,0.E0));
#6583=DIRECTION('',(0.E0,0.E0,-1.E0));
#6584=AXIS2_PLACEMENT_3D('',#6581,#6582,#6583);
#6585=CYLINDRICAL_SURFACE('',#6584,4.125E0);
#6587=ORIENTED_EDGE('',*,*,#6586,.F.);
#6589=ORIENTED_EDGE('',*,*,#6588,.T.);
#6590=ORIENTED_EDGE('',*,*,#6288,.F.);
#6592=ORIENTED_EDGE('',*,*,#6591,.F.);
#6593=EDGE_LOOP('',(#6587,#6589,#6590,#6592));
#6594=FACE_OUTER_BOUND('',#6593,.F.);
#6595=ADVANCED_FACE('',(#6594),#6585,.F.);
#6596=CARTESIAN_POINT('',(-4.5E0,4.700290070187E1,-3.284738162850E1));
#6597=DIRECTION('',(1.E0,0.E0,0.E0));
#6598=DIRECTION('',(0.E0,0.E0,1.E0));
#6599=AXIS2_PLACEMENT_3D('',#6596,#6597,#6598);
#6600=PLANE('',#6599);
#6601=ORIENTED_EDGE('',*,*,#6586,.T.);
#6603=ORIENTED_EDGE('',*,*,#6602,.T.);
#6604=EDGE_LOOP('',(#6601,#6603));
#6605=FACE_OUTER_BOUND('',#6604,.F.);
#6607=ORIENTED_EDGE('',*,*,#6606,.F.);
#6609=ORIENTED_EDGE('',*,*,#6608,.F.);
#6610=EDGE_LOOP('',(#6607,#6609));
#6611=FACE_BOUND('',#6610,.F.);
#6612=ADVANCED_FACE('',(#6605,#6611),#6600,.T.);
#6613=CARTESIAN_POINT('',(0.E0,-4.287790070187E1,-3.284738162850E1));
#6614=DIRECTION('',(-1.E0,0.E0,0.E0));
#6615=DIRECTION('',(0.E0,0.E0,-1.E0));
#6616=AXIS2_PLACEMENT_3D('',#6613,#6614,#6615);
#6617=CYLINDRICAL_SURFACE('',#6616,4.125E0);
#6618=ORIENTED_EDGE('',*,*,#6602,.F.);
#6619=ORIENTED_EDGE('',*,*,#6591,.T.);
#6620=ORIENTED_EDGE('',*,*,#6376,.F.);
#6622=ORIENTED_EDGE('',*,*,#6621,.T.);
#6623=ORIENTED_EDGE('',*,*,#6290,.F.);
#6624=ORIENTED_EDGE('',*,*,#6588,.F.);
#6625=EDGE_LOOP('',(#6618,#6619,#6620,#6622,#6623,#6624));
#6626=FACE_OUTER_BOUND('',#6625,.F.);
#6627=ADVANCED_FACE('',(#6626),#6617,.F.);
#6628=CARTESIAN_POINT('',(-4.999999999999E-1,0.E0,-6.4E1));
#6629=DIRECTION('',(1.E0,0.E0,0.E0));
#6630=DIRECTION('',(0.E0,0.E0,1.E0));
#6631=AXIS2_PLACEMENT_3D('',#6628,#6629,#6630);
#6632=CONICAL_SURFACE('',#6631,4.85E1,4.5E1);
#6634=ORIENTED_EDGE('',*,*,#6633,.T.);
#6636=ORIENTED_EDGE('',*,*,#6635,.T.);
#6638=ORIENTED_EDGE('',*,*,#6637,.T.);
#6640=ORIENTED_EDGE('',*,*,#6639,.F.);
#6641=ORIENTED_EDGE('',*,*,#6342,.F.);
#6643=ORIENTED_EDGE('',*,*,#6642,.F.);
#6644=ORIENTED_EDGE('',*,*,#6334,.F.);
#6646=ORIENTED_EDGE('',*,*,#6645,.F.);
#6647=ORIENTED_EDGE('',*,*,#6326,.F.);
#6649=ORIENTED_EDGE('',*,*,#6648,.F.);
#6650=ORIENTED_EDGE('',*,*,#6318,.F.);
#6652=ORIENTED_EDGE('',*,*,#6651,.F.);
#6653=ORIENTED_EDGE('',*,*,#6310,.F.);
#6654=ORIENTED_EDGE('',*,*,#6308,.F.);
#6656=ORIENTED_EDGE('',*,*,#6655,.F.);
#6657=ORIENTED_EDGE('',*,*,#6300,.F.);
#6659=ORIENTED_EDGE('',*,*,#6658,.F.);
#6660=ORIENTED_EDGE('',*,*,#6292,.F.);
#6661=ORIENTED_EDGE('',*,*,#6621,.F.);
#6662=ORIENTED_EDGE('',*,*,#6374,.F.);
#6664=ORIENTED_EDGE('',*,*,#6663,.F.);
#6665=ORIENTED_EDGE('',*,*,#6366,.F.);
#6666=EDGE_LOOP('',(#6634,#6636,#6638,#6640,#6641,#6643,#6644,#6646,#6647,#6649,
#6650,#6652,#6653,#6654,#6656,#6657,#6659,#6660,#6661,#6662,#6664,#6665));
#6667=FACE_OUTER_BOUND('',#6666,.F.);
#6668=ADVANCED_FACE('',(#6667),#6632,.F.);
#6669=CARTESIAN_POINT('',(-5.804693738619E-1,-1.2E1,-1.649210591912E1));
#6670=DIRECTION('',(-1.E0,0.E0,0.E0));
#6671=DIRECTION('',(0.E0,0.E0,-1.E0));
#6672=AXIS2_PLACEMENT_3D('',#6669,#6670,#6671);
#6673=CONICAL_SURFACE('',#6672,5.804693738619E-1,4.5E1);
#6675=ORIENTED_EDGE('',*,*,#6674,.T.);
#6677=ORIENTED_EDGE('',*,*,#6676,.T.);
#6678=ORIENTED_EDGE('',*,*,#6633,.F.);
#6679=EDGE_LOOP('',(#6675,#6677,#6678));
#6680=FACE_OUTER_BOUND('',#6679,.F.);
#6681=ADVANCED_FACE('',(#6680),#6673,.T.);
#6682=CARTESIAN_POINT('',(-1.E0,-1.1E1,-1.12002E2));
#6683=DIRECTION('',(7.071067811865E-1,7.071067811865E-1,0.E0));
#6684=DIRECTION('',(0.E0,0.E0,-1.E0));
#6685=AXIS2_PLACEMENT_3D('',#6682,#6683,#6684);
#6686=PLANE('',#6685);
#6688=ORIENTED_EDGE('',*,*,#6687,.F.);
#6690=ORIENTED_EDGE('',*,*,#6689,.F.);
#6691=ORIENTED_EDGE('',*,*,#6674,.F.);
#6692=ORIENTED_EDGE('',*,*,#6364,.F.);
#6693=EDGE_LOOP('',(#6688,#6690,#6691,#6692));
#6694=FACE_OUTER_BOUND('',#6693,.F.);
#6695=ADVANCED_FACE('',(#6694),#6686,.T.);
#6696=CARTESIAN_POINT('',(-5.804693738619E-1,-1.2E1,-1.E0));
#6697=DIRECTION('',(-1.E0,0.E0,0.E0));
#6698=DIRECTION('',(0.E0,0.E0,-1.E0));
#6699=AXIS2_PLACEMENT_3D('',#6696,#6697,#6698);
#6700=CONICAL_SURFACE('',#6699,5.804693738619E-1,4.5E1);
#6702=ORIENTED_EDGE('',*,*,#6701,.T.);
#6704=ORIENTED_EDGE('',*,*,#6703,.T.);
#6705=ORIENTED_EDGE('',*,*,#6687,.T.);
#6706=EDGE_LOOP('',(#6702,#6704,#6705));
#6707=FACE_OUTER_BOUND('',#6706,.F.);
#6708=ADVANCED_FACE('',(#6707),#6700,.T.);
#6709=CARTESIAN_POINT('',(0.E0,0.E0,-1.E0));
#6710=DIRECTION('',(7.071067811865E-1,0.E0,7.071067811865E-1));
#6711=DIRECTION('',(0.E0,-1.E0,0.E0));
#6712=AXIS2_PLACEMENT_3D('',#6709,#6710,#6711);
#6713=PLANE('',#6712);
#6714=ORIENTED_EDGE('',*,*,#6196,.F.);
#6715=ORIENTED_EDGE('',*,*,#6224,.F.);
#6716=ORIENTED_EDGE('',*,*,#6701,.F.);
#6717=ORIENTED_EDGE('',*,*,#6362,.F.);
#6718=EDGE_LOOP('',(#6714,#6715,#6716,#6717));
#6719=FACE_OUTER_BOUND('',#6718,.F.);
#6720=ADVANCED_FACE('',(#6719),#6713,.T.);
#6721=CARTESIAN_POINT('',(-6.3002E1,-1.2E1,-1.E0));
#6722=DIRECTION('',(1.E0,0.E0,0.E0));
#6723=DIRECTION('',(0.E0,0.E0,1.E0));
#6724=AXIS2_PLACEMENT_3D('',#6721,#6722,#6723);
#6725=CYLINDRICAL_SURFACE('',#6724,1.E0);
#6727=ORIENTED_EDGE('',*,*,#6726,.T.);
#6728=ORIENTED_EDGE('',*,*,#6703,.F.);
#6729=ORIENTED_EDGE('',*,*,#6222,.T.);
#6731=ORIENTED_EDGE('',*,*,#6730,.F.);
#6732=EDGE_LOOP('',(#6727,#6728,#6729,#6731));
#6733=FACE_OUTER_BOUND('',#6732,.F.);
#6734=ADVANCED_FACE('',(#6733),#6725,.T.);
#6735=CARTESIAN_POINT('',(0.E0,-1.1E1,-1.12002E2));
#6736=DIRECTION('',(0.E0,1.E0,0.E0));
#6737=DIRECTION('',(0.E0,0.E0,1.E0));
#6738=AXIS2_PLACEMENT_3D('',#6735,#6736,#6737);
#6739=PLANE('',#6738);
#6741=ORIENTED_EDGE('',*,*,#6740,.F.);
#6742=ORIENTED_EDGE('',*,*,#6689,.T.);
#6743=ORIENTED_EDGE('',*,*,#6726,.F.);
#6745=ORIENTED_EDGE('',*,*,#6744,.F.);
#6746=EDGE_LOOP('',(#6741,#6742,#6743,#6745));
#6747=FACE_OUTER_BOUND('',#6746,.F.);
#6748=ADVANCED_FACE('',(#6747),#6739,.T.);
#6749=CARTESIAN_POINT('',(-1.285712569798E3,-1.2E1,-1.649210591912E1));
#6750=DIRECTION('',(1.E0,0.E0,0.E0));
#6751=DIRECTION('',(0.E0,0.E0,1.E0));
#6752=AXIS2_PLACEMENT_3D('',#6749,#6750,#6751);
#6753=CYLINDRICAL_SURFACE('',#6752,1.E0);
#6755=ORIENTED_EDGE('',*,*,#6754,.F.);
#6756=ORIENTED_EDGE('',*,*,#6676,.F.);
#6757=ORIENTED_EDGE('',*,*,#6740,.T.);
#6759=ORIENTED_EDGE('',*,*,#6758,.F.);
#6760=EDGE_LOOP('',(#6755,#6756,#6757,#6759));
#6761=FACE_OUTER_BOUND('',#6760,.F.);
#6762=ADVANCED_FACE('',(#6761),#6753,.T.);
#6763=CARTESIAN_POINT('',(-1.285712569798E3,0.E0,-6.4E1));
#6764=DIRECTION('',(1.E0,0.E0,0.E0));
#6765=DIRECTION('',(0.E0,0.E0,1.E0));
#6766=AXIS2_PLACEMENT_3D('',#6763,#6764,#6765);
#6767=CYLINDRICAL_SURFACE('',#6766,4.8E1);
#6769=ORIENTED_EDGE('',*,*,#6768,.F.);
#6771=ORIENTED_EDGE('',*,*,#6770,.T.);
#6773=ORIENTED_EDGE('',*,*,#6772,.F.);
#6775=ORIENTED_EDGE('',*,*,#6774,.T.);
#6777=ORIENTED_EDGE('',*,*,#6776,.F.);
#6779=ORIENTED_EDGE('',*,*,#6778,.F.);
#6781=ORIENTED_EDGE('',*,*,#6780,.F.);
#6782=ORIENTED_EDGE('',*,*,#6635,.F.);
#6783=ORIENTED_EDGE('',*,*,#6754,.T.);
#6785=ORIENTED_EDGE('',*,*,#6784,.T.);
#6786=EDGE_LOOP('',(#6769,#6771,#6773,#6775,#6777,#6779,#6781,#6782,#6783,
#6785));
#6787=FACE_OUTER_BOUND('',#6786,.F.);
#6788=ADVANCED_FACE('',(#6787),#6767,.F.);
#6789=CARTESIAN_POINT('',(-1.3E1,0.E0,-6.4E1));
#6790=DIRECTION('',(1.E0,0.E0,0.E0));
#6791=DIRECTION('',(0.E0,-1.E0,0.E0));
#6792=AXIS2_PLACEMENT_3D('',#6789,#6790,#6791);
#6793=TOROIDAL_SURFACE('',#6792,4.9E1,1.E0);
#6795=ORIENTED_EDGE('',*,*,#6794,.F.);
#6797=ORIENTED_EDGE('',*,*,#6796,.T.);
#6798=ORIENTED_EDGE('',*,*,#6768,.T.);
#6800=ORIENTED_EDGE('',*,*,#6799,.F.);
#6802=ORIENTED_EDGE('',*,*,#6801,.F.);
#6803=EDGE_LOOP('',(#6795,#6797,#6798,#6800,#6802));
#6804=FACE_OUTER_BOUND('',#6803,.F.);
#6805=ADVANCED_FACE('',(#6804),#6793,.T.);
#6806=CARTESIAN_POINT('',(-1.313907297216E1,6.717467768914E0,
-1.646230042004E1));
#6807=CARTESIAN_POINT('',(-1.242027656969E1,6.723009763666E0,
-1.656661929595E1));
#6808=CARTESIAN_POINT('',(-1.190608448201E1,6.809000718534E0,
-1.606033884789E1));
#6809=CARTESIAN_POINT('',(-1.200832068133E1,6.906821152733E0,
-1.534716232238E1));
#6810=CARTESIAN_POINT('',(-1.317722913773E1,8.100099587254E0,
-1.665720524383E1));
#6811=CARTESIAN_POINT('',(-1.247424475292E1,7.888351530556E0,
-1.672649754041E1));
#6812=CARTESIAN_POINT('',(-1.196251043472E1,7.848324918673E0,
-1.622834761027E1));
#6813=CARTESIAN_POINT('',(-1.203453064470E1,8.011050359901E0,-1.554325479E1));
#6814=CARTESIAN_POINT('',(-1.204504616482E1,1.080412469503E1,
-1.718914196808E1));
#6815=CARTESIAN_POINT('',(-1.162945132107E1,1.023486702921E1,
-1.715020249396E1));
#6816=CARTESIAN_POINT('',(-1.124389255706E1,9.961300920728E0,
-1.667663354012E1));
#6817=CARTESIAN_POINT('',(-1.113979879009E1,1.016231439473E1,
-1.607641259334E1));
#6818=CARTESIAN_POINT('',(-9.274473737694E0,1.191466124119E1,
-1.749484996692E1));
#6819=CARTESIAN_POINT('',(-9.126518352836E0,1.133354008311E1,
-1.742145371294E1));
#6820=CARTESIAN_POINT('',(-9.008230943843E0,1.097052350275E1,
-1.696189926857E1));
#6821=CARTESIAN_POINT('',(-8.988430828772E0,1.103701650135E1,
-1.638275365841E1));
#6822=CARTESIAN_POINT('',(-7.857711957409E0,1.187479913841E1,
-1.748394148477E1));
#6823=CARTESIAN_POINT('',(-7.874199327148E0,1.129536129908E1,
-1.741207161138E1));
#6824=CARTESIAN_POINT('',(-7.887417281799E0,1.093546870093E1,
-1.695203268214E1));
#6825=CARTESIAN_POINT('',(-7.889642451163E0,1.100561914660E1,
-1.637182467004E1));
#6826=(BOUNDED_SURFACE()B_SPLINE_SURFACE(3,3,((#6806,#6807,#6808,#6809),(#6810,
#6811,#6812,#6813),(#6814,#6815,#6816,#6817),(#6818,#6819,#6820,#6821),(#6822,
#6823,#6824,#6825)),.UNSPECIFIED.,.F.,.F.,.F.)B_SPLINE_SURFACE_WITH_KNOTS((4,1,
4),(4,4),(-1.393383156158E-4,3.941044398626E-3,8.018702048413E-3),(
-1.031475567463E-1,1.099843838489E0),.UNSPECIFIED.)GEOMETRIC_REPRESENTATION_ITEM()RATIONAL_B_SPLINE_SURFACE(((1.066969700688E0,7.822741762028E-1,
7.814944716416E-1,1.064630587004E0),(1.063964074259E0,7.920457965535E-1,
7.913010854388E-1,1.061729940915E0),(1.053930483567E0,8.246660976246E-1,
8.240382040609E-1,1.052046802876E0),(1.047822834025E0,8.445227344959E-1,
8.439659501377E-1,1.046152480950E0),(1.048039327062E0,8.438188919486E-1,
8.432595870385E-1,1.046361412331E0)))REPRESENTATION_ITEM('')SURFACE());
#6828=ORIENTED_EDGE('',*,*,#6827,.T.);
#6830=ORIENTED_EDGE('',*,*,#6829,.F.);
#6831=ORIENTED_EDGE('',*,*,#6794,.T.);
#6833=ORIENTED_EDGE('',*,*,#6832,.F.);
#6834=EDGE_LOOP('',(#6828,#6830,#6831,#6833));
#6835=FACE_OUTER_BOUND('',#6834,.F.);
#6836=ADVANCED_FACE('',(#6835),#6826,.T.);
#6837=CARTESIAN_POINT('',(-1.285712569798E3,1.2E1,-1.649210591912E1));
#6838=DIRECTION('',(1.E0,0.E0,0.E0));
#6839=DIRECTION('',(0.E0,0.E0,1.E0));
#6840=AXIS2_PLACEMENT_3D('',#6837,#6838,#6839);
#6841=CYLINDRICAL_SURFACE('',#6840,1.E0);
#6843=ORIENTED_EDGE('',*,*,#6842,.T.);
#6845=ORIENTED_EDGE('',*,*,#6844,.F.);
#6847=ORIENTED_EDGE('',*,*,#6846,.F.);
#6848=ORIENTED_EDGE('',*,*,#6827,.F.);
#6849=EDGE_LOOP('',(#6843,#6845,#6847,#6848));
#6850=FACE_OUTER_BOUND('',#6849,.F.);
#6851=ADVANCED_FACE('',(#6850),#6841,.T.);
#6852=CARTESIAN_POINT('',(0.E0,1.1E1,-1.12002E2));
#6853=DIRECTION('',(0.E0,1.E0,0.E0));
#6854=DIRECTION('',(0.E0,0.E0,1.E0));
#6855=AXIS2_PLACEMENT_3D('',#6852,#6853,#6854);
#6856=PLANE('',#6855);
#6858=ORIENTED_EDGE('',*,*,#6857,.F.);
#6860=ORIENTED_EDGE('',*,*,#6859,.T.);
#6861=ORIENTED_EDGE('',*,*,#6842,.F.);
#6863=ORIENTED_EDGE('',*,*,#6862,.F.);
#6864=EDGE_LOOP('',(#6858,#6860,#6861,#6863));
#6865=FACE_OUTER_BOUND('',#6864,.F.);
#6866=ADVANCED_FACE('',(#6865),#6856,.F.);
#6867=CARTESIAN_POINT('',(0.E0,1.2E1,-1.E0));
#6868=DIRECTION('',(-1.E0,0.E0,0.E0));
#6869=DIRECTION('',(0.E0,0.E0,-1.E0));
#6870=AXIS2_PLACEMENT_3D('',#6867,#6868,#6869);
#6871=CYLINDRICAL_SURFACE('',#6870,1.E0);
#6872=ORIENTED_EDGE('',*,*,#6214,.T.);
#6874=ORIENTED_EDGE('',*,*,#6873,.F.);
#6875=ORIENTED_EDGE('',*,*,#6857,.T.);
#6877=ORIENTED_EDGE('',*,*,#6876,.F.);
#6878=EDGE_LOOP('',(#6872,#6874,#6875,#6877));
#6879=FACE_OUTER_BOUND('',#6878,.F.);
#6880=ADVANCED_FACE('',(#6879),#6871,.T.);
#6881=CARTESIAN_POINT('',(-5.804693738619E-1,1.2E1,-1.E0));
#6882=DIRECTION('',(-1.E0,0.E0,0.E0));
#6883=DIRECTION('',(0.E0,0.E0,-1.E0));
#6884=AXIS2_PLACEMENT_3D('',#6881,#6882,#6883);
#6885=CONICAL_SURFACE('',#6884,5.804693738619E-1,4.5E1);
#6887=ORIENTED_EDGE('',*,*,#6886,.T.);
#6888=ORIENTED_EDGE('',*,*,#6873,.T.);
#6890=ORIENTED_EDGE('',*,*,#6889,.T.);
#6891=EDGE_LOOP('',(#6887,#6888,#6890));
#6892=FACE_OUTER_BOUND('',#6891,.F.);
#6893=ADVANCED_FACE('',(#6892),#6885,.T.);
#6894=CARTESIAN_POINT('',(0.E0,1.2E1,-6.35E1));
#6895=DIRECTION('',(-7.071067811865E-1,7.071067811865E-1,0.E0));
#6896=DIRECTION('',(0.E0,0.E0,1.E0));
#6897=AXIS2_PLACEMENT_3D('',#6894,#6895,#6896);
#6898=PLANE('',#6897);
#6900=ORIENTED_EDGE('',*,*,#6899,.F.);
#6901=ORIENTED_EDGE('',*,*,#6859,.F.);
#6902=ORIENTED_EDGE('',*,*,#6886,.F.);
#6903=ORIENTED_EDGE('',*,*,#6344,.F.);
#6904=EDGE_LOOP('',(#6900,#6901,#6902,#6903));
#6905=FACE_OUTER_BOUND('',#6904,.F.);
#6906=ADVANCED_FACE('',(#6905),#6898,.F.);
#6907=CARTESIAN_POINT('',(-5.804693738619E-1,1.2E1,-1.649210591912E1));
#6908=DIRECTION('',(-1.E0,0.E0,0.E0));
#6909=DIRECTION('',(0.E0,0.E0,-1.E0));
#6910=AXIS2_PLACEMENT_3D('',#6907,#6908,#6909);
#6911=CONICAL_SURFACE('',#6910,5.804693738619E-1,4.5E1);
#6912=ORIENTED_EDGE('',*,*,#6639,.T.);
#6913=ORIENTED_EDGE('',*,*,#6844,.T.);
#6914=ORIENTED_EDGE('',*,*,#6899,.T.);
#6915=EDGE_LOOP('',(#6912,#6913,#6914));
#6916=FACE_OUTER_BOUND('',#6915,.F.);
#6917=ADVANCED_FACE('',(#6916),#6911,.T.);
#6918=CARTESIAN_POINT('',(0.E0,0.E0,-1.E0));
#6919=DIRECTION('',(7.071067811865E-1,0.E0,7.071067811865E-1));
#6920=DIRECTION('',(0.E0,-1.E0,0.E0));
#6921=AXIS2_PLACEMENT_3D('',#6918,#6919,#6920);
#6922=PLANE('',#6921);
#6923=ORIENTED_EDGE('',*,*,#6889,.F.);
#6924=ORIENTED_EDGE('',*,*,#6212,.F.);
#6925=ORIENTED_EDGE('',*,*,#6274,.F.);
#6926=ORIENTED_EDGE('',*,*,#6346,.F.);
#6927=EDGE_LOOP('',(#6923,#6924,#6925,#6926));
#6928=FACE_OUTER_BOUND('',#6927,.F.);
#6929=ADVANCED_FACE('',(#6928),#6922,.T.);
#6930=CARTESIAN_POINT('',(-8.E0,7.E0,-1.E0));
#6931=DIRECTION('',(0.E0,0.E0,1.E0));
#6932=DIRECTION('',(0.E0,-1.E0,0.E0));
#6933=AXIS2_PLACEMENT_3D('',#6930,#6931,#6932);
#6934=TOROIDAL_SURFACE('',#6933,5.E0,1.E0);
#6936=ORIENTED_EDGE('',*,*,#6935,.T.);
#6937=ORIENTED_EDGE('',*,*,#6216,.F.);
#6938=ORIENTED_EDGE('',*,*,#6876,.T.);
#6940=ORIENTED_EDGE('',*,*,#6939,.T.);
#6941=EDGE_LOOP('',(#6936,#6937,#6938,#6940));
#6942=FACE_OUTER_BOUND('',#6941,.F.);
#6943=ADVANCED_FACE('',(#6942),#6934,.T.);
#6944=CARTESIAN_POINT('',(-1.3E1,0.E0,-1.E0));
#6945=DIRECTION('',(0.E0,-1.E0,0.E0));
#6946=DIRECTION('',(-1.E0,0.E0,0.E0));
#6947=AXIS2_PLACEMENT_3D('',#6944,#6945,#6946);
#6948=CYLINDRICAL_SURFACE('',#6947,1.E0);
#6950=ORIENTED_EDGE('',*,*,#6949,.F.);
#6951=ORIENTED_EDGE('',*,*,#6218,.T.);
#6952=ORIENTED_EDGE('',*,*,#6935,.F.);
#6954=ORIENTED_EDGE('',*,*,#6953,.T.);
#6955=EDGE_LOOP('',(#6950,#6951,#6952,#6954));
#6956=FACE_OUTER_BOUND('',#6955,.F.);
#6957=ADVANCED_FACE('',(#6956),#6948,.T.);
#6958=CARTESIAN_POINT('',(-8.E0,-7.E0,-1.E0));
#6959=DIRECTION('',(0.E0,0.E0,1.E0));
#6960=DIRECTION('',(0.E0,-1.E0,0.E0));
#6961=AXIS2_PLACEMENT_3D('',#6958,#6959,#6960);
#6962=TOROIDAL_SURFACE('',#6961,5.E0,1.E0);
#6963=ORIENTED_EDGE('',*,*,#6730,.T.);
#6964=ORIENTED_EDGE('',*,*,#6220,.F.);
#6965=ORIENTED_EDGE('',*,*,#6949,.T.);
#6967=ORIENTED_EDGE('',*,*,#6966,.T.);
#6968=EDGE_LOOP('',(#6963,#6964,#6965,#6967));
#6969=FACE_OUTER_BOUND('',#6968,.F.);
#6970=ADVANCED_FACE('',(#6969),#6962,.T.);
#6971=CARTESIAN_POINT('',(-8.E0,-7.E0,-1.12002E2));
#6972=DIRECTION('',(0.E0,0.E0,-1.E0));
#6973=DIRECTION('',(0.E0,1.E0,0.E0));
#6974=AXIS2_PLACEMENT_3D('',#6971,#6972,#6973);
#6975=CYLINDRICAL_SURFACE('',#6974,4.E0);
#6976=ORIENTED_EDGE('',*,*,#6744,.T.);
#6977=ORIENTED_EDGE('',*,*,#6966,.F.);
#6979=ORIENTED_EDGE('',*,*,#6978,.T.);
#6981=ORIENTED_EDGE('',*,*,#6980,.T.);
#6982=EDGE_LOOP('',(#6976,#6977,#6979,#6981));
#6983=FACE_OUTER_BOUND('',#6982,.F.);
#6984=ADVANCED_FACE('',(#6983),#6975,.F.);
#6985=CARTESIAN_POINT('',(-1.2E1,0.E0,-1.12002E2));
#6986=DIRECTION('',(1.E0,0.E0,0.E0));
#6987=DIRECTION('',(0.E0,-1.E0,0.E0));
#6988=AXIS2_PLACEMENT_3D('',#6985,#6986,#6987);
#6989=PLANE('',#6988);
#6990=ORIENTED_EDGE('',*,*,#6978,.F.);
#6991=ORIENTED_EDGE('',*,*,#6953,.F.);
#6993=ORIENTED_EDGE('',*,*,#6992,.F.);
#6994=ORIENTED_EDGE('',*,*,#6801,.T.);
#6995=EDGE_LOOP('',(#6990,#6991,#6993,#6994));
#6996=FACE_OUTER_BOUND('',#6995,.F.);
#6997=ADVANCED_FACE('',(#6996),#6989,.T.);
#6998=CARTESIAN_POINT('',(-8.E0,7.E0,-1.12002E2));
#6999=DIRECTION('',(0.E0,0.E0,1.E0));
#7000=DIRECTION('',(0.E0,-1.E0,0.E0));
#7001=AXIS2_PLACEMENT_3D('',#6998,#6999,#7000);
#7002=CYLINDRICAL_SURFACE('',#7001,4.E0);
#7003=ORIENTED_EDGE('',*,*,#6992,.T.);
#7004=ORIENTED_EDGE('',*,*,#6939,.F.);
#7005=ORIENTED_EDGE('',*,*,#6862,.T.);
#7006=ORIENTED_EDGE('',*,*,#6832,.T.);
#7007=EDGE_LOOP('',(#7003,#7004,#7005,#7006));
#7008=FACE_OUTER_BOUND('',#7007,.F.);
#7009=ADVANCED_FACE('',(#7008),#7002,.F.);
#7010=CARTESIAN_POINT('',(-7.858083127915E0,-1.187476415037E1,
-1.748393933407E1));
#7011=CARTESIAN_POINT('',(-7.874528378705E0,-1.129535049191E1,
-1.741204058770E1));
#7012=CARTESIAN_POINT('',(-7.887711076602E0,-1.093548690758E1,
-1.695200971205E1));
#7013=CARTESIAN_POINT('',(-7.889929118688E0,-1.100563314120E1,
-1.637182964398E1));
#7014=CARTESIAN_POINT('',(-9.274371691276E0,-1.191435789683E1,
-1.749478368965E1));
#7015=CARTESIAN_POINT('',(-9.126414748238E0,-1.133329294711E1,
-1.742137107133E1));
#7016=CARTESIAN_POINT('',(-9.008143286324E0,-1.097032647682E1,
-1.696182196137E1));
#7017=CARTESIAN_POINT('',(-8.988363088264E0,-1.103681841492E1,
-1.638269453218E1));
#7018=CARTESIAN_POINT('',(-1.204076982837E1,-1.080871717803E1,
-1.719015121766E1));
#7019=CARTESIAN_POINT('',(-1.162578246046E1,-1.023894744221E1,
-1.715099492889E1));
#7020=CARTESIAN_POINT('',(-1.124067954131E1,-9.965028395308E0,
-1.667747866124E1));
#7021=CARTESIAN_POINT('',(-1.113648703517E1,-1.016599656348E1,
-1.607742811090E1));
#7022=CARTESIAN_POINT('',(-1.317737487412E1,-8.099282415134E0,
-1.665707670577E1));
#7023=CARTESIAN_POINT('',(-1.247438009455E1,-7.887647436350E0,
-1.672634713251E1));
#7024=CARTESIAN_POINT('',(-1.196266276604E1,-7.847704176748E0,
-1.622819443527E1));
#7025=CARTESIAN_POINT('',(-1.203469260059E1,-8.010413132217E0,
-1.554312044992E1));
#7026=CARTESIAN_POINT('',(-1.313899971222E1,-6.717329550846E0,
-1.646229039144E1));
#7027=CARTESIAN_POINT('',(-1.242022359036E1,-6.722899310854E0,
-1.656656573627E1));
#7028=CARTESIAN_POINT('',(-1.190607631569E1,-6.808901539360E0,
-1.606028649645E1));
#7029=CARTESIAN_POINT('',(-1.200831031822E1,-6.906710247826E0,
-1.534714415293E1));
#7030=(BOUNDED_SURFACE()B_SPLINE_SURFACE(3,3,((#7010,#7011,#7012,#7013),(#7014,
#7015,#7016,#7017),(#7018,#7019,#7020,#7021),(#7022,#7023,#7024,#7025),(#7026,
#7027,#7028,#7029)),.UNSPECIFIED.,.F.,.F.,.F.)B_SPLINE_SURFACE_WITH_KNOTS((4,1,
4),(4,4),(-1.362967710452E-4,3.941037017934E-3,8.021611046947E-3),(
-1.031021851989E-1,1.099843351716E0),.UNSPECIFIED.)GEOMETRIC_REPRESENTATION_ITEM()RATIONAL_B_SPLINE_SURFACE(((1.048016135532E0,8.438192108078E-1,
8.432675267056E-1,1.046361083225E0),(1.047800980672E0,8.445190392170E-1,
8.439698271486E-1,1.046153344467E0),(1.053885195445E0,8.247290778991E-1,
8.241099609012E-1,1.052027844452E0),(1.063935637710E0,7.920382753748E-1,
7.913036832527E-1,1.061731861344E0),(1.066937767880E0,7.822733275267E-1,
7.815042422605E-1,1.064630512082E0)))REPRESENTATION_ITEM('')SURFACE());
#7031=ORIENTED_EDGE('',*,*,#6799,.T.);
#7032=ORIENTED_EDGE('',*,*,#6784,.F.);
#7033=ORIENTED_EDGE('',*,*,#6758,.T.);
#7034=ORIENTED_EDGE('',*,*,#6980,.F.);
#7035=EDGE_LOOP('',(#7031,#7032,#7033,#7034));
#7036=FACE_OUTER_BOUND('',#7035,.F.);
#7037=ADVANCED_FACE('',(#7036),#7030,.T.);
#7038=CARTESIAN_POINT('',(-1.285712569798E3,0.E0,-6.4E1));
#7039=DIRECTION('',(1.E0,0.E0,0.E0));
#7040=DIRECTION('',(0.E0,0.E0,1.E0));
#7041=AXIS2_PLACEMENT_3D('',#7038,#7039,#7040);
#7042=CYLINDRICAL_SURFACE('',#7041,4.8E1);
#7043=ORIENTED_EDGE('',*,*,#6846,.T.);
#7044=ORIENTED_EDGE('',*,*,#6637,.F.);
#7045=ORIENTED_EDGE('',*,*,#6780,.T.);
#7047=ORIENTED_EDGE('',*,*,#7046,.F.);
#7049=ORIENTED_EDGE('',*,*,#7048,.F.);
#7051=ORIENTED_EDGE('',*,*,#7050,.T.);
#7053=ORIENTED_EDGE('',*,*,#7052,.F.);
#7054=ORIENTED_EDGE('',*,*,#6770,.F.);
#7055=ORIENTED_EDGE('',*,*,#6796,.F.);
#7056=ORIENTED_EDGE('',*,*,#6829,.T.);
#7057=EDGE_LOOP('',(#7043,#7044,#7045,#7047,#7049,#7051,#7053,#7054,#7055,
#7056));
#7058=FACE_OUTER_BOUND('',#7057,.F.);
#7059=ADVANCED_FACE('',(#7058),#7042,.F.);
#7060=CARTESIAN_POINT('',(-3.045893986781E0,0.E0,-6.4E1));
#7061=DIRECTION('',(-1.E0,0.E0,0.E0));
#7062=DIRECTION('',(0.E0,0.E0,-1.E0));
#7063=AXIS2_PLACEMENT_3D('',#7060,#7061,#7062);
#7064=CONICAL_SURFACE('',#7063,4.954589398678E1,4.5E1);
#7065=ORIENTED_EDGE('',*,*,#6778,.T.);
#7067=ORIENTED_EDGE('',*,*,#7066,.T.);
#7069=ORIENTED_EDGE('',*,*,#7068,.T.);
#7071=ORIENTED_EDGE('',*,*,#7070,.T.);
#7073=ORIENTED_EDGE('',*,*,#7072,.F.);
#7075=ORIENTED_EDGE('',*,*,#7074,.F.);
#7077=ORIENTED_EDGE('',*,*,#7076,.F.);
#7078=ORIENTED_EDGE('',*,*,#7046,.T.);
#7079=EDGE_LOOP('',(#7065,#7067,#7069,#7071,#7073,#7075,#7077,#7078));
#7080=FACE_OUTER_BOUND('',#7079,.F.);
#7081=ADVANCED_FACE('',(#7080),#7064,.F.);
#7082=CARTESIAN_POINT('',(-3.250650807892E0,-1.757842440253E1,
-1.105330042308E2));
#7083=CARTESIAN_POINT('',(-3.427325791822E0,-1.918655363589E1,
-1.102652544858E2));
#7084=CARTESIAN_POINT('',(-4.350537670313E0,-2.016045643419E1,
-1.093230845832E2));
#7085=CARTESIAN_POINT('',(-5.534532999634E0,-1.998769164220E1,
-1.082022238520E2));
#7086=CARTESIAN_POINT('',(-2.544726607529E0,-1.756014424481E1,
-1.097858795521E2));
#7087=CARTESIAN_POINT('',(-2.883968719912E0,-1.899959251520E1,
-1.097204036707E2));
#7088=CARTESIAN_POINT('',(-3.777468086375E0,-1.995122364297E1,
-1.090374543883E2));
#7089=CARTESIAN_POINT('',(-4.838245173177E0,-2.000287068072E1,
-1.080328189905E2));
#7090=CARTESIAN_POINT('',(-1.568072214413E0,-1.780959431756E1,
-1.086517814769E2));
#7091=CARTESIAN_POINT('',(-2.055653131508E0,-1.894194398589E1,
-1.088067618090E2));
#7092=CARTESIAN_POINT('',(-2.912955135939E0,-1.978615630488E1,
-1.084875943443E2));
#7093=CARTESIAN_POINT('',(-3.874353356034E0,-2.008065766168E1,
-1.077931670584E2));
#7094=CARTESIAN_POINT('',(-6.321955015980E-1,-1.903929202062E1,
-1.071205861404E2));
#7095=CARTESIAN_POINT('',(-1.230077121744E0,-1.965637158573E1,
-1.075530527678E2));
#7096=CARTESIAN_POINT('',(-2.056420454482E0,-2.012216162420E1,
-1.076844278206E2));
#7097=CARTESIAN_POINT('',(-2.950405019841E0,-2.034601027152E1,
-1.074891420391E2));
#7098=CARTESIAN_POINT('',(-4.923258415558E-1,-2.001275392506E1,
-1.065196904901E2));
#7099=CARTESIAN_POINT('',(-1.102747391722E0,-2.033337456640E1,
-1.070929641075E2));
#7100=CARTESIAN_POINT('',(-1.924747419095E0,-2.052067824506E1,
-1.073947411788E2));
#7101=CARTESIAN_POINT('',(-2.812290844658E0,-2.054138821271E1,
-1.073714071620E2));
#7102=CARTESIAN_POINT('',(-5.694732869760E-1,-2.060850009677E1,
-1.063142018638E2));
#7103=CARTESIAN_POINT('',(-1.171424748766E0,-2.075664950453E1,
-1.069674126574E2));
#7104=CARTESIAN_POINT('',(-1.995823259014E0,-2.077514320063E1,
-1.073281503864E2));
#7105=CARTESIAN_POINT('',(-2.888466141690E0,-2.066052141160E1,
-1.073289379279E2));
#7106=(BOUNDED_SURFACE()B_SPLINE_SURFACE(3,3,((#7082,#7083,#7084,#7085),(#7086,
#7087,#7088,#7089),(#7090,#7091,#7092,#7093),(#7094,#7095,#7096,#7097),(#7098,
#7099,#7100,#7101),(#7102,#7103,#7104,#7105)),.UNSPECIFIED.,.F.,.F.,.F.)B_SPLINE_SURFACE_WITH_KNOTS((4,1,1,4),(4,4),(1.616475492685E-2,1.911473004940E-2,
2.042381883704E-2,2.214388337651E-2),(-5.116838242086E-2,1.051144244160E0),
.UNSPECIFIED.)GEOMETRIC_REPRESENTATION_ITEM()RATIONAL_B_SPLINE_SURFACE(((
1.023846039481E0,8.442734270563E-1,8.442694948909E-1,1.023834242985E0),(
1.019546407122E0,8.723521783613E-1,8.723489551968E-1,1.019536737628E0),(
1.013905868009E0,9.091877218999E-1,9.091854288494E-1,1.013898988858E0),(
1.008689676205E0,9.432520651292E-1,9.432506322185E-1,1.008685377473E0),(
1.007926461903E0,9.482362365115E-1,9.482349294533E-1,1.007922540729E0),(
1.008348928731E0,9.454773166767E-1,9.454759399546E-1,1.008344798566E0)))REPRESENTATION_ITEM('')SURFACE());
#7108=ORIENTED_EDGE('',*,*,#7107,.T.);
#7109=ORIENTED_EDGE('',*,*,#7066,.F.);
#7110=ORIENTED_EDGE('',*,*,#6776,.T.);
#7112=ORIENTED_EDGE('',*,*,#7111,.T.);
#7113=EDGE_LOOP('',(#7108,#7109,#7110,#7112));
#7114=FACE_OUTER_BOUND('',#7113,.F.);
#7115=ADVANCED_FACE('',(#7114),#7106,.F.);
#7116=CARTESIAN_POINT('',(-5.179001893496E0,-1.999745185704E1,
-1.081043648053E2));
#7117=CARTESIAN_POINT('',(-4.066849010306E0,-2.006019313408E1,
-1.091423536792E2));
#7118=CARTESIAN_POINT('',(-3.185196398421E0,-1.913065124294E1,
-1.099652131854E2));
#7119=CARTESIAN_POINT('',(-2.946466718113E0,-1.764335944349E1,
-1.101880231160E2));
#7120=CARTESIAN_POINT('',(-6.007246045032E0,-1.999743693875E1,
-1.089912560637E2));
#7121=CARTESIAN_POINT('',(-4.892886189936E0,-2.006061987623E1,
-1.100360322128E2));
#7122=CARTESIAN_POINT('',(-4.010234796198E0,-1.912448731108E1,
-1.108619577623E2));
#7123=CARTESIAN_POINT('',(-3.774922990060E0,-1.762955861191E1,
-1.110801126983E2));
#7124=CARTESIAN_POINT('',(-6.837258992609E0,-1.999742277454E1,
-1.098766372499E2));
#7125=CARTESIAN_POINT('',(-5.719725667096E0,-2.006102621997E1,
-1.109266891325E2));
#7126=CARTESIAN_POINT('',(-4.836120372290E0,-1.911861800720E1,
-1.117554709058E2));
#7127=CARTESIAN_POINT('',(-4.605136547258E0,-1.761645532284E1,
-1.119702666314E2));
#7128=CARTESIAN_POINT('',(-7.668765190805E0,-1.999740926464E1,
-1.107607270981E2));
#7129=CARTESIAN_POINT('',(-6.547335247230E0,-2.006141484085E1,
-1.118148919411E2));
#7130=CARTESIAN_POINT('',(-5.662815373630E0,-1.911300468676E1,
-1.126463569285E2));
#7131=CARTESIAN_POINT('',(-5.436833449555E0,-1.760395730107E1,
-1.128587840807E2));
#7132=(BOUNDED_SURFACE()B_SPLINE_SURFACE(3,3,((#7116,#7117,#7118,#7119),(#7120,
#7121,#7122,#7123),(#7124,#7125,#7126,#7127),(#7128,#7129,#7130,#7131)),
.UNSPECIFIED.,.F.,.F.,.F.)B_SPLINE_SURFACE_WITH_KNOTS((4,4),(4,4),(
-1.137633343073E-4,3.527082580447E-3),(-3.398640239543E-2,1.033448376723E0),
.UNSPECIFIED.)GEOMETRIC_REPRESENTATION_ITEM()RATIONAL_B_SPLINE_SURFACE(((
1.014632943877E0,8.564017983401E-1,8.563220843079E-1,1.014393801780E0),(
1.014731494402E0,8.554346875339E-1,8.553544366405E-1,1.014490741722E0),(
1.014825345696E0,8.545136919174E-1,8.544329297621E-1,1.014583059231E0),(
1.014915087828E0,8.536330209608E-1,8.535517699287E-1,1.014671334732E0)))REPRESENTATION_ITEM('')SURFACE());
#7134=ORIENTED_EDGE('',*,*,#7133,.T.);
#7135=ORIENTED_EDGE('',*,*,#7068,.F.);
#7136=ORIENTED_EDGE('',*,*,#7107,.F.);
#7138=ORIENTED_EDGE('',*,*,#7137,.F.);
#7139=EDGE_LOOP('',(#7134,#7135,#7136,#7138));
#7140=FACE_OUTER_BOUND('',#7139,.F.);
#7141=ADVANCED_FACE('',(#7140),#7132,.F.);
#7142=CARTESIAN_POINT('',(-7.5E0,-1.7E1,-6.5E1));
#7143=DIRECTION('',(0.E0,0.E0,-1.E0));
#7144=DIRECTION('',(0.E0,1.E0,0.E0));
#7145=AXIS2_PLACEMENT_3D('',#7142,#7143,#7144);
#7146=CYLINDRICAL_SURFACE('',#7145,3.E0);
#7148=ORIENTED_EDGE('',*,*,#7147,.T.);
#7149=ORIENTED_EDGE('',*,*,#7070,.F.);
#7150=ORIENTED_EDGE('',*,*,#7133,.F.);
#7152=ORIENTED_EDGE('',*,*,#7151,.T.);
#7154=ORIENTED_EDGE('',*,*,#7153,.F.);
#7155=EDGE_LOOP('',(#7148,#7149,#7150,#7152,#7154));
#7156=FACE_OUTER_BOUND('',#7155,.F.);
#7157=ADVANCED_FACE('',(#7156),#7146,.F.);
#7158=CARTESIAN_POINT('',(-4.5E0,0.E0,-6.5E1));
#7159=DIRECTION('',(-1.E0,0.E0,0.E0));
#7160=DIRECTION('',(0.E0,1.E0,0.E0));
#7161=AXIS2_PLACEMENT_3D('',#7158,#7159,#7160);
#7162=PLANE('',#7161);
#7163=ORIENTED_EDGE('',*,*,#7074,.T.);
#7164=ORIENTED_EDGE('',*,*,#7072,.T.);
#7165=ORIENTED_EDGE('',*,*,#7147,.F.);
#7167=ORIENTED_EDGE('',*,*,#7166,.T.);
#7169=ORIENTED_EDGE('',*,*,#7168,.F.);
#7171=ORIENTED_EDGE('',*,*,#7170,.T.);
#7173=ORIENTED_EDGE('',*,*,#7172,.T.);
#7175=ORIENTED_EDGE('',*,*,#7174,.T.);
#7177=ORIENTED_EDGE('',*,*,#7176,.T.);
#7179=ORIENTED_EDGE('',*,*,#7178,.T.);
#7181=ORIENTED_EDGE('',*,*,#7180,.T.);
#7183=ORIENTED_EDGE('',*,*,#7182,.T.);
#7185=ORIENTED_EDGE('',*,*,#7184,.T.);
#7187=ORIENTED_EDGE('',*,*,#7186,.T.);
#7189=ORIENTED_EDGE('',*,*,#7188,.T.);
#7190=EDGE_LOOP('',(#7163,#7164,#7165,#7167,#7169,#7171,#7173,#7175,#7177,#7179,
#7181,#7183,#7185,#7187,#7189));
#7191=FACE_OUTER_BOUND('',#7190,.F.);
#7192=ADVANCED_FACE('',(#7191),#7162,.T.);
#7193=CARTESIAN_POINT('',(-4.508629619753E0,-1.582566543051E1,
-1.187526909995E2));
#7194=CARTESIAN_POINT('',(-4.358814791905E0,-1.538094651726E1,
-1.206727687231E2));
#7195=CARTESIAN_POINT('',(-5.756476743004E0,-1.506557558089E1,
-1.220343854467E2));
#7196=CARTESIAN_POINT('',(-7.727383482676E0,-1.509938006593E1,
-1.218884342925E2));
#7197=CARTESIAN_POINT('',(-4.508629619756E0,-1.644607705087E1,
-1.188963876729E2));
#7198=CARTESIAN_POINT('',(-4.358814791914E0,-1.758399767033E1,
-1.211830285436E2));
#7199=CARTESIAN_POINT('',(-5.756476743018E0,-1.839095028821E1,
-1.228045923023E2));
#7200=CARTESIAN_POINT('',(-7.727383482690E0,-1.830445335851E1,
-1.226307775289E2));
#7201=CARTESIAN_POINT('',(-4.508629619758E0,-1.689638767290E1,
-1.184460770509E2));
#7202=CARTESIAN_POINT('',(-4.358814791924E0,-1.918302854362E1,
-1.195839976703E2));
#7203=CARTESIAN_POINT('',(-5.756476743032E0,-2.080459230231E1,
-1.203909502882E2));
#7204=CARTESIAN_POINT('',(-7.727383482704E0,-2.063077752889E1,
-1.203044533585E2));
#7205=CARTESIAN_POINT('',(-4.508629619759E0,-1.675269099949E1,
-1.178256654305E2));
#7206=CARTESIAN_POINT('',(-4.358814791924E0,-1.867276872309E1,
-1.173809465173E2));
#7207=CARTESIAN_POINT('',(-5.756476743034E0,-2.003438544671E1,
-1.170655755809E2));
#7208=CARTESIAN_POINT('',(-7.727383482705E0,-1.988843429244E1,
-1.170993800659E2));
#7209=(BOUNDED_SURFACE()B_SPLINE_SURFACE(3,3,((#7193,#7194,#7195,#7196),(#7197,
#7198,#7199,#7200),(#7201,#7202,#7203,#7204),(#7205,#7206,#7207,#7208)),
.UNSPECIFIED.,.F.,.F.,.F.)B_SPLINE_SURFACE_WITH_KNOTS((4,4),(4,4),(0.E0,1.E0),(
0.E0,1.E0),.UNSPECIFIED.)GEOMETRIC_REPRESENTATION_ITEM()RATIONAL_B_SPLINE_SURFACE(((1.583760244516E0,1.215776676416E0,1.215776676416E0,1.583760244516E0),(
1.086795180904E0,8.342804648362E-1,8.342804648362E-1,1.086795180904E0),(
1.086795180904E0,8.342804648362E-1,8.342804648362E-1,1.086795180904E0),(
1.583760244516E0,1.215776676416E0,1.215776676416E0,1.583760244516E0)))REPRESENTATION_ITEM('')SURFACE());
#7211=ORIENTED_EDGE('',*,*,#7210,.T.);
#7212=ORIENTED_EDGE('',*,*,#7166,.F.);
#7213=ORIENTED_EDGE('',*,*,#7153,.T.);
#7215=ORIENTED_EDGE('',*,*,#7214,.T.);
#7216=EDGE_LOOP('',(#7211,#7212,#7213,#7215));
#7217=FACE_OUTER_BOUND('',#7216,.F.);
#7218=ADVANCED_FACE('',(#7217),#7209,.F.);
#7219=CARTESIAN_POINT('',(-7.5E0,-1.310792241552E-14,-1.19E2));
#7220=DIRECTION('',(0.E0,1.E0,0.E0));
#7221=DIRECTION('',(0.E0,0.E0,1.E0));
#7222=AXIS2_PLACEMENT_3D('',#7219,#7220,#7221);
#7223=CYLINDRICAL_SURFACE('',#7222,3.E0);
#7225=ORIENTED_EDGE('',*,*,#7224,.F.);
#7226=ORIENTED_EDGE('',*,*,#7168,.T.);
#7227=ORIENTED_EDGE('',*,*,#7210,.F.);
#7229=ORIENTED_EDGE('',*,*,#7228,.T.);
#7230=EDGE_LOOP('',(#7225,#7226,#7227,#7229));
#7231=FACE_OUTER_BOUND('',#7230,.F.);
#7232=ADVANCED_FACE('',(#7231),#7223,.F.);
#7233=CARTESIAN_POINT('',(-4.508629619761E0,3.617022469195E1,
-1.184089597536E2));
#7234=CARTESIAN_POINT('',(-4.358814791940E0,3.784238842999E1,
-1.194521959731E2));
#7235=CARTESIAN_POINT('',(-5.756476743045E0,3.902819777630E1,
-1.201920034641E2));
#7236=CARTESIAN_POINT('',(-7.727383482709E0,3.890109134474E1,
-1.201127037938E2));
#7237=CARTESIAN_POINT('',(-4.508629619749E0,3.598927054461E1,
-1.186990042879E2));
#7238=CARTESIAN_POINT('',(-4.358814791895E0,3.719982915185E1,
-1.204821298503E2));
#7239=CARTESIAN_POINT('',(-5.756476742977E0,3.805829275687E1,
-1.217466274050E2));
#7240=CARTESIAN_POINT('',(-7.727383482644E0,3.796627438496E1,
-1.216110864158E2));
#7241=CARTESIAN_POINT('',(-4.508629619746E0,3.567343041795E1,
-1.188298295519E2));
#7242=CARTESIAN_POINT('',(-4.358814791887E0,3.607829639467E1,
-1.209466839290E2));
#7243=CARTESIAN_POINT('',(-5.756476742966E0,3.636540575382E1,
-1.224478441612E2));
#7244=CARTESIAN_POINT('',(-7.727383482633E0,3.633463061599E1,
-1.222869353938E2));
#7245=CARTESIAN_POINT('',(-4.508629619756E0,3.534038405625E1,
-1.187526909995E2));
#7246=CARTESIAN_POINT('',(-4.358814791920E0,3.489566514301E1,
-1.206727687231E2));
#7247=CARTESIAN_POINT('',(-5.756476743015E0,3.458029420668E1,
-1.220343854467E2));
#7248=CARTESIAN_POINT('',(-7.727383482681E0,3.461409869178E1,
-1.218884342925E2));
#7249=(BOUNDED_SURFACE()B_SPLINE_SURFACE(3,3,((#7233,#7234,#7235,#7236),(#7237,
#7238,#7239,#7240),(#7241,#7242,#7243,#7244),(#7245,#7246,#7247,#7248)),
.UNSPECIFIED.,.F.,.F.,.F.)B_SPLINE_SURFACE_WITH_KNOTS((4,4),(4,4),(0.E0,1.E0),(
0.E0,1.E0),.UNSPECIFIED.)GEOMETRIC_REPRESENTATION_ITEM()RATIONAL_B_SPLINE_SURFACE(((1.335429265500E0,1.025144910428E0,1.025144910428E0,1.335429265500E0),(
1.169572173905E0,8.978243868335E-1,8.978243868335E-1,1.169572173905E0),(
1.169572173905E0,8.978243868335E-1,8.978243868335E-1,1.169572173905E0),(
1.335429265500E0,1.025144910428E0,1.025144910428E0,1.335429265500E0)))REPRESENTATION_ITEM('')SURFACE());
#7251=ORIENTED_EDGE('',*,*,#7250,.T.);
#7252=ORIENTED_EDGE('',*,*,#7170,.F.);
#7253=ORIENTED_EDGE('',*,*,#7224,.T.);
#7255=ORIENTED_EDGE('',*,*,#7254,.T.);
#7256=EDGE_LOOP('',(#7251,#7252,#7253,#7255));
#7257=FACE_OUTER_BOUND('',#7256,.F.);
#7258=ADVANCED_FACE('',(#7257),#7249,.F.);
#7259=CARTESIAN_POINT('',(-7.5E0,4.496446609407E1,-1.099644660941E2));
#7260=DIRECTION('',(0.E0,7.071067811865E-1,7.071067811865E-1));
#7261=DIRECTION('',(0.E0,-7.071067811865E-1,7.071067811865E-1));
#7262=AXIS2_PLACEMENT_3D('',#7259,#7260,#7261);
#7263=CYLINDRICAL_SURFACE('',#7262,3.E0);
#7265=ORIENTED_EDGE('',*,*,#7264,.F.);
#7266=ORIENTED_EDGE('',*,*,#7172,.F.);
#7267=ORIENTED_EDGE('',*,*,#7250,.F.);
#7269=ORIENTED_EDGE('',*,*,#7268,.T.);
#7270=EDGE_LOOP('',(#7265,#7266,#7267,#7269));
#7271=FACE_OUTER_BOUND('',#7270,.F.);
#7272=ADVANCED_FACE('',(#7271),#7263,.F.);
#7273=CARTESIAN_POINT('',(-4.508629619777E0,4.438027250773E1,
-1.088229276510E2));
#7274=CARTESIAN_POINT('',(-4.358814791936E0,4.531873859732E1,
-1.070897932722E2));
#7275=CARTESIAN_POINT('',(-5.756476743051E0,4.598424869957E1,
-1.058607467990E2));
#7276=CARTESIAN_POINT('',(-7.727383482722E0,4.591291293681E1,
-1.059924878009E2));
#7277=CARTESIAN_POINT('',(-4.508629619763E0,4.496574145122E1,
-1.091399502412E2));
#7278=CARTESIAN_POINT('',(-4.358814791889E0,4.739771002333E1,
-1.082155248994E2));
#7279=CARTESIAN_POINT('',(-5.756476742980E0,4.912233243756E1,
-1.075599717467E2));
#7280=CARTESIAN_POINT('',(-7.727383482654E0,4.893747084794E1,
-1.076302402281E2));
#7281=CARTESIAN_POINT('',(-4.508629619747E0,4.498621601184E1,
-1.098054260100E2));
#7282=CARTESIAN_POINT('',(-4.358814791831E0,4.747041418119E1,
-1.105785966275E2));
#7283=CARTESIAN_POINT('',(-5.756476742892E0,4.923207504037E1,
-1.111268879962E2));
#7284=CARTESIAN_POINT('',(-7.727383482569E0,4.904324331458E1,
-1.110681168629E2));
#7285=CARTESIAN_POINT('',(-4.508629619743E0,4.442134351897E1,
-1.101578409264E2));
#7286=CARTESIAN_POINT('',(-4.358814791819E0,4.546457973842E1,
-1.118300046645E2));
#7287=CARTESIAN_POINT('',(-5.756476742874E0,4.620438722938E1,
-1.130158140109E2));
#7288=CARTESIAN_POINT('',(-7.727383482551E0,4.612508755912E1,
-1.128887075794E2));
#7289=(BOUNDED_SURFACE()B_SPLINE_SURFACE(3,3,((#7273,#7274,#7275,#7276),(#7277,
#7278,#7279,#7280),(#7281,#7282,#7283,#7284),(#7285,#7286,#7287,#7288)),
.UNSPECIFIED.,.F.,.F.,.F.)B_SPLINE_SURFACE_WITH_KNOTS((4,4),(4,4),(0.E0,1.E0),(
0.E0,1.E0),.UNSPECIFIED.)GEOMETRIC_REPRESENTATION_ITEM()RATIONAL_B_SPLINE_SURFACE(((1.611517345234E0,1.237084469541E0,1.237084469541E0,1.611517345234E0),(
1.077542814003E0,8.271778671262E-1,8.271778671262E-1,1.077542814003E0),(
1.077542814003E0,8.271778671262E-1,8.271778671262E-1,1.077542814003E0),(
1.611517345234E0,1.237084469541E0,1.237084469541E0,1.611517345234E0)))REPRESENTATION_ITEM('')SURFACE());
#7291=ORIENTED_EDGE('',*,*,#7290,.T.);
#7292=ORIENTED_EDGE('',*,*,#7174,.F.);
#7293=ORIENTED_EDGE('',*,*,#7264,.T.);
#7295=ORIENTED_EDGE('',*,*,#7294,.T.);
#7296=EDGE_LOOP('',(#7291,#7292,#7293,#7295));
#7297=FACE_OUTER_BOUND('',#7296,.F.);
#7298=ADVANCED_FACE('',(#7297),#7289,.F.);
#7299=CARTESIAN_POINT('',(-7.5E0,-2.115053290162E0,-6.739269403457E1));
#7300=DIRECTION('',(0.E0,-7.492390373846E-1,6.622996790419E-1));
#7301=DIRECTION('',(0.E0,-6.622996790419E-1,-7.492390373846E-1));
#7302=AXIS2_PLACEMENT_3D('',#7299,#7300,#7301);
#7303=CYLINDRICAL_SURFACE('',#7302,3.E0);
#7305=ORIENTED_EDGE('',*,*,#7304,.F.);
#7306=ORIENTED_EDGE('',*,*,#7176,.F.);
#7307=ORIENTED_EDGE('',*,*,#7290,.F.);
#7309=ORIENTED_EDGE('',*,*,#7308,.T.);
#7310=EDGE_LOOP('',(#7305,#7306,#7307,#7309));
#7311=FACE_OUTER_BOUND('',#7310,.F.);
#7312=ADVANCED_FACE('',(#7311),#7303,.F.);
#7313=CARTESIAN_POINT('',(-4.508629619760E0,3.712423560328E1,
-1.035549245634E2));
#7314=CARTESIAN_POINT('',(-4.358814791924E0,3.548245206138E1,
-1.024645025450E2));
#7315=CARTESIAN_POINT('',(-5.756476743037E0,3.431818672997E1,
-1.016912334020E2));
#7316=CARTESIAN_POINT('',(-7.727383482716E0,3.444298386712E1,
-1.017741198134E2));
#7317=CARTESIAN_POINT('',(-4.508629619759E0,3.745426283731E1,
-1.030580221970E2));
#7318=CARTESIAN_POINT('',(-4.358814791922E0,3.665436253924E1,
-1.007000266790E2));
#7319=CARTESIAN_POINT('',(-5.756476743035E0,3.608711590663E1,
-9.902786200979E1));
#7320=CARTESIAN_POINT('',(-7.727383482713E0,3.614791884726E1,
-9.920710067465E1));
#7321=CARTESIAN_POINT('',(-4.508629619755E0,3.805069627176E1,
-1.030481685112E2));
#7322=CARTESIAN_POINT('',(-4.358814791909E0,3.877226833341E1,
-1.006650367251E2));
#7323=CARTESIAN_POINT('',(-5.756476743014E0,3.928396875804E1,
-9.897504675514E1));
#7324=CARTESIAN_POINT('',(-7.727383482694E0,3.922911979335E1,
-9.915619610689E1));
#7325=CARTESIAN_POINT('',(-4.508629619752E0,3.839695758005E1,
-1.035338979042E2));
#7326=CARTESIAN_POINT('',(-4.358814791896E0,4.000182521062E1,
-1.023898379124E2));
#7327=CARTESIAN_POINT('',(-5.756476742994E0,4.113991174647E1,
-1.015785315791E2));
#7328=CARTESIAN_POINT('',(-7.727383482674E0,4.101792070402E1,
-1.016654951818E2));
#7329=(BOUNDED_SURFACE()B_SPLINE_SURFACE(3,3,((#7313,#7314,#7315,#7316),(#7317,
#7318,#7319,#7320),(#7321,#7322,#7323,#7324),(#7325,#7326,#7327,#7328)),
.UNSPECIFIED.,.F.,.F.,.F.)B_SPLINE_SURFACE_WITH_KNOTS((4,4),(4,4),(0.E0,1.E0),(
0.E0,1.E0),.UNSPECIFIED.)GEOMETRIC_REPRESENTATION_ITEM()RATIONAL_B_SPLINE_SURFACE(((1.545730489567E0,1.186583059998E0,1.186583059998E0,1.545730489567E0),(
1.099471765887E0,8.440116703089E-1,8.440116703089E-1,1.099471765887E0),(
1.099471765887E0,8.440116703089E-1,8.440116703089E-1,1.099471765887E0),(
1.545730489567E0,1.186583059998E0,1.186583059998E0,1.545730489567E0)))REPRESENTATION_ITEM('')SURFACE());
#7331=ORIENTED_EDGE('',*,*,#7330,.T.);
#7332=ORIENTED_EDGE('',*,*,#7180,.F.);
#7333=ORIENTED_EDGE('',*,*,#7178,.F.);
#7334=ORIENTED_EDGE('',*,*,#7304,.T.);
#7336=ORIENTED_EDGE('',*,*,#7335,.T.);
#7338=ORIENTED_EDGE('',*,*,#7337,.T.);
#7339=EDGE_LOOP('',(#7331,#7332,#7333,#7334,#7336,#7338));
#7340=FACE_OUTER_BOUND('',#7339,.F.);
#7341=ADVANCED_FACE('',(#7340),#7329,.F.);
#7342=CARTESIAN_POINT('',(-7.5E0,-5.377642775528E-14,-6.4E1));
#7343=DIRECTION('',(-1.E0,0.E0,0.E0));
#7344=DIRECTION('',(0.E0,0.E0,-1.E0));
#7345=AXIS2_PLACEMENT_3D('',#7342,#7343,#7344);
#7346=TOROIDAL_SURFACE('',#7345,5.4E1,3.E0);
#7348=ORIENTED_EDGE('',*,*,#7347,.T.);
#7349=ORIENTED_EDGE('',*,*,#7182,.F.);
#7350=ORIENTED_EDGE('',*,*,#7330,.F.);
#7352=ORIENTED_EDGE('',*,*,#7351,.T.);
#7353=EDGE_LOOP('',(#7348,#7349,#7350,#7352));
#7354=FACE_OUTER_BOUND('',#7353,.F.);
#7355=ADVANCED_FACE('',(#7354),#7346,.F.);
#7356=CARTESIAN_POINT('',(-7.5E0,2.173822559280E1,-1.090272089750E2));
#7357=DIRECTION('',(-1.E0,0.E0,0.E0));
#7358=DIRECTION('',(0.E0,0.E0,-1.E0));
#7359=AXIS2_PLACEMENT_3D('',#7356,#7357,#7358);
#7360=TOROIDAL_SURFACE('',#7359,4.E0,3.E0);
#7362=ORIENTED_EDGE('',*,*,#7361,.T.);
#7363=ORIENTED_EDGE('',*,*,#7186,.F.);
#7364=ORIENTED_EDGE('',*,*,#7184,.F.);
#7365=ORIENTED_EDGE('',*,*,#7347,.F.);
#7367=ORIENTED_EDGE('',*,*,#7366,.T.);
#7369=ORIENTED_EDGE('',*,*,#7368,.T.);
#7371=ORIENTED_EDGE('',*,*,#7370,.T.);
#7373=ORIENTED_EDGE('',*,*,#7372,.T.);
#7374=EDGE_LOOP('',(#7362,#7363,#7364,#7365,#7367,#7369,#7371,#7373));
#7375=FACE_OUTER_BOUND('',#7374,.F.);
#7376=ADVANCED_FACE('',(#7375),#7360,.F.);
#7377=CARTESIAN_POINT('',(-7.239687512879E0,2.035851319701E1,
-1.084567660914E2));
#7378=CARTESIAN_POINT('',(-5.747945279855E0,2.119942969572E1,
-1.096847965158E2));
#7379=CARTESIAN_POINT('',(-4.736889035685E0,2.030746769898E1,
-1.113046215099E2));
#7380=CARTESIAN_POINT('',(-4.978399973044E0,1.836235159742E1,
-1.120802667277E2));
#7381=CARTESIAN_POINT('',(-6.697173363669E0,2.031606243224E1,
-1.083311498889E2));
#7382=CARTESIAN_POINT('',(-5.343290748867E0,2.093803934364E1,
-1.095990145559E2));
#7383=CARTESIAN_POINT('',(-4.363191578132E0,1.998382951665E1,
-1.110063228542E2));
#7384=CARTESIAN_POINT('',(-4.427948644237E0,1.810578264589E1,
-1.115898397480E2));
#7385=CARTESIAN_POINT('',(-5.685747883971E0,2.028563803810E1,
-1.080933542290E2));
#7386=CARTESIAN_POINT('',(-4.525868034643E0,2.050309524465E1,
-1.093018951447E2));
#7387=CARTESIAN_POINT('',(-3.595840485493E0,1.950251177923E1,
-1.103231261735E2));
#7388=CARTESIAN_POINT('',(-3.402365712066E0,1.782842954459E1,
-1.106006836866E2));
#7389=CARTESIAN_POINT('',(-4.306722325723E0,2.036084178352E1,
-1.077519158388E2));
#7390=CARTESIAN_POINT('',(-3.304936478293E0,2.017284176773E1,
-1.085999462357E2));
#7391=CARTESIAN_POINT('',(-2.431488844933E0,1.927914886115E1,
-1.090872081895E2));
#7392=CARTESIAN_POINT('',(-2.004988692061E0,1.800552811846E1,
-1.090358830103E2));
#7393=CARTESIAN_POINT('',(-3.128556292209E0,2.055688102175E1,
-1.074224136467E2));
#7394=CARTESIAN_POINT('',(-2.229731902703E0,2.024219993823E1,
-1.077648070369E2));
#7395=CARTESIAN_POINT('',(-1.397388570368E0,1.962382630306E1,
-1.077602614029E2));
#7396=CARTESIAN_POINT('',(-8.116765409679E-1,1.883554196045E1,
-1.074097041776E2));
#7397=CARTESIAN_POINT('',(-2.785353123738E0,2.081349218576E1,
-1.072363859529E2));
#7398=CARTESIAN_POINT('',(-1.899203117937E0,2.074232678436E1,
-1.072694896508E2));
#7399=CARTESIAN_POINT('',(-1.077737493732E0,2.049194559027E1,
-1.069908818124E2));
#7400=CARTESIAN_POINT('',(-4.641395696198E-1,2.010596459041E1,
-1.064490807698E2));
#7401=CARTESIAN_POINT('',(-2.889852972320E0,2.097428515264E1,
-1.071778380764E2));
#7402=CARTESIAN_POINT('',(-1.997100903897E0,2.108899639977E1,
-1.071767865775E2));
#7403=CARTESIAN_POINT('',(-1.172343571207E0,2.106711456695E1,
-1.068167918449E2));
#7404=CARTESIAN_POINT('',(-5.699579237235E-1,2.091271602472E1,
-1.061651826095E2));
#7405=(BOUNDED_SURFACE()B_SPLINE_SURFACE(3,3,((#7377,#7378,#7379,#7380),(#7381,
#7382,#7383,#7384),(#7385,#7386,#7387,#7388),(#7389,#7390,#7391,#7392),(#7393,
#7394,#7395,#7396),(#7397,#7398,#7399,#7400),(#7401,#7402,#7403,#7404)),
.UNSPECIFIED.,.F.,.F.,.F.)B_SPLINE_SURFACE_WITH_KNOTS((4,1,1,1,4),(4,4),(
1.034021120244E-2,1.261351885559E-2,1.452365074649E-2,1.643378263739E-2,
1.873334270194E-2),(-5.172403452851E-2,1.050896494289E0),.UNSPECIFIED.)GEOMETRIC_REPRESENTATION_ITEM()RATIONAL_B_SPLINE_SURFACE(((1.035334104467E0,
7.719093309569E-1,7.717117733134E-1,1.034741431536E0),(1.031578882129E0,
7.961502502736E-1,7.959736885741E-1,1.031049197030E0),(1.024971891213E0,
8.388000641253E-1,8.386604429844E-1,1.024553027790E0),(1.016585972067E0,
8.929333140673E-1,8.928405797074E-1,1.016307768988E0),(1.009776947407E0,
9.368873073522E-1,9.368326431483E-1,1.009612954795E0),(1.007858910472E0,
9.492687256523E-1,9.492247854463E-1,1.007727089853E0),(1.008444274538E0,
9.454900510988E-1,9.454428380450E-1,1.008302635376E0)))REPRESENTATION_ITEM('')SURFACE());
#7407=ORIENTED_EDGE('',*,*,#7406,.F.);
#7409=ORIENTED_EDGE('',*,*,#7408,.T.);
#7410=ORIENTED_EDGE('',*,*,#7048,.T.);
#7411=ORIENTED_EDGE('',*,*,#7076,.T.);
#7412=ORIENTED_EDGE('',*,*,#7188,.F.);
#7413=ORIENTED_EDGE('',*,*,#7361,.F.);
#7414=EDGE_LOOP('',(#7407,#7409,#7410,#7411,#7412,#7413));
#7415=FACE_OUTER_BOUND('',#7414,.F.);
#7416=ADVANCED_FACE('',(#7415),#7405,.F.);
#7417=CARTESIAN_POINT('',(-7.164130136462E0,1.782713346158E1,
-1.100942133523E2));
#7418=DIRECTION('',(7.064538642272E-1,-2.948996232592E-1,6.433950185695E-1));
#7419=DIRECTION('',(4.982875178687E-1,8.528188541739E-1,-1.562355641389E-1));
#7420=AXIS2_PLACEMENT_3D('',#7417,#7418,#7419);
#7421=CYLINDRICAL_SURFACE('',#7420,2.999999999999E0);
#7423=ORIENTED_EDGE('',*,*,#7422,.F.);
#7425=ORIENTED_EDGE('',*,*,#7424,.F.);
#7426=ORIENTED_EDGE('',*,*,#7406,.T.);
#7427=ORIENTED_EDGE('',*,*,#7372,.F.);
#7428=EDGE_LOOP('',(#7423,#7425,#7426,#7427));
#7429=FACE_OUTER_BOUND('',#7428,.F.);
#7430=ADVANCED_FACE('',(#7429),#7421,.F.);
#7431=CARTESIAN_POINT('',(-7.5E0,1.789782197134E1,-1.102484374729E2));
#7432=DIRECTION('',(0.E0,-4.166666666667E-1,9.090593428863E-1));
#7433=DIRECTION('',(0.E0,-9.090593428863E-1,-4.166666666667E-1));
#7434=AXIS2_PLACEMENT_3D('',#7431,#7432,#7433);
#7435=CYLINDRICAL_SURFACE('',#7434,3.E0);
#7437=ORIENTED_EDGE('',*,*,#7436,.T.);
#7438=ORIENTED_EDGE('',*,*,#7422,.T.);
#7439=ORIENTED_EDGE('',*,*,#7370,.F.);
#7440=EDGE_LOOP('',(#7437,#7438,#7439));
#7441=FACE_OUTER_BOUND('',#7440,.F.);
#7442=ADVANCED_FACE('',(#7441),#7435,.F.);
#7443=CARTESIAN_POINT('',(-4.5E0,2.0625E1,-1.089984374729E2));
#7444=DIRECTION('',(0.E0,-9.090593428863E-1,-4.166666666667E-1));
#7445=DIRECTION('',(0.E0,4.166666666667E-1,-9.090593428863E-1));
#7446=AXIS2_PLACEMENT_3D('',#7443,#7444,#7445);
#7447=PLANE('',#7446);
#7449=ORIENTED_EDGE('',*,*,#7448,.F.);
#7450=ORIENTED_EDGE('',*,*,#7424,.T.);
#7451=ORIENTED_EDGE('',*,*,#7436,.F.);
#7453=ORIENTED_EDGE('',*,*,#7452,.F.);
#7455=ORIENTED_EDGE('',*,*,#7454,.T.);
#7456=EDGE_LOOP('',(#7449,#7450,#7451,#7453,#7455));
#7457=FACE_OUTER_BOUND('',#7456,.F.);
#7458=ADVANCED_FACE('',(#7457),#7447,.T.);
#7459=CARTESIAN_POINT('',(-1.285712569798E3,2.132147386608E1,
-1.081179640530E2));
#7460=DIRECTION('',(1.E0,0.E0,0.E0));
#7461=DIRECTION('',(0.E0,0.E0,1.E0));
#7462=AXIS2_PLACEMENT_3D('',#7459,#7460,#7461);
#7463=CYLINDRICAL_SURFACE('',#7462,1.E0);
#7464=ORIENTED_EDGE('',*,*,#7050,.F.);
#7465=ORIENTED_EDGE('',*,*,#7408,.F.);
#7466=ORIENTED_EDGE('',*,*,#7448,.T.);
#7468=ORIENTED_EDGE('',*,*,#7467,.F.);
#7469=EDGE_LOOP('',(#7464,#7465,#7466,#7468));
#7470=FACE_OUTER_BOUND('',#7469,.F.);
#7471=ADVANCED_FACE('',(#7470),#7463,.T.);
#7472=CARTESIAN_POINT('',(-1.491953062614E1,2.132147386608E1,
-1.081179640530E2));
#7473=DIRECTION('',(1.E0,0.E0,0.E0));
#7474=DIRECTION('',(0.E0,0.E0,1.E0));
#7475=AXIS2_PLACEMENT_3D('',#7472,#7473,#7474);
#7476=CONICAL_SURFACE('',#7475,5.804693738618E-1,4.5E1);
#7478=ORIENTED_EDGE('',*,*,#7477,.T.);
#7479=ORIENTED_EDGE('',*,*,#7467,.T.);
#7481=ORIENTED_EDGE('',*,*,#7480,.T.);
#7482=EDGE_LOOP('',(#7478,#7479,#7481));
#7483=FACE_OUTER_BOUND('',#7482,.F.);
#7484=ADVANCED_FACE('',(#7483),#7476,.T.);
#7485=CARTESIAN_POINT('',(-1.5E1,0.E0,-6.4E1));
#7486=DIRECTION('',(-1.E0,0.E0,0.E0));
#7487=DIRECTION('',(0.E0,0.E0,-1.E0));
#7488=AXIS2_PLACEMENT_3D('',#7485,#7486,#7487);
#7489=CONICAL_SURFACE('',#7488,4.85E1,4.5E1);
#7491=ORIENTED_EDGE('',*,*,#7490,.T.);
#7492=ORIENTED_EDGE('',*,*,#6772,.T.);
#7493=ORIENTED_EDGE('',*,*,#7052,.T.);
#7494=ORIENTED_EDGE('',*,*,#7477,.F.);
#7495=ORIENTED_EDGE('',*,*,#5827,.F.);
#7496=ORIENTED_EDGE('',*,*,#5825,.F.);
#7497=EDGE_LOOP('',(#7491,#7492,#7493,#7494,#7495,#7496));
#7498=FACE_OUTER_BOUND('',#7497,.F.);
#7499=ADVANCED_FACE('',(#7498),#7489,.F.);
#7500=CARTESIAN_POINT('',(-1.491953062614E1,-2.1E1,-1.082718872424E2));
#7501=DIRECTION('',(1.E0,0.E0,0.E0));
#7502=DIRECTION('',(0.E0,0.E0,1.E0));
#7503=AXIS2_PLACEMENT_3D('',#7500,#7501,#7502);
#7504=CONICAL_SURFACE('',#7503,5.804693738618E-1,4.5E1);
#7506=ORIENTED_EDGE('',*,*,#7505,.T.);
#7508=ORIENTED_EDGE('',*,*,#7507,.T.);
#7509=ORIENTED_EDGE('',*,*,#7490,.F.);
#7510=EDGE_LOOP('',(#7506,#7508,#7509));
#7511=FACE_OUTER_BOUND('',#7510,.F.);
#7512=ADVANCED_FACE('',(#7511),#7504,.T.);
#7513=CARTESIAN_POINT('',(-1.45E1,-2.E1,-1.148174242293E2));
#7514=DIRECTION('',(-7.071067811865E-1,7.071067811865E-1,0.E0));
#7515=DIRECTION('',(0.E0,0.E0,1.E0));
#7516=AXIS2_PLACEMENT_3D('',#7513,#7514,#7515);
#7517=PLANE('',#7516);
#7519=ORIENTED_EDGE('',*,*,#7518,.F.);
#7521=ORIENTED_EDGE('',*,*,#7520,.F.);
#7522=ORIENTED_EDGE('',*,*,#7505,.F.);
#7523=ORIENTED_EDGE('',*,*,#5823,.F.);
#7524=EDGE_LOOP('',(#7519,#7521,#7522,#7523));
#7525=FACE_OUTER_BOUND('',#7524,.F.);
#7526=ADVANCED_FACE('',(#7525),#7517,.T.);
#7527=CARTESIAN_POINT('',(-1.5E1,-1.6E1,-1.18E2));
#7528=DIRECTION('',(-1.E0,0.E0,0.E0));
#7529=DIRECTION('',(0.E0,0.E0,-1.E0));
#7530=AXIS2_PLACEMENT_3D('',#7527,#7528,#7529);
#7531=CONICAL_SURFACE('',#7530,4.5E0,4.5E1);
#7533=ORIENTED_EDGE('',*,*,#7532,.T.);
#7535=ORIENTED_EDGE('',*,*,#7534,.T.);
#7536=ORIENTED_EDGE('',*,*,#7518,.T.);
#7537=ORIENTED_EDGE('',*,*,#5821,.F.);
#7538=EDGE_LOOP('',(#7533,#7535,#7536,#7537));
#7539=FACE_OUTER_BOUND('',#7538,.F.);
#7540=ADVANCED_FACE('',(#7539),#7531,.F.);
#7541=CARTESIAN_POINT('',(-1.45E1,8.585786437627E0,-1.22E2));
#7542=DIRECTION('',(-7.071067811865E-1,0.E0,7.071067811865E-1));
#7543=DIRECTION('',(0.E0,-1.E0,0.E0));
#7544=AXIS2_PLACEMENT_3D('',#7541,#7542,#7543);
#7545=PLANE('',#7544);
#7546=ORIENTED_EDGE('',*,*,#7532,.F.);
#7547=ORIENTED_EDGE('',*,*,#5819,.F.);
#7549=ORIENTED_EDGE('',*,*,#7548,.F.);
#7551=ORIENTED_EDGE('',*,*,#7550,.F.);
#7552=EDGE_LOOP('',(#7546,#7547,#7549,#7551));
#7553=FACE_OUTER_BOUND('',#7552,.F.);
#7554=ADVANCED_FACE('',(#7553),#7545,.T.);
#7555=CARTESIAN_POINT('',(-1.5E1,3.551471862576E1,-1.18E2));
#7556=DIRECTION('',(-1.E0,0.E0,0.E0));
#7557=DIRECTION('',(0.E0,0.E0,-1.E0));
#7558=AXIS2_PLACEMENT_3D('',#7555,#7556,#7557);
#7559=CONICAL_SURFACE('',#7558,4.5E0,4.5E1);
#7560=ORIENTED_EDGE('',*,*,#7548,.T.);
#7561=ORIENTED_EDGE('',*,*,#5817,.F.);
#7563=ORIENTED_EDGE('',*,*,#7562,.T.);
#7565=ORIENTED_EDGE('',*,*,#7564,.T.);
#7566=EDGE_LOOP('',(#7560,#7561,#7563,#7565));
#7567=FACE_OUTER_BOUND('',#7566,.F.);
#7568=ADVANCED_FACE('',(#7567),#7559,.F.);
#7569=CARTESIAN_POINT('',(-1.45E1,4.351018946702E1,-1.156613834082E2));
#7570=DIRECTION('',(-7.071067811865E-1,-5.E-1,5.E-1));
#7571=DIRECTION('',(0.E0,-7.071067811865E-1,-7.071067811865E-1));
#7572=AXIS2_PLACEMENT_3D('',#7569,#7570,#7571);
#7573=PLANE('',#7572);
#7574=ORIENTED_EDGE('',*,*,#7562,.F.);
#7575=ORIENTED_EDGE('',*,*,#5815,.F.);
#7577=ORIENTED_EDGE('',*,*,#7576,.F.);
#7579=ORIENTED_EDGE('',*,*,#7578,.F.);
#7580=EDGE_LOOP('',(#7574,#7575,#7577,#7579));
#7581=FACE_OUTER_BOUND('',#7580,.F.);
#7582=ADVANCED_FACE('',(#7581),#7573,.T.);
#7583=CARTESIAN_POINT('',(-1.5E1,4.401238376540E1,-1.095023348604E2));
#7584=DIRECTION('',(-1.E0,0.E0,0.E0));
#7585=DIRECTION('',(0.E0,0.E0,-1.E0));
#7586=AXIS2_PLACEMENT_3D('',#7583,#7584,#7585);
#7587=CONICAL_SURFACE('',#7586,4.5E0,4.5E1);
#7588=ORIENTED_EDGE('',*,*,#7576,.T.);
#7589=ORIENTED_EDGE('',*,*,#5813,.F.);
#7591=ORIENTED_EDGE('',*,*,#7590,.T.);
#7593=ORIENTED_EDGE('',*,*,#7592,.T.);
#7594=EDGE_LOOP('',(#7588,#7589,#7591,#7593));
#7595=FACE_OUTER_BOUND('',#7594,.F.);
#7596=ADVANCED_FACE('',(#7595),#7587,.F.);
#7597=CARTESIAN_POINT('',(-1.45E1,4.371454652465E1,-1.039003076040E2));
#7598=DIRECTION('',(-7.071067811865E-1,-4.683165942282E-1,-5.297920040643E-1));
#7599=DIRECTION('',(-1.413083212815E-14,7.492390373846E-1,-6.622996790419E-1));
#7600=AXIS2_PLACEMENT_3D('',#7597,#7598,#7599);
#7601=PLANE('',#7600);
#7602=ORIENTED_EDGE('',*,*,#7590,.F.);
#7603=ORIENTED_EDGE('',*,*,#5811,.F.);
#7605=ORIENTED_EDGE('',*,*,#7604,.F.);
#7607=ORIENTED_EDGE('',*,*,#7606,.F.);
#7608=EDGE_LOOP('',(#7602,#7603,#7605,#7607));
#7609=FACE_OUTER_BOUND('',#7608,.F.);
#7610=ADVANCED_FACE('',(#7609),#7601,.T.);
#7611=CARTESIAN_POINT('',(-1.5E1,3.776783230765E1,-1.039823816547E2));
#7612=DIRECTION('',(-1.E0,0.E0,0.E0));
#7613=DIRECTION('',(0.E0,0.E0,-1.E0));
#7614=AXIS2_PLACEMENT_3D('',#7611,#7612,#7613);
#7615=CONICAL_SURFACE('',#7614,4.5E0,4.5E1);
#7616=ORIENTED_EDGE('',*,*,#7604,.T.);
#7617=ORIENTED_EDGE('',*,*,#5809,.F.);
#7618=ORIENTED_EDGE('',*,*,#5807,.F.);
#7620=ORIENTED_EDGE('',*,*,#7619,.F.);
#7622=ORIENTED_EDGE('',*,*,#7621,.T.);
#7624=ORIENTED_EDGE('',*,*,#7623,.T.);
#7625=EDGE_LOOP('',(#7616,#7617,#7618,#7620,#7622,#7624));
#7626=FACE_OUTER_BOUND('',#7625,.F.);
#7627=ADVANCED_FACE('',(#7626),#7615,.F.);
#7628=CARTESIAN_POINT('',(-1.5E1,-5.377642775528E-14,-6.4E1));
#7629=DIRECTION('',(1.E0,0.E0,0.E0));
#7630=DIRECTION('',(0.E0,0.E0,1.E0));
#7631=AXIS2_PLACEMENT_3D('',#7628,#7629,#7630);
#7632=CONICAL_SURFACE('',#7631,5.05E1,4.5E1);
#7634=ORIENTED_EDGE('',*,*,#7633,.T.);
#7636=ORIENTED_EDGE('',*,*,#7635,.T.);
#7637=ORIENTED_EDGE('',*,*,#7619,.T.);
#7638=ORIENTED_EDGE('',*,*,#5805,.F.);
#7639=EDGE_LOOP('',(#7634,#7636,#7637,#7638));
#7640=FACE_OUTER_BOUND('',#7639,.F.);
#7641=ADVANCED_FACE('',(#7640),#7632,.T.);
#7642=CARTESIAN_POINT('',(-1.491953062614E1,2.173822559280E1,
-1.090272089750E2));
#7643=DIRECTION('',(1.E0,0.E0,0.E0));
#7644=DIRECTION('',(0.E0,0.E0,1.E0));
#7645=AXIS2_PLACEMENT_3D('',#7642,#7643,#7644);
#7646=CONICAL_SURFACE('',#7645,5.804693738618E-1,4.5E1);
#7648=ORIENTED_EDGE('',*,*,#7647,.T.);
#7650=ORIENTED_EDGE('',*,*,#7649,.T.);
#7652=ORIENTED_EDGE('',*,*,#7651,.T.);
#7653=ORIENTED_EDGE('',*,*,#7633,.F.);
#7654=EDGE_LOOP('',(#7648,#7650,#7652,#7653));
#7655=FACE_OUTER_BOUND('',#7654,.F.);
#7656=ADVANCED_FACE('',(#7655),#7646,.T.);
#7657=CARTESIAN_POINT('',(-1.55E1,9.090593428863E-1,-6.358333333333E1));
#7658=DIRECTION('',(7.071067811865E-1,6.428020258559E-1,2.946278254944E-1));
#7659=DIRECTION('',(-1.491587835750E-14,4.166666666667E-1,-9.090593428863E-1));
#7660=AXIS2_PLACEMENT_3D('',#7657,#7658,#7659);
#7661=PLANE('',#7660);
#7662=ORIENTED_EDGE('',*,*,#7480,.F.);
#7663=ORIENTED_EDGE('',*,*,#7454,.F.);
#7664=ORIENTED_EDGE('',*,*,#7647,.F.);
#7665=ORIENTED_EDGE('',*,*,#5803,.F.);
#7666=EDGE_LOOP('',(#7662,#7663,#7664,#7665));
#7667=FACE_OUTER_BOUND('',#7666,.F.);
#7668=ADVANCED_FACE('',(#7667),#7661,.F.);
#7669=CARTESIAN_POINT('',(-4.5E0,2.173822559280E1,-1.090272089750E2));
#7670=DIRECTION('',(-1.E0,0.E0,0.E0));
#7671=DIRECTION('',(0.E0,0.E0,-1.E0));
#7672=AXIS2_PLACEMENT_3D('',#7669,#7670,#7671);
#7673=CYLINDRICAL_SURFACE('',#7672,1.E0);
#7674=ORIENTED_EDGE('',*,*,#7452,.T.);
#7675=ORIENTED_EDGE('',*,*,#7368,.F.);
#7676=ORIENTED_EDGE('',*,*,#7366,.F.);
#7678=ORIENTED_EDGE('',*,*,#7677,.F.);
#7679=ORIENTED_EDGE('',*,*,#7651,.F.);
#7680=ORIENTED_EDGE('',*,*,#7649,.F.);
#7681=EDGE_LOOP('',(#7674,#7675,#7676,#7678,#7679,#7680));
#7682=FACE_OUTER_BOUND('',#7681,.F.);
#7683=ADVANCED_FACE('',(#7682),#7673,.T.);
#7684=CARTESIAN_POINT('',(-4.5E0,-5.377642775528E-14,-6.4E1));
#7685=DIRECTION('',(-1.E0,0.E0,0.E0));
#7686=DIRECTION('',(0.E0,0.E0,-1.E0));
#7687=AXIS2_PLACEMENT_3D('',#7684,#7685,#7686);
#7688=CYLINDRICAL_SURFACE('',#7687,5.1E1);
#7689=ORIENTED_EDGE('',*,*,#7677,.T.);
#7690=ORIENTED_EDGE('',*,*,#7351,.F.);
#7692=ORIENTED_EDGE('',*,*,#7691,.T.);
#7693=ORIENTED_EDGE('',*,*,#7635,.F.);
#7694=EDGE_LOOP('',(#7689,#7690,#7692,#7693));
#7695=FACE_OUTER_BOUND('',#7694,.F.);
#7696=ADVANCED_FACE('',(#7695),#7688,.T.);
#7697=CARTESIAN_POINT('',(-4.5E0,3.776783230765E1,-1.039823816547E2));
#7698=DIRECTION('',(-1.E0,0.E0,0.E0));
#7699=DIRECTION('',(0.E0,0.E0,-1.E0));
#7700=AXIS2_PLACEMENT_3D('',#7697,#7698,#7699);
#7701=CYLINDRICAL_SURFACE('',#7700,4.E0);
#7702=ORIENTED_EDGE('',*,*,#7691,.F.);
#7703=ORIENTED_EDGE('',*,*,#7337,.F.);
#7704=ORIENTED_EDGE('',*,*,#7335,.F.);
#7706=ORIENTED_EDGE('',*,*,#7705,.T.);
#7707=ORIENTED_EDGE('',*,*,#7623,.F.);
#7708=ORIENTED_EDGE('',*,*,#7621,.F.);
#7709=EDGE_LOOP('',(#7702,#7703,#7704,#7706,#7707,#7708));
#7710=FACE_OUTER_BOUND('',#7709,.F.);
#7711=ADVANCED_FACE('',(#7710),#7701,.F.);
#7712=CARTESIAN_POINT('',(-4.5E0,4.371454652465E1,-1.039003076040E2));
#7713=DIRECTION('',(0.E0,6.622996790419E-1,7.492390373846E-1));
#7714=DIRECTION('',(0.E0,-7.492390373846E-1,6.622996790419E-1));
#7715=AXIS2_PLACEMENT_3D('',#7712,#7713,#7714);
#7716=PLANE('',#7715);
#7717=ORIENTED_EDGE('',*,*,#7705,.F.);
#7718=ORIENTED_EDGE('',*,*,#7308,.F.);
#7720=ORIENTED_EDGE('',*,*,#7719,.F.);
#7721=ORIENTED_EDGE('',*,*,#7606,.T.);
#7722=EDGE_LOOP('',(#7717,#7718,#7720,#7721));
#7723=FACE_OUTER_BOUND('',#7722,.F.);
#7724=ADVANCED_FACE('',(#7723),#7716,.F.);
#7725=CARTESIAN_POINT('',(-4.5E0,4.401238376540E1,-1.095023348604E2));
#7726=DIRECTION('',(1.E0,0.E0,0.E0));
#7727=DIRECTION('',(0.E0,0.E0,1.E0));
#7728=AXIS2_PLACEMENT_3D('',#7725,#7726,#7727);
#7729=CYLINDRICAL_SURFACE('',#7728,4.E0);
#7730=ORIENTED_EDGE('',*,*,#7719,.T.);
#7731=ORIENTED_EDGE('',*,*,#7294,.F.);
#7733=ORIENTED_EDGE('',*,*,#7732,.T.);
#7734=ORIENTED_EDGE('',*,*,#7592,.F.);
#7735=EDGE_LOOP('',(#7730,#7731,#7733,#7734));
#7736=FACE_OUTER_BOUND('',#7735,.F.);
#7737=ADVANCED_FACE('',(#7736),#7729,.F.);
#7738=CARTESIAN_POINT('',(-4.5E0,4.351018946702E1,-1.156613834082E2));
#7739=DIRECTION('',(0.E0,7.071067811865E-1,-7.071067811865E-1));
#7740=DIRECTION('',(0.E0,7.071067811865E-1,7.071067811865E-1));
#7741=AXIS2_PLACEMENT_3D('',#7738,#7739,#7740);
#7742=PLANE('',#7741);
#7743=ORIENTED_EDGE('',*,*,#7732,.F.);
#7744=ORIENTED_EDGE('',*,*,#7268,.F.);
#7746=ORIENTED_EDGE('',*,*,#7745,.F.);
#7747=ORIENTED_EDGE('',*,*,#7578,.T.);
#7748=EDGE_LOOP('',(#7743,#7744,#7746,#7747));
#7749=FACE_OUTER_BOUND('',#7748,.F.);
#7750=ADVANCED_FACE('',(#7749),#7742,.F.);
#7751=CARTESIAN_POINT('',(-4.5E0,3.551471862576E1,-1.18E2));
#7752=DIRECTION('',(1.E0,0.E0,0.E0));
#7753=DIRECTION('',(0.E0,0.E0,1.E0));
#7754=AXIS2_PLACEMENT_3D('',#7751,#7752,#7753);
#7755=CYLINDRICAL_SURFACE('',#7754,4.E0);
#7756=ORIENTED_EDGE('',*,*,#7745,.T.);
#7757=ORIENTED_EDGE('',*,*,#7254,.F.);
#7759=ORIENTED_EDGE('',*,*,#7758,.T.);
#7760=ORIENTED_EDGE('',*,*,#7564,.F.);
#7761=EDGE_LOOP('',(#7756,#7757,#7759,#7760));
#7762=FACE_OUTER_BOUND('',#7761,.F.);
#7763=ADVANCED_FACE('',(#7762),#7755,.F.);
#7764=CARTESIAN_POINT('',(-4.5E0,8.585786437627E0,-1.22E2));
#7765=DIRECTION('',(0.E0,0.E0,-1.E0));
#7766=DIRECTION('',(0.E0,1.E0,0.E0));
#7767=AXIS2_PLACEMENT_3D('',#7764,#7765,#7766);
#7768=PLANE('',#7767);
#7769=ORIENTED_EDGE('',*,*,#7758,.F.);
#7770=ORIENTED_EDGE('',*,*,#7228,.F.);
#7772=ORIENTED_EDGE('',*,*,#7771,.F.);
#7773=ORIENTED_EDGE('',*,*,#7550,.T.);
#7774=EDGE_LOOP('',(#7769,#7770,#7772,#7773));
#7775=FACE_OUTER_BOUND('',#7774,.F.);
#7776=ADVANCED_FACE('',(#7775),#7768,.F.);
#7777=CARTESIAN_POINT('',(-4.5E0,-1.6E1,-1.18E2));
#7778=DIRECTION('',(1.E0,0.E0,0.E0));
#7779=DIRECTION('',(0.E0,0.E0,1.E0));
#7780=AXIS2_PLACEMENT_3D('',#7777,#7778,#7779);
#7781=CYLINDRICAL_SURFACE('',#7780,4.E0);
#7782=ORIENTED_EDGE('',*,*,#7771,.T.);
#7783=ORIENTED_EDGE('',*,*,#7214,.F.);
#7785=ORIENTED_EDGE('',*,*,#7784,.T.);
#7786=ORIENTED_EDGE('',*,*,#7534,.F.);
#7787=EDGE_LOOP('',(#7782,#7783,#7785,#7786));
#7788=FACE_OUTER_BOUND('',#7787,.F.);
#7789=ADVANCED_FACE('',(#7788),#7781,.F.);
#7790=CARTESIAN_POINT('',(-4.5E0,-2.E1,-1.148174242293E2));
#7791=DIRECTION('',(0.E0,-1.E0,0.E0));
#7792=DIRECTION('',(0.E0,0.E0,-1.E0));
#7793=AXIS2_PLACEMENT_3D('',#7790,#7791,#7792);
#7794=PLANE('',#7793);
#7795=ORIENTED_EDGE('',*,*,#7151,.F.);
#7796=ORIENTED_EDGE('',*,*,#7137,.T.);
#7798=ORIENTED_EDGE('',*,*,#7797,.F.);
#7799=ORIENTED_EDGE('',*,*,#7520,.T.);
#7800=ORIENTED_EDGE('',*,*,#7784,.F.);
#7801=EDGE_LOOP('',(#7795,#7796,#7798,#7799,#7800));
#7802=FACE_OUTER_BOUND('',#7801,.F.);
#7803=ADVANCED_FACE('',(#7802),#7794,.F.);
#7804=CARTESIAN_POINT('',(-1.285712569798E3,-2.1E1,-1.082718872424E2));
#7805=DIRECTION('',(1.E0,0.E0,0.E0));
#7806=DIRECTION('',(0.E0,0.E0,1.E0));
#7807=AXIS2_PLACEMENT_3D('',#7804,#7805,#7806);
#7808=CYLINDRICAL_SURFACE('',#7807,1.E0);
#7809=ORIENTED_EDGE('',*,*,#7797,.T.);
#7810=ORIENTED_EDGE('',*,*,#7111,.F.);
#7811=ORIENTED_EDGE('',*,*,#6774,.F.);
#7812=ORIENTED_EDGE('',*,*,#7507,.F.);
#7813=EDGE_LOOP('',(#7809,#7810,#7811,#7812));
#7814=FACE_OUTER_BOUND('',#7813,.F.);
#7815=ADVANCED_FACE('',(#7814),#7808,.T.);
#7816=CARTESIAN_POINT('',(0.E0,1.637790070187E1,-1.359400463636E1));
#7817=DIRECTION('',(-1.E0,0.E0,0.E0));
#7818=DIRECTION('',(0.E0,0.E0,-1.E0));
#7819=AXIS2_PLACEMENT_3D('',#7816,#7817,#7818);
#7820=CYLINDRICAL_SURFACE('',#7819,4.125E0);
#7822=ORIENTED_EDGE('',*,*,#7821,.F.);
#7824=ORIENTED_EDGE('',*,*,#7823,.T.);
#7825=ORIENTED_EDGE('',*,*,#6336,.F.);
#7826=ORIENTED_EDGE('',*,*,#6642,.T.);
#7827=ORIENTED_EDGE('',*,*,#6340,.F.);
#7829=ORIENTED_EDGE('',*,*,#7828,.F.);
#7830=EDGE_LOOP('',(#7822,#7824,#7825,#7826,#7827,#7829));
#7831=FACE_OUTER_BOUND('',#7830,.F.);
#7832=ADVANCED_FACE('',(#7831),#7820,.F.);
#7833=CARTESIAN_POINT('',(-4.5E0,4.700290070187E1,-3.284738162850E1));
#7834=DIRECTION('',(1.E0,0.E0,0.E0));
#7835=DIRECTION('',(0.E0,0.E0,1.E0));
#7836=AXIS2_PLACEMENT_3D('',#7833,#7834,#7835);
#7837=PLANE('',#7836);
#7838=ORIENTED_EDGE('',*,*,#7821,.T.);
#7840=ORIENTED_EDGE('',*,*,#7839,.T.);
#7841=EDGE_LOOP('',(#7838,#7840));
#7842=FACE_OUTER_BOUND('',#7841,.F.);
#7844=ORIENTED_EDGE('',*,*,#7843,.F.);
#7846=ORIENTED_EDGE('',*,*,#7845,.F.);
#7847=EDGE_LOOP('',(#7844,#7846));
#7848=FACE_BOUND('',#7847,.F.);
#7849=ADVANCED_FACE('',(#7842,#7848),#7837,.T.);
#7850=CARTESIAN_POINT('',(0.E0,1.637790070187E1,-1.359400463636E1));
#7851=DIRECTION('',(-1.E0,0.E0,0.E0));
#7852=DIRECTION('',(0.E0,0.E0,-1.E0));
#7853=AXIS2_PLACEMENT_3D('',#7850,#7851,#7852);
#7854=CYLINDRICAL_SURFACE('',#7853,4.125E0);
#7855=ORIENTED_EDGE('',*,*,#7839,.F.);
#7856=ORIENTED_EDGE('',*,*,#7828,.T.);
#7857=ORIENTED_EDGE('',*,*,#6338,.F.);
#7858=ORIENTED_EDGE('',*,*,#7823,.F.);
#7859=EDGE_LOOP('',(#7855,#7856,#7857,#7858));
#7860=FACE_OUTER_BOUND('',#7859,.F.);
#7861=ADVANCED_FACE('',(#7860),#7854,.F.);
#7862=CARTESIAN_POINT('',(-4.750000013752E0,1.637790070187E1,
-1.359400463636E1));
#7863=DIRECTION('',(1.E0,0.E0,0.E0));
#7864=DIRECTION('',(0.E0,0.E0,-1.E0));
#7865=AXIS2_PLACEMENT_3D('',#7862,#7863,#7864);
#7866=CONICAL_SURFACE('',#7865,2.399999986248E0,4.5E1);
#7867=ORIENTED_EDGE('',*,*,#7843,.T.);
#7869=ORIENTED_EDGE('',*,*,#7868,.T.);
#7871=ORIENTED_EDGE('',*,*,#7870,.F.);
#7873=ORIENTED_EDGE('',*,*,#7872,.F.);
#7874=EDGE_LOOP('',(#7867,#7869,#7871,#7873));
#7875=FACE_OUTER_BOUND('',#7874,.F.);
#7876=ADVANCED_FACE('',(#7875),#7866,.F.);
#7877=CARTESIAN_POINT('',(-4.750000013752E0,1.637790070187E1,
-1.359400463636E1));
#7878=DIRECTION('',(1.E0,0.E0,0.E0));
#7879=DIRECTION('',(0.E0,0.E0,-1.E0));
#7880=AXIS2_PLACEMENT_3D('',#7877,#7878,#7879);
#7881=CONICAL_SURFACE('',#7880,2.399999986248E0,4.5E1);
#7882=ORIENTED_EDGE('',*,*,#7845,.T.);
#7883=ORIENTED_EDGE('',*,*,#7872,.T.);
#7885=ORIENTED_EDGE('',*,*,#7884,.F.);
#7886=ORIENTED_EDGE('',*,*,#7868,.F.);
#7887=EDGE_LOOP('',(#7882,#7883,#7885,#7886));
#7888=FACE_OUTER_BOUND('',#7887,.F.);
#7889=ADVANCED_FACE('',(#7888),#7881,.F.);
#7890=CARTESIAN_POINT('',(0.E0,1.637790070187E1,-1.359400463636E1));
#7891=DIRECTION('',(-1.E0,0.E0,0.E0));
#7892=DIRECTION('',(0.E0,0.E0,-1.E0));
#7893=AXIS2_PLACEMENT_3D('',#7890,#7891,#7892);
#7894=CYLINDRICAL_SURFACE('',#7893,2.15E0);
#7895=ORIENTED_EDGE('',*,*,#7884,.T.);
#7897=ORIENTED_EDGE('',*,*,#7896,.F.);
#7898=ORIENTED_EDGE('',*,*,#5891,.F.);
#7900=ORIENTED_EDGE('',*,*,#7899,.T.);
#7901=EDGE_LOOP('',(#7895,#7897,#7898,#7900));
#7902=FACE_OUTER_BOUND('',#7901,.F.);
#7903=ADVANCED_FACE('',(#7902),#7894,.F.);
#7904=CARTESIAN_POINT('',(0.E0,1.637790070187E1,-1.359400463636E1));
#7905=DIRECTION('',(-1.E0,0.E0,0.E0));
#7906=DIRECTION('',(0.E0,0.E0,-1.E0));
#7907=AXIS2_PLACEMENT_3D('',#7904,#7905,#7906);
#7908=CYLINDRICAL_SURFACE('',#7907,2.15E0);
#7909=ORIENTED_EDGE('',*,*,#7870,.T.);
#7910=ORIENTED_EDGE('',*,*,#7899,.F.);
#7911=ORIENTED_EDGE('',*,*,#5889,.F.);
#7912=ORIENTED_EDGE('',*,*,#7896,.T.);
#7913=EDGE_LOOP('',(#7909,#7910,#7911,#7912));
#7914=FACE_OUTER_BOUND('',#7913,.F.);
#7915=ADVANCED_FACE('',(#7914),#7908,.F.);
#7916=CARTESIAN_POINT('',(0.E0,4.287790070187E1,-3.284738162850E1));
#7917=DIRECTION('',(-1.E0,0.E0,0.E0));
#7918=DIRECTION('',(0.E0,0.E0,-1.E0));
#7919=AXIS2_PLACEMENT_3D('',#7916,#7917,#7918);
#7920=CYLINDRICAL_SURFACE('',#7919,4.125E0);
#7922=ORIENTED_EDGE('',*,*,#7921,.F.);
#7924=ORIENTED_EDGE('',*,*,#7923,.T.);
#7925=ORIENTED_EDGE('',*,*,#6328,.F.);
#7926=ORIENTED_EDGE('',*,*,#6645,.T.);
#7927=ORIENTED_EDGE('',*,*,#6332,.F.);
#7929=ORIENTED_EDGE('',*,*,#7928,.F.);
#7930=EDGE_LOOP('',(#7922,#7924,#7925,#7926,#7927,#7929));
#7931=FACE_OUTER_BOUND('',#7930,.F.);
#7932=ADVANCED_FACE('',(#7931),#7920,.F.);
#7933=CARTESIAN_POINT('',(-4.5E0,4.700290070187E1,-3.284738162850E1));
#7934=DIRECTION('',(1.E0,0.E0,0.E0));
#7935=DIRECTION('',(0.E0,0.E0,1.E0));
#7936=AXIS2_PLACEMENT_3D('',#7933,#7934,#7935);
#7937=PLANE('',#7936);
#7938=ORIENTED_EDGE('',*,*,#7921,.T.);
#7940=ORIENTED_EDGE('',*,*,#7939,.T.);
#7941=EDGE_LOOP('',(#7938,#7940));
#7942=FACE_OUTER_BOUND('',#7941,.F.);
#7944=ORIENTED_EDGE('',*,*,#7943,.F.);
#7946=ORIENTED_EDGE('',*,*,#7945,.F.);
#7947=EDGE_LOOP('',(#7944,#7946));
#7948=FACE_BOUND('',#7947,.F.);
#7949=ADVANCED_FACE('',(#7942,#7948),#7937,.T.);
#7950=CARTESIAN_POINT('',(0.E0,4.287790070187E1,-3.284738162850E1));
#7951=DIRECTION('',(-1.E0,0.E0,0.E0));
#7952=DIRECTION('',(0.E0,0.E0,-1.E0));
#7953=AXIS2_PLACEMENT_3D('',#7950,#7951,#7952);
#7954=CYLINDRICAL_SURFACE('',#7953,4.125E0);
#7955=ORIENTED_EDGE('',*,*,#7939,.F.);
#7956=ORIENTED_EDGE('',*,*,#7928,.T.);
#7957=ORIENTED_EDGE('',*,*,#6330,.F.);
#7958=ORIENTED_EDGE('',*,*,#7923,.F.);
#7959=EDGE_LOOP('',(#7955,#7956,#7957,#7958));
#7960=FACE_OUTER_BOUND('',#7959,.F.);
#7961=ADVANCED_FACE('',(#7960),#7954,.F.);
#7962=CARTESIAN_POINT('',(-4.750000013752E0,4.287790070187E1,
-3.284738162850E1));
#7963=DIRECTION('',(1.E0,0.E0,0.E0));
#7964=DIRECTION('',(0.E0,0.E0,-1.E0));
#7965=AXIS2_PLACEMENT_3D('',#7962,#7963,#7964);
#7966=CONICAL_SURFACE('',#7965,2.399999986248E0,4.5E1);
#7967=ORIENTED_EDGE('',*,*,#7943,.T.);
#7969=ORIENTED_EDGE('',*,*,#7968,.T.);
#7971=ORIENTED_EDGE('',*,*,#7970,.F.);
#7973=ORIENTED_EDGE('',*,*,#7972,.F.);
#7974=EDGE_LOOP('',(#7967,#7969,#7971,#7973));
#7975=FACE_OUTER_BOUND('',#7974,.F.);
#7976=ADVANCED_FACE('',(#7975),#7966,.F.);
#7977=CARTESIAN_POINT('',(-4.750000013752E0,4.287790070187E1,
-3.284738162850E1));
#7978=DIRECTION('',(1.E0,0.E0,0.E0));
#7979=DIRECTION('',(0.E0,0.E0,-1.E0));
#7980=AXIS2_PLACEMENT_3D('',#7977,#7978,#7979);
#7981=CONICAL_SURFACE('',#7980,2.399999986248E0,4.5E1);
#7982=ORIENTED_EDGE('',*,*,#7945,.T.);
#7983=ORIENTED_EDGE('',*,*,#7972,.T.);
#7985=ORIENTED_EDGE('',*,*,#7984,.F.);
#7986=ORIENTED_EDGE('',*,*,#7968,.F.);
#7987=EDGE_LOOP('',(#7982,#7983,#7985,#7986));
#7988=FACE_OUTER_BOUND('',#7987,.F.);
#7989=ADVANCED_FACE('',(#7988),#7981,.F.);
#7990=CARTESIAN_POINT('',(0.E0,4.287790070187E1,-3.284738162850E1));
#7991=DIRECTION('',(-1.E0,0.E0,0.E0));
#7992=DIRECTION('',(0.E0,0.E0,-1.E0));
#7993=AXIS2_PLACEMENT_3D('',#7990,#7991,#7992);
#7994=CYLINDRICAL_SURFACE('',#7993,2.15E0);
#7995=ORIENTED_EDGE('',*,*,#7984,.T.);
#7997=ORIENTED_EDGE('',*,*,#7996,.F.);
#7998=ORIENTED_EDGE('',*,*,#5903,.F.);
#8000=ORIENTED_EDGE('',*,*,#7999,.T.);
#8001=EDGE_LOOP('',(#7995,#7997,#7998,#8000));
#8002=FACE_OUTER_BOUND('',#8001,.F.);
#8003=ADVANCED_FACE('',(#8002),#7994,.F.);
#8004=CARTESIAN_POINT('',(0.E0,4.287790070187E1,-3.284738162850E1));
#8005=DIRECTION('',(-1.E0,0.E0,0.E0));
#8006=DIRECTION('',(0.E0,0.E0,-1.E0));
#8007=AXIS2_PLACEMENT_3D('',#8004,#8005,#8006);
#8008=CYLINDRICAL_SURFACE('',#8007,2.15E0);
#8009=ORIENTED_EDGE('',*,*,#7970,.T.);
#8010=ORIENTED_EDGE('',*,*,#7999,.F.);
#8011=ORIENTED_EDGE('',*,*,#5901,.F.);
#8012=ORIENTED_EDGE('',*,*,#7996,.T.);
#8013=EDGE_LOOP('',(#8009,#8010,#8011,#8012));
#8014=FACE_OUTER_BOUND('',#8013,.F.);
#8015=ADVANCED_FACE('',(#8014),#8008,.F.);
#8016=CARTESIAN_POINT('',(0.E0,5.3E1,-6.4E1));
#8017=DIRECTION('',(-1.E0,0.E0,0.E0));
#8018=DIRECTION('',(0.E0,0.E0,-1.E0));
#8019=AXIS2_PLACEMENT_3D('',#8016,#8017,#8018);
#8020=CYLINDRICAL_SURFACE('',#8019,4.125E0);
#8022=ORIENTED_EDGE('',*,*,#8021,.F.);
#8024=ORIENTED_EDGE('',*,*,#8023,.T.);
#8025=ORIENTED_EDGE('',*,*,#6320,.F.);
#8026=ORIENTED_EDGE('',*,*,#6648,.T.);
#8027=ORIENTED_EDGE('',*,*,#6324,.F.);
#8029=ORIENTED_EDGE('',*,*,#8028,.F.);
#8030=EDGE_LOOP('',(#8022,#8024,#8025,#8026,#8027,#8029));
#8031=FACE_OUTER_BOUND('',#8030,.F.);
#8032=ADVANCED_FACE('',(#8031),#8020,.F.);
#8033=CARTESIAN_POINT('',(-4.5E0,4.700290070187E1,-3.284738162850E1));
#8034=DIRECTION('',(1.E0,0.E0,0.E0));
#8035=DIRECTION('',(0.E0,0.E0,1.E0));
#8036=AXIS2_PLACEMENT_3D('',#8033,#8034,#8035);
#8037=PLANE('',#8036);
#8038=ORIENTED_EDGE('',*,*,#8021,.T.);
#8040=ORIENTED_EDGE('',*,*,#8039,.T.);
#8041=EDGE_LOOP('',(#8038,#8040));
#8042=FACE_OUTER_BOUND('',#8041,.F.);
#8044=ORIENTED_EDGE('',*,*,#8043,.F.);
#8046=ORIENTED_EDGE('',*,*,#8045,.F.);
#8047=EDGE_LOOP('',(#8044,#8046));
#8048=FACE_BOUND('',#8047,.F.);
#8049=ADVANCED_FACE('',(#8042,#8048),#8037,.T.);
#8050=CARTESIAN_POINT('',(0.E0,5.3E1,-6.4E1));
#8051=DIRECTION('',(-1.E0,0.E0,0.E0));
#8052=DIRECTION('',(0.E0,0.E0,-1.E0));
#8053=AXIS2_PLACEMENT_3D('',#8050,#8051,#8052);
#8054=CYLINDRICAL_SURFACE('',#8053,4.125E0);
#8055=ORIENTED_EDGE('',*,*,#8039,.F.);
#8056=ORIENTED_EDGE('',*,*,#8028,.T.);
#8057=ORIENTED_EDGE('',*,*,#6322,.F.);
#8058=ORIENTED_EDGE('',*,*,#8023,.F.);
#8059=EDGE_LOOP('',(#8055,#8056,#8057,#8058));
#8060=FACE_OUTER_BOUND('',#8059,.F.);
#8061=ADVANCED_FACE('',(#8060),#8054,.F.);
#8062=CARTESIAN_POINT('',(-4.750000013752E0,5.3E1,-6.4E1));
#8063=DIRECTION('',(1.E0,0.E0,0.E0));
#8064=DIRECTION('',(0.E0,0.E0,-1.E0));
#8065=AXIS2_PLACEMENT_3D('',#8062,#8063,#8064);
#8066=CONICAL_SURFACE('',#8065,2.399999986248E0,4.5E1);
#8067=ORIENTED_EDGE('',*,*,#8043,.T.);
#8069=ORIENTED_EDGE('',*,*,#8068,.T.);
#8071=ORIENTED_EDGE('',*,*,#8070,.F.);
#8073=ORIENTED_EDGE('',*,*,#8072,.F.);
#8074=EDGE_LOOP('',(#8067,#8069,#8071,#8073));
#8075=FACE_OUTER_BOUND('',#8074,.F.);
#8076=ADVANCED_FACE('',(#8075),#8066,.F.);
#8077=CARTESIAN_POINT('',(-4.750000013752E0,5.3E1,-6.4E1));
#8078=DIRECTION('',(1.E0,0.E0,0.E0));
#8079=DIRECTION('',(0.E0,0.E0,-1.E0));
#8080=AXIS2_PLACEMENT_3D('',#8077,#8078,#8079);
#8081=CONICAL_SURFACE('',#8080,2.399999986248E0,4.5E1);
#8082=ORIENTED_EDGE('',*,*,#8045,.T.);
#8083=ORIENTED_EDGE('',*,*,#8072,.T.);
#8085=ORIENTED_EDGE('',*,*,#8084,.F.);
#8086=ORIENTED_EDGE('',*,*,#8068,.F.);
#8087=EDGE_LOOP('',(#8082,#8083,#8085,#8086));
#8088=FACE_OUTER_BOUND('',#8087,.F.);
#8089=ADVANCED_FACE('',(#8088),#8081,.F.);
#8090=CARTESIAN_POINT('',(0.E0,5.3E1,-6.4E1));
#8091=DIRECTION('',(-1.E0,0.E0,0.E0));
#8092=DIRECTION('',(0.E0,0.E0,-1.E0));
#8093=AXIS2_PLACEMENT_3D('',#8090,#8091,#8092);
#8094=CYLINDRICAL_SURFACE('',#8093,2.15E0);
#8095=ORIENTED_EDGE('',*,*,#8084,.T.);
#8097=ORIENTED_EDGE('',*,*,#8096,.F.);
#8098=ORIENTED_EDGE('',*,*,#5873,.F.);
#8100=ORIENTED_EDGE('',*,*,#8099,.T.);
#8101=EDGE_LOOP('',(#8095,#8097,#8098,#8100));
#8102=FACE_OUTER_BOUND('',#8101,.F.);
#8103=ADVANCED_FACE('',(#8102),#8094,.F.);
#8104=CARTESIAN_POINT('',(0.E0,5.3E1,-6.4E1));
#8105=DIRECTION('',(-1.E0,0.E0,0.E0));
#8106=DIRECTION('',(0.E0,0.E0,-1.E0));
#8107=AXIS2_PLACEMENT_3D('',#8104,#8105,#8106);
#8108=CYLINDRICAL_SURFACE('',#8107,2.15E0);
#8109=ORIENTED_EDGE('',*,*,#8070,.T.);
#8110=ORIENTED_EDGE('',*,*,#8099,.F.);
#8111=ORIENTED_EDGE('',*,*,#5871,.F.);
#8112=ORIENTED_EDGE('',*,*,#8096,.T.);
#8113=EDGE_LOOP('',(#8109,#8110,#8111,#8112));
#8114=FACE_OUTER_BOUND('',#8113,.F.);
#8115=ADVANCED_FACE('',(#8114),#8108,.F.);
#8116=CARTESIAN_POINT('',(0.E0,4.287790070187E1,-9.515261837150E1));
#8117=DIRECTION('',(-1.E0,0.E0,0.E0));
#8118=DIRECTION('',(0.E0,0.E0,-1.E0));
#8119=AXIS2_PLACEMENT_3D('',#8116,#8117,#8118);
#8120=CYLINDRICAL_SURFACE('',#8119,4.125E0);
#8122=ORIENTED_EDGE('',*,*,#8121,.F.);
#8124=ORIENTED_EDGE('',*,*,#8123,.T.);
#8125=ORIENTED_EDGE('',*,*,#6312,.F.);
#8126=ORIENTED_EDGE('',*,*,#6651,.T.);
#8127=ORIENTED_EDGE('',*,*,#6316,.F.);
#8129=ORIENTED_EDGE('',*,*,#8128,.F.);
#8130=EDGE_LOOP('',(#8122,#8124,#8125,#8126,#8127,#8129));
#8131=FACE_OUTER_BOUND('',#8130,.F.);
#8132=ADVANCED_FACE('',(#8131),#8120,.F.);
#8133=CARTESIAN_POINT('',(-4.5E0,4.700290070187E1,-3.284738162850E1));
#8134=DIRECTION('',(1.E0,0.E0,0.E0));
#8135=DIRECTION('',(0.E0,0.E0,1.E0));
#8136=AXIS2_PLACEMENT_3D('',#8133,#8134,#8135);
#8137=PLANE('',#8136);
#8138=ORIENTED_EDGE('',*,*,#8121,.T.);
#8140=ORIENTED_EDGE('',*,*,#8139,.T.);
#8141=EDGE_LOOP('',(#8138,#8140));
#8142=FACE_OUTER_BOUND('',#8141,.F.);
#8144=ORIENTED_EDGE('',*,*,#8143,.F.);
#8146=ORIENTED_EDGE('',*,*,#8145,.F.);
#8147=EDGE_LOOP('',(#8144,#8146));
#8148=FACE_BOUND('',#8147,.F.);
#8149=ADVANCED_FACE('',(#8142,#8148),#8137,.T.);
#8150=CARTESIAN_POINT('',(0.E0,4.287790070187E1,-9.515261837150E1));
#8151=DIRECTION('',(-1.E0,0.E0,0.E0));
#8152=DIRECTION('',(0.E0,0.E0,-1.E0));
#8153=AXIS2_PLACEMENT_3D('',#8150,#8151,#8152);
#8154=CYLINDRICAL_SURFACE('',#8153,4.125E0);
#8155=ORIENTED_EDGE('',*,*,#8139,.F.);
#8156=ORIENTED_EDGE('',*,*,#8128,.T.);
#8157=ORIENTED_EDGE('',*,*,#6314,.F.);
#8158=ORIENTED_EDGE('',*,*,#8123,.F.);
#8159=EDGE_LOOP('',(#8155,#8156,#8157,#8158));
#8160=FACE_OUTER_BOUND('',#8159,.F.);
#8161=ADVANCED_FACE('',(#8160),#8154,.F.);
#8162=CARTESIAN_POINT('',(-4.750000013752E0,4.287790070187E1,
-9.515261837150E1));
#8163=DIRECTION('',(1.E0,0.E0,0.E0));
#8164=DIRECTION('',(0.E0,0.E0,-1.E0));
#8165=AXIS2_PLACEMENT_3D('',#8162,#8163,#8164);
#8166=CONICAL_SURFACE('',#8165,2.399999986248E0,4.5E1);
#8167=ORIENTED_EDGE('',*,*,#8143,.T.);
#8169=ORIENTED_EDGE('',*,*,#8168,.T.);
#8171=ORIENTED_EDGE('',*,*,#8170,.F.);
#8173=ORIENTED_EDGE('',*,*,#8172,.F.);
#8174=EDGE_LOOP('',(#8167,#8169,#8171,#8173));
#8175=FACE_OUTER_BOUND('',#8174,.F.);
#8176=ADVANCED_FACE('',(#8175),#8166,.F.);
#8177=CARTESIAN_POINT('',(-4.750000013752E0,4.287790070187E1,
-9.515261837150E1));
#8178=DIRECTION('',(1.E0,0.E0,0.E0));
#8179=DIRECTION('',(0.E0,0.E0,-1.E0));
#8180=AXIS2_PLACEMENT_3D('',#8177,#8178,#8179);
#8181=CONICAL_SURFACE('',#8180,2.399999986248E0,4.5E1);
#8182=ORIENTED_EDGE('',*,*,#8145,.T.);
#8183=ORIENTED_EDGE('',*,*,#8172,.T.);
#8185=ORIENTED_EDGE('',*,*,#8184,.F.);
#8186=ORIENTED_EDGE('',*,*,#8168,.F.);
#8187=EDGE_LOOP('',(#8182,#8183,#8185,#8186));
#8188=FACE_OUTER_BOUND('',#8187,.F.);
#8189=ADVANCED_FACE('',(#8188),#8181,.F.);
#8190=CARTESIAN_POINT('',(0.E0,4.287790070187E1,-9.515261837150E1));
#8191=DIRECTION('',(-1.E0,0.E0,0.E0));
#8192=DIRECTION('',(0.E0,0.E0,-1.E0));
#8193=AXIS2_PLACEMENT_3D('',#8190,#8191,#8192);
#8194=CYLINDRICAL_SURFACE('',#8193,2.15E0);
#8195=ORIENTED_EDGE('',*,*,#8184,.T.);
#8197=ORIENTED_EDGE('',*,*,#8196,.F.);
#8198=ORIENTED_EDGE('',*,*,#5915,.F.);
#8200=ORIENTED_EDGE('',*,*,#8199,.T.);
#8201=EDGE_LOOP('',(#8195,#8197,#8198,#8200));
#8202=FACE_OUTER_BOUND('',#8201,.F.);
#8203=ADVANCED_FACE('',(#8202),#8194,.F.);
#8204=CARTESIAN_POINT('',(0.E0,4.287790070187E1,-9.515261837150E1));
#8205=DIRECTION('',(-1.E0,0.E0,0.E0));
#8206=DIRECTION('',(0.E0,0.E0,-1.E0));
#8207=AXIS2_PLACEMENT_3D('',#8204,#8205,#8206);
#8208=CYLINDRICAL_SURFACE('',#8207,2.15E0);
#8209=ORIENTED_EDGE('',*,*,#8170,.T.);
#8210=ORIENTED_EDGE('',*,*,#8199,.F.);
#8211=ORIENTED_EDGE('',*,*,#5913,.F.);
#8212=ORIENTED_EDGE('',*,*,#8196,.T.);
#8213=EDGE_LOOP('',(#8209,#8210,#8211,#8212));
#8214=FACE_OUTER_BOUND('',#8213,.F.);
#8215=ADVANCED_FACE('',(#8214),#8208,.F.);
#8216=CARTESIAN_POINT('',(0.E0,-4.287790070187E1,-9.515261837150E1));
#8217=DIRECTION('',(-1.E0,0.E0,0.E0));
#8218=DIRECTION('',(0.E0,0.E0,-1.E0));
#8219=AXIS2_PLACEMENT_3D('',#8216,#8217,#8218);
#8220=CYLINDRICAL_SURFACE('',#8219,4.125E0);
#8222=ORIENTED_EDGE('',*,*,#8221,.F.);
#8224=ORIENTED_EDGE('',*,*,#8223,.T.);
#8225=ORIENTED_EDGE('',*,*,#6302,.F.);
#8226=ORIENTED_EDGE('',*,*,#6655,.T.);
#8227=ORIENTED_EDGE('',*,*,#6306,.F.);
#8229=ORIENTED_EDGE('',*,*,#8228,.F.);
#8230=EDGE_LOOP('',(#8222,#8224,#8225,#8226,#8227,#8229));
#8231=FACE_OUTER_BOUND('',#8230,.F.);
#8232=ADVANCED_FACE('',(#8231),#8220,.F.);
#8233=CARTESIAN_POINT('',(-4.5E0,4.700290070187E1,-3.284738162850E1));
#8234=DIRECTION('',(1.E0,0.E0,0.E0));
#8235=DIRECTION('',(0.E0,0.E0,1.E0));
#8236=AXIS2_PLACEMENT_3D('',#8233,#8234,#8235);
#8237=PLANE('',#8236);
#8239=ORIENTED_EDGE('',*,*,#8238,.T.);
#8240=ORIENTED_EDGE('',*,*,#8221,.T.);
#8241=EDGE_LOOP('',(#8239,#8240));
#8242=FACE_OUTER_BOUND('',#8241,.F.);
#8244=ORIENTED_EDGE('',*,*,#8243,.F.);
#8246=ORIENTED_EDGE('',*,*,#8245,.F.);
#8247=EDGE_LOOP('',(#8244,#8246));
#8248=FACE_BOUND('',#8247,.F.);
#8249=ADVANCED_FACE('',(#8242,#8248),#8237,.T.);
#8250=CARTESIAN_POINT('',(0.E0,-4.287790070187E1,-9.515261837150E1));
#8251=DIRECTION('',(-1.E0,0.E0,0.E0));
#8252=DIRECTION('',(0.E0,0.E0,-1.E0));
#8253=AXIS2_PLACEMENT_3D('',#8250,#8251,#8252);
#8254=CYLINDRICAL_SURFACE('',#8253,4.125E0);
#8255=ORIENTED_EDGE('',*,*,#8238,.F.);
#8256=ORIENTED_EDGE('',*,*,#8228,.T.);
#8257=ORIENTED_EDGE('',*,*,#6304,.F.);
#8258=ORIENTED_EDGE('',*,*,#8223,.F.);
#8259=EDGE_LOOP('',(#8255,#8256,#8257,#8258));
#8260=FACE_OUTER_BOUND('',#8259,.F.);
#8261=ADVANCED_FACE('',(#8260),#8254,.F.);
#8262=CARTESIAN_POINT('',(-4.750000013752E0,-4.287790070187E1,
-9.515261837150E1));
#8263=DIRECTION('',(1.E0,0.E0,0.E0));
#8264=DIRECTION('',(0.E0,0.E0,-1.E0));
#8265=AXIS2_PLACEMENT_3D('',#8262,#8263,#8264);
#8266=CONICAL_SURFACE('',#8265,2.399999986248E0,4.5E1);
#8267=ORIENTED_EDGE('',*,*,#8243,.T.);
#8269=ORIENTED_EDGE('',*,*,#8268,.T.);
#8271=ORIENTED_EDGE('',*,*,#8270,.F.);
#8273=ORIENTED_EDGE('',*,*,#8272,.F.);
#8274=EDGE_LOOP('',(#8267,#8269,#8271,#8273));
#8275=FACE_OUTER_BOUND('',#8274,.F.);
#8276=ADVANCED_FACE('',(#8275),#8266,.F.);
#8277=CARTESIAN_POINT('',(-4.750000013752E0,-4.287790070187E1,
-9.515261837150E1));
#8278=DIRECTION('',(1.E0,0.E0,0.E0));
#8279=DIRECTION('',(0.E0,0.E0,-1.E0));
#8280=AXIS2_PLACEMENT_3D('',#8277,#8278,#8279);
#8281=CONICAL_SURFACE('',#8280,2.399999986248E0,4.5E1);
#8282=ORIENTED_EDGE('',*,*,#8245,.T.);
#8283=ORIENTED_EDGE('',*,*,#8272,.T.);
#8285=ORIENTED_EDGE('',*,*,#8284,.F.);
#8286=ORIENTED_EDGE('',*,*,#8268,.F.);
#8287=EDGE_LOOP('',(#8282,#8283,#8285,#8286));
#8288=FACE_OUTER_BOUND('',#8287,.F.);
#8289=ADVANCED_FACE('',(#8288),#8281,.F.);
#8290=CARTESIAN_POINT('',(0.E0,-4.287790070187E1,-9.515261837150E1));
#8291=DIRECTION('',(-1.E0,0.E0,0.E0));
#8292=DIRECTION('',(0.E0,0.E0,-1.E0));
#8293=AXIS2_PLACEMENT_3D('',#8290,#8291,#8292);
#8294=CYLINDRICAL_SURFACE('',#8293,2.15E0);
#8295=ORIENTED_EDGE('',*,*,#8284,.T.);
#8297=ORIENTED_EDGE('',*,*,#8296,.F.);
#8298=ORIENTED_EDGE('',*,*,#5909,.F.);
#8300=ORIENTED_EDGE('',*,*,#8299,.T.);
#8301=EDGE_LOOP('',(#8295,#8297,#8298,#8300));
#8302=FACE_OUTER_BOUND('',#8301,.F.);
#8303=ADVANCED_FACE('',(#8302),#8294,.F.);
#8304=CARTESIAN_POINT('',(0.E0,-4.287790070187E1,-9.515261837150E1));
#8305=DIRECTION('',(-1.E0,0.E0,0.E0));
#8306=DIRECTION('',(0.E0,0.E0,-1.E0));
#8307=AXIS2_PLACEMENT_3D('',#8304,#8305,#8306);
#8308=CYLINDRICAL_SURFACE('',#8307,2.15E0);
#8309=ORIENTED_EDGE('',*,*,#8270,.T.);
#8310=ORIENTED_EDGE('',*,*,#8299,.F.);
#8311=ORIENTED_EDGE('',*,*,#5907,.F.);
#8312=ORIENTED_EDGE('',*,*,#8296,.T.);
#8313=EDGE_LOOP('',(#8309,#8310,#8311,#8312));
#8314=FACE_OUTER_BOUND('',#8313,.F.);
#8315=ADVANCED_FACE('',(#8314),#8308,.F.);
#8316=CARTESIAN_POINT('',(0.E0,-5.3E1,-6.4E1));
#8317=DIRECTION('',(-1.E0,0.E0,0.E0));
#8318=DIRECTION('',(0.E0,0.E0,-1.E0));
#8319=AXIS2_PLACEMENT_3D('',#8316,#8317,#8318);
#8320=CYLINDRICAL_SURFACE('',#8319,4.125E0);
#8322=ORIENTED_EDGE('',*,*,#8321,.F.);
#8324=ORIENTED_EDGE('',*,*,#8323,.T.);
#8325=ORIENTED_EDGE('',*,*,#6294,.F.);
#8326=ORIENTED_EDGE('',*,*,#6658,.T.);
#8327=ORIENTED_EDGE('',*,*,#6298,.F.);
#8329=ORIENTED_EDGE('',*,*,#8328,.F.);
#8330=EDGE_LOOP('',(#8322,#8324,#8325,#8326,#8327,#8329));
#8331=FACE_OUTER_BOUND('',#8330,.F.);
#8332=ADVANCED_FACE('',(#8331),#8320,.F.);
#8333=CARTESIAN_POINT('',(-4.5E0,4.700290070187E1,-3.284738162850E1));
#8334=DIRECTION('',(1.E0,0.E0,0.E0));
#8335=DIRECTION('',(0.E0,0.E0,1.E0));
#8336=AXIS2_PLACEMENT_3D('',#8333,#8334,#8335);
#8337=PLANE('',#8336);
#8339=ORIENTED_EDGE('',*,*,#8338,.T.);
#8340=ORIENTED_EDGE('',*,*,#8321,.T.);
#8341=EDGE_LOOP('',(#8339,#8340));
#8342=FACE_OUTER_BOUND('',#8341,.F.);
#8344=ORIENTED_EDGE('',*,*,#8343,.F.);
#8346=ORIENTED_EDGE('',*,*,#8345,.F.);
#8347=EDGE_LOOP('',(#8344,#8346));
#8348=FACE_BOUND('',#8347,.F.);
#8349=ADVANCED_FACE('',(#8342,#8348),#8337,.T.);
#8350=CARTESIAN_POINT('',(0.E0,-5.3E1,-6.4E1));
#8351=DIRECTION('',(-1.E0,0.E0,0.E0));
#8352=DIRECTION('',(0.E0,0.E0,-1.E0));
#8353=AXIS2_PLACEMENT_3D('',#8350,#8351,#8352);
#8354=CYLINDRICAL_SURFACE('',#8353,4.125E0);
#8355=ORIENTED_EDGE('',*,*,#8338,.F.);
#8356=ORIENTED_EDGE('',*,*,#8328,.T.);
#8357=ORIENTED_EDGE('',*,*,#6296,.F.);
#8358=ORIENTED_EDGE('',*,*,#8323,.F.);
#8359=EDGE_LOOP('',(#8355,#8356,#8357,#8358));
#8360=FACE_OUTER_BOUND('',#8359,.F.);
#8361=ADVANCED_FACE('',(#8360),#8354,.F.);
#8362=CARTESIAN_POINT('',(-4.750000013752E0,-5.3E1,-6.4E1));
#8363=DIRECTION('',(1.E0,0.E0,0.E0));
#8364=DIRECTION('',(0.E0,0.E0,-1.E0));
#8365=AXIS2_PLACEMENT_3D('',#8362,#8363,#8364);
#8366=CONICAL_SURFACE('',#8365,2.399999986248E0,4.5E1);
#8367=ORIENTED_EDGE('',*,*,#8343,.T.);
#8369=ORIENTED_EDGE('',*,*,#8368,.T.);
#8371=ORIENTED_EDGE('',*,*,#8370,.F.);
#8373=ORIENTED_EDGE('',*,*,#8372,.F.);
#8374=EDGE_LOOP('',(#8367,#8369,#8371,#8373));
#8375=FACE_OUTER_BOUND('',#8374,.F.);
#8376=ADVANCED_FACE('',(#8375),#8366,.F.);
#8377=CARTESIAN_POINT('',(-4.750000013752E0,-5.3E1,-6.4E1));
#8378=DIRECTION('',(1.E0,0.E0,0.E0));
#8379=DIRECTION('',(0.E0,0.E0,-1.E0));
#8380=AXIS2_PLACEMENT_3D('',#8377,#8378,#8379);
#8381=CONICAL_SURFACE('',#8380,2.399999986248E0,4.5E1);
#8382=ORIENTED_EDGE('',*,*,#8345,.T.);
#8383=ORIENTED_EDGE('',*,*,#8372,.T.);
#8385=ORIENTED_EDGE('',*,*,#8384,.F.);
#8386=ORIENTED_EDGE('',*,*,#8368,.F.);
#8387=EDGE_LOOP('',(#8382,#8383,#8385,#8386));
#8388=FACE_OUTER_BOUND('',#8387,.F.);
#8389=ADVANCED_FACE('',(#8388),#8381,.F.);
#8390=CARTESIAN_POINT('',(0.E0,-5.3E1,-6.4E1));
#8391=DIRECTION('',(-1.E0,0.E0,0.E0));
#8392=DIRECTION('',(0.E0,0.E0,-1.E0));
#8393=AXIS2_PLACEMENT_3D('',#8390,#8391,#8392);
#8394=CYLINDRICAL_SURFACE('',#8393,2.15E0);
#8395=ORIENTED_EDGE('',*,*,#8384,.T.);
#8397=ORIENTED_EDGE('',*,*,#8396,.F.);
#8398=ORIENTED_EDGE('',*,*,#5877,.F.);
#8400=ORIENTED_EDGE('',*,*,#8399,.T.);
#8401=EDGE_LOOP('',(#8395,#8397,#8398,#8400));
#8402=FACE_OUTER_BOUND('',#8401,.F.);
#8403=ADVANCED_FACE('',(#8402),#8394,.F.);
#8404=CARTESIAN_POINT('',(0.E0,-5.3E1,-6.4E1));
#8405=DIRECTION('',(-1.E0,0.E0,0.E0));
#8406=DIRECTION('',(0.E0,0.E0,-1.E0));
#8407=AXIS2_PLACEMENT_3D('',#8404,#8405,#8406);
#8408=CYLINDRICAL_SURFACE('',#8407,2.15E0);
#8409=ORIENTED_EDGE('',*,*,#8370,.T.);
#8410=ORIENTED_EDGE('',*,*,#8399,.F.);
#8411=ORIENTED_EDGE('',*,*,#5879,.F.);
#8412=ORIENTED_EDGE('',*,*,#8396,.T.);
#8413=EDGE_LOOP('',(#8409,#8410,#8411,#8412));
#8414=FACE_OUTER_BOUND('',#8413,.F.);
#8415=ADVANCED_FACE('',(#8414),#8408,.F.);
#8416=CARTESIAN_POINT('',(0.E0,-1.637790070187E1,-1.359400463636E1));
#8417=DIRECTION('',(-1.E0,0.E0,0.E0));
#8418=DIRECTION('',(0.E0,0.E0,-1.E0));
#8419=AXIS2_PLACEMENT_3D('',#8416,#8417,#8418);
#8420=CYLINDRICAL_SURFACE('',#8419,4.125E0);
#8422=ORIENTED_EDGE('',*,*,#8421,.F.);
#8424=ORIENTED_EDGE('',*,*,#8423,.T.);
#8425=ORIENTED_EDGE('',*,*,#6368,.F.);
#8426=ORIENTED_EDGE('',*,*,#6663,.T.);
#8427=ORIENTED_EDGE('',*,*,#6372,.F.);
#8429=ORIENTED_EDGE('',*,*,#8428,.F.);
#8430=EDGE_LOOP('',(#8422,#8424,#8425,#8426,#8427,#8429));
#8431=FACE_OUTER_BOUND('',#8430,.F.);
#8432=ADVANCED_FACE('',(#8431),#8420,.F.);
#8433=CARTESIAN_POINT('',(-4.5E0,4.700290070187E1,-3.284738162850E1));
#8434=DIRECTION('',(1.E0,0.E0,0.E0));
#8435=DIRECTION('',(0.E0,0.E0,1.E0));
#8436=AXIS2_PLACEMENT_3D('',#8433,#8434,#8435);
#8437=PLANE('',#8436);
#8439=ORIENTED_EDGE('',*,*,#8438,.T.);
#8440=ORIENTED_EDGE('',*,*,#8421,.T.);
#8441=EDGE_LOOP('',(#8439,#8440));
#8442=FACE_OUTER_BOUND('',#8441,.F.);
#8444=ORIENTED_EDGE('',*,*,#8443,.T.);
#8446=ORIENTED_EDGE('',*,*,#8445,.T.);
#8447=EDGE_LOOP('',(#8444,#8446));
#8448=FACE_BOUND('',#8447,.F.);
#8449=ADVANCED_FACE('',(#8442,#8448),#8437,.T.);
#8450=CARTESIAN_POINT('',(0.E0,-1.637790070187E1,-1.359400463636E1));
#8451=DIRECTION('',(-1.E0,0.E0,0.E0));
#8452=DIRECTION('',(0.E0,0.E0,-1.E0));
#8453=AXIS2_PLACEMENT_3D('',#8450,#8451,#8452);
#8454=CYLINDRICAL_SURFACE('',#8453,4.125E0);
#8455=ORIENTED_EDGE('',*,*,#8438,.F.);
#8456=ORIENTED_EDGE('',*,*,#8428,.T.);
#8457=ORIENTED_EDGE('',*,*,#6370,.F.);
#8458=ORIENTED_EDGE('',*,*,#8423,.F.);
#8459=EDGE_LOOP('',(#8455,#8456,#8457,#8458));
#8460=FACE_OUTER_BOUND('',#8459,.F.);
#8461=ADVANCED_FACE('',(#8460),#8454,.F.);
#8462=CARTESIAN_POINT('',(0.E0,-1.637790070187E1,-1.359400463636E1));
#8463=DIRECTION('',(-1.E0,0.E0,0.E0));
#8464=DIRECTION('',(0.E0,0.E0,-1.E0));
#8465=AXIS2_PLACEMENT_3D('',#8462,#8463,#8464);
#8466=CYLINDRICAL_SURFACE('',#8465,2.15E0);
#8467=ORIENTED_EDGE('',*,*,#5885,.F.);
#8469=ORIENTED_EDGE('',*,*,#8468,.T.);
#8470=ORIENTED_EDGE('',*,*,#8443,.F.);
#8472=ORIENTED_EDGE('',*,*,#8471,.F.);
#8473=EDGE_LOOP('',(#8467,#8469,#8470,#8472));
#8474=FACE_OUTER_BOUND('',#8473,.F.);
#8475=ADVANCED_FACE('',(#8474),#8466,.F.);
#8476=CARTESIAN_POINT('',(0.E0,-1.637790070187E1,-1.359400463636E1));
#8477=DIRECTION('',(-1.E0,0.E0,0.E0));
#8478=DIRECTION('',(0.E0,0.E0,-1.E0));
#8479=AXIS2_PLACEMENT_3D('',#8476,#8477,#8478);
#8480=CYLINDRICAL_SURFACE('',#8479,2.15E0);
#8481=ORIENTED_EDGE('',*,*,#5883,.F.);
#8482=ORIENTED_EDGE('',*,*,#8471,.T.);
#8483=ORIENTED_EDGE('',*,*,#8445,.F.);
#8484=ORIENTED_EDGE('',*,*,#8468,.F.);
#8485=EDGE_LOOP('',(#8481,#8482,#8483,#8484));
#8486=FACE_OUTER_BOUND('',#8485,.F.);
#8487=ADVANCED_FACE('',(#8486),#8480,.F.);
#8488=CARTESIAN_POINT('',(-4.750000013752E0,-4.287790070187E1,
-3.284738162850E1));
#8489=DIRECTION('',(1.E0,0.E0,0.E0));
#8490=DIRECTION('',(0.E0,0.E0,-1.E0));
#8491=AXIS2_PLACEMENT_3D('',#8488,#8489,#8490);
#8492=CONICAL_SURFACE('',#8491,2.399999986248E0,4.5E1);
#8493=ORIENTED_EDGE('',*,*,#6606,.T.);
#8495=ORIENTED_EDGE('',*,*,#8494,.T.);
#8497=ORIENTED_EDGE('',*,*,#8496,.F.);
#8499=ORIENTED_EDGE('',*,*,#8498,.F.);
#8500=EDGE_LOOP('',(#8493,#8495,#8497,#8499));
#8501=FACE_OUTER_BOUND('',#8500,.F.);
#8502=ADVANCED_FACE('',(#8501),#8492,.F.);
#8503=CARTESIAN_POINT('',(-4.750000013752E0,-4.287790070187E1,
-3.284738162850E1));
#8504=DIRECTION('',(1.E0,0.E0,0.E0));
#8505=DIRECTION('',(0.E0,0.E0,-1.E0));
#8506=AXIS2_PLACEMENT_3D('',#8503,#8504,#8505);
#8507=CONICAL_SURFACE('',#8506,2.399999986248E0,4.5E1);
#8508=ORIENTED_EDGE('',*,*,#6608,.T.);
#8509=ORIENTED_EDGE('',*,*,#8498,.T.);
#8511=ORIENTED_EDGE('',*,*,#8510,.F.);
#8512=ORIENTED_EDGE('',*,*,#8494,.F.);
#8513=EDGE_LOOP('',(#8508,#8509,#8511,#8512));
#8514=FACE_OUTER_BOUND('',#8513,.F.);
#8515=ADVANCED_FACE('',(#8514),#8507,.F.);
#8516=CARTESIAN_POINT('',(0.E0,-4.287790070187E1,-3.284738162850E1));
#8517=DIRECTION('',(-1.E0,0.E0,0.E0));
#8518=DIRECTION('',(0.E0,0.E0,-1.E0));
#8519=AXIS2_PLACEMENT_3D('',#8516,#8517,#8518);
#8520=CYLINDRICAL_SURFACE('',#8519,2.15E0);
#8521=ORIENTED_EDGE('',*,*,#8510,.T.);
#8523=ORIENTED_EDGE('',*,*,#8522,.F.);
#8524=ORIENTED_EDGE('',*,*,#5897,.F.);
#8526=ORIENTED_EDGE('',*,*,#8525,.T.);
#8527=EDGE_LOOP('',(#8521,#8523,#8524,#8526));
#8528=FACE_OUTER_BOUND('',#8527,.F.);
#8529=ADVANCED_FACE('',(#8528),#8520,.F.);
#8530=CARTESIAN_POINT('',(0.E0,-4.287790070187E1,-3.284738162850E1));
#8531=DIRECTION('',(-1.E0,0.E0,0.E0));
#8532=DIRECTION('',(0.E0,0.E0,-1.E0));
#8533=AXIS2_PLACEMENT_3D('',#8530,#8531,#8532);
#8534=CYLINDRICAL_SURFACE('',#8533,2.15E0);
#8535=ORIENTED_EDGE('',*,*,#8496,.T.);
#8536=ORIENTED_EDGE('',*,*,#8525,.F.);
#8537=ORIENTED_EDGE('',*,*,#5895,.F.);
#8538=ORIENTED_EDGE('',*,*,#8522,.T.);
#8539=EDGE_LOOP('',(#8535,#8536,#8537,#8538));
#8540=FACE_OUTER_BOUND('',#8539,.F.);
#8541=ADVANCED_FACE('',(#8540),#8534,.F.);
#8542=CARTESIAN_POINT('',(-6.3002E1,5.1E1,-5.035967658189E1));
#8543=DIRECTION('',(1.E0,0.E0,0.E0));
#8544=DIRECTION('',(0.E0,0.E0,1.E0));
#8545=AXIS2_PLACEMENT_3D('',#8542,#8543,#8544);
#8546=CYLINDRICAL_SURFACE('',#8545,1.2E1);
#8547=ORIENTED_EDGE('',*,*,#6053,.T.);
#8548=ORIENTED_EDGE('',*,*,#6349,.F.);
#8549=ORIENTED_EDGE('',*,*,#6278,.T.);
#8550=ORIENTED_EDGE('',*,*,#5984,.F.);
#8551=EDGE_LOOP('',(#8547,#8548,#8549,#8550));
#8552=FACE_OUTER_BOUND('',#8551,.F.);
#8553=ADVANCED_FACE('',(#8552),#8546,.T.);
#8554=CARTESIAN_POINT('',(0.E0,-1.637790070187E1,-1.359400463636E1));
#8555=DIRECTION('',(-1.E0,0.E0,0.E0));
#8556=DIRECTION('',(0.E0,0.E0,-1.E0));
#8557=AXIS2_PLACEMENT_3D('',#8554,#8555,#8556);
#8558=CYLINDRICAL_SURFACE('',#8557,8.125E0);
#8560=ORIENTED_EDGE('',*,*,#8559,.F.);
#8562=ORIENTED_EDGE('',*,*,#8561,.T.);
#8564=ORIENTED_EDGE('',*,*,#8563,.F.);
#8566=ORIENTED_EDGE('',*,*,#8565,.F.);
#8568=ORIENTED_EDGE('',*,*,#8567,.T.);
#8569=ORIENTED_EDGE('',*,*,#6380,.F.);
#8570=EDGE_LOOP('',(#8560,#8562,#8564,#8566,#8568,#8569));
#8571=FACE_OUTER_BOUND('',#8570,.F.);
#8572=ADVANCED_FACE('',(#8571),#8558,.T.);
#8573=CARTESIAN_POINT('',(-1.285712569798E3,0.E0,-6.4E1));
#8574=DIRECTION('',(1.E0,0.E0,0.E0));
#8575=DIRECTION('',(0.E0,0.E0,1.E0));
#8576=AXIS2_PLACEMENT_3D('',#8573,#8574,#8575);
#8577=CYLINDRICAL_SURFACE('',#8576,5.2E1);
#8579=ORIENTED_EDGE('',*,*,#8578,.T.);
#8581=ORIENTED_EDGE('',*,*,#8580,.F.);
#8582=ORIENTED_EDGE('',*,*,#8559,.T.);
#8583=ORIENTED_EDGE('',*,*,#6412,.F.);
#8584=EDGE_LOOP('',(#8579,#8581,#8582,#8583));
#8585=FACE_OUTER_BOUND('',#8584,.F.);
#8586=ADVANCED_FACE('',(#8585),#8577,.T.);
#8587=CARTESIAN_POINT('',(-1.285712569798E3,-3.696085278006E1,
-2.463128955921E1));
#8588=DIRECTION('',(-1.E0,0.E0,0.E0));
#8589=DIRECTION('',(0.E0,0.E0,-1.E0));
#8590=AXIS2_PLACEMENT_3D('',#8587,#8588,#8589);
#8591=CYLINDRICAL_SURFACE('',#8590,2.E0);
#8593=ORIENTED_EDGE('',*,*,#8592,.F.);
#8595=ORIENTED_EDGE('',*,*,#8594,.F.);
#8597=ORIENTED_EDGE('',*,*,#8596,.F.);
#8598=ORIENTED_EDGE('',*,*,#8578,.F.);
#8599=ORIENTED_EDGE('',*,*,#6410,.F.);
#8600=ORIENTED_EDGE('',*,*,#6408,.F.);
#8601=EDGE_LOOP('',(#8593,#8595,#8597,#8598,#8599,#8600));
#8602=FACE_OUTER_BOUND('',#8601,.F.);
#8603=ADVANCED_FACE('',(#8602),#8591,.F.);
#8604=CARTESIAN_POINT('',(0.E0,-4.287790070187E1,-3.284738162850E1));
#8605=DIRECTION('',(-1.E0,0.E0,0.E0));
#8606=DIRECTION('',(0.E0,0.E0,-1.E0));
#8607=AXIS2_PLACEMENT_3D('',#8604,#8605,#8606);
#8608=CYLINDRICAL_SURFACE('',#8607,8.125E0);
#8610=ORIENTED_EDGE('',*,*,#8609,.T.);
#8612=ORIENTED_EDGE('',*,*,#8611,.F.);
#8614=ORIENTED_EDGE('',*,*,#8613,.F.);
#8615=ORIENTED_EDGE('',*,*,#8592,.T.);
#8616=ORIENTED_EDGE('',*,*,#6406,.F.);
#8617=ORIENTED_EDGE('',*,*,#6404,.F.);
#8618=EDGE_LOOP('',(#8610,#8612,#8614,#8615,#8616,#8617));
#8619=FACE_OUTER_BOUND('',#8618,.F.);
#8620=ADVANCED_FACE('',(#8619),#8608,.T.);
#8621=CARTESIAN_POINT('',(0.E0,-4.886340023848E1,-4.101374068853E1));
#8622=DIRECTION('',(-1.E0,0.E0,0.E0));
#8623=DIRECTION('',(0.E0,0.E0,-1.E0));
#8624=AXIS2_PLACEMENT_3D('',#8621,#8622,#8623);
#8625=CYLINDRICAL_SURFACE('',#8624,2.E0);
#8627=ORIENTED_EDGE('',*,*,#8626,.F.);
#8629=ORIENTED_EDGE('',*,*,#8628,.F.);
#8630=ORIENTED_EDGE('',*,*,#8609,.F.);
#8631=ORIENTED_EDGE('',*,*,#6402,.F.);
#8632=EDGE_LOOP('',(#8627,#8629,#8630,#8631));
#8633=FACE_OUTER_BOUND('',#8632,.F.);
#8634=ADVANCED_FACE('',(#8633),#8625,.F.);
#8635=CARTESIAN_POINT('',(-1.285712569798E3,0.E0,-6.4E1));
#8636=DIRECTION('',(1.E0,0.E0,0.E0));
#8637=DIRECTION('',(0.E0,0.E0,1.E0));
#8638=AXIS2_PLACEMENT_3D('',#8635,#8636,#8637);
#8639=CYLINDRICAL_SURFACE('',#8638,5.2E1);
#8641=ORIENTED_EDGE('',*,*,#8640,.T.);
#8643=ORIENTED_EDGE('',*,*,#8642,.F.);
#8644=ORIENTED_EDGE('',*,*,#8626,.T.);
#8645=ORIENTED_EDGE('',*,*,#6400,.F.);
#8646=EDGE_LOOP('',(#8641,#8643,#8644,#8645));
#8647=FACE_OUTER_BOUND('',#8646,.F.);
#8648=ADVANCED_FACE('',(#8647),#8639,.T.);
#8649=CARTESIAN_POINT('',(-1.285712569798E3,-5.304230542453E1,
-5.387508838305E1));
#8650=DIRECTION('',(-1.E0,0.E0,0.E0));
#8651=DIRECTION('',(0.E0,0.E0,-1.E0));
#8652=AXIS2_PLACEMENT_3D('',#8649,#8650,#8651);
#8653=CYLINDRICAL_SURFACE('',#8652,2.E0);
#8655=ORIENTED_EDGE('',*,*,#8654,.F.);
#8657=ORIENTED_EDGE('',*,*,#8656,.F.);
#8658=ORIENTED_EDGE('',*,*,#8640,.F.);
#8659=ORIENTED_EDGE('',*,*,#6398,.F.);
#8660=EDGE_LOOP('',(#8655,#8657,#8658,#8659));
#8661=FACE_OUTER_BOUND('',#8660,.F.);
#8662=ADVANCED_FACE('',(#8661),#8653,.F.);
#8663=CARTESIAN_POINT('',(0.E0,-5.3E1,-6.4E1));
#8664=DIRECTION('',(-1.E0,0.E0,0.E0));
#8665=DIRECTION('',(0.E0,0.E0,-1.E0));
#8666=AXIS2_PLACEMENT_3D('',#8663,#8664,#8665);
#8667=CYLINDRICAL_SURFACE('',#8666,8.125E0);
#8669=ORIENTED_EDGE('',*,*,#8668,.T.);
#8671=ORIENTED_EDGE('',*,*,#8670,.F.);
#8672=ORIENTED_EDGE('',*,*,#8654,.T.);
#8673=ORIENTED_EDGE('',*,*,#6396,.F.);
#8674=EDGE_LOOP('',(#8669,#8671,#8672,#8673));
#8675=FACE_OUTER_BOUND('',#8674,.F.);
#8676=ADVANCED_FACE('',(#8675),#8667,.T.);
#8677=CARTESIAN_POINT('',(0.E0,-5.7E1,-5.469862241386E1));
#8678=DIRECTION('',(-1.E0,0.E0,0.E0));
#8679=DIRECTION('',(0.E0,0.E0,-1.E0));
#8680=AXIS2_PLACEMENT_3D('',#8677,#8678,#8679);
#8681=CYLINDRICAL_SURFACE('',#8680,2.E0);
#8683=ORIENTED_EDGE('',*,*,#8682,.T.);
#8685=ORIENTED_EDGE('',*,*,#8684,.F.);
#8687=ORIENTED_EDGE('',*,*,#8686,.F.);
#8688=ORIENTED_EDGE('',*,*,#8668,.F.);
#8689=ORIENTED_EDGE('',*,*,#6394,.F.);
#8690=ORIENTED_EDGE('',*,*,#6392,.F.);
#8691=EDGE_LOOP('',(#8683,#8685,#8687,#8688,#8689,#8690));
#8692=FACE_OUTER_BOUND('',#8691,.F.);
#8693=ADVANCED_FACE('',(#8692),#8681,.F.);
#8694=CARTESIAN_POINT('',(-6.3002E1,-5.9E1,-8.85E1));
#8695=DIRECTION('',(0.E0,1.E0,0.E0));
#8696=DIRECTION('',(0.E0,0.E0,1.E0));
#8697=AXIS2_PLACEMENT_3D('',#8694,#8695,#8696);
#8698=PLANE('',#8697);
#8700=ORIENTED_EDGE('',*,*,#8699,.F.);
#8702=ORIENTED_EDGE('',*,*,#8701,.F.);
#8703=ORIENTED_EDGE('',*,*,#8682,.F.);
#8704=ORIENTED_EDGE('',*,*,#6390,.F.);
#8705=EDGE_LOOP('',(#8700,#8702,#8703,#8704));
#8706=FACE_OUTER_BOUND('',#8705,.F.);
#8707=ADVANCED_FACE('',(#8706),#8698,.T.);
#8708=CARTESIAN_POINT('',(-6.3002E1,-5.1E1,-5.035967658189E1));
#8709=DIRECTION('',(1.E0,0.E0,0.E0));
#8710=DIRECTION('',(0.E0,0.E0,1.E0));
#8711=AXIS2_PLACEMENT_3D('',#8708,#8709,#8710);
#8712=CYLINDRICAL_SURFACE('',#8711,8.E0);
#8714=ORIENTED_EDGE('',*,*,#8713,.T.);
#8716=ORIENTED_EDGE('',*,*,#8715,.F.);
#8717=ORIENTED_EDGE('',*,*,#8699,.T.);
#8718=ORIENTED_EDGE('',*,*,#6388,.F.);
#8719=EDGE_LOOP('',(#8714,#8716,#8717,#8718));
#8720=FACE_OUTER_BOUND('',#8719,.F.);
#8721=ADVANCED_FACE('',(#8720),#8712,.F.);
#8722=CARTESIAN_POINT('',(-6.3002E1,-5.750718061814E1,-2.523956916291E1));
#8723=DIRECTION('',(0.E0,9.982048454658E-1,-5.989229072795E-2));
#8724=DIRECTION('',(0.E0,5.989229072795E-2,9.982048454658E-1));
#8725=AXIS2_PLACEMENT_3D('',#8722,#8723,#8724);
#8726=PLANE('',#8725);
#8728=ORIENTED_EDGE('',*,*,#8727,.F.);
#8730=ORIENTED_EDGE('',*,*,#8729,.F.);
#8731=ORIENTED_EDGE('',*,*,#8713,.F.);
#8732=ORIENTED_EDGE('',*,*,#6386,.F.);
#8733=EDGE_LOOP('',(#8728,#8730,#8731,#8732));
#8734=FACE_OUTER_BOUND('',#8733,.F.);
#8735=ADVANCED_FACE('',(#8734),#8726,.T.);
#8736=CARTESIAN_POINT('',(-6.3002E1,-5.458920970254E1,-1.E1));
#8737=DIRECTION('',(1.E0,0.E0,0.E0));
#8738=DIRECTION('',(0.E0,0.E0,1.E0));
#8739=AXIS2_PLACEMENT_3D('',#8736,#8737,#8738);
#8740=CYLINDRICAL_SURFACE('',#8739,2.E0);
#8742=ORIENTED_EDGE('',*,*,#8741,.T.);
#8744=ORIENTED_EDGE('',*,*,#8743,.F.);
#8745=ORIENTED_EDGE('',*,*,#8727,.T.);
#8746=ORIENTED_EDGE('',*,*,#6384,.F.);
#8747=EDGE_LOOP('',(#8742,#8744,#8745,#8746));
#8748=FACE_OUTER_BOUND('',#8747,.F.);
#8749=ADVANCED_FACE('',(#8748),#8740,.F.);
#8750=CARTESIAN_POINT('',(-6.3002E1,0.E0,-8.E0));
#8751=DIRECTION('',(0.E0,0.E0,1.E0));
#8752=DIRECTION('',(0.E0,-1.E0,0.E0));
#8753=AXIS2_PLACEMENT_3D('',#8750,#8751,#8752);
#8754=PLANE('',#8753);
#8755=ORIENTED_EDGE('',*,*,#8567,.F.);
#8757=ORIENTED_EDGE('',*,*,#8756,.F.);
#8758=ORIENTED_EDGE('',*,*,#8741,.F.);
#8759=ORIENTED_EDGE('',*,*,#6382,.T.);
#8760=EDGE_LOOP('',(#8755,#8757,#8758,#8759));
#8761=FACE_OUTER_BOUND('',#8760,.F.);
#8763=ORIENTED_EDGE('',*,*,#8762,.F.);
#8765=ORIENTED_EDGE('',*,*,#8764,.T.);
#8766=EDGE_LOOP('',(#8763,#8765));
#8767=FACE_BOUND('',#8766,.F.);
#8768=ADVANCED_FACE('',(#8761,#8767),#8754,.F.);
#8769=CARTESIAN_POINT('',(-1.1E1,0.E0,-1.E1));
#8770=DIRECTION('',(0.E0,-1.E0,0.E0));
#8771=DIRECTION('',(0.E0,0.E0,-1.E0));
#8772=AXIS2_PLACEMENT_3D('',#8769,#8770,#8771);
#8773=CYLINDRICAL_SURFACE('',#8772,2.E0);
#8775=ORIENTED_EDGE('',*,*,#8774,.F.);
#8776=ORIENTED_EDGE('',*,*,#8756,.T.);
#8777=ORIENTED_EDGE('',*,*,#8565,.T.);
#8779=ORIENTED_EDGE('',*,*,#8778,.T.);
#8780=EDGE_LOOP('',(#8775,#8776,#8777,#8779));
#8781=FACE_OUTER_BOUND('',#8780,.F.);
#8782=ADVANCED_FACE('',(#8781),#8773,.F.);
#8783=CARTESIAN_POINT('',(-1.1E1,-5.458920970254E1,-1.E1));
#8784=DIRECTION('',(-1.E0,0.E0,0.E0));
#8785=DIRECTION('',(0.E0,0.E0,-1.E0));
#8786=AXIS2_PLACEMENT_3D('',#8783,#8784,#8785);
#8787=SPHERICAL_SURFACE('',#8786,2.E0);
#8788=ORIENTED_EDGE('',*,*,#8743,.T.);
#8789=ORIENTED_EDGE('',*,*,#8774,.T.);
#8791=ORIENTED_EDGE('',*,*,#8790,.T.);
#8792=EDGE_LOOP('',(#8788,#8789,#8791));
#8793=FACE_OUTER_BOUND('',#8792,.F.);
#8794=ADVANCED_FACE('',(#8793),#8787,.F.);
#8795=CARTESIAN_POINT('',(-1.1E1,-5.551077092721E1,-2.535935374437E1));
#8796=DIRECTION('',(0.E0,-5.989229072795E-2,-9.982048454658E-1));
#8797=DIRECTION('',(0.E0,9.982048454658E-1,-5.989229072795E-2));
#8798=AXIS2_PLACEMENT_3D('',#8795,#8796,#8797);
#8799=CYLINDRICAL_SURFACE('',#8798,2.E0);
#8800=ORIENTED_EDGE('',*,*,#8790,.F.);
#8802=ORIENTED_EDGE('',*,*,#8801,.F.);
#8804=ORIENTED_EDGE('',*,*,#8803,.F.);
#8805=ORIENTED_EDGE('',*,*,#8729,.T.);
#8806=EDGE_LOOP('',(#8800,#8802,#8804,#8805));
#8807=FACE_OUTER_BOUND('',#8806,.F.);
#8808=ADVANCED_FACE('',(#8807),#8799,.F.);
#8809=CARTESIAN_POINT('',(-1.3E1,0.E0,-6.5E1));
#8810=DIRECTION('',(-1.E0,0.E0,0.E0));
#8811=DIRECTION('',(0.E0,1.E0,0.E0));
#8812=AXIS2_PLACEMENT_3D('',#8809,#8810,#8811);
#8813=PLANE('',#8812);
#8814=ORIENTED_EDGE('',*,*,#8563,.T.);
#8816=ORIENTED_EDGE('',*,*,#8815,.T.);
#8818=ORIENTED_EDGE('',*,*,#8817,.T.);
#8820=ORIENTED_EDGE('',*,*,#8819,.T.);
#8822=ORIENTED_EDGE('',*,*,#8821,.T.);
#8824=ORIENTED_EDGE('',*,*,#8823,.T.);
#8826=ORIENTED_EDGE('',*,*,#8825,.F.);
#8828=ORIENTED_EDGE('',*,*,#8827,.T.);
#8829=ORIENTED_EDGE('',*,*,#8801,.T.);
#8830=ORIENTED_EDGE('',*,*,#8778,.F.);
#8831=EDGE_LOOP('',(#8814,#8816,#8818,#8820,#8822,#8824,#8826,#8828,#8829,
#8830));
#8832=FACE_OUTER_BOUND('',#8831,.F.);
#8833=ADVANCED_FACE('',(#8832),#8813,.F.);
#8834=CARTESIAN_POINT('',(-1.1E1,0.E0,-6.4E1));
#8835=DIRECTION('',(-1.E0,0.E0,0.E0));
#8836=DIRECTION('',(0.E0,0.E0,-1.E0));
#8837=AXIS2_PLACEMENT_3D('',#8834,#8835,#8836);
#8838=TOROIDAL_SURFACE('',#8837,5.4E1,2.E0);
#8840=ORIENTED_EDGE('',*,*,#8839,.T.);
#8841=ORIENTED_EDGE('',*,*,#8815,.F.);
#8842=ORIENTED_EDGE('',*,*,#8561,.F.);
#8843=ORIENTED_EDGE('',*,*,#8580,.T.);
#8844=EDGE_LOOP('',(#8840,#8841,#8842,#8843));
#8845=FACE_OUTER_BOUND('',#8844,.F.);
#8846=ADVANCED_FACE('',(#8845),#8838,.F.);
#8847=CARTESIAN_POINT('',(-1.1E1,-3.696085278006E1,-2.463128955921E1));
#8848=DIRECTION('',(-1.E0,0.E0,0.E0));
#8849=DIRECTION('',(0.E0,0.E0,-1.E0));
#8850=AXIS2_PLACEMENT_3D('',#8847,#8848,#8849);
#8851=SPHERICAL_SURFACE('',#8850,2.E0);
#8852=ORIENTED_EDGE('',*,*,#8594,.T.);
#8854=ORIENTED_EDGE('',*,*,#8853,.T.);
#8855=ORIENTED_EDGE('',*,*,#8839,.F.);
#8856=ORIENTED_EDGE('',*,*,#8596,.T.);
#8857=EDGE_LOOP('',(#8852,#8854,#8855,#8856));
#8858=FACE_OUTER_BOUND('',#8857,.F.);
#8859=ADVANCED_FACE('',(#8858),#8851,.F.);
#8860=CARTESIAN_POINT('',(-1.1E1,-4.287790070187E1,-3.284738162850E1));
#8861=DIRECTION('',(-1.E0,0.E0,0.E0));
#8862=DIRECTION('',(0.E0,0.E0,-1.E0));
#8863=AXIS2_PLACEMENT_3D('',#8860,#8861,#8862);
#8864=TOROIDAL_SURFACE('',#8863,1.0125E1,2.E0);
#8865=ORIENTED_EDGE('',*,*,#8853,.F.);
#8866=ORIENTED_EDGE('',*,*,#8613,.T.);
#8867=ORIENTED_EDGE('',*,*,#8611,.T.);
#8869=ORIENTED_EDGE('',*,*,#8868,.T.);
#8870=ORIENTED_EDGE('',*,*,#8819,.F.);
#8871=ORIENTED_EDGE('',*,*,#8817,.F.);
#8872=EDGE_LOOP('',(#8865,#8866,#8867,#8869,#8870,#8871));
#8873=FACE_OUTER_BOUND('',#8872,.F.);
#8874=ADVANCED_FACE('',(#8873),#8864,.F.);
#8875=CARTESIAN_POINT('',(-1.1E1,-4.886340023848E1,-4.101374068853E1));
#8876=DIRECTION('',(-1.E0,0.E0,0.E0));
#8877=DIRECTION('',(0.E0,0.E0,-1.E0));
#8878=AXIS2_PLACEMENT_3D('',#8875,#8876,#8877);
#8879=SPHERICAL_SURFACE('',#8878,2.E0);
#8880=ORIENTED_EDGE('',*,*,#8628,.T.);
#8882=ORIENTED_EDGE('',*,*,#8881,.T.);
#8883=ORIENTED_EDGE('',*,*,#8868,.F.);
#8884=EDGE_LOOP('',(#8880,#8882,#8883));
#8885=FACE_OUTER_BOUND('',#8884,.F.);
#8886=ADVANCED_FACE('',(#8885),#8879,.F.);
#8887=CARTESIAN_POINT('',(-1.1E1,0.E0,-6.4E1));
#8888=DIRECTION('',(-1.E0,0.E0,0.E0));
#8889=DIRECTION('',(0.E0,0.E0,-1.E0));
#8890=AXIS2_PLACEMENT_3D('',#8887,#8888,#8889);
#8891=TOROIDAL_SURFACE('',#8890,5.4E1,2.E0);
#8892=ORIENTED_EDGE('',*,*,#8881,.F.);
#8893=ORIENTED_EDGE('',*,*,#8642,.T.);
#8895=ORIENTED_EDGE('',*,*,#8894,.T.);
#8896=ORIENTED_EDGE('',*,*,#8821,.F.);
#8897=EDGE_LOOP('',(#8892,#8893,#8895,#8896));
#8898=FACE_OUTER_BOUND('',#8897,.F.);
#8899=ADVANCED_FACE('',(#8898),#8891,.F.);
#8900=CARTESIAN_POINT('',(-1.1E1,-5.304230542453E1,-5.387508838305E1));
#8901=DIRECTION('',(-1.E0,0.E0,0.E0));
#8902=DIRECTION('',(0.E0,0.E0,-1.E0));
#8903=AXIS2_PLACEMENT_3D('',#8900,#8901,#8902);
#8904=SPHERICAL_SURFACE('',#8903,2.E0);
#8905=ORIENTED_EDGE('',*,*,#8656,.T.);
#8907=ORIENTED_EDGE('',*,*,#8906,.T.);
#8908=ORIENTED_EDGE('',*,*,#8894,.F.);
#8909=EDGE_LOOP('',(#8905,#8907,#8908));
#8910=FACE_OUTER_BOUND('',#8909,.F.);
#8911=ADVANCED_FACE('',(#8910),#8904,.F.);
#8912=CARTESIAN_POINT('',(-1.1E1,-5.3E1,-6.4E1));
#8913=DIRECTION('',(-1.E0,0.E0,0.E0));
#8914=DIRECTION('',(0.E0,0.E0,-1.E0));
#8915=AXIS2_PLACEMENT_3D('',#8912,#8913,#8914);
#8916=TOROIDAL_SURFACE('',#8915,1.0125E1,2.E0);
#8917=ORIENTED_EDGE('',*,*,#8906,.F.);
#8918=ORIENTED_EDGE('',*,*,#8670,.T.);
#8920=ORIENTED_EDGE('',*,*,#8919,.T.);
#8921=ORIENTED_EDGE('',*,*,#8823,.F.);
#8922=EDGE_LOOP('',(#8917,#8918,#8920,#8921));
#8923=FACE_OUTER_BOUND('',#8922,.F.);
#8924=ADVANCED_FACE('',(#8923),#8916,.F.);
#8925=CARTESIAN_POINT('',(-1.1E1,-5.7E1,-5.469862241386E1));
#8926=DIRECTION('',(-1.E0,0.E0,0.E0));
#8927=DIRECTION('',(0.E0,0.E0,-1.E0));
#8928=AXIS2_PLACEMENT_3D('',#8925,#8926,#8927);
#8929=SPHERICAL_SURFACE('',#8928,2.E0);
#8930=ORIENTED_EDGE('',*,*,#8684,.T.);
#8932=ORIENTED_EDGE('',*,*,#8931,.T.);
#8933=ORIENTED_EDGE('',*,*,#8919,.F.);
#8934=ORIENTED_EDGE('',*,*,#8686,.T.);
#8935=EDGE_LOOP('',(#8930,#8932,#8933,#8934));
#8936=FACE_OUTER_BOUND('',#8935,.F.);
#8937=ADVANCED_FACE('',(#8936),#8929,.F.);
#8938=CARTESIAN_POINT('',(-1.1E1,-5.7E1,-8.85E1));
#8939=DIRECTION('',(0.E0,0.E0,-1.E0));
#8940=DIRECTION('',(0.E0,1.E0,0.E0));
#8941=AXIS2_PLACEMENT_3D('',#8938,#8939,#8940);
#8942=CYLINDRICAL_SURFACE('',#8941,2.E0);
#8943=ORIENTED_EDGE('',*,*,#8931,.F.);
#8944=ORIENTED_EDGE('',*,*,#8701,.T.);
#8946=ORIENTED_EDGE('',*,*,#8945,.F.);
#8947=ORIENTED_EDGE('',*,*,#8825,.T.);
#8948=EDGE_LOOP('',(#8943,#8944,#8946,#8947));
#8949=FACE_OUTER_BOUND('',#8948,.F.);
#8950=ADVANCED_FACE('',(#8949),#8942,.F.);
#8951=CARTESIAN_POINT('',(-1.1E1,-5.1E1,-5.035967658189E1));
#8952=DIRECTION('',(-1.E0,0.E0,0.E0));
#8953=DIRECTION('',(0.E0,0.E0,-1.E0));
#8954=AXIS2_PLACEMENT_3D('',#8951,#8952,#8953);
#8955=TOROIDAL_SURFACE('',#8954,6.E0,2.E0);
#8956=ORIENTED_EDGE('',*,*,#8803,.T.);
#8957=ORIENTED_EDGE('',*,*,#8827,.F.);
#8958=ORIENTED_EDGE('',*,*,#8945,.T.);
#8959=ORIENTED_EDGE('',*,*,#8715,.T.);
#8960=EDGE_LOOP('',(#8956,#8957,#8958,#8959));
#8961=FACE_OUTER_BOUND('',#8960,.F.);
#8962=ADVANCED_FACE('',(#8961),#8955,.F.);
#8963=CARTESIAN_POINT('',(-8.E0,-3.7E1,0.E0));
#8964=DIRECTION('',(0.E0,0.E0,-1.E0));
#8965=DIRECTION('',(-1.E0,0.E0,0.E0));
#8966=AXIS2_PLACEMENT_3D('',#8963,#8964,#8965);
#8967=CYLINDRICAL_SURFACE('',#8966,2.1E0);
#8969=ORIENTED_EDGE('',*,*,#8968,.T.);
#8971=ORIENTED_EDGE('',*,*,#8970,.F.);
#8972=ORIENTED_EDGE('',*,*,#8762,.T.);
#8974=ORIENTED_EDGE('',*,*,#8973,.T.);
#8975=EDGE_LOOP('',(#8969,#8971,#8972,#8974));
#8976=FACE_OUTER_BOUND('',#8975,.F.);
#8977=ADVANCED_FACE('',(#8976),#8967,.F.);
#8978=CARTESIAN_POINT('',(-8.E0,-3.7E1,-2.500000125629E-1));
#8979=DIRECTION('',(0.E0,0.E0,1.E0));
#8980=DIRECTION('',(0.E0,-1.E0,0.E0));
#8981=AXIS2_PLACEMENT_3D('',#8978,#8979,#8980);
#8982=CONICAL_SURFACE('',#8981,2.349999987437E0,4.5E1);
#8983=ORIENTED_EDGE('',*,*,#6262,.T.);
#8985=ORIENTED_EDGE('',*,*,#8984,.T.);
#8986=ORIENTED_EDGE('',*,*,#8968,.F.);
#8988=ORIENTED_EDGE('',*,*,#8987,.F.);
#8989=EDGE_LOOP('',(#8983,#8985,#8986,#8988));
#8990=FACE_OUTER_BOUND('',#8989,.F.);
#8991=ADVANCED_FACE('',(#8990),#8982,.F.);
#8992=CARTESIAN_POINT('',(-8.E0,-3.7E1,-2.500000125629E-1));
#8993=DIRECTION('',(0.E0,0.E0,1.E0));
#8994=DIRECTION('',(0.E0,-1.E0,0.E0));
#8995=AXIS2_PLACEMENT_3D('',#8992,#8993,#8994);
#8996=CONICAL_SURFACE('',#8995,2.349999987437E0,4.5E1);
#8997=ORIENTED_EDGE('',*,*,#6260,.T.);
#8998=ORIENTED_EDGE('',*,*,#8987,.T.);
#9000=ORIENTED_EDGE('',*,*,#8999,.F.);
#9001=ORIENTED_EDGE('',*,*,#8984,.F.);
#9002=EDGE_LOOP('',(#8997,#8998,#9000,#9001));
#9003=FACE_OUTER_BOUND('',#9002,.F.);
#9004=ADVANCED_FACE('',(#9003),#8996,.F.);
#9005=CARTESIAN_POINT('',(-8.E0,-3.7E1,0.E0));
#9006=DIRECTION('',(0.E0,0.E0,-1.E0));
#9007=DIRECTION('',(-1.E0,0.E0,0.E0));
#9008=AXIS2_PLACEMENT_3D('',#9005,#9006,#9007);
#9009=CYLINDRICAL_SURFACE('',#9008,2.1E0);
#9010=ORIENTED_EDGE('',*,*,#8999,.T.);
#9011=ORIENTED_EDGE('',*,*,#8973,.F.);
#9012=ORIENTED_EDGE('',*,*,#8764,.F.);
#9013=ORIENTED_EDGE('',*,*,#8970,.T.);
#9014=EDGE_LOOP('',(#9010,#9011,#9012,#9013));
#9015=FACE_OUTER_BOUND('',#9014,.F.);
#9016=ADVANCED_FACE('',(#9015),#9009,.F.);
#9017=CARTESIAN_POINT('',(-6.3002E1,0.E0,-8.E0));
#9018=DIRECTION('',(0.E0,0.E0,1.E0));
#9019=DIRECTION('',(0.E0,-1.E0,0.E0));
#9020=AXIS2_PLACEMENT_3D('',#9017,#9018,#9019);
#9021=PLANE('',#9020);
#9023=ORIENTED_EDGE('',*,*,#9022,.F.);
#9025=ORIENTED_EDGE('',*,*,#9024,.F.);
#9027=ORIENTED_EDGE('',*,*,#9026,.F.);
#9028=ORIENTED_EDGE('',*,*,#6416,.T.);
#9029=EDGE_LOOP('',(#9023,#9025,#9027,#9028));
#9030=FACE_OUTER_BOUND('',#9029,.F.);
#9032=ORIENTED_EDGE('',*,*,#9031,.F.);
#9034=ORIENTED_EDGE('',*,*,#9033,.T.);
#9035=EDGE_LOOP('',(#9032,#9034));
#9036=FACE_BOUND('',#9035,.F.);
#9037=ADVANCED_FACE('',(#9030,#9036),#9021,.F.);
#9038=CARTESIAN_POINT('',(-6.3002E1,5.458920970254E1,-1.E1));
#9039=DIRECTION('',(-1.E0,0.E0,0.E0));
#9040=DIRECTION('',(0.E0,0.E0,-1.E0));
#9041=AXIS2_PLACEMENT_3D('',#9038,#9039,#9040);
#9042=CYLINDRICAL_SURFACE('',#9041,2.E0);
#9044=ORIENTED_EDGE('',*,*,#9043,.T.);
#9046=ORIENTED_EDGE('',*,*,#9045,.F.);
#9047=ORIENTED_EDGE('',*,*,#9022,.T.);
#9048=ORIENTED_EDGE('',*,*,#6448,.F.);
#9049=EDGE_LOOP('',(#9044,#9046,#9047,#9048));
#9050=FACE_OUTER_BOUND('',#9049,.F.);
#9051=ADVANCED_FACE('',(#9050),#9042,.F.);
#9052=CARTESIAN_POINT('',(-6.3002E1,5.750718061814E1,-2.523956916291E1));
#9053=DIRECTION('',(0.E0,9.982048454658E-1,5.989229072795E-2));
#9054=DIRECTION('',(0.E0,-5.989229072795E-2,9.982048454658E-1));
#9055=AXIS2_PLACEMENT_3D('',#9052,#9053,#9054);
#9056=PLANE('',#9055);
#9058=ORIENTED_EDGE('',*,*,#9057,.F.);
#9060=ORIENTED_EDGE('',*,*,#9059,.F.);
#9061=ORIENTED_EDGE('',*,*,#9043,.F.);
#9062=ORIENTED_EDGE('',*,*,#6446,.F.);
#9063=EDGE_LOOP('',(#9058,#9060,#9061,#9062));
#9064=FACE_OUTER_BOUND('',#9063,.F.);
#9065=ADVANCED_FACE('',(#9064),#9056,.F.);
#9066=CARTESIAN_POINT('',(-6.3002E1,5.1E1,-5.035967658189E1));
#9067=DIRECTION('',(1.E0,0.E0,0.E0));
#9068=DIRECTION('',(0.E0,0.E0,1.E0));
#9069=AXIS2_PLACEMENT_3D('',#9066,#9067,#9068);
#9070=CYLINDRICAL_SURFACE('',#9069,8.E0);
#9072=ORIENTED_EDGE('',*,*,#9071,.T.);
#9074=ORIENTED_EDGE('',*,*,#9073,.F.);
#9075=ORIENTED_EDGE('',*,*,#9057,.T.);
#9076=ORIENTED_EDGE('',*,*,#6444,.F.);
#9077=EDGE_LOOP('',(#9072,#9074,#9075,#9076));
#9078=FACE_OUTER_BOUND('',#9077,.F.);
#9079=ADVANCED_FACE('',(#9078),#9070,.F.);
#9080=CARTESIAN_POINT('',(-6.3002E1,5.9E1,-8.85E1));
#9081=DIRECTION('',(0.E0,1.E0,0.E0));
#9082=DIRECTION('',(0.E0,0.E0,1.E0));
#9083=AXIS2_PLACEMENT_3D('',#9080,#9081,#9082);
#9084=PLANE('',#9083);
#9086=ORIENTED_EDGE('',*,*,#9085,.F.);
#9088=ORIENTED_EDGE('',*,*,#9087,.F.);
#9089=ORIENTED_EDGE('',*,*,#9071,.F.);
#9090=ORIENTED_EDGE('',*,*,#6442,.T.);
#9091=EDGE_LOOP('',(#9086,#9088,#9089,#9090));
#9092=FACE_OUTER_BOUND('',#9091,.F.);
#9093=ADVANCED_FACE('',(#9092),#9084,.F.);
#9094=CARTESIAN_POINT('',(0.E0,5.7E1,-5.469862241386E1));
#9095=DIRECTION('',(-1.E0,0.E0,0.E0));
#9096=DIRECTION('',(0.E0,0.E0,-1.E0));
#9097=AXIS2_PLACEMENT_3D('',#9094,#9095,#9096);
#9098=CYLINDRICAL_SURFACE('',#9097,2.E0);
#9100=ORIENTED_EDGE('',*,*,#9099,.F.);
#9102=ORIENTED_EDGE('',*,*,#9101,.F.);
#9104=ORIENTED_EDGE('',*,*,#9103,.F.);
#9105=ORIENTED_EDGE('',*,*,#9085,.T.);
#9106=ORIENTED_EDGE('',*,*,#6440,.F.);
#9107=ORIENTED_EDGE('',*,*,#6438,.F.);
#9108=EDGE_LOOP('',(#9100,#9102,#9104,#9105,#9106,#9107));
#9109=FACE_OUTER_BOUND('',#9108,.F.);
#9110=ADVANCED_FACE('',(#9109),#9098,.F.);
#9111=CARTESIAN_POINT('',(0.E0,5.3E1,-6.4E1));
#9112=DIRECTION('',(-1.E0,0.E0,0.E0));
#9113=DIRECTION('',(0.E0,0.E0,-1.E0));
#9114=AXIS2_PLACEMENT_3D('',#9111,#9112,#9113);
#9115=CYLINDRICAL_SURFACE('',#9114,8.125E0);
#9117=ORIENTED_EDGE('',*,*,#9116,.T.);
#9119=ORIENTED_EDGE('',*,*,#9118,.F.);
#9120=ORIENTED_EDGE('',*,*,#9099,.T.);
#9121=ORIENTED_EDGE('',*,*,#6436,.F.);
#9122=EDGE_LOOP('',(#9117,#9119,#9120,#9121));
#9123=FACE_OUTER_BOUND('',#9122,.F.);
#9124=ADVANCED_FACE('',(#9123),#9115,.T.);
#9125=CARTESIAN_POINT('',(0.E0,5.304230542453E1,-5.387508838305E1));
#9126=DIRECTION('',(-1.E0,0.E0,0.E0));
#9127=DIRECTION('',(0.E0,0.E0,-1.E0));
#9128=AXIS2_PLACEMENT_3D('',#9125,#9126,#9127);
#9129=CYLINDRICAL_SURFACE('',#9128,2.E0);
#9131=ORIENTED_EDGE('',*,*,#9130,.F.);
#9133=ORIENTED_EDGE('',*,*,#9132,.F.);
#9134=ORIENTED_EDGE('',*,*,#9116,.F.);
#9135=ORIENTED_EDGE('',*,*,#6434,.F.);
#9136=EDGE_LOOP('',(#9131,#9133,#9134,#9135));
#9137=FACE_OUTER_BOUND('',#9136,.F.);
#9138=ADVANCED_FACE('',(#9137),#9129,.F.);
#9139=CARTESIAN_POINT('',(-1.285712569798E3,0.E0,-6.4E1));
#9140=DIRECTION('',(1.E0,0.E0,0.E0));
#9141=DIRECTION('',(0.E0,0.E0,1.E0));
#9142=AXIS2_PLACEMENT_3D('',#9139,#9140,#9141);
#9143=CYLINDRICAL_SURFACE('',#9142,5.2E1);
#9145=ORIENTED_EDGE('',*,*,#9144,.T.);
#9147=ORIENTED_EDGE('',*,*,#9146,.F.);
#9148=ORIENTED_EDGE('',*,*,#9130,.T.);
#9149=ORIENTED_EDGE('',*,*,#6432,.F.);
#9150=EDGE_LOOP('',(#9145,#9147,#9148,#9149));
#9151=FACE_OUTER_BOUND('',#9150,.F.);
#9152=ADVANCED_FACE('',(#9151),#9143,.T.);
#9153=CARTESIAN_POINT('',(-1.285712569798E3,4.886340023848E1,
-4.101374068853E1));
#9154=DIRECTION('',(-1.E0,0.E0,0.E0));
#9155=DIRECTION('',(0.E0,0.E0,-1.E0));
#9156=AXIS2_PLACEMENT_3D('',#9153,#9154,#9155);
#9157=CYLINDRICAL_SURFACE('',#9156,2.E0);
#9159=ORIENTED_EDGE('',*,*,#9158,.F.);
#9161=ORIENTED_EDGE('',*,*,#9160,.F.);
#9162=ORIENTED_EDGE('',*,*,#9144,.F.);
#9163=ORIENTED_EDGE('',*,*,#6430,.F.);
#9164=EDGE_LOOP('',(#9159,#9161,#9162,#9163));
#9165=FACE_OUTER_BOUND('',#9164,.F.);
#9166=ADVANCED_FACE('',(#9165),#9157,.F.);
#9167=CARTESIAN_POINT('',(0.E0,4.287790070187E1,-3.284738162850E1));
#9168=DIRECTION('',(-1.E0,0.E0,0.E0));
#9169=DIRECTION('',(0.E0,0.E0,-1.E0));
#9170=AXIS2_PLACEMENT_3D('',#9167,#9168,#9169);
#9171=CYLINDRICAL_SURFACE('',#9170,8.125E0);
#9173=ORIENTED_EDGE('',*,*,#9172,.T.);
#9175=ORIENTED_EDGE('',*,*,#9174,.F.);
#9177=ORIENTED_EDGE('',*,*,#9176,.F.);
#9178=ORIENTED_EDGE('',*,*,#9158,.T.);
#9179=ORIENTED_EDGE('',*,*,#6428,.F.);
#9180=ORIENTED_EDGE('',*,*,#6426,.F.);
#9181=EDGE_LOOP('',(#9173,#9175,#9177,#9178,#9179,#9180));
#9182=FACE_OUTER_BOUND('',#9181,.F.);
#9183=ADVANCED_FACE('',(#9182),#9171,.T.);
#9184=CARTESIAN_POINT('',(0.E0,3.696085278006E1,-2.463128955921E1));
#9185=DIRECTION('',(-1.E0,0.E0,0.E0));
#9186=DIRECTION('',(0.E0,0.E0,-1.E0));
#9187=AXIS2_PLACEMENT_3D('',#9184,#9185,#9186);
#9188=CYLINDRICAL_SURFACE('',#9187,2.E0);
#9190=ORIENTED_EDGE('',*,*,#9189,.F.);
#9192=ORIENTED_EDGE('',*,*,#9191,.F.);
#9194=ORIENTED_EDGE('',*,*,#9193,.F.);
#9195=ORIENTED_EDGE('',*,*,#9172,.F.);
#9196=ORIENTED_EDGE('',*,*,#6424,.F.);
#9197=ORIENTED_EDGE('',*,*,#6422,.F.);
#9198=EDGE_LOOP('',(#9190,#9192,#9194,#9195,#9196,#9197));
#9199=FACE_OUTER_BOUND('',#9198,.F.);
#9200=ADVANCED_FACE('',(#9199),#9188,.F.);
#9201=CARTESIAN_POINT('',(-1.285712569798E3,0.E0,-6.4E1));
#9202=DIRECTION('',(1.E0,0.E0,0.E0));
#9203=DIRECTION('',(0.E0,0.E0,1.E0));
#9204=AXIS2_PLACEMENT_3D('',#9201,#9202,#9203);
#9205=CYLINDRICAL_SURFACE('',#9204,5.2E1);
#9207=ORIENTED_EDGE('',*,*,#9206,.F.);
#9209=ORIENTED_EDGE('',*,*,#9208,.F.);
#9210=ORIENTED_EDGE('',*,*,#9189,.T.);
#9211=ORIENTED_EDGE('',*,*,#6420,.F.);
#9212=EDGE_LOOP('',(#9207,#9209,#9210,#9211));
#9213=FACE_OUTER_BOUND('',#9212,.F.);
#9214=ADVANCED_FACE('',(#9213),#9205,.T.);
#9215=CARTESIAN_POINT('',(0.E0,1.637790070187E1,-1.359400463636E1));
#9216=DIRECTION('',(-1.E0,0.E0,0.E0));
#9217=DIRECTION('',(0.E0,0.E0,-1.E0));
#9218=AXIS2_PLACEMENT_3D('',#9215,#9216,#9217);
#9219=CYLINDRICAL_SURFACE('',#9218,8.125E0);
#9221=ORIENTED_EDGE('',*,*,#9220,.F.);
#9223=ORIENTED_EDGE('',*,*,#9222,.T.);
#9224=ORIENTED_EDGE('',*,*,#9206,.T.);
#9225=ORIENTED_EDGE('',*,*,#6418,.F.);
#9226=ORIENTED_EDGE('',*,*,#9026,.T.);
#9228=ORIENTED_EDGE('',*,*,#9227,.T.);
#9229=EDGE_LOOP('',(#9221,#9223,#9224,#9225,#9226,#9228));
#9230=FACE_OUTER_BOUND('',#9229,.F.);
#9231=ADVANCED_FACE('',(#9230),#9219,.T.);
#9232=CARTESIAN_POINT('',(-1.3E1,0.E0,-6.5E1));
#9233=DIRECTION('',(-1.E0,0.E0,0.E0));
#9234=DIRECTION('',(0.E0,1.E0,0.E0));
#9235=AXIS2_PLACEMENT_3D('',#9232,#9233,#9234);
#9236=PLANE('',#9235);
#9238=ORIENTED_EDGE('',*,*,#9237,.T.);
#9240=ORIENTED_EDGE('',*,*,#9239,.T.);
#9241=ORIENTED_EDGE('',*,*,#9220,.T.);
#9243=ORIENTED_EDGE('',*,*,#9242,.F.);
#9245=ORIENTED_EDGE('',*,*,#9244,.T.);
#9247=ORIENTED_EDGE('',*,*,#9246,.T.);
#9249=ORIENTED_EDGE('',*,*,#9248,.F.);
#9251=ORIENTED_EDGE('',*,*,#9250,.T.);
#9253=ORIENTED_EDGE('',*,*,#9252,.T.);
#9255=ORIENTED_EDGE('',*,*,#9254,.T.);
#9256=EDGE_LOOP('',(#9238,#9240,#9241,#9243,#9245,#9247,#9249,#9251,#9253,
#9255));
#9257=FACE_OUTER_BOUND('',#9256,.F.);
#9258=ADVANCED_FACE('',(#9257),#9236,.F.);
#9259=CARTESIAN_POINT('',(-1.1E1,4.287790070187E1,-3.284738162850E1));
#9260=DIRECTION('',(-1.E0,0.E0,0.E0));
#9261=DIRECTION('',(0.E0,0.E0,-1.E0));
#9262=AXIS2_PLACEMENT_3D('',#9259,#9260,#9261);
#9263=TOROIDAL_SURFACE('',#9262,1.0125E1,2.E0);
#9265=ORIENTED_EDGE('',*,*,#9264,.T.);
#9266=ORIENTED_EDGE('',*,*,#9176,.T.);
#9267=ORIENTED_EDGE('',*,*,#9174,.T.);
#9269=ORIENTED_EDGE('',*,*,#9268,.F.);
#9270=ORIENTED_EDGE('',*,*,#9237,.F.);
#9271=ORIENTED_EDGE('',*,*,#9254,.F.);
#9272=EDGE_LOOP('',(#9265,#9266,#9267,#9269,#9270,#9271));
#9273=FACE_OUTER_BOUND('',#9272,.F.);
#9274=ADVANCED_FACE('',(#9273),#9263,.F.);
#9275=CARTESIAN_POINT('',(-1.1E1,4.886340023848E1,-4.101374068853E1));
#9276=DIRECTION('',(-1.E0,0.E0,0.E0));
#9277=DIRECTION('',(0.E0,0.E0,-1.E0));
#9278=AXIS2_PLACEMENT_3D('',#9275,#9276,#9277);
#9279=SPHERICAL_SURFACE('',#9278,2.E0);
#9281=ORIENTED_EDGE('',*,*,#9280,.T.);
#9282=ORIENTED_EDGE('',*,*,#9160,.T.);
#9283=ORIENTED_EDGE('',*,*,#9264,.F.);
#9284=EDGE_LOOP('',(#9281,#9282,#9283));
#9285=FACE_OUTER_BOUND('',#9284,.F.);
#9286=ADVANCED_FACE('',(#9285),#9279,.F.);
#9287=CARTESIAN_POINT('',(-1.1E1,0.E0,-6.4E1));
#9288=DIRECTION('',(-1.E0,0.E0,0.E0));
#9289=DIRECTION('',(0.E0,0.E0,-1.E0));
#9290=AXIS2_PLACEMENT_3D('',#9287,#9288,#9289);
#9291=TOROIDAL_SURFACE('',#9290,5.4E1,2.E0);
#9293=ORIENTED_EDGE('',*,*,#9292,.T.);
#9294=ORIENTED_EDGE('',*,*,#9146,.T.);
#9295=ORIENTED_EDGE('',*,*,#9280,.F.);
#9296=ORIENTED_EDGE('',*,*,#9252,.F.);
#9297=EDGE_LOOP('',(#9293,#9294,#9295,#9296));
#9298=FACE_OUTER_BOUND('',#9297,.F.);
#9299=ADVANCED_FACE('',(#9298),#9291,.F.);
#9300=CARTESIAN_POINT('',(-1.1E1,5.304230542453E1,-5.387508838305E1));
#9301=DIRECTION('',(-1.E0,0.E0,0.E0));
#9302=DIRECTION('',(0.E0,0.E0,-1.E0));
#9303=AXIS2_PLACEMENT_3D('',#9300,#9301,#9302);
#9304=SPHERICAL_SURFACE('',#9303,2.E0);
#9306=ORIENTED_EDGE('',*,*,#9305,.T.);
#9307=ORIENTED_EDGE('',*,*,#9132,.T.);
#9308=ORIENTED_EDGE('',*,*,#9292,.F.);
#9309=EDGE_LOOP('',(#9306,#9307,#9308));
#9310=FACE_OUTER_BOUND('',#9309,.F.);
#9311=ADVANCED_FACE('',(#9310),#9304,.F.);
#9312=CARTESIAN_POINT('',(-1.1E1,5.3E1,-6.4E1));
#9313=DIRECTION('',(-1.E0,0.E0,0.E0));
#9314=DIRECTION('',(0.E0,0.E0,-1.E0));
#9315=AXIS2_PLACEMENT_3D('',#9312,#9313,#9314);
#9316=TOROIDAL_SURFACE('',#9315,1.0125E1,2.E0);
#9318=ORIENTED_EDGE('',*,*,#9317,.T.);
#9319=ORIENTED_EDGE('',*,*,#9118,.T.);
#9320=ORIENTED_EDGE('',*,*,#9305,.F.);
#9321=ORIENTED_EDGE('',*,*,#9250,.F.);
#9322=EDGE_LOOP('',(#9318,#9319,#9320,#9321));
#9323=FACE_OUTER_BOUND('',#9322,.F.);
#9324=ADVANCED_FACE('',(#9323),#9316,.F.);
#9325=CARTESIAN_POINT('',(-1.1E1,5.7E1,-5.469862241386E1));
#9326=DIRECTION('',(-1.E0,0.E0,0.E0));
#9327=DIRECTION('',(0.E0,0.E0,-1.E0));
#9328=AXIS2_PLACEMENT_3D('',#9325,#9326,#9327);
#9329=SPHERICAL_SURFACE('',#9328,2.E0);
#9331=ORIENTED_EDGE('',*,*,#9330,.T.);
#9332=ORIENTED_EDGE('',*,*,#9103,.T.);
#9333=ORIENTED_EDGE('',*,*,#9101,.T.);
#9334=ORIENTED_EDGE('',*,*,#9317,.F.);
#9335=EDGE_LOOP('',(#9331,#9332,#9333,#9334));
#9336=FACE_OUTER_BOUND('',#9335,.F.);
#9337=ADVANCED_FACE('',(#9336),#9329,.F.);
#9338=CARTESIAN_POINT('',(-1.1E1,5.7E1,-6.5E1));
#9339=DIRECTION('',(0.E0,0.E0,1.E0));
#9340=DIRECTION('',(0.E0,-1.E0,0.E0));
#9341=AXIS2_PLACEMENT_3D('',#9338,#9339,#9340);
#9342=CYLINDRICAL_SURFACE('',#9341,2.E0);
#9344=ORIENTED_EDGE('',*,*,#9343,.F.);
#9345=ORIENTED_EDGE('',*,*,#9087,.T.);
#9346=ORIENTED_EDGE('',*,*,#9330,.F.);
#9347=ORIENTED_EDGE('',*,*,#9248,.T.);
#9348=EDGE_LOOP('',(#9344,#9345,#9346,#9347));
#9349=FACE_OUTER_BOUND('',#9348,.F.);
#9350=ADVANCED_FACE('',(#9349),#9342,.F.);
#9351=CARTESIAN_POINT('',(-1.1E1,5.1E1,-5.035967658189E1));
#9352=DIRECTION('',(-1.E0,0.E0,0.E0));
#9353=DIRECTION('',(0.E0,0.E0,-1.E0));
#9354=AXIS2_PLACEMENT_3D('',#9351,#9352,#9353);
#9355=TOROIDAL_SURFACE('',#9354,6.E0,2.E0);
#9357=ORIENTED_EDGE('',*,*,#9356,.T.);
#9358=ORIENTED_EDGE('',*,*,#9073,.T.);
#9359=ORIENTED_EDGE('',*,*,#9343,.T.);
#9360=ORIENTED_EDGE('',*,*,#9246,.F.);
#9361=EDGE_LOOP('',(#9357,#9358,#9359,#9360));
#9362=FACE_OUTER_BOUND('',#9361,.F.);
#9363=ADVANCED_FACE('',(#9362),#9355,.F.);
#9364=CARTESIAN_POINT('',(-1.1E1,5.768155610058E1,-6.153910663397E1));
#9365=DIRECTION('',(0.E0,-5.989229072795E-2,9.982048454658E-1));
#9366=DIRECTION('',(0.E0,-9.982048454658E-1,-5.989229072795E-2));
#9367=AXIS2_PLACEMENT_3D('',#9364,#9365,#9366);
#9368=CYLINDRICAL_SURFACE('',#9367,2.E0);
#9370=ORIENTED_EDGE('',*,*,#9369,.F.);
#9371=ORIENTED_EDGE('',*,*,#9059,.T.);
#9372=ORIENTED_EDGE('',*,*,#9356,.F.);
#9373=ORIENTED_EDGE('',*,*,#9244,.F.);
#9374=EDGE_LOOP('',(#9370,#9371,#9372,#9373));
#9375=FACE_OUTER_BOUND('',#9374,.F.);
#9376=ADVANCED_FACE('',(#9375),#9368,.F.);
#9377=CARTESIAN_POINT('',(-1.1E1,5.458920970254E1,-1.E1));
#9378=DIRECTION('',(-1.E0,0.E0,0.E0));
#9379=DIRECTION('',(0.E0,0.E0,-1.E0));
#9380=AXIS2_PLACEMENT_3D('',#9377,#9378,#9379);
#9381=SPHERICAL_SURFACE('',#9380,2.E0);
#9383=ORIENTED_EDGE('',*,*,#9382,.T.);
#9384=ORIENTED_EDGE('',*,*,#9045,.T.);
#9385=ORIENTED_EDGE('',*,*,#9369,.T.);
#9386=EDGE_LOOP('',(#9383,#9384,#9385));
#9387=FACE_OUTER_BOUND('',#9386,.F.);
#9388=ADVANCED_FACE('',(#9387),#9381,.F.);
#9389=CARTESIAN_POINT('',(-1.1E1,0.E0,-1.E1));
#9390=DIRECTION('',(0.E0,-1.E0,0.E0));
#9391=DIRECTION('',(0.E0,0.E0,-1.E0));
#9392=AXIS2_PLACEMENT_3D('',#9389,#9390,#9391);
#9393=CYLINDRICAL_SURFACE('',#9392,2.E0);
#9394=ORIENTED_EDGE('',*,*,#9227,.F.);
#9395=ORIENTED_EDGE('',*,*,#9024,.T.);
#9396=ORIENTED_EDGE('',*,*,#9382,.F.);
#9397=ORIENTED_EDGE('',*,*,#9242,.T.);
#9398=EDGE_LOOP('',(#9394,#9395,#9396,#9397));
#9399=FACE_OUTER_BOUND('',#9398,.F.);
#9400=ADVANCED_FACE('',(#9399),#9393,.F.);
#9401=CARTESIAN_POINT('',(-1.1E1,3.696085278006E1,-2.463128955921E1));
#9402=DIRECTION('',(-1.E0,0.E0,0.E0));
#9403=DIRECTION('',(0.E0,0.E0,-1.E0));
#9404=AXIS2_PLACEMENT_3D('',#9401,#9402,#9403);
#9405=SPHERICAL_SURFACE('',#9404,2.E0);
#9406=ORIENTED_EDGE('',*,*,#9268,.T.);
#9407=ORIENTED_EDGE('',*,*,#9193,.T.);
#9408=ORIENTED_EDGE('',*,*,#9191,.T.);
#9410=ORIENTED_EDGE('',*,*,#9409,.F.);
#9411=EDGE_LOOP('',(#9406,#9407,#9408,#9410));
#9412=FACE_OUTER_BOUND('',#9411,.F.);
#9413=ADVANCED_FACE('',(#9412),#9405,.F.);
#9414=CARTESIAN_POINT('',(-1.1E1,0.E0,-6.4E1));
#9415=DIRECTION('',(-1.E0,0.E0,0.E0));
#9416=DIRECTION('',(0.E0,0.E0,-1.E0));
#9417=AXIS2_PLACEMENT_3D('',#9414,#9415,#9416);
#9418=TOROIDAL_SURFACE('',#9417,5.4E1,2.E0);
#9419=ORIENTED_EDGE('',*,*,#9222,.F.);
#9420=ORIENTED_EDGE('',*,*,#9239,.F.);
#9421=ORIENTED_EDGE('',*,*,#9409,.T.);
#9422=ORIENTED_EDGE('',*,*,#9208,.T.);
#9423=EDGE_LOOP('',(#9419,#9420,#9421,#9422));
#9424=FACE_OUTER_BOUND('',#9423,.F.);
#9425=ADVANCED_FACE('',(#9424),#9418,.F.);
#9426=CARTESIAN_POINT('',(-8.E0,3.7E1,0.E0));
#9427=DIRECTION('',(0.E0,0.E0,-1.E0));
#9428=DIRECTION('',(-1.E0,0.E0,0.E0));
#9429=AXIS2_PLACEMENT_3D('',#9426,#9427,#9428);
#9430=CYLINDRICAL_SURFACE('',#9429,2.1E0);
#9432=ORIENTED_EDGE('',*,*,#9431,.T.);
#9434=ORIENTED_EDGE('',*,*,#9433,.F.);
#9435=ORIENTED_EDGE('',*,*,#9031,.T.);
#9437=ORIENTED_EDGE('',*,*,#9436,.T.);
#9438=EDGE_LOOP('',(#9432,#9434,#9435,#9437));
#9439=FACE_OUTER_BOUND('',#9438,.F.);
#9440=ADVANCED_FACE('',(#9439),#9430,.F.);
#9441=CARTESIAN_POINT('',(-8.E0,3.7E1,-2.500000125629E-1));
#9442=DIRECTION('',(0.E0,0.E0,1.E0));
#9443=DIRECTION('',(0.E0,-1.E0,0.E0));
#9444=AXIS2_PLACEMENT_3D('',#9441,#9442,#9443);
#9445=CONICAL_SURFACE('',#9444,2.349999987437E0,4.5E1);
#9446=ORIENTED_EDGE('',*,*,#6244,.T.);
#9448=ORIENTED_EDGE('',*,*,#9447,.T.);
#9449=ORIENTED_EDGE('',*,*,#9431,.F.);
#9451=ORIENTED_EDGE('',*,*,#9450,.F.);
#9452=EDGE_LOOP('',(#9446,#9448,#9449,#9451));
#9453=FACE_OUTER_BOUND('',#9452,.F.);
#9454=ADVANCED_FACE('',(#9453),#9445,.F.);
#9455=CARTESIAN_POINT('',(-8.E0,3.7E1,-2.500000125629E-1));
#9456=DIRECTION('',(0.E0,0.E0,1.E0));
#9457=DIRECTION('',(0.E0,-1.E0,0.E0));
#9458=AXIS2_PLACEMENT_3D('',#9455,#9456,#9457);
#9459=CONICAL_SURFACE('',#9458,2.349999987437E0,4.5E1);
#9460=ORIENTED_EDGE('',*,*,#6242,.T.);
#9461=ORIENTED_EDGE('',*,*,#9450,.T.);
#9463=ORIENTED_EDGE('',*,*,#9462,.F.);
#9464=ORIENTED_EDGE('',*,*,#9447,.F.);
#9465=EDGE_LOOP('',(#9460,#9461,#9463,#9464));
#9466=FACE_OUTER_BOUND('',#9465,.F.);
#9467=ADVANCED_FACE('',(#9466),#9459,.F.);
#9468=CARTESIAN_POINT('',(-8.E0,3.7E1,0.E0));
#9469=DIRECTION('',(0.E0,0.E0,-1.E0));
#9470=DIRECTION('',(-1.E0,0.E0,0.E0));
#9471=AXIS2_PLACEMENT_3D('',#9468,#9469,#9470);
#9472=CYLINDRICAL_SURFACE('',#9471,2.1E0);
#9473=ORIENTED_EDGE('',*,*,#9462,.T.);
#9474=ORIENTED_EDGE('',*,*,#9436,.F.);
#9475=ORIENTED_EDGE('',*,*,#9033,.F.);
#9476=ORIENTED_EDGE('',*,*,#9433,.T.);
#9477=EDGE_LOOP('',(#9473,#9474,#9475,#9476));
#9478=FACE_OUTER_BOUND('',#9477,.F.);
#9479=ADVANCED_FACE('',(#9478),#9472,.F.);
#9480=CARTESIAN_POINT('',(0.E0,-4.287790070187E1,-9.515261837150E1));
#9481=DIRECTION('',(-1.E0,0.E0,0.E0));
#9482=DIRECTION('',(0.E0,0.E0,-1.E0));
#9483=AXIS2_PLACEMENT_3D('',#9480,#9481,#9482);
#9484=CYLINDRICAL_SURFACE('',#9483,8.125E0);
#9485=ORIENTED_EDGE('',*,*,#6452,.F.);
#9487=ORIENTED_EDGE('',*,*,#9486,.T.);
#9489=ORIENTED_EDGE('',*,*,#9488,.F.);
#9491=ORIENTED_EDGE('',*,*,#9490,.T.);
#9492=EDGE_LOOP('',(#9485,#9487,#9489,#9491));
#9493=FACE_OUTER_BOUND('',#9492,.F.);
#9494=ADVANCED_FACE('',(#9493),#9484,.T.);
#9495=CARTESIAN_POINT('',(-1.55E1,-5.290750704291E1,-9.376603204393E1));
#9496=DIRECTION('',(1.E0,0.E0,0.E0));
#9497=DIRECTION('',(0.E0,0.E0,1.E0));
#9498=AXIS2_PLACEMENT_3D('',#9495,#9496,#9497);
#9499=CYLINDRICAL_SURFACE('',#9498,2.E0);
#9500=ORIENTED_EDGE('',*,*,#6476,.F.);
#9502=ORIENTED_EDGE('',*,*,#9501,.F.);
#9504=ORIENTED_EDGE('',*,*,#9503,.F.);
#9505=ORIENTED_EDGE('',*,*,#9486,.F.);
#9506=EDGE_LOOP('',(#9500,#9502,#9504,#9505));
#9507=FACE_OUTER_BOUND('',#9506,.F.);
#9508=ADVANCED_FACE('',(#9507),#9499,.F.);
#9509=CARTESIAN_POINT('',(-1.55E1,-5.082322330470E1,-1.021611652352E2));
#9510=DIRECTION('',(1.E0,0.E0,0.E0));
#9511=DIRECTION('',(0.E0,0.E0,1.E0));
#9512=AXIS2_PLACEMENT_3D('',#9509,#9510,#9511);
#9513=CYLINDRICAL_SURFACE('',#9512,6.65E0);
#9515=ORIENTED_EDGE('',*,*,#9514,.F.);
#9516=ORIENTED_EDGE('',*,*,#9501,.T.);
#9517=ORIENTED_EDGE('',*,*,#6474,.F.);
#9519=ORIENTED_EDGE('',*,*,#9518,.T.);
#9520=EDGE_LOOP('',(#9515,#9516,#9517,#9519));
#9521=FACE_OUTER_BOUND('',#9520,.F.);
#9522=ADVANCED_FACE('',(#9521),#9513,.T.);
#9523=CARTESIAN_POINT('',(-1.3E1,0.E0,-6.5E1));
#9524=DIRECTION('',(-1.E0,0.E0,0.E0));
#9525=DIRECTION('',(0.E0,1.E0,0.E0));
#9526=AXIS2_PLACEMENT_3D('',#9523,#9524,#9525);
#9527=PLANE('',#9526);
#9528=ORIENTED_EDGE('',*,*,#9488,.T.);
#9529=ORIENTED_EDGE('',*,*,#9503,.T.);
#9530=ORIENTED_EDGE('',*,*,#9514,.T.);
#9532=ORIENTED_EDGE('',*,*,#9531,.T.);
#9534=ORIENTED_EDGE('',*,*,#9533,.T.);
#9536=ORIENTED_EDGE('',*,*,#9535,.T.);
#9538=ORIENTED_EDGE('',*,*,#9537,.F.);
#9540=ORIENTED_EDGE('',*,*,#9539,.T.);
#9542=ORIENTED_EDGE('',*,*,#9541,.T.);
#9544=ORIENTED_EDGE('',*,*,#9543,.T.);
#9546=ORIENTED_EDGE('',*,*,#9545,.T.);
#9548=ORIENTED_EDGE('',*,*,#9547,.T.);
#9550=ORIENTED_EDGE('',*,*,#9549,.T.);
#9551=EDGE_LOOP('',(#9528,#9529,#9530,#9532,#9534,#9536,#9538,#9540,#9542,#9544,
#9546,#9548,#9550));
#9552=FACE_OUTER_BOUND('',#9551,.F.);
#9553=ADVANCED_FACE('',(#9552),#9527,.F.);
#9554=CARTESIAN_POINT('',(-1.285712569798E3,-5.672203599533E1,
-9.583451455405E1));
#9555=DIRECTION('',(-1.E0,0.E0,0.E0));
#9556=DIRECTION('',(0.E0,0.E0,-1.E0));
#9557=AXIS2_PLACEMENT_3D('',#9554,#9555,#9556);
#9558=CYLINDRICAL_SURFACE('',#9557,2.E0);
#9559=ORIENTED_EDGE('',*,*,#6472,.F.);
#9560=ORIENTED_EDGE('',*,*,#6470,.F.);
#9562=ORIENTED_EDGE('',*,*,#9561,.F.);
#9563=ORIENTED_EDGE('',*,*,#9533,.F.);
#9564=ORIENTED_EDGE('',*,*,#9531,.F.);
#9565=ORIENTED_EDGE('',*,*,#9518,.F.);
#9566=EDGE_LOOP('',(#9559,#9560,#9562,#9563,#9564,#9565));
#9567=FACE_OUTER_BOUND('',#9566,.F.);
#9568=ADVANCED_FACE('',(#9567),#9558,.F.);
#9569=CARTESIAN_POINT('',(-1.285712569798E3,-5.1E1,-9.402943725152E1));
#9570=DIRECTION('',(-1.E0,0.E0,0.E0));
#9571=DIRECTION('',(0.E0,0.E0,-1.E0));
#9572=AXIS2_PLACEMENT_3D('',#9569,#9570,#9571);
#9573=CYLINDRICAL_SURFACE('',#9572,8.E0);
#9574=ORIENTED_EDGE('',*,*,#9535,.F.);
#9575=ORIENTED_EDGE('',*,*,#9561,.T.);
#9576=ORIENTED_EDGE('',*,*,#6468,.F.);
#9578=ORIENTED_EDGE('',*,*,#9577,.T.);
#9579=EDGE_LOOP('',(#9574,#9575,#9576,#9578));
#9580=FACE_OUTER_BOUND('',#9579,.F.);
#9581=ADVANCED_FACE('',(#9580),#9573,.F.);
#9582=CARTESIAN_POINT('',(-6.3002E1,-5.9E1,-8.85E1));
#9583=DIRECTION('',(0.E0,1.E0,0.E0));
#9584=DIRECTION('',(0.E0,0.E0,1.E0));
#9585=AXIS2_PLACEMENT_3D('',#9582,#9583,#9584);
#9586=PLANE('',#9585);
#9587=ORIENTED_EDGE('',*,*,#6466,.F.);
#9589=ORIENTED_EDGE('',*,*,#9588,.F.);
#9590=ORIENTED_EDGE('',*,*,#9537,.T.);
#9591=ORIENTED_EDGE('',*,*,#9577,.F.);
#9592=EDGE_LOOP('',(#9587,#9589,#9590,#9591));
#9593=FACE_OUTER_BOUND('',#9592,.F.);
#9594=ADVANCED_FACE('',(#9593),#9586,.T.);
#9595=CARTESIAN_POINT('',(0.E0,-5.7E1,-7.330137758614E1));
#9596=DIRECTION('',(-1.E0,0.E0,0.E0));
#9597=DIRECTION('',(0.E0,0.E0,-1.E0));
#9598=AXIS2_PLACEMENT_3D('',#9595,#9596,#9597);
#9599=CYLINDRICAL_SURFACE('',#9598,2.E0);
#9600=ORIENTED_EDGE('',*,*,#9539,.F.);
#9601=ORIENTED_EDGE('',*,*,#9588,.T.);
#9602=ORIENTED_EDGE('',*,*,#6464,.F.);
#9603=ORIENTED_EDGE('',*,*,#6462,.F.);
#9605=ORIENTED_EDGE('',*,*,#9604,.F.);
#9606=ORIENTED_EDGE('',*,*,#9541,.F.);
#9607=EDGE_LOOP('',(#9600,#9601,#9602,#9603,#9605,#9606));
#9608=FACE_OUTER_BOUND('',#9607,.F.);
#9609=ADVANCED_FACE('',(#9608),#9599,.F.);
#9610=CARTESIAN_POINT('',(0.E0,-5.3E1,-6.4E1));
#9611=DIRECTION('',(-1.E0,0.E0,0.E0));
#9612=DIRECTION('',(0.E0,0.E0,-1.E0));
#9613=AXIS2_PLACEMENT_3D('',#9610,#9611,#9612);
#9614=CYLINDRICAL_SURFACE('',#9613,8.125E0);
#9615=ORIENTED_EDGE('',*,*,#6460,.F.);
#9617=ORIENTED_EDGE('',*,*,#9616,.T.);
#9618=ORIENTED_EDGE('',*,*,#9543,.F.);
#9619=ORIENTED_EDGE('',*,*,#9604,.T.);
#9620=EDGE_LOOP('',(#9615,#9617,#9618,#9619));
#9621=FACE_OUTER_BOUND('',#9620,.F.);
#9622=ADVANCED_FACE('',(#9621),#9614,.T.);
#9623=CARTESIAN_POINT('',(0.E0,-5.304230542453E1,-7.412491161695E1));
#9624=DIRECTION('',(-1.E0,0.E0,0.E0));
#9625=DIRECTION('',(0.E0,0.E0,-1.E0));
#9626=AXIS2_PLACEMENT_3D('',#9623,#9624,#9625);
#9627=CYLINDRICAL_SURFACE('',#9626,2.E0);
#9628=ORIENTED_EDGE('',*,*,#9545,.F.);
#9629=ORIENTED_EDGE('',*,*,#9616,.F.);
#9630=ORIENTED_EDGE('',*,*,#6458,.F.);
#9632=ORIENTED_EDGE('',*,*,#9631,.F.);
#9633=EDGE_LOOP('',(#9628,#9629,#9630,#9632));
#9634=FACE_OUTER_BOUND('',#9633,.F.);
#9635=ADVANCED_FACE('',(#9634),#9627,.F.);
#9636=CARTESIAN_POINT('',(-1.285712569798E3,0.E0,-6.4E1));
#9637=DIRECTION('',(1.E0,0.E0,0.E0));
#9638=DIRECTION('',(0.E0,0.E0,1.E0));
#9639=AXIS2_PLACEMENT_3D('',#9636,#9637,#9638);
#9640=CYLINDRICAL_SURFACE('',#9639,5.2E1);
#9641=ORIENTED_EDGE('',*,*,#6456,.F.);
#9643=ORIENTED_EDGE('',*,*,#9642,.T.);
#9644=ORIENTED_EDGE('',*,*,#9547,.F.);
#9645=ORIENTED_EDGE('',*,*,#9631,.T.);
#9646=EDGE_LOOP('',(#9641,#9643,#9644,#9645));
#9647=FACE_OUTER_BOUND('',#9646,.F.);
#9648=ADVANCED_FACE('',(#9647),#9640,.T.);
#9649=CARTESIAN_POINT('',(-1.285712569798E3,-4.886340023848E1,
-8.698625931147E1));
#9650=DIRECTION('',(-1.E0,0.E0,0.E0));
#9651=DIRECTION('',(0.E0,0.E0,-1.E0));
#9652=AXIS2_PLACEMENT_3D('',#9649,#9650,#9651);
#9653=CYLINDRICAL_SURFACE('',#9652,2.E0);
#9654=ORIENTED_EDGE('',*,*,#9549,.F.);
#9655=ORIENTED_EDGE('',*,*,#9642,.F.);
#9656=ORIENTED_EDGE('',*,*,#6454,.F.);
#9657=ORIENTED_EDGE('',*,*,#9490,.F.);
#9658=EDGE_LOOP('',(#9654,#9655,#9656,#9657));
#9659=FACE_OUTER_BOUND('',#9658,.F.);
#9660=ADVANCED_FACE('',(#9659),#9653,.F.);
#9661=CARTESIAN_POINT('',(0.E0,-4.287790070187E1,-9.515261837150E1));
#9662=DIRECTION('',(-1.E0,0.E0,0.E0));
#9663=DIRECTION('',(0.E0,0.E0,-1.E0));
#9664=AXIS2_PLACEMENT_3D('',#9661,#9662,#9663);
#9665=CYLINDRICAL_SURFACE('',#9664,8.125E0);
#9667=ORIENTED_EDGE('',*,*,#9666,.F.);
#9669=ORIENTED_EDGE('',*,*,#9668,.T.);
#9670=ORIENTED_EDGE('',*,*,#6480,.F.);
#9672=ORIENTED_EDGE('',*,*,#9671,.T.);
#9673=EDGE_LOOP('',(#9667,#9669,#9670,#9672));
#9674=FACE_OUTER_BOUND('',#9673,.F.);
#9675=ADVANCED_FACE('',(#9674),#9665,.T.);
#9676=CARTESIAN_POINT('',(-5.E-1,0.E0,-6.5E1));
#9677=DIRECTION('',(-1.E0,0.E0,0.E0));
#9678=DIRECTION('',(0.E0,1.E0,0.E0));
#9679=AXIS2_PLACEMENT_3D('',#9676,#9677,#9678);
#9680=PLANE('',#9679);
#9682=ORIENTED_EDGE('',*,*,#9681,.T.);
#9684=ORIENTED_EDGE('',*,*,#9683,.T.);
#9686=ORIENTED_EDGE('',*,*,#9685,.T.);
#9688=ORIENTED_EDGE('',*,*,#9687,.T.);
#9690=ORIENTED_EDGE('',*,*,#9689,.T.);
#9692=ORIENTED_EDGE('',*,*,#9691,.T.);
#9694=ORIENTED_EDGE('',*,*,#9693,.T.);
#9696=ORIENTED_EDGE('',*,*,#9695,.T.);
#9698=ORIENTED_EDGE('',*,*,#9697,.F.);
#9700=ORIENTED_EDGE('',*,*,#9699,.T.);
#9702=ORIENTED_EDGE('',*,*,#9701,.T.);
#9704=ORIENTED_EDGE('',*,*,#9703,.T.);
#9706=ORIENTED_EDGE('',*,*,#9705,.T.);
#9708=ORIENTED_EDGE('',*,*,#9707,.T.);
#9710=ORIENTED_EDGE('',*,*,#9709,.T.);
#9712=ORIENTED_EDGE('',*,*,#9711,.T.);
#9714=ORIENTED_EDGE('',*,*,#9713,.T.);
#9716=ORIENTED_EDGE('',*,*,#9715,.T.);
#9718=ORIENTED_EDGE('',*,*,#9717,.T.);
#9719=ORIENTED_EDGE('',*,*,#9666,.T.);
#9721=ORIENTED_EDGE('',*,*,#9720,.T.);
#9723=ORIENTED_EDGE('',*,*,#9722,.T.);
#9725=ORIENTED_EDGE('',*,*,#9724,.T.);
#9727=ORIENTED_EDGE('',*,*,#9726,.T.);
#9729=ORIENTED_EDGE('',*,*,#9728,.T.);
#9731=ORIENTED_EDGE('',*,*,#9730,.T.);
#9732=EDGE_LOOP('',(#9682,#9684,#9686,#9688,#9690,#9692,#9694,#9696,#9698,#9700,
#9702,#9704,#9706,#9708,#9710,#9712,#9714,#9716,#9718,#9719,#9721,#9723,#9725,
#9727,#9729,#9731));
#9733=FACE_OUTER_BOUND('',#9732,.F.);
#9734=ADVANCED_FACE('',(#9733),#9680,.F.);
#9735=CARTESIAN_POINT('',(0.E0,4.287790070187E1,-9.515261837150E1));
#9736=DIRECTION('',(-1.E0,0.E0,0.E0));
#9737=DIRECTION('',(0.E0,0.E0,-1.E0));
#9738=AXIS2_PLACEMENT_3D('',#9735,#9736,#9737);
#9739=CYLINDRICAL_SURFACE('',#9738,8.125E0);
#9740=ORIENTED_EDGE('',*,*,#6518,.F.);
#9741=ORIENTED_EDGE('',*,*,#6516,.F.);
#9743=ORIENTED_EDGE('',*,*,#9742,.T.);
#9744=ORIENTED_EDGE('',*,*,#9683,.F.);
#9745=ORIENTED_EDGE('',*,*,#9681,.F.);
#9747=ORIENTED_EDGE('',*,*,#9746,.T.);
#9748=EDGE_LOOP('',(#9740,#9741,#9743,#9744,#9745,#9747));
#9749=FACE_OUTER_BOUND('',#9748,.F.);
#9750=ADVANCED_FACE('',(#9749),#9739,.T.);
#9751=CARTESIAN_POINT('',(-1.55E1,4.376519537520E1,-1.052386648300E2));
#9752=DIRECTION('',(1.E0,0.E0,0.E0));
#9753=DIRECTION('',(0.E0,0.E0,1.E0));
#9754=AXIS2_PLACEMENT_3D('',#9751,#9752,#9753);
#9755=CYLINDRICAL_SURFACE('',#9754,2.E0);
#9756=ORIENTED_EDGE('',*,*,#6512,.F.);
#9758=ORIENTED_EDGE('',*,*,#9757,.F.);
#9759=ORIENTED_EDGE('',*,*,#9687,.F.);
#9760=ORIENTED_EDGE('',*,*,#9685,.F.);
#9761=ORIENTED_EDGE('',*,*,#9742,.F.);
#9762=ORIENTED_EDGE('',*,*,#6514,.F.);
#9763=EDGE_LOOP('',(#9756,#9758,#9759,#9760,#9761,#9762));
#9764=FACE_OUTER_BOUND('',#9763,.F.);
#9765=ADVANCED_FACE('',(#9764),#9755,.F.);
#9766=CARTESIAN_POINT('',(-1.55E1,5.153906555819E1,-1.014453229817E2));
#9767=DIRECTION('',(1.E0,0.E0,0.E0));
#9768=DIRECTION('',(0.E0,0.E0,1.E0));
#9769=AXIS2_PLACEMENT_3D('',#9766,#9767,#9768);
#9770=CYLINDRICAL_SURFACE('',#9769,6.65E0);
#9771=ORIENTED_EDGE('',*,*,#9689,.F.);
#9772=ORIENTED_EDGE('',*,*,#9757,.T.);
#9773=ORIENTED_EDGE('',*,*,#6510,.F.);
#9775=ORIENTED_EDGE('',*,*,#9774,.T.);
#9776=EDGE_LOOP('',(#9771,#9772,#9773,#9775));
#9777=FACE_OUTER_BOUND('',#9776,.F.);
#9778=ADVANCED_FACE('',(#9777),#9770,.T.);
#9779=CARTESIAN_POINT('',(-1.55E1,4.569350744426E1,-1.078212111815E2));
#9780=DIRECTION('',(1.E0,0.E0,0.E0));
#9781=DIRECTION('',(0.E0,0.E0,1.E0));
#9782=AXIS2_PLACEMENT_3D('',#9779,#9780,#9781);
#9783=CYLINDRICAL_SURFACE('',#9782,2.E0);
#9784=ORIENTED_EDGE('',*,*,#6508,.F.);
#9786=ORIENTED_EDGE('',*,*,#9785,.T.);
#9787=ORIENTED_EDGE('',*,*,#9691,.F.);
#9788=ORIENTED_EDGE('',*,*,#9774,.F.);
#9789=EDGE_LOOP('',(#9784,#9786,#9787,#9788));
#9790=FACE_OUTER_BOUND('',#9789,.F.);
#9791=ADVANCED_FACE('',(#9790),#9783,.F.);
#9792=CARTESIAN_POINT('',(-1.285712569798E3,4.617157287525E1,
-1.101715728753E2));
#9793=DIRECTION('',(0.E0,7.071067811865E-1,-7.071067811865E-1));
#9794=DIRECTION('',(0.E0,7.071067811865E-1,7.071067811865E-1));
#9795=AXIS2_PLACEMENT_3D('',#9792,#9793,#9794);
#9796=PLANE('',#9795);
#9797=ORIENTED_EDGE('',*,*,#9693,.F.);
#9798=ORIENTED_EDGE('',*,*,#9785,.F.);
#9799=ORIENTED_EDGE('',*,*,#6506,.F.);
#9801=ORIENTED_EDGE('',*,*,#9800,.F.);
#9802=EDGE_LOOP('',(#9797,#9798,#9799,#9801));
#9803=FACE_OUTER_BOUND('',#9802,.F.);
#9804=ADVANCED_FACE('',(#9803),#9796,.F.);
#9805=CARTESIAN_POINT('',(-1.285712569798E3,3.002943725152E1,-1.15E2));
#9806=DIRECTION('',(-1.E0,0.E0,0.E0));
#9807=DIRECTION('',(0.E0,0.E0,-1.E0));
#9808=AXIS2_PLACEMENT_3D('',#9805,#9806,#9807);
#9809=CYLINDRICAL_SURFACE('',#9808,8.E0);
#9810=ORIENTED_EDGE('',*,*,#9800,.T.);
#9811=ORIENTED_EDGE('',*,*,#6504,.F.);
#9813=ORIENTED_EDGE('',*,*,#9812,.T.);
#9814=ORIENTED_EDGE('',*,*,#9695,.F.);
#9815=EDGE_LOOP('',(#9810,#9811,#9813,#9814));
#9816=FACE_OUTER_BOUND('',#9815,.F.);
#9817=ADVANCED_FACE('',(#9816),#9809,.F.);
#9818=CARTESIAN_POINT('',(-6.3002E1,-3.15E1,-1.23E2));
#9819=DIRECTION('',(0.E0,0.E0,1.E0));
#9820=DIRECTION('',(-1.E0,0.E0,0.E0));
#9821=AXIS2_PLACEMENT_3D('',#9818,#9819,#9820);
#9822=PLANE('',#9821);
#9823=ORIENTED_EDGE('',*,*,#9697,.T.);
#9824=ORIENTED_EDGE('',*,*,#9812,.F.);
#9825=ORIENTED_EDGE('',*,*,#6502,.F.);
#9827=ORIENTED_EDGE('',*,*,#9826,.F.);
#9828=EDGE_LOOP('',(#9823,#9824,#9825,#9827));
#9829=FACE_OUTER_BOUND('',#9828,.F.);
#9830=ADVANCED_FACE('',(#9829),#9822,.T.);
#9831=CARTESIAN_POINT('',(-6.3002E1,-3.002943725152E1,-1.15E2));
#9832=DIRECTION('',(-1.E0,0.E0,0.E0));
#9833=DIRECTION('',(0.E0,0.E0,-1.E0));
#9834=AXIS2_PLACEMENT_3D('',#9831,#9832,#9833);
#9835=CYLINDRICAL_SURFACE('',#9834,8.E0);
#9836=ORIENTED_EDGE('',*,*,#6500,.F.);
#9838=ORIENTED_EDGE('',*,*,#9837,.T.);
#9839=ORIENTED_EDGE('',*,*,#9699,.F.);
#9840=ORIENTED_EDGE('',*,*,#9826,.T.);
#9841=EDGE_LOOP('',(#9836,#9838,#9839,#9840));
#9842=FACE_OUTER_BOUND('',#9841,.F.);
#9843=ADVANCED_FACE('',(#9842),#9835,.F.);
#9844=CARTESIAN_POINT('',(-1.55E1,-3.183451455405E1,-1.207220359953E2));
#9845=DIRECTION('',(-1.E0,0.E0,0.E0));
#9846=DIRECTION('',(0.E0,0.E0,-1.E0));
#9847=AXIS2_PLACEMENT_3D('',#9844,#9845,#9846);
#9848=CYLINDRICAL_SURFACE('',#9847,2.E0);
#9849=ORIENTED_EDGE('',*,*,#6498,.F.);
#9851=ORIENTED_EDGE('',*,*,#9850,.F.);
#9852=ORIENTED_EDGE('',*,*,#9701,.F.);
#9853=ORIENTED_EDGE('',*,*,#9837,.F.);
#9854=EDGE_LOOP('',(#9849,#9851,#9852,#9853));
#9855=FACE_OUTER_BOUND('',#9854,.F.);
#9856=ADVANCED_FACE('',(#9855),#9848,.F.);
#9857=CARTESIAN_POINT('',(-1.55E1,-3.816116523517E1,-1.148232233047E2));
#9858=DIRECTION('',(1.E0,0.E0,0.E0));
#9859=DIRECTION('',(0.E0,0.E0,1.E0));
#9860=AXIS2_PLACEMENT_3D('',#9857,#9858,#9859);
#9861=CYLINDRICAL_SURFACE('',#9860,6.65E0);
#9862=ORIENTED_EDGE('',*,*,#6494,.F.);
#9864=ORIENTED_EDGE('',*,*,#9863,.T.);
#9865=ORIENTED_EDGE('',*,*,#9705,.F.);
#9866=ORIENTED_EDGE('',*,*,#9703,.F.);
#9867=ORIENTED_EDGE('',*,*,#9850,.T.);
#9868=ORIENTED_EDGE('',*,*,#6496,.F.);
#9869=EDGE_LOOP('',(#9862,#9864,#9865,#9866,#9867,#9868));
#9870=FACE_OUTER_BOUND('',#9869,.F.);
#9871=ADVANCED_FACE('',(#9870),#9861,.T.);
#9872=CARTESIAN_POINT('',(-1.55E1,-4.453705343499E1,-1.089776651908E2));
#9873=DIRECTION('',(1.E0,0.E0,0.E0));
#9874=DIRECTION('',(0.E0,0.E0,1.E0));
#9875=AXIS2_PLACEMENT_3D('',#9872,#9873,#9874);
#9876=CYLINDRICAL_SURFACE('',#9875,2.E0);
#9877=ORIENTED_EDGE('',*,*,#6492,.F.);
#9878=ORIENTED_EDGE('',*,*,#6490,.F.);
#9880=ORIENTED_EDGE('',*,*,#9879,.T.);
#9881=ORIENTED_EDGE('',*,*,#9709,.F.);
#9882=ORIENTED_EDGE('',*,*,#9707,.F.);
#9883=ORIENTED_EDGE('',*,*,#9863,.F.);
#9884=EDGE_LOOP('',(#9877,#9878,#9880,#9881,#9882,#9883));
#9885=FACE_OUTER_BOUND('',#9884,.F.);
#9886=ADVANCED_FACE('',(#9885),#9876,.F.);
#9887=CARTESIAN_POINT('',(-1.285712569798E3,-4.617157287525E1,
-1.101715728753E2));
#9888=DIRECTION('',(0.E0,-7.071067811865E-1,-7.071067811865E-1));
#9889=DIRECTION('',(0.E0,7.071067811865E-1,-7.071067811865E-1));
#9890=AXIS2_PLACEMENT_3D('',#9887,#9888,#9889);
#9891=PLANE('',#9890);
#9892=ORIENTED_EDGE('',*,*,#6488,.F.);
#9894=ORIENTED_EDGE('',*,*,#9893,.F.);
#9895=ORIENTED_EDGE('',*,*,#9711,.F.);
#9896=ORIENTED_EDGE('',*,*,#9879,.F.);
#9897=EDGE_LOOP('',(#9892,#9894,#9895,#9896));
#9898=FACE_OUTER_BOUND('',#9897,.F.);
#9899=ADVANCED_FACE('',(#9898),#9891,.F.);
#9900=CARTESIAN_POINT('',(-1.55E1,-4.497766519077E1,-1.085370534350E2));
#9901=DIRECTION('',(1.E0,0.E0,0.E0));
#9902=DIRECTION('',(0.E0,0.E0,1.E0));
#9903=AXIS2_PLACEMENT_3D('',#9900,#9901,#9902);
#9904=CYLINDRICAL_SURFACE('',#9903,2.E0);
#9905=ORIENTED_EDGE('',*,*,#6486,.F.);
#9907=ORIENTED_EDGE('',*,*,#9906,.F.);
#9908=ORIENTED_EDGE('',*,*,#9713,.F.);
#9909=ORIENTED_EDGE('',*,*,#9893,.T.);
#9910=EDGE_LOOP('',(#9905,#9907,#9908,#9909));
#9911=FACE_OUTER_BOUND('',#9910,.F.);
#9912=ADVANCED_FACE('',(#9911),#9904,.F.);
#9913=CARTESIAN_POINT('',(-1.55E1,-5.082322330470E1,-1.021611652352E2));
#9914=DIRECTION('',(1.E0,0.E0,0.E0));
#9915=DIRECTION('',(0.E0,0.E0,1.E0));
#9916=AXIS2_PLACEMENT_3D('',#9913,#9914,#9915);
#9917=CYLINDRICAL_SURFACE('',#9916,6.65E0);
#9918=ORIENTED_EDGE('',*,*,#6484,.F.);
#9920=ORIENTED_EDGE('',*,*,#9919,.T.);
#9921=ORIENTED_EDGE('',*,*,#9715,.F.);
#9922=ORIENTED_EDGE('',*,*,#9906,.T.);
#9923=EDGE_LOOP('',(#9918,#9920,#9921,#9922));
#9924=FACE_OUTER_BOUND('',#9923,.F.);
#9925=ADVANCED_FACE('',(#9924),#9917,.T.);
#9926=CARTESIAN_POINT('',(0.E0,-4.275383938582E1,-1.052768582832E2));
#9927=DIRECTION('',(1.E0,0.E0,0.E0));
#9928=DIRECTION('',(0.E0,0.E0,1.E0));
#9929=AXIS2_PLACEMENT_3D('',#9926,#9927,#9928);
#9930=CYLINDRICAL_SURFACE('',#9929,2.E0);
#9931=ORIENTED_EDGE('',*,*,#6482,.F.);
#9932=ORIENTED_EDGE('',*,*,#9668,.F.);
#9933=ORIENTED_EDGE('',*,*,#9717,.F.);
#9934=ORIENTED_EDGE('',*,*,#9919,.F.);
#9935=EDGE_LOOP('',(#9931,#9932,#9933,#9934));
#9936=FACE_OUTER_BOUND('',#9935,.F.);
#9937=ADVANCED_FACE('',(#9936),#9930,.F.);
#9938=CARTESIAN_POINT('',(-1.285712569798E3,3.696085278006E1,
-1.033687104408E2));
#9939=DIRECTION('',(-1.E0,0.E0,0.E0));
#9940=DIRECTION('',(0.E0,0.E0,-1.E0));
#9941=AXIS2_PLACEMENT_3D('',#9938,#9939,#9940);
#9942=CYLINDRICAL_SURFACE('',#9941,2.E0);
#9943=ORIENTED_EDGE('',*,*,#9728,.F.);
#9945=ORIENTED_EDGE('',*,*,#9944,.F.);
#9946=ORIENTED_EDGE('',*,*,#6522,.F.);
#9947=ORIENTED_EDGE('',*,*,#6520,.F.);
#9948=ORIENTED_EDGE('',*,*,#9746,.F.);
#9949=ORIENTED_EDGE('',*,*,#9730,.F.);
#9950=EDGE_LOOP('',(#9943,#9945,#9946,#9947,#9948,#9949));
#9951=FACE_OUTER_BOUND('',#9950,.F.);
#9952=ADVANCED_FACE('',(#9951),#9942,.F.);
#9953=CARTESIAN_POINT('',(-1.285712569798E3,0.E0,-6.4E1));
#9954=DIRECTION('',(1.E0,0.E0,0.E0));
#9955=DIRECTION('',(0.E0,0.E0,1.E0));
#9956=AXIS2_PLACEMENT_3D('',#9953,#9954,#9955);
#9957=CYLINDRICAL_SURFACE('',#9956,5.2E1);
#9958=ORIENTED_EDGE('',*,*,#6526,.F.);
#9959=ORIENTED_EDGE('',*,*,#6524,.F.);
#9960=ORIENTED_EDGE('',*,*,#9944,.T.);
#9961=ORIENTED_EDGE('',*,*,#9726,.F.);
#9962=ORIENTED_EDGE('',*,*,#9724,.F.);
#9964=ORIENTED_EDGE('',*,*,#9963,.T.);
#9965=EDGE_LOOP('',(#9958,#9959,#9960,#9961,#9962,#9964));
#9966=FACE_OUTER_BOUND('',#9965,.F.);
#9967=ADVANCED_FACE('',(#9966),#9957,.T.);
#9968=CARTESIAN_POINT('',(0.E0,-3.696085278006E1,-1.033687104408E2));
#9969=DIRECTION('',(-1.E0,0.E0,0.E0));
#9970=DIRECTION('',(0.E0,0.E0,-1.E0));
#9971=AXIS2_PLACEMENT_3D('',#9968,#9969,#9970);
#9972=CYLINDRICAL_SURFACE('',#9971,2.E0);
#9973=ORIENTED_EDGE('',*,*,#9720,.F.);
#9974=ORIENTED_EDGE('',*,*,#9671,.F.);
#9975=ORIENTED_EDGE('',*,*,#6530,.F.);
#9976=ORIENTED_EDGE('',*,*,#6528,.F.);
#9977=ORIENTED_EDGE('',*,*,#9963,.F.);
#9978=ORIENTED_EDGE('',*,*,#9722,.F.);
#9979=EDGE_LOOP('',(#9973,#9974,#9975,#9976,#9977,#9978));
#9980=FACE_OUTER_BOUND('',#9979,.F.);
#9981=ADVANCED_FACE('',(#9980),#9972,.F.);
#9982=CARTESIAN_POINT('',(0.E0,4.287790070187E1,-9.515261837150E1));
#9983=DIRECTION('',(-1.E0,0.E0,0.E0));
#9984=DIRECTION('',(0.E0,0.E0,-1.E0));
#9985=AXIS2_PLACEMENT_3D('',#9982,#9983,#9984);
#9986=CYLINDRICAL_SURFACE('',#9985,8.125E0);
#9988=ORIENTED_EDGE('',*,*,#9987,.F.);
#9990=ORIENTED_EDGE('',*,*,#9989,.T.);
#9991=ORIENTED_EDGE('',*,*,#6534,.F.);
#9993=ORIENTED_EDGE('',*,*,#9992,.T.);
#9994=EDGE_LOOP('',(#9988,#9990,#9991,#9993));
#9995=FACE_OUTER_BOUND('',#9994,.F.);
#9996=ADVANCED_FACE('',(#9995),#9986,.T.);
#9997=CARTESIAN_POINT('',(-1.3E1,0.E0,-6.5E1));
#9998=DIRECTION('',(-1.E0,0.E0,0.E0));
#9999=DIRECTION('',(0.E0,1.E0,0.E0));
#10000=AXIS2_PLACEMENT_3D('',#9997,#9998,#9999);
#10001=PLANE('',#10000);
#10003=ORIENTED_EDGE('',*,*,#10002,.T.);
#10005=ORIENTED_EDGE('',*,*,#10004,.T.);
#10006=ORIENTED_EDGE('',*,*,#9987,.T.);
#10008=ORIENTED_EDGE('',*,*,#10007,.T.);
#10010=ORIENTED_EDGE('',*,*,#10009,.T.);
#10012=ORIENTED_EDGE('',*,*,#10011,.T.);
#10014=ORIENTED_EDGE('',*,*,#10013,.T.);
#10016=ORIENTED_EDGE('',*,*,#10015,.T.);
#10018=ORIENTED_EDGE('',*,*,#10017,.T.);
#10020=ORIENTED_EDGE('',*,*,#10019,.T.);
#10022=ORIENTED_EDGE('',*,*,#10021,.T.);
#10024=ORIENTED_EDGE('',*,*,#10023,.T.);
#10026=ORIENTED_EDGE('',*,*,#10025,.T.);
#10027=EDGE_LOOP('',(#10003,#10005,#10006,#10008,#10010,#10012,#10014,#10016,
#10018,#10020,#10022,#10024,#10026));
#10028=FACE_OUTER_BOUND('',#10027,.F.);
#10029=ADVANCED_FACE('',(#10028),#10001,.F.);
#10030=CARTESIAN_POINT('',(-1.55E1,5.153906555819E1,-1.014453229817E2));
#10031=DIRECTION('',(1.E0,0.E0,0.E0));
#10032=DIRECTION('',(0.E0,0.E0,1.E0));
#10033=AXIS2_PLACEMENT_3D('',#10030,#10031,#10032);
#10034=CYLINDRICAL_SURFACE('',#10033,6.65E0);
#10035=ORIENTED_EDGE('',*,*,#6538,.F.);
#10037=ORIENTED_EDGE('',*,*,#10036,.T.);
#10038=ORIENTED_EDGE('',*,*,#10002,.F.);
#10040=ORIENTED_EDGE('',*,*,#10039,.T.);
#10041=EDGE_LOOP('',(#10035,#10037,#10038,#10040));
#10042=FACE_OUTER_BOUND('',#10041,.F.);
#10043=ADVANCED_FACE('',(#10042),#10034,.T.);
#10044=CARTESIAN_POINT('',(0.E0,5.274449004295E1,-9.287972599072E1));
#10045=DIRECTION('',(1.E0,0.E0,0.E0));
#10046=DIRECTION('',(0.E0,0.E0,1.E0));
#10047=AXIS2_PLACEMENT_3D('',#10044,#10045,#10046);
#10048=CYLINDRICAL_SURFACE('',#10047,2.E0);
#10049=ORIENTED_EDGE('',*,*,#6536,.F.);
#10050=ORIENTED_EDGE('',*,*,#9989,.F.);
#10051=ORIENTED_EDGE('',*,*,#10004,.F.);
#10052=ORIENTED_EDGE('',*,*,#10036,.F.);
#10053=EDGE_LOOP('',(#10049,#10050,#10051,#10052));
#10054=FACE_OUTER_BOUND('',#10053,.F.);
#10055=ADVANCED_FACE('',(#10054),#10048,.F.);
#10056=CARTESIAN_POINT('',(-1.55E1,5.696172318814E1,-9.470608829009E1));
#10057=DIRECTION('',(-1.E0,0.E0,0.E0));
#10058=DIRECTION('',(0.E0,0.E0,-1.E0));
#10059=AXIS2_PLACEMENT_3D('',#10056,#10057,#10058);
#10060=CYLINDRICAL_SURFACE('',#10059,2.E0);
#10061=ORIENTED_EDGE('',*,*,#6542,.F.);
#10062=ORIENTED_EDGE('',*,*,#6540,.F.);
#10063=ORIENTED_EDGE('',*,*,#10039,.F.);
#10064=ORIENTED_EDGE('',*,*,#10025,.F.);
#10065=ORIENTED_EDGE('',*,*,#10023,.F.);
#10067=ORIENTED_EDGE('',*,*,#10066,.F.);
#10068=EDGE_LOOP('',(#10061,#10062,#10063,#10064,#10065,#10067));
#10069=FACE_OUTER_BOUND('',#10068,.F.);
#10070=ADVANCED_FACE('',(#10069),#10060,.F.);
#10071=CARTESIAN_POINT('',(-6.3002E1,5.1E1,-9.402943725152E1));
#10072=DIRECTION('',(1.E0,0.E0,0.E0));
#10073=DIRECTION('',(0.E0,0.E0,1.E0));
#10074=AXIS2_PLACEMENT_3D('',#10071,#10072,#10073);
#10075=CYLINDRICAL_SURFACE('',#10074,8.E0);
#10076=ORIENTED_EDGE('',*,*,#6544,.F.);
#10077=ORIENTED_EDGE('',*,*,#10066,.T.);
#10078=ORIENTED_EDGE('',*,*,#10021,.F.);
#10080=ORIENTED_EDGE('',*,*,#10079,.T.);
#10081=EDGE_LOOP('',(#10076,#10077,#10078,#10080));
#10082=FACE_OUTER_BOUND('',#10081,.F.);
#10083=ADVANCED_FACE('',(#10082),#10075,.F.);
#10084=CARTESIAN_POINT('',(-6.3002E1,5.9E1,-8.85E1));
#10085=DIRECTION('',(0.E0,1.E0,0.E0));
#10086=DIRECTION('',(0.E0,0.E0,1.E0));
#10087=AXIS2_PLACEMENT_3D('',#10084,#10085,#10086);
#10088=PLANE('',#10087);
#10089=ORIENTED_EDGE('',*,*,#10019,.F.);
#10091=ORIENTED_EDGE('',*,*,#10090,.F.);
#10092=ORIENTED_EDGE('',*,*,#6546,.T.);
#10093=ORIENTED_EDGE('',*,*,#10079,.F.);
#10094=EDGE_LOOP('',(#10089,#10091,#10092,#10093));
#10095=FACE_OUTER_BOUND('',#10094,.F.);
#10096=ADVANCED_FACE('',(#10095),#10088,.F.);
#10097=CARTESIAN_POINT('',(0.E0,5.7E1,-7.330137758614E1));
#10098=DIRECTION('',(-1.E0,0.E0,0.E0));
#10099=DIRECTION('',(0.E0,0.E0,-1.E0));
#10100=AXIS2_PLACEMENT_3D('',#10097,#10098,#10099);
#10101=CYLINDRICAL_SURFACE('',#10100,2.E0);
#10102=ORIENTED_EDGE('',*,*,#6548,.F.);
#10103=ORIENTED_EDGE('',*,*,#10090,.T.);
#10104=ORIENTED_EDGE('',*,*,#10017,.F.);
#10105=ORIENTED_EDGE('',*,*,#10015,.F.);
#10107=ORIENTED_EDGE('',*,*,#10106,.F.);
#10108=ORIENTED_EDGE('',*,*,#6550,.F.);
#10109=EDGE_LOOP('',(#10102,#10103,#10104,#10105,#10107,#10108));
#10110=FACE_OUTER_BOUND('',#10109,.F.);
#10111=ADVANCED_FACE('',(#10110),#10101,.F.);
#10112=CARTESIAN_POINT('',(0.E0,5.3E1,-6.4E1));
#10113=DIRECTION('',(-1.E0,0.E0,0.E0));
#10114=DIRECTION('',(0.E0,0.E0,-1.E0));
#10115=AXIS2_PLACEMENT_3D('',#10112,#10113,#10114);
#10116=CYLINDRICAL_SURFACE('',#10115,8.125E0);
#10117=ORIENTED_EDGE('',*,*,#10013,.F.);
#10119=ORIENTED_EDGE('',*,*,#10118,.T.);
#10120=ORIENTED_EDGE('',*,*,#6552,.F.);
#10121=ORIENTED_EDGE('',*,*,#10106,.T.);
#10122=EDGE_LOOP('',(#10117,#10119,#10120,#10121));
#10123=FACE_OUTER_BOUND('',#10122,.F.);
#10124=ADVANCED_FACE('',(#10123),#10116,.T.);
#10125=CARTESIAN_POINT('',(-1.285712569798E3,5.304230542453E1,
-7.412491161695E1));
#10126=DIRECTION('',(-1.E0,0.E0,0.E0));
#10127=DIRECTION('',(0.E0,0.E0,-1.E0));
#10128=AXIS2_PLACEMENT_3D('',#10125,#10126,#10127);
#10129=CYLINDRICAL_SURFACE('',#10128,2.E0);
#10130=ORIENTED_EDGE('',*,*,#10011,.F.);
#10132=ORIENTED_EDGE('',*,*,#10131,.F.);
#10133=ORIENTED_EDGE('',*,*,#6554,.F.);
#10134=ORIENTED_EDGE('',*,*,#10118,.F.);
#10135=EDGE_LOOP('',(#10130,#10132,#10133,#10134));
#10136=FACE_OUTER_BOUND('',#10135,.F.);
#10137=ADVANCED_FACE('',(#10136),#10129,.F.);
#10138=CARTESIAN_POINT('',(-1.285712569798E3,0.E0,-6.4E1));
#10139=DIRECTION('',(1.E0,0.E0,0.E0));
#10140=DIRECTION('',(0.E0,0.E0,1.E0));
#10141=AXIS2_PLACEMENT_3D('',#10138,#10139,#10140);
#10142=CYLINDRICAL_SURFACE('',#10141,5.2E1);
#10143=ORIENTED_EDGE('',*,*,#10009,.F.);
#10145=ORIENTED_EDGE('',*,*,#10144,.T.);
#10146=ORIENTED_EDGE('',*,*,#6556,.F.);
#10147=ORIENTED_EDGE('',*,*,#10131,.T.);
#10148=EDGE_LOOP('',(#10143,#10145,#10146,#10147));
#10149=FACE_OUTER_BOUND('',#10148,.F.);
#10150=ADVANCED_FACE('',(#10149),#10142,.T.);
#10151=CARTESIAN_POINT('',(0.E0,4.886340023848E1,-8.698625931147E1));
#10152=DIRECTION('',(-1.E0,0.E0,0.E0));
#10153=DIRECTION('',(0.E0,0.E0,-1.E0));
#10154=AXIS2_PLACEMENT_3D('',#10151,#10152,#10153);
#10155=CYLINDRICAL_SURFACE('',#10154,2.E0);
#10156=ORIENTED_EDGE('',*,*,#10007,.F.);
#10157=ORIENTED_EDGE('',*,*,#9992,.F.);
#10158=ORIENTED_EDGE('',*,*,#6558,.F.);
#10159=ORIENTED_EDGE('',*,*,#10144,.F.);
#10160=EDGE_LOOP('',(#10156,#10157,#10158,#10159));
#10161=FACE_OUTER_BOUND('',#10160,.F.);
#10162=ADVANCED_FACE('',(#10161),#10155,.F.);
#10163=CARTESIAN_POINT('',(-2.500000125629E-1,-3.816116523517E1,
-1.148232233047E2));
#10164=DIRECTION('',(1.E0,0.E0,0.E0));
#10165=DIRECTION('',(0.E0,0.E0,-1.E0));
#10166=AXIS2_PLACEMENT_3D('',#10163,#10164,#10165);
#10167=CONICAL_SURFACE('',#10166,2.349999987437E0,4.5E1);
#10168=ORIENTED_EDGE('',*,*,#6562,.T.);
#10170=ORIENTED_EDGE('',*,*,#10169,.T.);
#10172=ORIENTED_EDGE('',*,*,#10171,.F.);
#10174=ORIENTED_EDGE('',*,*,#10173,.F.);
#10175=EDGE_LOOP('',(#10168,#10170,#10172,#10174));
#10176=FACE_OUTER_BOUND('',#10175,.F.);
#10177=ADVANCED_FACE('',(#10176),#10167,.F.);
#10178=CARTESIAN_POINT('',(-2.500000125629E-1,-3.816116523517E1,
-1.148232233047E2));
#10179=DIRECTION('',(1.E0,0.E0,0.E0));
#10180=DIRECTION('',(0.E0,0.E0,-1.E0));
#10181=AXIS2_PLACEMENT_3D('',#10178,#10179,#10180);
#10182=CONICAL_SURFACE('',#10181,2.349999987437E0,4.5E1);
#10183=ORIENTED_EDGE('',*,*,#6564,.T.);
#10184=ORIENTED_EDGE('',*,*,#10173,.T.);
#10186=ORIENTED_EDGE('',*,*,#10185,.F.);
#10187=ORIENTED_EDGE('',*,*,#10169,.F.);
#10188=EDGE_LOOP('',(#10183,#10184,#10186,#10187));
#10189=FACE_OUTER_BOUND('',#10188,.F.);
#10190=ADVANCED_FACE('',(#10189),#10182,.F.);
#10191=CARTESIAN_POINT('',(0.E0,-3.816116523517E1,-1.148232233047E2));
#10192=DIRECTION('',(-1.E0,0.E0,0.E0));
#10193=DIRECTION('',(0.E0,0.E0,1.E0));
#10194=AXIS2_PLACEMENT_3D('',#10191,#10192,#10193);
#10195=CYLINDRICAL_SURFACE('',#10194,2.1E0);
#10196=ORIENTED_EDGE('',*,*,#10185,.T.);
#10198=ORIENTED_EDGE('',*,*,#10197,.F.);
#10200=ORIENTED_EDGE('',*,*,#10199,.T.);
#10202=ORIENTED_EDGE('',*,*,#10201,.T.);
#10203=EDGE_LOOP('',(#10196,#10198,#10200,#10202));
#10204=FACE_OUTER_BOUND('',#10203,.F.);
#10205=ADVANCED_FACE('',(#10204),#10195,.F.);
#10206=CARTESIAN_POINT('',(0.E0,-3.816116523517E1,-1.148232233047E2));
#10207=DIRECTION('',(-1.E0,0.E0,0.E0));
#10208=DIRECTION('',(0.E0,0.E0,1.E0));
#10209=AXIS2_PLACEMENT_3D('',#10206,#10207,#10208);
#10210=CYLINDRICAL_SURFACE('',#10209,2.1E0);
#10211=ORIENTED_EDGE('',*,*,#10171,.T.);
#10212=ORIENTED_EDGE('',*,*,#10201,.F.);
#10214=ORIENTED_EDGE('',*,*,#10213,.T.);
#10215=ORIENTED_EDGE('',*,*,#10197,.T.);
#10216=EDGE_LOOP('',(#10211,#10212,#10214,#10215));
#10217=FACE_OUTER_BOUND('',#10216,.F.);
#10218=ADVANCED_FACE('',(#10217),#10210,.F.);
#10219=CARTESIAN_POINT('',(-1.524999998744E1,-3.816116523517E1,
-1.148232233047E2));
#10220=DIRECTION('',(-1.E0,0.E0,0.E0));
#10221=DIRECTION('',(0.E0,0.E0,-1.E0));
#10222=AXIS2_PLACEMENT_3D('',#10219,#10220,#10221);
#10223=CONICAL_SURFACE('',#10222,2.349999987437E0,4.5E1);
#10224=ORIENTED_EDGE('',*,*,#5945,.T.);
#10226=ORIENTED_EDGE('',*,*,#10225,.T.);
#10227=ORIENTED_EDGE('',*,*,#10213,.F.);
#10229=ORIENTED_EDGE('',*,*,#10228,.F.);
#10230=EDGE_LOOP('',(#10224,#10226,#10227,#10229));
#10231=FACE_OUTER_BOUND('',#10230,.F.);
#10232=ADVANCED_FACE('',(#10231),#10223,.F.);
#10233=CARTESIAN_POINT('',(-1.524999998744E1,-3.816116523517E1,
-1.148232233047E2));
#10234=DIRECTION('',(-1.E0,0.E0,0.E0));
#10235=DIRECTION('',(0.E0,0.E0,-1.E0));
#10236=AXIS2_PLACEMENT_3D('',#10233,#10234,#10235);
#10237=CONICAL_SURFACE('',#10236,2.349999987437E0,4.5E1);
#10238=ORIENTED_EDGE('',*,*,#5943,.T.);
#10239=ORIENTED_EDGE('',*,*,#10228,.T.);
#10240=ORIENTED_EDGE('',*,*,#10199,.F.);
#10241=ORIENTED_EDGE('',*,*,#10225,.F.);
#10242=EDGE_LOOP('',(#10238,#10239,#10240,#10241));
#10243=FACE_OUTER_BOUND('',#10242,.F.);
#10244=ADVANCED_FACE('',(#10243),#10237,.F.);
#10245=CARTESIAN_POINT('',(-2.500000125629E-1,5.153906555819E1,
-1.014453229817E2));
#10246=DIRECTION('',(1.E0,0.E0,0.E0));
#10247=DIRECTION('',(0.E0,0.E0,-1.E0));
#10248=AXIS2_PLACEMENT_3D('',#10245,#10246,#10247);
#10249=CONICAL_SURFACE('',#10248,2.349999987437E0,4.5E1);
#10250=ORIENTED_EDGE('',*,*,#6568,.T.);
#10252=ORIENTED_EDGE('',*,*,#10251,.T.);
#10254=ORIENTED_EDGE('',*,*,#10253,.F.);
#10256=ORIENTED_EDGE('',*,*,#10255,.F.);
#10257=EDGE_LOOP('',(#10250,#10252,#10254,#10256));
#10258=FACE_OUTER_BOUND('',#10257,.F.);
#10259=ADVANCED_FACE('',(#10258),#10249,.F.);
#10260=CARTESIAN_POINT('',(-2.500000125629E-1,5.153906555819E1,
-1.014453229817E2));
#10261=DIRECTION('',(1.E0,0.E0,0.E0));
#10262=DIRECTION('',(0.E0,0.E0,-1.E0));
#10263=AXIS2_PLACEMENT_3D('',#10260,#10261,#10262);
#10264=CONICAL_SURFACE('',#10263,2.349999987437E0,4.5E1);
#10265=ORIENTED_EDGE('',*,*,#6570,.T.);
#10266=ORIENTED_EDGE('',*,*,#10255,.T.);
#10268=ORIENTED_EDGE('',*,*,#10267,.F.);
#10269=ORIENTED_EDGE('',*,*,#10251,.F.);
#10270=EDGE_LOOP('',(#10265,#10266,#10268,#10269));
#10271=FACE_OUTER_BOUND('',#10270,.F.);
#10272=ADVANCED_FACE('',(#10271),#10264,.F.);
#10273=CARTESIAN_POINT('',(0.E0,5.153906555819E1,-1.014453229817E2));
#10274=DIRECTION('',(-1.E0,0.E0,0.E0));
#10275=DIRECTION('',(0.E0,0.E0,1.E0));
#10276=AXIS2_PLACEMENT_3D('',#10273,#10274,#10275);
#10277=CYLINDRICAL_SURFACE('',#10276,2.1E0);
#10278=ORIENTED_EDGE('',*,*,#10267,.T.);
#10280=ORIENTED_EDGE('',*,*,#10279,.F.);
#10282=ORIENTED_EDGE('',*,*,#10281,.T.);
#10284=ORIENTED_EDGE('',*,*,#10283,.T.);
#10285=EDGE_LOOP('',(#10278,#10280,#10282,#10284));
#10286=FACE_OUTER_BOUND('',#10285,.F.);
#10287=ADVANCED_FACE('',(#10286),#10277,.F.);
#10288=CARTESIAN_POINT('',(0.E0,5.153906555819E1,-1.014453229817E2));
#10289=DIRECTION('',(-1.E0,0.E0,0.E0));
#10290=DIRECTION('',(0.E0,0.E0,1.E0));
#10291=AXIS2_PLACEMENT_3D('',#10288,#10289,#10290);
#10292=CYLINDRICAL_SURFACE('',#10291,2.1E0);
#10293=ORIENTED_EDGE('',*,*,#10253,.T.);
#10294=ORIENTED_EDGE('',*,*,#10283,.F.);
#10296=ORIENTED_EDGE('',*,*,#10295,.T.);
#10297=ORIENTED_EDGE('',*,*,#10279,.T.);
#10298=EDGE_LOOP('',(#10293,#10294,#10296,#10297));
#10299=FACE_OUTER_BOUND('',#10298,.F.);
#10300=ADVANCED_FACE('',(#10299),#10292,.F.);
#10301=CARTESIAN_POINT('',(-1.524999998744E1,5.153906555819E1,
-1.014453229817E2));
#10302=DIRECTION('',(-1.E0,0.E0,0.E0));
#10303=DIRECTION('',(0.E0,0.E0,-1.E0));
#10304=AXIS2_PLACEMENT_3D('',#10301,#10302,#10303);
#10305=CONICAL_SURFACE('',#10304,2.349999987437E0,4.5E1);
#10306=ORIENTED_EDGE('',*,*,#5951,.T.);
#10308=ORIENTED_EDGE('',*,*,#10307,.T.);
#10309=ORIENTED_EDGE('',*,*,#10295,.F.);
#10311=ORIENTED_EDGE('',*,*,#10310,.F.);
#10312=EDGE_LOOP('',(#10306,#10308,#10309,#10311));
#10313=FACE_OUTER_BOUND('',#10312,.F.);
#10314=ADVANCED_FACE('',(#10313),#10305,.F.);
#10315=CARTESIAN_POINT('',(-1.524999998744E1,5.153906555819E1,
-1.014453229817E2));
#10316=DIRECTION('',(-1.E0,0.E0,0.E0));
#10317=DIRECTION('',(0.E0,0.E0,-1.E0));
#10318=AXIS2_PLACEMENT_3D('',#10315,#10316,#10317);
#10319=CONICAL_SURFACE('',#10318,2.349999987437E0,4.5E1);
#10320=ORIENTED_EDGE('',*,*,#5949,.T.);
#10321=ORIENTED_EDGE('',*,*,#10310,.T.);
#10322=ORIENTED_EDGE('',*,*,#10281,.F.);
#10323=ORIENTED_EDGE('',*,*,#10307,.F.);
#10324=EDGE_LOOP('',(#10320,#10321,#10322,#10323));
#10325=FACE_OUTER_BOUND('',#10324,.F.);
#10326=ADVANCED_FACE('',(#10325),#10319,.F.);
#10327=CARTESIAN_POINT('',(-2.500000125629E-1,-5.082322330470E1,
-1.021611652352E2));
#10328=DIRECTION('',(1.E0,0.E0,0.E0));
#10329=DIRECTION('',(0.E0,0.E0,-1.E0));
#10330=AXIS2_PLACEMENT_3D('',#10327,#10328,#10329);
#10331=CONICAL_SURFACE('',#10330,2.349999987437E0,4.5E1);
#10332=ORIENTED_EDGE('',*,*,#6574,.T.);
#10334=ORIENTED_EDGE('',*,*,#10333,.T.);
#10336=ORIENTED_EDGE('',*,*,#10335,.F.);
#10338=ORIENTED_EDGE('',*,*,#10337,.F.);
#10339=EDGE_LOOP('',(#10332,#10334,#10336,#10338));
#10340=FACE_OUTER_BOUND('',#10339,.F.);
#10341=ADVANCED_FACE('',(#10340),#10331,.F.);
#10342=CARTESIAN_POINT('',(-2.500000125629E-1,-5.082322330470E1,
-1.021611652352E2));
#10343=DIRECTION('',(1.E0,0.E0,0.E0));
#10344=DIRECTION('',(0.E0,0.E0,-1.E0));
#10345=AXIS2_PLACEMENT_3D('',#10342,#10343,#10344);
#10346=CONICAL_SURFACE('',#10345,2.349999987437E0,4.5E1);
#10347=ORIENTED_EDGE('',*,*,#6576,.T.);
#10348=ORIENTED_EDGE('',*,*,#10337,.T.);
#10350=ORIENTED_EDGE('',*,*,#10349,.F.);
#10351=ORIENTED_EDGE('',*,*,#10333,.F.);
#10352=EDGE_LOOP('',(#10347,#10348,#10350,#10351));
#10353=FACE_OUTER_BOUND('',#10352,.F.);
#10354=ADVANCED_FACE('',(#10353),#10346,.F.);
#10355=CARTESIAN_POINT('',(0.E0,-5.082322330470E1,-1.021611652352E2));
#10356=DIRECTION('',(-1.E0,0.E0,0.E0));
#10357=DIRECTION('',(0.E0,0.E0,1.E0));
#10358=AXIS2_PLACEMENT_3D('',#10355,#10356,#10357);
#10359=CYLINDRICAL_SURFACE('',#10358,2.1E0);
#10360=ORIENTED_EDGE('',*,*,#10349,.T.);
#10362=ORIENTED_EDGE('',*,*,#10361,.F.);
#10364=ORIENTED_EDGE('',*,*,#10363,.T.);
#10366=ORIENTED_EDGE('',*,*,#10365,.T.);
#10367=EDGE_LOOP('',(#10360,#10362,#10364,#10366));
#10368=FACE_OUTER_BOUND('',#10367,.F.);
#10369=ADVANCED_FACE('',(#10368),#10359,.F.);
#10370=CARTESIAN_POINT('',(0.E0,-5.082322330470E1,-1.021611652352E2));
#10371=DIRECTION('',(-1.E0,0.E0,0.E0));
#10372=DIRECTION('',(0.E0,0.E0,1.E0));
#10373=AXIS2_PLACEMENT_3D('',#10370,#10371,#10372);
#10374=CYLINDRICAL_SURFACE('',#10373,2.1E0);
#10375=ORIENTED_EDGE('',*,*,#10335,.T.);
#10376=ORIENTED_EDGE('',*,*,#10365,.F.);
#10378=ORIENTED_EDGE('',*,*,#10377,.T.);
#10379=ORIENTED_EDGE('',*,*,#10361,.T.);
#10380=EDGE_LOOP('',(#10375,#10376,#10378,#10379));
#10381=FACE_OUTER_BOUND('',#10380,.F.);
#10382=ADVANCED_FACE('',(#10381),#10374,.F.);
#10383=CARTESIAN_POINT('',(-1.524999998744E1,-5.082322330470E1,
-1.021611652352E2));
#10384=DIRECTION('',(-1.E0,0.E0,0.E0));
#10385=DIRECTION('',(0.E0,0.E0,-1.E0));
#10386=AXIS2_PLACEMENT_3D('',#10383,#10384,#10385);
#10387=CONICAL_SURFACE('',#10386,2.349999987437E0,4.5E1);
#10388=ORIENTED_EDGE('',*,*,#5939,.T.);
#10390=ORIENTED_EDGE('',*,*,#10389,.T.);
#10391=ORIENTED_EDGE('',*,*,#10377,.F.);
#10393=ORIENTED_EDGE('',*,*,#10392,.F.);
#10394=EDGE_LOOP('',(#10388,#10390,#10391,#10393));
#10395=FACE_OUTER_BOUND('',#10394,.F.);
#10396=ADVANCED_FACE('',(#10395),#10387,.F.);
#10397=CARTESIAN_POINT('',(-1.524999998744E1,-5.082322330470E1,
-1.021611652352E2));
#10398=DIRECTION('',(-1.E0,0.E0,0.E0));
#10399=DIRECTION('',(0.E0,0.E0,-1.E0));
#10400=AXIS2_PLACEMENT_3D('',#10397,#10398,#10399);
#10401=CONICAL_SURFACE('',#10400,2.349999987437E0,4.5E1);
#10402=ORIENTED_EDGE('',*,*,#5937,.T.);
#10403=ORIENTED_EDGE('',*,*,#10392,.T.);
#10404=ORIENTED_EDGE('',*,*,#10363,.F.);
#10405=ORIENTED_EDGE('',*,*,#10389,.F.);
#10406=EDGE_LOOP('',(#10402,#10403,#10404,#10405));
#10407=FACE_OUTER_BOUND('',#10406,.F.);
#10408=ADVANCED_FACE('',(#10407),#10401,.F.);
#10409=CARTESIAN_POINT('',(-4.7E1,3.7E1,-2.500000125628E-1));
#10410=DIRECTION('',(0.E0,0.E0,1.E0));
#10411=DIRECTION('',(0.E0,-1.E0,0.E0));
#10412=AXIS2_PLACEMENT_3D('',#10409,#10410,#10411);
#10413=CONICAL_SURFACE('',#10412,2.349999987437E0,4.5E1);
#10414=ORIENTED_EDGE('',*,*,#6230,.T.);
#10416=ORIENTED_EDGE('',*,*,#10415,.T.);
#10418=ORIENTED_EDGE('',*,*,#10417,.F.);
#10420=ORIENTED_EDGE('',*,*,#10419,.F.);
#10421=EDGE_LOOP('',(#10414,#10416,#10418,#10420));
#10422=FACE_OUTER_BOUND('',#10421,.F.);
#10423=ADVANCED_FACE('',(#10422),#10413,.F.);
#10424=CARTESIAN_POINT('',(-4.7E1,3.7E1,-2.500000125624E-1));
#10425=DIRECTION('',(0.E0,0.E0,1.E0));
#10426=DIRECTION('',(0.E0,-1.E0,0.E0));
#10427=AXIS2_PLACEMENT_3D('',#10424,#10425,#10426);
#10428=CONICAL_SURFACE('',#10427,2.349999987438E0,4.5E1);
#10429=ORIENTED_EDGE('',*,*,#6232,.T.);
#10430=ORIENTED_EDGE('',*,*,#10419,.T.);
#10432=ORIENTED_EDGE('',*,*,#10431,.F.);
#10433=ORIENTED_EDGE('',*,*,#10415,.F.);
#10434=EDGE_LOOP('',(#10429,#10430,#10432,#10433));
#10435=FACE_OUTER_BOUND('',#10434,.F.);
#10436=ADVANCED_FACE('',(#10435),#10428,.F.);
#10437=CARTESIAN_POINT('',(-4.7E1,3.7E1,0.E0));
#10438=DIRECTION('',(0.E0,0.E0,-1.E0));
#10439=DIRECTION('',(-1.E0,0.E0,0.E0));
#10440=AXIS2_PLACEMENT_3D('',#10437,#10438,#10439);
#10441=CYLINDRICAL_SURFACE('',#10440,2.1E0);
#10442=ORIENTED_EDGE('',*,*,#10431,.T.);
#10444=ORIENTED_EDGE('',*,*,#10443,.F.);
#10445=ORIENTED_EDGE('',*,*,#5729,.T.);
#10447=ORIENTED_EDGE('',*,*,#10446,.T.);
#10448=EDGE_LOOP('',(#10442,#10444,#10445,#10447));
#10449=FACE_OUTER_BOUND('',#10448,.F.);
#10450=ADVANCED_FACE('',(#10449),#10441,.F.);
#10451=CARTESIAN_POINT('',(-4.7E1,3.7E1,0.E0));
#10452=DIRECTION('',(0.E0,0.E0,-1.E0));
#10453=DIRECTION('',(-1.E0,0.E0,0.E0));
#10454=AXIS2_PLACEMENT_3D('',#10451,#10452,#10453);
#10455=CYLINDRICAL_SURFACE('',#10454,2.1E0);
#10456=ORIENTED_EDGE('',*,*,#10417,.T.);
#10457=ORIENTED_EDGE('',*,*,#10446,.F.);
#10458=ORIENTED_EDGE('',*,*,#5731,.F.);
#10459=ORIENTED_EDGE('',*,*,#10443,.T.);
#10460=EDGE_LOOP('',(#10456,#10457,#10458,#10459));
#10461=FACE_OUTER_BOUND('',#10460,.F.);
#10462=ADVANCED_FACE('',(#10461),#10455,.F.);
#10463=CARTESIAN_POINT('',(-2.4E1,3.7E1,-2.500000125628E-1));
#10464=DIRECTION('',(0.E0,0.E0,1.E0));
#10465=DIRECTION('',(0.E0,-1.E0,0.E0));
#10466=AXIS2_PLACEMENT_3D('',#10463,#10464,#10465);
#10467=CONICAL_SURFACE('',#10466,2.349999987437E0,4.5E1);
#10468=ORIENTED_EDGE('',*,*,#6236,.T.);
#10470=ORIENTED_EDGE('',*,*,#10469,.T.);
#10472=ORIENTED_EDGE('',*,*,#10471,.F.);
#10474=ORIENTED_EDGE('',*,*,#10473,.F.);
#10475=EDGE_LOOP('',(#10468,#10470,#10472,#10474));
#10476=FACE_OUTER_BOUND('',#10475,.F.);
#10477=ADVANCED_FACE('',(#10476),#10467,.F.);
#10478=CARTESIAN_POINT('',(-2.4E1,3.7E1,-2.500000125625E-1));
#10479=DIRECTION('',(0.E0,0.E0,1.E0));
#10480=DIRECTION('',(0.E0,-1.E0,0.E0));
#10481=AXIS2_PLACEMENT_3D('',#10478,#10479,#10480);
#10482=CONICAL_SURFACE('',#10481,2.349999987438E0,4.5E1);
#10483=ORIENTED_EDGE('',*,*,#6238,.T.);
#10484=ORIENTED_EDGE('',*,*,#10473,.T.);
#10486=ORIENTED_EDGE('',*,*,#10485,.F.);
#10487=ORIENTED_EDGE('',*,*,#10469,.F.);
#10488=EDGE_LOOP('',(#10483,#10484,#10486,#10487));
#10489=FACE_OUTER_BOUND('',#10488,.F.);
#10490=ADVANCED_FACE('',(#10489),#10482,.F.);
#10491=CARTESIAN_POINT('',(-2.4E1,3.7E1,0.E0));
#10492=DIRECTION('',(0.E0,0.E0,-1.E0));
#10493=DIRECTION('',(-1.E0,0.E0,0.E0));
#10494=AXIS2_PLACEMENT_3D('',#10491,#10492,#10493);
#10495=CYLINDRICAL_SURFACE('',#10494,2.1E0);
#10496=ORIENTED_EDGE('',*,*,#10485,.T.);
#10498=ORIENTED_EDGE('',*,*,#10497,.F.);
#10499=ORIENTED_EDGE('',*,*,#5741,.T.);
#10501=ORIENTED_EDGE('',*,*,#10500,.T.);
#10502=EDGE_LOOP('',(#10496,#10498,#10499,#10501));
#10503=FACE_OUTER_BOUND('',#10502,.F.);
#10504=ADVANCED_FACE('',(#10503),#10495,.F.);
#10505=CARTESIAN_POINT('',(-2.4E1,3.7E1,0.E0));
#10506=DIRECTION('',(0.E0,0.E0,-1.E0));
#10507=DIRECTION('',(-1.E0,0.E0,0.E0));
#10508=AXIS2_PLACEMENT_3D('',#10505,#10506,#10507);
#10509=CYLINDRICAL_SURFACE('',#10508,2.1E0);
#10510=ORIENTED_EDGE('',*,*,#10471,.T.);
#10511=ORIENTED_EDGE('',*,*,#10500,.F.);
#10512=ORIENTED_EDGE('',*,*,#5743,.F.);
#10513=ORIENTED_EDGE('',*,*,#10497,.T.);
#10514=EDGE_LOOP('',(#10510,#10511,#10512,#10513));
#10515=FACE_OUTER_BOUND('',#10514,.F.);
#10516=ADVANCED_FACE('',(#10515),#10509,.F.);
#10517=CARTESIAN_POINT('',(-4.7E1,-3.7E1,-2.500000125630E-1));
#10518=DIRECTION('',(0.E0,0.E0,1.E0));
#10519=DIRECTION('',(0.E0,-1.E0,0.E0));
#10520=AXIS2_PLACEMENT_3D('',#10517,#10518,#10519);
#10521=CONICAL_SURFACE('',#10520,2.349999987437E0,4.5E1);
#10522=ORIENTED_EDGE('',*,*,#6248,.T.);
#10524=ORIENTED_EDGE('',*,*,#10523,.T.);
#10526=ORIENTED_EDGE('',*,*,#10525,.F.);
#10528=ORIENTED_EDGE('',*,*,#10527,.F.);
#10529=EDGE_LOOP('',(#10522,#10524,#10526,#10528));
#10530=FACE_OUTER_BOUND('',#10529,.F.);
#10531=ADVANCED_FACE('',(#10530),#10521,.F.);
#10532=CARTESIAN_POINT('',(-4.7E1,-3.7E1,-2.500000125633E-1));
#10533=DIRECTION('',(0.E0,0.E0,1.E0));
#10534=DIRECTION('',(0.E0,-1.E0,0.E0));
#10535=AXIS2_PLACEMENT_3D('',#10532,#10533,#10534);
#10536=CONICAL_SURFACE('',#10535,2.349999987437E0,4.5E1);
#10537=ORIENTED_EDGE('',*,*,#6250,.T.);
#10538=ORIENTED_EDGE('',*,*,#10527,.T.);
#10540=ORIENTED_EDGE('',*,*,#10539,.F.);
#10541=ORIENTED_EDGE('',*,*,#10523,.F.);
#10542=EDGE_LOOP('',(#10537,#10538,#10540,#10541));
#10543=FACE_OUTER_BOUND('',#10542,.F.);
#10544=ADVANCED_FACE('',(#10543),#10536,.F.);
#10545=CARTESIAN_POINT('',(-4.7E1,-3.7E1,0.E0));
#10546=DIRECTION('',(0.E0,0.E0,-1.E0));
#10547=DIRECTION('',(-1.E0,0.E0,0.E0));
#10548=AXIS2_PLACEMENT_3D('',#10545,#10546,#10547);
#10549=CYLINDRICAL_SURFACE('',#10548,2.1E0);
#10550=ORIENTED_EDGE('',*,*,#10539,.T.);
#10552=ORIENTED_EDGE('',*,*,#10551,.F.);
#10553=ORIENTED_EDGE('',*,*,#5747,.F.);
#10555=ORIENTED_EDGE('',*,*,#10554,.T.);
#10556=EDGE_LOOP('',(#10550,#10552,#10553,#10555));
#10557=FACE_OUTER_BOUND('',#10556,.F.);
#10558=ADVANCED_FACE('',(#10557),#10549,.F.);
#10559=CARTESIAN_POINT('',(-4.7E1,-3.7E1,0.E0));
#10560=DIRECTION('',(0.E0,0.E0,-1.E0));
#10561=DIRECTION('',(-1.E0,0.E0,0.E0));
#10562=AXIS2_PLACEMENT_3D('',#10559,#10560,#10561);
#10563=CYLINDRICAL_SURFACE('',#10562,2.1E0);
#10564=ORIENTED_EDGE('',*,*,#10525,.T.);
#10565=ORIENTED_EDGE('',*,*,#10554,.F.);
#10566=ORIENTED_EDGE('',*,*,#5749,.T.);
#10567=ORIENTED_EDGE('',*,*,#10551,.T.);
#10568=EDGE_LOOP('',(#10564,#10565,#10566,#10567));
#10569=FACE_OUTER_BOUND('',#10568,.F.);
#10570=ADVANCED_FACE('',(#10569),#10563,.F.);
#10571=CARTESIAN_POINT('',(-2.4E1,-3.7E1,-2.500000125630E-1));
#10572=DIRECTION('',(0.E0,0.E0,1.E0));
#10573=DIRECTION('',(0.E0,-1.E0,0.E0));
#10574=AXIS2_PLACEMENT_3D('',#10571,#10572,#10573);
#10575=CONICAL_SURFACE('',#10574,2.349999987437E0,4.5E1);
#10576=ORIENTED_EDGE('',*,*,#6254,.T.);
#10578=ORIENTED_EDGE('',*,*,#10577,.T.);
#10580=ORIENTED_EDGE('',*,*,#10579,.F.);
#10582=ORIENTED_EDGE('',*,*,#10581,.F.);
#10583=EDGE_LOOP('',(#10576,#10578,#10580,#10582));
#10584=FACE_OUTER_BOUND('',#10583,.F.);
#10585=ADVANCED_FACE('',(#10584),#10575,.F.);
#10586=CARTESIAN_POINT('',(-2.4E1,-3.7E1,-2.500000125633E-1));
#10587=DIRECTION('',(0.E0,0.E0,1.E0));
#10588=DIRECTION('',(0.E0,-1.E0,0.E0));
#10589=AXIS2_PLACEMENT_3D('',#10586,#10587,#10588);
#10590=CONICAL_SURFACE('',#10589,2.349999987437E0,4.5E1);
#10591=ORIENTED_EDGE('',*,*,#6256,.T.);
#10592=ORIENTED_EDGE('',*,*,#10581,.T.);
#10594=ORIENTED_EDGE('',*,*,#10593,.F.);
#10595=ORIENTED_EDGE('',*,*,#10577,.F.);
#10596=EDGE_LOOP('',(#10591,#10592,#10594,#10595));
#10597=FACE_OUTER_BOUND('',#10596,.F.);
#10598=ADVANCED_FACE('',(#10597),#10590,.F.);
#10599=CARTESIAN_POINT('',(-2.4E1,-3.7E1,0.E0));
#10600=DIRECTION('',(0.E0,0.E0,-1.E0));
#10601=DIRECTION('',(-1.E0,0.E0,0.E0));
#10602=AXIS2_PLACEMENT_3D('',#10599,#10600,#10601);
#10603=CYLINDRICAL_SURFACE('',#10602,2.1E0);
#10604=ORIENTED_EDGE('',*,*,#10593,.T.);
#10606=ORIENTED_EDGE('',*,*,#10605,.F.);
#10607=ORIENTED_EDGE('',*,*,#5735,.F.);
#10609=ORIENTED_EDGE('',*,*,#10608,.T.);
#10610=EDGE_LOOP('',(#10604,#10606,#10607,#10609));
#10611=FACE_OUTER_BOUND('',#10610,.F.);
#10612=ADVANCED_FACE('',(#10611),#10603,.F.);
#10613=CARTESIAN_POINT('',(-2.4E1,-3.7E1,0.E0));
#10614=DIRECTION('',(0.E0,0.E0,-1.E0));
#10615=DIRECTION('',(-1.E0,0.E0,0.E0));
#10616=AXIS2_PLACEMENT_3D('',#10613,#10614,#10615);
#10617=CYLINDRICAL_SURFACE('',#10616,2.1E0);
#10618=ORIENTED_EDGE('',*,*,#10579,.T.);
#10619=ORIENTED_EDGE('',*,*,#10608,.F.);
#10620=ORIENTED_EDGE('',*,*,#5737,.T.);
#10621=ORIENTED_EDGE('',*,*,#10605,.T.);
#10622=EDGE_LOOP('',(#10618,#10619,#10620,#10621));
#10623=FACE_OUTER_BOUND('',#10622,.F.);
#10624=ADVANCED_FACE('',(#10623),#10617,.F.);
#10625=CARTESIAN_POINT('',(-6.2E1,5.521049281298E1,-2.151134632405E1));
#10626=DIRECTION('',(-1.E0,0.E0,0.E0));
#10627=DIRECTION('',(0.E0,0.E0,-1.E0));
#10628=AXIS2_PLACEMENT_3D('',#10625,#10626,#10627);
#10629=CYLINDRICAL_SURFACE('',#10628,2.E0);
#10630=ORIENTED_EDGE('',*,*,#6013,.F.);
#10632=ORIENTED_EDGE('',*,*,#10631,.T.);
#10634=ORIENTED_EDGE('',*,*,#10633,.F.);
#10636=ORIENTED_EDGE('',*,*,#10635,.F.);
#10638=ORIENTED_EDGE('',*,*,#10637,.T.);
#10639=ORIENTED_EDGE('',*,*,#5999,.F.);
#10640=EDGE_LOOP('',(#10630,#10632,#10634,#10636,#10638,#10639));
#10641=FACE_OUTER_BOUND('',#10640,.F.);
#10642=ADVANCED_FACE('',(#10641),#10629,.F.);
#10643=CARTESIAN_POINT('',(-6.2E1,5.219301839497E1,-2.260765533309E1));
#10644=DIRECTION('',(0.E0,-8.526401643541E-1,5.224985647159E-1));
#10645=DIRECTION('',(0.E0,-5.224985647159E-1,-8.526401643541E-1));
#10646=AXIS2_PLACEMENT_3D('',#10643,#10644,#10645);
#10647=PLANE('',#10646);
#10648=ORIENTED_EDGE('',*,*,#6011,.F.);
#10650=ORIENTED_EDGE('',*,*,#10649,.F.);
#10652=ORIENTED_EDGE('',*,*,#10651,.F.);
#10653=ORIENTED_EDGE('',*,*,#10631,.F.);
#10654=EDGE_LOOP('',(#10648,#10650,#10652,#10653));
#10655=FACE_OUTER_BOUND('',#10654,.F.);
#10656=ADVANCED_FACE('',(#10655),#10647,.F.);
#10657=CARTESIAN_POINT('',(-6.2E1,5.258610463437E1,-2.579395860099E1));
#10658=DIRECTION('',(-1.E0,0.E0,0.E0));
#10659=DIRECTION('',(0.E0,0.E0,-1.E0));
#10660=AXIS2_PLACEMENT_3D('',#10657,#10658,#10659);
#10661=CYLINDRICAL_SURFACE('',#10660,2.E0);
#10662=ORIENTED_EDGE('',*,*,#6009,.F.);
#10663=ORIENTED_EDGE('',*,*,#6007,.F.);
#10665=ORIENTED_EDGE('',*,*,#10664,.T.);
#10667=ORIENTED_EDGE('',*,*,#10666,.F.);
#10669=ORIENTED_EDGE('',*,*,#10668,.F.);
#10670=ORIENTED_EDGE('',*,*,#10649,.T.);
#10671=EDGE_LOOP('',(#10662,#10663,#10665,#10667,#10669,#10670));
#10672=FACE_OUTER_BOUND('',#10671,.F.);
#10673=ADVANCED_FACE('',(#10672),#10661,.F.);
#10674=CARTESIAN_POINT('',(-6.2E1,5.549498879197E1,-2.715242768946E1));
#10675=DIRECTION('',(0.E0,2.334453638559E-1,-9.723699203977E-1));
#10676=DIRECTION('',(0.E0,9.723699203977E-1,2.334453638559E-1));
#10677=AXIS2_PLACEMENT_3D('',#10674,#10675,#10676);
#10678=PLANE('',#10677);
#10679=ORIENTED_EDGE('',*,*,#6005,.F.);
#10681=ORIENTED_EDGE('',*,*,#10680,.F.);
#10683=ORIENTED_EDGE('',*,*,#10682,.F.);
#10684=ORIENTED_EDGE('',*,*,#10664,.F.);
#10685=EDGE_LOOP('',(#10679,#10681,#10683,#10684));
#10686=FACE_OUTER_BOUND('',#10685,.F.);
#10687=ADVANCED_FACE('',(#10686),#10678,.F.);
#10688=CARTESIAN_POINT('',(-6.2E1,5.747009149414E1,-2.462141709633E1));
#10689=DIRECTION('',(-1.E0,0.E0,0.E0));
#10690=DIRECTION('',(0.E0,0.E0,-1.E0));
#10691=AXIS2_PLACEMENT_3D('',#10688,#10689,#10690);
#10692=CYLINDRICAL_SURFACE('',#10691,2.E0);
#10693=ORIENTED_EDGE('',*,*,#6003,.F.);
#10695=ORIENTED_EDGE('',*,*,#10694,.T.);
#10697=ORIENTED_EDGE('',*,*,#10696,.F.);
#10698=ORIENTED_EDGE('',*,*,#10680,.T.);
#10699=EDGE_LOOP('',(#10693,#10695,#10697,#10698));
#10700=FACE_OUTER_BOUND('',#10699,.F.);
#10701=ADVANCED_FACE('',(#10700),#10692,.F.);
#10702=CARTESIAN_POINT('',(-6.2E1,5.795832614231E1,-2.189081120561E1));
#10703=DIRECTION('',(0.E0,8.090169943749E-1,5.877852522925E-1));
#10704=DIRECTION('',(0.E0,-5.877852522925E-1,8.090169943749E-1));
#10705=AXIS2_PLACEMENT_3D('',#10702,#10703,#10704);
#10706=PLANE('',#10705);
#10707=ORIENTED_EDGE('',*,*,#6001,.F.);
#10708=ORIENTED_EDGE('',*,*,#10637,.F.);
#10710=ORIENTED_EDGE('',*,*,#10709,.F.);
#10711=ORIENTED_EDGE('',*,*,#10694,.F.);
#10712=EDGE_LOOP('',(#10707,#10708,#10710,#10711));
#10713=FACE_OUTER_BOUND('',#10712,.F.);
#10714=ADVANCED_FACE('',(#10713),#10706,.F.);
#10715=CARTESIAN_POINT('',(-6.2E1,1.818110361049E1,-7.125567316203E1));
#10716=DIRECTION('',(-1.E0,0.E0,0.E0));
#10717=DIRECTION('',(0.E0,1.E0,0.E0));
#10718=AXIS2_PLACEMENT_3D('',#10715,#10716,#10717);
#10719=PLANE('',#10718);
#10720=ORIENTED_EDGE('',*,*,#10633,.T.);
#10721=ORIENTED_EDGE('',*,*,#10651,.T.);
#10722=ORIENTED_EDGE('',*,*,#10668,.T.);
#10723=ORIENTED_EDGE('',*,*,#10666,.T.);
#10724=ORIENTED_EDGE('',*,*,#10682,.T.);
#10725=ORIENTED_EDGE('',*,*,#10696,.T.);
#10726=ORIENTED_EDGE('',*,*,#10709,.T.);
#10727=ORIENTED_EDGE('',*,*,#10635,.T.);
#10728=EDGE_LOOP('',(#10720,#10721,#10722,#10723,#10724,#10725,#10726,#10727));
#10729=FACE_OUTER_BOUND('',#10728,.F.);
#10730=ADVANCED_FACE('',(#10729),#10719,.T.);
#10731=CARTESIAN_POINT('',(-3.55E1,-5.9E1,-9.317157287525E1));
#10732=DIRECTION('',(0.E0,0.E0,-1.E0));
#10733=DIRECTION('',(1.E0,0.E0,0.E0));
#10734=AXIS2_PLACEMENT_3D('',#10731,#10732,#10733);
#10735=PLANE('',#10734);
#10736=ORIENTED_EDGE('',*,*,#5831,.F.);
#10738=ORIENTED_EDGE('',*,*,#10737,.F.);
#10740=ORIENTED_EDGE('',*,*,#10739,.T.);
#10742=ORIENTED_EDGE('',*,*,#10741,.F.);
#10743=EDGE_LOOP('',(#10736,#10738,#10740,#10742));
#10744=FACE_OUTER_BOUND('',#10743,.F.);
#10745=ADVANCED_FACE('',(#10744),#10735,.T.);
#10746=CARTESIAN_POINT('',(-3.55E1,-5.8E1,-9.217157287525E1));
#10747=DIRECTION('',(1.E0,0.E0,0.E0));
#10748=DIRECTION('',(0.E0,0.E0,1.E0));
#10749=AXIS2_PLACEMENT_3D('',#10746,#10747,#10748);
#10750=CYLINDRICAL_SURFACE('',#10749,1.E0);
#10752=ORIENTED_EDGE('',*,*,#10751,.F.);
#10753=ORIENTED_EDGE('',*,*,#10737,.T.);
#10754=ORIENTED_EDGE('',*,*,#5847,.F.);
#10756=ORIENTED_EDGE('',*,*,#10755,.T.);
#10757=EDGE_LOOP('',(#10752,#10753,#10754,#10756));
#10758=FACE_OUTER_BOUND('',#10757,.F.);
#10759=ADVANCED_FACE('',(#10758),#10750,.T.);
#10760=CARTESIAN_POINT('',(-3.55E1,0.E0,-6.5E1));
#10761=DIRECTION('',(-1.E0,0.E0,0.E0));
#10762=DIRECTION('',(0.E0,1.E0,0.E0));
#10763=AXIS2_PLACEMENT_3D('',#10760,#10761,#10762);
#10764=PLANE('',#10763);
#10766=ORIENTED_EDGE('',*,*,#10765,.F.);
#10768=ORIENTED_EDGE('',*,*,#10767,.T.);
#10770=ORIENTED_EDGE('',*,*,#10769,.T.);
#10772=ORIENTED_EDGE('',*,*,#10771,.T.);
#10774=ORIENTED_EDGE('',*,*,#10773,.T.);
#10776=ORIENTED_EDGE('',*,*,#10775,.F.);
#10778=ORIENTED_EDGE('',*,*,#10777,.T.);
#10779=ORIENTED_EDGE('',*,*,#10739,.F.);
#10780=ORIENTED_EDGE('',*,*,#10751,.T.);
#10781=EDGE_LOOP('',(#10766,#10768,#10770,#10772,#10774,#10776,#10778,#10779,
#10780));
#10782=FACE_OUTER_BOUND('',#10781,.F.);
#10783=ADVANCED_FACE('',(#10782),#10764,.T.);
#10784=CARTESIAN_POINT('',(-3.55E1,-5.7E1,-9.017157287525E1));
#10785=DIRECTION('',(0.E0,1.E0,0.E0));
#10786=DIRECTION('',(0.E0,0.E0,1.E0));
#10787=AXIS2_PLACEMENT_3D('',#10784,#10785,#10786);
#10788=PLANE('',#10787);
#10789=ORIENTED_EDGE('',*,*,#5845,.F.);
#10791=ORIENTED_EDGE('',*,*,#10790,.F.);
#10792=ORIENTED_EDGE('',*,*,#10765,.T.);
#10793=ORIENTED_EDGE('',*,*,#10755,.F.);
#10794=EDGE_LOOP('',(#10789,#10791,#10792,#10793));
#10795=FACE_OUTER_BOUND('',#10794,.F.);
#10797=ORIENTED_EDGE('',*,*,#10796,.T.);
#10799=ORIENTED_EDGE('',*,*,#10798,.T.);
#10800=EDGE_LOOP('',(#10797,#10799));
#10801=FACE_BOUND('',#10800,.F.);
#10803=ORIENTED_EDGE('',*,*,#10802,.T.);
#10805=ORIENTED_EDGE('',*,*,#10804,.T.);
#10806=EDGE_LOOP('',(#10803,#10805));
#10807=FACE_BOUND('',#10806,.F.);
#10808=ADVANCED_FACE('',(#10795,#10801,#10807),#10788,.T.);
#10809=CARTESIAN_POINT('',(-1.5498E1,-5.8E1,-8.736624657331E1));
#10810=DIRECTION('',(-1.E0,0.E0,0.E0));
#10811=DIRECTION('',(0.E0,0.E0,-1.E0));
#10812=AXIS2_PLACEMENT_3D('',#10809,#10810,#10811);
#10813=CYLINDRICAL_SURFACE('',#10812,1.E0);
#10814=ORIENTED_EDGE('',*,*,#10767,.F.);
#10815=ORIENTED_EDGE('',*,*,#10790,.T.);
#10816=ORIENTED_EDGE('',*,*,#5843,.F.);
#10818=ORIENTED_EDGE('',*,*,#10817,.F.);
#10819=EDGE_LOOP('',(#10814,#10815,#10816,#10818));
#10820=FACE_OUTER_BOUND('',#10819,.F.);
#10821=ADVANCED_FACE('',(#10820),#10813,.T.);
#10822=CARTESIAN_POINT('',(-1.5498E1,-9.367506770275E-13,-6.4E1));
#10823=DIRECTION('',(-1.E0,0.E0,0.E0));
#10824=DIRECTION('',(0.E0,0.E0,-1.E0));
#10825=AXIS2_PLACEMENT_3D('',#10822,#10823,#10824);
#10826=CYLINDRICAL_SURFACE('',#10825,6.152984470574E1);
#10827=ORIENTED_EDGE('',*,*,#10769,.F.);
#10828=ORIENTED_EDGE('',*,*,#10817,.T.);
#10829=ORIENTED_EDGE('',*,*,#5841,.F.);
#10831=ORIENTED_EDGE('',*,*,#10830,.T.);
#10832=EDGE_LOOP('',(#10827,#10828,#10829,#10831));
#10833=FACE_OUTER_BOUND('',#10832,.F.);
#10834=ADVANCED_FACE('',(#10833),#10826,.F.);
#10835=CARTESIAN_POINT('',(-1.5498E1,-6.E1,-8.160629089061E1));
#10836=DIRECTION('',(-1.E0,0.E0,0.E0));
#10837=DIRECTION('',(0.E0,0.E0,-1.E0));
#10838=AXIS2_PLACEMENT_3D('',#10835,#10836,#10837);
#10839=CYLINDRICAL_SURFACE('',#10838,1.E0);
#10840=ORIENTED_EDGE('',*,*,#5837,.F.);
#10842=ORIENTED_EDGE('',*,*,#10841,.T.);
#10843=ORIENTED_EDGE('',*,*,#10773,.F.);
#10844=ORIENTED_EDGE('',*,*,#10771,.F.);
#10845=ORIENTED_EDGE('',*,*,#10830,.F.);
#10846=ORIENTED_EDGE('',*,*,#5839,.F.);
#10847=EDGE_LOOP('',(#10840,#10842,#10843,#10844,#10845,#10846));
#10848=FACE_OUTER_BOUND('',#10847,.F.);
#10849=ADVANCED_FACE('',(#10848),#10839,.T.);
#10850=CARTESIAN_POINT('',(-3.55E1,-6.1E1,-9.017157287525E1));
#10851=DIRECTION('',(0.E0,-1.E0,0.E0));
#10852=DIRECTION('',(0.E0,0.E0,-1.E0));
#10853=AXIS2_PLACEMENT_3D('',#10850,#10851,#10852);
#10854=PLANE('',#10853);
#10855=ORIENTED_EDGE('',*,*,#5835,.F.);
#10857=ORIENTED_EDGE('',*,*,#10856,.F.);
#10858=ORIENTED_EDGE('',*,*,#10775,.T.);
#10859=ORIENTED_EDGE('',*,*,#10841,.F.);
#10860=EDGE_LOOP('',(#10855,#10857,#10858,#10859));
#10861=FACE_OUTER_BOUND('',#10860,.F.);
#10863=ORIENTED_EDGE('',*,*,#10862,.F.);
#10865=ORIENTED_EDGE('',*,*,#10864,.F.);
#10866=EDGE_LOOP('',(#10863,#10865));
#10867=FACE_BOUND('',#10866,.F.);
#10869=ORIENTED_EDGE('',*,*,#10868,.F.);
#10871=ORIENTED_EDGE('',*,*,#10870,.F.);
#10872=EDGE_LOOP('',(#10869,#10871));
#10873=FACE_BOUND('',#10872,.F.);
#10874=ADVANCED_FACE('',(#10861,#10867,#10873),#10854,.T.);
#10875=CARTESIAN_POINT('',(-3.55E1,-6.E1,-9.217157287525E1));
#10876=DIRECTION('',(1.E0,0.E0,0.E0));
#10877=DIRECTION('',(0.E0,0.E0,1.E0));
#10878=AXIS2_PLACEMENT_3D('',#10875,#10876,#10877);
#10879=CYLINDRICAL_SURFACE('',#10878,1.E0);
#10880=ORIENTED_EDGE('',*,*,#10777,.F.);
#10881=ORIENTED_EDGE('',*,*,#10856,.T.);
#10882=ORIENTED_EDGE('',*,*,#5833,.F.);
#10883=ORIENTED_EDGE('',*,*,#10741,.T.);
#10884=EDGE_LOOP('',(#10880,#10881,#10882,#10883));
#10885=FACE_OUTER_BOUND('',#10884,.F.);
#10886=ADVANCED_FACE('',(#10885),#10879,.T.);
#10887=CARTESIAN_POINT('',(-2.15E1,-6.074999999954E1,-9.017157287525E1));
#10888=DIRECTION('',(0.E0,-1.E0,0.E0));
#10889=DIRECTION('',(0.E0,0.E0,-1.E0));
#10890=AXIS2_PLACEMENT_3D('',#10887,#10888,#10889);
#10891=CONICAL_SURFACE('',#10890,1.499999999545E0,4.5E1);
#10892=ORIENTED_EDGE('',*,*,#10862,.T.);
#10894=ORIENTED_EDGE('',*,*,#10893,.T.);
#10896=ORIENTED_EDGE('',*,*,#10895,.F.);
#10898=ORIENTED_EDGE('',*,*,#10897,.F.);
#10899=EDGE_LOOP('',(#10892,#10894,#10896,#10898));
#10900=FACE_OUTER_BOUND('',#10899,.F.);
#10901=ADVANCED_FACE('',(#10900),#10891,.F.);
#10902=CARTESIAN_POINT('',(-2.15E1,-6.074999999954E1,-9.017157287525E1));
#10903=DIRECTION('',(0.E0,-1.E0,0.E0));
#10904=DIRECTION('',(0.E0,0.E0,-1.E0));
#10905=AXIS2_PLACEMENT_3D('',#10902,#10903,#10904);
#10906=CONICAL_SURFACE('',#10905,1.499999999545E0,4.5E1);
#10907=ORIENTED_EDGE('',*,*,#10864,.T.);
#10908=ORIENTED_EDGE('',*,*,#10897,.T.);
#10910=ORIENTED_EDGE('',*,*,#10909,.F.);
#10911=ORIENTED_EDGE('',*,*,#10893,.F.);
#10912=EDGE_LOOP('',(#10907,#10908,#10910,#10911));
#10913=FACE_OUTER_BOUND('',#10912,.F.);
#10914=ADVANCED_FACE('',(#10913),#10906,.F.);
#10915=CARTESIAN_POINT('',(-2.15E1,-6.1E1,-9.017157287525E1));
#10916=DIRECTION('',(0.E0,1.E0,0.E0));
#10917=DIRECTION('',(0.E0,0.E0,1.E0));
#10918=AXIS2_PLACEMENT_3D('',#10915,#10916,#10917);
#10919=CYLINDRICAL_SURFACE('',#10918,1.25E0);
#10920=ORIENTED_EDGE('',*,*,#10909,.T.);
#10922=ORIENTED_EDGE('',*,*,#10921,.F.);
#10923=ORIENTED_EDGE('',*,*,#10804,.F.);
#10925=ORIENTED_EDGE('',*,*,#10924,.T.);
#10926=EDGE_LOOP('',(#10920,#10922,#10923,#10925));
#10927=FACE_OUTER_BOUND('',#10926,.F.);
#10928=ADVANCED_FACE('',(#10927),#10919,.F.);
#10929=CARTESIAN_POINT('',(-2.15E1,-6.1E1,-9.017157287525E1));
#10930=DIRECTION('',(0.E0,1.E0,0.E0));
#10931=DIRECTION('',(0.E0,0.E0,1.E0));
#10932=AXIS2_PLACEMENT_3D('',#10929,#10930,#10931);
#10933=CYLINDRICAL_SURFACE('',#10932,1.25E0);
#10934=ORIENTED_EDGE('',*,*,#10895,.T.);
#10935=ORIENTED_EDGE('',*,*,#10924,.F.);
#10936=ORIENTED_EDGE('',*,*,#10802,.F.);
#10937=ORIENTED_EDGE('',*,*,#10921,.T.);
#10938=EDGE_LOOP('',(#10934,#10935,#10936,#10937));
#10939=FACE_OUTER_BOUND('',#10938,.F.);
#10940=ADVANCED_FACE('',(#10939),#10933,.F.);
#10941=CARTESIAN_POINT('',(-2.95E1,-6.074999999954E1,-9.017157287525E1));
#10942=DIRECTION('',(0.E0,-1.E0,0.E0));
#10943=DIRECTION('',(0.E0,0.E0,-1.E0));
#10944=AXIS2_PLACEMENT_3D('',#10941,#10942,#10943);
#10945=CONICAL_SURFACE('',#10944,1.499999999545E0,4.5E1);
#10946=ORIENTED_EDGE('',*,*,#10868,.T.);
#10948=ORIENTED_EDGE('',*,*,#10947,.T.);
#10950=ORIENTED_EDGE('',*,*,#10949,.F.);
#10952=ORIENTED_EDGE('',*,*,#10951,.F.);
#10953=EDGE_LOOP('',(#10946,#10948,#10950,#10952));
#10954=FACE_OUTER_BOUND('',#10953,.F.);
#10955=ADVANCED_FACE('',(#10954),#10945,.F.);
#10956=CARTESIAN_POINT('',(-2.95E1,-6.074999999954E1,-9.017157287525E1));
#10957=DIRECTION('',(0.E0,-1.E0,0.E0));
#10958=DIRECTION('',(0.E0,0.E0,-1.E0));
#10959=AXIS2_PLACEMENT_3D('',#10956,#10957,#10958);
#10960=CONICAL_SURFACE('',#10959,1.499999999545E0,4.5E1);
#10961=ORIENTED_EDGE('',*,*,#10870,.T.);
#10962=ORIENTED_EDGE('',*,*,#10951,.T.);
#10964=ORIENTED_EDGE('',*,*,#10963,.F.);
#10965=ORIENTED_EDGE('',*,*,#10947,.F.);
#10966=EDGE_LOOP('',(#10961,#10962,#10964,#10965));
#10967=FACE_OUTER_BOUND('',#10966,.F.);
#10968=ADVANCED_FACE('',(#10967),#10960,.F.);
#10969=CARTESIAN_POINT('',(-2.95E1,-6.1E1,-9.017157287525E1));
#10970=DIRECTION('',(0.E0,1.E0,0.E0));
#10971=DIRECTION('',(0.E0,0.E0,1.E0));
#10972=AXIS2_PLACEMENT_3D('',#10969,#10970,#10971);
#10973=CYLINDRICAL_SURFACE('',#10972,1.25E0);
#10974=ORIENTED_EDGE('',*,*,#10963,.T.);
#10976=ORIENTED_EDGE('',*,*,#10975,.F.);
#10977=ORIENTED_EDGE('',*,*,#10798,.F.);
#10979=ORIENTED_EDGE('',*,*,#10978,.T.);
#10980=EDGE_LOOP('',(#10974,#10976,#10977,#10979));
#10981=FACE_OUTER_BOUND('',#10980,.F.);
#10982=ADVANCED_FACE('',(#10981),#10973,.F.);
#10983=CARTESIAN_POINT('',(-2.95E1,-6.1E1,-9.017157287525E1));
#10984=DIRECTION('',(0.E0,1.E0,0.E0));
#10985=DIRECTION('',(0.E0,0.E0,1.E0));
#10986=AXIS2_PLACEMENT_3D('',#10983,#10984,#10985);
#10987=CYLINDRICAL_SURFACE('',#10986,1.25E0);
#10988=ORIENTED_EDGE('',*,*,#10949,.T.);
#10989=ORIENTED_EDGE('',*,*,#10978,.F.);
#10990=ORIENTED_EDGE('',*,*,#10796,.F.);
#10991=ORIENTED_EDGE('',*,*,#10975,.T.);
#10992=EDGE_LOOP('',(#10988,#10989,#10990,#10991));
#10993=FACE_OUTER_BOUND('',#10992,.F.);
#10994=ADVANCED_FACE('',(#10993),#10987,.F.);
#10995=CARTESIAN_POINT('',(-1.5498E1,2.949029909161E-13,-6.4E1));
#10996=DIRECTION('',(-1.E0,0.E0,0.E0));
#10997=DIRECTION('',(0.E0,0.E0,-1.E0));
#10998=AXIS2_PLACEMENT_3D('',#10995,#10996,#10997);
#10999=CYLINDRICAL_SURFACE('',#10998,6.152984470575E1);
#11000=ORIENTED_EDGE('',*,*,#5851,.F.);
#11002=ORIENTED_EDGE('',*,*,#11001,.T.);
#11004=ORIENTED_EDGE('',*,*,#11003,.F.);
#11006=ORIENTED_EDGE('',*,*,#11005,.F.);
#11007=EDGE_LOOP('',(#11000,#11002,#11004,#11006));
#11008=FACE_OUTER_BOUND('',#11007,.F.);
#11009=ADVANCED_FACE('',(#11008),#10999,.F.);
#11010=CARTESIAN_POINT('',(-1.5498E1,5.8E1,-8.736624657331E1));
#11011=DIRECTION('',(-1.E0,0.E0,0.E0));
#11012=DIRECTION('',(0.E0,0.E0,-1.E0));
#11013=AXIS2_PLACEMENT_3D('',#11010,#11011,#11012);
#11014=CYLINDRICAL_SURFACE('',#11013,1.E0);
#11016=ORIENTED_EDGE('',*,*,#11015,.F.);
#11017=ORIENTED_EDGE('',*,*,#11001,.F.);
#11018=ORIENTED_EDGE('',*,*,#5867,.F.);
#11020=ORIENTED_EDGE('',*,*,#11019,.T.);
#11021=EDGE_LOOP('',(#11016,#11017,#11018,#11020));
#11022=FACE_OUTER_BOUND('',#11021,.F.);
#11023=ADVANCED_FACE('',(#11022),#11014,.T.);
#11024=CARTESIAN_POINT('',(-3.55E1,0.E0,-6.5E1));
#11025=DIRECTION('',(-1.E0,0.E0,0.E0));
#11026=DIRECTION('',(0.E0,1.E0,0.E0));
#11027=AXIS2_PLACEMENT_3D('',#11024,#11025,#11026);
#11028=PLANE('',#11027);
#11029=ORIENTED_EDGE('',*,*,#11003,.T.);
#11030=ORIENTED_EDGE('',*,*,#11015,.T.);
#11032=ORIENTED_EDGE('',*,*,#11031,.T.);
#11034=ORIENTED_EDGE('',*,*,#11033,.T.);
#11036=ORIENTED_EDGE('',*,*,#11035,.T.);
#11038=ORIENTED_EDGE('',*,*,#11037,.T.);
#11040=ORIENTED_EDGE('',*,*,#11039,.T.);
#11042=ORIENTED_EDGE('',*,*,#11041,.T.);
#11044=ORIENTED_EDGE('',*,*,#11043,.T.);
#11045=EDGE_LOOP('',(#11029,#11030,#11032,#11034,#11036,#11038,#11040,#11042,
#11044));
#11046=FACE_OUTER_BOUND('',#11045,.F.);
#11047=ADVANCED_FACE('',(#11046),#11028,.T.);
#11048=CARTESIAN_POINT('',(-3.55E1,5.7E1,-9.017157287525E1));
#11049=DIRECTION('',(0.E0,1.E0,0.E0));
#11050=DIRECTION('',(0.E0,0.E0,1.E0));
#11051=AXIS2_PLACEMENT_3D('',#11048,#11049,#11050);
#11052=PLANE('',#11051);
#11053=ORIENTED_EDGE('',*,*,#11031,.F.);
#11054=ORIENTED_EDGE('',*,*,#11019,.F.);
#11055=ORIENTED_EDGE('',*,*,#5865,.T.);
#11057=ORIENTED_EDGE('',*,*,#11056,.F.);
#11058=EDGE_LOOP('',(#11053,#11054,#11055,#11057));
#11059=FACE_OUTER_BOUND('',#11058,.F.);
#11061=ORIENTED_EDGE('',*,*,#11060,.T.);
#11063=ORIENTED_EDGE('',*,*,#11062,.T.);
#11064=EDGE_LOOP('',(#11061,#11063));
#11065=FACE_BOUND('',#11064,.F.);
#11067=ORIENTED_EDGE('',*,*,#11066,.T.);
#11069=ORIENTED_EDGE('',*,*,#11068,.T.);
#11070=EDGE_LOOP('',(#11067,#11069));
#11071=FACE_BOUND('',#11070,.F.);
#11072=ADVANCED_FACE('',(#11059,#11065,#11071),#11052,.F.);
#11073=CARTESIAN_POINT('',(-3.55E1,5.8E1,-9.217157287525E1));
#11074=DIRECTION('',(1.E0,0.E0,0.E0));
#11075=DIRECTION('',(0.E0,0.E0,1.E0));
#11076=AXIS2_PLACEMENT_3D('',#11073,#11074,#11075);
#11077=CYLINDRICAL_SURFACE('',#11076,1.E0);
#11078=ORIENTED_EDGE('',*,*,#11033,.F.);
#11079=ORIENTED_EDGE('',*,*,#11056,.T.);
#11080=ORIENTED_EDGE('',*,*,#5863,.F.);
#11082=ORIENTED_EDGE('',*,*,#11081,.T.);
#11083=EDGE_LOOP('',(#11078,#11079,#11080,#11082));
#11084=FACE_OUTER_BOUND('',#11083,.F.);
#11085=ADVANCED_FACE('',(#11084),#11077,.T.);
#11086=CARTESIAN_POINT('',(-3.55E1,5.9E1,-9.317157287525E1));
#11087=DIRECTION('',(0.E0,0.E0,1.E0));
#11088=DIRECTION('',(-1.E0,0.E0,0.E0));
#11089=AXIS2_PLACEMENT_3D('',#11086,#11087,#11088);
#11090=PLANE('',#11089);
#11091=ORIENTED_EDGE('',*,*,#11035,.F.);
#11092=ORIENTED_EDGE('',*,*,#11081,.F.);
#11093=ORIENTED_EDGE('',*,*,#5861,.T.);
#11095=ORIENTED_EDGE('',*,*,#11094,.F.);
#11096=EDGE_LOOP('',(#11091,#11092,#11093,#11095));
#11097=FACE_OUTER_BOUND('',#11096,.F.);
#11098=ADVANCED_FACE('',(#11097),#11090,.F.);
#11099=CARTESIAN_POINT('',(-3.55E1,6.E1,-9.217157287525E1));
#11100=DIRECTION('',(1.E0,0.E0,0.E0));
#11101=DIRECTION('',(0.E0,0.E0,1.E0));
#11102=AXIS2_PLACEMENT_3D('',#11099,#11100,#11101);
#11103=CYLINDRICAL_SURFACE('',#11102,1.E0);
#11104=ORIENTED_EDGE('',*,*,#11037,.F.);
#11105=ORIENTED_EDGE('',*,*,#11094,.T.);
#11106=ORIENTED_EDGE('',*,*,#5859,.F.);
#11108=ORIENTED_EDGE('',*,*,#11107,.T.);
#11109=EDGE_LOOP('',(#11104,#11105,#11106,#11108));
#11110=FACE_OUTER_BOUND('',#11109,.F.);
#11111=ADVANCED_FACE('',(#11110),#11103,.T.);
#11112=CARTESIAN_POINT('',(-3.55E1,6.1E1,-9.017157287525E1));
#11113=DIRECTION('',(0.E0,-1.E0,0.E0));
#11114=DIRECTION('',(0.E0,0.E0,-1.E0));
#11115=AXIS2_PLACEMENT_3D('',#11112,#11113,#11114);
#11116=PLANE('',#11115);
#11117=ORIENTED_EDGE('',*,*,#11039,.F.);
#11118=ORIENTED_EDGE('',*,*,#11107,.F.);
#11119=ORIENTED_EDGE('',*,*,#5857,.T.);
#11121=ORIENTED_EDGE('',*,*,#11120,.F.);
#11122=EDGE_LOOP('',(#11117,#11118,#11119,#11121));
#11123=FACE_OUTER_BOUND('',#11122,.F.);
#11125=ORIENTED_EDGE('',*,*,#11124,.F.);
#11127=ORIENTED_EDGE('',*,*,#11126,.F.);
#11128=EDGE_LOOP('',(#11125,#11127));
#11129=FACE_BOUND('',#11128,.F.);
#11131=ORIENTED_EDGE('',*,*,#11130,.F.);
#11133=ORIENTED_EDGE('',*,*,#11132,.F.);
#11134=EDGE_LOOP('',(#11131,#11133));
#11135=FACE_BOUND('',#11134,.F.);
#11136=ADVANCED_FACE('',(#11123,#11129,#11135),#11116,.F.);
#11137=CARTESIAN_POINT('',(-1.5498E1,6.E1,-8.160629089061E1));
#11138=DIRECTION('',(-1.E0,0.E0,0.E0));
#11139=DIRECTION('',(0.E0,0.E0,-1.E0));
#11140=AXIS2_PLACEMENT_3D('',#11137,#11138,#11139);
#11141=CYLINDRICAL_SURFACE('',#11140,1.E0);
#11142=ORIENTED_EDGE('',*,*,#5853,.F.);
#11143=ORIENTED_EDGE('',*,*,#11005,.T.);
#11144=ORIENTED_EDGE('',*,*,#11043,.F.);
#11145=ORIENTED_EDGE('',*,*,#11041,.F.);
#11146=ORIENTED_EDGE('',*,*,#11120,.T.);
#11147=ORIENTED_EDGE('',*,*,#5855,.F.);
#11148=EDGE_LOOP('',(#11142,#11143,#11144,#11145,#11146,#11147));
#11149=FACE_OUTER_BOUND('',#11148,.F.);
#11150=ADVANCED_FACE('',(#11149),#11141,.T.);
#11151=CARTESIAN_POINT('',(-2.15E1,6.074999999954E1,-9.017157287525E1));
#11152=DIRECTION('',(0.E0,1.E0,0.E0));
#11153=DIRECTION('',(0.E0,0.E0,-1.E0));
#11154=AXIS2_PLACEMENT_3D('',#11151,#11152,#11153);
#11155=CONICAL_SURFACE('',#11154,1.499999999545E0,4.5E1);
#11156=ORIENTED_EDGE('',*,*,#11124,.T.);
#11158=ORIENTED_EDGE('',*,*,#11157,.T.);
#11160=ORIENTED_EDGE('',*,*,#11159,.F.);
#11162=ORIENTED_EDGE('',*,*,#11161,.F.);
#11163=EDGE_LOOP('',(#11156,#11158,#11160,#11162));
#11164=FACE_OUTER_BOUND('',#11163,.F.);
#11165=ADVANCED_FACE('',(#11164),#11155,.F.);
#11166=CARTESIAN_POINT('',(-2.15E1,6.074999999954E1,-9.017157287525E1));
#11167=DIRECTION('',(0.E0,1.E0,0.E0));
#11168=DIRECTION('',(0.E0,0.E0,-1.E0));
#11169=AXIS2_PLACEMENT_3D('',#11166,#11167,#11168);
#11170=CONICAL_SURFACE('',#11169,1.499999999545E0,4.5E1);
#11171=ORIENTED_EDGE('',*,*,#11126,.T.);
#11172=ORIENTED_EDGE('',*,*,#11161,.T.);
#11174=ORIENTED_EDGE('',*,*,#11173,.F.);
#11175=ORIENTED_EDGE('',*,*,#11157,.F.);
#11176=EDGE_LOOP('',(#11171,#11172,#11174,#11175));
#11177=FACE_OUTER_BOUND('',#11176,.F.);
#11178=ADVANCED_FACE('',(#11177),#11170,.F.);
#11179=CARTESIAN_POINT('',(-2.15E1,-6.1E1,-9.017157287525E1));
#11180=DIRECTION('',(0.E0,1.E0,0.E0));
#11181=DIRECTION('',(0.E0,0.E0,1.E0));
#11182=AXIS2_PLACEMENT_3D('',#11179,#11180,#11181);
#11183=CYLINDRICAL_SURFACE('',#11182,1.25E0);
#11184=ORIENTED_EDGE('',*,*,#11173,.T.);
#11186=ORIENTED_EDGE('',*,*,#11185,.T.);
#11187=ORIENTED_EDGE('',*,*,#11068,.F.);
#11189=ORIENTED_EDGE('',*,*,#11188,.F.);
#11190=EDGE_LOOP('',(#11184,#11186,#11187,#11189));
#11191=FACE_OUTER_BOUND('',#11190,.F.);
#11192=ADVANCED_FACE('',(#11191),#11183,.F.);
#11193=CARTESIAN_POINT('',(-2.15E1,-6.1E1,-9.017157287525E1));
#11194=DIRECTION('',(0.E0,1.E0,0.E0));
#11195=DIRECTION('',(0.E0,0.E0,1.E0));
#11196=AXIS2_PLACEMENT_3D('',#11193,#11194,#11195);
#11197=CYLINDRICAL_SURFACE('',#11196,1.25E0);
#11198=ORIENTED_EDGE('',*,*,#11159,.T.);
#11199=ORIENTED_EDGE('',*,*,#11188,.T.);
#11200=ORIENTED_EDGE('',*,*,#11066,.F.);
#11201=ORIENTED_EDGE('',*,*,#11185,.F.);
#11202=EDGE_LOOP('',(#11198,#11199,#11200,#11201));
#11203=FACE_OUTER_BOUND('',#11202,.F.);
#11204=ADVANCED_FACE('',(#11203),#11197,.F.);
#11205=CARTESIAN_POINT('',(-2.95E1,6.074999999954E1,-9.017157287525E1));
#11206=DIRECTION('',(0.E0,1.E0,0.E0));
#11207=DIRECTION('',(0.E0,0.E0,-1.E0));
#11208=AXIS2_PLACEMENT_3D('',#11205,#11206,#11207);
#11209=CONICAL_SURFACE('',#11208,1.499999999545E0,4.5E1);
#11210=ORIENTED_EDGE('',*,*,#11130,.T.);
#11212=ORIENTED_EDGE('',*,*,#11211,.T.);
#11214=ORIENTED_EDGE('',*,*,#11213,.F.);
#11216=ORIENTED_EDGE('',*,*,#11215,.F.);
#11217=EDGE_LOOP('',(#11210,#11212,#11214,#11216));
#11218=FACE_OUTER_BOUND('',#11217,.F.);
#11219=ADVANCED_FACE('',(#11218),#11209,.F.);
#11220=CARTESIAN_POINT('',(-2.95E1,6.074999999954E1,-9.017157287525E1));
#11221=DIRECTION('',(0.E0,1.E0,0.E0));
#11222=DIRECTION('',(0.E0,0.E0,-1.E0));
#11223=AXIS2_PLACEMENT_3D('',#11220,#11221,#11222);
#11224=CONICAL_SURFACE('',#11223,1.499999999545E0,4.5E1);
#11225=ORIENTED_EDGE('',*,*,#11132,.T.);
#11226=ORIENTED_EDGE('',*,*,#11215,.T.);
#11228=ORIENTED_EDGE('',*,*,#11227,.F.);
#11229=ORIENTED_EDGE('',*,*,#11211,.F.);
#11230=EDGE_LOOP('',(#11225,#11226,#11228,#11229));
#11231=FACE_OUTER_BOUND('',#11230,.F.);
#11232=ADVANCED_FACE('',(#11231),#11224,.F.);
#11233=CARTESIAN_POINT('',(-2.95E1,-6.1E1,-9.017157287525E1));
#11234=DIRECTION('',(0.E0,1.E0,0.E0));
#11235=DIRECTION('',(0.E0,0.E0,1.E0));
#11236=AXIS2_PLACEMENT_3D('',#11233,#11234,#11235);
#11237=CYLINDRICAL_SURFACE('',#11236,1.25E0);
#11238=ORIENTED_EDGE('',*,*,#11227,.T.);
#11240=ORIENTED_EDGE('',*,*,#11239,.T.);
#11241=ORIENTED_EDGE('',*,*,#11060,.F.);
#11243=ORIENTED_EDGE('',*,*,#11242,.F.);
#11244=EDGE_LOOP('',(#11238,#11240,#11241,#11243));
#11245=FACE_OUTER_BOUND('',#11244,.F.);
#11246=ADVANCED_FACE('',(#11245),#11237,.F.);
#11247=CARTESIAN_POINT('',(-2.95E1,-6.1E1,-9.017157287525E1));
#11248=DIRECTION('',(0.E0,1.E0,0.E0));
#11249=DIRECTION('',(0.E0,0.E0,1.E0));
#11250=AXIS2_PLACEMENT_3D('',#11247,#11248,#11249);
#11251=CYLINDRICAL_SURFACE('',#11250,1.25E0);
#11252=ORIENTED_EDGE('',*,*,#11213,.T.);
#11253=ORIENTED_EDGE('',*,*,#11242,.T.);
#11254=ORIENTED_EDGE('',*,*,#11062,.F.);
#11255=ORIENTED_EDGE('',*,*,#11239,.F.);
#11256=EDGE_LOOP('',(#11252,#11253,#11254,#11255));
#11257=FACE_OUTER_BOUND('',#11256,.F.);
#11258=ADVANCED_FACE('',(#11257),#11251,.F.);
#11259=CARTESIAN_POINT('',(-1.5498E1,-1.892331017564E1,-1.24E2));
#11260=DIRECTION('',(-1.E0,0.E0,0.E0));
#11261=DIRECTION('',(0.E0,0.E0,-1.E0));
#11262=AXIS2_PLACEMENT_3D('',#11259,#11260,#11261);
#11263=CYLINDRICAL_SURFACE('',#11262,1.E0);
#11264=ORIENTED_EDGE('',*,*,#5919,.F.);
#11266=ORIENTED_EDGE('',*,*,#11265,.T.);
#11268=ORIENTED_EDGE('',*,*,#11267,.F.);
#11270=ORIENTED_EDGE('',*,*,#11269,.T.);
#11271=EDGE_LOOP('',(#11264,#11266,#11268,#11270));
#11272=FACE_OUTER_BOUND('',#11271,.F.);
#11273=ADVANCED_FACE('',(#11272),#11263,.T.);
#11274=CARTESIAN_POINT('',(-1.5498E1,3.653327640407E-12,-6.399999999999E1));
#11275=DIRECTION('',(-1.E0,0.E0,0.E0));
#11276=DIRECTION('',(0.E0,0.E0,-1.E0));
#11277=AXIS2_PLACEMENT_3D('',#11274,#11275,#11276);
#11278=CYLINDRICAL_SURFACE('',#11277,6.191336636999E1);
#11279=ORIENTED_EDGE('',*,*,#5933,.F.);
#11281=ORIENTED_EDGE('',*,*,#11280,.T.);
#11283=ORIENTED_EDGE('',*,*,#11282,.F.);
#11284=ORIENTED_EDGE('',*,*,#11265,.F.);
#11285=EDGE_LOOP('',(#11279,#11281,#11283,#11284));
#11286=FACE_OUTER_BOUND('',#11285,.F.);
#11287=ADVANCED_FACE('',(#11286),#11278,.F.);
#11288=CARTESIAN_POINT('',(-1.5498E1,-2.437399573323E1,-1.22E2));
#11289=DIRECTION('',(-1.E0,0.E0,0.E0));
#11290=DIRECTION('',(0.E0,0.E0,-1.E0));
#11291=AXIS2_PLACEMENT_3D('',#11288,#11289,#11290);
#11292=CYLINDRICAL_SURFACE('',#11291,1.E0);
#11294=ORIENTED_EDGE('',*,*,#11293,.F.);
#11295=ORIENTED_EDGE('',*,*,#11280,.F.);
#11296=ORIENTED_EDGE('',*,*,#5931,.F.);
#11298=ORIENTED_EDGE('',*,*,#11297,.T.);
#11299=EDGE_LOOP('',(#11294,#11295,#11296,#11298));
#11300=FACE_OUTER_BOUND('',#11299,.F.);
#11301=ADVANCED_FACE('',(#11300),#11292,.T.);
#11302=CARTESIAN_POINT('',(-3.55E1,0.E0,-6.5E1));
#11303=DIRECTION('',(-1.E0,0.E0,0.E0));
#11304=DIRECTION('',(0.E0,1.E0,0.E0));
#11305=AXIS2_PLACEMENT_3D('',#11302,#11303,#11304);
#11306=PLANE('',#11305);
#11307=ORIENTED_EDGE('',*,*,#11282,.T.);
#11308=ORIENTED_EDGE('',*,*,#11293,.T.);
#11310=ORIENTED_EDGE('',*,*,#11309,.F.);
#11312=ORIENTED_EDGE('',*,*,#11311,.T.);
#11314=ORIENTED_EDGE('',*,*,#11313,.F.);
#11316=ORIENTED_EDGE('',*,*,#11315,.T.);
#11318=ORIENTED_EDGE('',*,*,#11317,.F.);
#11319=ORIENTED_EDGE('',*,*,#11267,.T.);
#11320=EDGE_LOOP('',(#11307,#11308,#11310,#11312,#11314,#11316,#11318,#11319));
#11321=FACE_OUTER_BOUND('',#11320,.F.);
#11322=ADVANCED_FACE('',(#11321),#11306,.T.);
#11323=CARTESIAN_POINT('',(-3.55E1,-2.717157287525E1,-1.21E2));
#11324=DIRECTION('',(0.E0,0.E0,1.E0));
#11325=DIRECTION('',(-1.E0,0.E0,0.E0));
#11326=AXIS2_PLACEMENT_3D('',#11323,#11324,#11325);
#11327=PLANE('',#11326);
#11328=ORIENTED_EDGE('',*,*,#11309,.T.);
#11329=ORIENTED_EDGE('',*,*,#11297,.F.);
#11330=ORIENTED_EDGE('',*,*,#5929,.F.);
#11332=ORIENTED_EDGE('',*,*,#11331,.F.);
#11333=EDGE_LOOP('',(#11328,#11329,#11330,#11332));
#11334=FACE_OUTER_BOUND('',#11333,.F.);
#11336=ORIENTED_EDGE('',*,*,#11335,.T.);
#11338=ORIENTED_EDGE('',*,*,#11337,.T.);
#11339=EDGE_LOOP('',(#11336,#11338));
#11340=FACE_BOUND('',#11339,.F.);
#11342=ORIENTED_EDGE('',*,*,#11341,.T.);
#11344=ORIENTED_EDGE('',*,*,#11343,.T.);
#11345=EDGE_LOOP('',(#11342,#11344));
#11346=FACE_BOUND('',#11345,.F.);
#11347=ADVANCED_FACE('',(#11334,#11340,#11346),#11327,.T.);
#11348=CARTESIAN_POINT('',(-3.55E1,-2.917157287525E1,-1.22E2));
#11349=DIRECTION('',(1.E0,0.E0,0.E0));
#11350=DIRECTION('',(0.E0,0.E0,1.E0));
#11351=AXIS2_PLACEMENT_3D('',#11348,#11349,#11350);
#11352=CYLINDRICAL_SURFACE('',#11351,1.E0);
#11353=ORIENTED_EDGE('',*,*,#11311,.F.);
#11354=ORIENTED_EDGE('',*,*,#11331,.T.);
#11355=ORIENTED_EDGE('',*,*,#5927,.F.);
#11357=ORIENTED_EDGE('',*,*,#11356,.T.);
#11358=EDGE_LOOP('',(#11353,#11354,#11355,#11357));
#11359=FACE_OUTER_BOUND('',#11358,.F.);
#11360=ADVANCED_FACE('',(#11359),#11352,.T.);
#11361=CARTESIAN_POINT('',(-3.55E1,-3.017157287525E1,-1.23E2));
#11362=DIRECTION('',(0.E0,-1.E0,0.E0));
#11363=DIRECTION('',(0.E0,0.E0,-1.E0));
#11364=AXIS2_PLACEMENT_3D('',#11361,#11362,#11363);
#11365=PLANE('',#11364);
#11366=ORIENTED_EDGE('',*,*,#11313,.T.);
#11367=ORIENTED_EDGE('',*,*,#11356,.F.);
#11368=ORIENTED_EDGE('',*,*,#5925,.F.);
#11370=ORIENTED_EDGE('',*,*,#11369,.F.);
#11371=EDGE_LOOP('',(#11366,#11367,#11368,#11370));
#11372=FACE_OUTER_BOUND('',#11371,.F.);
#11373=ADVANCED_FACE('',(#11372),#11365,.T.);
#11374=CARTESIAN_POINT('',(-3.55E1,-2.917157287525E1,-1.24E2));
#11375=DIRECTION('',(1.E0,0.E0,0.E0));
#11376=DIRECTION('',(0.E0,0.E0,1.E0));
#11377=AXIS2_PLACEMENT_3D('',#11374,#11375,#11376);
#11378=CYLINDRICAL_SURFACE('',#11377,1.E0);
#11379=ORIENTED_EDGE('',*,*,#11315,.F.);
#11380=ORIENTED_EDGE('',*,*,#11369,.T.);
#11381=ORIENTED_EDGE('',*,*,#5923,.F.);
#11383=ORIENTED_EDGE('',*,*,#11382,.T.);
#11384=EDGE_LOOP('',(#11379,#11380,#11381,#11383));
#11385=FACE_OUTER_BOUND('',#11384,.F.);
#11386=ADVANCED_FACE('',(#11385),#11378,.T.);
#11387=CARTESIAN_POINT('',(-3.55E1,-2.717157287525E1,-1.25E2));
#11388=DIRECTION('',(0.E0,0.E0,-1.E0));
#11389=DIRECTION('',(1.E0,0.E0,0.E0));
#11390=AXIS2_PLACEMENT_3D('',#11387,#11388,#11389);
#11391=PLANE('',#11390);
#11392=ORIENTED_EDGE('',*,*,#11317,.T.);
#11393=ORIENTED_EDGE('',*,*,#11382,.F.);
#11394=ORIENTED_EDGE('',*,*,#5921,.F.);
#11395=ORIENTED_EDGE('',*,*,#11269,.F.);
#11396=EDGE_LOOP('',(#11392,#11393,#11394,#11395));
#11397=FACE_OUTER_BOUND('',#11396,.F.);
#11399=ORIENTED_EDGE('',*,*,#11398,.F.);
#11401=ORIENTED_EDGE('',*,*,#11400,.F.);
#11402=EDGE_LOOP('',(#11399,#11401));
#11403=FACE_BOUND('',#11402,.F.);
#11405=ORIENTED_EDGE('',*,*,#11404,.F.);
#11407=ORIENTED_EDGE('',*,*,#11406,.F.);
#11408=EDGE_LOOP('',(#11405,#11407));
#11409=FACE_BOUND('',#11408,.F.);
#11410=ADVANCED_FACE('',(#11397,#11403,#11409),#11391,.T.);
#11411=CARTESIAN_POINT('',(-2.15E1,-2.717157287525E1,-1.247499999995E2));
#11412=DIRECTION('',(0.E0,0.E0,-1.E0));
#11413=DIRECTION('',(0.E0,-1.E0,0.E0));
#11414=AXIS2_PLACEMENT_3D('',#11411,#11412,#11413);
#11415=CONICAL_SURFACE('',#11414,1.499999999545E0,4.5E1);
#11416=ORIENTED_EDGE('',*,*,#11398,.T.);
#11418=ORIENTED_EDGE('',*,*,#11417,.T.);
#11420=ORIENTED_EDGE('',*,*,#11419,.F.);
#11422=ORIENTED_EDGE('',*,*,#11421,.F.);
#11423=EDGE_LOOP('',(#11416,#11418,#11420,#11422));
#11424=FACE_OUTER_BOUND('',#11423,.F.);
#11425=ADVANCED_FACE('',(#11424),#11415,.F.);
#11426=CARTESIAN_POINT('',(-2.15E1,-2.717157287525E1,-1.247499999995E2));
#11427=DIRECTION('',(0.E0,0.E0,-1.E0));
#11428=DIRECTION('',(0.E0,-1.E0,0.E0));
#11429=AXIS2_PLACEMENT_3D('',#11426,#11427,#11428);
#11430=CONICAL_SURFACE('',#11429,1.499999999545E0,4.5E1);
#11431=ORIENTED_EDGE('',*,*,#11400,.T.);
#11432=ORIENTED_EDGE('',*,*,#11421,.T.);
#11434=ORIENTED_EDGE('',*,*,#11433,.F.);
#11435=ORIENTED_EDGE('',*,*,#11417,.F.);
#11436=EDGE_LOOP('',(#11431,#11432,#11434,#11435));
#11437=FACE_OUTER_BOUND('',#11436,.F.);
#11438=ADVANCED_FACE('',(#11437),#11430,.F.);
#11439=CARTESIAN_POINT('',(-2.15E1,-2.717157287525E1,-1.25E2));
#11440=DIRECTION('',(0.E0,0.E0,1.E0));
#11441=DIRECTION('',(-1.E0,0.E0,0.E0));
#11442=AXIS2_PLACEMENT_3D('',#11439,#11440,#11441);
#11443=CYLINDRICAL_SURFACE('',#11442,1.25E0);
#11444=ORIENTED_EDGE('',*,*,#11433,.T.);
#11446=ORIENTED_EDGE('',*,*,#11445,.F.);
#11447=ORIENTED_EDGE('',*,*,#11341,.F.);
#11449=ORIENTED_EDGE('',*,*,#11448,.T.);
#11450=EDGE_LOOP('',(#11444,#11446,#11447,#11449));
#11451=FACE_OUTER_BOUND('',#11450,.F.);
#11452=ADVANCED_FACE('',(#11451),#11443,.F.);
#11453=CARTESIAN_POINT('',(-2.15E1,-2.717157287525E1,-1.25E2));
#11454=DIRECTION('',(0.E0,0.E0,1.E0));
#11455=DIRECTION('',(-1.E0,0.E0,0.E0));
#11456=AXIS2_PLACEMENT_3D('',#11453,#11454,#11455);
#11457=CYLINDRICAL_SURFACE('',#11456,1.25E0);
#11458=ORIENTED_EDGE('',*,*,#11419,.T.);
#11459=ORIENTED_EDGE('',*,*,#11448,.F.);
#11460=ORIENTED_EDGE('',*,*,#11343,.F.);
#11461=ORIENTED_EDGE('',*,*,#11445,.T.);
#11462=EDGE_LOOP('',(#11458,#11459,#11460,#11461));
#11463=FACE_OUTER_BOUND('',#11462,.F.);
#11464=ADVANCED_FACE('',(#11463),#11457,.F.);
#11465=CARTESIAN_POINT('',(-2.95E1,-2.717157287525E1,-1.247499999995E2));
#11466=DIRECTION('',(0.E0,0.E0,-1.E0));
#11467=DIRECTION('',(0.E0,-1.E0,0.E0));
#11468=AXIS2_PLACEMENT_3D('',#11465,#11466,#11467);
#11469=CONICAL_SURFACE('',#11468,1.499999999545E0,4.5E1);
#11470=ORIENTED_EDGE('',*,*,#11404,.T.);
#11472=ORIENTED_EDGE('',*,*,#11471,.T.);
#11474=ORIENTED_EDGE('',*,*,#11473,.F.);
#11476=ORIENTED_EDGE('',*,*,#11475,.F.);
#11477=EDGE_LOOP('',(#11470,#11472,#11474,#11476));
#11478=FACE_OUTER_BOUND('',#11477,.F.);
#11479=ADVANCED_FACE('',(#11478),#11469,.F.);
#11480=CARTESIAN_POINT('',(-2.95E1,-2.717157287525E1,-1.247499999995E2));
#11481=DIRECTION('',(0.E0,0.E0,-1.E0));
#11482=DIRECTION('',(0.E0,-1.E0,0.E0));
#11483=AXIS2_PLACEMENT_3D('',#11480,#11481,#11482);
#11484=CONICAL_SURFACE('',#11483,1.499999999545E0,4.5E1);
#11485=ORIENTED_EDGE('',*,*,#11406,.T.);
#11486=ORIENTED_EDGE('',*,*,#11475,.T.);
#11488=ORIENTED_EDGE('',*,*,#11487,.F.);
#11489=ORIENTED_EDGE('',*,*,#11471,.F.);
#11490=EDGE_LOOP('',(#11485,#11486,#11488,#11489));
#11491=FACE_OUTER_BOUND('',#11490,.F.);
#11492=ADVANCED_FACE('',(#11491),#11484,.F.);
#11493=CARTESIAN_POINT('',(-2.95E1,-2.717157287525E1,-1.25E2));
#11494=DIRECTION('',(0.E0,0.E0,1.E0));
#11495=DIRECTION('',(-1.E0,0.E0,0.E0));
#11496=AXIS2_PLACEMENT_3D('',#11493,#11494,#11495);
#11497=CYLINDRICAL_SURFACE('',#11496,1.25E0);
#11498=ORIENTED_EDGE('',*,*,#11487,.T.);
#11500=ORIENTED_EDGE('',*,*,#11499,.F.);
#11501=ORIENTED_EDGE('',*,*,#11335,.F.);
#11503=ORIENTED_EDGE('',*,*,#11502,.T.);
#11504=EDGE_LOOP('',(#11498,#11500,#11501,#11503));
#11505=FACE_OUTER_BOUND('',#11504,.F.);
#11506=ADVANCED_FACE('',(#11505),#11497,.F.);
#11507=CARTESIAN_POINT('',(-2.95E1,-2.717157287525E1,-1.25E2));
#11508=DIRECTION('',(0.E0,0.E0,1.E0));
#11509=DIRECTION('',(-1.E0,0.E0,0.E0));
#11510=AXIS2_PLACEMENT_3D('',#11507,#11508,#11509);
#11511=CYLINDRICAL_SURFACE('',#11510,1.25E0);
#11512=ORIENTED_EDGE('',*,*,#11473,.T.);
#11513=ORIENTED_EDGE('',*,*,#11502,.F.);
#11514=ORIENTED_EDGE('',*,*,#11337,.F.);
#11515=ORIENTED_EDGE('',*,*,#11499,.T.);
#11516=EDGE_LOOP('',(#11512,#11513,#11514,#11515));
#11517=FACE_OUTER_BOUND('',#11516,.F.);
#11518=ADVANCED_FACE('',(#11517),#11511,.F.);
#11522=DIMENSIONAL_EXPONENTS(0.E0,0.E0,0.E0,0.E0,0.E0,0.E0,0.E0);
#11524=PLANE_ANGLE_MEASURE_WITH_UNIT(PLANE_ANGLE_MEASURE(1.745329251994E-2),
#11523);
#11525=(CONVERSION_BASED_UNIT('DEGREE',#11524)NAMED_UNIT(*)PLANE_ANGLE_UNIT());
#11527=UNCERTAINTY_MEASURE_WITH_UNIT(LENGTH_MEASURE(1.896605463933E-2),#11521,
'closure',
'Maximum model space distance between geometric entities at asserted connectivities');
#11528=(GEOMETRIC_REPRESENTATION_CONTEXT(3)GLOBAL_UNCERTAINTY_ASSIGNED_CONTEXT((
#11527))GLOBAL_UNIT_ASSIGNED_CONTEXT((#11521,#11525,#11526))REPRESENTATION_CONTEXT('ID1','3'));
#11530=APPLICATION_CONTEXT(
'CONFIGURATION CONTROLLED 3D DESIGNS OF MECHANICAL PARTS AND ASSEMBLIES');
#11531=APPLICATION_PROTOCOL_DEFINITION('international standard',
'config_control_design',1994,#11530);
#11532=DESIGN_CONTEXT('',#11530,'design');
#11533=MECHANICAL_CONTEXT('',#11530,'mechanical');
#11534=PRODUCT('KD-D-101R_R_HIP_STATIC_1','KD-D-101R_R_HIP_STATIC_1',
'NOT SPECIFIED',(#11533));
#11535=PRODUCT_DEFINITION_FORMATION_WITH_SPECIFIED_SOURCE('2','LAST_VERSION',
#11534,.MADE.);
#11539=PRODUCT_CATEGORY('part','');
#11540=PRODUCT_RELATED_PRODUCT_CATEGORY('detail','',(#11534));
#11541=PRODUCT_CATEGORY_RELATIONSHIP('','',#11539,#11540);
#11542=SECURITY_CLASSIFICATION_LEVEL('unclassified');
#11543=SECURITY_CLASSIFICATION('','',#11542);
#11544=CC_DESIGN_SECURITY_CLASSIFICATION(#11543,(#11535));
#11545=APPROVAL_STATUS('approved');
#11546=APPROVAL(#11545,'');
#11547=CC_DESIGN_APPROVAL(#11546,(#11543,#11535,#11536));
#11548=CALENDAR_DATE(125,12,7);
#11549=COORDINATED_UNIVERSAL_TIME_OFFSET(8,0,.AHEAD.);
#11550=LOCAL_TIME(17,2,7.E0,#11549);
#11551=DATE_AND_TIME(#11548,#11550);
#11552=APPROVAL_DATE_TIME(#11551,#11546);
#11553=DATE_TIME_ROLE('creation_date');
#11554=CC_DESIGN_DATE_AND_TIME_ASSIGNMENT(#11551,#11553,(#11536));
#11555=DATE_TIME_ROLE('classification_date');
#11556=CC_DESIGN_DATE_AND_TIME_ASSIGNMENT(#11551,#11555,(#11543));
#11557=PERSON('UNSPECIFIED','UNSPECIFIED',$,$,$,$);
#11558=ORGANIZATION('UNSPECIFIED','UNSPECIFIED','UNSPECIFIED');
#11559=PERSON_AND_ORGANIZATION(#11557,#11558);
#11560=APPROVAL_ROLE('approver');
#11561=APPROVAL_PERSON_ORGANIZATION(#11559,#11546,#11560);
#11562=PERSON_AND_ORGANIZATION_ROLE('creator');
#11563=CC_DESIGN_PERSON_AND_ORGANIZATION_ASSIGNMENT(#11559,#11562,(#11535,
#11536));
#11564=PERSON_AND_ORGANIZATION_ROLE('design_supplier');
#11565=CC_DESIGN_PERSON_AND_ORGANIZATION_ASSIGNMENT(#11559,#11564,(#11535));
#11566=PERSON_AND_ORGANIZATION_ROLE('classification_officer');
#11567=CC_DESIGN_PERSON_AND_ORGANIZATION_ASSIGNMENT(#11559,#11566,(#11543));
#11568=PERSON_AND_ORGANIZATION_ROLE('design_owner');
#11569=CC_DESIGN_PERSON_AND_ORGANIZATION_ASSIGNMENT(#11559,#11568,(#11534));
#32=B_SPLINE_CURVE_WITH_KNOTS('',3,(#9,#10,#11,#12,#13,#14,#15,#16,#17,#18,#19,
#20,#21,#22,#23,#24,#25,#26,#27,#28,#29,#30,#31),.UNSPECIFIED.,.F.,.F.,(4,1,1,1,
1,1,1,1,1,1,1,1,1,1,1,1,1,1,1,1,4),(0.E0,5.E-2,1.E-1,1.5E-1,2.E-1,2.5E-1,3.E-1,
3.5E-1,4.E-1,4.5E-1,5.E-1,5.5E-1,6.E-1,6.5E-1,7.E-1,7.5E-1,8.E-1,8.5E-1,9.E-1,
9.5E-1,1.E0),.UNSPECIFIED.);
#56=B_SPLINE_CURVE_WITH_KNOTS('',3,(#33,#34,#35,#36,#37,#38,#39,#40,#41,#42,#43,
#44,#45,#46,#47,#48,#49,#50,#51,#52,#53,#54,#55),.UNSPECIFIED.,.F.,.F.,(4,1,1,1,
1,1,1,1,1,1,1,1,1,1,1,1,1,1,1,1,4),(0.E0,5.E-2,1.E-1,1.5E-1,2.E-1,2.5E-1,3.E-1,
3.5E-1,4.E-1,4.5E-1,5.E-1,5.5E-1,6.E-1,6.5E-1,7.E-1,7.5E-1,8.E-1,8.5E-1,9.E-1,
9.5E-1,1.E0),.UNSPECIFIED.);
#80=B_SPLINE_CURVE_WITH_KNOTS('',3,(#57,#58,#59,#60,#61,#62,#63,#64,#65,#66,#67,
#68,#69,#70,#71,#72,#73,#74,#75,#76,#77,#78,#79),.UNSPECIFIED.,.F.,.F.,(4,1,1,1,
1,1,1,1,1,1,1,1,1,1,1,1,1,1,1,1,4),(0.E0,5.E-2,1.E-1,1.5E-1,2.E-1,2.5E-1,3.E-1,
3.5E-1,4.E-1,4.5E-1,5.E-1,5.5E-1,6.E-1,6.5E-1,7.E-1,7.5E-1,8.E-1,8.5E-1,9.E-1,
9.5E-1,1.E0),.UNSPECIFIED.);
#104=B_SPLINE_CURVE_WITH_KNOTS('',3,(#81,#82,#83,#84,#85,#86,#87,#88,#89,#90,
#91,#92,#93,#94,#95,#96,#97,#98,#99,#100,#101,#102,#103),.UNSPECIFIED.,.F.,.F.,(
4,1,1,1,1,1,1,1,1,1,1,1,1,1,1,1,1,1,1,1,4),(0.E0,5.E-2,1.E-1,1.5E-1,2.E-1,
2.5E-1,3.E-1,3.5E-1,4.E-1,4.5E-1,5.E-1,5.5E-1,6.E-1,6.5E-1,7.E-1,7.5E-1,8.E-1,
8.5E-1,9.E-1,9.5E-1,1.E0),.UNSPECIFIED.);
#117=CIRCLE('',#116,6.1E1);
#130=CIRCLE('',#129,1.2E1);
#139=CIRCLE('',#138,1.2E1);
#144=CIRCLE('',#143,1.2E1);
#153=CIRCLE('',#152,1.2E1);
#166=CIRCLE('',#165,6.1E1);
#175=CIRCLE('',#174,5.E1);
#180=CIRCLE('',#179,5.E0);
#185=CIRCLE('',#184,5.E0);
#194=CIRCLE('',#193,5.E0);
#203=CIRCLE('',#202,5.E0);
#212=CIRCLE('',#211,5.E0);
#221=CIRCLE('',#220,4.9E1);
#226=CIRCLE('',#225,4.9E1);
#235=CIRCLE('',#234,1.E0);
#244=CIRCLE('',#243,1.E0);
#249=CIRCLE('',#248,1.E0);
#254=CIRCLE('',#253,6.152984470574E1);
#259=CIRCLE('',#258,1.E0);
#268=CIRCLE('',#267,1.E0);
#273=CIRCLE('',#272,6.152984470575E1);
#278=CIRCLE('',#277,1.E0);
#283=CIRCLE('',#282,1.E0);
#288=CIRCLE('',#287,1.E0);
#293=CIRCLE('',#292,1.E0);
#298=CIRCLE('',#297,1.E0);
#303=CIRCLE('',#302,2.15E0);
#308=CIRCLE('',#307,2.15E0);
#313=CIRCLE('',#312,2.15E0);
#318=CIRCLE('',#317,2.15E0);
#323=CIRCLE('',#322,2.15E0);
#328=CIRCLE('',#327,2.15E0);
#333=CIRCLE('',#332,2.15E0);
#338=CIRCLE('',#337,2.15E0);
#343=CIRCLE('',#342,2.15E0);
#348=CIRCLE('',#347,2.15E0);
#353=CIRCLE('',#352,2.15E0);
#358=CIRCLE('',#357,2.15E0);
#363=CIRCLE('',#362,2.15E0);
#368=CIRCLE('',#367,2.15E0);
#373=CIRCLE('',#372,2.15E0);
#378=CIRCLE('',#377,2.15E0);
#383=CIRCLE('',#382,1.E0);
#392=CIRCLE('',#391,1.E0);
#401=CIRCLE('',#400,1.E0);
#410=CIRCLE('',#409,1.E0);
#415=CIRCLE('',#414,6.191336636999E1);
#420=CIRCLE('',#419,2.6E0);
#425=CIRCLE('',#424,2.6E0);
#430=CIRCLE('',#429,2.6E0);
#435=CIRCLE('',#434,2.6E0);
#440=CIRCLE('',#439,2.6E0);
#445=CIRCLE('',#444,2.6E0);
#462=CIRCLE('',#461,6.1E1);
#467=CIRCLE('',#466,6.1E1);
#476=CIRCLE('',#475,1.2E1);
#489=CIRCLE('',#488,1.2E1);
#498=CIRCLE('',#497,2.E0);
#507=CIRCLE('',#506,2.E0);
#516=CIRCLE('',#515,2.E0);
#521=CIRCLE('',#520,2.E0);
#530=CIRCLE('',#529,2.E0);
#623=CIRCLE('',#622,5.E0);
#628=CIRCLE('',#627,5.E0);
#641=CIRCLE('',#640,2.6E0);
#646=CIRCLE('',#645,2.6E0);
#651=CIRCLE('',#650,2.6E0);
#656=CIRCLE('',#655,2.6E0);
#661=CIRCLE('',#660,2.6E0);
#666=CIRCLE('',#665,2.6E0);
#671=CIRCLE('',#670,2.6E0);
#676=CIRCLE('',#675,2.6E0);
#681=CIRCLE('',#680,2.6E0);
#686=CIRCLE('',#685,2.6E0);
#691=CIRCLE('',#690,2.6E0);
#696=CIRCLE('',#695,2.6E0);
#705=CIRCLE('',#704,4.125E0);
#710=CIRCLE('',#709,4.125E0);
#715=CIRCLE('',#714,4.9E1);
#720=CIRCLE('',#719,4.125E0);
#725=CIRCLE('',#724,4.125E0);
#730=CIRCLE('',#729,4.125E0);
#735=CIRCLE('',#734,4.9E1);
#740=CIRCLE('',#739,4.125E0);
#745=CIRCLE('',#744,4.125E0);
#750=CIRCLE('',#749,4.125E0);
#755=CIRCLE('',#754,4.9E1);
#760=CIRCLE('',#759,4.9E1);
#765=CIRCLE('',#764,4.125E0);
#770=CIRCLE('',#769,4.125E0);
#775=CIRCLE('',#774,4.125E0);
#780=CIRCLE('',#779,4.9E1);
#785=CIRCLE('',#784,4.125E0);
#790=CIRCLE('',#789,4.125E0);
#795=CIRCLE('',#794,4.125E0);
#800=CIRCLE('',#799,4.9E1);
#805=CIRCLE('',#804,4.125E0);
#810=CIRCLE('',#809,4.125E0);
#815=CIRCLE('',#814,4.125E0);
#820=CIRCLE('',#819,4.9E1);
#825=CIRCLE('',#824,4.125E0);
#830=CIRCLE('',#829,4.125E0);
#835=CIRCLE('',#834,4.125E0);
#840=CIRCLE('',#839,4.9E1);
#857=CIRCLE('',#856,1.2E1);
#866=CIRCLE('',#865,1.2E1);
#875=CIRCLE('',#874,1.2E1);
#880=CIRCLE('',#879,1.2E1);
#889=CIRCLE('',#888,1.2E1);
#894=CIRCLE('',#893,1.2E1);
#911=CIRCLE('',#910,4.9E1);
#916=CIRCLE('',#915,4.125E0);
#921=CIRCLE('',#920,4.125E0);
#926=CIRCLE('',#925,4.125E0);
#931=CIRCLE('',#930,4.9E1);
#936=CIRCLE('',#935,4.125E0);
#941=CIRCLE('',#940,8.125E0);
#946=CIRCLE('',#945,2.E0);
#955=CIRCLE('',#954,8.E0);
#964=CIRCLE('',#963,2.E0);
#969=CIRCLE('',#968,2.E0);
#974=CIRCLE('',#973,8.125E0);
#979=CIRCLE('',#978,2.E0);
#984=CIRCLE('',#983,5.2E1);
#989=CIRCLE('',#988,2.E0);
#994=CIRCLE('',#993,8.125E0);
#999=CIRCLE('',#998,8.125E0);
#1004=CIRCLE('',#1003,2.E0);
#1009=CIRCLE('',#1008,2.E0);
#1014=CIRCLE('',#1013,5.2E1);
#1019=CIRCLE('',#1018,8.125E0);
#1024=CIRCLE('',#1023,5.2E1);
#1029=CIRCLE('',#1028,2.E0);
#1034=CIRCLE('',#1033,2.E0);
#1039=CIRCLE('',#1038,8.125E0);
#1044=CIRCLE('',#1043,8.125E0);
#1049=CIRCLE('',#1048,2.E0);
#1054=CIRCLE('',#1053,5.2E1);
#1063=B_SPLINE_CURVE_WITH_KNOTS('',3,(#1055,#1056,#1057,#1058,#1059,#1060,#1061,
#1062),.UNSPECIFIED.,.F.,.F.,(4,1,1,1,1,4),(0.E0,2.E-1,4.E-1,6.E-1,8.E-1,1.E0),
.UNSPECIFIED.);
#1068=CIRCLE('',#1067,8.125E0);
#1073=CIRCLE('',#1072,2.E0);
#1078=CIRCLE('',#1077,2.E0);
#1083=CIRCLE('',#1082,8.E0);
#1092=CIRCLE('',#1091,2.E0);
#1097=CIRCLE('',#1096,8.125E0);
#1102=CIRCLE('',#1101,2.E0);
#1107=CIRCLE('',#1106,5.2E1);
#1112=CIRCLE('',#1111,2.E0);
#1117=CIRCLE('',#1116,8.125E0);
#1122=CIRCLE('',#1121,2.E0);
#1127=CIRCLE('',#1126,2.E0);
#1136=CIRCLE('',#1135,8.E0);
#1141=CIRCLE('',#1140,2.E0);
#1146=CIRCLE('',#1145,2.E0);
#1151=CIRCLE('',#1150,6.65E0);
#1156=CIRCLE('',#1155,2.E0);
#1161=CIRCLE('',#1160,8.125E0);
#1166=CIRCLE('',#1165,2.E0);
#1171=CIRCLE('',#1170,6.65E0);
#1176=CIRCLE('',#1175,2.E0);
#1185=CIRCLE('',#1184,2.E0);
#1190=CIRCLE('',#1189,2.E0);
#1195=CIRCLE('',#1194,6.65E0);
#1200=CIRCLE('',#1199,6.65E0);
#1205=CIRCLE('',#1204,2.E0);
#1210=CIRCLE('',#1209,8.E0);
#1219=CIRCLE('',#1218,8.E0);
#1228=CIRCLE('',#1227,2.E0);
#1233=CIRCLE('',#1232,6.65E0);
#1238=CIRCLE('',#1237,2.E0);
#1243=CIRCLE('',#1242,2.E0);
#1248=CIRCLE('',#1247,8.125E0);
#1253=CIRCLE('',#1252,8.125E0);
#1258=CIRCLE('',#1257,2.E0);
#1263=CIRCLE('',#1262,2.E0);
#1268=CIRCLE('',#1267,5.2E1);
#1273=CIRCLE('',#1272,5.2E1);
#1278=CIRCLE('',#1277,2.E0);
#1283=CIRCLE('',#1282,2.E0);
#1288=CIRCLE('',#1287,8.125E0);
#1293=CIRCLE('',#1292,2.E0);
#1298=CIRCLE('',#1297,6.65E0);
#1303=CIRCLE('',#1302,2.E0);
#1308=CIRCLE('',#1307,2.E0);
#1313=CIRCLE('',#1312,8.E0);
#1318=CIRCLE('',#1317,2.E0);
#1323=CIRCLE('',#1322,2.E0);
#1328=CIRCLE('',#1327,8.125E0);
#1333=CIRCLE('',#1332,2.E0);
#1338=CIRCLE('',#1337,5.2E1);
#1343=CIRCLE('',#1342,2.E0);
#1348=CIRCLE('',#1347,2.6E0);
#1353=CIRCLE('',#1352,2.6E0);
#1358=CIRCLE('',#1357,2.6E0);
#1363=CIRCLE('',#1362,2.6E0);
#1368=CIRCLE('',#1367,2.6E0);
#1373=CIRCLE('',#1372,2.6E0);
#1382=CIRCLE('',#1381,4.125E0);
#1387=CIRCLE('',#1386,4.125E0);
#1392=CIRCLE('',#1391,2.65E0);
#1397=CIRCLE('',#1396,2.65E0);
#1408=B_SPLINE_CURVE_WITH_KNOTS('',3,(#1402,#1403,#1404,#1405,#1406,#1407),
.UNSPECIFIED.,.F.,.F.,(4,1,1,4),(0.E0,3.333333333333E-1,6.666666666667E-1,1.E0),
.UNSPECIFIED.);
#1417=CIRCLE('',#1416,4.8E1);
#1422=CIRCLE('',#1421,4.8E1);
#1431=CIRCLE('',#1430,1.E0);
#1440=CIRCLE('',#1439,1.E0);
#1482=B_SPLINE_CURVE_WITH_KNOTS('',3,(#1473,#1474,#1475,#1476,#1477,#1478,#1479,
#1480,#1481),.UNSPECIFIED.,.F.,.F.,(4,1,1,1,1,1,4),(0.E0,1.666666666667E-1,
3.333333333333E-1,5.E-1,6.666666666667E-1,8.333333333333E-1,1.E0),
.UNSPECIFIED.);
#1487=CIRCLE('',#1486,4.8E1);
#1492=CIRCLE('',#1491,4.8E1);
#1497=CIRCLE('',#1496,1.E0);
#1502=CIRCLE('',#1501,1.E0);
#1527=CIRCLE('',#1526,1.E0);
#1540=CIRCLE('',#1539,1.E0);
#1549=CIRCLE('',#1548,1.E0);
#1554=CIRCLE('',#1553,1.E0);
#1559=CIRCLE('',#1558,4.E0);
#1572=CIRCLE('',#1571,1.E0);
#1577=CIRCLE('',#1576,1.E0);
#1582=CIRCLE('',#1581,4.E0);
#1596=B_SPLINE_CURVE_WITH_KNOTS('',3,(#1591,#1592,#1593,#1594,#1595),
.UNSPECIFIED.,.F.,.F.,(4,1,4),(0.E0,5.E-1,1.E0),.UNSPECIFIED.);
#1601=CIRCLE('',#1600,4.9E1);
#1615=B_SPLINE_CURVE_WITH_KNOTS('',3,(#1610,#1611,#1612,#1613,#1614),
.UNSPECIFIED.,.F.,.F.,(4,1,4),(0.E0,4.999999999999E-1,1.E0),.UNSPECIFIED.);
#1620=CIRCLE('',#1619,1.E0);
#1625=CIRCLE('',#1624,1.E0);
#1647=B_SPLINE_CURVE_WITH_KNOTS('',3,(#1638,#1639,#1640,#1641,#1642,#1643,#1644,
#1645,#1646),.UNSPECIFIED.,.F.,.F.,(4,1,1,1,1,1,4),(0.E0,1.666666666667E-1,
3.333333333333E-1,5.E-1,6.666666666667E-1,8.333333333333E-1,1.E0),
.UNSPECIFIED.);
#1652=CIRCLE('',#1651,4.8E1);
#1659=B_SPLINE_CURVE_WITH_KNOTS('',3,(#1653,#1654,#1655,#1656,#1657,#1658),
.UNSPECIFIED.,.F.,.F.,(4,1,1,4),(0.E0,3.333333333333E-1,6.666666666667E-1,1.E0),
.UNSPECIFIED.);
#1664=B_SPLINE_CURVE_WITH_KNOTS('',3,(#1660,#1661,#1662,#1663),.UNSPECIFIED.,
.F.,.F.,(4,4),(0.E0,1.E0),.UNSPECIFIED.);
#1671=B_SPLINE_CURVE_WITH_KNOTS('',3,(#1665,#1666,#1667,#1668,#1669,#1670),
.UNSPECIFIED.,.F.,.F.,(4,1,1,4),(0.E0,3.333333333333E-1,6.666666666667E-1,1.E0),
.UNSPECIFIED.);
#1676=CIRCLE('',#1675,4.8E1);
#1684=B_SPLINE_CURVE_WITH_KNOTS('',3,(#1677,#1678,#1679,#1680,#1681,#1682,
#1683),.UNSPECIFIED.,.F.,.F.,(4,1,1,1,4),(0.E0,2.5E-1,5.E-1,7.5E-1,1.E0),
.UNSPECIFIED.);
#1697=B_SPLINE_CURVE_WITH_KNOTS('',3,(#1685,#1686,#1687,#1688,#1689,#1690,#1691,
#1692,#1693,#1694,#1695,#1696),.UNSPECIFIED.,.F.,.F.,(4,1,1,1,1,1,1,1,1,4),
(0.E0,1.111111111111E-1,2.222222222222E-1,3.333333333333E-1,4.444444444444E-1,
5.555555555556E-1,6.666666666667E-1,7.777777777778E-1,8.888888888889E-1,1.E0),
.UNSPECIFIED.);
#1713=B_SPLINE_CURVE_WITH_KNOTS('',3,(#1698,#1699,#1700,#1701,#1702,#1703,#1704,
#1705,#1706,#1707,#1708,#1709,#1710,#1711,#1712),.UNSPECIFIED.,.F.,.F.,(4,1,1,1,
1,1,1,1,1,1,1,1,4),(0.E0,8.333333333333E-2,1.666666666667E-1,2.5E-1,
3.333333333333E-1,4.166666666667E-1,5.E-1,5.833333333333E-1,6.666666666667E-1,
7.5E-1,8.333333333333E-1,9.166666666667E-1,1.E0),.UNSPECIFIED.);
#1722=B_SPLINE_CURVE_WITH_KNOTS('',3,(#1714,#1715,#1716,#1717,#1718,#1719,#1720,
#1721),.UNSPECIFIED.,.F.,.F.,(4,1,1,1,1,4),(0.E0,2.E-1,4.E-1,6.E-1,8.E-1,1.E0),
.UNSPECIFIED.);
#1735=CIRCLE('',#1734,5.1E1);
#1740=CIRCLE('',#1739,5.1E1);
#1745=CIRCLE('',#1744,1.000000000016E0);
#1750=CIRCLE('',#1749,1.000000000081E0);
#1759=CIRCLE('',#1758,1.000000000003E0);
#1768=CIRCLE('',#1767,9.999999999803E-1);
#1773=CIRCLE('',#1772,9.999999999861E-1);
#1778=CIRCLE('',#1777,5.4E1);
#1783=CIRCLE('',#1782,4.E0);
#1788=CIRCLE('',#1787,4.E0);
#1795=B_SPLINE_CURVE_WITH_KNOTS('',3,(#1789,#1790,#1791,#1792,#1793,#1794),
.UNSPECIFIED.,.F.,.F.,(4,1,1,4),(0.E0,3.333333333333E-1,6.666666666667E-1,1.E0),
.UNSPECIFIED.);
#1800=CIRCLE('',#1799,2.999999999999E0);
#1805=CIRCLE('',#1804,2.999999999999E0);
#1810=CIRCLE('',#1809,4.000000000022E0);
#1823=CIRCLE('',#1822,3.000000000011E0);
#1828=CIRCLE('',#1827,3.000000000011E0);
#1833=CIRCLE('',#1832,3.999999999948E0);
#1842=CIRCLE('',#1841,2.999999999970E0);
#1847=CIRCLE('',#1846,2.999999999970E0);
#1852=CIRCLE('',#1851,3.999999999980E0);
#1861=CIRCLE('',#1860,3.000000000010E0);
#1866=CIRCLE('',#1865,3.000000000010E0);
#1871=CIRCLE('',#1870,4.000000000010E0);
#1876=CIRCLE('',#1875,4.000000000010E0);
#1881=CIRCLE('',#1880,3.E0);
#1886=CIRCLE('',#1885,5.1E1);
#1893=B_SPLINE_CURVE_WITH_KNOTS('',3,(#1887,#1888,#1889,#1890,#1891,#1892),
.UNSPECIFIED.,.F.,.F.,(4,1,1,4),(0.E0,3.333333333333E-1,6.666666666667E-1,1.E0),
.UNSPECIFIED.);
#1898=CIRCLE('',#1897,1.E0);
#1903=CIRCLE('',#1902,1.E0);
#1908=CIRCLE('',#1907,3.E0);
#1915=B_SPLINE_CURVE_WITH_KNOTS('',3,(#1909,#1910,#1911,#1912,#1913,#1914),
.UNSPECIFIED.,.F.,.F.,(4,1,1,4),(0.E0,3.333333333333E-1,6.666666666667E-1,1.E0),
.UNSPECIFIED.);
#1935=B_SPLINE_CURVE_WITH_KNOTS('',3,(#1916,#1917,#1918,#1919,#1920,#1921,#1922,
#1923,#1924,#1925,#1926,#1927,#1928,#1929,#1930,#1931,#1932,#1933,#1934),
.UNSPECIFIED.,.F.,.F.,(4,1,1,1,1,1,1,1,1,1,1,1,1,1,1,1,4),(0.E0,6.25E-2,1.25E-1,
1.875E-1,2.5E-1,3.125E-1,3.75E-1,4.375E-1,5.E-1,5.625E-1,6.25E-1,6.875E-1,
7.5E-1,8.125E-1,8.75E-1,9.375E-1,1.E0),.UNSPECIFIED.);
#1948=B_SPLINE_CURVE_WITH_KNOTS('',3,(#1936,#1937,#1938,#1939,#1940,#1941,#1942,
#1943,#1944,#1945,#1946,#1947),.UNSPECIFIED.,.F.,.F.,(4,1,1,1,1,1,1,1,1,4),
(0.E0,1.111111111111E-1,2.222222222222E-1,3.333333333333E-1,4.444444444444E-1,
5.555555555556E-1,6.666666666667E-1,7.777777777778E-1,8.888888888889E-1,1.E0),
.UNSPECIFIED.);
#1956=B_SPLINE_CURVE_WITH_KNOTS('',3,(#1949,#1950,#1951,#1952,#1953,#1954,
#1955),.UNSPECIFIED.,.F.,.F.,(4,1,1,1,4),(0.E0,2.5E-1,5.E-1,7.5E-1,1.E0),
.UNSPECIFIED.);
#1961=CIRCLE('',#1960,2.999999999999E0);
#1972=B_SPLINE_CURVE_WITH_KNOTS('',3,(#1966,#1967,#1968,#1969,#1970,#1971),
.UNSPECIFIED.,.F.,.F.,(4,1,1,4),(0.E0,3.333333333333E-1,6.666666666667E-1,1.E0),
.UNSPECIFIED.);
#1993=CIRCLE('',#1992,9.999999999997E-1);
#2006=CIRCLE('',#2005,4.8E1);
#2011=CIRCLE('',#2010,4.8E1);
#2020=CIRCLE('',#2019,9.999999999997E-1);
#2029=CIRCLE('',#2028,4.E0);
#2046=CIRCLE('',#2045,4.E0);
#2059=CIRCLE('',#2058,4.E0);
#2068=CIRCLE('',#2067,4.E0);
#2073=CIRCLE('',#2072,4.E0);
#2082=CIRCLE('',#2081,5.1E1);
#2095=CIRCLE('',#2094,9.999999999997E-1);
#2100=CIRCLE('',#2099,9.999999999997E-1);
#2157=B_SPLINE_CURVE_WITH_KNOTS('',3,(#2153,#2154,#2155,#2156),.UNSPECIFIED.,
.F.,.F.,(4,4),(0.E0,1.E0),.UNSPECIFIED.);
#2176=B_SPLINE_CURVE_WITH_KNOTS('',3,(#2170,#2171,#2172,#2173,#2174,#2175),
.UNSPECIFIED.,.F.,.F.,(4,1,1,4),(0.E0,3.333333333333E-1,6.666666666667E-1,1.E0),
.UNSPECIFIED.);
#2181=CIRCLE('',#2180,4.125E0);
#2186=CIRCLE('',#2185,4.125E0);
#2191=CIRCLE('',#2190,2.65E0);
#2196=CIRCLE('',#2195,2.65E0);
#2213=CIRCLE('',#2212,2.15E0);
#2222=CIRCLE('',#2221,2.15E0);
#2237=B_SPLINE_CURVE_WITH_KNOTS('',3,(#2231,#2232,#2233,#2234,#2235,#2236),
.UNSPECIFIED.,.F.,.F.,(4,1,1,4),(0.E0,3.333333333333E-1,6.666666666667E-1,1.E0),
.UNSPECIFIED.);
#2242=CIRCLE('',#2241,4.125E0);
#2247=CIRCLE('',#2246,4.125E0);
#2252=CIRCLE('',#2251,2.65E0);
#2257=CIRCLE('',#2256,2.65E0);
#2274=CIRCLE('',#2273,2.15E0);
#2283=CIRCLE('',#2282,2.15E0);
#2298=B_SPLINE_CURVE_WITH_KNOTS('',3,(#2292,#2293,#2294,#2295,#2296,#2297),
.UNSPECIFIED.,.F.,.F.,(4,1,1,4),(0.E0,3.333333333333E-1,6.666666666667E-1,1.E0),
.UNSPECIFIED.);
#2303=CIRCLE('',#2302,4.125E0);
#2308=CIRCLE('',#2307,4.125E0);
#2313=CIRCLE('',#2312,2.65E0);
#2318=CIRCLE('',#2317,2.65E0);
#2335=CIRCLE('',#2334,2.15E0);
#2344=CIRCLE('',#2343,2.15E0);
#2359=B_SPLINE_CURVE_WITH_KNOTS('',3,(#2353,#2354,#2355,#2356,#2357,#2358),
.UNSPECIFIED.,.F.,.F.,(4,1,1,4),(0.E0,3.333333333333E-1,6.666666666667E-1,1.E0),
.UNSPECIFIED.);
#2364=CIRCLE('',#2363,4.125E0);
#2369=CIRCLE('',#2368,4.125E0);
#2374=CIRCLE('',#2373,2.65E0);
#2379=CIRCLE('',#2378,2.65E0);
#2396=CIRCLE('',#2395,2.15E0);
#2405=CIRCLE('',#2404,2.15E0);
#2420=B_SPLINE_CURVE_WITH_KNOTS('',3,(#2414,#2415,#2416,#2417,#2418,#2419),
.UNSPECIFIED.,.F.,.F.,(4,1,1,4),(0.E0,3.333333333333E-1,6.666666666667E-1,1.E0),
.UNSPECIFIED.);
#2425=CIRCLE('',#2424,4.125E0);
#2430=CIRCLE('',#2429,4.125E0);
#2435=CIRCLE('',#2434,2.65E0);
#2440=CIRCLE('',#2439,2.65E0);
#2457=CIRCLE('',#2456,2.15E0);
#2466=CIRCLE('',#2465,2.15E0);
#2481=B_SPLINE_CURVE_WITH_KNOTS('',3,(#2475,#2476,#2477,#2478,#2479,#2480),
.UNSPECIFIED.,.F.,.F.,(4,1,1,4),(0.E0,3.333333333333E-1,6.666666666667E-1,1.E0),
.UNSPECIFIED.);
#2486=CIRCLE('',#2485,4.125E0);
#2491=CIRCLE('',#2490,4.125E0);
#2496=CIRCLE('',#2495,2.65E0);
#2501=CIRCLE('',#2500,2.65E0);
#2518=CIRCLE('',#2517,2.15E0);
#2527=CIRCLE('',#2526,2.15E0);
#2542=B_SPLINE_CURVE_WITH_KNOTS('',3,(#2536,#2537,#2538,#2539,#2540,#2541),
.UNSPECIFIED.,.F.,.F.,(4,1,1,4),(0.E0,3.333333333333E-1,6.666666666667E-1,1.E0),
.UNSPECIFIED.);
#2547=CIRCLE('',#2546,4.125E0);
#2552=CIRCLE('',#2551,4.125E0);
#2557=CIRCLE('',#2556,2.15E0);
#2562=CIRCLE('',#2561,2.15E0);
#2587=CIRCLE('',#2586,2.15E0);
#2596=CIRCLE('',#2595,2.15E0);
#2617=B_SPLINE_CURVE_WITH_KNOTS('',3,(#2609,#2610,#2611,#2612,#2613,#2614,#2615,
#2616),.UNSPECIFIED.,.F.,.F.,(4,1,1,1,1,4),(0.E0,2.E-1,4.E-1,6.E-1,8.E-1,1.E0),
.UNSPECIFIED.);
#2682=CIRCLE('',#2681,2.1E0);
#2700=B_SPLINE_CURVE_WITH_KNOTS('',3,(#2687,#2688,#2689,#2690,#2691,#2692,#2693,
#2694,#2695,#2696,#2697,#2698,#2699),.UNSPECIFIED.,.F.,.F.,(4,1,1,1,1,1,1,1,1,1,
4),(0.E0,1.E-1,2.E-1,3.E-1,4.E-1,5.E-1,6.E-1,7.E-1,8.E-1,9.E-1,1.E0),
.UNSPECIFIED.);
#2709=CIRCLE('',#2708,2.E0);
#2714=CIRCLE('',#2713,2.E0);
#2719=CIRCLE('',#2718,2.E0);
#2728=CIRCLE('',#2727,8.125E0);
#2733=CIRCLE('',#2732,5.4E1);
#2738=CIRCLE('',#2737,1.0125E1);
#2743=CIRCLE('',#2742,1.0125E1);
#2748=CIRCLE('',#2747,5.4E1);
#2753=CIRCLE('',#2752,1.0125E1);
#2758=CIRCLE('',#2757,6.E0);
#2767=CIRCLE('',#2766,2.E0);
#2772=CIRCLE('',#2771,5.2E1);
#2777=CIRCLE('',#2776,2.E0);
#2782=CIRCLE('',#2781,2.E0);
#2787=CIRCLE('',#2786,2.E0);
#2792=CIRCLE('',#2791,8.125E0);
#2797=CIRCLE('',#2796,8.125E0);
#2802=CIRCLE('',#2801,2.E0);
#2807=CIRCLE('',#2806,2.E0);
#2812=CIRCLE('',#2811,2.E0);
#2817=CIRCLE('',#2816,5.2E1);
#2822=CIRCLE('',#2821,2.E0);
#2827=CIRCLE('',#2826,2.E0);
#2832=CIRCLE('',#2831,2.E0);
#2837=CIRCLE('',#2836,8.125E0);
#2842=CIRCLE('',#2841,2.E0);
#2847=CIRCLE('',#2846,2.E0);
#2852=CIRCLE('',#2851,2.E0);
#2857=CIRCLE('',#2856,2.E0);
#2870=CIRCLE('',#2869,2.E0);
#2875=CIRCLE('',#2874,2.E0);
#2880=CIRCLE('',#2879,8.E0);
#2885=CIRCLE('',#2884,2.1E0);
#2890=CIRCLE('',#2889,2.1E0);
#2907=CIRCLE('',#2906,2.1E0);
#2920=CIRCLE('',#2919,2.1E0);
#2981=B_SPLINE_CURVE_WITH_KNOTS('',3,(#2973,#2974,#2975,#2976,#2977,#2978,#2979,
#2980),.UNSPECIFIED.,.F.,.F.,(4,1,1,1,1,4),(0.E0,2.E-1,4.E-1,6.E-1,8.E-1,1.E0),
.UNSPECIFIED.);
#3003=B_SPLINE_CURVE_WITH_KNOTS('',3,(#2990,#2991,#2992,#2993,#2994,#2995,#2996,
#2997,#2998,#2999,#3000,#3001,#3002),.UNSPECIFIED.,.F.,.F.,(4,1,1,1,1,1,1,1,1,1,
4),(0.E0,1.E-1,2.E-1,3.E-1,4.E-1,5.E-1,6.E-1,7.E-1,8.E-1,9.E-1,1.E0),
.UNSPECIFIED.);
#3008=CIRCLE('',#3007,1.0125E1);
#3013=CIRCLE('',#3012,5.4E1);
#3018=CIRCLE('',#3017,8.125E0);
#3027=CIRCLE('',#3026,6.E0);
#3032=CIRCLE('',#3031,1.0125E1);
#3037=CIRCLE('',#3036,5.4E1);
#3042=CIRCLE('',#3041,1.0125E1);
#3047=CIRCLE('',#3046,2.E0);
#3052=CIRCLE('',#3051,8.125E0);
#3057=CIRCLE('',#3056,8.125E0);
#3062=CIRCLE('',#3061,2.E0);
#3067=CIRCLE('',#3066,2.E0);
#3072=CIRCLE('',#3071,2.E0);
#3077=CIRCLE('',#3076,5.2E1);
#3082=CIRCLE('',#3081,2.E0);
#3087=CIRCLE('',#3086,2.E0);
#3092=CIRCLE('',#3091,2.E0);
#3097=CIRCLE('',#3096,8.125E0);
#3102=CIRCLE('',#3101,2.E0);
#3107=CIRCLE('',#3106,2.E0);
#3112=CIRCLE('',#3111,2.E0);
#3125=CIRCLE('',#3124,2.E0);
#3130=CIRCLE('',#3129,8.E0);
#3135=CIRCLE('',#3134,2.E0);
#3144=CIRCLE('',#3143,2.E0);
#3149=CIRCLE('',#3148,2.E0);
#3154=CIRCLE('',#3153,2.E0);
#3167=CIRCLE('',#3166,2.E0);
#3172=CIRCLE('',#3171,2.E0);
#3177=CIRCLE('',#3176,2.E0);
#3182=CIRCLE('',#3181,2.E0);
#3187=CIRCLE('',#3186,5.2E1);
#3192=CIRCLE('',#3191,2.1E0);
#3197=CIRCLE('',#3196,2.1E0);
#3214=CIRCLE('',#3213,2.1E0);
#3239=CIRCLE('',#3238,8.125E0);
#3244=CIRCLE('',#3243,2.E0);
#3249=CIRCLE('',#3248,6.65E0);
#3254=CIRCLE('',#3253,2.E0);
#3259=CIRCLE('',#3258,2.E0);
#3264=CIRCLE('',#3263,8.E0);
#3269=CIRCLE('',#3268,2.E0);
#3274=CIRCLE('',#3273,2.E0);
#3279=CIRCLE('',#3278,8.125E0);
#3284=CIRCLE('',#3283,2.E0);
#3289=CIRCLE('',#3288,5.2E1);
#3294=CIRCLE('',#3293,2.E0);
#3339=CIRCLE('',#3338,8.125E0);
#3344=CIRCLE('',#3343,8.125E0);
#3349=CIRCLE('',#3348,2.E0);
#3354=CIRCLE('',#3353,2.E0);
#3359=CIRCLE('',#3358,6.65E0);
#3364=CIRCLE('',#3363,2.E0);
#3373=CIRCLE('',#3372,8.E0);
#3378=CIRCLE('',#3377,8.E0);
#3383=CIRCLE('',#3382,2.E0);
#3388=CIRCLE('',#3387,6.65E0);
#3393=CIRCLE('',#3392,6.65E0);
#3398=CIRCLE('',#3397,2.E0);
#3403=CIRCLE('',#3402,2.E0);
#3412=CIRCLE('',#3411,2.E0);
#3417=CIRCLE('',#3416,6.65E0);
#3422=CIRCLE('',#3421,2.E0);
#3427=CIRCLE('',#3426,8.125E0);
#3432=CIRCLE('',#3431,2.E0);
#3437=CIRCLE('',#3436,2.E0);
#3442=CIRCLE('',#3441,5.2E1);
#3447=CIRCLE('',#3446,5.2E1);
#3452=CIRCLE('',#3451,2.E0);
#3457=CIRCLE('',#3456,2.E0);
#3542=CIRCLE('',#3541,6.65E0);
#3547=CIRCLE('',#3546,2.E0);
#3552=CIRCLE('',#3551,8.125E0);
#3557=CIRCLE('',#3556,2.E0);
#3562=CIRCLE('',#3561,5.2E1);
#3567=CIRCLE('',#3566,2.E0);
#3572=CIRCLE('',#3571,8.125E0);
#3577=CIRCLE('',#3576,2.E0);
#3582=CIRCLE('',#3581,2.E0);
#3591=CIRCLE('',#3590,8.E0);
#3596=CIRCLE('',#3595,2.E0);
#3601=CIRCLE('',#3600,2.E0);
#3654=CIRCLE('',#3653,2.1E0);
#3659=CIRCLE('',#3658,2.1E0);
#3668=CIRCLE('',#3667,2.1E0);
#3673=CIRCLE('',#3672,2.1E0);
#3698=CIRCLE('',#3697,2.1E0);
#3703=CIRCLE('',#3702,2.1E0);
#3712=CIRCLE('',#3711,2.1E0);
#3717=CIRCLE('',#3716,2.1E0);
#3742=CIRCLE('',#3741,2.1E0);
#3747=CIRCLE('',#3746,2.1E0);
#3756=CIRCLE('',#3755,2.1E0);
#3761=CIRCLE('',#3760,2.1E0);
#3786=CIRCLE('',#3785,2.1E0);
#3810=B_SPLINE_CURVE_WITH_KNOTS('',3,(#3787,#3788,#3789,#3790,#3791,#3792,#3793,
#3794,#3795,#3796,#3797,#3798,#3799,#3800,#3801,#3802,#3803,#3804,#3805,#3806,
#3807,#3808,#3809),.UNSPECIFIED.,.F.,.F.,(4,1,1,1,1,1,1,1,1,1,1,1,1,1,1,1,1,1,1,
1,4),(0.E0,5.E-2,1.E-1,1.5E-1,2.E-1,2.5E-1,3.E-1,3.5E-1,4.E-1,4.5E-1,5.E-1,
5.5E-1,6.E-1,6.5E-1,7.E-1,7.5E-1,8.E-1,8.5E-1,9.E-1,9.5E-1,1.E0),.UNSPECIFIED.);
#3819=CIRCLE('',#3818,2.1E0);
#3836=CIRCLE('',#3835,2.1E0);
#3860=B_SPLINE_CURVE_WITH_KNOTS('',3,(#3837,#3838,#3839,#3840,#3841,#3842,#3843,
#3844,#3845,#3846,#3847,#3848,#3849,#3850,#3851,#3852,#3853,#3854,#3855,#3856,
#3857,#3858,#3859),.UNSPECIFIED.,.F.,.F.,(4,1,1,1,1,1,1,1,1,1,1,1,1,1,1,1,1,1,1,
1,4),(0.E0,5.E-2,1.E-1,1.5E-1,2.E-1,2.5E-1,3.E-1,3.5E-1,4.E-1,4.5E-1,5.E-1,
5.5E-1,6.E-1,6.5E-1,7.E-1,7.5E-1,8.E-1,8.5E-1,9.E-1,9.5E-1,1.E0),.UNSPECIFIED.);
#3869=CIRCLE('',#3868,2.1E0);
#3886=CIRCLE('',#3885,2.1E0);
#3895=CIRCLE('',#3894,2.1E0);
#3919=B_SPLINE_CURVE_WITH_KNOTS('',3,(#3896,#3897,#3898,#3899,#3900,#3901,#3902,
#3903,#3904,#3905,#3906,#3907,#3908,#3909,#3910,#3911,#3912,#3913,#3914,#3915,
#3916,#3917,#3918),.UNSPECIFIED.,.F.,.F.,(4,1,1,1,1,1,1,1,1,1,1,1,1,1,1,1,1,1,1,
1,4),(0.E0,5.E-2,1.E-1,1.5E-1,2.E-1,2.5E-1,3.E-1,3.5E-1,4.E-1,4.5E-1,5.E-1,
5.5E-1,6.E-1,6.5E-1,7.E-1,7.5E-1,8.E-1,8.5E-1,9.E-1,9.5E-1,1.E0),.UNSPECIFIED.);
#3936=CIRCLE('',#3935,2.1E0);
#3945=CIRCLE('',#3944,2.1E0);
#3969=B_SPLINE_CURVE_WITH_KNOTS('',3,(#3946,#3947,#3948,#3949,#3950,#3951,#3952,
#3953,#3954,#3955,#3956,#3957,#3958,#3959,#3960,#3961,#3962,#3963,#3964,#3965,
#3966,#3967,#3968),.UNSPECIFIED.,.F.,.F.,(4,1,1,1,1,1,1,1,1,1,1,1,1,1,1,1,1,1,1,
1,4),(0.E0,5.E-2,1.E-1,1.5E-1,2.E-1,2.5E-1,3.E-1,3.5E-1,4.E-1,4.5E-1,5.E-1,
5.5E-1,6.E-1,6.5E-1,7.E-1,7.5E-1,8.E-1,8.5E-1,9.E-1,9.5E-1,1.E0),.UNSPECIFIED.);
#4002=CIRCLE('',#4001,2.E0);
#4011=CIRCLE('',#4010,2.E0);
#4016=CIRCLE('',#4015,2.E0);
#4025=CIRCLE('',#4024,2.E0);
#4034=CIRCLE('',#4033,2.E0);
#4051=CIRCLE('',#4050,1.E0);
#4056=CIRCLE('',#4055,6.152984470574E1);
#4061=CIRCLE('',#4060,1.E0);
#4066=CIRCLE('',#4065,1.E0);
#4071=CIRCLE('',#4070,1.E0);
#4076=CIRCLE('',#4075,1.E0);
#4085=CIRCLE('',#4084,1.25E0);
#4090=CIRCLE('',#4089,1.25E0);
#4095=CIRCLE('',#4094,1.25E0);
#4100=CIRCLE('',#4099,1.25E0);
#4125=CIRCLE('',#4124,1.75E0);
#4130=CIRCLE('',#4129,1.75E0);
#4135=CIRCLE('',#4134,1.75E0);
#4140=CIRCLE('',#4139,1.75E0);
#4161=CIRCLE('',#4160,1.25E0);
#4170=CIRCLE('',#4169,1.25E0);
#4187=CIRCLE('',#4186,1.25E0);
#4196=CIRCLE('',#4195,1.25E0);
#4213=CIRCLE('',#4212,6.152984470575E1);
#4218=CIRCLE('',#4217,1.E0);
#4227=CIRCLE('',#4226,1.E0);
#4236=CIRCLE('',#4235,1.E0);
#4245=CIRCLE('',#4244,1.E0);
#4250=CIRCLE('',#4249,1.E0);
#4259=CIRCLE('',#4258,1.25E0);
#4264=CIRCLE('',#4263,1.25E0);
#4269=CIRCLE('',#4268,1.25E0);
#4274=CIRCLE('',#4273,1.25E0);
#4303=CIRCLE('',#4302,1.75E0);
#4308=CIRCLE('',#4307,1.75E0);
#4313=CIRCLE('',#4312,1.75E0);
#4318=CIRCLE('',#4317,1.75E0);
#4339=CIRCLE('',#4338,1.25E0);
#4348=CIRCLE('',#4347,1.25E0);
#4365=CIRCLE('',#4364,1.25E0);
#4374=CIRCLE('',#4373,1.25E0);
#4399=CIRCLE('',#4398,6.191336636999E1);
#4404=CIRCLE('',#4403,1.E0);
#4409=CIRCLE('',#4408,1.E0);
#4414=CIRCLE('',#4413,1.E0);
#4419=CIRCLE('',#4418,1.E0);
#4428=CIRCLE('',#4427,1.25E0);
#4433=CIRCLE('',#4432,1.25E0);
#4438=CIRCLE('',#4437,1.25E0);
#4443=CIRCLE('',#4442,1.25E0);
#4472=CIRCLE('',#4471,1.75E0);
#4477=CIRCLE('',#4476,1.75E0);
#4482=CIRCLE('',#4481,1.75E0);
#4487=CIRCLE('',#4486,1.75E0);
#4500=CIRCLE('',#4499,1.25E0);
#4509=CIRCLE('',#4508,1.25E0);
#4526=CIRCLE('',#4525,1.25E0);
#4535=CIRCLE('',#4534,1.25E0);
#5715=EDGE_CURVE('',#4542,#4543,#4,.T.);
#5717=EDGE_CURVE('',#4545,#4543,#117,.T.);
#5719=EDGE_CURVE('',#4547,#4545,#166,.T.);
#5721=EDGE_CURVE('',#4547,#4549,#8,.T.);
#5723=EDGE_CURVE('',#4551,#4549,#467,.T.);
#5725=EDGE_CURVE('',#4542,#4551,#462,.T.);
#5729=EDGE_CURVE('',#4552,#4553,#3810,.T.);
#5731=EDGE_CURVE('',#4552,#4553,#32,.T.);
#5735=EDGE_CURVE('',#4554,#4555,#56,.T.);
#5737=EDGE_CURVE('',#4554,#4555,#3969,.T.);
#5741=EDGE_CURVE('',#4556,#4557,#3860,.T.);
#5743=EDGE_CURVE('',#4556,#4557,#80,.T.);
#5747=EDGE_CURVE('',#4558,#4559,#104,.T.);
#5749=EDGE_CURVE('',#4558,#4559,#3919,.T.);
#5759=EDGE_CURVE('',#4561,#4543,#108,.T.);
#5762=EDGE_CURVE('',#4542,#4563,#112,.T.);
#5764=EDGE_CURVE('',#4561,#4563,#449,.T.);
#5776=EDGE_CURVE('',#4561,#4565,#121,.T.);
#5778=EDGE_CURVE('',#4565,#4567,#125,.T.);
#5780=EDGE_CURVE('',#4567,#4569,#130,.T.);
#5782=EDGE_CURVE('',#4569,#4571,#134,.T.);
#5784=EDGE_CURVE('',#4571,#4573,#139,.T.);
#5786=EDGE_CURVE('',#4575,#4573,#574,.T.);
#5788=EDGE_CURVE('',#4575,#4577,#144,.T.);
#5790=EDGE_CURVE('',#4577,#4579,#148,.T.);
#5792=EDGE_CURVE('',#4579,#4581,#153,.T.);
#5794=EDGE_CURVE('',#4583,#4581,#550,.T.);
#5796=EDGE_CURVE('',#4583,#4585,#157,.T.);
#5798=EDGE_CURVE('',#4585,#4547,#161,.T.);
#5803=EDGE_CURVE('',#4588,#4589,#170,.T.);
#5805=EDGE_CURVE('',#4589,#4591,#175,.T.);
#5807=EDGE_CURVE('',#4591,#4593,#180,.T.);
#5809=EDGE_CURVE('',#4593,#4595,#185,.T.);
#5811=EDGE_CURVE('',#4595,#4597,#189,.T.);
#5813=EDGE_CURVE('',#4597,#4599,#194,.T.);
#5815=EDGE_CURVE('',#4599,#4601,#198,.T.);
#5817=EDGE_CURVE('',#4601,#4603,#203,.T.);
#5819=EDGE_CURVE('',#4603,#4605,#207,.T.);
#5821=EDGE_CURVE('',#4605,#4607,#212,.T.);
#5823=EDGE_CURVE('',#4607,#4609,#216,.T.);
#5825=EDGE_CURVE('',#4609,#4611,#221,.T.);
#5827=EDGE_CURVE('',#4611,#4588,#226,.T.);
#5831=EDGE_CURVE('',#4614,#4615,#230,.T.);
#5833=EDGE_CURVE('',#4615,#4617,#235,.T.);
#5835=EDGE_CURVE('',#4617,#4619,#239,.T.);
#5837=EDGE_CURVE('',#4619,#4621,#244,.T.);
#5839=EDGE_CURVE('',#4621,#4623,#249,.T.);
#5841=EDGE_CURVE('',#4623,#4625,#254,.T.);
#5843=EDGE_CURVE('',#4625,#4627,#259,.T.);
#5845=EDGE_CURVE('',#4627,#4629,#263,.T.);
#5847=EDGE_CURVE('',#4629,#4614,#268,.T.);
#5851=EDGE_CURVE('',#4632,#4633,#273,.T.);
#5853=EDGE_CURVE('',#4633,#4635,#278,.T.);
#5855=EDGE_CURVE('',#4635,#4637,#283,.T.);
#5857=EDGE_CURVE('',#4639,#4637,#4298,.T.);
#5859=EDGE_CURVE('',#4639,#4641,#288,.T.);
#5861=EDGE_CURVE('',#4643,#4641,#4286,.T.);
#5863=EDGE_CURVE('',#4643,#4645,#293,.T.);
#5865=EDGE_CURVE('',#4647,#4645,#4254,.T.);
#5867=EDGE_CURVE('',#4647,#4632,#298,.T.);
#5871=EDGE_CURVE('',#4650,#4651,#303,.T.);
#5873=EDGE_CURVE('',#4651,#4650,#308,.T.);
#5877=EDGE_CURVE('',#4654,#4655,#313,.T.);
#5879=EDGE_CURVE('',#4655,#4654,#318,.T.);
#5883=EDGE_CURVE('',#4658,#4659,#323,.T.);
#5885=EDGE_CURVE('',#4659,#4658,#328,.T.);
#5889=EDGE_CURVE('',#4662,#4663,#333,.T.);
#5891=EDGE_CURVE('',#4663,#4662,#338,.T.);
#5895=EDGE_CURVE('',#4666,#4667,#343,.T.);
#5897=EDGE_CURVE('',#4667,#4666,#348,.T.);
#5901=EDGE_CURVE('',#4670,#4671,#353,.T.);
#5903=EDGE_CURVE('',#4671,#4670,#358,.T.);
#5907=EDGE_CURVE('',#4674,#4675,#363,.T.);
#5909=EDGE_CURVE('',#4675,#4674,#368,.T.);
#5913=EDGE_CURVE('',#4678,#4679,#373,.T.);
#5915=EDGE_CURVE('',#4679,#4678,#378,.T.);
#5919=EDGE_CURVE('',#4682,#4683,#383,.T.);
#5921=EDGE_CURVE('',#4683,#4685,#387,.T.);
#5923=EDGE_CURVE('',#4685,#4687,#392,.T.);
#5925=EDGE_CURVE('',#4687,#4689,#396,.T.);
#5927=EDGE_CURVE('',#4689,#4691,#401,.T.);
#5929=EDGE_CURVE('',#4691,#4693,#405,.T.);
#5931=EDGE_CURVE('',#4693,#4695,#410,.T.);
#5933=EDGE_CURVE('',#4695,#4682,#415,.T.);
#5937=EDGE_CURVE('',#5688,#5689,#420,.T.);
#5939=EDGE_CURVE('',#5689,#5688,#425,.T.);
#5943=EDGE_CURVE('',#5696,#5697,#430,.T.);
#5945=EDGE_CURVE('',#5697,#5696,#435,.T.);
#5949=EDGE_CURVE('',#5708,#5709,#440,.T.);
#5951=EDGE_CURVE('',#5709,#5708,#445,.T.);
#5963=EDGE_CURVE('',#4563,#5108,#453,.T.);
#5965=EDGE_CURVE('',#5108,#4565,#457,.T.);
#5978=EDGE_CURVE('',#4549,#5114,#471,.T.);
#5980=EDGE_CURVE('',#5112,#5114,#538,.T.);
#5982=EDGE_CURVE('',#5110,#5112,#542,.T.);
#5984=EDGE_CURVE('',#5110,#5088,#476,.T.);
#5986=EDGE_CURVE('',#5088,#5011,#480,.T.);
#5988=EDGE_CURVE('',#5028,#5011,#636,.T.);
#5990=EDGE_CURVE('',#5028,#5104,#484,.T.);
#5992=EDGE_CURVE('',#5104,#5106,#489,.T.);
#5994=EDGE_CURVE('',#5106,#5108,#493,.T.);
#5999=EDGE_CURVE('',#5117,#5118,#498,.T.);
#6001=EDGE_CURVE('',#5118,#5120,#502,.T.);
#6003=EDGE_CURVE('',#5120,#5122,#507,.T.);
#6005=EDGE_CURVE('',#5122,#5124,#511,.T.);
#6007=EDGE_CURVE('',#5124,#5127,#516,.T.);
#6009=EDGE_CURVE('',#5127,#5128,#521,.T.);
#6011=EDGE_CURVE('',#5128,#5130,#525,.T.);
#6013=EDGE_CURVE('',#5130,#5117,#530,.T.);
#6023=EDGE_CURVE('',#4585,#5114,#534,.T.);
#6038=EDGE_CURVE('',#5112,#4583,#546,.T.);
#6049=EDGE_CURVE('',#4763,#4581,#558,.T.);
#6051=EDGE_CURVE('',#4761,#4763,#861,.T.);
#6053=EDGE_CURVE('',#5110,#4761,#2604,.T.);
#6066=EDGE_CURVE('',#4579,#4765,#554,.T.);
#6068=EDGE_CURVE('',#4763,#4765,#866,.T.);
#6080=EDGE_CURVE('',#4767,#4577,#566,.T.);
#6082=EDGE_CURVE('',#4765,#4767,#870,.T.);
#6094=EDGE_CURVE('',#4575,#4769,#562,.T.);
#6096=EDGE_CURVE('',#4767,#4769,#875,.T.);
#6108=EDGE_CURVE('',#4771,#4573,#582,.T.);
#6110=EDGE_CURVE('',#4771,#4769,#570,.T.);
#6122=EDGE_CURVE('',#4571,#4773,#578,.T.);
#6124=EDGE_CURVE('',#4771,#4773,#880,.T.);
#6136=EDGE_CURVE('',#4775,#4569,#590,.T.);
#6138=EDGE_CURVE('',#4773,#4775,#884,.T.);
#6150=EDGE_CURVE('',#4567,#4777,#586,.T.);
#6152=EDGE_CURVE('',#4775,#4777,#889,.T.);
#6164=EDGE_CURVE('',#4779,#5106,#602,.T.);
#6166=EDGE_CURVE('',#4779,#4777,#594,.T.);
#6180=EDGE_CURVE('',#5104,#4781,#598,.T.);
#6182=EDGE_CURVE('',#4779,#4781,#894,.T.);
#6194=EDGE_CURVE('',#5028,#5026,#606,.T.);
#6196=EDGE_CURVE('',#5026,#4783,#610,.T.);
#6198=EDGE_CURVE('',#4781,#4783,#898,.T.);
#6210=EDGE_CURVE('',#5011,#5012,#614,.T.);
#6212=EDGE_CURVE('',#5012,#5014,#618,.T.);
#6214=EDGE_CURVE('',#5016,#5014,#1514,.T.);
#6216=EDGE_CURVE('',#5016,#5018,#623,.T.);
#6218=EDGE_CURVE('',#5020,#5018,#1563,.T.);
#6220=EDGE_CURVE('',#5020,#5022,#628,.T.);
#6222=EDGE_CURVE('',#5024,#5022,#1452,.T.);
#6224=EDGE_CURVE('',#5024,#5026,#632,.T.);
#6230=EDGE_CURVE('',#5568,#5569,#641,.T.);
#6232=EDGE_CURVE('',#5569,#5568,#646,.T.);
#6236=EDGE_CURVE('',#5576,#5577,#651,.T.);
#6238=EDGE_CURVE('',#5577,#5576,#656,.T.);
#6242=EDGE_CURVE('',#5584,#5585,#661,.T.);
#6244=EDGE_CURVE('',#5585,#5584,#666,.T.);
#6248=EDGE_CURVE('',#5592,#5593,#671,.T.);
#6250=EDGE_CURVE('',#5593,#5592,#676,.T.);
#6254=EDGE_CURVE('',#5600,#5601,#681,.T.);
#6256=EDGE_CURVE('',#5601,#5600,#686,.T.);
#6260=EDGE_CURVE('',#5608,#5609,#691,.T.);
#6262=EDGE_CURVE('',#5609,#5608,#696,.T.);
#6272=EDGE_CURVE('',#4757,#4759,#852,.T.);
#6274=EDGE_CURVE('',#4757,#5012,#700,.T.);
#6278=EDGE_CURVE('',#4759,#5088,#2608,.T.);
#6288=EDGE_CURVE('',#4698,#4699,#705,.T.);
#6290=EDGE_CURVE('',#4699,#4701,#710,.T.);
#6292=EDGE_CURVE('',#4701,#4703,#715,.T.);
#6294=EDGE_CURVE('',#4703,#4705,#720,.T.);
#6296=EDGE_CURVE('',#4705,#4707,#725,.T.);
#6298=EDGE_CURVE('',#4707,#4709,#730,.T.);
#6300=EDGE_CURVE('',#4709,#4711,#735,.T.);
#6302=EDGE_CURVE('',#4711,#4713,#740,.T.);
#6304=EDGE_CURVE('',#4713,#4715,#745,.T.);
#6306=EDGE_CURVE('',#4715,#4717,#750,.T.);
#6308=EDGE_CURVE('',#4717,#4720,#755,.T.);
#6310=EDGE_CURVE('',#4720,#4721,#760,.T.);
#6312=EDGE_CURVE('',#4721,#4723,#765,.T.);
#6314=EDGE_CURVE('',#4723,#4725,#770,.T.);
#6316=EDGE_CURVE('',#4725,#4727,#775,.T.);
#6318=EDGE_CURVE('',#4727,#4729,#780,.T.);
#6320=EDGE_CURVE('',#4729,#4731,#785,.T.);
#6322=EDGE_CURVE('',#4731,#4733,#790,.T.);
#6324=EDGE_CURVE('',#4733,#4735,#795,.T.);
#6326=EDGE_CURVE('',#4735,#4737,#800,.T.);
#6328=EDGE_CURVE('',#4737,#4739,#805,.T.);
#6330=EDGE_CURVE('',#4739,#4741,#810,.T.);
#6332=EDGE_CURVE('',#4741,#4743,#815,.T.);
#6334=EDGE_CURVE('',#4743,#4745,#820,.T.);
#6336=EDGE_CURVE('',#4745,#4747,#825,.T.);
#6338=EDGE_CURVE('',#4747,#4749,#830,.T.);
#6340=EDGE_CURVE('',#4749,#4751,#835,.T.);
#6342=EDGE_CURVE('',#4751,#4753,#840,.T.);
#6344=EDGE_CURVE('',#4753,#4755,#844,.T.);
#6346=EDGE_CURVE('',#4755,#4757,#848,.T.);
#6349=EDGE_CURVE('',#4759,#4761,#857,.T.);
#6362=EDGE_CURVE('',#4783,#4785,#902,.T.);
#6364=EDGE_CURVE('',#4785,#4787,#906,.T.);
#6366=EDGE_CURVE('',#4787,#4789,#911,.T.);
#6368=EDGE_CURVE('',#4789,#4791,#916,.T.);
#6370=EDGE_CURVE('',#4791,#4793,#921,.T.);
#6372=EDGE_CURVE('',#4793,#4795,#926,.T.);
#6374=EDGE_CURVE('',#4795,#4797,#931,.T.);
#6376=EDGE_CURVE('',#4797,#4698,#936,.T.);
#6380=EDGE_CURVE('',#4800,#4801,#941,.T.);
#6382=EDGE_CURVE('',#4803,#4801,#2677,.T.);
#6384=EDGE_CURVE('',#4803,#4805,#946,.T.);
#6386=EDGE_CURVE('',#4805,#4807,#950,.T.);
#6388=EDGE_CURVE('',#4807,#4809,#955,.T.);
#6390=EDGE_CURVE('',#4809,#4811,#959,.T.);
#6392=EDGE_CURVE('',#4811,#4814,#964,.T.);
#6394=EDGE_CURVE('',#4814,#4815,#969,.T.);
#6396=EDGE_CURVE('',#4815,#4817,#974,.T.);
#6398=EDGE_CURVE('',#4817,#4819,#979,.T.);
#6400=EDGE_CURVE('',#4819,#4821,#984,.T.);
#6402=EDGE_CURVE('',#4821,#4823,#989,.T.);
#6404=EDGE_CURVE('',#4823,#4825,#994,.T.);
#6406=EDGE_CURVE('',#4825,#4827,#999,.T.);
#6408=EDGE_CURVE('',#4827,#4830,#1004,.T.);
#6410=EDGE_CURVE('',#4830,#4831,#1009,.T.);
#6412=EDGE_CURVE('',#4831,#4800,#1014,.T.);
#6416=EDGE_CURVE('',#4834,#4835,#2915,.T.);
#6418=EDGE_CURVE('',#4834,#4837,#1019,.T.);
#6420=EDGE_CURVE('',#4837,#4839,#1024,.T.);
#6422=EDGE_CURVE('',#4839,#4842,#1029,.T.);
#6424=EDGE_CURVE('',#4842,#4843,#1034,.T.);
#6426=EDGE_CURVE('',#4843,#4845,#1039,.T.);
#6428=EDGE_CURVE('',#4845,#4847,#1044,.T.);
#6430=EDGE_CURVE('',#4847,#4849,#1049,.T.);
#6432=EDGE_CURVE('',#4849,#4851,#1054,.T.);
#6434=EDGE_CURVE('',#4851,#4852,#1063,.T.);
#6436=EDGE_CURVE('',#4852,#4854,#1068,.T.);
#6438=EDGE_CURVE('',#4854,#4857,#1073,.T.);
#6440=EDGE_CURVE('',#4857,#4858,#1078,.T.);
#6442=EDGE_CURVE('',#4860,#4858,#2940,.T.);
#6444=EDGE_CURVE('',#4860,#4862,#1083,.T.);
#6446=EDGE_CURVE('',#4862,#4864,#1087,.T.);
#6448=EDGE_CURVE('',#4864,#4835,#1092,.T.);
#6452=EDGE_CURVE('',#4867,#4868,#1097,.T.);
#6454=EDGE_CURVE('',#4868,#4870,#1102,.T.);
#6456=EDGE_CURVE('',#4870,#4872,#1107,.T.);
#6458=EDGE_CURVE('',#4872,#4874,#1112,.T.);
#6460=EDGE_CURVE('',#4874,#4876,#1117,.T.);
#6462=EDGE_CURVE('',#4876,#4878,#1122,.T.);
#6464=EDGE_CURVE('',#4878,#4880,#1127,.T.);
#6466=EDGE_CURVE('',#4880,#4882,#1131,.T.);
#6468=EDGE_CURVE('',#4882,#4884,#1136,.T.);
#6470=EDGE_CURVE('',#4884,#4887,#1141,.T.);
#6472=EDGE_CURVE('',#4887,#4888,#1146,.T.);
#6474=EDGE_CURVE('',#4888,#4890,#1151,.T.);
#6476=EDGE_CURVE('',#4890,#4867,#1156,.T.);
#6480=EDGE_CURVE('',#4893,#4894,#1161,.T.);
#6482=EDGE_CURVE('',#4894,#4896,#1166,.T.);
#6484=EDGE_CURVE('',#4896,#4898,#1171,.T.);
#6486=EDGE_CURVE('',#4898,#4900,#1176,.T.);
#6488=EDGE_CURVE('',#4900,#4902,#1180,.T.);
#6490=EDGE_CURVE('',#4902,#4905,#1185,.T.);
#6492=EDGE_CURVE('',#4905,#4906,#1190,.T.);
#6494=EDGE_CURVE('',#4906,#4908,#1195,.T.);
#6496=EDGE_CURVE('',#4908,#4910,#1200,.T.);
#6498=EDGE_CURVE('',#4910,#4912,#1205,.T.);
#6500=EDGE_CURVE('',#4912,#4914,#1210,.T.);
#6502=EDGE_CURVE('',#4914,#4916,#1214,.T.);
#6504=EDGE_CURVE('',#4916,#4918,#1219,.T.);
#6506=EDGE_CURVE('',#4918,#4920,#1223,.T.);
#6508=EDGE_CURVE('',#4920,#4922,#1228,.T.);
#6510=EDGE_CURVE('',#4922,#4924,#1233,.T.);
#6512=EDGE_CURVE('',#4924,#4926,#1238,.T.);
#6514=EDGE_CURVE('',#4926,#4928,#1243,.T.);
#6516=EDGE_CURVE('',#4928,#4931,#1248,.T.);
#6518=EDGE_CURVE('',#4931,#4932,#1253,.T.);
#6520=EDGE_CURVE('',#4932,#4934,#1258,.T.);
#6522=EDGE_CURVE('',#4934,#4936,#1263,.T.);
#6524=EDGE_CURVE('',#4936,#4939,#1268,.T.);
#6526=EDGE_CURVE('',#4939,#4940,#1273,.T.);
#6528=EDGE_CURVE('',#4940,#4942,#1278,.T.);
#6530=EDGE_CURVE('',#4942,#4893,#1283,.T.);
#6534=EDGE_CURVE('',#4945,#4946,#1288,.T.);
#6536=EDGE_CURVE('',#4946,#4948,#1293,.T.);
#6538=EDGE_CURVE('',#4948,#4950,#1298,.T.);
#6540=EDGE_CURVE('',#4950,#4953,#1303,.T.);
#6542=EDGE_CURVE('',#4953,#4954,#1308,.T.);
#6544=EDGE_CURVE('',#4954,#4956,#1313,.T.);
#6546=EDGE_CURVE('',#4958,#4956,#3621,.T.);
#6548=EDGE_CURVE('',#4958,#4960,#1318,.T.);
#6550=EDGE_CURVE('',#4960,#4962,#1323,.T.);
#6552=EDGE_CURVE('',#4962,#4964,#1328,.T.);
#6554=EDGE_CURVE('',#4964,#4966,#1333,.T.);
#6556=EDGE_CURVE('',#4966,#4968,#1338,.T.);
#6558=EDGE_CURVE('',#4968,#4945,#1343,.T.);
#6562=EDGE_CURVE('',#5664,#5665,#1348,.T.);
#6564=EDGE_CURVE('',#5665,#5664,#1353,.T.);
#6568=EDGE_CURVE('',#5672,#5673,#1358,.T.);
#6570=EDGE_CURVE('',#5673,#5672,#1363,.T.);
#6574=EDGE_CURVE('',#5680,#5681,#1368,.T.);
#6576=EDGE_CURVE('',#5681,#5680,#1373,.T.);
#6586=EDGE_CURVE('',#5305,#5304,#1382,.T.);
#6588=EDGE_CURVE('',#5305,#4699,#1377,.T.);
#6591=EDGE_CURVE('',#5304,#4698,#1401,.T.);
#6602=EDGE_CURVE('',#5304,#5305,#1387,.T.);
#6606=EDGE_CURVE('',#5544,#5545,#1392,.T.);
#6608=EDGE_CURVE('',#5545,#5544,#1397,.T.);
#6621=EDGE_CURVE('',#4797,#4701,#1408,.T.);
#6633=EDGE_CURVE('',#4787,#5096,#1412,.T.);
#6635=EDGE_CURVE('',#5096,#5098,#1417,.T.);
#6637=EDGE_CURVE('',#5098,#5094,#1422,.T.);
#6639=EDGE_CURVE('',#4753,#5094,#1535,.T.);
#6642=EDGE_CURVE('',#4745,#4751,#2176,.T.);
#6645=EDGE_CURVE('',#4737,#4743,#2237,.T.);
#6648=EDGE_CURVE('',#4729,#4735,#2298,.T.);
#6651=EDGE_CURVE('',#4721,#4727,#2359,.T.);
#6655=EDGE_CURVE('',#4711,#4717,#2420,.T.);
#6658=EDGE_CURVE('',#4703,#4709,#2481,.T.);
#6663=EDGE_CURVE('',#4789,#4795,#2542,.T.);
#6674=EDGE_CURVE('',#4787,#5100,#1426,.T.);
#6676=EDGE_CURVE('',#5100,#5096,#1431,.T.);
#6687=EDGE_CURVE('',#5102,#4785,#1444,.T.);
#6689=EDGE_CURVE('',#5100,#5102,#1456,.T.);
#6701=EDGE_CURVE('',#4785,#5024,#1435,.T.);
#6703=EDGE_CURVE('',#5024,#5102,#1440,.T.);
#6726=EDGE_CURVE('',#5148,#5102,#1448,.T.);
#6730=EDGE_CURVE('',#5148,#5022,#1572,.T.);
#6740=EDGE_CURVE('',#5100,#5150,#1460,.T.);
#6744=EDGE_CURVE('',#5150,#5148,#1586,.T.);
#6754=EDGE_CURVE('',#5096,#5152,#1472,.T.);
#6758=EDGE_CURVE('',#5152,#5150,#1625,.T.);
#6768=EDGE_CURVE('',#5155,#5156,#1492,.T.);
#6770=EDGE_CURVE('',#5155,#5158,#1464,.T.);
#6772=EDGE_CURVE('',#5160,#5158,#2006,.T.);
#6774=EDGE_CURVE('',#5160,#5162,#1468,.T.);
#6776=EDGE_CURVE('',#5163,#5162,#1697,.T.);
#6778=EDGE_CURVE('',#5165,#5163,#1652,.T.);
#6780=EDGE_CURVE('',#5098,#5165,#1633,.T.);
#6784=EDGE_CURVE('',#5152,#5156,#1482,.T.);
#6794=EDGE_CURVE('',#5168,#5169,#1502,.T.);
#6796=EDGE_CURVE('',#5168,#5155,#1487,.T.);
#6799=EDGE_CURVE('',#5171,#5156,#1620,.T.);
#6801=EDGE_CURVE('',#5169,#5171,#1601,.T.);
#6827=EDGE_CURVE('',#5174,#5175,#1497,.T.);
#6829=EDGE_CURVE('',#5168,#5175,#1647,.T.);
#6832=EDGE_CURVE('',#5174,#5169,#1615,.T.);
#6842=EDGE_CURVE('',#5174,#5092,#1506,.T.);
#6844=EDGE_CURVE('',#5094,#5092,#1540,.T.);
#6846=EDGE_CURVE('',#5175,#5094,#1629,.T.);
#6857=EDGE_CURVE('',#5090,#5177,#1518,.T.);
#6859=EDGE_CURVE('',#5090,#5092,#1510,.T.);
#6862=EDGE_CURVE('',#5177,#5174,#1609,.T.);
#6873=EDGE_CURVE('',#5090,#5014,#1527,.T.);
#6876=EDGE_CURVE('',#5016,#5177,#1554,.T.);
#6886=EDGE_CURVE('',#4755,#5090,#1522,.T.);
#6889=EDGE_CURVE('',#5014,#4755,#1531,.T.);
#6899=EDGE_CURVE('',#5092,#4753,#1544,.T.);
#6935=EDGE_CURVE('',#5179,#5018,#1549,.T.);
#6939=EDGE_CURVE('',#5177,#5179,#1559,.T.);
#6949=EDGE_CURVE('',#5020,#5181,#1577,.T.);
#6953=EDGE_CURVE('',#5179,#5181,#1567,.T.);
#6966=EDGE_CURVE('',#5181,#5148,#1582,.T.);
#6978=EDGE_CURVE('',#5181,#5171,#1590,.T.);
#6980=EDGE_CURVE('',#5171,#5150,#1596,.T.);
#6992=EDGE_CURVE('',#5169,#5179,#1605,.T.);
#7046=EDGE_CURVE('',#5183,#5165,#1676,.T.);
#7048=EDGE_CURVE('',#5184,#5183,#1948,.T.);
#7050=EDGE_CURVE('',#5184,#5186,#1637,.T.);
#7052=EDGE_CURVE('',#5158,#5186,#2011,.T.);
#7066=EDGE_CURVE('',#5163,#5187,#1659,.T.);
#7068=EDGE_CURVE('',#5187,#5188,#1664,.T.);
#7070=EDGE_CURVE('',#5188,#5189,#1671,.T.);
#7072=EDGE_CURVE('',#5191,#5189,#1740,.T.);
#7074=EDGE_CURVE('',#5193,#5191,#1735,.T.);
#7076=EDGE_CURVE('',#5183,#5193,#1956,.T.);
#7107=EDGE_CURVE('',#5194,#5187,#1684,.T.);
#7111=EDGE_CURVE('',#5162,#5194,#1713,.T.);
#7133=EDGE_CURVE('',#5195,#5188,#1722,.T.);
#7137=EDGE_CURVE('',#5195,#5194,#2157,.T.);
#7147=EDGE_CURVE('',#5197,#5189,#1726,.T.);
#7151=EDGE_CURVE('',#5195,#5199,#1730,.T.);
#7153=EDGE_CURVE('',#5197,#5199,#1805,.T.);
#7166=EDGE_CURVE('',#5197,#5201,#1745,.T.);
#7168=EDGE_CURVE('',#5203,#5201,#1814,.T.);
#7170=EDGE_CURVE('',#5203,#5205,#1750,.T.);
#7172=EDGE_CURVE('',#5205,#5207,#1754,.T.);
#7174=EDGE_CURVE('',#5207,#5209,#1759,.T.);
#7176=EDGE_CURVE('',#5209,#5211,#1763,.T.);
#7178=EDGE_CURVE('',#5211,#5213,#1768,.T.);
#7180=EDGE_CURVE('',#5213,#5215,#1773,.T.);
#7182=EDGE_CURVE('',#5215,#5217,#1778,.T.);
#7184=EDGE_CURVE('',#5217,#5220,#1783,.T.);
#7186=EDGE_CURVE('',#5220,#5221,#1788,.T.);
#7188=EDGE_CURVE('',#5221,#5193,#1795,.T.);
#7210=EDGE_CURVE('',#5223,#5201,#1800,.T.);
#7214=EDGE_CURVE('',#5199,#5223,#1810,.T.);
#7224=EDGE_CURVE('',#5203,#5225,#1828,.T.);
#7228=EDGE_CURVE('',#5223,#5225,#1818,.T.);
#7250=EDGE_CURVE('',#5227,#5205,#1823,.T.);
#7254=EDGE_CURVE('',#5225,#5227,#1833,.T.);
#7264=EDGE_CURVE('',#5207,#5229,#1847,.T.);
#7268=EDGE_CURVE('',#5227,#5229,#1837,.T.);
#7290=EDGE_CURVE('',#5231,#5209,#1842,.T.);
#7294=EDGE_CURVE('',#5229,#5231,#1852,.T.);
#7304=EDGE_CURVE('',#5211,#5233,#1866,.T.);
#7308=EDGE_CURVE('',#5231,#5233,#1856,.T.);
#7330=EDGE_CURVE('',#5235,#5215,#1861,.T.);
#7335=EDGE_CURVE('',#5233,#5237,#1871,.T.);
#7337=EDGE_CURVE('',#5237,#5235,#1876,.T.);
#7347=EDGE_CURVE('',#5239,#5217,#1881,.T.);
#7351=EDGE_CURVE('',#5235,#5239,#1886,.T.);
#7361=EDGE_CURVE('',#5240,#5221,#1893,.T.);
#7366=EDGE_CURVE('',#5239,#5242,#1898,.T.);
#7368=EDGE_CURVE('',#5242,#5244,#1903,.T.);
#7370=EDGE_CURVE('',#5244,#5246,#1908,.T.);
#7372=EDGE_CURVE('',#5246,#5240,#1915,.T.);
#7406=EDGE_CURVE('',#5248,#5240,#1961,.T.);
#7408=EDGE_CURVE('',#5248,#5184,#1935,.T.);
#7422=EDGE_CURVE('',#5249,#5246,#1972,.T.);
#7424=EDGE_CURVE('',#5248,#5249,#1976,.T.);
#7436=EDGE_CURVE('',#5244,#5249,#1965,.T.);
#7448=EDGE_CURVE('',#5248,#5251,#1984,.T.);
#7452=EDGE_CURVE('',#5253,#5244,#2104,.T.);
#7454=EDGE_CURVE('',#5253,#5251,#1980,.T.);
#7467=EDGE_CURVE('',#5186,#5251,#1993,.T.);
#7477=EDGE_CURVE('',#4588,#5186,#1988,.T.);
#7480=EDGE_CURVE('',#5251,#4588,#1997,.T.);
#7490=EDGE_CURVE('',#4609,#5160,#2001,.T.);
#7505=EDGE_CURVE('',#4609,#5255,#2015,.T.);
#7507=EDGE_CURVE('',#5255,#5160,#2020,.T.);
#7518=EDGE_CURVE('',#5257,#4607,#2033,.T.);
#7520=EDGE_CURVE('',#5255,#5257,#2161,.T.);
#7532=EDGE_CURVE('',#4605,#5259,#2024,.T.);
#7534=EDGE_CURVE('',#5259,#5257,#2029,.T.);
#7548=EDGE_CURVE('',#5261,#4603,#2037,.T.);
#7550=EDGE_CURVE('',#5259,#5261,#2144,.T.);
#7562=EDGE_CURVE('',#4601,#5263,#2041,.T.);
#7564=EDGE_CURVE('',#5263,#5261,#2046,.T.);
#7576=EDGE_CURVE('',#5265,#4599,#2050,.T.);
#7578=EDGE_CURVE('',#5263,#5265,#2132,.T.);
#7590=EDGE_CURVE('',#4597,#5267,#2054,.T.);
#7592=EDGE_CURVE('',#5267,#5265,#2059,.T.);
#7604=EDGE_CURVE('',#5269,#4595,#2063,.T.);
#7606=EDGE_CURVE('',#5267,#5269,#2120,.T.);
#7619=EDGE_CURVE('',#5271,#4591,#2086,.T.);
#7621=EDGE_CURVE('',#5271,#5273,#2068,.T.);
#7623=EDGE_CURVE('',#5273,#5269,#2073,.T.);
#7633=EDGE_CURVE('',#4589,#5275,#2077,.T.);
#7635=EDGE_CURVE('',#5275,#5271,#2082,.T.);
#7647=EDGE_CURVE('',#4589,#5253,#2090,.T.);
#7649=EDGE_CURVE('',#5253,#5277,#2095,.T.);
#7651=EDGE_CURVE('',#5277,#5275,#2100,.T.);
#7677=EDGE_CURVE('',#5275,#5239,#2108,.T.);
#7691=EDGE_CURVE('',#5235,#5271,#2112,.T.);
#7705=EDGE_CURVE('',#5233,#5269,#2116,.T.);
#7719=EDGE_CURVE('',#5267,#5231,#2124,.T.);
#7732=EDGE_CURVE('',#5229,#5265,#2128,.T.);
#7745=EDGE_CURVE('',#5263,#5227,#2136,.T.);
#7758=EDGE_CURVE('',#5225,#5261,#2140,.T.);
#7771=EDGE_CURVE('',#5259,#5223,#2148,.T.);
#7784=EDGE_CURVE('',#5199,#5257,#2152,.T.);
#7797=EDGE_CURVE('',#5255,#5194,#2165,.T.);
#7821=EDGE_CURVE('',#5280,#5281,#2181,.T.);
#7823=EDGE_CURVE('',#5280,#4747,#2169,.T.);
#7828=EDGE_CURVE('',#5281,#4749,#2200,.T.);
#7839=EDGE_CURVE('',#5281,#5280,#2186,.T.);
#7843=EDGE_CURVE('',#5536,#5537,#2191,.T.);
#7845=EDGE_CURVE('',#5537,#5536,#2196,.T.);
#7868=EDGE_CURVE('',#5537,#5541,#2208,.T.);
#7870=EDGE_CURVE('',#5540,#5541,#2222,.T.);
#7872=EDGE_CURVE('',#5536,#5540,#2204,.T.);
#7884=EDGE_CURVE('',#5541,#5540,#2213,.T.);
#7896=EDGE_CURVE('',#4662,#5540,#2226,.T.);
#7899=EDGE_CURVE('',#4663,#5541,#2217,.T.);
#7921=EDGE_CURVE('',#5284,#5285,#2242,.T.);
#7923=EDGE_CURVE('',#5284,#4739,#2230,.T.);
#7928=EDGE_CURVE('',#5285,#4741,#2261,.T.);
#7939=EDGE_CURVE('',#5285,#5284,#2247,.T.);
#7943=EDGE_CURVE('',#5528,#5529,#2252,.T.);
#7945=EDGE_CURVE('',#5529,#5528,#2257,.T.);
#7968=EDGE_CURVE('',#5529,#5533,#2269,.T.);
#7970=EDGE_CURVE('',#5532,#5533,#2283,.T.);
#7972=EDGE_CURVE('',#5528,#5532,#2265,.T.);
#7984=EDGE_CURVE('',#5533,#5532,#2274,.T.);
#7996=EDGE_CURVE('',#4670,#5532,#2287,.T.);
#7999=EDGE_CURVE('',#4671,#5533,#2278,.T.);
#8021=EDGE_CURVE('',#5288,#5289,#2303,.T.);
#8023=EDGE_CURVE('',#5288,#4731,#2291,.T.);
#8028=EDGE_CURVE('',#5289,#4733,#2322,.T.);
#8039=EDGE_CURVE('',#5289,#5288,#2308,.T.);
#8043=EDGE_CURVE('',#5520,#5521,#2313,.T.);
#8045=EDGE_CURVE('',#5521,#5520,#2318,.T.);
#8068=EDGE_CURVE('',#5521,#5525,#2330,.T.);
#8070=EDGE_CURVE('',#5524,#5525,#2344,.T.);
#8072=EDGE_CURVE('',#5520,#5524,#2326,.T.);
#8084=EDGE_CURVE('',#5525,#5524,#2335,.T.);
#8096=EDGE_CURVE('',#4650,#5524,#2348,.T.);
#8099=EDGE_CURVE('',#4651,#5525,#2339,.T.);
#8121=EDGE_CURVE('',#5292,#5293,#2364,.T.);
#8123=EDGE_CURVE('',#5292,#4723,#2352,.T.);
#8128=EDGE_CURVE('',#5293,#4725,#2383,.T.);
#8139=EDGE_CURVE('',#5293,#5292,#2369,.T.);
#8143=EDGE_CURVE('',#5512,#5513,#2374,.T.);
#8145=EDGE_CURVE('',#5513,#5512,#2379,.T.);
#8168=EDGE_CURVE('',#5513,#5517,#2391,.T.);
#8170=EDGE_CURVE('',#5516,#5517,#2405,.T.);
#8172=EDGE_CURVE('',#5512,#5516,#2387,.T.);
#8184=EDGE_CURVE('',#5517,#5516,#2396,.T.);
#8196=EDGE_CURVE('',#4678,#5516,#2409,.T.);
#8199=EDGE_CURVE('',#4679,#5517,#2400,.T.);
#8221=EDGE_CURVE('',#5296,#5297,#2430,.T.);
#8223=EDGE_CURVE('',#5296,#4713,#2413,.T.);
#8228=EDGE_CURVE('',#5297,#4715,#2444,.T.);
#8238=EDGE_CURVE('',#5297,#5296,#2425,.T.);
#8243=EDGE_CURVE('',#5560,#5561,#2435,.T.);
#8245=EDGE_CURVE('',#5561,#5560,#2440,.T.);
#8268=EDGE_CURVE('',#5561,#5565,#2452,.T.);
#8270=EDGE_CURVE('',#5564,#5565,#2466,.T.);
#8272=EDGE_CURVE('',#5560,#5564,#2448,.T.);
#8284=EDGE_CURVE('',#5565,#5564,#2457,.T.);
#8296=EDGE_CURVE('',#4674,#5564,#2470,.T.);
#8299=EDGE_CURVE('',#4675,#5565,#2461,.T.);
#8321=EDGE_CURVE('',#5300,#5301,#2491,.T.);
#8323=EDGE_CURVE('',#5300,#4705,#2474,.T.);
#8328=EDGE_CURVE('',#5301,#4707,#2505,.T.);
#8338=EDGE_CURVE('',#5301,#5300,#2486,.T.);
#8343=EDGE_CURVE('',#5552,#5553,#2496,.T.);
#8345=EDGE_CURVE('',#5553,#5552,#2501,.T.);
#8368=EDGE_CURVE('',#5553,#5557,#2513,.T.);
#8370=EDGE_CURVE('',#5556,#5557,#2527,.T.);
#8372=EDGE_CURVE('',#5552,#5556,#2509,.T.);
#8384=EDGE_CURVE('',#5557,#5556,#2518,.T.);
#8396=EDGE_CURVE('',#4655,#5556,#2531,.T.);
#8399=EDGE_CURVE('',#4654,#5557,#2522,.T.);
#8421=EDGE_CURVE('',#5308,#5309,#2552,.T.);
#8423=EDGE_CURVE('',#5308,#4791,#2535,.T.);
#8428=EDGE_CURVE('',#5309,#4793,#2566,.T.);
#8438=EDGE_CURVE('',#5309,#5308,#2547,.T.);
#8443=EDGE_CURVE('',#5312,#5313,#2557,.T.);
#8445=EDGE_CURVE('',#5313,#5312,#2562,.T.);
#8468=EDGE_CURVE('',#4659,#5313,#2570,.T.);
#8471=EDGE_CURVE('',#4658,#5312,#2574,.T.);
#8494=EDGE_CURVE('',#5545,#5549,#2582,.T.);
#8496=EDGE_CURVE('',#5548,#5549,#2596,.T.);
#8498=EDGE_CURVE('',#5544,#5548,#2578,.T.);
#8510=EDGE_CURVE('',#5549,#5548,#2587,.T.);
#8522=EDGE_CURVE('',#4666,#5548,#2600,.T.);
#8525=EDGE_CURVE('',#4667,#5549,#2591,.T.);
#8559=EDGE_CURVE('',#4970,#4800,#2629,.T.);
#8561=EDGE_CURVE('',#4970,#4971,#2617,.T.);
#8563=EDGE_CURVE('',#4973,#4971,#2728,.T.);
#8565=EDGE_CURVE('',#4974,#4973,#2700,.T.);
#8567=EDGE_CURVE('',#4974,#4801,#2621,.T.);
#8578=EDGE_CURVE('',#4831,#4976,#2625,.T.);
#8580=EDGE_CURVE('',#4970,#4976,#2772,.T.);
#8592=EDGE_CURVE('',#4978,#4827,#2637,.T.);
#8594=EDGE_CURVE('',#4980,#4978,#2777,.T.);
#8596=EDGE_CURVE('',#4976,#4980,#2787,.T.);
#8609=EDGE_CURVE('',#4823,#4982,#2633,.T.);
#8611=EDGE_CURVE('',#4984,#4982,#2797,.T.);
#8613=EDGE_CURVE('',#4978,#4984,#2792,.T.);
#8626=EDGE_CURVE('',#4986,#4821,#2645,.T.);
#8628=EDGE_CURVE('',#4982,#4986,#2807,.T.);
#8640=EDGE_CURVE('',#4819,#4988,#2641,.T.);
#8642=EDGE_CURVE('',#4986,#4988,#2817,.T.);
#8654=EDGE_CURVE('',#4990,#4817,#2653,.T.);
#8656=EDGE_CURVE('',#4988,#4990,#2827,.T.);
#8668=EDGE_CURVE('',#4815,#4992,#2649,.T.);
#8670=EDGE_CURVE('',#4990,#4992,#2837,.T.);
#8682=EDGE_CURVE('',#4811,#4994,#2657,.T.);
#8684=EDGE_CURVE('',#4996,#4994,#2847,.T.);
#8686=EDGE_CURVE('',#4992,#4996,#2857,.T.);
#8699=EDGE_CURVE('',#4998,#4809,#2665,.T.);
#8701=EDGE_CURVE('',#4994,#4998,#2861,.T.);
#8713=EDGE_CURVE('',#4807,#5000,#2661,.T.);
#8715=EDGE_CURVE('',#4998,#5000,#2880,.T.);
#8727=EDGE_CURVE('',#5002,#4805,#2673,.T.);
#8729=EDGE_CURVE('',#5000,#5002,#2723,.T.);
#8741=EDGE_CURVE('',#4803,#5004,#2669,.T.);
#8743=EDGE_CURVE('',#5002,#5004,#2709,.T.);
#8756=EDGE_CURVE('',#5004,#4974,#2686,.T.);
#8762=EDGE_CURVE('',#5007,#5008,#2890,.T.);
#8764=EDGE_CURVE('',#5007,#5008,#2682,.T.);
#8774=EDGE_CURVE('',#5004,#5315,#2714,.T.);
#8778=EDGE_CURVE('',#4973,#5315,#2704,.T.);
#8790=EDGE_CURVE('',#5315,#5002,#2719,.T.);
#8801=EDGE_CURVE('',#5317,#5315,#2762,.T.);
#8803=EDGE_CURVE('',#5000,#5317,#2870,.T.);
#8815=EDGE_CURVE('',#4971,#5319,#2733,.T.);
#8817=EDGE_CURVE('',#5319,#5321,#2738,.T.);
#8819=EDGE_CURVE('',#5321,#5323,#2743,.T.);
#8821=EDGE_CURVE('',#5323,#5325,#2748,.T.);
#8823=EDGE_CURVE('',#5325,#5327,#2753,.T.);
#8825=EDGE_CURVE('',#5329,#5327,#2865,.T.);
#8827=EDGE_CURVE('',#5329,#5317,#2758,.T.);
#8839=EDGE_CURVE('',#4976,#5319,#2767,.T.);
#8853=EDGE_CURVE('',#4978,#5319,#2782,.T.);
#8868=EDGE_CURVE('',#4982,#5323,#2802,.T.);
#8881=EDGE_CURVE('',#4986,#5323,#2812,.T.);
#8894=EDGE_CURVE('',#4988,#5325,#2822,.T.);
#8906=EDGE_CURVE('',#4990,#5325,#2832,.T.);
#8919=EDGE_CURVE('',#4992,#5327,#2842,.T.);
#8931=EDGE_CURVE('',#4994,#5327,#2852,.T.);
#8945=EDGE_CURVE('',#5329,#4998,#2875,.T.);
#8968=EDGE_CURVE('',#5613,#5612,#2885,.T.);
#8970=EDGE_CURVE('',#5007,#5612,#2911,.T.);
#8973=EDGE_CURVE('',#5008,#5613,#2894,.T.);
#8984=EDGE_CURVE('',#5608,#5612,#2902,.T.);
#8987=EDGE_CURVE('',#5609,#5613,#2898,.T.);
#8999=EDGE_CURVE('',#5612,#5613,#2907,.T.);
#9022=EDGE_CURVE('',#5034,#4835,#2928,.T.);
#9024=EDGE_CURVE('',#5036,#5034,#3158,.T.);
#9026=EDGE_CURVE('',#4834,#5036,#2989,.T.);
#9031=EDGE_CURVE('',#5031,#5032,#3197,.T.);
#9033=EDGE_CURVE('',#5031,#5032,#2920,.T.);
#9043=EDGE_CURVE('',#4864,#5038,#2924,.T.);
#9045=EDGE_CURVE('',#5034,#5038,#3149,.T.);
#9057=EDGE_CURVE('',#5040,#4862,#2936,.T.);
#9059=EDGE_CURVE('',#5038,#5040,#3139,.T.);
#9071=EDGE_CURVE('',#4860,#5042,#2932,.T.);
#9073=EDGE_CURVE('',#5040,#5042,#3130,.T.);
#9085=EDGE_CURVE('',#5044,#4858,#2944,.T.);
#9087=EDGE_CURVE('',#5042,#5044,#3116,.T.);
#9099=EDGE_CURVE('',#5046,#4854,#2952,.T.);
#9101=EDGE_CURVE('',#5048,#5046,#3112,.T.);
#9103=EDGE_CURVE('',#5044,#5048,#3107,.T.);
#9116=EDGE_CURVE('',#4852,#5050,#2948,.T.);
#9118=EDGE_CURVE('',#5046,#5050,#3097,.T.);
#9130=EDGE_CURVE('',#5052,#4851,#2960,.T.);
#9132=EDGE_CURVE('',#5050,#5052,#3087,.T.);
#9144=EDGE_CURVE('',#4849,#5054,#2956,.T.);
#9146=EDGE_CURVE('',#5052,#5054,#3077,.T.);
#9158=EDGE_CURVE('',#5056,#4847,#2968,.T.);
#9160=EDGE_CURVE('',#5054,#5056,#3067,.T.);
#9172=EDGE_CURVE('',#4843,#5058,#2964,.T.);
#9174=EDGE_CURVE('',#5060,#5058,#3057,.T.);
#9176=EDGE_CURVE('',#5056,#5060,#3052,.T.);
#9189=EDGE_CURVE('',#5062,#4839,#2972,.T.);
#9191=EDGE_CURVE('',#5064,#5062,#3177,.T.);
#9193=EDGE_CURVE('',#5058,#5064,#3172,.T.);
#9206=EDGE_CURVE('',#5066,#4837,#2985,.T.);
#9208=EDGE_CURVE('',#5062,#5066,#3187,.T.);
#9220=EDGE_CURVE('',#5069,#5070,#3018,.T.);
#9222=EDGE_CURVE('',#5069,#5066,#2981,.T.);
#9227=EDGE_CURVE('',#5036,#5070,#3003,.T.);
#9237=EDGE_CURVE('',#5073,#5074,#3008,.T.);
#9239=EDGE_CURVE('',#5074,#5069,#3013,.T.);
#9242=EDGE_CURVE('',#5076,#5070,#3162,.T.);
#9244=EDGE_CURVE('',#5076,#5078,#3022,.T.);
#9246=EDGE_CURVE('',#5078,#5080,#3027,.T.);
#9248=EDGE_CURVE('',#5082,#5080,#3120,.T.);
#9250=EDGE_CURVE('',#5082,#5084,#3032,.T.);
#9252=EDGE_CURVE('',#5084,#5086,#3037,.T.);
#9254=EDGE_CURVE('',#5086,#5073,#3042,.T.);
#9264=EDGE_CURVE('',#5086,#5056,#3047,.T.);
#9268=EDGE_CURVE('',#5074,#5058,#3167,.T.);
#9280=EDGE_CURVE('',#5086,#5054,#3062,.T.);
#9292=EDGE_CURVE('',#5084,#5052,#3072,.T.);
#9305=EDGE_CURVE('',#5084,#5050,#3082,.T.);
#9317=EDGE_CURVE('',#5082,#5046,#3092,.T.);
#9330=EDGE_CURVE('',#5082,#5044,#3102,.T.);
#9343=EDGE_CURVE('',#5042,#5080,#3135,.T.);
#9356=EDGE_CURVE('',#5078,#5040,#3125,.T.);
#9369=EDGE_CURVE('',#5038,#5076,#3154,.T.);
#9382=EDGE_CURVE('',#5076,#5034,#3144,.T.);
#9409=EDGE_CURVE('',#5074,#5062,#3182,.T.);
#9431=EDGE_CURVE('',#5589,#5588,#3192,.T.);
#9433=EDGE_CURVE('',#5031,#5588,#3218,.T.);
#9436=EDGE_CURVE('',#5032,#5589,#3201,.T.);
#9447=EDGE_CURVE('',#5584,#5588,#3209,.T.);
#9450=EDGE_CURVE('',#5585,#5589,#3205,.T.);
#9462=EDGE_CURVE('',#5588,#5589,#3214,.T.);
#9486=EDGE_CURVE('',#4867,#5331,#3222,.T.);
#9488=EDGE_CURVE('',#5333,#5331,#3239,.T.);
#9490=EDGE_CURVE('',#5333,#4868,#3226,.T.);
#9501=EDGE_CURVE('',#5335,#4890,#3230,.T.);
#9503=EDGE_CURVE('',#5331,#5335,#3244,.T.);
#9514=EDGE_CURVE('',#5335,#5337,#3249,.T.);
#9518=EDGE_CURVE('',#4888,#5337,#3234,.T.);
#9531=EDGE_CURVE('',#5337,#5340,#3254,.T.);
#9533=EDGE_CURVE('',#5340,#5341,#3259,.T.);
#9535=EDGE_CURVE('',#5341,#5343,#3264,.T.);
#9537=EDGE_CURVE('',#5345,#5343,#3306,.T.);
#9539=EDGE_CURVE('',#5345,#5347,#3269,.T.);
#9541=EDGE_CURVE('',#5347,#5349,#3274,.T.);
#9543=EDGE_CURVE('',#5349,#5351,#3279,.T.);
#9545=EDGE_CURVE('',#5351,#5353,#3284,.T.);
#9547=EDGE_CURVE('',#5353,#5355,#3289,.T.);
#9549=EDGE_CURVE('',#5355,#5333,#3294,.T.);
#9561=EDGE_CURVE('',#5341,#4884,#3298,.T.);
#9577=EDGE_CURVE('',#4882,#5343,#3302,.T.);
#9588=EDGE_CURVE('',#5345,#4880,#3310,.T.);
#9604=EDGE_CURVE('',#5349,#4876,#3318,.T.);
#9616=EDGE_CURVE('',#4874,#5351,#3314,.T.);
#9631=EDGE_CURVE('',#5353,#4872,#3326,.T.);
#9642=EDGE_CURVE('',#4870,#5355,#3322,.T.);
#9666=EDGE_CURVE('',#5358,#5359,#3427,.T.);
#9668=EDGE_CURVE('',#5358,#4894,#3330,.T.);
#9671=EDGE_CURVE('',#4893,#5359,#3334,.T.);
#9681=EDGE_CURVE('',#5365,#5362,#3339,.T.);
#9683=EDGE_CURVE('',#5362,#5363,#3344,.T.);
#9685=EDGE_CURVE('',#5363,#5367,#3349,.T.);
#9687=EDGE_CURVE('',#5367,#5369,#3354,.T.);
#9689=EDGE_CURVE('',#5369,#5371,#3359,.T.);
#9691=EDGE_CURVE('',#5371,#5373,#3364,.T.);
#9693=EDGE_CURVE('',#5373,#5375,#3368,.T.);
#9695=EDGE_CURVE('',#5375,#5377,#3373,.T.);
#9697=EDGE_CURVE('',#5379,#5377,#3489,.T.);
#9699=EDGE_CURVE('',#5379,#5381,#3378,.T.);
#9701=EDGE_CURVE('',#5381,#5383,#3383,.T.);
#9703=EDGE_CURVE('',#5383,#5385,#3388,.T.);
#9705=EDGE_CURVE('',#5385,#5387,#3393,.T.);
#9707=EDGE_CURVE('',#5387,#5390,#3398,.T.);
#9709=EDGE_CURVE('',#5390,#5391,#3403,.T.);
#9711=EDGE_CURVE('',#5391,#5393,#3407,.T.);
#9713=EDGE_CURVE('',#5393,#5395,#3412,.T.);
#9715=EDGE_CURVE('',#5395,#5397,#3417,.T.);
#9717=EDGE_CURVE('',#5397,#5358,#3422,.T.);
#9720=EDGE_CURVE('',#5359,#5399,#3432,.T.);
#9722=EDGE_CURVE('',#5399,#5401,#3437,.T.);
#9724=EDGE_CURVE('',#5401,#5404,#3442,.T.);
#9726=EDGE_CURVE('',#5404,#5405,#3447,.T.);
#9728=EDGE_CURVE('',#5405,#5407,#3452,.T.);
#9730=EDGE_CURVE('',#5407,#5365,#3457,.T.);
#9742=EDGE_CURVE('',#4928,#5363,#3461,.T.);
#9746=EDGE_CURVE('',#5365,#4932,#3465,.T.);
#9757=EDGE_CURVE('',#5369,#4924,#3469,.T.);
#9774=EDGE_CURVE('',#4922,#5371,#3473,.T.);
#9785=EDGE_CURVE('',#4920,#5373,#3477,.T.);
#9800=EDGE_CURVE('',#5375,#4918,#3481,.T.);
#9812=EDGE_CURVE('',#4916,#5377,#3485,.T.);
#9826=EDGE_CURVE('',#5379,#4914,#3497,.T.);
#9837=EDGE_CURVE('',#4912,#5381,#3493,.T.);
#9850=EDGE_CURVE('',#5383,#4910,#3505,.T.);
#9863=EDGE_CURVE('',#4906,#5387,#3501,.T.);
#9879=EDGE_CURVE('',#4902,#5391,#3509,.T.);
#9893=EDGE_CURVE('',#5393,#4900,#3513,.T.);
#9906=EDGE_CURVE('',#5395,#4898,#3521,.T.);
#9919=EDGE_CURVE('',#4896,#5397,#3517,.T.);
#9944=EDGE_CURVE('',#4936,#5405,#3525,.T.);
#9963=EDGE_CURVE('',#5401,#4940,#3529,.T.);
#9987=EDGE_CURVE('',#5410,#5411,#3552,.T.);
#9989=EDGE_CURVE('',#5410,#4946,#3533,.T.);
#9992=EDGE_CURVE('',#4945,#5411,#3537,.T.);
#10002=EDGE_CURVE('',#5414,#5415,#3542,.T.);
#10004=EDGE_CURVE('',#5415,#5410,#3547,.T.);
#10007=EDGE_CURVE('',#5411,#5417,#3557,.T.);
#10009=EDGE_CURVE('',#5417,#5419,#3562,.T.);
#10011=EDGE_CURVE('',#5419,#5421,#3567,.T.);
#10013=EDGE_CURVE('',#5421,#5423,#3572,.T.);
#10015=EDGE_CURVE('',#5423,#5425,#3577,.T.);
#10017=EDGE_CURVE('',#5425,#5427,#3582,.T.);
#10019=EDGE_CURVE('',#5427,#5429,#3586,.T.);
#10021=EDGE_CURVE('',#5429,#5431,#3591,.T.);
#10023=EDGE_CURVE('',#5431,#5433,#3596,.T.);
#10025=EDGE_CURVE('',#5433,#5414,#3601,.T.);
#10036=EDGE_CURVE('',#4948,#5415,#3605,.T.);
#10039=EDGE_CURVE('',#5414,#4950,#3609,.T.);
#10066=EDGE_CURVE('',#4954,#5431,#3613,.T.);
#10079=EDGE_CURVE('',#5429,#4956,#3617,.T.);
#10090=EDGE_CURVE('',#4958,#5427,#3625,.T.);
#10106=EDGE_CURVE('',#4962,#5423,#3633,.T.);
#10118=EDGE_CURVE('',#5421,#4964,#3629,.T.);
#10131=EDGE_CURVE('',#4966,#5419,#3641,.T.);
#10144=EDGE_CURVE('',#5417,#4968,#3637,.T.);
#10169=EDGE_CURVE('',#5665,#5669,#3649,.T.);
#10171=EDGE_CURVE('',#5668,#5669,#3668,.T.);
#10173=EDGE_CURVE('',#5664,#5668,#3645,.T.);
#10185=EDGE_CURVE('',#5669,#5668,#3654,.T.);
#10197=EDGE_CURVE('',#5700,#5668,#3677,.T.);
#10199=EDGE_CURVE('',#5700,#5701,#3659,.T.);
#10201=EDGE_CURVE('',#5701,#5669,#3663,.T.);
#10213=EDGE_CURVE('',#5701,#5700,#3673,.T.);
#10225=EDGE_CURVE('',#5696,#5700,#3685,.T.);
#10228=EDGE_CURVE('',#5697,#5701,#3681,.T.);
#10251=EDGE_CURVE('',#5673,#5677,#3693,.T.);
#10253=EDGE_CURVE('',#5676,#5677,#3712,.T.);
#10255=EDGE_CURVE('',#5672,#5676,#3689,.T.);
#10267=EDGE_CURVE('',#5677,#5676,#3698,.T.);
#10279=EDGE_CURVE('',#5705,#5676,#3721,.T.);
#10281=EDGE_CURVE('',#5705,#5703,#3703,.T.);
#10283=EDGE_CURVE('',#5703,#5677,#3707,.T.);
#10295=EDGE_CURVE('',#5703,#5705,#3717,.T.);
#10307=EDGE_CURVE('',#5708,#5705,#3729,.T.);
#10310=EDGE_CURVE('',#5709,#5703,#3725,.T.);
#10333=EDGE_CURVE('',#5681,#5685,#3737,.T.);
#10335=EDGE_CURVE('',#5684,#5685,#3756,.T.);
#10337=EDGE_CURVE('',#5680,#5684,#3733,.T.);
#10349=EDGE_CURVE('',#5685,#5684,#3742,.T.);
#10361=EDGE_CURVE('',#5692,#5684,#3765,.T.);
#10363=EDGE_CURVE('',#5692,#5693,#3747,.T.);
#10365=EDGE_CURVE('',#5693,#5685,#3751,.T.);
#10377=EDGE_CURVE('',#5693,#5692,#3761,.T.);
#10389=EDGE_CURVE('',#5688,#5692,#3773,.T.);
#10392=EDGE_CURVE('',#5689,#5693,#3769,.T.);
#10415=EDGE_CURVE('',#5569,#5573,#3781,.T.);
#10417=EDGE_CURVE('',#5572,#5573,#3819,.T.);
#10419=EDGE_CURVE('',#5568,#5572,#3777,.T.);
#10431=EDGE_CURVE('',#5573,#5572,#3786,.T.);
#10443=EDGE_CURVE('',#4552,#5572,#3823,.T.);
#10446=EDGE_CURVE('',#4553,#5573,#3814,.T.);
#10469=EDGE_CURVE('',#5577,#5581,#3831,.T.);
#10471=EDGE_CURVE('',#5580,#5581,#3869,.T.);
#10473=EDGE_CURVE('',#5576,#5580,#3827,.T.);
#10485=EDGE_CURVE('',#5581,#5580,#3836,.T.);
#10497=EDGE_CURVE('',#4556,#5580,#3873,.T.);
#10500=EDGE_CURVE('',#4557,#5581,#3864,.T.);
#10523=EDGE_CURVE('',#5593,#5597,#3881,.T.);
#10525=EDGE_CURVE('',#5596,#5597,#3895,.T.);
#10527=EDGE_CURVE('',#5592,#5596,#3877,.T.);
#10539=EDGE_CURVE('',#5597,#5596,#3886,.T.);
#10551=EDGE_CURVE('',#4559,#5596,#3923,.T.);
#10554=EDGE_CURVE('',#4558,#5597,#3890,.T.);
#10577=EDGE_CURVE('',#5601,#5605,#3931,.T.);
#10579=EDGE_CURVE('',#5604,#5605,#3945,.T.);
#10581=EDGE_CURVE('',#5600,#5604,#3927,.T.);
#10593=EDGE_CURVE('',#5605,#5604,#3936,.T.);
#10605=EDGE_CURVE('',#4555,#5604,#3973,.T.);
#10608=EDGE_CURVE('',#4554,#5605,#3940,.T.);
#10631=EDGE_CURVE('',#5130,#5132,#3977,.T.);
#10633=EDGE_CURVE('',#5134,#5132,#4002,.T.);
#10635=EDGE_CURVE('',#5136,#5134,#4034,.T.);
#10637=EDGE_CURVE('',#5136,#5118,#3981,.T.);
#10649=EDGE_CURVE('',#5138,#5128,#3989,.T.);
#10651=EDGE_CURVE('',#5132,#5138,#4006,.T.);
#10664=EDGE_CURVE('',#5124,#5140,#3985,.T.);
#10666=EDGE_CURVE('',#5142,#5140,#4016,.T.);
#10668=EDGE_CURVE('',#5138,#5142,#4011,.T.);
#10680=EDGE_CURVE('',#5144,#5122,#3997,.T.);
#10682=EDGE_CURVE('',#5140,#5144,#4020,.T.);
#10694=EDGE_CURVE('',#5120,#5146,#3993,.T.);
#10696=EDGE_CURVE('',#5144,#5146,#4025,.T.);
#10709=EDGE_CURVE('',#5146,#5136,#4029,.T.);
#10737=EDGE_CURVE('',#5435,#4614,#4042,.T.);
#10739=EDGE_CURVE('',#5435,#5437,#4038,.T.);
#10741=EDGE_CURVE('',#4615,#5437,#4148,.T.);
#10751=EDGE_CURVE('',#5435,#5439,#4076,.T.);
#10755=EDGE_CURVE('',#4629,#5439,#4046,.T.);
#10765=EDGE_CURVE('',#5441,#5439,#4080,.T.);
#10767=EDGE_CURVE('',#5441,#5443,#4051,.T.);
#10769=EDGE_CURVE('',#5443,#5445,#4056,.T.);
#10771=EDGE_CURVE('',#5445,#5447,#4061,.T.);
#10773=EDGE_CURVE('',#5447,#5449,#4066,.T.);
#10775=EDGE_CURVE('',#5451,#5449,#4120,.T.);
#10777=EDGE_CURVE('',#5451,#5437,#4071,.T.);
#10790=EDGE_CURVE('',#5441,#4627,#4104,.T.);
#10796=EDGE_CURVE('',#5454,#5455,#4085,.T.);
#10798=EDGE_CURVE('',#5455,#5454,#4090,.T.);
#10802=EDGE_CURVE('',#5458,#5459,#4095,.T.);
#10804=EDGE_CURVE('',#5459,#5458,#4100,.T.);
#10817=EDGE_CURVE('',#5443,#4625,#4108,.T.);
#10830=EDGE_CURVE('',#4623,#5445,#4112,.T.);
#10841=EDGE_CURVE('',#4619,#5449,#4116,.T.);
#10856=EDGE_CURVE('',#5451,#4617,#4144,.T.);
#10862=EDGE_CURVE('',#5616,#5617,#4125,.T.);
#10864=EDGE_CURVE('',#5617,#5616,#4130,.T.);
#10868=EDGE_CURVE('',#5624,#5625,#4135,.T.);
#10870=EDGE_CURVE('',#5625,#5624,#4140,.T.);
#10893=EDGE_CURVE('',#5617,#5621,#4156,.T.);
#10895=EDGE_CURVE('',#5620,#5621,#4170,.T.);
#10897=EDGE_CURVE('',#5616,#5620,#4152,.T.);
#10909=EDGE_CURVE('',#5621,#5620,#4161,.T.);
#10921=EDGE_CURVE('',#5458,#5620,#4174,.T.);
#10924=EDGE_CURVE('',#5459,#5621,#4165,.T.);
#10947=EDGE_CURVE('',#5625,#5629,#4182,.T.);
#10949=EDGE_CURVE('',#5628,#5629,#4196,.T.);
#10951=EDGE_CURVE('',#5624,#5628,#4178,.T.);
#10963=EDGE_CURVE('',#5629,#5628,#4187,.T.);
#10975=EDGE_CURVE('',#5454,#5628,#4200,.T.);
#10978=EDGE_CURVE('',#5455,#5629,#4191,.T.);
#11001=EDGE_CURVE('',#4632,#5461,#4204,.T.);
#11003=EDGE_CURVE('',#5463,#5461,#4213,.T.);
#11005=EDGE_CURVE('',#4633,#5463,#4322,.T.);
#11015=EDGE_CURVE('',#5461,#5465,#4218,.T.);
#11019=EDGE_CURVE('',#4647,#5465,#4208,.T.);
#11031=EDGE_CURVE('',#5465,#5467,#4222,.T.);
#11033=EDGE_CURVE('',#5467,#5469,#4227,.T.);
#11035=EDGE_CURVE('',#5469,#5471,#4231,.T.);
#11037=EDGE_CURVE('',#5471,#5473,#4236,.T.);
#11039=EDGE_CURVE('',#5473,#5475,#4240,.T.);
#11041=EDGE_CURVE('',#5475,#5477,#4245,.T.);
#11043=EDGE_CURVE('',#5477,#5463,#4250,.T.);
#11056=EDGE_CURVE('',#5467,#4645,#4278,.T.);
#11060=EDGE_CURVE('',#5480,#5481,#4259,.T.);
#11062=EDGE_CURVE('',#5481,#5480,#4264,.T.);
#11066=EDGE_CURVE('',#5484,#5485,#4269,.T.);
#11068=EDGE_CURVE('',#5485,#5484,#4274,.T.);
#11081=EDGE_CURVE('',#4643,#5469,#4282,.T.);
#11094=EDGE_CURVE('',#5471,#4641,#4290,.T.);
#11107=EDGE_CURVE('',#4639,#5473,#4294,.T.);
#11120=EDGE_CURVE('',#5475,#4637,#4326,.T.);
#11124=EDGE_CURVE('',#5648,#5649,#4303,.T.);
#11126=EDGE_CURVE('',#5649,#5648,#4308,.T.);
#11130=EDGE_CURVE('',#5656,#5657,#4313,.T.);
#11132=EDGE_CURVE('',#5657,#5656,#4318,.T.);
#11157=EDGE_CURVE('',#5649,#5653,#4334,.T.);
#11159=EDGE_CURVE('',#5652,#5653,#4348,.T.);
#11161=EDGE_CURVE('',#5648,#5652,#4330,.T.);
#11173=EDGE_CURVE('',#5653,#5652,#4339,.T.);
#11185=EDGE_CURVE('',#5652,#5484,#4343,.T.);
#11188=EDGE_CURVE('',#5653,#5485,#4352,.T.);
#11211=EDGE_CURVE('',#5657,#5661,#4360,.T.);
#11213=EDGE_CURVE('',#5660,#5661,#4374,.T.);
#11215=EDGE_CURVE('',#5656,#5660,#4356,.T.);
#11227=EDGE_CURVE('',#5661,#5660,#4365,.T.);
#11239=EDGE_CURVE('',#5660,#5481,#4369,.T.);
#11242=EDGE_CURVE('',#5661,#5480,#4378,.T.);
#11265=EDGE_CURVE('',#4682,#5487,#4382,.T.);
#11267=EDGE_CURVE('',#5489,#5487,#4419,.T.);
#11269=EDGE_CURVE('',#5489,#4683,#4386,.T.);
#11280=EDGE_CURVE('',#4695,#5491,#4390,.T.);
#11282=EDGE_CURVE('',#5487,#5491,#4399,.T.);
#11293=EDGE_CURVE('',#5491,#5493,#4404,.T.);
#11297=EDGE_CURVE('',#4693,#5493,#4394,.T.);
#11309=EDGE_CURVE('',#5495,#5493,#4423,.T.);
#11311=EDGE_CURVE('',#5495,#5497,#4409,.T.);
#11313=EDGE_CURVE('',#5499,#5497,#4455,.T.);
#11315=EDGE_CURVE('',#5499,#5501,#4414,.T.);
#11317=EDGE_CURVE('',#5489,#5501,#4467,.T.);
#11331=EDGE_CURVE('',#5495,#4691,#4447,.T.);
#11335=EDGE_CURVE('',#5504,#5505,#4428,.T.);
#11337=EDGE_CURVE('',#5505,#5504,#4433,.T.);
#11341=EDGE_CURVE('',#5508,#5509,#4438,.T.);
#11343=EDGE_CURVE('',#5509,#5508,#4443,.T.);
#11356=EDGE_CURVE('',#4689,#5497,#4451,.T.);
#11369=EDGE_CURVE('',#5499,#4687,#4459,.T.);
#11382=EDGE_CURVE('',#4685,#5501,#4463,.T.);
#11398=EDGE_CURVE('',#5632,#5633,#4472,.T.);
#11400=EDGE_CURVE('',#5633,#5632,#4477,.T.);
#11404=EDGE_CURVE('',#5640,#5641,#4482,.T.);
#11406=EDGE_CURVE('',#5641,#5640,#4487,.T.);
#11417=EDGE_CURVE('',#5633,#5637,#4495,.T.);
#11419=EDGE_CURVE('',#5636,#5637,#4509,.T.);
#11421=EDGE_CURVE('',#5632,#5636,#4491,.T.);
#11433=EDGE_CURVE('',#5637,#5636,#4500,.T.);
#11445=EDGE_CURVE('',#5509,#5636,#4513,.T.);
#11448=EDGE_CURVE('',#5508,#5637,#4504,.T.);
#11471=EDGE_CURVE('',#5641,#5645,#4521,.T.);
#11473=EDGE_CURVE('',#5644,#5645,#4535,.T.);
#11475=EDGE_CURVE('',#5640,#5644,#4517,.T.);
#11487=EDGE_CURVE('',#5645,#5644,#4526,.T.);
#11499=EDGE_CURVE('',#5505,#5644,#4539,.T.);
#11502=EDGE_CURVE('',#5504,#5645,#4530,.T.);
#11519=CLOSED_SHELL('',(#5753,#5768,#5955,#5969,#6017,#6030,#6043,#6060,#6074,
#6088,#6102,#6116,#6130,#6144,#6158,#6174,#6188,#6204,#6266,#6282,#6580,#6595,
#6612,#6627,#6668,#6681,#6695,#6708,#6720,#6734,#6748,#6762,#6788,#6805,#6836,
#6851,#6866,#6880,#6893,#6906,#6917,#6929,#6943,#6957,#6970,#6984,#6997,#7009,
#7037,#7059,#7081,#7115,#7141,#7157,#7192,#7218,#7232,#7258,#7272,#7298,#7312,
#7341,#7355,#7376,#7416,#7430,#7442,#7458,#7471,#7484,#7499,#7512,#7526,#7540,
#7554,#7568,#7582,#7596,#7610,#7627,#7641,#7656,#7668,#7683,#7696,#7711,#7724,
#7737,#7750,#7763,#7776,#7789,#7803,#7815,#7832,#7849,#7861,#7876,#7889,#7903,
#7915,#7932,#7949,#7961,#7976,#7989,#8003,#8015,#8032,#8049,#8061,#8076,#8089,
#8103,#8115,#8132,#8149,#8161,#8176,#8189,#8203,#8215,#8232,#8249,#8261,#8276,
#8289,#8303,#8315,#8332,#8349,#8361,#8376,#8389,#8403,#8415,#8432,#8449,#8461,
#8475,#8487,#8502,#8515,#8529,#8541,#8553,#8572,#8586,#8603,#8620,#8634,#8648,
#8662,#8676,#8693,#8707,#8721,#8735,#8749,#8768,#8782,#8794,#8808,#8833,#8846,
#8859,#8874,#8886,#8899,#8911,#8924,#8937,#8950,#8962,#8977,#8991,#9004,#9016,
#9037,#9051,#9065,#9079,#9093,#9110,#9124,#9138,#9152,#9166,#9183,#9200,#9214,
#9231,#9258,#9274,#9286,#9299,#9311,#9324,#9337,#9350,#9363,#9376,#9388,#9400,
#9413,#9425,#9440,#9454,#9467,#9479,#9494,#9508,#9522,#9553,#9568,#9581,#9594,
#9609,#9622,#9635,#9648,#9660,#9675,#9734,#9750,#9765,#9778,#9791,#9804,#9817,
#9830,#9843,#9856,#9871,#9886,#9899,#9912,#9925,#9937,#9952,#9967,#9981,#9996,
#10029,#10043,#10055,#10070,#10083,#10096,#10111,#10124,#10137,#10150,#10162,
#10177,#10190,#10205,#10218,#10232,#10244,#10259,#10272,#10287,#10300,#10314,
#10326,#10341,#10354,#10369,#10382,#10396,#10408,#10423,#10436,#10450,#10462,
#10477,#10490,#10504,#10516,#10531,#10544,#10558,#10570,#10585,#10598,#10612,
#10624,#10642,#10656,#10673,#10687,#10701,#10714,#10730,#10745,#10759,#10783,
#10808,#10821,#10834,#10849,#10874,#10886,#10901,#10914,#10928,#10940,#10955,
#10968,#10982,#10994,#11009,#11023,#11047,#11072,#11085,#11098,#11111,#11136,
#11150,#11165,#11178,#11192,#11204,#11219,#11232,#11246,#11258,#11273,#11287,
#11301,#11322,#11347,#11360,#11373,#11386,#11410,#11425,#11438,#11452,#11464,
#11479,#11492,#11506,#11518));
#11520=MANIFOLD_SOLID_BREP('',#11519);
#11521=(LENGTH_UNIT()NAMED_UNIT(*)SI_UNIT(.MILLI.,.METRE.));
#11523=(NAMED_UNIT(*)PLANE_ANGLE_UNIT()SI_UNIT($,.RADIAN.));
#11526=(NAMED_UNIT(*)SI_UNIT($,.STERADIAN.)SOLID_ANGLE_UNIT());
#11529=ADVANCED_BREP_SHAPE_REPRESENTATION('',(#11520),#11528);
#11536=PRODUCT_DEFINITION('design','',#11535,#11532);
#11537=PRODUCT_DEFINITION_SHAPE('','SHAPE FOR KD-D-101R_R_HIP_STATIC_1.',
#11536);
#11538=SHAPE_DEFINITION_REPRESENTATION(#11537,#11529);
ENDSEC;
END-ISO-10303-21;
