ISO-10303-21;
HEADER;
FILE_DESCRIPTION((''),'2;1');
FILE_NAME('KD-D-103L_L_HIP_YOKE_IDLE_1','2025-07-12T15:28:26',('Administrator'),
(''),'CREO PARAMETRIC BY PTC INC, 2022073',
'CREO PARAMETRIC BY PTC INC, 2022073','');
FILE_SCHEMA(('CONFIG_CONTROL_DESIGN'));
ENDSEC;
DATA;
#1=CARTESIAN_POINT('',(6.400000102224E1,4.870020036010E1,-9.590106182277E1));
#2=CARTESIAN_POINT('',(6.400000367714E1,4.784872684388E1,-9.694051905437E1));
#3=CARTESIAN_POINT('',(6.402614459631E1,4.699725335078E1,-9.797997625776E1));
#4=CARTESIAN_POINT('',(6.407840341669E1,4.614685656760E1,-9.901811904103E1));
#6=DIRECTION('',(-1.E0,1.512563752220E-9,2.549598995204E-10));
#7=VECTOR('',#6,9.793097574003E-2);
#8=CARTESIAN_POINT('',(6.409793097574E1,4.305249931161E1,-1.004833699070E2));
#9=LINE('',#8,#7);
#10=DIRECTION('',(9.999999999999E-1,-3.318294788753E-7,-4.050788924438E-7));
#11=VECTOR('',#10,7.840341669042E-2);
#12=CARTESIAN_POINT('',(6.4E1,4.614685659362E1,-9.901811900927E1));
#13=LINE('',#12,#11);
#14=CARTESIAN_POINT('',(6.407840341669E1,4.614685656760E1,-9.901811904103E1));
#15=CARTESIAN_POINT('',(6.408997328193E1,4.539376069009E1,-9.993747934170E1));
#16=CARTESIAN_POINT('',(6.409793097395E1,4.424186578189E1,-1.004833699070E2));
#17=CARTESIAN_POINT('',(6.409793097574E1,4.305249931161E1,-1.004833699070E2));
#19=CARTESIAN_POINT('',(7.058339599001E1,2.55E1,-7.1E1));
#20=DIRECTION('',(0.E0,1.E0,0.E0));
#21=DIRECTION('',(1.E0,0.E0,4.736951571734E-13));
#22=AXIS2_PLACEMENT_3D('',#19,#20,#21);
#24=CARTESIAN_POINT('',(1.26E2,2.55E1,-9.4E1));
#25=DIRECTION('',(0.E0,-1.E0,0.E0));
#26=DIRECTION('',(-9.236100668287E-1,0.E0,3.833333333440E-1));
#27=AXIS2_PLACEMENT_3D('',#24,#25,#26);
#29=CARTESIAN_POINT('',(7.069567965617E1,2.55E1,-1.197377573092E2));
#30=DIRECTION('',(0.E0,1.E0,0.E0));
#31=DIRECTION('',(9.066282023486E-1,0.E0,4.219304477115E-1));
#32=AXIS2_PLACEMENT_3D('',#29,#30,#31);
#34=DIRECTION('',(1.E0,1.342274372969E-12,-1.699246800807E-10));
#35=VECTOR('',#34,9.793110020037E-2);
#36=CARTESIAN_POINT('',(6.4E1,2.55E1,-1.004833699070E2));
#37=LINE('',#36,#35);
#38=CARTESIAN_POINT('',(6.409793110008E1,2.55E1,-9.748336990705E1));
#39=DIRECTION('',(0.E0,-1.E0,0.E0));
#40=DIRECTION('',(1.218249205219E-10,0.E0,-1.E0));
#41=AXIS2_PLACEMENT_3D('',#38,#39,#40);
#43=CARTESIAN_POINT('',(1.26E2,2.55E1,-9.4E1));
#44=DIRECTION('',(0.E0,1.E0,0.E0));
#45=DIRECTION('',(-9.984204661278E-1,0.E0,-5.618338559792E-2));
#46=AXIS2_PLACEMENT_3D('',#43,#44,#45);
#48=CARTESIAN_POINT('',(6.586880609725E1,2.55E1,-7.889240191725E1));
#49=DIRECTION('',(0.E0,-1.E0,0.E0));
#50=DIRECTION('',(9.698579661737E-1,0.E0,-2.436709368172E-1));
#51=AXIS2_PLACEMENT_3D('',#48,#49,#50);
#53=CARTESIAN_POINT('',(6.7E1,2.55E1,-7.3E1));
#54=DIRECTION('',(0.E0,1.E0,0.E0));
#55=DIRECTION('',(-1.885323168020E-1,0.E0,-9.820669862699E-1));
#56=AXIS2_PLACEMENT_3D('',#53,#54,#55);
#58=CARTESIAN_POINT('',(6.875E1,2.55E1,-1.189877573092E2));
#59=DIRECTION('',(0.E0,-1.E0,0.E0));
#60=DIRECTION('',(0.E0,0.E0,1.E0));
#61=AXIS2_PLACEMENT_3D('',#58,#59,#60);
#63=CARTESIAN_POINT('',(6.875E1,2.55E1,-1.189877573092E2));
#64=DIRECTION('',(0.E0,-1.E0,0.E0));
#65=DIRECTION('',(0.E0,0.E0,-1.E0));
#66=AXIS2_PLACEMENT_3D('',#63,#64,#65);
#68=CARTESIAN_POINT('',(6.75E1,2.55E1,-1.079833699071E2));
#69=DIRECTION('',(0.E0,-1.E0,0.E0));
#70=DIRECTION('',(0.E0,0.E0,1.E0));
#71=AXIS2_PLACEMENT_3D('',#68,#69,#70);
#73=CARTESIAN_POINT('',(6.75E1,2.55E1,-1.079833699071E2));
#74=DIRECTION('',(0.E0,-1.E0,0.E0));
#75=DIRECTION('',(0.E0,0.E0,-1.E0));
#76=AXIS2_PLACEMENT_3D('',#73,#74,#75);
#78=DIRECTION('',(3.495517131621E-6,9.999999999939E-1,-5.839621636394E-11));
#79=VECTOR('',#78,2.877568175027E1);
#80=CARTESIAN_POINT('',(7.058339601201E1,2.849999997828E1,-6.8E1));
#81=LINE('',#80,#79);
#82=CARTESIAN_POINT('',(7.058349659790E1,5.727568172837E1,-6.800000000168E1));
#83=CARTESIAN_POINT('',(7.108004486654E1,5.737226247830E1,-6.800003401745E1));
#84=CARTESIAN_POINT('',(7.206265654917E1,5.747559397170E1,-6.824822752640E1));
#85=CARTESIAN_POINT('',(7.319457934685E1,5.742217103111E1,-6.928255994920E1));
#86=CARTESIAN_POINT('',(7.369166816448E1,5.713506223794E1,-7.072044279960E1));
#87=CARTESIAN_POINT('',(7.353993446154E1,5.675361137122E1,-7.170254674496E1));
#88=CARTESIAN_POINT('',(7.335422847283E1,5.651674592087E1,-7.214999450118E1));
#90=DIRECTION('',(-4.134386554170E-8,-1.E0,-9.960536188030E-8));
#91=VECTOR('',#90,3.101674592087E1);
#92=CARTESIAN_POINT('',(7.335422847283E1,5.651674592087E1,-7.214999450118E1));
#93=LINE('',#92,#91);
#94=CARTESIAN_POINT('',(7.358339599001E1,2.55E1,-7.1E1));
#95=CARTESIAN_POINT('',(7.358339599001E1,2.55E1,-7.080120737406E1));
#96=CARTESIAN_POINT('',(7.355085537316E1,2.553253515784E1,-7.039994124165E1));
#97=CARTESIAN_POINT('',(7.331629905165E1,2.576710290473E1,-6.971458477015E1));
#98=CARTESIAN_POINT('',(7.306891525187E1,2.601446862683E1,-6.928885571038E1));
#99=CARTESIAN_POINT('',(7.261878326698E1,2.646461649201E1,-6.875670499388E1));
#100=CARTESIAN_POINT('',(7.206137513037E1,2.702201301309E1,-6.836261928889E1));
#101=CARTESIAN_POINT('',(7.144034865853E1,2.764304174816E1,-6.809297494177E1));
#102=CARTESIAN_POINT('',(7.088456826839E1,2.819882772190E1,-6.800000000331E1));
#103=CARTESIAN_POINT('',(7.058339601201E1,2.849999997828E1,-6.8E1));
#105=CARTESIAN_POINT('',(7.050000002822E1,5.724641791855E1,-6.8E1));
#106=CARTESIAN_POINT('',(7.050000002866E1,5.725347283707E1,-6.8E1));
#107=CARTESIAN_POINT('',(7.050014640512E1,5.726052521300E1,-6.8E1));
#108=CARTESIAN_POINT('',(7.050043901878E1,5.726757406036E1,-6.8E1));
#110=DIRECTION('',(0.E0,1.E0,5.827168171475E-14));
#111=VECTOR('',#110,6.828427124748E0);
#112=CARTESIAN_POINT('',(6.4E1,2.567157287525E1,-7.E1));
#113=LINE('',#112,#111);
#114=DIRECTION('',(0.E0,-1.E0,0.E0));
#115=VECTOR('',#114,4.E0);
#116=CARTESIAN_POINT('',(6.6E1,3.25E1,-6.8E1));
#117=LINE('',#116,#115);
#118=DIRECTION('',(0.E0,0.E0,-1.E0));
#119=VECTOR('',#118,1.999999999998E0);
#120=CARTESIAN_POINT('',(6.4E1,2.55E1,-7.1E1));
#121=LINE('',#120,#119);
#122=CARTESIAN_POINT('',(6.4E1,1.347785607576E1,-6.398336990705E1));
#123=DIRECTION('',(-1.E0,0.E0,0.E0));
#124=DIRECTION('',(0.E0,9.356685383228E-1,-3.528801303458E-1));
#125=AXIS2_PLACEMENT_3D('',#122,#123,#124);
#127=DIRECTION('',(4.311014197566E-7,-6.336872742252E-1,-7.735893215944E-1));
#128=VECTOR('',#127,2.371234296981E0);
#129=CARTESIAN_POINT('',(6.4E1,5.020282135831E1,-9.406670029162E1));
#130=LINE('',#129,#128);
#131=DIRECTION('',(-2.536992424579E-7,-6.336872742234E-1,-7.735893215959E-1));
#132=VECTOR('',#131,4.029343605826E0);
#133=CARTESIAN_POINT('',(6.400000102224E1,4.870020036010E1,-9.590106182277E1));
#134=LINE('',#133,#132);
#135=CARTESIAN_POINT('',(6.4E1,4.305249931161E1,-9.648336990705E1));
#136=DIRECTION('',(-1.E0,0.E0,0.E0));
#137=DIRECTION('',(0.E0,7.735893215963E-1,-6.336872742230E-1));
#138=AXIS2_PLACEMENT_3D('',#135,#136,#137);
#140=DIRECTION('',(0.E0,-1.E0,9.480650348384E-13));
#141=VECTOR('',#140,1.755249931176E1);
#142=CARTESIAN_POINT('',(6.4E1,4.305249931176E1,-1.004833699070E2));
#143=LINE('',#142,#141);
#144=DIRECTION('',(0.E0,-2.348283387326E-14,-1.E0));
#145=VECTOR('',#144,2.314734225818E1);
#146=CARTESIAN_POINT('',(6.4E1,2.55E1,-1.004833699070E2));
#147=LINE('',#146,#145);
#148=CARTESIAN_POINT('',(6.4E1,2.55E1,-1.236307121652E2));
#149=CARTESIAN_POINT('',(6.4E1,3.508788045465E1,-1.231975940207E2));
#150=CARTESIAN_POINT('',(6.4E1,3.585897247536E1,-1.210120252734E2));
#151=CARTESIAN_POINT('',(6.4E1,3.975000000001E1,-1.099833699070E2));
#153=DIRECTION('',(0.E0,6.336872742246E-1,7.735893215950E-1));
#154=VECTOR('',#153,1.893678552197E1);
#155=CARTESIAN_POINT('',(6.4E1,3.975000000001E1,-1.099833699070E2));
#156=LINE('',#155,#154);
#157=CARTESIAN_POINT('',(6.4E1,1.347785607576E1,-6.398336990705E1));
#158=DIRECTION('',(1.E0,0.E0,0.E0));
#159=DIRECTION('',(0.E0,7.735893215950E-1,-6.336872742245E-1));
#160=AXIS2_PLACEMENT_3D('',#157,#158,#159);
#162=DIRECTION('',(0.E0,-6.336872742246E-1,7.735893215950E-1));
#163=VECTOR('',#162,1.893678552198E1);
#164=CARTESIAN_POINT('',(6.4E1,5.175E1,-3.263266497219E1));
#165=LINE('',#164,#163);
#166=CARTESIAN_POINT('',(6.4E1,1.169989205003E1,-4.126614770065E1));
#167=DIRECTION('',(1.E0,0.E0,0.E0));
#168=DIRECTION('',(0.E0,7.694652143398E-1,6.386887222435E-1));
#169=AXIS2_PLACEMENT_3D('',#166,#167,#168);
#171=CARTESIAN_POINT('',(6.4E1,0.E0,-6.4E1));
#172=DIRECTION('',(1.E0,0.E0,0.E0));
#173=DIRECTION('',(0.E0,4.855768202168E-1,8.741940011623E-1));
#174=AXIS2_PLACEMENT_3D('',#171,#172,#173);
#176=DIRECTION('',(0.E0,-1.E0,-3.446063957636E-14));
#177=VECTOR('',#176,1.108269391300E0);
#178=CARTESIAN_POINT('',(6.4E1,2.660826939130E1,-8.E0));
#179=LINE('',#178,#177);
#180=DIRECTION('',(0.E0,-3.730349362741E-14,-1.E0));
#181=VECTOR('',#180,2.E0);
#182=CARTESIAN_POINT('',(6.4E1,2.55E1,-8.E0));
#183=LINE('',#182,#181);
#184=CARTESIAN_POINT('',(6.4E1,0.E0,-6.4E1));
#185=DIRECTION('',(-1.E0,0.E0,0.E0));
#186=DIRECTION('',(0.E0,4.358898943541E-1,9.E-1));
#187=AXIS2_PLACEMENT_3D('',#184,#185,#186);
#189=CARTESIAN_POINT('',(6.4E1,1.169989205003E1,-4.126614770065E1));
#190=DIRECTION('',(-1.E0,0.E0,0.E0));
#191=DIRECTION('',(0.E0,5.054604077462E-1,8.628497993284E-1));
#192=AXIS2_PLACEMENT_3D('',#189,#190,#191);
#194=DIRECTION('',(0.E0,6.336872742321E-1,-7.735893215888E-1));
#195=VECTOR('',#194,1.893021165045E1);
#196=CARTESIAN_POINT('',(6.4E1,3.820698718031E1,-1.925582998726E1));
#197=LINE('',#196,#195);
#198=CARTESIAN_POINT('',(6.4E1,1.347785607576E1,-6.398336990705E1));
#199=DIRECTION('',(-1.E0,0.E0,0.E0));
#200=DIRECTION('',(0.E0,7.735893215955E-1,6.336872742240E-1));
#201=AXIS2_PLACEMENT_3D('',#198,#199,#200);
#203=CARTESIAN_POINT('',(6.4E1,4.973720098239E1,-4.E1));
#204=DIRECTION('',(-1.E0,0.E0,0.E0));
#205=DIRECTION('',(0.E0,8.340569409959E-1,5.516783656956E-1));
#206=AXIS2_PLACEMENT_3D('',#203,#204,#205);
#208=DIRECTION('',(0.E0,0.E0,-1.E0));
#209=VECTOR('',#208,1.3E1);
#210=CARTESIAN_POINT('',(6.4E1,2.55E1,-4.4E1));
#211=LINE('',#210,#209);
#212=CARTESIAN_POINT('',(6.4E1,2.85E1,-5.7E1));
#213=DIRECTION('',(1.E0,0.E0,0.E0));
#214=DIRECTION('',(0.E0,-1.E0,0.E0));
#215=AXIS2_PLACEMENT_3D('',#212,#213,#214);
#217=CARTESIAN_POINT('',(6.4E1,3.25E1,-6.2E1));
#218=DIRECTION('',(-1.E0,0.E0,0.E0));
#219=DIRECTION('',(0.E0,-1.421085471520E-14,1.E0));
#220=AXIS2_PLACEMENT_3D('',#217,#218,#219);
#222=CARTESIAN_POINT('',(6.4E1,3.25E1,-6.6E1));
#223=DIRECTION('',(-1.E0,0.E0,0.E0));
#224=DIRECTION('',(0.E0,1.E0,0.E0));
#225=AXIS2_PLACEMENT_3D('',#222,#223,#224);
#227=CARTESIAN_POINT('',(6.4E1,2.85E1,-7.1E1));
#228=DIRECTION('',(1.E0,0.E0,0.E0));
#229=DIRECTION('',(0.E0,-9.428090415821E-1,3.333333333333E-1));
#230=AXIS2_PLACEMENT_3D('',#227,#228,#229);
#232=CARTESIAN_POINT('',(6.643440297333E1,5.394284214437E1,-7.594620035315E1));
#233=CARTESIAN_POINT('',(6.632511185763E1,5.396174400762E1,-7.592520900460E1));
#234=CARTESIAN_POINT('',(6.610203911120E1,5.401107519220E1,-7.586974461641E1));
#235=CARTESIAN_POINT('',(6.576202150619E1,5.412738331230E1,-7.574113120518E1));
#236=CARTESIAN_POINT('',(6.542176773407E1,5.428594312150E1,-7.556156004677E1));
#237=CARTESIAN_POINT('',(6.508813285862E1,5.448498554270E1,-7.532458129176E1));
#238=CARTESIAN_POINT('',(6.477490772704E1,5.472222092380E1,-7.502821535035E1));
#239=CARTESIAN_POINT('',(6.449817227965E1,5.498838481576E1,-7.467600855084E1));
#240=CARTESIAN_POINT('',(6.427461194523E1,5.526545410068E1,-7.428096582122E1));
#241=CARTESIAN_POINT('',(6.411364677679E1,5.553540892473E1,-7.385810397322E1));
#242=CARTESIAN_POINT('',(6.401944288150E1,5.578948838705E1,-7.342380086735E1));
#243=CARTESIAN_POINT('',(6.400000434390E1,5.593713823610E1,-7.313982071182E1));
#244=CARTESIAN_POINT('',(6.400000024844E1,5.600599390148E1,-7.299999999998E1));
#246=DIRECTION('',(-8.143963148881E-9,-1.E0,-5.450305953146E-13));
#247=VECTOR('',#246,3.050599390148E1);
#248=CARTESIAN_POINT('',(6.400000024844E1,5.600599390148E1,-7.299999999998E1));
#249=LINE('',#248,#247);
#250=CARTESIAN_POINT('',(6.399999999334E1,5.789725028267E1,-8.073601899358E1));
#251=CARTESIAN_POINT('',(6.399999999334E1,5.797276407305E1,-8.053582973810E1));
#252=CARTESIAN_POINT('',(6.400000000348E1,5.810120186247E1,-8.011772585596E1));
#253=CARTESIAN_POINT('',(6.399999999780E1,5.821975736509E1,-7.943744124574E1));
#254=CARTESIAN_POINT('',(6.400000000530E1,5.825669227961E1,-7.869777703115E1));
#255=CARTESIAN_POINT('',(6.399999998100E1,5.820047461933E1,-7.789968436338E1));
#256=CARTESIAN_POINT('',(6.400000007071E1,5.803807221867E1,-7.704204413892E1));
#257=CARTESIAN_POINT('',(6.399999973617E1,5.775236352971E1,-7.611054792004E1));
#258=CARTESIAN_POINT('',(6.400000098461E1,5.730423502443E1,-7.507275263676E1));
#259=CARTESIAN_POINT('',(6.399999632538E1,5.670346217369E1,-7.400610374023E1));
#260=CARTESIAN_POINT('',(6.400000791771E1,5.624723461535E1,-7.333431646417E1));
#261=CARTESIAN_POINT('',(6.400000024844E1,5.600599390148E1,-7.299999999998E1));
#263=CARTESIAN_POINT('',(6.643440297333E1,5.394284214437E1,-7.594620035315E1));
#264=CARTESIAN_POINT('',(6.647532603441E1,5.458708902428E1,-7.595405655142E1));
#265=CARTESIAN_POINT('',(6.649779932170E1,5.587354259948E1,-7.628230117486E1));
#266=CARTESIAN_POINT('',(6.632899806982E1,5.736451813028E1,-7.759856113562E1));
#267=CARTESIAN_POINT('',(6.598316790223E1,5.806829033997E1,-7.943319282196E1));
#268=CARTESIAN_POINT('',(6.569392023466E1,5.790865491243E1,-8.071766995870E1));
#269=CARTESIAN_POINT('',(6.555220030002E1,5.767709987606E1,-8.130840780271E1));
#271=DIRECTION('',(-9.999999999118E-1,-8.413054164811E-6,-1.027890779808E-5));
#272=VECTOR('',#271,2.712617137617E-2);
#273=CARTESIAN_POINT('',(6.402712617137E1,5.020282158652E1,-9.406670001279E1));
#274=LINE('',#273,#272);
#275=CARTESIAN_POINT('',(6.399999999334E1,5.789725028267E1,-8.073601899358E1));
#276=CARTESIAN_POINT('',(6.416864482488E1,5.786437874050E1,-8.082321327111E1));
#277=CARTESIAN_POINT('',(6.450874793200E1,5.780401623612E1,-8.098150261832E1));
#278=CARTESIAN_POINT('',(6.503021570967E1,5.773022479130E1,-8.117256608555E1));
#279=CARTESIAN_POINT('',(6.537785452639E1,5.769292020012E1,-8.126807214308E1));
#280=CARTESIAN_POINT('',(6.555220030002E1,5.767709987606E1,-8.130840780271E1));
#282=CARTESIAN_POINT('',(6.555220030002E1,5.767709987606E1,-8.130840780271E1));
#283=CARTESIAN_POINT('',(6.506629315268E1,5.678566139797E1,-8.358262669507E1));
#284=CARTESIAN_POINT('',(6.434837667913E1,5.460714462492E1,-8.807951287689E1));
#285=CARTESIAN_POINT('',(6.408068862977E1,5.178511596932E1,-9.213507512507E1));
#286=CARTESIAN_POINT('',(6.402712617137E1,5.020282158652E1,-9.406670001279E1));
#288=CARTESIAN_POINT('',(6.402712617137E1,5.020282158652E1,-9.406670001279E1));
#289=CARTESIAN_POINT('',(6.400903275645E1,4.970209409391E1,-9.467797541167E1));
#290=CARTESIAN_POINT('',(6.399999946053E1,4.920114713533E1,-9.528951872925E1));
#291=CARTESIAN_POINT('',(6.400000102224E1,4.870020036010E1,-9.590106182277E1));
#293=CARTESIAN_POINT('',(6.409793110008E1,4.305249931161E1,-9.748336990705E1));
#294=DIRECTION('',(0.E0,1.E0,0.E0));
#295=DIRECTION('',(9.984204661278E-1,0.E0,5.618338559678E-2));
#296=AXIS2_PLACEMENT_3D('',#293,#294,#295);
#298=CARTESIAN_POINT('',(6.407840341669E1,4.614685656760E1,-9.901811904103E1));
#299=CARTESIAN_POINT('',(6.443727254617E1,4.615571234214E1,-9.900730823488E1));
#300=CARTESIAN_POINT('',(6.521499073238E1,4.607258825811E1,-9.890006760137E1));
#301=CARTESIAN_POINT('',(6.629899933780E1,4.554609239653E1,-9.841421977201E1));
#302=CARTESIAN_POINT('',(6.697872736421E1,4.470645281813E1,-9.769221062053E1));
#303=CARTESIAN_POINT('',(6.708604410719E1,4.410405750172E1,-9.719335507213E1));
#304=CARTESIAN_POINT('',(6.707461100098E1,4.382608863769E1,-9.696623183747E1));
#306=CARTESIAN_POINT('',(6.707461100098E1,4.382608863769E1,-9.696623183747E1));
#307=CARTESIAN_POINT('',(6.707833992388E1,4.376230937437E1,-9.704030839155E1));
#308=CARTESIAN_POINT('',(6.708482002580E1,4.361823735351E1,-9.716373462510E1));
#309=CARTESIAN_POINT('',(6.709154332013E1,4.334936987347E1,-9.728570868770E1));
#310=CARTESIAN_POINT('',(6.709319249789E1,4.315508977595E1,-9.731481974002E1));
#311=CARTESIAN_POINT('',(6.709319249846E1,4.305249931161E1,-9.731481975026E1));
#313=DIRECTION('',(-7.090746796579E-9,1.E0,-1.422502362276E-12));
#314=VECTOR('',#313,1.755249931161E1);
#315=CARTESIAN_POINT('',(6.409793110020E1,2.55E1,-1.004833699070E2));
#316=LINE('',#315,#314);
#317=DIRECTION('',(7.367542115373E-14,-1.E0,-3.295153451601E-13));
#318=VECTOR('',#317,1.755249931161E1);
#319=CARTESIAN_POINT('',(6.709319249846E1,4.305249931161E1,-9.731481975026E1));
#320=LINE('',#319,#318);
#321=CARTESIAN_POINT('',(6.707461100098E1,4.382608863769E1,-9.696623183747E1));
#322=CARTESIAN_POINT('',(6.699562310062E1,4.517679868462E1,-9.539710542373E1));
#323=CARTESIAN_POINT('',(6.697934456084E1,4.653024562147E1,-9.382484010007E1));
#324=CARTESIAN_POINT('',(6.702582826465E1,4.788207387333E1,-9.225441466223E1));
#326=CARTESIAN_POINT('',(6.702582826465E1,4.788207387333E1,-9.225441466223E1));
#327=CARTESIAN_POINT('',(6.707679710265E1,4.936437936524E1,-9.053241190932E1));
#328=CARTESIAN_POINT('',(6.733160816735E1,5.200816133613E1,-8.691702881765E1));
#329=CARTESIAN_POINT('',(6.801471044614E1,5.404892211574E1,-8.290809540161E1));
#330=CARTESIAN_POINT('',(6.847710539128E1,5.488402895646E1,-8.088067852850E1));
#332=CARTESIAN_POINT('',(6.702582826465E1,4.788207387333E1,-9.225441466223E1));
#333=CARTESIAN_POINT('',(6.701925449230E1,4.815305224015E1,-9.247619256542E1));
#334=CARTESIAN_POINT('',(6.687941665940E1,4.873744090825E1,-9.295075661674E1));
#335=CARTESIAN_POINT('',(6.618890672899E1,4.955518793304E1,-9.360017706094E1));
#336=CARTESIAN_POINT('',(6.513220003087E1,5.008955804249E1,-9.400662950679E1));
#337=CARTESIAN_POINT('',(6.437725330168E1,5.019774660960E1,-9.407290640003E1));
#338=CARTESIAN_POINT('',(6.402712617137E1,5.020282158652E1,-9.406670001279E1));
#340=CARTESIAN_POINT('',(6.586880609725E1,5.394284214820E1,-7.889240191725E1));
#341=DIRECTION('',(0.E0,1.E0,0.E0));
#342=DIRECTION('',(1.885322942769E-1,0.E0,9.820669905942E-1));
#343=AXIS2_PLACEMENT_3D('',#340,#341,#342);
#345=CARTESIAN_POINT('',(6.877837999577E1,5.394284214820E1,-7.962341472770E1));
#346=CARTESIAN_POINT('',(6.877819338392E1,5.407301270173E1,-7.962415747935E1));
#347=CARTESIAN_POINT('',(6.876725144630E1,5.431623803180E1,-7.966759334387E1));
#348=CARTESIAN_POINT('',(6.871796661195E1,5.466146986965E1,-7.986524872510E1));
#349=CARTESIAN_POINT('',(6.864194719429E1,5.489187202925E1,-8.017611210329E1));
#350=CARTESIAN_POINT('',(6.855193552414E1,5.496928362668E1,-8.055506528092E1));
#351=CARTESIAN_POINT('',(6.850156160379E1,5.492840563513E1,-8.077344804920E1));
#352=CARTESIAN_POINT('',(6.847710539128E1,5.488402895646E1,-8.088067852850E1));
#354=CARTESIAN_POINT('',(6.847710539128E1,5.488402895646E1,-8.088067852850E1));
#355=CARTESIAN_POINT('',(6.845020342892E1,5.520060362617E1,-8.099863261956E1));
#356=CARTESIAN_POINT('',(6.827785978928E1,5.587919127318E1,-8.122531599960E1));
#357=CARTESIAN_POINT('',(6.759388129323E1,5.683367583314E1,-8.144345502651E1));
#358=CARTESIAN_POINT('',(6.659437987415E1,5.748682353348E1,-8.147151547233E1));
#359=CARTESIAN_POINT('',(6.588371360713E1,5.765141021810E1,-8.137394679992E1));
#360=CARTESIAN_POINT('',(6.555220030002E1,5.767709987606E1,-8.130840780271E1));
#362=DIRECTION('',(0.E0,1.E0,1.249071263796E-14));
#363=VECTOR('',#362,2.844284214820E1);
#364=CARTESIAN_POINT('',(6.877837999577E1,2.55E1,-7.962341472770E1));
#365=LINE('',#364,#363);
#366=DIRECTION('',(1.051846908412E-9,-1.E0,-2.098258807978E-8));
#367=VECTOR('',#366,2.844284214437E1);
#368=CARTESIAN_POINT('',(6.643440297333E1,5.394284214437E1,-7.594620035315E1));
#369=LINE('',#368,#367);
#370=CARTESIAN_POINT('',(7.432218890451E1,3.660058207712E1,-1.180500263369E2));
#371=CARTESIAN_POINT('',(7.430252984990E1,3.662206987505E1,-1.180077837033E2));
#372=CARTESIAN_POINT('',(7.426327359386E1,3.666473067684E1,-1.179231626691E2));
#373=CARTESIAN_POINT('',(7.420456045743E1,3.672785976093E1,-1.177957774078E2));
#374=CARTESIAN_POINT('',(7.416554729874E1,3.676938263928E1,-1.177105815154E2));
#375=CARTESIAN_POINT('',(7.414607554401E1,3.679001186620E1,-1.176679209543E2));
#377=DIRECTION('',(-1.E0,-2.321728646273E-12,-3.206150268352E-12));
#378=VECTOR('',#377,7.286821638526E0);
#379=CARTESIAN_POINT('',(7.128682163853E1,3.975000000003E1,-1.099833699070E2));
#380=LINE('',#379,#378);
#381=DIRECTION('',(1.E0,-2.006163990254E-14,0.E0));
#382=VECTOR('',#381,7.614865431270E0);
#383=CARTESIAN_POINT('',(6.4E1,2.55E1,-1.236307121652E2));
#384=LINE('',#383,#382);
#385=CARTESIAN_POINT('',(6.877689045918E1,3.798256084272E1,-1.148628449703E2));
#386=CARTESIAN_POINT('',(6.895294897730E1,3.798212334887E1,-1.148639792188E2));
#387=CARTESIAN_POINT('',(6.930405654688E1,3.797251578119E1,-1.148888754474E2));
#388=CARTESIAN_POINT('',(6.981961535828E1,3.793253015216E1,-1.149922819630E2));
#389=CARTESIAN_POINT('',(7.032010419653E1,3.786682880275E1,-1.151610327544E2));
#390=CARTESIAN_POINT('',(7.079947685976E1,3.777499290954E1,-1.153944603128E2));
#391=CARTESIAN_POINT('',(7.125151309078E1,3.765573880736E1,-1.156929899734E2));
#392=CARTESIAN_POINT('',(7.165622908812E1,3.751238364172E1,-1.160444372991E2));
#393=CARTESIAN_POINT('',(7.200355639795E1,3.734877946261E1,-1.164348344465E2));
#394=CARTESIAN_POINT('',(7.228755597203E1,3.717001064117E1,-1.168473994882E2));
#395=CARTESIAN_POINT('',(7.251191367762E1,3.697794322205E1,-1.172733976062E2));
#396=CARTESIAN_POINT('',(7.268400724646E1,3.676841307615E1,-1.177167992041E2));
#397=CARTESIAN_POINT('',(7.280628767169E1,3.653372899996E1,-1.181859011880E2));
#398=CARTESIAN_POINT('',(7.287499670836E1,3.626492579604E1,-1.186867745284E2));
#399=CARTESIAN_POINT('',(7.288040263555E1,3.594952657228E1,-1.192242306324E2));
#400=CARTESIAN_POINT('',(7.281176830111E1,3.558602804934E1,-1.197776560518E2));
#401=CARTESIAN_POINT('',(7.266470680271E1,3.517002269682E1,-1.203300814067E2));
#402=CARTESIAN_POINT('',(7.243803292949E1,3.469491432577E1,-1.208658885036E2));
#403=CARTESIAN_POINT('',(7.214014190928E1,3.416445697559E1,-1.213602017105E2));
#404=CARTESIAN_POINT('',(7.180365085034E1,3.361468156705E1,-1.217754511956E2));
#405=CARTESIAN_POINT('',(7.148338383785E1,3.311339681363E1,-1.220860751774E2));
#406=CARTESIAN_POINT('',(7.118470615916E1,3.265830819617E1,-1.223239178417E2));
#407=CARTESIAN_POINT('',(7.090671705013E1,3.224593301088E1,-1.225086906687E2));
#408=CARTESIAN_POINT('',(7.064674460428E1,3.187308611054E1,-1.226544578867E2));
#409=CARTESIAN_POINT('',(7.040189014926E1,3.153782567067E1,-1.227705275160E2));
#410=CARTESIAN_POINT('',(7.016929925376E1,3.123908319624E1,-1.228634091387E2));
#411=CARTESIAN_POINT('',(6.994689273503E1,3.097728194973E1,-1.229374861271E2));
#412=CARTESIAN_POINT('',(6.973222085700E1,3.075270163445E1,-1.229960842428E2));
#413=CARTESIAN_POINT('',(6.952292328451E1,3.056625993426E1,-1.230415226411E2));
#414=CARTESIAN_POINT('',(6.931835396166E1,3.042068059900E1,-1.230751042942E2));
#415=CARTESIAN_POINT('',(6.911931899683E1,3.031828329743E1,-1.230977796690E2));
#416=CARTESIAN_POINT('',(6.892598334625E1,3.025972643187E1,-1.231104108315E2));
#417=CARTESIAN_POINT('',(6.880726585715E1,3.024871657846E1,-1.231127573092E2));
#418=CARTESIAN_POINT('',(6.875E1,3.024871657846E1,-1.231127573092E2));
#420=DIRECTION('',(-3.208006890661E-7,9.999999999996E-1,8.271141956693E-7));
#421=VECTOR('',#420,1.110058207713E1);
#422=CARTESIAN_POINT('',(7.432219246558E1,2.55E1,-1.180500355184E2));
#423=LINE('',#422,#421);
#424=CARTESIAN_POINT('',(7.432218890451E1,3.660058207712E1,-1.180500263369E2));
#425=CARTESIAN_POINT('',(7.438475296459E1,3.653219812341E1,-1.181844616251E2));
#426=CARTESIAN_POINT('',(7.449790669432E1,3.638479570337E1,-1.184667145293E2));
#427=CARTESIAN_POINT('',(7.462241974531E1,3.612725416398E1,-1.189261208195E2));
#428=CARTESIAN_POINT('',(7.469284476510E1,3.582939288476E1,-1.194126823207E2));
#429=CARTESIAN_POINT('',(7.470241662201E1,3.548454532703E1,-1.199180266293E2));
#430=CARTESIAN_POINT('',(7.464701878323E1,3.508843869777E1,-1.204269723376E2));
#431=CARTESIAN_POINT('',(7.452624198874E1,3.463341853253E1,-1.209267430470E2));
#432=CARTESIAN_POINT('',(7.434544948694E1,3.411643848037E1,-1.214003165999E2));
#433=CARTESIAN_POINT('',(7.410720981498E1,3.351728949482E1,-1.218465600305E2));
#434=CARTESIAN_POINT('',(7.381379560110E1,3.281131888543E1,-1.222601433231E2));
#435=CARTESIAN_POINT('',(7.347355506213E1,3.197881542055E1,-1.226302896509E2));
#436=CARTESIAN_POINT('',(7.309441823867E1,3.098878823029E1,-1.229512458493E2));
#437=CARTESIAN_POINT('',(7.269207449329E1,2.981915663361E1,-1.232143138850E2));
#438=CARTESIAN_POINT('',(7.229495610876E1,2.848870836886E1,-1.234121153150E2));
#439=CARTESIAN_POINT('',(7.192755068990E1,2.703337513790E1,-1.235490415081E2));
#440=CARTESIAN_POINT('',(7.171441205814E1,2.602031543398E1,-1.236072076945E2));
#441=CARTESIAN_POINT('',(7.161486543127E1,2.55E1,-1.236307121652E2));
#443=CARTESIAN_POINT('',(7.335422847283E1,5.651674592087E1,-7.214999450118E1));
#444=CARTESIAN_POINT('',(7.116636928731E1,5.519490935676E1,-7.742145872089E1));
#445=CARTESIAN_POINT('',(6.992161868231E1,5.309744889086E1,-8.259258173586E1));
#446=CARTESIAN_POINT('',(6.935464226028E1,5.035209412198E1,-8.765150045021E1));
#448=CARTESIAN_POINT('',(6.906022879185E1,4.337754071856E1,-9.661889498485E1));
#449=CARTESIAN_POINT('',(6.919622439635E1,4.120098786036E1,-9.957173701040E1));
#450=CARTESIAN_POINT('',(6.956198523055E1,3.915503486978E1,-1.025140035213E2));
#451=CARTESIAN_POINT('',(7.015370762441E1,3.726471227020E1,-1.054101545956E2));
#453=CARTESIAN_POINT('',(7.015370829432E1,3.710000167033E1,-1.054101578746E2));
#454=CARTESIAN_POINT('',(7.019758904105E1,3.688463257952E1,-1.056249294317E2));
#455=CARTESIAN_POINT('',(7.028723972674E1,3.648398048145E1,-1.060509709016E2));
#456=CARTESIAN_POINT('',(7.042520085168E1,3.595756480878E1,-1.066718988925E2));
#457=CARTESIAN_POINT('',(7.052277325783E1,3.568768140267E1,-1.070890450913E2));
#458=CARTESIAN_POINT('',(7.057269165081E1,3.557039212191E1,-1.072971233417E2));
#460=CARTESIAN_POINT('',(7.233597610161E1,5.035210792568E1,-8.798563893395E1));
#461=DIRECTION('',(9.679418289392E-2,4.947198874898E-1,8.636452507135E-1));
#462=DIRECTION('',(-3.120408683903E-1,8.390563770404E-1,-4.456623078095E-1));
#463=AXIS2_PLACEMENT_3D('',#460,#461,#462);
#465=CARTESIAN_POINT('',(7.335422847283E1,5.651674592087E1,-7.214999450118E1));
#466=CARTESIAN_POINT('',(7.332289460195E1,5.685107211535E1,-7.222548058423E1));
#467=CARTESIAN_POINT('',(7.336762996788E1,5.756969468567E1,-7.243425207222E1));
#468=CARTESIAN_POINT('',(7.386642208939E1,5.857810579197E1,-7.290818154664E1));
#469=CARTESIAN_POINT('',(7.472948747458E1,5.925414578542E1,-7.344532319391E1));
#470=CARTESIAN_POINT('',(7.539141898625E1,5.940931636313E1,-7.376112127190E1));
#471=CARTESIAN_POINT('',(7.570722092203E1,5.942682894989E1,-7.389682639916E1));
#473=CARTESIAN_POINT('',(7.233597610161E1,5.035210792568E1,-8.798563893395E1));
#474=DIRECTION('',(0.E0,1.E0,0.E0));
#475=DIRECTION('',(-1.522754116663E-1,0.E0,-9.883380995398E-1));
#476=AXIS2_PLACEMENT_3D('',#473,#474,#475);
#478=CARTESIAN_POINT('',(7.233597610161E1,5.035210792568E1,-8.798563893395E1));
#479=DIRECTION('',(0.E0,1.E0,0.E0));
#480=DIRECTION('',(-3.281754439359E-2,0.E0,-9.994613593231E-1));
#481=AXIS2_PLACEMENT_3D('',#478,#479,#480);
#483=DIRECTION('',(6.925966745765E-14,-1.E0,2.663833363756E-14));
#484=VECTOR('',#483,8.002107925681E0);
#485=CARTESIAN_POINT('',(7.223752346843E1,5.035210792568E1,-9.098402301192E1));
#486=LINE('',#485,#484);
#487=DIRECTION('',(3.561727164350E-8,9.999999999999E-1,3.177560991715E-7));
#488=VECTOR('',#487,8.002094121984E0);
#489=CARTESIAN_POINT('',(6.935464197526E1,4.235E1,-8.765150299292E1));
#490=LINE('',#489,#488);
#491=CARTESIAN_POINT('',(7.223752346843E1,5.035210792568E1,-9.098402301192E1));
#492=CARTESIAN_POINT('',(7.474120388160E1,5.123958874725E1,-9.106623193609E1));
#493=CARTESIAN_POINT('',(7.727382337739E1,5.203531948024E1,-9.114939108172E1));
#494=CARTESIAN_POINT('',(7.983199376979E1,5.275003944768E1,-9.123338919694E1));
#496=CARTESIAN_POINT('',(7.983199376979E1,5.275003944768E1,-9.123338919694E1));
#497=CARTESIAN_POINT('',(8.209618281433E1,5.085377356084E1,-9.130773436348E1));
#498=CARTESIAN_POINT('',(8.752299710296E1,4.781568285229E1,-9.148592496331E1));
#499=CARTESIAN_POINT('',(9.392402931334E1,4.675002226257E1,-9.169610444083E1));
#500=CARTESIAN_POINT('',(9.712515122638E1,4.675E1,-9.180121401299E1));
#502=CARTESIAN_POINT('',(1.024330443337E2,4.675E1,-9.197549990814E1));
#503=CARTESIAN_POINT('',(1.030163353830E2,4.675000188719E1,-9.199465240452E1));
#504=CARTESIAN_POINT('',(1.041595702172E2,4.661135432878E1,-9.203219076850E1));
#505=CARTESIAN_POINT('',(1.063517722979E2,4.579156552166E1,-9.210417223622E1));
#506=CARTESIAN_POINT('',(1.076882066238E2,4.462528796595E1,-9.214805437442E1));
#507=CARTESIAN_POINT('',(1.083496180584E2,4.367510079598E1,-9.216977197183E1));
#509=CARTESIAN_POINT('',(1.083496180584E2,4.367510079598E1,-9.216977197183E1));
#510=CARTESIAN_POINT('',(1.086448228382E2,4.325102463193E1,-9.217946509006E1));
#511=CARTESIAN_POINT('',(1.089070777498E2,4.281133714231E1,-9.218807626516E1));
#512=CARTESIAN_POINT('',(1.091233546632E2,4.235E1,-9.219517776838E1));
#514=CARTESIAN_POINT('',(1.26E2,4.235E1,-9.4E1));
#515=DIRECTION('',(0.E0,-1.E0,0.E0));
#516=DIRECTION('',(-9.870565079530E-1,0.E0,1.603728471647E-1));
#517=AXIS2_PLACEMENT_3D('',#514,#515,#516);
#519=CARTESIAN_POINT('',(1.26E2,4.235E1,-9.4E1));
#520=DIRECTION('',(0.E0,-1.E0,0.E0));
#521=DIRECTION('',(0.E0,0.E0,-1.E0));
#522=AXIS2_PLACEMENT_3D('',#519,#520,#521);
#524=CARTESIAN_POINT('',(1.26E2,4.235E1,-9.4E1));
#525=DIRECTION('',(0.E0,-1.E0,0.E0));
#526=DIRECTION('',(9.870565079512E-1,0.E0,-1.603728471753E-1));
#527=AXIS2_PLACEMENT_3D('',#524,#525,#526);
#529=CARTESIAN_POINT('',(1.26E2,4.235E1,-9.4E1));
#530=DIRECTION('',(0.E0,-1.E0,0.E0));
#531=DIRECTION('',(0.E0,0.E0,1.E0));
#532=AXIS2_PLACEMENT_3D('',#529,#530,#531);
#534=CARTESIAN_POINT('',(1.203846145221E2,4.235E1,-8.396419181459E1));
#535=DIRECTION('',(0.E0,-1.E0,0.E0));
#536=DIRECTION('',(-4.882943893587E-1,0.E0,8.726789726588E-1));
#537=AXIS2_PLACEMENT_3D('',#534,#535,#536);
#539=DIRECTION('',(-8.191520442895E-1,0.E0,5.735764363503E-1));
#540=VECTOR('',#539,1.150159157357E0);
#541=CARTESIAN_POINT('',(1.191305992939E2,4.235E1,-8.430689548754E1));
#542=LINE('',#541,#540);
#543=DIRECTION('',(-4.780364110169E-1,-3.662001608391E-13,8.783400194356E-1));
#544=VECTOR('',#543,4.369583665024E1);
#545=CARTESIAN_POINT('',(1.172946919655E2,4.235000000002E1,-8.061980518376E1));
#546=LINE('',#545,#544);
#547=CARTESIAN_POINT('',(9.377147098140E1,4.235E1,-4.367411240947E1));
#548=DIRECTION('',(0.E0,-1.E0,0.E0));
#549=DIRECTION('',(8.783400184782E-1,0.E0,4.780364127759E-1));
#550=AXIS2_PLACEMENT_3D('',#547,#548,#549);
#552=CARTESIAN_POINT('',(9.377147098140E1,4.235E1,-4.367411240947E1));
#553=DIRECTION('',(0.E0,-1.E0,0.E0));
#554=DIRECTION('',(0.E0,0.E0,1.E0));
#555=AXIS2_PLACEMENT_3D('',#552,#553,#554);
#557=DIRECTION('',(5.299192642333E-1,0.E0,8.480480961564E-1));
#558=VECTOR('',#557,9.760610507792E0);
#559=CARTESIAN_POINT('',(9.122732669294E1,4.235E1,-4.208435461677E1));
#560=LINE('',#559,#558);
#561=CARTESIAN_POINT('',(9.894380652016E1,4.235E1,-3.539664525101E1));
#562=DIRECTION('',(0.E0,-1.E0,0.E0));
#563=DIRECTION('',(-8.480480961554E-1,0.E0,5.299192642349E-1));
#564=AXIS2_PLACEMENT_3D('',#561,#562,#563);
#566=DIRECTION('',(4.780364147484E-1,-3.286760496181E-13,-8.783400174047E-1));
#567=VECTOR('',#566,4.743061637954E1);
#568=CARTESIAN_POINT('',(9.630879691011E1,4.235E1,-3.683077368107E1));
#569=LINE('',#568,#567);
#570=CARTESIAN_POINT('',(1.26E2,4.235E1,-9.4E1));
#571=DIRECTION('',(0.E0,1.E0,0.E0));
#572=DIRECTION('',(-2.467634080418E-1,0.E0,9.690757557857E-1));
#573=AXIS2_PLACEMENT_3D('',#570,#571,#572);
#575=CARTESIAN_POINT('',(1.26E2,4.235E1,-9.4E1));
#576=DIRECTION('',(0.E0,1.E0,0.E0));
#577=DIRECTION('',(0.E0,0.E0,1.E0));
#578=AXIS2_PLACEMENT_3D('',#575,#576,#577);
#580=CARTESIAN_POINT('',(1.26E2,4.235E1,-9.4E1));
#581=DIRECTION('',(0.E0,1.E0,0.E0));
#582=DIRECTION('',(2.467655844674E-1,0.E0,-9.690752015827E-1));
#583=AXIS2_PLACEMENT_3D('',#580,#581,#582);
#585=CARTESIAN_POINT('',(1.26E2,4.235E1,-9.4E1));
#586=DIRECTION('',(0.E0,1.E0,0.E0));
#587=DIRECTION('',(0.E0,0.E0,-1.E0));
#588=AXIS2_PLACEMENT_3D('',#585,#586,#587);
#590=DIRECTION('',(-9.994613592282E-1,4.218265192450E-13,3.281754728299E-2));
#591=VECTOR('',#590,3.685561326552E1);
#592=CARTESIAN_POINT('',(1.089912433658E2,4.234999999998E1,-9.469218732097E1));
#593=LINE('',#592,#591);
#594=CARTESIAN_POINT('',(7.205702697428E1,4.235E1,-9.648106048820E1));
#595=DIRECTION('',(0.E0,-1.E0,0.E0));
#596=DIRECTION('',(3.281754440839E-2,0.E0,9.994613593226E-1));
#597=AXIS2_PLACEMENT_3D('',#594,#595,#596);
#599=CARTESIAN_POINT('',(7.205702697428E1,4.235E1,-9.648106048820E1));
#600=DIRECTION('',(0.E0,-1.E0,0.E0));
#601=DIRECTION('',(0.E0,0.E0,1.E0));
#602=AXIS2_PLACEMENT_3D('',#599,#600,#601);
#604=CARTESIAN_POINT('',(1.26E2,4.235E1,-9.4E1));
#605=DIRECTION('',(0.E0,1.E0,0.E0));
#606=DIRECTION('',(-9.989439449208E-1,0.E0,-4.594556459684E-2));
#607=AXIS2_PLACEMENT_3D('',#604,#605,#606);
#609=CARTESIAN_POINT('',(7.233597610161E1,4.235E1,-8.798563893395E1));
#610=DIRECTION('',(0.E0,-1.E0,0.E0));
#611=DIRECTION('',(-9.937782203398E-1,0.E0,1.113770567861E-1));
#612=AXIS2_PLACEMENT_3D('',#609,#610,#611);
#614=DIRECTION('',(9.994613593440E-1,4.043113492795E-14,-3.281754375743E-2));
#615=VECTOR('',#614,3.690571011067E1);
#616=CARTESIAN_POINT('',(7.223752346843E1,4.235E1,-9.098402301192E1));
#617=LINE('',#616,#615);
#618=DIRECTION('',(8.191520442959E-1,0.E0,-5.735764363412E-1));
#619=VECTOR('',#618,1.150159157375E0);
#620=CARTESIAN_POINT('',(1.135998325781E2,4.235E1,-9.020040765114E1));
#621=LINE('',#620,#619);
#622=CARTESIAN_POINT('',(1.146488501586E2,4.235E1,-9.215571225748E1));
#623=DIRECTION('',(0.E0,-1.E0,0.E0));
#624=DIRECTION('',(-8.220181192191E-2,0.E0,9.966157043298E-1));
#625=AXIS2_PLACEMENT_3D('',#622,#623,#624);
#627=CARTESIAN_POINT('',(1.133656766982E2,4.205E1,-9.194722755616E1));
#628=DIRECTION('',(-1.603728471747E-1,0.E0,-9.870565079513E-1));
#629=DIRECTION('',(0.E0,1.E0,0.E0));
#630=AXIS2_PLACEMENT_3D('',#627,#628,#629);
#632=CARTESIAN_POINT('',(1.26E2,4.205E1,-9.4E1));
#633=DIRECTION('',(0.E0,-1.E0,0.E0));
#634=DIRECTION('',(-9.870565079513E-1,0.E0,1.603728471751E-1));
#635=AXIS2_PLACEMENT_3D('',#632,#633,#634);
#637=CARTESIAN_POINT('',(1.26E2,4.205E1,-9.4E1));
#638=DIRECTION('',(0.E0,-1.E0,0.E0));
#639=DIRECTION('',(0.E0,0.E0,-1.E0));
#640=AXIS2_PLACEMENT_3D('',#637,#638,#639);
#642=CARTESIAN_POINT('',(1.26E2,4.205E1,-9.4E1));
#643=DIRECTION('',(0.E0,-1.E0,0.E0));
#644=DIRECTION('',(0.E0,0.E0,1.E0));
#645=AXIS2_PLACEMENT_3D('',#642,#643,#644);
#647=CARTESIAN_POINT('',(1.198110380857E2,4.205E1,-8.478334385886E1));
#648=CARTESIAN_POINT('',(1.197284824698E2,4.210520046421E1,-8.472553779425E1));
#649=CARTESIAN_POINT('',(1.195723733898E2,4.221085153979E1,-8.461622903971E1));
#650=CARTESIAN_POINT('',(1.193439354655E2,4.232081529761E1,-8.445627508313E1));
#651=CARTESIAN_POINT('',(1.192005434177E2,4.235E1,-8.435587089029E1));
#652=CARTESIAN_POINT('',(1.191305992939E2,4.235E1,-8.430689548754E1));
#654=CARTESIAN_POINT('',(1.197498318159E2,4.205E1,-8.282970915015E1));
#655=DIRECTION('',(-8.726789726427E-1,0.E0,-4.882943893875E-1));
#656=DIRECTION('',(0.E0,1.E0,0.E0));
#657=AXIS2_PLACEMENT_3D('',#654,#655,#656);
#659=CARTESIAN_POINT('',(1.203846145221E2,4.205E1,-8.396419181459E1));
#660=DIRECTION('',(0.E0,-1.E0,0.E0));
#661=DIRECTION('',(-4.882943893980E-1,0.E0,8.726789726368E-1));
#662=AXIS2_PLACEMENT_3D('',#659,#660,#661);
#664=CARTESIAN_POINT('',(1.146488501586E2,3.635E1,-9.215571225748E1));
#665=DIRECTION('',(0.E0,1.E0,0.E0));
#666=DIRECTION('',(-1.421085471520E-14,0.E0,1.E0));
#667=AXIS2_PLACEMENT_3D('',#664,#665,#666);
#669=DIRECTION('',(8.191520442843E-1,0.E0,-5.735764363578E-1));
#670=VECTOR('',#669,2.278410377937E0);
#671=CARTESIAN_POINT('',(1.152224265948E2,3.635E1,-9.133656021314E1));
#672=LINE('',#671,#670);
#673=CARTESIAN_POINT('',(1.165152146773E2,3.635E1,-9.346255476259E1));
#674=DIRECTION('',(0.E0,1.E0,0.E0));
#675=DIRECTION('',(5.735764362450E-1,0.E0,8.191520443632E-1));
#676=AXIS2_PLACEMENT_3D('',#673,#674,#675);
#678=CARTESIAN_POINT('',(1.26E2,3.635E1,-9.4E1));
#679=DIRECTION('',(0.E0,-1.E0,0.E0));
#680=DIRECTION('',(-9.983984550207E-1,0.E0,5.657318280169E-2));
#681=AXIS2_PLACEMENT_3D('',#678,#679,#680);
#683=CARTESIAN_POINT('',(1.26E2,3.635E1,-9.4E1));
#684=DIRECTION('',(0.E0,-1.E0,0.E0));
#685=DIRECTION('',(0.E0,0.E0,-1.E0));
#686=AXIS2_PLACEMENT_3D('',#683,#684,#685);
#688=CARTESIAN_POINT('',(1.26E2,3.635E1,-9.4E1));
#689=DIRECTION('',(0.E0,-1.E0,0.E0));
#690=DIRECTION('',(0.E0,0.E0,1.E0));
#691=AXIS2_PLACEMENT_3D('',#688,#689,#690);
#693=CARTESIAN_POINT('',(1.222509790409E2,3.635E1,-8.527103431970E1));
#694=DIRECTION('',(0.E0,1.E0,0.E0));
#695=DIRECTION('',(3.946337851266E-1,0.E0,-9.188384926834E-1));
#696=AXIS2_PLACEMENT_3D('',#693,#694,#695);
#698=CARTESIAN_POINT('',(1.222509790409E2,3.635E1,-8.527103431970E1));
#699=DIRECTION('',(0.E0,1.E0,0.E0));
#700=DIRECTION('',(0.E0,0.E0,-1.E0));
#701=AXIS2_PLACEMENT_3D('',#698,#699,#700);
#703=DIRECTION('',(-8.191520442891E-1,0.E0,5.735764363509E-1));
#704=VECTOR('',#703,2.278410377772E0);
#705=CARTESIAN_POINT('',(1.216774026044E2,3.635E1,-8.609018636393E1));
#706=LINE('',#705,#704);
#707=CARTESIAN_POINT('',(1.203846145221E2,3.635E1,-8.396419181459E1));
#708=DIRECTION('',(0.E0,1.E0,0.E0));
#709=DIRECTION('',(-5.735764362329E-1,0.E0,-8.191520443717E-1));
#710=AXIS2_PLACEMENT_3D('',#707,#708,#709);
#712=CARTESIAN_POINT('',(1.26E2,3.635E1,-9.4E1));
#713=DIRECTION('',(0.E0,1.E0,0.E0));
#714=DIRECTION('',(-5.512585293397E-1,0.E0,8.343344855813E-1));
#715=AXIS2_PLACEMENT_3D('',#712,#713,#714);
#717=CARTESIAN_POINT('',(1.26E2,3.635E1,-9.4E1));
#718=DIRECTION('',(0.E0,1.E0,0.E0));
#719=DIRECTION('',(0.E0,0.E0,1.E0));
#720=AXIS2_PLACEMENT_3D('',#717,#718,#719);
#722=CARTESIAN_POINT('',(1.26E2,3.635E1,-9.4E1));
#723=DIRECTION('',(0.E0,1.E0,0.E0));
#724=DIRECTION('',(0.E0,0.E0,-1.E0));
#725=AXIS2_PLACEMENT_3D('',#722,#723,#724);
#727=CARTESIAN_POINT('',(1.146488501586E2,3.635E1,-9.215571225748E1));
#728=DIRECTION('',(0.E0,1.E0,0.E0));
#729=DIRECTION('',(-3.195639255814E-1,0.E0,9.475647194081E-1));
#730=AXIS2_PLACEMENT_3D('',#727,#728,#729);
#732=DIRECTION('',(3.989970746961E-13,1.E0,-5.151434834261E-12));
#733=VECTOR('',#732,5.2E0);
#734=CARTESIAN_POINT('',(1.136617936506E2,3.685E1,-9.199533941029E1));
#735=LINE('',#734,#733);
#736=DIRECTION('',(-1.194709049039E-11,-1.E0,6.379925827404E-12));
#737=VECTOR('',#736,5.7E0);
#738=CARTESIAN_POINT('',(1.152224265949E2,4.205E1,-9.133656021317E1));
#739=LINE('',#738,#737);
#740=DIRECTION('',(-7.813476960955E-12,1.E0,7.534246131463E-12));
#741=VECTOR('',#740,5.7E0);
#742=CARTESIAN_POINT('',(1.198110380858E2,3.635E1,-8.478334385890E1));
#743=LINE('',#742,#741);
#744=DIRECTION('',(1.904801103172E-12,-1.E0,1.459345464984E-12));
#745=VECTOR('',#744,5.2E0);
#746=CARTESIAN_POINT('',(1.198963201327E2,4.205E1,-8.309151284195E1));
#747=LINE('',#746,#745);
#748=CARTESIAN_POINT('',(1.136617936506E2,3.685E1,-9.199533941029E1));
#749=CARTESIAN_POINT('',(1.136691409657E2,3.685E1,-9.195011844400E1));
#750=CARTESIAN_POINT('',(1.136902389595E2,3.684415689007E1,-9.185988135620E1));
#751=CARTESIAN_POINT('',(1.137406977420E2,3.681760468262E1,-9.172909622909E1));
#752=CARTESIAN_POINT('',(1.138116196822E2,3.677173787850E1,-9.160224593188E1));
#753=CARTESIAN_POINT('',(1.139040484874E2,3.670493059599E1,-9.148239870206E1));
#754=CARTESIAN_POINT('',(1.140206645027E2,3.661401097942E1,-9.137188346067E1));
#755=CARTESIAN_POINT('',(1.141606125590E2,3.649825339908E1,-9.127721842871E1));
#756=CARTESIAN_POINT('',(1.142706793834E2,3.640240022910E1,-9.122791255734E1));
#757=CARTESIAN_POINT('',(1.143292862330E2,3.635E1,-9.120814753807E1));
#759=CARTESIAN_POINT('',(1.193848976479E2,3.635E1,-8.398798617304E1));
#760=CARTESIAN_POINT('',(1.193834258382E2,3.640240483436E1,-8.392614827996E1));
#761=CARTESIAN_POINT('',(1.193921161927E2,3.649826493029E1,-8.380584551390E1));
#762=CARTESIAN_POINT('',(1.194332045963E2,3.661401361445E1,-8.364197221713E1));
#763=CARTESIAN_POINT('',(1.194971862673E2,3.670495002575E1,-8.349456074819E1));
#764=CARTESIAN_POINT('',(1.195782021817E2,3.677175828041E1,-8.336670959783E1));
#765=CARTESIAN_POINT('',(1.196732110526E2,3.681763814205E1,-8.325662653967E1));
#766=CARTESIAN_POINT('',(1.197788096018E2,3.684416079096E1,-8.316453947957E1));
#767=CARTESIAN_POINT('',(1.198563601203E2,3.685E1,-8.311387186570E1));
#768=CARTESIAN_POINT('',(1.198963201327E2,3.685E1,-8.309151284194E1));
#770=CARTESIAN_POINT('',(1.26E2,3.685E1,-9.4E1));
#771=DIRECTION('',(0.E0,1.E0,0.E0));
#772=DIRECTION('',(-4.882943893843E-1,0.E0,8.726789726445E-1));
#773=AXIS2_PLACEMENT_3D('',#770,#771,#772);
#775=CARTESIAN_POINT('',(1.26E2,3.685E1,-9.4E1));
#776=DIRECTION('',(0.E0,1.E0,0.E0));
#777=DIRECTION('',(0.E0,0.E0,1.E0));
#778=AXIS2_PLACEMENT_3D('',#775,#776,#777);
#780=CARTESIAN_POINT('',(1.26E2,3.685E1,-9.4E1));
#781=DIRECTION('',(0.E0,1.E0,0.E0));
#782=DIRECTION('',(0.E0,0.E0,-1.E0));
#783=AXIS2_PLACEMENT_3D('',#780,#781,#782);
#785=CARTESIAN_POINT('',(1.145419878031E2,4.235E1,-9.086011184186E1));
#786=CARTESIAN_POINT('',(1.145534965201E2,4.235E1,-9.086817033227E1));
#787=CARTESIAN_POINT('',(1.145767594190E2,4.234923238816E1,-9.088444164895E1));
#788=CARTESIAN_POINT('',(1.146122780276E2,4.234549896877E1,-9.090939097866E1));
#789=CARTESIAN_POINT('',(1.146365975692E2,4.234199741055E1,-9.092622675969E1));
#790=CARTESIAN_POINT('',(1.146488061281E2,4.233966539110E1,-9.093477528463E1));
#792=CARTESIAN_POINT('',(1.146488061281E2,4.233966539110E1,-9.093477528463E1));
#793=CARTESIAN_POINT('',(1.147094365140E2,4.232808407014E1,-9.097722913786E1));
#794=CARTESIAN_POINT('',(1.148320139166E2,4.228688053544E1,-9.106325170451E1));
#795=CARTESIAN_POINT('',(1.150246346568E2,4.218376428400E1,-9.119804726667E1));
#796=CARTESIAN_POINT('',(1.151546220987E2,4.209533719022E1,-9.128908299384E1));
#797=CARTESIAN_POINT('',(1.152224265949E2,4.205E1,-9.133656021317E1));
#799=CARTESIAN_POINT('',(1.146488501586E2,4.205E1,-9.215571225748E1));
#800=DIRECTION('',(0.E0,-1.E0,0.E0));
#801=DIRECTION('',(5.735764363163E-1,0.E0,8.191520443133E-1));
#802=AXIS2_PLACEMENT_3D('',#799,#800,#801);
#804=CARTESIAN_POINT('',(1.146488501586E2,4.205E1,-9.215571225748E1));
#805=DIRECTION('',(0.E0,-1.E0,0.E0));
#806=DIRECTION('',(0.E0,0.E0,1.E0));
#807=AXIS2_PLACEMENT_3D('',#804,#805,#806);
#809=CARTESIAN_POINT('',(1.039038430774E2,4.974999698399E1,-8.463197730118E1));
#810=CARTESIAN_POINT('',(1.045094034442E2,4.974993001126E1,-8.482432472962E1));
#811=CARTESIAN_POINT('',(1.056531974134E2,4.975003265906E1,-8.519574001045E1));
#812=CARTESIAN_POINT('',(1.071581856085E2,4.974999067641E1,-8.579751039576E1));
#813=CARTESIAN_POINT('',(1.079758572653E2,4.974999998235E1,-8.626150472139E1));
#814=CARTESIAN_POINT('',(1.083362432261E2,4.974999998235E1,-8.651480804470E1));
#816=CARTESIAN_POINT('',(1.083362432261E2,4.974999998235E1,-8.651480804470E1));
#817=CARTESIAN_POINT('',(1.088817706902E2,4.944906153663E1,-8.689679048731E1));
#818=CARTESIAN_POINT('',(1.098980706818E2,4.876098453424E1,-8.760840359029E1));
#819=CARTESIAN_POINT('',(1.111850952139E2,4.746875814454E1,-8.850959100972E1));
#820=CARTESIAN_POINT('',(1.122741310452E2,4.592095244897E1,-8.927214126572E1));
#821=CARTESIAN_POINT('',(1.131126548451E2,4.416894578140E1,-8.985928218114E1));
#822=CARTESIAN_POINT('',(1.134692134726E2,4.296758456712E1,-9.010894716885E1));
#823=CARTESIAN_POINT('',(1.135998325781E2,4.235E1,-9.020040765114E1));
#825=CARTESIAN_POINT('',(1.135998325781E2,4.235E1,-9.020040765114E1));
#826=CARTESIAN_POINT('',(1.134992458504E2,4.235E1,-9.012997601535E1));
#827=CARTESIAN_POINT('',(1.132877707479E2,4.235000000680E1,-9.003060595812E1));
#828=CARTESIAN_POINT('',(1.129330213108E2,4.234999997621E1,-8.998910159564E1));
#829=CARTESIAN_POINT('',(1.125870678410E2,4.235000008836E1,-9.006775316877E1));
#830=CARTESIAN_POINT('',(1.122918551790E2,4.234999967034E1,-9.026153650261E1));
#831=CARTESIAN_POINT('',(1.121618066673E2,4.235000071031E1,-9.043387652970E1));
#832=CARTESIAN_POINT('',(1.121102381409E2,4.235000071031E1,-9.053338204318E1));
#834=CARTESIAN_POINT('',(1.121102381409E2,4.235000071031E1,-9.053338204318E1));
#835=CARTESIAN_POINT('',(1.118250172083E2,4.347558479337E1,-9.037520370789E1));
#836=CARTESIAN_POINT('',(1.113820546293E2,4.447271837958E1,-9.012953427605E1));
#837=CARTESIAN_POINT('',(1.108430924224E2,4.535728714283E1,-8.983026333649E1));
#839=CARTESIAN_POINT('',(1.039038430774E2,4.974999698399E1,-8.463197730118E1));
#840=CARTESIAN_POINT('',(1.044455888231E2,4.974999698399E1,-8.502837267924E1));
#841=CARTESIAN_POINT('',(1.055276003237E2,4.962122147541E1,-8.582263640889E1));
#842=CARTESIAN_POINT('',(1.070817049877E2,4.905867042250E1,-8.697558205219E1));
#843=CARTESIAN_POINT('',(1.085245385120E2,4.814793948795E1,-8.805601512273E1));
#844=CARTESIAN_POINT('',(1.098052029279E2,4.691951462383E1,-8.903135508687E1));
#845=CARTESIAN_POINT('',(1.105277857865E2,4.590467569716E1,-8.957886223648E1));
#846=CARTESIAN_POINT('',(1.108430924224E2,4.535728714283E1,-8.983026333649E1));
#848=CARTESIAN_POINT('',(1.108430924224E2,4.535728714283E1,-8.983026333649E1));
#849=CARTESIAN_POINT('',(1.099213478964E2,4.671474594895E1,-8.971506546652E1));
#850=CARTESIAN_POINT('',(1.080531171672E2,4.838105438713E1,-8.949697570653E1));
#851=CARTESIAN_POINT('',(1.049687190541E2,4.955245141745E1,-8.919235920077E1));
#852=CARTESIAN_POINT('',(1.033555305418E2,4.975000018820E1,-8.904778384399E1));
#853=CARTESIAN_POINT('',(1.025314975906E2,4.974999999999E1,-8.897710988275E1));
#855=CARTESIAN_POINT('',(1.26E2,4.975E1,-9.4E1));
#856=DIRECTION('',(0.E0,-1.E0,0.E0));
#857=DIRECTION('',(-6.260208371957E-1,0.E0,7.798063294157E-1));
#858=AXIS2_PLACEMENT_3D('',#855,#856,#857);
#860=DIRECTION('',(8.191520390511E-1,5.398453929025E-12,-5.735764438315E-1));
#861=VECTOR('',#860,1.068488497769E1);
#862=CARTESIAN_POINT('',(1.129248572879E2,4.974999999994E1,-7.996158803567E1));
#863=LINE('',#862,#861);
#864=CARTESIAN_POINT('',(1.222509790409E2,4.975E1,-8.527103431970E1));
#865=DIRECTION('',(0.E0,-1.E0,0.E0));
#866=DIRECTION('',(-5.735764366152E-1,0.E0,-8.191520441040E-1));
#867=AXIS2_PLACEMENT_3D('',#864,#865,#866);
#869=CARTESIAN_POINT('',(1.222509790409E2,4.975E1,-8.527103431970E1));
#870=DIRECTION('',(0.E0,-1.E0,0.E0));
#871=DIRECTION('',(0.E0,0.E0,-1.E0));
#872=AXIS2_PLACEMENT_3D('',#869,#870,#871);
#874=CARTESIAN_POINT('',(1.26E2,4.975E1,-9.4E1));
#875=DIRECTION('',(0.E0,1.E0,0.E0));
#876=DIRECTION('',(-3.946337851723E-1,0.E0,9.188384926637E-1));
#877=AXIS2_PLACEMENT_3D('',#874,#875,#876);
#879=CARTESIAN_POINT('',(1.26E2,4.975E1,-9.4E1));
#880=DIRECTION('',(0.E0,1.E0,0.E0));
#881=DIRECTION('',(0.E0,0.E0,1.E0));
#882=AXIS2_PLACEMENT_3D('',#879,#880,#881);
#884=CARTESIAN_POINT('',(1.26E2,4.975E1,-9.4E1));
#885=DIRECTION('',(0.E0,1.E0,0.E0));
#886=DIRECTION('',(0.E0,0.E0,-1.E0));
#887=AXIS2_PLACEMENT_3D('',#884,#885,#886);
#889=CARTESIAN_POINT('',(1.165152146773E2,4.975E1,-9.346255476259E1));
#890=DIRECTION('',(0.E0,-1.E0,0.E0));
#891=DIRECTION('',(9.983984549766E-1,0.E0,-5.657318357940E-2));
#892=AXIS2_PLACEMENT_3D('',#889,#890,#891);
#894=DIRECTION('',(-8.191522789203E-1,-1.651918255801E-9,5.735761012626E-1));
#895=VECTOR('',#894,1.068488498744E1);
#896=CARTESIAN_POINT('',(1.170887911136E2,4.975E1,-9.264340271824E1));
#897=LINE('',#896,#895);
#898=CARTESIAN_POINT('',(1.26E2,4.975E1,-9.4E1));
#899=DIRECTION('',(0.E0,-1.E0,0.E0));
#900=DIRECTION('',(-9.206732050807E-1,0.E0,3.903342791075E-1));
#901=AXIS2_PLACEMENT_3D('',#898,#899,#900);
#903=DIRECTION('',(-9.994615745354E-1,-1.073529798315E-10,3.281098942662E-2));
#904=VECTOR('',#903,5.310754123585E0);
#905=CARTESIAN_POINT('',(1.025314975906E2,4.974999999999E1,-8.897710988275E1));
#906=LINE('',#905,#904);
#907=DIRECTION('',(5.735758124422E-1,2.787651390959E-11,8.191524811543E-1));
#908=VECTOR('',#907,2.070746815154E1);
#909=CARTESIAN_POINT('',(9.722360291225E1,4.974999999942E1,-8.880285878535E1));
#910=LINE('',#909,#908);
#911=DIRECTION('',(4.780364127767E-1,1.340835964700E-13,-8.783400184778E-1));
#912=VECTOR('',#911,3.921446308910E0);
#913=CARTESIAN_POINT('',(1.091009057809E2,4.975E1,-7.184028487059E1));
#914=LINE('',#913,#912);
#915=CARTESIAN_POINT('',(1.131546811924E2,4.887992709452E1,-7.877411758773E1));
#916=CARTESIAN_POINT('',(1.129091105419E2,4.900584493543E1,-7.861301209156E1));
#917=CARTESIAN_POINT('',(1.117774454307E2,4.951634879659E1,-7.786824664850E1));
#918=CARTESIAN_POINT('',(1.105822755830E2,4.975008468766E1,-7.707240757444E1));
#919=CARTESIAN_POINT('',(1.096395899799E2,4.975000092411E1,-7.644043562613E1));
#921=CARTESIAN_POINT('',(1.109754999073E2,4.975E1,-7.528464809402E1));
#922=CARTESIAN_POINT('',(1.117215323490E2,4.975000020550E1,-7.649832110257E1));
#923=CARTESIAN_POINT('',(1.124569583715E2,4.945576003636E1,-7.767664499090E1));
#924=CARTESIAN_POINT('',(1.131546811924E2,4.887992709452E1,-7.877411758773E1));
#926=CARTESIAN_POINT('',(1.177421092029E2,4.235000116388E1,-8.269193753630E1));
#927=CARTESIAN_POINT('',(1.177295058338E2,4.235000116388E1,-8.281660329796E1));
#928=CARTESIAN_POINT('',(1.177497674496E2,4.234999945686E1,-8.305446387987E1));
#929=CARTESIAN_POINT('',(1.179080326519E2,4.235000015518E1,-8.339630709842E1));
#930=CARTESIAN_POINT('',(1.180811760657E2,4.235E1,-8.357208146306E1));
#931=CARTESIAN_POINT('',(1.181884440689E2,4.235E1,-8.364719129683E1));
#933=CARTESIAN_POINT('',(1.181884440689E2,4.235E1,-8.364719129683E1));
#934=CARTESIAN_POINT('',(1.180543762788E2,4.297643922605E1,-8.355331601958E1));
#935=CARTESIAN_POINT('',(1.176928009448E2,4.418946050772E1,-8.330013824397E1));
#936=CARTESIAN_POINT('',(1.168517830673E2,4.593742684363E1,-8.271125119149E1));
#937=CARTESIAN_POINT('',(1.157671171585E2,4.746980981890E1,-8.195175992690E1));
#938=CARTESIAN_POINT('',(1.144776723637E2,4.876540070628E1,-8.104888103158E1));
#939=CARTESIAN_POINT('',(1.134668463284E2,4.945042607789E1,-8.034109284743E1));
#940=CARTESIAN_POINT('',(1.129248572879E2,4.974999999994E1,-7.996158803567E1));
#942=CARTESIAN_POINT('',(1.129248572879E2,4.974999999994E1,-7.996158803567E1));
#943=CARTESIAN_POINT('',(1.125658746475E2,4.974999999994E1,-7.971036927721E1));
#944=CARTESIAN_POINT('',(1.118549343302E2,4.975000280040E1,-7.909959457839E1));
#945=CARTESIAN_POINT('',(1.107726052511E2,4.974999019868E1,-7.789354313422E1));
#946=CARTESIAN_POINT('',(1.100311680776E2,4.975002100281E1,-7.694326400861E1));
#947=CARTESIAN_POINT('',(1.096395899799E2,4.975000092411E1,-7.644043562613E1));
#949=CARTESIAN_POINT('',(1.131546811924E2,4.887992709452E1,-7.877411758773E1));
#950=CARTESIAN_POINT('',(1.142063531503E2,4.827505607870E1,-7.965802883571E1));
#951=CARTESIAN_POINT('',(1.161144609784E2,4.655883227562E1,-8.126781960281E1));
#952=CARTESIAN_POINT('',(1.173925245815E2,4.385428481797E1,-8.238266382055E1));
#953=CARTESIAN_POINT('',(1.177421092029E2,4.235000116388E1,-8.269193753630E1));
#955=CARTESIAN_POINT('',(1.172946919655E2,4.235000000002E1,-8.061980518376E1));
#956=CARTESIAN_POINT('',(1.174205951844E2,4.235000000002E1,-8.085096931864E1));
#957=CARTESIAN_POINT('',(1.176175114860E2,4.235000015518E1,-8.131496746053E1));
#958=CARTESIAN_POINT('',(1.177637289895E2,4.234999945686E1,-8.201907499891E1));
#959=CARTESIAN_POINT('',(1.177646032217E2,4.235000116388E1,-8.246937680277E1));
#960=CARTESIAN_POINT('',(1.177421092029E2,4.235000116388E1,-8.269193753630E1));
#962=CARTESIAN_POINT('',(1.109754999073E2,4.675E1,-7.528464809400E1));
#963=DIRECTION('',(4.780364127785E-1,0.E0,-8.783400184768E-1));
#964=DIRECTION('',(-1.054919115025E-11,1.E0,-5.741185304942E-12));
#965=AXIS2_PLACEMENT_3D('',#962,#963,#964);
#967=CARTESIAN_POINT('',(1.150005836904E2,4.614103692163E1,-7.640463006635E1));
#968=CARTESIAN_POINT('',(1.150655147419E2,4.645136082581E1,-7.652393382529E1));
#969=CARTESIAN_POINT('',(1.151014774388E2,4.711653612104E1,-7.683583545287E1));
#970=CARTESIAN_POINT('',(1.147547318865E2,4.805212832470E1,-7.749078082023E1));
#971=CARTESIAN_POINT('',(1.140392501798E2,4.869283267394E1,-7.819946410840E1));
#972=CARTESIAN_POINT('',(1.134458912109E2,4.885448141350E1,-7.860294633761E1));
#973=CARTESIAN_POINT('',(1.131546811924E2,4.887992709452E1,-7.877411758773E1));
#975=DIRECTION('',(4.780364127771E-1,0.E0,-8.783400184776E-1));
#976=VECTOR('',#975,3.921446308902E0);
#977=CARTESIAN_POINT('',(1.117359258363E2,4.675E1,-7.040617563226E1));
#978=LINE('',#977,#976);
#979=CARTESIAN_POINT('',(1.003339921953E2,5.497771406981E1,-5.573203279E1));
#980=DIRECTION('',(3.063252223788E-1,-7.677087532291E-1,-5.628393450621E-1));
#981=DIRECTION('',(6.561513121871E-1,5.986479037153E-1,-4.594411201585E-1));
#982=AXIS2_PLACEMENT_3D('',#979,#980,#981);
#984=CARTESIAN_POINT('',(1.091009057809E2,4.675E1,-7.184028487058E1));
#985=DIRECTION('',(-4.780364127785E-1,0.E0,8.783400184768E-1));
#986=DIRECTION('',(8.783400184768E-1,0.E0,4.780364127785E-1));
#987=AXIS2_PLACEMENT_3D('',#984,#985,#986);
#989=CARTESIAN_POINT('',(1.023024433186E2,5.677366520384E1,-5.711035049618E1));
#990=CARTESIAN_POINT('',(1.022546090762E2,5.694389784118E1,-5.695684805706E1));
#991=CARTESIAN_POINT('',(1.021195996878E2,5.726140526485E1,-5.661503754776E1));
#992=CARTESIAN_POINT('',(1.018014294183E2,5.761323086771E1,-5.603194861627E1));
#993=CARTESIAN_POINT('',(1.013920608101E2,5.780139536021E1,-5.543016864176E1));
#994=CARTESIAN_POINT('',(1.010858138142E2,5.781108829498E1,-5.505346789124E1));
#995=CARTESIAN_POINT('',(1.009318116508E2,5.779064070306E1,-5.487826776453E1));
#997=CARTESIAN_POINT('',(9.377147098140E1,5.220359202453E1,-4.367411240947E1));
#998=DIRECTION('',(4.646458925782E-1,2.350395920141E-1,-8.537333217675E-1));
#999=DIRECTION('',(2.737227732412E-1,8.787858348482E-1,3.909108592496E-1));
#1000=AXIS2_PLACEMENT_3D('',#997,#998,#999);
#1002=CARTESIAN_POINT('',(1.003339921953E2,5.497771406981E1,-5.573203279E1));
#1003=DIRECTION('',(-4.716596291623E-1,-1.627916688681E-1,8.666233707705E-1));
#1004=DIRECTION('',(8.783400184768E-1,0.E0,4.780364127785E-1));
#1005=AXIS2_PLACEMENT_3D('',#1002,#1003,#1004);
#1007=CARTESIAN_POINT('',(9.377147098140E1,5.220359202453E1,-4.367411240947E1));
#1008=DIRECTION('',(0.E0,1.E0,0.E0));
#1009=DIRECTION('',(1.148990347961E-1,0.E0,9.933771749959E-1));
#1010=AXIS2_PLACEMENT_3D('',#1007,#1008,#1009);
#1012=CARTESIAN_POINT('',(9.377147098140E1,5.220359202453E1,-4.367411240947E1));
#1013=DIRECTION('',(0.E0,1.E0,0.E0));
#1014=DIRECTION('',(-8.480480961555E-1,0.E0,5.299192642347E-1));
#1015=AXIS2_PLACEMENT_3D('',#1012,#1013,#1014);
#1017=CARTESIAN_POINT('',(9.377147098140E1,5.220359202453E1,-4.367411240947E1));
#1018=DIRECTION('',(0.E0,1.E0,0.E0));
#1019=DIRECTION('',(-4.249510094992E-1,0.E0,9.052163495682E-1));
#1020=AXIS2_PLACEMENT_3D('',#1017,#1018,#1019);
#1022=CARTESIAN_POINT('',(9.377147098140E1,5.220359202453E1,-4.367411240947E1));
#1023=DIRECTION('',(0.E0,1.E0,0.E0));
#1024=DIRECTION('',(0.E0,0.E0,1.E0));
#1025=AXIS2_PLACEMENT_3D('',#1022,#1023,#1024);
#1027=DIRECTION('',(1.384512418683E-13,-1.E0,2.898822876617E-13));
#1028=VECTOR('',#1027,9.853592024531E0);
#1029=CARTESIAN_POINT('',(9.122732669294E1,5.220359202453E1,-4.208435461677E1));
#1030=LINE('',#1029,#1028);
#1031=DIRECTION('',(-1.297980392515E-13,1.E0,1.398934423044E-13));
#1032=VECTOR('',#1031,9.853592024530E0);
#1033=CARTESIAN_POINT('',(9.640649103683E1,4.235E1,-4.224000317113E1));
#1034=LINE('',#1033,#1032);
#1035=DIRECTION('',(8.535141537375E-8,1.E0,1.365913738589E-7));
#1036=VECTOR('',#1035,9.600186249699E0);
#1037=CARTESIAN_POINT('',(1.028447592997E2,2.55E1,-2.349257607740E1));
#1038=LINE('',#1037,#1036);
#1039=CARTESIAN_POINT('',(1.013854869306E2,3.51E1,-2.582790003695E1));
#1040=CARTESIAN_POINT('',(1.012444565860E2,3.510000000274E1,-2.605359576702E1));
#1041=CARTESIAN_POINT('',(1.009549879523E2,3.517736211749E1,-2.651684241666E1));
#1042=CARTESIAN_POINT('',(1.004826589615E2,3.556313182066E1,-2.727272680961E1));
#1043=CARTESIAN_POINT('',(1.000195033926E2,3.622704230391E1,-2.801393065883E1));
#1044=CARTESIAN_POINT('',(9.970649418926E1,3.678580626111E1,-2.851485009490E1));
#1045=CARTESIAN_POINT('',(9.954979275144E1,3.71E1,-2.876562481660E1));
#1047=DIRECTION('',(-3.749663563105E-1,7.066217501842E-1,-6.000716072285E-1));
#1048=VECTOR('',#1047,8.401101770180E0);
#1049=CARTESIAN_POINT('',(9.954979275146E1,3.726471862576E1,-2.876562481659E1));
#1050=LINE('',#1049,#1048);
#1051=CARTESIAN_POINT('',(9.122732669294E1,5.220359202453E1,-4.208435461677E1));
#1052=CARTESIAN_POINT('',(8.962965838807E1,5.383856340899E1,-4.464115837065E1));
#1053=CARTESIAN_POINT('',(8.631250293003E1,5.639375669690E1,-4.994971700465E1));
#1054=CARTESIAN_POINT('',(8.272634851669E1,5.760249579665E1,-5.568876352323E1));
#1055=CARTESIAN_POINT('',(8.091360610671E1,5.783774175224E1,-5.858975779379E1));
#1057=CARTESIAN_POINT('',(8.600901464274E1,2.55E1,-4.1E1));
#1058=DIRECTION('',(0.E0,-1.E0,0.E0));
#1059=DIRECTION('',(0.E0,0.E0,-1.E0));
#1060=AXIS2_PLACEMENT_3D('',#1057,#1058,#1059);
#1062=DIRECTION('',(5.299192642337E-1,0.E0,8.480480961561E-1));
#1063=VECTOR('',#1062,2.501256405114E0);
#1064=CARTESIAN_POINT('',(8.855315893122E1,2.55E1,-4.258975779269E1));
#1065=LINE('',#1064,#1063);
#1066=CARTESIAN_POINT('',(8.733447859656E1,2.55E1,-3.887881426771E1));
#1067=DIRECTION('',(0.E0,-1.E0,0.E0));
#1068=DIRECTION('',(8.480480961553E-1,0.E0,-5.299192642350E-1));
#1069=AXIS2_PLACEMENT_3D('',#1066,#1067,#1068);
#1071=DIRECTION('',(-8.191520442890E-1,0.E0,5.735764363510E-1));
#1072=VECTOR('',#1071,2.353157425380E1);
#1073=CARTESIAN_POINT('',(8.905520784627E1,2.55E1,-3.642135809329E1));
#1074=LINE('',#1073,#1072);
#1075=CARTESIAN_POINT('',(7.15E1,2.55E1,-2.046674545821E1));
#1076=DIRECTION('',(0.E0,1.E0,0.E0));
#1077=DIRECTION('',(-5.735764363685E-1,0.E0,-8.191520442768E-1));
#1078=AXIS2_PLACEMENT_3D('',#1075,#1076,#1077);
#1080=DIRECTION('',(-1.E0,1.055212305414E-13,2.367793465808E-13));
#1081=VECTOR('',#1080,2.760795341060E0);
#1082=CARTESIAN_POINT('',(6.676079534106E1,2.55E1,-1.E1));
#1083=LINE('',#1082,#1081);
#1084=DIRECTION('',(1.E0,0.E0,3.670846369314E-14));
#1085=VECTOR('',#1084,1.671906765544E1);
#1086=CARTESIAN_POINT('',(6.4E1,2.55E1,-8.E0));
#1087=LINE('',#1086,#1085);
#1088=DIRECTION('',(8.191520442891E-1,0.E0,-5.735764363509E-1));
#1089=VECTOR('',#1088,2.701048211806E1);
#1090=CARTESIAN_POINT('',(8.071906765544E1,2.55E1,-7.999999999999E0));
#1091=LINE('',#1090,#1089);
#1092=DIRECTION('',(-5.299192642334E-1,0.E0,-8.480480961563E-1));
#1093=VECTOR('',#1092,3.951123064184E1);
#1094=CARTESIAN_POINT('',(1.028447592997E2,2.55E1,-2.349257607740E1));
#1095=LINE('',#1094,#1093);
#1096=CARTESIAN_POINT('',(7.1E1,2.55E1,-5.35E1));
#1097=DIRECTION('',(0.E0,-1.E0,0.E0));
#1098=DIRECTION('',(0.E0,0.E0,1.E0));
#1099=AXIS2_PLACEMENT_3D('',#1096,#1097,#1098);
#1101=CARTESIAN_POINT('',(7.1E1,2.55E1,-5.35E1));
#1102=DIRECTION('',(0.E0,-1.E0,0.E0));
#1103=DIRECTION('',(0.E0,0.E0,-1.E0));
#1104=AXIS2_PLACEMENT_3D('',#1101,#1102,#1103);
#1106=CARTESIAN_POINT('',(8.745396309039E1,2.55E1,-2.736511961775E1));
#1107=DIRECTION('',(0.E0,-1.E0,0.E0));
#1108=DIRECTION('',(0.E0,0.E0,1.E0));
#1109=AXIS2_PLACEMENT_3D('',#1106,#1107,#1108);
#1111=CARTESIAN_POINT('',(8.745396309039E1,2.55E1,-2.736511961775E1));
#1112=DIRECTION('',(0.E0,-1.E0,0.E0));
#1113=DIRECTION('',(0.E0,0.E0,-1.E0));
#1114=AXIS2_PLACEMENT_3D('',#1111,#1112,#1113);
#1116=CARTESIAN_POINT('',(7.5E1,2.55E1,-1.864476078128E1));
#1117=DIRECTION('',(0.E0,-1.E0,0.E0));
#1118=DIRECTION('',(0.E0,0.E0,1.E0));
#1119=AXIS2_PLACEMENT_3D('',#1116,#1117,#1118);
#1121=CARTESIAN_POINT('',(7.5E1,2.55E1,-1.864476078128E1));
#1122=DIRECTION('',(0.E0,-1.E0,0.E0));
#1123=DIRECTION('',(0.E0,0.E0,-1.E0));
#1124=AXIS2_PLACEMENT_3D('',#1121,#1122,#1123);
#1126=CARTESIAN_POINT('',(8.122698154519E1,2.55E1,-2.300494019951E1));
#1127=DIRECTION('',(0.E0,-1.E0,0.E0));
#1128=DIRECTION('',(0.E0,0.E0,1.E0));
#1129=AXIS2_PLACEMENT_3D('',#1126,#1127,#1128);
#1131=CARTESIAN_POINT('',(8.122698154519E1,2.55E1,-2.300494019951E1));
#1132=DIRECTION('',(0.E0,-1.E0,0.E0));
#1133=DIRECTION('',(0.E0,0.E0,-1.E0));
#1134=AXIS2_PLACEMENT_3D('',#1131,#1132,#1133);
#1136=DIRECTION('',(-1.E0,0.E0,0.E0));
#1137=VECTOR('',#1136,2.200901464274E1);
#1138=CARTESIAN_POINT('',(8.600901464274E1,2.55E1,-4.4E1));
#1139=LINE('',#1138,#1137);
#1140=DIRECTION('',(0.E0,1.E0,0.E0));
#1141=VECTOR('',#1140,2.423720098239E1);
#1142=CARTESIAN_POINT('',(6.4E1,2.55E1,-4.4E1));
#1143=LINE('',#1142,#1141);
#1144=DIRECTION('',(-1.E0,0.E0,1.291366737301E-14));
#1145=VECTOR('',#1144,2.200901464274E1);
#1146=CARTESIAN_POINT('',(8.600901464274E1,4.973720098239E1,-4.4E1));
#1147=LINE('',#1146,#1145);
#1148=DIRECTION('',(9.999999999945E-1,1.828892789316E-6,-2.765090616954E-6));
#1149=VECTOR('',#1148,2.297858841128E1);
#1150=CARTESIAN_POINT('',(6.4E1,5.307342874639E1,-3.779328653725E1));
#1151=LINE('',#1150,#1149);
#1152=CARTESIAN_POINT('',(8.697858841115E1,5.307347077177E1,-3.779335007513E1));
#1153=CARTESIAN_POINT('',(8.688499320279E1,5.346973831121E1,-3.839249638142E1));
#1154=CARTESIAN_POINT('',(8.666372551357E1,5.393100008007E1,-3.980862198301E1));
#1155=CARTESIAN_POINT('',(8.632334395703E1,5.343517207398E1,-4.198770474778E1));
#1156=CARTESIAN_POINT('',(8.607091516211E1,5.189117025857E1,-4.360347278345E1));
#1157=CARTESIAN_POINT('',(8.600901464277E1,5.045559492524E1,-4.4E1));
#1158=CARTESIAN_POINT('',(8.600901464274E1,4.973720098239E1,-4.4E1));
#1160=DIRECTION('',(1.E0,-2.007507899741E-8,2.450720896983E-8));
#1161=VECTOR('',#1160,1.893904939342E1);
#1162=CARTESIAN_POINT('',(6.4E1,5.020282140172E1,-3.390003957546E1));
#1163=LINE('',#1162,#1161);
#1164=CARTESIAN_POINT('',(8.293904939342E1,5.020282102152E1,-3.390003911132E1));
#1165=CARTESIAN_POINT('',(8.435579567486E1,5.107024884253E1,-3.495897281780E1));
#1166=CARTESIAN_POINT('',(8.582276646123E1,5.189184699452E1,-3.605544645350E1));
#1167=CARTESIAN_POINT('',(8.733447917161E1,5.266454527797E1,-3.718536193254E1));
#1169=CARTESIAN_POINT('',(8.733447917161E1,5.266454527797E1,-3.718536193254E1));
#1170=CARTESIAN_POINT('',(8.721645203064E1,5.280242695392E1,-3.738698611852E1));
#1171=CARTESIAN_POINT('',(8.709784730776E1,5.293871760085E1,-3.758962169747E1));
#1172=CARTESIAN_POINT('',(8.697858841115E1,5.307347077177E1,-3.779335007513E1));
#1174=CARTESIAN_POINT('',(6.554072743193E1,3.820698706288E1,-1.925582995059E1));
#1175=CARTESIAN_POINT('',(6.559464882030E1,3.858807094452E1,-1.972104747229E1));
#1176=CARTESIAN_POINT('',(6.580869809850E1,3.930615436184E1,-2.05976653E1));
#1177=CARTESIAN_POINT('',(6.634149538756E1,4.022599250908E1,-2.172058040063E1));
#1178=CARTESIAN_POINT('',(6.715127432841E1,4.107912167489E1,-2.276205878954E1));
#1179=CARTESIAN_POINT('',(6.774517639625E1,4.148797412560E1,-2.326117547583E1));
#1180=CARTESIAN_POINT('',(6.805854131773E1,4.166771286054E1,-2.348059595607E1));
#1182=DIRECTION('',(7.413958986967E-1,4.252471860029E-1,-5.191309586148E-1));
#1183=VECTOR('',#1182,2.007093389894E1);
#1184=CARTESIAN_POINT('',(6.805854131773E1,4.166771286054E1,-2.348059595607E1));
#1185=LINE('',#1184,#1183);
#1186=CARTESIAN_POINT('',(6.55E1,3.754570999295E1,-1.848295492722E1));
#1187=CARTESIAN_POINT('',(6.550000602944E1,3.777163843207E1,-1.873925374061E1));
#1188=CARTESIAN_POINT('',(6.551273947972E1,3.799204766089E1,-1.899697837325E1));
#1189=CARTESIAN_POINT('',(6.554072743193E1,3.820698706288E1,-1.925582995059E1));
#1191=DIRECTION('',(-1.E0,7.621383563735E-8,-2.379723298437E-8));
#1192=VECTOR('',#1191,1.540727431930E0);
#1193=CARTESIAN_POINT('',(6.554072743193E1,3.820698706288E1,-1.925582995059E1));
#1194=LINE('',#1193,#1192);
#1195=CARTESIAN_POINT('',(6.55E1,3.529524890039E1,-2.046674545821E1));
#1196=DIRECTION('',(0.E0,6.612635103314E-1,-7.501536975209E-1));
#1197=DIRECTION('',(0.E0,7.501536975209E-1,6.612635103314E-1));
#1198=AXIS2_PLACEMENT_3D('',#1195,#1196,#1197);
#1200=CARTESIAN_POINT('',(6.805854138189E1,3.934694485087E1,-2.538165772394E1));
#1201=DIRECTION('',(-7.413958739676E-1,-4.252472033157E-1,5.191309797497E-1));
#1202=DIRECTION('',(5.735764363510E-1,1.894780628694E-14,8.191520442890E-1));
#1203=AXIS2_PLACEMENT_3D('',#1200,#1201,#1202);
#1205=CARTESIAN_POINT('',(6.554072743193E1,3.820698706288E1,-1.925582995059E1));
#1206=CARTESIAN_POINT('',(6.578652027970E1,3.819284008789E1,-1.923867634834E1));
#1207=CARTESIAN_POINT('',(6.628848457961E1,3.811556171974E1,-1.924365246570E1));
#1208=CARTESIAN_POINT('',(6.698542370919E1,3.786267884415E1,-1.937058447894E1));
#1209=CARTESIAN_POINT('',(6.759500499748E1,3.748823042465E1,-1.960805300949E1));
#1210=CARTESIAN_POINT('',(6.807710035845E1,3.701476319089E1,-1.994212109596E1));
#1211=CARTESIAN_POINT('',(6.840266529643E1,3.647348085854E1,-2.035051339911E1));
#1212=CARTESIAN_POINT('',(6.850217354397E1,3.608356841227E1,-2.066040536815E1));
#1213=CARTESIAN_POINT('',(6.852037316771E1,3.589270136384E1,-2.081577573553E1));
#1215=CARTESIAN_POINT('',(8.293904901826E1,4.788205339203E1,-3.580110134331E1));
#1216=DIRECTION('',(7.413958739676E-1,4.252472033157E-1,-5.191309797497E-1));
#1217=DIRECTION('',(-6.413979747322E-8,7.735893664991E-1,6.336872194068E-1));
#1218=AXIS2_PLACEMENT_3D('',#1215,#1216,#1217);
#1220=CARTESIAN_POINT('',(8.905520768385E1,5.018821403089E1,-3.642135797956E1));
#1221=CARTESIAN_POINT('',(8.754349504580E1,4.946434517434E1,-3.536284539479E1));
#1222=CARTESIAN_POINT('',(8.607652419498E1,4.869466644225E1,-3.433566134672E1));
#1223=CARTESIAN_POINT('',(8.465977797868E1,4.788205429741E1,-3.334364496633E1));
#1225=DIRECTION('',(-7.413958566048E-1,-4.252472484288E-1,5.191309675920E-1));
#1226=VECTOR('',#1225,2.007093397565E1);
#1227=CARTESIAN_POINT('',(8.465977797868E1,4.788205429741E1,-3.334364496633E1));
#1228=LINE('',#1227,#1226);
#1229=CARTESIAN_POINT('',(6.977927069094E1,3.934694485087E1,-2.292420159107E1));
#1230=CARTESIAN_POINT('',(6.968074020848E1,3.923437098952E1,-2.285520980451E1));
#1231=CARTESIAN_POINT('',(6.948767428936E1,3.898502945225E1,-2.270224906186E1));
#1232=CARTESIAN_POINT('',(6.922029716904E1,3.853867040005E1,-2.242974308044E1));
#1233=CARTESIAN_POINT('',(6.897935141081E1,3.801360756298E1,-2.211077936864E1));
#1234=CARTESIAN_POINT('',(6.877131615960E1,3.740615660187E1,-2.173894704784E1));
#1235=CARTESIAN_POINT('',(6.860891833187E1,3.670906059582E1,-2.131325347220E1));
#1236=CARTESIAN_POINT('',(6.854059866477E1,3.617500590927E1,-2.098836811642E1));
#1237=CARTESIAN_POINT('',(6.852037316771E1,3.589270136384E1,-2.081577573553E1));
#1239=CARTESIAN_POINT('',(6.852037316771E1,3.589270136384E1,-2.081577573553E1));
#1240=CARTESIAN_POINT('',(6.850667928844E1,3.569844667572E1,-2.069887891236E1));
#1241=CARTESIAN_POINT('',(6.850000002578E1,3.549932581113E1,-2.058250072294E1));
#1242=CARTESIAN_POINT('',(6.85E1,3.529524868292E1,-2.046674566717E1));
#1244=DIRECTION('',(-9.285059840889E-14,-1.E0,1.942973741310E-8));
#1245=VECTOR('',#1244,9.795248682920E0);
#1246=CARTESIAN_POINT('',(6.85E1,3.529524868292E1,-2.046674566717E1));
#1247=LINE('',#1246,#1245);
#1248=DIRECTION('',(1.027307158591E-12,1.E0,-9.241659303811E-13));
#1249=VECTOR('',#1248,1.384694485087E1);
#1250=CARTESIAN_POINT('',(6.977927069093E1,2.55E1,-2.292420159106E1));
#1251=LINE('',#1250,#1249);
#1252=DIRECTION('',(0.E0,0.E0,-1.E0));
#1253=VECTOR('',#1252,7.465647203150E0);
#1254=CARTESIAN_POINT('',(6.85E1,2.55E1,-1.300109827370E1));
#1255=LINE('',#1254,#1253);
#1256=CARTESIAN_POINT('',(6.85E1,1.169989205003E1,-4.126614770065E1));
#1257=DIRECTION('',(1.E0,0.E0,0.E0));
#1258=DIRECTION('',(0.E0,7.501537008486E-1,6.612635065564E-1));
#1259=AXIS2_PLACEMENT_3D('',#1256,#1257,#1258);
#1261=CARTESIAN_POINT('',(6.572926643830E1,2.615339366124E1,-9.999999999999E0));
#1262=CARTESIAN_POINT('',(6.584578618479E1,2.613210996549E1,-9.999999999999E0));
#1263=CARTESIAN_POINT('',(6.607822819903E1,2.605832772196E1,-1.E1));
#1264=CARTESIAN_POINT('',(6.643261594571E1,2.583650864496E1,-1.E1));
#1265=CARTESIAN_POINT('',(6.665304229283E1,2.562359337707E1,-1.E1));
#1266=CARTESIAN_POINT('',(6.676079534106E1,2.55E1,-1.E1));
#1268=CARTESIAN_POINT('',(6.676079534106E1,2.55E1,-1.E1));
#1269=CARTESIAN_POINT('',(6.701812617109E1,2.55E1,-1.013027634440E1));
#1270=CARTESIAN_POINT('',(6.748038882529E1,2.55E1,-1.045818410986E1));
#1271=CARTESIAN_POINT('',(6.804072425583E1,2.55E1,-1.115263851403E1));
#1272=CARTESIAN_POINT('',(6.840995550290E1,2.55E1,-1.201982619751E1));
#1273=CARTESIAN_POINT('',(6.85E1,2.55E1,-1.266061318886E1));
#1274=CARTESIAN_POINT('',(6.85E1,2.55E1,-1.300109827370E1));
#1276=CARTESIAN_POINT('',(6.55E1,1.169989205003E1,-4.126614770065E1));
#1277=DIRECTION('',(1.E0,0.E0,0.E0));
#1278=DIRECTION('',(0.E0,7.501536975208E-1,6.612635103315E-1));
#1279=AXIS2_PLACEMENT_3D('',#1276,#1277,#1278);
#1281=DIRECTION('',(-1.E0,-3.036385957481E-12,2.025046796916E-12));
#1282=VECTOR('',#1281,1.5E0);
#1283=CARTESIAN_POINT('',(6.55E1,2.911504006456E1,-1.153749489360E1));
#1284=LINE('',#1283,#1282);
#1285=DIRECTION('',(1.E0,-7.457700194959E-13,5.649772874969E-14));
#1286=VECTOR('',#1285,1.729266438300E0);
#1287=CARTESIAN_POINT('',(6.4E1,2.615339366124E1,-9.999999999999E0));
#1288=LINE('',#1287,#1286);
#1289=CARTESIAN_POINT('',(6.572926643830E1,2.615339366124E1,-9.999999999999E0));
#1290=CARTESIAN_POINT('',(6.575767667610E1,2.626219486939E1,-1.005269483014E1));
#1291=CARTESIAN_POINT('',(6.579620928435E1,2.647017025153E1,-1.015424344531E1));
#1292=CARTESIAN_POINT('',(6.582954363914E1,2.674396025292E1,-1.028977643759E1));
#1293=CARTESIAN_POINT('',(6.584867899686E1,2.698820423777E1,-1.041213661408E1));
#1294=CARTESIAN_POINT('',(6.585867707557E1,2.720682676316E1,-1.052284115866E1));
#1295=CARTESIAN_POINT('',(6.586231914641E1,2.740337595260E1,-1.062332310840E1));
#1296=CARTESIAN_POINT('',(6.586136467946E1,2.758090538423E1,-1.071486444916E1));
#1297=CARTESIAN_POINT('',(6.585698038704E1,2.774144807111E1,-1.079829015306E1));
#1298=CARTESIAN_POINT('',(6.584999303679E1,2.788703779161E1,-1.087447588704E1));
#1299=CARTESIAN_POINT('',(6.584096067725E1,2.801974534315E1,-1.094436217835E1));
#1300=CARTESIAN_POINT('',(6.583031329613E1,2.814078968362E1,-1.100847557103E1));
#1301=CARTESIAN_POINT('',(6.581836859864E1,2.825137309123E1,-1.106735696589E1));
#1302=CARTESIAN_POINT('',(6.580536389725E1,2.835252286238E1,-1.112147450403E1));
#1303=CARTESIAN_POINT('',(6.579147793575E1,2.844512485354E1,-1.117123659565E1));
#1304=CARTESIAN_POINT('',(6.577684475509E1,2.852993617224E1,-1.121699541432E1));
#1305=CARTESIAN_POINT('',(6.576157325937E1,2.860756138295E1,-1.125903105555E1));
#1306=CARTESIAN_POINT('',(6.574574312488E1,2.867853720573E1,-1.129759505696E1));
#1307=CARTESIAN_POINT('',(6.572942073979E1,2.874329353085E1,-1.133288761643E1));
#1308=CARTESIAN_POINT('',(6.571262768121E1,2.880229813084E1,-1.136513519177E1));
#1309=CARTESIAN_POINT('',(6.569533328399E1,2.885602443556E1,-1.139457263245E1));
#1310=CARTESIAN_POINT('',(6.567751170114E1,2.890475775024E1,-1.142133599687E1));
#1311=CARTESIAN_POINT('',(6.565910876167E1,2.894873378175E1,-1.144553712766E1));
#1312=CARTESIAN_POINT('',(6.563996324814E1,2.898824152816E1,-1.146732013948E1));
#1313=CARTESIAN_POINT('',(6.562004279056E1,2.902309312630E1,-1.148656814757E1));
#1314=CARTESIAN_POINT('',(6.559909186475E1,2.905343489325E1,-1.150334995926E1));
#1315=CARTESIAN_POINT('',(6.557650527868E1,2.907906820641E1,-1.151754569047E1));
#1316=CARTESIAN_POINT('',(6.555352818428E1,2.909834055933E1,-1.152822954165E1));
#1317=CARTESIAN_POINT('',(6.552664715828E1,2.911213653826E1,-1.153588328525E1));
#1318=CARTESIAN_POINT('',(6.550899713952E1,2.911504006456E1,-1.153749489360E1));
#1319=CARTESIAN_POINT('',(6.55E1,2.911504006456E1,-1.153749489360E1));
#1321=DIRECTION('',(0.E0,-1.E0,-8.047240976647E-13));
#1322=VECTOR('',#1321,6.533936612416E-1);
#1323=CARTESIAN_POINT('',(6.4E1,2.615339366124E1,-9.999999999999E0));
#1324=LINE('',#1323,#1322);
#1325=DIRECTION('',(-8.108155794370E-9,1.E0,-1.297571004180E-8));
#1326=VECTOR('',#1325,2.468821282568E1);
#1327=CARTESIAN_POINT('',(8.987862288508E1,2.55E1,-4.046857206033E1));
#1328=LINE('',#1327,#1326);
#1329=DIRECTION('',(6.578818092792E-9,-1.E0,-4.606384905743E-9));
#1330=VECTOR('',#1329,2.468821403089E1);
#1331=CARTESIAN_POINT('',(8.905520768385E1,5.018821403089E1,-3.642135797956E1));
#1332=LINE('',#1331,#1330);
#1333=CARTESIAN_POINT('',(8.855315893121E1,4.973720098239E1,-4.258975779270E1));
#1334=CARTESIAN_POINT('',(8.855315893124E1,4.991680147895E1,-4.258975779266E1));
#1335=CARTESIAN_POINT('',(8.861509352414E1,5.027569958468E1,-4.249064172500E1));
#1336=CARTESIAN_POINT('',(8.886750711687E1,5.066170608536E1,-4.208669553698E1));
#1337=CARTESIAN_POINT('',(8.920755969097E1,5.078554046730E1,-4.154249766084E1));
#1338=CARTESIAN_POINT('',(8.942841895344E1,5.067072443449E1,-4.118904895725E1));
#1339=CARTESIAN_POINT('',(8.952182486716E1,5.057224530886E1,-4.103956824830E1));
#1341=CARTESIAN_POINT('',(8.952182486716E1,5.057224530886E1,-4.103956824830E1));
#1342=CARTESIAN_POINT('',(8.964137419481E1,5.044571042593E1,-4.084824933134E1));
#1343=CARTESIAN_POINT('',(8.976031102456E1,5.031769269753E1,-4.065791061591E1));
#1344=CARTESIAN_POINT('',(8.987862268490E1,5.018821282568E1,-4.046857238068E1));
#1346=DIRECTION('',(0.E0,1.E0,-1.172648172165E-14));
#1347=VECTOR('',#1346,2.423720098239E1);
#1348=CARTESIAN_POINT('',(8.600901464274E1,2.55E1,-4.4E1));
#1349=LINE('',#1348,#1347);
#1350=DIRECTION('',(2.550509774460E-13,-1.E0,4.470721156381E-13));
#1351=VECTOR('',#1350,2.423720098239E1);
#1352=CARTESIAN_POINT('',(8.855315893121E1,4.973720098239E1,-4.258975779270E1));
#1353=LINE('',#1352,#1351);
#1354=CARTESIAN_POINT('',(8.600901464274E1,4.973720098239E1,-4.1E1));
#1355=DIRECTION('',(0.E0,1.E0,0.E0));
#1356=DIRECTION('',(8.480480961564E-1,0.E0,-5.299192642332E-1));
#1357=AXIS2_PLACEMENT_3D('',#1354,#1355,#1356);
#1359=CARTESIAN_POINT('',(8.697858841115E1,5.307347077177E1,-3.779335007513E1));
#1360=CARTESIAN_POINT('',(8.721225544980E1,5.314057914407E1,-3.789481718472E1));
#1361=CARTESIAN_POINT('',(8.769227548947E1,5.321836391211E1,-3.814322315457E1));
#1362=CARTESIAN_POINT('',(8.834912903360E1,5.314424471155E1,-3.860253480656E1));
#1363=CARTESIAN_POINT('',(8.891106773133E1,5.288963669004E1,-3.912226441192E1));
#1364=CARTESIAN_POINT('',(8.933581403657E1,5.247191527286E1,-3.966437931280E1));
#1365=CARTESIAN_POINT('',(8.959453738399E1,5.191943074358E1,-4.019216067125E1));
#1366=CARTESIAN_POINT('',(8.966960695183E1,5.127372470186E1,-4.066686733540E1));
#1367=CARTESIAN_POINT('',(8.959016530841E1,5.080196825865E1,-4.093019957729E1));
#1368=CARTESIAN_POINT('',(8.952182486716E1,5.057224530886E1,-4.103956824830E1));
#1370=CARTESIAN_POINT('',(8.733447859656E1,5.018821347700E1,-3.887881426771E1));
#1371=DIRECTION('',(-4.584082705406E-1,5.016804139961E-1,-7.336065837441E-1));
#1372=DIRECTION('',(7.644691398430E-9,8.254440669854E-1,5.644839167581E-1));
#1373=AXIS2_PLACEMENT_3D('',#1370,#1371,#1372);
#1375=CARTESIAN_POINT('',(8.733447917161E1,5.266454527797E1,-3.718536193254E1));
#1376=CARTESIAN_POINT('',(8.750217138871E1,5.255295495785E1,-3.702218420761E1));
#1377=CARTESIAN_POINT('',(8.785025867907E1,5.226497194935E1,-3.672200264907E1));
#1378=CARTESIAN_POINT('',(8.835399708654E1,5.165541850469E1,-3.641943569234E1));
#1379=CARTESIAN_POINT('',(8.877755795093E1,5.093047760188E1,-3.631028249284E1));
#1380=CARTESIAN_POINT('',(8.897766707470E1,5.042954281870E1,-3.636706358605E1));
#1381=CARTESIAN_POINT('',(8.905520768385E1,5.018821403089E1,-3.642135797956E1));
#1383=CARTESIAN_POINT('',(8.733447859656E1,5.018821347700E1,-3.887881426771E1));
#1384=DIRECTION('',(0.E0,1.E0,0.E0));
#1385=DIRECTION('',(5.735763770263E-1,0.E0,8.191520858287E-1));
#1386=AXIS2_PLACEMENT_3D('',#1383,#1384,#1385);
#1388=DIRECTION('',(8.616762714538E-12,-1.E0,-2.965217824013E-14));
#1389=VECTOR('',#1388,1.108269391300E0);
#1390=CARTESIAN_POINT('',(8.071906765543E1,2.660826939130E1,-7.999999999999E0));
#1391=LINE('',#1390,#1389);
#1392=CARTESIAN_POINT('',(8.328969397652E1,3.010576285345E1,-9.799971927942E0));
#1393=CARTESIAN_POINT('',(8.239643707397E1,2.897972487629E1,-9.174506711222E0));
#1394=CARTESIAN_POINT('',(8.153819556902E1,2.781538789116E1,-8.573559539848E0));
#1395=CARTESIAN_POINT('',(8.071906765543E1,2.660826939130E1,-8.E0));
#1397=DIRECTION('',(-1.E0,1.189970458360E-14,-3.638972160610E-14));
#1398=VECTOR('',#1397,1.671906765543E1);
#1399=CARTESIAN_POINT('',(8.071906765543E1,2.660826939130E1,-7.999999999999E0));
#1400=LINE('',#1399,#1398);
#1401=CARTESIAN_POINT('',(7.499999999970E1,3.563407366178E1,-1.376976105558E1));
#1402=CARTESIAN_POINT('',(7.515020614958E1,3.563407366177E1,-1.376976105557E1));
#1403=CARTESIAN_POINT('',(7.545411866881E1,3.564995568188E1,-1.378357356819E1));
#1404=CARTESIAN_POINT('',(7.592241651351E1,3.572579958598E1,-1.384976458562E1));
#1405=CARTESIAN_POINT('',(7.639740927775E1,3.585752216592E1,-1.396559731504E1));
#1406=CARTESIAN_POINT('',(7.687079266218E1,3.604608664199E1,-1.413337767036E1));
#1407=CARTESIAN_POINT('',(7.734180933547E1,3.629447801857E1,-1.435796877859E1));
#1408=CARTESIAN_POINT('',(7.780929645447E1,3.660779378724E1,-1.464721868190E1));
#1409=CARTESIAN_POINT('',(7.827239176372E1,3.699462163229E1,-1.501370455586E1));
#1410=CARTESIAN_POINT('',(7.872431896195E1,3.746651925139E1,-1.547567234283E1));
#1411=CARTESIAN_POINT('',(7.912846196938E1,3.800274224231E1,-1.602187976453E1));
#1412=CARTESIAN_POINT('',(7.945992338860E1,3.857825971784E1,-1.663480089496E1));
#1413=CARTESIAN_POINT('',(7.970268321411E1,3.917149178921E1,-1.729794925342E1));
#1414=CARTESIAN_POINT('',(7.979820212857E1,3.955770345022E1,-1.775169914046E1));
#1415=CARTESIAN_POINT('',(7.982992620145E1,3.975E1,-1.798336990705E1));
#1417=DIRECTION('',(1.E0,1.590255722478E-13,3.147674306143E-13));
#1418=VECTOR('',#1417,1.514687128730E1);
#1419=CARTESIAN_POINT('',(7.982992620145E1,3.975E1,-1.798336990705E1));
#1420=LINE('',#1419,#1418);
#1421=DIRECTION('',(-1.E0,-1.957799146614E-13,4.834640413792E-14));
#1422=VECTOR('',#1421,1.928969397651E1);
#1423=CARTESIAN_POINT('',(8.328969397651E1,3.010576285345E1,-9.799971927942E0));
#1424=LINE('',#1423,#1422);
#1425=DIRECTION('',(1.E0,-5.792523845847E-13,7.306871531193E-13));
#1426=VECTOR('',#1425,6.170073798549E0);
#1427=CARTESIAN_POINT('',(6.4E1,3.975E1,-1.798336990705E1));
#1428=LINE('',#1427,#1426);
#1429=DIRECTION('',(0.E0,1.E0,-2.775978679752E-14));
#1430=VECTOR('',#1429,1.433382521732E1);
#1431=CARTESIAN_POINT('',(7.5E1,2.995132068529E1,-2.351976078128E1));
#1432=LINE('',#1431,#1430);
#1433=CARTESIAN_POINT('',(7.5E1,4.428514590261E1,-2.351976078128E1));
#1434=CARTESIAN_POINT('',(7.553270241228E1,4.428514590261E1,-2.351976078128E1));
#1435=CARTESIAN_POINT('',(7.637761549819E1,4.415944247188E1,-2.336630522733E1));
#1436=CARTESIAN_POINT('',(7.770008144816E1,4.369860173101E1,-2.280372256141E1));
#1437=CARTESIAN_POINT('',(7.888201989433E1,4.285394928526E1,-2.177259231930E1));
#1438=CARTESIAN_POINT('',(7.975568464946E1,4.152985220362E1,-2.015616824898E1));
#1439=CARTESIAN_POINT('',(7.994215896352E1,4.042137701262E1,-1.880296990353E1));
#1440=CARTESIAN_POINT('',(7.982992620145E1,3.975E1,-1.798336990705E1));
#1442=CARTESIAN_POINT('',(7.5E1,2.995132068529E1,-1.864476078128E1));
#1443=DIRECTION('',(0.E0,-1.E0,0.E0));
#1444=DIRECTION('',(0.E0,0.E0,1.E0));
#1445=AXIS2_PLACEMENT_3D('',#1442,#1443,#1444);
#1447=CARTESIAN_POINT('',(7.5E1,2.995132068529E1,-1.864476078128E1));
#1448=DIRECTION('',(0.E0,-1.E0,0.E0));
#1449=DIRECTION('',(0.E0,0.E0,-1.E0));
#1450=AXIS2_PLACEMENT_3D('',#1447,#1448,#1449);
#1452=CARTESIAN_POINT('',(7.5E1,2.995132068529E1,-1.864476078128E1));
#1453=DIRECTION('',(0.E0,-1.E0,0.E0));
#1454=DIRECTION('',(0.E0,0.E0,-1.E0));
#1455=AXIS2_PLACEMENT_3D('',#1452,#1453,#1454);
#1457=CARTESIAN_POINT('',(7.5E1,2.995132068529E1,-1.864476078128E1));
#1458=DIRECTION('',(0.E0,-1.E0,0.E0));
#1459=DIRECTION('',(0.E0,0.E0,1.E0));
#1460=AXIS2_PLACEMENT_3D('',#1457,#1458,#1459);
#1462=DIRECTION('',(-2.639487800006E-11,1.E0,-4.826821618404E-8));
#1463=VECTOR('',#1462,5.682752976490E0);
#1464=CARTESIAN_POINT('',(7.499999999985E1,2.995132068529E1,-1.376976078128E1));
#1465=LINE('',#1464,#1463);
#1466=CARTESIAN_POINT('',(7.499999999970E1,3.563407366178E1,-1.376976105558E1));
#1467=CARTESIAN_POINT('',(7.484969610015E1,3.563407366179E1,-1.376976105558E1));
#1468=CARTESIAN_POINT('',(7.454611210701E1,3.565017425224E1,-1.378376431309E1));
#1469=CARTESIAN_POINT('',(7.408981540346E1,3.572364821767E1,-1.384788804518E1));
#1470=CARTESIAN_POINT('',(7.362514021469E1,3.585023684281E1,-1.395917047784E1));
#1471=CARTESIAN_POINT('',(7.315241694380E1,3.603527092403E1,-1.412368404217E1));
#1472=CARTESIAN_POINT('',(7.267241220854E1,3.628544324139E1,-1.434968554395E1));
#1473=CARTESIAN_POINT('',(7.219034852537E1,3.660718340586E1,-1.464654606424E1));
#1474=CARTESIAN_POINT('',(7.171589516172E1,3.700527892876E1,-1.502391115550E1));
#1475=CARTESIAN_POINT('',(7.126756278383E1,3.747650274301E1,-1.548569884642E1));
#1476=CARTESIAN_POINT('',(7.086751743010E1,3.800905801962E1,-1.602849715326E1));
#1477=CARTESIAN_POINT('',(7.053779812106E1,3.858310351903E1,-1.664011626532E1));
#1478=CARTESIAN_POINT('',(7.029645645545E1,3.917430856687E1,-1.730119881793E1));
#1479=CARTESIAN_POINT('',(7.020148635795E1,3.955959169981E1,-1.775397402386E1));
#1480=CARTESIAN_POINT('',(7.017007379855E1,3.975E1,-1.798336990705E1));
#1482=CARTESIAN_POINT('',(7.017007379855E1,3.975E1,-1.798336990705E1));
#1483=CARTESIAN_POINT('',(7.005784103648E1,4.042137701262E1,-1.880296990353E1));
#1484=CARTESIAN_POINT('',(7.024431535054E1,4.152985220362E1,-2.015616824898E1));
#1485=CARTESIAN_POINT('',(7.111798010567E1,4.285394928526E1,-2.177259231929E1));
#1486=CARTESIAN_POINT('',(7.229991855184E1,4.369860173101E1,-2.280372256141E1));
#1487=CARTESIAN_POINT('',(7.362238450181E1,4.415944247188E1,-2.336630522733E1));
#1488=CARTESIAN_POINT('',(7.446729758772E1,4.428514590261E1,-2.351976078128E1));
#1489=CARTESIAN_POINT('',(7.5E1,4.428514590261E1,-2.351976078128E1));
#1491=CARTESIAN_POINT('',(8.745396309039E1,5.142844567043E1,-3.224011961775E1));
#1492=CARTESIAN_POINT('',(8.687943883068E1,5.142844567043E1,-3.224011961775E1));
#1493=CARTESIAN_POINT('',(8.563832854432E1,5.125807606663E1,-3.203213673472E1));
#1494=CARTESIAN_POINT('',(8.390370013653E1,5.034245312477E1,-3.091436751442E1));
#1495=CARTESIAN_POINT('',(8.297376344125E1,4.916124731048E1,-2.947238147224E1));
#1496=CARTESIAN_POINT('',(8.263022114657E1,4.815631351201E1,-2.824558382768E1));
#1497=CARTESIAN_POINT('',(8.255333406230E1,4.743507945453E1,-2.736511961775E1));
#1498=CARTESIAN_POINT('',(8.263022114657E1,4.671384539704E1,-2.648465540782E1));
#1499=CARTESIAN_POINT('',(8.297376344125E1,4.570891159857E1,-2.525785776326E1));
#1500=CARTESIAN_POINT('',(8.390370013653E1,4.452770578428E1,-2.381587172108E1));
#1501=CARTESIAN_POINT('',(8.563832854432E1,4.361208284243E1,-2.269810250078E1));
#1502=CARTESIAN_POINT('',(8.687943883068E1,4.344171323862E1,-2.249011961775E1));
#1503=CARTESIAN_POINT('',(8.745396309039E1,4.344171323862E1,-2.249011961775E1));
#1505=CARTESIAN_POINT('',(8.745396309039E1,4.344171323862E1,-2.249011961775E1));
#1506=CARTESIAN_POINT('',(8.802848735010E1,4.344171323862E1,-2.249011961775E1));
#1507=CARTESIAN_POINT('',(8.926959763646E1,4.361208284243E1,-2.269810250078E1));
#1508=CARTESIAN_POINT('',(9.100422604425E1,4.452770578428E1,-2.381587172108E1));
#1509=CARTESIAN_POINT('',(9.193416273953E1,4.570891159857E1,-2.525785776326E1));
#1510=CARTESIAN_POINT('',(9.227770503421E1,4.671384539704E1,-2.648465540782E1));
#1511=CARTESIAN_POINT('',(9.235459211848E1,4.743507945453E1,-2.736511961775E1));
#1512=CARTESIAN_POINT('',(9.227770503421E1,4.815631351201E1,-2.824558382768E1));
#1513=CARTESIAN_POINT('',(9.193416273953E1,4.916124731048E1,-2.947238147224E1));
#1514=CARTESIAN_POINT('',(9.100422604425E1,5.034245312477E1,-3.091436751442E1));
#1515=CARTESIAN_POINT('',(8.926959763646E1,5.125807606663E1,-3.203213673472E1));
#1516=CARTESIAN_POINT('',(8.802848735010E1,5.142844567043E1,-3.224011961775E1));
#1517=CARTESIAN_POINT('',(8.745396309039E1,5.142844567043E1,-3.224011961775E1));
#1519=DIRECTION('',(-1.E0,-2.660796597134E-14,0.E0));
#1520=VECTOR('',#1519,3.097679748875E1);
#1521=CARTESIAN_POINT('',(9.497679748875E1,5.175E1,-3.263266497219E1));
#1522=LINE('',#1521,#1520);
#1523=DIRECTION('',(1.E0,-1.200356137574E-12,-1.839050914268E-12));
#1524=VECTOR('',#1523,7.286821638523E0);
#1525=CARTESIAN_POINT('',(6.4E1,5.175E1,-9.533407484191E1));
#1526=LINE('',#1525,#1524);
#1527=CARTESIAN_POINT('',(7.128682163852E1,5.175E1,-9.533407484193E1));
#1528=CARTESIAN_POINT('',(7.193437793981E1,5.314674117343E1,-9.362896871032E1));
#1529=CARTESIAN_POINT('',(7.329916613990E1,5.573394745083E1,-9.000393931213E1));
#1530=CARTESIAN_POINT('',(7.556699788406E1,5.889161469154E1,-8.400594007552E1));
#1531=CARTESIAN_POINT('',(7.802061111774E1,6.123033003443E1,-7.751089896428E1));
#1532=CARTESIAN_POINT('',(8.052983940445E1,6.262441177452E1,-7.086986822701E1));
#1533=CARTESIAN_POINT('',(8.307983218882E1,6.310531608168E1,-6.412091279402E1));
#1534=CARTESIAN_POINT('',(8.563260785331E1,6.266112157448E1,-5.736446714078E1));
#1535=CARTESIAN_POINT('',(8.814899385568E1,6.130260291440E1,-5.070476464065E1));
#1536=CARTESIAN_POINT('',(9.063791390881E1,5.896440956622E1,-4.411584565750E1));
#1537=CARTESIAN_POINT('',(9.293638857233E1,5.578423756978E1,-3.803761978694E1));
#1538=CARTESIAN_POINT('',(9.432021374607E1,5.316595471682E1,-3.436122650932E1));
#1539=CARTESIAN_POINT('',(9.497679748875E1,5.175E1,-3.263266497219E1));
#1541=CARTESIAN_POINT('',(7.1E1,6.050704036502E1,-4.862500000699E1));
#1542=CARTESIAN_POINT('',(7.138762491548E1,6.050704036502E1,-4.862500000699E1));
#1543=CARTESIAN_POINT('',(7.214107914281E1,6.053698450393E1,-4.871627311187E1));
#1544=CARTESIAN_POINT('',(7.322517349040E1,6.066394301037E1,-4.911081319039E1));
#1545=CARTESIAN_POINT('',(7.420539657498E1,6.086552725527E1,-4.976189113970E1));
#1546=CARTESIAN_POINT('',(7.501978622057E1,6.112668869756E1,-5.065787552802E1));
#1547=CARTESIAN_POINT('',(7.559027563694E1,6.141449531160E1,-5.172956023655E1));
#1548=CARTESIAN_POINT('',(7.588456255211E1,6.169594215969E1,-5.288745107012E1));
#1549=CARTESIAN_POINT('',(7.588896754557E1,6.195047839996E1,-5.405805970670E1));
#1550=CARTESIAN_POINT('',(7.560235976749E1,6.217527166230E1,-5.522946881204E1));
#1551=CARTESIAN_POINT('',(7.504811330059E1,6.235417695584E1,-5.629835585939E1));
#1552=CARTESIAN_POINT('',(7.426477281023E1,6.248416727385E1,-5.718554074068E1));
#1553=CARTESIAN_POINT('',(7.327947482998E1,6.257117297589E1,-5.785406395786E1));
#1554=CARTESIAN_POINT('',(7.216956641347E1,6.262105658065E1,-5.827429981125E1));
#1555=CARTESIAN_POINT('',(7.139800274882E1,6.263240711080E1,-5.8375E1));
#1556=CARTESIAN_POINT('',(7.1E1,6.263240711080E1,-5.8375E1));
#1558=CARTESIAN_POINT('',(7.1E1,6.263240711080E1,-5.8375E1));
#1559=CARTESIAN_POINT('',(7.060457936421E1,6.263240711080E1,-5.8375E1));
#1560=CARTESIAN_POINT('',(6.983778810662E1,6.262129764003E1,-5.827645409778E1));
#1561=CARTESIAN_POINT('',(6.873421551771E1,6.257207358197E1,-5.786142338944E1));
#1562=CARTESIAN_POINT('',(6.775347344158E1,6.248615596666E1,-5.720037260753E1));
#1563=CARTESIAN_POINT('',(6.697726036030E1,6.235925105651E1,-5.633166232569E1));
#1564=CARTESIAN_POINT('',(6.642061303969E1,6.218501587012E1,-5.528474012244E1));
#1565=CARTESIAN_POINT('',(6.612214180131E1,6.196541826056E1,-5.413219795060E1));
#1566=CARTESIAN_POINT('',(6.610539751151E1,6.171723083870E1,-5.298072601889E1));
#1567=CARTESIAN_POINT('',(6.637526626553E1,6.143736556641E1,-5.181900395236E1));
#1568=CARTESIAN_POINT('',(6.692864661674E1,6.114740019685E1,-5.073159900398E1));
#1569=CARTESIAN_POINT('',(6.773649298912E1,6.088018734452E1,-4.981024340153E1));
#1570=CARTESIAN_POINT('',(6.873052356198E1,6.067030906073E1,-4.913071249216E1));
#1571=CARTESIAN_POINT('',(6.983965623721E1,6.053787930139E1,-4.871897969926E1));
#1572=CARTESIAN_POINT('',(7.060596574041E1,6.050704036502E1,-4.862500000699E1));
#1573=CARTESIAN_POINT('',(7.1E1,6.050704036502E1,-4.862500000699E1));
#1575=DIRECTION('',(1.590925342707E-13,-6.336872742248E-1,-7.735893215949E-1));
#1576=VECTOR('',#1575,1.893678552192E1);
#1577=CARTESIAN_POINT('',(7.128682163852E1,5.175E1,-9.533407484193E1));
#1578=LINE('',#1577,#1576);
#1579=CARTESIAN_POINT('',(7.128682163853E1,3.975000000003E1,-1.099833699070E2));
#1580=CARTESIAN_POINT('',(7.170831865655E1,3.956709582592E1,-1.105017900643E2));
#1581=CARTESIAN_POINT('',(7.254833920006E1,3.920496898506E1,-1.115320540263E2));
#1582=CARTESIAN_POINT('',(7.378347728404E1,3.865771642134E1,-1.130649790469E2));
#1583=CARTESIAN_POINT('',(7.458028977524E1,3.827993657746E1,-1.140840971933E2));
#1584=CARTESIAN_POINT('',(7.496961120564E1,3.808567176626E1,-1.145938565387E2));
#1586=DIRECTION('',(8.191520442891E-1,4.936949108027E-14,-5.735764363509E-1));
#1587=VECTOR('',#1586,2.763330192003E1);
#1588=CARTESIAN_POINT('',(7.785431223506E1,3.974999999999E1,-1.145819763299E2));
#1589=LINE('',#1588,#1587);
#1590=CARTESIAN_POINT('',(7.414607624257E1,3.51E1,-1.176679232498E2));
#1591=CARTESIAN_POINT('',(7.404446125432E1,3.531403179386E1,-1.174452955271E2));
#1592=CARTESIAN_POINT('',(7.392550838682E1,3.571465847859E1,-1.169965628878E2));
#1593=CARTESIAN_POINT('',(7.390067744909E1,3.614056540022E1,-1.164681438301E2));
#1594=CARTESIAN_POINT('',(7.403440177066E1,3.660074158621E1,-1.158099272305E2));
#1595=CARTESIAN_POINT('',(7.424229050051E1,3.686077230991E1,-1.153622145322E2));
#1596=CARTESIAN_POINT('',(7.462256812726E1,3.707440058517E1,-1.148593654467E2));
#1597=CARTESIAN_POINT('',(7.487211030961E1,3.71E1,-1.146613673820E2));
#1598=CARTESIAN_POINT('',(7.499409554854E1,3.71E1,-1.145766302170E2));
#1600=DIRECTION('',(6.456554368732E-12,1.E0,-4.869228709974E-12));
#1601=VECTOR('',#1600,2.649999999994E0);
#1602=CARTESIAN_POINT('',(7.785431223504E1,3.71E1,-1.145819763299E2));
#1603=LINE('',#1602,#1601);
#1604=CARTESIAN_POINT('',(7.785431223509E1,3.975E1,-1.145819763299E2));
#1605=CARTESIAN_POINT('',(7.739095820654E1,3.975E1,-1.142575323462E2));
#1606=CARTESIAN_POINT('',(7.691103896748E1,3.957931561223E1,-1.141298564406E2));
#1607=CARTESIAN_POINT('',(7.642037114421E1,3.929788011072E1,-1.141298564406E2));
#1609=CARTESIAN_POINT('',(7.642037114421E1,3.929788011072E1,-1.141298564406E2));
#1610=CARTESIAN_POINT('',(7.583614804349E1,3.896278350658E1,-1.141298564406E2));
#1611=CARTESIAN_POINT('',(7.536877018912E1,3.854760509722E1,-1.143094341957E2));
#1612=CARTESIAN_POINT('',(7.496961120563E1,3.808567176626E1,-1.145938565387E2));
#1614=CARTESIAN_POINT('',(7.496961120564E1,3.808567176626E1,-1.145938565387E2));
#1615=CARTESIAN_POINT('',(7.478800447950E1,3.803635680741E1,-1.147232611436E2));
#1616=CARTESIAN_POINT('',(7.445696943079E1,3.791777436204E1,-1.150318745683E2));
#1617=CARTESIAN_POINT('',(7.409477973247E1,3.768277048275E1,-1.156291374084E2));
#1618=CARTESIAN_POINT('',(7.391210885310E1,3.741098576211E1,-1.162913451854E2));
#1619=CARTESIAN_POINT('',(7.391275116961E1,3.710990349071E1,-1.169860466927E2));
#1620=CARTESIAN_POINT('',(7.404541995486E1,3.689665079106E1,-1.174473951739E2));
#1621=CARTESIAN_POINT('',(7.414607554401E1,3.679001186620E1,-1.176679209543E2));
#1623=DIRECTION('',(4.133455548327E-7,-9.999999999990E-1,-1.358250763437E-6));
#1624=VECTOR('',#1623,1.690011866202E0);
#1625=CARTESIAN_POINT('',(7.414607554401E1,3.679001186620E1,-1.176679209543E2));
#1626=LINE('',#1625,#1624);
#1627=CARTESIAN_POINT('',(1.26E2,3.51E1,-9.4E1));
#1628=DIRECTION('',(0.E0,1.E0,0.E0));
#1629=DIRECTION('',(-9.097179606567E-1,0.E0,-4.152267236807E-1));
#1630=AXIS2_PLACEMENT_3D('',#1627,#1628,#1629);
#1632=DIRECTION('',(8.191520442850E-1,1.929322550384E-13,-5.735764363567E-1));
#1633=VECTOR('',#1632,1.509973133334E0);
#1634=CARTESIAN_POINT('',(7.177844122810E1,3.71E1,-1.078860564721E2));
#1635=LINE('',#1634,#1633);
#1636=CARTESIAN_POINT('',(7.301533880709E1,3.51E1,-1.087521414809E2));
#1637=DIRECTION('',(-2.682207541981E-1,0.E0,9.633574762348E-1));
#1638=DIRECTION('',(0.E0,1.E0,0.E0));
#1639=AXIS2_PLACEMENT_3D('',#1636,#1637,#1638);
#1641=CARTESIAN_POINT('',(7.108862385462E1,3.51E1,-1.092885829893E2));
#1642=CARTESIAN_POINT('',(7.101410413423E1,3.510149752509E1,-1.090209335675E2));
#1643=CARTESIAN_POINT('',(7.087772400739E1,3.513848499418E1,-1.085160952639E2));
#1644=CARTESIAN_POINT('',(7.070562364047E1,3.530784301072E1,-1.078444059708E2));
#1645=CARTESIAN_POINT('',(7.061375361442E1,3.547286711811E1,-1.074682847320E2));
#1646=CARTESIAN_POINT('',(7.057269165081E1,3.557039212191E1,-1.072971233417E2));
#1648=CARTESIAN_POINT('',(7.015370829432E1,3.710000167033E1,-1.054101578746E2));
#1649=CARTESIAN_POINT('',(7.021877983929E1,3.709371148947E1,-1.057286484842E2));
#1650=CARTESIAN_POINT('',(7.042766258699E1,3.708524980236E1,-1.063585139532E2));
#1651=CARTESIAN_POINT('',(7.099179254582E1,3.710607602731E1,-1.072295012558E2));
#1652=CARTESIAN_POINT('',(7.149906238191E1,3.709999999999E1,-1.076904332980E2));
#1653=CARTESIAN_POINT('',(7.177844122810E1,3.71E1,-1.078860564721E2));
#1655=CARTESIAN_POINT('',(7.177844122810E1,3.71E1,-1.078860564721E2));
#1656=CARTESIAN_POINT('',(7.162470979706E1,3.702857034606E1,-1.078819269937E2));
#1657=CARTESIAN_POINT('',(7.132227581595E1,3.684703847859E1,-1.078502584931E2));
#1658=CARTESIAN_POINT('',(7.093903655976E1,3.646999983220E1,-1.077257288912E2));
#1659=CARTESIAN_POINT('',(7.067451984842E1,3.602529850067E1,-1.075338702838E2));
#1660=CARTESIAN_POINT('',(7.059197426624E1,3.571844722126E1,-1.073775003859E2));
#1661=CARTESIAN_POINT('',(7.057269165081E1,3.557039212191E1,-1.072971233417E2));
#1663=DIRECTION('',(-4.926217666626E-11,-1.E0,-6.401494761185E-11));
#1664=VECTOR('',#1663,1.647186257593E-1);
#1665=CARTESIAN_POINT('',(7.177844122811E1,3.726471862576E1,-1.078860564721E2));
#1666=LINE('',#1665,#1664);
#1667=DIRECTION('',(-4.067188145647E-6,9.999999997936E-1,1.990756435144E-5));
#1668=VECTOR('',#1667,1.647105999022E-1);
#1669=CARTESIAN_POINT('',(7.015370829432E1,3.710000167033E1,-1.054101578746E2));
#1670=LINE('',#1669,#1668);
#1671=DIRECTION('',(-5.842442388485E-10,-1.E0,4.207559292475E-10));
#1672=VECTOR('',#1671,1.647186257600E-1);
#1673=CARTESIAN_POINT('',(1.503626591340E2,3.726471862576E1,-5.920651691881E1));
#1674=LINE('',#1673,#1672);
#1675=DIRECTION('',(3.782230866971E-10,1.E0,-2.132681273529E-10));
#1676=VECTOR('',#1675,1.647186257600E-1);
#1677=CARTESIAN_POINT('',(1.016373408659E2,3.71E1,-1.287934830811E2));
#1678=LINE('',#1677,#1676);
#1679=DIRECTION('',(-8.351276184366E-11,-1.E0,-2.588205429039E-11));
#1680=VECTOR('',#1679,1.647186257601E-1);
#1681=CARTESIAN_POINT('',(9.954979275145E1,3.726471862576E1,-2.876562481659E1));
#1682=LINE('',#1681,#1680);
#1683=CARTESIAN_POINT('',(9.954979275144E1,3.71E1,-2.876562481660E1));
#1684=CARTESIAN_POINT('',(9.963892191866E1,3.709572207502E1,-2.862298833275E1));
#1685=CARTESIAN_POINT('',(9.983573246321E1,3.709024754815E1,-2.834801938790E1));
#1686=CARTESIAN_POINT('',(1.001839903237E2,3.709653770441E1,-2.797317098670E1));
#1687=CARTESIAN_POINT('',(1.005776829292E2,3.710155587538E1,-2.764508233227E1));
#1688=CARTESIAN_POINT('',(1.010176161138E2,3.709903567386E1,-2.736572252346E1));
#1689=CARTESIAN_POINT('',(1.014891346275E2,3.709984654923E1,-2.714645712857E1));
#1690=CARTESIAN_POINT('',(1.019810324155E2,3.710080417737E1,-2.699137566390E1));
#1691=CARTESIAN_POINT('',(1.024707423941E2,3.709974627802E1,-2.690325767351E1));
#1692=CARTESIAN_POINT('',(1.027872172342E2,3.710002713757E1,-2.688530135647E1));
#1693=CARTESIAN_POINT('',(1.029419851367E2,3.710000568462E1,-2.688530135647E1));
#1695=CARTESIAN_POINT('',(1.029419851361E2,3.71E1,-3.088530187352E1));
#1696=DIRECTION('',(0.E0,1.E0,0.E0));
#1697=DIRECTION('',(0.E0,0.E0,1.E0));
#1698=AXIS2_PLACEMENT_3D('',#1695,#1696,#1697);
#1700=DIRECTION('',(6.901881144113E-12,1.E0,1.546452743853E-11));
#1701=VECTOR('',#1700,1.647186257599E-1);
#1702=CARTESIAN_POINT('',(1.052362908815E2,3.71E1,-2.760869369637E1));
#1703=LINE('',#1702,#1701);
#1704=CARTESIAN_POINT('',(1.030815831229E2,3.51E1,-2.688773856542E1));
#1705=DIRECTION('',(-5.299192642332E-1,0.E0,-8.480480961564E-1));
#1706=DIRECTION('',(-8.480480961564E-1,-4.973799150321E-14,5.299192642332E-1));
#1707=AXIS2_PLACEMENT_3D('',#1704,#1705,#1706);
#1709=CARTESIAN_POINT('',(1.028447601191E2,3.510018624970E1,-2.349257476609E1));
#1710=CARTESIAN_POINT('',(1.028447601191E2,3.531580171805E1,-2.349257476609E1));
#1711=CARTESIAN_POINT('',(1.028990133245E2,3.572472987572E1,-2.353056602947E1));
#1712=CARTESIAN_POINT('',(1.031359549815E2,3.629538686171E1,-2.369647325442E1));
#1713=CARTESIAN_POINT('',(1.035039270984E2,3.674428871446E1,-2.395413040214E1));
#1714=CARTESIAN_POINT('',(1.039721108055E2,3.703358822485E1,-2.428195608195E1));
#1715=CARTESIAN_POINT('',(1.043078053819E2,3.71E1,-2.451701197288E1));
#1716=CARTESIAN_POINT('',(1.044854646962E2,3.71E1,-2.464141036404E1));
#1718=DIRECTION('',(5.299192630253E-1,6.763456227774E-5,8.480480942141E-1));
#1719=VECTOR('',#1718,2.753765130526E0);
#1720=CARTESIAN_POINT('',(1.013854869306E2,3.51E1,-2.582790003695E1));
#1721=LINE('',#1720,#1719);
#1722=CARTESIAN_POINT('',(8.328969397652E1,3.010576285345E1,-9.799971927943E0));
#1723=CARTESIAN_POINT('',(8.499150191516E1,3.214292183140E1,-1.099159067517E1));
#1724=CARTESIAN_POINT('',(8.869540408606E1,3.569270112382E1,-1.358509089602E1));
#1725=CARTESIAN_POINT('',(9.282478928031E1,3.849924870316E1,-1.647651753721E1));
#1726=CARTESIAN_POINT('',(9.497679748876E1,3.975E1,-1.798336990705E1));
#1728=DIRECTION('',(-8.191520442890E-1,0.E0,5.735764363510E-1));
#1729=VECTOR('',#1728,6.901406754961E1);
#1730=CARTESIAN_POINT('',(1.515098120067E2,3.975E1,-5.756821283024E1));
#1731=LINE('',#1730,#1729);
#1732=DIRECTION('',(-1.665968990942E-13,6.336872742244E-1,-7.735893215951E-1));
#1733=VECTOR('',#1732,1.893678552198E1);
#1734=CARTESIAN_POINT('',(9.497679748875E1,3.975E1,-1.798336990705E1));
#1735=LINE('',#1734,#1733);
#1736=DIRECTION('',(8.191520442894E-1,1.094451071088E-13,-5.735764363505E-1));
#1737=VECTOR('',#1736,2.655321801065E1);
#1738=CARTESIAN_POINT('',(8.562198241359E1,5.174999999999E1,-1.053716624781E2));
#1739=LINE('',#1738,#1737);
#1740=CARTESIAN_POINT('',(1.26E2,5.175E1,-9.4E1));
#1741=DIRECTION('',(0.E0,-1.E0,0.E0));
#1742=DIRECTION('',(-5.735764363548E-1,0.E0,-8.191520442863E-1));
#1743=AXIS2_PLACEMENT_3D('',#1740,#1741,#1742);
#1745=CARTESIAN_POINT('',(1.26E2,5.175E1,-9.4E1));
#1746=DIRECTION('',(0.E0,-1.E0,0.E0));
#1747=DIRECTION('',(0.E0,0.E0,-1.E0));
#1748=AXIS2_PLACEMENT_3D('',#1745,#1746,#1747);
#1750=DIRECTION('',(-8.191520442891E-1,-1.677801519735E-13,5.735764363509E-1));
#1751=VECTOR('',#1750,2.655321801068E1);
#1752=CARTESIAN_POINT('',(1.446268947705E2,5.175E1,-6.739803736169E1));
#1753=LINE('',#1752,#1751);
#1754=DIRECTION('',(-5.735764363507E-1,-8.729993889705E-14,-8.191520442892E-1));
#1755=VECTOR('',#1754,6.495000000003E1);
#1756=CARTESIAN_POINT('',(1.228757719546E2,5.175E1,-5.216773720148E1));
#1757=LINE('',#1756,#1755);
#1758=DIRECTION('',(-4.055797876696E-1,-7.071067811864E-1,-5.792279653419E-1));
#1759=VECTOR('',#1758,1.697056274848E1);
#1760=CARTESIAN_POINT('',(1.073731052295E2,5.175E1,-1.206019626383E2));
#1761=LINE('',#1760,#1759);
#1762=CARTESIAN_POINT('',(1.26E2,3.975E1,-9.4E1));
#1763=DIRECTION('',(0.E0,-1.E0,0.E0));
#1764=DIRECTION('',(-5.735764363504E-1,0.E0,-8.191520442895E-1));
#1765=AXIS2_PLACEMENT_3D('',#1762,#1763,#1764);
#1767=CARTESIAN_POINT('',(1.26E2,3.975E1,-9.4E1));
#1768=DIRECTION('',(0.E0,-1.E0,0.E0));
#1769=DIRECTION('',(0.E0,0.E0,-1.E0));
#1770=AXIS2_PLACEMENT_3D('',#1767,#1768,#1769);
#1772=DIRECTION('',(-4.055797876736E-1,7.071067811866E-1,-5.792279653388E-1));
#1773=VECTOR('',#1772,1.697056274848E1);
#1774=CARTESIAN_POINT('',(1.515098120067E2,3.975E1,-5.756821283024E1));
#1775=LINE('',#1774,#1773);
#1776=DIRECTION('',(-2.395467472185E-11,-1.E0,1.506886858482E-11));
#1777=VECTOR('',#1776,2.649999999995E0);
#1778=CARTESIAN_POINT('',(1.004901879933E2,3.975E1,-1.304317871698E2));
#1779=LINE('',#1778,#1777);
#1780=DIRECTION('',(-1.018891470145E-11,1.E0,1.039805558217E-11));
#1781=VECTOR('',#1780,2.650000000004E0);
#1782=CARTESIAN_POINT('',(1.515098120067E2,3.71E1,-5.756821283027E1));
#1783=LINE('',#1782,#1781);
#1784=DIRECTION('',(8.191520442891E-1,0.E0,-5.735764363509E-1));
#1785=VECTOR('',#1784,3.494101279291E1);
#1786=CARTESIAN_POINT('',(7.301533880709E1,3.71E1,-1.087521414809E2));
#1787=LINE('',#1786,#1785);
#1788=CARTESIAN_POINT('',(1.26E2,3.71E1,-9.4E1));
#1789=DIRECTION('',(0.E0,-1.E0,0.E0));
#1790=DIRECTION('',(-5.735764363556E-1,0.E0,-8.191520442858E-1));
#1791=AXIS2_PLACEMENT_3D('',#1788,#1789,#1790);
#1793=CARTESIAN_POINT('',(1.26E2,3.71E1,-9.4E1));
#1794=DIRECTION('',(0.E0,-1.E0,0.E0));
#1795=DIRECTION('',(0.E0,0.E0,-1.E0));
#1796=AXIS2_PLACEMENT_3D('',#1793,#1794,#1795);
#1798=DIRECTION('',(-8.191520442889E-1,0.E0,5.735764363511E-1));
#1799=VECTOR('',#1798,5.508912364564E1);
#1800=CARTESIAN_POINT('',(1.503626591339E2,3.71E1,-5.920651691874E1));
#1801=LINE('',#1800,#1799);
#1802=CARTESIAN_POINT('',(1.029419851361E2,3.71E1,-3.088530187352E1));
#1803=DIRECTION('',(0.E0,-1.E0,0.E0));
#1804=DIRECTION('',(5.735764363518E-1,0.E0,8.191520442885E-1));
#1805=AXIS2_PLACEMENT_3D('',#1802,#1803,#1804);
#1807=DIRECTION('',(5.299789727230E-1,-3.433431116222E-13,8.480107832283E-1));
#1808=VECTOR('',#1807,2.648938251523E0);
#1809=CARTESIAN_POINT('',(1.030815831229E2,3.71E1,-2.688773856544E1));
#1810=LINE('',#1809,#1808);
#1811=DIRECTION('',(8.191520442888E-1,0.E0,-5.735764363513E-1));
#1812=VECTOR('',#1811,5.740612824977E1);
#1813=CARTESIAN_POINT('',(1.044854646962E2,3.71E1,-2.464141036404E1));
#1814=LINE('',#1813,#1812);
#1815=CARTESIAN_POINT('',(1.26E2,3.71E1,-9.4E1));
#1816=DIRECTION('',(0.E0,1.E0,0.E0));
#1817=DIRECTION('',(5.735764363533E-1,0.E0,8.191520442874E-1));
#1818=AXIS2_PLACEMENT_3D('',#1815,#1816,#1817);
#1820=CARTESIAN_POINT('',(1.26E2,3.71E1,-9.4E1));
#1821=DIRECTION('',(0.E0,1.E0,0.E0));
#1822=DIRECTION('',(0.E0,0.E0,-1.E0));
#1823=AXIS2_PLACEMENT_3D('',#1820,#1821,#1822);
#1825=DIRECTION('',(-8.191520442890E-1,0.E0,5.735764363511E-1));
#1826=VECTOR('',#1825,2.763330191998E1);
#1827=CARTESIAN_POINT('',(1.004901879932E2,3.71E1,-1.304317871697E2));
#1828=LINE('',#1827,#1826);
#1829=CARTESIAN_POINT('',(7.642037114421E1,3.71E1,-1.166298564406E2));
#1830=DIRECTION('',(0.E0,-1.E0,0.E0));
#1831=DIRECTION('',(5.735764363012E-1,0.E0,8.191520443239E-1));
#1832=AXIS2_PLACEMENT_3D('',#1829,#1830,#1831);
#1834=CARTESIAN_POINT('',(7.642037114421E1,3.71E1,-1.166298564406E2));
#1835=DIRECTION('',(0.E0,-1.E0,0.E0));
#1836=DIRECTION('',(0.E0,0.E0,1.E0));
#1837=AXIS2_PLACEMENT_3D('',#1834,#1835,#1836);
#1839=CARTESIAN_POINT('',(1.26E2,3.71E1,-9.4E1));
#1840=DIRECTION('',(0.E0,1.E0,0.E0));
#1841=DIRECTION('',(-9.273800809357E-1,0.E0,-3.741205494004E-1));
#1842=AXIS2_PLACEMENT_3D('',#1839,#1840,#1841);
#1844=DIRECTION('',(-8.191520442891E-1,0.E0,5.735764363509E-1));
#1845=VECTOR('',#1844,3.405835908039E1);
#1846=CARTESIAN_POINT('',(1.228757719546E2,5.175E1,-5.216773720148E1));
#1847=LINE('',#1846,#1845);
#1848=DIRECTION('',(8.191520442886E-1,-4.953497929295E-14,-5.735764363515E-1));
#1849=VECTOR('',#1848,1.750000000002E1);
#1850=CARTESIAN_POINT('',(7.128682163852E1,5.175E1,-9.533407484193E1));
#1851=LINE('',#1850,#1849);
#1852=CARTESIAN_POINT('',(8.562198241359E1,5.174999999999E1,-1.053716624781E2));
#1853=CARTESIAN_POINT('',(8.534039972155E1,5.174999999999E1,-1.051744961545E2));
#1854=CARTESIAN_POINT('',(8.479306878431E1,5.177288392977E1,-1.047559647024E2));
#1855=CARTESIAN_POINT('',(8.402447833487E1,5.187615929906E1,-1.040578196274E2));
#1856=CARTESIAN_POINT('',(8.331150339501E1,5.204855834277E1,-1.032891211523E2));
#1857=CARTESIAN_POINT('',(8.265488800444E1,5.229253993202E1,-1.024426855424E2));
#1858=CARTESIAN_POINT('',(8.206434493831E1,5.260840208958E1,-1.015191074883E2));
#1859=CARTESIAN_POINT('',(8.154453108479E1,5.299987870026E1,-1.005074709328E2));
#1860=CARTESIAN_POINT('',(8.110848795213E1,5.346680581324E1,-9.940614522623E1));
#1861=CARTESIAN_POINT('',(8.076677557706E1,5.401260479336E1,-9.820188009869E1));
#1862=CARTESIAN_POINT('',(8.053600413997E1,5.463652031105E1,-9.688785569888E1));
#1863=CARTESIAN_POINT('',(8.043371652390E1,5.533907514366E1,-9.544934423601E1));
#1864=CARTESIAN_POINT('',(8.048237869400E1,5.611968408674E1,-9.386767001657E1));
#1865=CARTESIAN_POINT('',(8.070772033974E1,5.697074715696E1,-9.212910261038E1));
#1866=CARTESIAN_POINT('',(8.113963086791E1,5.788390232929E1,-9.020875915763E1));
#1867=CARTESIAN_POINT('',(8.180899846358E1,5.883881464547E1,-8.808932096099E1));
#1868=CARTESIAN_POINT('',(8.274109061521E1,5.980221609418E1,-8.576153796839E1));
#1869=CARTESIAN_POINT('',(8.394804842143E1,6.072667865391E1,-8.322899442694E1));
#1870=CARTESIAN_POINT('',(8.542391524237E1,6.155837438065E1,-8.050542655807E1));
#1871=CARTESIAN_POINT('',(8.713510642027E1,6.223925978531E1,-7.763084301374E1));
#1872=CARTESIAN_POINT('',(8.902694927739E1,6.271820686476E1,-7.466360752228E1));
#1873=CARTESIAN_POINT('',(9.102385562971E1,6.296204161651E1,-7.168811081052E1));
#1874=CARTESIAN_POINT('',(9.309260272548E1,6.296082840846E1,-6.873422357228E1));
#1875=CARTESIAN_POINT('',(9.520651444764E1,6.271426635163E1,-6.584034879104E1));
#1876=CARTESIAN_POINT('',(9.734184325502E1,6.223459088422E1,-6.305687376804E1));
#1877=CARTESIAN_POINT('',(9.945550838349E1,6.155315760520E1,-6.046982342479E1));
#1878=CARTESIAN_POINT('',(1.015067590742E2,6.072187160912E1,-5.815644255317E1));
#1879=CARTESIAN_POINT('',(1.034729673213E2,5.979724197719E1,-5.615809360409E1));
#1880=CARTESIAN_POINT('',(1.053387367475E2,5.883495696613E1,-5.448983502716E1));
#1881=CARTESIAN_POINT('',(1.070951549649E2,5.788338723299E1,-5.314139829250E1));
#1882=CARTESIAN_POINT('',(1.087464254788E2,5.697329979528E1,-5.208178705806E1));
#1883=CARTESIAN_POINT('',(1.103053632820E2,5.612095449992E1,-5.127373681949E1));
#1884=CARTESIAN_POINT('',(1.117733192303E2,5.534116845387E1,-5.068737845813E1));
#1885=CARTESIAN_POINT('',(1.131623203591E2,5.463738962733E1,-5.029049516292E1));
#1886=CARTESIAN_POINT('',(1.144748331048E2,5.401395879814E1,-5.005791781493E1));
#1887=CARTESIAN_POINT('',(1.157249443205E2,5.346737722859E1,-4.996679208815E1));
#1888=CARTESIAN_POINT('',(1.169076934562E2,5.300086363405E1,-4.999962782673E1));
#1889=CARTESIAN_POINT('',(1.180382476364E2,5.260854859464E1,-5.014216724618E1));
#1890=CARTESIAN_POINT('',(1.191079250981E2,5.229272521475E1,-5.038115469657E1));
#1891=CARTESIAN_POINT('',(1.201293799447E2,5.204835323879E1,-5.070909317006E1));
#1892=CARTESIAN_POINT('',(1.210967261875E2,5.187587510523E1,-5.111685310469E1));
#1893=CARTESIAN_POINT('',(1.220146383266E2,5.177283821533E1,-5.159998086880E1));
#1894=CARTESIAN_POINT('',(1.225945594540E2,5.175E1,-5.197083008875E1));
#1895=CARTESIAN_POINT('',(1.228757719546E2,5.175E1,-5.216773720148E1));
#1897=CARTESIAN_POINT('',(1.029419851361E2,3.726471862576E1,-3.088530187352E1));
#1898=DIRECTION('',(-8.191520442889E-1,-6.086130636156E-13,5.735764363512E-1));
#1899=DIRECTION('',(5.735764363512E-1,0.E0,8.191520442889E-1));
#1900=AXIS2_PLACEMENT_3D('',#1897,#1898,#1899);
#1902=CARTESIAN_POINT('',(1.029419851361E2,3.726471862575E1,-3.088530187351E1));
#1903=DIRECTION('',(3.749663563085E-1,-7.066217501846E-1,6.000716072293E-1));
#1904=DIRECTION('',(4.055711204113E-1,7.071070534095E-1,5.792337018051E-1));
#1905=AXIS2_PLACEMENT_3D('',#1902,#1903,#1904);
#1907=CARTESIAN_POINT('',(1.029419851361E2,3.726471862575E1,-3.088530187351E1));
#1908=DIRECTION('',(3.749663563085E-1,-7.066217501846E-1,6.000716072293E-1));
#1909=DIRECTION('',(0.E0,6.472996096652E-1,7.622356691518E-1));
#1910=AXIS2_PLACEMENT_3D('',#1907,#1908,#1909);
#1912=CARTESIAN_POINT('',(1.029419851361E2,3.726471862576E1,-3.088530187352E1));
#1913=DIRECTION('',(5.659407789946E-13,1.E0,-1.209741756923E-13));
#1914=DIRECTION('',(-8.480480961598E-1,5.435651928565E-13,5.299192642278E-1));
#1915=AXIS2_PLACEMENT_3D('',#1912,#1913,#1914);
#1917=CARTESIAN_POINT('',(1.029419851361E2,3.726471862576E1,-3.088530187352E1));
#1918=DIRECTION('',(5.670321087469E-13,1.E0,-1.217383330116E-13));
#1919=DIRECTION('',(0.E0,1.225686219186E-13,1.E0));
#1920=AXIS2_PLACEMENT_3D('',#1917,#1918,#1919);
#1922=DIRECTION('',(8.191520442889E-1,0.E0,-5.735764363512E-1));
#1923=VECTOR('',#1922,5.508912364576E1);
#1924=CARTESIAN_POINT('',(1.052362908815E2,3.726471862576E1,-2.760869369637E1));
#1925=LINE('',#1924,#1923);
#1926=DIRECTION('',(-8.191520471240E-1,4.941453170079E-9,5.735764323022E-1));
#1927=VECTOR('',#1926,5.508913403590E1);
#1928=CARTESIAN_POINT('',(1.496906725393E2,4.009314575052E1,-6.016621323462E1));
#1929=LINE('',#1928,#1927);
#1930=CARTESIAN_POINT('',(1.480683533886E2,3.726471862576E1,-6.248312509598E1));
#1931=DIRECTION('',(8.191520442891E-1,0.E0,-5.735764363509E-1));
#1932=DIRECTION('',(4.055797876705E-1,7.071067811901E-1,5.792279653367E-1));
#1933=AXIS2_PLACEMENT_3D('',#1930,#1931,#1932);
#1935=CARTESIAN_POINT('',(1.26E2,3.726471862576E1,-9.4E1));
#1936=DIRECTION('',(0.E0,1.E0,0.E0));
#1937=DIRECTION('',(5.735764363508E-1,0.E0,8.191520442891E-1));
#1938=AXIS2_PLACEMENT_3D('',#1935,#1936,#1937);
#1940=CARTESIAN_POINT('',(1.26E2,3.726471862576E1,-9.4E1));
#1941=DIRECTION('',(0.E0,1.E0,0.E0));
#1942=DIRECTION('',(0.E0,0.E0,-1.E0));
#1943=AXIS2_PLACEMENT_3D('',#1940,#1941,#1942);
#1945=CARTESIAN_POINT('',(1.039316466114E2,3.726471862576E1,-1.255168749040E2));
#1946=DIRECTION('',(8.191520442889E-1,0.E0,-5.735764363512E-1));
#1947=DIRECTION('',(-5.735764363512E-1,0.E0,-8.191520442889E-1));
#1948=AXIS2_PLACEMENT_3D('',#1945,#1946,#1947);
#1950=CARTESIAN_POINT('',(1.26E2,4.009314575051E1,-9.4E1));
#1951=DIRECTION('',(0.E0,-1.E0,0.E0));
#1952=DIRECTION('',(-5.735764363496E-1,0.E0,-8.191520442900E-1));
#1953=AXIS2_PLACEMENT_3D('',#1950,#1951,#1952);
#1955=CARTESIAN_POINT('',(1.26E2,4.009314575051E1,-9.4E1));
#1956=DIRECTION('',(0.E0,-1.E0,0.E0));
#1957=DIRECTION('',(0.E0,0.E0,-1.E0));
#1958=AXIS2_PLACEMENT_3D('',#1955,#1956,#1957);
#1960=DIRECTION('',(8.191522153703E-1,2.982731812143E-7,-5.735761920215E-1));
#1961=VECTOR('',#1960,3.645098464141E1);
#1962=CARTESIAN_POINT('',(7.245042153892E1,4.009313295970E1,-1.069263713708E2));
#1963=LINE('',#1962,#1961);
#1964=DIRECTION('',(-8.191520442888E-1,-1.793365255526E-14,5.735764363513E-1));
#1965=VECTOR('',#1964,3.645098592632E1);
#1966=CARTESIAN_POINT('',(1.016373408660E2,3.726471862576E1,-1.287934830812E2));
#1967=LINE('',#1966,#1965);
#1968=CARTESIAN_POINT('',(7.407274697351E1,3.726471862576E1,-1.046094482949E2));
#1969=DIRECTION('',(0.E0,1.E0,0.E0));
#1970=DIRECTION('',(-5.735764363453E-1,0.E0,-8.191520442930E-1));
#1971=AXIS2_PLACEMENT_3D('',#1968,#1969,#1970);
#1973=CARTESIAN_POINT('',(7.407274697351E1,3.726471862576E1,-1.046094482949E2));
#1974=DIRECTION('',(-8.191495438163E-1,9.553460102008E-6,5.735800073E-1));
#1975=DIRECTION('',(-4.055778795170E-1,7.071048627018E-1,-5.792316434639E-1));
#1976=AXIS2_PLACEMENT_3D('',#1973,#1974,#1975);
#1978=CARTESIAN_POINT('',(6.906022879185E1,4.337754071856E1,-9.661889498485E1));
#1979=CARTESIAN_POINT('',(6.905300649179E1,4.371536793375E1,-9.646198544766E1));
#1980=CARTESIAN_POINT('',(6.906331174290E1,4.438400729448E1,-9.615113429339E1));
#1981=CARTESIAN_POINT('',(6.914871886522E1,4.536194863685E1,-9.569868518407E1));
#1982=CARTESIAN_POINT('',(6.925118873229E1,4.599720740787E1,-9.540802938992E1));
#1983=CARTESIAN_POINT('',(6.931409480748E1,4.630976689738E1,-9.526602004004E1));
#1985=CARTESIAN_POINT('',(6.931409480748E1,4.630976689738E1,-9.526602004004E1));
#1986=CARTESIAN_POINT('',(6.938413613876E1,4.641330664669E1,-9.540169015111E1));
#1987=CARTESIAN_POINT('',(6.954442841432E1,4.660407290504E1,-9.567024895473E1));
#1988=CARTESIAN_POINT('',(6.984061247350E1,4.685028347416E1,-9.605289389469E1));
#1989=CARTESIAN_POINT('',(7.016741430808E1,4.705511440993E1,-9.638033871915E1));
#1990=CARTESIAN_POINT('',(7.049070772519E1,4.722438180340E1,-9.662690143717E1));
#1991=CARTESIAN_POINT('',(7.079764523912E1,4.737309873193E1,-9.679618996630E1));
#1992=CARTESIAN_POINT('',(7.109269063290E1,4.751595469774E1,-9.689985736596E1));
#1993=CARTESIAN_POINT('',(7.128636177252E1,4.761299726548E1,-9.693138333821E1));
#1994=CARTESIAN_POINT('',(7.138123056715E1,4.766195149652E1,-9.693805059475E1));
#1996=CARTESIAN_POINT('',(7.407274697351E1,3.726471862576E1,-1.046094482949E2));
#1997=DIRECTION('',(-1.649256468100E-1,5.666817811843E-1,8.072615994200E-1));
#1998=DIRECTION('',(-4.055789799051E-1,7.071029442562E-1,-5.792332149345E-1));
#1999=AXIS2_PLACEMENT_3D('',#1996,#1997,#1998);
#2001=DIRECTION('',(-3.258926624589E-5,-9.999999994531E-1,-5.640813783244E-6));
#2002=VECTOR('',#2001,1.027540719124E0);
#2003=CARTESIAN_POINT('',(6.906022879185E1,4.337754071856E1,-9.661889498485E1));
#2004=LINE('',#2003,#2002);
#2005=DIRECTION('',(-5.790093415885E-6,9.999999999832E-1,1.897250718731E-7));
#2006=VECTOR('',#2005,2.311620530584E0);
#2007=CARTESIAN_POINT('',(7.215548203627E1,4.235E1,-9.348267648998E1));
#2008=LINE('',#2007,#2006);
#2009=CARTESIAN_POINT('',(1.089912433658E2,4.234999999998E1,-9.469218732097E1));
#2010=CARTESIAN_POINT('',(1.088149341426E2,4.277514345624E1,-9.468639816627E1));
#2011=CARTESIAN_POINT('',(1.083871794330E2,4.357957571168E1,-9.467235258646E1));
#2012=CARTESIAN_POINT('',(1.074752057260E2,4.468590400028E1,-9.464240778170E1));
#2013=CARTESIAN_POINT('',(1.063984712898E2,4.556808351384E1,-9.460705294128E1));
#2014=CARTESIAN_POINT('',(1.051433985852E2,4.624057379339E1,-9.456584234386E1));
#2015=CARTESIAN_POINT('',(1.037776768632E2,4.665426328590E1,-9.452099855471E1));
#2016=CARTESIAN_POINT('',(1.028343149717E2,4.674999999834E1,-9.449002304956E1));
#2017=CARTESIAN_POINT('',(1.023510004727E2,4.675E1,-9.447415330645E1));
#2019=CARTESIAN_POINT('',(9.150092131829E1,4.674998602964E1,-9.411788845350E1));
#2020=CARTESIAN_POINT('',(8.786594937930E1,4.674998432834E1,-9.399853331102E1));
#2021=CARTESIAN_POINT('',(8.423338117890E1,4.743986225711E1,-9.387925709654E1));
#2022=CARTESIAN_POINT('',(8.095361061912E1,4.875315771554E1,-9.377156507332E1));
#2024=CARTESIAN_POINT('',(8.095361061912E1,4.875315771554E1,-9.377156507332E1));
#2025=CARTESIAN_POINT('',(7.793856109544E1,4.753620059353E1,-9.367256522643E1));
#2026=CARTESIAN_POINT('',(7.500001531021E1,4.618279562957E1,-9.357607739736E1));
#2027=CARTESIAN_POINT('',(7.215546865177E1,4.466162053055E1,-9.348267605141E1));
#2029=CARTESIAN_POINT('',(1.089912433658E2,4.234999999998E1,-9.469218732097E1));
#2030=CARTESIAN_POINT('',(1.092923392115E2,4.234999999998E1,-9.470218524095E1));
#2031=CARTESIAN_POINT('',(1.098626428041E2,4.234999998758E1,-9.479703198653E1));
#2032=CARTESIAN_POINT('',(1.106341291731E2,4.235000004349E1,-9.513818137701E1));
#2033=CARTESIAN_POINT('',(1.112897013247E2,4.234999983845E1,-9.567060899875E1));
#2034=CARTESIAN_POINT('',(1.117608025920E2,4.235000060271E1,-9.634318603418E1));
#2035=CARTESIAN_POINT('',(1.119345195283E2,4.234999870138E1,-9.682445180084E1));
#2036=CARTESIAN_POINT('',(1.119901799024E2,4.234999870138E1,-9.707780834115E1));
#2038=CARTESIAN_POINT('',(1.022525478395E2,4.675E1,-9.747253738442E1));
#2039=DIRECTION('',(9.994613593232E-1,0.E0,-3.281754439195E-2));
#2040=DIRECTION('',(-1.894780628694E-14,1.E0,-5.494863823211E-13));
#2041=AXIS2_PLACEMENT_3D('',#2038,#2039,#2040);
#2043=CARTESIAN_POINT('',(1.224604371130E2,4.234999868975E1,-8.009966078366E1));
#2044=CARTESIAN_POINT('',(1.222376556713E2,4.446762542893E1,-7.956744372951E1));
#2045=CARTESIAN_POINT('',(1.214792612333E2,4.731811923238E1,-7.777389081027E1));
#2046=CARTESIAN_POINT('',(1.198518441243E2,4.938841935142E1,-7.420005075540E1));
#2047=CARTESIAN_POINT('',(1.189209845244E2,4.975000083908E1,-7.222518399602E1));
#2048=CARTESIAN_POINT('',(1.184414010670E2,4.974999999992E1,-7.122133259725E1));
#2050=CARTESIAN_POINT('',(1.022525474871E2,4.974999999992E1,-9.747254811838E1));
#2051=CARTESIAN_POINT('',(1.033648547058E2,4.975000083963E1,-9.745039920054E1));
#2052=CARTESIAN_POINT('',(1.055474194234E2,4.938841935203E1,-9.739555125533E1));
#2053=CARTESIAN_POINT('',(1.094714779670E2,4.731811924645E1,-9.724524965772E1));
#2054=CARTESIAN_POINT('',(1.114145961354E2,4.446762542823E1,-9.711768184940E1));
#2055=CARTESIAN_POINT('',(1.119901799024E2,4.234999870138E1,-9.707780834115E1));
#2057=CARTESIAN_POINT('',(1.224604371130E2,4.234999868975E1,-8.009966078366E1));
#2058=CARTESIAN_POINT('',(1.221992195136E2,4.234999868975E1,-8.016617640324E1));
#2059=CARTESIAN_POINT('',(1.216769484673E2,4.235000060811E1,-8.022442605220E1));
#2060=CARTESIAN_POINT('',(1.208744309706E2,4.234999983700E1,-8.009991463523E1));
#2061=CARTESIAN_POINT('',(1.201193947554E2,4.235000004388E1,-7.975761561989E1));
#2062=CARTESIAN_POINT('',(1.194764982719E2,4.234999998747E1,-7.923203267410E1));
#2063=CARTESIAN_POINT('',(1.191293067985E2,4.234999999999E1,-7.876074582513E1));
#2064=CARTESIAN_POINT('',(1.189823587135E2,4.234999999999E1,-7.849098209739E1));
#2066=CARTESIAN_POINT('',(1.189823587135E2,4.234999999999E1,-7.849098209739E1));
#2067=CARTESIAN_POINT('',(1.188989967548E2,4.277027485197E1,-7.833781354837E1));
#2068=CARTESIAN_POINT('',(1.186967776766E2,4.356872517080E1,-7.796625826730E1));
#2069=CARTESIAN_POINT('',(1.182612417247E2,4.467784491760E1,-7.716600810187E1));
#2070=CARTESIAN_POINT('',(1.177458126992E2,4.556371420095E1,-7.621896325146E1));
#2071=CARTESIAN_POINT('',(1.171415642455E2,4.624136559321E1,-7.510872229856E1));
#2072=CARTESIAN_POINT('',(1.164877415620E2,4.665462613216E1,-7.390739409141E1));
#2073=CARTESIAN_POINT('',(1.160369842423E2,4.674999999834E1,-7.307917644486E1));
#2074=CARTESIAN_POINT('',(1.158063700089E2,4.675E1,-7.265544782374E1));
#2076=CARTESIAN_POINT('',(1.184413900644E2,4.675E1,-7.122133858543E1));
#2077=DIRECTION('',(4.780364127785E-1,0.E0,-8.783400184768E-1));
#2078=DIRECTION('',(-8.783400184768E-1,0.E0,-4.780364127785E-1));
#2079=AXIS2_PLACEMENT_3D('',#2076,#2077,#2078);
#2081=CARTESIAN_POINT('',(9.630882280653E1,4.513025513568E1,-3.683082125475E1));
#2082=CARTESIAN_POINT('',(9.913575157117E1,4.763191264586E1,-4.202499600245E1));
#2083=CARTESIAN_POINT('',(1.020575408927E2,4.963042978858E1,-4.739346672635E1));
#2084=CARTESIAN_POINT('',(1.050437906099E2,5.128719834727E1,-5.288037643058E1));
#2086=CARTESIAN_POINT('',(1.050437906099E2,5.128719834727E1,-5.288037643058E1));
#2087=CARTESIAN_POINT('',(1.060071990649E2,4.983317172981E1,-5.465053489181E1));
#2088=CARTESIAN_POINT('',(1.081994416774E2,4.754290854690E1,-5.867854265143E1));
#2089=CARTESIAN_POINT('',(1.106737039373E2,4.674999179858E1,-6.322473105697E1));
#2090=CARTESIAN_POINT('',(1.119109500062E2,4.675E1,-6.549803640973E1));
#2092=DIRECTION('',(-9.314406523688E-6,-9.999999998102E-1,1.711126266601E-5));
#2093=VECTOR('',#2092,2.780255136211E0);
#2094=CARTESIAN_POINT('',(9.630882280653E1,4.513025513568E1,-3.683082125475E1));
#2095=LINE('',#2094,#2093);
#2096=DIRECTION('',(4.708456714770E-12,1.E0,-6.069234098649E-12));
#2097=VECTOR('',#2096,8.511198620805E-1);
#2098=CARTESIAN_POINT('',(9.639966223169E1,4.235E1,-3.380688745831E1));
#2099=LINE('',#2098,#2097);
#2100=CARTESIAN_POINT('',(1.000279966644E2,4.864208796373E1,-3.582778777565E1));
#2101=CARTESIAN_POINT('',(1.002020429197E2,4.876439195559E1,-3.609896188100E1));
#2102=CARTESIAN_POINT('',(1.005408040192E2,4.899409973246E1,-3.661743128994E1));
#2103=CARTESIAN_POINT('',(1.010207018284E2,4.929554262457E1,-3.732111220191E1));
#2104=CARTESIAN_POINT('',(1.014742845202E2,4.955459093186E1,-3.795505033485E1));
#2105=CARTESIAN_POINT('',(1.019019645587E2,4.977390024300E1,-3.852219724139E1));
#2106=CARTESIAN_POINT('',(1.023048402404E2,4.996238891857E1,-3.903447995192E1));
#2107=CARTESIAN_POINT('',(1.026918062812E2,5.011375948656E1,-3.948993520478E1));
#2108=CARTESIAN_POINT('',(1.030724292905E2,5.021192214697E1,-3.987736336603E1));
#2109=CARTESIAN_POINT('',(1.033193984558E2,5.024565554526E1,-4.008879145311E1));
#2110=CARTESIAN_POINT('',(1.034409872790E2,5.025350143770E1,-4.018350692976E1));
#2112=CARTESIAN_POINT('',(9.630882280653E1,4.513025513568E1,-3.683082125475E1));
#2113=CARTESIAN_POINT('',(9.620257419968E1,4.527754261296E1,-3.663562665136E1));
#2114=CARTESIAN_POINT('',(9.603657372039E1,4.556734492789E1,-3.622754556812E1));
#2115=CARTESIAN_POINT('',(9.592649761946E1,4.597333278002E1,-3.558534670705E1));
#2116=CARTESIAN_POINT('',(9.594590191590E1,4.621612423335E1,-3.515388121569E1));
#2117=CARTESIAN_POINT('',(9.597860168705E1,4.632836959101E1,-3.494105508260E1));
#2119=CARTESIAN_POINT('',(1.229045956226E2,4.887132034358E1,-5.212657273741E1));
#2120=CARTESIAN_POINT('',(1.222410628899E2,4.887132034357E1,-5.166196211614E1));
#2121=CARTESIAN_POINT('',(1.208525693605E2,4.896618815902E1,-5.080554070390E1));
#2122=CARTESIAN_POINT('',(1.185486355531E2,4.941907236772E1,-4.974517839373E1));
#2123=CARTESIAN_POINT('',(1.169045410388E2,4.993596880457E1,-4.922498511584E1));
#2124=CARTESIAN_POINT('',(1.160524762742E2,5.025263201097E1,-4.901493734016E1));
#2126=DIRECTION('',(3.749630354645E-1,-7.066415269215E-1,6.000503932715E-1));
#2127=VECTOR('',#2126,1.209798973779E1);
#2128=CARTESIAN_POINT('',(1.000279966644E2,4.864208796373E1,-3.582778777565E1));
#2129=LINE('',#2128,#2127);
#2130=DIRECTION('',(4.055797876726E-1,7.071067811868E-1,5.792279653393E-1));
#2131=VECTOR('',#2130,1.241421627548E1);
#2132=CARTESIAN_POINT('',(1.023093263604E2,4.009314383205E1,-1.278337883369E2));
#2133=LINE('',#2132,#2131);
#2134=DIRECTION('',(4.055797876733E-1,-7.071067811863E-1,5.792279653394E-1));
#2135=VECTOR('',#2134,1.241421356238E1);
#2136=CARTESIAN_POINT('',(1.446557184385E2,4.887132034357E1,-6.735687289765E1));
#2137=LINE('',#2136,#2135);
#2138=CARTESIAN_POINT('',(8.032561653139E1,5.025263151718E1,-1.000381847798E2));
#2139=CARTESIAN_POINT('',(8.081505767203E1,4.993555532817E1,-1.007679737102E2));
#2140=CARTESIAN_POINT('',(8.186733038174E1,4.941835820007E1,-1.021361638356E2));
#2141=CARTESIAN_POINT('',(8.365218957880E1,4.896588014075E1,-1.039383095271E2));
#2142=CARTESIAN_POINT('',(8.493066053310E1,4.887132034357E1,-1.049489406997E2));
#2143=CARTESIAN_POINT('',(8.559315874554E1,4.887132034357E1,-1.054128269421E2));
#2145=CARTESIAN_POINT('',(7.245042153892E1,4.009313295970E1,-1.069263713708E2));
#2146=CARTESIAN_POINT('',(7.177912414695E1,4.239951265792E1,-1.036407541489E2));
#2147=CARTESIAN_POINT('',(7.142060654857E1,4.493770930715E1,-1.002913075922E2));
#2148=CARTESIAN_POINT('',(7.138123056715E1,4.766195149652E1,-9.693805059475E1));
#2150=CARTESIAN_POINT('',(7.205702851679E1,4.472060806544E1,-9.348105762254E1));
#2151=CARTESIAN_POINT('',(7.206796796618E1,4.471405913272E1,-9.348105763092E1));
#2152=CARTESIAN_POINT('',(7.208984710446E1,4.470095766019E1,-9.348118142927E1));
#2153=CARTESIAN_POINT('',(7.212268411997E1,4.468128067751E1,-9.348171887386E1));
#2154=CARTESIAN_POINT('',(7.214453294155E1,4.466818015522E1,-9.348231694824E1));
#2155=CARTESIAN_POINT('',(7.215546865177E1,4.466162053055E1,-9.348267605141E1));
#2157=CARTESIAN_POINT('',(8.085514037774E1,4.875322292757E1,-9.676994857225E1));
#2158=DIRECTION('',(-9.268827799795E-1,-3.741150342689E-1,3.043440998844E-2));
#2159=DIRECTION('',(3.282440402597E-2,-1.701331684245E-5,9.994611339171E-1));
#2160=AXIS2_PLACEMENT_3D('',#2157,#2158,#2159);
#2162=CARTESIAN_POINT('',(7.773189827822E1,5.025268743517E1,-9.822210837268E1));
#2163=CARTESIAN_POINT('',(7.768991538113E1,5.025272289494E1,-9.819266834328E1));
#2164=CARTESIAN_POINT('',(7.759935060938E1,5.024793757139E1,-9.813490111814E1));
#2165=CARTESIAN_POINT('',(7.744024229921E1,5.022192794995E1,-9.805532249607E1));
#2166=CARTESIAN_POINT('',(7.726311494166E1,5.018353116328E1,-9.797814941778E1));
#2167=CARTESIAN_POINT('',(7.706698790291E1,5.013251485469E1,-9.790310482387E1));
#2168=CARTESIAN_POINT('',(7.684984043E1,5.006889884697E1,-9.782871582514E1));
#2169=CARTESIAN_POINT('',(7.661250070175E1,4.999292508159E1,-9.775527600433E1));
#2170=CARTESIAN_POINT('',(7.635271241181E1,4.990383343876E1,-9.768213099064E1));
#2171=CARTESIAN_POINT('',(7.606854164945E1,4.980069641761E1,-9.760905956493E1));
#2172=CARTESIAN_POINT('',(7.575784880437E1,4.968236762697E1,-9.753596286326E1));
#2173=CARTESIAN_POINT('',(7.541927557907E1,4.954787804069E1,-9.746307281924E1));
#2174=CARTESIAN_POINT('',(7.505080507225E1,4.939591350798E1,-9.739058139812E1));
#2175=CARTESIAN_POINT('',(7.464992286774E1,4.922482768328E1,-9.731873801094E1));
#2176=CARTESIAN_POINT('',(7.421387033462E1,4.903272715119E1,-9.724792171459E1));
#2177=CARTESIAN_POINT('',(7.373973356522E1,4.881748143453E1,-9.717869584336E1));
#2178=CARTESIAN_POINT('',(7.322432920936E1,4.857668184701E1,-9.711176124883E1));
#2179=CARTESIAN_POINT('',(7.266379179127E1,4.830726701971E1,-9.704818811766E1));
#2180=CARTESIAN_POINT('',(7.205418492267E1,4.800622288638E1,-9.698875194003E1));
#2181=CARTESIAN_POINT('',(7.161138021489E1,4.778071415343E1,-9.695422067937E1));
#2182=CARTESIAN_POINT('',(7.138123056715E1,4.766195149652E1,-9.693805059475E1));
#2184=CARTESIAN_POINT('',(6.931409480748E1,4.630976689738E1,-9.526602004004E1));
#2185=CARTESIAN_POINT('',(6.940475542037E1,4.626062944884E1,-9.506135531319E1));
#2186=CARTESIAN_POINT('',(6.963080843250E1,4.613588440246E1,-9.467150066861E1));
#2187=CARTESIAN_POINT('',(7.011236703306E1,4.586285956765E1,-9.416388218694E1));
#2188=CARTESIAN_POINT('',(7.065685703512E1,4.554791866600E1,-9.379985243927E1));
#2189=CARTESIAN_POINT('',(7.131522670387E1,4.516220734653E1,-9.354423150460E1));
#2190=CARTESIAN_POINT('',(7.180438538446E1,4.487233539486E1,-9.348105742902E1));
#2191=CARTESIAN_POINT('',(7.205702851679E1,4.472060806544E1,-9.348105762254E1));
#2193=CARTESIAN_POINT('',(8.085514037774E1,5.150629143969E1,-9.796184360436E1));
#2194=CARTESIAN_POINT('',(8.050214403393E1,5.145405932812E1,-9.808249053774E1));
#2195=CARTESIAN_POINT('',(8.015024154259E1,5.133480709040E1,-9.817370421203E1));
#2196=CARTESIAN_POINT('',(7.983307830297E1,5.116666898727E1,-9.822962909618E1));
#2198=CARTESIAN_POINT('',(8.191466454593E1,5.146006827806E1,-9.751183588548E1));
#2199=CARTESIAN_POINT('',(8.158730173699E1,5.154206348099E1,-9.768019104545E1));
#2200=CARTESIAN_POINT('',(8.122157717938E1,5.156051221786E1,-9.783660311499E1));
#2201=CARTESIAN_POINT('',(8.085514037774E1,5.150629143969E1,-9.796184360436E1));
#2203=CARTESIAN_POINT('',(8.259329931449E1,5.081991342381E1,-9.919262609415E1));
#2204=CARTESIAN_POINT('',(8.239440419310E1,5.085063729671E1,-9.933062755065E1));
#2205=CARTESIAN_POINT('',(8.197272404171E1,5.085542675876E1,-9.960020118412E1));
#2206=CARTESIAN_POINT('',(8.133373275903E1,5.069112956418E1,-9.993914678401E1));
#2207=CARTESIAN_POINT('',(8.091989439366E1,5.047118164949E1,-1.001136666379E2));
#2208=CARTESIAN_POINT('',(8.072678494475E1,5.033985191803E1,-1.001833868636E2));
#2210=CARTESIAN_POINT('',(8.680989598794E1,4.974999999999E1,-1.036751460747E2));
#2211=CARTESIAN_POINT('',(8.513037033721E1,4.975E1,-1.024991295534E2));
#2212=CARTESIAN_POINT('',(8.369617146676E1,5.011439181032E1,-1.009737950376E2));
#2213=CARTESIAN_POINT('',(8.259329931449E1,5.081991342381E1,-9.919262609415E1));
#2215=CARTESIAN_POINT('',(8.259329931449E1,5.081991342381E1,-9.919262609415E1));
#2216=CARTESIAN_POINT('',(8.232528877007E1,5.101506214469E1,-9.864755243989E1));
#2217=CARTESIAN_POINT('',(8.209984188167E1,5.122981735011E1,-9.808746782396E1));
#2218=CARTESIAN_POINT('',(8.191466454593E1,5.146006827806E1,-9.751183588548E1));
#2220=CARTESIAN_POINT('',(8.191466454593E1,5.146006827806E1,-9.751183588548E1));
#2221=CARTESIAN_POINT('',(8.486496262531E1,5.033896335432E1,-9.738883285535E1));
#2222=CARTESIAN_POINT('',(8.813264991222E1,4.974999988056E1,-9.725259734660E1));
#2223=CARTESIAN_POINT('',(9.140246867305E1,4.975E1,-9.711627289896E1));
#2225=CARTESIAN_POINT('',(1.26E2,4.975E1,-9.4E1));
#2226=DIRECTION('',(0.E0,-1.E0,0.E0));
#2227=DIRECTION('',(-9.894771733529E-1,0.E0,-1.446890576842E-1));
#2228=AXIS2_PLACEMENT_3D('',#2225,#2226,#2227);
#2230=CARTESIAN_POINT('',(1.26E2,4.975E1,-9.4E1));
#2231=DIRECTION('',(0.E0,-1.E0,0.E0));
#2232=DIRECTION('',(0.E0,0.E0,-1.E0));
#2233=AXIS2_PLACEMENT_3D('',#2230,#2231,#2232);
#2235=CARTESIAN_POINT('',(1.26E2,4.975E1,-9.4E1));
#2236=DIRECTION('',(0.E0,-1.E0,0.E0));
#2237=DIRECTION('',(9.894771733529E-1,0.E0,1.446890576840E-1));
#2238=AXIS2_PLACEMENT_3D('',#2235,#2236,#2237);
#2240=CARTESIAN_POINT('',(1.26E2,4.975E1,-9.4E1));
#2241=DIRECTION('',(0.E0,-1.E0,0.E0));
#2242=DIRECTION('',(0.E0,0.E0,1.E0));
#2243=AXIS2_PLACEMENT_3D('',#2240,#2241,#2242);
#2245=DIRECTION('',(-4.780357485893E-1,1.739561324499E-12,8.783403799614E-1));
#2246=VECTOR('',#2245,8.148794399355E0);
#2247=CARTESIAN_POINT('',(1.184414010670E2,4.974999999992E1,-7.122133259725E1));
#2248=LINE('',#2247,#2246);
#2249=DIRECTION('',(5.735759956819E-1,4.524675805810E-12,8.191523528487E-1));
#2250=VECTOR('',#2249,1.245148513095E1);
#2251=CARTESIAN_POINT('',(1.145459860362E2,4.974999999994E1,-6.406391742829E1));
#2252=LINE('',#2251,#2250);
#2253=DIRECTION('',(8.191519650531E-1,2.906048652691E-13,-5.735765495117E-1));
#2254=VECTOR('',#2253,2.655321721200E1);
#2255=CARTESIAN_POINT('',(1.216878590179E2,4.974999999999E1,-5.386425408681E1));
#2256=LINE('',#2255,#2254);
#2257=CARTESIAN_POINT('',(1.26E2,4.975E1,-9.4E1));
#2258=DIRECTION('',(0.E0,1.E0,0.E0));
#2259=DIRECTION('',(5.735764363558E-1,0.E0,8.191520442857E-1));
#2260=AXIS2_PLACEMENT_3D('',#2257,#2258,#2259);
#2262=CARTESIAN_POINT('',(1.26E2,4.975E1,-9.4E1));
#2263=DIRECTION('',(0.E0,1.E0,0.E0));
#2264=DIRECTION('',(0.E0,0.E0,-1.E0));
#2265=AXIS2_PLACEMENT_3D('',#2262,#2263,#2264);
#2267=DIRECTION('',(-8.191521241520E-1,-3.580380276557E-13,5.735763222948E-1));
#2268=VECTOR('',#2267,2.655321801072E1);
#2269=CARTESIAN_POINT('',(1.085610209245E2,4.975E1,-1.189054432063E2));
#2270=LINE('',#2269,#2268);
#2271=DIRECTION('',(5.735764569106E-1,1.104828410875E-12,8.191520298931E-1));
#2272=VECTOR('',#2271,8.006905844511E0);
#2273=CARTESIAN_POINT('',(8.680989598794E1,4.974999999999E1,-1.036751460747E2));
#2274=LINE('',#2273,#2272);
#2275=DIRECTION('',(9.994613279682E-1,-7.062277042501E-12,-3.281849929597E-2));
#2276=VECTOR('',#2275,1.085592659805E1);
#2277=CARTESIAN_POINT('',(9.140246867305E1,4.975E1,-9.711627289896E1));
#2278=LINE('',#2277,#2276);
#2279=DIRECTION('',(-4.780364127808E-1,0.E0,8.783400184756E-1));
#2280=VECTOR('',#2279,8.148793477988E0);
#2281=CARTESIAN_POINT('',(1.158063700089E2,4.675E1,-7.265544782374E1));
#2282=LINE('',#2281,#2280);
#2283=CARTESIAN_POINT('',(1.076788049302E2,5.128731356177E1,-5.144625666081E1));
#2284=DIRECTION('',(3.876705143406E-1,-5.850954932700E-1,-7.123024891618E-1));
#2285=DIRECTION('',(0.E0,7.727316407560E-1,-6.347328661528E-1));
#2286=AXIS2_PLACEMENT_3D('',#2283,#2284,#2285);
#2288=CARTESIAN_POINT('',(1.145459700617E2,4.675E1,-6.406392717142E1));
#2289=DIRECTION('',(-4.780364127785E-1,0.E0,8.783400184768E-1));
#2290=DIRECTION('',(2.100693071346E-6,9.999999999971E-1,1.143301863256E-6));
#2291=AXIS2_PLACEMENT_3D('',#2288,#2289,#2290);
#2293=CARTESIAN_POINT('',(1.076788049302E2,5.128731356177E1,-5.144625666081E1));
#2294=DIRECTION('',(3.876705143451E-1,-5.850954932688E-1,-7.123024891603E-1));
#2295=DIRECTION('',(-8.783400184766E-1,-1.593984203888E-12,-4.780364127790E-1));
#2296=AXIS2_PLACEMENT_3D('',#2293,#2294,#2295);
#2298=CARTESIAN_POINT('',(1.085593021044E2,5.386480614732E1,-5.018877637651E1));
#2299=CARTESIAN_POINT('',(1.087331443415E2,5.397639954162E1,-5.053923812105E1));
#2300=CARTESIAN_POINT('',(1.090461984889E2,5.406090333309E1,-5.134587515181E1));
#2301=CARTESIAN_POINT('',(1.091931640182E2,5.380843844683E1,-5.216469013460E1));
#2302=CARTESIAN_POINT('',(1.092207205930E2,5.362331122080E1,-5.252589133317E1));
#2304=CARTESIAN_POINT('',(1.050437906099E2,5.128719834727E1,-5.288037643058E1));
#2305=CARTESIAN_POINT('',(1.050176155802E2,5.149353141362E1,-5.283232024078E1));
#2306=CARTESIAN_POINT('',(1.050021870963E2,5.193157022100E1,-5.270848300575E1));
#2307=CARTESIAN_POINT('',(1.051364296579E2,5.262220187745E1,-5.242687393125E1));
#2308=CARTESIAN_POINT('',(1.054605940783E2,5.327311297376E1,-5.205390924694E1));
#2309=CARTESIAN_POINT('',(1.059706655254E2,5.379641096394E1,-5.161829304486E1));
#2310=CARTESIAN_POINT('',(1.066163074654E2,5.412057405049E1,-5.116902222781E1));
#2311=CARTESIAN_POINT('',(1.073157782044E2,5.422023421901E1,-5.075824309575E1));
#2312=CARTESIAN_POINT('',(1.079878062445E2,5.412087831891E1,-5.042249231938E1));
#2313=CARTESIAN_POINT('',(1.083806494243E2,5.395934536192E1,-5.025746210127E1));
#2314=CARTESIAN_POINT('',(1.085593021044E2,5.386480614732E1,-5.018877637651E1));
#2316=CARTESIAN_POINT('',(1.163261308379E2,5.033984949906E1,-4.934226156858E1));
#2317=CARTESIAN_POINT('',(1.163266418756E2,5.047118567625E1,-4.954756664796E1));
#2318=CARTESIAN_POINT('',(1.163042185062E2,5.069112865808E1,-4.999613105620E1));
#2319=CARTESIAN_POINT('',(1.162042615726E2,5.085542798820E1,-5.071250991824E1));
#2320=CARTESIAN_POINT('',(1.160951438056E2,5.085064515003E1,-5.120095572851E1));
#2321=CARTESIAN_POINT('',(1.160335091898E2,5.081991546420E1,-5.143506250148E1));
#2323=DIRECTION('',(8.191285213977E-1,-5.647011493310E-5,-5.736100262756E-1));
#2324=VECTOR('',#2323,1.539622741211E1);
#2325=CARTESIAN_POINT('',(1.034409872790E2,5.025350143770E1,-4.018350692976E1));
#2326=LINE('',#2325,#2324);
#2327=CARTESIAN_POINT('',(1.163261308379E2,5.033984949906E1,-4.934226156858E1));
#2328=CARTESIAN_POINT('',(1.150167633625E2,5.079859152687E1,-4.914131123317E1));
#2329=CARTESIAN_POINT('',(1.123376388092E2,5.192858934980E1,-4.909854028089E1));
#2330=CARTESIAN_POINT('',(1.098009920938E2,5.321747208247E1,-4.973136594115E1));
#2331=CARTESIAN_POINT('',(1.085593021044E2,5.386480614732E1,-5.018877637651E1));
#2333=CARTESIAN_POINT('',(1.085593021044E2,5.386480614732E1,-5.018877637651E1));
#2334=CARTESIAN_POINT('',(1.068279171782E2,5.280594029396E1,-4.680614756986E1));
#2335=CARTESIAN_POINT('',(1.051202904784E2,5.161297631520E1,-4.346728312190E1));
#2336=CARTESIAN_POINT('',(1.034409872790E2,5.025350143770E1,-4.018350692976E1));
#2338=CARTESIAN_POINT('',(1.216878562596E2,4.675E1,-5.386425663343E1));
#2339=DIRECTION('',(-8.191520442890E-1,0.E0,5.735764363510E-1));
#2340=DIRECTION('',(4.055797876694E-1,7.071067811921E-1,5.792279653350E-1));
#2341=AXIS2_PLACEMENT_3D('',#2338,#2339,#2340);
#2343=CARTESIAN_POINT('',(1.163261308379E2,5.033984949906E1,-4.934226156858E1));
#2344=CARTESIAN_POINT('',(1.163259749082E2,5.032007622044E1,-4.931128698185E1));
#2345=CARTESIAN_POINT('',(1.163083557799E2,5.028912933755E1,-4.925080798813E1));
#2346=CARTESIAN_POINT('',(1.162482347566E2,5.026484091711E1,-4.917095414986E1));
#2347=CARTESIAN_POINT('',(1.161618793764E2,5.025369005098E1,-4.909318498795E1));
#2348=CARTESIAN_POINT('',(1.160908146077E2,5.025263198155E1,-4.904178208465E1));
#2349=CARTESIAN_POINT('',(1.160524762742E2,5.025263201097E1,-4.901493734016E1));
#2351=DIRECTION('',(8.191520442891E-1,-2.598317824018E-13,-5.735764363509E-1));
#2352=VECTOR('',#2351,2.655321801073E1);
#2353=CARTESIAN_POINT('',(1.229045956226E2,4.887132034358E1,-5.212657273741E1));
#2354=LINE('',#2353,#2352);
#2355=CARTESIAN_POINT('',(1.085610209245E2,4.675E1,-1.189054432063E2));
#2356=DIRECTION('',(8.191520442891E-1,0.E0,-5.735764363509E-1));
#2357=DIRECTION('',(-4.055797876709E-1,7.071067811895E-1,-5.792279653372E-1));
#2358=AXIS2_PLACEMENT_3D('',#2355,#2356,#2357);
#2360=CARTESIAN_POINT('',(1.434389790755E2,4.675E1,-6.909455679366E1));
#2361=DIRECTION('',(8.191520442894E-1,0.E0,-5.735764363505E-1));
#2362=DIRECTION('',(-2.993753393336E-12,1.E0,-4.272730317704E-12));
#2363=AXIS2_PLACEMENT_3D('',#2360,#2361,#2362);
#2365=CARTESIAN_POINT('',(1.26E2,4.887132034356E1,-9.4E1));
#2366=DIRECTION('',(0.E0,1.E0,0.E0));
#2367=DIRECTION('',(5.735764363511E-1,0.E0,8.191520442890E-1));
#2368=AXIS2_PLACEMENT_3D('',#2365,#2366,#2367);
#2370=CARTESIAN_POINT('',(1.26E2,4.887132034356E1,-9.4E1));
#2371=DIRECTION('',(0.E0,1.E0,0.E0));
#2372=DIRECTION('',(0.E0,0.E0,-1.E0));
#2373=AXIS2_PLACEMENT_3D('',#2370,#2371,#2372);
#2375=DIRECTION('',(-8.191520442890E-1,2.344105472543E-13,5.735764363511E-1));
#2376=VECTOR('',#2375,2.655321801073E1);
#2377=CARTESIAN_POINT('',(1.073442815615E2,4.887132034357E1,-1.206431271024E2));
#2378=LINE('',#2377,#2376);
#2379=CARTESIAN_POINT('',(8.680989810856E1,4.675E1,-1.036751430461E2));
#2380=DIRECTION('',(-8.191520442890E-1,0.E0,5.735764363510E-1));
#2381=DIRECTION('',(1.359505101088E-12,1.E0,1.937413192839E-12));
#2382=AXIS2_PLACEMENT_3D('',#2379,#2380,#2381);
#2384=CARTESIAN_POINT('',(7.983307830297E1,5.116666898727E1,-9.822962909618E1));
#2385=CARTESIAN_POINT('',(8.008150142692E1,5.086832548222E1,-9.889686902493E1));
#2386=CARTESIAN_POINT('',(8.037840564460E1,5.059079447262E1,-9.954785888321E1));
#2387=CARTESIAN_POINT('',(8.072678494475E1,5.033985191803E1,-1.001833868636E2));
#2389=CARTESIAN_POINT('',(8.072678494475E1,5.033985191803E1,-1.001833868636E2));
#2390=CARTESIAN_POINT('',(8.069776246637E1,5.032011655899E1,-1.001938620213E2));
#2391=CARTESIAN_POINT('',(8.063500670850E1,5.028919553607E1,-1.001980488396E2));
#2392=CARTESIAN_POINT('',(8.053809753815E1,5.026459213465E1,-1.001684087302E2));
#2393=CARTESIAN_POINT('',(8.043504893225E1,5.025363794413E1,-1.001132491374E2));
#2394=CARTESIAN_POINT('',(8.036330742712E1,5.025263148834E1,-1.000645762738E2));
#2395=CARTESIAN_POINT('',(8.032561653139E1,5.025263151718E1,-1.000381847798E2));
#2397=DIRECTION('',(-8.191616397533E-1,1.766031185746E-5,5.735627320919E-1));
#2398=VECTOR('',#2397,3.166308244057E0);
#2399=CARTESIAN_POINT('',(8.032561653139E1,5.025263151718E1,-1.000381847798E2));
#2400=LINE('',#2399,#2398);
#2401=CARTESIAN_POINT('',(7.773189827822E1,5.025268743517E1,-9.822210837268E1));
#2402=CARTESIAN_POINT('',(7.842811809952E1,5.056522426143E1,-9.822455744129E1));
#2403=CARTESIAN_POINT('',(7.912851091476E1,5.086983609793E1,-9.822707944941E1));
#2404=CARTESIAN_POINT('',(7.983307830297E1,5.116666898727E1,-9.822962909618E1));
#2406=CARTESIAN_POINT('',(1.092207205930E2,5.362331122080E1,-5.252589133317E1));
#2407=CARTESIAN_POINT('',(1.103342136309E2,5.310413025964E1,-5.205897879055E1));
#2408=CARTESIAN_POINT('',(1.125738125884E2,5.208133465989E1,-5.138727786719E1));
#2409=CARTESIAN_POINT('',(1.149093681575E2,5.118333119996E1,-5.131357680678E1));
#2410=CARTESIAN_POINT('',(1.160335091898E2,5.081991546420E1,-5.143506250148E1));
#2412=CARTESIAN_POINT('',(1.160335091898E2,5.081991546420E1,-5.143506250148E1));
#2413=CARTESIAN_POINT('',(1.180844638136E2,5.011439457262E1,-5.186222783293E1));
#2414=CARTESIAN_POINT('',(1.200083342416E2,4.974999999999E1,-5.268823817786E1));
#2415=CARTESIAN_POINT('',(1.216878590179E2,4.974999999999E1,-5.386425408681E1));
#2417=CARTESIAN_POINT('',(1.145459860362E2,4.974999999994E1,-6.406391742829E1));
#2418=CARTESIAN_POINT('',(1.135865543217E2,4.974999805464E1,-6.198515664885E1));
#2419=CARTESIAN_POINT('',(1.116679471423E2,5.042737229839E1,-5.782809661024E1));
#2420=CARTESIAN_POINT('',(1.099678006031E2,5.238208604628E1,-5.414455670378E1));
#2421=CARTESIAN_POINT('',(1.092207205930E2,5.362331122080E1,-5.252589133317E1));
#2423=DIRECTION('',(9.994613593226E-1,1.286887663865E-6,-3.281754438290E-2));
#2424=VECTOR('',#2423,1.085592659806E1);
#2425=CARTESIAN_POINT('',(9.150092131829E1,4.674998602964E1,-9.411788845350E1));
#2426=LINE('',#2425,#2424);
#2427=CARTESIAN_POINT('',(8.085514037774E1,4.875322292757E1,-9.676994857225E1));
#2428=DIRECTION('',(9.279154810665E-1,-3.715424167943E-1,-3.048101900865E-2));
#2429=DIRECTION('',(3.531578843215E-1,9.022885648430E-1,-2.472950757601E-1));
#2430=AXIS2_PLACEMENT_3D('',#2427,#2428,#2429);
#2432=CARTESIAN_POINT('',(9.140246868512E1,4.675E1,-9.711627253137E1));
#2433=DIRECTION('',(-9.994613593232E-1,0.E0,3.281754439195E-2));
#2434=DIRECTION('',(3.281754439195E-2,0.E0,9.994613593232E-1));
#2435=AXIS2_PLACEMENT_3D('',#2432,#2433,#2434);
#2437=CARTESIAN_POINT('',(1.000279966644E2,4.864208796373E1,-3.582778777565E1));
#2438=CARTESIAN_POINT('',(9.993510981164E1,4.857644457945E1,-3.568261472250E1));
#2439=CARTESIAN_POINT('',(9.970330603689E1,4.845784852998E1,-3.540651143911E1));
#2440=CARTESIAN_POINT('',(9.920176867280E1,4.828803688140E1,-3.505554028363E1));
#2441=CARTESIAN_POINT('',(9.878851254301E1,4.817089319653E1,-3.489783598751E1));
#2442=CARTESIAN_POINT('',(9.856617970314E1,4.810077495138E1,-3.483829079628E1));
#2444=CARTESIAN_POINT('',(9.856617970314E1,4.810077495138E1,-3.483829079628E1));
#2445=CARTESIAN_POINT('',(9.830296570363E1,4.801776380578E1,-3.476779681104E1));
#2446=CARTESIAN_POINT('',(9.777599257490E1,4.782919948117E1,-3.469196963587E1));
#2447=CARTESIAN_POINT('',(9.707659214761E1,4.745512299623E1,-3.469094352779E1));
#2448=CARTESIAN_POINT('',(9.643109603430E1,4.693949979857E1,-3.478637099968E1));
#2449=CARTESIAN_POINT('',(9.611250343262E1,4.654086054434E1,-3.488750108016E1));
#2450=CARTESIAN_POINT('',(9.597860168705E1,4.632836959101E1,-3.494105508260E1));
#2452=CARTESIAN_POINT('',(9.597860168705E1,4.632836959101E1,-3.494105508260E1));
#2453=CARTESIAN_POINT('',(9.599905058591E1,4.599958268870E1,-3.480796362909E1));
#2454=CARTESIAN_POINT('',(9.605746103469E1,4.532875302720E1,-3.454604273686E1));
#2455=CARTESIAN_POINT('',(9.619736708176E1,4.428620576192E1,-3.416695541426E1));
#2456=CARTESIAN_POINT('',(9.632603812226E1,4.356658783958E1,-3.392471066282E1));
#2457=CARTESIAN_POINT('',(9.639966223170E1,4.320111986208E1,-3.380688745831E1));
#2459=DIRECTION('',(0.E0,1.E0,0.E0));
#2460=VECTOR('',#2459,3.268108642551E1);
#2461=CARTESIAN_POINT('',(7.1E1,2.995132068529E1,-5.8375E1));
#2462=LINE('',#2461,#2460);
#2463=CARTESIAN_POINT('',(7.1E1,2.995132068529E1,-5.35E1));
#2464=DIRECTION('',(0.E0,-1.E0,0.E0));
#2465=DIRECTION('',(0.E0,0.E0,-1.E0));
#2466=AXIS2_PLACEMENT_3D('',#2463,#2464,#2465);
#2468=CARTESIAN_POINT('',(7.1E1,2.995132068529E1,-5.35E1));
#2469=DIRECTION('',(0.E0,-1.E0,0.E0));
#2470=DIRECTION('',(0.E0,0.E0,1.E0));
#2471=AXIS2_PLACEMENT_3D('',#2468,#2469,#2470);
#2473=CARTESIAN_POINT('',(7.1E1,2.995132068529E1,-5.35E1));
#2474=DIRECTION('',(0.E0,-1.E0,0.E0));
#2475=DIRECTION('',(0.E0,0.E0,-1.E0));
#2476=AXIS2_PLACEMENT_3D('',#2473,#2474,#2475);
#2478=CARTESIAN_POINT('',(7.1E1,2.995132068529E1,-5.35E1));
#2479=DIRECTION('',(0.E0,-1.E0,0.E0));
#2480=DIRECTION('',(0.E0,0.E0,1.E0));
#2481=AXIS2_PLACEMENT_3D('',#2478,#2479,#2480);
#2483=DIRECTION('',(0.E0,1.E0,-2.288751793689E-10));
#2484=VECTOR('',#2483,3.055571967973E1);
#2485=CARTESIAN_POINT('',(7.1E1,2.995132068529E1,-4.8625E1));
#2486=LINE('',#2485,#2484);
#2487=DIRECTION('',(-3.394635424918E-9,-7.071067811865E-1,7.071067811866E-1));
#2488=VECTOR('',#2487,7.071067671007E-1);
#2489=CARTESIAN_POINT('',(7.100000000650E1,2.995132065830E1,-5.664999997301E1));
#2490=LINE('',#2489,#2488);
#2491=DIRECTION('',(3.394635424918E-9,-7.071067811865E-1,-7.071067811865E-1));
#2492=VECTOR('',#2491,7.071067671007E-1);
#2493=CARTESIAN_POINT('',(7.099999999350E1,2.995132065830E1,-5.035000002699E1));
#2494=LINE('',#2493,#2492);
#2495=CARTESIAN_POINT('',(7.1E1,2.945132068529E1,-5.35E1));
#2496=DIRECTION('',(0.E0,-1.E0,0.E0));
#2497=DIRECTION('',(0.E0,0.E0,1.E0));
#2498=AXIS2_PLACEMENT_3D('',#2495,#2496,#2497);
#2500=DIRECTION('',(-1.038602938553E-9,1.E0,-4.309639525343E-9));
#2501=VECTOR('',#2500,3.951320668261E0);
#2502=CARTESIAN_POINT('',(7.1E1,2.55E1,-5.085E1));
#2503=LINE('',#2502,#2501);
#2504=CARTESIAN_POINT('',(7.1E1,2.945132068529E1,-5.35E1));
#2505=DIRECTION('',(0.E0,-1.E0,0.E0));
#2506=DIRECTION('',(0.E0,0.E0,-1.E0));
#2507=AXIS2_PLACEMENT_3D('',#2504,#2505,#2506);
#2509=DIRECTION('',(1.038602938553E-9,1.E0,4.309637727102E-9));
#2510=VECTOR('',#2509,3.951320668261E0);
#2511=CARTESIAN_POINT('',(7.1E1,2.55E1,-5.615E1));
#2512=LINE('',#2511,#2510);
#2513=DIRECTION('',(1.264086689163E-14,1.E0,-2.422832820895E-14));
#2514=VECTOR('',#2513,1.349039255333E1);
#2515=CARTESIAN_POINT('',(8.745396309039E1,2.995132068529E1,-2.249011961775E1));
#2516=LINE('',#2515,#2514);
#2517=CARTESIAN_POINT('',(8.745396309039E1,2.995132068529E1,-2.736511961775E1));
#2518=DIRECTION('',(0.E0,-1.E0,0.E0));
#2519=DIRECTION('',(0.E0,0.E0,1.E0));
#2520=AXIS2_PLACEMENT_3D('',#2517,#2518,#2519);
#2522=CARTESIAN_POINT('',(8.745396309039E1,2.995132068529E1,-2.736511961775E1));
#2523=DIRECTION('',(0.E0,-1.E0,0.E0));
#2524=DIRECTION('',(0.E0,0.E0,-1.E0));
#2525=AXIS2_PLACEMENT_3D('',#2522,#2523,#2524);
#2527=CARTESIAN_POINT('',(8.745396309039E1,2.995132068529E1,-2.736511961775E1));
#2528=DIRECTION('',(0.E0,-1.E0,0.E0));
#2529=DIRECTION('',(0.E0,0.E0,-1.E0));
#2530=AXIS2_PLACEMENT_3D('',#2527,#2528,#2529);
#2532=CARTESIAN_POINT('',(8.745396309039E1,2.995132068529E1,-2.736511961775E1));
#2533=DIRECTION('',(0.E0,-1.E0,0.E0));
#2534=DIRECTION('',(0.E0,0.E0,1.E0));
#2535=AXIS2_PLACEMENT_3D('',#2532,#2533,#2534);
#2537=DIRECTION('',(0.E0,1.E0,-4.036211263038E-14));
#2538=VECTOR('',#2537,2.147712498515E1);
#2539=CARTESIAN_POINT('',(8.745396309039E1,2.995132068529E1,-3.224011961775E1));
#2540=LINE('',#2539,#2538);
#2541=DIRECTION('',(-3.394615327735E-9,-7.071067811866E-1,7.071067811865E-1));
#2542=VECTOR('',#2541,7.071067671007E-1);
#2543=CARTESIAN_POINT('',(8.745396309689E1,2.995132065830E1,-3.051511959076E1));
#2544=LINE('',#2543,#2542);
#2545=DIRECTION('',(3.394635424918E-9,-7.071067811865E-1,-7.071067811865E-1));
#2546=VECTOR('',#2545,7.071067671007E-1);
#2547=CARTESIAN_POINT('',(8.745396308389E1,2.995132065830E1,-2.421511964474E1));
#2548=LINE('',#2547,#2546);
#2549=CARTESIAN_POINT('',(8.745396309039E1,2.945132068529E1,-2.736511961775E1));
#2550=DIRECTION('',(0.E0,-1.E0,0.E0));
#2551=DIRECTION('',(0.E0,0.E0,1.E0));
#2552=AXIS2_PLACEMENT_3D('',#2549,#2550,#2551);
#2554=DIRECTION('',(-1.038602938553E-9,1.E0,-4.309640424464E-9));
#2555=VECTOR('',#2554,3.951320668261E0);
#2556=CARTESIAN_POINT('',(8.745396309039E1,2.55E1,-2.471511961775E1));
#2557=LINE('',#2556,#2555);
#2558=CARTESIAN_POINT('',(8.745396309039E1,2.945132068529E1,-2.736511961775E1));
#2559=DIRECTION('',(0.E0,-1.E0,0.E0));
#2560=DIRECTION('',(0.E0,0.E0,-1.E0));
#2561=AXIS2_PLACEMENT_3D('',#2558,#2559,#2560);
#2563=DIRECTION('',(1.038599342070E-9,1.E0,4.309637727102E-9));
#2564=VECTOR('',#2563,3.951320668261E0);
#2565=CARTESIAN_POINT('',(8.745396309039E1,2.55E1,-3.001511961775E1));
#2566=LINE('',#2565,#2564);
#2567=DIRECTION('',(-3.394615327735E-9,-7.071067811865E-1,7.071067811866E-1));
#2568=VECTOR('',#2567,7.071067671007E-1);
#2569=CARTESIAN_POINT('',(7.500000000650E1,2.995132065830E1,-2.179476075429E1));
#2570=LINE('',#2569,#2568);
#2571=DIRECTION('',(3.394635424918E-9,-7.071067811865E-1,-7.071067811865E-1));
#2572=VECTOR('',#2571,7.071067671007E-1);
#2573=CARTESIAN_POINT('',(7.499999999350E1,2.995132065830E1,-1.549476080827E1));
#2574=LINE('',#2573,#2572);
#2575=CARTESIAN_POINT('',(7.5E1,2.945132068529E1,-1.864476078128E1));
#2576=DIRECTION('',(0.E0,-1.E0,0.E0));
#2577=DIRECTION('',(0.E0,0.E0,1.E0));
#2578=AXIS2_PLACEMENT_3D('',#2575,#2576,#2577);
#2580=DIRECTION('',(-1.038602938553E-9,1.E0,-4.309639974903E-9));
#2581=VECTOR('',#2580,3.951320668261E0);
#2582=CARTESIAN_POINT('',(7.5E1,2.55E1,-1.599476078128E1));
#2583=LINE('',#2582,#2581);
#2584=CARTESIAN_POINT('',(7.5E1,2.945132068529E1,-1.864476078128E1));
#2585=DIRECTION('',(0.E0,-1.E0,0.E0));
#2586=DIRECTION('',(0.E0,0.E0,-1.E0));
#2587=AXIS2_PLACEMENT_3D('',#2584,#2585,#2586);
#2589=DIRECTION('',(1.038602938553E-9,1.E0,4.309638626222E-9));
#2590=VECTOR('',#2589,3.951320668261E0);
#2591=CARTESIAN_POINT('',(7.5E1,2.55E1,-2.129476078128E1));
#2592=LINE('',#2591,#2590);
#2593=CARTESIAN_POINT('',(8.190699702901E1,2.55E1,-5.7E1));
#2594=CARTESIAN_POINT('',(8.155584998784E1,2.55E1,-5.756195273476E1));
#2595=CARTESIAN_POINT('',(8.122388048134E1,2.564558133759E1,-5.809321499860E1));
#2596=CARTESIAN_POINT('',(8.091360610739E1,2.595585571153E1,-5.858975779270E1));
#2598=CARTESIAN_POINT('',(8.091360610739E1,2.595585571153E1,-5.858975779270E1));
#2599=CARTESIAN_POINT('',(8.079992540167E1,2.606953641725E1,-5.877168495135E1));
#2600=CARTESIAN_POINT('',(8.052706781369E1,2.634213935722E1,-5.914073166566E1));
#2601=CARTESIAN_POINT('',(7.980310698055E1,2.706669167255E1,-5.967351516698E1));
#2602=CARTESIAN_POINT('',(7.920663130023E1,2.766262194893E1,-5.990730970144E1));
#2603=CARTESIAN_POINT('',(7.865787060960E1,2.821159120930E1,-6.000000000022E1));
#2604=CARTESIAN_POINT('',(7.836946181741E1,2.850000000149E1,-6.E1));
#2606=DIRECTION('',(-1.E0,-1.202156199733E-10,0.E0));
#2607=VECTOR('',#2606,1.236946181741E1);
#2608=CARTESIAN_POINT('',(7.836946181741E1,2.850000000149E1,-6.E1));
#2609=LINE('',#2608,#2607);
#2610=DIRECTION('',(1.E0,0.E0,-1.349106886917E-14));
#2611=VECTOR('',#2610,1.790699702901E1);
#2612=CARTESIAN_POINT('',(6.4E1,2.55E1,-5.7E1));
#2613=LINE('',#2612,#2611);
#2614=DIRECTION('',(-2.129273434070E-11,1.E0,-3.406659200735E-11));
#2615=VECTOR('',#2614,3.188188604071E1);
#2616=CARTESIAN_POINT('',(8.091360610739E1,2.595585571153E1,-5.858975779270E1));
#2617=LINE('',#2616,#2615);
#2618=DIRECTION('',(5.907045251725E-10,-1.E0,0.E0));
#2619=VECTOR('',#2618,2.941273152139E1);
#2620=CARTESIAN_POINT('',(7.836946180004E1,5.791273152288E1,-6.E1));
#2621=LINE('',#2620,#2619);
#2622=CARTESIAN_POINT('',(7.836946180004E1,5.791273152288E1,-6.E1));
#2623=CARTESIAN_POINT('',(7.862553792670E1,5.792588321424E1,-6.000000000039E1));
#2624=CARTESIAN_POINT('',(7.913568840713E1,5.794387969260E1,-5.993364127603E1));
#2625=CARTESIAN_POINT('',(7.984100427781E1,5.795115896710E1,-5.965096818402E1));
#2626=CARTESIAN_POINT('',(8.045970401671E1,5.792311558002E1,-5.919672476618E1));
#2627=CARTESIAN_POINT('',(8.078030545848E1,5.787119914633E1,-5.880308342390E1));
#2628=CARTESIAN_POINT('',(8.091360610671E1,5.783774175224E1,-5.858975779379E1));
#2630=CARTESIAN_POINT('',(8.091360610671E1,5.783774175224E1,-5.858975779379E1));
#2631=CARTESIAN_POINT('',(8.092648308220E1,5.819109605280E1,-5.856915032532E1));
#2632=CARTESIAN_POINT('',(8.106337535261E1,5.895473151141E1,-5.859276605545E1));
#2633=CARTESIAN_POINT('',(8.168766882894E1,6.002149723169E1,-5.889636269309E1));
#2634=CARTESIAN_POINT('',(8.262156590160E1,6.070648222544E1,-5.942438013785E1));
#2635=CARTESIAN_POINT('',(8.327564691419E1,6.083168271014E1,-5.982294270579E1));
#2636=CARTESIAN_POINT('',(8.357596761919E1,6.083041160765E1,-6.001070698545E1));
#2638=CARTESIAN_POINT('',(8.357596761919E1,6.083041160765E1,-6.001070698545E1));
#2639=CARTESIAN_POINT('',(8.333831579576E1,6.086105643527E1,-6.038755577806E1));
#2640=CARTESIAN_POINT('',(8.279356121775E1,6.090942331108E1,-6.108287324207E1));
#2641=CARTESIAN_POINT('',(8.183227447169E1,6.094689456117E1,-6.191785903704E1));
#2642=CARTESIAN_POINT('',(8.073416411595E1,6.095507692198E1,-6.256105242487E1));
#2643=CARTESIAN_POINT('',(7.952809060363E1,6.093894673358E1,-6.297914422117E1));
#2644=CARTESIAN_POINT('',(7.870872550960E1,6.092009345535E1,-6.308672161499E1));
#2645=CARTESIAN_POINT('',(7.830053442261E1,6.091032263223E1,-6.309843844268E1));
#2647=CARTESIAN_POINT('',(7.077968261892E1,6.053104795883E1,-6.331464556549E1));
#2648=CARTESIAN_POINT('',(7.073455970152E1,6.055394680114E1,-6.306652435612E1));
#2649=CARTESIAN_POINT('',(7.065206077991E1,6.053741176575E1,-6.255280277718E1));
#2650=CARTESIAN_POINT('',(7.054910856922E1,6.032419579062E1,-6.182501357308E1));
#2651=CARTESIAN_POINT('',(7.047516419527E1,5.993983711808E1,-6.116965760182E1));
#2652=CARTESIAN_POINT('',(7.043500710198E1,5.940810169093E1,-6.063013037926E1));
#2653=CARTESIAN_POINT('',(7.043008107485E1,5.876690434492E1,-6.023870980651E1));
#2654=CARTESIAN_POINT('',(7.045088876747E1,5.828537639010E1,-6.008987795763E1));
#2655=CARTESIAN_POINT('',(7.046600689762E1,5.804470904348E1,-6.004678813097E1));
#2657=CARTESIAN_POINT('',(7.046600689762E1,5.804470904348E1,-6.004678813097E1));
#2658=CARTESIAN_POINT('',(7.047722559546E1,5.787077009988E1,-6.001564152406E1));
#2659=CARTESIAN_POINT('',(7.048855614267E1,5.769520322802E1,-5.999999999999E1));
#2660=CARTESIAN_POINT('',(7.049999995574E1,5.751799274044E1,-6.E1));
#2662=CARTESIAN_POINT('',(7.836946180004E1,5.791273152288E1,-6.E1));
#2663=CARTESIAN_POINT('',(7.836138931009E1,5.826379702712E1,-6.000000026958E1));
#2664=CARTESIAN_POINT('',(7.834392994025E1,5.902308962813E1,-6.012626726674E1));
#2665=CARTESIAN_POINT('',(7.831939683727E1,6.009001277711E1,-6.080852336628E1));
#2666=CARTESIAN_POINT('',(7.830348667922E1,6.078193158089E1,-6.187593844495E1));
#2667=CARTESIAN_POINT('',(7.830049728157E1,6.091193786336E1,-6.264403545872E1));
#2668=CARTESIAN_POINT('',(7.830049728157E1,6.091193786336E1,-6.3E1));
#2670=CARTESIAN_POINT('',(7.830049728157E1,6.091193786336E1,-6.3E1));
#2671=CARTESIAN_POINT('',(7.830049728157E1,6.091193786336E1,-6.303304071626E1));
#2672=CARTESIAN_POINT('',(7.830050983654E1,6.091139185905E1,-6.306586139961E1));
#2673=CARTESIAN_POINT('',(7.830053442261E1,6.091032263223E1,-6.309843844268E1));
#2675=CARTESIAN_POINT('',(6.8E1,5.760621767375E1,-6.250779776451E1));
#2676=CARTESIAN_POINT('',(6.800000001546E1,5.765754660305E1,-6.221971691165E1));
#2677=CARTESIAN_POINT('',(6.810531656813E1,5.776828643773E1,-6.159819488976E1));
#2678=CARTESIAN_POINT('',(6.866815487919E1,5.792320680135E1,-6.072871295709E1));
#2679=CARTESIAN_POINT('',(6.954359573498E1,5.802403318353E1,-6.016283022152E1));
#2680=CARTESIAN_POINT('',(7.017341605323E1,5.804401111177E1,-6.005070523571E1));
#2681=CARTESIAN_POINT('',(7.046600689762E1,5.804470904348E1,-6.004678813097E1));
#2683=CARTESIAN_POINT('',(7.05E1,5.751799203737E1,-6.25E1));
#2684=DIRECTION('',(0.E0,1.E0,0.E0));
#2685=DIRECTION('',(-1.E0,0.E0,3.591932227209E-8));
#2686=AXIS2_PLACEMENT_3D('',#2683,#2684,#2685);
#2688=CARTESIAN_POINT('',(6.8E1,5.751799203741E1,-6.249999967879E1));
#2689=CARTESIAN_POINT('',(6.8E1,5.754767511047E1,-6.249999969277E1));
#2690=CARTESIAN_POINT('',(6.8E1,5.757708285780E1,-6.250260666284E1));
#2691=CARTESIAN_POINT('',(6.8E1,5.760621767375E1,-6.250779776451E1));
#2693=CARTESIAN_POINT('',(6.8E1,5.760621767375E1,-6.250779776451E1));
#2694=CARTESIAN_POINT('',(6.8E1,5.750778331921E1,-6.350495355970E1));
#2695=CARTESIAN_POINT('',(6.8E1,5.738802621324E1,-6.450243110605E1));
#2696=CARTESIAN_POINT('',(6.8E1,5.724641799838E1,-6.550000001058E1));
#2698=DIRECTION('',(-1.141046437212E-9,-1.E0,2.526739868079E-14));
#2699=VECTOR('',#2698,2.474641791853E1);
#2700=CARTESIAN_POINT('',(7.050000002822E1,5.724641791855E1,-6.8E1));
#2701=LINE('',#2700,#2699);
#2702=CARTESIAN_POINT('',(7.049999999999E1,3.250000000002E1,-6.8E1));
#2703=CARTESIAN_POINT('',(7.034236832984E1,3.276994475327E1,-6.8E1));
#2704=CARTESIAN_POINT('',(7.003723151629E1,3.328403827427E1,-6.796990154034E1));
#2705=CARTESIAN_POINT('',(6.962875358925E1,3.397661677731E1,-6.785530659689E1));
#2706=CARTESIAN_POINT('',(6.926126982931E1,3.459415496670E1,-6.768368577007E1));
#2707=CARTESIAN_POINT('',(6.893514844554E1,3.513690865316E1,-6.746264519189E1));
#2708=CARTESIAN_POINT('',(6.864997901487E1,3.560397223336E1,-6.719654561314E1));
#2709=CARTESIAN_POINT('',(6.840772687058E1,3.598818229426E1,-6.688715466791E1));
#2710=CARTESIAN_POINT('',(6.821369293760E1,3.628105362396E1,-6.653822007710E1));
#2711=CARTESIAN_POINT('',(6.807613359292E1,3.646232507316E1,-6.615407756808E1));
#2712=CARTESIAN_POINT('',(6.802941416714E1,3.650073478856E1,-6.590240853394E1));
#2713=CARTESIAN_POINT('',(6.801548002500E1,3.65E1,-6.577777777778E1));
#2715=DIRECTION('',(-3.356395697317E-14,1.E0,-4.535696149611E-10));
#2716=VECTOR('',#2715,2.074641799838E1);
#2717=CARTESIAN_POINT('',(6.8E1,3.65E1,-6.550000000117E1));
#2718=LINE('',#2717,#2716);
#2719=CARTESIAN_POINT('',(7.049999999999E1,3.250000000002E1,-6.8E1));
#2720=CARTESIAN_POINT('',(7.021753839800E1,3.263206532943E1,-6.8E1));
#2721=CARTESIAN_POINT('',(6.967869106819E1,3.288776324436E1,-6.797358231115E1));
#2722=CARTESIAN_POINT('',(6.895068251759E1,3.322907563596E1,-6.787302929917E1));
#2723=CARTESIAN_POINT('',(6.829683194602E1,3.353451218796E1,-6.772254169197E1));
#2724=CARTESIAN_POINT('',(6.771518920695E1,3.380338003995E1,-6.752878503997E1));
#2725=CARTESIAN_POINT('',(6.720445068511E1,3.403556466607E1,-6.729553321875E1));
#2726=CARTESIAN_POINT('',(6.676807488738E1,3.422917059297E1,-6.702360691594E1));
#2727=CARTESIAN_POINT('',(6.641194793723E1,3.437937151673E1,-6.671394426419E1));
#2728=CARTESIAN_POINT('',(6.614960824082E1,3.447767796258E1,-6.636494309790E1));
#2729=CARTESIAN_POINT('',(6.605594616844E1,3.45E1,-6.612250417358E1));
#2730=CARTESIAN_POINT('',(6.602786404500E1,3.45E1,-6.6E1));
#2732=CARTESIAN_POINT('',(6.602786404500E1,3.65E1,-6.6E1));
#2733=DIRECTION('',(-1.111111111111E-1,0.E0,9.938079899999E-1));
#2734=DIRECTION('',(0.E0,-1.E0,0.E0));
#2735=AXIS2_PLACEMENT_3D('',#2732,#2733,#2734);
#2737=DIRECTION('',(-1.E0,-4.702213926888E-12,0.E0));
#2738=VECTOR('',#2737,4.499999999987E0);
#2739=CARTESIAN_POINT('',(7.049999999999E1,3.250000000002E1,-6.8E1));
#2740=LINE('',#2739,#2738);
#2741=DIRECTION('',(1.E0,-8.925120438015E-12,1.173015828996E-11));
#2742=VECTOR('',#2741,2.786404500009E-2);
#2743=CARTESIAN_POINT('',(6.6E1,3.45E1,-6.6E1));
#2744=LINE('',#2743,#2742);
#2745=CARTESIAN_POINT('',(6.6E1,3.25E1,-7.E1));
#2746=DIRECTION('',(0.E0,-1.E0,0.E0));
#2747=DIRECTION('',(0.E0,0.E0,1.E0));
#2748=AXIS2_PLACEMENT_3D('',#2745,#2746,#2747);
#2750=CARTESIAN_POINT('',(6.6E1,3.65E1,-6.6E1));
#2751=DIRECTION('',(0.E0,0.E0,1.E0));
#2752=DIRECTION('',(-1.E0,0.E0,0.E0));
#2753=AXIS2_PLACEMENT_3D('',#2750,#2751,#2752);
#2755=CARTESIAN_POINT('',(6.6E1,3.25E1,-6.6E1));
#2756=DIRECTION('',(-1.E0,0.E0,0.E0));
#2757=DIRECTION('',(0.E0,1.E0,0.E0));
#2758=AXIS2_PLACEMENT_3D('',#2755,#2756,#2757);
#2760=DIRECTION('',(0.E0,0.E0,1.E0));
#2761=VECTOR('',#2760,4.E0);
#2762=CARTESIAN_POINT('',(6.4E1,3.65E1,-6.6E1));
#2763=LINE('',#2762,#2761);
#2764=DIRECTION('',(0.E0,0.E0,-1.E0));
#2765=VECTOR('',#2764,5.E-1);
#2766=CARTESIAN_POINT('',(6.6E1,3.45E1,-6.2E1));
#2767=LINE('',#2766,#2765);
#2768=DIRECTION('',(0.E0,0.E0,-1.E0));
#2769=VECTOR('',#2768,3.000000023622E0);
#2770=CARTESIAN_POINT('',(6.8E1,3.65E1,-6.249999997755E1));
#2771=LINE('',#2770,#2769);
#2772=DIRECTION('',(0.E0,0.E0,-1.E0));
#2773=VECTOR('',#2772,5.E-1);
#2774=CARTESIAN_POINT('',(6.6E1,3.45E1,-6.55E1));
#2775=LINE('',#2774,#2773);
#2776=CARTESIAN_POINT('',(6.6E1,3.25E1,-5.8E1));
#2777=DIRECTION('',(0.E0,-1.E0,0.E0));
#2778=DIRECTION('',(-1.E0,0.E0,0.E0));
#2779=AXIS2_PLACEMENT_3D('',#2776,#2777,#2778);
#2781=CARTESIAN_POINT('',(6.6E1,3.25E1,-6.2E1));
#2782=DIRECTION('',(-1.E0,0.E0,0.E0));
#2783=DIRECTION('',(0.E0,0.E0,1.E0));
#2784=AXIS2_PLACEMENT_3D('',#2781,#2782,#2783);
#2786=CARTESIAN_POINT('',(6.6E1,3.65E1,-6.2E1));
#2787=DIRECTION('',(0.E0,0.E0,-1.E0));
#2788=DIRECTION('',(0.E0,-1.E0,0.E0));
#2789=AXIS2_PLACEMENT_3D('',#2786,#2787,#2788);
#2791=DIRECTION('',(0.E0,1.E0,0.E0));
#2792=VECTOR('',#2791,4.E0);
#2793=CARTESIAN_POINT('',(6.6E1,2.85E1,-6.E1));
#2794=LINE('',#2793,#2792);
#2795=DIRECTION('',(0.E0,-1.E0,5.827168171475E-14));
#2796=VECTOR('',#2795,6.828427124748E0);
#2797=CARTESIAN_POINT('',(6.4E1,3.25E1,-5.8E1));
#2798=LINE('',#2797,#2796);
#2799=CARTESIAN_POINT('',(6.4E1,2.567157287525E1,-5.8E1));
#2800=CARTESIAN_POINT('',(6.4E1,2.570207786951E1,-5.808628115321E1));
#2801=CARTESIAN_POINT('',(6.401125242417E1,2.577290894674E1,-5.826130225024E1));
#2802=CARTESIAN_POINT('',(6.406348302419E1,2.590991228025E1,-5.852388986993E1));
#2803=CARTESIAN_POINT('',(6.415377486806E1,2.608252340800E1,-5.878630520259E1));
#2804=CARTESIAN_POINT('',(6.428630003586E1,2.629623818967E1,-5.904535455701E1));
#2805=CARTESIAN_POINT('',(6.446414797076E1,2.655467563981E1,-5.929377390813E1));
#2806=CARTESIAN_POINT('',(6.469013087297E1,2.686147111869E1,-5.952335564902E1));
#2807=CARTESIAN_POINT('',(6.496461321135E1,2.721747374625E1,-5.972283785881E1));
#2808=CARTESIAN_POINT('',(6.528345847897E1,2.761869183649E1,-5.987880041049E1));
#2809=CARTESIAN_POINT('',(6.563379070957E1,2.805148131696E1,-5.997740548008E1));
#2810=CARTESIAN_POINT('',(6.587667704004E1,2.834896083727E1,-6.E1));
#2811=CARTESIAN_POINT('',(6.6E1,2.85E1,-6.E1));
#2813=CARTESIAN_POINT('',(7.836946180004E1,5.791273152288E1,-6.E1));
#2814=CARTESIAN_POINT('',(7.573316194666E1,5.785211179886E1,-6.000000000001E1));
#2815=CARTESIAN_POINT('',(7.311002211336E1,5.772045611062E1,-6.E1));
#2816=CARTESIAN_POINT('',(7.049999995574E1,5.751799274044E1,-6.E1));
#2818=DIRECTION('',(0.E0,-1.E0,-1.421455784343E-8));
#2819=VECTOR('',#2818,2.101799203741E1);
#2820=CARTESIAN_POINT('',(6.8E1,5.751799203741E1,-6.249999967879E1));
#2821=LINE('',#2820,#2819);
#2822=CARTESIAN_POINT('',(6.801548002500E1,3.65E1,-6.222222222222E1));
#2823=CARTESIAN_POINT('',(6.802951302947E1,3.650055824166E1,-6.209670721450E1));
#2824=CARTESIAN_POINT('',(6.807673841926E1,3.646166547115E1,-6.184358162984E1));
#2825=CARTESIAN_POINT('',(6.821461968916E1,3.627940340777E1,-6.145956407582E1));
#2826=CARTESIAN_POINT('',(6.841028408598E1,3.598490387528E1,-6.110892183874E1));
#2827=CARTESIAN_POINT('',(6.865244487346E1,3.559947897434E1,-6.080083651475E1));
#2828=CARTESIAN_POINT('',(6.893802211950E1,3.513246129412E1,-6.053509064417E1));
#2829=CARTESIAN_POINT('',(6.926343251664E1,3.459041317234E1,-6.031515841735E1));
#2830=CARTESIAN_POINT('',(6.963046287784E1,3.397378360562E1,-6.014409615332E1));
#2831=CARTESIAN_POINT('',(7.003820537605E1,3.328232713797E1,-6.002997203490E1));
#2832=CARTESIAN_POINT('',(7.034270913480E1,3.276932798738E1,-6.E1));
#2833=CARTESIAN_POINT('',(7.05E1,3.25E1,-6.E1));
#2835=DIRECTION('',(-1.769016762927E-9,1.E0,3.124139564054E-14));
#2836=VECTOR('',#2835,2.501799274044E1);
#2837=CARTESIAN_POINT('',(7.05E1,3.25E1,-6.E1));
#2838=LINE('',#2837,#2836);
#2839=CARTESIAN_POINT('',(7.05E1,3.65E1,-6.25E1));
#2840=DIRECTION('',(0.E0,-1.E0,0.E0));
#2841=DIRECTION('',(-9.938079899998E-1,0.E0,1.111111111120E-1));
#2842=AXIS2_PLACEMENT_3D('',#2839,#2840,#2841);
#2844=CARTESIAN_POINT('',(6.6E1,3.65E1,-6.25E1));
#2845=DIRECTION('',(0.E0,0.E0,-1.E0));
#2846=DIRECTION('',(1.E0,0.E0,0.E0));
#2847=AXIS2_PLACEMENT_3D('',#2844,#2845,#2846);
#2849=CARTESIAN_POINT('',(6.602786404500E1,3.65E1,-6.2E1));
#2850=DIRECTION('',(-1.111111111111E-1,0.E0,-9.938079899999E-1));
#2851=DIRECTION('',(9.938079899999E-1,0.E0,-1.111111111111E-1));
#2852=AXIS2_PLACEMENT_3D('',#2849,#2850,#2851);
#2854=DIRECTION('',(-1.E0,-2.142028905116E-11,-4.590061939534E-12));
#2855=VECTOR('',#2854,2.786404500019E-2);
#2856=CARTESIAN_POINT('',(6.602786404500E1,3.45E1,-6.2E1));
#2857=LINE('',#2856,#2855);
#2858=DIRECTION('',(1.E0,0.E0,0.E0));
#2859=VECTOR('',#2858,4.499999999999E0);
#2860=CARTESIAN_POINT('',(6.6E1,3.25E1,-6.E1));
#2861=LINE('',#2860,#2859);
#2862=CARTESIAN_POINT('',(7.05E1,3.25E1,-6.E1));
#2863=CARTESIAN_POINT('',(7.021755769095E1,3.263204113268E1,-6.E1));
#2864=CARTESIAN_POINT('',(6.967874482902E1,3.288770269160E1,-6.002640694177E1));
#2865=CARTESIAN_POINT('',(6.895078441193E1,3.322902302423E1,-6.012694998407E1));
#2866=CARTESIAN_POINT('',(6.829695204870E1,3.353445248437E1,-6.027742368764E1));
#2867=CARTESIAN_POINT('',(6.771530409441E1,3.380331351777E1,-6.047115956078E1));
#2868=CARTESIAN_POINT('',(6.720454588185E1,3.403550954697E1,-6.070439838833E1));
#2869=CARTESIAN_POINT('',(6.676818269405E1,3.422914607355E1,-6.097635254277E1));
#2870=CARTESIAN_POINT('',(6.641197171374E1,3.437934130090E1,-6.128597585582E1));
#2871=CARTESIAN_POINT('',(6.614962775391E1,3.447767615887E1,-6.163502774179E1));
#2872=CARTESIAN_POINT('',(6.605595103056E1,3.45E1,-6.187748499324E1));
#2873=CARTESIAN_POINT('',(6.602786404500E1,3.45E1,-6.2E1));
#2875=CARTESIAN_POINT('',(7.05E1,3.45E1,-6.25E1));
#2876=DIRECTION('',(0.E0,-1.E0,0.E0));
#2877=DIRECTION('',(-9.938079899999E-1,0.E0,1.111111111111E-1));
#2878=AXIS2_PLACEMENT_3D('',#2875,#2876,#2877);
#2880=CARTESIAN_POINT('',(6.6E1,3.65E1,-6.55E1));
#2881=DIRECTION('',(0.E0,0.E0,1.E0));
#2882=DIRECTION('',(0.E0,-1.E0,0.E0));
#2883=AXIS2_PLACEMENT_3D('',#2880,#2881,#2882);
#2885=CARTESIAN_POINT('',(7.05E1,3.65E1,-6.55E1));
#2886=DIRECTION('',(0.E0,-1.E0,0.E0));
#2887=DIRECTION('',(-1.E0,0.E0,-1.874832378235E-9));
#2888=AXIS2_PLACEMENT_3D('',#2885,#2886,#2887);
#2890=CARTESIAN_POINT('',(7.05E1,3.45E1,-6.55E1));
#2891=DIRECTION('',(0.E0,-1.E0,0.E0));
#2892=DIRECTION('',(-1.E0,0.E0,0.E0));
#2893=AXIS2_PLACEMENT_3D('',#2890,#2891,#2892);
#2895=CARTESIAN_POINT('',(7.05E1,5.724641791856E1,-6.55E1));
#2896=DIRECTION('',(0.E0,1.E0,0.E0));
#2897=DIRECTION('',(-2.007141119975E-11,0.E0,-1.E0));
#2898=AXIS2_PLACEMENT_3D('',#2895,#2896,#2897);
#2900=CARTESIAN_POINT('',(7.072048597568E1,6.027358647187E1,-6.541366811211E1));
#2901=CARTESIAN_POINT('',(7.047982878994E1,6.024582492249E1,-6.545100892668E1));
#2902=CARTESIAN_POINT('',(6.999467083452E1,6.013057291056E1,-6.551551491245E1));
#2903=CARTESIAN_POINT('',(6.933624166813E1,5.979103951242E1,-6.558539792669E1));
#2904=CARTESIAN_POINT('',(6.877379042885E1,5.930519402342E1,-6.562215543440E1));
#2905=CARTESIAN_POINT('',(6.848677097355E1,5.890145992515E1,-6.562079067580E1));
#2906=CARTESIAN_POINT('',(6.837115698332E1,5.868984478798E1,-6.561559869675E1));
#2908=CARTESIAN_POINT('',(6.837115698332E1,5.868984478798E1,-6.561559869675E1));
#2909=CARTESIAN_POINT('',(6.826733056337E1,5.849993423239E1,-6.561001837874E1));
#2910=CARTESIAN_POINT('',(6.809250367967E1,5.808256833468E1,-6.558824962928E1));
#2911=CARTESIAN_POINT('',(6.801296727328E1,5.761608876323E1,-6.554356165731E1));
#2912=CARTESIAN_POINT('',(6.800263378718E1,5.737127020933E1,-6.551471543141E1));
#2914=CARTESIAN_POINT('',(6.800263378718E1,5.737127020933E1,-6.551471543141E1));
#2915=CARTESIAN_POINT('',(6.800087790839E1,5.732967038269E1,-6.550981384306E1));
#2916=CARTESIAN_POINT('',(6.8E1,5.728805303536E1,-6.550490871191E1));
#2917=CARTESIAN_POINT('',(6.8E1,5.724641799838E1,-6.550000001058E1));
#2919=CARTESIAN_POINT('',(6.8E1,5.760621767375E1,-6.250779776451E1));
#2920=CARTESIAN_POINT('',(6.800000001987E1,5.784924724100E1,-6.253542285369E1));
#2921=CARTESIAN_POINT('',(6.806166359287E1,5.834529318427E1,-6.260108387765E1));
#2922=CARTESIAN_POINT('',(6.833397271245E1,5.903343257028E1,-6.272432524108E1));
#2923=CARTESIAN_POINT('',(6.877136789878E1,5.963556111647E1,-6.286661599662E1));
#2924=CARTESIAN_POINT('',(6.934868446722E1,6.010946120126E1,-6.301963119720E1));
#2925=CARTESIAN_POINT('',(7.002799827603E1,6.042563205940E1,-6.317359024358E1));
#2926=CARTESIAN_POINT('',(7.053087018616E1,6.051747060710E1,-6.326880550948E1));
#2927=CARTESIAN_POINT('',(7.077968261892E1,6.053104795883E1,-6.331464556549E1));
#2929=CARTESIAN_POINT('',(7.045415458796E1,5.860369756422E1,-6.768693755538E1));
#2930=CARTESIAN_POINT('',(7.023193955106E1,5.869129907763E1,-6.763293171537E1));
#2931=CARTESIAN_POINT('',(6.976820778253E1,5.884362482812E1,-6.745336737913E1));
#2932=CARTESIAN_POINT('',(6.911577201978E1,5.894404764635E1,-6.696206012591E1));
#2933=CARTESIAN_POINT('',(6.861739290439E1,5.889071556126E1,-6.630926305090E1));
#2934=CARTESIAN_POINT('',(6.842982195911E1,5.876589911375E1,-6.584086373771E1));
#2935=CARTESIAN_POINT('',(6.837115698332E1,5.868984478798E1,-6.561559869675E1));
#2937=CARTESIAN_POINT('',(7.050043901878E1,5.726757406036E1,-6.8E1));
#2938=CARTESIAN_POINT('',(7.020693240213E1,5.727975888017E1,-6.800000000400E1));
#2939=CARTESIAN_POINT('',(6.957322912561E1,5.730606779378E1,-6.789385144874E1));
#2940=CARTESIAN_POINT('',(6.868725492773E1,5.734284831009E1,-6.732545940500E1));
#2941=CARTESIAN_POINT('',(6.811414687638E1,5.736664078404E1,-6.644208307229E1));
#2942=CARTESIAN_POINT('',(6.800436141754E1,5.737119848561E1,-6.580846977591E1));
#2943=CARTESIAN_POINT('',(6.800263378718E1,5.737127020933E1,-6.551471543141E1));
#2945=DIRECTION('',(-9.952694334039E-1,-9.715325487018E-2,2.014325399524E-8));
#2946=VECTOR('',#2945,8.345235604230E-2);
#2947=CARTESIAN_POINT('',(7.058349659790E1,5.727568172837E1,-6.800000000168E1));
#2948=LINE('',#2947,#2946);
#2949=CARTESIAN_POINT('',(7.050043901878E1,5.726757406036E1,-6.8E1));
#2950=CARTESIAN_POINT('',(7.048213717878E1,5.751368419089E1,-6.799999998118E1));
#2951=CARTESIAN_POINT('',(7.045720528423E1,5.798503675149E1,-6.793998519625E1));
#2952=CARTESIAN_POINT('',(7.045227497214E1,5.840941321099E1,-6.778291910922E1));
#2953=CARTESIAN_POINT('',(7.045415458796E1,5.860369756422E1,-6.768693755538E1));
#2955=CARTESIAN_POINT('',(7.058359797762E1,5.727568779963E1,-6.5E1));
#2956=DIRECTION('',(9.952744709083E-1,9.710163519867E-2,9.930323955763E-13));
#2957=DIRECTION('',(9.852859269207E-13,1.065814103640E-13,-1.E0));
#2958=AXIS2_PLACEMENT_3D('',#2955,#2956,#2957);
#2960=CARTESIAN_POINT('',(7.045415458796E1,5.860369756422E1,-6.768693755538E1));
#2961=CARTESIAN_POINT('',(7.044906500468E1,5.882037954160E1,-6.757954505520E1));
#2962=CARTESIAN_POINT('',(7.044727169521E1,5.923629863934E1,-6.730747842034E1));
#2963=CARTESIAN_POINT('',(7.049060371438E1,5.974134074887E1,-6.676554474193E1));
#2964=CARTESIAN_POINT('',(7.057813663821E1,6.010392104570E1,-6.612437153655E1));
#2965=CARTESIAN_POINT('',(7.066795110572E1,6.023680395589E1,-6.564956661236E1));
#2966=CARTESIAN_POINT('',(7.072048597568E1,6.027358647187E1,-6.541366811211E1));
#2968=CARTESIAN_POINT('',(1.009318116508E2,5.779064070306E1,-5.487826776453E1));
#2969=CARTESIAN_POINT('',(9.966064695345E1,5.838917352042E1,-5.596022564495E1));
#2970=CARTESIAN_POINT('',(9.718944961397E1,5.944610297244E1,-5.834838326400E1));
#2971=CARTESIAN_POINT('',(9.377985650151E1,6.048579385437E1,-6.225925620604E1));
#2972=CARTESIAN_POINT('',(9.055178242904E1,6.099590943206E1,-6.644148798077E1));
#2973=CARTESIAN_POINT('',(8.748387666594E1,6.094759955398E1,-7.086242299224E1));
#2974=CARTESIAN_POINT('',(8.471164894825E1,6.035066893279E1,-7.532752098071E1));
#2975=CARTESIAN_POINT('',(8.223820041339E1,5.920536675722E1,-7.994054857648E1));
#2976=CARTESIAN_POINT('',(8.026068978963E1,5.755040829514E1,-8.461341862833E1));
#2977=CARTESIAN_POINT('',(7.940948571298E1,5.616580914925E1,-8.775820611360E1));
#2978=CARTESIAN_POINT('',(7.914742584105E1,5.542123420950E1,-8.935327551792E1));
#2980=CARTESIAN_POINT('',(7.914742584105E1,5.542123420950E1,-8.935327551792E1));
#2981=CARTESIAN_POINT('',(7.653794989765E1,5.466079987439E1,-8.934254898588E1));
#2982=CARTESIAN_POINT('',(7.395427414202E1,5.381412155345E1,-8.933236089907E1));
#2983=CARTESIAN_POINT('',(7.139984676967E1,5.286927258450E1,-8.932262583069E1));
#2985=CARTESIAN_POINT('',(7.139984676967E1,5.286927258450E1,-8.932262583069E1));
#2986=CARTESIAN_POINT('',(7.209396675908E1,5.579209081015E1,-8.430577198687E1));
#2987=CARTESIAN_POINT('',(7.344422880967E1,5.802193580968E1,-7.916259661607E1));
#2988=CARTESIAN_POINT('',(7.570722092203E1,5.942682894989E1,-7.389682639916E1));
#2990=CARTESIAN_POINT('',(7.570722092203E1,5.942682894989E1,-7.389682639916E1));
#2991=CARTESIAN_POINT('',(7.611273079226E1,5.967857425994E1,-7.295324688861E1));
#2992=CARTESIAN_POINT('',(7.648010135505E1,6.008414888809E1,-7.089743779987E1));
#2993=CARTESIAN_POINT('',(7.555015750738E1,6.038909501103E1,-6.793015946866E1));
#2994=CARTESIAN_POINT('',(7.340535400576E1,6.044339055550E1,-6.593883312317E1));
#2995=CARTESIAN_POINT('',(7.158597159491E1,6.035053579701E1,-6.545051075912E1));
#2996=CARTESIAN_POINT('',(7.072048597568E1,6.027358647187E1,-6.541366811211E1));
#2998=CARTESIAN_POINT('',(7.072048597568E1,6.027358647187E1,-6.541366811211E1));
#2999=CARTESIAN_POINT('',(7.074023483735E1,6.036982700833E1,-6.471388852532E1));
#3000=CARTESIAN_POINT('',(7.075996306903E1,6.045560658729E1,-6.401419628902E1));
#3001=CARTESIAN_POINT('',(7.077968261892E1,6.053104795883E1,-6.331464556549E1));
#3003=CARTESIAN_POINT('',(7.077968261892E1,6.053104795883E1,-6.331464556549E1));
#3004=CARTESIAN_POINT('',(7.327494308928E1,6.072344265131E1,-6.324283344136E1));
#3005=CARTESIAN_POINT('',(7.578185866227E1,6.085003136590E1,-6.317079764662E1));
#3006=CARTESIAN_POINT('',(7.830053442261E1,6.091032263223E1,-6.309843844268E1));
#3008=CARTESIAN_POINT('',(8.357596761919E1,6.083041160765E1,-6.001070698545E1));
#3009=CARTESIAN_POINT('',(8.551104771078E1,6.058047856397E1,-5.693499271260E1));
#3010=CARTESIAN_POINT('',(8.933985109909E1,5.929789103278E1,-5.084943360835E1));
#3011=CARTESIAN_POINT('',(9.288423179518E1,5.657976911487E1,-4.521635416524E1));
#3012=CARTESIAN_POINT('',(9.459264900691E1,5.483994520603E1,-4.250138117106E1));
#3014=CARTESIAN_POINT('',(9.459264900691E1,5.483994520603E1,-4.250138117106E1));
#3015=CARTESIAN_POINT('',(9.668904280416E1,5.600843697772E1,-4.659612013329E1));
#3016=CARTESIAN_POINT('',(9.880296312816E1,5.698201262947E1,-5.072338335824E1));
#3017=CARTESIAN_POINT('',(1.009318116508E2,5.779064070306E1,-5.487826776453E1));
#3019=CARTESIAN_POINT('',(9.722360291225E1,4.974999999942E1,-8.880285878535E1));
#3020=CARTESIAN_POINT('',(9.434410890412E1,4.974999158808E1,-8.892290566271E1));
#3021=CARTESIAN_POINT('',(8.858632228637E1,5.066057246681E1,-8.916311010017E1));
#3022=CARTESIAN_POINT('',(8.370431955940E1,5.325326678874E1,-8.936650002615E1));
#3023=CARTESIAN_POINT('',(8.166760434388E1,5.487198324745E1,-8.945140834047E1));
#3025=CARTESIAN_POINT('',(8.166760434388E1,5.487198324745E1,-8.945140834047E1));
#3026=CARTESIAN_POINT('',(8.196336935909E1,5.546938718805E1,-8.798685880330E1));
#3027=CARTESIAN_POINT('',(8.284207599969E1,5.658049589026E1,-8.508508722148E1));
#3028=CARTESIAN_POINT('',(8.477766173896E1,5.790948869660E1,-8.074264342729E1));
#3029=CARTESIAN_POINT('',(8.714946953313E1,5.882950235227E1,-7.643290683502E1));
#3030=CARTESIAN_POINT('',(8.977952284937E1,5.930914436034E1,-7.224489763282E1));
#3031=CARTESIAN_POINT('',(9.266894794580E1,5.934795771789E1,-6.808464185245E1));
#3032=CARTESIAN_POINT('',(9.568970709619E1,5.893808996321E1,-6.413585954787E1));
#3033=CARTESIAN_POINT('',(9.885887466427E1,5.810277468448E1,-6.042807952560E1));
#3034=CARTESIAN_POINT('',(1.011368707497E2,5.725419077645E1,-5.814884251433E1));
#3035=CARTESIAN_POINT('',(1.023024433186E2,5.677366520384E1,-5.711035049618E1));
#3037=CARTESIAN_POINT('',(1.023024433186E2,5.677366520384E1,-5.711035049618E1));
#3038=CARTESIAN_POINT('',(1.030891403679E2,5.460328858144E1,-5.881482926723E1));
#3039=CARTESIAN_POINT('',(1.051600764426E2,5.103156128305E1,-6.330085595486E1));
#3040=CARTESIAN_POINT('',(1.077867980522E2,4.974998320442E1,-6.899308549846E1));
#3041=CARTESIAN_POINT('',(1.091009057809E2,4.975E1,-7.184028487059E1));
#3043=CARTESIAN_POINT('',(9.722360385955E1,4.675E1,-8.880282993502E1));
#3044=DIRECTION('',(-9.994613593232E-1,0.E0,3.281754439195E-2));
#3045=DIRECTION('',(2.394102220175E-8,9.999999999997E-1,7.291260052019E-7));
#3046=AXIS2_PLACEMENT_3D('',#3043,#3044,#3045);
#3048=CARTESIAN_POINT('',(7.993044640296E1,5.275003944768E1,-8.823500511897E1));
#3049=DIRECTION('',(7.664082816803E-1,-6.418606225989E-1,-2.516519280288E-2));
#3050=DIRECTION('',(-3.281754439195E-2,0.E0,-9.994613593232E-1));
#3051=AXIS2_PLACEMENT_3D('',#3048,#3049,#3050);
#3053=DIRECTION('',(-9.994613593232E-1,0.E0,3.281754439192E-2));
#3054=VECTOR('',#3053,5.310753695301E0);
#3055=CARTESIAN_POINT('',(1.024330443337E2,4.675E1,-9.197549990814E1));
#3056=LINE('',#3055,#3054);
#3057=CARTESIAN_POINT('',(1.025314969669E2,4.675E1,-8.897711583017E1));
#3058=DIRECTION('',(9.994613593232E-1,0.E0,-3.281754439195E-2));
#3059=DIRECTION('',(-3.281754439195E-2,0.E0,-9.994613593232E-1));
#3060=AXIS2_PLACEMENT_3D('',#3057,#3058,#3059);
#3062=CARTESIAN_POINT('',(1.121102381409E2,4.235000071031E1,-9.053338204318E1));
#3063=CARTESIAN_POINT('',(1.119756939596E2,4.235000071031E1,-9.079302916192E1));
#3064=CARTESIAN_POINT('',(1.116411890495E2,4.234999967021E1,-9.125439035368E1));
#3065=CARTESIAN_POINT('',(1.109432513847E2,4.235000008879E1,-9.179889328791E1));
#3066=CARTESIAN_POINT('',(1.100890968649E2,4.234999997463E1,-9.213799249394E1));
#3067=CARTESIAN_POINT('',(1.094577927602E2,4.235E1,-9.220621594819E1));
#3068=CARTESIAN_POINT('',(1.091233546632E2,4.235E1,-9.219517776838E1));
#3070=CARTESIAN_POINT('',(1.083496180584E2,4.367510079598E1,-9.216977197183E1));
#3071=CARTESIAN_POINT('',(1.086100560096E2,4.385658194157E1,-9.217832351207E1));
#3072=CARTESIAN_POINT('',(1.091660960924E2,4.424169067251E1,-9.209345540672E1));
#3073=CARTESIAN_POINT('',(1.099675244151E2,4.478806726993E1,-9.159110219003E1));
#3074=CARTESIAN_POINT('',(1.105717071593E2,4.518996588408E1,-9.077464049810E1));
#3075=CARTESIAN_POINT('',(1.107825230033E2,4.532220530663E1,-9.014000037021E1));
#3076=CARTESIAN_POINT('',(1.108430924224E2,4.535728714283E1,-8.983026333649E1));
#3078=CARTESIAN_POINT('',(7.914742584105E1,5.542123420950E1,-8.935327551792E1));
#3079=CARTESIAN_POINT('',(7.939623700573E1,5.547025785503E1,-8.941039513461E1));
#3080=CARTESIAN_POINT('',(7.966151781643E1,5.549031785287E1,-8.945649147652E1));
#3081=CARTESIAN_POINT('',(7.993044632751E1,5.547613220323E1,-8.948737019679E1));
#3083=CARTESIAN_POINT('',(7.993044632751E1,5.547613220323E1,-8.948737019679E1));
#3084=CARTESIAN_POINT('',(8.024105647361E1,5.545974788246E1,-8.952303487399E1));
#3085=CARTESIAN_POINT('',(8.087116527886E1,5.533505261651E1,-8.955335583874E1));
#3086=CARTESIAN_POINT('',(8.142573303039E1,5.504397773033E1,-8.949678925004E1));
#3087=CARTESIAN_POINT('',(8.166760434388E1,5.487198324745E1,-8.945140834047E1));
#3089=CARTESIAN_POINT('',(7.233597610161E1,5.035210792568E1,-8.798563893395E1));
#3090=DIRECTION('',(9.420930109218E-1,3.339203828503E-1,-3.095055232728E-2));
#3091=DIRECTION('',(-3.283327913391E-2,-5.577102138924E-6,-9.994608425297E-1));
#3092=AXIS2_PLACEMENT_3D('',#3089,#3090,#3091);
#3094=CARTESIAN_POINT('',(7.993044640296E1,5.275003944768E1,-8.823500511897E1));
#3095=DIRECTION('',(-9.626358610289E-1,-2.689481547913E-1,3.160837065676E-2));
#3096=DIRECTION('',(-2.610211143493E-1,8.904518300110E-1,-3.727781059744E-1));
#3097=AXIS2_PLACEMENT_3D('',#3094,#3095,#3096);
#3099=CARTESIAN_POINT('',(9.377147098140E1,5.220359202453E1,-4.367411240947E1));
#3100=DIRECTION('',(-4.658267205535E-1,4.767108154887E-1,-7.454879374037E-1));
#3101=DIRECTION('',(-8.480504047014E-1,2.362473710586E-6,5.299155697658E-1));
#3102=AXIS2_PLACEMENT_3D('',#3099,#3100,#3101);
#3104=CARTESIAN_POINT('',(8.122698154519E1,2.6E1,-2.300494019951E1));
#3105=DIRECTION('',(0.E0,-1.E0,0.E0));
#3106=DIRECTION('',(0.E0,0.E0,1.E0));
#3107=AXIS2_PLACEMENT_3D('',#3104,#3105,#3106);
#3109=DIRECTION('',(2.009718347115E-14,7.071067811865E-1,-7.071067811865E-1));
#3110=VECTOR('',#3109,7.071067811865E-1);
#3111=CARTESIAN_POINT('',(8.122698154519E1,2.55E1,-2.100494019951E1));
#3112=LINE('',#3111,#3110);
#3113=DIRECTION('',(0.E0,-1.E0,7.428401328400E-14));
#3114=VECTOR('',#3113,5.500000000001E0);
#3115=CARTESIAN_POINT('',(8.122698154519E1,3.15E1,-2.450494019951E1));
#3116=LINE('',#3115,#3114);
#3117=DIRECTION('',(0.E0,-1.E0,-7.363806534240E-14));
#3118=VECTOR('',#3117,5.500000000001E0);
#3119=CARTESIAN_POINT('',(8.122698154519E1,3.15E1,-2.150494019951E1));
#3120=LINE('',#3119,#3118);
#3121=CARTESIAN_POINT('',(8.122698154519E1,2.6E1,-2.300494019951E1));
#3122=DIRECTION('',(0.E0,-1.E0,0.E0));
#3123=DIRECTION('',(0.E0,0.E0,-1.E0));
#3124=AXIS2_PLACEMENT_3D('',#3121,#3122,#3123);
#3126=DIRECTION('',(2.009718347115E-14,7.071067811866E-1,7.071067811865E-1));
#3127=VECTOR('',#3126,7.071067811865E-1);
#3128=CARTESIAN_POINT('',(8.122698154519E1,2.55E1,-2.500494019951E1));
#3129=LINE('',#3128,#3127);
#3130=CARTESIAN_POINT('',(8.122698154519E1,3.15E1,-2.300494019951E1));
#3131=DIRECTION('',(0.E0,1.E0,0.E0));
#3132=DIRECTION('',(0.E0,0.E0,1.E0));
#3133=AXIS2_PLACEMENT_3D('',#3130,#3131,#3132);
#3135=DIRECTION('',(0.E0,5.150380749104E-1,8.571673007019E-1));
#3136=VECTOR('',#3135,1.749950095824E0);
#3137=CARTESIAN_POINT('',(8.122698154519E1,3.15E1,-2.450494019951E1));
#3138=LINE('',#3137,#3136);
#3139=CARTESIAN_POINT('',(8.122698154519E1,3.15E1,-2.300494019951E1));
#3140=DIRECTION('',(0.E0,1.E0,0.E0));
#3141=DIRECTION('',(0.E0,0.E0,-1.E0));
#3142=AXIS2_PLACEMENT_3D('',#3139,#3140,#3141);
#3144=DIRECTION('',(0.E0,5.150380749104E-1,-8.571673007019E-1));
#3145=VECTOR('',#3144,1.749950095824E0);
#3146=CARTESIAN_POINT('',(8.122698154519E1,3.15E1,-2.150494019951E1));
#3147=LINE('',#3146,#3145);
#3148=CARTESIAN_POINT('',(1.150005836904E2,4.614103692163E1,-7.640463006635E1));
#3149=CARTESIAN_POINT('',(1.145603498524E2,4.654412503606E1,-7.559574817564E1));
#3150=CARTESIAN_POINT('',(1.140911002472E2,4.674999907781E1,-7.473355296214E1));
#3151=CARTESIAN_POINT('',(1.136105199627E2,4.675E1,-7.385053885568E1));
#3153=CARTESIAN_POINT('',(1.117359258363E2,4.675E1,-7.040617563226E1));
#3154=CARTESIAN_POINT('',(1.109931331827E2,4.676607808174E1,-6.904137476001E1));
#3155=CARTESIAN_POINT('',(1.095656805230E2,4.702735270873E1,-6.641858544530E1));
#3156=CARTESIAN_POINT('',(1.076319754111E2,4.812099254743E1,-6.286561220251E1));
#3157=CARTESIAN_POINT('',(1.058065163724E2,4.987324276136E1,-5.951152936920E1));
#3158=CARTESIAN_POINT('',(1.041819203509E2,5.226680174999E1,-5.652651052673E1));
#3159=CARTESIAN_POINT('',(1.033391736555E2,5.403154278197E1,-5.497805495249E1));
#3160=CARTESIAN_POINT('',(1.029690122507E2,5.497771406981E1,-5.429792355168E1));
#3162=CARTESIAN_POINT('',(1.029690122507E2,5.497771406981E1,-5.429792355168E1));
#3163=CARTESIAN_POINT('',(1.007656416061E2,5.421722915185E1,-5.024946916407E1));
#3164=CARTESIAN_POINT('',(9.857724977773E1,5.330167461221E1,-4.622853672553E1));
#3165=CARTESIAN_POINT('',(9.640649103683E1,5.220359202453E1,-4.224000317113E1));
#3167=CARTESIAN_POINT('',(1.172946919655E2,4.235000000002E1,-8.061980518376E1));
#3168=CARTESIAN_POINT('',(1.172331289712E2,4.255562703533E1,-8.050668985781E1));
#3169=CARTESIAN_POINT('',(1.170928581819E2,4.297504268906E1,-8.024895724977E1));
#3170=CARTESIAN_POINT('',(1.168228933681E2,4.361582055560E1,-7.975292631269E1));
#3171=CARTESIAN_POINT('',(1.164871663352E2,4.426706902825E1,-7.913606430427E1));
#3172=CARTESIAN_POINT('',(1.160809839055E2,4.491779204256E1,-7.838974818757E1));
#3173=CARTESIAN_POINT('',(1.155937796736E2,4.555172745032E1,-7.749456329460E1));
#3174=CARTESIAN_POINT('',(1.152085965533E2,4.595057619482E1,-7.678683112246E1));
#3175=CARTESIAN_POINT('',(1.150005836904E2,4.614103692163E1,-7.640463006635E1));
#3177=DIRECTION('',(6.787273893828E-13,-1.E0,-4.941983803943E-13));
#3178=VECTOR('',#3177,1.34E1);
#3179=CARTESIAN_POINT('',(1.216774026044E2,4.975E1,-8.609018636393E1));
#3180=LINE('',#3179,#3178);
#3181=DIRECTION('',(4.114784798133E-13,1.E0,1.771054281671E-13));
#3182=VECTOR('',#3181,1.34E1);
#3183=CARTESIAN_POINT('',(1.226456128260E2,3.635E1,-8.618987281238E1));
#3184=LINE('',#3183,#3182);
#3185=DIRECTION('',(-3.051091717585E-12,1.E0,2.791266388837E-12));
#3186=VECTOR('',#3185,1.34E1);
#3187=CARTESIAN_POINT('',(1.170887911136E2,3.635E1,-9.264340271827E1));
#3188=LINE('',#3187,#3186);
#3189=DIRECTION('',(1.166562700502E-14,-1.E0,-3.372426715996E-13));
#3190=VECTOR('',#3189,1.34E1);
#3191=CARTESIAN_POINT('',(1.175136131324E2,4.975E1,-9.351912794570E1));
#3192=LINE('',#3191,#3190);
#3193=CARTESIAN_POINT('',(6.875000009617E1,3.798257206584E1,-1.148627689606E2));
#3194=CARTESIAN_POINT('',(6.857405475610E1,3.798257206702E1,-1.148627689576E2));
#3195=CARTESIAN_POINT('',(6.822234849762E1,3.797388330980E1,-1.148853520074E2));
#3196=CARTESIAN_POINT('',(6.770555008263E1,3.793512127130E1,-1.149855924643E2));
#3197=CARTESIAN_POINT('',(6.720294568545E1,3.787051077088E1,-1.151516159919E2));
#3198=CARTESIAN_POINT('',(6.672168544339E1,3.777975427827E1,-1.153824348493E2));
#3199=CARTESIAN_POINT('',(6.626750876910E1,3.766150842907E1,-1.156786677325E2));
#3200=CARTESIAN_POINT('',(6.586165569710E1,3.751961561564E1,-1.160269063631E2));
#3201=CARTESIAN_POINT('',(6.551146002798E1,3.735688577209E1,-1.164157672101E2));
#3202=CARTESIAN_POINT('',(6.522485111051E1,3.717903247519E1,-1.168269445758E2));
#3203=CARTESIAN_POINT('',(6.499708408264E1,3.698708718501E1,-1.172535633834E2));
#3204=CARTESIAN_POINT('',(6.482206971491E1,3.677755805058E1,-1.176979577704E2));
#3205=CARTESIAN_POINT('',(6.469735672919E1,3.654322923877E1,-1.181675233980E2));
#3206=CARTESIAN_POINT('',(6.462639339898E1,3.627515822302E1,-1.186684495653E2));
#3207=CARTESIAN_POINT('',(6.461855607739E1,3.596112262306E1,-1.192054704525E2));
#3208=CARTESIAN_POINT('',(6.468478022436E1,3.559872041884E1,-1.197594451368E2));
#3209=CARTESIAN_POINT('',(6.482883845149E1,3.518540346575E1,-1.203111398588E2));
#3210=CARTESIAN_POINT('',(6.505391018939E1,3.471014986859E1,-1.208503168752E2));
#3211=CARTESIAN_POINT('',(6.535164812532E1,3.417824776862E1,-1.213488261267E2));
#3212=CARTESIAN_POINT('',(6.569047125915E1,3.362400797637E1,-1.217692026668E2));
#3213=CARTESIAN_POINT('',(6.601092203248E1,3.312219028464E1,-1.220810715087E2));
#3214=CARTESIAN_POINT('',(6.631062899406E1,3.266531381258E1,-1.223205782610E2));
#3215=CARTESIAN_POINT('',(6.658942659335E1,3.225156174105E1,-1.225063506703E2));
#3216=CARTESIAN_POINT('',(6.685000306878E1,3.187764621409E1,-1.226527949505E2));
#3217=CARTESIAN_POINT('',(6.709543782344E1,3.154136972680E1,-1.227693744878E2));
#3218=CARTESIAN_POINT('',(6.732850740124E1,3.124177902809E1,-1.228626159861E2));
#3219=CARTESIAN_POINT('',(6.755132004295E1,3.097926352275E1,-1.229369518571E2));
#3220=CARTESIAN_POINT('',(6.776633137278E1,3.075409238663E1,-1.229957364173E2));
#3221=CARTESIAN_POINT('',(6.797599561263E1,3.056711515444E1,-1.230413215165E2));
#3222=CARTESIAN_POINT('',(6.818077866812E1,3.042119937499E1,-1.230749878195E2));
#3223=CARTESIAN_POINT('',(6.838012153378E1,3.031849370203E1,-1.230977341161E2));
#3224=CARTESIAN_POINT('',(6.857370782176E1,3.025976979522E1,-1.231104015820E2));
#3225=CARTESIAN_POINT('',(6.869262949800E1,3.024871657846E1,-1.231127573092E2));
#3226=CARTESIAN_POINT('',(6.875E1,3.024871657846E1,-1.231127573092E2));
#3228=DIRECTION('',(5.324104067822E-9,9.999999999992E-1,-1.290124398994E-6));
#3229=VECTOR('',#3228,9.031251380554E0);
#3230=CARTESIAN_POINT('',(6.875000004808E1,2.895132068529E1,-1.148627573092E2));
#3231=LINE('',#3230,#3229);
#3232=CARTESIAN_POINT('',(6.877689045918E1,3.798256084272E1,-1.148628449703E2));
#3233=CARTESIAN_POINT('',(6.877418349405E1,3.798256756935E1,-1.148628275308E2));
#3234=CARTESIAN_POINT('',(6.876813770310E1,3.798257063578E1,-1.148627952110E2));
#3235=CARTESIAN_POINT('',(6.875906895402E1,3.798256793791E1,-1.148627585766E2));
#3236=CARTESIAN_POINT('',(6.875302306671E1,3.798257206582E1,-1.148627689607E2));
#3237=CARTESIAN_POINT('',(6.875000009617E1,3.798257206584E1,-1.148627689606E2));
#3239=DIRECTION('',(0.E0,1.E0,4.786621834740E-12));
#3240=VECTOR('',#3239,1.297395893169E0);
#3241=CARTESIAN_POINT('',(6.875E1,2.895132068529E1,-1.231127573092E2));
#3242=LINE('',#3241,#3240);
#3243=CARTESIAN_POINT('',(6.875E1,2.895132068529E1,-1.189877573092E2));
#3244=DIRECTION('',(0.E0,-1.E0,0.E0));
#3245=DIRECTION('',(0.E0,0.E0,1.E0));
#3246=AXIS2_PLACEMENT_3D('',#3243,#3244,#3245);
#3248=CARTESIAN_POINT('',(6.875E1,2.895132068529E1,-1.189877573092E2));
#3249=DIRECTION('',(0.E0,-1.E0,0.E0));
#3250=DIRECTION('',(0.E0,0.E0,-1.E0));
#3251=AXIS2_PLACEMENT_3D('',#3248,#3249,#3250);
#3253=CARTESIAN_POINT('',(6.875E1,2.895132068529E1,-1.189877573092E2));
#3254=DIRECTION('',(0.E0,-1.E0,0.E0));
#3255=DIRECTION('',(1.072517336996E-14,0.E0,-1.E0));
#3256=AXIS2_PLACEMENT_3D('',#3253,#3254,#3255);
#3258=CARTESIAN_POINT('',(6.875E1,2.895132068529E1,-1.189877573092E2));
#3259=DIRECTION('',(0.E0,-1.E0,0.E0));
#3260=DIRECTION('',(0.E0,0.E0,1.E0));
#3261=AXIS2_PLACEMENT_3D('',#3258,#3259,#3260);
#3263=DIRECTION('',(-7.185776187829E-8,-7.071067811865E-1,7.071067811866E-1));
#3264=VECTOR('',#3263,7.071067711827E-1);
#3265=CARTESIAN_POINT('',(6.875000012978E1,2.895132066722E1,-1.216377572911E2));
#3266=LINE('',#3265,#3264);
#3267=DIRECTION('',(7.185774178110E-8,-7.071067811865E-1,-7.071067811865E-1));
#3268=VECTOR('',#3267,7.071067711827E-1);
#3269=CARTESIAN_POINT('',(6.874999987022E1,2.895132066722E1,-1.163377573273E2));
#3270=LINE('',#3269,#3268);
#3271=CARTESIAN_POINT('',(6.875E1,2.845132068529E1,-1.189877573092E2));
#3272=DIRECTION('',(0.E0,-1.E0,0.E0));
#3273=DIRECTION('',(0.E0,0.E0,1.E0));
#3274=AXIS2_PLACEMENT_3D('',#3271,#3272,#3273);
#3276=DIRECTION('',(-2.675800500584E-8,1.E0,-3.725189148766E-9));
#3277=VECTOR('',#3276,2.951320674296E0);
#3278=CARTESIAN_POINT('',(6.875E1,2.55E1,-1.168377573092E2));
#3279=LINE('',#3278,#3277);
#3280=CARTESIAN_POINT('',(6.875E1,2.845132068529E1,-1.189877573092E2));
#3281=DIRECTION('',(0.E0,-1.E0,0.E0));
#3282=DIRECTION('',(0.E0,0.E0,-1.E0));
#3283=AXIS2_PLACEMENT_3D('',#3280,#3281,#3282);
#3285=DIRECTION('',(2.675800500584E-8,1.E0,3.725184333683E-9));
#3286=VECTOR('',#3285,2.951320674296E0);
#3287=CARTESIAN_POINT('',(6.875E1,2.55E1,-1.211377573092E2));
#3288=LINE('',#3287,#3286);
#3289=DIRECTION('',(-1.E0,0.E0,-5.041731144372E-14));
#3290=VECTOR('',#3289,9.583395990010E0);
#3291=CARTESIAN_POINT('',(7.358339599001E1,2.55E1,-7.1E1));
#3292=LINE('',#3291,#3290);
#3293=CARTESIAN_POINT('',(6.4E1,2.567157287525E1,-7.E1));
#3294=CARTESIAN_POINT('',(6.4E1,2.572875226383E1,-6.983827226638E1));
#3295=CARTESIAN_POINT('',(6.403433616688E1,2.587016394748E1,-6.951251444922E1));
#3296=CARTESIAN_POINT('',(6.424899893361E1,2.624803867778E1,-6.899188643143E1));
#3297=CARTESIAN_POINT('',(6.450215682296E1,2.661435163055E1,-6.864056469285E1));
#3298=CARTESIAN_POINT('',(6.494970314670E1,2.719856551239E1,-6.827267513525E1));
#3299=CARTESIAN_POINT('',(6.536517162150E1,2.771954002376E1,-6.808126937189E1));
#3300=CARTESIAN_POINT('',(6.577650442255E1,2.822627493774E1,-6.8E1));
#3301=CARTESIAN_POINT('',(6.6E1,2.85E1,-6.8E1));
#3303=DIRECTION('',(1.E0,-4.738601287805E-9,0.E0));
#3304=VECTOR('',#3303,4.583396012009E0);
#3305=CARTESIAN_POINT('',(6.6E1,2.85E1,-6.8E1));
#3306=LINE('',#3305,#3304);
#3307=CARTESIAN_POINT('',(6.75E1,2.6E1,-1.079833699071E2));
#3308=DIRECTION('',(0.E0,-1.E0,0.E0));
#3309=DIRECTION('',(0.E0,0.E0,1.E0));
#3310=AXIS2_PLACEMENT_3D('',#3307,#3308,#3309);
#3312=DIRECTION('',(0.E0,7.071067811865E-1,-7.071067811866E-1));
#3313=VECTOR('',#3312,7.071067811866E-1);
#3314=CARTESIAN_POINT('',(6.75E1,2.55E1,-1.059833699071E2));
#3315=LINE('',#3314,#3313);
#3316=DIRECTION('',(0.E0,-1.E0,7.234616945920E-14));
#3317=VECTOR('',#3316,5.500000000001E0);
#3318=CARTESIAN_POINT('',(6.75E1,3.15E1,-1.094833699071E2));
#3319=LINE('',#3318,#3317);
#3320=DIRECTION('',(0.E0,-1.E0,-7.234616945920E-14));
#3321=VECTOR('',#3320,5.500000000001E0);
#3322=CARTESIAN_POINT('',(6.75E1,3.15E1,-1.064833699071E2));
#3323=LINE('',#3322,#3321);
#3324=CARTESIAN_POINT('',(6.75E1,2.6E1,-1.079833699071E2));
#3325=DIRECTION('',(0.E0,-1.E0,0.E0));
#3326=DIRECTION('',(0.E0,0.E0,-1.E0));
#3327=AXIS2_PLACEMENT_3D('',#3324,#3325,#3326);
#3329=DIRECTION('',(0.E0,7.071067811866E-1,7.071067811865E-1));
#3330=VECTOR('',#3329,7.071067811865E-1);
#3331=CARTESIAN_POINT('',(6.75E1,2.55E1,-1.099833699071E2));
#3332=LINE('',#3331,#3330);
#3333=CARTESIAN_POINT('',(6.75E1,3.15E1,-1.079833699071E2));
#3334=DIRECTION('',(0.E0,1.E0,0.E0));
#3335=DIRECTION('',(0.E0,0.E0,1.E0));
#3336=AXIS2_PLACEMENT_3D('',#3333,#3334,#3335);
#3338=DIRECTION('',(0.E0,5.150380749104E-1,8.571673007019E-1));
#3339=VECTOR('',#3338,1.749950095824E0);
#3340=CARTESIAN_POINT('',(6.75E1,3.15E1,-1.094833699071E2));
#3341=LINE('',#3340,#3339);
#3342=CARTESIAN_POINT('',(6.75E1,3.15E1,-1.079833699071E2));
#3343=DIRECTION('',(0.E0,1.E0,0.E0));
#3344=DIRECTION('',(0.E0,0.E0,-1.E0));
#3345=AXIS2_PLACEMENT_3D('',#3342,#3343,#3344);
#3347=DIRECTION('',(0.E0,5.150380749104E-1,-8.571673007019E-1));
#3348=VECTOR('',#3347,1.749950095824E0);
#3349=CARTESIAN_POINT('',(6.75E1,3.15E1,-1.064833699071E2));
#3350=LINE('',#3349,#3348);
#3351=CARTESIAN_POINT('',(6.4E1,4.614685659362E1,-9.901811900927E1));
#3352=CARTESIAN_POINT('',(6.407840341669E1,4.614685656760E1,-9.901811904103E1));
#3353=VERTEX_POINT('',#3351);
#3354=VERTEX_POINT('',#3352);
#3355=CARTESIAN_POINT('',(6.400000102224E1,4.870020036010E1,-9.590106182277E1));
#3356=VERTEX_POINT('',#3355);
#3357=CARTESIAN_POINT('',(6.409793097574E1,4.305249931161E1,-1.004833699070E2));
#3358=CARTESIAN_POINT('',(6.4E1,4.305249931176E1,-1.004833699070E2));
#3359=VERTEX_POINT('',#3357);
#3360=VERTEX_POINT('',#3358);
#3361=CARTESIAN_POINT('',(6.4E1,2.55E1,-1.004833699070E2));
#3362=CARTESIAN_POINT('',(6.409793110020E1,2.55E1,-1.004833699070E2));
#3363=VERTEX_POINT('',#3361);
#3364=VERTEX_POINT('',#3362);
#3365=CARTESIAN_POINT('',(7.358339599001E1,2.55E1,-7.1E1));
#3366=CARTESIAN_POINT('',(7.335422619076E1,2.55E1,-7.214999999939E1));
#3367=VERTEX_POINT('',#3365);
#3368=VERTEX_POINT('',#3366);
#3369=CARTESIAN_POINT('',(7.432219246557E1,2.55E1,-1.180500355184E2));
#3370=VERTEX_POINT('',#3369);
#3371=CARTESIAN_POINT('',(7.161486543127E1,2.55E1,-1.236307121652E2));
#3372=VERTEX_POINT('',#3371);
#3373=CARTESIAN_POINT('',(6.4E1,2.55E1,-1.236307121652E2));
#3374=VERTEX_POINT('',#3373);
#3375=CARTESIAN_POINT('',(6.709319249846E1,2.55E1,-9.731481975028E1));
#3376=VERTEX_POINT('',#3375);
#3377=CARTESIAN_POINT('',(6.877837999577E1,2.55E1,-7.962341472770E1));
#3378=VERTEX_POINT('',#3377);
#3379=CARTESIAN_POINT('',(6.643440304959E1,2.55E1,-7.594620095881E1));
#3380=VERTEX_POINT('',#3379);
#3381=CARTESIAN_POINT('',(6.4E1,2.55E1,-7.3E1));
#3382=VERTEX_POINT('',#3381);
#3383=CARTESIAN_POINT('',(6.4E1,2.55E1,-7.1E1));
#3384=VERTEX_POINT('',#3383);
#3385=CARTESIAN_POINT('',(6.875E1,2.55E1,-1.168377573092E2));
#3386=CARTESIAN_POINT('',(6.875E1,2.55E1,-1.211377573092E2));
#3387=VERTEX_POINT('',#3385);
#3388=VERTEX_POINT('',#3386);
#3389=CARTESIAN_POINT('',(6.75E1,2.55E1,-1.059833699071E2));
#3390=CARTESIAN_POINT('',(6.75E1,2.55E1,-1.099833699071E2));
#3391=VERTEX_POINT('',#3389);
#3392=VERTEX_POINT('',#3390);
#3393=CARTESIAN_POINT('',(6.75E1,2.6E1,-1.064833699071E2));
#3394=CARTESIAN_POINT('',(6.75E1,2.6E1,-1.094833699071E2));
#3395=VERTEX_POINT('',#3393);
#3396=VERTEX_POINT('',#3394);
#3397=CARTESIAN_POINT('',(6.75E1,3.15E1,-1.064833699071E2));
#3398=VERTEX_POINT('',#3397);
#3399=CARTESIAN_POINT('',(6.75E1,3.15E1,-1.094833699071E2));
#3400=VERTEX_POINT('',#3399);
#3401=CARTESIAN_POINT('',(6.75E1,3.240129092854E1,-1.079833699071E2));
#3402=VERTEX_POINT('',#3401);
#3403=CARTESIAN_POINT('',(6.875E1,2.895132068529E1,-1.148627573092E2));
#3404=CARTESIAN_POINT('',(6.875E1,2.895132068529E1,-1.231127573092E2));
#3405=VERTEX_POINT('',#3403);
#3406=VERTEX_POINT('',#3404);
#3407=VERTEX_POINT('',#3193);
#3408=VERTEX_POINT('',#3226);
#3409=VERTEX_POINT('',#424);
#3410=VERTEX_POINT('',#375);
#3411=VERTEX_POINT('',#1614);
#3412=VERTEX_POINT('',#1579);
#3413=CARTESIAN_POINT('',(6.4E1,3.975000000001E1,-1.099833699070E2));
#3414=VERTEX_POINT('',#3413);
#3415=VERTEX_POINT('',#3232);
#3416=CARTESIAN_POINT('',(7.335422847283E1,5.651674592087E1,-7.214999450118E1));
#3417=VERTEX_POINT('',#3416);
#3418=VERTEX_POINT('',#446);
#3419=CARTESIAN_POINT('',(6.935464197526E1,4.235E1,-8.765150299292E1));
#3420=VERTEX_POINT('',#3419);
#3421=CARTESIAN_POINT('',(6.906019513952E1,4.235E1,-9.661889718202E1));
#3422=VERTEX_POINT('',#3421);
#3423=CARTESIAN_POINT('',(6.906022879185E1,4.337754071856E1,-9.661889498485E1));
#3424=VERTEX_POINT('',#3423);
#3425=VERTEX_POINT('',#451);
#3426=CARTESIAN_POINT('',(7.015370829432E1,3.710000167033E1,-1.054101578746E2));
#3427=VERTEX_POINT('',#3426);
#3428=VERTEX_POINT('',#458);
#3429=VERTEX_POINT('',#1641);
#3430=CARTESIAN_POINT('',(7.414607624257E1,3.51E1,-1.176679232498E2));
#3431=VERTEX_POINT('',#3430);
#3432=CARTESIAN_POINT('',(7.058339601201E1,2.849999997828E1,-6.8E1));
#3433=CARTESIAN_POINT('',(7.058349659790E1,5.727568172837E1,-6.800000000168E1));
#3434=VERTEX_POINT('',#3432);
#3435=VERTEX_POINT('',#3433);
#3436=CARTESIAN_POINT('',(6.6E1,3.25E1,-6.8E1));
#3437=CARTESIAN_POINT('',(6.6E1,2.85E1,-6.8E1));
#3438=VERTEX_POINT('',#3436);
#3439=VERTEX_POINT('',#3437);
#3440=CARTESIAN_POINT('',(7.049999999999E1,3.250000000002E1,-6.8E1));
#3441=VERTEX_POINT('',#3440);
#3442=CARTESIAN_POINT('',(7.050000002822E1,5.724641791855E1,-6.8E1));
#3443=VERTEX_POINT('',#3442);
#3444=VERTEX_POINT('',#108);
#3445=CARTESIAN_POINT('',(6.4E1,2.567157287525E1,-7.E1));
#3446=CARTESIAN_POINT('',(6.4E1,3.25E1,-7.E1));
#3447=VERTEX_POINT('',#3445);
#3448=VERTEX_POINT('',#3446);
#3449=CARTESIAN_POINT('',(6.400000024844E1,5.600599390148E1,-7.299999999998E1));
#3450=VERTEX_POINT('',#3449);
#3451=VERTEX_POINT('',#250);
#3452=CARTESIAN_POINT('',(6.4E1,5.020282135683E1,-9.406670029343E1));
#3453=VERTEX_POINT('',#3452);
#3454=CARTESIAN_POINT('',(6.4E1,5.175E1,-9.533407484191E1));
#3455=VERTEX_POINT('',#3454);
#3456=CARTESIAN_POINT('',(6.4E1,5.175E1,-3.263266497219E1));
#3457=VERTEX_POINT('',#3456);
#3458=CARTESIAN_POINT('',(6.4E1,3.975E1,-1.798336990705E1));
#3459=VERTEX_POINT('',#3458);
#3460=CARTESIAN_POINT('',(6.4E1,3.010576285344E1,-9.799971927937E0));
#3461=VERTEX_POINT('',#3460);
#3462=CARTESIAN_POINT('',(6.4E1,2.660826939130E1,-8.E0));
#3463=VERTEX_POINT('',#3462);
#3464=CARTESIAN_POINT('',(6.4E1,2.55E1,-8.E0));
#3465=VERTEX_POINT('',#3464);
#3466=CARTESIAN_POINT('',(6.4E1,2.55E1,-1.E1));
#3467=VERTEX_POINT('',#3466);
#3468=CARTESIAN_POINT('',(6.4E1,2.615339366124E1,-9.999999999999E0));
#3469=VERTEX_POINT('',#3468);
#3470=CARTESIAN_POINT('',(6.4E1,2.911504006455E1,-1.153749489359E1));
#3471=VERTEX_POINT('',#3470);
#3472=CARTESIAN_POINT('',(6.4E1,3.820698719796E1,-1.925583000851E1));
#3473=VERTEX_POINT('',#3472);
#3474=CARTESIAN_POINT('',(6.4E1,5.020282140172E1,-3.390003957546E1));
#3475=VERTEX_POINT('',#3474);
#3476=CARTESIAN_POINT('',(6.4E1,5.307342874637E1,-3.779328653722E1));
#3477=VERTEX_POINT('',#3476);
#3478=CARTESIAN_POINT('',(6.4E1,4.973720098239E1,-4.4E1));
#3479=VERTEX_POINT('',#3478);
#3480=CARTESIAN_POINT('',(6.4E1,2.55E1,-4.4E1));
#3481=VERTEX_POINT('',#3480);
#3482=CARTESIAN_POINT('',(6.4E1,2.55E1,-5.7E1));
#3483=VERTEX_POINT('',#3482);
#3484=CARTESIAN_POINT('',(6.4E1,2.567157287525E1,-5.8E1));
#3485=VERTEX_POINT('',#3484);
#3486=CARTESIAN_POINT('',(6.4E1,3.25E1,-5.8E1));
#3487=VERTEX_POINT('',#3486);
#3488=CARTESIAN_POINT('',(6.4E1,3.65E1,-6.2E1));
#3489=VERTEX_POINT('',#3488);
#3490=CARTESIAN_POINT('',(6.4E1,3.65E1,-6.6E1));
#3491=VERTEX_POINT('',#3490);
#3492=VERTEX_POINT('',#232);
#3493=VERTEX_POINT('',#280);
#3494=CARTESIAN_POINT('',(6.402712617137E1,5.020282158652E1,-9.406670001279E1));
#3495=VERTEX_POINT('',#3494);
#3496=VERTEX_POINT('',#304);
#3497=VERTEX_POINT('',#332);
#3498=CARTESIAN_POINT('',(6.709319249846E1,4.305249931161E1,-9.731481975026E1));
#3499=VERTEX_POINT('',#3498);
#3500=VERTEX_POINT('',#330);
#3501=VERTEX_POINT('',#345);
#3502=CARTESIAN_POINT('',(7.128682163852E1,5.175E1,-9.533407484193E1));
#3503=VERTEX_POINT('',#3502);
#3504=VERTEX_POINT('',#1609);
#3505=VERTEX_POINT('',#1604);
#3506=CARTESIAN_POINT('',(1.004901879933E2,3.975E1,-1.304317871698E2));
#3507=VERTEX_POINT('',#3506);
#3508=CARTESIAN_POINT('',(1.073731052295E2,5.175E1,-1.206019626383E2));
#3509=VERTEX_POINT('',#3508);
#3510=CARTESIAN_POINT('',(8.562198241359E1,5.174999999999E1,-1.053716624781E2));
#3511=VERTEX_POINT('',#3510);
#3512=VERTEX_POINT('',#1598);
#3513=CARTESIAN_POINT('',(7.642037114421E1,3.71E1,-1.141298564406E2));
#3514=VERTEX_POINT('',#3513);
#3515=CARTESIAN_POINT('',(7.785431223496E1,3.71E1,-1.145819763298E2));
#3516=VERTEX_POINT('',#3515);
#3517=CARTESIAN_POINT('',(7.301533880709E1,3.71E1,-1.087521414809E2));
#3518=VERTEX_POINT('',#3517);
#3519=VERTEX_POINT('',#1655);
#3520=CARTESIAN_POINT('',(7.177844122811E1,3.726471862576E1,-1.078860564721E2));
#3521=VERTEX_POINT('',#3520);
#3522=CARTESIAN_POINT('',(1.016373408659E2,3.71E1,-1.287934830811E2));
#3523=CARTESIAN_POINT('',(1.016373408660E2,3.726471862576E1,-1.287934830812E2));
#3524=VERTEX_POINT('',#3522);
#3525=VERTEX_POINT('',#3523);
#3526=CARTESIAN_POINT('',(1.503626591340E2,3.726471862576E1,-5.920651691881E1));
#3527=CARTESIAN_POINT('',(1.503626591339E2,3.71E1,-5.920651691874E1));
#3528=VERTEX_POINT('',#3526);
#3529=VERTEX_POINT('',#3527);
#3530=CARTESIAN_POINT('',(1.26E2,3.71E1,-1.36475E2));
#3531=VERTEX_POINT('',#3530);
#3532=CARTESIAN_POINT('',(1.26E2,3.726471862576E1,-1.36475E2));
#3533=VERTEX_POINT('',#3532);
#3534=CARTESIAN_POINT('',(1.052362908815E2,3.71E1,-2.760869369637E1));
#3535=CARTESIAN_POINT('',(1.052362908815E2,3.726471862576E1,-2.760869369637E1));
#3536=VERTEX_POINT('',#3534);
#3537=VERTEX_POINT('',#3535);
#3538=CARTESIAN_POINT('',(9.954979275145E1,3.726471862576E1,-2.876562481659E1));
#3539=CARTESIAN_POINT('',(9.954979275144E1,3.71E1,-2.876562481660E1));
#3540=VERTEX_POINT('',#3538);
#3541=VERTEX_POINT('',#3539);
#3542=VERTEX_POINT('',#1693);
#3543=CARTESIAN_POINT('',(1.030815831229E2,3.71E1,-2.688773856544E1));
#3544=VERTEX_POINT('',#3543);
#3545=CARTESIAN_POINT('',(1.029419851361E2,3.726471862576E1,-2.688530187352E1));
#3546=VERTEX_POINT('',#3545);
#3547=CARTESIAN_POINT('',(1.028447592997E2,2.55E1,-2.349257607740E1));
#3548=CARTESIAN_POINT('',(8.190699702901E1,2.55E1,-5.7E1));
#3549=VERTEX_POINT('',#3547);
#3550=VERTEX_POINT('',#3548);
#3551=CARTESIAN_POINT('',(1.028447601191E2,3.510018624970E1,-2.349257476609E1));
#3552=VERTEX_POINT('',#3551);
#3553=CARTESIAN_POINT('',(1.013854869306E2,3.51E1,-2.582790003695E1));
#3554=VERTEX_POINT('',#3553);
#3555=CARTESIAN_POINT('',(9.639966223170E1,4.320111986208E1,-3.380688745831E1));
#3556=VERTEX_POINT('',#3555);
#3557=CARTESIAN_POINT('',(9.639966223169E1,4.235E1,-3.380688745831E1));
#3558=VERTEX_POINT('',#3557);
#3559=CARTESIAN_POINT('',(9.122732669294E1,4.235E1,-4.208435461677E1));
#3560=VERTEX_POINT('',#3559);
#3561=CARTESIAN_POINT('',(9.122732669294E1,5.220359202453E1,-4.208435461677E1));
#3562=VERTEX_POINT('',#3561);
#3563=VERTEX_POINT('',#1055);
#3564=CARTESIAN_POINT('',(8.091360610739E1,2.595585571153E1,-5.858975779270E1));
#3565=VERTEX_POINT('',#3564);
#3566=CARTESIAN_POINT('',(8.600901464274E1,2.55E1,-4.4E1));
#3567=VERTEX_POINT('',#3566);
#3568=CARTESIAN_POINT('',(8.855315893123E1,2.55E1,-4.258975779267E1));
#3569=VERTEX_POINT('',#3568);
#3570=CARTESIAN_POINT('',(8.987862288508E1,2.55E1,-4.046857206033E1));
#3571=VERTEX_POINT('',#3570);
#3572=CARTESIAN_POINT('',(8.905520790556E1,2.55E1,-3.642135813481E1));
#3573=VERTEX_POINT('',#3572);
#3574=CARTESIAN_POINT('',(6.977927069093E1,2.55E1,-2.292420159106E1));
#3575=VERTEX_POINT('',#3574);
#3576=CARTESIAN_POINT('',(6.85E1,2.55E1,-2.046674545821E1));
#3577=VERTEX_POINT('',#3576);
#3578=CARTESIAN_POINT('',(6.85E1,2.55E1,-1.300109827370E1));
#3579=VERTEX_POINT('',#3578);
#3580=VERTEX_POINT('',#1268);
#3581=CARTESIAN_POINT('',(8.071906765544E1,2.55E1,-7.999999999999E0));
#3582=VERTEX_POINT('',#3581);
#3583=CARTESIAN_POINT('',(7.1E1,2.55E1,-5.085E1));
#3584=CARTESIAN_POINT('',(7.1E1,2.55E1,-5.615E1));
#3585=VERTEX_POINT('',#3583);
#3586=VERTEX_POINT('',#3584);
#3587=CARTESIAN_POINT('',(8.745396309039E1,2.55E1,-2.471511961775E1));
#3588=CARTESIAN_POINT('',(8.745396309039E1,2.55E1,-3.001511961775E1));
#3589=VERTEX_POINT('',#3587);
#3590=VERTEX_POINT('',#3588);
#3591=CARTESIAN_POINT('',(7.5E1,2.55E1,-1.599476078128E1));
#3592=CARTESIAN_POINT('',(7.5E1,2.55E1,-2.129476078128E1));
#3593=VERTEX_POINT('',#3591);
#3594=VERTEX_POINT('',#3592);
#3595=CARTESIAN_POINT('',(8.122698154519E1,2.55E1,-2.100494019951E1));
#3596=CARTESIAN_POINT('',(8.122698154519E1,2.55E1,-2.500494019951E1));
#3597=VERTEX_POINT('',#3595);
#3598=VERTEX_POINT('',#3596);
#3599=CARTESIAN_POINT('',(8.122698154519E1,2.6E1,-2.150494019951E1));
#3600=CARTESIAN_POINT('',(8.122698154519E1,2.6E1,-2.450494019951E1));
#3601=VERTEX_POINT('',#3599);
#3602=VERTEX_POINT('',#3600);
#3603=CARTESIAN_POINT('',(8.122698154519E1,3.15E1,-2.150494019951E1));
#3604=VERTEX_POINT('',#3603);
#3605=CARTESIAN_POINT('',(8.122698154519E1,3.15E1,-2.450494019951E1));
#3606=VERTEX_POINT('',#3605);
#3607=CARTESIAN_POINT('',(8.122698154519E1,3.240129092854E1,-2.300494019951E1));
#3608=VERTEX_POINT('',#3607);
#3609=CARTESIAN_POINT('',(7.1E1,2.995132068529E1,-5.8375E1));
#3610=CARTESIAN_POINT('',(7.1E1,2.995132068529E1,-4.8625E1));
#3611=VERTEX_POINT('',#3609);
#3612=VERTEX_POINT('',#3610);
#3613=CARTESIAN_POINT('',(7.1E1,6.263240711080E1,-5.8375E1));
#3614=VERTEX_POINT('',#3613);
#3615=VERTEX_POINT('',#1541);
#3616=CARTESIAN_POINT('',(9.497679748875E1,5.175E1,-3.263266497219E1));
#3617=VERTEX_POINT('',#3616);
#3618=VERTEX_POINT('',#1482);
#3619=VERTEX_POINT('',#1489);
#3620=CARTESIAN_POINT('',(9.497679748875E1,3.975E1,-1.798336990705E1));
#3621=VERTEX_POINT('',#3620);
#3622=CARTESIAN_POINT('',(7.982992620145E1,3.975E1,-1.798336990705E1));
#3623=VERTEX_POINT('',#3622);
#3624=VERTEX_POINT('',#1491);
#3625=VERTEX_POINT('',#1503);
#3626=CARTESIAN_POINT('',(8.745396309039E1,2.995132068529E1,-2.249011961775E1));
#3627=CARTESIAN_POINT('',(8.745396309039E1,2.995132068529E1,-3.224011961775E1));
#3628=VERTEX_POINT('',#3626);
#3629=VERTEX_POINT('',#3627);
#3630=CARTESIAN_POINT('',(7.5E1,2.995132068529E1,-1.376976078128E1));
#3631=CARTESIAN_POINT('',(7.5E1,2.995132068529E1,-2.351976078128E1));
#3632=VERTEX_POINT('',#3630);
#3633=VERTEX_POINT('',#3631);
#3634=CARTESIAN_POINT('',(7.499999999970E1,3.563407366178E1,-1.376976105558E1));
#3635=VERTEX_POINT('',#3634);
#3636=VERTEX_POINT('',#1722);
#3637=CARTESIAN_POINT('',(8.071906765543E1,2.660826939130E1,-7.999999999999E0));
#3638=VERTEX_POINT('',#3637);
#3639=CARTESIAN_POINT('',(1.515098120067E2,3.975E1,-5.756821283024E1));
#3640=VERTEX_POINT('',#3639);
#3641=CARTESIAN_POINT('',(1.515098120067E2,3.71E1,-5.756821283027E1));
#3642=VERTEX_POINT('',#3641);
#3643=CARTESIAN_POINT('',(1.044854646962E2,3.71E1,-2.464141036404E1));
#3644=VERTEX_POINT('',#3643);
#3645=CARTESIAN_POINT('',(1.446268947705E2,5.175E1,-6.739803736169E1));
#3646=CARTESIAN_POINT('',(1.228757719546E2,5.175E1,-5.216773720148E1));
#3647=VERTEX_POINT('',#3645);
#3648=VERTEX_POINT('',#3646);
#3649=CARTESIAN_POINT('',(1.26E2,5.175E1,-1.26475E2));
#3650=VERTEX_POINT('',#3649);
#3651=CARTESIAN_POINT('',(1.26E2,3.975E1,-1.38475E2));
#3652=VERTEX_POINT('',#3651);
#3653=CARTESIAN_POINT('',(1.004901879932E2,3.71E1,-1.304317871697E2));
#3654=VERTEX_POINT('',#3653);
#3655=CARTESIAN_POINT('',(1.26E2,3.71E1,-1.38475E2));
#3656=VERTEX_POINT('',#3655);
#3657=CARTESIAN_POINT('',(8.600901464274E1,4.973720098239E1,-4.4E1));
#3658=VERTEX_POINT('',#3657);
#3659=CARTESIAN_POINT('',(8.697858841115E1,5.307347077177E1,-3.779335007513E1));
#3660=VERTEX_POINT('',#3659);
#3661=CARTESIAN_POINT('',(8.293904939342E1,5.020282102152E1,-3.390003911132E1));
#3662=VERTEX_POINT('',#3661);
#3663=VERTEX_POINT('',#1167);
#3664=CARTESIAN_POINT('',(6.554072743193E1,3.820698706288E1,-1.925582995059E1));
#3665=VERTEX_POINT('',#3664);
#3666=VERTEX_POINT('',#1180);
#3667=VERTEX_POINT('',#1186);
#3668=CARTESIAN_POINT('',(6.55E1,2.911504006456E1,-1.153749489360E1));
#3669=VERTEX_POINT('',#3668);
#3670=VERTEX_POINT('',#1213);
#3671=CARTESIAN_POINT('',(6.85E1,3.529524890039E1,-2.046674545821E1));
#3672=VERTEX_POINT('',#3671);
#3673=CARTESIAN_POINT('',(6.977927069094E1,3.934694485087E1,-2.292420159107E1));
#3674=VERTEX_POINT('',#3673);
#3675=CARTESIAN_POINT('',(8.465977832731E1,4.788205339203E1,-3.334364521045E1));
#3676=VERTEX_POINT('',#3675);
#3677=VERTEX_POINT('',#1220);
#3678=VERTEX_POINT('',#1289);
#3679=CARTESIAN_POINT('',(8.987862268490E1,5.018821282568E1,-4.046857238068E1));
#3680=VERTEX_POINT('',#3679);
#3681=CARTESIAN_POINT('',(8.855315893121E1,4.973720098239E1,-4.258975779270E1));
#3682=VERTEX_POINT('',#3681);
#3683=VERTEX_POINT('',#1339);
#3684=VERTEX_POINT('',#2604);
#3685=CARTESIAN_POINT('',(6.6E1,2.85E1,-6.E1));
#3686=VERTEX_POINT('',#3685);
#3687=VERTEX_POINT('',#2622);
#3688=VERTEX_POINT('',#2668);
#3689=VERTEX_POINT('',#2636);
#3690=VERTEX_POINT('',#2645);
#3691=VERTEX_POINT('',#2647);
#3692=VERTEX_POINT('',#2655);
#3693=VERTEX_POINT('',#2660);
#3694=VERTEX_POINT('',#2675);
#3695=VERTEX_POINT('',#2688);
#3696=CARTESIAN_POINT('',(6.8E1,3.65E1,-6.550000000117E1));
#3697=CARTESIAN_POINT('',(6.8E1,5.724641799838E1,-6.550000001058E1));
#3698=VERTEX_POINT('',#3696);
#3699=VERTEX_POINT('',#3697);
#3700=CARTESIAN_POINT('',(6.8E1,3.65E1,-6.249999997755E1));
#3701=VERTEX_POINT('',#3700);
#3702=VERTEX_POINT('',#2713);
#3703=VERTEX_POINT('',#2730);
#3704=CARTESIAN_POINT('',(6.6E1,3.45E1,-6.6E1));
#3705=VERTEX_POINT('',#3704);
#3706=CARTESIAN_POINT('',(6.6E1,3.45E1,-6.2E1));
#3707=VERTEX_POINT('',#3706);
#3708=CARTESIAN_POINT('',(6.6E1,3.45E1,-6.25E1));
#3709=VERTEX_POINT('',#3708);
#3710=CARTESIAN_POINT('',(6.6E1,3.45E1,-6.55E1));
#3711=VERTEX_POINT('',#3710);
#3712=CARTESIAN_POINT('',(6.6E1,3.25E1,-6.E1));
#3713=VERTEX_POINT('',#3712);
#3714=CARTESIAN_POINT('',(7.05E1,3.25E1,-6.E1));
#3715=VERTEX_POINT('',#3714);
#3716=CARTESIAN_POINT('',(6.801548002500E1,3.65E1,-6.222222222222E1));
#3717=VERTEX_POINT('',#3716);
#3718=CARTESIAN_POINT('',(6.602786404500E1,3.45E1,-6.2E1));
#3719=VERTEX_POINT('',#3718);
#3720=VERTEX_POINT('',#2914);
#3721=VERTEX_POINT('',#2900);
#3722=VERTEX_POINT('',#2906);
#3723=VERTEX_POINT('',#2929);
#3724=VERTEX_POINT('',#2990);
#3725=VERTEX_POINT('',#2968);
#3726=VERTEX_POINT('',#2978);
#3727=VERTEX_POINT('',#2983);
#3728=VERTEX_POINT('',#3012);
#3729=VERTEX_POINT('',#3025);
#3730=VERTEX_POINT('',#3035);
#3731=VERTEX_POINT('',#3083);
#3732=CARTESIAN_POINT('',(9.722360291225E1,4.974999999942E1,-8.880285878535E1));
#3733=CARTESIAN_POINT('',(1.091009057809E2,4.975E1,-7.184028487059E1));
#3734=VERTEX_POINT('',#3732);
#3735=VERTEX_POINT('',#3733);
#3736=CARTESIAN_POINT('',(1.109754999073E2,4.975E1,-7.528464809402E1));
#3737=CARTESIAN_POINT('',(1.096396074415E2,4.975E1,-7.644045685866E1));
#3738=VERTEX_POINT('',#3736);
#3739=VERTEX_POINT('',#3737);
#3740=VERTEX_POINT('',#942);
#3741=CARTESIAN_POINT('',(1.216774026044E2,4.975E1,-8.609018636393E1));
#3742=VERTEX_POINT('',#3741);
#3743=CARTESIAN_POINT('',(1.222509790409E2,4.975E1,-8.627103431970E1));
#3744=CARTESIAN_POINT('',(1.226456128260E2,4.975E1,-8.618987281238E1));
#3745=VERTEX_POINT('',#3743);
#3746=VERTEX_POINT('',#3744);
#3747=CARTESIAN_POINT('',(1.26E2,4.975E1,-8.55E1));
#3748=VERTEX_POINT('',#3747);
#3749=CARTESIAN_POINT('',(1.26E2,4.975E1,-1.025E2));
#3750=CARTESIAN_POINT('',(1.175136131323E2,4.975E1,-9.351912794617E1));
#3751=VERTEX_POINT('',#3749);
#3752=VERTEX_POINT('',#3750);
#3753=CARTESIAN_POINT('',(1.170887911134E2,4.975E1,-9.264340271813E1));
#3754=VERTEX_POINT('',#3753);
#3755=CARTESIAN_POINT('',(1.083362432261E2,4.974999998235E1,-8.651480804470E1));
#3756=VERTEX_POINT('',#3755);
#3757=VERTEX_POINT('',#809);
#3758=CARTESIAN_POINT('',(1.025314979030E2,4.975E1,-8.897711145631E1));
#3759=VERTEX_POINT('',#3758);
#3760=VERTEX_POINT('',#915);
#3761=VERTEX_POINT('',#926);
#3762=VERTEX_POINT('',#931);
#3763=CARTESIAN_POINT('',(1.133656766982E2,4.235E1,-9.194722755629E1));
#3764=CARTESIAN_POINT('',(1.26E2,4.235E1,-1.068E2));
#3765=VERTEX_POINT('',#3763);
#3766=VERTEX_POINT('',#3764);
#3767=CARTESIAN_POINT('',(1.386343233018E2,4.235E1,-9.605277244384E1));
#3768=VERTEX_POINT('',#3767);
#3769=CARTESIAN_POINT('',(1.26E2,4.235E1,-8.12E1));
#3770=VERTEX_POINT('',#3769);
#3771=CARTESIAN_POINT('',(1.197498318159E2,4.235E1,-8.282970915012E1));
#3772=VERTEX_POINT('',#3771);
#3773=CARTESIAN_POINT('',(1.191305992939E2,4.235E1,-8.430689548753E1));
#3774=VERTEX_POINT('',#3773);
#3775=VERTEX_POINT('',#955);
#3776=CARTESIAN_POINT('',(9.640649103683E1,4.235E1,-4.224000317113E1));
#3777=VERTEX_POINT('',#3776);
#3778=CARTESIAN_POINT('',(9.377147098140E1,4.235E1,-4.067411240947E1));
#3779=VERTEX_POINT('',#3778);
#3780=CARTESIAN_POINT('',(9.630878646465E1,4.235E1,-3.683075448919E1));
#3781=VERTEX_POINT('',#3780);
#3782=CARTESIAN_POINT('',(1.189823587135E2,4.234999999999E1,-7.849098209739E1));
#3783=VERTEX_POINT('',#3782);
#3784=VERTEX_POINT('',#2057);
#3785=CARTESIAN_POINT('',(1.26E2,4.235E1,-7.965608616366E1));
#3786=VERTEX_POINT('',#3785);
#3787=CARTESIAN_POINT('',(1.295395842814E2,4.235E1,-1.079003311924E2));
#3788=VERTEX_POINT('',#3787);
#3789=CARTESIAN_POINT('',(1.26E2,4.235E1,-1.083439138363E2));
#3790=VERTEX_POINT('',#3789);
#3791=CARTESIAN_POINT('',(1.119901807090E2,4.235E1,-9.707779589612E1));
#3792=VERTEX_POINT('',#3791);
#3793=VERTEX_POINT('',#2029);
#3794=CARTESIAN_POINT('',(7.215548203627E1,4.235E1,-9.348267648998E1));
#3795=VERTEX_POINT('',#3794);
#3796=CARTESIAN_POINT('',(7.205702697428E1,4.235E1,-9.348106048820E1));
#3797=VERTEX_POINT('',#3796);
#3798=CARTESIAN_POINT('',(7.223752346843E1,4.235E1,-9.098402301192E1));
#3799=VERTEX_POINT('',#3798);
#3800=CARTESIAN_POINT('',(1.091233546632E2,4.235E1,-9.219517776838E1));
#3801=VERTEX_POINT('',#3800);
#3802=VERTEX_POINT('',#3062);
#3803=VERTEX_POINT('',#825);
#3804=CARTESIAN_POINT('',(1.145419878031E2,4.235E1,-9.086011184186E1));
#3805=VERTEX_POINT('',#3804);
#3806=CARTESIAN_POINT('',(1.198963201327E2,4.205E1,-8.309151284195E1));
#3807=VERTEX_POINT('',#3806);
#3808=CARTESIAN_POINT('',(1.136617936506E2,4.205E1,-9.199533941032E1));
#3809=VERTEX_POINT('',#3808);
#3810=CARTESIAN_POINT('',(1.26E2,4.205E1,-1.065E2));
#3811=VERTEX_POINT('',#3810);
#3812=CARTESIAN_POINT('',(1.26E2,4.205E1,-8.15E1));
#3813=VERTEX_POINT('',#3812);
#3814=VERTEX_POINT('',#647);
#3815=CARTESIAN_POINT('',(1.216774026044E2,3.635E1,-8.609018636393E1));
#3816=CARTESIAN_POINT('',(1.198110380858E2,3.635E1,-8.478334385890E1));
#3817=VERTEX_POINT('',#3815);
#3818=VERTEX_POINT('',#3816);
#3819=CARTESIAN_POINT('',(1.146488501586E2,3.635E1,-9.115571225748E1));
#3820=CARTESIAN_POINT('',(1.152224265947E2,3.635E1,-9.133656021303E1));
#3821=VERTEX_POINT('',#3819);
#3822=VERTEX_POINT('',#3820);
#3823=CARTESIAN_POINT('',(1.170887911136E2,3.635E1,-9.264340271827E1));
#3824=VERTEX_POINT('',#3823);
#3825=CARTESIAN_POINT('',(1.175136131323E2,3.635E1,-9.351912794618E1));
#3826=VERTEX_POINT('',#3825);
#3827=CARTESIAN_POINT('',(1.26E2,3.635E1,-1.025E2));
#3828=CARTESIAN_POINT('',(1.26E2,3.635E1,-8.55E1));
#3829=VERTEX_POINT('',#3827);
#3830=VERTEX_POINT('',#3828);
#3831=CARTESIAN_POINT('',(1.226456128260E2,3.635E1,-8.618987281237E1));
#3832=VERTEX_POINT('',#3831);
#3833=CARTESIAN_POINT('',(1.222509790409E2,3.635E1,-8.627103431970E1));
#3834=VERTEX_POINT('',#3833);
#3835=CARTESIAN_POINT('',(1.193848976479E2,3.635E1,-8.398798617303E1));
#3836=VERTEX_POINT('',#3835);
#3837=CARTESIAN_POINT('',(1.26E2,3.635E1,-8.2E1));
#3838=VERTEX_POINT('',#3837);
#3839=CARTESIAN_POINT('',(1.26E2,3.635E1,-1.06E2));
#3840=CARTESIAN_POINT('',(1.143292862330E2,3.635E1,-9.120814753807E1));
#3841=VERTEX_POINT('',#3839);
#3842=VERTEX_POINT('',#3840);
#3843=CARTESIAN_POINT('',(1.136617936506E2,3.685E1,-9.199533941029E1));
#3844=VERTEX_POINT('',#3843);
#3845=CARTESIAN_POINT('',(1.146488501586E2,4.205E1,-9.115571225748E1));
#3846=VERTEX_POINT('',#3845);
#3847=CARTESIAN_POINT('',(1.152224265949E2,4.205E1,-9.133656021317E1));
#3848=VERTEX_POINT('',#3847);
#3849=CARTESIAN_POINT('',(1.198963201327E2,3.685E1,-8.309151284194E1));
#3850=VERTEX_POINT('',#3849);
#3851=CARTESIAN_POINT('',(1.26E2,3.685E1,-1.065E2));
#3852=VERTEX_POINT('',#3851);
#3853=CARTESIAN_POINT('',(1.26E2,3.685E1,-8.15E1));
#3854=VERTEX_POINT('',#3853);
#3855=VERTEX_POINT('',#790);
#3856=VERTEX_POINT('',#846);
#3857=VERTEX_POINT('',#3070);
#3858=VERTEX_POINT('',#502);
#3859=CARTESIAN_POINT('',(7.223752346843E1,5.035210792568E1,-9.098402301192E1));
#3860=VERTEX_POINT('',#3859);
#3861=VERTEX_POINT('',#494);
#3862=VERTEX_POINT('',#500);
#3863=CARTESIAN_POINT('',(7.187914986661E1,5.035210792568E1,-9.095065323257E1));
#3864=VERTEX_POINT('',#3863);
#3865=VERTEX_POINT('',#967);
#3866=CARTESIAN_POINT('',(1.136105199628E2,4.675E1,-7.385053885567E1));
#3867=VERTEX_POINT('',#3866);
#3868=CARTESIAN_POINT('',(1.117359258363E2,4.675E1,-7.040617563224E1));
#3869=VERTEX_POINT('',#3868);
#3870=CARTESIAN_POINT('',(1.029690122507E2,5.497771406981E1,-5.429792355166E1));
#3871=VERTEX_POINT('',#3870);
#3872=CARTESIAN_POINT('',(9.640648899156E1,5.220359098993E1,-4.223999941317E1));
#3873=VERTEX_POINT('',#3872);
#3874=CARTESIAN_POINT('',(9.411616808579E1,5.220359202453E1,-4.069398088448E1));
#3875=VERTEX_POINT('',#3874);
#3876=CARTESIAN_POINT('',(9.377147098140E1,5.220359202453E1,-4.067411240947E1));
#3877=VERTEX_POINT('',#3876);
#3878=CARTESIAN_POINT('',(9.249661795290E1,5.220359202453E1,-4.095846336077E1));
#3879=VERTEX_POINT('',#3878);
#3880=VERTEX_POINT('',#2112);
#3881=VERTEX_POINT('',#2117);
#3882=VERTEX_POINT('',#2100);
#3883=VERTEX_POINT('',#2110);
#3884=VERTEX_POINT('',#2333);
#3885=VERTEX_POINT('',#2304);
#3886=VERTEX_POINT('',#2444);
#3887=CARTESIAN_POINT('',(1.446557184385E2,4.887132034357E1,-6.735687289765E1));
#3888=CARTESIAN_POINT('',(1.496906725393E2,4.009314575052E1,-6.016621323462E1));
#3889=VERTEX_POINT('',#3887);
#3890=VERTEX_POINT('',#3888);
#3891=CARTESIAN_POINT('',(1.229045956226E2,4.887132034358E1,-5.212657273741E1));
#3892=VERTEX_POINT('',#3891);
#3893=VERTEX_POINT('',#2124);
#3894=CARTESIAN_POINT('',(1.045642956195E2,4.009314602274E1,-2.856838427570E1));
#3895=VERTEX_POINT('',#3894);
#3896=CARTESIAN_POINT('',(1.023093263604E2,4.009314383205E1,-1.278337883369E2));
#3897=CARTESIAN_POINT('',(1.073442815615E2,4.887132034357E1,-1.206431271024E2));
#3898=VERTEX_POINT('',#3896);
#3899=VERTEX_POINT('',#3897);
#3900=CARTESIAN_POINT('',(1.26E2,4.887132034356E1,-1.265252525317E2));
#3901=VERTEX_POINT('',#3900);
#3902=CARTESIAN_POINT('',(1.26E2,4.009314575051E1,-1.353034271247E2));
#3903=VERTEX_POINT('',#3902);
#3904=VERTEX_POINT('',#2162);
#3905=VERTEX_POINT('',#2182);
#3906=CARTESIAN_POINT('',(8.032561653139E1,5.025263151718E1,-1.000381847798E2));
#3907=VERTEX_POINT('',#3906);
#3908=VERTEX_POINT('',#2143);
#3909=CARTESIAN_POINT('',(7.245042153892E1,4.009313295970E1,-1.069263713708E2));
#3910=VERTEX_POINT('',#3909);
#3911=VERTEX_POINT('',#2150);
#3912=VERTEX_POINT('',#2155);
#3913=VERTEX_POINT('',#2024);
#3914=CARTESIAN_POINT('',(7.983307716509E1,5.116667468612E1,-9.822961887698E1));
#3915=VERTEX_POINT('',#3914);
#3916=VERTEX_POINT('',#1985);
#3917=VERTEX_POINT('',#2017);
#3918=CARTESIAN_POINT('',(9.150092131829E1,4.674998602964E1,-9.411788845350E1));
#3919=VERTEX_POINT('',#3918);
#3920=VERTEX_POINT('',#2050);
#3921=VERTEX_POINT('',#2048);
#3922=CARTESIAN_POINT('',(1.26E2,4.975E1,-1.18E2));
#3923=VERTEX_POINT('',#3922);
#3924=CARTESIAN_POINT('',(1.497474521605E2,4.975E1,-9.052746261558E1));
#3925=VERTEX_POINT('',#3924);
#3926=CARTESIAN_POINT('',(1.26E2,4.975E1,-7.E1));
#3927=VERTEX_POINT('',#3926);
#3928=VERTEX_POINT('',#2074);
#3929=VERTEX_POINT('',#2090);
#3930=CARTESIAN_POINT('',(1.076788049302E2,5.360550848404E1,-5.335045525927E1));
#3931=CARTESIAN_POINT('',(1.092207153362E2,5.362331277742E1,-5.252589547284E1));
#3932=VERTEX_POINT('',#3930);
#3933=VERTEX_POINT('',#3931);
#3934=VERTEX_POINT('',#2417);
#3935=VERTEX_POINT('',#2327);
#3936=VERTEX_POINT('',#2321);
#3937=CARTESIAN_POINT('',(1.216878562596E2,4.975E1,-5.386425663345E1));
#3938=VERTEX_POINT('',#3937);
#3939=CARTESIAN_POINT('',(1.434389790755E2,4.975E1,-6.909455679367E1));
#3940=VERTEX_POINT('',#3939);
#3941=CARTESIAN_POINT('',(1.085610209245E2,4.975E1,-1.189054432063E2));
#3942=VERTEX_POINT('',#3941);
#3943=CARTESIAN_POINT('',(1.26E2,4.975E1,-1.244039321881E2));
#3944=VERTEX_POINT('',#3943);
#3945=CARTESIAN_POINT('',(8.680989810856E1,4.975E1,-1.036751430461E2));
#3946=VERTEX_POINT('',#3945);
#3947=VERTEX_POINT('',#2389);
#3948=VERTEX_POINT('',#2203);
#3949=VERTEX_POINT('',#2218);
#3950=VERTEX_POINT('',#2193);
#3951=CARTESIAN_POINT('',(9.140246867305E1,4.975E1,-9.711627289896E1));
#3952=VERTEX_POINT('',#3951);
#3953=CARTESIAN_POINT('',(1.029419851361E2,3.985391706441E1,-2.783635919691E1));
#3954=VERTEX_POINT('',#3953);
#3955=CARTESIAN_POINT('',(8.745396309039E1,2.995132068529E1,-3.051511961775E1));
#3956=CARTESIAN_POINT('',(8.745396309039E1,2.995132068529E1,-2.421511961775E1));
#3957=VERTEX_POINT('',#3955);
#3958=VERTEX_POINT('',#3956);
#3959=CARTESIAN_POINT('',(8.745396309039E1,2.945132068529E1,-3.001511961775E1));
#3960=CARTESIAN_POINT('',(8.745396309039E1,2.945132068529E1,-2.471511961775E1));
#3961=VERTEX_POINT('',#3959);
#3962=VERTEX_POINT('',#3960);
#3963=CARTESIAN_POINT('',(7.5E1,2.995132068529E1,-2.179476078128E1));
#3964=CARTESIAN_POINT('',(7.5E1,2.995132068529E1,-1.549476078128E1));
#3965=VERTEX_POINT('',#3963);
#3966=VERTEX_POINT('',#3964);
#3967=CARTESIAN_POINT('',(7.5E1,2.945132068529E1,-2.129476078128E1));
#3968=CARTESIAN_POINT('',(7.5E1,2.945132068529E1,-1.599476078128E1));
#3969=VERTEX_POINT('',#3967);
#3970=VERTEX_POINT('',#3968);
#3971=CARTESIAN_POINT('',(7.1E1,2.995132068529E1,-5.665E1));
#3972=CARTESIAN_POINT('',(7.1E1,2.995132068529E1,-5.035E1));
#3973=VERTEX_POINT('',#3971);
#3974=VERTEX_POINT('',#3972);
#3975=CARTESIAN_POINT('',(7.1E1,2.945132068529E1,-5.615E1));
#3976=CARTESIAN_POINT('',(7.1E1,2.945132068529E1,-5.085E1));
#3977=VERTEX_POINT('',#3975);
#3978=VERTEX_POINT('',#3976);
#3979=CARTESIAN_POINT('',(6.875E1,2.895132068529E1,-1.216377573092E2));
#3980=CARTESIAN_POINT('',(6.875E1,2.895132068529E1,-1.163377573092E2));
#3981=VERTEX_POINT('',#3979);
#3982=VERTEX_POINT('',#3980);
#3983=CARTESIAN_POINT('',(6.875E1,2.845132068529E1,-1.211377573092E2));
#3984=CARTESIAN_POINT('',(6.875E1,2.845132068529E1,-1.168377573092E2));
#3985=VERTEX_POINT('',#3983);
#3986=VERTEX_POINT('',#3984);
#3987=CARTESIAN_POINT('',(1.349712569798E3,4.420282135681E1,-1.013913478260E2));
#3988=DIRECTION('',(0.E0,7.735893215950E-1,-6.336872742246E-1));
#3989=DIRECTION('',(0.E0,6.336872742246E-1,7.735893215950E-1));
#3990=AXIS2_PLACEMENT_3D('',#3987,#3988,#3989);
#3991=PLANE('',#3990);
#3993=ORIENTED_EDGE('',*,*,#3992,.F.);
#3995=ORIENTED_EDGE('',*,*,#3994,.F.);
#3997=ORIENTED_EDGE('',*,*,#3996,.T.);
#3998=EDGE_LOOP('',(#3993,#3995,#3997));
#3999=FACE_OUTER_BOUND('',#3998,.F.);
#4000=ADVANCED_FACE('',(#3999),#3991,.F.);
#4001=CARTESIAN_POINT('',(1.349712569798E3,4.305249931161E1,-9.648336990705E1));
#4002=DIRECTION('',(1.E0,0.E0,0.E0));
#4003=DIRECTION('',(0.E0,0.E0,-1.E0));
#4004=AXIS2_PLACEMENT_3D('',#4001,#4002,#4003);
#4005=CYLINDRICAL_SURFACE('',#4004,4.E0);
#4007=ORIENTED_EDGE('',*,*,#4006,.T.);
#4009=ORIENTED_EDGE('',*,*,#4008,.F.);
#4010=ORIENTED_EDGE('',*,*,#3992,.T.);
#4012=ORIENTED_EDGE('',*,*,#4011,.T.);
#4013=EDGE_LOOP('',(#4007,#4009,#4010,#4012));
#4014=FACE_OUTER_BOUND('',#4013,.F.);
#4015=ADVANCED_FACE('',(#4014),#4005,.F.);
#4016=CARTESIAN_POINT('',(6.668496020377E1,6.295332068529E1,-1.004833699070E2));
#4017=DIRECTION('',(0.E0,0.E0,1.E0));
#4018=DIRECTION('',(1.E0,0.E0,0.E0));
#4019=AXIS2_PLACEMENT_3D('',#4016,#4017,#4018);
#4020=PLANE('',#4019);
#4022=ORIENTED_EDGE('',*,*,#4021,.F.);
#4024=ORIENTED_EDGE('',*,*,#4023,.F.);
#4025=ORIENTED_EDGE('',*,*,#4006,.F.);
#4027=ORIENTED_EDGE('',*,*,#4026,.F.);
#4028=EDGE_LOOP('',(#4022,#4024,#4025,#4027));
#4029=FACE_OUTER_BOUND('',#4028,.F.);
#4030=ADVANCED_FACE('',(#4029),#4020,.T.);
#4031=CARTESIAN_POINT('',(5.5E1,2.55E1,-6.4E1));
#4032=DIRECTION('',(0.E0,-1.E0,0.E0));
#4033=DIRECTION('',(1.E0,0.E0,0.E0));
#4034=AXIS2_PLACEMENT_3D('',#4031,#4032,#4033);
#4035=PLANE('',#4034);
#4037=ORIENTED_EDGE('',*,*,#4036,.T.);
#4039=ORIENTED_EDGE('',*,*,#4038,.T.);
#4041=ORIENTED_EDGE('',*,*,#4040,.T.);
#4043=ORIENTED_EDGE('',*,*,#4042,.F.);
#4045=ORIENTED_EDGE('',*,*,#4044,.F.);
#4046=ORIENTED_EDGE('',*,*,#4021,.T.);
#4048=ORIENTED_EDGE('',*,*,#4047,.T.);
#4050=ORIENTED_EDGE('',*,*,#4049,.T.);
#4052=ORIENTED_EDGE('',*,*,#4051,.T.);
#4054=ORIENTED_EDGE('',*,*,#4053,.T.);
#4056=ORIENTED_EDGE('',*,*,#4055,.F.);
#4058=ORIENTED_EDGE('',*,*,#4057,.F.);
#4059=EDGE_LOOP('',(#4037,#4039,#4041,#4043,#4045,#4046,#4048,#4050,#4052,#4054,
#4056,#4058));
#4060=FACE_OUTER_BOUND('',#4059,.F.);
#4062=ORIENTED_EDGE('',*,*,#4061,.T.);
#4064=ORIENTED_EDGE('',*,*,#4063,.T.);
#4065=EDGE_LOOP('',(#4062,#4064));
#4066=FACE_BOUND('',#4065,.F.);
#4068=ORIENTED_EDGE('',*,*,#4067,.T.);
#4070=ORIENTED_EDGE('',*,*,#4069,.T.);
#4071=EDGE_LOOP('',(#4068,#4070));
#4072=FACE_BOUND('',#4071,.F.);
#4073=ADVANCED_FACE('',(#4060,#4066,#4072),#4035,.T.);
#4074=CARTESIAN_POINT('',(7.058339599001E1,1.258962569798E3,-7.1E1));
#4075=DIRECTION('',(0.E0,-1.E0,0.E0));
#4076=DIRECTION('',(0.E0,0.E0,-1.E0));
#4077=AXIS2_PLACEMENT_3D('',#4074,#4075,#4076);
#4078=CYLINDRICAL_SURFACE('',#4077,3.E0);
#4080=ORIENTED_EDGE('',*,*,#4079,.T.);
#4082=ORIENTED_EDGE('',*,*,#4081,.T.);
#4084=ORIENTED_EDGE('',*,*,#4083,.T.);
#4085=ORIENTED_EDGE('',*,*,#4036,.F.);
#4087=ORIENTED_EDGE('',*,*,#4086,.T.);
#4088=EDGE_LOOP('',(#4080,#4082,#4084,#4085,#4087));
#4089=FACE_OUTER_BOUND('',#4088,.F.);
#4090=ADVANCED_FACE('',(#4089),#4078,.T.);
#4091=CARTESIAN_POINT('',(1.349095790484E3,3.25E1,-6.8E1));
#4092=DIRECTION('',(0.E0,0.E0,-1.E0));
#4093=DIRECTION('',(-1.E0,0.E0,0.E0));
#4094=AXIS2_PLACEMENT_3D('',#4091,#4092,#4093);
#4095=PLANE('',#4094);
#4097=ORIENTED_EDGE('',*,*,#4096,.F.);
#4099=ORIENTED_EDGE('',*,*,#4098,.F.);
#4101=ORIENTED_EDGE('',*,*,#4100,.F.);
#4103=ORIENTED_EDGE('',*,*,#4102,.T.);
#4105=ORIENTED_EDGE('',*,*,#4104,.F.);
#4106=ORIENTED_EDGE('',*,*,#4079,.F.);
#4108=ORIENTED_EDGE('',*,*,#4107,.F.);
#4109=EDGE_LOOP('',(#4097,#4099,#4101,#4103,#4105,#4106,#4108));
#4110=FACE_OUTER_BOUND('',#4109,.F.);
#4111=ADVANCED_FACE('',(#4110),#4095,.F.);
#4112=CARTESIAN_POINT('',(6.6E1,0.E0,-7.E1));
#4113=DIRECTION('',(0.E0,1.E0,0.E0));
#4114=DIRECTION('',(0.E0,0.E0,1.E0));
#4115=AXIS2_PLACEMENT_3D('',#4112,#4113,#4114);
#4116=CYLINDRICAL_SURFACE('',#4115,2.E0);
#4118=ORIENTED_EDGE('',*,*,#4117,.T.);
#4120=ORIENTED_EDGE('',*,*,#4119,.F.);
#4121=ORIENTED_EDGE('',*,*,#4096,.T.);
#4123=ORIENTED_EDGE('',*,*,#4122,.F.);
#4124=EDGE_LOOP('',(#4118,#4120,#4121,#4123));
#4125=FACE_OUTER_BOUND('',#4124,.F.);
#4126=ADVANCED_FACE('',(#4125),#4116,.T.);
#4127=CARTESIAN_POINT('',(6.4E1,0.E0,-6.4E1));
#4128=DIRECTION('',(1.E0,0.E0,0.E0));
#4129=DIRECTION('',(0.E0,1.E0,0.E0));
#4130=AXIS2_PLACEMENT_3D('',#4127,#4128,#4129);
#4131=PLANE('',#4130);
#4132=ORIENTED_EDGE('',*,*,#4055,.T.);
#4134=ORIENTED_EDGE('',*,*,#4133,.F.);
#4136=ORIENTED_EDGE('',*,*,#4135,.F.);
#4138=ORIENTED_EDGE('',*,*,#4137,.T.);
#4140=ORIENTED_EDGE('',*,*,#4139,.T.);
#4141=ORIENTED_EDGE('',*,*,#3994,.T.);
#4142=ORIENTED_EDGE('',*,*,#4008,.T.);
#4143=ORIENTED_EDGE('',*,*,#4023,.T.);
#4144=ORIENTED_EDGE('',*,*,#4044,.T.);
#4146=ORIENTED_EDGE('',*,*,#4145,.T.);
#4148=ORIENTED_EDGE('',*,*,#4147,.T.);
#4150=ORIENTED_EDGE('',*,*,#4149,.T.);
#4152=ORIENTED_EDGE('',*,*,#4151,.T.);
#4154=ORIENTED_EDGE('',*,*,#4153,.T.);
#4156=ORIENTED_EDGE('',*,*,#4155,.T.);
#4158=ORIENTED_EDGE('',*,*,#4157,.T.);
#4160=ORIENTED_EDGE('',*,*,#4159,.T.);
#4162=ORIENTED_EDGE('',*,*,#4161,.F.);
#4164=ORIENTED_EDGE('',*,*,#4163,.T.);
#4166=ORIENTED_EDGE('',*,*,#4165,.T.);
#4168=ORIENTED_EDGE('',*,*,#4167,.T.);
#4170=ORIENTED_EDGE('',*,*,#4169,.T.);
#4172=ORIENTED_EDGE('',*,*,#4171,.T.);
#4174=ORIENTED_EDGE('',*,*,#4173,.F.);
#4176=ORIENTED_EDGE('',*,*,#4175,.T.);
#4178=ORIENTED_EDGE('',*,*,#4177,.T.);
#4180=ORIENTED_EDGE('',*,*,#4179,.F.);
#4182=ORIENTED_EDGE('',*,*,#4181,.T.);
#4184=ORIENTED_EDGE('',*,*,#4183,.F.);
#4186=ORIENTED_EDGE('',*,*,#4185,.T.);
#4187=ORIENTED_EDGE('',*,*,#4117,.F.);
#4189=ORIENTED_EDGE('',*,*,#4188,.T.);
#4190=EDGE_LOOP('',(#4132,#4134,#4136,#4138,#4140,#4141,#4142,#4143,#4144,#4146,
#4148,#4150,#4152,#4154,#4156,#4158,#4160,#4162,#4164,#4166,#4168,#4170,#4172,
#4174,#4176,#4178,#4180,#4182,#4184,#4186,#4187,#4189));
#4191=FACE_OUTER_BOUND('',#4190,.F.);
#4192=ADVANCED_FACE('',(#4191),#4131,.F.);
#4193=CARTESIAN_POINT('',(6.7E1,-2.5002E1,-7.3E1));
#4194=DIRECTION('',(0.E0,1.E0,0.E0));
#4195=DIRECTION('',(0.E0,0.E0,1.E0));
#4196=AXIS2_PLACEMENT_3D('',#4193,#4194,#4195);
#4197=CYLINDRICAL_SURFACE('',#4196,3.E0);
#4199=ORIENTED_EDGE('',*,*,#4198,.T.);
#4200=ORIENTED_EDGE('',*,*,#4133,.T.);
#4201=ORIENTED_EDGE('',*,*,#4053,.F.);
#4203=ORIENTED_EDGE('',*,*,#4202,.F.);
#4204=EDGE_LOOP('',(#4199,#4200,#4201,#4203));
#4205=FACE_OUTER_BOUND('',#4204,.F.);
#4206=ADVANCED_FACE('',(#4205),#4197,.T.);
#4207=CARTESIAN_POINT('',(6.591133048821E1,5.759480594848E1,-8.151095393401E1));
#4208=CARTESIAN_POINT('',(6.644357024290E1,5.887834169995E1,-7.856153066420E1));
#4209=CARTESIAN_POINT('',(6.674446864869E1,5.704094010553E1,-7.588485124422E1));
#4210=CARTESIAN_POINT('',(6.653463106386E1,5.378807841494E1,-7.596606386682E1));
#4211=CARTESIAN_POINT('',(6.500793891914E1,5.765472287255E1,-8.135974072141E1));
#4212=CARTESIAN_POINT('',(6.597896002618E1,5.889128772445E1,-7.849692888550E1));
#4213=CARTESIAN_POINT('',(6.652714926726E1,5.705941566138E1,-7.587607002599E1));
#4214=CARTESIAN_POINT('',(6.614864573422E1,5.384224685747E1,-7.590585337958E1));
#4215=CARTESIAN_POINT('',(6.331792018968E1,5.792115626537E1,-8.069072108059E1));
#4216=CARTESIAN_POINT('',(6.505732263351E1,5.894816174786E1,-7.821860934459E1));
#4217=CARTESIAN_POINT('',(6.605171612770E1,5.714029511146E1,-7.583902562336E1));
#4218=CARTESIAN_POINT('',(6.542869092363E1,5.408311311762E1,-7.563943020073E1));
#4219=CARTESIAN_POINT('',(6.136538425288E1,5.858280236129E1,-7.884062580599E1));
#4220=CARTESIAN_POINT('',(6.370352694218E1,5.920096414113E1,-7.720988697766E1));
#4221=CARTESIAN_POINT('',(6.516554512887E1,5.744172831704E1,-7.543824686068E1));
#4222=CARTESIAN_POINT('',(6.460720726125E1,5.468154858174E1,-7.491212171635E1));
#4223=CARTESIAN_POINT('',(6.012392280700E1,5.931855144585E1,-7.642103409725E1));
#4224=CARTESIAN_POINT('',(6.266824140197E1,5.958918533092E1,-7.566541584042E1));
#4225=CARTESIAN_POINT('',(6.438608247147E1,5.787052174624E1,-7.460560696726E1));
#4226=CARTESIAN_POINT('',(6.409281036537E1,5.534748024539E1,-7.397237745973E1));
#4227=CARTESIAN_POINT('',(5.985742384707E1,5.976554277344E1,-7.456517324075E1));
#4228=CARTESIAN_POINT('',(6.235524394975E1,5.988196772255E1,-7.436569347821E1));
#4229=CARTESIAN_POINT('',(6.410671788594E1,5.817989040838E1,-7.381127107060E1));
#4230=CARTESIAN_POINT('',(6.398665844801E1,5.575252611014E1,-7.325802433972E1));
#4231=CARTESIAN_POINT('',(5.988395634506E1,5.996348961856E1,-7.360868836160E1));
#4232=CARTESIAN_POINT('',(6.232566970945E1,6.002085103165E1,-7.369000576053E1));
#4233=CARTESIAN_POINT('',(6.405820965860E1,5.832408535601E1,-7.338782871568E1));
#4234=CARTESIAN_POINT('',(6.400015490113E1,5.593206123531E1,-7.289072469793E1));
#4235=(BOUNDED_SURFACE()B_SPLINE_SURFACE(3,3,((#4207,#4208,#4209,#4210),(#4211,
#4212,#4213,#4214),(#4215,#4216,#4217,#4218),(#4219,#4220,#4221,#4222),(#4223,
#4224,#4225,#4226),(#4227,#4228,#4229,#4230),(#4231,#4232,#4233,#4234)),
.UNSPECIFIED.,.F.,.F.,.F.)B_SPLINE_SURFACE_WITH_KNOTS((4,1,1,1,4),(4,4),(
2.414768163266E-2,2.683871870861E-2,2.933078777002E-2,3.182285683142E-2,
3.445842021488E-2),(-2.121990569942E-2,1.021067844752E0),.UNSPECIFIED.)GEOMETRIC_REPRESENTATION_ITEM()RATIONAL_B_SPLINE_SURFACE(((1.018866679302E0,
7.035476984363E-1,7.035017027804E-1,1.018728692334E0),(1.018672177251E0,
7.066039109235E-1,7.065583894500E-1,1.018535612830E0),(1.017807889710E0,
7.201844688096E-1,7.201410544093E-1,1.017677646509E0),(1.015855983780E0,
7.508547842481E-1,7.508161284591E-1,1.015740016414E0),(1.013945357455E0,
7.808764728678E-1,7.808424750533E-1,1.013843364013E0),(1.012979002198E0,
7.960608217259E-1,7.960291798185E-1,1.012884076476E0),(1.012605906757E0,
8.019232737447E-1,8.018925414180E-1,1.012513709778E0)))REPRESENTATION_ITEM('')SURFACE());
#4237=ORIENTED_EDGE('',*,*,#4236,.F.);
#4238=ORIENTED_EDGE('',*,*,#4135,.T.);
#4239=ORIENTED_EDGE('',*,*,#4198,.F.);
#4241=ORIENTED_EDGE('',*,*,#4240,.T.);
#4242=EDGE_LOOP('',(#4237,#4238,#4239,#4241));
#4243=FACE_OUTER_BOUND('',#4242,.F.);
#4244=ADVANCED_FACE('',(#4243),#4235,.F.);
#4245=CARTESIAN_POINT('',(6.4E1,1.347785607576E1,-6.398336990705E1));
#4246=DIRECTION('',(1.E0,0.E0,0.E0));
#4247=DIRECTION('',(0.E0,0.E0,-1.E0));
#4248=AXIS2_PLACEMENT_3D('',#4245,#4246,#4247);
#4249=CYLINDRICAL_SURFACE('',#4248,4.747346460953E1);
#4251=ORIENTED_EDGE('',*,*,#4250,.T.);
#4252=ORIENTED_EDGE('',*,*,#4137,.F.);
#4253=ORIENTED_EDGE('',*,*,#4236,.T.);
#4255=ORIENTED_EDGE('',*,*,#4254,.T.);
#4256=EDGE_LOOP('',(#4251,#4252,#4253,#4255));
#4257=FACE_OUTER_BOUND('',#4256,.F.);
#4258=ADVANCED_FACE('',(#4257),#4249,.F.);
#4259=CARTESIAN_POINT('',(1.349712569798E3,4.420282135681E1,-1.013913478260E2));
#4260=DIRECTION('',(0.E0,7.735893215950E-1,-6.336872742246E-1));
#4261=DIRECTION('',(0.E0,6.336872742246E-1,7.735893215950E-1));
#4262=AXIS2_PLACEMENT_3D('',#4259,#4260,#4261);
#4263=PLANE('',#4262);
#4264=ORIENTED_EDGE('',*,*,#4139,.F.);
#4265=ORIENTED_EDGE('',*,*,#4250,.F.);
#4267=ORIENTED_EDGE('',*,*,#4266,.T.);
#4268=EDGE_LOOP('',(#4264,#4265,#4267));
#4269=FACE_OUTER_BOUND('',#4268,.F.);
#4270=ADVANCED_FACE('',(#4269),#4263,.F.);
#4271=CARTESIAN_POINT('',(6.396099589515E1,4.607270845019E1,-9.910473288614E1));
#4272=CARTESIAN_POINT('',(6.587716896530E1,4.618156442515E1,-9.909482546152E1));
#4273=CARTESIAN_POINT('',(6.721158499452E1,4.514888296465E1,-9.817990550514E1));
#4274=CARTESIAN_POINT('',(6.707241332167E1,4.366432380298E1,-9.697102186806E1));
#4275=CARTESIAN_POINT('',(6.387370318860E1,4.747161047539E1,-9.739705333955E1));
#4276=CARTESIAN_POINT('',(6.576559931979E1,4.754465554029E1,-9.742815669621E1));
#4277=CARTESIAN_POINT('',(6.709467502291E1,4.651753401566E1,-9.655472287722E1));
#4278=CARTESIAN_POINT('',(6.699063684587E1,4.506233208163E1,-9.534828391145E1));
#4279=CARTESIAN_POINT('',(6.385706487786E1,4.887293804432E1,-9.568641295381E1));
#4280=CARTESIAN_POINT('',(6.572218507737E1,4.891941966537E1,-9.574726892728E1));
#4281=CARTESIAN_POINT('',(6.704455629159E1,4.789774137894E1,-9.491489483285E1));
#4282=CARTESIAN_POINT('',(6.697596150789E1,4.646278508159E1,-9.372282404832E1));
#4283=CARTESIAN_POINT('',(6.391098093602E1,5.027195533589E1,-9.397859287621E1));
#4284=CARTESIAN_POINT('',(6.574941635031E1,5.030040701443E1,-9.405882231363E1));
#4285=CARTESIAN_POINT('',(6.706375633672E1,4.928404475395E1,-9.326696284606E1));
#4286=CARTESIAN_POINT('',(6.702828075134E1,4.786094840240E1,-9.210013220881E1));
#4287=(BOUNDED_SURFACE()B_SPLINE_SURFACE(3,3,((#4271,#4272,#4273,#4274),(#4275,
#4276,#4277,#4278),(#4279,#4280,#4281,#4282),(#4283,#4284,#4285,#4286)),
.UNSPECIFIED.,.F.,.F.,.F.)B_SPLINE_SURFACE_WITH_KNOTS((4,4),(4,4),(
1.519136696868E0,1.601749321264E0),(-2.851022858381E-2,1.028001067406E0),
.UNSPECIFIED.)GEOMETRIC_REPRESENTATION_ITEM()RATIONAL_B_SPLINE_SURFACE(((
1.017861159606E0,7.911167337262E-1,7.910075121325E-1,1.017533494825E0),(
1.017493759567E0,7.954134155680E-1,7.953064406380E-1,1.017172834776E0),(
1.017130546373E0,7.996611329658E-1,7.995563790967E-1,1.016816284765E0),(
1.016772393215E0,8.038496740825E-1,8.037471103321E-1,1.016464701963E0)))REPRESENTATION_ITEM('')SURFACE());
#4289=ORIENTED_EDGE('',*,*,#4288,.F.);
#4290=ORIENTED_EDGE('',*,*,#3996,.F.);
#4291=ORIENTED_EDGE('',*,*,#4266,.F.);
#4293=ORIENTED_EDGE('',*,*,#4292,.F.);
#4295=ORIENTED_EDGE('',*,*,#4294,.F.);
#4296=EDGE_LOOP('',(#4289,#4290,#4291,#4293,#4295));
#4297=FACE_OUTER_BOUND('',#4296,.F.);
#4298=ADVANCED_FACE('',(#4297),#4287,.F.);
#4299=CARTESIAN_POINT('',(6.706514948011E1,4.379281982044E1,-9.681999806574E1));
#4300=CARTESIAN_POINT('',(6.718946237056E1,4.538844321942E1,-9.785495421735E1));
#4301=CARTESIAN_POINT('',(6.586029482164E1,4.650215562778E1,-9.864654351194E1));
#4302=CARTESIAN_POINT('',(6.395703788807E1,4.639743028630E1,-9.867124903009E1));
#4303=CARTESIAN_POINT('',(6.707760116812E1,4.361320354033E1,-9.708068494472E1));
#4304=CARTESIAN_POINT('',(6.723922297719E1,4.484548137282E1,-9.872955905914E1));
#4305=CARTESIAN_POINT('',(6.590284658366E1,4.569510208242E1,-9.995047100777E1));
#4306=CARTESIAN_POINT('',(6.397136049171E1,4.558829538031E1,-9.991888495175E1));
#4307=CARTESIAN_POINT('',(6.708595443749E1,4.328412326942E1,-9.722715819314E1));
#4308=CARTESIAN_POINT('',(6.727779063773E1,4.379825059308E1,-9.924417348125E1));
#4309=CARTESIAN_POINT('',(6.593561655757E1,4.415102455376E1,-1.007118453145E2));
#4310=CARTESIAN_POINT('',(6.398111535038E1,4.410030131863E1,-1.006227410359E2));
#4311=CARTESIAN_POINT('',(6.708401513142E1,4.295744359950E1,-9.719266367823E1));
#4312=CARTESIAN_POINT('',(6.726888715530E1,4.274694407192E1,-9.912291649026E1));
#4313=CARTESIAN_POINT('',(6.592804833871E1,4.260234098826E1,-1.005323292839E2));
#4314=CARTESIAN_POINT('',(6.397885317778E1,4.262252223331E1,-1.004570413154E2));
#4315=(BOUNDED_SURFACE()B_SPLINE_SURFACE(3,3,((#4299,#4300,#4301,#4302),(#4303,
#4304,#4305,#4306),(#4307,#4308,#4309,#4310),(#4311,#4312,#4313,#4314)),
.UNSPECIFIED.,.F.,.F.,.F.)B_SPLINE_SURFACE_WITH_KNOTS((4,4),(4,4),(
-1.063476845942E-4,9.853180429682E-4),(-2.718321264301E-2,1.027480532699E0),
.UNSPECIFIED.)GEOMETRIC_REPRESENTATION_ITEM()RATIONAL_B_SPLINE_SURFACE(((
1.016886616067E0,7.927162173131E-1,7.927794309683E-1,1.017076257032E0),(
1.017250406919E0,7.882506723077E-1,7.883152477839E-1,1.017444133348E0),(
1.017538336211E0,7.847163305329E-1,7.847819838486E-1,1.017735296158E0),(
1.017472228460E0,7.855278054008E-1,7.855932112476E-1,1.017668446001E0)))REPRESENTATION_ITEM('')SURFACE());
#4317=ORIENTED_EDGE('',*,*,#4316,.T.);
#4318=ORIENTED_EDGE('',*,*,#4011,.F.);
#4319=ORIENTED_EDGE('',*,*,#4288,.T.);
#4321=ORIENTED_EDGE('',*,*,#4320,.T.);
#4322=EDGE_LOOP('',(#4317,#4318,#4319,#4321));
#4323=FACE_OUTER_BOUND('',#4322,.F.);
#4324=ADVANCED_FACE('',(#4323),#4315,.F.);
#4325=CARTESIAN_POINT('',(6.409793110008E1,1.258962569798E3,-9.748336990705E1));
#4326=DIRECTION('',(0.E0,-1.E0,0.E0));
#4327=DIRECTION('',(0.E0,0.E0,-1.E0));
#4328=AXIS2_PLACEMENT_3D('',#4325,#4326,#4327);
#4329=CYLINDRICAL_SURFACE('',#4328,3.E0);
#4330=ORIENTED_EDGE('',*,*,#4047,.F.);
#4331=ORIENTED_EDGE('',*,*,#4026,.T.);
#4332=ORIENTED_EDGE('',*,*,#4316,.F.);
#4334=ORIENTED_EDGE('',*,*,#4333,.T.);
#4335=EDGE_LOOP('',(#4330,#4331,#4332,#4334));
#4336=FACE_OUTER_BOUND('',#4335,.F.);
#4337=ADVANCED_FACE('',(#4336),#4329,.F.);
#4338=CARTESIAN_POINT('',(1.26E2,1.258962569798E3,-9.4E1));
#4339=DIRECTION('',(0.E0,-1.E0,0.E0));
#4340=DIRECTION('',(0.E0,0.E0,-1.E0));
#4341=AXIS2_PLACEMENT_3D('',#4338,#4339,#4340);
#4342=CYLINDRICAL_SURFACE('',#4341,5.9E1);
#4343=ORIENTED_EDGE('',*,*,#4320,.F.);
#4344=ORIENTED_EDGE('',*,*,#4294,.T.);
#4346=ORIENTED_EDGE('',*,*,#4345,.T.);
#4348=ORIENTED_EDGE('',*,*,#4347,.F.);
#4350=ORIENTED_EDGE('',*,*,#4349,.F.);
#4351=ORIENTED_EDGE('',*,*,#4049,.F.);
#4352=ORIENTED_EDGE('',*,*,#4333,.F.);
#4353=EDGE_LOOP('',(#4343,#4344,#4346,#4348,#4350,#4351,#4352));
#4354=FACE_OUTER_BOUND('',#4353,.F.);
#4355=ADVANCED_FACE('',(#4354),#4342,.T.);
#4356=CARTESIAN_POINT('',(6.851210636096E1,5.482383826693E1,-8.071783401120E1));
#4357=CARTESIAN_POINT('',(6.843998528195E1,5.646151767365E1,-8.133732854708E1));
#4358=CARTESIAN_POINT('',(6.718055683201E1,5.766707738062E1,-8.151554525590E1));
#4359=CARTESIAN_POINT('',(6.546827021801E1,5.773708281702E1,-8.114839998011E1));
#4360=CARTESIAN_POINT('',(6.803540449438E1,5.398178648773E1,-8.278053692072E1));
#4361=CARTESIAN_POINT('',(6.796532772149E1,5.558777591330E1,-8.349117777642E1));
#4362=CARTESIAN_POINT('',(6.669483784255E1,5.676936546996E1,-8.377807880104E1));
#4363=CARTESIAN_POINT('',(6.496644471327E1,5.683560787401E1,-8.347338966410E1));
#4364=CARTESIAN_POINT('',(6.733298032590E1,5.191204524835E1,-8.685943437015E1));
#4365=CARTESIAN_POINT('',(6.728375768519E1,5.344085385835E1,-8.777767278380E1));
#4366=CARTESIAN_POINT('',(6.599275213595E1,5.456656697775E1,-8.828143239825E1));
#4367=CARTESIAN_POINT('',(6.422779001968E1,5.461928009162E1,-8.807086835805E1));
#4368=CARTESIAN_POINT('',(6.707368251092E1,4.921526733339E1,-9.053172589774E1));
#4369=CARTESIAN_POINT('',(6.708167444876E1,5.067290869802E1,-9.162419766334E1));
#4370=CARTESIAN_POINT('',(6.577364614571E1,5.172892820687E1,-9.232823920566E1));
#4371=CARTESIAN_POINT('',(6.395690570196E1,5.173116160010E1,-9.220902420142E1));
#4372=CARTESIAN_POINT('',(6.702257788556E1,4.769989939672E1,-9.227928164185E1));
#4373=CARTESIAN_POINT('',(6.706470735445E1,4.912330090822E1,-9.345389475283E1));
#4374=CARTESIAN_POINT('',(6.574865368199E1,5.013997161963E1,-9.425535885500E1));
#4375=CARTESIAN_POINT('',(6.390437640731E1,5.010835464292E1,-9.417790594075E1));
#4376=(BOUNDED_SURFACE()B_SPLINE_SURFACE(3,3,((#4356,#4357,#4358,#4359),(#4360,
#4361,#4362,#4363),(#4364,#4365,#4366,#4367),(#4368,#4369,#4370,#4371),(#4372,
#4373,#4374,#4375)),.UNSPECIFIED.,.F.,.F.,.F.)B_SPLINE_SURFACE_WITH_KNOTS((4,1,
4),(4,4),(2.389497979637E-2,3.101630216511E-2,3.813627824830E-2),(
-2.917532088090E-2,1.028713509431E0),.UNSPECIFIED.)GEOMETRIC_REPRESENTATION_ITEM()RATIONAL_B_SPLINE_SURFACE(((1.015897590810E0,8.183031762656E-1,
8.182169559153E-1,1.015638929759E0),(1.015932694418E0,8.179019699373E-1,
8.178155592031E-1,1.015673462215E0),(1.016218722333E0,8.146328982721E-1,
8.145449362697E-1,1.015954836326E0),(1.016841237492E0,8.075180449290E-1,
8.074267067248E-1,1.016567222879E0),(1.017214600447E0,8.032508031829E-1,
8.031574400502E-1,1.016934511050E0)))REPRESENTATION_ITEM('')SURFACE());
#4378=ORIENTED_EDGE('',*,*,#4377,.F.);
#4379=ORIENTED_EDGE('',*,*,#4345,.F.);
#4380=ORIENTED_EDGE('',*,*,#4292,.T.);
#4381=ORIENTED_EDGE('',*,*,#4254,.F.);
#4382=EDGE_LOOP('',(#4378,#4379,#4380,#4381));
#4383=FACE_OUTER_BOUND('',#4382,.F.);
#4384=ADVANCED_FACE('',(#4383),#4376,.F.);
#4385=CARTESIAN_POINT('',(6.874354666150E1,5.385185858772E1,-7.975094490879E1));
#4386=CARTESIAN_POINT('',(6.930216903329E1,5.364711511354E1,-7.787088950039E1));
#4387=CARTESIAN_POINT('',(6.823408153045E1,5.350697336846E1,-7.621875679088E1));
#4388=CARTESIAN_POINT('',(6.628095526388E1,5.352887558806E1,-7.594304691822E1));
#4389=CARTESIAN_POINT('',(6.874799919120E1,5.402254619588E1,-7.973328725367E1));
#4390=CARTESIAN_POINT('',(6.931042206994E1,5.420249907786E1,-7.783508743237E1));
#4391=CARTESIAN_POINT('',(6.827427785979E1,5.432490883284E1,-7.616658639641E1));
#4392=CARTESIAN_POINT('',(6.634705620384E1,5.430608046709E1,-7.586833226728E1));
#4393=CARTESIAN_POINT('',(6.873436440347E1,5.434423924291E1,-7.978807402266E1));
#4394=CARTESIAN_POINT('',(6.924177923526E1,5.520993252624E1,-7.808047058343E1));
#4395=CARTESIAN_POINT('',(6.824372508447E1,5.581514196188E1,-7.653528976983E1));
#4396=CARTESIAN_POINT('',(6.639130847238E1,5.576453213228E1,-7.616165685919E1));
#4397=CARTESIAN_POINT('',(6.866478979666E1,5.470061329259E1,-8.007148608901E1));
#4398=CARTESIAN_POINT('',(6.898577785248E1,5.624048589503E1,-7.905557798210E1));
#4399=CARTESIAN_POINT('',(6.796180675809E1,5.735543610366E1,-7.800909026836E1));
#4400=CARTESIAN_POINT('',(6.621502143661E1,5.736727513361E1,-7.756839391533E1));
#4401=CARTESIAN_POINT('',(6.856762135463E1,5.487130912335E1,-8.047714352711E1));
#4402=CARTESIAN_POINT('',(6.866789784280E1,5.669781617062E1,-8.033990932057E1));
#4403=CARTESIAN_POINT('',(6.754246424718E1,5.804483938541E1,-7.995444451842E1));
#4404=CARTESIAN_POINT('',(6.584483273269E1,5.812944003132E1,-7.954464577581E1));
#4405=CARTESIAN_POINT('',(6.849834753114E1,5.481469906800E1,-8.077648033375E1));
#4406=CARTESIAN_POINT('',(6.845557665587E1,5.652890719108E1,-8.126725663316E1));
#4407=CARTESIAN_POINT('',(6.722214009101E1,5.779289350325E1,-8.135401187345E1));
#4408=CARTESIAN_POINT('',(6.551455440334E1,5.787174681699E1,-8.098615979598E1));
#4409=CARTESIAN_POINT('',(6.846552010328E1,5.473300220006E1,-8.092086382310E1));
#4410=CARTESIAN_POINT('',(6.835571691829E1,5.629307809624E1,-8.172147042373E1));
#4411=CARTESIAN_POINT('',(6.706238440225E1,5.744020665011E1,-8.203567207322E1));
#4412=CARTESIAN_POINT('',(6.534270926657E1,5.750222504887E1,-8.167921560740E1));
#4413=(BOUNDED_SURFACE()B_SPLINE_SURFACE(3,3,((#4385,#4386,#4387,#4388),(#4389,
#4390,#4391,#4392),(#4393,#4394,#4395,#4396),(#4397,#4398,#4399,#4400),(#4401,
#4402,#4403,#4404),(#4405,#4406,#4407,#4408),(#4409,#4410,#4411,#4412)),
.UNSPECIFIED.,.F.,.F.,.F.)B_SPLINE_SURFACE_WITH_KNOTS((4,1,1,1,4),(4,4),(
2.183971568484E-3,2.770567358470E-3,3.253337858675E-3,3.736108358880E-3,
4.328403049274E-3),(-2.942668027267E-2,1.028720558583E0),.UNSPECIFIED.)GEOMETRIC_REPRESENTATION_ITEM()RATIONAL_B_SPLINE_SURFACE(((1.019157126666E0,
7.829710196554E-1,7.828135133005E-1,1.018684607601E0),(1.018831991470E0,
7.866544405232E-1,7.864996073699E-1,1.018367492009E0),(1.017977477454E0,
7.963351357871E-1,7.961873282900E-1,1.017534054963E0),(1.016720707234E0,
8.105729473467E-1,8.104354727822E-1,1.016308283540E0),(1.015966325237E0,
8.191192579934E-1,8.189879858182E-1,1.015572508711E0),(1.015971542729E0,
8.190601496056E-1,8.189288345331E-1,1.015577597511E0),(1.016097867852E0,
8.176290261692E-1,8.174966724750E-1,1.015700806770E0)))REPRESENTATION_ITEM('')SURFACE());
#4415=ORIENTED_EDGE('',*,*,#4414,.T.);
#4416=ORIENTED_EDGE('',*,*,#4347,.T.);
#4417=ORIENTED_EDGE('',*,*,#4377,.T.);
#4418=ORIENTED_EDGE('',*,*,#4240,.F.);
#4419=EDGE_LOOP('',(#4415,#4416,#4417,#4418));
#4420=FACE_OUTER_BOUND('',#4419,.F.);
#4421=ADVANCED_FACE('',(#4420),#4413,.F.);
#4422=CARTESIAN_POINT('',(6.586880609725E1,-2.5002E1,-7.889240191725E1));
#4423=DIRECTION('',(0.E0,-1.E0,0.E0));
#4424=DIRECTION('',(0.E0,0.E0,-1.E0));
#4425=AXIS2_PLACEMENT_3D('',#4422,#4423,#4424);
#4426=CYLINDRICAL_SURFACE('',#4425,3.E0);
#4427=ORIENTED_EDGE('',*,*,#4051,.F.);
#4428=ORIENTED_EDGE('',*,*,#4349,.T.);
#4429=ORIENTED_EDGE('',*,*,#4414,.F.);
#4430=ORIENTED_EDGE('',*,*,#4202,.T.);
#4431=EDGE_LOOP('',(#4427,#4428,#4429,#4430));
#4432=FACE_OUTER_BOUND('',#4431,.F.);
#4433=ADVANCED_FACE('',(#4432),#4426,.F.);
#4434=CARTESIAN_POINT('',(7.503542887287E1,3.982291415705E1,-1.097767098095E2));
#4435=CARTESIAN_POINT('',(7.503542887287E1,3.583809353260E1,-1.210701632304E2));
#4436=CARTESIAN_POINT('',(7.503542887287E1,3.513667805951E1,-1.232280492684E2));
#4437=CARTESIAN_POINT('',(7.503542887287E1,2.527798418672E1,-1.236403653225E2));
#4439=DIRECTION('',(-1.E0,0.E0,0.E0));
#4440=VECTOR('',#4439,1.E0);
#4441=SURFACE_OF_LINEAR_EXTRUSION('',#4438,#4440);
#4443=ORIENTED_EDGE('',*,*,#4442,.F.);
#4445=ORIENTED_EDGE('',*,*,#4444,.T.);
#4447=ORIENTED_EDGE('',*,*,#4446,.F.);
#4449=ORIENTED_EDGE('',*,*,#4448,.F.);
#4451=ORIENTED_EDGE('',*,*,#4450,.T.);
#4452=ORIENTED_EDGE('',*,*,#4145,.F.);
#4453=ORIENTED_EDGE('',*,*,#4042,.T.);
#4454=EDGE_LOOP('',(#4443,#4445,#4447,#4449,#4451,#4452,#4453));
#4455=FACE_OUTER_BOUND('',#4454,.F.);
#4457=ORIENTED_EDGE('',*,*,#4456,.F.);
#4459=ORIENTED_EDGE('',*,*,#4458,.F.);
#4461=ORIENTED_EDGE('',*,*,#4460,.T.);
#4462=EDGE_LOOP('',(#4457,#4459,#4461));
#4463=FACE_BOUND('',#4462,.F.);
#4464=ADVANCED_FACE('',(#4455,#4463),#4441,.T.);
#4465=CARTESIAN_POINT('',(7.069567965617E1,1.258962569798E3,-1.197377573092E2));
#4466=DIRECTION('',(0.E0,-1.E0,0.E0));
#4467=DIRECTION('',(0.E0,0.E0,-1.E0));
#4468=AXIS2_PLACEMENT_3D('',#4465,#4466,#4467);
#4469=CYLINDRICAL_SURFACE('',#4468,4.E0);
#4471=ORIENTED_EDGE('',*,*,#4470,.T.);
#4472=ORIENTED_EDGE('',*,*,#4442,.T.);
#4473=ORIENTED_EDGE('',*,*,#4040,.F.);
#4474=EDGE_LOOP('',(#4471,#4472,#4473));
#4475=FACE_OUTER_BOUND('',#4474,.F.);
#4476=ADVANCED_FACE('',(#4475),#4469,.T.);
#4477=CARTESIAN_POINT('',(1.26E2,1.258962569798E3,-9.4E1));
#4478=DIRECTION('',(0.E0,-1.E0,0.E0));
#4479=DIRECTION('',(0.E0,0.E0,-1.E0));
#4480=AXIS2_PLACEMENT_3D('',#4477,#4478,#4479);
#4481=CYLINDRICAL_SURFACE('',#4480,5.7E1);
#4482=ORIENTED_EDGE('',*,*,#4444,.F.);
#4483=ORIENTED_EDGE('',*,*,#4470,.F.);
#4484=ORIENTED_EDGE('',*,*,#4038,.F.);
#4485=ORIENTED_EDGE('',*,*,#4083,.F.);
#4487=ORIENTED_EDGE('',*,*,#4486,.T.);
#4489=ORIENTED_EDGE('',*,*,#4488,.F.);
#4491=ORIENTED_EDGE('',*,*,#4490,.F.);
#4493=ORIENTED_EDGE('',*,*,#4492,.F.);
#4495=ORIENTED_EDGE('',*,*,#4494,.T.);
#4497=ORIENTED_EDGE('',*,*,#4496,.F.);
#4499=ORIENTED_EDGE('',*,*,#4498,.T.);
#4501=ORIENTED_EDGE('',*,*,#4500,.F.);
#4503=ORIENTED_EDGE('',*,*,#4502,.F.);
#4505=ORIENTED_EDGE('',*,*,#4504,.F.);
#4506=EDGE_LOOP('',(#4482,#4483,#4484,#4485,#4487,#4489,#4491,#4493,#4495,#4497,
#4499,#4501,#4503,#4505));
#4507=FACE_OUTER_BOUND('',#4506,.F.);
#4508=ADVANCED_FACE('',(#4507),#4481,.F.);
#4509=CARTESIAN_POINT('',(7.589326062920E1,5.947157834330E1,-7.379358941936E1));
#4510=CARTESIAN_POINT('',(7.422811073584E1,5.945809078202E1,-7.309323659690E1));
#4511=CARTESIAN_POINT('',(7.319814124017E1,5.818543679371E1,-7.232951272877E1));
#4512=CARTESIAN_POINT('',(7.343269373841E1,5.643070042403E1,-7.196893306607E1));
#4513=CARTESIAN_POINT('',(7.356636690299E1,5.805991027661E1,-7.915941785718E1));
#4514=CARTESIAN_POINT('',(7.193934043483E1,5.798322679006E1,-7.855361808994E1));
#4515=CARTESIAN_POINT('',(7.095642893288E1,5.676425933415E1,-7.780284868988E1));
#4516=CARTESIAN_POINT('',(7.118266761992E1,5.510325512663E1,-7.733853622579E1));
#4517=CARTESIAN_POINT('',(7.218923117808E1,5.578905779707E1,-8.439873379162E1));
#4518=CARTESIAN_POINT('',(7.063665968573E1,5.565061095627E1,-8.387532693256E1));
#4519=CARTESIAN_POINT('',(6.971970899874E1,5.451406476291E1,-8.315233259605E1));
#4520=CARTESIAN_POINT('',(6.991440516111E1,5.296904164454E1,-8.260492755804E1));
#4521=CARTESIAN_POINT('',(7.148853706039E1,5.280639327509E1,-8.949797123099E1));
#4522=CARTESIAN_POINT('',(7.005149634232E1,5.251171575100E1,-8.917109020967E1));
#4523=CARTESIAN_POINT('',(6.920868382959E1,5.147541725314E1,-8.848210721710E1));
#4524=CARTESIAN_POINT('',(6.934619296371E1,5.017193314850E1,-8.774647675188E1));
#4525=(BOUNDED_SURFACE()B_SPLINE_SURFACE(3,3,((#4509,#4510,#4511,#4512),(#4513,
#4514,#4515,#4516),(#4517,#4518,#4519,#4520),(#4521,#4522,#4523,#4524)),
.UNSPECIFIED.,.F.,.F.,.F.)B_SPLINE_SURFACE_WITH_KNOTS((4,4),(4,4),(
-1.598219744875E-4,1.653409686243E-2),(-3.174897201243E-2,1.031285060288E0),
.UNSPECIFIED.)GEOMETRIC_REPRESENTATION_ITEM()RATIONAL_B_SPLINE_SURFACE(((
1.018021704413E0,8.106952514115E-1,8.106048128988E-1,1.017750388876E0),(
1.016936799827E0,8.220913760614E-1,8.220063819370E-1,1.016681817454E0),(
1.015270246930E0,8.395972883883E-1,8.395206575442E-1,1.015040354397E0),(
1.013450956515E0,8.587075959730E-1,8.586400948936E-1,1.013248453276E0)))REPRESENTATION_ITEM('')SURFACE());
#4527=ORIENTED_EDGE('',*,*,#4526,.T.);
#4528=ORIENTED_EDGE('',*,*,#4486,.F.);
#4530=ORIENTED_EDGE('',*,*,#4529,.T.);
#4532=ORIENTED_EDGE('',*,*,#4531,.F.);
#4533=EDGE_LOOP('',(#4527,#4528,#4530,#4532));
#4534=FACE_OUTER_BOUND('',#4533,.F.);
#4535=ADVANCED_FACE('',(#4534),#4525,.F.);
#4536=CARTESIAN_POINT('',(7.233597610161E1,5.035210792568E1,-8.798563893395E1));
#4537=DIRECTION('',(-3.120408683903E-1,8.390563770404E-1,-4.456623078095E-1));
#4538=DIRECTION('',(-3.556176720702E-1,-5.381356820447E-1,-7.641636336687E-1));
#4539=AXIS2_PLACEMENT_3D('',#4536,#4537,#4538);
#4540=SPHERICAL_SURFACE('',#4539,3.E0);
#4542=ORIENTED_EDGE('',*,*,#4541,.T.);
#4543=ORIENTED_EDGE('',*,*,#4526,.F.);
#4545=ORIENTED_EDGE('',*,*,#4544,.F.);
#4547=ORIENTED_EDGE('',*,*,#4546,.T.);
#4548=EDGE_LOOP('',(#4542,#4543,#4545,#4547));
#4549=FACE_OUTER_BOUND('',#4548,.F.);
#4550=ADVANCED_FACE('',(#4549),#4540,.F.);
#4551=CARTESIAN_POINT('',(7.233597610161E1,1.258962569798E3,-8.798563893395E1));
#4552=DIRECTION('',(0.E0,-1.E0,0.E0));
#4553=DIRECTION('',(0.E0,0.E0,-1.E0));
#4554=AXIS2_PLACEMENT_3D('',#4551,#4552,#4553);
#4555=CYLINDRICAL_SURFACE('',#4554,3.E0);
#4557=ORIENTED_EDGE('',*,*,#4556,.T.);
#4559=ORIENTED_EDGE('',*,*,#4558,.F.);
#4560=ORIENTED_EDGE('',*,*,#4488,.T.);
#4561=ORIENTED_EDGE('',*,*,#4541,.F.);
#4562=ORIENTED_EDGE('',*,*,#4546,.F.);
#4563=EDGE_LOOP('',(#4557,#4559,#4560,#4561,#4562));
#4564=FACE_OUTER_BOUND('',#4563,.F.);
#4565=ADVANCED_FACE('',(#4564),#4555,.F.);
#4566=CARTESIAN_POINT('',(9.023607085792E1,4.235E1,-9.157500946921E1));
#4567=DIRECTION('',(3.281754439195E-2,0.E0,9.994613593232E-1));
#4568=DIRECTION('',(9.994613593232E-1,0.E0,-3.281754439195E-2));
#4569=AXIS2_PLACEMENT_3D('',#4566,#4567,#4568);
#4570=PLANE('',#4569);
#4572=ORIENTED_EDGE('',*,*,#4571,.F.);
#4573=ORIENTED_EDGE('',*,*,#4556,.F.);
#4575=ORIENTED_EDGE('',*,*,#4574,.T.);
#4577=ORIENTED_EDGE('',*,*,#4576,.T.);
#4579=ORIENTED_EDGE('',*,*,#4578,.F.);
#4581=ORIENTED_EDGE('',*,*,#4580,.T.);
#4583=ORIENTED_EDGE('',*,*,#4582,.T.);
#4584=EDGE_LOOP('',(#4572,#4573,#4575,#4577,#4579,#4581,#4583));
#4585=FACE_OUTER_BOUND('',#4584,.F.);
#4586=ADVANCED_FACE('',(#4585),#4570,.T.);
#4587=CARTESIAN_POINT('',(1.26E2,4.235E1,-9.4E1));
#4588=DIRECTION('',(0.E0,-1.E0,0.E0));
#4589=DIRECTION('',(1.E0,0.E0,0.E0));
#4590=AXIS2_PLACEMENT_3D('',#4587,#4588,#4589);
#4591=PLANE('',#4590);
#4593=ORIENTED_EDGE('',*,*,#4592,.T.);
#4595=ORIENTED_EDGE('',*,*,#4594,.T.);
#4597=ORIENTED_EDGE('',*,*,#4596,.T.);
#4599=ORIENTED_EDGE('',*,*,#4598,.T.);
#4601=ORIENTED_EDGE('',*,*,#4600,.T.);
#4603=ORIENTED_EDGE('',*,*,#4602,.T.);
#4605=ORIENTED_EDGE('',*,*,#4604,.F.);
#4607=ORIENTED_EDGE('',*,*,#4606,.F.);
#4609=ORIENTED_EDGE('',*,*,#4608,.T.);
#4611=ORIENTED_EDGE('',*,*,#4610,.T.);
#4613=ORIENTED_EDGE('',*,*,#4612,.T.);
#4615=ORIENTED_EDGE('',*,*,#4614,.T.);
#4617=ORIENTED_EDGE('',*,*,#4616,.T.);
#4619=ORIENTED_EDGE('',*,*,#4618,.T.);
#4621=ORIENTED_EDGE('',*,*,#4620,.F.);
#4623=ORIENTED_EDGE('',*,*,#4622,.T.);
#4625=ORIENTED_EDGE('',*,*,#4624,.T.);
#4627=ORIENTED_EDGE('',*,*,#4626,.T.);
#4629=ORIENTED_EDGE('',*,*,#4628,.T.);
#4631=ORIENTED_EDGE('',*,*,#4630,.F.);
#4633=ORIENTED_EDGE('',*,*,#4632,.T.);
#4635=ORIENTED_EDGE('',*,*,#4634,.T.);
#4637=ORIENTED_EDGE('',*,*,#4636,.T.);
#4638=ORIENTED_EDGE('',*,*,#4490,.T.);
#4639=ORIENTED_EDGE('',*,*,#4558,.T.);
#4640=ORIENTED_EDGE('',*,*,#4571,.T.);
#4642=ORIENTED_EDGE('',*,*,#4641,.F.);
#4644=ORIENTED_EDGE('',*,*,#4643,.F.);
#4646=ORIENTED_EDGE('',*,*,#4645,.T.);
#4648=ORIENTED_EDGE('',*,*,#4647,.T.);
#4649=EDGE_LOOP('',(#4593,#4595,#4597,#4599,#4601,#4603,#4605,#4607,#4609,#4611,
#4613,#4615,#4617,#4619,#4621,#4623,#4625,#4627,#4629,#4631,#4633,#4635,#4637,
#4638,#4639,#4640,#4642,#4644,#4646,#4648));
#4650=FACE_OUTER_BOUND('',#4649,.F.);
#4651=ADVANCED_FACE('',(#4650),#4591,.T.);
#4652=CARTESIAN_POINT('',(1.26E2,4.205E1,-9.4E1));
#4653=DIRECTION('',(0.E0,-1.E0,0.E0));
#4654=DIRECTION('',(0.E0,0.E0,-1.E0));
#4655=AXIS2_PLACEMENT_3D('',#4652,#4653,#4654);
#4656=TOROIDAL_SURFACE('',#4655,1.28E1,3.E-1);
#4658=ORIENTED_EDGE('',*,*,#4657,.F.);
#4659=ORIENTED_EDGE('',*,*,#4598,.F.);
#4660=ORIENTED_EDGE('',*,*,#4596,.F.);
#4661=ORIENTED_EDGE('',*,*,#4594,.F.);
#4662=ORIENTED_EDGE('',*,*,#4592,.F.);
#4664=ORIENTED_EDGE('',*,*,#4663,.T.);
#4666=ORIENTED_EDGE('',*,*,#4665,.T.);
#4668=ORIENTED_EDGE('',*,*,#4667,.T.);
#4670=ORIENTED_EDGE('',*,*,#4669,.T.);
#4671=EDGE_LOOP('',(#4658,#4659,#4660,#4661,#4662,#4664,#4666,#4668,#4670));
#4672=FACE_OUTER_BOUND('',#4671,.F.);
#4673=ADVANCED_FACE('',(#4672),#4656,.F.);
#4674=CARTESIAN_POINT('',(1.203846145221E2,4.205E1,-8.396419181459E1));
#4675=DIRECTION('',(0.E0,-1.E0,0.E0));
#4676=DIRECTION('',(0.E0,0.E0,-1.E0));
#4677=AXIS2_PLACEMENT_3D('',#4674,#4675,#4676);
#4678=TOROIDAL_SURFACE('',#4677,1.3E0,3.E-1);
#4680=ORIENTED_EDGE('',*,*,#4679,.T.);
#4681=ORIENTED_EDGE('',*,*,#4600,.F.);
#4682=ORIENTED_EDGE('',*,*,#4657,.T.);
#4684=ORIENTED_EDGE('',*,*,#4683,.T.);
#4685=EDGE_LOOP('',(#4680,#4681,#4682,#4684));
#4686=FACE_OUTER_BOUND('',#4685,.F.);
#4687=ADVANCED_FACE('',(#4686),#4678,.F.);
#4688=CARTESIAN_POINT('',(1.231746054686E2,4.9752E1,-8.713853909565E1));
#4689=DIRECTION('',(5.735764363510E-1,0.E0,8.191520442890E-1));
#4690=DIRECTION('',(8.191520442890E-1,0.E0,-5.735764363510E-1));
#4691=AXIS2_PLACEMENT_3D('',#4688,#4689,#4690);
#4692=PLANE('',#4691);
#4694=ORIENTED_EDGE('',*,*,#4693,.F.);
#4696=ORIENTED_EDGE('',*,*,#4695,.F.);
#4698=ORIENTED_EDGE('',*,*,#4697,.F.);
#4700=ORIENTED_EDGE('',*,*,#4699,.F.);
#4701=ORIENTED_EDGE('',*,*,#4602,.F.);
#4702=ORIENTED_EDGE('',*,*,#4679,.F.);
#4704=ORIENTED_EDGE('',*,*,#4703,.F.);
#4705=EDGE_LOOP('',(#4694,#4696,#4698,#4700,#4701,#4702,#4704));
#4706=FACE_OUTER_BOUND('',#4705,.F.);
#4707=ADVANCED_FACE('',(#4706),#4692,.F.);
#4708=CARTESIAN_POINT('',(1.26E2,3.635E1,-9.4E1));
#4709=DIRECTION('',(0.E0,-1.E0,0.E0));
#4710=DIRECTION('',(1.E0,0.E0,0.E0));
#4711=AXIS2_PLACEMENT_3D('',#4708,#4709,#4710);
#4712=PLANE('',#4711);
#4714=ORIENTED_EDGE('',*,*,#4713,.T.);
#4716=ORIENTED_EDGE('',*,*,#4715,.T.);
#4718=ORIENTED_EDGE('',*,*,#4717,.T.);
#4720=ORIENTED_EDGE('',*,*,#4719,.T.);
#4722=ORIENTED_EDGE('',*,*,#4721,.T.);
#4724=ORIENTED_EDGE('',*,*,#4723,.T.);
#4726=ORIENTED_EDGE('',*,*,#4725,.T.);
#4728=ORIENTED_EDGE('',*,*,#4727,.T.);
#4729=ORIENTED_EDGE('',*,*,#4693,.T.);
#4731=ORIENTED_EDGE('',*,*,#4730,.T.);
#4733=ORIENTED_EDGE('',*,*,#4732,.T.);
#4735=ORIENTED_EDGE('',*,*,#4734,.T.);
#4737=ORIENTED_EDGE('',*,*,#4736,.T.);
#4739=ORIENTED_EDGE('',*,*,#4738,.T.);
#4740=EDGE_LOOP('',(#4714,#4716,#4718,#4720,#4722,#4724,#4726,#4728,#4729,#4731,
#4733,#4735,#4737,#4739));
#4741=FACE_OUTER_BOUND('',#4740,.F.);
#4742=ADVANCED_FACE('',(#4741),#4712,.T.);
#4743=CARTESIAN_POINT('',(1.146488501586E2,-1.235375604440E3,
-9.215571225748E1));
#4744=DIRECTION('',(0.E0,1.E0,0.E0));
#4745=DIRECTION('',(0.E0,0.E0,1.E0));
#4746=AXIS2_PLACEMENT_3D('',#4743,#4744,#4745);
#4747=CYLINDRICAL_SURFACE('',#4746,1.E0);
#4749=ORIENTED_EDGE('',*,*,#4748,.T.);
#4751=ORIENTED_EDGE('',*,*,#4750,.F.);
#4753=ORIENTED_EDGE('',*,*,#4752,.F.);
#4755=ORIENTED_EDGE('',*,*,#4754,.T.);
#4756=ORIENTED_EDGE('',*,*,#4713,.F.);
#4757=ORIENTED_EDGE('',*,*,#4738,.F.);
#4759=ORIENTED_EDGE('',*,*,#4758,.F.);
#4760=EDGE_LOOP('',(#4749,#4751,#4753,#4755,#4756,#4757,#4759));
#4761=FACE_OUTER_BOUND('',#4760,.F.);
#4762=ADVANCED_FACE('',(#4761),#4747,.T.);
#4763=CARTESIAN_POINT('',(1.26E2,-1.235375604440E3,-9.4E1));
#4764=DIRECTION('',(0.E0,1.E0,0.E0));
#4765=DIRECTION('',(0.E0,0.E0,1.E0));
#4766=AXIS2_PLACEMENT_3D('',#4763,#4764,#4765);
#4767=CYLINDRICAL_SURFACE('',#4766,1.25E1);
#4769=ORIENTED_EDGE('',*,*,#4768,.F.);
#4770=ORIENTED_EDGE('',*,*,#4669,.F.);
#4771=ORIENTED_EDGE('',*,*,#4667,.F.);
#4772=ORIENTED_EDGE('',*,*,#4665,.F.);
#4773=ORIENTED_EDGE('',*,*,#4748,.F.);
#4775=ORIENTED_EDGE('',*,*,#4774,.F.);
#4777=ORIENTED_EDGE('',*,*,#4776,.F.);
#4779=ORIENTED_EDGE('',*,*,#4778,.F.);
#4780=EDGE_LOOP('',(#4769,#4770,#4771,#4772,#4773,#4775,#4777,#4779));
#4781=FACE_OUTER_BOUND('',#4780,.F.);
#4782=ADVANCED_FACE('',(#4781),#4767,.T.);
#4783=CARTESIAN_POINT('',(1.203846145221E2,-1.235375604440E3,
-8.396419181459E1));
#4784=DIRECTION('',(0.E0,1.E0,0.E0));
#4785=DIRECTION('',(0.E0,0.E0,1.E0));
#4786=AXIS2_PLACEMENT_3D('',#4783,#4784,#4785);
#4787=CYLINDRICAL_SURFACE('',#4786,1.E0);
#4788=ORIENTED_EDGE('',*,*,#4730,.F.);
#4789=ORIENTED_EDGE('',*,*,#4703,.T.);
#4790=ORIENTED_EDGE('',*,*,#4683,.F.);
#4791=ORIENTED_EDGE('',*,*,#4768,.T.);
#4793=ORIENTED_EDGE('',*,*,#4792,.F.);
#4794=EDGE_LOOP('',(#4788,#4789,#4790,#4791,#4793));
#4795=FACE_OUTER_BOUND('',#4794,.F.);
#4796=ADVANCED_FACE('',(#4795),#4787,.T.);
#4797=CARTESIAN_POINT('',(1.26E2,3.66E1,-9.4E1));
#4798=DIRECTION('',(0.E0,1.E0,0.E0));
#4799=DIRECTION('',(0.E0,0.E0,1.E0));
#4800=AXIS2_PLACEMENT_3D('',#4797,#4798,#4799);
#4801=CONICAL_SURFACE('',#4800,1.225E1,4.499999999999E1);
#4802=ORIENTED_EDGE('',*,*,#4758,.T.);
#4803=ORIENTED_EDGE('',*,*,#4736,.F.);
#4804=ORIENTED_EDGE('',*,*,#4734,.F.);
#4805=ORIENTED_EDGE('',*,*,#4732,.F.);
#4806=ORIENTED_EDGE('',*,*,#4792,.T.);
#4807=ORIENTED_EDGE('',*,*,#4778,.T.);
#4808=ORIENTED_EDGE('',*,*,#4776,.T.);
#4809=ORIENTED_EDGE('',*,*,#4774,.T.);
#4810=EDGE_LOOP('',(#4802,#4803,#4804,#4805,#4806,#4807,#4808,#4809));
#4811=FACE_OUTER_BOUND('',#4810,.F.);
#4812=ADVANCED_FACE('',(#4811),#4801,.T.);
#4813=CARTESIAN_POINT('',(1.146488501586E2,4.205E1,-9.215571225748E1));
#4814=DIRECTION('',(0.E0,-1.E0,0.E0));
#4815=DIRECTION('',(0.E0,0.E0,-1.E0));
#4816=AXIS2_PLACEMENT_3D('',#4813,#4814,#4815);
#4817=TOROIDAL_SURFACE('',#4816,1.3E0,3.E-1);
#4818=ORIENTED_EDGE('',*,*,#4663,.F.);
#4819=ORIENTED_EDGE('',*,*,#4647,.F.);
#4821=ORIENTED_EDGE('',*,*,#4820,.T.);
#4823=ORIENTED_EDGE('',*,*,#4822,.T.);
#4824=ORIENTED_EDGE('',*,*,#4752,.T.);
#4825=ORIENTED_EDGE('',*,*,#4750,.T.);
#4826=EDGE_LOOP('',(#4818,#4819,#4821,#4823,#4824,#4825));
#4827=FACE_OUTER_BOUND('',#4826,.F.);
#4828=ADVANCED_FACE('',(#4827),#4817,.F.);
#4829=CARTESIAN_POINT('',(1.064242253001E2,4.9752E1,-8.517599334388E1));
#4830=DIRECTION('',(-5.735764363510E-1,0.E0,-8.191520442890E-1));
#4831=DIRECTION('',(-8.191520442890E-1,0.E0,5.735764363510E-1));
#4832=AXIS2_PLACEMENT_3D('',#4829,#4830,#4831);
#4833=PLANE('',#4832);
#4834=ORIENTED_EDGE('',*,*,#4645,.F.);
#4836=ORIENTED_EDGE('',*,*,#4835,.F.);
#4838=ORIENTED_EDGE('',*,*,#4837,.F.);
#4840=ORIENTED_EDGE('',*,*,#4839,.F.);
#4841=ORIENTED_EDGE('',*,*,#4715,.F.);
#4842=ORIENTED_EDGE('',*,*,#4754,.F.);
#4843=ORIENTED_EDGE('',*,*,#4822,.F.);
#4844=ORIENTED_EDGE('',*,*,#4820,.F.);
#4845=EDGE_LOOP('',(#4834,#4836,#4838,#4840,#4841,#4842,#4843,#4844));
#4846=FACE_OUTER_BOUND('',#4845,.F.);
#4847=ADVANCED_FACE('',(#4846),#4833,.F.);
#4848=CARTESIAN_POINT('',(1.037234487379E2,4.975650419050E1,-8.465369622357E1));
#4849=CARTESIAN_POINT('',(1.041241558534E2,4.967135528631E1,-8.408333361108E1));
#4850=CARTESIAN_POINT('',(1.044051537480E2,5.016627508706E1,-8.367090805405E1));
#4851=CARTESIAN_POINT('',(1.043510109073E2,5.086494732097E1,-8.373254206767E1));
#4852=CARTESIAN_POINT('',(1.055942354667E2,4.979263745916E1,-8.602315473848E1));
#4853=CARTESIAN_POINT('',(1.060277983818E2,4.966994375779E1,-8.544881264607E1));
#4854=CARTESIAN_POINT('',(1.064181628642E2,5.017381228983E1,-8.507468298396E1));
#4855=CARTESIAN_POINT('',(1.064506095938E2,5.090085140426E1,-8.520305651759E1));
#4856=CARTESIAN_POINT('',(1.083891115633E2,4.867937822993E1,-8.809966879117E1));
#4857=CARTESIAN_POINT('',(1.088450259581E2,4.839020720941E1,-8.749114184550E1));
#4858=CARTESIAN_POINT('',(1.094146449791E2,4.885036856987E1,-8.716052259159E1));
#4859=CARTESIAN_POINT('',(1.095917348210E2,4.965392417941E1,-8.740321878370E1));
#4860=CARTESIAN_POINT('',(1.110507823947E2,4.528944990216E1,-9.014977685745E1));
#4861=CARTESIAN_POINT('',(1.112937388263E2,4.500839323092E1,-8.933243256708E1));
#4862=CARTESIAN_POINT('',(1.120709665400E2,4.531040743644E1,-8.899807939844E1));
#4863=CARTESIAN_POINT('',(1.125791056445E2,4.588533350277E1,-8.949612751029E1));
#4864=CARTESIAN_POINT('',(1.118508397884E2,4.314382142354E1,-9.078143250766E1));
#4865=CARTESIAN_POINT('',(1.119793169406E2,4.296835828668E1,-8.986848129817E1));
#4866=CARTESIAN_POINT('',(1.128310337431E2,4.315851985326E1,-8.952036368783E1));
#4867=CARTESIAN_POINT('',(1.134737429921E2,4.350732269252E1,-9.012299293275E1));
#4868=CARTESIAN_POINT('',(1.120815084833E2,4.199650059287E1,-9.096407280705E1));
#4869=CARTESIAN_POINT('',(1.121794712651E2,4.188337573953E1,-9.002603385807E1));
#4870=CARTESIAN_POINT('',(1.130538402058E2,4.201037757045E1,-8.967329043512E1));
#4871=CARTESIAN_POINT('',(1.137315016059E2,4.223689630978E1,-9.030360572677E1));
#4872=(BOUNDED_SURFACE()B_SPLINE_SURFACE(3,3,((#4848,#4849,#4850,#4851),(#4852,
#4853,#4854,#4855),(#4856,#4857,#4858,#4859),(#4860,#4861,#4862,#4863),(#4864,
#4865,#4866,#4867),(#4868,#4869,#4870,#4871)),.UNSPECIFIED.,.F.,.F.,.F.)B_SPLINE_SURFACE_WITH_KNOTS((4,1,1,4),(4,4),(8.445988824323E-3,1.605582939993E-2,
1.983170402822E-2,2.366648752129E-2),(-9.044440750839E-2,1.084382495238E0),
.UNSPECIFIED.)GEOMETRIC_REPRESENTATION_ITEM()RATIONAL_B_SPLINE_SURFACE(((
1.057582908960E0,7.875790380111E-1,7.861930144013E-1,1.053424838131E0),(
1.060825361936E0,7.756177635173E-1,7.741536938959E-1,1.056433153072E0),(
1.067554240637E0,7.507952091728E-1,7.491691750916E-1,1.062676138394E0),(
1.079594859020E0,7.063778675342E-1,7.044620151430E-1,1.073847301847E0),(
1.084731744875E0,6.874281087507E-1,6.853886112503E-1,1.078613252374E0),(
1.086287370415E0,6.816894706798E-1,6.796125291918E-1,1.080056545951E0)))REPRESENTATION_ITEM('')SURFACE());
#4874=ORIENTED_EDGE('',*,*,#4873,.F.);
#4876=ORIENTED_EDGE('',*,*,#4875,.T.);
#4877=ORIENTED_EDGE('',*,*,#4835,.T.);
#4878=ORIENTED_EDGE('',*,*,#4643,.T.);
#4880=ORIENTED_EDGE('',*,*,#4879,.T.);
#4881=EDGE_LOOP('',(#4874,#4876,#4877,#4878,#4880));
#4882=FACE_OUTER_BOUND('',#4881,.F.);
#4883=ADVANCED_FACE('',(#4882),#4872,.T.);
#4884=CARTESIAN_POINT('',(1.26E2,3.975E1,-9.4E1));
#4885=DIRECTION('',(0.E0,-1.E0,0.E0));
#4886=DIRECTION('',(0.E0,0.E0,-1.E0));
#4887=AXIS2_PLACEMENT_3D('',#4884,#4885,#4886);
#4888=TOROIDAL_SURFACE('',#4887,2.4E1,1.E1);
#4890=ORIENTED_EDGE('',*,*,#4889,.F.);
#4891=ORIENTED_EDGE('',*,*,#4873,.T.);
#4893=ORIENTED_EDGE('',*,*,#4892,.T.);
#4894=EDGE_LOOP('',(#4890,#4891,#4893));
#4895=FACE_OUTER_BOUND('',#4894,.F.);
#4896=ADVANCED_FACE('',(#4895),#4888,.F.);
#4897=CARTESIAN_POINT('',(4.77375E1,4.975E1,-8.229648762881E1));
#4898=DIRECTION('',(0.E0,-1.E0,0.E0));
#4899=DIRECTION('',(1.E0,0.E0,0.E0));
#4900=AXIS2_PLACEMENT_3D('',#4897,#4898,#4899);
#4901=PLANE('',#4900);
#4903=ORIENTED_EDGE('',*,*,#4902,.T.);
#4905=ORIENTED_EDGE('',*,*,#4904,.F.);
#4906=ORIENTED_EDGE('',*,*,#4697,.T.);
#4908=ORIENTED_EDGE('',*,*,#4907,.T.);
#4910=ORIENTED_EDGE('',*,*,#4909,.T.);
#4912=ORIENTED_EDGE('',*,*,#4911,.T.);
#4914=ORIENTED_EDGE('',*,*,#4913,.T.);
#4916=ORIENTED_EDGE('',*,*,#4915,.T.);
#4918=ORIENTED_EDGE('',*,*,#4917,.T.);
#4919=ORIENTED_EDGE('',*,*,#4837,.T.);
#4920=ORIENTED_EDGE('',*,*,#4875,.F.);
#4921=ORIENTED_EDGE('',*,*,#4889,.T.);
#4923=ORIENTED_EDGE('',*,*,#4922,.T.);
#4925=ORIENTED_EDGE('',*,*,#4924,.T.);
#4927=ORIENTED_EDGE('',*,*,#4926,.T.);
#4928=EDGE_LOOP('',(#4903,#4905,#4906,#4908,#4910,#4912,#4914,#4916,#4918,#4919,
#4920,#4921,#4923,#4925,#4927));
#4929=FACE_OUTER_BOUND('',#4928,.F.);
#4930=ADVANCED_FACE('',(#4929),#4901,.T.);
#4931=CARTESIAN_POINT('',(1.26E2,3.975E1,-9.4E1));
#4932=DIRECTION('',(0.E0,-1.E0,0.E0));
#4933=DIRECTION('',(0.E0,0.E0,-1.E0));
#4934=AXIS2_PLACEMENT_3D('',#4931,#4932,#4933);
#4935=TOROIDAL_SURFACE('',#4934,2.4E1,1.E1);
#4937=ORIENTED_EDGE('',*,*,#4936,.T.);
#4938=ORIENTED_EDGE('',*,*,#4902,.F.);
#4940=ORIENTED_EDGE('',*,*,#4939,.T.);
#4941=EDGE_LOOP('',(#4937,#4938,#4940));
#4942=FACE_OUTER_BOUND('',#4941,.F.);
#4943=ADVANCED_FACE('',(#4942),#4935,.F.);
#4944=CARTESIAN_POINT('',(1.183851465964E2,4.199639036165E1,-8.196000604211E1));
#4945=CARTESIAN_POINT('',(1.175393083572E2,4.188380457994E1,-8.237369341200E1));
#4946=CARTESIAN_POINT('',(1.175076859504E2,4.201072555108E1,-8.331422698741E1));
#4947=CARTESIAN_POINT('',(1.183297410029E2,4.223681941802E1,-8.373525582976E1));
#4948=CARTESIAN_POINT('',(1.181337461020E2,4.314779060456E1,-8.180518685768E1));
#4949=CARTESIAN_POINT('',(1.173219660135E2,4.297287398464E1,-8.223894395739E1));
#4950=CARTESIAN_POINT('',(1.172868973694E2,4.316314655033E1,-8.315655963845E1));
#4951=CARTESIAN_POINT('',(1.180709290705E2,4.351179004422E1,-8.355416107379E1));
#4952=CARTESIAN_POINT('',(1.172631782308E2,4.529628716444E1,-8.126744041899E1));
#4953=CARTESIAN_POINT('',(1.165807808187E2,4.501731573102E1,-8.177611185368E1));
#4954=CARTESIAN_POINT('',(1.165330179934E2,4.531951906657E1,-8.261880534379E1));
#4955=CARTESIAN_POINT('',(1.171723274850E2,4.589305452368E1,-8.292538434475E1));
#4956=CARTESIAN_POINT('',(1.151499744681E2,4.781750379689E1,-7.992613901834E1));
#4957=CARTESIAN_POINT('',(1.146308142182E2,4.757539468923E1,-8.050631468249E1));
#4958=CARTESIAN_POINT('',(1.145312678207E2,4.799747978972E1,-8.120035522227E1));
#4959=CARTESIAN_POINT('',(1.149452056147E2,4.869616913435E1,-8.136676573748E1));
#4960=CARTESIAN_POINT('',(1.125039655469E2,4.942258919479E1,-7.820148406257E1));
#4961=CARTESIAN_POINT('',(1.120871236624E2,4.926286696071E1,-7.880322175980E1));
#4962=CARTESIAN_POINT('',(1.119035962789E2,4.975219498281E1,-7.934672997803E1));
#4963=CARTESIAN_POINT('',(1.121068108014E2,5.048637346978E1,-7.938006659525E1));
#4964=CARTESIAN_POINT('',(1.105781165779E2,4.977447383843E1,-7.692116329165E1));
#4965=CARTESIAN_POINT('',(1.101746317315E2,4.967140404931E1,-7.750230026384E1));
#4966=CARTESIAN_POINT('',(1.099207465275E2,5.017029096647E1,-7.795161077797E1));
#4967=CARTESIAN_POINT('',(1.100159882545E2,5.088230142331E1,-7.791646433415E1));
#4968=CARTESIAN_POINT('',(1.095973114050E2,4.975631863635E1,-7.626470490792E1));
#4969=CARTESIAN_POINT('',(1.091989459965E2,4.967239596044E1,-7.683551730501E1));
#4970=CARTESIAN_POINT('',(1.089081478168E2,5.016677409537E1,-7.723970175310E1));
#4971=CARTESIAN_POINT('',(1.089471864768E2,5.086425831601E1,-7.716826234858E1));
#4972=(BOUNDED_SURFACE()B_SPLINE_SURFACE(3,3,((#4944,#4945,#4946,#4947),(#4948,
#4949,#4950,#4951),(#4952,#4953,#4954,#4955),(#4956,#4957,#4958,#4959),(#4960,
#4961,#4962,#4963),(#4964,#4965,#4966,#4967),(#4968,#4969,#4970,#4971)),
.UNSPECIFIED.,.F.,.F.,.F.)B_SPLINE_SURFACE_WITH_KNOTS((4,1,1,1,4),(4,4),(
1.078017164309E-2,1.461328733043E-2,1.838819083834E-2,2.216309434626E-2,
2.599497217919E-2),(-8.927560552255E-2,1.083862743594E0),.UNSPECIFIED.)GEOMETRIC_REPRESENTATION_ITEM()RATIONAL_B_SPLINE_SURFACE(((1.085080860478E0,
6.818648883908E-1,6.800129939939E-1,1.079525177287E0),(1.083541328468E0,
6.876215202014E-1,6.858031356997E-1,1.078086174962E0),(1.078454675470E0,
7.066415784169E-1,7.049339114622E-1,1.073331674606E0),(1.069612331565E0,
7.397049495357E-1,7.381897475731E-1,1.065066725676E0),(1.062137336364E0,
7.676555181933E-1,7.663030191189E-1,1.058079839141E0),(1.058403866949E0,
7.816157402973E-1,7.803445049883E-1,1.054590161023E0),(1.056777624299E0,
7.876966013056E-1,7.864607632603E-1,1.053070110163E0)))REPRESENTATION_ITEM('')SURFACE());
#4973=ORIENTED_EDGE('',*,*,#4604,.T.);
#4974=ORIENTED_EDGE('',*,*,#4699,.T.);
#4975=ORIENTED_EDGE('',*,*,#4904,.T.);
#4976=ORIENTED_EDGE('',*,*,#4936,.F.);
#4978=ORIENTED_EDGE('',*,*,#4977,.T.);
#4979=EDGE_LOOP('',(#4973,#4974,#4975,#4976,#4978));
#4980=FACE_OUTER_BOUND('',#4979,.F.);
#4981=ADVANCED_FACE('',(#4980),#4972,.T.);
#4982=CARTESIAN_POINT('',(1.149023666578E2,4.596864806722E1,-7.624316881306E1));
#4983=CARTESIAN_POINT('',(1.153847845299E2,4.769194366998E1,-7.682353713185E1));
#4984=CARTESIAN_POINT('',(1.145165651881E2,4.895559852157E1,-7.791417410943E1));
#4985=CARTESIAN_POINT('',(1.128604787828E2,4.893923088924E1,-7.880750767860E1));
#4986=CARTESIAN_POINT('',(1.154398442077E2,4.550920560930E1,-7.722731267944E1));
#4987=CARTESIAN_POINT('',(1.158768199373E2,4.696737133836E1,-7.779228507487E1));
#4988=CARTESIAN_POINT('',(1.152920525906E2,4.811429550848E1,-7.879830026760E1));
#4989=CARTESIAN_POINT('',(1.139834054759E2,4.836479731817E1,-7.973237125330E1));
#4990=CARTESIAN_POINT('',(1.164334393145E2,4.437114829304E1,-7.904662593327E1));
#4991=CARTESIAN_POINT('',(1.168184142274E2,4.536398680345E1,-7.962327551439E1));
#4992=CARTESIAN_POINT('',(1.166725591632E2,4.619966731046E1,-8.049137969920E1));
#4993=CARTESIAN_POINT('',(1.160374961942E2,4.663896207310E1,-8.140253595930E1));
#4994=CARTESIAN_POINT('',(1.172272488061E2,4.255539410823E1,-8.050103351192E1));
#4995=CARTESIAN_POINT('',(1.175860864975E2,4.304217455121E1,-8.109091489634E1));
#4996=CARTESIAN_POINT('',(1.176451998746E2,4.348890205875E1,-8.180110405792E1));
#4997=CARTESIAN_POINT('',(1.173952791156E2,4.382550809535E1,-8.252023263033E1));
#4998=CARTESIAN_POINT('',(1.174529663606E2,4.148139579004E1,-8.091468778294E1));
#4999=CARTESIAN_POINT('',(1.177929300466E2,4.176257423975E1,-8.148501422955E1));
#5000=CARTESIAN_POINT('',(1.178970836913E2,4.202993041193E1,-8.214652940419E1));
#5001=CARTESIAN_POINT('',(1.177525585709E2,4.225049105715E1,-8.281766083222E1));
#5002=(BOUNDED_SURFACE()B_SPLINE_SURFACE(3,3,((#4982,#4983,#4984,#4985),(#4986,
#4987,#4988,#4989),(#4990,#4991,#4992,#4993),(#4994,#4995,#4996,#4997),(#4998,
#4999,#5000,#5001)),.UNSPECIFIED.,.F.,.F.,.F.)B_SPLINE_SURFACE_WITH_KNOTS((4,1,
4),(4,4),(-1.041155250544E-4,3.513749221784E-3,7.087198426996E-3),(
-5.790385475223E-2,1.056986907815E0),.UNSPECIFIED.)GEOMETRIC_REPRESENTATION_ITEM()RATIONAL_B_SPLINE_SURFACE(((1.033023656465E0,8.094750834212E-1,
8.092913759797E-1,1.032472534141E0),(1.025776142029E0,8.512885054159E-1,
8.511451152039E-1,1.025345971392E0),(1.014304051952E0,9.174749680507E-1,
9.173953959782E-1,1.014065335735E0),(1.007788444348E0,9.550657659219E-1,
9.550224395511E-1,1.007658465237E0),(1.006114280717E0,9.647245959963E-1,
9.646905828377E-1,1.006012241241E0)))REPRESENTATION_ITEM('')SURFACE());
#5004=ORIENTED_EDGE('',*,*,#5003,.F.);
#5006=ORIENTED_EDGE('',*,*,#5005,.F.);
#5007=ORIENTED_EDGE('',*,*,#4606,.T.);
#5008=ORIENTED_EDGE('',*,*,#4977,.F.);
#5009=EDGE_LOOP('',(#5004,#5006,#5007,#5008));
#5010=FACE_OUTER_BOUND('',#5009,.F.);
#5011=ADVANCED_FACE('',(#5010),#5002,.F.);
#5012=CARTESIAN_POINT('',(1.135592706425E2,4.662645740112E1,-7.376163496244E1));
#5013=CARTESIAN_POINT('',(1.136137968702E2,4.850106251423E1,-7.370112975002E1));
#5014=CARTESIAN_POINT('',(1.124381756659E2,4.982663813142E1,-7.431916013261E1));
#5015=CARTESIAN_POINT('',(1.107919546587E2,4.974619700959E1,-7.521643699781E1));
#5016=CARTESIAN_POINT('',(1.140656395235E2,4.664303964764E1,-7.469189617279E1));
#5017=CARTESIAN_POINT('',(1.142463232714E2,4.848174773957E1,-7.486866355299E1));
#5018=CARTESIAN_POINT('',(1.132045366987E2,4.979951832621E1,-7.563722857414E1));
#5019=CARTESIAN_POINT('',(1.115921203779E2,4.977125326710E1,-7.651661764335E1));
#5020=CARTESIAN_POINT('',(1.145601175385E2,4.642771353434E1,-7.560029392443E1));
#5021=CARTESIAN_POINT('',(1.148593061699E2,4.817088458870E1,-7.600075293255E1));
#5022=CARTESIAN_POINT('',(1.139504069732E2,4.943611963568E1,-7.690980738392E1));
#5023=CARTESIAN_POINT('',(1.123818977628E2,4.945932881057E1,-7.777869780994E1));
#5024=CARTESIAN_POINT('',(1.150213368267E2,4.599119225880E1,-7.644757142559E1));
#5025=CARTESIAN_POINT('',(1.154270431070E2,4.757987751571E1,-7.704997526556E1));
#5026=CARTESIAN_POINT('',(1.146445856682E2,4.875144037800E1,-7.808289564129E1));
#5027=CARTESIAN_POINT('',(1.131279233266E2,4.882560724390E1,-7.894676856696E1));
#5028=(BOUNDED_SURFACE()B_SPLINE_SURFACE(3,3,((#5012,#5013,#5014,#5015),(#5016,
#5017,#5018,#5019),(#5020,#5021,#5022,#5023),(#5024,#5025,#5026,#5027)),
.UNSPECIFIED.,.F.,.F.,.F.)B_SPLINE_SURFACE_WITH_KNOTS((4,4),(4,4),(
-1.027943118612E-4,3.076892270381E-3),(-2.917073014501E-2,1.028700079860E0),
.UNSPECIFIED.)GEOMETRIC_REPRESENTATION_ITEM()RATIONAL_B_SPLINE_SURFACE(((
1.017641240113E0,7.983448038857E-1,7.982472815509E-1,1.017348673108E0),(
1.017076207903E0,8.048036287990E-1,8.047092300121E-1,1.016793011541E0),(
1.016460520580E0,8.118414870695E-1,8.117504918565E-1,1.016187534941E0),(
1.015816922048E0,8.191983955142E-1,8.191109581708E-1,1.015554610018E0)))REPRESENTATION_ITEM('')SURFACE());
#5030=ORIENTED_EDGE('',*,*,#5029,.T.);
#5032=ORIENTED_EDGE('',*,*,#5031,.F.);
#5033=ORIENTED_EDGE('',*,*,#5003,.T.);
#5034=ORIENTED_EDGE('',*,*,#4939,.F.);
#5035=EDGE_LOOP('',(#5030,#5032,#5033,#5034));
#5036=FACE_OUTER_BOUND('',#5035,.F.);
#5037=ADVANCED_FACE('',(#5036),#5028,.F.);
#5038=CARTESIAN_POINT('',(1.028983494357E2,4.675E1,-6.044376086272E1));
#5039=DIRECTION('',(4.780364127785E-1,0.E0,-8.783400184768E-1));
#5040=DIRECTION('',(-8.783400184768E-1,0.E0,-4.780364127785E-1));
#5041=AXIS2_PLACEMENT_3D('',#5038,#5039,#5040);
#5042=CYLINDRICAL_SURFACE('',#5041,3.E0);
#5044=ORIENTED_EDGE('',*,*,#5043,.F.);
#5046=ORIENTED_EDGE('',*,*,#5045,.T.);
#5047=ORIENTED_EDGE('',*,*,#5029,.F.);
#5048=ORIENTED_EDGE('',*,*,#4926,.F.);
#5049=EDGE_LOOP('',(#5044,#5046,#5047,#5048));
#5050=FACE_OUTER_BOUND('',#5049,.F.);
#5051=ADVANCED_FACE('',(#5050),#5042,.F.);
#5052=CARTESIAN_POINT('',(1.028613729471E2,5.506463075027E1,-5.410476928799E1));
#5053=CARTESIAN_POINT('',(1.034159721628E2,5.593431358282E1,-5.501345099714E1));
#5054=CARTESIAN_POINT('',(1.031526595032E2,5.665213855067E1,-5.615592466340E1));
#5055=CARTESIAN_POINT('',(1.021752370263E2,5.693429901840E1,-5.708065561278E1));
#5056=CARTESIAN_POINT('',(1.038865601058E2,5.243556554978E1,-5.598873496648E1));
#5057=CARTESIAN_POINT('',(1.044092502447E2,5.348779488342E1,-5.683050720125E1));
#5058=CARTESIAN_POINT('',(1.040495375082E2,5.436929482643E1,-5.791870667328E1));
#5059=CARTESIAN_POINT('',(1.029593665969E2,5.470684556310E1,-5.879276902207E1));
#5060=CARTESIAN_POINT('',(1.066081978404E2,4.811288280942E1,-6.099023172149E1));
#5061=CARTESIAN_POINT('',(1.070847233195E2,4.951638183207E1,-6.172431945231E1));
#5062=CARTESIAN_POINT('',(1.064589158748E2,5.068672849603E1,-6.266332658603E1));
#5063=CARTESIAN_POINT('',(1.050424262556E2,5.104008541053E1,-6.333899349481E1));
#5064=CARTESIAN_POINT('',(1.100920346637E2,4.658240149597E1,-6.739239472328E1));
#5065=CARTESIAN_POINT('',(1.103230341508E2,4.837527683283E1,-6.764385130367E1));
#5066=CARTESIAN_POINT('',(1.093324377239E2,4.968900277512E1,-6.838213336181E1));
#5067=CARTESIAN_POINT('',(1.077165677878E2,4.973162498309E1,-6.916258282310E1));
#5068=CARTESIAN_POINT('',(1.118319314725E2,4.660736623258E1,-7.058975746559E1));
#5069=CARTESIAN_POINT('',(1.119043334060E2,4.850257336504E1,-7.053294910268E1));
#5070=CARTESIAN_POINT('',(1.107191929836E2,4.984281361050E1,-7.116566928206E1));
#5071=CARTESIAN_POINT('',(1.090546983102E2,4.974691344530E1,-7.207247113975E1));
#5072=(BOUNDED_SURFACE()B_SPLINE_SURFACE(3,3,((#5052,#5053,#5054,#5055),(#5056,
#5057,#5058,#5059),(#5060,#5061,#5062,#5063),(#5064,#5065,#5066,#5067),(#5068,
#5069,#5070,#5071)),.UNSPECIFIED.,.F.,.F.,.F.)B_SPLINE_SURFACE_WITH_KNOTS((4,1,
4),(4,4),(3.773709358336E0,4.247896964597E0,4.721385809416E0),(
-3.411015507433E-2,1.033170835872E0),.UNSPECIFIED.)GEOMETRIC_REPRESENTATION_ITEM()RATIONAL_B_SPLINE_SURFACE(((1.012388312056E0,8.789194399693E-1,
8.788020766564E-1,1.012036222118E0),(1.013277860793E0,8.702251918179E-1,
8.700994011756E-1,1.012900488866E0),(1.015680529329E0,8.467420529774E-1,
8.465935001430E-1,1.015234870826E0),(1.019006208021E0,8.142376216535E-1,
8.140575622937E-1,1.018466029942E0),(1.020762861731E0,7.970684856239E-1,
7.968717842310E-1,1.020172757552E0)))REPRESENTATION_ITEM('')SURFACE());
#5074=ORIENTED_EDGE('',*,*,#5073,.T.);
#5076=ORIENTED_EDGE('',*,*,#5075,.F.);
#5077=ORIENTED_EDGE('',*,*,#5043,.T.);
#5079=ORIENTED_EDGE('',*,*,#5078,.F.);
#5080=EDGE_LOOP('',(#5074,#5076,#5077,#5079));
#5081=FACE_OUTER_BOUND('',#5080,.F.);
#5082=ADVANCED_FACE('',(#5081),#5072,.F.);
#5083=CARTESIAN_POINT('',(1.003339921953E2,5.497771406981E1,-5.573203279E1));
#5084=DIRECTION('',(8.783400184768E-1,0.E0,4.780364127785E-1));
#5085=DIRECTION('',(4.780364127785E-1,0.E0,-8.783400184768E-1));
#5086=AXIS2_PLACEMENT_3D('',#5083,#5084,#5085);
#5087=SPHERICAL_SURFACE('',#5086,3.E0);
#5089=ORIENTED_EDGE('',*,*,#5088,.F.);
#5090=ORIENTED_EDGE('',*,*,#5073,.F.);
#5092=ORIENTED_EDGE('',*,*,#5091,.T.);
#5093=EDGE_LOOP('',(#5089,#5090,#5092));
#5094=FACE_OUTER_BOUND('',#5093,.F.);
#5095=ADVANCED_FACE('',(#5094),#5087,.F.);
#5096=CARTESIAN_POINT('',(9.635230774377E1,5.206115651115E1,-4.214487415872E1));
#5097=CARTESIAN_POINT('',(9.625023162744E1,5.330542994157E1,-4.185666324354E1));
#5098=CARTESIAN_POINT('',(9.552676050774E1,5.435794275835E1,-4.195962571836E1));
#5099=CARTESIAN_POINT('',(9.443563765057E1,5.484938119389E1,-4.241769527138E1));
#5100=CARTESIAN_POINT('',(9.856308894221E1,5.317949843207E1,-4.620724634681E1));
#5101=CARTESIAN_POINT('',(9.849645212153E1,5.449788717590E1,-4.597626675516E1));
#5102=CARTESIAN_POINT('',(9.773583654469E1,5.558907232189E1,-4.612384779743E1));
#5103=CARTESIAN_POINT('',(9.656787804192E1,5.604164527316E1,-4.659441358133E1));
#5104=CARTESIAN_POINT('',(1.007939572225E2,5.410918471532E1,-5.030652599500E1));
#5105=CARTESIAN_POINT('',(1.007429759809E2,5.548530605173E1,-5.009626119055E1));
#5106=CARTESIAN_POINT('',(9.994434226671E1,5.661091567421E1,-5.028933466925E1));
#5107=CARTESIAN_POINT('',(9.872029062109E1,5.703162330060E1,-5.080788340587E1));
#5108=CARTESIAN_POINT('',(1.030424338090E2,5.487847888757E1,-5.443815879279E1));
#5109=CARTESIAN_POINT('',(1.029827234392E2,5.630611276055E1,-5.420362024023E1));
#5110=CARTESIAN_POINT('',(1.021450985049E2,5.746277846377E1,-5.444314554611E1));
#5111=CARTESIAN_POINT('',(1.008903495362E2,5.785001523966E1,-5.505361057730E1));
#5112=(BOUNDED_SURFACE()B_SPLINE_SURFACE(3,3,((#5096,#5097,#5098,#5099),(#5100,
#5101,#5102,#5103),(#5104,#5105,#5106,#5107),(#5108,#5109,#5110,#5111)),
.UNSPECIFIED.,.F.,.F.,.F.)B_SPLINE_SURFACE_WITH_KNOTS((4,4),(4,4),(
-1.398571023908E-4,1.414556510525E-2),(-3.532954747974E-2,1.034868585271E0),
.UNSPECIFIED.)GEOMETRIC_REPRESENTATION_ITEM()RATIONAL_B_SPLINE_SURFACE(((
1.011330519333E0,8.930189329911E-1,8.929679950496E-1,1.011177705509E0),(
1.012184662703E0,8.849542391797E-1,8.848994613168E-1,1.012020329115E0),(
1.013057088052E0,8.767169296631E-1,8.766582296895E-1,1.012880988131E0),(
1.013950955425E0,8.682771677736E-1,8.682144492936E-1,1.013762799984E0)))REPRESENTATION_ITEM('')SURFACE());
#5114=ORIENTED_EDGE('',*,*,#5113,.T.);
#5116=ORIENTED_EDGE('',*,*,#5115,.F.);
#5117=ORIENTED_EDGE('',*,*,#5088,.T.);
#5119=ORIENTED_EDGE('',*,*,#5118,.F.);
#5120=EDGE_LOOP('',(#5114,#5116,#5117,#5119));
#5121=FACE_OUTER_BOUND('',#5120,.F.);
#5122=ADVANCED_FACE('',(#5121),#5112,.F.);
#5123=CARTESIAN_POINT('',(9.377147098140E1,5.220359202453E1,-4.367411240947E1));
#5124=DIRECTION('',(2.737227732412E-1,8.787858348482E-1,3.909108592496E-1));
#5125=DIRECTION('',(5.044084709597E-1,2.148977662450E-1,-8.362960268272E-1));
#5126=AXIS2_PLACEMENT_3D('',#5123,#5124,#5125);
#5127=SPHERICAL_SURFACE('',#5126,3.E0);
#5129=ORIENTED_EDGE('',*,*,#5128,.T.);
#5130=ORIENTED_EDGE('',*,*,#5113,.F.);
#5132=ORIENTED_EDGE('',*,*,#5131,.F.);
#5134=ORIENTED_EDGE('',*,*,#5133,.T.);
#5136=ORIENTED_EDGE('',*,*,#5135,.T.);
#5138=ORIENTED_EDGE('',*,*,#5137,.T.);
#5139=EDGE_LOOP('',(#5129,#5130,#5132,#5134,#5136,#5138));
#5140=FACE_OUTER_BOUND('',#5139,.F.);
#5141=ADVANCED_FACE('',(#5140),#5127,.F.);
#5142=CARTESIAN_POINT('',(9.377147098140E1,4.235E1,-4.367411240947E1));
#5143=DIRECTION('',(0.E0,1.E0,0.E0));
#5144=DIRECTION('',(0.E0,0.E0,1.E0));
#5145=AXIS2_PLACEMENT_3D('',#5142,#5143,#5144);
#5146=CYLINDRICAL_SURFACE('',#5145,3.E0);
#5147=ORIENTED_EDGE('',*,*,#5128,.F.);
#5148=ORIENTED_EDGE('',*,*,#5137,.F.);
#5149=ORIENTED_EDGE('',*,*,#5135,.F.);
#5150=ORIENTED_EDGE('',*,*,#5133,.F.);
#5152=ORIENTED_EDGE('',*,*,#5151,.T.);
#5153=ORIENTED_EDGE('',*,*,#4612,.F.);
#5154=ORIENTED_EDGE('',*,*,#4610,.F.);
#5156=ORIENTED_EDGE('',*,*,#5155,.T.);
#5157=EDGE_LOOP('',(#5147,#5148,#5149,#5150,#5152,#5153,#5154,#5156));
#5158=FACE_OUTER_BOUND('',#5157,.F.);
#5159=ADVANCED_FACE('',(#5158),#5146,.F.);
#5160=CARTESIAN_POINT('',(9.025300890938E1,3.7102E1,-4.364358900806E1));
#5161=DIRECTION('',(8.480480961564E-1,0.E0,-5.299192642332E-1));
#5162=DIRECTION('',(-5.299192642332E-1,0.E0,-8.480480961564E-1));
#5163=AXIS2_PLACEMENT_3D('',#5160,#5161,#5162);
#5164=PLANE('',#5163);
#5166=ORIENTED_EDGE('',*,*,#5165,.F.);
#5168=ORIENTED_EDGE('',*,*,#5167,.T.);
#5170=ORIENTED_EDGE('',*,*,#5169,.F.);
#5172=ORIENTED_EDGE('',*,*,#5171,.T.);
#5174=ORIENTED_EDGE('',*,*,#5173,.F.);
#5176=ORIENTED_EDGE('',*,*,#5175,.T.);
#5178=ORIENTED_EDGE('',*,*,#5177,.F.);
#5179=ORIENTED_EDGE('',*,*,#4614,.F.);
#5180=ORIENTED_EDGE('',*,*,#5151,.F.);
#5182=ORIENTED_EDGE('',*,*,#5181,.T.);
#5184=ORIENTED_EDGE('',*,*,#5183,.F.);
#5186=ORIENTED_EDGE('',*,*,#5185,.F.);
#5187=EDGE_LOOP('',(#5166,#5168,#5170,#5172,#5174,#5176,#5178,#5179,#5180,#5182,
#5184,#5186));
#5188=FACE_OUTER_BOUND('',#5187,.F.);
#5189=ADVANCED_FACE('',(#5188),#5164,.T.);
#5190=CARTESIAN_POINT('',(8.567237964984E1,2.55E1,-2.360149822070E1));
#5191=DIRECTION('',(0.E0,-1.E0,0.E0));
#5192=DIRECTION('',(1.E0,0.E0,0.E0));
#5193=AXIS2_PLACEMENT_3D('',#5190,#5191,#5192);
#5194=PLANE('',#5193);
#5195=ORIENTED_EDGE('',*,*,#4175,.F.);
#5197=ORIENTED_EDGE('',*,*,#5196,.F.);
#5199=ORIENTED_EDGE('',*,*,#5198,.T.);
#5201=ORIENTED_EDGE('',*,*,#5200,.T.);
#5203=ORIENTED_EDGE('',*,*,#5202,.T.);
#5205=ORIENTED_EDGE('',*,*,#5204,.T.);
#5207=ORIENTED_EDGE('',*,*,#5206,.T.);
#5209=ORIENTED_EDGE('',*,*,#5208,.F.);
#5211=ORIENTED_EDGE('',*,*,#5210,.F.);
#5213=ORIENTED_EDGE('',*,*,#5212,.T.);
#5214=ORIENTED_EDGE('',*,*,#4159,.F.);
#5216=ORIENTED_EDGE('',*,*,#5215,.T.);
#5218=ORIENTED_EDGE('',*,*,#5217,.T.);
#5219=ORIENTED_EDGE('',*,*,#5165,.T.);
#5221=ORIENTED_EDGE('',*,*,#5220,.F.);
#5222=EDGE_LOOP('',(#5195,#5197,#5199,#5201,#5203,#5205,#5207,#5209,#5211,#5213,
#5214,#5216,#5218,#5219,#5221));
#5223=FACE_OUTER_BOUND('',#5222,.F.);
#5225=ORIENTED_EDGE('',*,*,#5224,.T.);
#5227=ORIENTED_EDGE('',*,*,#5226,.T.);
#5228=EDGE_LOOP('',(#5225,#5227));
#5229=FACE_BOUND('',#5228,.F.);
#5231=ORIENTED_EDGE('',*,*,#5230,.T.);
#5233=ORIENTED_EDGE('',*,*,#5232,.T.);
#5234=EDGE_LOOP('',(#5231,#5233));
#5235=FACE_BOUND('',#5234,.F.);
#5237=ORIENTED_EDGE('',*,*,#5236,.T.);
#5239=ORIENTED_EDGE('',*,*,#5238,.T.);
#5240=EDGE_LOOP('',(#5237,#5239));
#5241=FACE_BOUND('',#5240,.F.);
#5243=ORIENTED_EDGE('',*,*,#5242,.T.);
#5245=ORIENTED_EDGE('',*,*,#5244,.T.);
#5246=EDGE_LOOP('',(#5243,#5245));
#5247=FACE_BOUND('',#5246,.F.);
#5248=ADVANCED_FACE('',(#5223,#5229,#5235,#5241,#5247),#5194,.T.);
#5249=CARTESIAN_POINT('',(7.701514930191E1,-2.5002E1,-4.4E1));
#5250=DIRECTION('',(0.E0,0.E0,-1.E0));
#5251=DIRECTION('',(-1.E0,0.E0,0.E0));
#5252=AXIS2_PLACEMENT_3D('',#5249,#5250,#5251);
#5253=PLANE('',#5252);
#5254=ORIENTED_EDGE('',*,*,#5196,.T.);
#5255=ORIENTED_EDGE('',*,*,#4173,.T.);
#5257=ORIENTED_EDGE('',*,*,#5256,.F.);
#5259=ORIENTED_EDGE('',*,*,#5258,.F.);
#5260=EDGE_LOOP('',(#5254,#5255,#5257,#5259));
#5261=FACE_OUTER_BOUND('',#5260,.F.);
#5262=ADVANCED_FACE('',(#5261),#5253,.F.);
#5263=CARTESIAN_POINT('',(6.4E1,4.973720098239E1,-4.E1));
#5264=DIRECTION('',(1.E0,0.E0,0.E0));
#5265=DIRECTION('',(0.E0,0.E0,-1.E0));
#5266=AXIS2_PLACEMENT_3D('',#5263,#5264,#5265);
#5267=CYLINDRICAL_SURFACE('',#5266,4.E0);
#5268=ORIENTED_EDGE('',*,*,#5256,.T.);
#5269=ORIENTED_EDGE('',*,*,#4171,.F.);
#5271=ORIENTED_EDGE('',*,*,#5270,.T.);
#5273=ORIENTED_EDGE('',*,*,#5272,.T.);
#5274=EDGE_LOOP('',(#5268,#5269,#5271,#5273));
#5275=FACE_OUTER_BOUND('',#5274,.F.);
#5276=ADVANCED_FACE('',(#5275),#5267,.F.);
#5277=CARTESIAN_POINT('',(6.4E1,1.347785607576E1,-6.398336990705E1));
#5278=DIRECTION('',(1.E0,0.E0,0.E0));
#5279=DIRECTION('',(0.E0,0.E0,-1.E0));
#5280=AXIS2_PLACEMENT_3D('',#5277,#5278,#5279);
#5281=CYLINDRICAL_SURFACE('',#5280,4.747346460953E1);
#5282=ORIENTED_EDGE('',*,*,#5270,.F.);
#5283=ORIENTED_EDGE('',*,*,#4169,.F.);
#5285=ORIENTED_EDGE('',*,*,#5284,.T.);
#5287=ORIENTED_EDGE('',*,*,#5286,.T.);
#5289=ORIENTED_EDGE('',*,*,#5288,.T.);
#5290=EDGE_LOOP('',(#5282,#5283,#5285,#5287,#5289));
#5291=FACE_OUTER_BOUND('',#5290,.F.);
#5292=ADVANCED_FACE('',(#5291),#5281,.F.);
#5293=CARTESIAN_POINT('',(1.349712569798E3,4.420282135681E1,-2.657539198807E1));
#5294=DIRECTION('',(0.E0,-7.735893215950E-1,-6.336872742246E-1));
#5295=DIRECTION('',(0.E0,6.336872742246E-1,-7.735893215950E-1));
#5296=AXIS2_PLACEMENT_3D('',#5293,#5294,#5295);
#5297=PLANE('',#5296);
#5298=ORIENTED_EDGE('',*,*,#5284,.F.);
#5299=ORIENTED_EDGE('',*,*,#4167,.F.);
#5301=ORIENTED_EDGE('',*,*,#5300,.F.);
#5303=ORIENTED_EDGE('',*,*,#5302,.T.);
#5305=ORIENTED_EDGE('',*,*,#5304,.T.);
#5306=EDGE_LOOP('',(#5298,#5299,#5301,#5303,#5305));
#5307=FACE_OUTER_BOUND('',#5306,.F.);
#5308=ADVANCED_FACE('',(#5307),#5297,.T.);
#5309=CARTESIAN_POINT('',(1.349712569798E3,1.169989205003E1,-4.126614770065E1));
#5310=DIRECTION('',(-1.E0,0.E0,0.E0));
#5311=DIRECTION('',(0.E0,0.E0,1.E0));
#5312=AXIS2_PLACEMENT_3D('',#5309,#5310,#5311);
#5313=CYLINDRICAL_SURFACE('',#5312,3.445402992525E1);
#5315=ORIENTED_EDGE('',*,*,#5314,.T.);
#5316=ORIENTED_EDGE('',*,*,#5300,.T.);
#5317=ORIENTED_EDGE('',*,*,#4165,.F.);
#5319=ORIENTED_EDGE('',*,*,#5318,.F.);
#5321=ORIENTED_EDGE('',*,*,#5320,.F.);
#5322=EDGE_LOOP('',(#5315,#5316,#5317,#5319,#5321));
#5323=FACE_OUTER_BOUND('',#5322,.F.);
#5324=ADVANCED_FACE('',(#5323),#5313,.F.);
#5325=CARTESIAN_POINT('',(6.849650150270E1,3.510954057375E1,-2.049544037693E1));
#5326=CARTESIAN_POINT('',(6.859613989754E1,3.652080606854E1,-1.924183342137E1));
#5327=CARTESIAN_POINT('',(6.726777127822E1,3.751395910728E1,-1.833493278014E1));
#5328=CARTESIAN_POINT('',(6.537908782417E1,3.744002521276E1,-1.836734562037E1));
#5329=CARTESIAN_POINT('',(6.849810166054E1,3.538162719830E1,-2.064581357498E1));
#5330=CARTESIAN_POINT('',(6.853036488220E1,3.676752134139E1,-1.943674209161E1));
#5331=CARTESIAN_POINT('',(6.721449830792E1,3.776176982437E1,-1.861882990715E1));
#5332=CARTESIAN_POINT('',(6.537566332197E1,3.774066966577E1,-1.870517325267E1));
#5333=CARTESIAN_POINT('',(6.851092344644E1,3.564473902968E1,-2.079673194842E1));
#5334=CARTESIAN_POINT('',(6.848207054049E1,3.701146541829E1,-1.963926071350E1));
#5335=CARTESIAN_POINT('',(6.718264286499E1,3.800705947444E1,-1.890863621785E1));
#5336=CARTESIAN_POINT('',(6.539561362898E1,3.803141864941E1,-1.904527197044E1));
#5337=CARTESIAN_POINT('',(6.853563006513E1,3.589920527734E1,-2.094807713526E1));
#5338=CARTESIAN_POINT('',(6.845329096630E1,3.725081622095E1,-1.984737874219E1));
#5339=CARTESIAN_POINT('',(6.717455886188E1,3.824795604815E1,-1.920246451152E1));
#5340=CARTESIAN_POINT('',(6.544041952003E1,3.831262426138E1,-1.938719762075E1));
#5341=(BOUNDED_SURFACE()B_SPLINE_SURFACE(3,3,((#5325,#5326,#5327,#5328),(#5329,
#5330,#5331,#5332),(#5333,#5334,#5335,#5336),(#5337,#5338,#5339,#5340)),
.UNSPECIFIED.,.F.,.F.,.F.)B_SPLINE_SURFACE_WITH_KNOTS((4,4),(4,4),(
-1.394413939030E-4,1.066276076493E-3),(-2.907814737219E-2,1.028810539479E0),
.UNSPECIFIED.)GEOMETRIC_REPRESENTATION_ITEM()RATIONAL_B_SPLINE_SURFACE(((
1.017777946634E0,7.960935905155E-1,7.960375265069E-1,1.017609754608E0),(
1.017054942660E0,8.043861761204E-1,8.043323921558E-1,1.016893590766E0),(
1.016376679580E0,8.121656003810E-1,8.121139553671E-1,1.016221744538E0),(
1.015739351973E0,8.194755100461E-1,8.194258748897E-1,1.015590446504E0)))REPRESENTATION_ITEM('')SURFACE());
#5343=ORIENTED_EDGE('',*,*,#5342,.F.);
#5344=ORIENTED_EDGE('',*,*,#5314,.F.);
#5346=ORIENTED_EDGE('',*,*,#5345,.T.);
#5348=ORIENTED_EDGE('',*,*,#5347,.F.);
#5349=EDGE_LOOP('',(#5343,#5344,#5346,#5348));
#5350=FACE_OUTER_BOUND('',#5349,.F.);
#5351=ADVANCED_FACE('',(#5350),#5341,.F.);
#5352=CARTESIAN_POINT('',(6.851784760046E1,3.565398171504E1,-2.084156438586E1));
#5353=CARTESIAN_POINT('',(6.850566973581E1,3.706240754678E1,-1.968900845198E1));
#5354=CARTESIAN_POINT('',(6.718543854746E1,3.808874724151E1,-1.897059196363E1));
#5355=CARTESIAN_POINT('',(6.537234260087E1,3.809896090028E1,-1.913016749548E1));
#5356=CARTESIAN_POINT('',(6.857306735264E1,3.638313312948E1,-2.127719302088E1));
#5357=CARTESIAN_POINT('',(6.839070227918E1,3.767258218445E1,-2.020899444963E1));
#5358=CARTESIAN_POINT('',(6.712304422822E1,3.867154981128E1,-1.969937518567E1));
#5359=CARTESIAN_POINT('',(6.546263649326E1,3.883405300450E1,-2.002694857865E1));
#5360=CARTESIAN_POINT('',(6.888069551830E1,3.782358886453E1,-2.212766824034E1));
#5361=CARTESIAN_POINT('',(6.843422074820E1,3.893953823773E1,-2.134794529517E1));
#5362=CARTESIAN_POINT('',(6.734202217387E1,3.989170942593E1,-2.122029954975E1));
#5363=CARTESIAN_POINT('',(6.605653157121E1,4.028556497425E1,-2.179771758935E1));
#5364=CARTESIAN_POINT('',(6.951336172610E1,3.891504236666E1,-2.276155406103E1));
#5365=CARTESIAN_POINT('',(6.908458615487E1,3.998184486152E1,-2.233719088667E1));
#5366=CARTESIAN_POINT('',(6.827845391800E1,4.090410569968E1,-2.247800406916E1));
#5367=CARTESIAN_POINT('',(6.735452996375E1,4.138479977333E1,-2.313871247935E1));
#5368=CARTESIAN_POINT('',(6.988628391870E1,3.932441237051E1,-2.299855963379E1));
#5369=CARTESIAN_POINT('',(6.951742306431E1,4.036622254850E1,-2.270507916131E1));
#5370=CARTESIAN_POINT('',(6.886918372725E1,4.127793531856E1,-2.294216683279E1));
#5371=CARTESIAN_POINT('',(6.812817529031E1,4.179703961626E1,-2.364161724052E1));
#5372=(BOUNDED_SURFACE()B_SPLINE_SURFACE(3,3,((#5352,#5353,#5354,#5355),(#5356,
#5357,#5358,#5359),(#5360,#5361,#5362,#5363),(#5364,#5365,#5366,#5367),(#5368,
#5369,#5370,#5371)),.UNSPECIFIED.,.F.,.F.,.F.)B_SPLINE_SURFACE_WITH_KNOTS((4,1,
4),(4,4),(1.663177108622E0,2.105850567511E0,2.559031446567E0),(
-3.812628080849E-2,1.037731270240E0),.UNSPECIFIED.)GEOMETRIC_REPRESENTATION_ITEM()RATIONAL_B_SPLINE_SURFACE(((1.021572572133E0,8.112068295123E-1,
8.111296202265E-1,1.021340944277E0),(1.019039266669E0,8.333771468686E-1,
8.333090044064E-1,1.018834839283E0),(1.014369477290E0,8.742449829787E-1,
8.741935539200E-1,1.014215190114E0),(1.011133627666E0,9.025636417810E-1,
9.025237939856E-1,1.011014084280E0),(1.009942200510E0,9.129904610275E-1,
9.129548774079E-1,1.009835449651E0)))REPRESENTATION_ITEM('')SURFACE());
#5374=ORIENTED_EDGE('',*,*,#5373,.T.);
#5375=ORIENTED_EDGE('',*,*,#5302,.F.);
#5376=ORIENTED_EDGE('',*,*,#5342,.T.);
#5378=ORIENTED_EDGE('',*,*,#5377,.F.);
#5379=EDGE_LOOP('',(#5374,#5375,#5376,#5378));
#5380=FACE_OUTER_BOUND('',#5379,.F.);
#5381=ADVANCED_FACE('',(#5380),#5372,.F.);
#5382=CARTESIAN_POINT('',(8.449929893339E1,4.877697597817E1,-3.689360009538E1));
#5383=DIRECTION('',(-7.413958739676E-1,-4.252472033157E-1,5.191309797497E-1));
#5384=DIRECTION('',(5.735764363510E-1,2.004146158003E-14,8.191520442890E-1));
#5385=AXIS2_PLACEMENT_3D('',#5382,#5383,#5384);
#5386=CYLINDRICAL_SURFACE('',#5385,3.E0);
#5388=ORIENTED_EDGE('',*,*,#5387,.F.);
#5389=ORIENTED_EDGE('',*,*,#5304,.F.);
#5390=ORIENTED_EDGE('',*,*,#5373,.F.);
#5392=ORIENTED_EDGE('',*,*,#5391,.F.);
#5393=EDGE_LOOP('',(#5388,#5389,#5390,#5392));
#5394=FACE_OUTER_BOUND('',#5393,.F.);
#5395=ADVANCED_FACE('',(#5394),#5386,.F.);
#5396=CARTESIAN_POINT('',(8.461748882661E1,4.773523142550E1,-3.331656321384E1));
#5397=CARTESIAN_POINT('',(8.423840393728E1,4.878075991131E1,-3.299865396816E1));
#5398=CARTESIAN_POINT('',(8.356127014798E1,4.969303398593E1,-3.321592179949E1));
#5399=CARTESIAN_POINT('',(8.278498178063E1,5.020402898036E1,-3.390460018283E1));
#5400=CARTESIAN_POINT('',(8.608286130738E1,4.857615967663E1,-3.434272669501E1));
#5401=CARTESIAN_POINT('',(8.572211029109E1,4.966217061023E1,-3.403537198027E1));
#5402=CARTESIAN_POINT('',(8.504217818333E1,5.060074487315E1,-3.428092244670E1));
#5403=CARTESIAN_POINT('',(8.425114561629E1,5.110457741269E1,-3.500428534045E1));
#5404=CARTESIAN_POINT('',(8.760281173745E1,4.937139631928E1,-3.540710960640E1));
#5405=CARTESIAN_POINT('',(8.725556701685E1,5.049394615596E1,-3.510682369700E1));
#5406=CARTESIAN_POINT('',(8.657267980916E1,5.145798926078E1,-3.538195767100E1));
#5407=CARTESIAN_POINT('',(8.577191702129E1,5.195602007857E1,-3.614482964040E1));
#5408=CARTESIAN_POINT('',(8.917153623277E1,5.011770378786E1,-3.650564760067E1));
#5409=CARTESIAN_POINT('',(8.882955585253E1,5.127313695454E1,-3.620656043499E1));
#5410=CARTESIAN_POINT('',(8.814355581706E1,5.226172900954E1,-3.651249489667E1));
#5411=CARTESIAN_POINT('',(8.734148728322E1,5.275489258159E1,-3.732185178692E1));
#5412=(BOUNDED_SURFACE()B_SPLINE_SURFACE(3,3,((#5396,#5397,#5398,#5399),(#5400,
#5401,#5402,#5403),(#5404,#5405,#5406,#5407),(#5408,#5409,#5410,#5411)),
.UNSPECIFIED.,.F.,.F.,.F.)B_SPLINE_SURFACE_WITH_KNOTS((4,4),(4,4),(
4.024448479599E0,4.114153041852E0),(-3.812927267054E-2,1.037700244809E0),
.UNSPECIFIED.)GEOMETRIC_REPRESENTATION_ITEM()RATIONAL_B_SPLINE_SURFACE(((
1.010148020232E0,9.111993003659E-1,9.111598565372E-1,1.010029688747E0),(
1.010577599593E0,9.074402471810E-1,9.073991336419E-1,1.010454258976E0),(
1.011027031507E0,9.035074733501E-1,9.034646129367E-1,1.010898450267E0),(
1.011495663390E0,8.994066893415E-1,8.993620074265E-1,1.011361617645E0)))REPRESENTATION_ITEM('')SURFACE());
#5413=ORIENTED_EDGE('',*,*,#5286,.F.);
#5414=ORIENTED_EDGE('',*,*,#5387,.T.);
#5416=ORIENTED_EDGE('',*,*,#5415,.F.);
#5418=ORIENTED_EDGE('',*,*,#5417,.F.);
#5419=EDGE_LOOP('',(#5413,#5414,#5416,#5418));
#5420=FACE_OUTER_BOUND('',#5419,.F.);
#5421=ADVANCED_FACE('',(#5420),#5412,.F.);
#5422=CARTESIAN_POINT('',(8.076389955430E1,6.295332068529E1,-3.061572152563E1));
#5423=DIRECTION('',(-5.735764363510E-1,0.E0,-8.191520442890E-1));
#5424=DIRECTION('',(-8.191520442890E-1,0.E0,5.735764363510E-1));
#5425=AXIS2_PLACEMENT_3D('',#5422,#5423,#5424);
#5426=PLANE('',#5425);
#5427=ORIENTED_EDGE('',*,*,#5415,.T.);
#5428=ORIENTED_EDGE('',*,*,#5391,.T.);
#5430=ORIENTED_EDGE('',*,*,#5429,.F.);
#5431=ORIENTED_EDGE('',*,*,#5204,.F.);
#5433=ORIENTED_EDGE('',*,*,#5432,.F.);
#5434=EDGE_LOOP('',(#5427,#5428,#5430,#5431,#5433));
#5435=FACE_OUTER_BOUND('',#5434,.F.);
#5436=ADVANCED_FACE('',(#5435),#5426,.T.);
#5437=CARTESIAN_POINT('',(7.15E1,6.295332068529E1,-2.046674545821E1));
#5438=DIRECTION('',(0.E0,-1.E0,0.E0));
#5439=DIRECTION('',(0.E0,0.E0,-1.E0));
#5440=AXIS2_PLACEMENT_3D('',#5437,#5438,#5439);
#5441=CYLINDRICAL_SURFACE('',#5440,3.E0);
#5442=ORIENTED_EDGE('',*,*,#5377,.T.);
#5443=ORIENTED_EDGE('',*,*,#5347,.T.);
#5445=ORIENTED_EDGE('',*,*,#5444,.T.);
#5446=ORIENTED_EDGE('',*,*,#5206,.F.);
#5447=ORIENTED_EDGE('',*,*,#5429,.T.);
#5448=EDGE_LOOP('',(#5442,#5443,#5445,#5446,#5447));
#5449=FACE_OUTER_BOUND('',#5448,.F.);
#5450=ADVANCED_FACE('',(#5449),#5441,.T.);
#5451=CARTESIAN_POINT('',(6.85E1,6.295332068529E1,-1.501422330493E1));
#5452=DIRECTION('',(-1.E0,0.E0,0.E0));
#5453=DIRECTION('',(0.E0,0.E0,1.E0));
#5454=AXIS2_PLACEMENT_3D('',#5451,#5452,#5453);
#5455=PLANE('',#5454);
#5456=ORIENTED_EDGE('',*,*,#5208,.T.);
#5457=ORIENTED_EDGE('',*,*,#5444,.F.);
#5459=ORIENTED_EDGE('',*,*,#5458,.T.);
#5460=EDGE_LOOP('',(#5456,#5457,#5459));
#5461=FACE_OUTER_BOUND('',#5460,.F.);
#5462=ADVANCED_FACE('',(#5461),#5455,.T.);
#5463=CARTESIAN_POINT('',(6.55E1,1.169989205003E1,-4.126614770065E1));
#5464=DIRECTION('',(-1.E0,0.E0,0.E0));
#5465=DIRECTION('',(0.E0,0.E0,1.E0));
#5466=AXIS2_PLACEMENT_3D('',#5463,#5464,#5465);
#5467=TOROIDAL_SURFACE('',#5466,3.145402992525E1,3.E0);
#5469=ORIENTED_EDGE('',*,*,#5468,.F.);
#5471=ORIENTED_EDGE('',*,*,#5470,.T.);
#5472=ORIENTED_EDGE('',*,*,#5210,.T.);
#5473=ORIENTED_EDGE('',*,*,#5458,.F.);
#5474=ORIENTED_EDGE('',*,*,#5345,.F.);
#5475=ORIENTED_EDGE('',*,*,#5320,.T.);
#5476=EDGE_LOOP('',(#5469,#5471,#5472,#5473,#5474,#5475));
#5477=FACE_OUTER_BOUND('',#5476,.F.);
#5478=ADVANCED_FACE('',(#5477),#5467,.F.);
#5479=CARTESIAN_POINT('',(1.26002E2,0.E0,-6.4E1));
#5480=DIRECTION('',(-1.E0,0.E0,0.E0));
#5481=DIRECTION('',(0.E0,0.E0,1.E0));
#5482=AXIS2_PLACEMENT_3D('',#5479,#5480,#5481);
#5483=CYLINDRICAL_SURFACE('',#5482,6.E1);
#5484=ORIENTED_EDGE('',*,*,#5318,.T.);
#5485=ORIENTED_EDGE('',*,*,#4163,.F.);
#5487=ORIENTED_EDGE('',*,*,#5486,.T.);
#5488=ORIENTED_EDGE('',*,*,#5468,.T.);
#5489=EDGE_LOOP('',(#5484,#5485,#5487,#5488));
#5490=FACE_OUTER_BOUND('',#5489,.F.);
#5491=ADVANCED_FACE('',(#5490),#5483,.F.);
#5492=CARTESIAN_POINT('',(0.E0,0.E0,-1.E1));
#5493=DIRECTION('',(0.E0,0.E0,1.E0));
#5494=DIRECTION('',(1.E0,0.E0,0.E0));
#5495=AXIS2_PLACEMENT_3D('',#5492,#5493,#5494);
#5496=PLANE('',#5495);
#5497=ORIENTED_EDGE('',*,*,#5486,.F.);
#5498=ORIENTED_EDGE('',*,*,#4161,.T.);
#5499=ORIENTED_EDGE('',*,*,#5212,.F.);
#5500=ORIENTED_EDGE('',*,*,#5470,.F.);
#5501=EDGE_LOOP('',(#5497,#5498,#5499,#5500));
#5502=FACE_OUTER_BOUND('',#5501,.F.);
#5503=ADVANCED_FACE('',(#5502),#5496,.F.);
#5504=CARTESIAN_POINT('',(8.733447859656E1,3.7102E1,-3.887881426771E1));
#5505=DIRECTION('',(0.E0,1.E0,0.E0));
#5506=DIRECTION('',(0.E0,0.E0,1.E0));
#5507=AXIS2_PLACEMENT_3D('',#5504,#5505,#5506);
#5508=CYLINDRICAL_SURFACE('',#5507,3.E0);
#5509=ORIENTED_EDGE('',*,*,#5202,.F.);
#5511=ORIENTED_EDGE('',*,*,#5510,.T.);
#5513=ORIENTED_EDGE('',*,*,#5512,.F.);
#5514=ORIENTED_EDGE('',*,*,#5432,.T.);
#5515=EDGE_LOOP('',(#5509,#5511,#5513,#5514));
#5516=FACE_OUTER_BOUND('',#5515,.F.);
#5517=ADVANCED_FACE('',(#5516),#5508,.F.);
#5518=CARTESIAN_POINT('',(8.855691271706E1,3.7102E1,-4.258375047959E1));
#5519=DIRECTION('',(8.480480961564E-1,0.E0,-5.299192642332E-1));
#5520=DIRECTION('',(-5.299192642332E-1,0.E0,-8.480480961564E-1));
#5521=AXIS2_PLACEMENT_3D('',#5518,#5519,#5520);
#5522=PLANE('',#5521);
#5523=ORIENTED_EDGE('',*,*,#5200,.F.);
#5525=ORIENTED_EDGE('',*,*,#5524,.F.);
#5527=ORIENTED_EDGE('',*,*,#5526,.T.);
#5529=ORIENTED_EDGE('',*,*,#5528,.T.);
#5530=ORIENTED_EDGE('',*,*,#5510,.F.);
#5531=EDGE_LOOP('',(#5523,#5525,#5527,#5529,#5530));
#5532=FACE_OUTER_BOUND('',#5531,.F.);
#5533=ADVANCED_FACE('',(#5532),#5522,.F.);
#5534=CARTESIAN_POINT('',(8.600901464274E1,-2.5002E1,-4.1E1));
#5535=DIRECTION('',(0.E0,-1.E0,0.E0));
#5536=DIRECTION('',(0.E0,0.E0,-1.E0));
#5537=AXIS2_PLACEMENT_3D('',#5534,#5535,#5536);
#5538=CYLINDRICAL_SURFACE('',#5537,3.E0);
#5539=ORIENTED_EDGE('',*,*,#5198,.F.);
#5540=ORIENTED_EDGE('',*,*,#5258,.T.);
#5542=ORIENTED_EDGE('',*,*,#5541,.F.);
#5543=ORIENTED_EDGE('',*,*,#5524,.T.);
#5544=EDGE_LOOP('',(#5539,#5540,#5542,#5543));
#5545=FACE_OUTER_BOUND('',#5544,.F.);
#5546=ADVANCED_FACE('',(#5545),#5538,.F.);
#5547=CARTESIAN_POINT('',(8.590105106960E1,4.930362987821E1,-4.397352620446E1));
#5548=CARTESIAN_POINT('',(8.704482251600E1,4.937481729254E1,-4.402445297820E1));
#5549=CARTESIAN_POINT('',(8.804518448712E1,4.950048774168E1,-4.347759969271E1));
#5550=CARTESIAN_POINT('',(8.861244420769E1,4.964426828200E1,-4.249114469378E1));
#5551=CARTESIAN_POINT('',(8.588659094028E1,5.017442676408E1,-4.407234840715E1));
#5552=CARTESIAN_POINT('',(8.702248838029E1,5.010184093066E1,-4.408892562068E1));
#5553=CARTESIAN_POINT('',(8.802015458738E1,4.997547837301E1,-4.351545755789E1));
#5554=CARTESIAN_POINT('',(8.859871326192E1,4.983089552837E1,-4.251321769454E1));
#5555=CARTESIAN_POINT('',(8.594130037882E1,5.182244377221E1,-4.369829668905E1));
#5556=CARTESIAN_POINT('',(8.710784297042E1,5.149041688830E1,-4.384278514049E1));
#5557=CARTESIAN_POINT('',(8.811569197001E1,5.088115305610E1,-4.337094776458E1));
#5558=CARTESIAN_POINT('',(8.865069338794E1,5.018445515028E1,-4.242965772412E1));
#5559=CARTESIAN_POINT('',(8.620097538114E1,5.346912188949E1,-4.192815836898E1));
#5560=CARTESIAN_POINT('',(8.753708362546E1,5.313049053197E1,-4.259611754570E1));
#5561=CARTESIAN_POINT('',(8.860035330303E1,5.197261827338E1,-4.263816033692E1));
#5562=CARTESIAN_POINT('',(8.889652476467E1,5.053325367003E1,-4.203447486199E1));
#5563=CARTESIAN_POINT('',(8.654263197759E1,5.394840269163E1,-3.960451348199E1));
#5564=CARTESIAN_POINT('',(8.820090366263E1,5.410865242855E1,-4.066396923064E1));
#5565=CARTESIAN_POINT('',(8.935838888138E1,5.267142925480E1,-4.149162300019E1));
#5566=CARTESIAN_POINT('',(8.921803480781E1,5.062498170339E1,-4.151762791645E1));
#5567=CARTESIAN_POINT('',(8.676381441481E1,5.334605458553E1,-3.809177804120E1));
#5568=CARTESIAN_POINT('',(8.876973534322E1,5.399726963600E1,-3.904863271891E1));
#5569=CARTESIAN_POINT('',(9.001412531528E1,5.266030987395E1,-4.049619866905E1));
#5570=CARTESIAN_POINT('',(8.942366831243E1,5.048606418614E1,-4.118702961752E1));
#5571=CARTESIAN_POINT('',(8.685526575743E1,5.281791007970E1,-3.745716629549E1));
#5572=CARTESIAN_POINT('',(8.907451123040E1,5.361295421674E1,-3.821415144290E1));
#5573=CARTESIAN_POINT('',(9.036478428843E1,5.242408805189E1,-3.996157681157E1));
#5574=CARTESIAN_POINT('',(8.950788440167E1,5.037125455358E1,-4.105161673457E1));
#5575=(BOUNDED_SURFACE()B_SPLINE_SURFACE(3,3,((#5547,#5548,#5549,#5550),(#5551,
#5552,#5553,#5554),(#5555,#5556,#5557,#5558),(#5559,#5560,#5561,#5562),(#5563,
#5564,#5565,#5566),(#5567,#5568,#5569,#5570),(#5571,#5572,#5573,#5574)),
.UNSPECIFIED.,.F.,.F.,.F.)B_SPLINE_SURFACE_WITH_KNOTS((4,1,1,1,4),(4,4),(
3.034814222384E0,3.680385533618E0,4.219178413647E0,4.757971293676E0,
5.381997019012E0),(-3.854156875270E-2,1.037531495482E0),.UNSPECIFIED.)GEOMETRIC_REPRESENTATION_ITEM()RATIONAL_B_SPLINE_SURFACE(((1.010107444283E0,
9.125505836198E-1,9.124590961813E-1,1.009832981967E0),(1.009823673356E0,
9.150057643046E-1,9.149168454160E-1,1.009556916690E0),(1.010887507688E0,
9.058014898320E-1,9.057029416568E-1,1.010591863161E0),(1.016319915624E0,
8.588003993229E-1,8.586526797574E-1,1.015876756927E0),(1.024357695042E0,
7.892576841364E-1,7.890372106847E-1,1.023696274687E0),(1.030687914075E0,
7.344887490301E-1,7.342109776594E-1,1.029854599963E0),(1.033683453122E0,
7.085714019715E-1,7.082665165069E-1,1.032768796727E0)))REPRESENTATION_ITEM('')SURFACE());
#5576=ORIENTED_EDGE('',*,*,#5541,.T.);
#5577=ORIENTED_EDGE('',*,*,#5272,.F.);
#5579=ORIENTED_EDGE('',*,*,#5578,.T.);
#5580=ORIENTED_EDGE('',*,*,#5526,.F.);
#5581=EDGE_LOOP('',(#5576,#5577,#5579,#5580));
#5582=FACE_OUTER_BOUND('',#5581,.F.);
#5583=ADVANCED_FACE('',(#5582),#5575,.F.);
#5584=CARTESIAN_POINT('',(8.681787911122E1,5.309584263693E1,-3.783186248066E1));
#5585=CARTESIAN_POINT('',(8.888850384809E1,5.377139015840E1,-3.868098888873E1));
#5586=CARTESIAN_POINT('',(9.012333265080E1,5.255738556961E1,-4.025182977729E1));
#5587=CARTESIAN_POINT('',(8.943910914025E1,5.051746523045E1,-4.116725143661E1));
#5588=CARTESIAN_POINT('',(8.697013873714E1,5.292411439658E1,-3.757171494320E1));
#5589=CARTESIAN_POINT('',(8.904759444651E1,5.360464566754E1,-3.841488769003E1));
#5590=CARTESIAN_POINT('',(9.028385865913E1,5.239449859085E1,-3.999553117481E1));
#5591=CARTESIAN_POINT('',(8.959120955381E1,5.035705858910E1,-4.092382962829E1));
#5592=CARTESIAN_POINT('',(8.712141836186E1,5.274981533563E1,-3.731324625877E1));
#5593=CARTESIAN_POINT('',(8.920553439237E1,5.343540549703E1,-3.815066405865E1));
#5594=CARTESIAN_POINT('',(9.044323231362E1,5.222920852172E1,-3.974107485081E1));
#5595=CARTESIAN_POINT('',(8.974233033252E1,5.019424620519E1,-4.068197563220E1));
#5596=CARTESIAN_POINT('',(8.727168802975E1,5.257297881931E1,-3.705650748137E1));
#5597=CARTESIAN_POINT('',(8.936230256697E1,5.326371144790E1,-3.788835454569E1));
#5598=CARTESIAN_POINT('',(9.060143210742E1,5.206155676653E1,-3.948849508061E1));
#5599=CARTESIAN_POINT('',(8.989244157536E1,5.002905919054E1,-4.044173730199E1));
#5600=(BOUNDED_SURFACE()B_SPLINE_SURFACE(3,3,((#5584,#5585,#5586,#5587),(#5588,
#5589,#5590,#5591),(#5592,#5593,#5594,#5595),(#5596,#5597,#5598,#5599)),
.UNSPECIFIED.,.F.,.F.,.F.)B_SPLINE_SURFACE_WITH_KNOTS((4,4),(4,4),(
5.294608491096E0,5.314317621097E0),(-2.619284908916E-2,1.025594775198E0),
.UNSPECIFIED.)GEOMETRIC_REPRESENTATION_ITEM()RATIONAL_B_SPLINE_SURFACE(((
1.021759309070E0,7.230731381485E-1,7.229033939181E-1,1.021250076379E0),(
1.021824963333E0,7.222375679928E-1,7.220673115940E-1,1.021314194137E0),(
1.021890393738E0,7.214048468697E-1,7.212340800486E-1,1.021378093274E0),(
1.021955583284E0,7.205751910877E-1,7.204039157234E-1,1.021441757191E0)))REPRESENTATION_ITEM('')SURFACE());
#5602=ORIENTED_EDGE('',*,*,#5601,.T.);
#5603=ORIENTED_EDGE('',*,*,#5528,.F.);
#5604=ORIENTED_EDGE('',*,*,#5578,.F.);
#5605=ORIENTED_EDGE('',*,*,#5288,.F.);
#5606=EDGE_LOOP('',(#5602,#5603,#5604,#5605));
#5607=FACE_OUTER_BOUND('',#5606,.F.);
#5608=ADVANCED_FACE('',(#5607),#5600,.F.);
#5609=CARTESIAN_POINT('',(8.733447859656E1,5.018821347700E1,-3.887881426771E1));
#5610=DIRECTION('',(8.480480961564E-1,0.E0,-5.299192642332E-1));
#5611=DIRECTION('',(-5.299192642332E-1,0.E0,-8.480480961564E-1));
#5612=AXIS2_PLACEMENT_3D('',#5609,#5610,#5611);
#5613=SPHERICAL_SURFACE('',#5612,3.E0);
#5614=ORIENTED_EDGE('',*,*,#5417,.T.);
#5615=ORIENTED_EDGE('',*,*,#5512,.T.);
#5616=ORIENTED_EDGE('',*,*,#5601,.F.);
#5617=EDGE_LOOP('',(#5614,#5615,#5616));
#5618=FACE_OUTER_BOUND('',#5617,.F.);
#5619=ADVANCED_FACE('',(#5618),#5613,.F.);
#5620=CARTESIAN_POINT('',(0.E0,0.E0,-8.E0));
#5621=DIRECTION('',(0.E0,0.E0,1.E0));
#5622=DIRECTION('',(1.E0,0.E0,0.E0));
#5623=AXIS2_PLACEMENT_3D('',#5620,#5621,#5622);
#5624=PLANE('',#5623);
#5625=ORIENTED_EDGE('',*,*,#4157,.F.);
#5627=ORIENTED_EDGE('',*,*,#5626,.F.);
#5629=ORIENTED_EDGE('',*,*,#5628,.T.);
#5630=ORIENTED_EDGE('',*,*,#5215,.F.);
#5631=EDGE_LOOP('',(#5625,#5627,#5629,#5630));
#5632=FACE_OUTER_BOUND('',#5631,.F.);
#5633=ADVANCED_FACE('',(#5632),#5624,.T.);
#5634=CARTESIAN_POINT('',(1.26002E2,0.E0,-6.4E1));
#5635=DIRECTION('',(-1.E0,0.E0,0.E0));
#5636=DIRECTION('',(0.E0,0.E0,1.E0));
#5637=AXIS2_PLACEMENT_3D('',#5634,#5635,#5636);
#5638=CYLINDRICAL_SURFACE('',#5637,6.2E1);
#5640=ORIENTED_EDGE('',*,*,#5639,.F.);
#5642=ORIENTED_EDGE('',*,*,#5641,.T.);
#5643=ORIENTED_EDGE('',*,*,#5626,.T.);
#5644=ORIENTED_EDGE('',*,*,#4155,.F.);
#5645=EDGE_LOOP('',(#5640,#5642,#5643,#5644));
#5646=FACE_OUTER_BOUND('',#5645,.F.);
#5647=ADVANCED_FACE('',(#5646),#5638,.T.);
#5648=CARTESIAN_POINT('',(1.349712569798E3,1.169989205003E1,-4.126614770065E1));
#5649=DIRECTION('',(-1.E0,0.E0,0.E0));
#5650=DIRECTION('',(0.E0,0.E0,1.E0));
#5651=AXIS2_PLACEMENT_3D('',#5648,#5649,#5650);
#5652=CYLINDRICAL_SURFACE('',#5651,3.645402992525E1);
#5654=ORIENTED_EDGE('',*,*,#5653,.T.);
#5656=ORIENTED_EDGE('',*,*,#5655,.T.);
#5658=ORIENTED_EDGE('',*,*,#5657,.F.);
#5659=ORIENTED_EDGE('',*,*,#5639,.T.);
#5660=ORIENTED_EDGE('',*,*,#4153,.F.);
#5662=ORIENTED_EDGE('',*,*,#5661,.T.);
#5664=ORIENTED_EDGE('',*,*,#5663,.F.);
#5665=EDGE_LOOP('',(#5654,#5656,#5658,#5659,#5660,#5662,#5664));
#5666=FACE_OUTER_BOUND('',#5665,.F.);
#5667=ADVANCED_FACE('',(#5666),#5652,.T.);
#5668=CARTESIAN_POINT('',(7.5E1,6.295132068529E1,-1.864476078128E1));
#5669=DIRECTION('',(0.E0,-1.E0,0.E0));
#5670=DIRECTION('',(0.E0,0.E0,-1.E0));
#5671=AXIS2_PLACEMENT_3D('',#5668,#5669,#5670);
#5672=CYLINDRICAL_SURFACE('',#5671,4.875E0);
#5674=ORIENTED_EDGE('',*,*,#5673,.F.);
#5676=ORIENTED_EDGE('',*,*,#5675,.T.);
#5678=ORIENTED_EDGE('',*,*,#5677,.T.);
#5679=ORIENTED_EDGE('',*,*,#5653,.F.);
#5681=ORIENTED_EDGE('',*,*,#5680,.F.);
#5682=EDGE_LOOP('',(#5674,#5676,#5678,#5679,#5681));
#5683=FACE_OUTER_BOUND('',#5682,.F.);
#5684=ADVANCED_FACE('',(#5683),#5672,.F.);
#5685=CARTESIAN_POINT('',(7.9875E1,2.995132068529E1,-1.864476078128E1));
#5686=DIRECTION('',(0.E0,1.E0,0.E0));
#5687=DIRECTION('',(0.E0,0.E0,1.E0));
#5688=AXIS2_PLACEMENT_3D('',#5685,#5686,#5687);
#5689=PLANE('',#5688);
#5691=ORIENTED_EDGE('',*,*,#5690,.T.);
#5692=ORIENTED_EDGE('',*,*,#5673,.T.);
#5693=EDGE_LOOP('',(#5691,#5692));
#5694=FACE_OUTER_BOUND('',#5693,.F.);
#5696=ORIENTED_EDGE('',*,*,#5695,.F.);
#5698=ORIENTED_EDGE('',*,*,#5697,.F.);
#5699=EDGE_LOOP('',(#5696,#5698));
#5700=FACE_BOUND('',#5699,.F.);
#5701=ADVANCED_FACE('',(#5694,#5700),#5689,.T.);
#5702=CARTESIAN_POINT('',(7.5E1,6.295132068529E1,-1.864476078128E1));
#5703=DIRECTION('',(0.E0,-1.E0,0.E0));
#5704=DIRECTION('',(0.E0,0.E0,-1.E0));
#5705=AXIS2_PLACEMENT_3D('',#5702,#5703,#5704);
#5706=CYLINDRICAL_SURFACE('',#5705,4.875E0);
#5707=ORIENTED_EDGE('',*,*,#5690,.F.);
#5708=ORIENTED_EDGE('',*,*,#5680,.T.);
#5709=ORIENTED_EDGE('',*,*,#5663,.T.);
#5711=ORIENTED_EDGE('',*,*,#5710,.T.);
#5712=ORIENTED_EDGE('',*,*,#5675,.F.);
#5713=EDGE_LOOP('',(#5707,#5708,#5709,#5711,#5712));
#5714=FACE_OUTER_BOUND('',#5713,.F.);
#5715=ADVANCED_FACE('',(#5714),#5706,.F.);
#5716=CARTESIAN_POINT('',(1.349712569798E3,4.575E1,-2.530801743962E1));
#5717=DIRECTION('',(0.E0,-7.735893215950E-1,-6.336872742246E-1));
#5718=DIRECTION('',(0.E0,6.336872742246E-1,-7.735893215950E-1));
#5719=AXIS2_PLACEMENT_3D('',#5716,#5717,#5718);
#5720=PLANE('',#5719);
#5721=ORIENTED_EDGE('',*,*,#5710,.F.);
#5722=ORIENTED_EDGE('',*,*,#5661,.F.);
#5723=ORIENTED_EDGE('',*,*,#4151,.F.);
#5725=ORIENTED_EDGE('',*,*,#5724,.F.);
#5727=ORIENTED_EDGE('',*,*,#5726,.F.);
#5728=ORIENTED_EDGE('',*,*,#5655,.F.);
#5729=ORIENTED_EDGE('',*,*,#5677,.F.);
#5730=EDGE_LOOP('',(#5721,#5722,#5723,#5725,#5727,#5728,#5729));
#5731=FACE_OUTER_BOUND('',#5730,.F.);
#5733=ORIENTED_EDGE('',*,*,#5732,.T.);
#5735=ORIENTED_EDGE('',*,*,#5734,.T.);
#5736=EDGE_LOOP('',(#5733,#5735));
#5737=FACE_BOUND('',#5736,.F.);
#5738=ADVANCED_FACE('',(#5731,#5737),#5720,.F.);
#5739=CARTESIAN_POINT('',(6.4E1,1.347785607576E1,-6.398336990705E1));
#5740=DIRECTION('',(1.E0,0.E0,0.E0));
#5741=DIRECTION('',(0.E0,0.E0,-1.E0));
#5742=AXIS2_PLACEMENT_3D('',#5739,#5740,#5741);
#5743=CYLINDRICAL_SURFACE('',#5742,4.947346460953E1);
#5744=ORIENTED_EDGE('',*,*,#5724,.T.);
#5745=ORIENTED_EDGE('',*,*,#4149,.F.);
#5747=ORIENTED_EDGE('',*,*,#5746,.T.);
#5749=ORIENTED_EDGE('',*,*,#5748,.T.);
#5750=EDGE_LOOP('',(#5744,#5745,#5747,#5749));
#5751=FACE_OUTER_BOUND('',#5750,.F.);
#5753=ORIENTED_EDGE('',*,*,#5752,.T.);
#5755=ORIENTED_EDGE('',*,*,#5754,.T.);
#5756=EDGE_LOOP('',(#5753,#5755));
#5757=FACE_BOUND('',#5756,.F.);
#5758=ADVANCED_FACE('',(#5751,#5757),#5743,.T.);
#5759=CARTESIAN_POINT('',(1.349712569798E3,4.575E1,-1.026587223745E2));
#5760=DIRECTION('',(0.E0,7.735893215950E-1,-6.336872742246E-1));
#5761=DIRECTION('',(0.E0,6.336872742246E-1,7.735893215950E-1));
#5762=AXIS2_PLACEMENT_3D('',#5759,#5760,#5761);
#5763=PLANE('',#5762);
#5764=ORIENTED_EDGE('',*,*,#4450,.F.);
#5766=ORIENTED_EDGE('',*,*,#5765,.F.);
#5767=ORIENTED_EDGE('',*,*,#5746,.F.);
#5768=ORIENTED_EDGE('',*,*,#4147,.F.);
#5769=EDGE_LOOP('',(#5764,#5766,#5767,#5768));
#5770=FACE_OUTER_BOUND('',#5769,.F.);
#5771=ADVANCED_FACE('',(#5770),#5763,.T.);
#5772=CARTESIAN_POINT('',(4.935932738975E1,5.175E1,-7.998027807487E1));
#5773=DIRECTION('',(4.055797876726E-1,-7.071067811865E-1,5.792279653396E-1));
#5774=DIRECTION('',(-8.191520442890E-1,1.373830901348E-14,5.735764363510E-1));
#5775=AXIS2_PLACEMENT_3D('',#5772,#5773,#5774);
#5776=PLANE('',#5775);
#5777=ORIENTED_EDGE('',*,*,#5765,.T.);
#5778=ORIENTED_EDGE('',*,*,#4448,.T.);
#5780=ORIENTED_EDGE('',*,*,#5779,.F.);
#5782=ORIENTED_EDGE('',*,*,#5781,.F.);
#5784=ORIENTED_EDGE('',*,*,#5783,.T.);
#5786=ORIENTED_EDGE('',*,*,#5785,.F.);
#5788=ORIENTED_EDGE('',*,*,#5787,.F.);
#5790=ORIENTED_EDGE('',*,*,#5789,.F.);
#5791=EDGE_LOOP('',(#5777,#5778,#5780,#5782,#5784,#5786,#5788,#5790));
#5792=FACE_OUTER_BOUND('',#5791,.F.);
#5793=ADVANCED_FACE('',(#5792),#5776,.F.);
#5794=CARTESIAN_POINT('',(7.642037114421E1,1.258962569798E3,-1.166298564406E2));
#5795=DIRECTION('',(0.E0,-1.E0,0.E0));
#5796=DIRECTION('',(0.E0,0.E0,-1.E0));
#5797=AXIS2_PLACEMENT_3D('',#5794,#5795,#5796);
#5798=CYLINDRICAL_SURFACE('',#5797,2.5E0);
#5800=ORIENTED_EDGE('',*,*,#5799,.T.);
#5802=ORIENTED_EDGE('',*,*,#5801,.F.);
#5804=ORIENTED_EDGE('',*,*,#5803,.F.);
#5806=ORIENTED_EDGE('',*,*,#5805,.T.);
#5807=ORIENTED_EDGE('',*,*,#5781,.T.);
#5808=ORIENTED_EDGE('',*,*,#5779,.T.);
#5809=ORIENTED_EDGE('',*,*,#4446,.T.);
#5810=ORIENTED_EDGE('',*,*,#4504,.T.);
#5811=EDGE_LOOP('',(#5800,#5802,#5804,#5806,#5807,#5808,#5809,#5810));
#5812=FACE_OUTER_BOUND('',#5811,.F.);
#5813=ADVANCED_FACE('',(#5812),#5798,.F.);
#5814=CARTESIAN_POINT('',(1.26E2,3.51E1,-9.4E1));
#5815=DIRECTION('',(0.E0,-1.E0,0.E0));
#5816=DIRECTION('',(0.E0,0.E0,-1.E0));
#5817=AXIS2_PLACEMENT_3D('',#5814,#5815,#5816);
#5818=TOROIDAL_SURFACE('',#5817,5.5E1,2.E0);
#5819=ORIENTED_EDGE('',*,*,#4502,.T.);
#5821=ORIENTED_EDGE('',*,*,#5820,.F.);
#5823=ORIENTED_EDGE('',*,*,#5822,.F.);
#5824=ORIENTED_EDGE('',*,*,#5799,.F.);
#5825=EDGE_LOOP('',(#5819,#5821,#5823,#5824));
#5826=FACE_OUTER_BOUND('',#5825,.F.);
#5827=ADVANCED_FACE('',(#5826),#5818,.F.);
#5828=CARTESIAN_POINT('',(7.113892505365E1,3.494389738070E1,-1.094448352674E2));
#5829=CARTESIAN_POINT('',(7.102382794012E1,3.629955490327E1,-1.094336136285E2));
#5830=CARTESIAN_POINT('',(7.195819243471E1,3.724434440108E1,-1.091403668360E2));
#5831=CARTESIAN_POINT('',(7.326097976210E1,3.708821616875E1,-1.087788817807E2));
#5832=CARTESIAN_POINT('',(7.090828903562E1,3.493425423460E1,-1.086308902508E2));
#5833=CARTESIAN_POINT('',(7.088882209832E1,3.609767529622E1,-1.088658906034E2));
#5834=CARTESIAN_POINT('',(7.164513558280E1,3.699663859855E1,-1.087832546315E2));
#5835=CARTESIAN_POINT('',(7.274776822452E1,3.711979451447E1,-1.084297318886E2));
#5836=CARTESIAN_POINT('',(7.069223477055E1,3.510871715243E1,-1.077889985842E2));
#5837=CARTESIAN_POINT('',(7.071953514082E1,3.603142226344E1,-1.081426944341E2));
#5838=CARTESIAN_POINT('',(7.131236551617E1,3.682200266444E1,-1.082613340353E2));
#5839=CARTESIAN_POINT('',(7.221926016672E1,3.714461660326E1,-1.080943986554E2));
#5840=CARTESIAN_POINT('',(7.052831411133E1,3.556140085418E1,-1.070977571852E2));
#5841=CARTESIAN_POINT('',(7.058468309157E1,3.623707577260E1,-1.075251788306E2));
#5842=CARTESIAN_POINT('',(7.105404325580E1,3.682649125272E1,-1.077985259825E2));
#5843=CARTESIAN_POINT('',(7.178904202115E1,3.714435422740E1,-1.078318200562E2));
#5844=(BOUNDED_SURFACE()B_SPLINE_SURFACE(3,3,((#5828,#5829,#5830,#5831),(#5832,
#5833,#5834,#5835),(#5836,#5837,#5838,#5839),(#5840,#5841,#5842,#5843)),
.UNSPECIFIED.,.F.,.F.,.F.)B_SPLINE_SURFACE_WITH_KNOTS((4,4),(4,4),(
4.021893007051E-3,6.396505678007E-3),(-5.601554677969E-2,1.054555803983E0),
.UNSPECIFIED.)GEOMETRIC_REPRESENTATION_ITEM()RATIONAL_B_SPLINE_SURFACE(((
1.036243353276E0,7.840163252757E-1,7.836852314875E-1,1.035250071912E0),(
1.028013568197E0,8.330597791207E-1,8.328038668616E-1,1.027245831420E0),(
1.020781145275E0,8.761596895515E-1,8.759698476223E-1,1.020211619487E0),(
1.015298699258E0,9.088310273289E-1,9.086912691710E-1,1.014879424785E0)))REPRESENTATION_ITEM('')SURFACE());
#5846=ORIENTED_EDGE('',*,*,#5845,.F.);
#5848=ORIENTED_EDGE('',*,*,#5847,.T.);
#5849=ORIENTED_EDGE('',*,*,#5820,.T.);
#5850=ORIENTED_EDGE('',*,*,#4500,.T.);
#5851=EDGE_LOOP('',(#5846,#5848,#5849,#5850));
#5852=FACE_OUTER_BOUND('',#5851,.F.);
#5853=ADVANCED_FACE('',(#5852),#5844,.F.);
#5854=CARTESIAN_POINT('',(7.058496671784E1,3.538140890127E1,-1.073228474090E2));
#5855=CARTESIAN_POINT('',(7.061518612562E1,3.616424951860E1,-1.077394539999E2));
#5856=CARTESIAN_POINT('',(7.114491554191E1,3.683671624711E1,-1.079756309997E2));
#5857=CARTESIAN_POINT('',(7.197768198909E1,3.714551797590E1,-1.079416821447E2));
#5858=CARTESIAN_POINT('',(7.048795382060E1,3.561040834082E1,-1.069254239834E2));
#5859=CARTESIAN_POINT('',(7.054005811136E1,3.622670924477E1,-1.073673551913E2));
#5860=CARTESIAN_POINT('',(7.095480494773E1,3.679325448401E1,-1.076636297034E2));
#5861=CARTESIAN_POINT('',(7.161885369805E1,3.715313034286E1,-1.077317308689E2));
#5862=CARTESIAN_POINT('',(7.032965232668E1,3.616643138676E1,-1.062448335596E2));
#5863=CARTESIAN_POINT('',(7.038955834595E1,3.648057063486E1,-1.065938508351E2));
#5864=CARTESIAN_POINT('',(7.055838411179E1,3.681800296789E1,-1.068935833423E2));
#5865=CARTESIAN_POINT('',(7.082214777775E1,3.715055767643E1,-1.071189267117E2));
#5866=CARTESIAN_POINT('',(7.020924200136E1,3.679665515622E1,-1.056819639834E2));
#5867=CARTESIAN_POINT('',(7.023019833783E1,3.690330015669E1,-1.057845334059E2));
#5868=CARTESIAN_POINT('',(7.025115466976E1,3.700994516443E1,-1.058871028063E2));
#5869=CARTESIAN_POINT('',(7.027211099714E1,3.711659017945E1,-1.059896721847E2));
#5870=CARTESIAN_POINT('',(7.015370900924E1,3.71E1,-1.054101613738E2));
#5871=CARTESIAN_POINT('',(7.015370900924E1,3.71E1,-1.054101613738E2));
#5872=CARTESIAN_POINT('',(7.015370900924E1,3.71E1,-1.054101613738E2));
#5873=CARTESIAN_POINT('',(7.015370900924E1,3.71E1,-1.054101613738E2));
#5874=(BOUNDED_SURFACE()B_SPLINE_SURFACE(3,3,((#5854,#5855,#5856,#5857),(#5858,
#5859,#5860,#5861),(#5862,#5863,#5864,#5865),(#5866,#5867,#5868,#5869),(#5870,
#5871,#5872,#5873)),.UNSPECIFIED.,.F.,.F.,.F.)B_SPLINE_SURFACE_WITH_KNOTS((4,1,
4),(4,4),(4.957505884745E-3,6.276628306500E-3,7.485660203783E-3),(
-7.447080744265E-2,1.058763689766E0),.UNSPECIFIED.)GEOMETRIC_REPRESENTATION_ITEM()RATIONAL_B_SPLINE_SURFACE(((1.023849721271E0,8.944899865010E-1,
8.927215166760E-1,1.018544311796E0),(1.017470237934E0,9.227125122644E-1,
9.214170846043E-1,1.013583954953E0),(1.005227929736E0,9.768718916795E-1,
9.764842378415E-1,1.004064968222E0),(1.000000000001E0,9.999999999977E-1,
9.999999999976E-1,1.E0),(1.E0,1.E0,1.E0,1.E0)))REPRESENTATION_ITEM('')SURFACE(
));
#5876=ORIENTED_EDGE('',*,*,#5875,.T.);
#5877=ORIENTED_EDGE('',*,*,#5845,.T.);
#5878=ORIENTED_EDGE('',*,*,#4498,.F.);
#5879=EDGE_LOOP('',(#5876,#5877,#5878));
#5880=FACE_OUTER_BOUND('',#5879,.F.);
#5881=ADVANCED_FACE('',(#5880),#5874,.F.);
#5882=CARTESIAN_POINT('',(7.407274697351E1,1.258962569798E3,-1.046094482949E2));
#5883=DIRECTION('',(0.E0,-1.E0,0.E0));
#5884=DIRECTION('',(0.E0,0.E0,-1.E0));
#5885=AXIS2_PLACEMENT_3D('',#5882,#5883,#5884);
#5886=CYLINDRICAL_SURFACE('',#5885,4.E0);
#5888=ORIENTED_EDGE('',*,*,#5887,.T.);
#5889=ORIENTED_EDGE('',*,*,#5875,.F.);
#5890=ORIENTED_EDGE('',*,*,#4496,.T.);
#5892=ORIENTED_EDGE('',*,*,#5891,.F.);
#5893=EDGE_LOOP('',(#5888,#5889,#5890,#5892));
#5894=FACE_OUTER_BOUND('',#5893,.F.);
#5895=ADVANCED_FACE('',(#5894),#5886,.F.);
#5896=CARTESIAN_POINT('',(8.289224686935E1,5.175E1,-1.156680269603E2));
#5897=DIRECTION('',(5.735764363510E-1,0.E0,8.191520442890E-1));
#5898=DIRECTION('',(8.191520442890E-1,0.E0,-5.735764363510E-1));
#5899=AXIS2_PLACEMENT_3D('',#5896,#5897,#5898);
#5900=PLANE('',#5899);
#5902=ORIENTED_EDGE('',*,*,#5901,.F.);
#5904=ORIENTED_EDGE('',*,*,#5903,.F.);
#5905=ORIENTED_EDGE('',*,*,#5847,.F.);
#5906=ORIENTED_EDGE('',*,*,#5887,.F.);
#5908=ORIENTED_EDGE('',*,*,#5907,.F.);
#5909=EDGE_LOOP('',(#5902,#5904,#5905,#5906,#5908));
#5910=FACE_OUTER_BOUND('',#5909,.F.);
#5911=ADVANCED_FACE('',(#5910),#5900,.T.);
#5912=CARTESIAN_POINT('',(1.26E2,5.175E1,-9.4E1));
#5913=DIRECTION('',(0.E0,-1.E0,0.E0));
#5914=DIRECTION('',(0.E0,0.E0,-1.E0));
#5915=AXIS2_PLACEMENT_3D('',#5912,#5913,#5914);
#5916=CYLINDRICAL_SURFACE('',#5915,4.2475E1);
#5918=ORIENTED_EDGE('',*,*,#5917,.T.);
#5920=ORIENTED_EDGE('',*,*,#5919,.F.);
#5922=ORIENTED_EDGE('',*,*,#5921,.F.);
#5923=ORIENTED_EDGE('',*,*,#5901,.T.);
#5925=ORIENTED_EDGE('',*,*,#5924,.F.);
#5927=ORIENTED_EDGE('',*,*,#5926,.F.);
#5928=EDGE_LOOP('',(#5918,#5920,#5922,#5923,#5925,#5927));
#5929=FACE_OUTER_BOUND('',#5928,.F.);
#5930=ADVANCED_FACE('',(#5929),#5916,.F.);
#5931=CARTESIAN_POINT('',(9.150606995327E1,1.258962569798E3,-1.799468950116E1));
#5932=DIRECTION('',(5.735764363510E-1,0.E0,8.191520442890E-1));
#5933=DIRECTION('',(8.191520442890E-1,0.E0,-5.735764363510E-1));
#5934=AXIS2_PLACEMENT_3D('',#5931,#5932,#5933);
#5935=PLANE('',#5934);
#5937=ORIENTED_EDGE('',*,*,#5936,.F.);
#5939=ORIENTED_EDGE('',*,*,#5938,.F.);
#5940=ORIENTED_EDGE('',*,*,#5917,.F.);
#5942=ORIENTED_EDGE('',*,*,#5941,.F.);
#5943=EDGE_LOOP('',(#5937,#5939,#5940,#5942));
#5944=FACE_OUTER_BOUND('',#5943,.F.);
#5945=ADVANCED_FACE('',(#5944),#5935,.F.);
#5946=CARTESIAN_POINT('',(1.029419851361E2,1.258962569798E3,-3.088530187352E1));
#5947=DIRECTION('',(0.E0,1.E0,0.E0));
#5948=DIRECTION('',(0.E0,0.E0,1.E0));
#5949=AXIS2_PLACEMENT_3D('',#5946,#5947,#5948);
#5950=CYLINDRICAL_SURFACE('',#5949,4.E0);
#5951=ORIENTED_EDGE('',*,*,#5173,.T.);
#5953=ORIENTED_EDGE('',*,*,#5952,.T.);
#5955=ORIENTED_EDGE('',*,*,#5954,.T.);
#5957=ORIENTED_EDGE('',*,*,#5956,.F.);
#5958=ORIENTED_EDGE('',*,*,#5936,.T.);
#5960=ORIENTED_EDGE('',*,*,#5959,.F.);
#5962=ORIENTED_EDGE('',*,*,#5961,.F.);
#5963=EDGE_LOOP('',(#5951,#5953,#5955,#5957,#5958,#5960,#5962));
#5964=FACE_OUTER_BOUND('',#5963,.F.);
#5965=ADVANCED_FACE('',(#5964),#5950,.F.);
#5966=CARTESIAN_POINT('',(1.032876290546E2,3.709068314392E1,-2.695753114501E1));
#5967=CARTESIAN_POINT('',(1.021175207635E2,3.723652062931E1,-2.624091740150E1));
#5968=CARTESIAN_POINT('',(1.013384854160E2,3.626416930424E1,-2.566127952631E1));
#5969=CARTESIAN_POINT('',(1.015143771719E2,3.490696002426E1,-2.564098450799E1));
#5970=CARTESIAN_POINT('',(1.030940490066E2,3.710144081742E1,-2.694697050165E1));
#5971=CARTESIAN_POINT('',(1.020142179389E2,3.712493125869E1,-2.624156785221E1));
#5972=CARTESIAN_POINT('',(1.012372656063E2,3.616554173707E1,-2.584818256660E1));
#5973=CARTESIAN_POINT('',(1.012746721438E2,3.487749848129E1,-2.602313853472E1));
#5974=CARTESIAN_POINT('',(1.026377503482E2,3.712509968185E1,-2.692818646654E1));
#5975=CARTESIAN_POINT('',(1.017124416177E2,3.689748434073E1,-2.637894006094E1));
#5976=CARTESIAN_POINT('',(1.009909531953E2,3.605480348531E1,-2.629483263020E1));
#5977=CARTESIAN_POINT('',(1.008414069642E2,3.503801939440E1,-2.671308434878E1));
#5978=CARTESIAN_POINT('',(1.016566366114E2,3.714183472510E1,-2.708369158592E1));
#5979=CARTESIAN_POINT('',(1.010149505636E2,3.676343444581E1,-2.695270862052E1));
#5980=CARTESIAN_POINT('',(1.005260133339E2,3.620451696340E1,-2.712170402911E1));
#5981=CARTESIAN_POINT('',(1.003181043484E2,3.561407937470E1,-2.754399777730E1));
#5982=CARTESIAN_POINT('',(1.005047364002E2,3.713155416871E1,-2.762133545629E1));
#5983=CARTESIAN_POINT('',(1.002533623234E2,3.685884585129E1,-2.775215606652E1));
#5984=CARTESIAN_POINT('',(1.000501134884E2,3.658446600973E1,-2.794764397997E1));
#5985=CARTESIAN_POINT('',(9.990652390802E1,3.632408071381E1,-2.819654659770E1));
#5986=CARTESIAN_POINT('',(9.981184856287E1,3.711058190937E1,-2.834624785300E1));
#5987=CARTESIAN_POINT('',(9.976417199713E1,3.702061264267E1,-2.842254630742E1));
#5988=CARTESIAN_POINT('',(9.971649542139E1,3.693064338223E1,-2.849884477780E1));
#5989=CARTESIAN_POINT('',(9.966881883568E1,3.684067412806E1,-2.857514326410E1));
#5990=CARTESIAN_POINT('',(9.954979275143E1,3.71E1,-2.876562481659E1));
#5991=CARTESIAN_POINT('',(9.954979275143E1,3.71E1,-2.876562481659E1));
#5992=CARTESIAN_POINT('',(9.954979275143E1,3.71E1,-2.876562481659E1));
#5993=CARTESIAN_POINT('',(9.954979275143E1,3.71E1,-2.876562481659E1));
#5994=(BOUNDED_SURFACE()B_SPLINE_SURFACE(3,3,((#5966,#5967,#5968,#5969),(#5970,
#5971,#5972,#5973),(#5974,#5975,#5976,#5977),(#5978,#5979,#5980,#5981),(#5982,
#5983,#5984,#5985),(#5986,#5987,#5988,#5989),(#5990,#5991,#5992,#5993)),
.UNSPECIFIED.,.F.,.F.,.F.)B_SPLINE_SURFACE_WITH_KNOTS((4,1,1,1,4),(4,4),(
3.079388907587E-3,4.314580932739E-3,5.341167730070E-3,6.367754527402E-3,
7.394341324733E-3),(-4.373258311113E-2,1.071733903570E0),.UNSPECIFIED.)GEOMETRIC_REPRESENTATION_ITEM()RATIONAL_B_SPLINE_SURFACE(((1.028166159891E0,
7.786584929600E-1,7.850831071505E-1,1.047440002462E0),(1.025433319082E0,
8.001343031344E-1,8.059355647659E-1,1.042837103976E0),(1.019469155733E0,
8.470032021577E-1,8.514440565264E-1,1.032791718840E0),(1.009861864239E0,
9.225013313405E-1,9.247507921536E-1,1.016610246678E0),(1.002101635272E0,
9.834844678774E-1,9.839638444004E-1,1.003539764841E0),(1.E0,9.999999999978E-1,
9.999999999979E-1,1.E0),(1.E0,1.E0,1.E0,1.E0)))REPRESENTATION_ITEM('')SURFACE(
));
#5995=ORIENTED_EDGE('',*,*,#5171,.F.);
#5997=ORIENTED_EDGE('',*,*,#5996,.T.);
#5998=ORIENTED_EDGE('',*,*,#5954,.F.);
#5999=ORIENTED_EDGE('',*,*,#5952,.F.);
#6000=EDGE_LOOP('',(#5995,#5997,#5998,#5999));
#6001=FACE_OUTER_BOUND('',#6000,.F.);
#6002=ADVANCED_FACE('',(#6001),#5994,.F.);
#6003=CARTESIAN_POINT('',(6.263963926919E1,3.51E1,-9.160837773601E1));
#6004=DIRECTION('',(5.299192642332E-1,0.E0,8.480480961564E-1));
#6005=DIRECTION('',(8.480480961564E-1,0.E0,-5.299192642332E-1));
#6006=AXIS2_PLACEMENT_3D('',#6003,#6004,#6005);
#6007=CYLINDRICAL_SURFACE('',#6006,2.E0);
#6009=ORIENTED_EDGE('',*,*,#6008,.T.);
#6011=ORIENTED_EDGE('',*,*,#6010,.F.);
#6012=ORIENTED_EDGE('',*,*,#5996,.F.);
#6013=ORIENTED_EDGE('',*,*,#5169,.T.);
#6014=EDGE_LOOP('',(#6009,#6011,#6012,#6013));
#6015=FACE_OUTER_BOUND('',#6014,.F.);
#6016=ADVANCED_FACE('',(#6015),#6007,.F.);
#6017=CARTESIAN_POINT('',(9.265322282598E1,1.258962569798E3,-1.635638541258E1));
#6018=DIRECTION('',(5.735764363510E-1,0.E0,8.191520442890E-1));
#6019=DIRECTION('',(8.191520442890E-1,0.E0,-5.735764363510E-1));
#6020=AXIS2_PLACEMENT_3D('',#6017,#6018,#6019);
#6021=PLANE('',#6020);
#6022=ORIENTED_EDGE('',*,*,#5628,.F.);
#6023=ORIENTED_EDGE('',*,*,#5641,.F.);
#6024=ORIENTED_EDGE('',*,*,#5657,.T.);
#6026=ORIENTED_EDGE('',*,*,#6025,.F.);
#6028=ORIENTED_EDGE('',*,*,#6027,.F.);
#6030=ORIENTED_EDGE('',*,*,#6029,.F.);
#6031=ORIENTED_EDGE('',*,*,#6008,.F.);
#6032=ORIENTED_EDGE('',*,*,#5167,.F.);
#6033=ORIENTED_EDGE('',*,*,#5217,.F.);
#6034=EDGE_LOOP('',(#6022,#6023,#6024,#6026,#6028,#6030,#6031,#6032,#6033));
#6035=FACE_OUTER_BOUND('',#6034,.F.);
#6036=ADVANCED_FACE('',(#6035),#6021,.T.);
#6037=CARTESIAN_POINT('',(1.072549060034E2,3.975E1,-2.658059404393E1));
#6038=DIRECTION('',(4.055797876726E-1,7.071067811865E-1,5.792279653396E-1));
#6039=DIRECTION('',(8.191520442890E-1,1.373830901348E-14,-5.735764363510E-1));
#6040=AXIS2_PLACEMENT_3D('',#6037,#6038,#6039);
#6041=PLANE('',#6040);
#6043=ORIENTED_EDGE('',*,*,#6042,.F.);
#6045=ORIENTED_EDGE('',*,*,#6044,.F.);
#6046=ORIENTED_EDGE('',*,*,#6025,.T.);
#6047=ORIENTED_EDGE('',*,*,#5726,.T.);
#6049=ORIENTED_EDGE('',*,*,#6048,.F.);
#6050=EDGE_LOOP('',(#6043,#6045,#6046,#6047,#6049));
#6051=FACE_OUTER_BOUND('',#6050,.F.);
#6052=ADVANCED_FACE('',(#6051),#6041,.T.);
#6053=CARTESIAN_POINT('',(4.77375E1,5.175E1,-8.229648762881E1));
#6054=DIRECTION('',(0.E0,-1.E0,0.E0));
#6055=DIRECTION('',(1.E0,0.E0,0.E0));
#6056=AXIS2_PLACEMENT_3D('',#6053,#6054,#6055);
#6057=PLANE('',#6056);
#6058=ORIENTED_EDGE('',*,*,#5787,.T.);
#6060=ORIENTED_EDGE('',*,*,#6059,.T.);
#6062=ORIENTED_EDGE('',*,*,#6061,.T.);
#6063=ORIENTED_EDGE('',*,*,#6042,.T.);
#6065=ORIENTED_EDGE('',*,*,#6064,.T.);
#6066=EDGE_LOOP('',(#6058,#6060,#6062,#6063,#6065));
#6067=FACE_OUTER_BOUND('',#6066,.F.);
#6068=ADVANCED_FACE('',(#6067),#6057,.F.);
#6069=CARTESIAN_POINT('',(1.26E2,4.575E1,-9.4E1));
#6070=DIRECTION('',(0.E0,-1.E0,0.E0));
#6071=DIRECTION('',(0.E0,0.E0,-1.E0));
#6072=AXIS2_PLACEMENT_3D('',#6069,#6070,#6071);
#6073=CONICAL_SURFACE('',#6072,3.8475E1,4.5E1);
#6074=ORIENTED_EDGE('',*,*,#5785,.T.);
#6076=ORIENTED_EDGE('',*,*,#6075,.T.);
#6078=ORIENTED_EDGE('',*,*,#6077,.T.);
#6079=ORIENTED_EDGE('',*,*,#6044,.T.);
#6080=ORIENTED_EDGE('',*,*,#6061,.F.);
#6081=ORIENTED_EDGE('',*,*,#6059,.F.);
#6082=EDGE_LOOP('',(#6074,#6076,#6078,#6079,#6080,#6081));
#6083=FACE_OUTER_BOUND('',#6082,.F.);
#6084=ADVANCED_FACE('',(#6083),#6073,.T.);
#6085=CARTESIAN_POINT('',(1.26E2,5.175E1,-9.4E1));
#6086=DIRECTION('',(0.E0,-1.E0,0.E0));
#6087=DIRECTION('',(0.E0,0.E0,-1.E0));
#6088=AXIS2_PLACEMENT_3D('',#6085,#6086,#6087);
#6089=CYLINDRICAL_SURFACE('',#6088,4.4475E1);
#6091=ORIENTED_EDGE('',*,*,#6090,.T.);
#6093=ORIENTED_EDGE('',*,*,#6092,.F.);
#6095=ORIENTED_EDGE('',*,*,#6094,.F.);
#6096=ORIENTED_EDGE('',*,*,#6027,.T.);
#6097=ORIENTED_EDGE('',*,*,#6077,.F.);
#6098=ORIENTED_EDGE('',*,*,#6075,.F.);
#6099=EDGE_LOOP('',(#6091,#6093,#6095,#6096,#6097,#6098));
#6100=FACE_OUTER_BOUND('',#6099,.F.);
#6101=ADVANCED_FACE('',(#6100),#6089,.T.);
#6102=CARTESIAN_POINT('',(8.174509399664E1,5.175E1,-1.173063310489E2));
#6103=DIRECTION('',(5.735764363510E-1,0.E0,8.191520442890E-1));
#6104=DIRECTION('',(8.191520442890E-1,0.E0,-5.735764363510E-1));
#6105=AXIS2_PLACEMENT_3D('',#6102,#6103,#6104);
#6106=PLANE('',#6105);
#6108=ORIENTED_EDGE('',*,*,#6107,.F.);
#6109=ORIENTED_EDGE('',*,*,#6090,.F.);
#6110=ORIENTED_EDGE('',*,*,#5783,.F.);
#6111=ORIENTED_EDGE('',*,*,#5805,.F.);
#6112=EDGE_LOOP('',(#6108,#6109,#6110,#6111));
#6113=FACE_OUTER_BOUND('',#6112,.F.);
#6114=ADVANCED_FACE('',(#6113),#6106,.F.);
#6115=CARTESIAN_POINT('',(4.77375E1,3.71E1,-8.229648762881E1));
#6116=DIRECTION('',(0.E0,-1.E0,0.E0));
#6117=DIRECTION('',(1.E0,0.E0,0.E0));
#6118=AXIS2_PLACEMENT_3D('',#6115,#6116,#6117);
#6119=PLANE('',#6118);
#6120=ORIENTED_EDGE('',*,*,#5903,.T.);
#6121=ORIENTED_EDGE('',*,*,#5921,.T.);
#6122=ORIENTED_EDGE('',*,*,#5919,.T.);
#6123=ORIENTED_EDGE('',*,*,#5938,.T.);
#6124=ORIENTED_EDGE('',*,*,#5956,.T.);
#6125=ORIENTED_EDGE('',*,*,#6010,.T.);
#6126=ORIENTED_EDGE('',*,*,#6029,.T.);
#6127=ORIENTED_EDGE('',*,*,#6094,.T.);
#6128=ORIENTED_EDGE('',*,*,#6092,.T.);
#6129=ORIENTED_EDGE('',*,*,#6107,.T.);
#6130=ORIENTED_EDGE('',*,*,#5803,.T.);
#6131=ORIENTED_EDGE('',*,*,#5801,.T.);
#6132=ORIENTED_EDGE('',*,*,#5822,.T.);
#6133=EDGE_LOOP('',(#6120,#6121,#6122,#6123,#6124,#6125,#6126,#6127,#6128,#6129,
#6130,#6131,#6132));
#6134=FACE_OUTER_BOUND('',#6133,.F.);
#6135=ADVANCED_FACE('',(#6134),#6119,.T.);
#6136=CARTESIAN_POINT('',(8.400015502384E1,6.725E1,-1.076878720320E2));
#6137=DIRECTION('',(-5.735764363510E-1,0.E0,-8.191520442890E-1));
#6138=DIRECTION('',(-8.191520442890E-1,0.E0,5.735764363510E-1));
#6139=AXIS2_PLACEMENT_3D('',#6136,#6137,#6138);
#6140=CYLINDRICAL_SURFACE('',#6139,1.55E1);
#6141=ORIENTED_EDGE('',*,*,#6064,.F.);
#6143=ORIENTED_EDGE('',*,*,#6142,.F.);
#6144=EDGE_LOOP('',(#6141,#6143));
#6145=FACE_OUTER_BOUND('',#6144,.F.);
#6146=ADVANCED_FACE('',(#6145),#6140,.F.);
#6147=CARTESIAN_POINT('',(1.301382582681E2,5.131200781250E1,-5.658641451054E1));
#6148=CARTESIAN_POINT('',(1.300344716798E2,5.145923491932E1,-5.673463711971E1));
#6149=CARTESIAN_POINT('',(1.273439320629E2,5.522192886766E1,-6.057712591070E1));
#6150=CARTESIAN_POINT('',(1.212843386402E2,6.099012660515E1,-6.923112217901E1));
#6151=CARTESIAN_POINT('',(1.111981778763E2,6.393191772536E1,-8.363565256972E1));
#6152=CARTESIAN_POINT('',(1.011120171123E2,6.099012660515E1,-9.804018296043E1));
#6153=CARTESIAN_POINT('',(9.505247986950E1,5.522198234596E1,-1.066940989956E2));
#6154=CARTESIAN_POINT('',(9.236198191544E1,5.145937175104E1,-1.105365282858E2));
#6155=CARTESIAN_POINT('',(9.225824338784E1,5.131221478334E1,-1.106846822572E2));
#6157=DIRECTION('',(-8.191520442890E-1,0.E0,5.735764363510E-1));
#6158=VECTOR('',#6157,1.E0);
#6159=SURFACE_OF_LINEAR_EXTRUSION('',#6156,#6158);
#6160=ORIENTED_EDGE('',*,*,#6048,.T.);
#6161=ORIENTED_EDGE('',*,*,#5748,.F.);
#6162=ORIENTED_EDGE('',*,*,#5789,.T.);
#6163=ORIENTED_EDGE('',*,*,#6142,.T.);
#6164=EDGE_LOOP('',(#6160,#6161,#6162,#6163));
#6165=FACE_OUTER_BOUND('',#6164,.F.);
#6166=ADVANCED_FACE('',(#6165),#6159,.T.);
#6167=CARTESIAN_POINT('',(1.029419851361E2,3.726471862576E1,-3.088530187352E1));
#6168=DIRECTION('',(5.735764363512E-1,-2.255140518770E-13,8.191520442889E-1));
#6169=DIRECTION('',(8.191520442889E-1,7.110430743201E-14,-5.735764363512E-1));
#6170=AXIS2_PLACEMENT_3D('',#6167,#6168,#6169);
#6171=SPHERICAL_SURFACE('',#6170,4.E0);
#6173=ORIENTED_EDGE('',*,*,#6172,.T.);
#6175=ORIENTED_EDGE('',*,*,#6174,.T.);
#6177=ORIENTED_EDGE('',*,*,#6176,.T.);
#6178=ORIENTED_EDGE('',*,*,#5961,.T.);
#6179=ORIENTED_EDGE('',*,*,#5959,.T.);
#6180=EDGE_LOOP('',(#6173,#6175,#6177,#6178,#6179));
#6181=FACE_OUTER_BOUND('',#6180,.F.);
#6182=ADVANCED_FACE('',(#6181),#6171,.F.);
#6183=CARTESIAN_POINT('',(1.038134473853E2,3.726471862576E1,-3.149550630967E1));
#6184=DIRECTION('',(8.191520442890E-1,0.E0,-5.735764363510E-1));
#6185=DIRECTION('',(-5.735764363510E-1,0.E0,-8.191520442890E-1));
#6186=AXIS2_PLACEMENT_3D('',#6183,#6184,#6185);
#6187=CYLINDRICAL_SURFACE('',#6186,4.E0);
#6188=ORIENTED_EDGE('',*,*,#6172,.F.);
#6189=ORIENTED_EDGE('',*,*,#5941,.T.);
#6191=ORIENTED_EDGE('',*,*,#6190,.F.);
#6193=ORIENTED_EDGE('',*,*,#6192,.T.);
#6194=EDGE_LOOP('',(#6188,#6189,#6191,#6193));
#6195=FACE_OUTER_BOUND('',#6194,.F.);
#6196=ADVANCED_FACE('',(#6195),#6187,.F.);
#6197=CARTESIAN_POINT('',(1.26E2,3.726471862576E1,-9.4E1));
#6198=DIRECTION('',(0.E0,-1.E0,0.E0));
#6199=DIRECTION('',(0.E0,0.E0,-1.E0));
#6200=AXIS2_PLACEMENT_3D('',#6197,#6198,#6199);
#6201=TOROIDAL_SURFACE('',#6200,3.8475E1,4.E0);
#6202=ORIENTED_EDGE('',*,*,#6190,.T.);
#6203=ORIENTED_EDGE('',*,*,#5926,.T.);
#6204=ORIENTED_EDGE('',*,*,#5924,.T.);
#6206=ORIENTED_EDGE('',*,*,#6205,.T.);
#6208=ORIENTED_EDGE('',*,*,#6207,.T.);
#6210=ORIENTED_EDGE('',*,*,#6209,.T.);
#6211=EDGE_LOOP('',(#6202,#6203,#6204,#6206,#6208,#6210));
#6212=FACE_OUTER_BOUND('',#6211,.F.);
#6213=ADVANCED_FACE('',(#6212),#6201,.F.);
#6214=CARTESIAN_POINT('',(4.591786877164E1,3.726471862576E1,-8.489519034060E1));
#6215=DIRECTION('',(-8.191520442890E-1,0.E0,5.735764363510E-1));
#6216=DIRECTION('',(5.735764363510E-1,0.E0,8.191520442890E-1));
#6217=AXIS2_PLACEMENT_3D('',#6214,#6215,#6216);
#6218=CYLINDRICAL_SURFACE('',#6217,4.E0);
#6220=ORIENTED_EDGE('',*,*,#6219,.F.);
#6222=ORIENTED_EDGE('',*,*,#6221,.T.);
#6223=ORIENTED_EDGE('',*,*,#6205,.F.);
#6224=ORIENTED_EDGE('',*,*,#5907,.T.);
#6225=EDGE_LOOP('',(#6220,#6222,#6223,#6224));
#6226=FACE_OUTER_BOUND('',#6225,.F.);
#6227=ADVANCED_FACE('',(#6226),#6218,.F.);
#6228=CARTESIAN_POINT('',(7.407274697351E1,3.726471862576E1,-1.046094482949E2));
#6229=DIRECTION('',(-4.055789799051E-1,7.071029442562E-1,-5.792332149345E-1));
#6230=DIRECTION('',(-2.633201649601E-6,6.336918650637E-1,7.735855609725E-1));
#6231=AXIS2_PLACEMENT_3D('',#6228,#6229,#6230);
#6232=SPHERICAL_SURFACE('',#6231,4.E0);
#6233=ORIENTED_EDGE('',*,*,#5891,.T.);
#6235=ORIENTED_EDGE('',*,*,#6234,.F.);
#6236=ORIENTED_EDGE('',*,*,#6219,.T.);
#6237=EDGE_LOOP('',(#6233,#6235,#6236));
#6238=FACE_OUTER_BOUND('',#6237,.F.);
#6239=ADVANCED_FACE('',(#6238),#6232,.F.);
#6240=CARTESIAN_POINT('',(7.149099985378E1,4.806505862313E1,-9.651939612263E1));
#6241=CARTESIAN_POINT('',(6.989445849550E1,4.755884079677E1,-9.611085994143E1));
#6242=CARTESIAN_POINT('',(6.895291237091E1,4.643911403234E1,-9.519878142895E1));
#6243=CARTESIAN_POINT('',(6.900190835814E1,4.510482391703E1,-9.410812324578E1));
#6244=CARTESIAN_POINT('',(7.149881525811E1,4.517414203823E1,-1.000542360896E2));
#6245=CARTESIAN_POINT('',(6.996863590518E1,4.465362381907E1,-9.970295048487E1));
#6246=CARTESIAN_POINT('',(6.903572395447E1,4.354373885447E1,-9.890369646363E1));
#6247=CARTESIAN_POINT('',(6.900901927981E1,4.221194512017E1,-9.792108748705E1));
#6248=CARTESIAN_POINT('',(7.186214651742E1,4.249040608455E1,-1.035850754895E2));
#6249=CARTESIAN_POINT('',(7.039698452378E1,4.192449477991E1,-1.033286433981E2));
#6250=CARTESIAN_POINT('',(6.948226606924E1,4.082339629901E1,-1.026396704525E2));
#6251=CARTESIAN_POINT('',(6.939991741051E1,3.952640608589E1,-1.017304524970E2));
#6252=CARTESIAN_POINT('',(7.257265019274E1,4.006563341270E1,-1.070428532522E2));
#6253=CARTESIAN_POINT('',(7.118622453131E1,3.944958626156E1,-1.068973430673E2));
#6254=CARTESIAN_POINT('',(7.029880802084E1,3.835619730514E1,-1.063143275962E2));
#6255=CARTESIAN_POINT('',(7.016575010337E1,3.710001947576E1,-1.054615216318E2));
#6256=(BOUNDED_SURFACE()B_SPLINE_SURFACE(3,3,((#6240,#6241,#6242,#6243),(#6244,
#6245,#6246,#6247),(#6248,#6249,#6250,#6251),(#6252,#6253,#6254,#6255)),
.UNSPECIFIED.,.F.,.F.,.F.)B_SPLINE_SURFACE_WITH_KNOTS((4,4),(4,4),(
5.326504599849E0,5.526815880839E0),(-2.834349633161E-2,1.028128323751E0),
.UNSPECIFIED.)GEOMETRIC_REPRESENTATION_ITEM()RATIONAL_B_SPLINE_SURFACE(((
1.009391915387E0,8.894846308960E-1,8.894602142428E-1,1.009318665427E0),(
1.008721566465E0,8.973726766712E-1,8.973500027592E-1,1.008653544729E0),(
1.008112456391E0,9.045401203643E-1,9.045190299875E-1,1.008049185260E0),(
1.007569778120E0,9.109258560592E-1,9.109061765113E-1,1.007510739477E0)))REPRESENTATION_ITEM('')SURFACE());
#6258=ORIENTED_EDGE('',*,*,#6257,.T.);
#6260=ORIENTED_EDGE('',*,*,#6259,.T.);
#6262=ORIENTED_EDGE('',*,*,#6261,.F.);
#6263=ORIENTED_EDGE('',*,*,#6234,.T.);
#6264=ORIENTED_EDGE('',*,*,#4494,.F.);
#6265=EDGE_LOOP('',(#6258,#6260,#6262,#6263,#6264));
#6266=FACE_OUTER_BOUND('',#6265,.F.);
#6267=ADVANCED_FACE('',(#6266),#6256,.F.);
#6268=CARTESIAN_POINT('',(7.205702697428E1,1.258962569798E3,-9.648106048820E1));
#6269=DIRECTION('',(0.E0,-1.E0,0.E0));
#6270=DIRECTION('',(0.E0,0.E0,-1.E0));
#6271=AXIS2_PLACEMENT_3D('',#6268,#6269,#6270);
#6272=CYLINDRICAL_SURFACE('',#6271,3.E0);
#6273=ORIENTED_EDGE('',*,*,#4492,.T.);
#6274=ORIENTED_EDGE('',*,*,#4636,.F.);
#6275=ORIENTED_EDGE('',*,*,#4634,.F.);
#6277=ORIENTED_EDGE('',*,*,#6276,.T.);
#6279=ORIENTED_EDGE('',*,*,#6278,.F.);
#6281=ORIENTED_EDGE('',*,*,#6280,.F.);
#6282=ORIENTED_EDGE('',*,*,#6257,.F.);
#6283=EDGE_LOOP('',(#6273,#6274,#6275,#6277,#6279,#6281,#6282));
#6284=FACE_OUTER_BOUND('',#6283,.F.);
#6285=ADVANCED_FACE('',(#6284),#6272,.F.);
#6286=CARTESIAN_POINT('',(9.015402699694E1,4.235E1,-9.407366286752E1));
#6287=DIRECTION('',(3.281754439195E-2,0.E0,9.994613593232E-1));
#6288=DIRECTION('',(9.994613593232E-1,0.E0,-3.281754439195E-2));
#6289=AXIS2_PLACEMENT_3D('',#6286,#6287,#6288);
#6290=PLANE('',#6289);
#6291=ORIENTED_EDGE('',*,*,#6276,.F.);
#6292=ORIENTED_EDGE('',*,*,#4632,.F.);
#6294=ORIENTED_EDGE('',*,*,#6293,.T.);
#6296=ORIENTED_EDGE('',*,*,#6295,.F.);
#6298=ORIENTED_EDGE('',*,*,#6297,.T.);
#6300=ORIENTED_EDGE('',*,*,#6299,.T.);
#6301=EDGE_LOOP('',(#6291,#6292,#6294,#6296,#6298,#6300));
#6302=FACE_OUTER_BOUND('',#6301,.F.);
#6303=ADVANCED_FACE('',(#6302),#6290,.F.);
#6304=CARTESIAN_POINT('',(1.022490135919E2,4.661846157519E1,-9.447365950704E1));
#6305=CARTESIAN_POINT('',(1.022246668985E2,4.850123132276E1,-9.439063142188E1));
#6306=CARTESIAN_POINT('',(1.021617594939E2,4.983234637095E1,-9.572354064977E1));
#6307=CARTESIAN_POINT('',(1.021012114248E2,4.974579136771E1,-9.760542163886E1));
#6308=CARTESIAN_POINT('',(1.030549495058E2,4.663120406216E1,-9.450006615304E1));
#6309=CARTESIAN_POINT('',(1.032381933351E2,4.848646099163E1,-9.442599330750E1));
#6310=CARTESIAN_POINT('',(1.033268230166E2,4.981158757140E1,-9.572885108691E1));
#6311=CARTESIAN_POINT('',(1.032645531661E2,4.976514085281E1,-9.758154134402E1));
#6312=CARTESIAN_POINT('',(1.046068245057E2,4.639016392547E1,-9.455090238707E1));
#6313=CARTESIAN_POINT('',(1.051663547060E2,4.812328225673E1,-9.449362533554E1));
#6314=CARTESIAN_POINT('',(1.055397593578E2,4.938530167354E1,-9.573316621720E1));
#6315=CARTESIAN_POINT('',(1.055021245978E2,4.941608263511E1,-9.752310441872E1));
#6316=CARTESIAN_POINT('',(1.074059002187E2,4.493844510255E1,-9.464254444210E1));
#6317=CARTESIAN_POINT('',(1.085605108161E2,4.621297503766E1,-9.461419373244E1));
#6318=CARTESIAN_POINT('',(1.094193122261E2,4.717241390972E1,-9.571627092088E1));
#6319=CARTESIAN_POINT('',(1.095252622326E2,4.730616302678E1,-9.736240202067E1));
#6320=CARTESIAN_POINT('',(1.087840541087E2,4.293642308102E1,-9.468761470381E1));
#6321=CARTESIAN_POINT('',(1.102028950506E2,4.368243605993E1,-9.467399712202E1));
#6322=CARTESIAN_POINT('',(1.112798861261E2,4.426147693738E1,-9.568441993523E1));
#6323=CARTESIAN_POINT('',(1.114906970574E2,4.439164257060E1,-9.722707243349E1));
#6324=CARTESIAN_POINT('',(1.091761120328E2,4.143948525856E1,-9.470043461201E1));
#6325=CARTESIAN_POINT('',(1.106608391960E2,4.182717755696E1,-9.469071775137E1));
#6326=CARTESIAN_POINT('',(1.117980229220E2,4.213262504764E1,-9.567479469862E1));
#6327=CARTESIAN_POINT('',(1.120490534533E2,4.221115806895E1,-9.718667633146E1));
#6328=(BOUNDED_SURFACE()B_SPLINE_SURFACE(3,3,((#6304,#6305,#6306,#6307),(#6308,
#6309,#6310,#6311),(#6312,#6313,#6314,#6315),(#6316,#6317,#6318,#6319),(#6320,
#6321,#6322,#6323),(#6324,#6325,#6326,#6327)),.UNSPECIFIED.,.F.,.F.,.F.)B_SPLINE_SURFACE_WITH_KNOTS((4,1,1,4),(4,4),(-1.022736586411E-4,2.321724680872E-3,
4.643449361743E-3,9.336131339205E-3),(-3.108970822362E-2,1.030909667520E0),
.UNSPECIFIED.)GEOMETRIC_REPRESENTATION_ITEM()RATIONAL_B_SPLINE_SURFACE(((
1.018836519976E0,7.978893413773E-1,7.978518905616E-1,1.018724167529E0),(
1.018376554104E0,8.028246481842E-1,8.027881118738E-1,1.018266945173E0),(
1.017414783604E0,8.131441801103E-1,8.131095559945E-1,1.017310911256E0),(
1.015356137918E0,8.352328799310E-1,8.352023488195E-1,1.015264544584E0),(
1.014029715996E0,8.494650209373E-1,8.494371270213E-1,1.013946034248E0),(
1.013643825808E0,8.536055161082E-1,8.535783894200E-1,1.013562445743E0)))REPRESENTATION_ITEM('')SURFACE());
#6329=ORIENTED_EDGE('',*,*,#4630,.T.);
#6331=ORIENTED_EDGE('',*,*,#6330,.F.);
#6333=ORIENTED_EDGE('',*,*,#6332,.T.);
#6334=ORIENTED_EDGE('',*,*,#6293,.F.);
#6335=EDGE_LOOP('',(#6329,#6331,#6333,#6334));
#6336=FACE_OUTER_BOUND('',#6335,.F.);
#6337=ADVANCED_FACE('',(#6336),#6328,.F.);
#6338=CARTESIAN_POINT('',(1.26E2,3.975E1,-9.4E1));
#6339=DIRECTION('',(0.E0,-1.E0,0.E0));
#6340=DIRECTION('',(0.E0,0.E0,-1.E0));
#6341=AXIS2_PLACEMENT_3D('',#6338,#6339,#6340);
#6342=TOROIDAL_SURFACE('',#6341,2.4E1,1.E1);
#6343=ORIENTED_EDGE('',*,*,#4628,.F.);
#6344=ORIENTED_EDGE('',*,*,#4626,.F.);
#6345=ORIENTED_EDGE('',*,*,#4624,.F.);
#6346=ORIENTED_EDGE('',*,*,#4622,.F.);
#6348=ORIENTED_EDGE('',*,*,#6347,.T.);
#6350=ORIENTED_EDGE('',*,*,#6349,.F.);
#6352=ORIENTED_EDGE('',*,*,#6351,.F.);
#6354=ORIENTED_EDGE('',*,*,#6353,.F.);
#6356=ORIENTED_EDGE('',*,*,#6355,.F.);
#6357=ORIENTED_EDGE('',*,*,#6330,.T.);
#6358=EDGE_LOOP('',(#6343,#6344,#6345,#6346,#6348,#6350,#6352,#6354,#6356,
#6357));
#6359=FACE_OUTER_BOUND('',#6358,.F.);
#6360=ADVANCED_FACE('',(#6359),#6342,.F.);
#6361=CARTESIAN_POINT('',(1.184938923762E2,4.974570148087E1,-7.102552524470E1));
#6362=CARTESIAN_POINT('',(1.168394786087E2,4.983348018739E1,-7.192450418463E1));
#6363=CARTESIAN_POINT('',(1.156756909715E2,4.850310782929E1,-7.257966379806E1));
#6364=CARTESIAN_POINT('',(1.157600799225E2,4.661982648132E1,-7.256454974140E1));
#6365=CARTESIAN_POINT('',(1.189948243359E2,4.976509201972E1,-7.207576188283E1));
#6366=CARTESIAN_POINT('',(1.173673049657E2,4.981273207865E1,-7.296330577052E1));
#6367=CARTESIAN_POINT('',(1.161623975168E2,4.848831153015E1,-7.346962230412E1));
#6368=CARTESIAN_POINT('',(1.161455772681E2,4.663255795023E1,-7.327297486012E1));
#6369=CARTESIAN_POINT('',(1.199471502266E2,4.941611445710E1,-7.410143023450E1));
#6370=CARTESIAN_POINT('',(1.183647037627E2,4.938642091260E1,-7.493902091601E1));
#6371=CARTESIAN_POINT('',(1.170886309696E2,4.812501271915E1,-7.516253024132E1));
#6372=CARTESIAN_POINT('',(1.168878588998E2,4.639144614286E1,-7.463708239610E1));
#6373=CARTESIAN_POINT('',(1.216097367061E2,4.730630749499E1,-7.776865546719E1));
#6374=CARTESIAN_POINT('',(1.200913895299E2,4.717330599251E1,-7.841371591328E1));
#6375=CARTESIAN_POINT('',(1.187203971083E2,4.621424707979E1,-7.814183970601E1));
#6376=CARTESIAN_POINT('',(1.182266296526E2,4.493941560525E1,-7.709747351904E1));
#6377=CARTESIAN_POINT('',(1.223711821899E2,4.439178592334E1,-7.958577782580E1));
#6378=CARTESIAN_POINT('',(1.208982280207E2,4.426203301683E1,-8.009080367713E1));
#6379=CARTESIAN_POINT('',(1.195112637998E2,4.368318421335E1,-7.958280710285E1));
#6380=CARTESIAN_POINT('',(1.188857391245E2,4.293700156969E1,-7.830888776045E1));
#6381=CARTESIAN_POINT('',(1.225857604476E2,4.221124503228E1,-8.010288813312E1));
#6382=CARTESIAN_POINT('',(1.211222436639E2,4.213292186945E1,-8.055818543051E1));
#6383=CARTESIAN_POINT('',(1.197318180972E2,4.182756809305E1,-7.998456531639E1));
#6384=CARTESIAN_POINT('',(1.190732386895E2,4.143978746935E1,-7.865350720752E1));
#6385=(BOUNDED_SURFACE()B_SPLINE_SURFACE(3,3,((#6361,#6362,#6363,#6364),(#6365,
#6366,#6367,#6368),(#6369,#6370,#6371,#6372),(#6373,#6374,#6375,#6376),(#6377,
#6378,#6379,#6380),(#6381,#6382,#6383,#6384)),.UNSPECIFIED.,.F.,.F.,.F.)B_SPLINE_SURFACE_WITH_KNOTS((4,1,1,4),(4,4),(-1.022736611897E-4,2.321724680872E-3,
4.643449361743E-3,9.336131341818E-3),(-3.137584752157E-2,1.030762048884E0),
.UNSPECIFIED.)GEOMETRIC_REPRESENTATION_ITEM()RATIONAL_B_SPLINE_SURFACE(((
1.019015160483E0,7.979201059346E-1,7.977924111553E-1,1.018632076145E0),(
1.018550832418E0,8.028546615120E-1,8.027300848904E-1,1.018177102553E0),(
1.017579940743E0,8.131726226392E-1,8.130545659625E-1,1.017225770714E0),(
1.015501771413E0,8.352579602075E-1,8.351538593097E-1,1.015189468719E0),(
1.014162770059E0,8.494879348559E-1,8.493928259137E-1,1.013877443234E0),(
1.013773220194E0,8.536277997680E-1,8.535353068166E-1,1.013495741340E0)))REPRESENTATION_ITEM('')SURFACE());
#6386=ORIENTED_EDGE('',*,*,#4620,.T.);
#6388=ORIENTED_EDGE('',*,*,#6387,.T.);
#6390=ORIENTED_EDGE('',*,*,#6389,.T.);
#6391=ORIENTED_EDGE('',*,*,#6347,.F.);
#6392=EDGE_LOOP('',(#6386,#6388,#6390,#6391));
#6393=FACE_OUTER_BOUND('',#6392,.F.);
#6394=ADVANCED_FACE('',(#6393),#6385,.F.);
#6395=CARTESIAN_POINT('',(1.077292195373E2,4.235E1,-5.781456059244E1));
#6396=DIRECTION('',(8.783400184768E-1,0.E0,4.780364127785E-1));
#6397=DIRECTION('',(4.780364127785E-1,0.E0,-8.783400184768E-1));
#6398=AXIS2_PLACEMENT_3D('',#6395,#6396,#6397);
#6399=PLANE('',#6398);
#6400=ORIENTED_EDGE('',*,*,#4618,.F.);
#6402=ORIENTED_EDGE('',*,*,#6401,.F.);
#6404=ORIENTED_EDGE('',*,*,#6403,.T.);
#6406=ORIENTED_EDGE('',*,*,#6405,.T.);
#6408=ORIENTED_EDGE('',*,*,#6407,.F.);
#6409=ORIENTED_EDGE('',*,*,#6387,.F.);
#6410=EDGE_LOOP('',(#6400,#6402,#6404,#6406,#6408,#6409));
#6411=FACE_OUTER_BOUND('',#6410,.F.);
#6412=ADVANCED_FACE('',(#6411),#6399,.T.);
#6413=CARTESIAN_POINT('',(9.894380652016E1,3.7102E1,-3.539664525101E1));
#6414=DIRECTION('',(0.E0,-1.E0,0.E0));
#6415=DIRECTION('',(0.E0,0.E0,-1.E0));
#6416=AXIS2_PLACEMENT_3D('',#6413,#6414,#6415);
#6417=CYLINDRICAL_SURFACE('',#6416,3.E0);
#6419=ORIENTED_EDGE('',*,*,#6418,.F.);
#6420=ORIENTED_EDGE('',*,*,#6401,.T.);
#6421=ORIENTED_EDGE('',*,*,#4616,.F.);
#6422=ORIENTED_EDGE('',*,*,#5177,.T.);
#6424=ORIENTED_EDGE('',*,*,#6423,.F.);
#6425=EDGE_LOOP('',(#6419,#6420,#6421,#6422,#6424));
#6426=FACE_OUTER_BOUND('',#6425,.F.);
#6427=ADVANCED_FACE('',(#6426),#6417,.F.);
#6428=CARTESIAN_POINT('',(1.051566933228E2,5.121460260933E1,-5.308198296637E1));
#6429=CARTESIAN_POINT('',(1.047307268770E2,5.379052096522E1,-5.253990852015E1));
#6430=CARTESIAN_POINT('',(1.065594404765E2,5.513561705785E1,-5.114051264058E1));
#6431=CARTESIAN_POINT('',(1.087569225159E2,5.386182407212E1,-5.032723127712E1));
#6432=CARTESIAN_POINT('',(1.019292641360E2,4.943000458793E1,-4.715170867453E1));
#6433=CARTESIAN_POINT('',(1.013281955928E2,5.204950460677E1,-4.630454780328E1));
#6434=CARTESIAN_POINT('',(1.032695912812E2,5.337211317953E1,-4.477919638428E1));
#6435=CARTESIAN_POINT('',(1.056382355232E2,5.195580799262E1,-4.423800974695E1));
#6436=CARTESIAN_POINT('',(9.877327119556E1,4.724708941234E1,-4.135269456175E1));
#6437=CARTESIAN_POINT('',(9.806715814174E1,4.991461296399E1,-4.033056817088E1));
#6438=CARTESIAN_POINT('',(1.001313960809E2,5.120111192300E1,-3.866949517069E1));
#6439=CARTESIAN_POINT('',(1.025890916714E2,4.962415063052E1,-3.828269207710E1));
#6440=CARTESIAN_POINT('',(9.572665166210E1,4.445556763949E1,-3.575464868321E1));
#6441=CARTESIAN_POINT('',(9.500875325393E1,4.729458037143E1,-3.473078712383E1));
#6442=CARTESIAN_POINT('',(9.720968980846E1,4.852221329107E1,-3.292124266892E1));
#6443=CARTESIAN_POINT('',(9.964610485028E1,4.664055859969E1,-3.253278493618E1));
#6444=(BOUNDED_SURFACE()B_SPLINE_SURFACE(3,3,((#6428,#6429,#6430,#6431),(#6432,
#6433,#6434,#6435),(#6436,#6437,#6438,#6439),(#6440,#6441,#6442,#6443)),
.UNSPECIFIED.,.F.,.F.,.F.)B_SPLINE_SURFACE_WITH_KNOTS((4,4),(4,4),(
-2.034599666236E-4,2.064803081613E-2),(-2.559249724240E-2,1.025275488287E0),
.UNSPECIFIED.)GEOMETRIC_REPRESENTATION_ITEM()RATIONAL_B_SPLINE_SURFACE(((
1.025128795274E0,6.726035467173E-1,6.724972346396E-1,1.024809859041E0),(
1.026586184948E0,6.536156006142E-1,6.535031227763E-1,1.026248751435E0),(
1.028139616973E0,6.333763440210E-1,6.332572940979E-1,1.027782467204E0),(
1.029843324422E0,6.111791885236E-1,6.110529307467E-1,1.029464551092E0)))REPRESENTATION_ITEM('')SURFACE());
#6446=ORIENTED_EDGE('',*,*,#6445,.T.);
#6448=ORIENTED_EDGE('',*,*,#6447,.F.);
#6450=ORIENTED_EDGE('',*,*,#6449,.F.);
#6451=ORIENTED_EDGE('',*,*,#6403,.F.);
#6452=ORIENTED_EDGE('',*,*,#6418,.T.);
#6454=ORIENTED_EDGE('',*,*,#6453,.F.);
#6456=ORIENTED_EDGE('',*,*,#6455,.F.);
#6457=EDGE_LOOP('',(#6446,#6448,#6450,#6451,#6452,#6454,#6456));
#6458=FACE_OUTER_BOUND('',#6457,.F.);
#6459=ADVANCED_FACE('',(#6458),#6444,.F.);
#6460=CARTESIAN_POINT('',(1.064437464280E2,3.833578643763E1,-2.773904997461E1));
#6461=DIRECTION('',(4.055797876726E-1,7.071067811865E-1,5.792279653396E-1));
#6462=DIRECTION('',(8.191520442890E-1,1.373830901348E-14,-5.735764363510E-1));
#6463=AXIS2_PLACEMENT_3D('',#6460,#6461,#6462);
#6464=PLANE('',#6463);
#6466=ORIENTED_EDGE('',*,*,#6465,.F.);
#6468=ORIENTED_EDGE('',*,*,#6467,.F.);
#6470=ORIENTED_EDGE('',*,*,#6469,.T.);
#6472=ORIENTED_EDGE('',*,*,#6471,.F.);
#6473=ORIENTED_EDGE('',*,*,#6445,.F.);
#6475=ORIENTED_EDGE('',*,*,#6474,.T.);
#6476=ORIENTED_EDGE('',*,*,#6192,.F.);
#6477=EDGE_LOOP('',(#6466,#6468,#6470,#6472,#6473,#6475,#6476));
#6478=FACE_OUTER_BOUND('',#6477,.F.);
#6479=ADVANCED_FACE('',(#6478),#6464,.F.);
#6480=CARTESIAN_POINT('',(1.26E2,4.448223304703E1,-9.4E1));
#6481=DIRECTION('',(0.E0,-1.E0,0.E0));
#6482=DIRECTION('',(0.E0,0.E0,-1.E0));
#6483=AXIS2_PLACEMENT_3D('',#6480,#6481,#6482);
#6484=CONICAL_SURFACE('',#6483,3.691433982822E1,4.5E1);
#6486=ORIENTED_EDGE('',*,*,#6485,.T.);
#6488=ORIENTED_EDGE('',*,*,#6487,.F.);
#6490=ORIENTED_EDGE('',*,*,#6489,.F.);
#6491=ORIENTED_EDGE('',*,*,#6465,.T.);
#6492=ORIENTED_EDGE('',*,*,#6209,.F.);
#6493=ORIENTED_EDGE('',*,*,#6207,.F.);
#6494=EDGE_LOOP('',(#6486,#6488,#6490,#6491,#6492,#6493));
#6495=FACE_OUTER_BOUND('',#6494,.F.);
#6496=ADVANCED_FACE('',(#6495),#6484,.F.);
#6497=CARTESIAN_POINT('',(5.017048696509E1,5.033578643763E1,-7.882182214419E1));
#6498=DIRECTION('',(4.055797876726E-1,-7.071067811865E-1,5.792279653396E-1));
#6499=DIRECTION('',(-8.191520442890E-1,1.373830901348E-14,5.735764363510E-1));
#6500=AXIS2_PLACEMENT_3D('',#6497,#6498,#6499);
#6501=PLANE('',#6500);
#6503=ORIENTED_EDGE('',*,*,#6502,.F.);
#6505=ORIENTED_EDGE('',*,*,#6504,.F.);
#6507=ORIENTED_EDGE('',*,*,#6506,.T.);
#6509=ORIENTED_EDGE('',*,*,#6508,.F.);
#6510=ORIENTED_EDGE('',*,*,#6485,.F.);
#6511=ORIENTED_EDGE('',*,*,#6221,.F.);
#6512=ORIENTED_EDGE('',*,*,#6261,.T.);
#6513=EDGE_LOOP('',(#6503,#6505,#6507,#6509,#6510,#6511,#6512));
#6514=FACE_OUTER_BOUND('',#6513,.F.);
#6515=ADVANCED_FACE('',(#6514),#6501,.T.);
#6516=CARTESIAN_POINT('',(7.996165171273E1,5.114944847204E1,-9.834251010111E1));
#6517=CARTESIAN_POINT('',(7.948984406913E1,5.251369576091E1,-9.599569904807E1));
#6518=CARTESIAN_POINT('',(8.008292103843E1,5.123271696949E1,-9.362897869012E1));
#6519=CARTESIAN_POINT('',(8.110589031257E1,4.867778513961E1,-9.377925338472E1));
#6520=CARTESIAN_POINT('',(7.630439941230E1,4.960767220289E1,-9.832789242233E1));
#6521=CARTESIAN_POINT('',(7.565387506214E1,5.105391496616E1,-9.596756217511E1));
#6522=CARTESIAN_POINT('',(7.629753376409E1,4.979979536478E1,-9.349977470902E1));
#6523=CARTESIAN_POINT('',(7.752237227593E1,4.723441793403E1,-9.366164939635E1));
#6524=CARTESIAN_POINT('',(7.275418837559E1,4.785932645153E1,-9.831415825087E1));
#6525=CARTESIAN_POINT('',(7.197414530933E1,4.940092699894E1,-9.594862526011E1));
#6526=CARTESIAN_POINT('',(7.266995030906E1,4.818132645199E1,-9.337554769094E1));
#6527=CARTESIAN_POINT('',(7.404422322255E1,4.559803659251E1,-9.354750369131E1));
#6528=CARTESIAN_POINT('',(6.934175781549E1,4.584602485535E1,-9.830139380870E1));
#6529=CARTESIAN_POINT('',(6.847590893264E1,4.752159188844E1,-9.593981995052E1));
#6530=CARTESIAN_POINT('',(6.922531040229E1,4.634702520400E1,-9.325711790689E1));
#6531=CARTESIAN_POINT('',(7.070154644218E1,4.371453083188E1,-9.343780417917E1));
#6532=(BOUNDED_SURFACE()B_SPLINE_SURFACE(3,3,((#6516,#6517,#6518,#6519),(#6520,
#6521,#6522,#6523),(#6524,#6525,#6526,#6527),(#6528,#6529,#6530,#6531)),
.UNSPECIFIED.,.F.,.F.,.F.)B_SPLINE_SURFACE_WITH_KNOTS((4,4),(4,4),(
-1.123863165556E-4,1.141147068754E-2),(-2.544704512547E-2,1.024771214677E0),
.UNSPECIFIED.)GEOMETRIC_REPRESENTATION_ITEM()RATIONAL_B_SPLINE_SURFACE(((
1.026001566998E0,6.594237473027E-1,6.591880009469E-1,1.025294327931E0),(
1.026928996149E0,6.472760046321E-1,6.470318496275E-1,1.026196531136E0),(
1.027886044146E0,6.347403055138E-1,6.344874733176E-1,1.027127547558E0),(
1.028875339148E0,6.217822255478E-1,6.215204237888E-1,1.028089933871E0)))REPRESENTATION_ITEM('')SURFACE());
#6533=ORIENTED_EDGE('',*,*,#6278,.T.);
#6534=ORIENTED_EDGE('',*,*,#6299,.F.);
#6536=ORIENTED_EDGE('',*,*,#6535,.T.);
#6538=ORIENTED_EDGE('',*,*,#6537,.F.);
#6539=ORIENTED_EDGE('',*,*,#6502,.T.);
#6540=ORIENTED_EDGE('',*,*,#6259,.F.);
#6541=ORIENTED_EDGE('',*,*,#6280,.T.);
#6542=EDGE_LOOP('',(#6533,#6534,#6536,#6538,#6539,#6540,#6541));
#6543=FACE_OUTER_BOUND('',#6542,.F.);
#6544=ADVANCED_FACE('',(#6543),#6532,.F.);
#6545=CARTESIAN_POINT('',(8.085514037774E1,4.875322292757E1,-9.676994857225E1));
#6546=DIRECTION('',(3.282440402597E-2,-1.701331684232E-5,9.994611339171E-1));
#6547=DIRECTION('',(9.994611340618E-1,5.838405851963E-11,-3.282440403072E-2));
#6548=AXIS2_PLACEMENT_3D('',#6545,#6546,#6547);
#6549=SPHERICAL_SURFACE('',#6548,3.E0);
#6551=ORIENTED_EDGE('',*,*,#6550,.T.);
#6552=ORIENTED_EDGE('',*,*,#6535,.F.);
#6554=ORIENTED_EDGE('',*,*,#6553,.F.);
#6556=ORIENTED_EDGE('',*,*,#6555,.T.);
#6557=EDGE_LOOP('',(#6551,#6552,#6554,#6556));
#6558=FACE_OUTER_BOUND('',#6557,.F.);
#6559=ADVANCED_FACE('',(#6558),#6549,.F.);
#6560=CARTESIAN_POINT('',(8.198131736060E1,5.147131581793E1,-9.736684858485E1));
#6561=CARTESIAN_POINT('',(8.124630011043E1,5.169087220259E1,-9.775432928809E1));
#6562=CARTESIAN_POINT('',(8.043880761640E1,5.158130777911E1,-9.802739556794E1));
#6563=CARTESIAN_POINT('',(7.969732296322E1,5.116139218561E1,-9.813920831388E1));
#6564=CARTESIAN_POINT('',(8.218711445058E1,5.120865704541E1,-9.802728983990E1));
#6565=CARTESIAN_POINT('',(8.146690031261E1,5.139872001022E1,-9.843570020375E1));
#6566=CARTESIAN_POINT('',(8.068411582483E1,5.126382772464E1,-9.873803866938E1));
#6567=CARTESIAN_POINT('',(7.996990201681E1,5.082655927607E1,-9.888364590062E1));
#6568=CARTESIAN_POINT('',(8.244548992304E1,5.096588973682E1,-9.866694917679E1));
#6569=CARTESIAN_POINT('',(8.174296622995E1,5.112845449454E1,-9.909807432516E1));
#6570=CARTESIAN_POINT('',(8.098708586360E1,5.097017788120E1,-9.942991118541E1));
#6571=CARTESIAN_POINT('',(8.030187555688E1,5.051701138255E1,-9.960800363572E1));
#6572=CARTESIAN_POINT('',(8.275993586015E1,5.074914306675E1,-9.928674393845E1));
#6573=CARTESIAN_POINT('',(8.207811389770E1,5.088723884048E1,-9.974151241975E1));
#6574=CARTESIAN_POINT('',(8.135155021942E1,5.070811031771E1,-1.001031739727E2));
#6575=CARTESIAN_POINT('',(8.069731910501E1,5.024060284908E1,-1.003134456127E2));
#6576=(BOUNDED_SURFACE()B_SPLINE_SURFACE(3,3,((#6560,#6561,#6562,#6563),(#6564,
#6565,#6566,#6567),(#6568,#6569,#6570,#6571),(#6572,#6573,#6574,#6575)),
.UNSPECIFIED.,.F.,.F.,.F.)B_SPLINE_SURFACE_WITH_KNOTS((4,4),(4,4),(
1.830988478191E-2,2.077899281336E-2),(-5.062649834040E-2,1.050216273100E0),
.UNSPECIFIED.)GEOMETRIC_REPRESENTATION_ITEM()RATIONAL_B_SPLINE_SURFACE(((
1.007584063233E0,9.499649130174E-1,9.499434494393E-1,1.007519672498E0),(
1.007407351733E0,9.511307491855E-1,9.511097857167E-1,1.007344461328E0),(
1.007253734311E0,9.521442245310E-1,9.521236958133E-1,1.007192148158E0),(
1.007122453594E0,9.530103357283E-1,9.529901785468E-1,1.007061982050E0)))REPRESENTATION_ITEM('')SURFACE());
#6578=ORIENTED_EDGE('',*,*,#6577,.F.);
#6580=ORIENTED_EDGE('',*,*,#6579,.T.);
#6582=ORIENTED_EDGE('',*,*,#6581,.F.);
#6583=ORIENTED_EDGE('',*,*,#6550,.F.);
#6584=ORIENTED_EDGE('',*,*,#6555,.F.);
#6585=EDGE_LOOP('',(#6578,#6580,#6582,#6583,#6584));
#6586=FACE_OUTER_BOUND('',#6585,.F.);
#6587=ADVANCED_FACE('',(#6586),#6576,.F.);
#6588=CARTESIAN_POINT('',(8.400015502384E1,6.725E1,-1.076878720320E2));
#6589=DIRECTION('',(-5.735764363510E-1,0.E0,-8.191520442890E-1));
#6590=DIRECTION('',(-8.191520442890E-1,0.E0,5.735764363510E-1));
#6591=AXIS2_PLACEMENT_3D('',#6588,#6589,#6590);
#6592=CYLINDRICAL_SURFACE('',#6591,1.75E1);
#6594=ORIENTED_EDGE('',*,*,#6593,.F.);
#6596=ORIENTED_EDGE('',*,*,#6595,.T.);
#6597=ORIENTED_EDGE('',*,*,#6577,.T.);
#6599=ORIENTED_EDGE('',*,*,#6598,.T.);
#6600=EDGE_LOOP('',(#6594,#6596,#6597,#6599));
#6601=FACE_OUTER_BOUND('',#6600,.F.);
#6602=ADVANCED_FACE('',(#6601),#6592,.T.);
#6603=CARTESIAN_POINT('',(4.77375E1,4.975E1,-8.229648762881E1));
#6604=DIRECTION('',(0.E0,-1.E0,0.E0));
#6605=DIRECTION('',(1.E0,0.E0,0.E0));
#6606=AXIS2_PLACEMENT_3D('',#6603,#6604,#6605);
#6607=PLANE('',#6606);
#6608=ORIENTED_EDGE('',*,*,#6355,.T.);
#6609=ORIENTED_EDGE('',*,*,#6353,.T.);
#6610=ORIENTED_EDGE('',*,*,#6351,.T.);
#6611=ORIENTED_EDGE('',*,*,#6349,.T.);
#6613=ORIENTED_EDGE('',*,*,#6612,.T.);
#6615=ORIENTED_EDGE('',*,*,#6614,.T.);
#6617=ORIENTED_EDGE('',*,*,#6616,.T.);
#6619=ORIENTED_EDGE('',*,*,#6618,.T.);
#6621=ORIENTED_EDGE('',*,*,#6620,.T.);
#6623=ORIENTED_EDGE('',*,*,#6622,.T.);
#6624=ORIENTED_EDGE('',*,*,#6593,.T.);
#6626=ORIENTED_EDGE('',*,*,#6625,.T.);
#6627=EDGE_LOOP('',(#6608,#6609,#6610,#6611,#6613,#6615,#6617,#6619,#6621,#6623,
#6624,#6626));
#6628=FACE_OUTER_BOUND('',#6627,.F.);
#6629=ADVANCED_FACE('',(#6628),#6607,.T.);
#6630=CARTESIAN_POINT('',(1.069344382036E2,4.675E1,-5.007856360048E1));
#6631=DIRECTION('',(-4.780364127785E-1,0.E0,8.783400184768E-1));
#6632=DIRECTION('',(8.783400184768E-1,0.E0,4.780364127785E-1));
#6633=AXIS2_PLACEMENT_3D('',#6630,#6631,#6632);
#6634=CYLINDRICAL_SURFACE('',#6633,3.E0);
#6636=ORIENTED_EDGE('',*,*,#6635,.F.);
#6637=ORIENTED_EDGE('',*,*,#6612,.F.);
#6638=ORIENTED_EDGE('',*,*,#6389,.F.);
#6639=ORIENTED_EDGE('',*,*,#6407,.T.);
#6640=EDGE_LOOP('',(#6636,#6637,#6638,#6639));
#6641=FACE_OUTER_BOUND('',#6640,.F.);
#6642=ADVANCED_FACE('',(#6641),#6634,.F.);
#6643=CARTESIAN_POINT('',(1.092758360255E2,5.366724117535E1,-5.234400970264E1));
#6644=CARTESIAN_POINT('',(1.075520351085E2,5.427796678420E1,-5.379105417702E1));
#6645=CARTESIAN_POINT('',(1.055171836708E2,5.315086214615E1,-5.395942435557E1));
#6646=CARTESIAN_POINT('',(1.049497624113E2,5.127046518666E1,-5.270149398719E1));
#6647=CARTESIAN_POINT('',(1.100379051466E2,5.239037100006E1,-5.399454370909E1));
#6648=CARTESIAN_POINT('',(1.082688164701E2,5.297898921812E1,-5.527817364952E1));
#6649=CARTESIAN_POINT('',(1.063702937168E2,5.176462015924E1,-5.551729421265E1));
#6650=CARTESIAN_POINT('',(1.059344890235E2,4.976507285491E1,-5.451100650434E1));
#6651=CARTESIAN_POINT('',(1.117765380795E2,5.039145484586E1,-5.776330730328E1));
#6652=CARTESIAN_POINT('',(1.099437692735E2,5.082777683800E1,-5.872112150216E1));
#6653=CARTESIAN_POINT('',(1.083393149847E2,4.949418246091E1,-5.911447819795E1));
#6654=CARTESIAN_POINT('',(1.081836412485E2,4.740448858269E1,-5.864400223025E1));
#6655=CARTESIAN_POINT('',(1.137317011581E2,4.972879258370E1,-6.200956098936E1));
#6656=CARTESIAN_POINT('',(1.120159556904E2,4.989885501535E1,-6.290555652346E1));
#6657=CARTESIAN_POINT('',(1.107178713815E2,4.855699480399E1,-6.346348235900E1));
#6658=CARTESIAN_POINT('',(1.107196470651E2,4.661461826445E1,-6.330411886325E1));
#6659=CARTESIAN_POINT('',(1.147062246776E2,4.974837010703E1,-6.412788050622E1));
#6660=CARTESIAN_POINT('',(1.130692535925E2,4.981685968472E1,-6.501835022727E1));
#6661=CARTESIAN_POINT('',(1.119159908442E2,4.849680778417E1,-6.565485411747E1));
#6662=CARTESIAN_POINT('',(1.119851933629E2,4.663330140557E1,-6.562966400673E1));
#6663=(BOUNDED_SURFACE()B_SPLINE_SURFACE(3,3,((#6643,#6644,#6645,#6646),(#6647,
#6648,#6649,#6650),(#6651,#6652,#6653,#6654),(#6655,#6656,#6657,#6658),(#6659,
#6660,#6661,#6662)),.UNSPECIFIED.,.F.,.F.,.F.)B_SPLINE_SURFACE_WITH_KNOTS((4,1,
4),(4,4),(4.027164970001E0,4.373260566328E0,4.718958744294E0),(
-2.832259778872E-2,1.027888108424E0),.UNSPECIFIED.)GEOMETRIC_REPRESENTATION_ITEM()RATIONAL_B_SPLINE_SURFACE(((1.023343743612E0,7.251719667694E-1,
7.250493594206E-1,1.022975921565E0),(1.022377088399E0,7.365524871928E-1,
7.364349569659E-1,1.022024497718E0),(1.020253804619E0,7.615501017518E-1,
7.614437235578E-1,1.019934670037E0),(1.018055838023E0,7.874269639588E-1,
7.873321300510E-1,1.017771336299E0),(1.017000690167E0,7.998493163714E-1,
7.997600243717E-1,1.016732814169E0)))REPRESENTATION_ITEM('')SURFACE());
#6665=ORIENTED_EDGE('',*,*,#6664,.T.);
#6667=ORIENTED_EDGE('',*,*,#6666,.F.);
#6668=ORIENTED_EDGE('',*,*,#6635,.T.);
#6669=ORIENTED_EDGE('',*,*,#6405,.F.);
#6671=ORIENTED_EDGE('',*,*,#6670,.T.);
#6672=EDGE_LOOP('',(#6665,#6667,#6668,#6669,#6671));
#6673=FACE_OUTER_BOUND('',#6672,.F.);
#6674=ADVANCED_FACE('',(#6673),#6663,.F.);
#6675=CARTESIAN_POINT('',(1.076788049302E2,5.128731356177E1,-5.144625666081E1));
#6676=DIRECTION('',(0.E0,7.727316407560E-1,-6.347328661528E-1));
#6677=DIRECTION('',(9.995743641542E-1,-1.851735124280E-2,-2.254325240007E-2));
#6678=AXIS2_PLACEMENT_3D('',#6675,#6676,#6677);
#6679=SPHERICAL_SURFACE('',#6678,3.E0);
#6681=ORIENTED_EDGE('',*,*,#6680,.T.);
#6682=ORIENTED_EDGE('',*,*,#6664,.F.);
#6683=ORIENTED_EDGE('',*,*,#6670,.F.);
#6684=ORIENTED_EDGE('',*,*,#6449,.T.);
#6685=EDGE_LOOP('',(#6681,#6682,#6683,#6684));
#6686=FACE_OUTER_BOUND('',#6685,.F.);
#6687=ADVANCED_FACE('',(#6686),#6679,.F.);
#6688=CARTESIAN_POINT('',(1.084013607484E2,5.388335627261E1,-5.012221373088E1));
#6689=CARTESIAN_POINT('',(1.088249228922E2,5.417604133244E1,-5.092744927123E1));
#6690=CARTESIAN_POINT('',(1.090876880961E2,5.407766638724E1,-5.184111381384E1));
#6691=CARTESIAN_POINT('',(1.091348248572E2,5.360871441428E1,-5.267261858973E1));
#6692=CARTESIAN_POINT('',(1.096838702011E2,5.321373723492E1,-4.964474253756E1));
#6693=CARTESIAN_POINT('',(1.100430379322E2,5.353765252489E1,-5.044207725757E1));
#6694=CARTESIAN_POINT('',(1.102538359573E2,5.349089412146E1,-5.134928580548E1));
#6695=CARTESIAN_POINT('',(1.102744504787E2,5.308269871851E1,-5.218648570665E1));
#6696=CARTESIAN_POINT('',(1.123088376230E2,5.187661233969E1,-4.898730250300E1));
#6697=CARTESIAN_POINT('',(1.125351056902E2,5.226498572939E1,-4.975678390159E1));
#6698=CARTESIAN_POINT('',(1.126355861888E2,5.232042319546E1,-5.064081495974E1));
#6699=CARTESIAN_POINT('',(1.125922270813E2,5.203294236763E1,-5.148067808484E1));
#6700=CARTESIAN_POINT('',(1.150845777885E2,5.070852659699E1,-4.904765012401E1));
#6701=CARTESIAN_POINT('',(1.151791696798E2,5.115233398525E1,-4.976480254947E1));
#6702=CARTESIAN_POINT('',(1.151525103270E2,5.129638762865E1,-5.060074243525E1));
#6703=CARTESIAN_POINT('',(1.150090200284E2,5.111672656953E1,-5.141657261604E1));
#6704=CARTESIAN_POINT('',(1.164405673123E2,5.023916677211E1,-4.926954064744E1));
#6705=CARTESIAN_POINT('',(1.164667271948E2,5.070699199392E1,-4.995606806183E1));
#6706=CARTESIAN_POINT('',(1.163753543121E2,5.088647193315E1,-5.076249290521E1));
#6707=CARTESIAN_POINT('',(1.161811654128E2,5.074865906834E1,-5.155885962010E1));
#6708=(BOUNDED_SURFACE()B_SPLINE_SURFACE(3,3,((#6688,#6689,#6690,#6691),(#6692,
#6693,#6694,#6695),(#6696,#6697,#6698,#6699),(#6700,#6701,#6702,#6703),(#6704,
#6705,#6706,#6707)),.UNSPECIFIED.,.F.,.F.,.F.)B_SPLINE_SURFACE_WITH_KNOTS((4,1,
4),(4,4),(3.229470976997E-2,3.656921361712E-2,4.080065428321E-2),(
-5.073980080985E-2,1.050213162504E0),.UNSPECIFIED.)GEOMETRIC_REPRESENTATION_ITEM()RATIONAL_B_SPLINE_SURFACE(((1.009259792110E0,9.390526549311E-1,
9.390190875662E-1,1.009159090015E0),(1.008797843772E0,9.420931686276E-1,
9.420612758563E-1,1.008702165459E0),(1.007959700849E0,9.476097704453E-1,
9.475809159981E-1,1.007873137507E0),(1.007362162231E0,9.515427304814E-1,
9.515160421515E-1,1.007282097242E0),(1.007138781643E0,9.530130068788E-1,
9.529871283184E-1,1.007061145962E0)))REPRESENTATION_ITEM('')SURFACE());
#6710=ORIENTED_EDGE('',*,*,#6709,.F.);
#6712=ORIENTED_EDGE('',*,*,#6711,.T.);
#6714=ORIENTED_EDGE('',*,*,#6713,.F.);
#6715=ORIENTED_EDGE('',*,*,#6680,.F.);
#6716=EDGE_LOOP('',(#6710,#6712,#6714,#6715));
#6717=FACE_OUTER_BOUND('',#6716,.F.);
#6718=ADVANCED_FACE('',(#6717),#6708,.F.);
#6719=CARTESIAN_POINT('',(9.952387210200E1,1.151183401846E1,-7.464721448926E1));
#6720=DIRECTION('',(-8.191520442890E-1,0.E0,5.735764363510E-1));
#6721=DIRECTION('',(3.546460533331E-1,7.859370463446E-1,5.064870541667E-1));
#6722=AXIS2_PLACEMENT_3D('',#6719,#6720,#6721);
#6723=CYLINDRICAL_SURFACE('',#6722,4.929204906771E1);
#6724=ORIENTED_EDGE('',*,*,#6471,.T.);
#6726=ORIENTED_EDGE('',*,*,#6725,.F.);
#6727=ORIENTED_EDGE('',*,*,#6709,.T.);
#6728=ORIENTED_EDGE('',*,*,#6447,.T.);
#6729=EDGE_LOOP('',(#6724,#6726,#6727,#6728));
#6730=FACE_OUTER_BOUND('',#6729,.F.);
#6731=ADVANCED_FACE('',(#6730),#6723,.F.);
#6732=CARTESIAN_POINT('',(1.159320457658E2,5.022018849867E1,-4.889508038605E1));
#6733=CARTESIAN_POINT('',(1.159900693032E2,5.084410233671E1,-4.963117228885E1));
#6734=CARTESIAN_POINT('',(1.158667641341E2,5.110554681683E1,-5.055364459991E1));
#6735=CARTESIAN_POINT('',(1.155883660307E2,5.094878303210E1,-5.146604787121E1));
#6736=CARTESIAN_POINT('',(1.184841960382E2,4.926265808568E1,-4.951279771004E1));
#6737=CARTESIAN_POINT('',(1.183801846321E2,4.991079376133E1,-5.017174153846E1));
#6738=CARTESIAN_POINT('',(1.181452308213E2,5.022448786705E1,-5.100929992841E1));
#6739=CARTESIAN_POINT('',(1.178243495414E2,5.014357141288E1,-5.186496602055E1));
#6740=CARTESIAN_POINT('',(1.209129782211E2,4.877599512878E1,-5.061914509570E1));
#6741=CARTESIAN_POINT('',(1.206912013280E2,4.942496773501E1,-5.120004962387E1));
#6742=CARTESIAN_POINT('',(1.203365023379E2,4.976504030746E1,-5.195042663215E1));
#6743=CARTESIAN_POINT('',(1.199130721712E2,4.973461375872E1,-5.273446406189E1));
#6744=CARTESIAN_POINT('',(1.230532135515E2,4.879237115940E1,-5.213775212650E1));
#6745=CARTESIAN_POINT('',(1.227010639581E2,4.944124680075E1,-5.262713634922E1));
#6746=CARTESIAN_POINT('',(1.222258749383E2,4.978043501225E1,-5.329325710914E1));
#6747=CARTESIAN_POINT('',(1.217138200323E2,4.974837508674E1,-5.401531673334E1));
#6748=(BOUNDED_SURFACE()B_SPLINE_SURFACE(3,3,((#6732,#6733,#6734,#6735),(#6736,
#6737,#6738,#6739),(#6740,#6741,#6742,#6743),(#6744,#6745,#6746,#6747)),
.UNSPECIFIED.,.F.,.F.,.F.)B_SPLINE_SURFACE_WITH_KNOTS((4,4),(4,4),(
2.766664299275E0,3.147796866717E0),(-4.818320313599E-2,1.047418193929E0),
.UNSPECIFIED.)GEOMETRIC_REPRESENTATION_ITEM()RATIONAL_B_SPLINE_SURFACE(((
1.009041298636E0,9.373634448285E-1,9.373134303282E-1,1.008891255135E0),(
1.008128844382E0,9.436847702828E-1,9.436398032811E-1,1.007993943377E0),(
1.007673971228E0,9.468360529276E-1,9.467936021854E-1,1.007546619001E0),(
1.007689275318E0,9.467300288289E-1,9.466874934279E-1,1.007561669115E0)))REPRESENTATION_ITEM('')SURFACE());
#6750=ORIENTED_EDGE('',*,*,#6749,.T.);
#6752=ORIENTED_EDGE('',*,*,#6751,.F.);
#6753=ORIENTED_EDGE('',*,*,#6711,.F.);
#6754=ORIENTED_EDGE('',*,*,#6725,.T.);
#6755=ORIENTED_EDGE('',*,*,#6469,.F.);
#6756=EDGE_LOOP('',(#6750,#6752,#6753,#6754,#6755));
#6757=FACE_OUTER_BOUND('',#6756,.F.);
#6758=ADVANCED_FACE('',(#6757),#6748,.F.);
#6759=CARTESIAN_POINT('',(9.918407307217E1,4.675E1,-3.810693800735E1));
#6760=DIRECTION('',(8.191520442890E-1,0.E0,-5.735764363510E-1));
#6761=DIRECTION('',(-5.735764363510E-1,0.E0,-8.191520442890E-1));
#6762=AXIS2_PLACEMENT_3D('',#6759,#6760,#6761);
#6763=CYLINDRICAL_SURFACE('',#6762,3.E0);
#6765=ORIENTED_EDGE('',*,*,#6764,.F.);
#6766=ORIENTED_EDGE('',*,*,#6616,.F.);
#6767=ORIENTED_EDGE('',*,*,#6749,.F.);
#6768=ORIENTED_EDGE('',*,*,#6467,.T.);
#6769=EDGE_LOOP('',(#6765,#6766,#6767,#6768));
#6770=FACE_OUTER_BOUND('',#6769,.F.);
#6771=ADVANCED_FACE('',(#6770),#6763,.F.);
#6772=CARTESIAN_POINT('',(1.26E2,4.675E1,-9.4E1));
#6773=DIRECTION('',(0.E0,-1.E0,0.E0));
#6774=DIRECTION('',(0.E0,0.E0,-1.E0));
#6775=AXIS2_PLACEMENT_3D('',#6772,#6773,#6774);
#6776=TOROIDAL_SURFACE('',#6775,3.040393218813E1,3.E0);
#6778=ORIENTED_EDGE('',*,*,#6777,.T.);
#6779=ORIENTED_EDGE('',*,*,#6620,.F.);
#6780=ORIENTED_EDGE('',*,*,#6618,.F.);
#6781=ORIENTED_EDGE('',*,*,#6764,.T.);
#6782=ORIENTED_EDGE('',*,*,#6489,.T.);
#6783=ORIENTED_EDGE('',*,*,#6487,.T.);
#6784=EDGE_LOOP('',(#6778,#6779,#6780,#6781,#6782,#6783));
#6785=FACE_OUTER_BOUND('',#6784,.F.);
#6786=ADVANCED_FACE('',(#6785),#6776,.F.);
#6787=CARTESIAN_POINT('',(5.054724308472E1,4.675E1,-7.828375864292E1));
#6788=DIRECTION('',(8.191520442890E-1,0.E0,-5.735764363510E-1));
#6789=DIRECTION('',(-5.735764363510E-1,0.E0,-8.191520442890E-1));
#6790=AXIS2_PLACEMENT_3D('',#6787,#6788,#6789);
#6791=CYLINDRICAL_SURFACE('',#6790,3.E0);
#6793=ORIENTED_EDGE('',*,*,#6792,.F.);
#6794=ORIENTED_EDGE('',*,*,#6622,.F.);
#6795=ORIENTED_EDGE('',*,*,#6777,.F.);
#6796=ORIENTED_EDGE('',*,*,#6508,.T.);
#6797=EDGE_LOOP('',(#6793,#6794,#6795,#6796));
#6798=FACE_OUTER_BOUND('',#6797,.F.);
#6799=ADVANCED_FACE('',(#6798),#6791,.F.);
#6800=CARTESIAN_POINT('',(8.247097190306E1,5.094861802772E1,-9.876312951784E1));
#6801=CARTESIAN_POINT('',(8.170894654999E1,5.110567921417E1,-9.933683933843E1));
#6802=CARTESIAN_POINT('',(8.088426360143E1,5.084455608868E1,-9.976836374660E1));
#6803=CARTESIAN_POINT('',(8.017255730858E1,5.022085522E1,-9.996579786135E1));
#6804=CARTESIAN_POINT('',(8.361051801259E1,5.014348551955E1,-1.007278023475E2));
#6805=CARTESIAN_POINT('',(8.291628481114E1,5.022469126598E1,-1.013219905334E2));
#6806=CARTESIAN_POINT('',(8.220955589348E1,4.991129543909E1,-1.018293436140E2));
#6807=CARTESIAN_POINT('',(8.162577657474E1,4.926335600424E1,-1.021526257076E2));
#6808=CARTESIAN_POINT('',(8.514185802509E1,4.973458124916E1,-1.023930949272E2));
#6809=CARTESIAN_POINT('',(8.454997805152E1,4.976528435319E1,-1.030591371008E2));
#6810=CARTESIAN_POINT('',(8.396612292057E1,4.942548900565E1,-1.036491902122E2));
#6811=CARTESIAN_POINT('',(8.349597503158E1,4.877669660658E1,-1.040564492102E2));
#6812=CARTESIAN_POINT('',(8.696126363389E1,4.974834084400E1,-1.036471010681E2));
#6813=CARTESIAN_POINT('',(8.645790248514E1,4.978067772207E1,-1.043752024597E2));
#6814=CARTESIAN_POINT('',(8.599441454426E1,4.944176738696E1,-1.050496495057E2));
#6815=CARTESIAN_POINT('',(8.565486122206E1,4.879307244296E1,-1.055481198281E2));
#6816=(BOUNDED_SURFACE()B_SPLINE_SURFACE(3,3,((#6800,#6801,#6802,#6803),(#6804,
#6805,#6806,#6807),(#6808,#6809,#6810,#6811),(#6812,#6813,#6814,#6815)),
.UNSPECIFIED.,.F.,.F.,.F.)B_SPLINE_SURFACE_WITH_KNOTS((4,4),(4,4),(
5.908256952865E0,6.289389520307E0),(-4.783156350406E-2,1.047763044509E0),
.UNSPECIFIED.)GEOMETRIC_REPRESENTATION_ITEM()RATIONAL_B_SPLINE_SURFACE(((
1.008972304501E0,9.373408733131E-1,9.373363937304E-1,1.008958865753E0),(
1.008066813184E0,9.436644767001E-1,9.436604492001E-1,1.008054730685E0),(
1.007615411166E0,9.468168949320E-1,9.468130928024E-1,1.007604004776E0),(
1.007630598472E0,9.467108326267E-1,9.467070229145E-1,1.007619169334E0)))REPRESENTATION_ITEM('')SURFACE());
#6818=ORIENTED_EDGE('',*,*,#6817,.F.);
#6819=ORIENTED_EDGE('',*,*,#6579,.F.);
#6820=ORIENTED_EDGE('',*,*,#6595,.F.);
#6821=ORIENTED_EDGE('',*,*,#6792,.T.);
#6822=ORIENTED_EDGE('',*,*,#6506,.F.);
#6823=EDGE_LOOP('',(#6818,#6819,#6820,#6821,#6822));
#6824=FACE_OUTER_BOUND('',#6823,.F.);
#6825=ADVANCED_FACE('',(#6824),#6816,.F.);
#6826=CARTESIAN_POINT('',(9.796239266449E1,1.173129616123E1,-7.538025906377E1));
#6827=DIRECTION('',(-8.191520442890E-1,0.E0,5.735764363511E-1));
#6828=DIRECTION('',(-3.406846074124E-1,8.044905220831E-1,-4.865480430037E-1));
#6829=AXIS2_PLACEMENT_3D('',#6826,#6827,#6828);
#6830=CYLINDRICAL_SURFACE('',#6829,4.901907829263E1);
#6831=ORIENTED_EDGE('',*,*,#6581,.T.);
#6832=ORIENTED_EDGE('',*,*,#6817,.T.);
#6833=ORIENTED_EDGE('',*,*,#6504,.T.);
#6834=ORIENTED_EDGE('',*,*,#6537,.T.);
#6835=EDGE_LOOP('',(#6831,#6832,#6833,#6834));
#6836=FACE_OUTER_BOUND('',#6835,.F.);
#6837=ADVANCED_FACE('',(#6836),#6830,.F.);
#6838=CARTESIAN_POINT('',(8.400015502384E1,6.725E1,-1.076878720320E2));
#6839=DIRECTION('',(-5.735764363510E-1,0.E0,-8.191520442890E-1));
#6840=DIRECTION('',(-8.191520442890E-1,0.E0,5.735764363510E-1));
#6841=AXIS2_PLACEMENT_3D('',#6838,#6839,#6840);
#6842=CYLINDRICAL_SURFACE('',#6841,1.75E1);
#6843=ORIENTED_EDGE('',*,*,#6713,.T.);
#6844=ORIENTED_EDGE('',*,*,#6751,.T.);
#6845=ORIENTED_EDGE('',*,*,#6614,.F.);
#6846=ORIENTED_EDGE('',*,*,#6666,.T.);
#6847=EDGE_LOOP('',(#6843,#6844,#6845,#6846));
#6848=FACE_OUTER_BOUND('',#6847,.F.);
#6849=ADVANCED_FACE('',(#6848),#6842,.T.);
#6850=CARTESIAN_POINT('',(9.005557436377E1,4.675E1,-9.707204694549E1));
#6851=DIRECTION('',(9.994613593232E-1,0.E0,-3.281754439195E-2));
#6852=DIRECTION('',(-3.281754439195E-2,0.E0,-9.994613593232E-1));
#6853=AXIS2_PLACEMENT_3D('',#6850,#6851,#6852);
#6854=CYLINDRICAL_SURFACE('',#6853,3.E0);
#6855=ORIENTED_EDGE('',*,*,#6332,.F.);
#6856=ORIENTED_EDGE('',*,*,#6625,.F.);
#6858=ORIENTED_EDGE('',*,*,#6857,.F.);
#6859=ORIENTED_EDGE('',*,*,#6295,.T.);
#6860=EDGE_LOOP('',(#6855,#6856,#6858,#6859));
#6861=FACE_OUTER_BOUND('',#6860,.F.);
#6862=ADVANCED_FACE('',(#6861),#6854,.F.);
#6863=CARTESIAN_POINT('',(8.079157422793E1,4.867545607922E1,-9.376918131141E1));
#6864=CARTESIAN_POINT('',(8.164032859096E1,5.076184594518E1,-9.369733358381E1));
#6865=CARTESIAN_POINT('',(8.210502169287E1,5.205210928180E1,-9.548590696204E1));
#6866=CARTESIAN_POINT('',(8.179708185199E1,5.146747399225E1,-9.764095850165E1));
#6867=CARTESIAN_POINT('',(8.416030453064E1,4.731277809435E1,-9.387962192788E1));
#6868=CARTESIAN_POINT('',(8.458895318553E1,4.943159481523E1,-9.380248081736E1));
#6869=CARTESIAN_POINT('',(8.488463452277E1,5.077872434499E1,-9.543286460749E1));
#6870=CARTESIAN_POINT('',(8.481931445187E1,5.031516387856E1,-9.751450445818E1));
#6871=CARTESIAN_POINT('',(8.789567002925E1,4.661049757050E1,-9.400208081643E1));
#6872=CARTESIAN_POINT('',(8.803041836277E1,4.860204037583E1,-9.392405366891E1));
#6873=CARTESIAN_POINT('',(8.814916743169E1,4.995866311634E1,-9.539154153314E1));
#6874=CARTESIAN_POINT('',(8.816832685137E1,4.972521823517E1,-9.737226661573E1));
#6875=CARTESIAN_POINT('',(9.162079714483E1,4.663085553852E1,-9.412420264676E1));
#6876=CARTESIAN_POINT('',(9.161562224209E1,4.849448574869E1,-9.404976453563E1));
#6877=CARTESIAN_POINT('',(9.156701740562E1,4.981590372189E1,-9.536533855162E1));
#6878=CARTESIAN_POINT('',(9.150610821077E1,4.974824912454E1,-9.722853810805E1));
#6879=(BOUNDED_SURFACE()B_SPLINE_SURFACE(3,3,((#6863,#6864,#6865,#6866),(#6867,
#6868,#6869,#6870),(#6871,#6872,#6873,#6874),(#6875,#6876,#6877,#6878)),
.UNSPECIFIED.,.F.,.F.,.F.)B_SPLINE_SURFACE_WITH_KNOTS((4,4),(4,4),(
1.119948184192E0,1.575679772864E0),(-2.842415305460E-2,1.027801836940E0),
.UNSPECIFIED.)GEOMETRIC_REPRESENTATION_ITEM()RATIONAL_B_SPLINE_SURFACE(((
1.022378843415E0,7.375223738280E-1,7.373546385244E-1,1.021875637505E0),(
1.020609588127E0,7.582736664439E-1,7.581191921730E-1,1.020146165314E0),(
1.018781872024E0,7.797106359512E-1,7.795698608922E-1,1.018359546847E0),(
1.017068645163E0,7.998047807348E-1,7.996768467604E-1,1.016684843241E0)))REPRESENTATION_ITEM('')SURFACE());
#6880=ORIENTED_EDGE('',*,*,#6553,.T.);
#6881=ORIENTED_EDGE('',*,*,#6297,.F.);
#6882=ORIENTED_EDGE('',*,*,#6857,.T.);
#6883=ORIENTED_EDGE('',*,*,#6598,.F.);
#6884=EDGE_LOOP('',(#6880,#6881,#6882,#6883));
#6885=FACE_OUTER_BOUND('',#6884,.F.);
#6886=ADVANCED_FACE('',(#6885),#6879,.F.);
#6887=CARTESIAN_POINT('',(1.038584701402E2,3.553760837510E1,-2.941861927607E1));
#6888=DIRECTION('',(-3.749663563085E-1,7.066217501846E-1,-6.000716072293E-1));
#6889=DIRECTION('',(0.E0,6.472996096652E-1,7.622356691518E-1));
#6890=AXIS2_PLACEMENT_3D('',#6887,#6888,#6889);
#6891=CYLINDRICAL_SURFACE('',#6890,4.E0);
#6892=ORIENTED_EDGE('',*,*,#6474,.F.);
#6893=ORIENTED_EDGE('',*,*,#6455,.T.);
#6894=ORIENTED_EDGE('',*,*,#6453,.T.);
#6895=ORIENTED_EDGE('',*,*,#6423,.T.);
#6896=ORIENTED_EDGE('',*,*,#5175,.F.);
#6897=ORIENTED_EDGE('',*,*,#6176,.F.);
#6898=ORIENTED_EDGE('',*,*,#6174,.F.);
#6899=EDGE_LOOP('',(#6892,#6893,#6894,#6895,#6896,#6897,#6898));
#6900=FACE_OUTER_BOUND('',#6899,.F.);
#6901=ADVANCED_FACE('',(#6900),#6891,.F.);
#6902=CARTESIAN_POINT('',(7.1E1,6.295132068529E1,-5.35E1));
#6903=DIRECTION('',(0.E0,-1.E0,0.E0));
#6904=DIRECTION('',(0.E0,0.E0,-1.E0));
#6905=AXIS2_PLACEMENT_3D('',#6902,#6903,#6904);
#6906=CYLINDRICAL_SURFACE('',#6905,4.875E0);
#6908=ORIENTED_EDGE('',*,*,#6907,.F.);
#6910=ORIENTED_EDGE('',*,*,#6909,.T.);
#6911=ORIENTED_EDGE('',*,*,#5752,.F.);
#6913=ORIENTED_EDGE('',*,*,#6912,.F.);
#6914=EDGE_LOOP('',(#6908,#6910,#6911,#6913));
#6915=FACE_OUTER_BOUND('',#6914,.F.);
#6916=ADVANCED_FACE('',(#6915),#6906,.F.);
#6917=CARTESIAN_POINT('',(7.5875E1,2.995132068529E1,-5.35E1));
#6918=DIRECTION('',(0.E0,1.E0,0.E0));
#6919=DIRECTION('',(0.E0,0.E0,1.E0));
#6920=AXIS2_PLACEMENT_3D('',#6917,#6918,#6919);
#6921=PLANE('',#6920);
#6922=ORIENTED_EDGE('',*,*,#6907,.T.);
#6924=ORIENTED_EDGE('',*,*,#6923,.T.);
#6925=EDGE_LOOP('',(#6922,#6924));
#6926=FACE_OUTER_BOUND('',#6925,.F.);
#6928=ORIENTED_EDGE('',*,*,#6927,.F.);
#6930=ORIENTED_EDGE('',*,*,#6929,.F.);
#6931=EDGE_LOOP('',(#6928,#6930));
#6932=FACE_BOUND('',#6931,.F.);
#6933=ADVANCED_FACE('',(#6926,#6932),#6921,.T.);
#6934=CARTESIAN_POINT('',(7.1E1,6.295132068529E1,-5.35E1));
#6935=DIRECTION('',(0.E0,-1.E0,0.E0));
#6936=DIRECTION('',(0.E0,0.E0,-1.E0));
#6937=AXIS2_PLACEMENT_3D('',#6934,#6935,#6936);
#6938=CYLINDRICAL_SURFACE('',#6937,4.875E0);
#6939=ORIENTED_EDGE('',*,*,#6923,.F.);
#6940=ORIENTED_EDGE('',*,*,#6912,.T.);
#6941=ORIENTED_EDGE('',*,*,#5754,.F.);
#6942=ORIENTED_EDGE('',*,*,#6909,.F.);
#6943=EDGE_LOOP('',(#6939,#6940,#6941,#6942));
#6944=FACE_OUTER_BOUND('',#6943,.F.);
#6945=ADVANCED_FACE('',(#6944),#6938,.F.);
#6946=CARTESIAN_POINT('',(7.1E1,2.970132066154E1,-5.35E1));
#6947=DIRECTION('',(0.E0,1.E0,0.E0));
#6948=DIRECTION('',(0.E0,0.E0,-1.E0));
#6949=AXIS2_PLACEMENT_3D('',#6946,#6947,#6948);
#6950=CONICAL_SURFACE('',#6949,2.899999976250E0,4.5E1);
#6951=ORIENTED_EDGE('',*,*,#6927,.T.);
#6953=ORIENTED_EDGE('',*,*,#6952,.T.);
#6955=ORIENTED_EDGE('',*,*,#6954,.F.);
#6957=ORIENTED_EDGE('',*,*,#6956,.F.);
#6958=EDGE_LOOP('',(#6951,#6953,#6955,#6957));
#6959=FACE_OUTER_BOUND('',#6958,.F.);
#6960=ADVANCED_FACE('',(#6959),#6950,.F.);
#6961=CARTESIAN_POINT('',(7.1E1,2.970132066154E1,-5.35E1));
#6962=DIRECTION('',(0.E0,1.E0,0.E0));
#6963=DIRECTION('',(0.E0,0.E0,-1.E0));
#6964=AXIS2_PLACEMENT_3D('',#6961,#6962,#6963);
#6965=CONICAL_SURFACE('',#6964,2.899999976250E0,4.5E1);
#6966=ORIENTED_EDGE('',*,*,#6929,.T.);
#6967=ORIENTED_EDGE('',*,*,#6956,.T.);
#6969=ORIENTED_EDGE('',*,*,#6968,.F.);
#6970=ORIENTED_EDGE('',*,*,#6952,.F.);
#6971=EDGE_LOOP('',(#6966,#6967,#6969,#6970));
#6972=FACE_OUTER_BOUND('',#6971,.F.);
#6973=ADVANCED_FACE('',(#6972),#6965,.F.);
#6974=CARTESIAN_POINT('',(7.1E1,6.295132068529E1,-5.35E1));
#6975=DIRECTION('',(0.E0,-1.E0,0.E0));
#6976=DIRECTION('',(0.E0,0.E0,-1.E0));
#6977=AXIS2_PLACEMENT_3D('',#6974,#6975,#6976);
#6978=CYLINDRICAL_SURFACE('',#6977,2.65E0);
#6979=ORIENTED_EDGE('',*,*,#6968,.T.);
#6981=ORIENTED_EDGE('',*,*,#6980,.F.);
#6982=ORIENTED_EDGE('',*,*,#5224,.F.);
#6984=ORIENTED_EDGE('',*,*,#6983,.T.);
#6985=EDGE_LOOP('',(#6979,#6981,#6982,#6984));
#6986=FACE_OUTER_BOUND('',#6985,.F.);
#6987=ADVANCED_FACE('',(#6986),#6978,.F.);
#6988=CARTESIAN_POINT('',(7.1E1,6.295132068529E1,-5.35E1));
#6989=DIRECTION('',(0.E0,-1.E0,0.E0));
#6990=DIRECTION('',(0.E0,0.E0,-1.E0));
#6991=AXIS2_PLACEMENT_3D('',#6988,#6989,#6990);
#6992=CYLINDRICAL_SURFACE('',#6991,2.65E0);
#6993=ORIENTED_EDGE('',*,*,#6954,.T.);
#6994=ORIENTED_EDGE('',*,*,#6983,.F.);
#6995=ORIENTED_EDGE('',*,*,#5226,.F.);
#6996=ORIENTED_EDGE('',*,*,#6980,.T.);
#6997=EDGE_LOOP('',(#6993,#6994,#6995,#6996));
#6998=FACE_OUTER_BOUND('',#6997,.F.);
#6999=ADVANCED_FACE('',(#6998),#6992,.F.);
#7000=CARTESIAN_POINT('',(8.745396309039E1,6.295132068529E1,-2.736511961775E1));
#7001=DIRECTION('',(0.E0,-1.E0,0.E0));
#7002=DIRECTION('',(0.E0,0.E0,-1.E0));
#7003=AXIS2_PLACEMENT_3D('',#7000,#7001,#7002);
#7004=CYLINDRICAL_SURFACE('',#7003,4.875E0);
#7006=ORIENTED_EDGE('',*,*,#7005,.F.);
#7008=ORIENTED_EDGE('',*,*,#7007,.T.);
#7009=ORIENTED_EDGE('',*,*,#5732,.F.);
#7011=ORIENTED_EDGE('',*,*,#7010,.F.);
#7012=EDGE_LOOP('',(#7006,#7008,#7009,#7011));
#7013=FACE_OUTER_BOUND('',#7012,.F.);
#7014=ADVANCED_FACE('',(#7013),#7004,.F.);
#7015=CARTESIAN_POINT('',(9.232896309039E1,2.995132068529E1,-2.736511961775E1));
#7016=DIRECTION('',(0.E0,1.E0,0.E0));
#7017=DIRECTION('',(0.E0,0.E0,1.E0));
#7018=AXIS2_PLACEMENT_3D('',#7015,#7016,#7017);
#7019=PLANE('',#7018);
#7020=ORIENTED_EDGE('',*,*,#7005,.T.);
#7022=ORIENTED_EDGE('',*,*,#7021,.T.);
#7023=EDGE_LOOP('',(#7020,#7022));
#7024=FACE_OUTER_BOUND('',#7023,.F.);
#7026=ORIENTED_EDGE('',*,*,#7025,.F.);
#7028=ORIENTED_EDGE('',*,*,#7027,.F.);
#7029=EDGE_LOOP('',(#7026,#7028));
#7030=FACE_BOUND('',#7029,.F.);
#7031=ADVANCED_FACE('',(#7024,#7030),#7019,.T.);
#7032=CARTESIAN_POINT('',(8.745396309039E1,6.295132068529E1,-2.736511961775E1));
#7033=DIRECTION('',(0.E0,-1.E0,0.E0));
#7034=DIRECTION('',(0.E0,0.E0,-1.E0));
#7035=AXIS2_PLACEMENT_3D('',#7032,#7033,#7034);
#7036=CYLINDRICAL_SURFACE('',#7035,4.875E0);
#7037=ORIENTED_EDGE('',*,*,#7021,.F.);
#7038=ORIENTED_EDGE('',*,*,#7010,.T.);
#7039=ORIENTED_EDGE('',*,*,#5734,.F.);
#7040=ORIENTED_EDGE('',*,*,#7007,.F.);
#7041=EDGE_LOOP('',(#7037,#7038,#7039,#7040));
#7042=FACE_OUTER_BOUND('',#7041,.F.);
#7043=ADVANCED_FACE('',(#7042),#7036,.F.);
#7044=CARTESIAN_POINT('',(8.745396309039E1,2.970132066154E1,-2.736511961775E1));
#7045=DIRECTION('',(0.E0,1.E0,0.E0));
#7046=DIRECTION('',(0.E0,0.E0,-1.E0));
#7047=AXIS2_PLACEMENT_3D('',#7044,#7045,#7046);
#7048=CONICAL_SURFACE('',#7047,2.899999976250E0,4.5E1);
#7049=ORIENTED_EDGE('',*,*,#7025,.T.);
#7051=ORIENTED_EDGE('',*,*,#7050,.T.);
#7053=ORIENTED_EDGE('',*,*,#7052,.F.);
#7055=ORIENTED_EDGE('',*,*,#7054,.F.);
#7056=EDGE_LOOP('',(#7049,#7051,#7053,#7055));
#7057=FACE_OUTER_BOUND('',#7056,.F.);
#7058=ADVANCED_FACE('',(#7057),#7048,.F.);
#7059=CARTESIAN_POINT('',(8.745396309039E1,2.970132066154E1,-2.736511961775E1));
#7060=DIRECTION('',(0.E0,1.E0,0.E0));
#7061=DIRECTION('',(0.E0,0.E0,-1.E0));
#7062=AXIS2_PLACEMENT_3D('',#7059,#7060,#7061);
#7063=CONICAL_SURFACE('',#7062,2.899999976250E0,4.5E1);
#7064=ORIENTED_EDGE('',*,*,#7027,.T.);
#7065=ORIENTED_EDGE('',*,*,#7054,.T.);
#7067=ORIENTED_EDGE('',*,*,#7066,.F.);
#7068=ORIENTED_EDGE('',*,*,#7050,.F.);
#7069=EDGE_LOOP('',(#7064,#7065,#7067,#7068));
#7070=FACE_OUTER_BOUND('',#7069,.F.);
#7071=ADVANCED_FACE('',(#7070),#7063,.F.);
#7072=CARTESIAN_POINT('',(8.745396309039E1,6.295132068529E1,-2.736511961775E1));
#7073=DIRECTION('',(0.E0,-1.E0,0.E0));
#7074=DIRECTION('',(0.E0,0.E0,-1.E0));
#7075=AXIS2_PLACEMENT_3D('',#7072,#7073,#7074);
#7076=CYLINDRICAL_SURFACE('',#7075,2.65E0);
#7077=ORIENTED_EDGE('',*,*,#7066,.T.);
#7079=ORIENTED_EDGE('',*,*,#7078,.F.);
#7080=ORIENTED_EDGE('',*,*,#5230,.F.);
#7082=ORIENTED_EDGE('',*,*,#7081,.T.);
#7083=EDGE_LOOP('',(#7077,#7079,#7080,#7082));
#7084=FACE_OUTER_BOUND('',#7083,.F.);
#7085=ADVANCED_FACE('',(#7084),#7076,.F.);
#7086=CARTESIAN_POINT('',(8.745396309039E1,6.295132068529E1,-2.736511961775E1));
#7087=DIRECTION('',(0.E0,-1.E0,0.E0));
#7088=DIRECTION('',(0.E0,0.E0,-1.E0));
#7089=AXIS2_PLACEMENT_3D('',#7086,#7087,#7088);
#7090=CYLINDRICAL_SURFACE('',#7089,2.65E0);
#7091=ORIENTED_EDGE('',*,*,#7052,.T.);
#7092=ORIENTED_EDGE('',*,*,#7081,.F.);
#7093=ORIENTED_EDGE('',*,*,#5232,.F.);
#7094=ORIENTED_EDGE('',*,*,#7078,.T.);
#7095=EDGE_LOOP('',(#7091,#7092,#7093,#7094));
#7096=FACE_OUTER_BOUND('',#7095,.F.);
#7097=ADVANCED_FACE('',(#7096),#7090,.F.);
#7098=CARTESIAN_POINT('',(7.5E1,2.970132066154E1,-1.864476078128E1));
#7099=DIRECTION('',(0.E0,1.E0,0.E0));
#7100=DIRECTION('',(0.E0,0.E0,-1.E0));
#7101=AXIS2_PLACEMENT_3D('',#7098,#7099,#7100);
#7102=CONICAL_SURFACE('',#7101,2.899999976250E0,4.5E1);
#7103=ORIENTED_EDGE('',*,*,#5695,.T.);
#7105=ORIENTED_EDGE('',*,*,#7104,.T.);
#7107=ORIENTED_EDGE('',*,*,#7106,.F.);
#7109=ORIENTED_EDGE('',*,*,#7108,.F.);
#7110=EDGE_LOOP('',(#7103,#7105,#7107,#7109));
#7111=FACE_OUTER_BOUND('',#7110,.F.);
#7112=ADVANCED_FACE('',(#7111),#7102,.F.);
#7113=CARTESIAN_POINT('',(7.5E1,2.970132066154E1,-1.864476078128E1));
#7114=DIRECTION('',(0.E0,1.E0,0.E0));
#7115=DIRECTION('',(0.E0,0.E0,-1.E0));
#7116=AXIS2_PLACEMENT_3D('',#7113,#7114,#7115);
#7117=CONICAL_SURFACE('',#7116,2.899999976250E0,4.5E1);
#7118=ORIENTED_EDGE('',*,*,#5697,.T.);
#7119=ORIENTED_EDGE('',*,*,#7108,.T.);
#7121=ORIENTED_EDGE('',*,*,#7120,.F.);
#7122=ORIENTED_EDGE('',*,*,#7104,.F.);
#7123=EDGE_LOOP('',(#7118,#7119,#7121,#7122));
#7124=FACE_OUTER_BOUND('',#7123,.F.);
#7125=ADVANCED_FACE('',(#7124),#7117,.F.);
#7126=CARTESIAN_POINT('',(7.5E1,6.295132068529E1,-1.864476078128E1));
#7127=DIRECTION('',(0.E0,-1.E0,0.E0));
#7128=DIRECTION('',(0.E0,0.E0,-1.E0));
#7129=AXIS2_PLACEMENT_3D('',#7126,#7127,#7128);
#7130=CYLINDRICAL_SURFACE('',#7129,2.65E0);
#7131=ORIENTED_EDGE('',*,*,#7120,.T.);
#7133=ORIENTED_EDGE('',*,*,#7132,.F.);
#7134=ORIENTED_EDGE('',*,*,#5236,.F.);
#7136=ORIENTED_EDGE('',*,*,#7135,.T.);
#7137=EDGE_LOOP('',(#7131,#7133,#7134,#7136));
#7138=FACE_OUTER_BOUND('',#7137,.F.);
#7139=ADVANCED_FACE('',(#7138),#7130,.F.);
#7140=CARTESIAN_POINT('',(7.5E1,6.295132068529E1,-1.864476078128E1));
#7141=DIRECTION('',(0.E0,-1.E0,0.E0));
#7142=DIRECTION('',(0.E0,0.E0,-1.E0));
#7143=AXIS2_PLACEMENT_3D('',#7140,#7141,#7142);
#7144=CYLINDRICAL_SURFACE('',#7143,2.65E0);
#7145=ORIENTED_EDGE('',*,*,#7106,.T.);
#7146=ORIENTED_EDGE('',*,*,#7135,.F.);
#7147=ORIENTED_EDGE('',*,*,#5238,.F.);
#7148=ORIENTED_EDGE('',*,*,#7132,.T.);
#7149=EDGE_LOOP('',(#7145,#7146,#7147,#7148));
#7150=FACE_OUTER_BOUND('',#7149,.F.);
#7151=ADVANCED_FACE('',(#7150),#7144,.F.);
#7152=CARTESIAN_POINT('',(1.349095790484E3,2.85E1,-5.7E1));
#7153=DIRECTION('',(1.E0,0.E0,0.E0));
#7154=DIRECTION('',(0.E0,0.E0,-1.E0));
#7155=AXIS2_PLACEMENT_3D('',#7152,#7153,#7154);
#7156=CYLINDRICAL_SURFACE('',#7155,3.E0);
#7157=ORIENTED_EDGE('',*,*,#5185,.T.);
#7159=ORIENTED_EDGE('',*,*,#7158,.T.);
#7161=ORIENTED_EDGE('',*,*,#7160,.T.);
#7163=ORIENTED_EDGE('',*,*,#7162,.F.);
#7164=ORIENTED_EDGE('',*,*,#4177,.F.);
#7165=ORIENTED_EDGE('',*,*,#5220,.T.);
#7166=EDGE_LOOP('',(#7157,#7159,#7161,#7163,#7164,#7165));
#7167=FACE_OUTER_BOUND('',#7166,.F.);
#7168=ADVANCED_FACE('',(#7167),#7156,.T.);
#7169=CARTESIAN_POINT('',(7.836946181892E1,3.25E1,-5.7E1));
#7170=DIRECTION('',(0.E0,1.E0,0.E0));
#7171=DIRECTION('',(0.E0,0.E0,1.E0));
#7172=AXIS2_PLACEMENT_3D('',#7169,#7170,#7171);
#7173=CYLINDRICAL_SURFACE('',#7172,3.E0);
#7174=ORIENTED_EDGE('',*,*,#5183,.T.);
#7176=ORIENTED_EDGE('',*,*,#7175,.F.);
#7178=ORIENTED_EDGE('',*,*,#7177,.T.);
#7179=ORIENTED_EDGE('',*,*,#7158,.F.);
#7180=EDGE_LOOP('',(#7174,#7176,#7178,#7179));
#7181=FACE_OUTER_BOUND('',#7180,.F.);
#7182=ADVANCED_FACE('',(#7181),#7173,.T.);
#7183=CARTESIAN_POINT('',(7.826637979355E1,5.778193684406E1,-6.000085563685E1));
#7184=CARTESIAN_POINT('',(7.822484706163E1,5.970333123374E1,-5.991855392378E1));
#7185=CARTESIAN_POINT('',(7.814507846908E1,6.104192331834E1,-6.129850902466E1));
#7186=CARTESIAN_POINT('',(7.808054252470E1,6.089871314855E1,-6.321688682190E1));
#7187=CARTESIAN_POINT('',(7.881437080896E1,5.780821409862E1,-6.001986153114E1));
#7188=CARTESIAN_POINT('',(7.875509689621E1,5.970718897455E1,-5.994691986512E1));
#7189=CARTESIAN_POINT('',(7.892744010321E1,6.104031219501E1,-6.131578723967E1));
#7190=CARTESIAN_POINT('',(7.921804882519E1,6.092746871226E1,-6.322558950180E1));
#7191=CARTESIAN_POINT('',(7.989583172025E1,5.785870545264E1,-5.975307059856E1));
#7192=CARTESIAN_POINT('',(7.986174081523E1,5.970919547573E1,-5.970567862096E1));
#7193=CARTESIAN_POINT('',(8.053384473212E1,6.102993119130E1,-6.090671959561E1));
#7194=CARTESIAN_POINT('',(8.148705665851E1,6.098299831214E1,-6.259655066160E1));
#7195=CARTESIAN_POINT('',(8.069097084064E1,5.777998184837E1,-5.898041229644E1));
#7196=CARTESIAN_POINT('',(8.070283904347E1,5.963227330325E1,-5.885868268462E1));
#7197=CARTESIAN_POINT('',(8.176071658683E1,6.095227890261E1,-5.967020576651E1));
#7198=CARTESIAN_POINT('',(8.319257544948E1,6.089896215417E1,-6.089963003789E1));
#7199=CARTESIAN_POINT('',(8.096420010979E1,5.769931472206E1,-5.851087423396E1));
#7200=CARTESIAN_POINT('',(8.096512706202E1,5.957178927790E1,-5.835372807734E1));
#7201=CARTESIAN_POINT('',(8.216531553865E1,6.089582072520E1,-5.893628108812E1));
#7202=CARTESIAN_POINT('',(8.378830547831E1,6.081224746050E1,-5.988186889720E1));
#7203=(BOUNDED_SURFACE()B_SPLINE_SURFACE(3,3,((#7183,#7184,#7185,#7186),(#7187,
#7188,#7189,#7190),(#7191,#7192,#7193,#7194),(#7195,#7196,#7197,#7198),(#7199,
#7200,#7201,#7202)),.UNSPECIFIED.,.F.,.F.,.F.)B_SPLINE_SURFACE_WITH_KNOTS((4,1,
4),(4,4),(-2.086639592515E-4,3.024224480109E-3,6.251145228025E-3),(
-2.944211860880E-2,1.027193948345E0),.UNSPECIFIED.)GEOMETRIC_REPRESENTATION_ITEM()RATIONAL_B_SPLINE_SURFACE(((1.018526013654E0,7.905633892148E-1,
7.900793903266E-1,1.017074016989E0),(1.018206397010E0,7.941766558378E-1,
7.937010070516E-1,1.016779450650E0),(1.017485424566E0,8.023272503390E-1,
8.018704372217E-1,1.016114985214E0),(1.017561416070E0,8.014681662760E-1,
8.010093678528E-1,1.016185020801E0),(1.017890249324E0,7.977507058643E-1,
7.972833165520E-1,1.016488081388E0)))REPRESENTATION_ITEM('')SURFACE());
#7205=ORIENTED_EDGE('',*,*,#7204,.F.);
#7206=ORIENTED_EDGE('',*,*,#7175,.T.);
#7208=ORIENTED_EDGE('',*,*,#7207,.T.);
#7210=ORIENTED_EDGE('',*,*,#7209,.T.);
#7212=ORIENTED_EDGE('',*,*,#7211,.F.);
#7213=EDGE_LOOP('',(#7205,#7206,#7208,#7210,#7212));
#7214=FACE_OUTER_BOUND('',#7213,.F.);
#7215=ADVANCED_FACE('',(#7214),#7203,.F.);
#7216=CARTESIAN_POINT('',(7.840921553616E1,6.090669495992E1,-6.321482165379E1));
#7217=CARTESIAN_POINT('',(7.840616197624E1,6.104384129242E1,-6.130400611016E1));
#7218=CARTESIAN_POINT('',(7.843581963909E1,5.971179439523E1,-5.992729873279E1));
#7219=CARTESIAN_POINT('',(7.847843571098E1,5.779773389555E1,-6.000229929235E1));
#7220=CARTESIAN_POINT('',(7.564749695970E1,6.083940702026E1,-6.329550196380E1));
#7221=CARTESIAN_POINT('',(7.561622548816E1,6.103077763807E1,-6.134855704123E1));
#7222=CARTESIAN_POINT('',(7.567101919849E1,5.968938285220E1,-5.992481449642E1));
#7223=CARTESIAN_POINT('',(7.577427190604E1,5.773604741593E1,-6.000235702003E1));
#7224=CARTESIAN_POINT('',(7.289865101987E1,6.069248101656E1,-6.337568254107E1));
#7225=CARTESIAN_POINT('',(7.285969205828E1,6.093961069356E1,-6.139387949651E1));
#7226=CARTESIAN_POINT('',(7.293994968149E1,5.959064604267E1,-5.992228720337E1));
#7227=CARTESIAN_POINT('',(7.308267349235E1,5.759958624106E1,-6.000241439177E1));
#7228=CARTESIAN_POINT('',(7.016248528714E1,6.046590466813E1,-6.345544721725E1));
#7229=CARTESIAN_POINT('',(7.013831595801E1,6.077451060779E1,-6.144009043673E1));
#7230=CARTESIAN_POINT('',(7.024441640465E1,5.941976704898E1,-5.991971032803E1));
#7231=CARTESIAN_POINT('',(7.040351211268E1,5.738835363289E1,-6.000247146769E1));
#7232=(BOUNDED_SURFACE()B_SPLINE_SURFACE(3,3,((#7216,#7217,#7218,#7219),(#7220,
#7221,#7222,#7223),(#7224,#7225,#7226,#7227),(#7228,#7229,#7230,#7231)),
.UNSPECIFIED.,.F.,.F.,.F.)B_SPLINE_SURFACE_WITH_KNOTS((4,4),(4,4),(
-1.050188855336E-4,7.915429471337E-3),(-2.800897638706E-2,1.027488064363E0),
.UNSPECIFIED.)GEOMETRIC_REPRESENTATION_ITEM()RATIONAL_B_SPLINE_SURFACE(((
1.017518959927E0,7.914602516265E-1,7.913487414965E-1,1.017184429537E0),(
1.018066516392E0,7.849423254656E-1,7.848273300776E-1,1.017721530228E0),(
1.018622711852E0,7.783215636229E-1,7.782030279891E-1,1.018267104950E0),(
1.019189388666E0,7.715760353011E-1,7.714538927061E-1,1.018822960882E0)))REPRESENTATION_ITEM('')SURFACE());
#7234=ORIENTED_EDGE('',*,*,#7233,.T.);
#7236=ORIENTED_EDGE('',*,*,#7235,.T.);
#7238=ORIENTED_EDGE('',*,*,#7237,.F.);
#7239=ORIENTED_EDGE('',*,*,#7204,.T.);
#7240=ORIENTED_EDGE('',*,*,#7211,.T.);
#7242=ORIENTED_EDGE('',*,*,#7241,.F.);
#7243=EDGE_LOOP('',(#7234,#7236,#7238,#7239,#7240,#7242));
#7244=FACE_OUTER_BOUND('',#7243,.F.);
#7245=ADVANCED_FACE('',(#7244),#7232,.F.);
#7246=CARTESIAN_POINT('',(7.059044507285E1,5.796041603410E1,-6.003439083210E1));
#7247=CARTESIAN_POINT('',(6.902799120556E1,5.792284840300E1,-5.997176170861E1));
#7248=CARTESIAN_POINT('',(6.792892597614E1,5.772756792562E1,-6.106763722581E1));
#7249=CARTESIAN_POINT('',(6.800419050808E1,5.750081692861E1,-6.261365779752E1));
#7250=CARTESIAN_POINT('',(7.057220655474E1,5.821020767132E1,-6.007116125357E1));
#7251=CARTESIAN_POINT('',(6.901578261843E1,5.831208927200E1,-6.003616268670E1));
#7252=CARTESIAN_POINT('',(6.792410990566E1,5.811821905901E1,-6.112450937845E1));
#7253=CARTESIAN_POINT('',(6.799631325294E1,5.775263487951E1,-6.263970888427E1));
#7254=CARTESIAN_POINT('',(7.054526599613E1,5.865582612619E1,-6.019611889392E1));
#7255=CARTESIAN_POINT('',(6.908904917797E1,5.897056797618E1,-6.027759503444E1));
#7256=CARTESIAN_POINT('',(6.804766564144E1,5.878573105368E1,-6.131558232544E1));
#7257=CARTESIAN_POINT('',(6.804084674324E1,5.821114388030E1,-6.269277359390E1));
#7258=CARTESIAN_POINT('',(7.052845092659E1,5.923736797204E1,-6.051297191981E1));
#7259=CARTESIAN_POINT('',(6.934527336563E1,5.965129818104E1,-6.079775295071E1));
#7260=CARTESIAN_POINT('',(6.844378636442E1,5.949124353373E1,-6.169609790989E1));
#7261=CARTESIAN_POINT('',(6.825050069233E1,5.883278298901E1,-6.278319176972E1));
#7262=CARTESIAN_POINT('',(7.053420739491E1,5.969419161968E1,-6.090062545414E1));
#7263=CARTESIAN_POINT('',(6.961898392636E1,6.005237161532E1,-6.130169056590E1));
#7264=CARTESIAN_POINT('',(6.887267225609E1,5.991972659403E1,-6.204525251E1));
#7265=CARTESIAN_POINT('',(6.855175231088E1,5.934175328056E1,-6.287586313036E1));
#7266=CARTESIAN_POINT('',(7.056639954090E1,6.016549556307E1,-6.148658226950E1));
#7267=CARTESIAN_POINT('',(6.996111010689E1,6.036679452022E1,-6.191106324153E1));
#7268=CARTESIAN_POINT('',(6.942079580980E1,6.027055180776E1,-6.244922440934E1));
#7269=CARTESIAN_POINT('',(6.904550251143E1,5.989455965122E1,-6.300143492246E1));
#7270=CARTESIAN_POINT('',(7.064354284256E1,6.051513915414E1,-6.230141705205E1));
#7271=CARTESIAN_POINT('',(7.034708320843E1,6.053006127852E1,-6.258356116211E1));
#7272=CARTESIAN_POINT('',(7.005726356286E1,6.047823025049E1,-6.287210442364E1));
#7273=CARTESIAN_POINT('',(6.978561876176E1,6.036170761397E1,-6.315556303699E1));
#7274=CARTESIAN_POINT('',(7.073190216830E1,6.056273193922E1,-6.298309023957E1));
#7275=CARTESIAN_POINT('',(7.063721750113E1,6.054575260796E1,-6.307734028353E1));
#7276=CARTESIAN_POINT('',(7.054253277169E1,6.052877328194E1,-6.317159026594E1));
#7277=CARTESIAN_POINT('',(7.044784797999E1,6.051179396117E1,-6.326584018679E1));
#7278=CARTESIAN_POINT('',(7.077967116210E1,6.053120298529E1,-6.331466219067E1));
#7279=CARTESIAN_POINT('',(7.077967116210E1,6.053120298529E1,-6.331466219067E1));
#7280=CARTESIAN_POINT('',(7.077967116210E1,6.053120298529E1,-6.331466219067E1));
#7281=CARTESIAN_POINT('',(7.077967116210E1,6.053120298529E1,-6.331466219067E1));
#7282=(BOUNDED_SURFACE()B_SPLINE_SURFACE(3,3,((#7246,#7247,#7248,#7249),(#7250,
#7251,#7252,#7253),(#7254,#7255,#7256,#7257),(#7258,#7259,#7260,#7261),(#7262,
#7263,#7264,#7265),(#7266,#7267,#7268,#7269),(#7270,#7271,#7272,#7273),(#7274,
#7275,#7276,#7277),(#7278,#7279,#7280,#7281)),.UNSPECIFIED.,.F.,.F.,.F.)B_SPLINE_SURFACE_WITH_KNOTS((4,1,1,1,1,1,4),(4,4),(-1.453118800723E-5,1.141287876956E-4,
2.282575753912E-4,3.423863630868E-4,4.565151507825E-4,6.847727261737E-4,
9.130303015649E-4),(-3.406443739892E-2,1.033536528726E0),.UNSPECIFIED.)GEOMETRIC_REPRESENTATION_ITEM()RATIONAL_B_SPLINE_SURFACE(((1.020388114777E0,
8.003795410315E-1,8.002708046825E-1,1.020061905730E0),(1.020180944890E0,
8.024079457385E-1,8.023003142929E-1,1.019858050553E0),(1.018726999317E0,
8.166435573052E-1,8.165436802172E-1,1.018427368053E0),(1.014832942819E0,
8.547703460665E-1,8.546912372296E-1,1.014595616308E0),(1.010731925521E0,
8.949234923592E-1,8.948662555616E-1,1.010560215128E0),(1.005754531767E0,
9.436572589001E-1,9.436265681382E-1,1.005662459481E0),(1.001231505341E0,
9.879423054053E-1,9.879357373927E-1,1.001211801303E0),(1.000000000008E0,
9.999999999261E-1,9.999999999261E-1,1.000000000007E0),(1.E0,1.E0,1.E0,1.E0)))REPRESENTATION_ITEM('')SURFACE());
#7284=ORIENTED_EDGE('',*,*,#7283,.T.);
#7285=ORIENTED_EDGE('',*,*,#7233,.F.);
#7287=ORIENTED_EDGE('',*,*,#7286,.F.);
#7288=EDGE_LOOP('',(#7284,#7285,#7287));
#7289=FACE_OUTER_BOUND('',#7288,.F.);
#7290=ADVANCED_FACE('',(#7289),#7282,.F.);
#7291=CARTESIAN_POINT('',(6.800282983445E1,5.759863700399E1,-6.262747636945E1));
#7292=CARTESIAN_POINT('',(6.792879595541E1,5.792511753452E1,-6.110746990798E1));
#7293=CARTESIAN_POINT('',(6.901975486816E1,5.815827667282E1,-6.002194296316E1));
#7294=CARTESIAN_POINT('',(7.057575331963E1,5.814837077353E1,-6.006806212696E1));
#7295=CARTESIAN_POINT('',(6.800284738540E1,5.756756642491E1,-6.262119450401E1));
#7296=CARTESIAN_POINT('',(6.792820802933E1,5.776986442614E1,-6.106652170462E1));
#7297=CARTESIAN_POINT('',(6.902817672487E1,5.791366750259E1,-5.995957475090E1));
#7298=CARTESIAN_POINT('',(7.059173693184E1,5.790592813367E1,-6.001660054271E1));
#7299=CARTESIAN_POINT('',(6.800286517414E1,5.753616844800E1,-6.261878576947E1));
#7300=CARTESIAN_POINT('',(6.792760898311E1,5.761109290436E1,-6.104465750956E1));
#7301=CARTESIAN_POINT('',(6.903675791161E1,5.766402121682E1,-5.992742087521E1));
#7302=CARTESIAN_POINT('',(7.060793724254E1,5.766044691161E1,-5.999545204638E1));
#7303=CARTESIAN_POINT('',(6.800288320423E1,5.750444824110E1,-6.262026900188E1));
#7304=CARTESIAN_POINT('',(6.792699847676E1,5.744861858466E1,-6.104255905785E1));
#7305=CARTESIAN_POINT('',(6.904550330087E1,5.740912029594E1,-5.992636437558E1));
#7306=CARTESIAN_POINT('',(7.062435750890E1,5.741190111127E1,-6.000495027583E1));
#7307=(BOUNDED_SURFACE()B_SPLINE_SURFACE(3,3,((#7291,#7292,#7293,#7294),(#7295,
#7296,#7297,#7298),(#7299,#7300,#7301,#7302),(#7303,#7304,#7305,#7306)),
.UNSPECIFIED.,.F.,.F.,.F.)B_SPLINE_SURFACE_WITH_KNOTS((4,4),(4,4),(
1.512534607456E-3,1.635326263608E-3),(-3.426487368461E-2,1.033535994673E0),
.UNSPECIFIED.)GEOMETRIC_REPRESENTATION_ITEM()RATIONAL_B_SPLINE_SURFACE(((
1.020353449988E0,8.019232133551E-1,8.017742149623E-1,1.019906454809E0),(
1.020508858412E0,8.004108013846E-1,8.002606653171E-1,1.020058450210E0),(
1.020667154721E0,7.988702849532E-1,7.987189900702E-1,1.020213270072E0),(
1.020828458636E0,7.973004989446E-1,7.971480232286E-1,1.020371031487E0)))REPRESENTATION_ITEM('')SURFACE());
#7309=ORIENTED_EDGE('',*,*,#7308,.F.);
#7311=ORIENTED_EDGE('',*,*,#7310,.T.);
#7312=ORIENTED_EDGE('',*,*,#7235,.F.);
#7313=ORIENTED_EDGE('',*,*,#7283,.F.);
#7314=EDGE_LOOP('',(#7309,#7311,#7312,#7313));
#7315=FACE_OUTER_BOUND('',#7314,.F.);
#7316=ADVANCED_FACE('',(#7315),#7307,.F.);
#7317=CARTESIAN_POINT('',(6.8E1,6.495332068529E1,-6.2E1));
#7318=DIRECTION('',(-1.E0,0.E0,0.E0));
#7319=DIRECTION('',(0.E0,0.E0,1.E0));
#7320=AXIS2_PLACEMENT_3D('',#7317,#7318,#7319);
#7321=PLANE('',#7320);
#7323=ORIENTED_EDGE('',*,*,#7322,.F.);
#7325=ORIENTED_EDGE('',*,*,#7324,.F.);
#7327=ORIENTED_EDGE('',*,*,#7326,.F.);
#7328=ORIENTED_EDGE('',*,*,#7308,.T.);
#7330=ORIENTED_EDGE('',*,*,#7329,.T.);
#7331=EDGE_LOOP('',(#7323,#7325,#7327,#7328,#7330));
#7332=FACE_OUTER_BOUND('',#7331,.F.);
#7333=ADVANCED_FACE('',(#7332),#7321,.F.);
#7334=CARTESIAN_POINT('',(7.05E1,3.25E1,-6.55E1));
#7335=DIRECTION('',(0.E0,1.E0,0.E0));
#7336=DIRECTION('',(0.E0,0.E0,1.E0));
#7337=AXIS2_PLACEMENT_3D('',#7334,#7335,#7336);
#7338=CYLINDRICAL_SURFACE('',#7337,2.5E0);
#7339=ORIENTED_EDGE('',*,*,#4100,.T.);
#7341=ORIENTED_EDGE('',*,*,#7340,.T.);
#7343=ORIENTED_EDGE('',*,*,#7342,.F.);
#7344=ORIENTED_EDGE('',*,*,#7322,.T.);
#7346=ORIENTED_EDGE('',*,*,#7345,.F.);
#7347=EDGE_LOOP('',(#7339,#7341,#7343,#7344,#7346));
#7348=FACE_OUTER_BOUND('',#7347,.F.);
#7349=ADVANCED_FACE('',(#7348),#7338,.F.);
#7350=CARTESIAN_POINT('',(6.587349956467E1,3.450066587445E1,-6.587652616555E1));
#7351=CARTESIAN_POINT('',(6.717152916868E1,3.441014550244E1,-6.581387415026E1));
#7352=CARTESIAN_POINT('',(6.808977245908E1,3.532824093310E1,-6.570502256315E1));
#7353=CARTESIAN_POINT('',(6.799859693518E1,3.662516610051E1,-6.562462686830E1));
#7354=CARTESIAN_POINT('',(6.589697107377E1,3.451449611165E1,-6.610186957780E1));
#7355=CARTESIAN_POINT('',(6.719030648144E1,3.442085229184E1,-6.590451378230E1));
#7356=CARTESIAN_POINT('',(6.810407819019E1,3.534540429470E1,-6.580652308817E1));
#7357=CARTESIAN_POINT('',(6.801115596331E1,3.665336552954E1,-6.587513866098E1));
#7358=CARTESIAN_POINT('',(6.605097613034E1,3.447036778376E1,-6.648853391307E1));
#7359=CARTESIAN_POINT('',(6.723776703387E1,3.446162250334E1,-6.606845390972E1));
#7360=CARTESIAN_POINT('',(6.810708769917E1,3.535449712321E1,-6.599047258277E1));
#7361=CARTESIAN_POINT('',(6.810032734238E1,3.657503421234E1,-6.630464544550E1));
#7362=CARTESIAN_POINT('',(6.650755853900E1,3.427545090146E1,-6.696539205566E1));
#7363=CARTESIAN_POINT('',(6.744299666369E1,3.445468942355E1,-6.645990573204E1));
#7364=CARTESIAN_POINT('',(6.818731439379E1,3.522911552982E1,-6.640798309453E1));
#7365=CARTESIAN_POINT('',(6.836111512199E1,3.620387726078E1,-6.683603026353E1));
#7366=CARTESIAN_POINT('',(6.705285274486E1,3.403113474715E1,-6.731285458687E1));
#7367=CARTESIAN_POINT('',(6.776616705677E1,3.432941958380E1,-6.687248212626E1));
#7368=CARTESIAN_POINT('',(6.837985463369E1,3.497280670145E1,-6.683903597177E1));
#7369=CARTESIAN_POINT('',(6.866573320013E1,3.572202613222E1,-6.722491214706E1));
#7370=CARTESIAN_POINT('',(6.788323318440E1,3.365738376210E1,-6.766639703392E1));
#7371=CARTESIAN_POINT('',(6.833671586398E1,3.401484815322E1,-6.738367412987E1));
#7372=CARTESIAN_POINT('',(6.877848440328E1,3.448132390851E1,-6.736792941802E1));
#7373=CARTESIAN_POINT('',(6.911986062091E1,3.496316673158E1,-6.762230907638E1));
#7374=CARTESIAN_POINT('',(6.903481543880E1,3.314411963515E1,-6.793214690896E1));
#7375=CARTESIAN_POINT('',(6.924956267875E1,3.340426455366E1,-6.786547985161E1));
#7376=CARTESIAN_POINT('',(6.948587090762E1,3.365489424651E1,-6.786237004744E1));
#7377=CARTESIAN_POINT('',(6.973348134106E1,3.388512857202E1,-6.792295175937E1));
#7378=CARTESIAN_POINT('',(7.001470260369E1,3.271334982057E1,-6.8E1));
#7379=CARTESIAN_POINT('',(7.009183850169E1,3.279516479803E1,-6.8E1));
#7380=CARTESIAN_POINT('',(7.016897440382E1,3.287697977176E1,-6.8E1));
#7381=CARTESIAN_POINT('',(7.024611031007E1,3.295879474175E1,-6.8E1));
#7382=CARTESIAN_POINT('',(7.05E1,3.25E1,-6.8E1));
#7383=CARTESIAN_POINT('',(7.05E1,3.25E1,-6.8E1));
#7384=CARTESIAN_POINT('',(7.05E1,3.25E1,-6.8E1));
#7385=CARTESIAN_POINT('',(7.05E1,3.25E1,-6.8E1));
#7386=(BOUNDED_SURFACE()B_SPLINE_SURFACE(3,3,((#7350,#7351,#7352,#7353),(#7354,
#7355,#7356,#7357),(#7358,#7359,#7360,#7361),(#7362,#7363,#7364,#7365),(#7366,
#7367,#7368,#7369),(#7370,#7371,#7372,#7373),(#7374,#7375,#7376,#7377),(#7378,
#7379,#7380,#7381),(#7382,#7383,#7384,#7385)),.UNSPECIFIED.,.F.,.F.,.F.)B_SPLINE_SURFACE_WITH_KNOTS((4,1,1,1,1,1,4),(4,4),(-2.549830567715E-4,9.797145718235E-4,
1.959429143647E-3,2.939143715470E-3,3.918858287294E-3,5.878287430941E-3,
7.837716574588E-3),(-4.765716793526E-2,1.047950553761E0),.UNSPECIFIED.)GEOMETRIC_REPRESENTATION_ITEM()RATIONAL_B_SPLINE_SURFACE(((1.029367358166E0,
7.940846218312E-1,7.941476435753E-1,1.029556423399E0),(1.029394583020E0,
7.938937290716E-1,7.939568092397E-1,1.029583823524E0),(1.027469627613E0,
8.073909567843E-1,8.074499060379E-1,1.027646475374E0),(1.021665576012E0,
8.480872793389E-1,8.481337732175E-1,1.021805057648E0),(1.015711010229E0,
8.898389635762E-1,8.898726790797E-1,1.015812156739E0),(1.008420293904E0,
9.409593469820E-1,9.409774167588E-1,1.008474503235E0),(1.001808979575E0,
9.873159611026E-1,9.873198431354E-1,1.001820625673E0),(1.E0,9.999999999994E-1,
9.999999999994E-1,1.E0),(1.E0,1.E0,1.E0,1.E0)))REPRESENTATION_ITEM('')SURFACE(
));
#7388=ORIENTED_EDGE('',*,*,#7387,.T.);
#7390=ORIENTED_EDGE('',*,*,#7389,.T.);
#7391=ORIENTED_EDGE('',*,*,#7340,.F.);
#7392=EDGE_LOOP('',(#7388,#7390,#7391));
#7393=FACE_OUTER_BOUND('',#7392,.F.);
#7394=ADVANCED_FACE('',(#7393),#7386,.T.);
#7395=CARTESIAN_POINT('',(1.349095790484E3,3.25E1,-6.6E1));
#7396=DIRECTION('',(1.E0,0.E0,0.E0));
#7397=DIRECTION('',(0.E0,0.E0,-1.E0));
#7398=AXIS2_PLACEMENT_3D('',#7395,#7396,#7397);
#7399=CYLINDRICAL_SURFACE('',#7398,2.E0);
#7400=ORIENTED_EDGE('',*,*,#4098,.T.);
#7402=ORIENTED_EDGE('',*,*,#7401,.F.);
#7404=ORIENTED_EDGE('',*,*,#7403,.T.);
#7405=ORIENTED_EDGE('',*,*,#7387,.F.);
#7406=EDGE_LOOP('',(#7400,#7402,#7404,#7405));
#7407=FACE_OUTER_BOUND('',#7406,.F.);
#7408=ADVANCED_FACE('',(#7407),#7399,.F.);
#7409=CARTESIAN_POINT('',(6.6E1,3.25E1,-6.6E1));
#7410=DIRECTION('',(1.E0,0.E0,0.E0));
#7411=DIRECTION('',(0.E0,0.E0,-1.E0));
#7412=AXIS2_PLACEMENT_3D('',#7409,#7410,#7411);
#7413=TOROIDAL_SURFACE('',#7412,4.E0,2.E0);
#7414=ORIENTED_EDGE('',*,*,#4119,.T.);
#7415=ORIENTED_EDGE('',*,*,#4185,.F.);
#7417=ORIENTED_EDGE('',*,*,#7416,.T.);
#7418=ORIENTED_EDGE('',*,*,#7401,.T.);
#7419=EDGE_LOOP('',(#7414,#7415,#7417,#7418));
#7420=FACE_OUTER_BOUND('',#7419,.F.);
#7421=ADVANCED_FACE('',(#7420),#7413,.T.);
#7422=CARTESIAN_POINT('',(6.6E1,3.65E1,-6.4E1));
#7423=DIRECTION('',(0.E0,0.E0,1.E0));
#7424=DIRECTION('',(1.E0,0.E0,0.E0));
#7425=AXIS2_PLACEMENT_3D('',#7422,#7423,#7424);
#7426=CYLINDRICAL_SURFACE('',#7425,2.E0);
#7427=ORIENTED_EDGE('',*,*,#7416,.F.);
#7428=ORIENTED_EDGE('',*,*,#4183,.T.);
#7430=ORIENTED_EDGE('',*,*,#7429,.F.);
#7432=ORIENTED_EDGE('',*,*,#7431,.T.);
#7434=ORIENTED_EDGE('',*,*,#7433,.F.);
#7435=ORIENTED_EDGE('',*,*,#7324,.T.);
#7437=ORIENTED_EDGE('',*,*,#7436,.F.);
#7439=ORIENTED_EDGE('',*,*,#7438,.T.);
#7440=EDGE_LOOP('',(#7427,#7428,#7430,#7432,#7434,#7435,#7437,#7439));
#7441=FACE_OUTER_BOUND('',#7440,.F.);
#7442=ADVANCED_FACE('',(#7441),#7426,.T.);
#7443=CARTESIAN_POINT('',(6.6E1,3.25E1,-6.2E1));
#7444=DIRECTION('',(1.E0,0.E0,0.E0));
#7445=DIRECTION('',(0.E0,0.E0,-1.E0));
#7446=AXIS2_PLACEMENT_3D('',#7443,#7444,#7445);
#7447=TOROIDAL_SURFACE('',#7446,4.E0,2.E0);
#7449=ORIENTED_EDGE('',*,*,#7448,.T.);
#7451=ORIENTED_EDGE('',*,*,#7450,.T.);
#7452=ORIENTED_EDGE('',*,*,#7429,.T.);
#7453=ORIENTED_EDGE('',*,*,#4181,.F.);
#7454=EDGE_LOOP('',(#7449,#7451,#7452,#7453));
#7455=FACE_OUTER_BOUND('',#7454,.F.);
#7456=ADVANCED_FACE('',(#7455),#7447,.T.);
#7457=CARTESIAN_POINT('',(6.6E1,0.E0,-5.8E1));
#7458=DIRECTION('',(0.E0,-1.E0,0.E0));
#7459=DIRECTION('',(0.E0,0.E0,-1.E0));
#7460=AXIS2_PLACEMENT_3D('',#7457,#7458,#7459);
#7461=CYLINDRICAL_SURFACE('',#7460,2.E0);
#7463=ORIENTED_EDGE('',*,*,#7462,.T.);
#7464=ORIENTED_EDGE('',*,*,#7448,.F.);
#7465=ORIENTED_EDGE('',*,*,#4179,.T.);
#7466=ORIENTED_EDGE('',*,*,#7162,.T.);
#7467=EDGE_LOOP('',(#7463,#7464,#7465,#7466));
#7468=FACE_OUTER_BOUND('',#7467,.F.);
#7469=ADVANCED_FACE('',(#7468),#7461,.T.);
#7470=CARTESIAN_POINT('',(1.349095790484E3,3.25E1,-6.E1));
#7471=DIRECTION('',(0.E0,0.E0,1.E0));
#7472=DIRECTION('',(1.E0,0.E0,0.E0));
#7473=AXIS2_PLACEMENT_3D('',#7470,#7471,#7472);
#7474=PLANE('',#7473);
#7475=ORIENTED_EDGE('',*,*,#7177,.F.);
#7476=ORIENTED_EDGE('',*,*,#7237,.T.);
#7478=ORIENTED_EDGE('',*,*,#7477,.F.);
#7480=ORIENTED_EDGE('',*,*,#7479,.F.);
#7481=ORIENTED_EDGE('',*,*,#7462,.F.);
#7482=ORIENTED_EDGE('',*,*,#7160,.F.);
#7483=EDGE_LOOP('',(#7475,#7476,#7478,#7480,#7481,#7482));
#7484=FACE_OUTER_BOUND('',#7483,.F.);
#7485=ADVANCED_FACE('',(#7484),#7474,.F.);
#7486=CARTESIAN_POINT('',(7.05E1,6.495332068529E1,-6.25E1));
#7487=DIRECTION('',(0.E0,1.E0,0.E0));
#7488=DIRECTION('',(0.E0,0.E0,1.E0));
#7489=AXIS2_PLACEMENT_3D('',#7486,#7487,#7488);
#7490=CYLINDRICAL_SURFACE('',#7489,2.5E0);
#7491=ORIENTED_EDGE('',*,*,#7326,.T.);
#7493=ORIENTED_EDGE('',*,*,#7492,.F.);
#7495=ORIENTED_EDGE('',*,*,#7494,.T.);
#7496=ORIENTED_EDGE('',*,*,#7477,.T.);
#7497=ORIENTED_EDGE('',*,*,#7310,.F.);
#7498=EDGE_LOOP('',(#7491,#7493,#7495,#7496,#7497));
#7499=FACE_OUTER_BOUND('',#7498,.F.);
#7500=ADVANCED_FACE('',(#7499),#7490,.F.);
#7501=CARTESIAN_POINT('',(7.05E1,3.65E1,-6.25E1));
#7502=DIRECTION('',(0.E0,1.E0,0.E0));
#7503=DIRECTION('',(0.E0,0.E0,1.E0));
#7504=AXIS2_PLACEMENT_3D('',#7501,#7502,#7503);
#7505=TOROIDAL_SURFACE('',#7504,4.5E0,2.E0);
#7507=ORIENTED_EDGE('',*,*,#7506,.F.);
#7508=ORIENTED_EDGE('',*,*,#7492,.T.);
#7509=ORIENTED_EDGE('',*,*,#7433,.T.);
#7511=ORIENTED_EDGE('',*,*,#7510,.F.);
#7512=EDGE_LOOP('',(#7507,#7508,#7509,#7511));
#7513=FACE_OUTER_BOUND('',#7512,.F.);
#7514=ADVANCED_FACE('',(#7513),#7505,.T.);
#7515=CARTESIAN_POINT('',(6.799842645489E1,3.662757032382E1,-6.237552210423E1));
#7516=CARTESIAN_POINT('',(6.809114677008E1,3.533106326804E1,-6.229523551429E1));
#7517=CARTESIAN_POINT('',(6.717435163563E1,3.441152845408E1,-6.218636588584E1));
#7518=CARTESIAN_POINT('',(6.587591267689E1,3.450049905773E1,-6.212359041631E1));
#7519=CARTESIAN_POINT('',(6.801098229519E1,3.665578956801E1,-6.212473396497E1));
#7520=CARTESIAN_POINT('',(6.810544349726E1,3.534824884041E1,-6.219356211868E1));
#7521=CARTESIAN_POINT('',(6.719311724871E1,3.442224236587E1,-6.209584846192E1));
#7522=CARTESIAN_POINT('',(6.589937481524E1,3.451432354873E1,-6.189849716583E1));
#7523=CARTESIAN_POINT('',(6.810031325196E1,3.657733904361E1,-6.169476081696E1));
#7524=CARTESIAN_POINT('',(6.810847195889E1,3.535717615876E1,-6.200933041765E1));
#7525=CARTESIAN_POINT('',(6.724037294204E1,3.446304977952E1,-6.193209897782E1));
#7526=CARTESIAN_POINT('',(6.605322352302E1,3.447035259227E1,-6.151226123547E1));
#7527=CARTESIAN_POINT('',(6.836146088038E1,3.620582188185E1,-6.116311516838E1));
#7528=CARTESIAN_POINT('',(6.818867414651E1,3.523130011646E1,-6.159168495029E1));
#7529=CARTESIAN_POINT('',(6.744509481327E1,3.445610762794E1,-6.154066466247E1));
#7530=CARTESIAN_POINT('',(6.650942970796E1,3.427581044971E1,-6.103561851236E1));
#7531=CARTESIAN_POINT('',(6.866633453105E1,3.572360370487E1,-6.077427472824E1));
#7532=CARTESIAN_POINT('',(6.838109952638E1,3.497452484265E1,-6.116066302062E1));
#7533=CARTESIAN_POINT('',(6.776780500230E1,3.433072653446E1,-6.112797355149E1));
#7534=CARTESIAN_POINT('',(6.705435852931E1,3.403176507295E1,-6.068807444013E1));
#7535=CARTESIAN_POINT('',(6.912062607911E1,3.496424743635E1,-6.037711991540E1));
#7536=CARTESIAN_POINT('',(6.877948601609E1,3.448248624447E1,-6.063187633995E1));
#7537=CARTESIAN_POINT('',(6.833781482705E1,3.401590458183E1,-6.061659342281E1));
#7538=CARTESIAN_POINT('',(6.788425273940E1,3.365818765482E1,-6.033423813684E1));
#7539=CARTESIAN_POINT('',(6.973406799746E1,3.388567400102E1,-6.007690459042E1));
#7540=CARTESIAN_POINT('',(6.948645142372E1,3.365548349524E1,-6.013758544839E1));
#7541=CARTESIAN_POINT('',(6.925011686827E1,3.340487859781E1,-6.013457922724E1));
#7542=CARTESIAN_POINT('',(6.903532536661E1,3.314473729402E1,-6.006801126128E1));
#7543=CARTESIAN_POINT('',(7.024629574981E1,3.295899143026E1,-6.E1));
#7544=CARTESIAN_POINT('',(7.016915997370E1,3.287717659833E1,-6.E1));
#7545=CARTESIAN_POINT('',(7.009202420173E1,3.279536176266E1,-6.E1));
#7546=CARTESIAN_POINT('',(7.001488843387E1,3.271354692326E1,-6.E1));
#7547=CARTESIAN_POINT('',(7.05E1,3.25E1,-6.E1));
#7548=CARTESIAN_POINT('',(7.05E1,3.25E1,-6.E1));
#7549=CARTESIAN_POINT('',(7.05E1,3.25E1,-6.E1));
#7550=CARTESIAN_POINT('',(7.05E1,3.25E1,-6.E1));
#7551=(BOUNDED_SURFACE()B_SPLINE_SURFACE(3,3,((#7515,#7516,#7517,#7518),(#7519,
#7520,#7521,#7522),(#7523,#7524,#7525,#7526),(#7527,#7528,#7529,#7530),(#7531,
#7532,#7533,#7534),(#7535,#7536,#7537,#7538),(#7539,#7540,#7541,#7542),(#7543,
#7544,#7545,#7546),(#7547,#7548,#7549,#7550)),.UNSPECIFIED.,.F.,.F.,.F.)B_SPLINE_SURFACE_WITH_KNOTS((4,1,1,1,1,1,4),(4,4),(-2.549830781786E-4,9.797145718235E-4,
1.959429143647E-3,2.939143715470E-3,3.918858287294E-3,5.878287430941E-3,
7.837716574588E-3),(-4.882852450055E-2,1.046777348494E0),.UNSPECIFIED.)GEOMETRIC_REPRESENTATION_ITEM()RATIONAL_B_SPLINE_SURFACE(((1.030122814810E0,
7.943372418518E-1,7.938966327286E-1,1.028800987441E0),(1.030150740046E0,
7.941465830119E-1,7.937055654238E-1,1.028827687281E0),(1.028176266385E0,
8.076272521154E-1,8.072151153312E-1,1.026939856033E0),(1.022222909201E0,
8.482736480961E-1,8.479485916032E-1,1.021247739722E0),(1.016115165993E0,
8.899741107539E-1,8.897383927706E-1,1.015408012043E0),(1.008636900619E0,
9.410317789224E-1,9.409054461997E-1,1.008257902451E0),(1.001855514426E0,
9.873315220679E-1,9.873043812914E-1,1.001774092097E0),(1.E0,9.999999999994E-1,
9.999999999994E-1,1.E0),(1.E0,1.E0,1.E0,1.E0)))REPRESENTATION_ITEM('')SURFACE(
));
#7552=ORIENTED_EDGE('',*,*,#7494,.F.);
#7553=ORIENTED_EDGE('',*,*,#7506,.T.);
#7555=ORIENTED_EDGE('',*,*,#7554,.F.);
#7556=EDGE_LOOP('',(#7552,#7553,#7555));
#7557=FACE_OUTER_BOUND('',#7556,.F.);
#7558=ADVANCED_FACE('',(#7557),#7551,.T.);
#7559=CARTESIAN_POINT('',(1.349095790484E3,3.25E1,-6.2E1));
#7560=DIRECTION('',(1.E0,0.E0,0.E0));
#7561=DIRECTION('',(0.E0,0.E0,-1.E0));
#7562=AXIS2_PLACEMENT_3D('',#7559,#7560,#7561);
#7563=CYLINDRICAL_SURFACE('',#7562,2.E0);
#7565=ORIENTED_EDGE('',*,*,#7564,.T.);
#7566=ORIENTED_EDGE('',*,*,#7450,.F.);
#7567=ORIENTED_EDGE('',*,*,#7479,.T.);
#7568=ORIENTED_EDGE('',*,*,#7554,.T.);
#7569=EDGE_LOOP('',(#7565,#7566,#7567,#7568));
#7570=FACE_OUTER_BOUND('',#7569,.F.);
#7571=ADVANCED_FACE('',(#7570),#7563,.F.);
#7572=CARTESIAN_POINT('',(1.349095790484E3,3.45E1,-6.2E1));
#7573=DIRECTION('',(0.E0,1.E0,0.E0));
#7574=DIRECTION('',(0.E0,0.E0,1.E0));
#7575=AXIS2_PLACEMENT_3D('',#7572,#7573,#7574);
#7576=PLANE('',#7575);
#7577=ORIENTED_EDGE('',*,*,#7431,.F.);
#7578=ORIENTED_EDGE('',*,*,#7564,.F.);
#7579=ORIENTED_EDGE('',*,*,#7510,.T.);
#7580=EDGE_LOOP('',(#7577,#7578,#7579));
#7581=FACE_OUTER_BOUND('',#7580,.F.);
#7582=ADVANCED_FACE('',(#7581),#7576,.F.);
#7583=CARTESIAN_POINT('',(7.05E1,3.65E1,-6.55E1));
#7584=DIRECTION('',(0.E0,1.E0,0.E0));
#7585=DIRECTION('',(0.E0,0.E0,1.E0));
#7586=AXIS2_PLACEMENT_3D('',#7583,#7584,#7585);
#7587=TOROIDAL_SURFACE('',#7586,4.5E0,2.E0);
#7588=ORIENTED_EDGE('',*,*,#7436,.T.);
#7589=ORIENTED_EDGE('',*,*,#7342,.T.);
#7590=ORIENTED_EDGE('',*,*,#7389,.F.);
#7592=ORIENTED_EDGE('',*,*,#7591,.F.);
#7593=EDGE_LOOP('',(#7588,#7589,#7590,#7592));
#7594=FACE_OUTER_BOUND('',#7593,.F.);
#7595=ADVANCED_FACE('',(#7594),#7587,.T.);
#7596=CARTESIAN_POINT('',(1.349095790484E3,3.45E1,-6.2E1));
#7597=DIRECTION('',(0.E0,1.E0,0.E0));
#7598=DIRECTION('',(0.E0,0.E0,1.E0));
#7599=AXIS2_PLACEMENT_3D('',#7596,#7597,#7598);
#7600=PLANE('',#7599);
#7601=ORIENTED_EDGE('',*,*,#7403,.F.);
#7602=ORIENTED_EDGE('',*,*,#7438,.F.);
#7603=ORIENTED_EDGE('',*,*,#7591,.T.);
#7604=EDGE_LOOP('',(#7601,#7602,#7603));
#7605=FACE_OUTER_BOUND('',#7604,.F.);
#7606=ADVANCED_FACE('',(#7605),#7600,.F.);
#7607=CARTESIAN_POINT('',(6.800288166132E1,5.724392217533E1,-6.538002153260E1));
#7608=CARTESIAN_POINT('',(6.792720262359E1,5.724385936755E1,-6.695513462874E1));
#7609=CARTESIAN_POINT('',(6.904155723950E1,5.724478419754E1,-6.807111532493E1));
#7610=CARTESIAN_POINT('',(7.061706813790E1,5.724609175224E1,-6.799725751231E1));
#7611=CARTESIAN_POINT('',(6.800259503092E1,5.728718404821E1,-6.538524025462E1));
#7612=CARTESIAN_POINT('',(6.793032931196E1,5.728818292573E1,-6.695791843139E1));
#7613=CARTESIAN_POINT('',(6.904400488032E1,5.727308664030E1,-6.807092581130E1));
#7614=CARTESIAN_POINT('',(7.061694685287E1,5.725174553059E1,-6.799726297811E1));
#7615=CARTESIAN_POINT('',(6.800325806120E1,5.733043551786E1,-6.539045576358E1));
#7616=CARTESIAN_POINT('',(6.793441151460E1,5.733237834130E1,-6.696069567640E1));
#7617=CARTESIAN_POINT('',(6.904705817969E1,5.730128779636E1,-6.807073674438E1));
#7618=CARTESIAN_POINT('',(7.061694741173E1,5.725740151834E1,-6.799726844054E1));
#7619=CARTESIAN_POINT('',(6.800487122863E1,5.737367648185E1,-6.539566806002E1));
#7620=CARTESIAN_POINT('',(6.793944423689E1,5.737644707009E1,-6.696346640412E1));
#7621=CARTESIAN_POINT('',(6.905071274591E1,5.732938900638E1,-6.807054812142E1));
#7622=CARTESIAN_POINT('',(7.061707010331E1,5.726305963266E1,-6.799727389959E1));
#7623=(BOUNDED_SURFACE()B_SPLINE_SURFACE(3,3,((#7607,#7608,#7609,#7610),(#7611,
#7612,#7613,#7614),(#7615,#7616,#7617,#7618),(#7619,#7620,#7621,#7622)),
.UNSPECIFIED.,.F.,.F.,.F.)B_SPLINE_SURFACE_WITH_KNOTS((4,4),(4,4),(
-4.232291290646E-7,2.158468559760E-5),(-3.420864992416E-2,1.033452688751E0),
.UNSPECIFIED.)GEOMETRIC_REPRESENTATION_ITEM()RATIONAL_B_SPLINE_SURFACE(((
1.020727416375E0,7.979586783359E-1,7.978010577913E-1,1.020254554741E0),(
1.020676327182E0,7.984566722912E-1,7.982994402518E-1,1.020204631064E0),(
1.020625354761E0,7.989535280106E-1,7.987966835883E-1,1.020154821493E0),(
1.020574498003E0,7.994492563024E-1,7.992927986176E-1,1.020105124948E0)))REPRESENTATION_ITEM('')SURFACE());
#7624=ORIENTED_EDGE('',*,*,#4102,.F.);
#7625=ORIENTED_EDGE('',*,*,#7345,.T.);
#7627=ORIENTED_EDGE('',*,*,#7626,.F.);
#7629=ORIENTED_EDGE('',*,*,#7628,.F.);
#7630=EDGE_LOOP('',(#7624,#7625,#7627,#7629));
#7631=FACE_OUTER_BOUND('',#7630,.F.);
#7632=ADVANCED_FACE('',(#7631),#7623,.F.);
#7633=CARTESIAN_POINT('',(6.800229868531E1,5.711517326991E1,-6.558854548018E1));
#7634=CARTESIAN_POINT('',(6.793468676373E1,5.882382548684E1,-6.583372737940E1));
#7635=CARTESIAN_POINT('',(6.909372737377E1,6.009190197775E1,-6.601568916190E1));
#7636=CARTESIAN_POINT('',(7.081821840465E1,6.019552650245E1,-6.603055869386E1));
#7637=CARTESIAN_POINT('',(6.800232491295E1,5.726746296546E1,-6.452253021357E1));
#7638=CARTESIAN_POINT('',(6.793373227720E1,5.899536461647E1,-6.474020889502E1));
#7639=CARTESIAN_POINT('',(6.910971310033E1,6.027133079581E1,-6.490339697228E1));
#7640=CARTESIAN_POINT('',(7.085038397181E1,6.035718873536E1,-6.491768766281E1));
#7641=CARTESIAN_POINT('',(6.800235109378E1,5.739477764531E1,-6.345640972087E1));
#7642=CARTESIAN_POINT('',(6.793277188897E1,5.914076270994E1,-6.364945729770E1));
#7643=CARTESIAN_POINT('',(6.912579773928E1,6.042400577937E1,-6.379378822935E1));
#7644=CARTESIAN_POINT('',(7.088249244593E1,6.049222159871E1,-6.380479121153E1));
#7645=CARTESIAN_POINT('',(6.800237723025E1,5.749773474372E1,-6.239046012221E1));
#7646=CARTESIAN_POINT('',(6.793180534370E1,5.926109630327E1,-6.256186724404E1));
#7647=CARTESIAN_POINT('',(6.914198556864E1,6.055102139725E1,-6.268725409231E1));
#7648=CARTESIAN_POINT('',(7.091454682619E1,6.060129526499E1,-6.269214095158E1));
#7649=(BOUNDED_SURFACE()B_SPLINE_SURFACE(3,3,((#7633,#7634,#7635,#7636),(#7637,
#7638,#7639,#7640),(#7641,#7642,#7643,#7644),(#7645,#7646,#7647,#7648)),
.UNSPECIFIED.,.F.,.F.,.F.)B_SPLINE_SURFACE_WITH_KNOTS((4,4),(4,4),(
-1.050531789619E-4,3.093556873976E-3),(-2.938882235768E-2,1.028897837791E0),
.UNSPECIFIED.)GEOMETRIC_REPRESENTATION_ITEM()RATIONAL_B_SPLINE_SURFACE(((
1.015654341551E0,8.223863189423E-1,8.222966951986E-1,1.015385470320E0),(
1.015868038742E0,8.199617171346E-1,8.198708699384E-1,1.015595497154E0),(
1.016082999951E0,8.175227738274E-1,8.174306959421E-1,1.015806766295E0),(
1.016299303516E0,8.150686001820E-1,8.149752839223E-1,1.016019354737E0)))REPRESENTATION_ITEM('')SURFACE());
#7651=ORIENTED_EDGE('',*,*,#7650,.T.);
#7653=ORIENTED_EDGE('',*,*,#7652,.T.);
#7654=ORIENTED_EDGE('',*,*,#7626,.T.);
#7655=ORIENTED_EDGE('',*,*,#7329,.F.);
#7656=ORIENTED_EDGE('',*,*,#7286,.T.);
#7658=ORIENTED_EDGE('',*,*,#7657,.F.);
#7659=EDGE_LOOP('',(#7651,#7653,#7654,#7655,#7656,#7658));
#7660=FACE_OUTER_BOUND('',#7659,.F.);
#7661=ADVANCED_FACE('',(#7660),#7649,.F.);
#7662=CARTESIAN_POINT('',(7.072046893219E1,6.027376686916E1,-6.541369245333E1));
#7663=CARTESIAN_POINT('',(7.072046893219E1,6.027376686916E1,-6.541369245333E1));
#7664=CARTESIAN_POINT('',(7.072046893219E1,6.027376686916E1,-6.541369245333E1));
#7665=CARTESIAN_POINT('',(7.072046893219E1,6.027376686916E1,-6.541369245333E1));
#7666=CARTESIAN_POINT('',(7.063651929469E1,6.020313772872E1,-6.587862464018E1));
#7667=CARTESIAN_POINT('',(7.050774652847E1,6.020946884191E1,-6.574151148485E1));
#7668=CARTESIAN_POINT('',(7.037897366072E1,6.021579998029E1,-6.560439842825E1));
#7669=CARTESIAN_POINT('',(7.025020068937E1,6.022213114398E1,-6.546728546818E1));
#7670=CARTESIAN_POINT('',(7.054900255742E1,5.993383995467E1,-6.655501898119E1));
#7671=CARTESIAN_POINT('',(7.020066859460E1,6.004412519064E1,-6.624130119087E1));
#7672=CARTESIAN_POINT('',(6.986485910455E1,6.005999275038E1,-6.589186197665E1));
#7673=CARTESIAN_POINT('',(6.956132637669E1,5.998049523636E1,-6.552724801678E1));
#7674=CARTESIAN_POINT('',(7.052583001336E1,5.923869177314E1,-6.731950235647E1));
#7675=CARTESIAN_POINT('',(6.977575704802E1,5.960166781880E1,-6.695981310960E1));
#7676=CARTESIAN_POINT('',(6.913505220097E1,5.963014417993E1,-6.631352371671E1));
#7677=CARTESIAN_POINT('',(6.876740647580E1,5.931663093097E1,-6.554549352856E1));
#7678=CARTESIAN_POINT('',(7.054943579762E1,5.875996677502E1,-6.762564969050E1));
#7679=CARTESIAN_POINT('',(6.953995141686E1,5.921986256582E1,-6.735688003182E1));
#7680=CARTESIAN_POINT('',(6.873192402073E1,5.925466258039E1,-6.655260034052E1));
#7681=CARTESIAN_POINT('',(6.844033539267E1,5.885038763919E1,-6.552560046008E1));
#7682=CARTESIAN_POINT('',(7.057094040012E1,5.847518592121E1,-6.774881290868E1));
#7683=CARTESIAN_POINT('',(6.941889517863E1,5.893755107105E1,-6.755702478301E1));
#7684=CARTESIAN_POINT('',(6.852629576567E1,5.897533853433E1,-6.667372464574E1));
#7685=CARTESIAN_POINT('',(6.830448239732E1,5.857064899247E1,-6.550485404068E1));
#7686=(BOUNDED_SURFACE()B_SPLINE_SURFACE(3,3,((#7662,#7663,#7664,#7665),(#7666,
#7667,#7668,#7669),(#7670,#7671,#7672,#7673),(#7674,#7675,#7676,#7677),(#7678,
#7679,#7680,#7681),(#7682,#7683,#7684,#7685)),.UNSPECIFIED.,.F.,.F.,.F.)B_SPLINE_SURFACE_WITH_KNOTS((4,1,1,4),(4,4),(-4.491604286329E-6,3.110184365361E-4,
4.687734569473E-4,6.440399499328E-4),(-4.178575216621E-2,1.039030229888E0),
.UNSPECIFIED.)GEOMETRIC_REPRESENTATION_ITEM()RATIONAL_B_SPLINE_SURFACE(((1.E0,
1.E0,1.E0,1.E0),(9.999999994051E-1,1.000000004740E0,1.000000004753E0,
9.999999994458E-1),(1.002196210400E0,9.825012376255E-1,9.824511533107E-1,
1.002045957456E0),(1.009601705278E0,9.234964195284E-1,9.232774537912E-1,
1.008944808067E0),(1.014716347666E0,8.827444443178E-1,8.824088397745E-1,
1.013709534035E0),(1.017439132341E0,8.610500920645E-1,8.606523947433E-1,
1.016246040377E0)))REPRESENTATION_ITEM('')SURFACE());
#7688=ORIENTED_EDGE('',*,*,#7687,.T.);
#7689=ORIENTED_EDGE('',*,*,#7650,.F.);
#7691=ORIENTED_EDGE('',*,*,#7690,.F.);
#7692=EDGE_LOOP('',(#7688,#7689,#7691));
#7693=FACE_OUTER_BOUND('',#7692,.F.);
#7694=ADVANCED_FACE('',(#7693),#7686,.F.);
#7695=CARTESIAN_POINT('',(6.800368641810E1,5.727497651768E1,-6.536587093445E1));
#7696=CARTESIAN_POINT('',(6.791773053395E1,5.722180770144E1,-6.695934339032E1));
#7697=CARTESIAN_POINT('',(6.904853202972E1,5.717480236032E1,-6.808580155006E1));
#7698=CARTESIAN_POINT('',(7.064281585958E1,5.716529481328E1,-6.799421088388E1));
#7699=CARTESIAN_POINT('',(6.800461996751E1,5.754358505957E1,-6.540155654716E1));
#7700=CARTESIAN_POINT('',(6.793818003439E1,5.764774437995E1,-6.697528813672E1));
#7701=CARTESIAN_POINT('',(6.905075971949E1,5.760166061085E1,-6.808339167971E1));
#7702=CARTESIAN_POINT('',(7.061879767115E1,5.743526564294E1,-6.800459446026E1));
#7703=CARTESIAN_POINT('',(6.807855094334E1,5.806484302685E1,-6.546423250688E1));
#7704=CARTESIAN_POINT('',(6.813611432708E1,5.841174294631E1,-6.688956862284E1));
#7705=CARTESIAN_POINT('',(6.916834481602E1,5.836930903460E1,-6.791717341033E1));
#7706=CARTESIAN_POINT('',(7.057848153278E1,5.796195567364E1,-6.795249870763E1));
#7707=CARTESIAN_POINT('',(6.827616812183E1,5.853520493564E1,-6.550375532364E1));
#7708=CARTESIAN_POINT('',(6.848757253292E1,5.894190669500E1,-6.669013291349E1));
#7709=CARTESIAN_POINT('',(6.938855619832E1,5.890510560943E1,-6.758667559235E1));
#7710=CARTESIAN_POINT('',(7.055822781408E1,5.844187996384E1,-6.777430060879E1));
#7711=CARTESIAN_POINT('',(6.839904881352E1,5.874980695318E1,-6.551679388194E1));
#7712=CARTESIAN_POINT('',(6.866582584912E1,5.915173894674E1,-6.658815178473E1));
#7713=CARTESIAN_POINT('',(6.949844194831E1,5.911782683691E1,-6.741650262910E1));
#7714=CARTESIAN_POINT('',(7.055369816590E1,5.866194969732E1,-6.766021175019E1));
#7715=(BOUNDED_SURFACE()B_SPLINE_SURFACE(3,3,((#7695,#7696,#7697,#7698),(#7699,
#7700,#7701,#7702),(#7703,#7704,#7705,#7706),(#7707,#7708,#7709,#7710),(#7711,
#7712,#7713,#7714)),.UNSPECIFIED.,.F.,.F.,.F.)B_SPLINE_SURFACE_WITH_KNOTS((4,1,
4),(4,4),(-1.669775230184E-5,1.223461270036E-4,2.658363161090E-4),(
-3.910226292659E-2,1.038473786617E0),.UNSPECIFIED.)GEOMETRIC_REPRESENTATION_ITEM()RATIONAL_B_SPLINE_SURFACE(((1.023871562108E0,7.963364193163E-1,
7.962037910038E-1,1.023473677170E0),(1.023292277638E0,8.012786660358E-1,
8.011492561771E-1,1.022904048061E0),(1.020651820435E0,8.238060970479E-1,
8.236913573388E-1,1.020307601307E0),(1.016620798756E0,8.581973239561E-1,
8.581049802510E-1,1.016343767639E0),(1.014636720301E0,8.751247676021E-1,
8.750434472635E-1,1.014392759285E0)))REPRESENTATION_ITEM('')SURFACE());
#7716=ORIENTED_EDGE('',*,*,#7628,.T.);
#7717=ORIENTED_EDGE('',*,*,#7652,.F.);
#7718=ORIENTED_EDGE('',*,*,#7687,.F.);
#7720=ORIENTED_EDGE('',*,*,#7719,.F.);
#7721=EDGE_LOOP('',(#7716,#7717,#7718,#7720));
#7722=FACE_OUTER_BOUND('',#7721,.F.);
#7723=ADVANCED_FACE('',(#7722),#7715,.F.);
#7724=CARTESIAN_POINT('',(7.054166862649E1,5.727159706016E1,-6.5E1));
#7725=DIRECTION('',(9.952744709083E-1,9.710163519867E-2,9.930323955763E-13));
#7726=DIRECTION('',(9.871839980903E-13,1.082717522346E-13,-1.E0));
#7727=AXIS2_PLACEMENT_3D('',#7724,#7725,#7726);
#7728=CYLINDRICAL_SURFACE('',#7727,3.E0);
#7729=ORIENTED_EDGE('',*,*,#4104,.T.);
#7730=ORIENTED_EDGE('',*,*,#7719,.T.);
#7732=ORIENTED_EDGE('',*,*,#7731,.F.);
#7733=EDGE_LOOP('',(#7729,#7730,#7732));
#7734=FACE_OUTER_BOUND('',#7733,.F.);
#7735=ADVANCED_FACE('',(#7734),#7728,.F.);
#7736=CARTESIAN_POINT('',(7.333100443184E1,5.635053919389E1,-7.221103320141E1));
#7737=CARTESIAN_POINT('',(7.308287693952E1,5.810112252903E1,-7.257962820120E1));
#7738=CARTESIAN_POINT('',(7.408766504072E1,5.936922902746E1,-7.338282903533E1));
#7739=CARTESIAN_POINT('',(7.573238159722E1,5.937993433451E1,-7.413027419888E1));
#7740=CARTESIAN_POINT('',(7.353794978641E1,5.661094596469E1,-7.174140288621E1));
#7741=CARTESIAN_POINT('',(7.338063391754E1,5.831777787683E1,-7.210110225384E1));
#7742=CARTESIAN_POINT('',(7.448201192627E1,5.957888547817E1,-7.267038774866E1));
#7743=CARTESIAN_POINT('',(7.620139427701E1,5.965953247886E1,-7.311783275137E1));
#7744=CARTESIAN_POINT('',(7.370126303195E1,5.701256877146E1,-7.073373470386E1));
#7745=CARTESIAN_POINT('',(7.368474305679E1,5.867831184938E1,-7.099528842885E1));
#7746=CARTESIAN_POINT('',(7.487398851268E1,5.993366379519E1,-7.108500669218E1));
#7747=CARTESIAN_POINT('',(7.661759726039E1,6.009006452121E1,-7.095359875387E1));
#7748=CARTESIAN_POINT('',(7.319167160390E1,5.730583625567E1,-6.927668271272E1));
#7749=CARTESIAN_POINT('',(7.320530458973E1,5.896602452719E1,-6.937902482555E1));
#7750=CARTESIAN_POINT('',(7.420256551369E1,6.022415197736E1,-6.880660603830E1));
#7751=CARTESIAN_POINT('',(7.564764157083E1,6.040333811250E1,-6.786691717998E1));
#7752=CARTESIAN_POINT('',(7.203868037263E1,5.736036645531E1,-6.822447612256E1));
#7753=CARTESIAN_POINT('',(7.199046525500E1,5.902264748978E1,-6.825147495730E1));
#7754=CARTESIAN_POINT('',(7.250349940842E1,6.028227369911E1,-6.722211453549E1));
#7755=CARTESIAN_POINT('',(7.330211544227E1,6.046142876222E1,-6.568953713883E1));
#7756=CARTESIAN_POINT('',(7.102029736360E1,5.724862402336E1,-6.798289780115E1));
#7757=CARTESIAN_POINT('',(7.089176637414E1,5.890891218016E1,-6.802151939995E1));
#7758=CARTESIAN_POINT('',(7.095902268540E1,6.016620581080E1,-6.690653618175E1));
#7759=CARTESIAN_POINT('',(7.118590599697E1,6.034227020777E1,-6.523857748257E1));
#7760=CARTESIAN_POINT('',(7.049202237287E1,5.713849779473E1,-6.799909549383E1));
#7761=CARTESIAN_POINT('',(7.032183123490E1,5.880383546252E1,-6.807037298547E1));
#7762=CARTESIAN_POINT('',(7.015379756539E1,6.006075409842E1,-6.697494765650E1));
#7763=CARTESIAN_POINT('',(7.007943106559E1,6.022452699359E1,-6.530871792357E1));
#7764=(BOUNDED_SURFACE()B_SPLINE_SURFACE(3,3,((#7736,#7737,#7738,#7739),(#7740,
#7741,#7742,#7743),(#7744,#7745,#7746,#7747),(#7748,#7749,#7750,#7751),(#7752,
#7753,#7754,#7755),(#7756,#7757,#7758,#7759),(#7760,#7761,#7762,#7763)),
.UNSPECIFIED.,.F.,.F.,.F.)B_SPLINE_SURFACE_WITH_KNOTS((4,1,1,1,4),(4,4),(
-1.928852025660E-4,2.950864302110E-3,5.901728604221E-3,8.852592906331E-3,
1.200803910392E-2),(-2.990403851744E-2,1.028815955271E0),.UNSPECIFIED.)GEOMETRIC_REPRESENTATION_ITEM()RATIONAL_B_SPLINE_SURFACE(((1.017059726670E0,
8.098870156508E-1,8.096743156717E-1,1.016421626732E0),(1.016252788249E0,
8.188795085742E-1,8.186768694705E-1,1.015644870938E0),(1.015287597703E0,
8.296355575190E-1,8.294449523719E-1,1.014715782262E0),(1.014991025263E0,
8.329405502059E-1,8.327536427118E-1,1.014430302780E0),(1.014993929510E0,
8.329081853762E-1,8.327212416720E-1,1.014433098398E0),(1.015031542220E0,
8.324890306767E-1,8.323016180189E-1,1.014469304246E0),(1.015182049345E0,
8.308117846494E-1,8.306224954748E-1,1.014614181822E0)))REPRESENTATION_ITEM('')SURFACE());
#7765=ORIENTED_EDGE('',*,*,#7731,.T.);
#7766=ORIENTED_EDGE('',*,*,#7690,.T.);
#7768=ORIENTED_EDGE('',*,*,#7767,.F.);
#7769=ORIENTED_EDGE('',*,*,#4529,.F.);
#7770=ORIENTED_EDGE('',*,*,#4081,.F.);
#7771=EDGE_LOOP('',(#7765,#7766,#7768,#7769,#7770));
#7772=FACE_OUTER_BOUND('',#7771,.F.);
#7773=ADVANCED_FACE('',(#7772),#7764,.F.);
#7774=CARTESIAN_POINT('',(1.093209784213E2,5.457852923663E1,-5.223415502369E1));
#7775=CARTESIAN_POINT('',(1.092304141648E2,5.466651943267E1,-5.236349418600E1));
#7776=CARTESIAN_POINT('',(1.069081162083E2,5.689376959585E1,-5.568007938360E1));
#7777=CARTESIAN_POINT('',(1.019269660744E2,6.020507838869E1,-6.279389901867E1));
#7778=CARTESIAN_POINT('',(9.405212176052E1,6.153666390644E1,-7.404034222895E1));
#7779=CARTESIAN_POINT('',(8.626507372972E1,5.916259328302E1,-8.516139935254E1));
#7780=CARTESIAN_POINT('',(8.145583987950E1,5.520027910426E1,-9.202969708968E1));
#7781=CARTESIAN_POINT('',(7.924577601078E1,5.267178945415E1,-9.518599539856E1));
#7782=CARTESIAN_POINT('',(7.915944738898E1,5.257182751814E1,-9.530928544772E1));
#7784=DIRECTION('',(-8.191520442890E-1,0.E0,5.735764363510E-1));
#7785=VECTOR('',#7784,1.E0);
#7786=SURFACE_OF_LINEAR_EXTRUSION('',#7783,#7785);
#7788=ORIENTED_EDGE('',*,*,#7787,.T.);
#7790=ORIENTED_EDGE('',*,*,#7789,.T.);
#7791=ORIENTED_EDGE('',*,*,#4531,.T.);
#7792=ORIENTED_EDGE('',*,*,#7767,.T.);
#7793=ORIENTED_EDGE('',*,*,#7657,.T.);
#7794=ORIENTED_EDGE('',*,*,#7241,.T.);
#7795=ORIENTED_EDGE('',*,*,#7209,.F.);
#7797=ORIENTED_EDGE('',*,*,#7796,.T.);
#7798=ORIENTED_EDGE('',*,*,#5118,.T.);
#7799=EDGE_LOOP('',(#7788,#7790,#7791,#7792,#7793,#7794,#7795,#7797,#7798));
#7800=FACE_OUTER_BOUND('',#7799,.F.);
#7801=ADVANCED_FACE('',(#7800),#7786,.F.);
#7802=CARTESIAN_POINT('',(7.898348619641E1,5.521902551404E1,-8.971150869674E1));
#7803=CARTESIAN_POINT('',(7.992579499675E1,5.544758954817E1,-8.993164621846E1));
#7804=CARTESIAN_POINT('',(8.089963735597E1,5.524847303654E1,-8.995758237727E1));
#7805=CARTESIAN_POINT('',(8.168669533999E1,5.466627710663E1,-8.978348552316E1));
#7806=CARTESIAN_POINT('',(7.923515058934E1,5.603516521897E1,-8.797959256918E1));
#7807=CARTESIAN_POINT('',(8.020756533326E1,5.623561947900E1,-8.825295288833E1));
#7808=CARTESIAN_POINT('',(8.120125757311E1,5.597305913473E1,-8.833448978527E1));
#7809=CARTESIAN_POINT('',(8.197985582201E1,5.530989704772E1,-8.820478977727E1));
#7810=CARTESIAN_POINT('',(8.009674633708E1,5.749184932886E1,-8.469819111369E1));
#7811=CARTESIAN_POINT('',(8.111783711371E1,5.764595594812E1,-8.506543852370E1));
#7812=CARTESIAN_POINT('',(8.213244352658E1,5.726854624414E1,-8.524739190951E1));
#7813=CARTESIAN_POINT('',(8.287178579372E1,5.645954423398E1,-8.519583070752E1));
#7814=CARTESIAN_POINT('',(8.212432894209E1,5.919711074918E1,-7.988694307546E1));
#7815=CARTESIAN_POINT('',(8.318169716938E1,5.929816963495E1,-8.039124086150E1));
#7816=CARTESIAN_POINT('',(8.419145819543E1,5.878315743357E1,-8.071024346558E1));
#7817=CARTESIAN_POINT('',(8.484942933383E1,5.780714156981E1,-8.074783361493E1));
#7818=CARTESIAN_POINT('',(8.459770412474E1,6.034598929122E1,-7.526292862925E1));
#7819=CARTESIAN_POINT('',(8.566707652796E1,6.041660023464E1,-7.587366450257E1));
#7820=CARTESIAN_POINT('',(8.664518194467E1,5.980659297326E1,-7.631722362480E1));
#7821=CARTESIAN_POINT('',(8.721110070781E1,5.871601758322E1,-7.644805649817E1));
#7822=CARTESIAN_POINT('',(8.737187960124E1,6.094460381655E1,-7.078949102073E1));
#7823=CARTESIAN_POINT('',(8.842986599279E1,6.100111900192E1,-7.148031477134E1));
#7824=CARTESIAN_POINT('',(8.935555152680E1,6.034078388602E1,-7.203780010945E1));
#7825=CARTESIAN_POINT('',(8.983152543229E1,5.918991292645E1,-7.227078215690E1));
#7826=CARTESIAN_POINT('',(9.044399732580E1,6.099303030080E1,-6.636210163394E1));
#7827=CARTESIAN_POINT('',(9.146414283309E1,6.104849107853E1,-6.711209164789E1));
#7828=CARTESIAN_POINT('',(9.231822914576E1,6.038405825696E1,-6.777493829419E1));
#7829=CARTESIAN_POINT('',(9.271235126769E1,5.922825885524E1,-6.812255091594E1));
#7830=CARTESIAN_POINT('',(9.367879382693E1,6.048153958600E1,-6.217498599776E1));
#7831=CARTESIAN_POINT('',(9.463249364937E1,6.054880005919E1,-6.296544591501E1));
#7832=CARTESIAN_POINT('',(9.539966730765E1,5.992744843029E1,-6.371920475403E1));
#7833=CARTESIAN_POINT('',(9.572605212291E1,5.882330825247E1,-6.418646501914E1));
#7834=CARTESIAN_POINT('',(9.718935941529E1,5.941068482644E1,-5.815578354066E1));
#7835=CARTESIAN_POINT('',(9.804221373676E1,5.950598631549E1,-5.897505826679E1));
#7836=CARTESIAN_POINT('',(9.870460426531E1,5.897346569845E1,-5.980545855107E1));
#7837=CARTESIAN_POINT('',(9.897377990255E1,5.797602801384E1,-6.039283733165E1));
#7838=CARTESIAN_POINT('',(9.977595927385E1,5.829309325479E1,-5.568027842651E1));
#7839=CARTESIAN_POINT('',(1.005462829713E2,5.841780100918E1,-5.649895954553E1));
#7840=CARTESIAN_POINT('',(1.011234436880E2,5.797619567091E1,-5.736704981177E1));
#7841=CARTESIAN_POINT('',(1.013447470691E2,5.709268092573E1,-5.803988324035E1));
#7842=CARTESIAN_POINT('',(1.011595906747E2,5.763251437797E1,-5.453145281185E1));
#7843=CARTESIAN_POINT('',(1.018837793655E2,5.777508692182E1,-5.534642061165E1));
#7844=CARTESIAN_POINT('',(1.024129585830E2,5.738645968817E1,-5.622843230249E1));
#7845=CARTESIAN_POINT('',(1.026049685969E2,5.657096286827E1,-5.694058405338E1));
#7846=(BOUNDED_SURFACE()B_SPLINE_SURFACE(3,3,((#7802,#7803,#7804,#7805),(#7806,
#7807,#7808,#7809),(#7810,#7811,#7812,#7813),(#7814,#7815,#7816,#7817),(#7818,
#7819,#7820,#7821),(#7822,#7823,#7824,#7825),(#7826,#7827,#7828,#7829),(#7830,
#7831,#7832,#7833),(#7834,#7835,#7836,#7837),(#7838,#7839,#7840,#7841),(#7842,
#7843,#7844,#7845)),.UNSPECIFIED.,.F.,.F.,.F.)B_SPLINE_SURFACE_WITH_KNOTS((4,1,
1,1,1,1,1,1,4),(4,4),(1.150892773748E-2,1.691214769939E-2,2.191665363802E-2,
2.692115957665E-2,3.192566551528E-2,3.693017145391E-2,4.193467739254E-2,
4.693918333117E-2,5.234423346189E-2),(-4.289580975880E-2,1.042468123510E0),
.UNSPECIFIED.)GEOMETRIC_REPRESENTATION_ITEM()RATIONAL_B_SPLINE_SURFACE(((
1.008585900348E0,9.331929624925E-1,9.331632657053E-1,1.008496809986E0),(
1.009114897435E0,9.290768271144E-1,9.290453006397E-1,1.009020318010E0),(
1.010161277366E0,9.209349269617E-1,9.208997812833E-1,1.010055840331E0),(
1.011570643391E0,9.099686258090E-1,9.099286054359E-1,1.011450582272E0),(
1.012615020003E0,9.018423135234E-1,9.017986808756E-1,1.012484122060E0),(
1.013190805399E0,8.973621175004E-1,8.973164933346E-1,1.013053932902E0),(
1.013238221360E0,8.969931731013E-1,8.969473849338E-1,1.013100856857E0),(
1.012743689684E0,9.008411325336E-1,9.007970548451E-1,1.012611456618E0),(
1.011757883212E0,9.085117095570E-1,9.084710415615E-1,1.011635879226E0),(
1.010818030942E0,9.158247161520E-1,9.157872989039E-1,1.010705779197E0),(
1.010304384252E0,9.198214098329E-1,9.197857691785E-1,1.010197462289E0)))REPRESENTATION_ITEM('')SURFACE());
#7848=ORIENTED_EDGE('',*,*,#7847,.F.);
#7850=ORIENTED_EDGE('',*,*,#7849,.F.);
#7852=ORIENTED_EDGE('',*,*,#7851,.F.);
#7853=ORIENTED_EDGE('',*,*,#7787,.F.);
#7854=ORIENTED_EDGE('',*,*,#5091,.F.);
#7855=EDGE_LOOP('',(#7848,#7850,#7852,#7853,#7854));
#7856=FACE_OUTER_BOUND('',#7855,.F.);
#7857=ADVANCED_FACE('',(#7856),#7846,.F.);
#7858=CARTESIAN_POINT('',(8.400015502384E1,6.725E1,-1.076878720320E2));
#7859=DIRECTION('',(-5.735764363510E-1,0.E0,-8.191520442890E-1));
#7860=DIRECTION('',(-8.191520442890E-1,0.E0,5.735764363510E-1));
#7861=AXIS2_PLACEMENT_3D('',#7858,#7859,#7860);
#7862=CYLINDRICAL_SURFACE('',#7861,1.75E1);
#7863=ORIENTED_EDGE('',*,*,#4924,.F.);
#7865=ORIENTED_EDGE('',*,*,#7864,.T.);
#7866=ORIENTED_EDGE('',*,*,#7847,.T.);
#7867=ORIENTED_EDGE('',*,*,#5078,.T.);
#7868=EDGE_LOOP('',(#7863,#7865,#7866,#7867));
#7869=FACE_OUTER_BOUND('',#7868,.F.);
#7870=ADVANCED_FACE('',(#7869),#7862,.T.);
#7871=CARTESIAN_POINT('',(8.156988962691E1,5.500685756388E1,-8.935289395198E1));
#7872=CARTESIAN_POINT('',(8.122270090593E1,5.464680010569E1,-9.058929506256E1));
#7873=CARTESIAN_POINT('',(8.047848820333E1,5.380027629332E1,-9.130237195013E1));
#7874=CARTESIAN_POINT('',(7.961676399757E1,5.278522171230E1,-9.122422718374E1));
#7875=CARTESIAN_POINT('',(8.362315953350E1,5.334237623948E1,-8.926008939939E1));
#7876=CARTESIAN_POINT('',(8.337804606669E1,5.295437912534E1,-9.059316373744E1));
#7877=CARTESIAN_POINT('',(8.271859157653E1,5.198126393944E1,-9.138055840118E1));
#7878=CARTESIAN_POINT('',(8.191502541242E1,5.082179350975E1,-9.129951787491E1));
#7879=CARTESIAN_POINT('',(8.857056382342E1,5.067512896381E1,-8.903780423462E1));
#7880=CARTESIAN_POINT('',(8.861879588410E1,5.032964538832E1,-9.059645134449E1));
#7881=CARTESIAN_POINT('',(8.817210343664E1,4.913495294634E1,-9.157131265575E1));
#7882=CARTESIAN_POINT('',(8.745103230373E1,4.768096262415E1,-9.148087790735E1));
#7883=CARTESIAN_POINT('',(9.445546944180E1,4.973906778039E1,-8.877918955433E1));
#7884=CARTESIAN_POINT('',(9.447758379949E1,4.969421307198E1,-9.057125718032E1));
#7885=CARTESIAN_POINT('',(9.429953248874E1,4.838182827102E1,-9.178757261415E1));
#7886=CARTESIAN_POINT('',(9.402839749873E1,4.659122492283E1,-9.169635858055E1));
#7887=CARTESIAN_POINT('',(9.739715343069E1,4.974645479633E1,-8.865178781386E1));
#7888=CARTESIAN_POINT('',(9.733424025732E1,4.984566753119E1,-9.054802798712E1));
#7889=CARTESIAN_POINT('',(9.729865529112E1,4.850535261393E1,-9.189415268826E1));
#7890=CARTESIAN_POINT('',(9.731382644021E1,4.660754879397E1,-9.180399415896E1));
#7891=(BOUNDED_SURFACE()B_SPLINE_SURFACE(3,3,((#7871,#7872,#7873,#7874),(#7875,
#7876,#7877,#7878),(#7879,#7880,#7881,#7882),(#7883,#7884,#7885,#7886),(#7887,
#7888,#7889,#7890)),.UNSPECIFIED.,.F.,.F.,.F.)B_SPLINE_SURFACE_WITH_KNOTS((4,1,
4),(4,4),(7.774105847169E-1,1.178244605032E0,1.578466746329E0),(
-3.425507955006E-2,1.034006519634E0),.UNSPECIFIED.)GEOMETRIC_REPRESENTATION_ITEM()RATIONAL_B_SPLINE_SURFACE(((1.011798080052E0,8.850930915906E-1,
8.850636171106E-1,1.011709656612E0),(1.012886289100E0,8.744945249670E-1,
8.744623318755E-1,1.012789709826E0),(1.015568942720E0,8.483669319680E-1,
8.483280369539E-1,1.015452257677E0),(1.019028646049E0,8.146712957490E-1,
8.146237575525E-1,1.018886031459E0),(1.020858633887E0,7.968482055480E-1,
7.967960955958E-1,1.020702304030E0)))REPRESENTATION_ITEM('')SURFACE());
#7893=ORIENTED_EDGE('',*,*,#7892,.T.);
#7894=ORIENTED_EDGE('',*,*,#4576,.F.);
#7896=ORIENTED_EDGE('',*,*,#7895,.T.);
#7897=ORIENTED_EDGE('',*,*,#7864,.F.);
#7898=EDGE_LOOP('',(#7893,#7894,#7896,#7897));
#7899=FACE_OUTER_BOUND('',#7898,.F.);
#7900=ADVANCED_FACE('',(#7899),#7891,.F.);
#7901=CARTESIAN_POINT('',(4.757738893363E1,4.675E1,-8.717268501043E1));
#7902=DIRECTION('',(-9.994613593232E-1,0.E0,3.281754439195E-2));
#7903=DIRECTION('',(3.281754439195E-2,0.E0,9.994613593232E-1));
#7904=AXIS2_PLACEMENT_3D('',#7901,#7902,#7903);
#7905=CYLINDRICAL_SURFACE('',#7904,3.E0);
#7907=ORIENTED_EDGE('',*,*,#7906,.F.);
#7908=ORIENTED_EDGE('',*,*,#4578,.T.);
#7909=ORIENTED_EDGE('',*,*,#7892,.F.);
#7910=ORIENTED_EDGE('',*,*,#4922,.F.);
#7911=EDGE_LOOP('',(#7907,#7908,#7909,#7910));
#7912=FACE_OUTER_BOUND('',#7911,.F.);
#7913=ADVANCED_FACE('',(#7912),#7905,.F.);
#7914=CARTESIAN_POINT('',(1.023887471098E2,4.974584475996E1,-8.883557777404E1));
#7915=CARTESIAN_POINT('',(1.023258019014E2,4.983165542932E1,-9.071488346550E1));
#7916=CARTESIAN_POINT('',(1.023011829555E2,4.850301685320E1,-9.204818790046E1));
#7917=CARTESIAN_POINT('',(1.023308899253E2,4.662233121325E1,-9.196945696414E1));
#7918=CARTESIAN_POINT('',(1.032638901182E2,4.976030233091E1,-8.891117733257E1));
#7919=CARTESIAN_POINT('',(1.032050639289E2,4.981585319126E1,-9.076869098860E1));
#7920=CARTESIAN_POINT('',(1.030678082814E2,4.849172601207E1,-9.207183220830E1));
#7921=CARTESIAN_POINT('',(1.029396206969E2,4.663183555577E1,-9.198948494199E1));
#7922=CARTESIAN_POINT('',(1.049281197914E2,4.957266520447E1,-8.906187894408E1));
#7923=CARTESIAN_POINT('',(1.048620922425E2,4.956959947191E1,-9.087331166953E1));
#7924=CARTESIAN_POINT('',(1.045144467549E2,4.828288071558E1,-9.211625619684E1));
#7925=CARTESIAN_POINT('',(1.040984889992E2,4.650193400810E1,-9.202761896861E1));
#7926=CARTESIAN_POINT('',(1.081111250938E2,4.837280364873E1,-8.938092378206E1));
#7927=CARTESIAN_POINT('',(1.079725891843E2,4.826843443181E1,-9.108348030717E1));
#7928=CARTESIAN_POINT('',(1.072384482173E2,4.716218902488E1,-9.219907973959E1));
#7929=CARTESIAN_POINT('',(1.063210123924E2,4.567533218679E1,-9.210077987746E1));
#7930=CARTESIAN_POINT('',(1.100137563434E2,4.665874612543E1,-8.960782718851E1));
#7931=CARTESIAN_POINT('',(1.098024240913E2,4.651706789994E1,-9.122268211614E1));
#7932=CARTESIAN_POINT('',(1.088509936603E2,4.564397929363E1,-9.224718027702E1));
#7933=CARTESIAN_POINT('',(1.076574015359E2,4.449640322316E1,-9.214480142304E1));
#7934=CARTESIAN_POINT('',(1.109469299686E2,4.524433103881E1,-8.972729753489E1));
#7935=CARTESIAN_POINT('',(1.106868090867E2,4.510365500697E1,-9.129331451388E1));
#7936=CARTESIAN_POINT('',(1.096327245210E2,4.441480968601E1,-9.227030011766E1));
#7937=CARTESIAN_POINT('',(1.083149322577E2,4.352431092117E1,-9.216646771116E1));
#7938=(BOUNDED_SURFACE()B_SPLINE_SURFACE(3,3,((#7914,#7915,#7916,#7917),(#7918,
#7919,#7920,#7921),(#7922,#7923,#7924,#7925),(#7926,#7927,#7928,#7929),(#7930,
#7931,#7932,#7933),(#7934,#7935,#7936,#7937)),.UNSPECIFIED.,.F.,.F.,.F.)B_SPLINE_SURFACE_WITH_KNOTS((4,1,1,4),(4,4),(-1.025246259444E-4,1.725980590637E-3,
3.451961181274E-3,7.008805098639E-3),(-3.066355116962E-2,1.030162062076E0),
.UNSPECIFIED.)GEOMETRIC_REPRESENTATION_ITEM()RATIONAL_B_SPLINE_SURFACE(((
1.018570812347E0,7.980429176616E-1,7.979387157301E-1,1.018258206551E0),(
1.018228399616E0,8.017666468500E-1,8.016643662167E-1,1.017921557716E0),(
1.017535045542E0,8.093068536654E-1,8.092084634829E-1,1.017239874994E0),(
1.016027009988E0,8.257066995502E-1,8.256167710449E-1,1.015757224473E0),(
1.014918728469E0,8.377592311178E-1,8.376755212460E-1,1.014667598853E0),(
1.014331537795E0,8.441449138243E-1,8.440644987143E-1,1.014090292465E0)))REPRESENTATION_ITEM('')SURFACE());
#7940=ORIENTED_EDGE('',*,*,#7939,.F.);
#7941=ORIENTED_EDGE('',*,*,#4580,.F.);
#7942=ORIENTED_EDGE('',*,*,#7906,.T.);
#7943=ORIENTED_EDGE('',*,*,#4892,.F.);
#7944=EDGE_LOOP('',(#7940,#7941,#7942,#7943));
#7945=FACE_OUTER_BOUND('',#7944,.F.);
#7946=ADVANCED_FACE('',(#7945),#7938,.F.);
#7947=CARTESIAN_POINT('',(1.107947710286E2,4.548280311040E1,-8.966073545908E1));
#7948=CARTESIAN_POINT('',(1.105594718670E2,4.535315768631E1,-9.126776616707E1));
#7949=CARTESIAN_POINT('',(1.095052953009E2,4.462794890600E1,-9.227655013818E1));
#7950=CARTESIAN_POINT('',(1.081814543139E2,4.368499738568E1,-9.216134283619E1));
#7951=CARTESIAN_POINT('',(1.114003889291E2,4.453776419377E1,-9.000173269433E1));
#7952=CARTESIAN_POINT('',(1.110212306573E2,4.436322309150E1,-9.142870829356E1));
#7953=CARTESIAN_POINT('',(1.099631068296E2,4.374953839425E1,-9.228128587565E1));
#7954=CARTESIAN_POINT('',(1.086984509238E2,4.297070433071E1,-9.217867914922E1));
#7955=CARTESIAN_POINT('',(1.118914841441E2,4.345817105517E1,-9.028061037976E1));
#7956=CARTESIAN_POINT('',(1.114293509063E2,4.327437123635E1,-9.155390988089E1));
#7957=CARTESIAN_POINT('',(1.103672907069E2,4.279850964211E1,-9.228666087763E1));
#7958=CARTESIAN_POINT('',(1.091197801358E2,4.221629238725E1,-9.219280865082E1));
#7959=CARTESIAN_POINT('',(1.121915052796E2,4.222250759029E1,-9.045127483276E1));
#7960=CARTESIAN_POINT('',(1.116757452583E2,4.207774102964E1,-9.162798075216E1));
#7961=CARTESIAN_POINT('',(1.106111962385E2,4.176134003204E1,-9.229000943664E1));
#7962=CARTESIAN_POINT('',(1.093771010449E2,4.138602086987E1,-9.220143842422E1));
#7963=(BOUNDED_SURFACE()B_SPLINE_SURFACE(3,3,((#7947,#7948,#7949,#7950),(#7951,
#7952,#7953,#7954),(#7955,#7956,#7957,#7958),(#7959,#7960,#7961,#7962)),
.UNSPECIFIED.,.F.,.F.,.F.)B_SPLINE_SURFACE_WITH_KNOTS((4,4),(4,4),(
-1.040287255011E-4,2.525088326770E-3),(-3.494597259958E-2,1.034677800373E0),
.UNSPECIFIED.)GEOMETRIC_REPRESENTATION_ITEM()RATIONAL_B_SPLINE_SURFACE(((
1.016746368338E0,8.401200004136E-1,8.400757283854E-1,1.016613552252E0),(
1.014316994014E0,8.633135882983E-1,8.632757387569E-1,1.014203445390E0),(
1.012491482422E0,8.807420113881E-1,8.807089879140E-1,1.012392411999E0),(
1.011390442941E0,8.912537944971E-1,8.912236818183E-1,1.011300104905E0)))REPRESENTATION_ITEM('')SURFACE());
#7964=ORIENTED_EDGE('',*,*,#4641,.T.);
#7965=ORIENTED_EDGE('',*,*,#4582,.F.);
#7966=ORIENTED_EDGE('',*,*,#7939,.T.);
#7967=ORIENTED_EDGE('',*,*,#4879,.F.);
#7968=EDGE_LOOP('',(#7964,#7965,#7966,#7967));
#7969=FACE_OUTER_BOUND('',#7968,.F.);
#7970=ADVANCED_FACE('',(#7969),#7963,.F.);
#7971=CARTESIAN_POINT('',(7.993044640296E1,5.275003944768E1,-8.823500511897E1));
#7972=DIRECTION('',(3.281754439195E-2,0.E0,9.994613593232E-1));
#7973=DIRECTION('',(9.994613593232E-1,0.E0,-3.281754439195E-2));
#7974=AXIS2_PLACEMENT_3D('',#7971,#7972,#7973);
#7975=SPHERICAL_SURFACE('',#7974,3.E0);
#7976=ORIENTED_EDGE('',*,*,#7895,.F.);
#7978=ORIENTED_EDGE('',*,*,#7977,.F.);
#7979=ORIENTED_EDGE('',*,*,#7851,.T.);
#7980=ORIENTED_EDGE('',*,*,#7849,.T.);
#7981=EDGE_LOOP('',(#7976,#7978,#7979,#7980));
#7982=FACE_OUTER_BOUND('',#7981,.F.);
#7983=ADVANCED_FACE('',(#7982),#7975,.F.);
#7984=CARTESIAN_POINT('',(7.996624816524E1,5.266306161594E1,-9.123540186364E1));
#7985=CARTESIAN_POINT('',(7.960258562246E1,5.396404468705E1,-9.127747557043E1));
#7986=CARTESIAN_POINT('',(7.932633767785E1,5.504587715274E1,-9.051588933969E1));
#7987=CARTESIAN_POINT('',(7.924363409391E1,5.549295686431E1,-8.924306638475E1));
#7988=CARTESIAN_POINT('',(7.733976703820E1,5.193419902267E1,-9.114925853025E1));
#7989=CARTESIAN_POINT('',(7.697468863367E1,5.319755794063E1,-9.118875568050E1));
#7990=CARTESIAN_POINT('',(7.667892178780E1,5.425406481122E1,-9.046198910047E1));
#7991=CARTESIAN_POINT('',(7.656097352004E1,5.471612855386E1,-8.923544378435E1));
#7992=CARTESIAN_POINT('',(7.474169405905E1,5.112058636199E1,-9.106404760039E1));
#7993=CARTESIAN_POINT('',(7.435765996635E1,5.234156972319E1,-9.110043810859E1));
#7994=CARTESIAN_POINT('',(7.404267353587E1,5.337089987867E1,-9.040783809887E1));
#7995=CARTESIAN_POINT('',(7.390694031709E1,5.384844590829E1,-8.922844337196E1));
#7996=CARTESIAN_POINT('',(7.217543899142E1,5.021089039789E1,-9.097988096155E1));
#7997=CARTESIAN_POINT('',(7.175811807540E1,5.138155846613E1,-9.101273978075E1));
#7998=CARTESIAN_POINT('',(7.142421709612E1,5.238150974336E1,-9.035365919065E1));
#7999=CARTESIAN_POINT('',(7.128498745478E1,5.287758450974E1,-8.922211861870E1));
#8000=(BOUNDED_SURFACE()B_SPLINE_SURFACE(3,3,((#7984,#7985,#7986,#7987),(#7988,
#7989,#7990,#7991),(#7992,#7993,#7994,#7995),(#7996,#7997,#7998,#7999)),
.UNSPECIFIED.,.F.,.F.,.F.)B_SPLINE_SURFACE_WITH_KNOTS((4,4),(4,4),(
-1.059508609448E-4,8.073768832877E-3),(-3.610928929126E-2,1.035667889426E0),
.UNSPECIFIED.)GEOMETRIC_REPRESENTATION_ITEM()RATIONAL_B_SPLINE_SURFACE(((
1.012667626989E0,8.829684150354E-1,8.829150218040E-1,1.012507447295E0),(
1.012090257952E0,8.883025169635E-1,8.882515573053E-1,1.011937378977E0),(
1.011523953959E0,8.935343929847E-1,8.934858202614E-1,1.011378235789E0),(
1.010968229667E0,8.986685270052E-1,8.986222966241E-1,1.010829538523E0)))REPRESENTATION_ITEM('')SURFACE());
#8001=ORIENTED_EDGE('',*,*,#4544,.T.);
#8002=ORIENTED_EDGE('',*,*,#7789,.F.);
#8003=ORIENTED_EDGE('',*,*,#7977,.T.);
#8004=ORIENTED_EDGE('',*,*,#4574,.F.);
#8005=EDGE_LOOP('',(#8001,#8002,#8003,#8004));
#8006=FACE_OUTER_BOUND('',#8005,.F.);
#8007=ADVANCED_FACE('',(#8006),#8000,.F.);
#8008=CARTESIAN_POINT('',(9.479477508485E1,5.473133885057E1,-4.240618749063E1));
#8009=CARTESIAN_POINT('',(9.321262212739E1,5.484056011309E1,-4.134697911497E1));
#8010=CARTESIAN_POINT('',(9.171527234022E1,5.367330320291E1,-4.116551150610E1));
#8011=CARTESIAN_POINT('',(9.129396294505E1,5.200192741767E1,-4.198214669860E1));
#8012=CARTESIAN_POINT('',(9.305511650022E1,5.652132242016E1,-4.517046240189E1));
#8013=CARTESIAN_POINT('',(9.147287120839E1,5.662685504178E1,-4.412041703247E1));
#8014=CARTESIAN_POINT('',(9.002712269659E1,5.541300678633E1,-4.386772340498E1));
#8015=CARTESIAN_POINT('',(8.967113354245E1,5.367975433040E1,-4.457920209863E1));
#8016=CARTESIAN_POINT('',(8.944322157559E1,5.930835622395E1,-5.091008631508E1));
#8017=CARTESIAN_POINT('',(8.786306048858E1,5.940510322662E1,-4.987532607166E1));
#8018=CARTESIAN_POINT('',(8.652299510343E1,5.812054845216E1,-4.947674379016E1));
#8019=CARTESIAN_POINT('',(8.629935841282E1,5.629429906600E1,-4.997514040270E1));
#8020=CARTESIAN_POINT('',(8.553592886272E1,6.060284961433E1,-5.711968805223E1));
#8021=CARTESIAN_POINT('',(8.395202721787E1,6.069028831670E1,-5.611094418266E1));
#8022=CARTESIAN_POINT('',(8.272424882510E1,5.937515909922E1,-5.555732885213E1));
#8023=CARTESIAN_POINT('',(8.264845300430E1,5.750947691485E1,-5.581777850315E1));
#8024=CARTESIAN_POINT('',(8.356171644090E1,6.084230731542E1,-6.025720671095E1));
#8025=CARTESIAN_POINT('',(8.197659173344E1,6.092293901164E1,-5.926057737299E1));
#8026=CARTESIAN_POINT('',(8.080524527932E1,5.960313334008E1,-5.862903957895E1));
#8027=CARTESIAN_POINT('',(8.080357858040E1,5.773411101538E1,-5.877017865879E1));
#8028=(BOUNDED_SURFACE()B_SPLINE_SURFACE(3,3,((#8008,#8009,#8010,#8011),(#8012,
#8013,#8014,#8015),(#8016,#8017,#8018,#8019),(#8020,#8021,#8022,#8023),(#8024,
#8025,#8026,#8027)),.UNSPECIFIED.,.F.,.F.,.F.)B_SPLINE_SURFACE_WITH_KNOTS((4,1,
4),(4,4),(-2.008735240824E-4,1.014122865365E-2,2.048375733375E-2),(
-2.829898476300E-2,1.027873222064E0),.UNSPECIFIED.)GEOMETRIC_REPRESENTATION_ITEM()RATIONAL_B_SPLINE_SURFACE(((1.017567607050E0,7.930007823904E-1,
7.929102917967E-1,1.017296135270E0),(1.017496105743E0,7.938432827221E-1,
7.937531604312E-1,1.017225738870E0),(1.017349554783E0,7.955700935399E-1,
7.954807261317E-1,1.017081452558E0),(1.017193989818E0,7.974031164458E-1,
7.973145503514E-1,1.016928291534E0),(1.017115761657E0,7.983248793288E-1,
7.982367161870E-1,1.016851272232E0)))REPRESENTATION_ITEM('')SURFACE());
#8029=ORIENTED_EDGE('',*,*,#5131,.T.);
#8030=ORIENTED_EDGE('',*,*,#7796,.F.);
#8031=ORIENTED_EDGE('',*,*,#7207,.F.);
#8032=ORIENTED_EDGE('',*,*,#5181,.F.);
#8033=EDGE_LOOP('',(#8029,#8030,#8031,#8032));
#8034=FACE_OUTER_BOUND('',#8033,.F.);
#8035=ADVANCED_FACE('',(#8034),#8028,.F.);
#8036=CARTESIAN_POINT('',(8.122698154519E1,2.575E1,-2.300494019951E1));
#8037=DIRECTION('',(0.E0,-1.E0,0.E0));
#8038=DIRECTION('',(0.E0,0.E0,-1.E0));
#8039=AXIS2_PLACEMENT_3D('',#8036,#8037,#8038);
#8040=CONICAL_SURFACE('',#8039,1.75E0,4.5E1);
#8042=ORIENTED_EDGE('',*,*,#8041,.T.);
#8044=ORIENTED_EDGE('',*,*,#8043,.F.);
#8045=ORIENTED_EDGE('',*,*,#5242,.F.);
#8047=ORIENTED_EDGE('',*,*,#8046,.T.);
#8048=EDGE_LOOP('',(#8042,#8044,#8045,#8047));
#8049=FACE_OUTER_BOUND('',#8048,.F.);
#8050=ADVANCED_FACE('',(#8049),#8040,.F.);
#8051=CARTESIAN_POINT('',(8.122698154519E1,2.55E1,-2.300494019951E1));
#8052=DIRECTION('',(0.E0,1.E0,0.E0));
#8053=DIRECTION('',(0.E0,0.E0,1.E0));
#8054=AXIS2_PLACEMENT_3D('',#8051,#8052,#8053);
#8055=CYLINDRICAL_SURFACE('',#8054,1.5E0);
#8056=ORIENTED_EDGE('',*,*,#8041,.F.);
#8058=ORIENTED_EDGE('',*,*,#8057,.F.);
#8060=ORIENTED_EDGE('',*,*,#8059,.F.);
#8062=ORIENTED_EDGE('',*,*,#8061,.T.);
#8063=EDGE_LOOP('',(#8056,#8058,#8060,#8062));
#8064=FACE_OUTER_BOUND('',#8063,.F.);
#8065=ADVANCED_FACE('',(#8064),#8055,.F.);
#8066=CARTESIAN_POINT('',(8.122698154519E1,2.55E1,-2.300494019951E1));
#8067=DIRECTION('',(0.E0,1.E0,0.E0));
#8068=DIRECTION('',(0.E0,0.E0,1.E0));
#8069=AXIS2_PLACEMENT_3D('',#8066,#8067,#8068);
#8070=CYLINDRICAL_SURFACE('',#8069,1.5E0);
#8072=ORIENTED_EDGE('',*,*,#8071,.F.);
#8073=ORIENTED_EDGE('',*,*,#8061,.F.);
#8075=ORIENTED_EDGE('',*,*,#8074,.F.);
#8076=ORIENTED_EDGE('',*,*,#8057,.T.);
#8077=EDGE_LOOP('',(#8072,#8073,#8075,#8076));
#8078=FACE_OUTER_BOUND('',#8077,.F.);
#8079=ADVANCED_FACE('',(#8078),#8070,.F.);
#8080=CARTESIAN_POINT('',(8.122698154519E1,2.575E1,-2.300494019951E1));
#8081=DIRECTION('',(0.E0,-1.E0,0.E0));
#8082=DIRECTION('',(0.E0,0.E0,-1.E0));
#8083=AXIS2_PLACEMENT_3D('',#8080,#8081,#8082);
#8084=CONICAL_SURFACE('',#8083,1.75E0,4.5E1);
#8085=ORIENTED_EDGE('',*,*,#8071,.T.);
#8086=ORIENTED_EDGE('',*,*,#8046,.F.);
#8087=ORIENTED_EDGE('',*,*,#5244,.F.);
#8088=ORIENTED_EDGE('',*,*,#8043,.T.);
#8089=EDGE_LOOP('',(#8085,#8086,#8087,#8088));
#8090=FACE_OUTER_BOUND('',#8089,.F.);
#8091=ADVANCED_FACE('',(#8090),#8084,.F.);
#8092=CARTESIAN_POINT('',(8.122698154519E1,3.189603487394E1,-2.300494019951E1));
#8093=DIRECTION('',(0.E0,-1.E0,0.E0));
#8094=DIRECTION('',(0.E0,0.E0,-1.E0));
#8095=AXIS2_PLACEMENT_3D('',#8092,#8093,#8094);
#8096=CONICAL_SURFACE('',#8095,8.408872850064E-1,5.9E1);
#8097=ORIENTED_EDGE('',*,*,#8074,.T.);
#8099=ORIENTED_EDGE('',*,*,#8098,.T.);
#8101=ORIENTED_EDGE('',*,*,#8100,.F.);
#8102=EDGE_LOOP('',(#8097,#8099,#8101));
#8103=FACE_OUTER_BOUND('',#8102,.F.);
#8104=ADVANCED_FACE('',(#8103),#8096,.F.);
#8105=CARTESIAN_POINT('',(8.122698154519E1,3.189603487394E1,-2.300494019951E1));
#8106=DIRECTION('',(0.E0,-1.E0,0.E0));
#8107=DIRECTION('',(0.E0,0.E0,-1.E0));
#8108=AXIS2_PLACEMENT_3D('',#8105,#8106,#8107);
#8109=CONICAL_SURFACE('',#8108,8.408872850064E-1,5.9E1);
#8110=ORIENTED_EDGE('',*,*,#8059,.T.);
#8111=ORIENTED_EDGE('',*,*,#8100,.T.);
#8112=ORIENTED_EDGE('',*,*,#8098,.F.);
#8113=EDGE_LOOP('',(#8110,#8111,#8112));
#8114=FACE_OUTER_BOUND('',#8113,.F.);
#8115=ADVANCED_FACE('',(#8114),#8109,.F.);
#8116=CARTESIAN_POINT('',(1.055333694911E2,4.235E1,-5.900965162439E1));
#8117=DIRECTION('',(8.783400184768E-1,0.E0,4.780364127785E-1));
#8118=DIRECTION('',(4.780364127785E-1,0.E0,-8.783400184768E-1));
#8119=AXIS2_PLACEMENT_3D('',#8116,#8117,#8118);
#8120=PLANE('',#8119);
#8121=ORIENTED_EDGE('',*,*,#5031,.T.);
#8122=ORIENTED_EDGE('',*,*,#5045,.F.);
#8123=ORIENTED_EDGE('',*,*,#5075,.T.);
#8124=ORIENTED_EDGE('',*,*,#5115,.T.);
#8125=ORIENTED_EDGE('',*,*,#5155,.F.);
#8126=ORIENTED_EDGE('',*,*,#4608,.F.);
#8127=ORIENTED_EDGE('',*,*,#5005,.T.);
#8128=EDGE_LOOP('',(#8121,#8122,#8123,#8124,#8125,#8126,#8127));
#8129=FACE_OUTER_BOUND('',#8128,.F.);
#8130=ADVANCED_FACE('',(#8129),#8120,.F.);
#8131=CARTESIAN_POINT('',(1.222509790409E2,-1.235375604440E3,
-8.527103431970E1));
#8132=DIRECTION('',(0.E0,1.E0,0.E0));
#8133=DIRECTION('',(0.E0,0.E0,1.E0));
#8134=AXIS2_PLACEMENT_3D('',#8131,#8132,#8133);
#8135=CYLINDRICAL_SURFACE('',#8134,1.E0);
#8136=ORIENTED_EDGE('',*,*,#4909,.F.);
#8137=ORIENTED_EDGE('',*,*,#4907,.F.);
#8138=ORIENTED_EDGE('',*,*,#4695,.T.);
#8139=ORIENTED_EDGE('',*,*,#4727,.F.);
#8140=ORIENTED_EDGE('',*,*,#4725,.F.);
#8142=ORIENTED_EDGE('',*,*,#8141,.T.);
#8143=EDGE_LOOP('',(#8136,#8137,#8138,#8139,#8140,#8142));
#8144=FACE_OUTER_BOUND('',#8143,.F.);
#8145=ADVANCED_FACE('',(#8144),#8135,.T.);
#8146=CARTESIAN_POINT('',(1.26E2,-1.235375604440E3,-9.4E1));
#8147=DIRECTION('',(0.E0,1.E0,0.E0));
#8148=DIRECTION('',(0.E0,0.E0,1.E0));
#8149=AXIS2_PLACEMENT_3D('',#8146,#8147,#8148);
#8150=CYLINDRICAL_SURFACE('',#8149,8.5E0);
#8151=ORIENTED_EDGE('',*,*,#4911,.F.);
#8152=ORIENTED_EDGE('',*,*,#8141,.F.);
#8153=ORIENTED_EDGE('',*,*,#4723,.F.);
#8154=ORIENTED_EDGE('',*,*,#4721,.F.);
#8155=ORIENTED_EDGE('',*,*,#4719,.F.);
#8157=ORIENTED_EDGE('',*,*,#8156,.F.);
#8158=ORIENTED_EDGE('',*,*,#4915,.F.);
#8159=ORIENTED_EDGE('',*,*,#4913,.F.);
#8160=EDGE_LOOP('',(#8151,#8152,#8153,#8154,#8155,#8157,#8158,#8159));
#8161=FACE_OUTER_BOUND('',#8160,.F.);
#8162=ADVANCED_FACE('',(#8161),#8150,.F.);
#8163=CARTESIAN_POINT('',(1.165152146773E2,-1.235375604440E3,
-9.346255476259E1));
#8164=DIRECTION('',(0.E0,1.E0,0.E0));
#8165=DIRECTION('',(0.E0,0.E0,1.E0));
#8166=AXIS2_PLACEMENT_3D('',#8163,#8164,#8165);
#8167=CYLINDRICAL_SURFACE('',#8166,1.E0);
#8168=ORIENTED_EDGE('',*,*,#4717,.F.);
#8169=ORIENTED_EDGE('',*,*,#4839,.T.);
#8170=ORIENTED_EDGE('',*,*,#4917,.F.);
#8171=ORIENTED_EDGE('',*,*,#8156,.T.);
#8172=EDGE_LOOP('',(#8168,#8169,#8170,#8171));
#8173=FACE_OUTER_BOUND('',#8172,.F.);
#8174=ADVANCED_FACE('',(#8173),#8167,.T.);
#8175=CARTESIAN_POINT('',(6.875E1,6.295132068529E1,-1.189877573092E2));
#8176=DIRECTION('',(0.E0,-1.E0,0.E0));
#8177=DIRECTION('',(0.E0,0.E0,-1.E0));
#8178=AXIS2_PLACEMENT_3D('',#8175,#8176,#8177);
#8179=CYLINDRICAL_SURFACE('',#8178,4.125E0);
#8180=ORIENTED_EDGE('',*,*,#4456,.T.);
#8182=ORIENTED_EDGE('',*,*,#8181,.F.);
#8184=ORIENTED_EDGE('',*,*,#8183,.F.);
#8186=ORIENTED_EDGE('',*,*,#8185,.T.);
#8187=EDGE_LOOP('',(#8180,#8182,#8184,#8186));
#8188=FACE_OUTER_BOUND('',#8187,.F.);
#8189=ADVANCED_FACE('',(#8188),#8179,.F.);
#8190=CARTESIAN_POINT('',(6.875E1,6.295132068529E1,-1.189877573092E2));
#8191=DIRECTION('',(0.E0,-1.E0,0.E0));
#8192=DIRECTION('',(0.E0,0.E0,-1.E0));
#8193=AXIS2_PLACEMENT_3D('',#8190,#8191,#8192);
#8194=CYLINDRICAL_SURFACE('',#8193,4.125E0);
#8195=ORIENTED_EDGE('',*,*,#4458,.T.);
#8196=ORIENTED_EDGE('',*,*,#8185,.F.);
#8198=ORIENTED_EDGE('',*,*,#8197,.F.);
#8199=ORIENTED_EDGE('',*,*,#8181,.T.);
#8200=ORIENTED_EDGE('',*,*,#4460,.F.);
#8201=EDGE_LOOP('',(#8195,#8196,#8198,#8199,#8200));
#8202=FACE_OUTER_BOUND('',#8201,.F.);
#8203=ADVANCED_FACE('',(#8202),#8194,.F.);
#8204=CARTESIAN_POINT('',(7.2875E1,2.895132068529E1,-1.189877573092E2));
#8205=DIRECTION('',(0.E0,1.E0,0.E0));
#8206=DIRECTION('',(0.E0,0.E0,1.E0));
#8207=AXIS2_PLACEMENT_3D('',#8204,#8205,#8206);
#8208=PLANE('',#8207);
#8209=ORIENTED_EDGE('',*,*,#8183,.T.);
#8210=ORIENTED_EDGE('',*,*,#8197,.T.);
#8211=EDGE_LOOP('',(#8209,#8210));
#8212=FACE_OUTER_BOUND('',#8211,.F.);
#8214=ORIENTED_EDGE('',*,*,#8213,.F.);
#8216=ORIENTED_EDGE('',*,*,#8215,.F.);
#8217=EDGE_LOOP('',(#8214,#8216));
#8218=FACE_BOUND('',#8217,.F.);
#8219=ADVANCED_FACE('',(#8212,#8218),#8208,.T.);
#8220=CARTESIAN_POINT('',(6.875E1,2.870132066679E1,-1.189877573092E2));
#8221=DIRECTION('',(0.E0,1.E0,0.E0));
#8222=DIRECTION('',(0.E0,0.E0,-1.E0));
#8223=AXIS2_PLACEMENT_3D('',#8220,#8221,#8222);
#8224=CONICAL_SURFACE('',#8223,2.399999981502E0,4.5E1);
#8225=ORIENTED_EDGE('',*,*,#8213,.T.);
#8227=ORIENTED_EDGE('',*,*,#8226,.T.);
#8229=ORIENTED_EDGE('',*,*,#8228,.F.);
#8231=ORIENTED_EDGE('',*,*,#8230,.F.);
#8232=EDGE_LOOP('',(#8225,#8227,#8229,#8231));
#8233=FACE_OUTER_BOUND('',#8232,.F.);
#8234=ADVANCED_FACE('',(#8233),#8224,.F.);
#8235=CARTESIAN_POINT('',(6.875E1,2.870132066679E1,-1.189877573092E2));
#8236=DIRECTION('',(0.E0,1.E0,0.E0));
#8237=DIRECTION('',(0.E0,0.E0,-1.E0));
#8238=AXIS2_PLACEMENT_3D('',#8235,#8236,#8237);
#8239=CONICAL_SURFACE('',#8238,2.399999981502E0,4.5E1);
#8240=ORIENTED_EDGE('',*,*,#8215,.T.);
#8241=ORIENTED_EDGE('',*,*,#8230,.T.);
#8243=ORIENTED_EDGE('',*,*,#8242,.F.);
#8244=ORIENTED_EDGE('',*,*,#8226,.F.);
#8245=EDGE_LOOP('',(#8240,#8241,#8243,#8244));
#8246=FACE_OUTER_BOUND('',#8245,.F.);
#8247=ADVANCED_FACE('',(#8246),#8239,.F.);
#8248=CARTESIAN_POINT('',(6.875E1,6.295132068529E1,-1.189877573092E2));
#8249=DIRECTION('',(0.E0,-1.E0,0.E0));
#8250=DIRECTION('',(0.E0,0.E0,-1.E0));
#8251=AXIS2_PLACEMENT_3D('',#8248,#8249,#8250);
#8252=CYLINDRICAL_SURFACE('',#8251,2.15E0);
#8253=ORIENTED_EDGE('',*,*,#8242,.T.);
#8255=ORIENTED_EDGE('',*,*,#8254,.F.);
#8256=ORIENTED_EDGE('',*,*,#4061,.F.);
#8258=ORIENTED_EDGE('',*,*,#8257,.T.);
#8259=EDGE_LOOP('',(#8253,#8255,#8256,#8258));
#8260=FACE_OUTER_BOUND('',#8259,.F.);
#8261=ADVANCED_FACE('',(#8260),#8252,.F.);
#8262=CARTESIAN_POINT('',(6.875E1,6.295132068529E1,-1.189877573092E2));
#8263=DIRECTION('',(0.E0,-1.E0,0.E0));
#8264=DIRECTION('',(0.E0,0.E0,-1.E0));
#8265=AXIS2_PLACEMENT_3D('',#8262,#8263,#8264);
#8266=CYLINDRICAL_SURFACE('',#8265,2.15E0);
#8267=ORIENTED_EDGE('',*,*,#8228,.T.);
#8268=ORIENTED_EDGE('',*,*,#8257,.F.);
#8269=ORIENTED_EDGE('',*,*,#4063,.F.);
#8270=ORIENTED_EDGE('',*,*,#8254,.T.);
#8271=EDGE_LOOP('',(#8267,#8268,#8269,#8270));
#8272=FACE_OUTER_BOUND('',#8271,.F.);
#8273=ADVANCED_FACE('',(#8272),#8266,.F.);
#8274=CARTESIAN_POINT('',(5.5E1,2.85E1,-7.1E1));
#8275=DIRECTION('',(1.E0,0.E0,0.E0));
#8276=DIRECTION('',(0.E0,0.E0,-1.E0));
#8277=AXIS2_PLACEMENT_3D('',#8274,#8275,#8276);
#8278=CYLINDRICAL_SURFACE('',#8277,3.E0);
#8279=ORIENTED_EDGE('',*,*,#4086,.F.);
#8280=ORIENTED_EDGE('',*,*,#4057,.T.);
#8281=ORIENTED_EDGE('',*,*,#4188,.F.);
#8282=ORIENTED_EDGE('',*,*,#4122,.T.);
#8283=ORIENTED_EDGE('',*,*,#4107,.T.);
#8284=EDGE_LOOP('',(#8279,#8280,#8281,#8282,#8283));
#8285=FACE_OUTER_BOUND('',#8284,.F.);
#8286=ADVANCED_FACE('',(#8285),#8278,.T.);
#8287=CARTESIAN_POINT('',(6.75E1,2.575E1,-1.079833699071E2));
#8288=DIRECTION('',(0.E0,-1.E0,0.E0));
#8289=DIRECTION('',(0.E0,0.E0,-1.E0));
#8290=AXIS2_PLACEMENT_3D('',#8287,#8288,#8289);
#8291=CONICAL_SURFACE('',#8290,1.75E0,4.5E1);
#8293=ORIENTED_EDGE('',*,*,#8292,.T.);
#8295=ORIENTED_EDGE('',*,*,#8294,.F.);
#8296=ORIENTED_EDGE('',*,*,#4067,.F.);
#8298=ORIENTED_EDGE('',*,*,#8297,.T.);
#8299=EDGE_LOOP('',(#8293,#8295,#8296,#8298));
#8300=FACE_OUTER_BOUND('',#8299,.F.);
#8301=ADVANCED_FACE('',(#8300),#8291,.F.);
#8302=CARTESIAN_POINT('',(6.75E1,2.55E1,-1.079833699071E2));
#8303=DIRECTION('',(0.E0,1.E0,0.E0));
#8304=DIRECTION('',(0.E0,0.E0,1.E0));
#8305=AXIS2_PLACEMENT_3D('',#8302,#8303,#8304);
#8306=CYLINDRICAL_SURFACE('',#8305,1.5E0);
#8307=ORIENTED_EDGE('',*,*,#8292,.F.);
#8309=ORIENTED_EDGE('',*,*,#8308,.F.);
#8311=ORIENTED_EDGE('',*,*,#8310,.F.);
#8313=ORIENTED_EDGE('',*,*,#8312,.T.);
#8314=EDGE_LOOP('',(#8307,#8309,#8311,#8313));
#8315=FACE_OUTER_BOUND('',#8314,.F.);
#8316=ADVANCED_FACE('',(#8315),#8306,.F.);
#8317=CARTESIAN_POINT('',(6.75E1,2.55E1,-1.079833699071E2));
#8318=DIRECTION('',(0.E0,1.E0,0.E0));
#8319=DIRECTION('',(0.E0,0.E0,1.E0));
#8320=AXIS2_PLACEMENT_3D('',#8317,#8318,#8319);
#8321=CYLINDRICAL_SURFACE('',#8320,1.5E0);
#8323=ORIENTED_EDGE('',*,*,#8322,.F.);
#8324=ORIENTED_EDGE('',*,*,#8312,.F.);
#8326=ORIENTED_EDGE('',*,*,#8325,.F.);
#8327=ORIENTED_EDGE('',*,*,#8308,.T.);
#8328=EDGE_LOOP('',(#8323,#8324,#8326,#8327));
#8329=FACE_OUTER_BOUND('',#8328,.F.);
#8330=ADVANCED_FACE('',(#8329),#8321,.F.);
#8331=CARTESIAN_POINT('',(6.75E1,2.575E1,-1.079833699071E2));
#8332=DIRECTION('',(0.E0,-1.E0,0.E0));
#8333=DIRECTION('',(0.E0,0.E0,-1.E0));
#8334=AXIS2_PLACEMENT_3D('',#8331,#8332,#8333);
#8335=CONICAL_SURFACE('',#8334,1.75E0,4.5E1);
#8336=ORIENTED_EDGE('',*,*,#8322,.T.);
#8337=ORIENTED_EDGE('',*,*,#8297,.F.);
#8338=ORIENTED_EDGE('',*,*,#4069,.F.);
#8339=ORIENTED_EDGE('',*,*,#8294,.T.);
#8340=EDGE_LOOP('',(#8336,#8337,#8338,#8339));
#8341=FACE_OUTER_BOUND('',#8340,.F.);
#8342=ADVANCED_FACE('',(#8341),#8335,.F.);
#8343=CARTESIAN_POINT('',(6.75E1,3.189603487394E1,-1.079833699071E2));
#8344=DIRECTION('',(0.E0,-1.E0,0.E0));
#8345=DIRECTION('',(0.E0,0.E0,-1.E0));
#8346=AXIS2_PLACEMENT_3D('',#8343,#8344,#8345);
#8347=CONICAL_SURFACE('',#8346,8.408872850064E-1,5.9E1);
#8348=ORIENTED_EDGE('',*,*,#8325,.T.);
#8350=ORIENTED_EDGE('',*,*,#8349,.T.);
#8352=ORIENTED_EDGE('',*,*,#8351,.F.);
#8353=EDGE_LOOP('',(#8348,#8350,#8352));
#8354=FACE_OUTER_BOUND('',#8353,.F.);
#8355=ADVANCED_FACE('',(#8354),#8347,.F.);
#8356=CARTESIAN_POINT('',(6.75E1,3.189603487394E1,-1.079833699071E2));
#8357=DIRECTION('',(0.E0,-1.E0,0.E0));
#8358=DIRECTION('',(0.E0,0.E0,-1.E0));
#8359=AXIS2_PLACEMENT_3D('',#8356,#8357,#8358);
#8360=CONICAL_SURFACE('',#8359,8.408872850064E-1,5.9E1);
#8361=ORIENTED_EDGE('',*,*,#8310,.T.);
#8362=ORIENTED_EDGE('',*,*,#8351,.T.);
#8363=ORIENTED_EDGE('',*,*,#8349,.F.);
#8364=EDGE_LOOP('',(#8361,#8362,#8363));
#8365=FACE_OUTER_BOUND('',#8364,.F.);
#8366=ADVANCED_FACE('',(#8365),#8360,.F.);
#8370=DIMENSIONAL_EXPONENTS(0.E0,0.E0,0.E0,0.E0,0.E0,0.E0,0.E0);
#8372=PLANE_ANGLE_MEASURE_WITH_UNIT(PLANE_ANGLE_MEASURE(1.745329251994E-2),
#8371);
#8373=(CONVERSION_BASED_UNIT('DEGREE',#8372)NAMED_UNIT(*)PLANE_ANGLE_UNIT());
#8375=UNCERTAINTY_MEASURE_WITH_UNIT(LENGTH_MEASURE(1.767131679742E-2),#8369,
'closure',
'Maximum model space distance between geometric entities at asserted connectivities');
#8376=(GEOMETRIC_REPRESENTATION_CONTEXT(3)GLOBAL_UNCERTAINTY_ASSIGNED_CONTEXT((
#8375))GLOBAL_UNIT_ASSIGNED_CONTEXT((#8369,#8373,#8374))REPRESENTATION_CONTEXT(
'ID1','3'));
#8378=APPLICATION_CONTEXT(
'CONFIGURATION CONTROLLED 3D DESIGNS OF MECHANICAL PARTS AND ASSEMBLIES');
#8379=APPLICATION_PROTOCOL_DEFINITION('international standard',
'config_control_design',1994,#8378);
#8380=DESIGN_CONTEXT('',#8378,'design');
#8381=MECHANICAL_CONTEXT('',#8378,'mechanical');
#8382=PRODUCT('KD-D-103L_L_HIP_YOKE_IDLE_1','KD-D-103L_L_HIP_YOKE_IDLE_1',
'NOT SPECIFIED',(#8381));
#8383=PRODUCT_DEFINITION_FORMATION_WITH_SPECIFIED_SOURCE('2','LAST_VERSION',
#8382,.MADE.);
#8387=PRODUCT_CATEGORY('part','');
#8388=PRODUCT_RELATED_PRODUCT_CATEGORY('detail','',(#8382));
#8389=PRODUCT_CATEGORY_RELATIONSHIP('','',#8387,#8388);
#8390=SECURITY_CLASSIFICATION_LEVEL('unclassified');
#8391=SECURITY_CLASSIFICATION('','',#8390);
#8392=CC_DESIGN_SECURITY_CLASSIFICATION(#8391,(#8383));
#8393=APPROVAL_STATUS('approved');
#8394=APPROVAL(#8393,'');
#8395=CC_DESIGN_APPROVAL(#8394,(#8391,#8383,#8384));
#8396=CALENDAR_DATE(125,12,7);
#8397=COORDINATED_UNIVERSAL_TIME_OFFSET(8,0,.AHEAD.);
#8398=LOCAL_TIME(15,28,2.6E1,#8397);
#8399=DATE_AND_TIME(#8396,#8398);
#8400=APPROVAL_DATE_TIME(#8399,#8394);
#8401=DATE_TIME_ROLE('creation_date');
#8402=CC_DESIGN_DATE_AND_TIME_ASSIGNMENT(#8399,#8401,(#8384));
#8403=DATE_TIME_ROLE('classification_date');
#8404=CC_DESIGN_DATE_AND_TIME_ASSIGNMENT(#8399,#8403,(#8391));
#8405=PERSON('UNSPECIFIED','UNSPECIFIED',$,$,$,$);
#8406=ORGANIZATION('UNSPECIFIED','UNSPECIFIED','UNSPECIFIED');
#8407=PERSON_AND_ORGANIZATION(#8405,#8406);
#8408=APPROVAL_ROLE('approver');
#8409=APPROVAL_PERSON_ORGANIZATION(#8407,#8394,#8408);
#8410=PERSON_AND_ORGANIZATION_ROLE('creator');
#8411=CC_DESIGN_PERSON_AND_ORGANIZATION_ASSIGNMENT(#8407,#8410,(#8383,#8384));
#8412=PERSON_AND_ORGANIZATION_ROLE('design_supplier');
#8413=CC_DESIGN_PERSON_AND_ORGANIZATION_ASSIGNMENT(#8407,#8412,(#8383));
#8414=PERSON_AND_ORGANIZATION_ROLE('classification_officer');
#8415=CC_DESIGN_PERSON_AND_ORGANIZATION_ASSIGNMENT(#8407,#8414,(#8391));
#8416=PERSON_AND_ORGANIZATION_ROLE('design_owner');
#8417=CC_DESIGN_PERSON_AND_ORGANIZATION_ASSIGNMENT(#8407,#8416,(#8382));
#5=B_SPLINE_CURVE_WITH_KNOTS('',3,(#1,#2,#3,#4),.UNSPECIFIED.,.F.,.F.,(4,4),(
0.E0,1.E0),.UNSPECIFIED.);
#18=B_SPLINE_CURVE_WITH_KNOTS('',3,(#14,#15,#16,#17),.UNSPECIFIED.,.F.,.F.,(4,
4),(0.E0,1.E0),.UNSPECIFIED.);
#23=CIRCLE('',#22,3.E0);
#28=CIRCLE('',#27,5.7E1);
#33=CIRCLE('',#32,4.E0);
#42=CIRCLE('',#41,3.E0);
#47=CIRCLE('',#46,5.9E1);
#52=CIRCLE('',#51,3.E0);
#57=CIRCLE('',#56,3.E0);
#62=CIRCLE('',#61,2.15E0);
#67=CIRCLE('',#66,2.15E0);
#72=CIRCLE('',#71,2.E0);
#77=CIRCLE('',#76,2.E0);
#89=B_SPLINE_CURVE_WITH_KNOTS('',3,(#82,#83,#84,#85,#86,#87,#88),.UNSPECIFIED.,
.F.,.F.,(4,1,1,1,4),(0.E0,2.499748145481E-1,4.999832095924E-1,7.499916046368E-1,
1.E0),.UNSPECIFIED.);
#104=B_SPLINE_CURVE_WITH_KNOTS('',3,(#94,#95,#96,#97,#98,#99,#100,#101,#102,
#103),.UNSPECIFIED.,.F.,.F.,(4,1,1,1,1,1,1,4),(0.E0,1.428571428571E-1,
2.857142857143E-1,4.285714285714E-1,5.714285714286E-1,7.142857142857E-1,
8.571428571429E-1,1.E0),.UNSPECIFIED.);
#109=B_SPLINE_CURVE_WITH_KNOTS('',3,(#105,#106,#107,#108),.UNSPECIFIED.,.F.,.F.,
(4,4),(0.E0,1.E0),.UNSPECIFIED.);
#126=CIRCLE('',#125,4.747346460953E1);
#139=CIRCLE('',#138,4.E0);
#152=B_SPLINE_CURVE_WITH_KNOTS('',3,(#148,#149,#150,#151),.UNSPECIFIED.,.F.,.F.,
(4,4),(0.E0,1.E0),.UNSPECIFIED.);
#161=CIRCLE('',#160,4.947346460953E1);
#170=CIRCLE('',#169,3.645402992525E1);
#175=CIRCLE('',#174,6.2E1);
#188=CIRCLE('',#187,6.E1);
#193=CIRCLE('',#192,3.445402992525E1);
#202=CIRCLE('',#201,4.747346460953E1);
#207=CIRCLE('',#206,4.E0);
#216=CIRCLE('',#215,3.E0);
#221=CIRCLE('',#220,4.E0);
#226=CIRCLE('',#225,4.E0);
#231=CIRCLE('',#230,3.E0);
#245=B_SPLINE_CURVE_WITH_KNOTS('',3,(#232,#233,#234,#235,#236,#237,#238,#239,
#240,#241,#242,#243,#244),.UNSPECIFIED.,.F.,.F.,(4,1,1,1,1,1,1,1,1,1,4),(0.E0,
1.E-1,2.E-1,3.E-1,4.E-1,5.E-1,6.E-1,7.E-1,8.E-1,9.E-1,1.E0),.UNSPECIFIED.);
#262=B_SPLINE_CURVE_WITH_KNOTS('',3,(#250,#251,#252,#253,#254,#255,#256,#257,
#258,#259,#260,#261),.UNSPECIFIED.,.F.,.F.,(4,1,1,1,1,1,1,1,1,4),(0.E0,
1.111111111111E-1,2.222222222222E-1,3.333333333333E-1,4.444444444444E-1,
5.555555555556E-1,6.666666666667E-1,7.777777777778E-1,8.888888888889E-1,1.E0),
.UNSPECIFIED.);
#270=B_SPLINE_CURVE_WITH_KNOTS('',3,(#263,#264,#265,#266,#267,#268,#269),
.UNSPECIFIED.,.F.,.F.,(4,1,1,1,4),(0.E0,2.499999999998E-1,4.999999999996E-1,
7.499999999995E-1,1.E0),.UNSPECIFIED.);
#281=B_SPLINE_CURVE_WITH_KNOTS('',3,(#275,#276,#277,#278,#279,#280),
.UNSPECIFIED.,.F.,.F.,(4,1,1,4),(0.E0,3.333333333333E-1,6.666666666667E-1,1.E0),
.UNSPECIFIED.);
#287=B_SPLINE_CURVE_WITH_KNOTS('',3,(#282,#283,#284,#285,#286),.UNSPECIFIED.,
.F.,.F.,(4,1,4),(0.E0,5.000000000001E-1,1.E0),.UNSPECIFIED.);
#292=B_SPLINE_CURVE_WITH_KNOTS('',3,(#288,#289,#290,#291),.UNSPECIFIED.,.F.,.F.,
(4,4),(0.E0,1.E0),.UNSPECIFIED.);
#297=CIRCLE('',#296,3.E0);
#305=B_SPLINE_CURVE_WITH_KNOTS('',3,(#298,#299,#300,#301,#302,#303,#304),
.UNSPECIFIED.,.F.,.F.,(4,1,1,1,4),(0.E0,2.5E-1,5.E-1,7.5E-1,1.E0),
.UNSPECIFIED.);
#312=B_SPLINE_CURVE_WITH_KNOTS('',3,(#306,#307,#308,#309,#310,#311),
.UNSPECIFIED.,.F.,.F.,(4,1,1,4),(0.E0,3.333333333333E-1,6.666666666667E-1,1.E0),
.UNSPECIFIED.);
#325=B_SPLINE_CURVE_WITH_KNOTS('',3,(#321,#322,#323,#324),.UNSPECIFIED.,.F.,.F.,
(4,4),(0.E0,1.E0),.UNSPECIFIED.);
#331=B_SPLINE_CURVE_WITH_KNOTS('',3,(#326,#327,#328,#329,#330),.UNSPECIFIED.,
.F.,.F.,(4,1,4),(0.E0,4.999999999999E-1,1.E0),.UNSPECIFIED.);
#339=B_SPLINE_CURVE_WITH_KNOTS('',3,(#332,#333,#334,#335,#336,#337,#338),
.UNSPECIFIED.,.F.,.F.,(4,1,1,1,4),(0.E0,2.5E-1,5.E-1,7.5E-1,1.E0),
.UNSPECIFIED.);
#344=CIRCLE('',#343,3.E0);
#353=B_SPLINE_CURVE_WITH_KNOTS('',3,(#345,#346,#347,#348,#349,#350,#351,#352),
.UNSPECIFIED.,.F.,.F.,(4,1,1,1,1,4),(0.E0,2.E-1,4.E-1,6.E-1,8.E-1,1.E0),
.UNSPECIFIED.);
#361=B_SPLINE_CURVE_WITH_KNOTS('',3,(#354,#355,#356,#357,#358,#359,#360),
.UNSPECIFIED.,.F.,.F.,(4,1,1,1,4),(0.E0,2.5E-1,5.E-1,7.5E-1,1.E0),
.UNSPECIFIED.);
#376=B_SPLINE_CURVE_WITH_KNOTS('',3,(#370,#371,#372,#373,#374,#375),
.UNSPECIFIED.,.F.,.F.,(4,1,1,4),(0.E0,3.333333333333E-1,6.666666666667E-1,1.E0),
.UNSPECIFIED.);
#419=B_SPLINE_CURVE_WITH_KNOTS('',3,(#385,#386,#387,#388,#389,#390,#391,#392,
#393,#394,#395,#396,#397,#398,#399,#400,#401,#402,#403,#404,#405,#406,#407,#408,
#409,#410,#411,#412,#413,#414,#415,#416,#417,#418),.UNSPECIFIED.,.F.,.F.,(4,1,1,
1,1,1,1,1,1,1,1,1,1,1,1,1,1,1,1,1,1,1,1,1,1,1,1,1,1,1,1,4),(0.E0,
3.225806451613E-2,6.451612903226E-2,9.677419354839E-2,1.290322580645E-1,
1.612903225806E-1,1.935483870968E-1,2.258064516129E-1,2.580645161290E-1,
2.903225806452E-1,3.225806451613E-1,3.548387096774E-1,3.870967741935E-1,
4.193548387097E-1,4.516129032258E-1,4.838709677419E-1,5.161290322581E-1,
5.483870967742E-1,5.806451612903E-1,6.129032258065E-1,6.451612903226E-1,
6.774193548387E-1,7.096774193548E-1,7.419354838710E-1,7.741935483871E-1,
8.064516129032E-1,8.387096774194E-1,8.709677419355E-1,9.032258064516E-1,
9.354838709677E-1,9.677419354839E-1,1.E0),.UNSPECIFIED.);
#442=B_SPLINE_CURVE_WITH_KNOTS('',3,(#424,#425,#426,#427,#428,#429,#430,#431,
#432,#433,#434,#435,#436,#437,#438,#439,#440,#441),.UNSPECIFIED.,.F.,.F.,(4,1,1,
1,1,1,1,1,1,1,1,1,1,1,1,4),(0.E0,6.666666666667E-2,1.333333333333E-1,2.E-1,
2.666666666667E-1,3.333333333333E-1,4.E-1,4.666666666667E-1,5.333333333333E-1,
6.E-1,6.666666666667E-1,7.333333333333E-1,8.E-1,8.666666666667E-1,
9.333333333333E-1,1.E0),.UNSPECIFIED.);
#447=B_SPLINE_CURVE_WITH_KNOTS('',3,(#443,#444,#445,#446),.UNSPECIFIED.,.F.,.F.,
(4,4),(0.E0,1.E0),.UNSPECIFIED.);
#452=B_SPLINE_CURVE_WITH_KNOTS('',3,(#448,#449,#450,#451),.UNSPECIFIED.,.F.,.F.,
(4,4),(0.E0,1.E0),.UNSPECIFIED.);
#459=B_SPLINE_CURVE_WITH_KNOTS('',3,(#453,#454,#455,#456,#457,#458),
.UNSPECIFIED.,.F.,.F.,(4,1,1,4),(0.E0,3.333333333333E-1,6.666666666667E-1,1.E0),
.UNSPECIFIED.);
#464=CIRCLE('',#463,3.E0);
#472=B_SPLINE_CURVE_WITH_KNOTS('',3,(#465,#466,#467,#468,#469,#470,#471),
.UNSPECIFIED.,.F.,.F.,(4,1,1,1,4),(0.E0,2.5E-1,5.E-1,7.5E-1,1.E0),
.UNSPECIFIED.);
#477=CIRCLE('',#476,3.E0);
#482=CIRCLE('',#481,3.E0);
#495=B_SPLINE_CURVE_WITH_KNOTS('',3,(#491,#492,#493,#494),.UNSPECIFIED.,.F.,.F.,
(4,4),(0.E0,1.E0),.UNSPECIFIED.);
#501=B_SPLINE_CURVE_WITH_KNOTS('',3,(#496,#497,#498,#499,#500),.UNSPECIFIED.,
.F.,.F.,(4,1,4),(0.E0,5.E-1,1.E0),.UNSPECIFIED.);
#508=B_SPLINE_CURVE_WITH_KNOTS('',3,(#502,#503,#504,#505,#506,#507),
.UNSPECIFIED.,.F.,.F.,(4,1,1,4),(0.E0,2.499999999995E-1,5.000000000008E-1,1.E0),
.UNSPECIFIED.);
#513=B_SPLINE_CURVE_WITH_KNOTS('',3,(#509,#510,#511,#512),.UNSPECIFIED.,.F.,.F.,
(4,4),(0.E0,1.E0),.UNSPECIFIED.);
#518=CIRCLE('',#517,1.28E1);
#523=CIRCLE('',#522,1.28E1);
#528=CIRCLE('',#527,1.28E1);
#533=CIRCLE('',#532,1.28E1);
#538=CIRCLE('',#537,1.3E0);
#551=CIRCLE('',#550,3.E0);
#556=CIRCLE('',#555,3.E0);
#565=CIRCLE('',#564,3.E0);
#574=CIRCLE('',#573,1.434391383634E1);
#579=CIRCLE('',#578,1.434391383634E1);
#584=CIRCLE('',#583,1.434391383634E1);
#589=CIRCLE('',#588,1.434391383634E1);
#598=CIRCLE('',#597,3.E0);
#603=CIRCLE('',#602,3.E0);
#608=CIRCLE('',#607,5.7E1);
#613=CIRCLE('',#612,3.E0);
#626=CIRCLE('',#625,1.3E0);
#631=CIRCLE('',#630,3.E-1);
#636=CIRCLE('',#635,1.25E1);
#641=CIRCLE('',#640,1.25E1);
#646=CIRCLE('',#645,1.25E1);
#653=B_SPLINE_CURVE_WITH_KNOTS('',3,(#647,#648,#649,#650,#651,#652),
.UNSPECIFIED.,.F.,.F.,(4,1,1,4),(0.E0,3.333333333333E-1,6.666666666667E-1,1.E0),
.UNSPECIFIED.);
#658=CIRCLE('',#657,3.E-1);
#663=CIRCLE('',#662,1.E0);
#668=CIRCLE('',#667,1.E0);
#677=CIRCLE('',#676,1.E0);
#682=CIRCLE('',#681,8.5E0);
#687=CIRCLE('',#686,8.5E0);
#692=CIRCLE('',#691,8.5E0);
#697=CIRCLE('',#696,1.E0);
#702=CIRCLE('',#701,1.E0);
#711=CIRCLE('',#710,1.E0);
#716=CIRCLE('',#715,1.2E1);
#721=CIRCLE('',#720,1.2E1);
#726=CIRCLE('',#725,1.2E1);
#731=CIRCLE('',#730,1.E0);
#758=B_SPLINE_CURVE_WITH_KNOTS('',3,(#748,#749,#750,#751,#752,#753,#754,#755,
#756,#757),.UNSPECIFIED.,.F.,.F.,(4,1,1,1,1,1,1,4),(0.E0,1.428571428571E-1,
2.857142857143E-1,4.285714285714E-1,5.714285714286E-1,7.142857142857E-1,
8.571428571429E-1,1.E0),.UNSPECIFIED.);
#769=B_SPLINE_CURVE_WITH_KNOTS('',3,(#759,#760,#761,#762,#763,#764,#765,#766,
#767,#768),.UNSPECIFIED.,.F.,.F.,(4,1,1,1,1,1,1,4),(0.E0,1.428571428571E-1,
2.857142857143E-1,4.285714285714E-1,5.714285714286E-1,7.142857142857E-1,
8.571428571429E-1,1.E0),.UNSPECIFIED.);
#774=CIRCLE('',#773,1.25E1);
#779=CIRCLE('',#778,1.25E1);
#784=CIRCLE('',#783,1.25E1);
#791=B_SPLINE_CURVE_WITH_KNOTS('',3,(#785,#786,#787,#788,#789,#790),
.UNSPECIFIED.,.F.,.F.,(4,1,1,4),(0.E0,3.333333333333E-1,6.666666666667E-1,1.E0),
.UNSPECIFIED.);
#798=B_SPLINE_CURVE_WITH_KNOTS('',3,(#792,#793,#794,#795,#796,#797),
.UNSPECIFIED.,.F.,.F.,(4,1,1,4),(0.E0,3.333333333333E-1,6.666666666667E-1,1.E0),
.UNSPECIFIED.);
#803=CIRCLE('',#802,1.E0);
#808=CIRCLE('',#807,1.E0);
#815=B_SPLINE_CURVE_WITH_KNOTS('',3,(#809,#810,#811,#812,#813,#814),
.UNSPECIFIED.,.F.,.F.,(4,1,1,4),(0.E0,3.333333333333E-1,6.666666666667E-1,1.E0),
.UNSPECIFIED.);
#824=B_SPLINE_CURVE_WITH_KNOTS('',3,(#816,#817,#818,#819,#820,#821,#822,#823),
.UNSPECIFIED.,.F.,.F.,(4,1,1,1,1,4),(0.E0,2.E-1,4.E-1,6.E-1,8.E-1,1.E0),
.UNSPECIFIED.);
#833=B_SPLINE_CURVE_WITH_KNOTS('',3,(#825,#826,#827,#828,#829,#830,#831,#832),
.UNSPECIFIED.,.F.,.F.,(4,1,1,1,1,4),(0.E0,2.E-1,4.E-1,6.E-1,8.E-1,1.E0),
.UNSPECIFIED.);
#838=B_SPLINE_CURVE_WITH_KNOTS('',3,(#834,#835,#836,#837),.UNSPECIFIED.,.F.,.F.,
(4,4),(0.E0,1.E0),.UNSPECIFIED.);
#847=B_SPLINE_CURVE_WITH_KNOTS('',3,(#839,#840,#841,#842,#843,#844,#845,#846),
.UNSPECIFIED.,.F.,.F.,(4,1,1,1,1,4),(0.E0,2.E-1,4.E-1,6.E-1,8.E-1,1.E0),
.UNSPECIFIED.);
#854=B_SPLINE_CURVE_WITH_KNOTS('',3,(#848,#849,#850,#851,#852,#853),
.UNSPECIFIED.,.F.,.F.,(4,1,1,4),(0.E0,4.999999999992E-1,7.500000000005E-1,1.E0),
.UNSPECIFIED.);
#859=CIRCLE('',#858,2.4E1);
#868=CIRCLE('',#867,1.E0);
#873=CIRCLE('',#872,1.E0);
#878=CIRCLE('',#877,8.5E0);
#883=CIRCLE('',#882,8.5E0);
#888=CIRCLE('',#887,8.5E0);
#893=CIRCLE('',#892,1.E0);
#902=CIRCLE('',#901,2.4E1);
#920=B_SPLINE_CURVE_WITH_KNOTS('',3,(#915,#916,#917,#918,#919),.UNSPECIFIED.,
.F.,.F.,(4,1,4),(0.E0,2.207308419198E-1,1.E0),.UNSPECIFIED.);
#925=B_SPLINE_CURVE_WITH_KNOTS('',3,(#921,#922,#923,#924),.UNSPECIFIED.,.F.,.F.,
(4,4),(0.E0,1.E0),.UNSPECIFIED.);
#932=B_SPLINE_CURVE_WITH_KNOTS('',3,(#926,#927,#928,#929,#930,#931),
.UNSPECIFIED.,.F.,.F.,(4,1,1,4),(0.E0,3.333333333333E-1,6.666666666667E-1,1.E0),
.UNSPECIFIED.);
#941=B_SPLINE_CURVE_WITH_KNOTS('',3,(#933,#934,#935,#936,#937,#938,#939,#940),
.UNSPECIFIED.,.F.,.F.,(4,1,1,1,1,4),(0.E0,2.E-1,4.E-1,6.E-1,8.E-1,1.E0),
.UNSPECIFIED.);
#948=B_SPLINE_CURVE_WITH_KNOTS('',3,(#942,#943,#944,#945,#946,#947),
.UNSPECIFIED.,.F.,.F.,(4,1,1,4),(0.E0,3.333333333333E-1,6.666666666667E-1,1.E0),
.UNSPECIFIED.);
#954=B_SPLINE_CURVE_WITH_KNOTS('',3,(#949,#950,#951,#952,#953),.UNSPECIFIED.,
.F.,.F.,(4,1,4),(0.E0,5.029995463751E-1,1.E0),.UNSPECIFIED.);
#961=B_SPLINE_CURVE_WITH_KNOTS('',3,(#955,#956,#957,#958,#959,#960),
.UNSPECIFIED.,.F.,.F.,(4,1,1,4),(0.E0,3.333333333333E-1,6.666666666667E-1,1.E0),
.UNSPECIFIED.);
#966=CIRCLE('',#965,3.E0);
#974=B_SPLINE_CURVE_WITH_KNOTS('',3,(#967,#968,#969,#970,#971,#972,#973),
.UNSPECIFIED.,.F.,.F.,(4,1,1,1,4),(0.E0,2.5E-1,5.E-1,7.5E-1,1.E0),
.UNSPECIFIED.);
#983=CIRCLE('',#982,3.E0);
#988=CIRCLE('',#987,3.E0);
#996=B_SPLINE_CURVE_WITH_KNOTS('',3,(#989,#990,#991,#992,#993,#994,#995),
.UNSPECIFIED.,.F.,.F.,(4,1,1,1,4),(0.E0,2.5E-1,5.E-1,7.5E-1,1.E0),
.UNSPECIFIED.);
#1001=CIRCLE('',#1000,3.E0);
#1006=CIRCLE('',#1005,3.E0);
#1011=CIRCLE('',#1010,3.E0);
#1016=CIRCLE('',#1015,3.E0);
#1021=CIRCLE('',#1020,3.E0);
#1026=CIRCLE('',#1025,3.E0);
#1046=B_SPLINE_CURVE_WITH_KNOTS('',3,(#1039,#1040,#1041,#1042,#1043,#1044,
#1045),.UNSPECIFIED.,.F.,.F.,(4,1,1,1,4),(0.E0,2.5E-1,5.E-1,7.5E-1,1.E0),
.UNSPECIFIED.);
#1056=B_SPLINE_CURVE_WITH_KNOTS('',3,(#1051,#1052,#1053,#1054,#1055),
.UNSPECIFIED.,.F.,.F.,(4,1,4),(0.E0,4.999999999175E-1,1.E0),.UNSPECIFIED.);
#1061=CIRCLE('',#1060,3.E0);
#1070=CIRCLE('',#1069,3.E0);
#1079=CIRCLE('',#1078,3.E0);
#1100=CIRCLE('',#1099,2.65E0);
#1105=CIRCLE('',#1104,2.65E0);
#1110=CIRCLE('',#1109,2.65E0);
#1115=CIRCLE('',#1114,2.65E0);
#1120=CIRCLE('',#1119,2.65E0);
#1125=CIRCLE('',#1124,2.65E0);
#1130=CIRCLE('',#1129,2.E0);
#1135=CIRCLE('',#1134,2.E0);
#1159=B_SPLINE_CURVE_WITH_KNOTS('',3,(#1152,#1153,#1154,#1155,#1156,#1157,
#1158),.UNSPECIFIED.,.F.,.F.,(4,1,1,1,4),(0.E0,2.499856788087E-1,
4.999904525393E-1,7.499952262699E-1,1.E0),.UNSPECIFIED.);
#1168=B_SPLINE_CURVE_WITH_KNOTS('',3,(#1164,#1165,#1166,#1167),.UNSPECIFIED.,
.F.,.F.,(4,4),(0.E0,1.E0),.UNSPECIFIED.);
#1173=B_SPLINE_CURVE_WITH_KNOTS('',3,(#1169,#1170,#1171,#1172),.UNSPECIFIED.,
.F.,.F.,(4,4),(0.E0,1.E0),.UNSPECIFIED.);
#1181=B_SPLINE_CURVE_WITH_KNOTS('',3,(#1174,#1175,#1176,#1177,#1178,#1179,
#1180),.UNSPECIFIED.,.F.,.F.,(4,1,1,1,4),(0.E0,2.5E-1,5.E-1,7.5E-1,1.E0),
.UNSPECIFIED.);
#1190=B_SPLINE_CURVE_WITH_KNOTS('',3,(#1186,#1187,#1188,#1189),.UNSPECIFIED.,
.F.,.F.,(4,4),(0.E0,1.E0),.UNSPECIFIED.);
#1199=CIRCLE('',#1198,3.E0);
#1204=CIRCLE('',#1203,3.E0);
#1214=B_SPLINE_CURVE_WITH_KNOTS('',3,(#1205,#1206,#1207,#1208,#1209,#1210,#1211,
#1212,#1213),.UNSPECIFIED.,.F.,.F.,(4,1,1,1,1,1,4),(0.E0,1.666666666667E-1,
3.333333333333E-1,5.E-1,6.666666666667E-1,8.333333333333E-1,1.E0),
.UNSPECIFIED.);
#1219=CIRCLE('',#1218,3.E0);
#1224=B_SPLINE_CURVE_WITH_KNOTS('',3,(#1220,#1221,#1222,#1223),.UNSPECIFIED.,
.F.,.F.,(4,4),(0.E0,1.E0),.UNSPECIFIED.);
#1238=B_SPLINE_CURVE_WITH_KNOTS('',3,(#1229,#1230,#1231,#1232,#1233,#1234,#1235,
#1236,#1237),.UNSPECIFIED.,.F.,.F.,(4,1,1,1,1,1,4),(0.E0,1.666666666667E-1,
3.333333333333E-1,5.E-1,6.666666666667E-1,8.333333333333E-1,1.E0),
.UNSPECIFIED.);
#1243=B_SPLINE_CURVE_WITH_KNOTS('',3,(#1239,#1240,#1241,#1242),.UNSPECIFIED.,
.F.,.F.,(4,4),(0.E0,1.E0),.UNSPECIFIED.);
#1260=CIRCLE('',#1259,3.145402992525E1);
#1267=B_SPLINE_CURVE_WITH_KNOTS('',3,(#1261,#1262,#1263,#1264,#1265,#1266),
.UNSPECIFIED.,.F.,.F.,(4,1,1,4),(0.E0,3.333333333333E-1,6.666666666667E-1,1.E0),
.UNSPECIFIED.);
#1275=B_SPLINE_CURVE_WITH_KNOTS('',3,(#1268,#1269,#1270,#1271,#1272,#1273,
#1274),.UNSPECIFIED.,.F.,.F.,(4,1,1,1,4),(0.E0,2.5E-1,5.E-1,7.5E-1,1.E0),
.UNSPECIFIED.);
#1280=CIRCLE('',#1279,3.445402992525E1);
#1320=B_SPLINE_CURVE_WITH_KNOTS('',3,(#1289,#1290,#1291,#1292,#1293,#1294,#1295,
#1296,#1297,#1298,#1299,#1300,#1301,#1302,#1303,#1304,#1305,#1306,#1307,#1308,
#1309,#1310,#1311,#1312,#1313,#1314,#1315,#1316,#1317,#1318,#1319),
.UNSPECIFIED.,.F.,.F.,(4,1,1,1,1,1,1,1,1,1,1,1,1,1,1,1,1,1,1,1,1,1,1,1,1,1,1,1,
4),(0.E0,3.571428571429E-2,7.142857142857E-2,1.071428571429E-1,
1.428571428571E-1,1.785714285714E-1,2.142857142857E-1,2.5E-1,2.857142857143E-1,
3.214285714286E-1,3.571428571429E-1,3.928571428571E-1,4.285714285714E-1,
4.642857142857E-1,5.E-1,5.357142857143E-1,5.714285714286E-1,6.071428571429E-1,
6.428571428571E-1,6.785714285714E-1,7.142857142857E-1,7.5E-1,7.857142857143E-1,
8.214285714286E-1,8.571428571429E-1,8.928571428571E-1,9.285714285714E-1,
9.642857142857E-1,1.E0),.UNSPECIFIED.);
#1340=B_SPLINE_CURVE_WITH_KNOTS('',3,(#1333,#1334,#1335,#1336,#1337,#1338,
#1339),.UNSPECIFIED.,.F.,.F.,(4,1,1,1,4),(0.E0,2.502073403567E-1,
5.004146807138E-1,7.506220210709E-1,1.E0),.UNSPECIFIED.);
#1345=B_SPLINE_CURVE_WITH_KNOTS('',3,(#1341,#1342,#1343,#1344),.UNSPECIFIED.,
.F.,.F.,(4,4),(0.E0,1.E0),.UNSPECIFIED.);
#1358=CIRCLE('',#1357,3.E0);
#1369=B_SPLINE_CURVE_WITH_KNOTS('',3,(#1359,#1360,#1361,#1362,#1363,#1364,#1365,
#1366,#1367,#1368),.UNSPECIFIED.,.F.,.F.,(4,1,1,1,1,1,1,4),(0.E0,
1.428571428571E-1,2.857142857143E-1,4.285714285714E-1,5.714285714286E-1,
7.142857142857E-1,8.571428571429E-1,1.E0),.UNSPECIFIED.);
#1374=CIRCLE('',#1373,3.E0);
#1382=B_SPLINE_CURVE_WITH_KNOTS('',3,(#1375,#1376,#1377,#1378,#1379,#1380,
#1381),.UNSPECIFIED.,.F.,.F.,(4,1,1,1,4),(0.E0,2.5E-1,5.E-1,7.5E-1,1.E0),
.UNSPECIFIED.);
#1387=CIRCLE('',#1386,3.E0);
#1396=B_SPLINE_CURVE_WITH_KNOTS('',3,(#1392,#1393,#1394,#1395),.UNSPECIFIED.,
.F.,.F.,(4,4),(0.E0,1.E0),.UNSPECIFIED.);
#1416=B_SPLINE_CURVE_WITH_KNOTS('',3,(#1401,#1402,#1403,#1404,#1405,#1406,#1407,
#1408,#1409,#1410,#1411,#1412,#1413,#1414,#1415),.UNSPECIFIED.,.F.,.F.,(4,1,1,1,
1,1,1,1,1,1,1,1,4),(0.E0,8.333333333333E-2,1.666666666667E-1,2.5E-1,
3.333333333333E-1,4.166666666667E-1,5.E-1,5.833333333333E-1,6.666666666667E-1,
7.5E-1,8.333333333333E-1,9.166666666667E-1,1.E0),.UNSPECIFIED.);
#1441=B_SPLINE_CURVE_WITH_KNOTS('',3,(#1433,#1434,#1435,#1436,#1437,#1438,#1439,
#1440),.UNSPECIFIED.,.F.,.F.,(4,1,1,1,1,4),(0.E0,1.25E-1,2.5E-1,5.E-1,7.5E-1,
1.E0),.UNSPECIFIED.);
#1446=CIRCLE('',#1445,4.875E0);
#1451=CIRCLE('',#1450,4.875E0);
#1456=CIRCLE('',#1455,3.15E0);
#1461=CIRCLE('',#1460,3.15E0);
#1481=B_SPLINE_CURVE_WITH_KNOTS('',3,(#1466,#1467,#1468,#1469,#1470,#1471,#1472,
#1473,#1474,#1475,#1476,#1477,#1478,#1479,#1480),.UNSPECIFIED.,.F.,.F.,(4,1,1,1,
1,1,1,1,1,1,1,1,4),(0.E0,8.333333333333E-2,1.666666666667E-1,2.5E-1,
3.333333333333E-1,4.166666666667E-1,5.E-1,5.833333333333E-1,6.666666666667E-1,
7.5E-1,8.333333333333E-1,9.166666666667E-1,1.E0),.UNSPECIFIED.);
#1490=B_SPLINE_CURVE_WITH_KNOTS('',3,(#1482,#1483,#1484,#1485,#1486,#1487,#1488,
#1489),.UNSPECIFIED.,.F.,.F.,(4,1,1,1,1,4),(0.E0,2.5E-1,5.E-1,7.5E-1,8.75E-1,
1.E0),.UNSPECIFIED.);
#1504=B_SPLINE_CURVE_WITH_KNOTS('',3,(#1491,#1492,#1493,#1494,#1495,#1496,#1497,
#1498,#1499,#1500,#1501,#1502,#1503),.UNSPECIFIED.,.F.,.F.,(4,1,1,1,1,1,1,1,1,1,
4),(0.E0,1.25E-1,2.5E-1,3.75E-1,4.375E-1,5.E-1,5.625E-1,6.25E-1,7.5E-1,8.75E-1,
1.E0),.UNSPECIFIED.);
#1518=B_SPLINE_CURVE_WITH_KNOTS('',3,(#1505,#1506,#1507,#1508,#1509,#1510,#1511,
#1512,#1513,#1514,#1515,#1516,#1517),.UNSPECIFIED.,.F.,.F.,(4,1,1,1,1,1,1,1,1,1,
4),(0.E0,1.25E-1,2.5E-1,3.75E-1,4.375E-1,5.E-1,5.625E-1,6.25E-1,7.5E-1,8.75E-1,
1.E0),.UNSPECIFIED.);
#1540=B_SPLINE_CURVE_WITH_KNOTS('',3,(#1527,#1528,#1529,#1530,#1531,#1532,#1533,
#1534,#1535,#1536,#1537,#1538,#1539),.UNSPECIFIED.,.F.,.F.,(4,1,1,1,1,1,1,1,1,1,
4),(0.E0,1.E-1,2.E-1,3.E-1,4.E-1,5.E-1,6.E-1,7.E-1,8.E-1,9.E-1,1.E0),
.UNSPECIFIED.);
#1557=B_SPLINE_CURVE_WITH_KNOTS('',3,(#1541,#1542,#1543,#1544,#1545,#1546,#1547,
#1548,#1549,#1550,#1551,#1552,#1553,#1554,#1555,#1556),.UNSPECIFIED.,.F.,.F.,(4,
1,1,1,1,1,1,1,1,1,1,1,1,4),(0.E0,7.692307692308E-2,1.538461538462E-1,
2.307692307692E-1,3.076923076923E-1,3.846153846154E-1,4.615384615385E-1,
5.384615384615E-1,6.153846153846E-1,6.923076923077E-1,7.692307692308E-1,
8.461538461538E-1,9.230769230769E-1,1.E0),.UNSPECIFIED.);
#1574=B_SPLINE_CURVE_WITH_KNOTS('',3,(#1558,#1559,#1560,#1561,#1562,#1563,#1564,
#1565,#1566,#1567,#1568,#1569,#1570,#1571,#1572,#1573),.UNSPECIFIED.,.F.,.F.,(4,
1,1,1,1,1,1,1,1,1,1,1,1,4),(0.E0,7.692307692308E-2,1.538461538462E-1,
2.307692307692E-1,3.076923076923E-1,3.846153846154E-1,4.615384615385E-1,
5.384615384615E-1,6.153846153846E-1,6.923076923077E-1,7.692307692308E-1,
8.461538461538E-1,9.230769230769E-1,1.E0),.UNSPECIFIED.);
#1585=B_SPLINE_CURVE_WITH_KNOTS('',3,(#1579,#1580,#1581,#1582,#1583,#1584),
.UNSPECIFIED.,.F.,.F.,(4,1,1,4),(0.E0,3.333333333333E-1,6.666666666667E-1,1.E0),
.UNSPECIFIED.);
#1599=B_SPLINE_CURVE_WITH_KNOTS('',3,(#1590,#1591,#1592,#1593,#1594,#1595,#1596,
#1597,#1598),.UNSPECIFIED.,.F.,.F.,(4,1,1,1,1,1,4),(0.E0,1.666666666667E-1,
3.333333333333E-1,5.E-1,6.666666666667E-1,8.333333333333E-1,1.E0),
.UNSPECIFIED.);
#1608=B_SPLINE_CURVE_WITH_KNOTS('',3,(#1604,#1605,#1606,#1607),.UNSPECIFIED.,
.F.,.F.,(4,4),(0.E0,1.E0),.UNSPECIFIED.);
#1613=B_SPLINE_CURVE_WITH_KNOTS('',3,(#1609,#1610,#1611,#1612),.UNSPECIFIED.,
.F.,.F.,(4,4),(0.E0,1.E0),.UNSPECIFIED.);
#1622=B_SPLINE_CURVE_WITH_KNOTS('',3,(#1614,#1615,#1616,#1617,#1618,#1619,#1620,
#1621),.UNSPECIFIED.,.F.,.F.,(4,1,1,1,1,4),(0.E0,2.E-1,4.E-1,6.E-1,8.E-1,1.E0),
.UNSPECIFIED.);
#1631=CIRCLE('',#1630,5.7E1);
#1640=CIRCLE('',#1639,2.E0);
#1647=B_SPLINE_CURVE_WITH_KNOTS('',3,(#1641,#1642,#1643,#1644,#1645,#1646),
.UNSPECIFIED.,.F.,.F.,(4,1,1,4),(0.E0,3.333333333333E-1,6.666666666667E-1,1.E0),
.UNSPECIFIED.);
#1654=B_SPLINE_CURVE_WITH_KNOTS('',3,(#1648,#1649,#1650,#1651,#1652,#1653),
.UNSPECIFIED.,.F.,.F.,(4,1,1,4),(0.E0,3.333333333333E-1,6.666666666667E-1,1.E0),
.UNSPECIFIED.);
#1662=B_SPLINE_CURVE_WITH_KNOTS('',3,(#1655,#1656,#1657,#1658,#1659,#1660,
#1661),.UNSPECIFIED.,.F.,.F.,(4,1,1,1,4),(0.E0,2.5E-1,5.E-1,7.5E-1,1.E0),
.UNSPECIFIED.);
#1694=B_SPLINE_CURVE_WITH_KNOTS('',3,(#1683,#1684,#1685,#1686,#1687,#1688,#1689,
#1690,#1691,#1692,#1693),.UNSPECIFIED.,.F.,.F.,(4,1,1,1,1,1,1,1,4),(0.E0,
1.25E-1,2.5E-1,3.75E-1,5.E-1,6.25E-1,7.5E-1,8.75E-1,1.E0),.UNSPECIFIED.);
#1699=CIRCLE('',#1698,4.E0);
#1708=CIRCLE('',#1707,2.E0);
#1717=B_SPLINE_CURVE_WITH_KNOTS('',3,(#1709,#1710,#1711,#1712,#1713,#1714,#1715,
#1716),.UNSPECIFIED.,.F.,.F.,(4,1,1,1,1,4),(0.E0,2.E-1,4.E-1,6.E-1,8.E-1,1.E0),
.UNSPECIFIED.);
#1727=B_SPLINE_CURVE_WITH_KNOTS('',3,(#1722,#1723,#1724,#1725,#1726),
.UNSPECIFIED.,.F.,.F.,(4,1,4),(0.E0,5.E-1,1.E0),.UNSPECIFIED.);
#1744=CIRCLE('',#1743,3.2475E1);
#1749=CIRCLE('',#1748,3.2475E1);
#1766=CIRCLE('',#1765,4.4475E1);
#1771=CIRCLE('',#1770,4.4475E1);
#1792=CIRCLE('',#1791,4.2475E1);
#1797=CIRCLE('',#1796,4.2475E1);
#1806=CIRCLE('',#1805,4.E0);
#1819=CIRCLE('',#1818,4.4475E1);
#1824=CIRCLE('',#1823,4.4475E1);
#1833=CIRCLE('',#1832,2.5E0);
#1838=CIRCLE('',#1837,2.5E0);
#1843=CIRCLE('',#1842,5.5E1);
#1896=B_SPLINE_CURVE_WITH_KNOTS('',3,(#1852,#1853,#1854,#1855,#1856,#1857,#1858,
#1859,#1860,#1861,#1862,#1863,#1864,#1865,#1866,#1867,#1868,#1869,#1870,#1871,
#1872,#1873,#1874,#1875,#1876,#1877,#1878,#1879,#1880,#1881,#1882,#1883,#1884,
#1885,#1886,#1887,#1888,#1889,#1890,#1891,#1892,#1893,#1894,#1895),
.UNSPECIFIED.,.F.,.F.,(4,1,1,1,1,1,1,1,1,1,1,1,1,1,1,1,1,1,1,1,1,1,1,1,1,1,1,1,
1,1,1,1,1,1,1,1,1,1,1,1,1,4),(0.E0,2.439024390244E-2,4.878048780488E-2,
7.317073170732E-2,9.756097560976E-2,1.219512195122E-1,1.463414634146E-1,
1.707317073171E-1,1.951219512195E-1,2.195121951220E-1,2.439024390244E-1,
2.682926829268E-1,2.926829268293E-1,3.170731707317E-1,3.414634146341E-1,
3.658536585366E-1,3.902439024390E-1,4.146341463415E-1,4.390243902439E-1,
4.634146341463E-1,4.878048780488E-1,5.121951219512E-1,5.365853658537E-1,
5.609756097561E-1,5.853658536585E-1,6.097560975610E-1,6.341463414634E-1,
6.585365853659E-1,6.829268292683E-1,7.073170731707E-1,7.317073170732E-1,
7.560975609756E-1,7.804878048780E-1,8.048780487805E-1,8.292682926829E-1,
8.536585365854E-1,8.780487804878E-1,9.024390243902E-1,9.268292682927E-1,
9.512195121951E-1,9.756097560976E-1,1.E0),.UNSPECIFIED.);
#1901=CIRCLE('',#1900,4.E0);
#1906=CIRCLE('',#1905,4.E0);
#1911=CIRCLE('',#1910,4.E0);
#1916=CIRCLE('',#1915,4.E0);
#1921=CIRCLE('',#1920,4.E0);
#1934=CIRCLE('',#1933,4.E0);
#1939=CIRCLE('',#1938,4.2475E1);
#1944=CIRCLE('',#1943,4.2475E1);
#1949=CIRCLE('',#1948,4.E0);
#1954=CIRCLE('',#1953,4.130342712475E1);
#1959=CIRCLE('',#1958,4.130342712475E1);
#1972=CIRCLE('',#1971,4.E0);
#1977=CIRCLE('',#1976,4.E0);
#1984=B_SPLINE_CURVE_WITH_KNOTS('',3,(#1978,#1979,#1980,#1981,#1982,#1983),
.UNSPECIFIED.,.F.,.F.,(4,1,1,4),(0.E0,3.333333333333E-1,6.666666666667E-1,1.E0),
.UNSPECIFIED.);
#1995=B_SPLINE_CURVE_WITH_KNOTS('',3,(#1985,#1986,#1987,#1988,#1989,#1990,#1991,
#1992,#1993,#1994),.UNSPECIFIED.,.F.,.F.,(4,1,1,1,1,1,1,4),(0.E0,
1.428571428571E-1,2.857142857143E-1,4.285714285714E-1,5.714285714286E-1,
7.142857142857E-1,8.571428571429E-1,1.E0),.UNSPECIFIED.);
#2000=CIRCLE('',#1999,4.E0);
#2018=B_SPLINE_CURVE_WITH_KNOTS('',3,(#2009,#2010,#2011,#2012,#2013,#2014,#2015,
#2016,#2017),.UNSPECIFIED.,.F.,.F.,(4,1,1,1,1,1,4),(0.E0,1.666666666667E-1,
3.333333333333E-1,5.E-1,6.666666666667E-1,8.333333333333E-1,1.E0),
.UNSPECIFIED.);
#2023=B_SPLINE_CURVE_WITH_KNOTS('',3,(#2019,#2020,#2021,#2022),.UNSPECIFIED.,
.F.,.F.,(4,4),(0.E0,1.E0),.UNSPECIFIED.);
#2028=B_SPLINE_CURVE_WITH_KNOTS('',3,(#2024,#2025,#2026,#2027),.UNSPECIFIED.,
.F.,.F.,(4,4),(0.E0,1.E0),.UNSPECIFIED.);
#2037=B_SPLINE_CURVE_WITH_KNOTS('',3,(#2029,#2030,#2031,#2032,#2033,#2034,#2035,
#2036),.UNSPECIFIED.,.F.,.F.,(4,1,1,1,1,4),(0.E0,2.E-1,4.E-1,6.E-1,8.E-1,1.E0),
.UNSPECIFIED.);
#2042=CIRCLE('',#2041,3.E0);
#2049=B_SPLINE_CURVE_WITH_KNOTS('',3,(#2043,#2044,#2045,#2046,#2047,#2048),
.UNSPECIFIED.,.F.,.F.,(4,1,1,4),(0.E0,4.970011685795E-1,7.485005842902E-1,1.E0),
.UNSPECIFIED.);
#2056=B_SPLINE_CURVE_WITH_KNOTS('',3,(#2050,#2051,#2052,#2053,#2054,#2055),
.UNSPECIFIED.,.F.,.F.,(4,1,1,4),(0.E0,2.514994163691E-1,5.029988327346E-1,1.E0),
.UNSPECIFIED.);
#2065=B_SPLINE_CURVE_WITH_KNOTS('',3,(#2057,#2058,#2059,#2060,#2061,#2062,#2063,
#2064),.UNSPECIFIED.,.F.,.F.,(4,1,1,1,1,4),(0.E0,2.E-1,4.E-1,6.E-1,8.E-1,1.E0),
.UNSPECIFIED.);
#2075=B_SPLINE_CURVE_WITH_KNOTS('',3,(#2066,#2067,#2068,#2069,#2070,#2071,#2072,
#2073,#2074),.UNSPECIFIED.,.F.,.F.,(4,1,1,1,1,1,4),(0.E0,1.666666666667E-1,
3.333333333333E-1,5.E-1,6.666666666667E-1,8.333333333333E-1,1.E0),
.UNSPECIFIED.);
#2080=CIRCLE('',#2079,3.E0);
#2085=B_SPLINE_CURVE_WITH_KNOTS('',3,(#2081,#2082,#2083,#2084),.UNSPECIFIED.,
.F.,.F.,(4,4),(0.E0,1.E0),.UNSPECIFIED.);
#2091=B_SPLINE_CURVE_WITH_KNOTS('',3,(#2086,#2087,#2088,#2089,#2090),
.UNSPECIFIED.,.F.,.F.,(4,1,4),(0.E0,4.999999999988E-1,1.E0),.UNSPECIFIED.);
#2111=B_SPLINE_CURVE_WITH_KNOTS('',3,(#2100,#2101,#2102,#2103,#2104,#2105,#2106,
#2107,#2108,#2109,#2110),.UNSPECIFIED.,.F.,.F.,(4,1,1,1,1,1,1,1,4),(0.E0,
1.25E-1,2.5E-1,3.75E-1,5.E-1,6.25E-1,7.5E-1,8.75E-1,1.E0),.UNSPECIFIED.);
#2118=B_SPLINE_CURVE_WITH_KNOTS('',3,(#2112,#2113,#2114,#2115,#2116,#2117),
.UNSPECIFIED.,.F.,.F.,(4,1,1,4),(0.E0,3.333333333333E-1,6.666666666667E-1,1.E0),
.UNSPECIFIED.);
#2125=B_SPLINE_CURVE_WITH_KNOTS('',3,(#2119,#2120,#2121,#2122,#2123,#2124),
.UNSPECIFIED.,.F.,.F.,(4,1,1,4),(0.E0,3.333333333333E-1,6.666666666667E-1,1.E0),
.UNSPECIFIED.);
#2144=B_SPLINE_CURVE_WITH_KNOTS('',3,(#2138,#2139,#2140,#2141,#2142,#2143),
.UNSPECIFIED.,.F.,.F.,(4,1,1,4),(0.E0,3.333333333333E-1,6.666666666667E-1,1.E0),
.UNSPECIFIED.);
#2149=B_SPLINE_CURVE_WITH_KNOTS('',3,(#2145,#2146,#2147,#2148),.UNSPECIFIED.,
.F.,.F.,(4,4),(0.E0,1.E0),.UNSPECIFIED.);
#2156=B_SPLINE_CURVE_WITH_KNOTS('',3,(#2150,#2151,#2152,#2153,#2154,#2155),
.UNSPECIFIED.,.F.,.F.,(4,1,1,4),(0.E0,3.333333333333E-1,6.666666666667E-1,1.E0),
.UNSPECIFIED.);
#2161=CIRCLE('',#2160,3.E0);
#2183=B_SPLINE_CURVE_WITH_KNOTS('',3,(#2162,#2163,#2164,#2165,#2166,#2167,#2168,
#2169,#2170,#2171,#2172,#2173,#2174,#2175,#2176,#2177,#2178,#2179,#2180,#2181,
#2182),.UNSPECIFIED.,.F.,.F.,(4,1,1,1,1,1,1,1,1,1,1,1,1,1,1,1,1,1,4),(0.E0,
5.555555555556E-2,1.111111111111E-1,1.666666666667E-1,2.222222222222E-1,
2.777777777778E-1,3.333333333333E-1,3.888888888889E-1,4.444444444444E-1,5.E-1,
5.555555555556E-1,6.111111111111E-1,6.666666666667E-1,7.222222222222E-1,
7.777777777778E-1,8.333333333333E-1,8.888888888889E-1,9.444444444444E-1,1.E0),
.UNSPECIFIED.);
#2192=B_SPLINE_CURVE_WITH_KNOTS('',3,(#2184,#2185,#2186,#2187,#2188,#2189,#2190,
#2191),.UNSPECIFIED.,.F.,.F.,(4,1,1,1,1,4),(0.E0,2.E-1,4.E-1,6.E-1,8.E-1,1.E0),
.UNSPECIFIED.);
#2197=B_SPLINE_CURVE_WITH_KNOTS('',3,(#2193,#2194,#2195,#2196),.UNSPECIFIED.,
.F.,.F.,(4,4),(0.E0,1.E0),.UNSPECIFIED.);
#2202=B_SPLINE_CURVE_WITH_KNOTS('',3,(#2198,#2199,#2200,#2201),.UNSPECIFIED.,
.F.,.F.,(4,4),(0.E0,1.E0),.UNSPECIFIED.);
#2209=B_SPLINE_CURVE_WITH_KNOTS('',3,(#2203,#2204,#2205,#2206,#2207,#2208),
.UNSPECIFIED.,.F.,.F.,(4,1,1,4),(0.E0,3.333333333333E-1,6.666666666667E-1,1.E0),
.UNSPECIFIED.);
#2214=B_SPLINE_CURVE_WITH_KNOTS('',3,(#2210,#2211,#2212,#2213),.UNSPECIFIED.,
.F.,.F.,(4,4),(0.E0,1.E0),.UNSPECIFIED.);
#2219=B_SPLINE_CURVE_WITH_KNOTS('',3,(#2215,#2216,#2217,#2218),.UNSPECIFIED.,
.F.,.F.,(4,4),(0.E0,1.E0),.UNSPECIFIED.);
#2224=B_SPLINE_CURVE_WITH_KNOTS('',3,(#2220,#2221,#2222,#2223),.UNSPECIFIED.,
.F.,.F.,(4,4),(0.E0,1.E0),.UNSPECIFIED.);
#2229=CIRCLE('',#2228,2.4E1);
#2234=CIRCLE('',#2233,2.4E1);
#2239=CIRCLE('',#2238,2.4E1);
#2244=CIRCLE('',#2243,2.4E1);
#2261=CIRCLE('',#2260,3.040393218813E1);
#2266=CIRCLE('',#2265,3.040393218813E1);
#2287=CIRCLE('',#2286,3.E0);
#2292=CIRCLE('',#2291,3.E0);
#2297=CIRCLE('',#2296,3.E0);
#2303=B_SPLINE_CURVE_WITH_KNOTS('',3,(#2298,#2299,#2300,#2301,#2302),
.UNSPECIFIED.,.F.,.F.,(4,1,4),(0.E0,5.E-1,1.E0),.UNSPECIFIED.);
#2315=B_SPLINE_CURVE_WITH_KNOTS('',3,(#2304,#2305,#2306,#2307,#2308,#2309,#2310,
#2311,#2312,#2313,#2314),.UNSPECIFIED.,.F.,.F.,(4,1,1,1,1,1,1,1,4),(0.E0,
1.25E-1,2.5E-1,3.75E-1,5.E-1,6.25E-1,7.5E-1,8.75E-1,1.E0),.UNSPECIFIED.);
#2322=B_SPLINE_CURVE_WITH_KNOTS('',3,(#2316,#2317,#2318,#2319,#2320,#2321),
.UNSPECIFIED.,.F.,.F.,(4,1,1,4),(0.E0,3.333333333333E-1,6.666666666667E-1,1.E0),
.UNSPECIFIED.);
#2332=B_SPLINE_CURVE_WITH_KNOTS('',3,(#2327,#2328,#2329,#2330,#2331),
.UNSPECIFIED.,.F.,.F.,(4,1,4),(0.E0,4.970004425909E-1,1.E0),.UNSPECIFIED.);
#2337=B_SPLINE_CURVE_WITH_KNOTS('',3,(#2333,#2334,#2335,#2336),.UNSPECIFIED.,
.F.,.F.,(4,4),(0.E0,1.E0),.UNSPECIFIED.);
#2342=CIRCLE('',#2341,3.E0);
#2350=B_SPLINE_CURVE_WITH_KNOTS('',3,(#2343,#2344,#2345,#2346,#2347,#2348,
#2349),.UNSPECIFIED.,.F.,.F.,(4,1,1,1,4),(0.E0,2.5E-1,5.E-1,7.5E-1,1.E0),
.UNSPECIFIED.);
#2359=CIRCLE('',#2358,3.E0);
#2364=CIRCLE('',#2363,3.E0);
#2369=CIRCLE('',#2368,3.252525253169E1);
#2374=CIRCLE('',#2373,3.252525253169E1);
#2383=CIRCLE('',#2382,3.E0);
#2388=B_SPLINE_CURVE_WITH_KNOTS('',3,(#2384,#2385,#2386,#2387),.UNSPECIFIED.,
.F.,.F.,(4,4),(0.E0,1.E0),.UNSPECIFIED.);
#2396=B_SPLINE_CURVE_WITH_KNOTS('',3,(#2389,#2390,#2391,#2392,#2393,#2394,
#2395),.UNSPECIFIED.,.F.,.F.,(4,1,1,1,4),(0.E0,2.5E-1,5.E-1,7.5E-1,1.E0),
.UNSPECIFIED.);
#2405=B_SPLINE_CURVE_WITH_KNOTS('',3,(#2401,#2402,#2403,#2404),.UNSPECIFIED.,
.F.,.F.,(4,4),(0.E0,1.E0),.UNSPECIFIED.);
#2411=B_SPLINE_CURVE_WITH_KNOTS('',3,(#2406,#2407,#2408,#2409,#2410),
.UNSPECIFIED.,.F.,.F.,(4,1,4),(0.E0,5.081223587008E-1,1.E0),.UNSPECIFIED.);
#2416=B_SPLINE_CURVE_WITH_KNOTS('',3,(#2412,#2413,#2414,#2415),.UNSPECIFIED.,
.F.,.F.,(4,4),(0.E0,1.E0),.UNSPECIFIED.);
#2422=B_SPLINE_CURVE_WITH_KNOTS('',3,(#2417,#2418,#2419,#2420,#2421),
.UNSPECIFIED.,.F.,.F.,(4,1,4),(0.E0,5.000000000011E-1,1.E0),.UNSPECIFIED.);
#2431=CIRCLE('',#2430,3.E0);
#2436=CIRCLE('',#2435,3.E0);
#2443=B_SPLINE_CURVE_WITH_KNOTS('',3,(#2437,#2438,#2439,#2440,#2441,#2442),
.UNSPECIFIED.,.F.,.F.,(4,1,1,4),(0.E0,3.333333333333E-1,6.666666666667E-1,1.E0),
.UNSPECIFIED.);
#2451=B_SPLINE_CURVE_WITH_KNOTS('',3,(#2444,#2445,#2446,#2447,#2448,#2449,
#2450),.UNSPECIFIED.,.F.,.F.,(4,1,1,1,4),(0.E0,2.5E-1,5.E-1,7.5E-1,1.E0),
.UNSPECIFIED.);
#2458=B_SPLINE_CURVE_WITH_KNOTS('',3,(#2452,#2453,#2454,#2455,#2456,#2457),
.UNSPECIFIED.,.F.,.F.,(4,1,1,4),(0.E0,3.333333333333E-1,6.666666666667E-1,1.E0),
.UNSPECIFIED.);
#2467=CIRCLE('',#2466,4.875E0);
#2472=CIRCLE('',#2471,4.875E0);
#2477=CIRCLE('',#2476,3.15E0);
#2482=CIRCLE('',#2481,3.15E0);
#2499=CIRCLE('',#2498,2.65E0);
#2508=CIRCLE('',#2507,2.65E0);
#2521=CIRCLE('',#2520,4.875E0);
#2526=CIRCLE('',#2525,4.875E0);
#2531=CIRCLE('',#2530,3.15E0);
#2536=CIRCLE('',#2535,3.15E0);
#2553=CIRCLE('',#2552,2.65E0);
#2562=CIRCLE('',#2561,2.65E0);
#2579=CIRCLE('',#2578,2.65E0);
#2588=CIRCLE('',#2587,2.65E0);
#2597=B_SPLINE_CURVE_WITH_KNOTS('',3,(#2593,#2594,#2595,#2596),.UNSPECIFIED.,
.F.,.F.,(4,4),(0.E0,1.E0),.UNSPECIFIED.);
#2605=B_SPLINE_CURVE_WITH_KNOTS('',3,(#2598,#2599,#2600,#2601,#2602,#2603,
#2604),.UNSPECIFIED.,.F.,.F.,(4,1,1,1,4),(0.E0,2.5E-1,5.E-1,7.5E-1,1.E0),
.UNSPECIFIED.);
#2629=B_SPLINE_CURVE_WITH_KNOTS('',3,(#2622,#2623,#2624,#2625,#2626,#2627,
#2628),.UNSPECIFIED.,.F.,.F.,(4,1,1,1,4),(0.E0,2.5E-1,5.E-1,7.5E-1,1.E0),
.UNSPECIFIED.);
#2637=B_SPLINE_CURVE_WITH_KNOTS('',3,(#2630,#2631,#2632,#2633,#2634,#2635,
#2636),.UNSPECIFIED.,.F.,.F.,(4,1,1,1,4),(0.E0,2.5E-1,5.E-1,7.5E-1,1.E0),
.UNSPECIFIED.);
#2646=B_SPLINE_CURVE_WITH_KNOTS('',3,(#2638,#2639,#2640,#2641,#2642,#2643,#2644,
#2645),.UNSPECIFIED.,.F.,.F.,(4,1,1,1,1,4),(0.E0,2.E-1,4.E-1,6.E-1,8.E-1,1.E0),
.UNSPECIFIED.);
#2656=B_SPLINE_CURVE_WITH_KNOTS('',3,(#2647,#2648,#2649,#2650,#2651,#2652,#2653,
#2654,#2655),.UNSPECIFIED.,.F.,.F.,(4,1,1,1,1,1,4),(0.E0,1.666666666667E-1,
3.333333333333E-1,5.E-1,6.666666666667E-1,8.333333333333E-1,1.E0),
.UNSPECIFIED.);
#2661=B_SPLINE_CURVE_WITH_KNOTS('',3,(#2657,#2658,#2659,#2660),.UNSPECIFIED.,
.F.,.F.,(4,4),(0.E0,1.E0),.UNSPECIFIED.);
#2669=B_SPLINE_CURVE_WITH_KNOTS('',3,(#2662,#2663,#2664,#2665,#2666,#2667,
#2668),.UNSPECIFIED.,.F.,.F.,(4,1,1,1,4),(0.E0,2.5E-1,5.E-1,7.5E-1,1.E0),
.UNSPECIFIED.);
#2674=B_SPLINE_CURVE_WITH_KNOTS('',3,(#2670,#2671,#2672,#2673),.UNSPECIFIED.,
.F.,.F.,(4,4),(0.E0,1.E0),.UNSPECIFIED.);
#2682=B_SPLINE_CURVE_WITH_KNOTS('',3,(#2675,#2676,#2677,#2678,#2679,#2680,
#2681),.UNSPECIFIED.,.F.,.F.,(4,1,1,1,4),(0.E0,2.5E-1,5.E-1,7.5E-1,1.E0),
.UNSPECIFIED.);
#2687=CIRCLE('',#2686,2.5E0);
#2692=B_SPLINE_CURVE_WITH_KNOTS('',3,(#2688,#2689,#2690,#2691),.UNSPECIFIED.,
.F.,.F.,(4,4),(0.E0,1.E0),.UNSPECIFIED.);
#2697=B_SPLINE_CURVE_WITH_KNOTS('',3,(#2693,#2694,#2695,#2696),.UNSPECIFIED.,
.F.,.F.,(4,4),(0.E0,1.E0),.UNSPECIFIED.);
#2714=B_SPLINE_CURVE_WITH_KNOTS('',3,(#2702,#2703,#2704,#2705,#2706,#2707,#2708,
#2709,#2710,#2711,#2712,#2713),.UNSPECIFIED.,.F.,.F.,(4,1,1,1,1,1,1,1,1,4),
(0.E0,1.111111111111E-1,2.222222222222E-1,3.333333333333E-1,4.444444444444E-1,
5.555555555556E-1,6.666666666667E-1,7.777777777778E-1,8.888888888889E-1,1.E0),
.UNSPECIFIED.);
#2731=B_SPLINE_CURVE_WITH_KNOTS('',3,(#2719,#2720,#2721,#2722,#2723,#2724,#2725,
#2726,#2727,#2728,#2729,#2730),.UNSPECIFIED.,.F.,.F.,(4,1,1,1,1,1,1,1,1,4),
(0.E0,1.111111111111E-1,2.222222222222E-1,3.333333333333E-1,4.444444444444E-1,
5.555555555556E-1,6.666666666667E-1,7.777777777778E-1,8.888888888889E-1,1.E0),
.UNSPECIFIED.);
#2736=CIRCLE('',#2735,2.E0);
#2749=CIRCLE('',#2748,2.E0);
#2754=CIRCLE('',#2753,2.E0);
#2759=CIRCLE('',#2758,2.E0);
#2780=CIRCLE('',#2779,2.E0);
#2785=CIRCLE('',#2784,2.E0);
#2790=CIRCLE('',#2789,2.E0);
#2812=B_SPLINE_CURVE_WITH_KNOTS('',3,(#2799,#2800,#2801,#2802,#2803,#2804,#2805,
#2806,#2807,#2808,#2809,#2810,#2811),.UNSPECIFIED.,.F.,.F.,(4,1,1,1,1,1,1,1,1,1,
4),(0.E0,1.E-1,2.E-1,3.E-1,4.E-1,5.E-1,6.E-1,7.E-1,8.E-1,9.E-1,1.E0),
.UNSPECIFIED.);
#2817=B_SPLINE_CURVE_WITH_KNOTS('',3,(#2813,#2814,#2815,#2816),.UNSPECIFIED.,
.F.,.F.,(4,4),(0.E0,1.E0),.UNSPECIFIED.);
#2834=B_SPLINE_CURVE_WITH_KNOTS('',3,(#2822,#2823,#2824,#2825,#2826,#2827,#2828,
#2829,#2830,#2831,#2832,#2833),.UNSPECIFIED.,.F.,.F.,(4,1,1,1,1,1,1,1,1,4),
(0.E0,1.111111111111E-1,2.222222222222E-1,3.333333333333E-1,4.444444444444E-1,
5.555555555556E-1,6.666666666667E-1,7.777777777778E-1,8.888888888889E-1,1.E0),
.UNSPECIFIED.);
#2843=CIRCLE('',#2842,2.5E0);
#2848=CIRCLE('',#2847,2.E0);
#2853=CIRCLE('',#2852,2.E0);
#2874=B_SPLINE_CURVE_WITH_KNOTS('',3,(#2862,#2863,#2864,#2865,#2866,#2867,#2868,
#2869,#2870,#2871,#2872,#2873),.UNSPECIFIED.,.F.,.F.,(4,1,1,1,1,1,1,1,1,4),
(0.E0,1.111111111111E-1,2.222222222222E-1,3.333333333333E-1,4.444444444444E-1,
5.555555555556E-1,6.666666666667E-1,7.777777777778E-1,8.888888888889E-1,1.E0),
.UNSPECIFIED.);
#2879=CIRCLE('',#2878,4.5E0);
#2884=CIRCLE('',#2883,2.E0);
#2889=CIRCLE('',#2888,2.5E0);
#2894=CIRCLE('',#2893,4.5E0);
#2899=CIRCLE('',#2898,2.5E0);
#2907=B_SPLINE_CURVE_WITH_KNOTS('',3,(#2900,#2901,#2902,#2903,#2904,#2905,
#2906),.UNSPECIFIED.,.F.,.F.,(4,1,1,1,4),(0.E0,2.5E-1,5.E-1,7.5E-1,1.E0),
.UNSPECIFIED.);
#2913=B_SPLINE_CURVE_WITH_KNOTS('',3,(#2908,#2909,#2910,#2911,#2912),
.UNSPECIFIED.,.F.,.F.,(4,1,4),(0.E0,4.999999938002E-1,1.E0),.UNSPECIFIED.);
#2918=B_SPLINE_CURVE_WITH_KNOTS('',3,(#2914,#2915,#2916,#2917),.UNSPECIFIED.,
.F.,.F.,(4,4),(0.E0,1.E0),.UNSPECIFIED.);
#2928=B_SPLINE_CURVE_WITH_KNOTS('',3,(#2919,#2920,#2921,#2922,#2923,#2924,#2925,
#2926,#2927),.UNSPECIFIED.,.F.,.F.,(4,1,1,1,1,1,4),(0.E0,1.666666666667E-1,
3.333333333333E-1,5.E-1,6.666666666667E-1,8.333333333333E-1,1.E0),
.UNSPECIFIED.);
#2936=B_SPLINE_CURVE_WITH_KNOTS('',3,(#2929,#2930,#2931,#2932,#2933,#2934,
#2935),.UNSPECIFIED.,.F.,.F.,(4,1,1,1,4),(0.E0,2.5E-1,5.E-1,7.5E-1,1.E0),
.UNSPECIFIED.);
#2944=B_SPLINE_CURVE_WITH_KNOTS('',3,(#2937,#2938,#2939,#2940,#2941,#2942,
#2943),.UNSPECIFIED.,.F.,.F.,(4,1,1,1,4),(0.E0,2.5E-1,5.E-1,7.5E-1,1.E0),
.UNSPECIFIED.);
#2954=B_SPLINE_CURVE_WITH_KNOTS('',3,(#2949,#2950,#2951,#2952,#2953),
.UNSPECIFIED.,.F.,.F.,(4,1,4),(0.E0,5.000000061998E-1,1.E0),.UNSPECIFIED.);
#2959=CIRCLE('',#2958,3.E0);
#2967=B_SPLINE_CURVE_WITH_KNOTS('',3,(#2960,#2961,#2962,#2963,#2964,#2965,
#2966),.UNSPECIFIED.,.F.,.F.,(4,1,1,1,4),(0.E0,2.5E-1,5.E-1,7.5E-1,1.E0),
.UNSPECIFIED.);
#2979=B_SPLINE_CURVE_WITH_KNOTS('',3,(#2968,#2969,#2970,#2971,#2972,#2973,#2974,
#2975,#2976,#2977,#2978),.UNSPECIFIED.,.F.,.F.,(4,1,1,1,1,1,1,1,4),(0.E0,
1.250000394420E-1,2.500000273779E-1,3.750000153139E-1,5.000000032498E-1,
6.249999911858E-1,7.499999791217E-1,8.749999670576E-1,1.E0),.UNSPECIFIED.);
#2984=B_SPLINE_CURVE_WITH_KNOTS('',3,(#2980,#2981,#2982,#2983),.UNSPECIFIED.,
.F.,.F.,(4,4),(0.E0,1.E0),.UNSPECIFIED.);
#2989=B_SPLINE_CURVE_WITH_KNOTS('',3,(#2985,#2986,#2987,#2988),.UNSPECIFIED.,
.F.,.F.,(4,4),(0.E0,1.E0),.UNSPECIFIED.);
#2997=B_SPLINE_CURVE_WITH_KNOTS('',3,(#2990,#2991,#2992,#2993,#2994,#2995,
#2996),.UNSPECIFIED.,.F.,.F.,(4,1,1,1,4),(0.E0,2.590752935030E-1,
5.181505866757E-1,7.772258798483E-1,1.E0),.UNSPECIFIED.);
#3002=B_SPLINE_CURVE_WITH_KNOTS('',3,(#2998,#2999,#3000,#3001),.UNSPECIFIED.,
.F.,.F.,(4,4),(0.E0,1.E0),.UNSPECIFIED.);
#3007=B_SPLINE_CURVE_WITH_KNOTS('',3,(#3003,#3004,#3005,#3006),.UNSPECIFIED.,
.F.,.F.,(4,4),(0.E0,1.E0),.UNSPECIFIED.);
#3013=B_SPLINE_CURVE_WITH_KNOTS('',3,(#3008,#3009,#3010,#3011,#3012),
.UNSPECIFIED.,.F.,.F.,(4,1,4),(0.E0,5.000000000825E-1,1.E0),.UNSPECIFIED.);
#3018=B_SPLINE_CURVE_WITH_KNOTS('',3,(#3014,#3015,#3016,#3017),.UNSPECIFIED.,
.F.,.F.,(4,4),(0.E0,1.E0),.UNSPECIFIED.);
#3024=B_SPLINE_CURVE_WITH_KNOTS('',3,(#3019,#3020,#3021,#3022,#3023),
.UNSPECIFIED.,.F.,.F.,(4,1,4),(0.E0,5.E-1,1.E0),.UNSPECIFIED.);
#3036=B_SPLINE_CURVE_WITH_KNOTS('',3,(#3025,#3026,#3027,#3028,#3029,#3030,#3031,
#3032,#3033,#3034,#3035),.UNSPECIFIED.,.F.,.F.,(4,1,1,1,1,1,1,1,4),(0.E0,
1.249999935617E-1,2.499999871234E-1,3.749999806852E-1,4.999999742469E-1,
6.249999678087E-1,7.499999613704E-1,8.749999549322E-1,1.E0),.UNSPECIFIED.);
#3042=B_SPLINE_CURVE_WITH_KNOTS('',3,(#3037,#3038,#3039,#3040,#3041),
.UNSPECIFIED.,.F.,.F.,(4,1,4),(0.E0,5.000000000005E-1,1.E0),.UNSPECIFIED.);
#3047=CIRCLE('',#3046,3.E0);
#3052=CIRCLE('',#3051,3.E0);
#3061=CIRCLE('',#3060,3.E0);
#3069=B_SPLINE_CURVE_WITH_KNOTS('',3,(#3062,#3063,#3064,#3065,#3066,#3067,
#3068),.UNSPECIFIED.,.F.,.F.,(4,1,1,1,4),(0.E0,2.5E-1,5.E-1,7.5E-1,1.E0),
.UNSPECIFIED.);
#3077=B_SPLINE_CURVE_WITH_KNOTS('',3,(#3070,#3071,#3072,#3073,#3074,#3075,
#3076),.UNSPECIFIED.,.F.,.F.,(4,1,1,1,4),(0.E0,2.5E-1,5.E-1,7.5E-1,1.E0),
.UNSPECIFIED.);
#3082=B_SPLINE_CURVE_WITH_KNOTS('',3,(#3078,#3079,#3080,#3081),.UNSPECIFIED.,
.F.,.F.,(4,4),(0.E0,1.E0),.UNSPECIFIED.);
#3088=B_SPLINE_CURVE_WITH_KNOTS('',3,(#3083,#3084,#3085,#3086,#3087),
.UNSPECIFIED.,.F.,.F.,(4,1,4),(0.E0,5.E-1,1.E0),.UNSPECIFIED.);
#3093=CIRCLE('',#3092,3.E0);
#3098=CIRCLE('',#3097,3.E0);
#3103=CIRCLE('',#3102,3.E0);
#3108=CIRCLE('',#3107,1.5E0);
#3125=CIRCLE('',#3124,1.5E0);
#3134=CIRCLE('',#3133,1.500000000001E0);
#3143=CIRCLE('',#3142,1.500000000001E0);
#3152=B_SPLINE_CURVE_WITH_KNOTS('',3,(#3148,#3149,#3150,#3151),.UNSPECIFIED.,
.F.,.F.,(4,4),(0.E0,1.E0),.UNSPECIFIED.);
#3161=B_SPLINE_CURVE_WITH_KNOTS('',3,(#3153,#3154,#3155,#3156,#3157,#3158,#3159,
#3160),.UNSPECIFIED.,.F.,.F.,(4,1,1,1,1,4),(0.E0,2.E-1,4.E-1,6.E-1,8.E-1,1.E0),
.UNSPECIFIED.);
#3166=B_SPLINE_CURVE_WITH_KNOTS('',3,(#3162,#3163,#3164,#3165),.UNSPECIFIED.,
.F.,.F.,(4,4),(0.E0,1.E0),.UNSPECIFIED.);
#3176=B_SPLINE_CURVE_WITH_KNOTS('',3,(#3167,#3168,#3169,#3170,#3171,#3172,#3173,
#3174,#3175),.UNSPECIFIED.,.F.,.F.,(4,1,1,1,1,1,4),(0.E0,1.666666666667E-1,
3.333333333333E-1,5.E-1,6.666666666667E-1,8.333333333333E-1,1.E0),
.UNSPECIFIED.);
#3227=B_SPLINE_CURVE_WITH_KNOTS('',3,(#3193,#3194,#3195,#3196,#3197,#3198,#3199,
#3200,#3201,#3202,#3203,#3204,#3205,#3206,#3207,#3208,#3209,#3210,#3211,#3212,
#3213,#3214,#3215,#3216,#3217,#3218,#3219,#3220,#3221,#3222,#3223,#3224,#3225,
#3226),.UNSPECIFIED.,.F.,.F.,(4,1,1,1,1,1,1,1,1,1,1,1,1,1,1,1,1,1,1,1,1,1,1,1,1,
1,1,1,1,1,1,4),(0.E0,3.225806451613E-2,6.451612903226E-2,9.677419354839E-2,
1.290322580645E-1,1.612903225806E-1,1.935483870968E-1,2.258064516129E-1,
2.580645161290E-1,2.903225806452E-1,3.225806451613E-1,3.548387096774E-1,
3.870967741935E-1,4.193548387097E-1,4.516129032258E-1,4.838709677419E-1,
5.161290322581E-1,5.483870967742E-1,5.806451612903E-1,6.129032258065E-1,
6.451612903226E-1,6.774193548387E-1,7.096774193548E-1,7.419354838710E-1,
7.741935483871E-1,8.064516129032E-1,8.387096774194E-1,8.709677419355E-1,
9.032258064516E-1,9.354838709677E-1,9.677419354839E-1,1.E0),.UNSPECIFIED.);
#3238=B_SPLINE_CURVE_WITH_KNOTS('',3,(#3232,#3233,#3234,#3235,#3236,#3237),
.UNSPECIFIED.,.F.,.F.,(4,1,1,4),(0.E0,3.333333333333E-1,6.666666666667E-1,1.E0),
.UNSPECIFIED.);
#3247=CIRCLE('',#3246,4.125E0);
#3252=CIRCLE('',#3251,4.125E0);
#3257=CIRCLE('',#3256,2.65E0);
#3262=CIRCLE('',#3261,2.65E0);
#3275=CIRCLE('',#3274,2.15E0);
#3284=CIRCLE('',#3283,2.15E0);
#3302=B_SPLINE_CURVE_WITH_KNOTS('',3,(#3293,#3294,#3295,#3296,#3297,#3298,#3299,
#3300,#3301),.UNSPECIFIED.,.F.,.F.,(4,1,1,1,1,1,4),(0.E0,1.666666666667E-1,
3.333333333333E-1,5.E-1,6.666666666667E-1,8.333333333333E-1,1.E0),
.UNSPECIFIED.);
#3311=CIRCLE('',#3310,1.5E0);
#3328=CIRCLE('',#3327,1.5E0);
#3337=CIRCLE('',#3336,1.500000000001E0);
#3346=CIRCLE('',#3345,1.500000000001E0);
#3992=EDGE_CURVE('',#3353,#3354,#13,.T.);
#3994=EDGE_CURVE('',#3356,#3353,#134,.T.);
#3996=EDGE_CURVE('',#3356,#3354,#5,.T.);
#4006=EDGE_CURVE('',#3359,#3360,#9,.T.);
#4008=EDGE_CURVE('',#3353,#3360,#139,.T.);
#4011=EDGE_CURVE('',#3354,#3359,#18,.T.);
#4021=EDGE_CURVE('',#3363,#3364,#37,.T.);
#4023=EDGE_CURVE('',#3360,#3363,#143,.T.);
#4026=EDGE_CURVE('',#3364,#3359,#316,.T.);
#4036=EDGE_CURVE('',#3367,#3368,#23,.T.);
#4038=EDGE_CURVE('',#3368,#3370,#28,.T.);
#4040=EDGE_CURVE('',#3370,#3372,#33,.T.);
#4042=EDGE_CURVE('',#3374,#3372,#384,.T.);
#4044=EDGE_CURVE('',#3363,#3374,#147,.T.);
#4047=EDGE_CURVE('',#3364,#3376,#42,.T.);
#4049=EDGE_CURVE('',#3376,#3378,#47,.T.);
#4051=EDGE_CURVE('',#3378,#3380,#52,.T.);
#4053=EDGE_CURVE('',#3380,#3382,#57,.T.);
#4055=EDGE_CURVE('',#3384,#3382,#121,.T.);
#4057=EDGE_CURVE('',#3367,#3384,#3292,.T.);
#4061=EDGE_CURVE('',#3387,#3388,#62,.T.);
#4063=EDGE_CURVE('',#3388,#3387,#67,.T.);
#4067=EDGE_CURVE('',#3391,#3392,#72,.T.);
#4069=EDGE_CURVE('',#3392,#3391,#77,.T.);
#4079=EDGE_CURVE('',#3434,#3435,#81,.T.);
#4081=EDGE_CURVE('',#3435,#3417,#89,.T.);
#4083=EDGE_CURVE('',#3417,#3368,#93,.T.);
#4086=EDGE_CURVE('',#3367,#3434,#104,.T.);
#4096=EDGE_CURVE('',#3438,#3439,#117,.T.);
#4098=EDGE_CURVE('',#3441,#3438,#2740,.T.);
#4100=EDGE_CURVE('',#3443,#3441,#2701,.T.);
#4102=EDGE_CURVE('',#3443,#3444,#109,.T.);
#4104=EDGE_CURVE('',#3435,#3444,#2948,.T.);
#4107=EDGE_CURVE('',#3439,#3434,#3306,.T.);
#4117=EDGE_CURVE('',#3447,#3448,#113,.T.);
#4119=EDGE_CURVE('',#3438,#3448,#2749,.T.);
#4122=EDGE_CURVE('',#3447,#3439,#3302,.T.);
#4133=EDGE_CURVE('',#3450,#3382,#249,.T.);
#4135=EDGE_CURVE('',#3451,#3450,#262,.T.);
#4137=EDGE_CURVE('',#3451,#3453,#126,.T.);
#4139=EDGE_CURVE('',#3453,#3356,#130,.T.);
#4145=EDGE_CURVE('',#3374,#3414,#152,.T.);
#4147=EDGE_CURVE('',#3414,#3455,#156,.T.);
#4149=EDGE_CURVE('',#3455,#3457,#161,.T.);
#4151=EDGE_CURVE('',#3457,#3459,#165,.T.);
#4153=EDGE_CURVE('',#3459,#3461,#170,.T.);
#4155=EDGE_CURVE('',#3461,#3463,#175,.T.);
#4157=EDGE_CURVE('',#3463,#3465,#179,.T.);
#4159=EDGE_CURVE('',#3465,#3467,#183,.T.);
#4161=EDGE_CURVE('',#3469,#3467,#1324,.T.);
#4163=EDGE_CURVE('',#3469,#3471,#188,.T.);
#4165=EDGE_CURVE('',#3471,#3473,#193,.T.);
#4167=EDGE_CURVE('',#3473,#3475,#197,.T.);
#4169=EDGE_CURVE('',#3475,#3477,#202,.T.);
#4171=EDGE_CURVE('',#3477,#3479,#207,.T.);
#4173=EDGE_CURVE('',#3481,#3479,#1143,.T.);
#4175=EDGE_CURVE('',#3481,#3483,#211,.T.);
#4177=EDGE_CURVE('',#3483,#3485,#216,.T.);
#4179=EDGE_CURVE('',#3487,#3485,#2798,.T.);
#4181=EDGE_CURVE('',#3487,#3489,#221,.T.);
#4183=EDGE_CURVE('',#3491,#3489,#2763,.T.);
#4185=EDGE_CURVE('',#3491,#3448,#226,.T.);
#4188=EDGE_CURVE('',#3447,#3384,#231,.T.);
#4198=EDGE_CURVE('',#3492,#3450,#245,.T.);
#4202=EDGE_CURVE('',#3492,#3380,#369,.T.);
#4236=EDGE_CURVE('',#3451,#3493,#281,.T.);
#4240=EDGE_CURVE('',#3492,#3493,#270,.T.);
#4250=EDGE_CURVE('',#3495,#3453,#274,.T.);
#4254=EDGE_CURVE('',#3493,#3495,#287,.T.);
#4266=EDGE_CURVE('',#3495,#3356,#292,.T.);
#4288=EDGE_CURVE('',#3354,#3496,#305,.T.);
#4292=EDGE_CURVE('',#3497,#3495,#339,.T.);
#4294=EDGE_CURVE('',#3496,#3497,#325,.T.);
#4316=EDGE_CURVE('',#3499,#3359,#297,.T.);
#4320=EDGE_CURVE('',#3496,#3499,#312,.T.);
#4333=EDGE_CURVE('',#3499,#3376,#320,.T.);
#4345=EDGE_CURVE('',#3497,#3500,#331,.T.);
#4347=EDGE_CURVE('',#3501,#3500,#353,.T.);
#4349=EDGE_CURVE('',#3378,#3501,#365,.T.);
#4377=EDGE_CURVE('',#3500,#3493,#361,.T.);
#4414=EDGE_CURVE('',#3492,#3501,#344,.T.);
#4438=B_SPLINE_CURVE_WITH_KNOTS('',3,(#4434,#4435,#4436,#4437),.UNSPECIFIED.,
.F.,.F.,(4,4),(0.E0,1.E0),.UNSPECIFIED.);
#4442=EDGE_CURVE('',#3409,#3372,#442,.T.);
#4444=EDGE_CURVE('',#3409,#3410,#376,.T.);
#4446=EDGE_CURVE('',#3411,#3410,#1622,.T.);
#4448=EDGE_CURVE('',#3412,#3411,#1585,.T.);
#4450=EDGE_CURVE('',#3412,#3414,#380,.T.);
#4456=EDGE_CURVE('',#3407,#3408,#3227,.T.);
#4458=EDGE_CURVE('',#3415,#3407,#3238,.T.);
#4460=EDGE_CURVE('',#3415,#3408,#419,.T.);
#4470=EDGE_CURVE('',#3370,#3409,#423,.T.);
#4486=EDGE_CURVE('',#3417,#3418,#447,.T.);
#4488=EDGE_CURVE('',#3420,#3418,#490,.T.);
#4490=EDGE_CURVE('',#3422,#3420,#608,.T.);
#4492=EDGE_CURVE('',#3424,#3422,#2004,.T.);
#4494=EDGE_CURVE('',#3424,#3425,#452,.T.);
#4496=EDGE_CURVE('',#3427,#3425,#1670,.T.);
#4498=EDGE_CURVE('',#3427,#3428,#459,.T.);
#4500=EDGE_CURVE('',#3429,#3428,#1647,.T.);
#4502=EDGE_CURVE('',#3431,#3429,#1631,.T.);
#4504=EDGE_CURVE('',#3410,#3431,#1626,.T.);
#4526=EDGE_CURVE('',#3727,#3418,#464,.T.);
#4529=EDGE_CURVE('',#3417,#3724,#472,.T.);
#4531=EDGE_CURVE('',#3727,#3724,#2989,.T.);
#4541=EDGE_CURVE('',#3864,#3418,#477,.T.);
#4544=EDGE_CURVE('',#3860,#3727,#3093,.T.);
#4546=EDGE_CURVE('',#3860,#3864,#482,.T.);
#4556=EDGE_CURVE('',#3860,#3799,#486,.T.);
#4558=EDGE_CURVE('',#3420,#3799,#613,.T.);
#4571=EDGE_CURVE('',#3799,#3801,#617,.T.);
#4574=EDGE_CURVE('',#3860,#3861,#495,.T.);
#4576=EDGE_CURVE('',#3861,#3862,#501,.T.);
#4578=EDGE_CURVE('',#3858,#3862,#3056,.T.);
#4580=EDGE_CURVE('',#3858,#3857,#508,.T.);
#4582=EDGE_CURVE('',#3857,#3801,#513,.T.);
#4592=EDGE_CURVE('',#3765,#3766,#518,.T.);
#4594=EDGE_CURVE('',#3766,#3768,#523,.T.);
#4596=EDGE_CURVE('',#3768,#3770,#528,.T.);
#4598=EDGE_CURVE('',#3770,#3772,#533,.T.);
#4600=EDGE_CURVE('',#3772,#3774,#538,.T.);
#4602=EDGE_CURVE('',#3774,#3762,#542,.T.);
#4604=EDGE_CURVE('',#3761,#3762,#932,.T.);
#4606=EDGE_CURVE('',#3775,#3761,#961,.T.);
#4608=EDGE_CURVE('',#3775,#3777,#546,.T.);
#4610=EDGE_CURVE('',#3777,#3779,#551,.T.);
#4612=EDGE_CURVE('',#3779,#3560,#556,.T.);
#4614=EDGE_CURVE('',#3560,#3558,#560,.T.);
#4616=EDGE_CURVE('',#3558,#3781,#565,.T.);
#4618=EDGE_CURVE('',#3781,#3783,#569,.T.);
#4620=EDGE_CURVE('',#3784,#3783,#2065,.T.);
#4622=EDGE_CURVE('',#3784,#3786,#574,.T.);
#4624=EDGE_CURVE('',#3786,#3788,#579,.T.);
#4626=EDGE_CURVE('',#3788,#3790,#584,.T.);
#4628=EDGE_CURVE('',#3790,#3792,#589,.T.);
#4630=EDGE_CURVE('',#3793,#3792,#2037,.T.);
#4632=EDGE_CURVE('',#3793,#3795,#593,.T.);
#4634=EDGE_CURVE('',#3795,#3797,#598,.T.);
#4636=EDGE_CURVE('',#3797,#3422,#603,.T.);
#4641=EDGE_CURVE('',#3802,#3801,#3069,.T.);
#4643=EDGE_CURVE('',#3803,#3802,#833,.T.);
#4645=EDGE_CURVE('',#3803,#3805,#621,.T.);
#4647=EDGE_CURVE('',#3805,#3765,#626,.T.);
#4657=EDGE_CURVE('',#3772,#3807,#658,.T.);
#4663=EDGE_CURVE('',#3765,#3809,#631,.T.);
#4665=EDGE_CURVE('',#3809,#3811,#636,.T.);
#4667=EDGE_CURVE('',#3811,#3813,#641,.T.);
#4669=EDGE_CURVE('',#3813,#3807,#646,.T.);
#4679=EDGE_CURVE('',#3814,#3774,#653,.T.);
#4683=EDGE_CURVE('',#3807,#3814,#663,.T.);
#4693=EDGE_CURVE('',#3817,#3818,#706,.T.);
#4695=EDGE_CURVE('',#3742,#3817,#3180,.T.);
#4697=EDGE_CURVE('',#3740,#3742,#863,.T.);
#4699=EDGE_CURVE('',#3762,#3740,#941,.T.);
#4703=EDGE_CURVE('',#3818,#3814,#743,.T.);
#4713=EDGE_CURVE('',#3821,#3822,#668,.T.);
#4715=EDGE_CURVE('',#3822,#3824,#672,.T.);
#4717=EDGE_CURVE('',#3824,#3826,#677,.T.);
#4719=EDGE_CURVE('',#3826,#3829,#682,.T.);
#4721=EDGE_CURVE('',#3829,#3830,#687,.T.);
#4723=EDGE_CURVE('',#3830,#3832,#692,.T.);
#4725=EDGE_CURVE('',#3832,#3834,#697,.T.);
#4727=EDGE_CURVE('',#3834,#3817,#702,.T.);
#4730=EDGE_CURVE('',#3818,#3836,#711,.T.);
#4732=EDGE_CURVE('',#3836,#3838,#716,.T.);
#4734=EDGE_CURVE('',#3838,#3841,#721,.T.);
#4736=EDGE_CURVE('',#3841,#3842,#726,.T.);
#4738=EDGE_CURVE('',#3842,#3821,#731,.T.);
#4748=EDGE_CURVE('',#3844,#3809,#735,.T.);
#4750=EDGE_CURVE('',#3846,#3809,#808,.T.);
#4752=EDGE_CURVE('',#3848,#3846,#803,.T.);
#4754=EDGE_CURVE('',#3848,#3822,#739,.T.);
#4758=EDGE_CURVE('',#3844,#3842,#758,.T.);
#4768=EDGE_CURVE('',#3807,#3850,#747,.T.);
#4774=EDGE_CURVE('',#3852,#3844,#784,.T.);
#4776=EDGE_CURVE('',#3854,#3852,#779,.T.);
#4778=EDGE_CURVE('',#3850,#3854,#774,.T.);
#4792=EDGE_CURVE('',#3836,#3850,#769,.T.);
#4820=EDGE_CURVE('',#3805,#3855,#791,.T.);
#4822=EDGE_CURVE('',#3855,#3848,#798,.T.);
#4835=EDGE_CURVE('',#3756,#3803,#824,.T.);
#4837=EDGE_CURVE('',#3754,#3756,#897,.T.);
#4839=EDGE_CURVE('',#3824,#3754,#3188,.T.);
#4873=EDGE_CURVE('',#3757,#3856,#847,.T.);
#4875=EDGE_CURVE('',#3757,#3756,#815,.T.);
#4879=EDGE_CURVE('',#3802,#3856,#838,.T.);
#4889=EDGE_CURVE('',#3757,#3759,#902,.T.);
#4892=EDGE_CURVE('',#3856,#3759,#854,.T.);
#4902=EDGE_CURVE('',#3738,#3739,#859,.T.);
#4904=EDGE_CURVE('',#3740,#3739,#948,.T.);
#4907=EDGE_CURVE('',#3742,#3745,#868,.T.);
#4909=EDGE_CURVE('',#3745,#3746,#873,.T.);
#4911=EDGE_CURVE('',#3746,#3748,#878,.T.);
#4913=EDGE_CURVE('',#3748,#3751,#883,.T.);
#4915=EDGE_CURVE('',#3751,#3752,#888,.T.);
#4917=EDGE_CURVE('',#3752,#3754,#893,.T.);
#4922=EDGE_CURVE('',#3759,#3734,#906,.T.);
#4924=EDGE_CURVE('',#3734,#3735,#910,.T.);
#4926=EDGE_CURVE('',#3735,#3738,#914,.T.);
#4936=EDGE_CURVE('',#3760,#3739,#920,.T.);
#4939=EDGE_CURVE('',#3738,#3760,#925,.T.);
#4977=EDGE_CURVE('',#3760,#3761,#954,.T.);
#5003=EDGE_CURVE('',#3865,#3760,#974,.T.);
#5005=EDGE_CURVE('',#3775,#3865,#3176,.T.);
#5029=EDGE_CURVE('',#3738,#3867,#966,.T.);
#5031=EDGE_CURVE('',#3865,#3867,#3152,.T.);
#5043=EDGE_CURVE('',#3869,#3735,#988,.T.);
#5045=EDGE_CURVE('',#3869,#3867,#978,.T.);
#5073=EDGE_CURVE('',#3730,#3871,#983,.T.);
#5075=EDGE_CURVE('',#3869,#3871,#3161,.T.);
#5078=EDGE_CURVE('',#3730,#3735,#3042,.T.);
#5088=EDGE_CURVE('',#3871,#3725,#1006,.T.);
#5091=EDGE_CURVE('',#3730,#3725,#996,.T.);
#5113=EDGE_CURVE('',#3728,#3873,#1001,.T.);
#5115=EDGE_CURVE('',#3871,#3873,#3166,.T.);
#5118=EDGE_CURVE('',#3728,#3725,#3018,.T.);
#5128=EDGE_CURVE('',#3875,#3873,#1011,.T.);
#5131=EDGE_CURVE('',#3562,#3728,#3103,.T.);
#5133=EDGE_CURVE('',#3562,#3879,#1016,.T.);
#5135=EDGE_CURVE('',#3879,#3877,#1021,.T.);
#5137=EDGE_CURVE('',#3877,#3875,#1026,.T.);
#5151=EDGE_CURVE('',#3562,#3560,#1030,.T.);
#5155=EDGE_CURVE('',#3777,#3873,#1034,.T.);
#5165=EDGE_CURVE('',#3549,#3550,#1095,.T.);
#5167=EDGE_CURVE('',#3549,#3552,#1038,.T.);
#5169=EDGE_CURVE('',#3554,#3552,#1721,.T.);
#5171=EDGE_CURVE('',#3554,#3541,#1046,.T.);
#5173=EDGE_CURVE('',#3540,#3541,#1682,.T.);
#5175=EDGE_CURVE('',#3540,#3556,#1050,.T.);
#5177=EDGE_CURVE('',#3558,#3556,#2099,.T.);
#5181=EDGE_CURVE('',#3562,#3563,#1056,.T.);
#5183=EDGE_CURVE('',#3565,#3563,#2617,.T.);
#5185=EDGE_CURVE('',#3550,#3565,#2597,.T.);
#5196=EDGE_CURVE('',#3567,#3481,#1139,.T.);
#5198=EDGE_CURVE('',#3567,#3569,#1061,.T.);
#5200=EDGE_CURVE('',#3569,#3571,#1065,.T.);
#5202=EDGE_CURVE('',#3571,#3573,#1070,.T.);
#5204=EDGE_CURVE('',#3573,#3575,#1074,.T.);
#5206=EDGE_CURVE('',#3575,#3577,#1079,.T.);
#5208=EDGE_CURVE('',#3579,#3577,#1255,.T.);
#5210=EDGE_CURVE('',#3580,#3579,#1275,.T.);
#5212=EDGE_CURVE('',#3580,#3467,#1083,.T.);
#5215=EDGE_CURVE('',#3465,#3582,#1087,.T.);
#5217=EDGE_CURVE('',#3582,#3549,#1091,.T.);
#5220=EDGE_CURVE('',#3483,#3550,#2613,.T.);
#5224=EDGE_CURVE('',#3585,#3586,#1100,.T.);
#5226=EDGE_CURVE('',#3586,#3585,#1105,.T.);
#5230=EDGE_CURVE('',#3589,#3590,#1110,.T.);
#5232=EDGE_CURVE('',#3590,#3589,#1115,.T.);
#5236=EDGE_CURVE('',#3593,#3594,#1120,.T.);
#5238=EDGE_CURVE('',#3594,#3593,#1125,.T.);
#5242=EDGE_CURVE('',#3597,#3598,#1130,.T.);
#5244=EDGE_CURVE('',#3598,#3597,#1135,.T.);
#5256=EDGE_CURVE('',#3658,#3479,#1147,.T.);
#5258=EDGE_CURVE('',#3567,#3658,#1349,.T.);
#5270=EDGE_CURVE('',#3477,#3660,#1151,.T.);
#5272=EDGE_CURVE('',#3660,#3658,#1159,.T.);
#5284=EDGE_CURVE('',#3475,#3662,#1163,.T.);
#5286=EDGE_CURVE('',#3662,#3663,#1168,.T.);
#5288=EDGE_CURVE('',#3663,#3660,#1173,.T.);
#5300=EDGE_CURVE('',#3665,#3473,#1194,.T.);
#5302=EDGE_CURVE('',#3665,#3666,#1181,.T.);
#5304=EDGE_CURVE('',#3666,#3662,#1185,.T.);
#5314=EDGE_CURVE('',#3667,#3665,#1190,.T.);
#5318=EDGE_CURVE('',#3669,#3471,#1284,.T.);
#5320=EDGE_CURVE('',#3667,#3669,#1280,.T.);
#5342=EDGE_CURVE('',#3665,#3670,#1214,.T.);
#5345=EDGE_CURVE('',#3667,#3672,#1199,.T.);
#5347=EDGE_CURVE('',#3670,#3672,#1243,.T.);
#5373=EDGE_CURVE('',#3674,#3666,#1204,.T.);
#5377=EDGE_CURVE('',#3674,#3670,#1238,.T.);
#5387=EDGE_CURVE('',#3662,#3676,#1219,.T.);
#5391=EDGE_CURVE('',#3676,#3674,#1228,.T.);
#5415=EDGE_CURVE('',#3677,#3676,#1224,.T.);
#5417=EDGE_CURVE('',#3663,#3677,#1382,.T.);
#5429=EDGE_CURVE('',#3575,#3674,#1251,.T.);
#5432=EDGE_CURVE('',#3677,#3573,#1332,.T.);
#5444=EDGE_CURVE('',#3672,#3577,#1247,.T.);
#5458=EDGE_CURVE('',#3672,#3579,#1260,.T.);
#5468=EDGE_CURVE('',#3678,#3669,#1320,.T.);
#5470=EDGE_CURVE('',#3678,#3580,#1267,.T.);
#5486=EDGE_CURVE('',#3469,#3678,#1288,.T.);
#5510=EDGE_CURVE('',#3571,#3680,#1328,.T.);
#5512=EDGE_CURVE('',#3677,#3680,#1387,.T.);
#5524=EDGE_CURVE('',#3682,#3569,#1353,.T.);
#5526=EDGE_CURVE('',#3682,#3683,#1340,.T.);
#5528=EDGE_CURVE('',#3683,#3680,#1345,.T.);
#5541=EDGE_CURVE('',#3682,#3658,#1358,.T.);
#5578=EDGE_CURVE('',#3660,#3683,#1369,.T.);
#5601=EDGE_CURVE('',#3663,#3680,#1374,.T.);
#5626=EDGE_CURVE('',#3638,#3463,#1400,.T.);
#5628=EDGE_CURVE('',#3638,#3582,#1391,.T.);
#5639=EDGE_CURVE('',#3636,#3461,#1424,.T.);
#5641=EDGE_CURVE('',#3636,#3638,#1396,.T.);
#5653=EDGE_CURVE('',#3635,#3623,#1416,.T.);
#5655=EDGE_CURVE('',#3623,#3621,#1420,.T.);
#5657=EDGE_CURVE('',#3636,#3621,#1727,.T.);
#5661=EDGE_CURVE('',#3459,#3618,#1428,.T.);
#5663=EDGE_CURVE('',#3635,#3618,#1481,.T.);
#5673=EDGE_CURVE('',#3633,#3632,#1451,.T.);
#5675=EDGE_CURVE('',#3633,#3619,#1432,.T.);
#5677=EDGE_CURVE('',#3619,#3623,#1441,.T.);
#5680=EDGE_CURVE('',#3632,#3635,#1465,.T.);
#5690=EDGE_CURVE('',#3632,#3633,#1446,.T.);
#5695=EDGE_CURVE('',#3965,#3966,#1456,.T.);
#5697=EDGE_CURVE('',#3966,#3965,#1461,.T.);
#5710=EDGE_CURVE('',#3618,#3619,#1490,.T.);
#5724=EDGE_CURVE('',#3617,#3457,#1522,.T.);
#5726=EDGE_CURVE('',#3621,#3617,#1735,.T.);
#5732=EDGE_CURVE('',#3624,#3625,#1504,.T.);
#5734=EDGE_CURVE('',#3625,#3624,#1518,.T.);
#5746=EDGE_CURVE('',#3455,#3503,#1526,.T.);
#5748=EDGE_CURVE('',#3503,#3617,#1540,.T.);
#5752=EDGE_CURVE('',#3615,#3614,#1557,.T.);
#5754=EDGE_CURVE('',#3614,#3615,#1574,.T.);
#5765=EDGE_CURVE('',#3503,#3412,#1578,.T.);
#5779=EDGE_CURVE('',#3504,#3411,#1613,.T.);
#5781=EDGE_CURVE('',#3505,#3504,#1608,.T.);
#5783=EDGE_CURVE('',#3505,#3507,#1589,.T.);
#5785=EDGE_CURVE('',#3509,#3507,#1761,.T.);
#5787=EDGE_CURVE('',#3511,#3509,#1739,.T.);
#5789=EDGE_CURVE('',#3503,#3511,#1851,.T.);
#5799=EDGE_CURVE('',#3431,#3512,#1599,.T.);
#5801=EDGE_CURVE('',#3514,#3512,#1838,.T.);
#5803=EDGE_CURVE('',#3516,#3514,#1833,.T.);
#5805=EDGE_CURVE('',#3516,#3505,#1603,.T.);
#5820=EDGE_CURVE('',#3518,#3429,#1640,.T.);
#5822=EDGE_CURVE('',#3512,#3518,#1843,.T.);
#5845=EDGE_CURVE('',#3519,#3428,#1662,.T.);
#5847=EDGE_CURVE('',#3519,#3518,#1635,.T.);
#5875=EDGE_CURVE('',#3427,#3519,#1654,.T.);
#5887=EDGE_CURVE('',#3521,#3519,#1666,.T.);
#5891=EDGE_CURVE('',#3521,#3425,#1972,.T.);
#5901=EDGE_CURVE('',#3524,#3525,#1678,.T.);
#5903=EDGE_CURVE('',#3518,#3524,#1787,.T.);
#5907=EDGE_CURVE('',#3525,#3521,#1967,.T.);
#5917=EDGE_CURVE('',#3528,#3529,#1674,.T.);
#5919=EDGE_CURVE('',#3531,#3529,#1797,.T.);
#5921=EDGE_CURVE('',#3524,#3531,#1792,.T.);
#5924=EDGE_CURVE('',#3533,#3525,#1944,.T.);
#5926=EDGE_CURVE('',#3528,#3533,#1939,.T.);
#5936=EDGE_CURVE('',#3536,#3537,#1703,.T.);
#5938=EDGE_CURVE('',#3529,#3536,#1801,.T.);
#5941=EDGE_CURVE('',#3537,#3528,#1925,.T.);
#5952=EDGE_CURVE('',#3541,#3542,#1694,.T.);
#5954=EDGE_CURVE('',#3542,#3544,#1699,.T.);
#5956=EDGE_CURVE('',#3536,#3544,#1806,.T.);
#5959=EDGE_CURVE('',#3546,#3537,#1921,.T.);
#5961=EDGE_CURVE('',#3540,#3546,#1916,.T.);
#5996=EDGE_CURVE('',#3554,#3544,#1708,.T.);
#6008=EDGE_CURVE('',#3552,#3644,#1717,.T.);
#6010=EDGE_CURVE('',#3544,#3644,#1810,.T.);
#6025=EDGE_CURVE('',#3640,#3621,#1731,.T.);
#6027=EDGE_CURVE('',#3642,#3640,#1783,.T.);
#6029=EDGE_CURVE('',#3644,#3642,#1814,.T.);
#6042=EDGE_CURVE('',#3647,#3648,#1753,.T.);
#6044=EDGE_CURVE('',#3640,#3647,#1775,.T.);
#6048=EDGE_CURVE('',#3648,#3617,#1847,.T.);
#6059=EDGE_CURVE('',#3509,#3650,#1744,.T.);
#6061=EDGE_CURVE('',#3650,#3647,#1749,.T.);
#6064=EDGE_CURVE('',#3648,#3511,#1757,.T.);
#6075=EDGE_CURVE('',#3507,#3652,#1766,.T.);
#6077=EDGE_CURVE('',#3652,#3640,#1771,.T.);
#6090=EDGE_CURVE('',#3507,#3654,#1779,.T.);
#6092=EDGE_CURVE('',#3656,#3654,#1824,.T.);
#6094=EDGE_CURVE('',#3642,#3656,#1819,.T.);
#6107=EDGE_CURVE('',#3654,#3516,#1828,.T.);
#6142=EDGE_CURVE('',#3511,#3648,#1896,.T.);
#6156=B_SPLINE_CURVE_WITH_KNOTS('',3,(#6147,#6148,#6149,#6150,#6151,#6152,#6153,
#6154,#6155),.UNSPECIFIED.,.F.,.F.,(4,1,1,1,1,1,4),(0.E0,9.892534121733E-3,
2.549474259702E-1,5.000023178183E-1,7.450572096663E-1,9.901121015146E-1,1.E0),
.UNSPECIFIED.);
#6172=EDGE_CURVE('',#3537,#3895,#1901,.T.);
#6174=EDGE_CURVE('',#3895,#3954,#1906,.T.);
#6176=EDGE_CURVE('',#3954,#3540,#1911,.T.);
#6190=EDGE_CURVE('',#3890,#3528,#1934,.T.);
#6192=EDGE_CURVE('',#3890,#3895,#1929,.T.);
#6205=EDGE_CURVE('',#3525,#3898,#1949,.T.);
#6207=EDGE_CURVE('',#3898,#3903,#1954,.T.);
#6209=EDGE_CURVE('',#3903,#3890,#1959,.T.);
#6219=EDGE_CURVE('',#3910,#3521,#1977,.T.);
#6221=EDGE_CURVE('',#3910,#3898,#1963,.T.);
#6234=EDGE_CURVE('',#3910,#3425,#2000,.T.);
#6257=EDGE_CURVE('',#3424,#3916,#1984,.T.);
#6259=EDGE_CURVE('',#3916,#3905,#1995,.T.);
#6261=EDGE_CURVE('',#3910,#3905,#2149,.T.);
#6276=EDGE_CURVE('',#3795,#3912,#2008,.T.);
#6278=EDGE_CURVE('',#3911,#3912,#2156,.T.);
#6280=EDGE_CURVE('',#3916,#3911,#2192,.T.);
#6293=EDGE_CURVE('',#3793,#3917,#2018,.T.);
#6295=EDGE_CURVE('',#3919,#3917,#2426,.T.);
#6297=EDGE_CURVE('',#3919,#3913,#2023,.T.);
#6299=EDGE_CURVE('',#3913,#3912,#2028,.T.);
#6330=EDGE_CURVE('',#3920,#3792,#2056,.T.);
#6332=EDGE_CURVE('',#3920,#3917,#2042,.T.);
#6347=EDGE_CURVE('',#3784,#3921,#2049,.T.);
#6349=EDGE_CURVE('',#3927,#3921,#2244,.T.);
#6351=EDGE_CURVE('',#3925,#3927,#2239,.T.);
#6353=EDGE_CURVE('',#3923,#3925,#2234,.T.);
#6355=EDGE_CURVE('',#3920,#3923,#2229,.T.);
#6387=EDGE_CURVE('',#3783,#3928,#2075,.T.);
#6389=EDGE_CURVE('',#3928,#3921,#2080,.T.);
#6401=EDGE_CURVE('',#3880,#3781,#2095,.T.);
#6403=EDGE_CURVE('',#3880,#3885,#2085,.T.);
#6405=EDGE_CURVE('',#3885,#3929,#2091,.T.);
#6407=EDGE_CURVE('',#3928,#3929,#2282,.T.);
#6418=EDGE_CURVE('',#3880,#3881,#2118,.T.);
#6423=EDGE_CURVE('',#3881,#3556,#2458,.T.);
#6445=EDGE_CURVE('',#3882,#3883,#2111,.T.);
#6447=EDGE_CURVE('',#3884,#3883,#2337,.T.);
#6449=EDGE_CURVE('',#3885,#3884,#2315,.T.);
#6453=EDGE_CURVE('',#3886,#3881,#2451,.T.);
#6455=EDGE_CURVE('',#3882,#3886,#2443,.T.);
#6465=EDGE_CURVE('',#3889,#3890,#2137,.T.);
#6467=EDGE_CURVE('',#3892,#3889,#2354,.T.);
#6469=EDGE_CURVE('',#3892,#3893,#2125,.T.);
#6471=EDGE_CURVE('',#3883,#3893,#2326,.T.);
#6474=EDGE_CURVE('',#3882,#3895,#2129,.T.);
#6485=EDGE_CURVE('',#3898,#3899,#2133,.T.);
#6487=EDGE_CURVE('',#3901,#3899,#2374,.T.);
#6489=EDGE_CURVE('',#3889,#3901,#2369,.T.);
#6502=EDGE_CURVE('',#3904,#3905,#2183,.T.);
#6504=EDGE_CURVE('',#3907,#3904,#2400,.T.);
#6506=EDGE_CURVE('',#3907,#3908,#2144,.T.);
#6508=EDGE_CURVE('',#3899,#3908,#2378,.T.);
#6535=EDGE_CURVE('',#3913,#3915,#2161,.T.);
#6537=EDGE_CURVE('',#3904,#3915,#2405,.T.);
#6550=EDGE_CURVE('',#3950,#3915,#2197,.T.);
#6553=EDGE_CURVE('',#3949,#3913,#2431,.T.);
#6555=EDGE_CURVE('',#3949,#3950,#2202,.T.);
#6577=EDGE_CURVE('',#3948,#3949,#2219,.T.);
#6579=EDGE_CURVE('',#3948,#3947,#2209,.T.);
#6581=EDGE_CURVE('',#3915,#3947,#2388,.T.);
#6593=EDGE_CURVE('',#3946,#3952,#2274,.T.);
#6595=EDGE_CURVE('',#3946,#3948,#2214,.T.);
#6598=EDGE_CURVE('',#3949,#3952,#2224,.T.);
#6612=EDGE_CURVE('',#3921,#3934,#2248,.T.);
#6614=EDGE_CURVE('',#3934,#3938,#2252,.T.);
#6616=EDGE_CURVE('',#3938,#3940,#2256,.T.);
#6618=EDGE_CURVE('',#3940,#3944,#2261,.T.);
#6620=EDGE_CURVE('',#3944,#3942,#2266,.T.);
#6622=EDGE_CURVE('',#3942,#3946,#2270,.T.);
#6625=EDGE_CURVE('',#3952,#3920,#2278,.T.);
#6635=EDGE_CURVE('',#3934,#3929,#2292,.T.);
#6664=EDGE_CURVE('',#3932,#3933,#2287,.T.);
#6666=EDGE_CURVE('',#3934,#3933,#2422,.T.);
#6670=EDGE_CURVE('',#3885,#3932,#2297,.T.);
#6680=EDGE_CURVE('',#3884,#3933,#2303,.T.);
#6709=EDGE_CURVE('',#3935,#3884,#2332,.T.);
#6711=EDGE_CURVE('',#3935,#3936,#2322,.T.);
#6713=EDGE_CURVE('',#3933,#3936,#2411,.T.);
#6725=EDGE_CURVE('',#3935,#3893,#2350,.T.);
#6749=EDGE_CURVE('',#3892,#3938,#2342,.T.);
#6751=EDGE_CURVE('',#3936,#3938,#2416,.T.);
#6764=EDGE_CURVE('',#3940,#3889,#2364,.T.);
#6777=EDGE_CURVE('',#3899,#3942,#2359,.T.);
#6792=EDGE_CURVE('',#3946,#3908,#2383,.T.);
#6817=EDGE_CURVE('',#3947,#3907,#2396,.T.);
#6857=EDGE_CURVE('',#3919,#3952,#2436,.T.);
#6907=EDGE_CURVE('',#3611,#3612,#2467,.T.);
#6909=EDGE_CURVE('',#3611,#3614,#2462,.T.);
#6912=EDGE_CURVE('',#3612,#3615,#2486,.T.);
#6923=EDGE_CURVE('',#3612,#3611,#2472,.T.);
#6927=EDGE_CURVE('',#3973,#3974,#2477,.T.);
#6929=EDGE_CURVE('',#3974,#3973,#2482,.T.);
#6952=EDGE_CURVE('',#3974,#3978,#2494,.T.);
#6954=EDGE_CURVE('',#3977,#3978,#2508,.T.);
#6956=EDGE_CURVE('',#3973,#3977,#2490,.T.);
#6968=EDGE_CURVE('',#3978,#3977,#2499,.T.);
#6980=EDGE_CURVE('',#3586,#3977,#2512,.T.);
#6983=EDGE_CURVE('',#3585,#3978,#2503,.T.);
#7005=EDGE_CURVE('',#3628,#3629,#2521,.T.);
#7007=EDGE_CURVE('',#3628,#3625,#2516,.T.);
#7010=EDGE_CURVE('',#3629,#3624,#2540,.T.);
#7021=EDGE_CURVE('',#3629,#3628,#2526,.T.);
#7025=EDGE_CURVE('',#3957,#3958,#2531,.T.);
#7027=EDGE_CURVE('',#3958,#3957,#2536,.T.);
#7050=EDGE_CURVE('',#3958,#3962,#2548,.T.);
#7052=EDGE_CURVE('',#3961,#3962,#2562,.T.);
#7054=EDGE_CURVE('',#3957,#3961,#2544,.T.);
#7066=EDGE_CURVE('',#3962,#3961,#2553,.T.);
#7078=EDGE_CURVE('',#3590,#3961,#2566,.T.);
#7081=EDGE_CURVE('',#3589,#3962,#2557,.T.);
#7104=EDGE_CURVE('',#3966,#3970,#2574,.T.);
#7106=EDGE_CURVE('',#3969,#3970,#2588,.T.);
#7108=EDGE_CURVE('',#3965,#3969,#2570,.T.);
#7120=EDGE_CURVE('',#3970,#3969,#2579,.T.);
#7132=EDGE_CURVE('',#3594,#3969,#2592,.T.);
#7135=EDGE_CURVE('',#3593,#3970,#2583,.T.);
#7158=EDGE_CURVE('',#3565,#3684,#2605,.T.);
#7160=EDGE_CURVE('',#3684,#3686,#2609,.T.);
#7162=EDGE_CURVE('',#3485,#3686,#2812,.T.);
#7175=EDGE_CURVE('',#3687,#3563,#2629,.T.);
#7177=EDGE_CURVE('',#3687,#3684,#2621,.T.);
#7204=EDGE_CURVE('',#3687,#3688,#2669,.T.);
#7207=EDGE_CURVE('',#3563,#3689,#2637,.T.);
#7209=EDGE_CURVE('',#3689,#3690,#2646,.T.);
#7211=EDGE_CURVE('',#3688,#3690,#2674,.T.);
#7233=EDGE_CURVE('',#3691,#3692,#2656,.T.);
#7235=EDGE_CURVE('',#3692,#3693,#2661,.T.);
#7237=EDGE_CURVE('',#3687,#3693,#2817,.T.);
#7241=EDGE_CURVE('',#3691,#3690,#3007,.T.);
#7283=EDGE_CURVE('',#3694,#3692,#2682,.T.);
#7286=EDGE_CURVE('',#3694,#3691,#2928,.T.);
#7308=EDGE_CURVE('',#3695,#3694,#2692,.T.);
#7310=EDGE_CURVE('',#3695,#3693,#2687,.T.);
#7322=EDGE_CURVE('',#3698,#3699,#2718,.T.);
#7324=EDGE_CURVE('',#3701,#3698,#2771,.T.);
#7326=EDGE_CURVE('',#3695,#3701,#2821,.T.);
#7329=EDGE_CURVE('',#3694,#3699,#2697,.T.);
#7340=EDGE_CURVE('',#3441,#3702,#2714,.T.);
#7342=EDGE_CURVE('',#3698,#3702,#2889,.T.);
#7345=EDGE_CURVE('',#3443,#3699,#2899,.T.);
#7387=EDGE_CURVE('',#3441,#3703,#2731,.T.);
#7389=EDGE_CURVE('',#3703,#3702,#2736,.T.);
#7401=EDGE_CURVE('',#3705,#3438,#2759,.T.);
#7403=EDGE_CURVE('',#3705,#3703,#2744,.T.);
#7416=EDGE_CURVE('',#3491,#3705,#2754,.T.);
#7429=EDGE_CURVE('',#3707,#3489,#2790,.T.);
#7431=EDGE_CURVE('',#3707,#3709,#2767,.T.);
#7433=EDGE_CURVE('',#3701,#3709,#2848,.T.);
#7436=EDGE_CURVE('',#3711,#3698,#2884,.T.);
#7438=EDGE_CURVE('',#3711,#3705,#2775,.T.);
#7448=EDGE_CURVE('',#3487,#3713,#2780,.T.);
#7450=EDGE_CURVE('',#3713,#3707,#2785,.T.);
#7462=EDGE_CURVE('',#3686,#3713,#2794,.T.);
#7477=EDGE_CURVE('',#3715,#3693,#2838,.T.);
#7479=EDGE_CURVE('',#3713,#3715,#2861,.T.);
#7492=EDGE_CURVE('',#3717,#3701,#2843,.T.);
#7494=EDGE_CURVE('',#3717,#3715,#2834,.T.);
#7506=EDGE_CURVE('',#3717,#3719,#2853,.T.);
#7510=EDGE_CURVE('',#3719,#3709,#2879,.T.);
#7554=EDGE_CURVE('',#3715,#3719,#2874,.T.);
#7564=EDGE_CURVE('',#3719,#3707,#2857,.T.);
#7591=EDGE_CURVE('',#3711,#3703,#2894,.T.);
#7626=EDGE_CURVE('',#3720,#3699,#2918,.T.);
#7628=EDGE_CURVE('',#3444,#3720,#2944,.T.);
#7650=EDGE_CURVE('',#3721,#3722,#2907,.T.);
#7652=EDGE_CURVE('',#3722,#3720,#2913,.T.);
#7657=EDGE_CURVE('',#3721,#3691,#3002,.T.);
#7687=EDGE_CURVE('',#3723,#3722,#2936,.T.);
#7690=EDGE_CURVE('',#3723,#3721,#2967,.T.);
#7719=EDGE_CURVE('',#3444,#3723,#2954,.T.);
#7731=EDGE_CURVE('',#3435,#3723,#2959,.T.);
#7767=EDGE_CURVE('',#3724,#3721,#2997,.T.);
#7783=B_SPLINE_CURVE_WITH_KNOTS('',3,(#7774,#7775,#7776,#7777,#7778,#7779,#7780,
#7781,#7782),.UNSPECIFIED.,.F.,.F.,(4,1,1,1,1,1,4),(0.E0,9.858645876233E-3,
2.519829383854E-1,4.999885923829E-1,7.479942463805E-1,9.901181021876E-1,1.E0),
.UNSPECIFIED.);
#7787=EDGE_CURVE('',#3725,#3726,#2979,.T.);
#7789=EDGE_CURVE('',#3726,#3727,#2984,.T.);
#7796=EDGE_CURVE('',#3689,#3728,#3013,.T.);
#7847=EDGE_CURVE('',#3729,#3730,#3036,.T.);
#7849=EDGE_CURVE('',#3731,#3729,#3088,.T.);
#7851=EDGE_CURVE('',#3726,#3731,#3082,.T.);
#7864=EDGE_CURVE('',#3734,#3729,#3024,.T.);
#7892=EDGE_CURVE('',#3734,#3862,#3047,.T.);
#7895=EDGE_CURVE('',#3861,#3729,#3052,.T.);
#7906=EDGE_CURVE('',#3858,#3759,#3061,.T.);
#7939=EDGE_CURVE('',#3857,#3856,#3077,.T.);
#7977=EDGE_CURVE('',#3726,#3861,#3098,.T.);
#8041=EDGE_CURVE('',#3601,#3602,#3108,.T.);
#8043=EDGE_CURVE('',#3598,#3602,#3129,.T.);
#8046=EDGE_CURVE('',#3597,#3601,#3112,.T.);
#8057=EDGE_CURVE('',#3604,#3601,#3120,.T.);
#8059=EDGE_CURVE('',#3606,#3604,#3143,.T.);
#8061=EDGE_CURVE('',#3606,#3602,#3116,.T.);
#8071=EDGE_CURVE('',#3602,#3601,#3125,.T.);
#8074=EDGE_CURVE('',#3604,#3606,#3134,.T.);
#8098=EDGE_CURVE('',#3606,#3608,#3138,.T.);
#8100=EDGE_CURVE('',#3604,#3608,#3147,.T.);
#8141=EDGE_CURVE('',#3832,#3746,#3184,.T.);
#8156=EDGE_CURVE('',#3752,#3826,#3192,.T.);
#8181=EDGE_CURVE('',#3406,#3408,#3242,.T.);
#8183=EDGE_CURVE('',#3405,#3406,#3247,.T.);
#8185=EDGE_CURVE('',#3405,#3407,#3231,.T.);
#8197=EDGE_CURVE('',#3406,#3405,#3252,.T.);
#8213=EDGE_CURVE('',#3981,#3982,#3257,.T.);
#8215=EDGE_CURVE('',#3982,#3981,#3262,.T.);
#8226=EDGE_CURVE('',#3982,#3986,#3270,.T.);
#8228=EDGE_CURVE('',#3985,#3986,#3284,.T.);
#8230=EDGE_CURVE('',#3981,#3985,#3266,.T.);
#8242=EDGE_CURVE('',#3986,#3985,#3275,.T.);
#8254=EDGE_CURVE('',#3388,#3985,#3288,.T.);
#8257=EDGE_CURVE('',#3387,#3986,#3279,.T.);
#8292=EDGE_CURVE('',#3395,#3396,#3311,.T.);
#8294=EDGE_CURVE('',#3392,#3396,#3332,.T.);
#8297=EDGE_CURVE('',#3391,#3395,#3315,.T.);
#8308=EDGE_CURVE('',#3398,#3395,#3323,.T.);
#8310=EDGE_CURVE('',#3400,#3398,#3346,.T.);
#8312=EDGE_CURVE('',#3400,#3396,#3319,.T.);
#8322=EDGE_CURVE('',#3396,#3395,#3328,.T.);
#8325=EDGE_CURVE('',#3398,#3400,#3337,.T.);
#8349=EDGE_CURVE('',#3400,#3402,#3341,.T.);
#8351=EDGE_CURVE('',#3398,#3402,#3350,.T.);
#8367=CLOSED_SHELL('',(#4000,#4015,#4030,#4073,#4090,#4111,#4126,#4192,#4206,
#4244,#4258,#4270,#4298,#4324,#4337,#4355,#4384,#4421,#4433,#4464,#4476,#4508,
#4535,#4550,#4565,#4586,#4651,#4673,#4687,#4707,#4742,#4762,#4782,#4796,#4812,
#4828,#4847,#4883,#4896,#4930,#4943,#4981,#5011,#5037,#5051,#5082,#5095,#5122,
#5141,#5159,#5189,#5248,#5262,#5276,#5292,#5308,#5324,#5351,#5381,#5395,#5421,
#5436,#5450,#5462,#5478,#5491,#5503,#5517,#5533,#5546,#5583,#5608,#5619,#5633,
#5647,#5667,#5684,#5701,#5715,#5738,#5758,#5771,#5793,#5813,#5827,#5853,#5881,
#5895,#5911,#5930,#5945,#5965,#6002,#6016,#6036,#6052,#6068,#6084,#6101,#6114,
#6135,#6146,#6166,#6182,#6196,#6213,#6227,#6239,#6267,#6285,#6303,#6337,#6360,
#6394,#6412,#6427,#6459,#6479,#6496,#6515,#6544,#6559,#6587,#6602,#6629,#6642,
#6674,#6687,#6718,#6731,#6758,#6771,#6786,#6799,#6825,#6837,#6849,#6862,#6886,
#6901,#6916,#6933,#6945,#6960,#6973,#6987,#6999,#7014,#7031,#7043,#7058,#7071,
#7085,#7097,#7112,#7125,#7139,#7151,#7168,#7182,#7215,#7245,#7290,#7316,#7333,
#7349,#7394,#7408,#7421,#7442,#7456,#7469,#7485,#7500,#7514,#7558,#7571,#7582,
#7595,#7606,#7632,#7661,#7694,#7723,#7735,#7773,#7801,#7857,#7870,#7900,#7913,
#7946,#7970,#7983,#8007,#8035,#8050,#8065,#8079,#8091,#8104,#8115,#8130,#8145,
#8162,#8174,#8189,#8203,#8219,#8234,#8247,#8261,#8273,#8286,#8301,#8316,#8330,
#8342,#8355,#8366));
#8368=MANIFOLD_SOLID_BREP('',#8367);
#8369=(LENGTH_UNIT()NAMED_UNIT(*)SI_UNIT(.MILLI.,.METRE.));
#8371=(NAMED_UNIT(*)PLANE_ANGLE_UNIT()SI_UNIT($,.RADIAN.));
#8374=(NAMED_UNIT(*)SI_UNIT($,.STERADIAN.)SOLID_ANGLE_UNIT());
#8377=ADVANCED_BREP_SHAPE_REPRESENTATION('',(#8368),#8376);
#8384=PRODUCT_DEFINITION('design','',#8383,#8380);
#8385=PRODUCT_DEFINITION_SHAPE('','SHAPE FOR KD-D-103L_L_HIP_YOKE_IDLE_1.',
#8384);
#8386=SHAPE_DEFINITION_REPRESENTATION(#8385,#8377);
ENDSEC;
END-ISO-10303-21;
