ISO-10303-21;
HEADER;
FILE_DESCRIPTION((''),'2;1');
FILE_NAME('_60610001','2025-07-13T10:17:00',('Administrator'),(''),
'CREO PARAMETRIC BY PTC INC, 2022073','CREO PARAMETRIC BY PTC INC, 2022073','');
FILE_SCHEMA(('CONFIG_CONTROL_DESIGN'));
ENDSEC;
DATA;
#1=DIRECTION('',(5.367088213642E-14,1.E0,-6.347741368727E-13));
#2=VECTOR('',#1,2.144699669750E1);
#3=CARTESIAN_POINT('',(-7.000000000001E1,1.275E1,-1.667683558855E2));
#4=LINE('',#3,#2);
#5=DIRECTION('',(7.119799812996E-14,-5.760939923748E-2,-9.983391994305E-1));
#6=VECTOR('',#5,7.285263781688E1);
#7=CARTESIAN_POINT('',(-7.E1,3.419699669750E1,-1.667683558855E2));
#8=LINE('',#7,#6);
#9=DIRECTION('',(-5.931487185476E-14,-1.E0,5.272433053756E-14));
#10=VECTOR('',#9,1.725E1);
#11=CARTESIAN_POINT('',(-7.E1,3.E1,-2.395E2));
#12=LINE('',#11,#10);
#13=CARTESIAN_POINT('',(-1.775E2,1.275E1,-1.743676979623E2));
#14=DIRECTION('',(0.E0,-1.E0,0.E0));
#15=DIRECTION('',(3.124999999998E-1,0.E0,9.499177595982E-1));
#16=AXIS2_PLACEMENT_3D('',#13,#14,#15);
#18=CARTESIAN_POINT('',(-1.775E2,1.275E1,-1.743676979623E2));
#19=DIRECTION('',(0.E0,-1.E0,0.E0));
#20=DIRECTION('',(0.E0,0.E0,1.E0));
#21=AXIS2_PLACEMENT_3D('',#18,#19,#20);
#23=DIRECTION('',(-1.E0,0.E0,5.115907697473E-13));
#24=VECTOR('',#23,1.E0);
#25=CARTESIAN_POINT('',(-1.81E2,1.275E1,-2.395E2));
#26=LINE('',#25,#24);
#27=DIRECTION('',(0.E0,0.E0,1.E0));
#28=VECTOR('',#27,1.454999982817E2);
#29=CARTESIAN_POINT('',(-1.82E2,1.275E1,-2.395E2));
#30=LINE('',#29,#28);
#31=CARTESIAN_POINT('',(-1.26E2,1.275E1,-9.4E1));
#32=DIRECTION('',(0.E0,1.E0,0.E0));
#33=DIRECTION('',(-1.E0,0.E0,0.E0));
#34=AXIS2_PLACEMENT_3D('',#31,#32,#33);
#36=CARTESIAN_POINT('',(-1.26E2,1.275E1,-9.4E1));
#37=DIRECTION('',(0.E0,1.E0,0.E0));
#38=DIRECTION('',(0.E0,0.E0,1.E0));
#39=AXIS2_PLACEMENT_3D('',#36,#37,#38);
#41=DIRECTION('',(4.226128141085E-1,0.E0,-9.063103272893E-1));
#42=VECTOR('',#41,3.731045154645E1);
#43=CARTESIAN_POINT('',(-8.576787492371E1,1.275E1,-1.329535083331E2));
#44=LINE('',#43,#42);
#45=DIRECTION('',(7.307492808931E-14,0.E0,-1.E0));
#46=VECTOR('',#45,7.273164411451E1);
#47=CARTESIAN_POINT('',(-7.000000000001E1,1.275E1,-1.667683558855E2));
#48=LINE('',#47,#46);
#49=DIRECTION('',(-1.E0,0.E0,-8.526512829121E-14));
#50=VECTOR('',#49,1.E0);
#51=CARTESIAN_POINT('',(-7.E1,1.275E1,-2.395E2));
#52=LINE('',#51,#50);
#53=CARTESIAN_POINT('',(-7.45E1,1.275E1,-1.740901118309E2));
#54=DIRECTION('',(0.E0,-1.E0,0.E0));
#55=DIRECTION('',(1.E0,0.E0,0.E0));
#56=AXIS2_PLACEMENT_3D('',#53,#54,#55);
#58=CARTESIAN_POINT('',(-7.45E1,1.275E1,-1.740901118309E2));
#59=DIRECTION('',(0.E0,-1.E0,0.E0));
#60=DIRECTION('',(0.E0,0.E0,1.E0));
#61=AXIS2_PLACEMENT_3D('',#58,#59,#60);
#63=CARTESIAN_POINT('',(-7.772364543274E1,1.275E1,-1.667683558855E2));
#64=DIRECTION('',(0.E0,1.E0,0.E0));
#65=DIRECTION('',(4.029556790924E-1,0.E0,-9.152194931748E-1));
#66=AXIS2_PLACEMENT_3D('',#63,#64,#65);
#68=CARTESIAN_POINT('',(-7.772364543274E1,1.275E1,-1.667683558855E2));
#69=DIRECTION('',(0.E0,1.E0,0.E0));
#70=DIRECTION('',(0.E0,0.E0,-1.E0));
#71=AXIS2_PLACEMENT_3D('',#68,#69,#70);
#73=DIRECTION('',(-1.208154374659E-1,-2.889516191505E-14,9.926749871282E-1));
#74=VECTOR('',#73,7.745966692365E0);
#75=CARTESIAN_POINT('',(-8.219068287482E1,1.275E1,-1.673120253541E2));
#76=LINE('',#75,#74);
#77=CARTESIAN_POINT('',(-8.064482776154E1,1.275E1,-1.593207593737E2));
#78=DIRECTION('',(0.E0,1.E0,0.E0));
#79=DIRECTION('',(-9.926749871234E-1,0.E0,-1.208154375049E-1));
#80=AXIS2_PLACEMENT_3D('',#77,#78,#79);
#82=CARTESIAN_POINT('',(-8.122290209730E1,1.275E1,-1.533486717938E2));
#83=DIRECTION('',(0.E0,-1.E0,0.E0));
#84=DIRECTION('',(9.634572193300E-2,0.E0,-9.953479300552E-1));
#85=AXIS2_PLACEMENT_3D('',#82,#83,#84);
#87=DIRECTION('',(-4.226182617411E-1,6.129482098940E-14,9.063077870365E-1));
#88=VECTOR('',#87,2.109783107625E1);
#89=CARTESIAN_POINT('',(-7.805082484264E1,1.275E1,-1.518695078778E2));
#90=LINE('',#89,#88);
#91=CARTESIAN_POINT('',(-1.26E2,1.275E1,-9.4E1));
#92=DIRECTION('',(0.E0,-1.E0,0.E0));
#93=DIRECTION('',(7.096881174802E-1,0.E0,-7.045159869779E-1));
#94=AXIS2_PLACEMENT_3D('',#91,#92,#93);
#96=CARTESIAN_POINT('',(-9.259345856021E1,1.275E1,-5.883961051081E1));
#97=DIRECTION('',(0.E0,-1.E0,0.E0));
#98=DIRECTION('',(6.887946688618E-1,0.E0,7.249564843131E-1));
#99=AXIS2_PLACEMENT_3D('',#96,#97,#98);
#101=CARTESIAN_POINT('',(-9.259345856021E1,1.275E1,-5.883961051081E1));
#102=DIRECTION('',(0.E0,-1.E0,0.E0));
#103=DIRECTION('',(0.E0,0.E0,1.E0));
#104=AXIS2_PLACEMENT_3D('',#101,#102,#103);
#106=CARTESIAN_POINT('',(-1.015E2,1.275E1,-5.156475521456E1));
#107=DIRECTION('',(0.E0,1.E0,0.E0));
#108=DIRECTION('',(7.744818643291E-1,0.E0,-6.325961127175E-1));
#109=AXIS2_PLACEMENT_3D('',#106,#107,#108);
#111=CARTESIAN_POINT('',(-1.015E2,1.275E1,-5.156475521456E1));
#112=DIRECTION('',(0.E0,1.E0,0.E0));
#113=DIRECTION('',(0.E0,0.E0,-1.E0));
#114=AXIS2_PLACEMENT_3D('',#111,#112,#113);
#116=CARTESIAN_POINT('',(-1.122534802153E2,1.275E1,-4.748889171597E1));
#117=DIRECTION('',(0.E0,-1.E0,0.E0));
#118=DIRECTION('',(9.350852361089E-1,0.E0,-3.544229129320E-1));
#119=AXIS2_PLACEMENT_3D('',#116,#117,#118);
#121=CARTESIAN_POINT('',(-1.26E2,1.275E1,-9.4E1));
#122=DIRECTION('',(0.E0,-1.E0,0.E0));
#123=DIRECTION('',(2.834333976219E-1,0.E0,9.589919233823E-1));
#124=AXIS2_PLACEMENT_3D('',#121,#122,#123);
#126=CARTESIAN_POINT('',(-1.26E2,1.275E1,-9.4E1));
#127=DIRECTION('',(0.E0,-1.E0,0.E0));
#128=DIRECTION('',(0.E0,0.E0,1.E0));
#129=AXIS2_PLACEMENT_3D('',#126,#127,#128);
#131=CARTESIAN_POINT('',(-1.272401578489E2,1.275E1,-4.551585817497E1));
#132=DIRECTION('',(0.E0,-1.E0,0.E0));
#133=DIRECTION('',(-2.557026491843E-2,0.E0,9.996730273204E-1));
#134=AXIS2_PLACEMENT_3D('',#131,#132,#133);
#136=CARTESIAN_POINT('',(-1.386821332100E2,1.275E1,-4.666963451184E1));
#137=DIRECTION('',(0.E0,1.E0,0.E0));
#138=DIRECTION('',(9.949543796503E-1,0.E0,1.003283729297E-1));
#139=AXIS2_PLACEMENT_3D('',#136,#137,#138);
#141=CARTESIAN_POINT('',(-1.386821332100E2,1.275E1,-4.666963451184E1));
#142=DIRECTION('',(0.E0,1.E0,0.E0));
#143=DIRECTION('',(0.E0,0.E0,-1.E0));
#144=AXIS2_PLACEMENT_3D('',#141,#142,#143);
#146=CARTESIAN_POINT('',(-1.491680627107E2,1.275E1,-5.139142257438E1));
#147=DIRECTION('',(0.E0,-1.E0,0.E0));
#148=DIRECTION('',(9.118210067483E-1,0.E0,4.105879341292E-1));
#149=AXIS2_PLACEMENT_3D('',#146,#147,#148);
#151=CARTESIAN_POINT('',(-1.491680627107E2,1.275E1,-5.139142257438E1));
#152=DIRECTION('',(0.E0,-1.E0,0.E0));
#153=DIRECTION('',(0.E0,0.E0,1.E0));
#154=AXIS2_PLACEMENT_3D('',#151,#152,#153);
#156=CARTESIAN_POINT('',(-1.26E2,1.275E1,-9.4E1));
#157=DIRECTION('',(0.E0,-1.E0,0.E0));
#158=DIRECTION('',(-4.776920146487E-1,0.E0,8.785273696026E-1));
#159=AXIS2_PLACEMENT_3D('',#156,#157,#158);
#161=CARTESIAN_POINT('',(-1.775E2,1.275E1,-1.531271419247E2));
#162=DIRECTION('',(0.E0,-1.E0,0.E0));
#163=DIRECTION('',(-1.E0,0.E0,0.E0));
#164=AXIS2_PLACEMENT_3D('',#161,#162,#163);
#166=CARTESIAN_POINT('',(-1.775E2,1.275E1,-1.531271419247E2));
#167=DIRECTION('',(0.E0,-1.E0,0.E0));
#168=DIRECTION('',(0.E0,0.E0,-1.E0));
#169=AXIS2_PLACEMENT_3D('',#166,#167,#168);
#171=CARTESIAN_POINT('',(-1.755E2,1.275E1,-1.587839961741E2));
#172=DIRECTION('',(0.E0,1.E0,0.E0));
#173=DIRECTION('',(-3.333333333314E-1,0.E0,9.428090415827E-1));
#174=AXIS2_PLACEMENT_3D('',#171,#172,#173);
#176=CARTESIAN_POINT('',(-1.755E2,1.275E1,-1.587839961741E2));
#177=DIRECTION('',(0.E0,1.E0,0.E0));
#178=DIRECTION('',(0.E0,0.E0,1.E0));
#179=AXIS2_PLACEMENT_3D('',#176,#177,#178);
#181=DIRECTION('',(3.100266057625E-1,-1.527315701189E-13,-9.507278810045E-1));
#182=VECTOR('',#181,7.745966692539E0);
#183=CARTESIAN_POINT('',(-1.731231802975E2,1.275000000001E1,-1.580089296597E2));
#184=LINE('',#183,#182);
#185=CARTESIAN_POINT('',(-1.75E2,1.275E1,-1.667683558855E2));
#186=DIRECTION('',(0.E0,1.E0,0.E0));
#187=DIRECTION('',(9.507278810050E-1,0.E0,3.100266057612E-1));
#188=AXIS2_PLACEMENT_3D('',#185,#186,#187);
#190=CARTESIAN_POINT('',(-1.75E2,1.275E1,-1.667683558855E2));
#191=DIRECTION('',(0.E0,1.E0,0.E0));
#192=DIRECTION('',(0.E0,0.E0,-1.E0));
#193=AXIS2_PLACEMENT_3D('',#190,#191,#192);
#195=CARTESIAN_POINT('',(-1.75E2,1.275E1,-1.667683558855E2));
#196=DIRECTION('',(0.E0,-1.E0,0.E0));
#197=DIRECTION('',(0.E0,0.E0,-1.E0));
#198=AXIS2_PLACEMENT_3D('',#195,#196,#197);
#200=CARTESIAN_POINT('',(-1.75E2,1.275E1,-1.667683558855E2));
#201=DIRECTION('',(0.E0,-1.E0,0.E0));
#202=DIRECTION('',(0.E0,0.E0,1.E0));
#203=AXIS2_PLACEMENT_3D('',#200,#201,#202);
#205=CARTESIAN_POINT('',(-7.772364543274E1,1.275E1,-1.667683558855E2));
#206=DIRECTION('',(0.E0,-1.E0,0.E0));
#207=DIRECTION('',(0.E0,0.E0,-1.E0));
#208=AXIS2_PLACEMENT_3D('',#205,#206,#207);
#210=CARTESIAN_POINT('',(-7.772364543274E1,1.275E1,-1.667683558855E2));
#211=DIRECTION('',(0.E0,-1.E0,0.E0));
#212=DIRECTION('',(0.E0,0.E0,1.E0));
#213=AXIS2_PLACEMENT_3D('',#210,#211,#212);
#215=CARTESIAN_POINT('',(-1.015E2,1.275E1,-5.156475521456E1));
#216=DIRECTION('',(0.E0,-1.E0,0.E0));
#217=DIRECTION('',(0.E0,0.E0,-1.E0));
#218=AXIS2_PLACEMENT_3D('',#215,#216,#217);
#220=CARTESIAN_POINT('',(-1.015E2,1.275E1,-5.156475521456E1));
#221=DIRECTION('',(0.E0,-1.E0,0.E0));
#222=DIRECTION('',(0.E0,0.E0,1.E0));
#223=AXIS2_PLACEMENT_3D('',#220,#221,#222);
#225=CARTESIAN_POINT('',(-1.386821332100E2,1.275E1,-4.666963451184E1));
#226=DIRECTION('',(0.E0,-1.E0,0.E0));
#227=DIRECTION('',(0.E0,0.E0,-1.E0));
#228=AXIS2_PLACEMENT_3D('',#225,#226,#227);
#230=CARTESIAN_POINT('',(-1.386821332100E2,1.275E1,-4.666963451184E1));
#231=DIRECTION('',(0.E0,-1.E0,0.E0));
#232=DIRECTION('',(0.E0,0.E0,1.E0));
#233=AXIS2_PLACEMENT_3D('',#230,#231,#232);
#235=CARTESIAN_POINT('',(-8.064482776154E1,1.275E1,-1.593207593737E2));
#236=DIRECTION('',(0.E0,-1.E0,0.E0));
#237=DIRECTION('',(-1.421085471521E-14,0.E0,1.E0));
#238=AXIS2_PLACEMENT_3D('',#235,#236,#237);
#240=CARTESIAN_POINT('',(-8.064482776154E1,1.275E1,-1.593207593737E2));
#241=DIRECTION('',(0.E0,-1.E0,0.E0));
#242=DIRECTION('',(1.421085471521E-14,0.E0,-1.E0));
#243=AXIS2_PLACEMENT_3D('',#240,#241,#242);
#245=CARTESIAN_POINT('',(-1.755E2,1.275E1,-1.587839961741E2));
#246=DIRECTION('',(0.E0,-1.E0,0.E0));
#247=DIRECTION('',(-2.842170943041E-14,0.E0,1.E0));
#248=AXIS2_PLACEMENT_3D('',#245,#246,#247);
#250=CARTESIAN_POINT('',(-1.755E2,1.275E1,-1.587839961741E2));
#251=DIRECTION('',(0.E0,-1.E0,0.E0));
#252=DIRECTION('',(1.421085471521E-14,0.E0,-1.E0));
#253=AXIS2_PLACEMENT_3D('',#250,#251,#252);
#255=CARTESIAN_POINT('',(-1.775E2,1.325E1,-1.743676979623E2));
#256=DIRECTION('',(0.E0,-1.E0,0.E0));
#257=DIRECTION('',(3.124990109838E-1,0.E0,9.499180849600E-1));
#258=AXIS2_PLACEMENT_3D('',#255,#256,#257);
#260=CARTESIAN_POINT('',(-1.775E2,1.325E1,-1.743676979623E2));
#261=DIRECTION('',(0.E0,-1.E0,0.E0));
#262=DIRECTION('',(1.832218253639E-3,0.E0,9.999983214867E-1));
#263=AXIS2_PLACEMENT_3D('',#260,#261,#262);
#265=DIRECTION('',(-7.071067811865E-1,-7.071067811865E-1,-2.532245117365E-12));
#266=VECTOR('',#265,7.071067811865E-1);
#267=CARTESIAN_POINT('',(-1.805E2,1.325E1,-1.743676979623E2));
#268=LINE('',#267,#266);
#269=DIRECTION('',(6.722679092176E-1,7.071067811824E-1,2.192164643498E-1));
#270=VECTOR('',#269,7.071067811847E-1);
#271=CARTESIAN_POINT('',(-1.707217245355E2,1.275E1,-1.653732361596E2));
#272=LINE('',#271,#270);
#273=CARTESIAN_POINT('',(-1.75E2,1.325E1,-1.667683558855E2));
#274=DIRECTION('',(0.E0,1.E0,0.E0));
#275=DIRECTION('',(9.507288865145E-1,0.E0,3.100235222479E-1));
#276=AXIS2_PLACEMENT_3D('',#273,#274,#275);
#278=CARTESIAN_POINT('',(-1.75E2,1.325E1,-1.667683558855E2));
#279=DIRECTION('',(0.E0,1.E0,0.E0));
#280=DIRECTION('',(0.E0,0.E0,-1.E0));
#281=AXIS2_PLACEMENT_3D('',#278,#279,#280);
#283=DIRECTION('',(2.209729671363E-1,-7.071067811847E-1,6.716925991833E-1));
#284=VECTOR('',#283,7.071067811884E-1);
#285=CARTESIAN_POINT('',(-1.765625014835E2,1.325E1,-1.715179441955E2));
#286=LINE('',#285,#284);
#287=DIRECTION('',(3.100266057616E-1,-1.658031072811E-13,-9.507278810048E-1));
#288=VECTOR('',#287,7.745970603006E0);
#289=CARTESIAN_POINT('',(-1.726478163125E2,1.325E1,-1.578539164934E2));
#290=LINE('',#289,#288);
#291=CARTESIAN_POINT('',(-1.755E2,1.325E1,-1.587839961741E2));
#292=DIRECTION('',(0.E0,1.E0,0.E0));
#293=DIRECTION('',(-3.333353405387E-1,0.E0,9.428083319254E-1));
#294=AXIS2_PLACEMENT_3D('',#291,#292,#293);
#296=CARTESIAN_POINT('',(-1.755E2,1.325E1,-1.587839961741E2));
#297=DIRECTION('',(0.E0,1.E0,0.E0));
#298=DIRECTION('',(0.E0,0.E0,1.E0));
#299=AXIS2_PLACEMENT_3D('',#296,#297,#298);
#301=DIRECTION('',(-6.722661947137E-1,-7.071067811886E-1,-2.192217221040E-1));
#302=VECTOR('',#301,7.071067811787E-1);
#303=CARTESIAN_POINT('',(-1.726478163125E2,1.325E1,-1.578539164934E2));
#304=LINE('',#303,#302);
#305=DIRECTION('',(7.071067811865E-1,7.071067811865E-1,2.013737783809E-11));
#306=VECTOR('',#305,7.071067811865E-1);
#307=CARTESIAN_POINT('',(-1.81E2,1.275E1,-1.531271419247E2));
#308=LINE('',#307,#306);
#309=CARTESIAN_POINT('',(-1.775E2,1.325E1,-1.531271419247E2));
#310=DIRECTION('',(0.E0,-1.E0,0.E0));
#311=DIRECTION('',(-1.E0,0.E0,9.369690208890E-12));
#312=AXIS2_PLACEMENT_3D('',#309,#310,#311);
#314=CARTESIAN_POINT('',(-1.775E2,1.325E1,-1.531271419247E2));
#315=DIRECTION('',(0.E0,-1.E0,0.E0));
#316=DIRECTION('',(0.E0,0.E0,-1.E0));
#317=AXIS2_PLACEMENT_3D('',#314,#315,#316);
#319=DIRECTION('',(2.357065183275E-1,-7.071067811793E-1,-6.666651612527E-1));
#320=VECTOR('',#319,7.071067811938E-1);
#321=CARTESIAN_POINT('',(-1.765000030108E2,1.325E1,-1.559555701139E2));
#322=LINE('',#321,#320);
#323=DIRECTION('',(0.E0,0.E0,-1.E0));
#324=VECTOR('',#323,5.912714192468E1);
#325=CARTESIAN_POINT('',(-1.805E2,1.325E1,-9.4E1));
#326=LINE('',#325,#324);
#327=DIRECTION('',(0.E0,0.E0,1.E0));
#328=VECTOR('',#327,5.912714192469E1);
#329=CARTESIAN_POINT('',(-1.81E2,1.275E1,-1.531271419247E2));
#330=LINE('',#329,#328);
#331=CARTESIAN_POINT('',(-1.26E2,1.325E1,-9.4E1));
#332=DIRECTION('',(0.E0,-1.E0,0.E0));
#333=DIRECTION('',(-4.776920146534E-1,0.E0,8.785273696001E-1));
#334=AXIS2_PLACEMENT_3D('',#331,#332,#333);
#336=DIRECTION('',(-7.071067811866E-1,-7.071067811865E-1,0.E0));
#337=VECTOR('',#336,7.071067811865E-1);
#338=CARTESIAN_POINT('',(-1.805E2,1.325E1,-9.4E1));
#339=LINE('',#338,#337);
#340=CARTESIAN_POINT('',(-1.491680627107E2,1.325E1,-5.139142257438E1));
#341=DIRECTION('',(0.E0,-1.E0,0.E0));
#342=DIRECTION('',(9.118199565781E-1,0.E0,4.105902663069E-1));
#343=AXIS2_PLACEMENT_3D('',#340,#341,#342);
#345=CARTESIAN_POINT('',(-1.491680627107E2,1.325E1,-5.139142257438E1));
#346=DIRECTION('',(0.E0,-1.E0,0.E0));
#347=DIRECTION('',(0.E0,0.E0,1.E0));
#348=AXIS2_PLACEMENT_3D('',#345,#346,#347);
#350=DIRECTION('',(-3.377792627530E-1,-7.071067811867E-1,6.212126605711E-1));
#351=VECTOR('',#350,7.071067811863E-1);
#352=CARTESIAN_POINT('',(-1.520342147986E2,1.325E1,-4.612025835678E1));
#353=LINE('',#352,#351);
#354=CARTESIAN_POINT('',(-1.386821332100E2,1.325E1,-4.666963451184E1));
#355=DIRECTION('',(0.E0,1.E0,0.E0));
#356=DIRECTION('',(9.949543792276E-1,0.E0,1.003283771210E-1));
#357=AXIS2_PLACEMENT_3D('',#354,#355,#356);
#359=CARTESIAN_POINT('',(-1.386821332100E2,1.325E1,-4.666963451184E1));
#360=DIRECTION('',(0.E0,1.E0,0.E0));
#361=DIRECTION('',(0.E0,0.E0,-1.E0));
#362=AXIS2_PLACEMENT_3D('',#359,#360,#361);
#364=DIRECTION('',(6.447576459098E-1,-7.071065046909E-1,2.903239037088E-1));
#365=VECTOR('',#364,7.071070576823E-1);
#366=CARTESIAN_POINT('',(-1.436971427489E2,1.325E1,-4.892788147030E1));
#367=LINE('',#366,#365);
#368=CARTESIAN_POINT('',(-1.272401578489E2,1.325E1,-4.551585817497E1));
#369=DIRECTION('',(0.E0,-1.E0,0.E0));
#370=DIRECTION('',(-2.557026493521E-2,0.E0,9.996730273200E-1));
#371=AXIS2_PLACEMENT_3D('',#368,#369,#370);
#373=DIRECTION('',(-7.035389877810E-1,-7.071067808905E-1,-7.094288611754E-2));
#374=VECTOR('',#373,7.071067814826E-1);
#375=CARTESIAN_POINT('',(-1.332098841242E2,1.325E1,-4.611782843856E1));
#376=LINE('',#375,#374);
#377=CARTESIAN_POINT('',(-1.26E2,1.325E1,-9.4E1));
#378=DIRECTION('',(0.E0,-1.E0,0.E0));
#379=DIRECTION('',(2.834333976220E-1,0.E0,9.589919233823E-1));
#380=AXIS2_PLACEMENT_3D('',#377,#378,#379);
#382=CARTESIAN_POINT('',(-1.26E2,1.325E1,-9.4E1));
#383=DIRECTION('',(0.E0,-1.E0,0.E0));
#384=DIRECTION('',(0.E0,0.E0,1.E0));
#385=AXIS2_PLACEMENT_3D('',#382,#383,#384);
#387=DIRECTION('',(-1.808090766181E-2,-7.071067811863E-1,7.068755765893E-1));
#388=VECTOR('',#387,7.071067811867E-1);
#389=CARTESIAN_POINT('',(-1.273935794385E2,1.325E1,-3.951782001105E1));
#390=LINE('',#389,#388);
#391=CARTESIAN_POINT('',(-1.122534802153E2,1.325E1,-4.748889171597E1));
#392=DIRECTION('',(0.E0,-1.E0,0.E0));
#393=DIRECTION('',(9.350852361133E-1,0.E0,-3.544229129204E-1));
#394=AXIS2_PLACEMENT_3D('',#391,#392,#393);
#396=DIRECTION('',(2.004176774664E-1,-7.071067811867E-1,6.781096921286E-1));
#397=VECTOR('',#396,7.071067811863E-1);
#398=CARTESIAN_POINT('',(-1.105528798296E2,1.325E1,-4.173494017566E1));
#399=LINE('',#398,#397);
#400=CARTESIAN_POINT('',(-1.015E2,1.325E1,-5.156475521456E1));
#401=DIRECTION('',(0.E0,1.E0,0.E0));
#402=DIRECTION('',(7.744818643287E-1,0.E0,-6.325961127180E-1));
#403=AXIS2_PLACEMENT_3D('',#400,#401,#402);
#405=CARTESIAN_POINT('',(-1.015E2,1.325E1,-5.156475521456E1));
#406=DIRECTION('',(0.E0,1.E0,0.E0));
#407=DIRECTION('',(0.E0,0.E0,-1.E0));
#408=AXIS2_PLACEMENT_3D('',#405,#406,#407);
#410=DIRECTION('',(6.612051114311E-1,-7.071067811840E-1,-2.506148451729E-1));
#411=VECTOR('',#410,7.071067811891E-1);
#412=CARTESIAN_POINT('',(-1.066429687986E2,1.325E1,-4.961542919350E1));
#413=LINE('',#412,#411);
#414=CARTESIAN_POINT('',(-9.259345856021E1,1.325E1,-5.883961051081E1));
#415=DIRECTION('',(0.E0,-1.E0,0.E0));
#416=DIRECTION('',(6.887946688615E-1,0.E0,7.249564843133E-1));
#417=AXIS2_PLACEMENT_3D('',#414,#415,#416);
#419=CARTESIAN_POINT('',(-9.259345856021E1,1.325E1,-5.883961051081E1));
#420=DIRECTION('',(0.E0,-1.E0,0.E0));
#421=DIRECTION('',(0.E0,0.E0,1.E0));
#422=AXIS2_PLACEMENT_3D('',#419,#420,#421);
#424=DIRECTION('',(-5.476413781716E-1,-7.071067811866E-1,4.473130010566E-1));
#425=VECTOR('',#424,7.071067811865E-1);
#426=CARTESIAN_POINT('',(-9.724034974619E1,1.325E1,-5.504403383451E1));
#427=LINE('',#426,#425);
#428=CARTESIAN_POINT('',(-8.696715353859E1,1.275E1,-1.327483792838E2));
#429=CARTESIAN_POINT('',(-8.703389128415E1,1.280556487047E1,-1.327367374111E2));
#430=CARTESIAN_POINT('',(-8.716741000201E1,1.291664396872E1,-1.327132411347E2));
#431=CARTESIAN_POINT('',(-8.736775680645E1,1.308331104099E1,-1.326779639163E2));
#432=CARTESIAN_POINT('',(-8.750136718711E1,1.319445413245E1,-1.326544224893E2));
#433=CARTESIAN_POINT('',(-8.756819387291E1,1.325E1,-1.326425449189E2));
#435=CARTESIAN_POINT('',(-1.26E2,1.325E1,-9.4E1));
#436=DIRECTION('',(0.E0,-1.E0,0.E0));
#437=DIRECTION('',(7.051707546256E-1,0.E0,-7.090375214478E-1));
#438=AXIS2_PLACEMENT_3D('',#435,#436,#437);
#440=DIRECTION('',(4.870513811977E-1,-7.071067811864E-1,5.126216461228E-1));
#441=VECTOR('',#440,7.071067811864E-1);
#442=CARTESIAN_POINT('',(-8.846069054704E1,1.325E1,-5.448987160493E1));
#443=LINE('',#442,#441);
#444=DIRECTION('',(-4.226182617407E-1,0.E0,9.063077870367E-1));
#445=VECTOR('',#444,2.144776020667E1);
#446=CARTESIAN_POINT('',(-7.850397873614E1,1.325E1,-1.520808170087E2));
#447=LINE('',#446,#445);
#448=CARTESIAN_POINT('',(-8.122290209730E1,1.325E1,-1.533486717938E2));
#449=DIRECTION('',(0.E0,-1.E0,0.E0));
#450=DIRECTION('',(9.634771738368E-2,0.E0,-9.953477369015E-1));
#451=AXIS2_PLACEMENT_3D('',#448,#449,#450);
#453=DIRECTION('',(6.408563820266E-1,-7.071067811827E-1,2.988362388019E-1));
#454=VECTOR('',#453,7.071067811920E-1);
#455=CARTESIAN_POINT('',(-7.850397873614E1,1.325E1,-1.520808170087E2));
#456=LINE('',#455,#454);
#457=DIRECTION('',(-7.019271960648E-1,7.071067811876E-1,-8.542956995732E-2));
#458=VECTOR('',#457,7.071067811835E-1);
#459=CARTESIAN_POINT('',(-8.312651522936E1,1.275E1,-1.596227979674E2));
#460=LINE('',#459,#458);
#461=CARTESIAN_POINT('',(-8.064482776154E1,1.325E1,-1.593207593737E2));
#462=DIRECTION('',(0.E0,1.E0,0.E0));
#463=DIRECTION('',(-9.926749693545E-1,0.E0,-1.208155835028E-1));
#464=AXIS2_PLACEMENT_3D('',#461,#462,#463);
#466=DIRECTION('',(6.812248108438E-2,-7.071067811368E-1,-7.038176806825E-1));
#467=VECTOR('',#466,7.071067812363E-1);
#468=CARTESIAN_POINT('',(-8.093386193744E1,1.325E1,-1.563347152941E2));
#469=LINE('',#468,#467);
#470=DIRECTION('',(-1.208154374668E-1,-3.416965780225E-14,9.926749871281E-1));
#471=VECTOR('',#470,7.745970726496E0);
#472=CARTESIAN_POINT('',(-8.268701986767E1,1.325E1,-1.673724371869E2));
#473=LINE('',#472,#471);
#474=CARTESIAN_POINT('',(-7.772364543274E1,1.325E1,-1.667683558855E2));
#475=DIRECTION('',(0.E0,1.E0,0.E0));
#476=DIRECTION('',(4.029568230413E-1,0.E0,-9.152189895126E-1));
#477=AXIS2_PLACEMENT_3D('',#474,#475,#476);
#479=CARTESIAN_POINT('',(-7.772364543274E1,1.325E1,-1.667683558855E2));
#480=DIRECTION('',(0.E0,1.E0,0.E0));
#481=DIRECTION('',(0.E0,0.E0,-1.E0));
#482=AXIS2_PLACEMENT_3D('',#479,#480,#481);
#484=DIRECTION('',(7.019265067812E-1,-7.071067811802E-1,8.543523328777E-2));
#485=VECTOR('',#484,7.071067811910E-1);
#486=CARTESIAN_POINT('',(-8.268701986767E1,1.325E1,-1.673724371869E2));
#487=LINE('',#486,#485);
#488=DIRECTION('',(-7.071067811865E-1,7.071067811865E-1,6.125621522007E-11));
#489=VECTOR('',#488,7.071067811865E-1);
#490=CARTESIAN_POINT('',(-7.1E1,1.275E1,-1.740901118309E2));
#491=LINE('',#490,#489);
#492=CARTESIAN_POINT('',(-7.45E1,1.325E1,-1.740901118309E2));
#493=DIRECTION('',(0.E0,-1.E0,0.E0));
#494=DIRECTION('',(1.E0,0.E0,4.831690603169E-11));
#495=AXIS2_PLACEMENT_3D('',#492,#493,#494);
#497=CARTESIAN_POINT('',(-7.45E1,1.325E1,-1.740901118309E2));
#498=DIRECTION('',(0.E0,-1.E0,0.E0));
#499=DIRECTION('',(-3.071439399112E-11,0.E0,1.E0));
#500=AXIS2_PLACEMENT_3D('',#497,#498,#499);
#502=DIRECTION('',(-2.849367376966E-1,-7.071067811792E-1,6.471561291692E-1));
#503=VECTOR('',#502,7.071067811939E-1);
#504=CARTESIAN_POINT('',(-7.570886417744E1,1.325E1,-1.713444520922E2));
#505=LINE('',#504,#503);
#506=DIRECTION('',(0.E0,0.E0,1.E0));
#507=VECTOR('',#506,6.540988816915E1);
#508=CARTESIAN_POINT('',(-7.15E1,1.325E1,-2.395E2));
#509=LINE('',#508,#507);
#510=DIRECTION('',(0.E0,0.E0,-1.E0));
#511=VECTOR('',#510,6.540988816911E1);
#512=CARTESIAN_POINT('',(-7.1E1,1.275E1,-1.740901118309E2));
#513=LINE('',#512,#511);
#514=DIRECTION('',(7.071067811866E-1,7.071067811865E-1,7.234986049615E-13));
#515=VECTOR('',#514,7.071067811865E-1);
#516=CARTESIAN_POINT('',(-1.81E2,1.275E1,-2.395E2));
#517=LINE('',#516,#515);
#518=CARTESIAN_POINT('',(-1.805E2,2.882892503533E1,-2.395E2));
#519=CARTESIAN_POINT('',(-1.805E2,2.904810165538E1,-2.395E2));
#520=CARTESIAN_POINT('',(-1.802588533038E2,2.977237393041E1,-2.395E2));
#521=CARTESIAN_POINT('',(-1.785891900572E2,3.223819316453E1,-2.395E2));
#522=CARTESIAN_POINT('',(-1.750694067999E2,3.644003640286E1,-2.395E2));
#523=CARTESIAN_POINT('',(-1.698946635984E2,4.189466359819E1,-2.395E2));
#524=CARTESIAN_POINT('',(-1.644400364031E2,4.706940679984E1,-2.395E2));
#525=CARTESIAN_POINT('',(-1.602381931649E2,5.058919005719E1,-2.395E2));
#526=CARTESIAN_POINT('',(-1.577723739308E2,5.225885330384E1,-2.395E2));
#527=CARTESIAN_POINT('',(-1.570481016557E2,5.250000000002E1,-2.395E2));
#528=CARTESIAN_POINT('',(-1.568289250357E2,5.25E1,-2.395E2));
#530=CARTESIAN_POINT('',(-9.516592926807E1,5.25E1,-2.395E2));
#531=CARTESIAN_POINT('',(-9.494680029336E1,5.249999999999E1,-2.395E2));
#532=CARTESIAN_POINT('',(-9.422268546301E1,5.225890572504E1,-2.395E2));
#533=CARTESIAN_POINT('',(-9.175740225690E1,5.058960543537E1,-2.395E2));
#534=CARTESIAN_POINT('',(-8.755647242915E1,4.707058732014E1,-2.395E2));
#535=CARTESIAN_POINT('',(-8.210303097872E1,4.189696902128E1,-2.395E2));
#536=CARTESIAN_POINT('',(-7.692941267986E1,3.644352757085E1,-2.395E2));
#537=CARTESIAN_POINT('',(-7.341039456463E1,3.224259774310E1,-2.395E2));
#538=CARTESIAN_POINT('',(-7.174109427496E1,2.977731453697E1,-2.395E2));
#539=CARTESIAN_POINT('',(-7.150000000001E1,2.905319970665E1,-2.395E2));
#540=CARTESIAN_POINT('',(-7.15E1,2.883407073194E1,-2.395E2));
#542=DIRECTION('',(7.071067811866E-1,-7.071067811865E-1,0.E0));
#543=VECTOR('',#542,7.071067811866E-1);
#544=CARTESIAN_POINT('',(-7.15E1,1.325E1,-2.395E2));
#545=LINE('',#544,#543);
#546=CARTESIAN_POINT('',(-7.E1,3.E1,-2.395E2));
#547=CARTESIAN_POINT('',(-6.999992483956E1,3.004667173847E1,-2.395E2));
#548=CARTESIAN_POINT('',(-7.001037239052E1,3.014384239828E1,-2.395E2));
#549=CARTESIAN_POINT('',(-7.004962550326E1,3.030155233594E1,-2.395E2));
#550=CARTESIAN_POINT('',(-7.010820506193E1,3.047000089934E1,-2.395E2));
#551=CARTESIAN_POINT('',(-7.018461643237E1,3.065117420028E1,-2.395E2));
#552=CARTESIAN_POINT('',(-7.027752822354E1,3.084468207487E1,-2.395E2));
#553=CARTESIAN_POINT('',(-7.038784919569E1,3.105366810492E1,-2.395E2));
#554=CARTESIAN_POINT('',(-7.051567278428E1,3.127862673098E1,-2.395E2));
#555=CARTESIAN_POINT('',(-7.066261370821E1,3.152230454818E1,-2.395E2));
#556=CARTESIAN_POINT('',(-7.083068432550E1,3.178729448286E1,-2.395E2));
#557=CARTESIAN_POINT('',(-7.102172886535E1,3.207561959998E1,-2.395E2));
#558=CARTESIAN_POINT('',(-7.123869200742E1,3.239063326561E1,-2.395E2));
#559=CARTESIAN_POINT('',(-7.148340847086E1,3.273382401917E1,-2.395E2));
#560=CARTESIAN_POINT('',(-7.175898460682E1,3.310835054119E1,-2.395E2));
#561=CARTESIAN_POINT('',(-7.206948752672E1,3.351838370514E1,-2.395E2));
#562=CARTESIAN_POINT('',(-7.241943698594E1,3.396834107980E1,-2.395E2));
#563=CARTESIAN_POINT('',(-7.281349644410E1,3.446267764365E1,-2.395E2));
#564=CARTESIAN_POINT('',(-7.325666781816E1,3.500601628154E1,-2.395E2));
#565=CARTESIAN_POINT('',(-7.375411275090E1,3.560272070571E1,-2.395E2));
#566=CARTESIAN_POINT('',(-7.431147729651E1,3.625737052215E1,-2.395E2));
#567=CARTESIAN_POINT('',(-7.493946495024E1,3.697985305929E1,-2.395E2));
#568=CARTESIAN_POINT('',(-7.564803154298E1,3.777831426986E1,-2.395E2));
#569=CARTESIAN_POINT('',(-7.644568679091E1,3.865838004785E1,-2.395E2));
#570=CARTESIAN_POINT('',(-7.734207821717E1,3.962743961936E1,-2.395E2));
#571=CARTESIAN_POINT('',(-7.834673811590E1,4.069183017873E1,-2.395E2));
#572=CARTESIAN_POINT('',(-7.946640255624E1,4.185364040694E1,-2.395E2));
#573=CARTESIAN_POINT('',(-8.071152214978E1,4.311694739827E1,-2.395E2));
#574=CARTESIAN_POINT('',(-8.202953387971E1,4.442025358270E1,-2.395E2));
#575=CARTESIAN_POINT('',(-8.326086514744E1,4.560839732671E1,-2.395E2));
#576=CARTESIAN_POINT('',(-8.434355022240E1,4.663083037782E1,-2.395E2));
#577=CARTESIAN_POINT('',(-8.531797689202E1,4.753267674595E1,-2.395E2));
#578=CARTESIAN_POINT('',(-8.620221279137E1,4.833451172434E1,-2.395E2));
#579=CARTESIAN_POINT('',(-8.700313557239E1,4.904559766590E1,-2.395E2));
#580=CARTESIAN_POINT('',(-8.772764304098E1,4.967562956058E1,-2.395E2));
#581=CARTESIAN_POINT('',(-8.838311606675E1,5.023394879828E1,-2.395E2));
#582=CARTESIAN_POINT('',(-8.898086766845E1,5.073251819410E1,-2.395E2));
#583=CARTESIAN_POINT('',(-8.952671494207E1,5.117795813543E1,-2.395E2));
#584=CARTESIAN_POINT('',(-9.002356169811E1,5.157419757365E1,-2.395E2));
#585=CARTESIAN_POINT('',(-9.047656320738E1,5.192665313866E1,-2.395E2));
#586=CARTESIAN_POINT('',(-9.088996696946E1,5.223978172795E1,-2.395E2));
#587=CARTESIAN_POINT('',(-9.126741495118E1,5.251750838926E1,-2.395E2));
#588=CARTESIAN_POINT('',(-9.161242666216E1,5.276346519615E1,-2.395E2));
#589=CARTESIAN_POINT('',(-9.192845011161E1,5.298103253806E1,-2.395E2));
#590=CARTESIAN_POINT('',(-9.221763809020E1,5.317252181872E1,-2.395E2));
#591=CARTESIAN_POINT('',(-9.248255261996E1,5.334039272176E1,-2.395E2));
#592=CARTESIAN_POINT('',(-9.272603501468E1,5.348706023826E1,-2.395E2));
#593=CARTESIAN_POINT('',(-9.295073717333E1,5.361456544983E1,-2.395E2));
#594=CARTESIAN_POINT('',(-9.315904878332E1,5.372434678581E1,-2.395E2));
#595=CARTESIAN_POINT('',(-9.335187664676E1,5.381675769587E1,-2.395E2));
#596=CARTESIAN_POINT('',(-9.353234249258E1,5.389267595768E1,-2.395E2));
#597=CARTESIAN_POINT('',(-9.369939940312E1,5.395063291767E1,-2.395E2));
#598=CARTESIAN_POINT('',(-9.385663013602E1,5.398969797908E1,-2.395E2));
#599=CARTESIAN_POINT('',(-9.395345491158E1,5.400007495648E1,-2.395E2));
#600=CARTESIAN_POINT('',(-9.400000000001E1,5.4E1,-2.395E2));
#602=CARTESIAN_POINT('',(-1.580000013459E2,5.400000000211E1,-2.395E2));
#603=CARTESIAN_POINT('',(-1.580466802375E2,5.400007291304E1,-2.395E2));
#604=CARTESIAN_POINT('',(-1.581438626161E2,5.398962150283E1,-2.395E2));
#605=CARTESIAN_POINT('',(-1.583015898572E2,5.395036085919E1,-2.395E2));
#606=CARTESIAN_POINT('',(-1.584700583900E2,5.389177113685E1,-2.395E2));
#607=CARTESIAN_POINT('',(-1.586512509382E2,5.381534798915E1,-2.395E2));
#608=CARTESIAN_POINT('',(-1.588447792756E2,5.372242240777E1,-2.395E2));
#609=CARTESIAN_POINT('',(-1.590537862016E2,5.361208603321E1,-2.395E2));
#610=CARTESIAN_POINT('',(-1.592787653318E2,5.348424617437E1,-2.395E2));
#611=CARTESIAN_POINT('',(-1.595224639799E2,5.333728779918E1,-2.395E2));
#612=CARTESIAN_POINT('',(-1.597874736432E2,5.316919959123E1,-2.395E2));
#613=CARTESIAN_POINT('',(-1.600758186687E2,5.297813666423E1,-2.395E2));
#614=CARTESIAN_POINT('',(-1.603908525446E2,5.276115427534E1,-2.395E2));
#615=CARTESIAN_POINT('',(-1.607340634565E2,5.251641801495E1,-2.395E2));
#616=CARTESIAN_POINT('',(-1.611086099479E2,5.224082166164E1,-2.395E2));
#617=CARTESIAN_POINT('',(-1.615186614338E2,5.193029924196E1,-2.395E2));
#618=CARTESIAN_POINT('',(-1.619686347956E2,5.158033164844E1,-2.395E2));
#619=CARTESIAN_POINT('',(-1.624629860042E2,5.118625485247E1,-2.395E2));
#620=CARTESIAN_POINT('',(-1.630063365523E2,5.074306803479E1,-2.395E2));
#621=CARTESIAN_POINT('',(-1.636030490844E2,5.024561054406E1,-2.395E2));
#622=CARTESIAN_POINT('',(-1.642577044814E2,4.968823534078E1,-2.395E2));
#623=CARTESIAN_POINT('',(-1.649801871126E2,4.906024153173E1,-2.395E2));
#624=CARTESIAN_POINT('',(-1.657786394203E2,4.835167663300E1,-2.395E2));
#625=CARTESIAN_POINT('',(-1.666586889634E2,4.755403002481E1,-2.395E2));
#626=CARTESIAN_POINT('',(-1.676277209276E2,4.665765859397E1,-2.395E2));
#627=CARTESIAN_POINT('',(-1.686920717727E2,4.565303106045E1,-2.395E2));
#628=CARTESIAN_POINT('',(-1.698538257518E2,4.453341634631E1,-2.395E2));
#629=CARTESIAN_POINT('',(-1.711170620852E2,4.328836267870E1,-2.395E2));
#630=CARTESIAN_POINT('',(-1.724202779669E2,4.197044042128E1,-2.395E2));
#631=CARTESIAN_POINT('',(-1.736083439252E2,4.073919024928E1,-2.395E2));
#632=CARTESIAN_POINT('',(-1.746307201263E2,3.965656728019E1,-2.395E2));
#633=CARTESIAN_POINT('',(-1.755325290005E2,3.868218401148E1,-2.395E2));
#634=CARTESIAN_POINT('',(-1.763343382041E2,3.779798030618E1,-2.395E2));
#635=CARTESIAN_POINT('',(-1.770454076711E2,3.699708047059E1,-2.395E2));
#636=CARTESIAN_POINT('',(-1.776754326647E2,3.627258562644E1,-2.395E2));
#637=CARTESIAN_POINT('',(-1.782337518803E2,3.561711748323E1,-2.395E2));
#638=CARTESIAN_POINT('',(-1.787323243743E2,3.501936718462E1,-2.395E2));
#639=CARTESIAN_POINT('',(-1.791777703622E2,3.447351773085E1,-2.395E2));
#640=CARTESIAN_POINT('',(-1.795740189102E2,3.397666498715E1,-2.395E2));
#641=CARTESIAN_POINT('',(-1.799264857369E2,3.352365472436E1,-2.395E2));
#642=CARTESIAN_POINT('',(-1.802396269257E2,3.311024023757E1,-2.395E2));
#643=CARTESIAN_POINT('',(-1.805173672025E2,3.273277985233E1,-2.395E2));
#644=CARTESIAN_POINT('',(-1.807633381829E2,3.238775455216E1,-2.395E2));
#645=CARTESIAN_POINT('',(-1.809809201448E2,3.207171634750E1,-2.395E2));
#646=CARTESIAN_POINT('',(-1.811724236926E2,3.178251347161E1,-2.395E2));
#647=CARTESIAN_POINT('',(-1.813403085582E2,3.151758375115E1,-2.395E2));
#648=CARTESIAN_POINT('',(-1.814869902578E2,3.127408480659E1,-2.395E2));
#649=CARTESIAN_POINT('',(-1.816145092296E2,3.104936544665E1,-2.395E2));
#650=CARTESIAN_POINT('',(-1.817243037338E2,3.084103596797E1,-2.395E2));
#651=CARTESIAN_POINT('',(-1.818167262970E2,3.064819089531E1,-2.395E2));
#652=CARTESIAN_POINT('',(-1.818926547820E2,3.046770816383E1,-2.395E2));
#653=CARTESIAN_POINT('',(-1.819506205007E2,3.030063403869E1,-2.395E2));
#654=CARTESIAN_POINT('',(-1.819896924712E2,3.014338659386E1,-2.395E2));
#655=CARTESIAN_POINT('',(-1.820000730235E2,3.004655068475E1,-2.395E2));
#656=CARTESIAN_POINT('',(-1.82E2,3.000000000006E1,-2.395E2));
#658=DIRECTION('',(7.463788041697E-13,-1.E0,2.586787466990E-13));
#659=VECTOR('',#658,1.725000000006E1);
#660=CARTESIAN_POINT('',(-1.82E2,3.000000000006E1,-2.395E2));
#661=LINE('',#660,#659);
#662=DIRECTION('',(0.E0,0.E0,1.E0));
#663=VECTOR('',#662,6.513230203770E1);
#664=CARTESIAN_POINT('',(-1.81E2,1.275E1,-2.395E2));
#665=LINE('',#664,#663);
#666=DIRECTION('',(0.E0,0.E0,-1.E0));
#667=VECTOR('',#666,6.513230203770E1);
#668=CARTESIAN_POINT('',(-1.805E2,1.325E1,-1.743676979623E2));
#669=LINE('',#668,#667);
#670=DIRECTION('',(4.250780000716E-13,-1.E0,0.E0));
#671=VECTOR('',#670,1.557892503533E1);
#672=CARTESIAN_POINT('',(-1.805E2,2.882892503533E1,-2.395E2));
#673=LINE('',#672,#671);
#674=DIRECTION('',(1.294291464062E-14,-7.289996679456E-2,-9.973392576457E-1));
#675=VECTOR('',#674,5.929005760516E1);
#676=CARTESIAN_POINT('',(-1.805E2,3.315116826600E1,-1.743676979623E2));
#677=LINE('',#676,#675);
#678=DIRECTION('',(4.869966821157E-13,-1.E0,9.996999339618E-14));
#679=VECTOR('',#678,1.990116826600E1);
#680=CARTESIAN_POINT('',(-1.805E2,3.315116826600E1,-1.743676979623E2));
#681=LINE('',#680,#679);
#682=DIRECTION('',(-1.355194777233E-7,1.E0,-7.061170157915E-10));
#683=VECTOR('',#682,2.567186096299E1);
#684=CARTESIAN_POINT('',(-1.765625014835E2,1.325E1,-1.715179441955E2));
#685=LINE('',#684,#683);
#686=CARTESIAN_POINT('',(-1.702462233928E2,4.590121250020E1,-1.652182294023E2));
#687=CARTESIAN_POINT('',(-1.701913427669E2,4.594289416012E1,-1.653865282333E2));
#688=CARTESIAN_POINT('',(-1.701003804768E2,4.600727728519E1,-1.657272067776E2));
#689=CARTESIAN_POINT('',(-1.700192062394E2,4.605208442811E1,-1.662384602314E2));
#690=CARTESIAN_POINT('',(-1.699909906392E2,4.604569745139E1,-1.667567896288E2));
#691=CARTESIAN_POINT('',(-1.700168981757E2,4.598748136084E1,-1.672811265201E2));
#692=CARTESIAN_POINT('',(-1.701006141183E2,4.587339333173E1,-1.678153430925E2));
#693=CARTESIAN_POINT('',(-1.702465654963E2,4.569918878592E1,-1.683534743996E2));
#694=CARTESIAN_POINT('',(-1.704612698344E2,4.545799551490E1,-1.688936229598E2));
#695=CARTESIAN_POINT('',(-1.707491948116E2,4.514508528376E1,-1.694250105488E2));
#696=CARTESIAN_POINT('',(-1.711175612023E2,4.475227389073E1,-1.699413063434E2));
#697=CARTESIAN_POINT('',(-1.715725422646E2,4.427210421714E1,-1.704301044185E2));
#698=CARTESIAN_POINT('',(-1.721152747079E2,4.370160554135E1,-1.708731159570E2));
#699=CARTESIAN_POINT('',(-1.727411287603E2,4.304315163060E1,-1.712495589751E2));
#700=CARTESIAN_POINT('',(-1.734382326377E2,4.230679004600E1,-1.715387140459E2));
#701=CARTESIAN_POINT('',(-1.741935826601E2,4.150328376601E1,-1.717237843932E2));
#702=CARTESIAN_POINT('',(-1.747271184446E2,4.093071445719E1,-1.717684873378E2));
#703=CARTESIAN_POINT('',(-1.749997452584E2,4.063608365127E1,-1.717684934380E2));
#705=CARTESIAN_POINT('',(-1.749997452584E2,4.063608365127E1,-1.717684934380E2));
#706=CARTESIAN_POINT('',(-1.751782425178E2,4.044317969342E1,-1.717684974321E2));
#707=CARTESIAN_POINT('',(-1.755330611993E2,4.005807291600E1,-1.717492112278E2));
#708=CARTESIAN_POINT('',(-1.760552420905E2,3.948511674394E1,-1.716652456629E2));
#709=CARTESIAN_POINT('',(-1.763952115014E2,3.910853017302E1,-1.715729798376E2));
#710=CARTESIAN_POINT('',(-1.765625049626E2,3.892186096299E1,-1.715179442136E2));
#712=DIRECTION('',(-4.163560910666E-6,-9.999999999913E-1,8.242407045296E-8));
#713=VECTOR('',#712,3.265121250049E1);
#714=CARTESIAN_POINT('',(-1.702462233928E2,4.590121250020E1,-1.652182294023E2));
#715=LINE('',#714,#713);
#716=DIRECTION('',(3.691900427437E-7,9.999999999999E-1,6.784422091759E-9));
#717=VECTOR('',#716,3.077338796108E1);
#718=CARTESIAN_POINT('',(-1.726478163125E2,1.325E1,-1.578539164934E2));
#719=LINE('',#718,#717);
#720=CARTESIAN_POINT('',(-1.726478049512E2,4.402338796107E1,-1.578539162846E2));
#721=CARTESIAN_POINT('',(-1.723814215921E2,4.423795871588E1,-1.586708077444E2));
#722=CARTESIAN_POINT('',(-1.718483139066E2,4.466258885261E1,-1.603056324534E2));
#723=CARTESIAN_POINT('',(-1.710478934017E2,4.528872318598E1,-1.627604302168E2));
#724=CARTESIAN_POINT('',(-1.705134741825E2,4.569823580093E1,-1.643986778791E2));
#725=CARTESIAN_POINT('',(-1.702462233928E2,4.590121250020E1,-1.652182294023E2));
#727=DIRECTION('',(-5.320131090480E-7,9.999999999999E-1,-4.346234902017E-8));
#728=VECTOR('',#727,2.681431908377E1);
#729=CARTESIAN_POINT('',(-1.765000030108E2,1.325E1,-1.559555701139E2));
#730=LINE('',#729,#728);
#731=CARTESIAN_POINT('',(-1.765000172764E2,4.006431908377E1,-1.559555712793E2));
#732=CARTESIAN_POINT('',(-1.763935042295E2,4.018673616213E1,-1.559179129753E2));
#733=CARTESIAN_POINT('',(-1.761767864462E2,4.043343222138E1,-1.558547503790E2));
#734=CARTESIAN_POINT('',(-1.758424750334E2,4.080649862146E1,-1.557973662512E2));
#735=CARTESIAN_POINT('',(-1.756147266267E2,4.105641776883E1,-1.557835199766E2));
#736=CARTESIAN_POINT('',(-1.754998642615E2,4.118117671511E1,-1.557835222557E2));
#738=CARTESIAN_POINT('',(-1.754998642615E2,4.118117671511E1,-1.557835222557E2));
#739=CARTESIAN_POINT('',(-1.753276499995E2,4.136822901744E1,-1.557835256728E2));
#740=CARTESIAN_POINT('',(-1.749921480168E2,4.172731757678E1,-1.558138137234E2));
#741=CARTESIAN_POINT('',(-1.745228601716E2,4.221789777150E1,-1.559343283730E2));
#742=CARTESIAN_POINT('',(-1.740969929020E2,4.265249921E1,-1.561195186944E2));
#743=CARTESIAN_POINT('',(-1.737255593255E2,4.302285715202E1,-1.563526264301E2));
#744=CARTESIAN_POINT('',(-1.734099122211E2,4.333024941937E1,-1.566194435062E2));
#745=CARTESIAN_POINT('',(-1.731471206693E2,4.357976147326E1,-1.569098552885E2));
#746=CARTESIAN_POINT('',(-1.729340459597E2,4.377620841389E1,-1.572155184566E2));
#747=CARTESIAN_POINT('',(-1.727663129392E2,4.392508354385E1,-1.575317417919E2));
#748=CARTESIAN_POINT('',(-1.726827791513E2,4.399521638417E1,-1.577466643E2));
#749=CARTESIAN_POINT('',(-1.726478049512E2,4.402338796107E1,-1.578539162846E2));
#751=DIRECTION('',(-5.895318764614E-13,1.E0,1.871929306607E-12));
#752=VECTOR('',#751,2.145373507612E1);
#753=CARTESIAN_POINT('',(-1.805E2,1.325E1,-1.531271419247E2));
#754=LINE('',#753,#752);
#755=CARTESIAN_POINT('',(-1.805E2,3.470373507612E1,-1.531271419246E2));
#756=CARTESIAN_POINT('',(-1.805000361172E2,3.474301751767E1,-1.532528284578E2));
#757=CARTESIAN_POINT('',(-1.804841209274E2,3.483998852021E1,-1.535110573435E2));
#758=CARTESIAN_POINT('',(-1.804060367113E2,3.504042093582E1,-1.539098909225E2));
#759=CARTESIAN_POINT('',(-1.802665423197E2,3.530605609940E1,-1.543149929224E2));
#760=CARTESIAN_POINT('',(-1.800567523351E2,3.564613664404E1,-1.547199473813E2));
#761=CARTESIAN_POINT('',(-1.797672439319E2,3.606979736213E1,-1.551131263502E2));
#762=CARTESIAN_POINT('',(-1.793934627034E2,3.657825456057E1,-1.554744839656E2));
#763=CARTESIAN_POINT('',(-1.789360953311E2,3.716773996800E1,-1.557812221099E2));
#764=CARTESIAN_POINT('',(-1.784176321778E2,3.780906753528E1,-1.560002662823E2));
#765=CARTESIAN_POINT('',(-1.779277544693E2,3.839853310868E1,-1.561086305891E2));
#766=CARTESIAN_POINT('',(-1.776363503222E2,3.874320403191E1,-1.561271885735E2));
#767=CARTESIAN_POINT('',(-1.774999182430E2,3.890360135067E1,-1.561271870396E2));
#769=DIRECTION('',(-3.769194297472E-10,-7.289996924546E-2,-9.973392574666E-1));
#770=VECTOR('',#769,2.258251953035E1);
#771=CARTESIAN_POINT('',(-1.804999999915E2,3.635000005536E1,-1.306047086645E2));
#772=LINE('',#771,#770);
#773=CARTESIAN_POINT('',(-1.804999910883E2,3.085000000236E1,-1.289646241458E2));
#774=CARTESIAN_POINT('',(-1.805000220434E2,3.108376647451E1,-1.289645763068E2));
#775=CARTESIAN_POINT('',(-1.804447529909E2,3.155994805257E1,-1.290026425704E2));
#776=CARTESIAN_POINT('',(-1.801867892482E2,3.225468951223E1,-1.291798111296E2));
#777=CARTESIAN_POINT('',(-1.797434203358E2,3.289179254589E1,-1.294843375533E2));
#778=CARTESIAN_POINT('',(-1.791439817239E2,3.340214742199E1,-1.298961067700E2));
#779=CARTESIAN_POINT('',(-1.783871185673E2,3.375826288043E1,-1.304159562251E2));
#780=CARTESIAN_POINT('',(-1.778041226338E2,3.384995063195E1,-1.308163962398E2));
#781=CARTESIAN_POINT('',(-1.774999999970E2,3.384997455358E1,-1.310253438227E2));
#783=DIRECTION('',(-2.788003734302E-7,-7.382095669230E-11,1.E0));
#784=VECTOR('',#783,3.196462414582E1);
#785=CARTESIAN_POINT('',(-1.804999910883E2,3.085000000236E1,-1.289646241458E2));
#786=LINE('',#785,#784);
#787=DIRECTION('',(8.688142682597E-11,-7.478667271959E-7,-9.999999999997E-1));
#788=VECTOR('',#787,3.402534382276E1);
#789=CARTESIAN_POINT('',(-1.775E2,3.385E1,-9.7E1));
#790=LINE('',#789,#788);
#791=CARTESIAN_POINT('',(-1.805000008564E2,3.393838822134E1,-1.306047128668E2));
#792=CARTESIAN_POINT('',(-1.805000008564E2,3.381279030223E1,-1.306047136760E2));
#793=CARTESIAN_POINT('',(-1.804999996132E2,3.355562931134E1,-1.305706478699E2));
#794=CARTESIAN_POINT('',(-1.805000000691E2,3.314927660740E1,-1.304315767951E2));
#795=CARTESIAN_POINT('',(-1.805000001103E2,3.273001105518E1,-1.302168081142E2));
#796=CARTESIAN_POINT('',(-1.804999994897E2,3.230876989750E1,-1.299495376364E2));
#797=CARTESIAN_POINT('',(-1.805000019310E2,3.186773789123E1,-1.296393838213E2));
#798=CARTESIAN_POINT('',(-1.804999927863E2,3.139974671654E1,-1.293075738390E2));
#799=CARTESIAN_POINT('',(-1.805000155447E2,3.104239349182E1,-1.290756752226E2));
#800=CARTESIAN_POINT('',(-1.804999910883E2,3.085000000236E1,-1.289646241458E2));
#802=CARTESIAN_POINT('',(-1.775E2,3.485E1,-1.310253438212E2));
#803=DIRECTION('',(8.889642766964E-1,0.E0,-4.579765438946E-1));
#804=DIRECTION('',(0.E0,-1.E0,-2.842170943040E-14));
#805=AXIS2_PLACEMENT_3D('',#802,#803,#804);
#807=CARTESIAN_POINT('',(-1.26E2,3.385E1,-9.4E1));
#808=DIRECTION('',(0.E0,-1.E0,0.E0));
#809=DIRECTION('',(4.147563333583E-1,0.E0,-9.099325161456E-1));
#810=AXIS2_PLACEMENT_3D('',#807,#808,#809);
#812=CARTESIAN_POINT('',(-1.133178667900E2,3.385E1,-1.413303654882E2));
#813=DIRECTION('',(0.E0,-1.E0,0.E0));
#814=DIRECTION('',(9.349217064085E-1,0.E0,-3.548540585736E-1));
#815=AXIS2_PLACEMENT_3D('',#812,#813,#814);
#817=CARTESIAN_POINT('',(-1.133178667900E2,3.385E1,-1.413303654882E2));
#818=DIRECTION('',(0.E0,-1.E0,0.E0));
#819=DIRECTION('',(0.E0,0.E0,1.E0));
#820=AXIS2_PLACEMENT_3D('',#817,#818,#819);
#822=CARTESIAN_POINT('',(-1.26E2,3.385E1,-9.4E1));
#823=DIRECTION('',(0.E0,-1.E0,0.E0));
#824=DIRECTION('',(-3.501424367318E-1,0.E0,-9.366964684462E-1));
#825=AXIS2_PLACEMENT_3D('',#822,#823,#824);
#827=CARTESIAN_POINT('',(-1.505E2,3.385E1,-1.364352447854E2));
#828=DIRECTION('',(0.E0,-1.E0,0.E0));
#829=DIRECTION('',(4.101697673280E-1,0.E0,-9.120091896303E-1));
#830=AXIS2_PLACEMENT_3D('',#827,#828,#829);
#832=CARTESIAN_POINT('',(-1.505E2,3.385E1,-1.364352447854E2));
#833=DIRECTION('',(0.E0,-1.E0,0.E0));
#834=DIRECTION('',(0.E0,0.E0,1.E0));
#835=AXIS2_PLACEMENT_3D('',#832,#833,#834);
#837=DIRECTION('',(8.889642766485E-1,1.428733506137E-6,-4.579765439854E-1));
#838=VECTOR('',#837,1.781047508365E1);
#839=CARTESIAN_POINT('',(-1.774999999970E2,3.384997455358E1,-1.310253438227E2));
#840=LINE('',#839,#838);
#841=CARTESIAN_POINT('',(-1.794293867267E2,3.385E1,-8.617052785871E1));
#842=DIRECTION('',(0.E0,-1.E0,0.E0));
#843=DIRECTION('',(1.753987933364E-1,0.E0,-9.844974673894E-1));
#844=AXIS2_PLACEMENT_3D('',#841,#842,#843);
#846=CARTESIAN_POINT('',(-1.690038931973E2,3.385E1,-8.967895489828E1));
#847=CARTESIAN_POINT('',(-1.687925548982E2,3.385E1,-8.905094878024E1));
#848=CARTESIAN_POINT('',(-1.686442230778E2,3.385E1,-8.841239158795E1));
#849=CARTESIAN_POINT('',(-1.685493385473E2,3.385E1,-8.776488659947E1));
#851=CARTESIAN_POINT('',(-1.26E2,3.385E1,-9.4E1));
#852=DIRECTION('',(0.E0,1.E0,0.E0));
#853=DIRECTION('',(-9.894331953507E-1,0.E0,1.449894890607E-1));
#854=AXIS2_PLACEMENT_3D('',#851,#852,#853);
#856=CARTESIAN_POINT('',(-1.282242781403E2,3.385E1,-5.155824477293E1));
#857=DIRECTION('',(0.E0,-1.E0,0.E0));
#858=DIRECTION('',(-9.986776587827E-1,0.E0,5.140947235941E-2));
#859=AXIS2_PLACEMENT_3D('',#856,#857,#858);
#861=DIRECTION('',(-7.943015827190E-3,0.E0,-9.999684537522E-1));
#862=VECTOR('',#861,4.291897405234E1);
#863=CARTESIAN_POINT('',(-1.317241677284E2,3.385E1,-5.153044421612E1));
#864=LINE('',#863,#862);
#865=CARTESIAN_POINT('',(-1.260652630961E2,3.385E1,-9.449572243069E1));
#866=DIRECTION('',(0.E0,-1.E0,0.E0));
#867=DIRECTION('',(-9.999684537528E-1,0.E0,7.943015755690E-3));
#868=AXIS2_PLACEMENT_3D('',#865,#866,#867);
#870=CARTESIAN_POINT('',(-1.260652630961E2,3.385E1,-9.449572243069E1));
#871=DIRECTION('',(0.E0,-1.E0,0.E0));
#872=DIRECTION('',(0.E0,0.E0,-1.E0));
#873=AXIS2_PLACEMENT_3D('',#870,#871,#872);
#875=DIRECTION('',(2.511385162064E-1,0.E0,9.679511587253E-1));
#876=VECTOR('',#875,4.291897404327E1);
#877=CARTESIAN_POINT('',(-1.202575561437E2,3.385E1,-9.600255352780E1));
#878=LINE('',#877,#876);
#879=CARTESIAN_POINT('',(-1.128667777391E2,3.385E1,-5.358009805746E1));
#880=DIRECTION('',(0.E0,-1.E0,0.E0));
#881=DIRECTION('',(9.679511574439E-1,0.E0,-2.511385211452E-1));
#882=AXIS2_PLACEMENT_3D('',#879,#880,#881);
#884=CARTESIAN_POINT('',(-1.26E2,3.385E1,-9.4E1));
#885=DIRECTION('',(0.E0,1.E0,0.E0));
#886=DIRECTION('',(3.849911085430E-1,0.E0,9.229202816835E-1));
#887=AXIS2_PLACEMENT_3D('',#884,#885,#886);
#889=CARTESIAN_POINT('',(-8.550217904752E1,3.385E1,-7.953454829515E1));
#890=CARTESIAN_POINT('',(-8.528198271514E1,3.385000000001E1,-8.015101515844E1));
#891=CARTESIAN_POINT('',(-8.501115806063E1,3.385E1,-8.074804273853E1));
#892=CARTESIAN_POINT('',(-8.468076790342E1,3.385E1,-8.132217272794E1));
#894=CARTESIAN_POINT('',(-7.514671010389E1,3.385E1,-7.583566938360E1));
#895=DIRECTION('',(0.E0,-1.E0,0.E0));
#896=DIRECTION('',(-8.667315721511E-1,0.E0,-4.987748809198E-1));
#897=AXIS2_PLACEMENT_3D('',#894,#895,#896);
#899=CARTESIAN_POINT('',(-1.26E2,3.385E1,-9.4E1));
#900=DIRECTION('',(0.E0,1.E0,0.E0));
#901=DIRECTION('',(9.902738467167E-1,0.E0,1.391319823363E-1));
#902=AXIS2_PLACEMENT_3D('',#899,#900,#901);
#904=DIRECTION('',(4.226182617386E-1,0.E0,-9.063077870376E-1));
#905=VECTOR('',#904,5.322931897379E0);
#906=CARTESIAN_POINT('',(-8.892123290894E1,3.385E1,-1.297409433424E2));
#907=LINE('',#906,#905);
#908=CARTESIAN_POINT('',(-1.025662671173E2,3.485E1,-1.454111871384E2));
#909=DIRECTION('',(9.099325157529E-1,0.E0,4.147563342199E-1));
#910=DIRECTION('',(7.383391675830E-10,-1.E0,-1.619838485567E-9));
#911=AXIS2_PLACEMENT_3D('',#908,#909,#910);
#913=CARTESIAN_POINT('',(-8.667166468312E1,3.385E1,-1.345651579709E2));
#914=CARTESIAN_POINT('',(-8.662195797237E1,3.385000000020E1,-1.346717543561E2));
#915=CARTESIAN_POINT('',(-8.652853826555E1,3.388511645400E1,-1.348720935639E2));
#916=CARTESIAN_POINT('',(-8.640088674400E1,3.403344352032E1,-1.351458431352E2));
#917=CARTESIAN_POINT('',(-8.630210891337E1,3.425879069607E1,-1.353576728767E2));
#918=CARTESIAN_POINT('',(-8.623897197360E1,3.454326905595E1,-1.354930704808E2));
#919=CARTESIAN_POINT('',(-8.622485613485E1,3.474430043665E1,-1.355233419950E2));
#920=CARTESIAN_POINT('',(-8.622485613485E1,3.484999999980E1,-1.355233419950E2));
#922=CARTESIAN_POINT('',(-1.26E2,3.485E1,-9.4E1));
#923=DIRECTION('',(0.E0,-1.E0,0.E0));
#924=DIRECTION('',(4.147563333326E-1,0.E0,-9.099325161574E-1));
#925=AXIS2_PLACEMENT_3D('',#922,#923,#924);
#927=CARTESIAN_POINT('',(-1.523336508797E2,3.443585968735E1,-1.451154461132E2));
#928=CARTESIAN_POINT('',(-1.520980184115E2,3.444316666550E1,-1.452368392373E2));
#929=CARTESIAN_POINT('',(-1.516477602193E2,3.445933185626E1,-1.454646831454E2));
#930=CARTESIAN_POINT('',(-1.510385261494E2,3.448641824399E1,-1.457634904817E2));
#931=CARTESIAN_POINT('',(-1.504916454357E2,3.451529335386E1,-1.460242034625E2));
#932=CARTESIAN_POINT('',(-1.500027727278E2,3.454533068306E1,-1.462513472219E2));
#933=CARTESIAN_POINT('',(-1.495625912431E2,3.457645226968E1,-1.464511588713E2));
#934=CARTESIAN_POINT('',(-1.491661503558E2,3.460787510719E1,-1.466273262970E2));
#935=CARTESIAN_POINT('',(-1.488100798220E2,3.463913732657E1,-1.467825277221E2));
#936=CARTESIAN_POINT('',(-1.484896889613E2,3.467014481972E1,-1.469197513823E2));
#937=CARTESIAN_POINT('',(-1.482015083519E2,3.470090228353E1,-1.470412324614E2));
#938=CARTESIAN_POINT('',(-1.480281116688E2,3.472142037374E1,-1.471132762965E2));
#939=CARTESIAN_POINT('',(-1.479463632869E2,3.473163643583E1,-1.471470332049E2));
#941=CARTESIAN_POINT('',(-1.479463632869E2,3.473163643583E1,-1.471470332049E2));
#942=CARTESIAN_POINT('',(-1.477230063129E2,3.475954958458E1,-1.472392654939E2));
#943=CARTESIAN_POINT('',(-1.472905474317E2,3.480470214436E1,-1.474145531227E2));
#944=CARTESIAN_POINT('',(-1.466850339241E2,3.484252982359E1,-1.476517404261E2));
#945=CARTESIAN_POINT('',(-1.463120345412E2,3.484999996324E1,-1.477931938725E2));
#946=CARTESIAN_POINT('',(-1.461331900066E2,3.485000000009E1,-1.478600469751E2));
#948=CARTESIAN_POINT('',(-1.26E2,3.485E1,-9.4E1));
#949=DIRECTION('',(0.E0,-1.E0,0.E0));
#950=DIRECTION('',(-3.501424367583E-1,0.E0,-9.366964684363E-1));
#951=AXIS2_PLACEMENT_3D('',#948,#949,#950);
#953=CARTESIAN_POINT('',(-1.204928377254E2,3.485000000010E1,-1.512356633899E2));
#954=CARTESIAN_POINT('',(-1.202486886458E2,3.484999989469E1,-1.512121715816E2));
#955=CARTESIAN_POINT('',(-1.197798188555E2,3.483773986982E1,-1.511639085781E2));
#956=CARTESIAN_POINT('',(-1.191348020573E2,3.479370662508E1,-1.510898169470E2));
#957=CARTESIAN_POINT('',(-1.187432618176E2,3.475334521271E1,-1.510405563867E2));
#958=CARTESIAN_POINT('',(-1.185569052830E2,3.473163643477E1,-1.510162287514E2));
#960=CARTESIAN_POINT('',(-1.185569052830E2,3.473163643477E1,-1.510162287514E2));
#961=CARTESIAN_POINT('',(-1.184942226085E2,3.472433453572E1,-1.510080459395E2));
#962=CARTESIAN_POINT('',(-1.183660462985E2,3.470998339995E1,-1.509910945548E2));
#963=CARTESIAN_POINT('',(-1.181748196852E2,3.468996960145E1,-1.509651691507E2));
#964=CARTESIAN_POINT('',(-1.179563333034E2,3.466856050260E1,-1.509347637078E2));
#965=CARTESIAN_POINT('',(-1.177172594208E2,3.464671956639E1,-1.509005062649E2));
#966=CARTESIAN_POINT('',(-1.174524915960E2,3.462420069827E1,-1.508613791403E2));
#967=CARTESIAN_POINT('',(-1.171603909031E2,3.460119502990E1,-1.508167525771E2));
#968=CARTESIAN_POINT('',(-1.168381825623E2,3.457790566365E1,-1.507657475086E2));
#969=CARTESIAN_POINT('',(-1.164843340223E2,3.455461971075E1,-1.507075737446E2));
#970=CARTESIAN_POINT('',(-1.160982322761E2,3.453155575049E1,-1.506415093307E2));
#971=CARTESIAN_POINT('',(-1.156793150903E2,3.450902013987E1,-1.505667626474E2));
#972=CARTESIAN_POINT('',(-1.152274345788E2,3.448739767069E1,-1.504825435753E2));
#973=CARTESIAN_POINT('',(-1.147401293087E2,3.446714113115E1,-1.503875350940E2));
#974=CARTESIAN_POINT('',(-1.142126498656E2,3.444845008721E1,-1.502797771650E2));
#975=CARTESIAN_POINT('',(-1.136402578139E2,3.443161456486E1,-1.501570154398E2));
#976=CARTESIAN_POINT('',(-1.130204476600E2,3.441716941306E1,-1.500172101249E2));
#977=CARTESIAN_POINT('',(-1.123475235486E2,3.440585025061E1,-1.498572415114E2));
#978=CARTESIAN_POINT('',(-1.116221126605E2,3.439877302522E1,-1.496752261214E2));
#979=CARTESIAN_POINT('',(-1.108226706495E2,3.439758680920E1,-1.494630664867E2));
#980=CARTESIAN_POINT('',(-1.099672392628E2,3.440455767298E1,-1.492218909380E2));
#981=CARTESIAN_POINT('',(-1.091713140851E2,3.441825033193E1,-1.489840435246E2));
#982=CARTESIAN_POINT('',(-1.084832578697E2,3.443546433200E1,-1.487682960999E2));
#983=CARTESIAN_POINT('',(-1.078717395098E2,3.445515608546E1,-1.485686646855E2));
#984=CARTESIAN_POINT('',(-1.073277566092E2,3.447656187232E1,-1.483847001007E2));
#985=CARTESIAN_POINT('',(-1.068400046309E2,3.449934191721E1,-1.482146152111E2));
#986=CARTESIAN_POINT('',(-1.064016876376E2,3.452290572775E1,-1.480575744270E2));
#987=CARTESIAN_POINT('',(-1.060058065342E2,3.454685798049E1,-1.479122971945E2));
#988=CARTESIAN_POINT('',(-1.056483204289E2,3.457092196605E1,-1.477782763957E2));
#989=CARTESIAN_POINT('',(-1.053252547026E2,3.459497004721E1,-1.476548320628E2));
#990=CARTESIAN_POINT('',(-1.050325943516E2,3.461892072634E1,-1.475410839324E2));
#991=CARTESIAN_POINT('',(-1.047674930666E2,3.464251947353E1,-1.474364590213E2));
#992=CARTESIAN_POINT('',(-1.045274484958E2,3.466563730982E1,-1.473404134242E2));
#993=CARTESIAN_POINT('',(-1.043100872074E2,3.468821244059E1,-1.472523636903E2));
#994=CARTESIAN_POINT('',(-1.041134353356E2,3.471020852529E1,-1.471718155642E2));
#995=CARTESIAN_POINT('',(-1.039942451882E2,3.472457526291E1,-1.471225045991E2));
#996=CARTESIAN_POINT('',(-1.039377800150E2,3.473163827563E1,-1.470990437704E2));
#998=CARTESIAN_POINT('',(-1.039377800150E2,3.473163827563E1,-1.470990437704E2));
#999=CARTESIAN_POINT('',(-1.037146247068E2,3.475955142441E1,-1.470063246164E2));
#1000=CARTESIAN_POINT('',(-1.032849046017E2,3.480470128571E1,
-1.468244860434E2));
#1001=CARTESIAN_POINT('',(-1.026890163178E2,3.484253006891E1,
-1.465640364200E2));
#1002=CARTESIAN_POINT('',(-1.023252451951E2,3.484999996324E1,
-1.464003095322E2));
#1003=CARTESIAN_POINT('',(-1.021515107297E2,3.485000000009E1,
-1.463211196311E2));
#1005=DIRECTION('',(2.565438144210E-4,-9.999996632141E-1,-7.795876833499E-4));
#1006=VECTOR('',#1005,1.500532132758E0);
#1007=CARTESIAN_POINT('',(-8.622524108708E1,3.635053162720E1,
-1.355221721986E2));
#1008=LINE('',#1007,#1006);
#1009=DIRECTION('',(-4.214509210693E-1,7.404571493180E-2,9.038231869288E-1));
#1010=VECTOR('',#1009,1.832066822498E1);
#1011=CARTESIAN_POINT('',(-7.850397858906E1,3.499396465046E1,
-1.520808169404E2));
#1012=LINE('',#1011,#1010);
#1013=CARTESIAN_POINT('',(-7.500089689409E1,3.085E1,-8.683470290968E1));
#1014=DIRECTION('',(1.391319823363E-1,0.E0,-9.902738467167E-1));
#1015=DIRECTION('',(0.E0,1.E0,0.E0));
#1016=AXIS2_PLACEMENT_3D('',#1013,#1014,#1015);
#1018=CARTESIAN_POINT('',(-1.26E2,3.085E1,-9.4E1));
#1019=DIRECTION('',(0.E0,1.E0,0.E0));
#1020=DIRECTION('',(9.902738467168E-1,0.E0,1.391319823362E-1));
#1021=AXIS2_PLACEMENT_3D('',#1018,#1019,#1020);
#1023=CARTESIAN_POINT('',(-8.756819387291E1,3.085E1,-1.326425449189E2));
#1024=CARTESIAN_POINT('',(-8.756819387291E1,3.110581076906E1,
-1.326425449189E2));
#1025=CARTESIAN_POINT('',(-8.759461037104E1,3.160361263266E1,
-1.325858945559E2));
#1026=CARTESIAN_POINT('',(-8.773829549531E1,3.237754144867E1,
-1.322777608125E2));
#1027=CARTESIAN_POINT('',(-8.794192988116E1,3.297292063934E1,
-1.318410654628E2));
#1028=CARTESIAN_POINT('',(-8.824242996111E1,3.348723052226E1,
-1.311966409617E2));
#1029=CARTESIAN_POINT('',(-8.854857714130E1,3.376650574243E1,
-1.305401062151E2));
#1030=CARTESIAN_POINT('',(-8.879236432209E1,3.385E1,-1.300173029188E2));
#1031=CARTESIAN_POINT('',(-8.892123290894E1,3.385E1,-1.297409433424E2));
#1033=CARTESIAN_POINT('',(-7.500089689409E1,3.085E1,-8.683470290968E1));
#1034=DIRECTION('',(0.E0,1.E0,0.E0));
#1035=DIRECTION('',(0.E0,0.E0,1.E0));
#1036=AXIS2_PLACEMENT_3D('',#1033,#1034,#1035);
#1038=CARTESIAN_POINT('',(-7.500089689409E1,3.085E1,-8.683470290968E1));
#1039=DIRECTION('',(9.999121387346E-1,0.E0,1.325574634546E-2));
#1040=DIRECTION('',(0.E0,1.E0,0.E0));
#1041=AXIS2_PLACEMENT_3D('',#1038,#1039,#1040);
#1043=CARTESIAN_POINT('',(-7.500089689409E1,3.085E1,-8.683470290968E1));
#1044=DIRECTION('',(0.E0,1.E0,0.E0));
#1045=DIRECTION('',(-1.325574324555E-2,0.E0,9.999121387757E-1));
#1046=AXIS2_PLACEMENT_3D('',#1043,#1044,#1045);
#1048=DIRECTION('',(-1.716164365607E-12,1.E0,8.298415033693E-12));
#1049=VECTOR('',#1048,7.85E0);
#1050=CARTESIAN_POINT('',(-7.203007535392E1,2.3E1,-8.641730696274E1));
#1051=LINE('',#1050,#1049);
#1052=DIRECTION('',(-4.844609562002E-14,1.E0,-1.162706294880E-13));
#1053=VECTOR('',#1052,1.76E1);
#1054=CARTESIAN_POINT('',(-8.756819387291E1,1.325E1,-1.326425449189E2));
#1055=LINE('',#1054,#1053);
#1056=DIRECTION('',(2.200860576406E-13,1.E0,-2.040532984747E-13));
#1057=VECTOR('',#1056,9.75E0);
#1058=CARTESIAN_POINT('',(-8.846069054704E1,1.325E1,-5.448987160493E1));
#1059=LINE('',#1058,#1057);
#1060=DIRECTION('',(-5.284550012525E-14,1.E0,-8.529449143022E-14));
#1061=VECTOR('',#1060,1.532805474159E1);
#1062=CARTESIAN_POINT('',(-9.724034974619E1,1.325E1,-5.504403383451E1));
#1063=LINE('',#1062,#1061);
#1064=CARTESIAN_POINT('',(-9.724034974619E1,2.857805474159E1,
-5.504403383451E1));
#1065=CARTESIAN_POINT('',(-9.742455317892E1,2.886889235497E1,
-5.526955247923E1));
#1066=CARTESIAN_POINT('',(-9.782322513186E1,2.943941328643E1,
-5.568441987476E1));
#1067=CARTESIAN_POINT('',(-9.849305725825E1,3.024770350410E1,
-5.619547140503E1));
#1068=CARTESIAN_POINT('',(-9.898748837243E1,3.075611525285E1,
-5.646546540389E1));
#1069=CARTESIAN_POINT('',(-9.924493922715E1,3.1E1,-5.658119826824E1));
#1071=CARTESIAN_POINT('',(-9.924493922715E1,3.1E1,-5.658119826824E1));
#1072=CARTESIAN_POINT('',(-9.925176750600E1,3.112920758158E1,
-5.658426781046E1));
#1073=CARTESIAN_POINT('',(-9.928269668896E1,3.138301818167E1,
-5.659818934406E1));
#1074=CARTESIAN_POINT('',(-9.938038277409E1,3.175281600679E1,
-5.664048720677E1));
#1075=CARTESIAN_POINT('',(-9.952914374623E1,3.210332322261E1,
-5.670061855583E1));
#1076=CARTESIAN_POINT('',(-9.972657410527E1,3.242621881756E1,
-5.677274615105E1));
#1077=CARTESIAN_POINT('',(-9.997314126768E1,3.271951115712E1,
-5.685107749633E1));
#1078=CARTESIAN_POINT('',(-1.002695219388E2,3.298011547486E1,
-5.692871815410E1));
#1079=CARTESIAN_POINT('',(-1.006183887739E2,3.320674042964E1,
-5.699812307767E1));
#1080=CARTESIAN_POINT('',(-1.010246752990E2,3.339772354574E1,
-5.704988647286E1));
#1081=CARTESIAN_POINT('',(-1.013352879431E2,3.350064667084E1,
-5.706497103830E1));
#1082=CARTESIAN_POINT('',(-1.015000284416E2,3.354518476086E1,
-5.706497590361E1));
#1084=CARTESIAN_POINT('',(-1.069718975075E2,3.1E1,-5.212003682505E1));
#1085=CARTESIAN_POINT('',(-1.070005177769E2,3.075506738773E1,
-5.183800482961E1));
#1086=CARTESIAN_POINT('',(-1.070135685817E2,3.024518070655E1,
-5.127333530584E1));
#1087=CARTESIAN_POINT('',(-1.069061620320E2,2.944013258498E1,
-5.044117609305E1));
#1088=CARTESIAN_POINT('',(-1.067462904392E2,2.886922624898E1,
-4.988802596194E1));
#1089=CARTESIAN_POINT('',(-1.066429687986E2,2.857805474159E1,
-4.961542919350E1));
#1091=DIRECTION('',(5.469972819982E-13,1.E0,1.056910002505E-13));
#1092=VECTOR('',#1091,1.532805474159E1);
#1093=CARTESIAN_POINT('',(-1.066429687986E2,1.325E1,-4.961542919350E1));
#1094=LINE('',#1093,#1092);
#1095=DIRECTION('',(5.013881048235E-13,1.E0,-1.333634057888E-13));
#1096=VECTOR('',#1095,9.75E0);
#1097=CARTESIAN_POINT('',(-1.105528798296E2,1.325E1,-4.173494017566E1));
#1098=LINE('',#1097,#1096);
#1099=DIRECTION('',(-1.785466361654E-12,1.E0,0.E0));
#1100=VECTOR('',#1099,9.75E0);
#1101=CARTESIAN_POINT('',(-1.273935794385E2,1.325E1,-3.951782001105E1));
#1102=LINE('',#1101,#1100);
#1103=DIRECTION('',(-6.695617577273E-12,1.E0,5.728174079366E-11));
#1104=VECTOR('',#1103,1.532805474159E1);
#1105=CARTESIAN_POINT('',(-1.332098841242E2,1.325E1,-4.611782843856E1));
#1106=LINE('',#1105,#1104);
#1107=CARTESIAN_POINT('',(-1.332098841243E2,2.857805474159E1,
-4.611782843768E1));
#1108=CARTESIAN_POINT('',(-1.331806698549E2,2.886889238260E1,
-4.640754572456E1));
#1109=CARTESIAN_POINT('',(-1.331692179578E2,2.943941334835E1,
-4.698280495092E1));
#1110=CARTESIAN_POINT('',(-1.332814927756E2,3.024770343762E1,
-4.781781565856E1));
#1111=CARTESIAN_POINT('',(-1.334401937815E2,3.075611522509E1,
-4.835834587965E1));
#1112=CARTESIAN_POINT('',(-1.335404035449E2,3.1E1,-4.862222664807E1));
#1114=CARTESIAN_POINT('',(-1.335404035449E2,3.1E1,-4.862222664807E1));
#1115=CARTESIAN_POINT('',(-1.335433140860E2,3.114149296072E1,
-4.862989092939E1));
#1116=CARTESIAN_POINT('',(-1.335571497094E2,3.141845853418E1,
-4.866640846186E1));
#1117=CARTESIAN_POINT('',(-1.336031400963E2,3.181925214960E1,
-4.878192880900E1));
#1118=CARTESIAN_POINT('',(-1.336776025286E2,3.219569117908E1,
-4.895444703637E1));
#1119=CARTESIAN_POINT('',(-1.337847500454E2,3.253960352349E1,
-4.917781502311E1));
#1120=CARTESIAN_POINT('',(-1.339301858606E2,3.284563463537E1,
-4.944553085207E1));
#1121=CARTESIAN_POINT('',(-1.341211732048E2,3.311089740966E1,
-4.975155896457E1));
#1122=CARTESIAN_POINT('',(-1.343690215648E2,3.333464774526E1,
-5.009234691550E1));
#1123=CARTESIAN_POINT('',(-1.346855490157E2,3.351399023718E1,
-5.046004054657E1));
#1124=CARTESIAN_POINT('',(-1.350840713517E2,3.364729242395E1,
-5.084291213207E1));
#1125=CARTESIAN_POINT('',(-1.355626737534E2,3.373442096010E1,
-5.121397077345E1));
#1126=CARTESIAN_POINT('',(-1.361168686664E2,3.378379615257E1,
-5.154963791602E1));
#1127=CARTESIAN_POINT('',(-1.367235360622E2,3.380610310504E1,
-5.182362746462E1));
#1128=CARTESIAN_POINT('',(-1.373666144439E2,3.381093873403E1,
-5.202418193932E1));
#1129=CARTESIAN_POINT('',(-1.380288244221E2,3.380081259379E1,
-5.214429917010E1));
#1130=CARTESIAN_POINT('',(-1.384657175839E2,3.378063466468E1,
-5.216941441784E1));
#1131=CARTESIAN_POINT('',(-1.386821357175E2,3.376540210028E1,
-5.216941435191E1));
#1133=CARTESIAN_POINT('',(-1.421587056513E2,3.1E1,-5.093149373761E1));
#1134=CARTESIAN_POINT('',(-1.423783699744E2,3.075506738766E1,
-5.075230458761E1));
#1135=CARTESIAN_POINT('',(-1.427868799318E2,3.024518070798E1,
-5.036225124855E1));
#1136=CARTESIAN_POINT('',(-1.432993573876E2,2.944013270878E1,
-4.969787803395E1));
#1137=CARTESIAN_POINT('',(-1.435774473581E2,2.886922630323E1,
-4.919369548229E1));
#1138=CARTESIAN_POINT('',(-1.436971429712E2,2.857805474158E1,
-4.892788097653E1));
#1140=DIRECTION('',(-1.450567258308E-8,1.E0,3.221387054958E-8));
#1141=VECTOR('',#1140,1.532805474158E1);
#1142=CARTESIAN_POINT('',(-1.436971427489E2,1.325E1,-4.892788147030E1));
#1143=LINE('',#1142,#1141);
#1144=DIRECTION('',(0.E0,-1.E0,0.E0));
#1145=VECTOR('',#1144,9.75E0);
#1146=CARTESIAN_POINT('',(-1.805E2,2.3E1,-9.4E1));
#1147=LINE('',#1146,#1145);
#1148=DIRECTION('',(5.640616179265E-12,1.E0,3.271411631618E-12));
#1149=VECTOR('',#1148,9.75E0);
#1150=CARTESIAN_POINT('',(-1.520342147986E2,1.325E1,-4.612025835678E1));
#1151=LINE('',#1150,#1149);
#1152=CARTESIAN_POINT('',(-1.26E2,2.3E1,-9.4E1));
#1153=DIRECTION('',(0.E0,1.E0,0.E0));
#1154=DIRECTION('',(-1.E0,0.E0,0.E0));
#1155=AXIS2_PLACEMENT_3D('',#1152,#1153,#1154);
#1157=CARTESIAN_POINT('',(-1.491680627107E2,2.3E1,-5.139142257438E1));
#1158=DIRECTION('',(0.E0,1.E0,0.E0));
#1159=DIRECTION('',(-4.776920146199E-1,0.E0,8.785273696183E-1));
#1160=AXIS2_PLACEMENT_3D('',#1157,#1158,#1159);
#1162=CARTESIAN_POINT('',(-1.26E2,2.3E1,-9.4E1));
#1163=DIRECTION('',(0.E0,-1.E0,0.E0));
#1164=DIRECTION('',(-4.360145918076E-1,0.E0,8.999395956012E-1));
#1165=AXIS2_PLACEMENT_3D('',#1162,#1163,#1164);
#1167=CARTESIAN_POINT('',(-1.775E2,2.3E1,-9.7E1));
#1168=DIRECTION('',(0.E0,-1.E0,0.E0));
#1169=DIRECTION('',(-8.279734958064E-1,0.E0,5.607672335668E-1));
#1170=AXIS2_PLACEMENT_3D('',#1167,#1168,#1169);
#1172=DIRECTION('',(0.E0,-6.987003568308E-14,1.E0));
#1173=VECTOR('',#1172,3.E0);
#1174=CARTESIAN_POINT('',(-1.805E2,2.3E1,-9.7E1));
#1175=LINE('',#1174,#1173);
#1176=CARTESIAN_POINT('',(-1.495447863450E2,2.3E1,-4.540326071436E1));
#1177=CARTESIAN_POINT('',(-1.495026264894E2,2.301599534908E1,
-4.540060836022E1));
#1178=CARTESIAN_POINT('',(-1.494185007360E2,2.304864047942E1,
-4.539620816698E1));
#1179=CARTESIAN_POINT('',(-1.492929406974E2,2.309945354109E1,
-4.539229385995E1));
#1180=CARTESIAN_POINT('',(-1.492096048290E2,2.313458959353E1,
-4.539140563574E1));
#1181=CARTESIAN_POINT('',(-1.491680493984E2,2.315246901868E1,
-4.539140572761E1));
#1183=CARTESIAN_POINT('',(-1.491680493984E2,2.315246901868E1,
-4.539140572761E1));
#1184=CARTESIAN_POINT('',(-1.489532039893E2,2.324490729587E1,
-4.539140620261E1));
#1185=CARTESIAN_POINT('',(-1.485139482313E2,2.345273431225E1,
-4.541457097847E1));
#1186=CARTESIAN_POINT('',(-1.478372041053E2,2.383615150662E1,
-4.552696337633E1));
#1187=CARTESIAN_POINT('',(-1.471510702332E2,2.429565213994E1,
-4.572500972408E1));
#1188=CARTESIAN_POINT('',(-1.464672929302E2,2.483377901991E1,
-4.601578556239E1));
#1189=CARTESIAN_POINT('',(-1.457976892133E2,2.545368712040E1,
-4.640654252691E1));
#1190=CARTESIAN_POINT('',(-1.451604750839E2,2.615325081529E1,
-4.690104504571E1));
#1191=CARTESIAN_POINT('',(-1.445788632425E2,2.692232104409E1,
-4.749598769110E1));
#1192=CARTESIAN_POINT('',(-1.440793151756E2,2.773820495788E1,
-4.817565680897E1));
#1193=CARTESIAN_POINT('',(-1.438131057841E2,2.829596359E1,-4.867035610147E1));
#1194=CARTESIAN_POINT('',(-1.436971429712E2,2.857805474158E1,
-4.892788097653E1));
#1196=CARTESIAN_POINT('',(-1.715139218330E2,3.099999992167E1,
-8.733044831041E1));
#1197=CARTESIAN_POINT('',(-1.715840757252E2,3.099999992158E1,
-8.780918804753E1));
#1198=CARTESIAN_POINT('',(-1.716982143158E2,3.094738069793E1,
-8.827936384107E1));
#1199=CARTESIAN_POINT('',(-1.718472060136E2,3.084999992538E1,
-8.872210289022E1));
#1201=CARTESIAN_POINT('',(-1.780261963800E2,2.497378283281E1,
-9.404650759783E1));
#1202=CARTESIAN_POINT('',(-1.783186355417E2,2.468129721333E1,
-9.409860877410E1));
#1203=CARTESIAN_POINT('',(-1.788608103812E2,2.413878616502E1,
-9.428444021346E1));
#1204=CARTESIAN_POINT('',(-1.795197323838E2,2.347519381850E1,
-9.473725526373E1));
#1205=CARTESIAN_POINT('',(-1.798483972178E2,2.314036572585E1,
-9.511759802852E1));
#1206=CARTESIAN_POINT('',(-1.799839204874E2,2.3E1,-9.531769829930E1));
#1208=CARTESIAN_POINT('',(-1.421587056513E2,3.1E1,-5.093149373761E1));
#1209=CARTESIAN_POINT('',(-1.421525670514E2,3.113672340412E1,
-5.093650124397E1));
#1210=CARTESIAN_POINT('',(-1.421238929812E2,3.140465977061E1,
-5.095992218558E1));
#1211=CARTESIAN_POINT('',(-1.420320646249E2,3.179307809189E1,
-5.103254888325E1));
#1212=CARTESIAN_POINT('',(-1.418905131498E2,3.215933684106E1,
-5.113842949115E1));
#1213=CARTESIAN_POINT('',(-1.416992156527E2,3.249530255347E1,
-5.127068158116E1));
#1214=CARTESIAN_POINT('',(-1.414558314225E2,3.279725930926E1,
-5.142241411903E1));
#1215=CARTESIAN_POINT('',(-1.411594006235E2,3.306038221500E1,
-5.158465506963E1));
#1216=CARTESIAN_POINT('',(-1.408018354432E2,3.328566579E1,-5.175061743711E1));
#1217=CARTESIAN_POINT('',(-1.403752964494E2,3.347086715513E1,
-5.191013004818E1));
#1218=CARTESIAN_POINT('',(-1.398727070017E2,3.361339143422E1,
-5.204854944756E1));
#1219=CARTESIAN_POINT('',(-1.393072896125E2,3.371100422997E1,
-5.214490634860E1));
#1220=CARTESIAN_POINT('',(-1.388956985493E2,3.375037050595E1,
-5.216941428684E1));
#1221=CARTESIAN_POINT('',(-1.386821357175E2,3.376540210028E1,
-5.216941435191E1));
#1223=CARTESIAN_POINT('',(-1.26E2,3.1E1,-9.4E1));
#1224=DIRECTION('',(0.E0,1.E0,0.E0));
#1225=DIRECTION('',(-1.639218161935E-1,0.E0,9.864733337378E-1));
#1226=AXIS2_PLACEMENT_3D('',#1223,#1224,#1225);
#1228=CARTESIAN_POINT('',(-1.284074539872E2,3.1E1,-4.806304140129E1));
#1229=CARTESIAN_POINT('',(-1.284630567649E2,3.100000000002E1,
-4.806595541939E1));
#1230=CARTESIAN_POINT('',(-1.285697588695E2,3.103680420154E1,
-4.807412799110E1));
#1231=CARTESIAN_POINT('',(-1.287177196147E2,3.116398300655E1,
-4.809244795513E1));
#1232=CARTESIAN_POINT('',(-1.288581150769E2,3.128284494455E1,
-4.811422136793E1));
#1233=CARTESIAN_POINT('',(-1.290715529839E2,3.146106141754E1,
-4.816094609472E1));
#1234=CARTESIAN_POINT('',(-1.291577170752E2,3.153777519420E1,
-4.818473987066E1));
#1235=CARTESIAN_POINT('',(-1.292754382876E2,3.164221375798E1,
-4.821893213638E1));
#1236=CARTESIAN_POINT('',(-1.294017774510E2,3.175492528042E1,
-4.826118296679E1));
#1237=CARTESIAN_POINT('',(-1.295541340689E2,3.189095651261E1,
-4.831922854924E1));
#1238=CARTESIAN_POINT('',(-1.297322728331E2,3.205093022997E1,
-4.839691056626E1));
#1239=CARTESIAN_POINT('',(-1.299607826002E2,3.225806759412E1,
-4.851589117542E1));
#1240=CARTESIAN_POINT('',(-1.302367516426E2,3.250876851442E1,
-4.868315172228E1));
#1241=CARTESIAN_POINT('',(-1.306803157033E2,3.291633676012E1,
-4.903865068382E1));
#1242=CARTESIAN_POINT('',(-1.310394096749E2,3.324826002387E1,
-4.946757688492E1));
#1243=CARTESIAN_POINT('',(-1.311632793867E2,3.336345094312E1,
-4.965019547389E1));
#1244=CARTESIAN_POINT('',(-1.313907882617E2,3.357370246778E1,
-5.003940662228E1));
#1245=CARTESIAN_POINT('',(-1.315982659712E2,3.376288129563E1,
-5.055296285285E1));
#1246=CARTESIAN_POINT('',(-1.317042001890E2,3.385E1,-5.107818546492E1));
#1247=CARTESIAN_POINT('',(-1.317196499461E2,3.385E1,-5.137831161968E1));
#1249=CARTESIAN_POINT('',(-1.26E2,3.1E1,-9.4E1));
#1250=DIRECTION('',(0.E0,1.E0,0.E0));
#1251=DIRECTION('',(-9.894330746632E-1,0.E0,1.449903126505E-1));
#1252=AXIS2_PLACEMENT_3D('',#1249,#1250,#1251);
#1254=CARTESIAN_POINT('',(-1.082855942409E2,2.3E1,-4.298823833073E1));
#1255=CARTESIAN_POINT('',(-1.081170256286E2,2.308509221660E1,
-4.313685253743E1));
#1256=CARTESIAN_POINT('',(-1.077890278205E2,2.328014560563E1,
-4.345979783809E1));
#1257=CARTESIAN_POINT('',(-1.073399675052E2,2.365101085527E1,
-4.401960189653E1));
#1258=CARTESIAN_POINT('',(-1.069461530490E2,2.410588430261E1,
-4.465579808384E1));
#1259=CARTESIAN_POINT('',(-1.066227268828E2,2.464882103011E1,
-4.536601913394E1));
#1260=CARTESIAN_POINT('',(-1.063854727390E2,2.528450135462E1,
-4.614772090577E1));
#1261=CARTESIAN_POINT('',(-1.062532006845E2,2.601202985988E1,
-4.699052340560E1));
#1262=CARTESIAN_POINT('',(-1.062436997523E2,2.682074171287E1,
-4.787326463527E1));
#1263=CARTESIAN_POINT('',(-1.063671524017E2,2.768466065066E1,
-4.876104109635E1));
#1264=CARTESIAN_POINT('',(-1.065363758069E2,2.827766421463E1,
-4.933420151551E1));
#1265=CARTESIAN_POINT('',(-1.066429687986E2,2.857805474159E1,
-4.961542919350E1));
#1267=CARTESIAN_POINT('',(-1.26E2,3.1E1,-9.4E1));
#1268=DIRECTION('',(0.E0,-1.E0,0.E0));
#1269=DIRECTION('',(3.090169943740E-1,0.E0,9.510565162955E-1));
#1270=AXIS2_PLACEMENT_3D('',#1267,#1268,#1269);
#1272=CARTESIAN_POINT('',(-1.26E2,3.1E1,-9.4E1));
#1273=DIRECTION('',(0.E0,-1.E0,0.E0));
#1274=DIRECTION('',(-5.038674791412E-13,0.E0,1.E0));
#1275=AXIS2_PLACEMENT_3D('',#1272,#1273,#1274);
#1277=CARTESIAN_POINT('',(-1.332098841243E2,2.857805474159E1,
-4.611782843768E1));
#1278=CARTESIAN_POINT('',(-1.332396858045E2,2.828136923284E1,-4.582228581E1));
#1279=CARTESIAN_POINT('',(-1.332553865517E2,2.769385175239E1,
-4.523049354725E1));
#1280=CARTESIAN_POINT('',(-1.331468076383E2,2.683105375896E1,
-4.434242126756E1));
#1281=CARTESIAN_POINT('',(-1.329103024127E2,2.602037279490E1,
-4.349035741520E1));
#1282=CARTESIAN_POINT('',(-1.325643087261E2,2.528990534479E1,
-4.270749161753E1));
#1283=CARTESIAN_POINT('',(-1.321327085804E2,2.465267100070E1,
-4.201221559118E1));
#1284=CARTESIAN_POINT('',(-1.316361114189E2,2.410840295165E1,
-4.140848465485E1));
#1285=CARTESIAN_POINT('',(-1.310901755176E2,2.365229452570E1,
-4.089453343259E1));
#1286=CARTESIAN_POINT('',(-1.305106452003E2,2.328063713933E1,
-4.046913771223E1));
#1287=CARTESIAN_POINT('',(-1.301095907883E2,2.308522548397E1,
-4.024167440151E1));
#1288=CARTESIAN_POINT('',(-1.299079865759E2,2.3E1,-4.014159637603E1));
#1290=CARTESIAN_POINT('',(-1.26E2,2.3E1,-9.4E1));
#1291=DIRECTION('',(0.E0,1.E0,0.E0));
#1292=DIRECTION('',(0.E0,0.E0,1.E0));
#1293=AXIS2_PLACEMENT_3D('',#1290,#1291,#1292);
#1295=CARTESIAN_POINT('',(-1.122534802153E2,2.3E1,-4.748889171597E1));
#1296=DIRECTION('',(0.E0,1.E0,0.E0));
#1297=DIRECTION('',(2.834333976165E-1,0.E0,9.589919233839E-1));
#1298=AXIS2_PLACEMENT_3D('',#1295,#1296,#1297);
#1300=CARTESIAN_POINT('',(-1.26E2,2.3E1,-9.4E1));
#1301=DIRECTION('',(0.E0,-1.E0,0.E0));
#1302=DIRECTION('',(3.280445510950E-1,0.E0,9.446622531343E-1));
#1303=AXIS2_PLACEMENT_3D('',#1300,#1301,#1302);
#1305=CARTESIAN_POINT('',(-1.26E2,2.3E1,-9.4E1));
#1306=DIRECTION('',(0.E0,-1.E0,0.E0));
#1307=DIRECTION('',(0.E0,0.E0,1.E0));
#1308=AXIS2_PLACEMENT_3D('',#1305,#1306,#1307);
#1310=CARTESIAN_POINT('',(-1.272401578489E2,2.3E1,-4.551585817497E1));
#1311=DIRECTION('',(0.E0,1.E0,0.E0));
#1312=DIRECTION('',(-4.446381211611E-1,0.E0,8.957102998238E-1));
#1313=AXIS2_PLACEMENT_3D('',#1310,#1311,#1312);
#1315=CARTESIAN_POINT('',(-1.26E2,2.3E1,-9.4E1));
#1316=DIRECTION('',(0.E0,1.E0,0.E0));
#1317=DIRECTION('',(-2.557026492607E-2,0.E0,9.996730273202E-1));
#1318=AXIS2_PLACEMENT_3D('',#1315,#1316,#1317);
#1320=CARTESIAN_POINT('',(-1.069718975075E2,3.1E1,-5.212003682505E1));
#1321=CARTESIAN_POINT('',(-1.069710974030E2,3.113677480109E1,
-5.212792127517E1));
#1322=CARTESIAN_POINT('',(-1.069673784420E2,3.140477821450E1,
-5.216479417503E1));
#1323=CARTESIAN_POINT('',(-1.069538163350E2,3.179284502957E1,
-5.228095702039E1));
#1324=CARTESIAN_POINT('',(-1.069285847036E2,3.215936009968E1,
-5.245600027986E1));
#1325=CARTESIAN_POINT('',(-1.068868100428E2,3.249545501225E1,
-5.268489162888E1));
#1326=CARTESIAN_POINT('',(-1.068218672738E2,3.279805115628E1,
-5.296489788434E1));
#1327=CARTESIAN_POINT('',(-1.067264097204E2,3.306191438362E1,
-5.329070724472E1));
#1328=CARTESIAN_POINT('',(-1.065912772330E2,3.328603439833E1,
-5.365954507196E1));
#1329=CARTESIAN_POINT('',(-1.064026342972E2,3.347093894354E1,
-5.407339164681E1));
#1330=CARTESIAN_POINT('',(-1.061456755136E2,3.361335452280E1,
-5.452597410759E1));
#1331=CARTESIAN_POINT('',(-1.058116329958E2,3.371142286890E1,
-5.499686929160E1));
#1332=CARTESIAN_POINT('',(-1.054031840553E2,3.377003024046E1,
-5.545657108374E1));
#1333=CARTESIAN_POINT('',(-1.049296883115E2,3.379974946115E1,
-5.588035132471E1));
#1334=CARTESIAN_POINT('',(-1.044012665611E2,3.381053398495E1,
-5.625234476579E1));
#1335=CARTESIAN_POINT('',(-1.038281224869E2,3.380724313783E1,
-5.656177474037E1));
#1336=CARTESIAN_POINT('',(-1.032303017226E2,3.378818027283E1,
-5.679833763503E1));
#1337=CARTESIAN_POINT('',(-1.026263007161E2,3.374606564408E1,
-5.695985330242E1));
#1338=CARTESIAN_POINT('',(-1.020373383874E2,3.366969767455E1,
-5.704828186367E1));
#1339=CARTESIAN_POINT('',(-1.016740480944E2,3.359223149819E1,
-5.706498104295E1));
#1340=CARTESIAN_POINT('',(-1.015000284416E2,3.354518476086E1,
-5.706497590361E1));
#1342=CARTESIAN_POINT('',(-1.26E2,3.1E1,-9.4E1));
#1343=DIRECTION('',(0.E0,1.E0,0.E0));
#1344=DIRECTION('',(5.816317559316E-1,0.E0,8.134522115601E-1));
#1345=AXIS2_PLACEMENT_3D('',#1342,#1343,#1344);
#1347=CARTESIAN_POINT('',(-1.094439377125E2,3.385E1,-5.431096477076E1));
#1348=CARTESIAN_POINT('',(-1.093811135654E2,3.385E1,-5.401674285396E1));
#1349=CARTESIAN_POINT('',(-1.093475010629E2,3.376269914625E1,
-5.348124319870E1));
#1350=CARTESIAN_POINT('',(-1.094155160655E2,3.357266420769E1,
-5.292981996103E1));
#1351=CARTESIAN_POINT('',(-1.095352259246E2,3.336147440868E1,
-5.249393002489E1));
#1352=CARTESIAN_POINT('',(-1.096092803935E2,3.324404814770E1,
-5.228218516220E1));
#1353=CARTESIAN_POINT('',(-1.098446920450E2,3.291335578972E1,
-5.177862261786E1));
#1354=CARTESIAN_POINT('',(-1.101780905018E2,3.250966280448E1,
-5.132492470457E1));
#1355=CARTESIAN_POINT('',(-1.103992140624E2,3.226116905760E1,
-5.109364101328E1));
#1356=CARTESIAN_POINT('',(-1.105894854805E2,3.205354918854E1,
-5.091886036519E1));
#1357=CARTESIAN_POINT('',(-1.107421222391E2,3.189282052853E1,
-5.079698542271E1));
#1358=CARTESIAN_POINT('',(-1.108751465514E2,3.175586486515E1,
-5.070076067028E1));
#1359=CARTESIAN_POINT('',(-1.109862087721E2,3.164316865186E1,
-5.062723532468E1));
#1360=CARTESIAN_POINT('',(-1.110910891650E2,3.153868325243E1,
-5.056368358955E1));
#1361=CARTESIAN_POINT('',(-1.111684835963E2,3.146155271628E1,
-5.051815822561E1));
#1362=CARTESIAN_POINT('',(-1.113639799852E2,3.128225496214E1,
-5.041707438686E1));
#1363=CARTESIAN_POINT('',(-1.114928903846E2,3.116436899579E1,
-5.036023852453E1));
#1364=CARTESIAN_POINT('',(-1.116302094738E2,3.103694527875E1,
-5.030453284501E1));
#1365=CARTESIAN_POINT('',(-1.117317449383E2,3.1E1,-5.026877478546E1));
#1366=CARTESIAN_POINT('',(-1.117852182588E2,3.1E1,-5.025140025041E1));
#1368=CARTESIAN_POINT('',(-1.26E2,3.1E1,-9.4E1));
#1369=DIRECTION('',(0.E0,1.E0,0.E0));
#1370=DIRECTION('',(3.090169943742E-1,0.E0,9.510565162954E-1));
#1371=AXIS2_PLACEMENT_3D('',#1368,#1369,#1370);
#1373=CARTESIAN_POINT('',(-9.724034974619E1,2.857805474159E1,
-5.504403383451E1));
#1374=CARTESIAN_POINT('',(-9.707011566688E1,2.830927325033E1,
-5.483561774648E1));
#1375=CARTESIAN_POINT('',(-9.670398710528E1,2.777692423415E1,
-5.444420047262E1));
#1376=CARTESIAN_POINT('',(-9.607877507853E1,2.699430425191E1,
-5.393368051132E1));
#1377=CARTESIAN_POINT('',(-9.539996047352E1,2.625366445450E1,
-5.351710688765E1));
#1378=CARTESIAN_POINT('',(-9.469468370314E1,2.557630873705E1,
-5.320258175901E1));
#1379=CARTESIAN_POINT('',(-9.398229842479E1,2.497010229679E1,
-5.298733050045E1));
#1380=CARTESIAN_POINT('',(-9.327674182880E1,2.443784041867E1,
-5.286509963130E1));
#1381=CARTESIAN_POINT('',(-9.281830879020E1,2.412967572074E1,
-5.283916055024E1));
#1382=CARTESIAN_POINT('',(-9.259340752285E1,2.398794719467E1,
-5.283915844035E1));
#1384=CARTESIAN_POINT('',(-9.259340752285E1,2.398794719467E1,
-5.283915844035E1));
#1385=CARTESIAN_POINT('',(-9.236655689943E1,2.384499022126E1,
-5.283915631218E1));
#1386=CARTESIAN_POINT('',(-9.191932272633E1,2.358210488934E1,
-5.286563976929E1));
#1387=CARTESIAN_POINT('',(-9.127888783419E1,2.325398401347E1,
-5.297371451423E1));
#1388=CARTESIAN_POINT('',(-9.087482223338E1,2.307794601149E1,
-5.308733578787E1));
#1389=CARTESIAN_POINT('',(-9.067972138219E1,2.3E1,-5.315299376502E1));
#1391=CARTESIAN_POINT('',(-7.278788045647E1,2.3E1,-8.480922562103E1));
#1392=CARTESIAN_POINT('',(-7.295999258568E1,2.313759526616E1,
-8.462117761220E1));
#1393=CARTESIAN_POINT('',(-7.336112034806E1,2.347204348336E1,
-8.427934982461E1));
#1394=CARTESIAN_POINT('',(-7.411733014828E1,2.414878417233E1,
-8.392580963753E1));
#1395=CARTESIAN_POINT('',(-7.469781608679E1,2.470044096018E1,
-8.383470223607E1));
#1396=CARTESIAN_POINT('',(-7.500089686674E1,2.499767474736E1,
-8.383470224264E1));
#1398=CARTESIAN_POINT('',(-7.500089686674E1,2.499767474736E1,
-8.383470224264E1));
#1399=CARTESIAN_POINT('',(-7.500532940515E1,2.500202177385E1,
-8.383470224274E1));
#1400=CARTESIAN_POINT('',(-7.501418490325E1,2.501071087724E1,
-8.383472287303E1));
#1401=CARTESIAN_POINT('',(-7.502744091554E1,2.502372792061E1,
-8.383481048980E1));
#1402=CARTESIAN_POINT('',(-7.503625947470E1,2.503239527383E1,
-8.383490814691E1));
#1403=CARTESIAN_POINT('',(-7.504066413504E1,2.503672625815E1,
-8.383496653908E1));
#1405=CARTESIAN_POINT('',(-7.504066413504E1,2.503672625815E1,
-8.383496653908E1));
#1406=CARTESIAN_POINT('',(-7.505243881183E1,2.504830398191E1,
-8.383512263494E1));
#1407=CARTESIAN_POINT('',(-7.507599418141E1,2.507145495754E1,
-8.383538314701E1));
#1408=CARTESIAN_POINT('',(-7.511134113685E1,2.510616310328E1,
-8.383561614277E1));
#1409=CARTESIAN_POINT('',(-7.513492269486E1,2.512930020622E1,
-8.383567176893E1));
#1410=CARTESIAN_POINT('',(-7.514671398679E1,2.514086279608E1,
-8.383567176960E1));
#1412=CARTESIAN_POINT('',(-8.208057521853E1,3.084999989728E1,
-7.982584658339E1));
#1413=CARTESIAN_POINT('',(-8.231349747602E1,3.094735042721E1,
-7.942108975202E1));
#1414=CARTESIAN_POINT('',(-8.251772685218E1,3.099999990690E1,
-7.898247118025E1));
#1415=CARTESIAN_POINT('',(-8.268053136338E1,3.099999990700E1,
-7.852667981753E1));
#1417=CARTESIAN_POINT('',(-1.26E2,2.3E1,-9.4E1));
#1418=DIRECTION('',(0.E0,-1.E0,0.E0));
#1419=DIRECTION('',(9.854096211765E-1,0.E0,1.701995255364E-1));
#1420=AXIS2_PLACEMENT_3D('',#1417,#1418,#1419);
#1422=CARTESIAN_POINT('',(-9.259345856021E1,2.3E1,-5.883961051081E1));
#1423=DIRECTION('',(0.E0,1.E0,0.E0));
#1424=DIRECTION('',(3.189561963367E-1,0.E0,9.477694576311E-1));
#1425=AXIS2_PLACEMENT_3D('',#1422,#1423,#1424);
#1427=CARTESIAN_POINT('',(-1.26E2,2.3E1,-9.4E1));
#1428=DIRECTION('',(0.E0,1.E0,0.E0));
#1429=DIRECTION('',(6.887946688617E-1,0.E0,7.249564843131E-1));
#1430=AXIS2_PLACEMENT_3D('',#1427,#1428,#1429);
#1432=CARTESIAN_POINT('',(-7.500089689409E1,2.3E1,-8.683470290968E1));
#1433=DIRECTION('',(0.E0,-1.E0,0.E0));
#1434=DIRECTION('',(9.902738467258E-1,0.E0,1.391319822721E-1));
#1435=AXIS2_PLACEMENT_3D('',#1432,#1433,#1434);
#1437=DIRECTION('',(1.129358957005E-9,1.E0,7.856157177614E-9));
#1438=VECTOR('',#1437,5.813273741846E0);
#1439=CARTESIAN_POINT('',(-7.504066413504E1,2.503672625815E1,
-8.383496653908E1));
#1440=LINE('',#1439,#1438);
#1441=CARTESIAN_POINT('',(-8.208057521853E1,3.084999989728E1,
-7.982584658339E1));
#1442=CARTESIAN_POINT('',(-8.196839155703E1,3.080311243343E1,
-8.002079194613E1));
#1443=CARTESIAN_POINT('',(-8.172455445445E1,3.068629848075E1,
-8.040631342253E1));
#1444=CARTESIAN_POINT('',(-8.130197887374E1,3.044078774815E1,
-8.096205429694E1));
#1445=CARTESIAN_POINT('',(-8.081614727818E1,3.011933035028E1,
-8.149585309710E1));
#1446=CARTESIAN_POINT('',(-8.026153642570E1,2.971569478149E1,
-8.200295549129E1));
#1447=CARTESIAN_POINT('',(-7.963127534847E1,2.922219592908E1,
-8.247694295599E1));
#1448=CARTESIAN_POINT('',(-7.891953204131E1,2.863153911149E1,
-8.290744195536E1));
#1449=CARTESIAN_POINT('',(-7.811763221239E1,2.793371903527E1,
-8.328233275088E1));
#1450=CARTESIAN_POINT('',(-7.721931922268E1,2.712012985667E1,
-8.358305375013E1));
#1451=CARTESIAN_POINT('',(-7.623194441075E1,2.619470064090E1,
-8.378439761124E1));
#1452=CARTESIAN_POINT('',(-7.551664915683E1,2.550362276091E1,
-8.383567179069E1));
#1453=CARTESIAN_POINT('',(-7.514671398679E1,2.514086279608E1,
-8.383567176960E1));
#1455=CARTESIAN_POINT('',(-7.514671010389E1,3.385E1,-7.583566938360E1));
#1456=DIRECTION('',(0.E0,1.E0,0.E0));
#1457=DIRECTION('',(1.325574634565E-2,0.E0,-9.999121387346E-1));
#1458=AXIS2_PLACEMENT_3D('',#1455,#1456,#1457);
#1460=CARTESIAN_POINT('',(-7.514671010389E1,3.085E1,-7.583566938360E1));
#1461=DIRECTION('',(0.E0,-1.E0,0.E0));
#1462=DIRECTION('',(-8.667331882748E-1,0.E0,-4.987720725372E-1));
#1463=AXIS2_PLACEMENT_3D('',#1460,#1461,#1462);
#1465=CARTESIAN_POINT('',(-7.514671010389E1,3.085E1,-7.583566938360E1));
#1466=DIRECTION('',(0.E0,-1.E0,0.E0));
#1467=DIRECTION('',(0.E0,0.E0,-1.E0));
#1468=AXIS2_PLACEMENT_3D('',#1465,#1466,#1467);
#1470=CARTESIAN_POINT('',(-8.468077451127E1,3.085E1,-8.132216333475E1));
#1471=DIRECTION('',(-4.987721773771E-1,0.E0,8.667331279434E-1));
#1472=DIRECTION('',(8.667331279434E-1,0.E0,4.987721773771E-1));
#1473=AXIS2_PLACEMENT_3D('',#1470,#1471,#1472);
#1475=CARTESIAN_POINT('',(-8.550217991285E1,3.085E1,-7.953454860424E1));
#1476=DIRECTION('',(3.363764928964E-1,0.E0,-9.417275906687E-1));
#1477=DIRECTION('',(0.E0,1.E0,0.E0));
#1478=AXIS2_PLACEMENT_3D('',#1475,#1476,#1477);
#1480=CARTESIAN_POINT('',(-1.149792916948E2,4.135E1,-7.565879158107E1));
#1481=CARTESIAN_POINT('',(-1.147340216943E2,3.954068302382E1,
-7.471345915646E1));
#1482=CARTESIAN_POINT('',(-1.141713849726E2,3.725324416568E1,
-7.254491553190E1));
#1483=CARTESIAN_POINT('',(-1.132035810623E2,3.562972176609E1,
-6.881475529103E1));
#1484=CARTESIAN_POINT('',(-1.126868971488E2,3.534999739923E1,
-6.682332504276E1));
#1485=CARTESIAN_POINT('',(-1.124234008381E2,3.535E1,-6.580774382590E1));
#1487=DIRECTION('',(-1.162353176672E-9,-1.E0,-4.531931570758E-9));
#1488=VECTOR('',#1487,1.5E0);
#1489=CARTESIAN_POINT('',(-1.094789486836E2,3.535E1,-5.445908286452E1));
#1490=LINE('',#1489,#1488);
#1491=CARTESIAN_POINT('',(-1.26E2,4.135E1,-9.4E1));
#1492=DIRECTION('',(0.E0,-1.E0,0.E0));
#1493=DIRECTION('',(-3.138065663005E-1,0.E0,9.494869345845E-1));
#1494=AXIS2_PLACEMENT_3D('',#1491,#1492,#1493);
#1496=CARTESIAN_POINT('',(-1.26E2,4.135E1,-9.4E1));
#1497=DIRECTION('',(0.E0,-1.E0,0.E0));
#1498=DIRECTION('',(0.E0,0.E0,-1.E0));
#1499=AXIS2_PLACEMENT_3D('',#1496,#1497,#1498);
#1501=DIRECTION('',(-2.511385162038E-1,-1.818370358207E-14,-9.679511587260E-1));
#1502=VECTOR('',#1501,2.344547905392E0);
#1503=CARTESIAN_POINT('',(-1.149792916948E2,4.135E1,-7.565879158107E1));
#1504=LINE('',#1503,#1502);
#1505=CARTESIAN_POINT('',(-1.146001468181E2,4.135E1,-7.817933795850E1));
#1506=DIRECTION('',(0.E0,-1.E0,0.E0));
#1507=DIRECTION('',(-9.679511590159E-1,0.E0,2.511385150863E-1));
#1508=AXIS2_PLACEMENT_3D('',#1505,#1506,#1507);
#1510=CARTESIAN_POINT('',(-1.26E2,4.135E1,-9.4E1));
#1511=DIRECTION('',(0.E0,1.E0,0.E0));
#1512=DIRECTION('',(5.475225521830E-1,0.E0,8.367909266065E-1));
#1513=AXIS2_PLACEMENT_3D('',#1510,#1511,#1512);
#1515=CARTESIAN_POINT('',(-1.26E2,4.135E1,-9.4E1));
#1516=DIRECTION('',(0.E0,1.E0,0.E0));
#1517=DIRECTION('',(0.E0,0.E0,-1.E0));
#1518=AXIS2_PLACEMENT_3D('',#1515,#1516,#1517);
#1520=CARTESIAN_POINT('',(-1.329167239618E2,4.135E1,-7.576791483028E1));
#1521=DIRECTION('',(0.E0,-1.E0,0.E0));
#1522=DIRECTION('',(9.832378057973E-1,0.E0,-1.823277742168E-1));
#1523=AXIS2_PLACEMENT_3D('',#1520,#1521,#1522);
#1525=CARTESIAN_POINT('',(-1.114554487185E2,3.635E1,-6.605888330601E1));
#1526=CARTESIAN_POINT('',(-1.116760200894E2,3.635000019664E1,
-6.699199145953E1));
#1527=CARTESIAN_POINT('',(-1.121050743867E2,3.660461746559E1,
-6.882406377298E1));
#1528=CARTESIAN_POINT('',(-1.128560052358E2,3.801180186904E1,
-7.210717260359E1));
#1529=CARTESIAN_POINT('',(-1.132763532596E2,3.990518268702E1,
-7.403215836178E1));
#1530=CARTESIAN_POINT('',(-1.134640084423E2,4.135002496017E1,
-7.490798342250E1));
#1532=CARTESIAN_POINT('',(-1.331674712246E2,4.135002526331E1,
-7.231397419993E1));
#1533=CARTESIAN_POINT('',(-1.331220518212E2,3.990517984380E1,
-7.141942075570E1));
#1534=CARTESIAN_POINT('',(-1.330298817016E2,3.801179673537E1,
-6.945124487066E1));
#1535=CARTESIAN_POINT('',(-1.329055103536E2,3.660461499930E1,
-6.608564116452E1));
#1536=CARTESIAN_POINT('',(-1.328457143628E2,3.634999941605E1,
-6.420494754618E1));
#1537=CARTESIAN_POINT('',(-1.328172633951E2,3.635E1,-6.324654621345E1));
#1539=CARTESIAN_POINT('',(-1.128667777391E2,3.635E1,-5.358009805746E1));
#1540=DIRECTION('',(0.E0,1.E0,0.E0));
#1541=DIRECTION('',(9.994400533581E-1,0.E0,3.346012169019E-2));
#1542=AXIS2_PLACEMENT_3D('',#1539,#1540,#1541);
#1544=DIRECTION('',(-2.511384315512E-1,2.120681455849E-14,-9.679511806894E-1));
#1545=VECTOR('',#1544,1.172688886537E1);
#1546=CARTESIAN_POINT('',(-1.085103762419E2,3.635E1,-5.470782738296E1));
#1547=LINE('',#1546,#1545);
#1548=CARTESIAN_POINT('',(-1.26E2,3.635E1,-9.4E1));
#1549=DIRECTION('',(0.E0,1.E0,0.E0));
#1550=DIRECTION('',(4.617317950572E-1,0.E0,8.870195879648E-1));
#1551=AXIS2_PLACEMENT_3D('',#1548,#1549,#1550);
#1553=CARTESIAN_POINT('',(-1.26E2,3.635E1,-9.4E1));
#1554=DIRECTION('',(0.E0,1.E0,0.E0));
#1555=DIRECTION('',(0.E0,0.E0,-1.E0));
#1556=AXIS2_PLACEMENT_3D('',#1553,#1554,#1555);
#1558=DIRECTION('',(7.943015827649E-3,6.483214077676E-14,9.999684537522E-1));
#1559=VECTOR('',#1558,1.172691072907E1);
#1560=CARTESIAN_POINT('',(-1.328172633951E2,3.635E1,-6.324654621345E1));
#1561=LINE('',#1560,#1559);
#1562=CARTESIAN_POINT('',(-1.282242781403E2,3.635E1,-5.155824477293E1));
#1563=DIRECTION('',(0.E0,1.E0,0.E0));
#1564=DIRECTION('',(-9.999538531128E-1,0.E0,9.606854060108E-3));
#1565=AXIS2_PLACEMENT_3D('',#1562,#1563,#1564);
#1567=CARTESIAN_POINT('',(-1.26E2,3.635E1,-9.4E1));
#1568=DIRECTION('',(0.E0,-1.E0,0.E0));
#1569=DIRECTION('',(-1.476078072668E-1,0.E0,9.890459722550E-1));
#1570=AXIS2_PLACEMENT_3D('',#1567,#1568,#1569);
#1572=CARTESIAN_POINT('',(-1.951428571429E2,3.635E1,-7.391853326765E1));
#1573=DIRECTION('',(0.E0,1.E0,0.E0));
#1574=DIRECTION('',(9.603174603656E-1,0.E0,-2.789092600059E-1));
#1575=AXIS2_PLACEMENT_3D('',#1572,#1573,#1574);
#1577=DIRECTION('',(2.025894845468E-10,-3.174782427418E-9,-1.E0));
#1578=VECTOR('',#1577,2.393215313796E1);
#1579=CARTESIAN_POINT('',(-1.82E2,3.635000012001E1,-1.042124287533E2));
#1580=LINE('',#1579,#1578);
#1581=DIRECTION('',(8.889745663369E-1,1.075774038855E-8,-4.579565704367E-1));
#1582=VECTOR('',#1581,3.413810453871E1);
#1583=CARTESIAN_POINT('',(-1.819999999951E2,3.635000004403E1,
-1.281445818913E2));
#1584=LINE('',#1583,#1582);
#1585=CARTESIAN_POINT('',(-1.26E2,3.635000105770E1,-9.4E1));
#1586=DIRECTION('',(0.E0,-1.E0,3.852756955144E-14));
#1587=DIRECTION('',(-4.582878912021E-1,-3.425932236863E-14,-8.888038078100E-1));
#1588=AXIS2_PLACEMENT_3D('',#1585,#1586,#1587);
#1590=CARTESIAN_POINT('',(-1.26E2,3.635E1,-9.4E1));
#1591=DIRECTION('',(0.E0,-1.E0,0.E0));
#1592=DIRECTION('',(7.186598215003E-1,0.E0,-6.953618201779E-1));
#1593=AXIS2_PLACEMENT_3D('',#1590,#1591,#1592);
#1595=CARTESIAN_POINT('',(-6.215394111006E1,3.635E1,-6.071816164600E1));
#1596=DIRECTION('',(0.E0,1.E0,0.E0));
#1597=DIRECTION('',(-3.818832251438E-1,0.E0,-9.242105833379E-1));
#1598=AXIS2_PLACEMENT_3D('',#1595,#1596,#1597);
#1600=CARTESIAN_POINT('',(-1.26E2,3.635E1,-9.4E1));
#1601=DIRECTION('',(0.E0,-1.E0,0.E0));
#1602=DIRECTION('',(8.867508179197E-1,0.E0,4.622477549093E-1));
#1603=AXIS2_PLACEMENT_3D('',#1600,#1601,#1602);
#1605=CARTESIAN_POINT('',(-1.133178667900E2,3.635E1,-1.413303654882E2));
#1606=DIRECTION('',(0.E0,1.E0,0.E0));
#1607=DIRECTION('',(0.E0,0.E0,1.E0));
#1608=AXIS2_PLACEMENT_3D('',#1605,#1606,#1607);
#1610=CARTESIAN_POINT('',(-1.133178667900E2,3.635E1,-1.413303654882E2));
#1611=DIRECTION('',(0.E0,1.E0,0.E0));
#1612=DIRECTION('',(0.E0,0.E0,-1.E0));
#1613=AXIS2_PLACEMENT_3D('',#1610,#1611,#1612);
#1615=CARTESIAN_POINT('',(-1.505E2,3.635E1,-1.364352447854E2));
#1616=DIRECTION('',(0.E0,1.E0,0.E0));
#1617=DIRECTION('',(0.E0,0.E0,1.E0));
#1618=AXIS2_PLACEMENT_3D('',#1615,#1616,#1617);
#1620=CARTESIAN_POINT('',(-1.505E2,3.635E1,-1.364352447854E2));
#1621=DIRECTION('',(0.E0,1.E0,0.E0));
#1622=DIRECTION('',(0.E0,0.E0,-1.E0));
#1623=AXIS2_PLACEMENT_3D('',#1620,#1621,#1622);
#1625=CARTESIAN_POINT('',(-1.128667777391E2,3.535E1,-5.358009805746E1));
#1626=DIRECTION('',(0.E0,1.E0,0.E0));
#1627=DIRECTION('',(9.994400633135E-1,0.E0,3.345982432569E-2));
#1628=AXIS2_PLACEMENT_3D('',#1625,#1626,#1627);
#1630=CARTESIAN_POINT('',(-1.085109975248E2,3.535E1,-5.471022138037E1));
#1631=DIRECTION('',(-2.511385162023E-1,0.E0,-9.679511587264E-1));
#1632=DIRECTION('',(-9.679511587264E-1,0.E0,2.511385162023E-1));
#1633=AXIS2_PLACEMENT_3D('',#1630,#1631,#1632);
#1635=CARTESIAN_POINT('',(-1.083692974542E2,3.535E1,-5.342952884798E1));
#1636=DIRECTION('',(9.171414010967E-1,0.E0,-3.985619781093E-1));
#1637=DIRECTION('',(-1.087130385713E-11,1.E0,-2.500399887140E-11));
#1638=AXIS2_PLACEMENT_3D('',#1635,#1636,#1637);
#1640=CARTESIAN_POINT('',(-1.083692974542E2,3.535E1,-5.342952884800E1));
#1641=DIRECTION('',(3.345982432343E-2,-2.161121792150E-12,-9.994400633136E-1));
#1642=DIRECTION('',(-9.994400633136E-1,0.E0,-3.345982432343E-2));
#1643=AXIS2_PLACEMENT_3D('',#1640,#1641,#1642);
#1645=CARTESIAN_POINT('',(-1.26E2,3.605710678119E1,-9.4E1));
#1646=DIRECTION('',(0.E0,-1.E0,0.E0));
#1647=DIRECTION('',(4.861827744052E-1,0.E0,8.738571450024E-1));
#1648=AXIS2_PLACEMENT_3D('',#1645,#1646,#1647);
#1650=CARTESIAN_POINT('',(-8.677388019528E1,3.535E1,-7.355210703223E1));
#1651=DIRECTION('',(4.622477549167E-1,0.E0,-8.867508179159E-1));
#1652=DIRECTION('',(0.E0,1.E0,0.E0));
#1653=AXIS2_PLACEMENT_3D('',#1650,#1651,#1652);
#1655=CARTESIAN_POINT('',(-1.26E2,3.605710678119E1,-9.4E1));
#1656=DIRECTION('',(0.E0,-1.E0,0.E0));
#1657=DIRECTION('',(8.867508179159E-1,0.E0,4.622477549166E-1));
#1658=AXIS2_PLACEMENT_3D('',#1655,#1656,#1657);
#1660=CARTESIAN_POINT('',(-1.112576909889E2,3.329289262396E1,
-4.862784533207E1));
#1661=CARTESIAN_POINT('',(-1.107441486730E2,3.329289262968E1,
-4.879470535135E1));
#1662=CARTESIAN_POINT('',(-1.097968999258E2,3.346758123939E1,
-4.930639605626E1));
#1663=CARTESIAN_POINT('',(-1.087981443867E2,3.413116992113E1,
-5.039704258926E1));
#1664=CARTESIAN_POINT('',(-1.082349029628E2,3.503030042157E1,
-5.159923278853E1));
#1665=CARTESIAN_POINT('',(-1.081030409498E2,3.570328235474E1,
-5.238845547007E1));
#1666=CARTESIAN_POINT('',(-1.080874708878E2,3.605710665708E1,
-5.278101210806E1));
#1668=CARTESIAN_POINT('',(-1.041495394851E2,3.605710678119E1,
-5.472633164366E1));
#1669=CARTESIAN_POINT('',(-1.042652106446E2,3.602863458240E1,
-5.462939414705E1));
#1670=CARTESIAN_POINT('',(-1.044895606884E2,3.595291204791E1,
-5.441961678595E1));
#1671=CARTESIAN_POINT('',(-1.047957719965E2,3.578174840865E1,
-5.406086390126E1));
#1672=CARTESIAN_POINT('',(-1.050694795828E2,3.554713687417E1,
-5.365230959802E1));
#1673=CARTESIAN_POINT('',(-1.053007569574E2,3.524683656612E1,
-5.319622941120E1));
#1674=CARTESIAN_POINT('',(-1.054826575135E2,3.487237022550E1,
-5.268603409715E1));
#1675=CARTESIAN_POINT('',(-1.056010592611E2,3.442086651636E1,
-5.212476676891E1));
#1676=CARTESIAN_POINT('',(-1.056407232564E2,3.388784902633E1,
-5.151378724838E1));
#1677=CARTESIAN_POINT('',(-1.055836713180E2,3.327801148666E1,
-5.086564917607E1));
#1678=CARTESIAN_POINT('',(-1.054134949120E2,3.260309052736E1,
-5.019979775621E1));
#1679=CARTESIAN_POINT('',(-1.051253614912E2,3.189670284577E1,
-4.955471630878E1));
#1680=CARTESIAN_POINT('',(-1.047302453487E2,3.119750479628E1,
-4.896785124598E1));
#1681=CARTESIAN_POINT('',(-1.042556529094E2,3.054489122517E1,
-4.847062319249E1));
#1682=CARTESIAN_POINT('',(-1.037265875725E2,2.995664764308E1,
-4.807226170458E1));
#1683=CARTESIAN_POINT('',(-1.031684103398E2,2.944486487849E1,
-4.777550243730E1));
#1684=CARTESIAN_POINT('',(-1.026006723268E2,2.901185604971E1,
-4.757481474287E1));
#1685=CARTESIAN_POINT('',(-1.020366214529E2,2.865567477305E1,
-4.746213425618E1));
#1686=CARTESIAN_POINT('',(-1.016752684281E2,2.846836765694E1,
-4.743964465175E1));
#1687=CARTESIAN_POINT('',(-1.014999607979E2,2.838673321846E1,
-4.743964489786E1));
#1689=CARTESIAN_POINT('',(-1.014999607979E2,2.838673321846E1,
-4.743964489786E1));
#1690=CARTESIAN_POINT('',(-1.013239535450E2,2.830477299095E1,
-4.743964514495E1));
#1691=CARTESIAN_POINT('',(-1.009770608033E2,2.816257037718E1,
-4.746249056256E1));
#1692=CARTESIAN_POINT('',(-1.004852215228E2,2.801000437548E1,
-4.755641051350E1));
#1693=CARTESIAN_POINT('',(-1.000200812113E2,2.791351835936E1,
-4.770425321464E1));
#1694=CARTESIAN_POINT('',(-9.958183580706E1,2.786973341025E1,
-4.790247808555E1));
#1695=CARTESIAN_POINT('',(-9.917272495531E1,2.787699840036E1,
-4.814777160183E1));
#1696=CARTESIAN_POINT('',(-9.879031990577E1,2.793567640064E1,
-4.844199441996E1));
#1697=CARTESIAN_POINT('',(-9.843985884280E1,2.804735185614E1,
-4.878388177789E1));
#1698=CARTESIAN_POINT('',(-9.812261577800E1,2.821653185407E1,
-4.917789467617E1));
#1699=CARTESIAN_POINT('',(-9.784676655387E1,2.844783446200E1,
-4.962435149243E1));
#1700=CARTESIAN_POINT('',(-9.762052030019E1,2.874778360642E1,
-5.012554544190E1));
#1701=CARTESIAN_POINT('',(-9.745615206E1,2.912332098004E1,-5.068142308199E1));
#1702=CARTESIAN_POINT('',(-9.736893482906E1,2.957633298010E1,
-5.128344071285E1));
#1703=CARTESIAN_POINT('',(-9.737315081674E1,3.010910838966E1,
-5.192363055735E1));
#1704=CARTESIAN_POINT('',(-9.748432994803E1,3.071906298398E1,
-5.258686738244E1));
#1705=CARTESIAN_POINT('',(-9.770777144337E1,3.138001592817E1,
-5.323607367512E1));
#1706=CARTESIAN_POINT('',(-9.803759518864E1,3.206506513667E1,
-5.384117535057E1));
#1707=CARTESIAN_POINT('',(-9.845027194326E1,3.273317749494E1,
-5.436793251513E1));
#1708=CARTESIAN_POINT('',(-9.892038786114E1,3.335927573348E1,
-5.480377588617E1));
#1709=CARTESIAN_POINT('',(-9.942471942061E1,3.392725710690E1,
-5.514618109888E1));
#1710=CARTESIAN_POINT('',(-9.994730674652E1,3.443130265721E1,
-5.540032014820E1));
#1711=CARTESIAN_POINT('',(-1.004731392646E2,3.486666892898E1,
-5.557209937427E1));
#1712=CARTESIAN_POINT('',(-1.009959214296E2,3.523612494676E1,
-5.566989825443E1));
#1713=CARTESIAN_POINT('',(-1.013346125314E2,3.543600497362E1,
-5.568965093464E1));
#1714=CARTESIAN_POINT('',(-1.014999494636E2,3.552508246406E1,
-5.568965093464E1));
#1716=CARTESIAN_POINT('',(-1.014999494636E2,3.552508246406E1,
-5.568965093464E1));
#1717=CARTESIAN_POINT('',(-1.016702054772E2,3.561681017560E1,
-5.568965093464E1));
#1718=CARTESIAN_POINT('',(-1.020042645640E2,3.577812363899E1,
-5.566880647374E1));
#1719=CARTESIAN_POINT('',(-1.024817085755E2,3.595432407286E1,
-5.558050394466E1));
#1720=CARTESIAN_POINT('',(-1.027738475830E2,3.602911607470E1,
-5.549094295748E1));
#1721=CARTESIAN_POINT('',(-1.029132357611E2,3.605710678119E1,
-5.544011193151E1));
#1723=DIRECTION('',(6.270275165710E-1,-7.071067811866E-1,3.268585220898E-1));
#1724=VECTOR('',#1723,1.315182899633E1);
#1725=CARTESIAN_POINT('',(-8.614685267871E1,3.605710678119E1,
-7.322524851015E1));
#1726=LINE('',#1725,#1724);
#1727=CARTESIAN_POINT('',(-1.383200684147E2,3.605710678119E1,
-5.077871398101E1));
#1728=CARTESIAN_POINT('',(-1.383599523062E2,3.604955320544E1,
-5.078222828467E1));
#1729=CARTESIAN_POINT('',(-1.384399829637E2,3.603313981512E1,
-5.078810502115E1));
#1730=CARTESIAN_POINT('',(-1.385608261941E2,3.600474878951E1,
-5.079346223294E1));
#1731=CARTESIAN_POINT('',(-1.386416383327E2,3.598301914177E1,
-5.079459389705E1));
#1732=CARTESIAN_POINT('',(-1.386821427641E2,3.597161113161E1,
-5.079459389705E1));
#1734=CARTESIAN_POINT('',(-1.386821427641E2,3.597161113161E1,
-5.079459389705E1));
#1735=CARTESIAN_POINT('',(-1.388382229883E2,3.592765137900E1,
-5.079459389705E1));
#1736=CARTESIAN_POINT('',(-1.391552639983E2,3.582001469716E1,
-5.077684757875E1));
#1737=CARTESIAN_POINT('',(-1.396361374474E2,3.559755786670E1,
-5.069299481013E1));
#1738=CARTESIAN_POINT('',(-1.401206986288E2,3.531090322042E1,
-5.054709899047E1));
#1739=CARTESIAN_POINT('',(-1.406025818860E2,3.495712732489E1,
-5.033356665316E1));
#1740=CARTESIAN_POINT('',(-1.410755039513E2,3.453223998528E1,
-5.004526392818E1));
#1741=CARTESIAN_POINT('',(-1.415273090235E2,3.403546889516E1,
-4.967624836459E1));
#1742=CARTESIAN_POINT('',(-1.419421852355E2,3.346987562253E1,
-4.922307949313E1));
#1743=CARTESIAN_POINT('',(-1.423020023448E2,3.284127433302E1,
-4.868431879240E1));
#1744=CARTESIAN_POINT('',(-1.425837249706E2,3.216477089071E1,
-4.806679922948E1));
#1745=CARTESIAN_POINT('',(-1.427633082445E2,3.146964465012E1,
-4.739258000663E1));
#1746=CARTESIAN_POINT('',(-1.428259764394E2,3.079682388588E1,
-4.670029588021E1));
#1747=CARTESIAN_POINT('',(-1.427747400591E2,3.018055220114E1,
-4.602858356772E1));
#1748=CARTESIAN_POINT('',(-1.426242297373E2,2.963776652523E1,
-4.540204476197E1));
#1749=CARTESIAN_POINT('',(-1.423927455688E2,2.917477035967E1,
-4.483505725806E1));
#1750=CARTESIAN_POINT('',(-1.420971326804E2,2.879006301888E1,
-4.433283330948E1));
#1751=CARTESIAN_POINT('',(-1.417537270204E2,2.848096183623E1,
-4.389868230740E1));
#1752=CARTESIAN_POINT('',(-1.413743274919E2,2.824103938042E1,
-4.353007787600E1));
#1753=CARTESIAN_POINT('',(-1.409689041948E2,2.806464817921E1,
-4.322442130121E1));
#1754=CARTESIAN_POINT('',(-1.405419223009E2,2.794589283659E1,
-4.297698854509E1));
#1755=CARTESIAN_POINT('',(-1.400996312759E2,2.788123012770E1,
-4.278596168547E1));
#1756=CARTESIAN_POINT('',(-1.396410257053E2,2.786810490795E1,
-4.264821017679E1));
#1757=CARTESIAN_POINT('',(-1.391700594853E2,2.790511272314E1,
-4.256404913971E1));
#1758=CARTESIAN_POINT('',(-1.388455182177E2,2.796664927974E1,
-4.254486382480E1));
#1759=CARTESIAN_POINT('',(-1.386820917967E2,2.800575882114E1,
-4.254486408285E1));
#1761=CARTESIAN_POINT('',(-1.386820917967E2,2.800575882114E1,
-4.254486408285E1));
#1762=CARTESIAN_POINT('',(-1.385175350146E2,2.804513886900E1,
-4.254486434268E1));
#1763=CARTESIAN_POINT('',(-1.381811923565E2,2.814207048588E1,
-4.256440040145E1));
#1764=CARTESIAN_POINT('',(-1.376686233511E2,2.835076828600E1,
-4.265927695617E1));
#1765=CARTESIAN_POINT('',(-1.371476009398E2,2.862765472791E1,
-4.282712760470E1));
#1766=CARTESIAN_POINT('',(-1.366318060642E2,2.897690483820E1,
-4.307424288300E1));
#1767=CARTESIAN_POINT('',(-1.361285110781E2,2.940699912444E1,
-4.341042141826E1));
#1768=CARTESIAN_POINT('',(-1.356594872667E2,2.991647734302E1,
-4.383765447904E1));
#1769=CARTESIAN_POINT('',(-1.352427369964E2,3.050578263180E1,
-4.435866623331E1));
#1770=CARTESIAN_POINT('',(-1.349047760325E2,3.116144422175E1,
-4.496332249341E1));
#1771=CARTESIAN_POINT('',(-1.346683847945E2,3.186207762176E1,
-4.563271052714E1));
#1772=CARTESIAN_POINT('',(-1.345507993356E2,3.257370295351E1,
-4.633459448573E1));
#1773=CARTESIAN_POINT('',(-1.345540837839E2,3.325074413395E1,
-4.702309985453E1));
#1774=CARTESIAN_POINT('',(-1.346628869709E2,3.386419363645E1,
-4.766684069819E1));
#1775=CARTESIAN_POINT('',(-1.348558568436E2,3.439955357873E1,
-4.824837505175E1));
#1776=CARTESIAN_POINT('',(-1.351135403083E2,3.485521872901E1,
-4.876361241464E1));
#1777=CARTESIAN_POINT('',(-1.354199186502E2,3.523330023964E1,
-4.921260631055E1));
#1778=CARTESIAN_POINT('',(-1.357631570737E2,3.553880344802E1,
-4.959885115932E1));
#1779=CARTESIAN_POINT('',(-1.361352382844E2,3.577691905230E1,
-4.992655336728E1));
#1780=CARTESIAN_POINT('',(-1.365282107865E2,3.595136178501E1,
-5.019812935713E1));
#1781=CARTESIAN_POINT('',(-1.368025143598E2,3.602825638027E1,
-5.034469148924E1));
#1782=CARTESIAN_POINT('',(-1.369411507860E2,3.605710678119E1,
-5.040923411598E1));
#1784=CARTESIAN_POINT('',(-1.326339146894E2,3.605710678119E1,
-4.954941140130E1));
#1785=CARTESIAN_POINT('',(-1.324793543804E2,3.563850479393E1,
-4.910310630288E1));
#1786=CARTESIAN_POINT('',(-1.321063752154E2,3.490557028196E1,
-4.830959300848E1));
#1787=CARTESIAN_POINT('',(-1.313544420031E2,3.419823433556E1,
-4.750262641095E1));
#1788=CARTESIAN_POINT('',(-1.304478364822E2,3.364519190908E1,
-4.685064982435E1));
#1789=CARTESIAN_POINT('',(-1.294049994210E2,3.334894025302E1,
-4.646710247516E1));
#1790=CARTESIAN_POINT('',(-1.287931481089E2,3.328700222974E1,
-4.636790617780E1));
#1791=CARTESIAN_POINT('',(-1.284967970530E2,3.329289321881E1,
-4.635827415061E1));
#1793=CARTESIAN_POINT('',(-1.26E2,3.258578643763E1,-9.4E1));
#1794=DIRECTION('',(0.E0,1.E0,0.E0));
#1795=DIRECTION('',(-5.233595624370E-2,0.E0,9.986295347545E-1));
#1796=AXIS2_PLACEMENT_3D('',#1793,#1794,#1795);
#1798=CARTESIAN_POINT('',(-1.26E2,3.258578643763E1,-9.4E1));
#1799=DIRECTION('',(0.E0,1.E0,0.E0));
#1800=DIRECTION('',(0.E0,0.E0,1.E0));
#1801=AXIS2_PLACEMENT_3D('',#1798,#1799,#1800);
#1803=CARTESIAN_POINT('',(-1.26E2,3.329289321881E1,-9.4E1));
#1804=DIRECTION('',(0.E0,-1.E0,0.E0));
#1805=DIRECTION('',(3.090171251366E-1,0.E0,9.510564738081E-1));
#1806=AXIS2_PLACEMENT_3D('',#1803,#1804,#1805);
#1808=CARTESIAN_POINT('',(-1.26E2,3.329289321881E1,-9.4E1));
#1809=DIRECTION('',(0.E0,-1.E0,0.E0));
#1810=DIRECTION('',(-1.183763603549E-12,0.E0,1.E0));
#1811=AXIS2_PLACEMENT_3D('',#1808,#1809,#1810);
#1813=CARTESIAN_POINT('',(-1.325295403217E2,3.535E1,-5.024877253217E1));
#1814=DIRECTION('',(-2.159401760485E-1,6.703133280280E-1,-7.099647052046E-1));
#1815=DIRECTION('',(-1.043743677068E-1,7.071067811871E-1,6.993611308652E-1));
#1816=AXIS2_PLACEMENT_3D('',#1813,#1814,#1815);
#1818=CARTESIAN_POINT('',(-1.284597899434E2,3.258578643763E1,
-4.706441186653E1));
#1819=DIRECTION('',(9.986295347546E-1,0.E0,5.233595624255E-2));
#1820=DIRECTION('',(5.233595624256E-2,0.E0,-9.986295347546E-1));
#1821=AXIS2_PLACEMENT_3D('',#1818,#1819,#1820);
#1823=CARTESIAN_POINT('',(-1.325295403217E2,3.535E1,-5.024877253216E1));
#1824=DIRECTION('',(-9.890459962666E-1,0.E0,-1.476076463771E-1));
#1825=DIRECTION('',(-1.043743677073E-1,7.071067811933E-1,6.993611308588E-1));
#1826=AXIS2_PLACEMENT_3D('',#1823,#1824,#1825);
#1828=CARTESIAN_POINT('',(-1.26E2,3.605710678119E1,-9.4E1));
#1829=DIRECTION('',(0.E0,-1.E0,0.E0));
#1830=DIRECTION('',(-1.476076463770E-1,0.E0,9.890459962666E-1));
#1831=AXIS2_PLACEMENT_3D('',#1828,#1829,#1830);
#1833=CARTESIAN_POINT('',(-1.26E2,3.605710678119E1,-9.4E1));
#1834=DIRECTION('',(0.E0,-1.E0,0.E0));
#1835=DIRECTION('',(-2.741271763412E-1,0.E0,9.616934496976E-1));
#1836=AXIS2_PLACEMENT_3D('',#1833,#1834,#1835);
#1838=CARTESIAN_POINT('',(-1.684803980869E2,3.535E1,-8.166222953158E1));
#1839=DIRECTION('',(-2.789092601714E-1,0.E0,-9.603174603175E-1));
#1840=DIRECTION('',(-6.790469882775E-1,7.071067811916E-1,1.972186292015E-1));
#1841=AXIS2_PLACEMENT_3D('',#1838,#1839,#1840);
#1843=CARTESIAN_POINT('',(-1.383200684147E2,3.605710678119E1,
-5.077871398101E1));
#1844=CARTESIAN_POINT('',(-1.381624699561E2,3.608695421708E1,
-5.076482745142E1));
#1845=CARTESIAN_POINT('',(-1.378470565240E2,3.612203966953E1,
-5.071876611001E1));
#1846=CARTESIAN_POINT('',(-1.373807650352E2,3.612203966953E1,
-5.059382368215E1));
#1847=CARTESIAN_POINT('',(-1.370845783195E2,3.608695421709E1,
-5.047600725787E1));
#1848=CARTESIAN_POINT('',(-1.369411507860E2,3.605710678119E1,
-5.040923411598E1));
#1850=DIRECTION('',(-5.925909855464E-6,-9.999999993091E-1,3.669754728584E-5));
#1851=VECTOR('',#1850,6.255758825461E0);
#1852=CARTESIAN_POINT('',(-1.386820917967E2,2.800575882114E1,
-4.254486408285E1));
#1853=LINE('',#1852,#1851);
#1854=CARTESIAN_POINT('',(-1.386821332100E2,2.175E1,-4.666963451184E1));
#1855=DIRECTION('',(0.E0,-1.E0,0.E0));
#1856=DIRECTION('',(0.E0,0.E0,1.E0));
#1857=AXIS2_PLACEMENT_3D('',#1854,#1855,#1856);
#1859=CARTESIAN_POINT('',(-1.386821332100E2,2.175E1,-4.666963451184E1));
#1860=DIRECTION('',(0.E0,-1.E0,0.E0));
#1861=DIRECTION('',(0.E0,0.E0,-1.E0));
#1862=AXIS2_PLACEMENT_3D('',#1859,#1860,#1861);
#1864=CARTESIAN_POINT('',(-1.386821332100E2,2.175E1,-4.666963451184E1));
#1865=DIRECTION('',(0.E0,1.E0,0.E0));
#1866=DIRECTION('',(0.E0,0.E0,1.E0));
#1867=AXIS2_PLACEMENT_3D('',#1864,#1865,#1866);
#1869=CARTESIAN_POINT('',(-1.386821332100E2,2.175E1,-4.666963451184E1));
#1870=DIRECTION('',(0.E0,1.E0,0.E0));
#1871=DIRECTION('',(0.E0,0.E0,-1.E0));
#1872=AXIS2_PLACEMENT_3D('',#1869,#1870,#1871);
#1874=DIRECTION('',(6.718031417764E-7,-9.999999999957E-1,-2.855849855925E-6));
#1875=VECTOR('',#1874,1.422161113167E1);
#1876=CARTESIAN_POINT('',(-1.386821427641E2,3.597161113161E1,
-5.079459389705E1));
#1877=LINE('',#1876,#1875);
#1878=CARTESIAN_POINT('',(-1.386821332100E2,2.125E1,-4.666963451184E1));
#1879=DIRECTION('',(0.E0,1.E0,0.E0));
#1880=DIRECTION('',(-3.960981620215E-9,0.E0,1.E0));
#1881=AXIS2_PLACEMENT_3D('',#1878,#1879,#1880);
#1883=DIRECTION('',(4.019436694230E-14,7.071067811861E-1,-7.071067811870E-1));
#1884=VECTOR('',#1883,7.071067811865E-1);
#1885=CARTESIAN_POINT('',(-1.386821332100E2,2.125E1,-4.881963451184E1));
#1886=LINE('',#1885,#1884);
#1887=CARTESIAN_POINT('',(-1.386821332100E2,2.125E1,-4.666963451184E1));
#1888=DIRECTION('',(0.E0,1.E0,0.E0));
#1889=DIRECTION('',(0.E0,0.E0,-1.E0));
#1890=AXIS2_PLACEMENT_3D('',#1887,#1888,#1889);
#1892=DIRECTION('',(-3.142074052614E-9,7.071067811861E-1,7.071067811870E-1));
#1893=VECTOR('',#1892,7.071067811865E-1);
#1894=CARTESIAN_POINT('',(-1.386821332243E2,2.125E1,-4.451963451184E1));
#1895=LINE('',#1894,#1893);
#1896=DIRECTION('',(0.E0,-1.E0,1.187024335035E-13));
#1897=VECTOR('',#1896,8.499999999999E0);
#1898=CARTESIAN_POINT('',(-1.386821332100E2,2.125E1,-4.881963451184E1));
#1899=LINE('',#1898,#1897);
#1900=DIRECTION('',(1.017851633044E-9,-1.E0,-1.178665008732E-13));
#1901=VECTOR('',#1900,8.499999999999E0);
#1902=CARTESIAN_POINT('',(-1.386821332243E2,2.125E1,-4.451963451184E1));
#1903=LINE('',#1902,#1901);
#1904=CARTESIAN_POINT('',(-1.951428571429E2,3.605710678119E1,
-7.391853326765E1));
#1905=DIRECTION('',(0.E0,1.E0,0.E0));
#1906=DIRECTION('',(9.603174603176E-1,0.E0,-2.789092601710E-1));
#1907=AXIS2_PLACEMENT_3D('',#1904,#1905,#1906);
#1909=CARTESIAN_POINT('',(-1.785947502408E2,3.605674954439E1,
-9.532579158764E1));
#1910=CARTESIAN_POINT('',(-1.787712863011E2,3.612030345110E1,
-9.554263441438E1));
#1911=CARTESIAN_POINT('',(-1.791075608467E2,3.622928125440E1,
-9.597225891350E1));
#1912=CARTESIAN_POINT('',(-1.795720993568E2,3.632763173233E1,
-9.659695376671E1));
#1913=CARTESIAN_POINT('',(-1.798570007796E2,3.634973254439E1,
-9.699294529623E1));
#1914=CARTESIAN_POINT('',(-1.799922236498E2,3.634973254439E1,
-9.718498316571E1));
#1916=CARTESIAN_POINT('',(-1.789270532325E2,3.250122978590E1,
-9.092898610573E1));
#1917=CARTESIAN_POINT('',(-1.788058880562E2,3.364939940065E1,
-9.239977248324E1));
#1918=CARTESIAN_POINT('',(-1.786956875122E2,3.483947857410E1,
-9.386500632647E1));
#1919=CARTESIAN_POINT('',(-1.785947502408E2,3.605674954439E1,
-9.532579158764E1));
#1921=DIRECTION('',(-6.790469882822E-1,-7.071067811869E-1,1.972186292024E-1));
#1922=VECTOR('',#1921,1.315182899633E1);
#1923=CARTESIAN_POINT('',(-1.691594450752E2,3.605710678119E1,
-8.146501090237E1));
#1924=LINE('',#1923,#1922);
#1925=CARTESIAN_POINT('',(-1.780901549456E2,2.675735931288E1,
-7.887122521621E1));
#1926=CARTESIAN_POINT('',(-1.783857685228E2,2.675735931371E1,
-7.988905761207E1));
#1927=CARTESIAN_POINT('',(-1.788167865852E2,2.709348961707E1,
-8.190278231180E1));
#1928=CARTESIAN_POINT('',(-1.791007603672E2,2.843735259336E1,
-8.499569552474E1));
#1929=CARTESIAN_POINT('',(-1.791180395838E2,3.029290319242E1,
-8.799449761819E1));
#1930=CARTESIAN_POINT('',(-1.790073242784E2,3.174044937459E1,
-8.995444505447E1));
#1931=CARTESIAN_POINT('',(-1.789270532325E2,3.250122978590E1,
-9.092898610573E1));
#1933=CARTESIAN_POINT('',(-1.82E2,3.635000012001E1,-1.042124287533E2));
#1934=CARTESIAN_POINT('',(-1.820000015716E2,3.635000012001E1,
-1.032756691339E2));
#1935=CARTESIAN_POINT('',(-1.818273248558E2,3.634996428325E1,
-1.015050551891E2));
#1936=CARTESIAN_POINT('',(-1.810921715141E2,3.635012482862E1,
-9.903606311714E1));
#1937=CARTESIAN_POINT('',(-1.803952979204E2,3.634973254439E1,
-9.775741240103E1));
#1938=CARTESIAN_POINT('',(-1.799922236498E2,3.634973254439E1,
-9.718498316571E1));
#1940=CARTESIAN_POINT('',(-1.740158730159E2,2.251471862576E1,
-8.005453699144E1));
#1941=DIRECTION('',(2.789092601713E-1,0.E0,9.603174603175E-1));
#1942=DIRECTION('',(-6.790469882824E-1,7.071067811865E-1,1.972186292028E-1));
#1943=AXIS2_PLACEMENT_3D('',#1940,#1941,#1942);
#1945=CARTESIAN_POINT('',(-1.82E2,2.825843240351E1,-9.400000663131E1));
#1946=CARTESIAN_POINT('',(-1.820000010880E2,2.866835743962E1,
-9.370329463842E1));
#1947=CARTESIAN_POINT('',(-1.818700247551E2,2.951759671288E1,
-9.308860055725E1));
#1948=CARTESIAN_POINT('',(-1.812399483022E2,3.074882006313E1,
-9.219741534428E1));
#1949=CARTESIAN_POINT('',(-1.802206150114E2,3.179498516584E1,
-9.144018025298E1));
#1950=CARTESIAN_POINT('',(-1.793687827554E2,3.230124823150E1,
-9.107373678058E1));
#1951=CARTESIAN_POINT('',(-1.789270532325E2,3.250122978590E1,
-9.092898610573E1));
#1953=CARTESIAN_POINT('',(-1.26E2,2.251471862576E1,-9.4E1));
#1954=DIRECTION('',(0.E0,-1.E0,0.E0));
#1955=DIRECTION('',(8.867501099630E-1,0.E0,4.622491130123E-1));
#1956=AXIS2_PLACEMENT_3D('',#1953,#1954,#1955);
#1958=CARTESIAN_POINT('',(-1.26E2,2.251471862576E1,-9.4E1));
#1959=DIRECTION('',(0.E0,-1.E0,0.E0));
#1960=DIRECTION('',(0.E0,0.E0,1.E0));
#1961=AXIS2_PLACEMENT_3D('',#1958,#1959,#1960);
#1963=CARTESIAN_POINT('',(-1.26E2,2.675735931288E1,-9.4E1));
#1964=DIRECTION('',(0.E0,1.E0,0.E0));
#1965=DIRECTION('',(-9.603174603175E-1,0.E0,2.789092601715E-1));
#1966=AXIS2_PLACEMENT_3D('',#1963,#1964,#1965);
#1968=CARTESIAN_POINT('',(-1.26E2,2.675735931288E1,-9.4E1));
#1969=DIRECTION('',(0.E0,1.E0,0.E0));
#1970=DIRECTION('',(0.E0,0.E0,1.E0));
#1971=AXIS2_PLACEMENT_3D('',#1968,#1969,#1970);
#1973=CARTESIAN_POINT('',(-7.275663040295E1,3.635001465071E1,
-8.637812293090E1));
#1974=CARTESIAN_POINT('',(-7.255071562311E1,3.635001465071E1,
-8.658641246070E1));
#1975=CARTESIAN_POINT('',(-7.214552736386E1,3.634999320053E1,
-8.704598691314E1));
#1976=CARTESIAN_POINT('',(-7.156410058590E1,3.635000182208E1,
-8.788582317846E1));
#1977=CARTESIAN_POINT('',(-7.104128246468E1,3.634999951117E1,
-8.886258360792E1));
#1978=CARTESIAN_POINT('',(-7.060048922887E1,3.635000013325E1,
-8.996310326117E1));
#1979=CARTESIAN_POINT('',(-7.026382722216E1,3.634999995583E1,
-9.116901910480E1));
#1980=CARTESIAN_POINT('',(-7.005276330482E1,3.635000004344E1,
-9.244370618763E1));
#1981=CARTESIAN_POINT('',(-7.000258963081E1,3.634999992808E1,
-9.330574368397E1));
#1982=CARTESIAN_POINT('',(-7.000059018723E1,3.634999992808E1,
-9.374263051153E1));
#1984=CARTESIAN_POINT('',(-8.166245910421E1,2.251471862576E1,
-7.088761225417E1));
#1985=DIRECTION('',(-4.622477549167E-1,0.E0,8.867508179159E-1));
#1986=DIRECTION('',(8.867508179159E-1,0.E0,4.622477549167E-1));
#1987=AXIS2_PLACEMENT_3D('',#1984,#1985,#1986);
#1989=CARTESIAN_POINT('',(-7.437177894547E1,3.605710735328E1,
-8.485964948394E1));
#1990=CARTESIAN_POINT('',(-7.437195165430E1,3.605358939294E1,
-8.485562049983E1));
#1991=CARTESIAN_POINT('',(-7.447077664863E1,3.454483940694E1,
-8.311453202680E1));
#1992=CARTESIAN_POINT('',(-7.466449642847E1,3.232859611887E1,
-8.047173680660E1));
#1993=CARTESIAN_POINT('',(-7.524191553533E1,2.978769936343E1,
-7.691289120227E1));
#1994=CARTESIAN_POINT('',(-7.584431786887E1,2.817393598625E1,
-7.421589548901E1));
#1995=CARTESIAN_POINT('',(-7.669258383741E1,2.703828881357E1,
-7.151068876138E1));
#1996=CARTESIAN_POINT('',(-7.745262893926E1,2.675735931351E1,
-6.978523730693E1));
#1997=CARTESIAN_POINT('',(-7.790029400478E1,2.675735931288E1,
-6.892646112163E1));
#1999=CARTESIAN_POINT('',(-7.275663040295E1,3.635001465071E1,
-8.637812293090E1));
#2000=CARTESIAN_POINT('',(-7.291402861639E1,3.635001465071E1,
-8.621890949371E1));
#2001=CARTESIAN_POINT('',(-7.324364361543E1,3.632730895488E1,
-8.589154763056E1));
#2002=CARTESIAN_POINT('',(-7.378088482668E1,3.622889405571E1,
-8.538180854230E1));
#2003=CARTESIAN_POINT('',(-7.416920455422E1,3.612097403648E1,
-8.503372837316E1));
#2004=CARTESIAN_POINT('',(-7.437177894547E1,3.605710735328E1,
-8.485964948394E1));
#2006=CARTESIAN_POINT('',(-6.215394111006E1,3.605710678119E1,
-6.071816164600E1));
#2007=DIRECTION('',(0.E0,1.E0,0.E0));
#2008=DIRECTION('',(-4.515574482022E-1,0.E0,-8.922420473017E-1));
#2009=AXIS2_PLACEMENT_3D('',#2006,#2007,#2008);
#2011=CARTESIAN_POINT('',(-1.82E2,2.825843240351E1,-9.400000663131E1));
#2012=CARTESIAN_POINT('',(-1.820000175738E2,2.749766276139E1,
-9.282277413603E1));
#2013=CARTESIAN_POINT('',(-1.819260965920E2,2.604868969706E1,
-9.042744456413E1));
#2014=CARTESIAN_POINT('',(-1.815616131690E2,2.419390165995E1,
-8.663849429848E1));
#2015=CARTESIAN_POINT('',(-1.808732909208E2,2.284929796116E1,
-8.256109462813E1));
#2016=CARTESIAN_POINT('',(-1.801879931551E2,2.251471862691E1,-7.979350133E1));
#2017=CARTESIAN_POINT('',(-1.797777777778E2,2.251471862576E1,
-7.838108143041E1));
#2019=CARTESIAN_POINT('',(-7.634196741184E1,2.251472439677E1,
-6.811410037355E1));
#2020=CARTESIAN_POINT('',(-7.572078703810E1,2.251472439778E1,
-6.930573883716E1));
#2021=CARTESIAN_POINT('',(-7.459889712574E1,2.279556222941E1,
-7.166392797386E1));
#2022=CARTESIAN_POINT('',(-7.320810265100E1,2.393135446308E1,
-7.519746799883E1));
#2023=CARTESIAN_POINT('',(-7.213058678266E1,2.554469525038E1,
-7.857308201020E1));
#2024=CARTESIAN_POINT('',(-7.103815019591E1,2.808768884175E1,
-8.288455318955E1));
#2025=CARTESIAN_POINT('',(-7.021683837648E1,3.172475760760E1,
-8.799462832374E1));
#2026=CARTESIAN_POINT('',(-7.000918482522E1,3.479972510832E1,
-9.185660227614E1));
#2027=CARTESIAN_POINT('',(-7.000059018723E1,3.634999992808E1,
-9.374263051153E1));
#2029=DIRECTION('',(4.385379344068E-11,5.693212576892E-2,9.983780511687E-1));
#2030=VECTOR('',#2029,1.115363243196E2);
#2031=CARTESIAN_POINT('',(-1.82E2,3.000000000006E1,-2.395E2));
#2032=LINE('',#2031,#2030);
#2033=CARTESIAN_POINT('',(-1.82E2,3.635000012001E1,-1.042124287533E2));
#2034=CARTESIAN_POINT('',(-1.819999999999E2,3.354631741263E1,
-1.008961267096E2));
#2035=CARTESIAN_POINT('',(-1.82E2,3.080150176670E1,-9.751340729600E1));
#2036=CARTESIAN_POINT('',(-1.82E2,2.825843240351E1,-9.400000663131E1));
#2038=DIRECTION('',(-5.901170536437E-13,-9.999999999999E-1,3.167987112283E-7));
#2039=VECTOR('',#2038,1.550843240351E1);
#2040=CARTESIAN_POINT('',(-1.82E2,2.825843240351E1,-9.400000663131E1));
#2041=LINE('',#2040,#2039);
#2042=CARTESIAN_POINT('',(-1.626494154464E2,5.399999998809E1,
-1.579681044005E2));
#2043=CARTESIAN_POINT('',(-1.627124935829E2,5.400003319244E1,
-1.578733641310E2));
#2044=CARTESIAN_POINT('',(-1.628496353256E2,5.398010774008E1,
-1.576681430796E2));
#2045=CARTESIAN_POINT('',(-1.630768799390E2,5.391029796911E1,
-1.573236854730E2));
#2046=CARTESIAN_POINT('',(-1.633266567881E2,5.380844192962E1,
-1.569446286793E2));
#2047=CARTESIAN_POINT('',(-1.636006195674E2,5.367724554739E1,
-1.565277323490E2));
#2048=CARTESIAN_POINT('',(-1.639036061322E2,5.351580396979E1,
-1.560659376443E2));
#2049=CARTESIAN_POINT('',(-1.642367280049E2,5.332369268435E1,
-1.555575924485E2));
#2050=CARTESIAN_POINT('',(-1.646042628725E2,5.309807048479E1,
-1.549961284514E2));
#2051=CARTESIAN_POINT('',(-1.650108827814E2,5.283517832368E1,
-1.543743532703E2));
#2052=CARTESIAN_POINT('',(-1.654602048075E2,5.253154909040E1,
-1.536866519342E2));
#2053=CARTESIAN_POINT('',(-1.659576093698E2,5.218216905125E1,
-1.529247190511E2));
#2054=CARTESIAN_POINT('',(-1.665055408858E2,5.178389525251E1,
-1.520845608186E2));
#2055=CARTESIAN_POINT('',(-1.671080670870E2,5.133246780948E1,
-1.511599979492E2));
#2056=CARTESIAN_POINT('',(-1.677700164916E2,5.082247349776E1,
-1.501436375945E2));
#2057=CARTESIAN_POINT('',(-1.684991129016E2,5.024560577404E1,
-1.490235436685E2));
#2058=CARTESIAN_POINT('',(-1.693038103129E2,4.959219995558E1,
-1.477867751989E2));
#2059=CARTESIAN_POINT('',(-1.701934825957E2,4.885046362271E1,
-1.464182341879E2));
#2060=CARTESIAN_POINT('',(-1.711610458999E2,4.802375306781E1,
-1.449285692701E2));
#2061=CARTESIAN_POINT('',(-1.722535359774E2,4.706639887792E1,
-1.432454550521E2));
#2062=CARTESIAN_POINT('',(-1.733378681436E2,4.608999269298E1,
-1.415740495521E2));
#2063=CARTESIAN_POINT('',(-1.742607418679E2,4.523765187339E1,
-1.401508072454E2));
#2064=CARTESIAN_POINT('',(-1.750783928389E2,4.446609686428E1,
-1.388886139754E2));
#2065=CARTESIAN_POINT('',(-1.758018257114E2,4.376999621767E1,
-1.377711649332E2));
#2066=CARTESIAN_POINT('',(-1.764487813445E2,4.313611230624E1,
-1.367712995486E2));
#2067=CARTESIAN_POINT('',(-1.770308365381E2,4.255565635891E1,
-1.358713336261E2));
#2068=CARTESIAN_POINT('',(-1.775556402482E2,4.202296136496E1,
-1.350596400738E2));
#2069=CARTESIAN_POINT('',(-1.780301900615E2,4.153235583531E1,
-1.343253179854E2));
#2070=CARTESIAN_POINT('',(-1.784590155791E2,4.108080588410E1,
-1.336612940746E2));
#2071=CARTESIAN_POINT('',(-1.788462117808E2,4.066558521905E1,
-1.330613595130E2));
#2072=CARTESIAN_POINT('',(-1.791956275162E2,4.028394337577E1,
-1.325196221604E2));
#2073=CARTESIAN_POINT('',(-1.795107228157E2,3.993333346293E1,
-1.320307952868E2));
#2074=CARTESIAN_POINT('',(-1.797946564626E2,3.961133724136E1,
-1.315900457518E2));
#2075=CARTESIAN_POINT('',(-1.800502882041E2,3.931569253856E1,
-1.311929940332E2));
#2076=CARTESIAN_POINT('',(-1.802802569705E2,3.904421835376E1,
-1.308356024809E2));
#2077=CARTESIAN_POINT('',(-1.804864914275E2,3.879543056363E1,
-1.305149005550E2));
#2078=CARTESIAN_POINT('',(-1.806725028285E2,3.856585573646E1,
-1.302254339996E2));
#2079=CARTESIAN_POINT('',(-1.808398735907E2,3.835423965786E1,
-1.299647764213E2));
#2080=CARTESIAN_POINT('',(-1.809904025881E2,3.815899275796E1,
-1.297301546675E2));
#2081=CARTESIAN_POINT('',(-1.811257609295E2,3.797858351841E1,
-1.295189933015E2));
#2082=CARTESIAN_POINT('',(-1.812473605062E2,3.781172800576E1,
-1.293291173821E2));
#2083=CARTESIAN_POINT('',(-1.813565128284E2,3.765718850689E1,
-1.291585057807E2));
#2084=CARTESIAN_POINT('',(-1.814543746068E2,3.751384982320E1,
-1.290053760626E2));
#2085=CARTESIAN_POINT('',(-1.815419816384E2,3.738067851013E1,
-1.288681320267E2));
#2086=CARTESIAN_POINT('',(-1.816202461472E2,3.725672648548E1,
-1.287453679360E2));
#2087=CARTESIAN_POINT('',(-1.816899793799E2,3.714110512596E1,
-1.286358344341E2));
#2088=CARTESIAN_POINT('',(-1.817518651237E2,3.703298011306E1,
-1.285384839634E2));
#2089=CARTESIAN_POINT('',(-1.818063812076E2,3.693173219363E1,
-1.284525776560E2));
#2090=CARTESIAN_POINT('',(-1.818541246018E2,3.683638385991E1,
-1.283771904602E2));
#2091=CARTESIAN_POINT('',(-1.818955484821E2,3.674594025261E1,
-1.283116209283E2));
#2092=CARTESIAN_POINT('',(-1.819308430243E2,3.665957494851E1,
-1.282555824879E2));
#2093=CARTESIAN_POINT('',(-1.819597808210E2,3.657689902178E1,
-1.282094541668E2));
#2094=CARTESIAN_POINT('',(-1.819818925020E2,3.649789315157E1,
-1.281740160917E2));
#2095=CARTESIAN_POINT('',(-1.819965904125E2,3.642062335806E1,
-1.281502580686E2));
#2096=CARTESIAN_POINT('',(-1.820000357703E2,3.637280686046E1,
-1.281445634708E2));
#2097=CARTESIAN_POINT('',(-1.819999999951E2,3.635000004403E1,
-1.281445818913E2));
#2099=DIRECTION('',(5.760939923780E-2,-1.500487857540E-14,9.983391994305E-1));
#2100=VECTOR('',#2099,6.961054808400E1);
#2101=CARTESIAN_POINT('',(-9.400000000001E1,5.4E1,-2.395E2));
#2102=LINE('',#2101,#2100);
#2103=DIRECTION('',(-3.697075426423E-1,2.510316096965E-5,9.291481756336E-1));
#2104=VECTOR('',#2103,1.047922045804E1);
#2105=CARTESIAN_POINT('',(-8.998977814428E1,5.4E1,-1.700050611539E2));
#2106=LINE('',#2105,#2104);
#2107=CARTESIAN_POINT('',(-1.26E2,5.400078918300E1,-9.4E1));
#2108=DIRECTION('',(0.E0,1.E0,-3.852756955144E-14));
#2109=DIRECTION('',(4.363385951714E-1,-3.463508179881E-14,-8.997825461543E-1));
#2110=AXIS2_PLACEMENT_3D('',#2107,#2108,#2109);
#2112=DIRECTION('',(-8.890234808821E-1,-8.009829630055E-5,4.578615992029E-1));
#2113=VECTOR('',#2112,3.284205942922E0);
#2114=CARTESIAN_POINT('',(-1.597296792471E2,5.400026304739E1,
-1.594718161856E2));
#2115=LINE('',#2114,#2113);
#2116=DIRECTION('',(5.693321204619E-2,1.716811468993E-10,-9.983779892236E-1));
#2117=VECTOR('',#2116,8.166435606513E1);
#2118=CARTESIAN_POINT('',(-1.626494154464E2,5.399999998809E1,
-1.579681044005E2));
#2119=LINE('',#2118,#2117);
#2120=DIRECTION('',(1.E0,-3.291622460878E-11,3.002042995455E-13));
#2121=VECTOR('',#2120,6.400000134589E1);
#2122=CARTESIAN_POINT('',(-1.580000013459E2,5.400000000211E1,-2.395E2));
#2123=LINE('',#2122,#2121);
#2124=CARTESIAN_POINT('',(-7.364707351901E1,3.942764528343E1,
-1.673983014086E2));
#2125=CARTESIAN_POINT('',(-7.366603992910E1,3.944290234224E1,
-1.675210399730E2));
#2126=CARTESIAN_POINT('',(-7.371652601055E1,3.948743923781E1,
-1.677745237228E2));
#2127=CARTESIAN_POINT('',(-7.383684243553E1,3.960449337272E1,
-1.681718560855E2));
#2128=CARTESIAN_POINT('',(-7.400924678725E1,3.977981806314E1,
-1.685819705958E2));
#2129=CARTESIAN_POINT('',(-7.424048959806E1,4.002046231080E1,
-1.689960924691E2));
#2130=CARTESIAN_POINT('',(-7.453689424910E1,4.033246737345E1,
-1.694047976320E2));
#2131=CARTESIAN_POINT('',(-7.490623845908E1,4.072291016183E1,
-1.697984174420E2));
#2132=CARTESIAN_POINT('',(-7.535278997581E1,4.119472174232E1,
-1.701612320371E2));
#2133=CARTESIAN_POINT('',(-7.587566802631E1,4.174528891802E1,
-1.704737782461E2));
#2134=CARTESIAN_POINT('',(-7.646447432190E1,4.236204533503E1,
-1.707141021700E2));
#2135=CARTESIAN_POINT('',(-7.709406253436E1,4.301704146E1,-1.708616918734E2));
#2136=CARTESIAN_POINT('',(-7.751337692057E1,4.345084787956E1,
-1.708933634942E2));
#2137=CARTESIAN_POINT('',(-7.772373811216E1,4.366755923382E1,
-1.708933634942E2));
#2139=CARTESIAN_POINT('',(-8.138811496655E1,4.740085058313E1,
-1.686628085496E2));
#2140=CARTESIAN_POINT('',(-8.168309494544E1,4.767763987159E1,
-1.687103271546E2));
#2141=CARTESIAN_POINT('',(-8.225013830536E1,4.820437375909E1,
-1.688047614365E2));
#2142=CARTESIAN_POINT('',(-8.302434554062E1,4.890878115759E1,
-1.689274709646E2));
#2143=CARTESIAN_POINT('',(-8.373006365472E1,4.953792166367E1,
-1.690402347515E2));
#2144=CARTESIAN_POINT('',(-8.437211956323E1,5.009838590392E1,
-1.691421493310E2));
#2145=CARTESIAN_POINT('',(-8.495659472852E1,5.059814378069E1,
-1.692347787779E2));
#2146=CARTESIAN_POINT('',(-8.548901055732E1,5.104394479081E1,
-1.693188924835E2));
#2147=CARTESIAN_POINT('',(-8.597433523299E1,5.144168567067E1,
-1.693953397687E2));
#2148=CARTESIAN_POINT('',(-8.641705740977E1,5.179647692463E1,
-1.694648332037E2));
#2149=CARTESIAN_POINT('',(-8.682123736947E1,5.211276418340E1,
-1.695280106341E2));
#2150=CARTESIAN_POINT('',(-8.719051011196E1,5.239434141951E1,
-1.695854506451E2));
#2151=CARTESIAN_POINT('',(-8.752825181931E1,5.264474089308E1,
-1.696377757201E2));
#2152=CARTESIAN_POINT('',(-8.783760454809E1,5.286717347731E1,
-1.696854924185E2));
#2153=CARTESIAN_POINT('',(-8.812134576102E1,5.306441373109E1,
-1.697290617938E2));
#2154=CARTESIAN_POINT('',(-8.838196072853E1,5.323887293371E1,
-1.697688882892E2));
#2155=CARTESIAN_POINT('',(-8.862167733100E1,5.339262702822E1,
-1.698053325693E2));
#2156=CARTESIAN_POINT('',(-8.884250323131E1,5.352743712829E1,
-1.698387120679E2));
#2157=CARTESIAN_POINT('',(-8.904625662867E1,5.364476368403E1,
-1.698693185791E2));
#2158=CARTESIAN_POINT('',(-8.923460620930E1,5.374571781851E1,
-1.698973679310E2));
#2159=CARTESIAN_POINT('',(-8.940915091551E1,5.383098095964E1,
-1.699230902849E2));
#2160=CARTESIAN_POINT('',(-8.957134880630E1,5.390079141567E1,
-1.699466989825E2));
#2161=CARTESIAN_POINT('',(-8.972251613155E1,5.395457944392E1,
-1.699683366298E2));
#2162=CARTESIAN_POINT('',(-8.986252205470E1,5.399052878669E1,
-1.699880135772E2));
#2163=CARTESIAN_POINT('',(-8.994968546341E1,5.400006284875E1,
-1.699997373829E2));
#2164=CARTESIAN_POINT('',(-8.998977814428E1,5.4E1,-1.700050611539E2));
#2166=CARTESIAN_POINT('',(-8.138811496655E1,4.740085058313E1,
-1.686628085496E2));
#2167=CARTESIAN_POINT('',(-8.145689158547E1,4.741419280068E1,
-1.685297723756E2));
#2168=CARTESIAN_POINT('',(-8.157947729281E1,4.742413643230E1,
-1.682561154068E2));
#2169=CARTESIAN_POINT('',(-8.171685111711E1,4.739575397049E1,
-1.678344693208E2));
#2170=CARTESIAN_POINT('',(-8.180997380084E1,4.732000687718E1,
-1.673907869075E2));
#2171=CARTESIAN_POINT('',(-8.185455421163E1,4.719463811143E1,
-1.669286449077E2));
#2172=CARTESIAN_POINT('',(-8.184581611097E1,4.701367848120E1,
-1.664450026808E2));
#2173=CARTESIAN_POINT('',(-8.177655875740E1,4.677162682612E1,
-1.659444395496E2));
#2174=CARTESIAN_POINT('',(-8.163837599573E1,4.646112486732E1,
-1.654305505788E2));
#2175=CARTESIAN_POINT('',(-8.142302480551E1,4.607694932827E1,
-1.649137042484E2));
#2176=CARTESIAN_POINT('',(-8.112383240972E1,4.561585613595E1,
-1.644070918595E2));
#2177=CARTESIAN_POINT('',(-8.073489064837E1,4.507530122423E1,
-1.639255515683E2));
#2178=CARTESIAN_POINT('',(-8.025614444152E1,4.446017734595E1,
-1.634900760364E2));
#2179=CARTESIAN_POINT('',(-7.969380953142E1,4.378233787689E1,
-1.631230569748E2));
#2180=CARTESIAN_POINT('',(-7.906481140491E1,4.306464177940E1,
-1.628471420175E2));
#2181=CARTESIAN_POINT('',(-7.839597586879E1,4.233856555975E1,
-1.626795454323E2));
#2182=CARTESIAN_POINT('',(-7.794808489765E1,4.187506722307E1,
-1.626433662299E2));
#2183=CARTESIAN_POINT('',(-7.772372472791E1,4.164823597648E1,
-1.626433643250E2));
#2185=CARTESIAN_POINT('',(-7.364707351901E1,3.942764528343E1,
-1.673983014086E2));
#2186=CARTESIAN_POINT('',(-7.348364333885E1,3.923984829423E1,
-1.673710038262E2));
#2187=CARTESIAN_POINT('',(-7.317414700064E1,3.888032496258E1,
-1.673192121274E2));
#2188=CARTESIAN_POINT('',(-7.275976731663E1,3.838889937175E1,
-1.672495302137E2));
#2189=CARTESIAN_POINT('',(-7.238950445860E1,3.794023192699E1,
-1.671870157048E2));
#2190=CARTESIAN_POINT('',(-7.205885653186E1,3.753041893692E1,
-1.671309549299E2));
#2191=CARTESIAN_POINT('',(-7.176378674438E1,3.715572816289E1,
-1.670807349803E2));
#2192=CARTESIAN_POINT('',(-7.150090628884E1,3.681298601220E1,
-1.670357751750E2));
#2193=CARTESIAN_POINT('',(-7.126694418273E1,3.649912503611E1,
-1.669955434676E2));
#2194=CARTESIAN_POINT('',(-7.105900804707E1,3.621135169080E1,
-1.669595733472E2));
#2195=CARTESIAN_POINT('',(-7.087456090588E1,3.594716265342E1,
-1.669274554473E2));
#2196=CARTESIAN_POINT('',(-7.071138026644E1,3.570428680168E1,
-1.668988319035E2));
#2197=CARTESIAN_POINT('',(-7.056761734970E1,3.548079498523E1,
-1.668734070489E2));
#2198=CARTESIAN_POINT('',(-7.044151963370E1,3.527465125800E1,
-1.668508989817E2));
#2199=CARTESIAN_POINT('',(-7.033199813208E1,3.508461175201E1,
-1.668311403605E2));
#2200=CARTESIAN_POINT('',(-7.023823236576E1,3.490963997167E1,
-1.668140222866E2));
#2201=CARTESIAN_POINT('',(-7.015866936777E1,3.474653275256E1,
-1.667992786522E2));
#2202=CARTESIAN_POINT('',(-7.009356487697E1,3.459494200046E1,
-1.667869813001E2));
#2203=CARTESIAN_POINT('',(-7.004281253837E1,3.445165691446E1,
-1.667771398476E2));
#2204=CARTESIAN_POINT('',(-7.000911311753E1,3.431962843061E1,
-1.667703491326E2));
#2205=CARTESIAN_POINT('',(-6.999993767485E1,3.423569879596E1,
-1.667683458825E2));
#2206=CARTESIAN_POINT('',(-7.E1,3.419699669750E1,-1.667683558855E2));
#2208=CARTESIAN_POINT('',(-8.138811496655E1,4.740085058313E1,
-1.686628085496E2));
#2209=CARTESIAN_POINT('',(-8.131623812709E1,4.732582168743E1,
-1.688018415506E2));
#2210=CARTESIAN_POINT('',(-8.115226230608E1,4.715672026544E1,
-1.690796193619E2));
#2211=CARTESIAN_POINT('',(-8.084231324959E1,4.684004473499E1,
-1.694849705162E2));
#2212=CARTESIAN_POINT('',(-8.046894201191E1,4.646149115226E1,
-1.698630887700E2));
#2213=CARTESIAN_POINT('',(-8.002842182902E1,4.601603073692E1,
-1.702052298821E2));
#2214=CARTESIAN_POINT('',(-7.952320277047E1,4.550493730249E1,
-1.704959087061E2));
#2215=CARTESIAN_POINT('',(-7.896191774895E1,4.493540004386E1,
-1.707189710612E2));
#2216=CARTESIAN_POINT('',(-7.835809727010E1,4.431917767374E1,
-1.708602236723E2));
#2217=CARTESIAN_POINT('',(-7.793764987394E1,4.388792833917E1,
-1.708933634942E2));
#2218=CARTESIAN_POINT('',(-7.772373811216E1,4.366755923382E1,
-1.708933634942E2));
#2220=DIRECTION('',(4.228546347600E-6,-9.999999999910E-1,3.471530558882E-7));
#2221=VECTOR('',#2220,2.191755923402E1);
#2222=CARTESIAN_POINT('',(-7.772373811216E1,4.366755923382E1,
-1.708933634942E2));
#2223=LINE('',#2222,#2221);
#2224=CARTESIAN_POINT('',(-7.364707351901E1,3.942764528343E1,
-1.673983014086E2));
#2225=CARTESIAN_POINT('',(-7.362041314645E1,3.932286863443E1,
-1.672257724038E2));
#2226=CARTESIAN_POINT('',(-7.359045733956E1,3.913943128194E1,
-1.668861118992E2));
#2227=CARTESIAN_POINT('',(-7.360565400721E1,3.894126983463E1,
-1.664079664834E2));
#2228=CARTESIAN_POINT('',(-7.367108193031E1,3.880902691070E1,
-1.659568641362E2));
#2229=CARTESIAN_POINT('',(-7.378002474075E1,3.873673001580E1,
-1.655333266668E2));
#2230=CARTESIAN_POINT('',(-7.392890076477E1,3.871890691825E1,
-1.651325770914E2));
#2231=CARTESIAN_POINT('',(-7.411739272003E1,3.875358112413E1,
-1.647504917423E2));
#2232=CARTESIAN_POINT('',(-7.434915249125E1,3.884245728515E1,
-1.643821660371E2));
#2233=CARTESIAN_POINT('',(-7.463128821063E1,3.899172033649E1,
-1.640250160643E2));
#2234=CARTESIAN_POINT('',(-7.497223709557E1,3.921073231325E1,
-1.636814688696E2));
#2235=CARTESIAN_POINT('',(-7.538022251138E1,3.951030182868E1,
-1.633594485718E2));
#2236=CARTESIAN_POINT('',(-7.586173420760E1,3.990067489623E1,
-1.630721058771E2));
#2237=CARTESIAN_POINT('',(-7.642102623956E1,4.039083225636E1,
-1.628377833877E2));
#2238=CARTESIAN_POINT('',(-7.704519541815E1,4.097360136133E1,
-1.626818536580E2));
#2239=CARTESIAN_POINT('',(-7.749298451716E1,4.141495441986E1,
-1.626433623659E2));
#2240=CARTESIAN_POINT('',(-7.772372472791E1,4.164823597648E1,
-1.626433643250E2));
#2242=DIRECTION('',(2.811640204120E-6,-9.999999999960E-1,4.241282390826E-7));
#2243=VECTOR('',#2242,1.989823597656E1);
#2244=CARTESIAN_POINT('',(-7.772372472791E1,4.164823597648E1,
-1.626433643250E2));
#2245=LINE('',#2244,#2243);
#2246=CARTESIAN_POINT('',(-7.772364543274E1,2.175E1,-1.667683558855E2));
#2247=DIRECTION('',(0.E0,-1.E0,0.E0));
#2248=DIRECTION('',(0.E0,0.E0,-1.E0));
#2249=AXIS2_PLACEMENT_3D('',#2246,#2247,#2248);
#2251=CARTESIAN_POINT('',(-7.772364543274E1,2.175E1,-1.667683558855E2));
#2252=DIRECTION('',(0.E0,-1.E0,0.E0));
#2253=DIRECTION('',(0.E0,0.E0,1.E0));
#2254=AXIS2_PLACEMENT_3D('',#2251,#2252,#2253);
#2256=CARTESIAN_POINT('',(-7.772364543274E1,2.175E1,-1.667683558855E2));
#2257=DIRECTION('',(0.E0,1.E0,0.E0));
#2258=DIRECTION('',(1.072517336996E-14,0.E0,1.E0));
#2259=AXIS2_PLACEMENT_3D('',#2256,#2257,#2258);
#2261=CARTESIAN_POINT('',(-7.772364543274E1,2.175E1,-1.667683558855E2));
#2262=DIRECTION('',(0.E0,1.E0,0.E0));
#2263=DIRECTION('',(-1.072517336996E-14,0.E0,-1.E0));
#2264=AXIS2_PLACEMENT_3D('',#2261,#2262,#2263);
#2266=CARTESIAN_POINT('',(-7.772364543274E1,2.125E1,-1.667683558855E2));
#2267=DIRECTION('',(0.E0,1.E0,0.E0));
#2268=DIRECTION('',(-3.960988229915E-9,0.E0,1.E0));
#2269=AXIS2_PLACEMENT_3D('',#2266,#2267,#2268);
#2271=DIRECTION('',(0.E0,7.071067811861E-1,-7.071067811870E-1));
#2272=VECTOR('',#2271,7.071067811866E-1);
#2273=CARTESIAN_POINT('',(-7.772364543274E1,2.125E1,-1.689183558855E2));
#2274=LINE('',#2273,#2272);
#2275=CARTESIAN_POINT('',(-7.772364543274E1,2.125E1,-1.667683558855E2));
#2276=DIRECTION('',(0.E0,1.E0,0.E0));
#2277=DIRECTION('',(0.E0,0.E0,-1.E0));
#2278=AXIS2_PLACEMENT_3D('',#2275,#2276,#2277);
#2280=DIRECTION('',(-3.137994324369E-9,7.071067811861E-1,7.071067811870E-1));
#2281=VECTOR('',#2280,7.071067811866E-1);
#2282=CARTESIAN_POINT('',(-7.772364544706E1,2.125E1,-1.646183558855E2));
#2283=LINE('',#2282,#2281);
#2284=DIRECTION('',(0.E0,-1.E0,1.203742987641E-13));
#2285=VECTOR('',#2284,8.499999999999E0);
#2286=CARTESIAN_POINT('',(-7.772364543274E1,2.125E1,-1.689183558855E2));
#2287=LINE('',#2286,#2285);
#2288=DIRECTION('',(1.017328339217E-9,-1.E0,-1.170305682429E-13));
#2289=VECTOR('',#2288,8.499999999999E0);
#2290=CARTESIAN_POINT('',(-7.772364544706E1,2.125E1,-1.646183558855E2));
#2291=LINE('',#2290,#2289);
#2292=DIRECTION('',(4.218266378874E-1,-5.760603000606E-2,-9.048446457130E-1));
#2293=VECTOR('',#2292,3.737476509621E1);
#2294=CARTESIAN_POINT('',(-8.576567150237E1,3.635000853710E1,
-1.329499998034E2));
#2295=LINE('',#2294,#2293);
#2296=DIRECTION('',(9.336527566081E-5,9.999999845906E-1,1.486664565561E-4));
#2297=VECTOR('',#2296,2.360000890076E1);
#2298=CARTESIAN_POINT('',(-8.576787492371E1,1.275E1,-1.329535083331E2));
#2299=LINE('',#2298,#2297);
#2300=CARTESIAN_POINT('',(-9.386402498863E1,5.400026306156E1,
-1.602683125833E2));
#2301=CARTESIAN_POINT('',(-9.383842194498E1,5.400028867812E1,
-1.602064016315E2));
#2302=CARTESIAN_POINT('',(-9.378595998247E1,5.398689019580E1,
-1.600706744968E2));
#2303=CARTESIAN_POINT('',(-9.369313310733E1,5.393616155287E1,
-1.598444240622E2));
#2304=CARTESIAN_POINT('',(-9.359907741600E1,5.386427881109E1,
-1.596038401799E2));
#2305=CARTESIAN_POINT('',(-9.349694828764E1,5.377184746142E1,
-1.593416191806E2));
#2306=CARTESIAN_POINT('',(-9.338680541184E1,5.365952540533E1,
-1.590568186424E2));
#2307=CARTESIAN_POINT('',(-9.326708872500E1,5.352657365232E1,
-1.587461961818E2));
#2308=CARTESIAN_POINT('',(-9.313734113009E1,5.337228986666E1,
-1.584078899494E2));
#2309=CARTESIAN_POINT('',(-9.299589349185E1,5.319416564150E1,
-1.580367867011E2));
#2310=CARTESIAN_POINT('',(-9.284204028641E1,5.299048510068E1,
-1.576300779880E2));
#2311=CARTESIAN_POINT('',(-9.267435891443E1,5.275836228832E1,
-1.571829004691E2));
#2312=CARTESIAN_POINT('',(-9.249207572414E1,5.249548594028E1,
-1.566917312688E2));
#2313=CARTESIAN_POINT('',(-9.229433482868E1,5.219930234842E1,
-1.561527462765E2));
#2314=CARTESIAN_POINT('',(-9.207974990628E1,5.186643100027E1,
-1.555608686243E2));
#2315=CARTESIAN_POINT('',(-9.184652185456E1,5.149276918078E1,
-1.549099365134E2));
#2316=CARTESIAN_POINT('',(-9.159268154722E1,5.107326764408E1,
-1.541925383134E2));
#2317=CARTESIAN_POINT('',(-9.131652891940E1,5.060264489497E1,
-1.534011862524E2));
#2318=CARTESIAN_POINT('',(-9.101671775547E1,5.007558375246E1,
-1.525286762008E2));
#2319=CARTESIAN_POINT('',(-9.069186635363E1,4.948559552440E1,
-1.515657775516E2));
#2320=CARTESIAN_POINT('',(-9.034136985379E1,4.882618339908E1,
-1.505027627360E2));
#2321=CARTESIAN_POINT('',(-8.996619583334E1,4.809513247797E1,
-1.493366317144E2));
#2322=CARTESIAN_POINT('',(-8.956205978952E1,4.727805941881E1,
-1.480457885314E2));
#2323=CARTESIAN_POINT('',(-8.913547029761E1,4.638013342407E1,
-1.466406025143E2));
#2324=CARTESIAN_POINT('',(-8.871317140510E1,4.545043699747E1,
-1.452011793462E2));
#2325=CARTESIAN_POINT('',(-8.834423242202E1,4.460024935359E1,
-1.438976572867E2));
#2326=CARTESIAN_POINT('',(-8.803105127813E1,4.384920968E1,-1.427548526492E2));
#2327=CARTESIAN_POINT('',(-8.776053207007E1,4.317605015682E1,
-1.417378436227E2));
#2328=CARTESIAN_POINT('',(-8.752437510822E1,4.256726485332E1,
-1.408248287238E2));
#2329=CARTESIAN_POINT('',(-8.731738754549E1,4.201500578531E1,
-1.400032640280E2));
#2330=CARTESIAN_POINT('',(-8.713482454007E1,4.151095834985E1,
-1.392604396483E2));
#2331=CARTESIAN_POINT('',(-8.697329043705E1,4.105024940183E1,
-1.385885233410E2));
#2332=CARTESIAN_POINT('',(-8.683012599655E1,4.062884869932E1,
-1.379806028859E2));
#2333=CARTESIAN_POINT('',(-8.670298696089E1,4.024291335537E1,
-1.374302718154E2));
#2334=CARTESIAN_POINT('',(-8.658994266792E1,3.988918482784E1,
-1.369320759851E2));
#2335=CARTESIAN_POINT('',(-8.648932920338E1,3.956468196499E1,
-1.364810878900E2));
#2336=CARTESIAN_POINT('',(-8.639997894908E1,3.926759544309E1,
-1.360740919531E2));
#2337=CARTESIAN_POINT('',(-8.632041554172E1,3.899470844035E1,
-1.357060308112E2));
#2338=CARTESIAN_POINT('',(-8.624951397964E1,3.874353277254E1,
-1.353730071193E2));
#2339=CARTESIAN_POINT('',(-8.618634827367E1,3.851222422221E1,
-1.350720174621E2));
#2340=CARTESIAN_POINT('',(-8.613006209996E1,3.829902349847E1,
-1.348002462963E2));
#2341=CARTESIAN_POINT('',(-8.607990194186E1,3.810232795848E1,
-1.345551308936E2));
#2342=CARTESIAN_POINT('',(-8.603520621476E1,3.792065749891E1,
-1.343343024515E2));
#2343=CARTESIAN_POINT('',(-8.599538802924E1,3.775264106107E1,
-1.341355940184E2));
#2344=CARTESIAN_POINT('',(-8.595993230963E1,3.759701896235E1,
-1.339570421737E2));
#2345=CARTESIAN_POINT('',(-8.592838937805E1,3.745263770516E1,
-1.337968846926E2));
#2346=CARTESIAN_POINT('',(-8.590037000953E1,3.731844444319E1,
-1.336535556712E2));
#2347=CARTESIAN_POINT('',(-8.587553342974E1,3.719344157827E1,
-1.335256422638E2));
#2348=CARTESIAN_POINT('',(-8.585360261562E1,3.707675759936E1,
-1.334119696839E2));
#2349=CARTESIAN_POINT('',(-8.583438681494E1,3.696766340780E1,
-1.333116300632E2));
#2350=CARTESIAN_POINT('',(-8.581767929513E1,3.686518275910E1,
-1.332236138079E2));
#2351=CARTESIAN_POINT('',(-8.580334098876E1,3.676831338501E1,
-1.331471360977E2));
#2352=CARTESIAN_POINT('',(-8.579125620964E1,3.667617477070E1,
-1.330817584654E2));
#2353=CARTESIAN_POINT('',(-8.578169814412E1,3.658844801118E1,
-1.330280635889E2));
#2354=CARTESIAN_POINT('',(-8.577397036416E1,3.650486912258E1,
-1.329863394377E2));
#2355=CARTESIAN_POINT('',(-8.577118644729E1,3.642410752017E1,
-1.329598673812E2));
#2356=CARTESIAN_POINT('',(-8.576562828978E1,3.637384323967E1,
-1.329500010663E2));
#2357=CARTESIAN_POINT('',(-8.576567150237E1,3.635000853710E1,
-1.329499998034E2));
#2359=CARTESIAN_POINT('',(-1.597296792471E2,5.400026304739E1,
-1.594718161856E2));
#2360=CARTESIAN_POINT('',(-1.596548251489E2,5.400019310339E1,
-1.593265191826E2));
#2361=CARTESIAN_POINT('',(-1.594076580539E2,5.381990878574E1,
-1.588468225209E2));
#2362=CARTESIAN_POINT('',(-1.585656647879E2,5.257526450916E1,
-1.572124154063E2));
#2363=CARTESIAN_POINT('',(-1.571308059233E2,4.995074673355E1,
-1.544273057691E2));
#2364=CARTESIAN_POINT('',(-1.552681968821E2,4.609228427168E1,
-1.508116877232E2));
#2365=CARTESIAN_POINT('',(-1.535008757187E2,4.202511618045E1,
-1.473818017247E2));
#2366=CARTESIAN_POINT('',(-1.522997930349E2,3.889207243557E1,
-1.450481529112E2));
#2367=CARTESIAN_POINT('',(-1.517263975559E2,3.705346929765E1,
-1.439436010017E2));
#2368=CARTESIAN_POINT('',(-1.516520933468E2,3.651342635508E1,
-1.437783512245E2));
#2369=CARTESIAN_POINT('',(-1.516520933173E2,3.635000041128E1,
-1.437783511670E2));
#2371=CARTESIAN_POINT('',(-1.751799469E2,4.311637137121E1,-1.626472812942E2));
#2372=CARTESIAN_POINT('',(-1.753840762806E2,4.290189460507E1,
-1.626562001904E2));
#2373=CARTESIAN_POINT('',(-1.757976662222E2,4.246233543233E1,
-1.627040718453E2));
#2374=CARTESIAN_POINT('',(-1.764391059044E2,4.176458169523E1,
-1.628828943523E2));
#2375=CARTESIAN_POINT('',(-1.770514964931E2,4.108015206300E1,
-1.631687457370E2));
#2376=CARTESIAN_POINT('',(-1.775981921518E2,4.045132859946E1,
-1.635426207262E2));
#2377=CARTESIAN_POINT('',(-1.780563512681E2,3.990832145459E1,
-1.639760008098E2));
#2378=CARTESIAN_POINT('',(-1.784164052911E2,3.946851682337E1,
-1.644343509313E2));
#2379=CARTESIAN_POINT('',(-1.786888603488E2,3.912507168134E1,
-1.648981449503E2));
#2380=CARTESIAN_POINT('',(-1.788875156911E2,3.886534659223E1,
-1.653605920725E2));
#2381=CARTESIAN_POINT('',(-1.790216543109E2,3.868101029100E1,
-1.658133795327E2));
#2382=CARTESIAN_POINT('',(-1.791008033372E2,3.856222330450E1,
-1.662549499923E2));
#2383=CARTESIAN_POINT('',(-1.791316416267E2,3.850160912913E1,
-1.666882098420E2));
#2384=CARTESIAN_POINT('',(-1.791178403522E2,3.849493895583E1,
-1.671154452051E2));
#2385=CARTESIAN_POINT('',(-1.790589601866E2,3.854215221048E1,
-1.675458268003E2));
#2386=CARTESIAN_POINT('',(-1.789523803633E2,3.864599382699E1,
-1.679780601197E2));
#2387=CARTESIAN_POINT('',(-1.787908354363E2,3.881387562858E1,
-1.684183749017E2));
#2388=CARTESIAN_POINT('',(-1.785666380916E2,3.905369191618E1,
-1.688617586988E2));
#2389=CARTESIAN_POINT('',(-1.782698847456E2,3.937518752138E1,
-1.693029876633E2));
#2390=CARTESIAN_POINT('',(-1.778896630607E2,3.978861379815E1,
-1.697322625692E2));
#2391=CARTESIAN_POINT('',(-1.774133487542E2,4.030533589715E1,
-1.701342195855E2));
#2392=CARTESIAN_POINT('',(-1.768530807011E2,4.090906486845E1,
-1.704733983383E2));
#2393=CARTESIAN_POINT('',(-1.762391078365E2,4.156522404487E1,
-1.707212734997E2));
#2394=CARTESIAN_POINT('',(-1.756048013873E2,4.223707988466E1,
-1.708649963230E2));
#2395=CARTESIAN_POINT('',(-1.751993260913E2,4.266409828383E1,
-1.708933482470E2));
#2396=CARTESIAN_POINT('',(-1.749998472713E2,4.287314915162E1,
-1.708933482470E2));
#2398=DIRECTION('',(-7.230393356909E-6,-9.999999999738E-1,-3.616174167511E-7));
#2399=VECTOR('',#2398,2.112314915217E1);
#2400=CARTESIAN_POINT('',(-1.749998472713E2,4.287314915162E1,
-1.708933482470E2));
#2401=LINE('',#2400,#2399);
#2402=CARTESIAN_POINT('',(-1.749995867933E2,4.330538011814E1,
-1.626434458566E2));
#2403=CARTESIAN_POINT('',(-1.750195327241E2,4.328455919252E1,
-1.626434445200E2));
#2404=CARTESIAN_POINT('',(-1.750593106915E2,4.324248772854E1,
-1.626435940101E2));
#2405=CARTESIAN_POINT('',(-1.751197359246E2,4.317931667052E1,
-1.626449589150E2));
#2406=CARTESIAN_POINT('',(-1.751599311633E2,4.313740171219E1,
-1.626464067593E2));
#2407=CARTESIAN_POINT('',(-1.751799469E2,4.311637137121E1,-1.626472812942E2));
#2409=CARTESIAN_POINT('',(-1.749998472713E2,4.287314915162E1,
-1.708933482470E2));
#2410=CARTESIAN_POINT('',(-1.747664576041E2,4.311773808825E1,
-1.708933482470E2));
#2411=CARTESIAN_POINT('',(-1.743091541442E2,4.359436173748E1,
-1.708538644651E2));
#2412=CARTESIAN_POINT('',(-1.736597413949E2,4.426782279100E1,
-1.706881941885E2));
#2413=CARTESIAN_POINT('',(-1.730612241018E2,4.488487140437E1,
-1.704280947074E2));
#2414=CARTESIAN_POINT('',(-1.725296765736E2,4.543114741959E1,
-1.700910022848E2));
#2415=CARTESIAN_POINT('',(-1.720734595106E2,4.590011923181E1,
-1.696951537620E2));
#2416=CARTESIAN_POINT('',(-1.716992705568E2,4.628663099363E1,
-1.692630568295E2));
#2417=CARTESIAN_POINT('',(-1.714025901017E2,4.659636827808E1,
-1.688097663951E2));
#2418=CARTESIAN_POINT('',(-1.711766365083E2,4.683692665816E1,
-1.683440993980E2));
#2419=CARTESIAN_POINT('',(-1.710158790809E2,4.701428316351E1,
-1.678737105350E2));
#2420=CARTESIAN_POINT('',(-1.709148506209E2,4.713416216074E1,
-1.674028330646E2));
#2421=CARTESIAN_POINT('',(-1.708694837609E2,4.720077248906E1,
-1.669335038692E2));
#2422=CARTESIAN_POINT('',(-1.708772097705E2,4.721666075602E1,
-1.664679596916E2));
#2423=CARTESIAN_POINT('',(-1.709371812427E2,4.718270263998E1,
-1.660053034552E2));
#2424=CARTESIAN_POINT('',(-1.710504235210E2,4.709770316196E1,
-1.655468003887E2));
#2425=CARTESIAN_POINT('',(-1.712197437303E2,4.695859956743E1,
-1.650931776196E2));
#2426=CARTESIAN_POINT('',(-1.714504899825E2,4.675959783845E1,
-1.646460710796E2));
#2427=CARTESIAN_POINT('',(-1.717465047729E2,4.649569931704E1,
-1.642136511301E2));
#2428=CARTESIAN_POINT('',(-1.721150350573E2,4.615830170263E1,
-1.638019431172E2));
#2429=CARTESIAN_POINT('',(-1.725585911564E2,4.574241613402E1,
-1.634256766318E2));
#2430=CARTESIAN_POINT('',(-1.730769564925E2,4.524508063259E1,
-1.631012009857E2));
#2431=CARTESIAN_POINT('',(-1.736642371881E2,4.466830959462E1,
-1.628475638773E2));
#2432=CARTESIAN_POINT('',(-1.743070075734E2,4.402163515851E1,
-1.626833330508E2));
#2433=CARTESIAN_POINT('',(-1.747649329331E2,4.355032785276E1,
-1.626434615807E2));
#2434=CARTESIAN_POINT('',(-1.749995867933E2,4.330538011814E1,
-1.626434458566E2));
#2436=DIRECTION('',(-1.062055495326E-5,-9.999999999349E-1,4.173664833962E-6));
#2437=VECTOR('',#2436,2.155538011955E1);
#2438=CARTESIAN_POINT('',(-1.749995867933E2,4.330538011814E1,
-1.626434458566E2));
#2439=LINE('',#2438,#2437);
#2440=CARTESIAN_POINT('',(-1.75E2,2.175E1,-1.667683558855E2));
#2441=DIRECTION('',(0.E0,-1.E0,0.E0));
#2442=DIRECTION('',(0.E0,0.E0,-1.E0));
#2443=AXIS2_PLACEMENT_3D('',#2440,#2441,#2442);
#2445=CARTESIAN_POINT('',(-1.75E2,2.175E1,-1.667683558855E2));
#2446=DIRECTION('',(0.E0,-1.E0,0.E0));
#2447=DIRECTION('',(0.E0,0.E0,1.E0));
#2448=AXIS2_PLACEMENT_3D('',#2445,#2446,#2447);
#2450=CARTESIAN_POINT('',(-1.75E2,2.175E1,-1.667683558855E2));
#2451=DIRECTION('',(0.E0,1.E0,0.E0));
#2452=DIRECTION('',(0.E0,0.E0,1.E0));
#2453=AXIS2_PLACEMENT_3D('',#2450,#2451,#2452);
#2455=CARTESIAN_POINT('',(-1.75E2,2.175E1,-1.667683558855E2));
#2456=DIRECTION('',(0.E0,1.E0,0.E0));
#2457=DIRECTION('',(0.E0,0.E0,-1.E0));
#2458=AXIS2_PLACEMENT_3D('',#2455,#2456,#2457);
#2460=CARTESIAN_POINT('',(-1.75E2,2.125E1,-1.667683558855E2));
#2461=DIRECTION('',(0.E0,1.E0,0.E0));
#2462=DIRECTION('',(-3.960981620215E-9,0.E0,1.E0));
#2463=AXIS2_PLACEMENT_3D('',#2460,#2461,#2462);
#2465=DIRECTION('',(0.E0,7.071067811860E-1,-7.071067811870E-1));
#2466=VECTOR('',#2465,7.071067811866E-1);
#2467=CARTESIAN_POINT('',(-1.75E2,2.125E1,-1.689183558855E2));
#2468=LINE('',#2467,#2466);
#2469=CARTESIAN_POINT('',(-1.75E2,2.125E1,-1.667683558855E2));
#2470=DIRECTION('',(0.E0,1.E0,0.E0));
#2471=DIRECTION('',(0.E0,0.E0,-1.E0));
#2472=AXIS2_PLACEMENT_3D('',#2469,#2470,#2471);
#2474=DIRECTION('',(-3.142114246981E-9,7.071067811860E-1,7.071067811870E-1));
#2475=VECTOR('',#2474,7.071067811866E-1);
#2476=CARTESIAN_POINT('',(-1.750000000143E2,2.125E1,-1.646183558855E2));
#2477=LINE('',#2476,#2475);
#2478=DIRECTION('',(0.E0,-1.E0,1.203742987641E-13));
#2479=VECTOR('',#2478,8.499999999999E0);
#2480=CARTESIAN_POINT('',(-1.75E2,2.125E1,-1.689183558855E2));
#2481=LINE('',#2480,#2479);
#2482=DIRECTION('',(1.017848289313E-9,-1.E0,-1.170305682429E-13));
#2483=VECTOR('',#2482,8.499999999999E0);
#2484=CARTESIAN_POINT('',(-1.750000000143E2,2.125E1,-1.646183558855E2));
#2485=LINE('',#2484,#2483);
#2486=CARTESIAN_POINT('',(-1.325295403217E2,3.535E1,-5.024877253217E1));
#2487=DIRECTION('',(2.909938312805E-1,0.E0,9.567249292021E-1));
#2488=DIRECTION('',(9.567249292021E-1,0.E0,-2.909938312805E-1));
#2489=AXIS2_PLACEMENT_3D('',#2486,#2487,#2488);
#2491=CARTESIAN_POINT('',(-1.327241361822E2,3.535E1,-5.152250120171E1));
#2492=DIRECTION('',(-7.943015826653E-3,0.E0,-9.999684537522E-1));
#2493=DIRECTION('',(-1.318767317571E-11,1.E0,1.065814103640E-13));
#2494=AXIS2_PLACEMENT_3D('',#2491,#2492,#2493);
#2496=CARTESIAN_POINT('',(-1.282242781403E2,3.535E1,-5.155824477293E1));
#2497=DIRECTION('',(0.E0,1.E0,0.E0));
#2498=DIRECTION('',(-9.999684537523E-1,0.E0,7.943015816778E-3));
#2499=AXIS2_PLACEMENT_3D('',#2496,#2497,#2498);
#2501=DIRECTION('',(7.943015827939E-3,0.E0,9.999684537522E-1));
#2502=VECTOR('',#2501,1.172441487303E1);
#2503=CARTESIAN_POINT('',(-1.318172949413E2,3.535E1,-6.325448922927E1));
#2504=LINE('',#2503,#2502);
#2505=CARTESIAN_POINT('',(-1.331674712246E2,4.135002526331E1,
-7.231397419993E1));
#2506=CARTESIAN_POINT('',(-1.331110951864E2,4.135002526331E1,
-7.229532982317E1));
#2507=CARTESIAN_POINT('',(-1.329974854710E2,4.134998827526E1,
-7.226990245135E1));
#2508=CARTESIAN_POINT('',(-1.328239620355E2,4.135000314164E1,
-7.226690915465E1));
#2509=CARTESIAN_POINT('',(-1.326533476219E2,4.134999915820E1,
-7.229866984572E1));
#2510=CARTESIAN_POINT('',(-1.324877896502E2,4.135000022556E1,
-7.236508767892E1));
#2511=CARTESIAN_POINT('',(-1.323312182402E2,4.134999993956E1,
-7.246658326126E1));
#2512=CARTESIAN_POINT('',(-1.321885294583E2,4.135000001619E1,
-7.260288939569E1));
#2513=CARTESIAN_POINT('',(-1.320646857236E2,4.134999999566E1,
-7.277506958006E1));
#2514=CARTESIAN_POINT('',(-1.319693021294E2,4.135000000117E1,
-7.297728414007E1));
#2515=CARTESIAN_POINT('',(-1.319100789205E2,4.134999999967E1,
-7.320078628829E1));
#2516=CARTESIAN_POINT('',(-1.318975125801E2,4.135E1,-7.335333704090E1));
#2517=CARTESIAN_POINT('',(-1.318981327269E2,4.135E1,-7.343138390280E1));
#2519=CARTESIAN_POINT('',(-1.328172633951E2,3.535E1,-6.324654621345E1));
#2520=DIRECTION('',(7.943015827035E-3,0.E0,9.999684537522E-1));
#2521=DIRECTION('',(9.999684537522E-1,0.E0,-7.943015827038E-3));
#2522=AXIS2_PLACEMENT_3D('',#2519,#2520,#2521);
#2524=CARTESIAN_POINT('',(-1.318172949413E2,3.535E1,-6.325448922927E1));
#2525=CARTESIAN_POINT('',(-1.318256288102E2,3.534999740393E1,
-6.430366317788E1));
#2526=CARTESIAN_POINT('',(-1.318419705487E2,3.562972241638E1,
-6.636096466172E1));
#2527=CARTESIAN_POINT('',(-1.318725802664E2,3.725324451147E1,
-7.021450856944E1));
#2528=CARTESIAN_POINT('',(-1.318903753198E2,3.954068310491E1,
-7.245478240479E1));
#2529=CARTESIAN_POINT('',(-1.318981327269E2,4.135E1,-7.343138390280E1));
#2531=DIRECTION('',(-7.944165121151E-3,-1.820787572800E-14,-9.999684446224E-1));
#2532=VECTOR('',#2531,2.341435364701E0);
#2533=CARTESIAN_POINT('',(-1.318981327269E2,4.135E1,-7.343138390280E1));
#2534=LINE('',#2533,#2532);
#2535=DIRECTION('',(-3.865253856350E-6,-9.999998509093E-1,-5.460461425341E-4));
#2536=VECTOR('',#2535,5.700000849817E0);
#2537=CARTESIAN_POINT('',(-1.319167334761E2,4.135E1,-7.577274538262E1));
#2538=LINE('',#2537,#2536);
#2539=DIRECTION('',(-7.946169709012E-3,0.E0,-9.999684286951E-1));
#2540=VECTOR('',#2539,5.146720316402E-1);
#2541=CARTESIAN_POINT('',(-1.319233534725E2,3.535E1,-7.660649402807E1));
#2542=LINE('',#2541,#2540);
#2543=DIRECTION('',(1.112618974729E-8,-9.999999999990E-1,1.384355243771E-6));
#2544=VECTOR('',#2543,2.500000000002E-1);
#2545=CARTESIAN_POINT('',(-1.319274431438E2,3.535E1,-7.712114981084E1));
#2546=LINE('',#2545,#2544);
#2547=DIRECTION('',(1.792753979457E-12,-1.E0,3.853327913161E-13));
#2548=VECTOR('',#2547,5.199999999999E0);
#2549=CARTESIAN_POINT('',(-1.325620201689E2,4.085E1,-7.670289355693E1));
#2550=LINE('',#2549,#2548);
#2551=CARTESIAN_POINT('',(-1.26E2,4.085E1,-9.4E1));
#2552=DIRECTION('',(0.E0,1.E0,0.E0));
#2553=DIRECTION('',(5.846078554816E-1,0.E0,8.113160021281E-1));
#2554=AXIS2_PLACEMENT_3D('',#2551,#2552,#2553);
#2556=CARTESIAN_POINT('',(-1.26E2,4.085E1,-9.4E1));
#2557=DIRECTION('',(0.E0,1.E0,0.E0));
#2558=DIRECTION('',(0.E0,0.E0,-1.E0));
#2559=AXIS2_PLACEMENT_3D('',#2556,#2557,#2558);
#2561=CARTESIAN_POINT('',(-1.325620201689E2,4.085E1,-7.670289355693E1));
#2562=CARTESIAN_POINT('',(-1.325152165740E2,4.085E1,-7.668513763141E1));
#2563=CARTESIAN_POINT('',(-1.324230183496E2,4.085801728338E1,
-7.664202783419E1));
#2564=CARTESIAN_POINT('',(-1.322943246163E2,4.089474648576E1,
-7.655590018516E1));
#2565=CARTESIAN_POINT('',(-1.321746604532E2,4.095884644905E1,
-7.644522562968E1));
#2566=CARTESIAN_POINT('',(-1.320686468508E2,4.105397125576E1,
-7.630772375955E1));
#2567=CARTESIAN_POINT('',(-1.319835448483E2,4.118189741032E1,
-7.614383250703E1));
#2568=CARTESIAN_POINT('',(-1.319458921018E2,4.129031870104E1,
-7.601714406813E1));
#2569=CARTESIAN_POINT('',(-1.319334861560E2,4.135E1,-7.595024260450E1));
#2571=DIRECTION('',(-2.861300939773E-12,1.E0,1.822815402893E-12));
#2572=VECTOR('',#2571,5.199999999999E0);
#2573=CARTESIAN_POINT('',(-1.151847546736E2,3.565E1,-7.899065396064E1));
#2574=LINE('',#2573,#2572);
#2575=CARTESIAN_POINT('',(-1.151847546736E2,4.085E1,-7.899065396063E1));
#2576=CARTESIAN_POINT('',(-1.152253721779E2,4.085E1,-7.896138631151E1));
#2577=CARTESIAN_POINT('',(-1.153032767345E2,4.085801866337E1,
-7.889587717896E1));
#2578=CARTESIAN_POINT('',(-1.154052984983E2,4.089475399963E1,
-7.877936533942E1));
#2579=CARTESIAN_POINT('',(-1.154922299863E2,4.095885317986E1,
-7.864149901676E1));
#2580=CARTESIAN_POINT('',(-1.155590354826E2,4.105396416396E1,
-7.848126591604E1));
#2581=CARTESIAN_POINT('',(-1.155988240175E2,4.118189739857E1,
-7.830092152416E1));
#2582=CARTESIAN_POINT('',(-1.156024036713E2,4.129031855227E1,
-7.816880531017E1));
#2583=CARTESIAN_POINT('',(-1.155970715085E2,4.135E1,-7.810097239448E1));
#2585=DIRECTION('',(1.975807431894E-11,-1.E0,7.934643195893E-11));
#2586=VECTOR('',#2585,5.700000000001E0);
#2587=CARTESIAN_POINT('',(-1.155680979769E2,4.135E1,-7.792819944278E1));
#2588=LINE('',#2587,#2586);
#2589=CARTESIAN_POINT('',(-1.324556090310E2,3.565E1,-7.698338717492E1));
#2590=DIRECTION('',(-9.349787266530E-1,0.E0,-3.547037929123E-1));
#2591=DIRECTION('',(0.E0,-1.E0,0.E0));
#2592=AXIS2_PLACEMENT_3D('',#2589,#2590,#2591);
#2594=CARTESIAN_POINT('',(-1.26E2,3.565E1,-9.4E1));
#2595=DIRECTION('',(0.E0,-1.E0,0.E0));
#2596=DIRECTION('',(-3.547037929137E-1,0.E0,9.349787266524E-1));
#2597=AXIS2_PLACEMENT_3D('',#2594,#2595,#2596);
#2599=CARTESIAN_POINT('',(-1.26E2,3.565E1,-9.4E1));
#2600=DIRECTION('',(0.E0,-1.E0,0.E0));
#2601=DIRECTION('',(0.E0,0.E0,-1.E0));
#2602=AXIS2_PLACEMENT_3D('',#2599,#2600,#2601);
#2604=CARTESIAN_POINT('',(-1.155680979768E2,3.565E1,-7.792819944233E1));
#2605=CARTESIAN_POINT('',(-1.155932096863E2,3.559523241625E1,
-7.802498630170E1));
#2606=CARTESIAN_POINT('',(-1.156407343824E2,3.548967510250E1,
-7.820815846276E1));
#2607=CARTESIAN_POINT('',(-1.157107859572E2,3.537926724130E1,
-7.847815489353E1));
#2608=CARTESIAN_POINT('',(-1.157550420821E2,3.535E1,-7.864872915655E1));
#2609=CARTESIAN_POINT('',(-1.157767092960E2,3.535E1,-7.873224006160E1));
#2611=CARTESIAN_POINT('',(-1.153601370302E2,3.565E1,-7.923404876129E1));
#2612=DIRECTION('',(-8.113160021437E-1,0.E0,5.846078554600E-1));
#2613=DIRECTION('',(0.E0,-1.E0,0.E0));
#2614=AXIS2_PLACEMENT_3D('',#2611,#2612,#2613);
#2616=CARTESIAN_POINT('',(-1.146001468181E2,3.565E1,-7.817933795850E1));
#2617=DIRECTION('',(0.E0,1.E0,0.E0));
#2618=DIRECTION('',(-5.846078554861E-1,0.E0,-8.113160021249E-1));
#2619=AXIS2_PLACEMENT_3D('',#2616,#2617,#2618);
#2621=CARTESIAN_POINT('',(-1.329167239618E2,3.535E1,-7.576791483028E1));
#2622=DIRECTION('',(0.E0,1.E0,0.E0));
#2623=DIRECTION('',(7.641311456435E-1,0.E0,-6.450609213536E-1));
#2624=AXIS2_PLACEMENT_3D('',#2621,#2622,#2623);
#2626=CARTESIAN_POINT('',(-1.26E2,3.535E1,-9.4E1));
#2627=DIRECTION('',(0.E0,-1.E0,0.E0));
#2628=DIRECTION('',(-3.547037929720E-1,0.E0,9.349787266304E-1));
#2629=AXIS2_PLACEMENT_3D('',#2626,#2627,#2628);
#2631=CARTESIAN_POINT('',(-1.26E2,3.535E1,-9.4E1));
#2632=DIRECTION('',(0.E0,-1.E0,0.E0));
#2633=DIRECTION('',(0.E0,0.E0,-1.E0));
#2634=AXIS2_PLACEMENT_3D('',#2631,#2632,#2633);
#2636=CARTESIAN_POINT('',(-1.146001468181E2,3.535E1,-7.817933795850E1));
#2637=DIRECTION('',(0.E0,1.E0,0.E0));
#2638=DIRECTION('',(-5.846078546931E-1,0.E0,-8.113160026963E-1));
#2639=AXIS2_PLACEMENT_3D('',#2636,#2637,#2638);
#2641=DIRECTION('',(-2.511377660615E-1,0.E0,-9.679513533529E-1));
#2642=VECTOR('',#2641,5.158058378649E-1);
#2643=CARTESIAN_POINT('',(-1.157767092960E2,3.535E1,-7.873224006160E1));
#2644=LINE('',#2643,#2642);
#2645=CARTESIAN_POINT('',(-1.149386857933E2,3.535E1,-7.948415252147E1));
#2646=DIRECTION('',(0.E0,-1.E0,0.E0));
#2647=DIRECTION('',(-9.675610549431E-1,0.E0,2.526372992203E-1));
#2648=AXIS2_PLACEMENT_3D('',#2645,#2646,#2647);
#2650=CARTESIAN_POINT('',(-1.26E2,3.535E1,-9.4E1));
#2651=DIRECTION('',(0.E0,1.E0,0.E0));
#2652=DIRECTION('',(6.060994085982E-1,0.E0,7.953889029254E-1));
#2653=AXIS2_PLACEMENT_3D('',#2650,#2651,#2652);
#2655=CARTESIAN_POINT('',(-1.26E2,3.535E1,-9.4E1));
#2656=DIRECTION('',(0.E0,1.E0,0.E0));
#2657=DIRECTION('',(0.E0,0.E0,-1.E0));
#2658=AXIS2_PLACEMENT_3D('',#2655,#2656,#2657);
#2660=CARTESIAN_POINT('',(-1.325456236599E2,3.535E1,-7.803971374728E1));
#2661=CARTESIAN_POINT('',(-1.324217951560E2,3.535E1,-7.798890127546E1));
#2662=CARTESIAN_POINT('',(-1.322059856797E2,3.535E1,-7.784492121122E1));
#2663=CARTESIAN_POINT('',(-1.319818015584E2,3.535E1,-7.751102147925E1));
#2664=CARTESIAN_POINT('',(-1.319281644052E2,3.535E1,-7.725878280230E1));
#2665=CARTESIAN_POINT('',(-1.319274431438E2,3.535E1,-7.712114981084E1));
#2667=CARTESIAN_POINT('',(-1.319233534725E2,3.535E1,-7.660649402807E1));
#2668=CARTESIAN_POINT('',(-1.319226700661E2,3.535E1,-7.652045809201E1));
#2669=CARTESIAN_POINT('',(-1.319212728082E2,3.537911721155E1,
-7.634455339068E1));
#2670=CARTESIAN_POINT('',(-1.319190565300E2,3.548942924006E1,
-7.606553993463E1));
#2671=CARTESIAN_POINT('',(-1.319175513144E2,3.559512397849E1,
-7.587604413500E1));
#2672=CARTESIAN_POINT('',(-1.319167555080E2,3.565E1,-7.577585784610E1));
#2674=CARTESIAN_POINT('',(-1.329167239618E2,3.565E1,-7.576791483028E1));
#2675=DIRECTION('',(0.E0,1.E0,0.E0));
#2676=DIRECTION('',(9.999684537523E-1,0.E0,-7.943015819606E-3));
#2677=AXIS2_PLACEMENT_3D('',#2674,#2675,#2676);
#2679=DIRECTION('',(-1.557290765981E-3,-9.999808122842E-1,-5.995824281939E-3));
#2680=VECTOR('',#2679,2.500047970210E-1);
#2681=CARTESIAN_POINT('',(-1.159062476218E2,3.535E1,-7.923151502043E1));
#2682=LINE('',#2681,#2680);
#2683=DIRECTION('',(-6.943740393815E-3,9.999642836185E-1,4.818293961701E-3));
#2684=VECTOR('',#2683,2.500089294143E-1);
#2685=CARTESIAN_POINT('',(-1.155430492047E2,3.51E1,-8.028074604095E1));
#2686=LINE('',#2685,#2684);
#2687=DIRECTION('',(7.942922152070E-3,0.E0,9.999684544963E-1));
#2688=VECTOR('',#2687,1.732746147442E1);
#2689=CARTESIAN_POINT('',(-1.320650738186E2,3.51E1,-9.444806433568E1));
#2690=LINE('',#2689,#2688);
#2691=CARTESIAN_POINT('',(-1.319274431410E2,3.51E1,-7.712114946476E1));
#2692=CARTESIAN_POINT('',(-1.319281642073E2,3.51E1,-7.725874521858E1));
#2693=CARTESIAN_POINT('',(-1.319817798771E2,3.51E1,-7.751093515821E1));
#2694=CARTESIAN_POINT('',(-1.322059329783E2,3.51E1,-7.784488324002E1));
#2695=CARTESIAN_POINT('',(-1.324217906290E2,3.51E1,-7.798889224127E1));
#2696=CARTESIAN_POINT('',(-1.325455955565E2,3.51E1,-7.803969503866E1));
#2698=CARTESIAN_POINT('',(-1.26E2,3.51E1,-9.4E1));
#2699=DIRECTION('',(0.E0,-1.E0,0.E0));
#2700=DIRECTION('',(-3.791725963450E-1,0.E0,9.253259653663E-1));
#2701=AXIS2_PLACEMENT_3D('',#2698,#2699,#2700);
#2703=CARTESIAN_POINT('',(-1.26E2,3.51E1,-9.4E1));
#2704=DIRECTION('',(0.E0,-1.E0,0.E0));
#2705=DIRECTION('',(0.E0,0.E0,-1.E0));
#2706=AXIS2_PLACEMENT_3D('',#2703,#2704,#2705);
#2708=CARTESIAN_POINT('',(-1.155430492047E2,3.51E1,-8.028074604095E1));
#2709=CARTESIAN_POINT('',(-1.156542260176E2,3.51E1,-8.019656561736E1));
#2710=CARTESIAN_POINT('',(-1.158259492520E2,3.51E1,-7.999695174227E1));
#2711=CARTESIAN_POINT('',(-1.159532274549E2,3.51E1,-7.962539956587E1));
#2712=CARTESIAN_POINT('',(-1.159413470149E2,3.51E1,-7.936679533871E1));
#2713=CARTESIAN_POINT('',(-1.159066369520E2,3.51E1,-7.923301400526E1));
#2715=DIRECTION('',(-2.511385162057E-1,0.E0,-9.679511587255E-1));
#2716=VECTOR('',#2715,1.732477860242E1);
#2717=CARTESIAN_POINT('',(-1.159066369520E2,3.51E1,-7.923301400526E1));
#2718=LINE('',#2717,#2716);
#2719=CARTESIAN_POINT('',(-1.260652630961E2,3.51E1,-9.449572243069E1));
#2720=DIRECTION('',(0.E0,1.E0,0.E0));
#2721=DIRECTION('',(9.679511587066E-1,0.E0,-2.511385162784E-1));
#2722=AXIS2_PLACEMENT_3D('',#2719,#2720,#2721);
#2724=CARTESIAN_POINT('',(-1.260652630961E2,3.51E1,-9.449572243069E1));
#2725=DIRECTION('',(0.E0,1.E0,0.E0));
#2726=DIRECTION('',(0.E0,0.E0,-1.E0));
#2727=AXIS2_PLACEMENT_3D('',#2724,#2725,#2726);
#2729=DIRECTION('',(1.124133027569E-4,-9.999999908815E-1,7.483449763842E-5));
#2730=VECTOR('',#2729,2.500000022796E-1);
#2731=CARTESIAN_POINT('',(-1.325456236599E2,3.535E1,-7.803971374728E1));
#2732=LINE('',#2731,#2730);
#2733=DIRECTION('',(-7.025846571196E-12,1.E0,1.545345185150E-10));
#2734=VECTOR('',#2733,1.25E0);
#2735=CARTESIAN_POINT('',(-1.320650738186E2,3.385E1,-9.444806433587E1));
#2736=LINE('',#2735,#2734);
#2737=DIRECTION('',(8.358256309293E-11,-1.E0,2.721435521380E-10));
#2738=VECTOR('',#2737,1.25E0);
#2739=CARTESIAN_POINT('',(-1.202575561438E2,3.51E1,-9.600255352814E1));
#2740=LINE('',#2739,#2738);
#2741=CARTESIAN_POINT('',(-1.284074539872E2,3.258578643763E1,
-4.806304140129E1));
#2742=CARTESIAN_POINT('',(-1.285784415842E2,3.257287072421E1,
-4.807200248154E1));
#2743=CARTESIAN_POINT('',(-1.289531245312E2,3.260127258474E1,
-4.810317029123E1));
#2744=CARTESIAN_POINT('',(-1.297958447307E2,3.289944812299E1,
-4.840251777821E1));
#2745=CARTESIAN_POINT('',(-1.302156029011E2,3.317457775272E1,
-4.866561619113E1));
#2746=CARTESIAN_POINT('',(-1.307387888266E2,3.364597851230E1,
-4.908668597988E1));
#2747=CARTESIAN_POINT('',(-1.312192944914E2,3.432378759088E1,
-4.968560640726E1));
#2748=CARTESIAN_POINT('',(-1.314793672856E2,3.497782203096E1,
-5.023252915147E1));
#2749=CARTESIAN_POINT('',(-1.315728153925E2,3.535E1,-5.053976636345E1));
#2751=DIRECTION('',(2.118364742879E-11,-1.E0,9.462439720664E-10));
#2752=VECTOR('',#2751,1.5E0);
#2753=CARTESIAN_POINT('',(-1.317241677284E2,3.535E1,-5.153044421754E1));
#2754=LINE('',#2753,#2752);
#2755=DIRECTION('',(1.842462301426E-11,1.E0,5.959326023582E-13));
#2756=VECTOR('',#2755,1.585786437630E0);
#2757=CARTESIAN_POINT('',(-1.284074539872E2,3.1E1,-4.806304140129E1));
#2758=LINE('',#2757,#2756);
#2759=DIRECTION('',(5.116955127015E-12,1.E0,-1.133616153358E-12));
#2760=VECTOR('',#2759,1.585786437630E0);
#2761=CARTESIAN_POINT('',(-1.117852182588E2,3.1E1,-5.025140025041E1));
#2762=LINE('',#2761,#2760);
#2763=CARTESIAN_POINT('',(-1.083692974542E2,3.535E1,-5.342952884800E1));
#2764=DIRECTION('',(2.482980592112E-2,6.703133280281E-1,-7.416626746748E-1));
#2765=DIRECTION('',(-9.994400633136E-1,0.E0,-3.345982432343E-2));
#2766=AXIS2_PLACEMENT_3D('',#2763,#2764,#2765);
#2768=CARTESIAN_POINT('',(-1.114762012644E2,3.258578643763E1,
-4.930034373412E1));
#2769=DIRECTION('',(-9.510565162953E-1,0.E0,3.090169943745E-1));
#2770=DIRECTION('',(2.185080122256E-1,7.071067811815E-1,6.724985119688E-1));
#2771=AXIS2_PLACEMENT_3D('',#2768,#2769,#2770);
#2773=CARTESIAN_POINT('',(-1.117852182588E2,3.258578643763E1,
-5.025140025042E1));
#2774=CARTESIAN_POINT('',(-1.115974344456E2,3.257651887870E1,
-5.031241490995E1));
#2775=CARTESIAN_POINT('',(-1.112103312263E2,3.261258662074E1,
-5.046206704924E1));
#2776=CARTESIAN_POINT('',(-1.105064295658E2,3.291869443143E1,
-5.096221528251E1));
#2777=CARTESIAN_POINT('',(-1.101533148557E2,3.321221558585E1,
-5.135043342745E1));
#2778=CARTESIAN_POINT('',(-1.097841278370E2,3.367378135061E1,
-5.187229365990E1));
#2779=CARTESIAN_POINT('',(-1.094821474894E2,3.435091895507E1,
-5.257205362966E1));
#2780=CARTESIAN_POINT('',(-1.093791708601E2,3.498832436100E1,
-5.315134625439E1));
#2781=CARTESIAN_POINT('',(-1.093687375175E2,3.535E1,-5.346298867232E1));
#2783=CARTESIAN_POINT('',(-1.041495394851E2,3.605710678119E1,
-5.472633164366E1));
#2784=CARTESIAN_POINT('',(-1.040282836394E2,3.608695363808E1,
-5.482794935186E1));
#2785=CARTESIAN_POINT('',(-1.037726806434E2,3.612200505546E1,
-5.501841176701E1));
#2786=CARTESIAN_POINT('',(-1.033546139886E2,3.612200505546E1,
-5.525978266269E1));
#2787=CARTESIAN_POINT('',(-1.030618672007E2,3.608695363807E1,
-5.538591014287E1));
#2788=CARTESIAN_POINT('',(-1.029132357611E2,3.605710678119E1,
-5.544011193151E1));
#2790=DIRECTION('',(-3.668682294822E-6,-9.999999999646E-1,-7.570184727542E-6));
#2791=VECTOR('',#2790,1.377508246454E1);
#2792=CARTESIAN_POINT('',(-1.014999494636E2,3.552508246406E1,
-5.568965093464E1));
#2793=LINE('',#2792,#2791);
#2794=CARTESIAN_POINT('',(-1.015E2,2.175E1,-5.156475521456E1));
#2795=DIRECTION('',(0.E0,-1.E0,0.E0));
#2796=DIRECTION('',(0.E0,0.E0,1.E0));
#2797=AXIS2_PLACEMENT_3D('',#2794,#2795,#2796);
#2799=CARTESIAN_POINT('',(-1.015E2,2.175E1,-5.156475521456E1));
#2800=DIRECTION('',(0.E0,-1.E0,0.E0));
#2801=DIRECTION('',(0.E0,0.E0,-1.E0));
#2802=AXIS2_PLACEMENT_3D('',#2799,#2800,#2801);
#2804=CARTESIAN_POINT('',(-1.015E2,2.175E1,-5.156475521456E1));
#2805=DIRECTION('',(0.E0,1.E0,0.E0));
#2806=DIRECTION('',(0.E0,0.E0,1.E0));
#2807=AXIS2_PLACEMENT_3D('',#2804,#2805,#2806);
#2809=CARTESIAN_POINT('',(-1.015E2,2.175E1,-5.156475521456E1));
#2810=DIRECTION('',(0.E0,1.E0,0.E0));
#2811=DIRECTION('',(0.E0,0.E0,-1.E0));
#2812=AXIS2_PLACEMENT_3D('',#2809,#2810,#2811);
#2814=DIRECTION('',(-5.325130903433E-6,-9.999999998477E-1,-1.662213971476E-5));
#2815=VECTOR('',#2814,6.636733219474E0);
#2816=CARTESIAN_POINT('',(-1.014999607979E2,2.838673321846E1,
-4.743964489786E1));
#2817=LINE('',#2816,#2815);
#2818=CARTESIAN_POINT('',(-1.015E2,2.125E1,-5.156475521456E1));
#2819=DIRECTION('',(0.E0,1.E0,0.E0));
#2820=DIRECTION('',(-3.960988229915E-9,0.E0,1.E0));
#2821=AXIS2_PLACEMENT_3D('',#2818,#2819,#2820);
#2823=DIRECTION('',(0.E0,7.071067811861E-1,-7.071067811870E-1));
#2824=VECTOR('',#2823,7.071067811865E-1);
#2825=CARTESIAN_POINT('',(-1.015E2,2.125E1,-5.371475521456E1));
#2826=LINE('',#2825,#2824);
#2827=CARTESIAN_POINT('',(-1.015E2,2.125E1,-5.156475521456E1));
#2828=DIRECTION('',(0.E0,1.E0,0.E0));
#2829=DIRECTION('',(0.E0,0.E0,-1.E0));
#2830=AXIS2_PLACEMENT_3D('',#2827,#2828,#2829);
#2832=DIRECTION('',(-3.142074052614E-9,7.071067811861E-1,7.071067811870E-1));
#2833=VECTOR('',#2832,7.071067811865E-1);
#2834=CARTESIAN_POINT('',(-1.015000000143E2,2.125E1,-4.941475521456E1));
#2835=LINE('',#2834,#2833);
#2836=DIRECTION('',(0.E0,-1.E0,1.170305682429E-13));
#2837=VECTOR('',#2836,8.499999999999E0);
#2838=CARTESIAN_POINT('',(-1.015E2,2.125E1,-5.371475521456E1));
#2839=LINE('',#2838,#2837);
#2840=DIRECTION('',(1.017854976774E-9,-1.E0,-1.170305682429E-13));
#2841=VECTOR('',#2840,8.499999999999E0);
#2842=CARTESIAN_POINT('',(-1.015000000143E2,2.125E1,-4.941475521456E1));
#2843=LINE('',#2842,#2841);
#2844=DIRECTION('',(-2.511385162056E-1,0.E0,-9.679511587255E-1));
#2845=VECTOR('',#2844,1.172441487268E1);
#2846=CARTESIAN_POINT('',(-1.094789486836E2,3.535E1,-5.445908286452E1));
#2847=LINE('',#2846,#2845);
#2848=CARTESIAN_POINT('',(-1.114554496794E2,3.535E1,-6.605888234211E1));
#2849=DIRECTION('',(2.511385162068E-1,0.E0,9.679511587252E-1));
#2850=DIRECTION('',(4.262388131338E-7,9.999999999999E-1,-1.105892408759E-7));
#2851=AXIS2_PLACEMENT_3D('',#2848,#2849,#2850);
#2853=CARTESIAN_POINT('',(-1.149792916948E2,4.135E1,-7.565879158107E1));
#2854=CARTESIAN_POINT('',(-1.149396243666E2,4.135E1,-7.550590208696E1));
#2855=CARTESIAN_POINT('',(-1.148144329731E2,4.135000023885E1,
-7.523902834135E1));
#2856=CARTESIAN_POINT('',(-1.145113350795E2,4.134999916401E1,
-7.492752095801E1));
#2857=CARTESIAN_POINT('',(-1.141341309209E2,4.135000310509E1,
-7.475940159897E1));
#2858=CARTESIAN_POINT('',(-1.137594064493E2,4.134998841561E1,
-7.476071382756E1));
#2859=CARTESIAN_POINT('',(-1.135585745059E2,4.135002496017E1,
-7.484587081267E1));
#2860=CARTESIAN_POINT('',(-1.134640084423E2,4.135002496017E1,
-7.490798342250E1));
#2862=DIRECTION('',(0.E0,-1.E0,0.E0));
#2863=VECTOR('',#2862,1.46E1);
#2864=CARTESIAN_POINT('',(-1.133178667900E2,3.635E1,-1.372053654882E2));
#2865=LINE('',#2864,#2863);
#2866=CARTESIAN_POINT('',(-1.133178667900E2,2.175E1,-1.413303654882E2));
#2867=DIRECTION('',(0.E0,-1.E0,0.E0));
#2868=DIRECTION('',(0.E0,0.E0,1.E0));
#2869=AXIS2_PLACEMENT_3D('',#2866,#2867,#2868);
#2871=CARTESIAN_POINT('',(-1.133178667900E2,2.175E1,-1.413303654882E2));
#2872=DIRECTION('',(0.E0,-1.E0,0.E0));
#2873=DIRECTION('',(0.E0,0.E0,-1.E0));
#2874=AXIS2_PLACEMENT_3D('',#2871,#2872,#2873);
#2876=CARTESIAN_POINT('',(-1.133178667900E2,2.175E1,-1.413303654882E2));
#2877=DIRECTION('',(0.E0,1.E0,0.E0));
#2878=DIRECTION('',(0.E0,0.E0,1.E0));
#2879=AXIS2_PLACEMENT_3D('',#2876,#2877,#2878);
#2881=CARTESIAN_POINT('',(-1.133178667900E2,2.175E1,-1.413303654882E2));
#2882=DIRECTION('',(0.E0,1.E0,0.E0));
#2883=DIRECTION('',(0.E0,0.E0,-1.E0));
#2884=AXIS2_PLACEMENT_3D('',#2881,#2882,#2883);
#2886=DIRECTION('',(0.E0,-1.E0,0.E0));
#2887=VECTOR('',#2886,1.46E1);
#2888=CARTESIAN_POINT('',(-1.133178667900E2,3.635E1,-1.454553654882E2));
#2889=LINE('',#2888,#2887);
#2890=CARTESIAN_POINT('',(-1.133178667900E2,2.125E1,-1.413303654882E2));
#2891=DIRECTION('',(0.E0,1.E0,0.E0));
#2892=DIRECTION('',(-3.960981620215E-9,0.E0,1.E0));
#2893=AXIS2_PLACEMENT_3D('',#2890,#2891,#2892);
#2895=DIRECTION('',(2.009718347115E-14,7.071067811861E-1,-7.071067811870E-1));
#2896=VECTOR('',#2895,7.071067811865E-1);
#2897=CARTESIAN_POINT('',(-1.133178667900E2,2.125E1,-1.434803654882E2));
#2898=LINE('',#2897,#2896);
#2899=CARTESIAN_POINT('',(-1.133178667900E2,2.125E1,-1.413303654882E2));
#2900=DIRECTION('',(0.E0,1.E0,0.E0));
#2901=DIRECTION('',(0.E0,0.E0,-1.E0));
#2902=AXIS2_PLACEMENT_3D('',#2899,#2900,#2901);
#2904=DIRECTION('',(-3.142114246981E-9,7.071067811861E-1,7.071067811870E-1));
#2905=VECTOR('',#2904,7.071067811866E-1);
#2906=CARTESIAN_POINT('',(-1.133178668043E2,2.125E1,-1.391803654882E2));
#2907=LINE('',#2906,#2905);
#2908=DIRECTION('',(0.E0,-1.E0,1.170305682429E-13));
#2909=VECTOR('',#2908,8.499999999999E0);
#2910=CARTESIAN_POINT('',(-1.133178667900E2,2.125E1,-1.434803654882E2));
#2911=LINE('',#2910,#2909);
#2912=DIRECTION('',(1.017856648640E-9,-1.E0,-1.136868377216E-13));
#2913=VECTOR('',#2912,8.499999999999E0);
#2914=CARTESIAN_POINT('',(-1.133178668043E2,2.125E1,-1.391803654882E2));
#2915=LINE('',#2914,#2913);
#2916=CARTESIAN_POINT('',(-1.133178667900E2,1.275E1,-1.413303654882E2));
#2917=DIRECTION('',(0.E0,1.E0,0.E0));
#2918=DIRECTION('',(0.E0,0.E0,1.E0));
#2919=AXIS2_PLACEMENT_3D('',#2916,#2917,#2918);
#2921=CARTESIAN_POINT('',(-1.133178667900E2,1.275E1,-1.413303654882E2));
#2922=DIRECTION('',(0.E0,1.E0,0.E0));
#2923=DIRECTION('',(0.E0,0.E0,-1.E0));
#2924=AXIS2_PLACEMENT_3D('',#2921,#2922,#2923);
#2926=CARTESIAN_POINT('',(-1.133178667900E2,1.275E1,-1.413303654882E2));
#2927=DIRECTION('',(0.E0,-1.E0,0.E0));
#2928=DIRECTION('',(0.E0,0.E0,1.E0));
#2929=AXIS2_PLACEMENT_3D('',#2926,#2927,#2928);
#2931=CARTESIAN_POINT('',(-1.133178667900E2,1.275E1,-1.413303654882E2));
#2932=DIRECTION('',(0.E0,-1.E0,0.E0));
#2933=DIRECTION('',(0.E0,0.E0,-1.E0));
#2934=AXIS2_PLACEMENT_3D('',#2931,#2932,#2933);
#2936=CARTESIAN_POINT('',(-1.084755043448E2,2.785E1,-1.439383390213E2));
#2937=CARTESIAN_POINT('',(-1.086595998402E2,2.787178827969E1,
-1.442801588681E2));
#2938=CARTESIAN_POINT('',(-1.091023325189E2,2.796009768106E1,
-1.449394887555E2));
#2939=CARTESIAN_POINT('',(-1.100704298226E2,2.836160217599E1,
-1.458269227851E2));
#2940=CARTESIAN_POINT('',(-1.110921441420E2,2.862762146316E1,
-1.464077716628E2));
#2941=CARTESIAN_POINT('',(-1.122806354378E2,2.867648775572E1,
-1.467746097701E2));
#2942=CARTESIAN_POINT('',(-1.129839461851E2,2.856870525224E1,
-1.468301474205E2));
#2943=CARTESIAN_POINT('',(-1.133178660851E2,2.847935666815E1,
-1.468301474205E2));
#2945=DIRECTION('',(-4.481155672040E-8,-9.999999999039E-1,-1.386373746911E-5));
#2946=VECTOR('',#2945,1.572935666966E1);
#2947=CARTESIAN_POINT('',(-1.133178660851E2,2.847935666815E1,
-1.468301474205E2));
#2948=LINE('',#2947,#2946);
#2949=CARTESIAN_POINT('',(-1.041602736773E2,3.374854428658E1,
-1.462624250880E2));
#2950=CARTESIAN_POINT('',(-1.039589450193E2,3.377239146844E1,
-1.461586043393E2));
#2951=CARTESIAN_POINT('',(-1.035713072794E2,3.381121041667E1,
-1.459558196853E2));
#2952=CARTESIAN_POINT('',(-1.030412082355E2,3.384358637227E1,
-1.456717945571E2));
#2953=CARTESIAN_POINT('',(-1.027188024308E2,3.384999998030E1,
-1.454953873606E2));
#2954=CARTESIAN_POINT('',(-1.025662672350E2,3.385E1,-1.454111872006E2));
#2956=CARTESIAN_POINT('',(-1.133178667900E2,2.785E1,-1.413303654882E2));
#2957=DIRECTION('',(0.E0,-1.E0,0.E0));
#2958=DIRECTION('',(8.804295354904E-1,0.E0,-4.741770060179E-1));
#2959=AXIS2_PLACEMENT_3D('',#2956,#2957,#2958);
#2961=CARTESIAN_POINT('',(-1.133178667900E2,2.785E1,-1.413303654882E2));
#2962=DIRECTION('',(0.E0,-1.E0,0.E0));
#2963=DIRECTION('',(0.E0,0.E0,1.E0));
#2964=AXIS2_PLACEMENT_3D('',#2961,#2962,#2963);
#2966=CARTESIAN_POINT('',(-1.205886142863E2,3.385E1,-1.502402605371E2));
#2967=CARTESIAN_POINT('',(-1.203637459573E2,3.384999994988E1,
-1.502359382495E2));
#2968=CARTESIAN_POINT('',(-1.199307374867E2,3.383949577665E1,
-1.502253526164E2));
#2969=CARTESIAN_POINT('',(-1.193281459950E2,3.380173286673E1,
-1.502048177552E2));
#2970=CARTESIAN_POINT('',(-1.189594283513E2,3.376718662747E1,
-1.501888560107E2));
#2971=CARTESIAN_POINT('',(-1.187825577580E2,3.374854548212E1,
-1.501804507792E2));
#2973=CARTESIAN_POINT('',(-1.043214855434E2,3.473163639863E1,
-1.461755882665E2));
#2974=DIRECTION('',(9.171464145890E-1,1.167507299483E-1,3.810665575238E-1));
#2975=DIRECTION('',(1.612226351859E-1,-9.830909087590E-1,-8.683044983846E-2));
#2976=AXIS2_PLACEMENT_3D('',#2973,#2974,#2975);
#2978=CARTESIAN_POINT('',(-1.186863502222E2,3.473163641282E1,
-1.500246421401E2));
#2979=DIRECTION('',(9.848053737447E-1,-1.167507240794E-1,1.285598859309E-1));
#2980=DIRECTION('',(-9.620767434846E-2,-9.830909162324E-1,-1.558086448753E-1));
#2981=AXIS2_PLACEMENT_3D('',#2978,#2979,#2980);
#2983=CARTESIAN_POINT('',(-1.187825577580E2,3.374854548212E1,
-1.501804507792E2));
#2984=CARTESIAN_POINT('',(-1.187166177174E2,3.374230272052E1,
-1.501817775324E2));
#2985=CARTESIAN_POINT('',(-1.185818832003E2,3.373031567873E1,
-1.501833142183E2));
#2986=CARTESIAN_POINT('',(-1.183827602203E2,3.371442524162E1,
-1.501828369141E2));
#2987=CARTESIAN_POINT('',(-1.181563053880E2,3.369824326763E1,
-1.501794847124E2));
#2988=CARTESIAN_POINT('',(-1.179096036908E2,3.368265347042E1,
-1.501727615464E2));
#2989=CARTESIAN_POINT('',(-1.176372259006E2,3.366755075432E1,
-1.501620628252E2));
#2990=CARTESIAN_POINT('',(-1.173374685054E2,3.365318268840E1,
-1.501465790017E2));
#2991=CARTESIAN_POINT('',(-1.170072769524E2,3.363980126928E1,
-1.501252737136E2));
#2992=CARTESIAN_POINT('',(-1.166459465435E2,3.362754134735E1,
-1.500967040507E2));
#2993=CARTESIAN_POINT('',(-1.162526777685E2,3.361654644548E1,
-1.500599476521E2));
#2994=CARTESIAN_POINT('',(-1.158268186888E2,3.360695920873E1,
-1.500138417303E2));
#2995=CARTESIAN_POINT('',(-1.153680591014E2,3.359890410760E1,
-1.499571247136E2));
#2996=CARTESIAN_POINT('',(-1.148740646639E2,3.359242039867E1,
-1.498878694154E2));
#2997=CARTESIAN_POINT('',(-1.143407079398E2,3.358730236544E1,
-1.498037710535E2));
#2998=CARTESIAN_POINT('',(-1.137630688726E2,3.358343179930E1,
-1.497022209056E2));
#2999=CARTESIAN_POINT('',(-1.131387286197E2,3.358066029445E1,
-1.495804781062E2));
#3000=CARTESIAN_POINT('',(-1.124620378599E2,3.357882715040E1,
-1.494344874896E2));
#3001=CARTESIAN_POINT('',(-1.117338793950E2,3.357780448538E1,
-1.492610100042E2));
#3002=CARTESIAN_POINT('',(-1.109327986999E2,3.357764716122E1,
-1.490499659058E2));
#3003=CARTESIAN_POINT('',(-1.100789541633E2,3.357865298549E1,
-1.488001402793E2));
#3004=CARTESIAN_POINT('',(-1.092875962050E2,3.358085588131E1,
-1.485454030367E2));
#3005=CARTESIAN_POINT('',(-1.086056918295E2,3.358424987181E1,
-1.483082970596E2));
#3006=CARTESIAN_POINT('',(-1.080013017477E2,3.358902254969E1,
-1.480840646878E2));
#3007=CARTESIAN_POINT('',(-1.074649638358E2,3.359529001699E1,
-1.478731519915E2));
#3008=CARTESIAN_POINT('',(-1.069851874665E2,3.360317822380E1,
-1.476741824733E2));
#3009=CARTESIAN_POINT('',(-1.065555277064E2,3.361270527726E1,
-1.474875501591E2));
#3010=CARTESIAN_POINT('',(-1.061684395995E2,3.362369107259E1,
-1.473121987197E2));
#3011=CARTESIAN_POINT('',(-1.058196581349E2,3.363599271352E1,
-1.471479013570E2));
#3012=CARTESIAN_POINT('',(-1.055048589378E2,3.364947679754E1,
-1.469938238749E2));
#3013=CARTESIAN_POINT('',(-1.052204521775E2,3.366414228715E1,
-1.468497496259E2));
#3014=CARTESIAN_POINT('',(-1.049633932568E2,3.367974405287E1,
-1.467153525535E2));
#3015=CARTESIAN_POINT('',(-1.047309685163E2,3.369608924265E1,
-1.465900516460E2));
#3016=CARTESIAN_POINT('',(-1.045206765570E2,3.371303938997E1,
-1.464731626040E2));
#3017=CARTESIAN_POINT('',(-1.043303928280E2,3.373049015618E1,
-1.463640032266E2));
#3018=CARTESIAN_POINT('',(-1.042150203820E2,3.374248904334E1,
-1.462955175620E2));
#3019=CARTESIAN_POINT('',(-1.041602736773E2,3.374854428658E1,
-1.462624250880E2));
#3021=CARTESIAN_POINT('',(-1.193598038802E2,2.785E1,-1.511153026979E2));
#3022=DIRECTION('',(8.508641051933E-1,0.E0,-5.253858339294E-1));
#3023=DIRECTION('',(9.620767314249E-2,9.830909160789E-1,1.558086465881E-1));
#3024=AXIS2_PLACEMENT_3D('',#3021,#3022,#3023);
#3026=CARTESIAN_POINT('',(-1.162074889153E2,2.785E1,-1.460101180429E2));
#3027=CARTESIAN_POINT('',(-1.159567676640E2,2.785774913237E1,
-1.461649317145E2));
#3028=CARTESIAN_POINT('',(-1.154054328437E2,2.791553039147E1,
-1.464489785231E2));
#3029=CARTESIAN_POINT('',(-1.144458784697E2,2.819628923024E1,
-1.467479649029E2));
#3030=CARTESIAN_POINT('',(-1.137051558246E2,2.837837715551E1,
-1.468301474205E2));
#3031=CARTESIAN_POINT('',(-1.133178660851E2,2.847935666815E1,
-1.468301474205E2));
#3033=CARTESIAN_POINT('',(-1.031929271774E2,2.785E1,-1.467834011419E2));
#3034=DIRECTION('',(-4.741770133667E-1,0.E0,-8.804295315325E-1));
#3035=DIRECTION('',(-8.804295315325E-1,0.E0,4.741770133667E-1));
#3036=AXIS2_PLACEMENT_3D('',#3033,#3034,#3035);
#3038=DIRECTION('',(0.E0,-1.E0,0.E0));
#3039=VECTOR('',#3038,1.51E1);
#3040=CARTESIAN_POINT('',(-1.133178667900E2,2.785E1,-1.358303654882E2));
#3041=LINE('',#3040,#3039);
#3042=CARTESIAN_POINT('',(-1.205886143578E2,3.485E1,-1.502402605384E2));
#3043=DIRECTION('',(9.954028413882E-1,-1.067442348319E-13,9.577673703088E-2));
#3044=DIRECTION('',(-1.136868377216E-13,-1.E0,2.842170943040E-14));
#3045=AXIS2_PLACEMENT_3D('',#3042,#3043,#3044);
#3047=CARTESIAN_POINT('',(-1.457830476768E2,3.485E1,-1.469233504666E2));
#3048=DIRECTION('',(9.366964684362E-1,0.E0,-3.501424367584E-1));
#3049=DIRECTION('',(0.E0,-1.E0,0.E0));
#3050=AXIS2_PLACEMENT_3D('',#3047,#3048,#3049);
#3052=CARTESIAN_POINT('',(-1.475646876966E2,3.473163639873E1,
-1.462227368542E2));
#3053=DIRECTION('',(9.179751960153E-1,1.167507299046E-1,-3.790657021777E-1));
#3054=DIRECTION('',(5.260321871412E-2,-9.830909087731E-1,-1.754000184394E-1));
#3055=AXIS2_PLACEMENT_3D('',#3052,#3053,#3054);
#3057=CARTESIAN_POINT('',(-1.475120844875E2,3.374854548189E1,
-1.463981368304E2));
#3058=CARTESIAN_POINT('',(-1.472963112728E2,3.377239266373E1,
-1.464670853342E2));
#3059=CARTESIAN_POINT('',(-1.468788373570E2,3.381120985893E1,
-1.465977917062E2));
#3060=CARTESIAN_POINT('',(-1.463031573680E2,3.384358653164E1,
-1.467717940809E2));
#3061=CARTESIAN_POINT('',(-1.459504449272E2,3.384999998030E1,
-1.468750302778E2));
#3062=CARTESIAN_POINT('',(-1.457830477518E2,3.385E1,-1.469233504450E2));
#3064=CARTESIAN_POINT('',(-1.505E2,2.785E1,-1.364352447854E2));
#3065=DIRECTION('',(0.E0,-1.E0,0.E0));
#3066=DIRECTION('',(2.872639184539E-1,0.E0,-9.578514713433E-1));
#3067=AXIS2_PLACEMENT_3D('',#3064,#3065,#3066);
#3069=CARTESIAN_POINT('',(-1.505E2,2.785E1,-1.364352447854E2));
#3070=DIRECTION('',(0.E0,-1.E0,0.E0));
#3071=DIRECTION('',(0.E0,0.E0,1.E0));
#3072=AXIS2_PLACEMENT_3D('',#3069,#3070,#3071);
#3074=CARTESIAN_POINT('',(-1.616671238975E2,3.385E1,-1.391821236483E2));
#3075=CARTESIAN_POINT('',(-1.614786995477E2,3.384999994119E1,
-1.392983152556E2));
#3076=CARTESIAN_POINT('',(-1.611174019413E2,3.383806318349E1,
-1.395220885024E2));
#3077=CARTESIAN_POINT('',(-1.606188586523E2,3.379608889426E1,
-1.398329604571E2));
#3078=CARTESIAN_POINT('',(-1.603166957654E2,3.375845329E1,-1.400223165655E2));
#3079=CARTESIAN_POINT('',(-1.601723822204E2,3.373835927701E1,
-1.401128852092E2));
#3081=CARTESIAN_POINT('',(-1.520942857484E2,3.358429981886E1,
-1.447029845545E2));
#3082=CARTESIAN_POINT('',(-1.518538208339E2,3.358592235329E1,
-1.448162048862E2));
#3083=CARTESIAN_POINT('',(-1.513935039668E2,3.358993896898E1,
-1.450256349634E2));
#3084=CARTESIAN_POINT('',(-1.507673331025E2,3.359842280701E1,
-1.452934855144E2));
#3085=CARTESIAN_POINT('',(-1.502023988716E2,3.360939639462E1,
-1.455210758150E2));
#3086=CARTESIAN_POINT('',(-1.496939126882E2,3.362276106717E1,
-1.457137805525E2));
#3087=CARTESIAN_POINT('',(-1.492336050808E2,3.363877870486E1,
-1.458779461019E2));
#3088=CARTESIAN_POINT('',(-1.488174334622E2,3.365712524196E1,
-1.460182954420E2));
#3089=CARTESIAN_POINT('',(-1.484415482803E2,3.367736330205E1,
-1.461380836753E2));
#3090=CARTESIAN_POINT('',(-1.481008309513E2,3.369930810463E1,
-1.462403800370E2));
#3091=CARTESIAN_POINT('',(-1.477913130349E2,3.372285768396E1,
-1.463272552845E2));
#3092=CARTESIAN_POINT('',(-1.476020561021E2,3.373979962282E1,
-1.463760999962E2));
#3093=CARTESIAN_POINT('',(-1.475120844875E2,3.374854548189E1,
-1.463981368304E2));
#3095=CARTESIAN_POINT('',(-1.522300250326E2,3.358353787842E1,
-1.446388720933E2));
#3096=CARTESIAN_POINT('',(-1.521848911870E2,3.358419971829E1,
-1.446610649392E2));
#3097=CARTESIAN_POINT('',(-1.521393591711E2,3.358358806303E1,
-1.446810287991E2));
#3098=CARTESIAN_POINT('',(-1.520942857484E2,3.358429981886E1,
-1.447029845545E2));
#3100=CARTESIAN_POINT('',(-1.471964650245E2,2.785E1,-1.474505367319E2));
#3101=DIRECTION('',(-9.578514736056E-1,0.E0,-2.872639109104E-1));
#3102=DIRECTION('',(-2.872639109104E-1,0.E0,9.578514736056E-1));
#3103=AXIS2_PLACEMENT_3D('',#3100,#3101,#3102);
#3105=CARTESIAN_POINT('',(-1.518756749259E2,3.443585966894E1,
-1.442264815325E2));
#3106=DIRECTION('',(8.886146412270E-1,2.804379410113E-2,-4.577964231068E-1));
#3107=DIRECTION('',(-2.186105183946E-1,-8.515598104784E-1,-4.765032323344E-1));
#3108=AXIS2_PLACEMENT_3D('',#3105,#3106,#3107);
#3110=CARTESIAN_POINT('',(-1.520064983694E2,3.443197122348E1,
-1.441590839215E2));
#3111=DIRECTION('',(8.886914173322E-1,2.477473093319E-2,-4.578359722295E-1));
#3112=DIRECTION('',(-2.235274943429E-1,-8.484302688161E-1,-4.797932244514E-1));
#3113=AXIS2_PLACEMENT_3D('',#3110,#3111,#3112);
#3115=CARTESIAN_POINT('',(-1.524644742376E2,3.443197124232E1,
-1.450480485463E2));
#3116=CARTESIAN_POINT('',(-1.524499384672E2,3.443237640521E1,
-1.450555370833E2));
#3117=CARTESIAN_POINT('',(-1.524208675096E2,3.443320477880E1,
-1.450705138569E2));
#3118=CARTESIAN_POINT('',(-1.523772595458E2,3.443450110964E1,
-1.450929798042E2));
#3119=CARTESIAN_POINT('',(-1.523481869642E2,3.443540094315E1,
-1.451079574144E2));
#3120=CARTESIAN_POINT('',(-1.523336508797E2,3.443585968735E1,
-1.451154461132E2));
#3122=DIRECTION('',(1.321462698627E-4,9.999999583561E-1,2.565643040740E-4));
#3123=VECTOR('',#3122,1.914141444848E0);
#3124=CARTESIAN_POINT('',(-1.523336508797E2,3.443585968735E1,
-1.451154461132E2));
#3125=LINE('',#3124,#3123);
#3126=DIRECTION('',(-8.889722613217E-1,-3.147034245266E-8,4.579610448505E-1));
#3127=VECTOR('',#3126,3.168445550433E1);
#3128=CARTESIAN_POINT('',(-1.523333979331E2,3.635000105249E1,
-1.451149550128E2));
#3129=LINE('',#3128,#3127);
#3130=DIRECTION('',(-3.586451632668E-7,-9.999999999984E-1,-1.742532995253E-6));
#3131=VECTOR('',#3130,2.411611834028E0);
#3132=CARTESIAN_POINT('',(-1.804999999915E2,3.635000005536E1,
-1.306047086645E2));
#3133=LINE('',#3132,#3131);
#3134=CARTESIAN_POINT('',(-1.805000008564E2,3.393838822134E1,
-1.306047128668E2));
#3135=CARTESIAN_POINT('',(-1.802754758728E2,3.412314580134E1,
-1.307203865685E2));
#3136=CARTESIAN_POINT('',(-1.797907318526E2,3.444270473726E1,
-1.309701047004E2));
#3137=CARTESIAN_POINT('',(-1.789261837298E2,3.476867028252E1,
-1.314155121508E2));
#3138=CARTESIAN_POINT('',(-1.782922318138E2,3.484994645817E1,
-1.317420980506E2));
#3139=CARTESIAN_POINT('',(-1.779579743258E2,3.484999999934E1,
-1.319143037927E2));
#3141=DIRECTION('',(8.889641521630E-1,4.048190312915E-11,-4.579767856225E-1));
#3142=VECTOR('',#3141,1.781047502955E1);
#3143=CARTESIAN_POINT('',(-1.779579743258E2,3.484999999934E1,
-1.319143037927E2));
#3144=LINE('',#3143,#3142);
#3145=CARTESIAN_POINT('',(-1.621251004916E2,3.485000000006E1,
-1.400710878971E2));
#3146=CARTESIAN_POINT('',(-1.619118415656E2,3.484999986728E1,
-1.401809546102E2));
#3147=CARTESIAN_POINT('',(-1.615035120857E2,3.483606725162E1,
-1.403913177645E2));
#3148=CARTESIAN_POINT('',(-1.609457562095E2,3.478712642471E1,
-1.406786623831E2));
#3149=CARTESIAN_POINT('',(-1.606099712776E2,3.474314681224E1,
-1.408516520535E2));
#3150=CARTESIAN_POINT('',(-1.604508854542E2,3.471975251355E1,
-1.409336098641E2));
#3152=CARTESIAN_POINT('',(-1.604508854542E2,3.471975251355E1,
-1.409336098641E2));
#3153=CARTESIAN_POINT('',(-1.603992308066E2,3.471215657270E1,
-1.409602213013E2));
#3154=CARTESIAN_POINT('',(-1.602930804499E2,3.469733829501E1,
-1.410149078334E2));
#3155=CARTESIAN_POINT('',(-1.601335190835E2,3.467685825359E1,
-1.410971106452E2));
#3156=CARTESIAN_POINT('',(-1.599492040292E2,3.465501678233E1,
-1.411920660599E2));
#3157=CARTESIAN_POINT('',(-1.597474993018E2,3.463302015773E1,
-1.412959802850E2));
#3158=CARTESIAN_POINT('',(-1.595241886056E2,3.461059789674E1,
-1.414110254714E2));
#3159=CARTESIAN_POINT('',(-1.592787691896E2,3.458802626324E1,
-1.415374606262E2));
#3160=CARTESIAN_POINT('',(-1.590105801574E2,3.456557593080E1,
-1.416756262300E2));
#3161=CARTESIAN_POINT('',(-1.587193365807E2,3.454366432847E1,
-1.418256690722E2));
#3162=CARTESIAN_POINT('',(-1.584033154608E2,3.452241123479E1,
-1.419884768071E2));
#3163=CARTESIAN_POINT('',(-1.580604316401E2,3.450184459528E1,
-1.421651236660E2));
#3164=CARTESIAN_POINT('',(-1.576878110422E2,3.448208564604E1,
-1.423570903154E2));
#3165=CARTESIAN_POINT('',(-1.572836796852E2,3.446343058380E1,
-1.425652906751E2));
#3166=CARTESIAN_POINT('',(-1.568455286836E2,3.444628429764E1,
-1.427910172725E2));
#3167=CARTESIAN_POINT('',(-1.563656250375E2,3.443108127724E1,
-1.430382539939E2));
#3168=CARTESIAN_POINT('',(-1.558407589818E2,3.441846815008E1,
-1.433086544459E2));
#3169=CARTESIAN_POINT('',(-1.552753591097E2,3.440935360101E1,
-1.435999371061E2));
#3170=CARTESIAN_POINT('',(-1.546624891616E2,3.440455591101E1,
-1.439156753962E2));
#3171=CARTESIAN_POINT('',(-1.539955325922E2,3.440528205276E1,
-1.442592780275E2));
#3172=CARTESIAN_POINT('',(-1.532698259024E2,3.441300465044E1,
-1.446331475410E2));
#3173=CARTESIAN_POINT('',(-1.527401842929E2,3.442428631399E1,
-1.449060082624E2));
#3174=CARTESIAN_POINT('',(-1.524644742376E2,3.443197124232E1,
-1.450480485463E2));
#3176=CARTESIAN_POINT('',(-1.623379197158E2,5.249999990066E1,
-1.581288342453E2));
#3177=CARTESIAN_POINT('',(-1.624014119048E2,5.250003868685E1,
-1.580399328472E2));
#3178=CARTESIAN_POINT('',(-1.625319972518E2,5.248107317502E1,
-1.578432253899E2));
#3179=CARTESIAN_POINT('',(-1.627558023798E2,5.241362348430E1,
-1.575129477474E2));
#3180=CARTESIAN_POINT('',(-1.629980377043E2,5.231542960122E1,
-1.571502783724E2));
#3181=CARTESIAN_POINT('',(-1.632609185555E2,5.219319722323E1,
-1.567608745694E2));
#3182=CARTESIAN_POINT('',(-1.635505676223E2,5.204262710385E1,
-1.563285476825E2));
#3183=CARTESIAN_POINT('',(-1.638697549438E2,5.186231380482E1,
-1.558500362937E2));
#3184=CARTESIAN_POINT('',(-1.642215459624E2,5.165070010638E1,
-1.553217557301E2));
#3185=CARTESIAN_POINT('',(-1.646094723421E2,5.140539724305E1,
-1.547391463889E2));
#3186=CARTESIAN_POINT('',(-1.650372365772E2,5.112382946786E1,
-1.540975355107E2));
#3187=CARTESIAN_POINT('',(-1.655095651080E2,5.079977939093E1,
-1.533869282004E2));
#3188=CARTESIAN_POINT('',(-1.660294657707E2,5.043061961839E1,
-1.526036799725E2));
#3189=CARTESIAN_POINT('',(-1.666001470029E2,5.001339547066E1,
-1.517437205535E2));
#3190=CARTESIAN_POINT('',(-1.672258993104E2,4.954266763955E1,
-1.507996706777E2));
#3191=CARTESIAN_POINT('',(-1.679140466292E2,4.901127222647E1,
-1.497610550587E2));
#3192=CARTESIAN_POINT('',(-1.686716012107E2,4.841075653935E1,
-1.486168832800E2));
#3193=CARTESIAN_POINT('',(-1.695083291135E2,4.772967735495E1,
-1.473517409276E2));
#3194=CARTESIAN_POINT('',(-1.704149409154E2,4.697339088864E1,
-1.459795665803E2));
#3195=CARTESIAN_POINT('',(-1.714380511736E2,4.609795289788E1,
-1.444296838967E2));
#3196=CARTESIAN_POINT('',(-1.724617815062E2,4.519759332245E1,
-1.428779255530E2));
#3197=CARTESIAN_POINT('',(-1.733317976807E2,4.441246724249E1,
-1.415583444351E2));
#3198=CARTESIAN_POINT('',(-1.741029154145E2,4.370111403654E1,
-1.403872727720E2));
#3199=CARTESIAN_POINT('',(-1.747845041791E2,4.305969617452E1,
-1.393513781569E2));
#3200=CARTESIAN_POINT('',(-1.753945289887E2,4.247488194597E1,
-1.384236297294E2));
#3201=CARTESIAN_POINT('',(-1.759431245863E2,4.193922611763E1,
-1.375887635009E2));
#3202=CARTESIAN_POINT('',(-1.764378147530E2,4.144735201720E1,
-1.368357262164E2));
#3203=CARTESIAN_POINT('',(-1.768850221592E2,4.099405560176E1,
-1.361544338741E2));
#3204=CARTESIAN_POINT('',(-1.772889366055E2,4.057677422102E1,
-1.355385990401E2));
#3205=CARTESIAN_POINT('',(-1.776533918528E2,4.019296781475E1,
-1.349824497108E2));
#3206=CARTESIAN_POINT('',(-1.779820752693E2,3.984010292503E1,
-1.344804963104E2));
#3207=CARTESIAN_POINT('',(-1.782782229408E2,3.951583249788E1,
-1.340278573226E2));
#3208=CARTESIAN_POINT('',(-1.785447950812E2,3.921796757150E1,
-1.336201059076E2));
#3209=CARTESIAN_POINT('',(-1.787846055461E2,3.894427039213E1,
-1.332530024705E2));
#3210=CARTESIAN_POINT('',(-1.789996981488E2,3.869323618269E1,
-1.329234993591E2));
#3211=CARTESIAN_POINT('',(-1.791929255268E2,3.846226955366E1,
-1.326272194815E2));
#3212=CARTESIAN_POINT('',(-1.793668587449E2,3.824901563767E1,
-1.323602564446E2));
#3213=CARTESIAN_POINT('',(-1.795229759168E2,3.805232465705E1,
-1.321203713679E2));
#3214=CARTESIAN_POINT('',(-1.796631362904E2,3.787052576589E1,
-1.319047633493E2));
#3215=CARTESIAN_POINT('',(-1.797887753689E2,3.770232273689E1,
-1.317112370787E2));
#3216=CARTESIAN_POINT('',(-1.799012728669E2,3.754645195354E1,
-1.315377220214E2));
#3217=CARTESIAN_POINT('',(-1.800018183399E2,3.740175350960E1,
-1.313824019907E2));
#3218=CARTESIAN_POINT('',(-1.800914783283E2,3.726715054675E1,
-1.312436644955E2));
#3219=CARTESIAN_POINT('',(-1.801711827407E2,3.714165016291E1,
-1.311201097037E2));
#3220=CARTESIAN_POINT('',(-1.802417309308E2,3.702424996834E1,
-1.310105027253E2));
#3221=CARTESIAN_POINT('',(-1.803037170215E2,3.691417746849E1,
-1.309140082317E2));
#3222=CARTESIAN_POINT('',(-1.803577570993E2,3.681043556874E1,
-1.308297580113E2));
#3223=CARTESIAN_POINT('',(-1.804039780154E2,3.671127401054E1,
-1.307570054274E2));
#3224=CARTESIAN_POINT('',(-1.804428965221E2,3.661641938361E1,
-1.306959434346E2));
#3225=CARTESIAN_POINT('',(-1.804740052350E2,3.652501869497E1,
-1.306472811579E2));
#3226=CARTESIAN_POINT('',(-1.804936357819E2,3.643380139696E1,
-1.306139553401E2));
#3227=CARTESIAN_POINT('',(-1.804989316630E2,3.637682830488E1,
-1.306052590623E2));
#3228=CARTESIAN_POINT('',(-1.804999999915E2,3.635000005536E1,
-1.306047086645E2));
#3230=CARTESIAN_POINT('',(-8.622524108708E1,3.635053162720E1,
-1.355221721986E2));
#3231=CARTESIAN_POINT('',(-8.622633327194E1,3.637972579163E1,
-1.355233152320E2));
#3232=CARTESIAN_POINT('',(-8.622892100540E1,3.644146923650E1,
-1.355328135074E2));
#3233=CARTESIAN_POINT('',(-8.623505747841E1,3.654066503586E1,
-1.355731313462E2));
#3234=CARTESIAN_POINT('',(-8.624695311852E1,3.664107306605E1,
-1.356310125977E2));
#3235=CARTESIAN_POINT('',(-8.626253996026E1,3.674471249307E1,
-1.357035105268E2));
#3236=CARTESIAN_POINT('',(-8.628064892500E1,3.685461394809E1,
-1.357898040894E2));
#3237=CARTESIAN_POINT('',(-8.630214535320E1,3.696998568771E1,
-1.358897818387E2));
#3238=CARTESIAN_POINT('',(-8.632700312504E1,3.709201299198E1,
-1.360037631522E2));
#3239=CARTESIAN_POINT('',(-8.635520515989E1,3.722246401238E1,
-1.361329564125E2));
#3240=CARTESIAN_POINT('',(-8.638725732233E1,3.736208669092E1,
-1.362784727340E2));
#3241=CARTESIAN_POINT('',(-8.642340932813E1,3.751186623826E1,
-1.364414529158E2));
#3242=CARTESIAN_POINT('',(-8.646412577281E1,3.767296413950E1,
-1.366234822966E2));
#3243=CARTESIAN_POINT('',(-8.650988548273E1,3.784653834851E1,
-1.368262235075E2));
#3244=CARTESIAN_POINT('',(-8.656129532234E1,3.803397772860E1,
-1.370517209676E2));
#3245=CARTESIAN_POINT('',(-8.661899192090E1,3.823664710500E1,
-1.373020716166E2));
#3246=CARTESIAN_POINT('',(-8.668357314148E1,3.845570358735E1,
-1.375791218726E2));
#3247=CARTESIAN_POINT('',(-8.675623072333E1,3.869375092976E1,
-1.378867131056E2));
#3248=CARTESIAN_POINT('',(-8.683786798957E1,3.895267889930E1,
-1.382278094485E2));
#3249=CARTESIAN_POINT('',(-8.692943588221E1,3.923417341790E1,
-1.386052261566E2));
#3250=CARTESIAN_POINT('',(-8.703207513015E1,3.954041983360E1,
-1.390224879336E2));
#3251=CARTESIAN_POINT('',(-8.714709217311E1,3.987365640083E1,
-1.394833350927E2));
#3252=CARTESIAN_POINT('',(-8.727603756258E1,4.023648389379E1,
-1.399921078304E2));
#3253=CARTESIAN_POINT('',(-8.742074411953E1,4.063188167489E1,
-1.405538020899E2));
#3254=CARTESIAN_POINT('',(-8.758338541729E1,4.106305648867E1,
-1.411739077033E2));
#3255=CARTESIAN_POINT('',(-8.776645860945E1,4.153391243022E1,
-1.418590085137E2));
#3256=CARTESIAN_POINT('',(-8.797274404623E1,4.204756669381E1,
-1.426143638774E2));
#3257=CARTESIAN_POINT('',(-8.820513487881E1,4.260834753751E1,
-1.434465705055E2));
#3258=CARTESIAN_POINT('',(-8.846765515731E1,4.322175403081E1,
-1.443645773896E2));
#3259=CARTESIAN_POINT('',(-8.876433919280E1,4.389211796006E1,
-1.453761206307E2));
#3260=CARTESIAN_POINT('',(-8.909819334837E1,4.462016753336E1,
-1.464842222396E2));
#3261=CARTESIAN_POINT('',(-8.947471643011E1,4.541049031364E1,
-1.476991117225E2));
#3262=CARTESIAN_POINT('',(-8.990429538366E1,4.627565817082E1,
-1.490450206350E2));
#3263=CARTESIAN_POINT('',(-9.032303569970E1,4.708452826942E1,
-1.503182757580E2));
#3264=CARTESIAN_POINT('',(-9.069246246275E1,4.777270641973E1,
-1.514136244730E2));
#3265=CARTESIAN_POINT('',(-9.103114073487E1,4.838263849057E1,
-1.523956977564E2));
#3266=CARTESIAN_POINT('',(-9.133998639261E1,4.892043834084E1,
-1.532730181808E2));
#3267=CARTESIAN_POINT('',(-9.162372599353E1,4.939901426666E1,
-1.540654322002E2));
#3268=CARTESIAN_POINT('',(-9.188433656811E1,4.982555719569E1,
-1.547832142307E2));
#3269=CARTESIAN_POINT('',(-9.212361013568E1,5.020590458124E1,
-1.554343458625E2));
#3270=CARTESIAN_POINT('',(-9.234361975059E1,5.054540994116E1,
-1.560265484631E2));
#3271=CARTESIAN_POINT('',(-9.254645173846E1,5.084866897037E1,
-1.565666440994E2));
#3272=CARTESIAN_POINT('',(-9.273339891981E1,5.111879104670E1,
-1.570590963146E2));
#3273=CARTESIAN_POINT('',(-9.290573634423E1,5.135850840693E1,
-1.575079208212E2));
#3274=CARTESIAN_POINT('',(-9.306442607757E1,5.157091865581E1,
-1.579177731167E2));
#3275=CARTESIAN_POINT('',(-9.321062751741E1,5.175773627029E1,
-1.582915500080E2));
#3276=CARTESIAN_POINT('',(-9.334528467911E1,5.192149726049E1,
-1.586333579633E2));
#3277=CARTESIAN_POINT('',(-9.346898907063E1,5.206423614373E1,
-1.589466820357E2));
#3278=CARTESIAN_POINT('',(-9.358279403699E1,5.218670297001E1,
-1.592333387135E2));
#3279=CARTESIAN_POINT('',(-9.368726006642E1,5.228891630070E1,
-1.594935294281E2));
#3280=CARTESIAN_POINT('',(-9.378419925309E1,5.237331220377E1,
-1.597331717492E2));
#3281=CARTESIAN_POINT('',(-9.387600876374E1,5.244139823757E1,
-1.599610467852E2));
#3282=CARTESIAN_POINT('',(-9.396281180836E1,5.248851775476E1,
-1.601714644185E2));
#3283=CARTESIAN_POINT('',(-9.401356886256E1,5.250042250488E1,
-1.602972301294E2));
#3284=CARTESIAN_POINT('',(-9.403878114940E1,5.250024488403E1,
-1.603544272536E2));
#3286=CARTESIAN_POINT('',(-1.597302454344E2,5.250024493348E1,
-1.594727488611E2));
#3287=CARTESIAN_POINT('',(-1.596951252707E2,5.250058050803E1,
-1.594045781843E2));
#3288=CARTESIAN_POINT('',(-1.595416365522E2,5.242895454870E1,
-1.591066459472E2));
#3289=CARTESIAN_POINT('',(-1.590046566184E2,5.176406742758E1,
-1.580643305881E2));
#3290=CARTESIAN_POINT('',(-1.576307103368E2,4.935735531084E1,
-1.553974054363E2));
#3291=CARTESIAN_POINT('',(-1.556453133685E2,4.528503747346E1,
-1.515436120670E2));
#3292=CARTESIAN_POINT('',(-1.537781358785E2,4.094699640325E1,
-1.479192907813E2));
#3293=CARTESIAN_POINT('',(-1.526729153727E2,3.794025422337E1,
-1.457739814247E2));
#3294=CARTESIAN_POINT('',(-1.523659559879E2,3.676437952139E1,
-1.451781507256E2));
#3295=CARTESIAN_POINT('',(-1.523334824542E2,3.642708163209E1,
-1.451151190742E2));
#3296=CARTESIAN_POINT('',(-1.523333979331E2,3.635000105249E1,
-1.451149550128E2));
#3298=CARTESIAN_POINT('',(-1.26E2,3.635000177267E1,-9.4E1));
#3299=DIRECTION('',(8.249335167493E-14,-1.E0,-1.529564228973E-13));
#3300=DIRECTION('',(-4.579765231817E-1,9.824403191174E-14,-8.889642873673E-1));
#3301=AXIS2_PLACEMENT_3D('',#3298,#3299,#3300);
#3303=CARTESIAN_POINT('',(-1.26E2,3.635000177267E1,-9.4E1));
#3304=DIRECTION('',(8.249335167493E-14,-1.E0,-1.529564228973E-13));
#3305=DIRECTION('',(-1.779514540288E-14,1.529888195053E-13,-1.E0));
#3306=AXIS2_PLACEMENT_3D('',#3303,#3304,#3305);
#3308=CARTESIAN_POINT('',(-7.850397858906E1,3.499396465046E1,
-1.520808169404E2));
#3309=CARTESIAN_POINT('',(-7.845072864305E1,3.503288894579E1,
-1.521950159455E2));
#3310=CARTESIAN_POINT('',(-7.835600455470E1,3.512857015522E1,
-1.524361408620E2));
#3311=CARTESIAN_POINT('',(-7.825887656086E1,3.532557510114E1,
-1.528271889515E2));
#3312=CARTESIAN_POINT('',(-7.821345014096E1,3.559019115416E1,
-1.532551834697E2));
#3313=CARTESIAN_POINT('',(-7.823256622640E1,3.593021290152E1,
-1.537132159454E2));
#3314=CARTESIAN_POINT('',(-7.832990600415E1,3.635452033418E1,
-1.541941762772E2));
#3315=CARTESIAN_POINT('',(-7.851553148536E1,3.685897694015E1,
-1.546773217985E2));
#3316=CARTESIAN_POINT('',(-7.880323667547E1,3.745201655601E1,
-1.551529372155E2));
#3317=CARTESIAN_POINT('',(-7.919297187969E1,3.811067082368E1,
-1.555816439141E2));
#3318=CARTESIAN_POINT('',(-7.962694341952E1,3.874659301226E1,
-1.559066294619E2));
#3319=CARTESIAN_POINT('',(-8.007633612236E1,3.933906222284E1,
-1.561351008534E2));
#3320=CARTESIAN_POINT('',(-8.052185286534E1,3.987703406999E1,
-1.562769120644E2));
#3321=CARTESIAN_POINT('',(-8.080040291705E1,4.018903104653E1,
-1.563217932773E2));
#3322=CARTESIAN_POINT('',(-8.093384930112E1,4.033399681350E1,
-1.563347106267E2));
#3324=CARTESIAN_POINT('',(-8.093384930112E1,4.033399681350E1,
-1.563347106267E2));
#3325=CARTESIAN_POINT('',(-8.112148697023E1,4.053783146344E1,
-1.563528728275E2));
#3326=CARTESIAN_POINT('',(-8.148870773585E1,4.094701980505E1,
-1.564235723081E2));
#3327=CARTESIAN_POINT('',(-8.201601251655E1,4.156608876317E1,
-1.566326720224E2));
#3328=CARTESIAN_POINT('',(-8.248364817888E1,4.214936817780E1,
-1.569299425612E2));
#3329=CARTESIAN_POINT('',(-8.286940606582E1,4.266621979559E1,
-1.572866451568E2));
#3330=CARTESIAN_POINT('',(-8.317087657925E1,4.310806534224E1,
-1.576788921127E2));
#3331=CARTESIAN_POINT('',(-8.339256680020E1,4.347501945392E1,
-1.580887894919E2));
#3332=CARTESIAN_POINT('',(-8.354130522377E1,4.377012624735E1,
-1.585014876636E2));
#3333=CARTESIAN_POINT('',(-8.362579438124E1,4.400066117314E1,
-1.589100508744E2));
#3334=CARTESIAN_POINT('',(-8.365315377099E1,4.417109057721E1,
-1.593052598266E2));
#3335=CARTESIAN_POINT('',(-8.363787950204E1,4.424948627119E1,
-1.595597677031E2));
#3336=CARTESIAN_POINT('',(-8.362285601307E1,4.428030587674E1,
-1.596832074202E2));
#3338=CARTESIAN_POINT('',(-8.362285601307E1,4.428030587674E1,
-1.596832074202E2));
#3339=CARTESIAN_POINT('',(-8.352142376907E1,4.448838719170E1,
-1.605166212092E2));
#3340=CARTESIAN_POINT('',(-8.331686768382E1,4.490370133201E1,
-1.621974540789E2));
#3341=CARTESIAN_POINT('',(-8.300483806438E1,4.552469949939E1,
-1.647605811959E2));
#3342=CARTESIAN_POINT('',(-8.279367986546E1,4.593760698397E1,
-1.664971838717E2));
#3343=CARTESIAN_POINT('',(-8.268714805126E1,4.614354531025E1,
-1.673724980659E2));
#3345=CARTESIAN_POINT('',(-8.268714805126E1,4.614354531025E1,
-1.673724980659E2));
#3346=CARTESIAN_POINT('',(-8.266781120717E1,4.618092415814E1,
-1.675313740441E2));
#3347=CARTESIAN_POINT('',(-8.261388754783E1,4.624070906213E1,
-1.678453195551E2));
#3348=CARTESIAN_POINT('',(-8.249128717070E1,4.628698023424E1,
-1.682984735497E2));
#3349=CARTESIAN_POINT('',(-8.238271676374E1,4.629062090657E1,
-1.685904527433E2));
#3350=CARTESIAN_POINT('',(-8.232187648035E1,4.628536396579E1,
-1.687328591118E2));
#3352=DIRECTION('',(-6.764046489516E-9,-1.E0,-3.140623604406E-9));
#3353=VECTOR('',#3352,2.174396465046E1);
#3354=CARTESIAN_POINT('',(-7.850397858906E1,3.499396465046E1,
-1.520808169404E2));
#3355=LINE('',#3354,#3353);
#3356=DIRECTION('',(4.665603466629E-7,9.999999999999E-1,1.723331014403E-7));
#3357=VECTOR('',#3356,2.708399681351E1);
#3358=CARTESIAN_POINT('',(-8.093386193744E1,1.325E1,-1.563347152941E2));
#3359=LINE('',#3358,#3357);
#3360=DIRECTION('',(1.064597257615E-7,-1.E0,5.235463582026E-8));
#3361=VECTOR('',#3360,3.103030587675E1);
#3362=CARTESIAN_POINT('',(-8.362285601307E1,4.428030587674E1,
-1.596832074202E2));
#3363=LINE('',#3362,#3361);
#3364=DIRECTION('',(-3.896922414551E-6,9.999999999907E-1,-1.850789071120E-6));
#3365=VECTOR('',#3364,3.289354531056E1);
#3366=CARTESIAN_POINT('',(-8.268701986767E1,1.325E1,-1.673724371869E2));
#3367=LINE('',#3366,#3365);
#3368=DIRECTION('',(5.753149984711E-7,9.999999999998E-1,-1.731751646874E-8));
#3369=VECTOR('',#3368,2.606282800961E1);
#3370=CARTESIAN_POINT('',(-7.570886417744E1,1.325E1,-1.713444520922E2));
#3371=LINE('',#3370,#3369);
#3372=DIRECTION('',(3.269389377718E-14,1.E0,9.738515924672E-12));
#3373=VECTOR('',#3372,1.999453847114E1);
#3374=CARTESIAN_POINT('',(-7.15E1,1.325E1,-1.740901118308E2));
#3375=LINE('',#3374,#3373);
#3376=CARTESIAN_POINT('',(-7.15E1,3.324453847114E1,-1.740901118307E2));
#3377=CARTESIAN_POINT('',(-7.150000000001E1,3.330352440328E1,
-1.739641669882E2));
#3378=CARTESIAN_POINT('',(-7.151593210008E1,3.344242958485E1,
-1.737049569470E2));
#3379=CARTESIAN_POINT('',(-7.159490738191E1,3.370999859469E1,
-1.733029780340E2));
#3380=CARTESIAN_POINT('',(-7.173759735701E1,3.404754498621E1,
-1.728916952730E2));
#3381=CARTESIAN_POINT('',(-7.195264436154E1,3.446030737184E1,
-1.724818886698E2));
#3382=CARTESIAN_POINT('',(-7.224695426655E1,3.495246453505E1,
-1.720875277395E2));
#3383=CARTESIAN_POINT('',(-7.262870773827E1,3.552838165557E1,
-1.717248162554E2));
#3384=CARTESIAN_POINT('',(-7.308266239878E1,3.616057073588E1,
-1.714275322333E2));
#3385=CARTESIAN_POINT('',(-7.357820791575E1,3.680872174815E1,
-1.712190270181E2));
#3386=CARTESIAN_POINT('',(-7.407266614728E1,3.742530702682E1,
-1.711081443025E2));
#3387=CARTESIAN_POINT('',(-7.436397412745E1,3.777389534519E1,
-1.710900387534E2));
#3388=CARTESIAN_POINT('',(-7.450015256471E1,3.793606686108E1,
-1.710900433955E2));
#3390=CARTESIAN_POINT('',(-7.450015256471E1,3.793606686108E1,
-1.710900433955E2));
#3391=CARTESIAN_POINT('',(-7.464252416857E1,3.810483612878E1,
-1.710900482486E2));
#3392=CARTESIAN_POINT('',(-7.492345946924E1,3.843266296168E1,
-1.711104687752E2));
#3393=CARTESIAN_POINT('',(-7.532707406899E1,3.889144658389E1,
-1.711966508060E2));
#3394=CARTESIAN_POINT('',(-7.558421538813E1,3.917632246066E1,
-1.712895786995E2));
#3395=CARTESIAN_POINT('',(-7.570884918310E1,3.931282800960E1,
-1.713444525436E2));
#3397=DIRECTION('',(2.462085060510E-14,1.E0,0.E0));
#3398=VECTOR('',#3397,1.558407073194E1);
#3399=CARTESIAN_POINT('',(-7.15E1,1.325E1,-2.395E2));
#3400=LINE('',#3399,#3398);
#3401=DIRECTION('',(1.956058527603E-14,7.403420942783E-2,9.972557023324E-1));
#3402=VECTOR('',#3401,5.957337524428E1);
#3403=CARTESIAN_POINT('',(-7.15E1,2.883407073198E1,-2.335000000002E2));
#3404=LINE('',#3403,#3402);
#3405=DIRECTION('',(1.468454987287E-13,-7.180034345097E-12,-1.E0));
#3406=VECTOR('',#3405,5.999999999798E0);
#3407=CARTESIAN_POINT('',(-7.15E1,2.883407073198E1,-2.335000000002E2));
#3408=LINE('',#3407,#3406);
#3409=DIRECTION('',(-1.421085471521E-14,-9.473903143476E-14,1.E0));
#3410=VECTOR('',#3409,5.999999999995E0);
#3411=CARTESIAN_POINT('',(-9.516592926807E1,5.25E1,-2.395E2));
#3412=LINE('',#3411,#3410);
#3413=DIRECTION('',(-1.E0,2.673336133677E-14,0.E0));
#3414=VECTOR('',#3413,6.166299576763E1);
#3415=CARTESIAN_POINT('',(-9.516592926807E1,5.25E1,-2.395E2));
#3416=LINE('',#3415,#3414);
#3417=DIRECTION('',(-7.289735382218E-2,-8.882326989705E-10,9.973394486361E-1));
#3418=VECTOR('',#3417,7.557222955241E1);
#3419=CARTESIAN_POINT('',(-1.568289041590E2,5.249999996779E1,
-2.334999999993E2));
#3420=LINE('',#3419,#3418);
#3421=DIRECTION('',(8.888958188723E-1,8.352601806858E-5,-4.581093932837E-1));
#3422=VECTOR('',#3421,2.933610695450E0);
#3423=CARTESIAN_POINT('',(-1.623379197158E2,5.249999990066E1,
-1.581288342453E2));
#3424=LINE('',#3423,#3422);
#3425=CARTESIAN_POINT('',(-1.26E2,5.250073492316E1,-9.4E1));
#3426=DIRECTION('',(8.249335167493E-14,-1.E0,-1.529564228973E-13));
#3427=DIRECTION('',(-4.579765439080E-1,9.821109062029E-14,-8.889642766895E-1));
#3428=AXIS2_PLACEMENT_3D('',#3425,#3426,#3427);
#3430=DIRECTION('',(3.543930286583E-1,-2.411904914982E-5,-9.350965622099E-1));
#3431=VECTOR('',#3430,1.015313803229E1);
#3432=CARTESIAN_POINT('',(-9.403878114940E1,5.250024488403E1,
-1.603544272536E2));
#3433=LINE('',#3432,#3431);
#3434=DIRECTION('',(-7.403420942915E-2,2.449127507428E-14,-9.972557023323E-1));
#3435=VECTOR('',#3434,6.382656737680E1);
#3436=CARTESIAN_POINT('',(-9.044057981175E1,5.25E1,-1.698485917232E2));
#3437=LINE('',#3436,#3435);
#3438=DIRECTION('',(-3.479447617896E-6,5.369166444121E-9,-9.999999999939E-1));
#3439=VECTOR('',#3438,6.000000000736E0);
#3440=CARTESIAN_POINT('',(-1.568289041590E2,5.249999996779E1,
-2.334999999993E2));
#3441=LINE('',#3440,#3439);
#3442=DIRECTION('',(-3.836930773108E-13,5.891583517350E-13,1.E0));
#3443=VECTOR('',#3442,5.999999999994E0);
#3444=CARTESIAN_POINT('',(-1.805E2,2.882892503533E1,-2.395E2));
#3445=LINE('',#3444,#3443);
#3446=CARTESIAN_POINT('',(-1.774998208147E2,3.784395000722E1,
-1.713675837624E2));
#3447=CARTESIAN_POINT('',(-1.773889141574E2,3.797552046982E1,
-1.713675882873E2));
#3448=CARTESIAN_POINT('',(-1.771707821754E2,3.823106072710E1,
-1.713800866403E2));
#3449=CARTESIAN_POINT('',(-1.768579745067E2,3.859023438940E1,
-1.714316318481E2));
#3450=CARTESIAN_POINT('',(-1.766591157206E2,3.881406083855E1,
-1.714861617191E2));
#3451=CARTESIAN_POINT('',(-1.765625049626E2,3.892186096299E1,
-1.715179442136E2));
#3453=CARTESIAN_POINT('',(-1.765000172764E2,4.006431908377E1,
-1.559555712793E2));
#3454=CARTESIAN_POINT('',(-1.766019837984E2,3.994712742963E1,
-1.559916216447E2));
#3455=CARTESIAN_POINT('',(-1.768126568359E2,3.970453267064E1,
-1.560536917100E2));
#3456=CARTESIAN_POINT('',(-1.771463490110E2,3.931763222929E1,
-1.561128418345E2));
#3457=CARTESIAN_POINT('',(-1.773804937775E2,3.904400355064E1,
-1.561271856970E2));
#3458=CARTESIAN_POINT('',(-1.774999182430E2,3.890360135067E1,
-1.561271870396E2));
#3460=CARTESIAN_POINT('',(-1.568289041590E2,5.249999996779E1,
-2.334999999993E2));
#3461=CARTESIAN_POINT('',(-1.568744512710E2,5.250007205170E1,
-2.334947944519E2));
#3462=CARTESIAN_POINT('',(-1.569732433596E2,5.248974172005E1,
-2.334866182421E2));
#3463=CARTESIAN_POINT('',(-1.571344000365E2,5.244919576926E1,
-2.334814268209E2));
#3464=CARTESIAN_POINT('',(-1.573089507866E2,5.238755003821E1,
-2.334822035786E2));
#3465=CARTESIAN_POINT('',(-1.574970128713E2,5.230667449563E1,
-2.334883565817E2));
#3466=CARTESIAN_POINT('',(-1.576999637273E2,5.220728579216E1,
-2.334952808999E2));
#3467=CARTESIAN_POINT('',(-1.579198869550E2,5.208899410953E1,
-2.334994856521E2));
#3468=CARTESIAN_POINT('',(-1.581587162557E2,5.195088106791E1,
-2.335013657404E2));
#3469=CARTESIAN_POINT('',(-1.584186111799E2,5.179147428402E1,
-2.335007906276E2));
#3470=CARTESIAN_POINT('',(-1.587018830006E2,5.160881857483E1,
-2.334987488401E2));
#3471=CARTESIAN_POINT('',(-1.590111209901E2,5.140053389684E1,
-2.334965465254E2));
#3472=CARTESIAN_POINT('',(-1.593492328121E2,5.116382628296E1,
-2.334949725125E2));
#3473=CARTESIAN_POINT('',(-1.597194773622E2,5.089545120886E1,
-2.334947247817E2));
#3474=CARTESIAN_POINT('',(-1.601255385485E2,5.059164565674E1,
-2.334965441481E2));
#3475=CARTESIAN_POINT('',(-1.605716293287E2,5.024806467366E1,
-2.335003630370E2));
#3476=CARTESIAN_POINT('',(-1.610623564577E2,4.985992147404E1,
-2.335050837219E2));
#3477=CARTESIAN_POINT('',(-1.616027038026E2,4.942209778756E1,
-2.335084658516E2));
#3478=CARTESIAN_POINT('',(-1.621983486829E2,4.892852345150E1,
-2.335076825316E2));
#3479=CARTESIAN_POINT('',(-1.628554717590E2,4.837202485976E1,
-2.335040758467E2));
#3480=CARTESIAN_POINT('',(-1.635809257079E2,4.774429941E1,-2.334992146859E2));
#3481=CARTESIAN_POINT('',(-1.643825831834E2,4.703539948541E1,
-2.334974492873E2));
#3482=CARTESIAN_POINT('',(-1.652685207071E2,4.623409091672E1,
-2.335051035888E2));
#3483=CARTESIAN_POINT('',(-1.662460438379E2,4.533090034846E1,
-2.335160066360E2));
#3484=CARTESIAN_POINT('',(-1.673233702013E2,4.431517108689E1,
-2.335181126306E2));
#3485=CARTESIAN_POINT('',(-1.685005798336E2,4.318216095925E1,
-2.335074712109E2));
#3486=CARTESIAN_POINT('',(-1.697945107214E2,4.190748830188E1,
-2.334985255200E2));
#3487=CARTESIAN_POINT('',(-1.711293557772E2,4.055541562547E1,
-2.335069048885E2));
#3488=CARTESIAN_POINT('',(-1.723124039680E2,3.932641479980E1,
-2.335184887317E2));
#3489=CARTESIAN_POINT('',(-1.733346814929E2,3.824201342852E1,
-2.335157076767E2));
#3490=CARTESIAN_POINT('',(-1.742388619292E2,3.726331437794E1,
-2.335049312659E2));
#3491=CARTESIAN_POINT('',(-1.750388555111E2,3.637868660114E1,
-2.334977947249E2));
#3492=CARTESIAN_POINT('',(-1.757473537482E2,3.557744911432E1,
-2.334990069162E2));
#3493=CARTESIAN_POINT('',(-1.763744881649E2,3.485258778757E1,
-2.335041419489E2));
#3494=CARTESIAN_POINT('',(-1.769305690506E2,3.419590203329E1,
-2.335077406346E2));
#3495=CARTESIAN_POINT('',(-1.774237784275E2,3.360066520701E1,
-2.335082600285E2));
#3496=CARTESIAN_POINT('',(-1.778612788333E2,3.306063808814E1,
-2.335053800520E2));
#3497=CARTESIAN_POINT('',(-1.782491857122E2,3.257019332896E1,
-2.335003358700E2));
#3498=CARTESIAN_POINT('',(-1.785925663429E2,3.212433493752E1,
-2.334963935246E2));
#3499=CARTESIAN_POINT('',(-1.788961999173E2,3.171845551186E1,
-2.334947859671E2));
#3500=CARTESIAN_POINT('',(-1.791644372580E2,3.134837493551E1,
-2.334949692926E2));
#3501=CARTESIAN_POINT('',(-1.794010273313E2,3.101040217357E1,
-2.334965458236E2));
#3502=CARTESIAN_POINT('',(-1.796092119702E2,3.070128428043E1,
-2.334987702145E2));
#3503=CARTESIAN_POINT('',(-1.797917824622E2,3.041812249989E1,
-2.335007646777E2));
#3504=CARTESIAN_POINT('',(-1.799511133124E2,3.015831977211E1,
-2.335014468468E2));
#3505=CARTESIAN_POINT('',(-1.800891695674E2,2.991958138238E1,
-2.334993494988E2));
#3506=CARTESIAN_POINT('',(-1.802074072626E2,2.969974526800E1,
-2.334950058703E2));
#3507=CARTESIAN_POINT('',(-1.803067418010E2,2.949685132885E1,
-2.334885214289E2));
#3508=CARTESIAN_POINT('',(-1.803875796686E2,2.930885943057E1,
-2.334823995036E2));
#3509=CARTESIAN_POINT('',(-1.804492021250E2,2.913435794977E1,
-2.334815735825E2));
#3510=CARTESIAN_POINT('',(-1.804897342097E2,2.897328303222E1,
-2.334867141526E2));
#3511=CARTESIAN_POINT('',(-1.805000672974E2,2.887445969183E1,
-2.334948294827E2));
#3512=CARTESIAN_POINT('',(-1.805E2,2.882892503534E1,-2.335E2));
#3514=CARTESIAN_POINT('',(-1.805E2,3.315116826600E1,-1.743676979623E2));
#3515=CARTESIAN_POINT('',(-1.805000377646E2,3.321106118756E1,
-1.742416604277E2));
#3516=CARTESIAN_POINT('',(-1.804840487134E2,3.335115455666E1,
-1.739810983923E2));
#3517=CARTESIAN_POINT('',(-1.804035645903E2,3.362206298854E1,
-1.735739738622E2));
#3518=CARTESIAN_POINT('',(-1.802580313637E2,3.396352310492E1,
-1.731587100980E2));
#3519=CARTESIAN_POINT('',(-1.800385146370E2,3.438267165994E1,
-1.727447477816E2));
#3520=CARTESIAN_POINT('',(-1.797369015526E2,3.488448960358E1,
-1.723469610715E2));
#3521=CARTESIAN_POINT('',(-1.793533548388E2,3.546106633932E1,
-1.719881338445E2));
#3522=CARTESIAN_POINT('',(-1.788888607513E2,3.610604663519E1,
-1.716892207934E2));
#3523=CARTESIAN_POINT('',(-1.783852493001E2,3.676217850338E1,
-1.714859154537E2));
#3524=CARTESIAN_POINT('',(-1.779158523046E2,3.734584412992E1,
-1.713854204250E2));
#3525=CARTESIAN_POINT('',(-1.776326320299E2,3.768639379320E1,
-1.713675783439E2));
#3526=CARTESIAN_POINT('',(-1.774998208147E2,3.784395000722E1,
-1.713675837624E2));
#3528=CARTESIAN_POINT('',(-7.772391787411E1,4.148049363549E1,
-1.717683131610E2));
#3529=CARTESIAN_POINT('',(-7.748617601886E1,4.122865631885E1,
-1.717683182470E2));
#3530=CARTESIAN_POINT('',(-7.701803108377E1,4.073004908673E1,
-1.717344844930E2));
#3531=CARTESIAN_POINT('',(-7.634630073112E1,4.000801903043E1,
-1.715910548272E2));
#3532=CARTESIAN_POINT('',(-7.591724428612E1,3.954107333201E1,
-1.714362056973E2));
#3533=CARTESIAN_POINT('',(-7.570884918310E1,3.931282800960E1,
-1.713444525436E2));
#3535=CARTESIAN_POINT('',(-7.15E1,2.883407073198E1,-2.335000000002E2));
#3536=CARTESIAN_POINT('',(-7.149992775177E1,2.887961254126E1,
-2.334948736634E2));
#3537=CARTESIAN_POINT('',(-7.151026225404E1,2.897845464523E1,
-2.334868225021E2));
#3538=CARTESIAN_POINT('',(-7.155080391158E1,2.913953203117E1,
-2.334817181723E2));
#3539=CARTESIAN_POINT('',(-7.161243024717E1,2.931401868760E1,
-2.334824826280E2));
#3540=CARTESIAN_POINT('',(-7.169327480298E1,2.950200061245E1,
-2.334885379503E2));
#3541=CARTESIAN_POINT('',(-7.179262166777E1,2.970486602537E1,
-2.334953534175E2));
#3542=CARTESIAN_POINT('',(-7.191085880729E1,2.992469144592E1,
-2.334994927461E2));
#3543=CARTESIAN_POINT('',(-7.204890422650E1,3.016341118870E1,
-2.335013431859E2));
#3544=CARTESIAN_POINT('',(-7.220822994491E1,3.042318391019E1,
-2.335007793116E2));
#3545=CARTESIAN_POINT('',(-7.239078976877E1,3.070631927932E1,
-2.334987708227E2));
#3546=CARTESIAN_POINT('',(-7.259896181271E1,3.101540435620E1,
-2.334966028933E2));
#3547=CARTESIAN_POINT('',(-7.283553774967E1,3.135334430695E1,
-2.334950528463E2));
#3548=CARTESIAN_POINT('',(-7.310375925770E1,3.172339524422E1,
-2.334948064566E2));
#3549=CARTESIAN_POINT('',(-7.340738656087E1,3.212923847815E1,
-2.334965932901E2));
#3550=CARTESIAN_POINT('',(-7.375076012769E1,3.257508249966E1,
-2.335003483758E2));
#3551=CARTESIAN_POINT('',(-7.413866471847E1,3.306553223849E1,
-2.335049954545E2));
#3552=CARTESIAN_POINT('',(-7.457621185618E1,3.360556478799E1,
-2.335083298291E2));
#3553=CARTESIAN_POINT('',(-7.506946666235E1,3.420085385916E1,
-2.335075673810E2));
#3554=CARTESIAN_POINT('',(-7.562559577101E1,3.485757482833E1,
-2.335040261317E2));
#3555=CARTESIAN_POINT('',(-7.625289207659E1,3.558257374751E1,
-2.334992323601E2));
#3556=CARTESIAN_POINT('',(-7.696129397761E1,3.638371556446E1,
-2.334974913775E2));
#3557=CARTESIAN_POINT('',(-7.776202695811E1,3.726907532207E1,
-2.335049790380E2));
#3558=CARTESIAN_POINT('',(-7.866455945919E1,3.824594582978E1,
-2.335157348168E2));
#3559=CARTESIAN_POINT('',(-7.967956061398E1,3.932256897176E1,
-2.335178542695E2));
#3560=CARTESIAN_POINT('',(-8.081173749209E1,4.049899594516E1,
-2.335074011856E2));
#3561=CARTESIAN_POINT('',(-8.208539615995E1,4.179201573711E1,
-2.334985489740E2));
#3562=CARTESIAN_POINT('',(-8.343715876003E1,4.312669002631E1,
-2.335067466257E2));
#3563=CARTESIAN_POINT('',(-8.466650562772E1,4.431017014077E1,
-2.335181852946E2));
#3564=CARTESIAN_POINT('',(-8.575110299835E1,4.533270788765E1,
-2.335154912661E2));
#3565=CARTESIAN_POINT('',(-8.672994224013E1,4.623708624563E1,
-2.335048932043E2));
#3566=CARTESIAN_POINT('',(-8.761470378152E1,4.703726648689E1,
-2.334978411085E2));
#3567=CARTESIAN_POINT('',(-8.841606688329E1,4.774593398895E1,
-2.334990050583E2));
#3568=CARTESIAN_POINT('',(-8.914105006402E1,4.837322342786E1,
-2.335040600962E2));
#3569=CARTESIAN_POINT('',(-8.979784840877E1,4.892944341672E1,
-2.335076113503E2));
#3570=CARTESIAN_POINT('',(-9.039319078524E1,4.942277961781E1,
-2.335081342018E2));
#3571=CARTESIAN_POINT('',(-9.093331657376E1,4.986039594959E1,
-2.335053116158E2));
#3572=CARTESIAN_POINT('',(-9.142385254019E1,5.024840914476E1,
-2.335003484649E2));
#3573=CARTESIAN_POINT('',(-9.186979607014E1,5.059188824655E1,
-2.334964587542E2));
#3574=CARTESIAN_POINT('',(-9.227575306264E1,5.089561032336E1,
-2.334948698493E2));
#3575=CARTESIAN_POINT('',(-9.264590505532E1,5.116392797964E1,
-2.334950448810E2));
#3576=CARTESIAN_POINT('',(-9.298394375911E1,5.140059095905E1,
-2.334965937801E2));
#3577=CARTESIAN_POINT('',(-9.329312267879E1,5.160884189438E1,
-2.334987828853E2));
#3578=CARTESIAN_POINT('',(-9.357634089459E1,5.179147265380E1,
-2.335007486787E2));
#3579=CARTESIAN_POINT('',(-9.383619561549E1,5.195085829638E1,
-2.335014255892E2));
#3580=CARTESIAN_POINT('',(-9.407498230023E1,5.208896484511E1,
-2.334993673593E2));
#3581=CARTESIAN_POINT('',(-9.429486377422E1,5.220724965110E1,
-2.334950958767E2));
#3582=CARTESIAN_POINT('',(-9.449780183086E1,5.230662870752E1,
-2.334887139138E2));
#3583=CARTESIAN_POINT('',(-9.468583357186E1,5.238750696634E1,
-2.334826798995E2));
#3584=CARTESIAN_POINT('',(-9.486037594997E1,5.244916603641E1,
-2.334818597808E2));
#3585=CARTESIAN_POINT('',(-9.502149654800E1,5.248972950173E1,
-2.334869154010E2));
#3586=CARTESIAN_POINT('',(-9.512037309286E1,5.250007227522E1,
-2.334949073438E2));
#3587=CARTESIAN_POINT('',(-9.516592926807E1,5.25E1,-2.335E2));
#3589=CARTESIAN_POINT('',(-9.044057981175E1,5.25E1,-1.698485917232E2));
#3590=CARTESIAN_POINT('',(-9.040202039548E1,5.250005864144E1,
-1.698444229750E2));
#3591=CARTESIAN_POINT('',(-9.031792610432E1,5.249095079497E1,
-1.698352532960E2));
#3592=CARTESIAN_POINT('',(-9.017579509261E1,5.245358078816E1,
-1.698184368285E2));
#3593=CARTESIAN_POINT('',(-9.002947260915E1,5.240025675592E1,
-1.698006726988E2));
#3594=CARTESIAN_POINT('',(-8.987257648186E1,5.233177631780E1,
-1.697811437531E2));
#3595=CARTESIAN_POINT('',(-8.970453629055E1,5.224875677615E1,
-1.697598467825E2));
#3596=CARTESIAN_POINT('',(-8.952393010661E1,5.215113014207E1,
-1.697366032584E2));
#3597=CARTESIAN_POINT('',(-8.932943032170E1,5.203841268167E1,
-1.697112665529E2));
#3598=CARTESIAN_POINT('',(-8.911804305707E1,5.190871075515E1,
-1.696834797863E2));
#3599=CARTESIAN_POINT('',(-8.888895405418E1,5.176115985818E1,
-1.696531139793E2));
#3600=CARTESIAN_POINT('',(-8.864020156796E1,5.159407655171E1,
-1.696198946325E2));
#3601=CARTESIAN_POINT('',(-8.837001834312E1,5.140574725654E1,
-1.695835618778E2));
#3602=CARTESIAN_POINT('',(-8.807595224329E1,5.119385099459E1,
-1.695437591530E2));
#3603=CARTESIAN_POINT('',(-8.775596987912E1,5.095623115685E1,
-1.695001735099E2));
#3604=CARTESIAN_POINT('',(-8.740757306103E1,5.069028126935E1,
-1.694524422409E2));
#3605=CARTESIAN_POINT('',(-8.702680385975E1,5.039215199749E1,
-1.693999051172E2));
#3606=CARTESIAN_POINT('',(-8.660968141945E1,5.005783484715E1,
-1.693420136542E2));
#3607=CARTESIAN_POINT('',(-8.615275460829E1,4.968344138189E1,
-1.692782834017E2));
#3608=CARTESIAN_POINT('',(-8.565230132750E1,4.926460613204E1,
-1.692081856050E2));
#3609=CARTESIAN_POINT('',(-8.510385502187E1,4.879601238124E1,
-1.691310327160E2));
#3610=CARTESIAN_POINT('',(-8.450256194345E1,4.827166601959E1,
-1.690462140081E2));
#3611=CARTESIAN_POINT('',(-8.384319523331E1,4.768464346851E1,
-1.689524853946E2));
#3612=CARTESIAN_POINT('',(-8.312209552928E1,4.702955405555E1,
-1.688505478275E2));
#3613=CARTESIAN_POINT('',(-8.259542084237E1,4.654147513616E1,
-1.687722483071E2));
#3614=CARTESIAN_POINT('',(-8.232187648035E1,4.628536396579E1,
-1.687328591118E2));
#3616=CARTESIAN_POINT('',(-8.232187648035E1,4.628536396579E1,
-1.687328591118E2));
#3617=CARTESIAN_POINT('',(-8.225156460866E1,4.620822131326E1,
-1.688974352404E2));
#3618=CARTESIAN_POINT('',(-8.208953196160E1,4.603353901074E1,
-1.692265208052E2));
#3619=CARTESIAN_POINT('',(-8.178134755813E1,4.570779088268E1,
-1.697093242995E2));
#3620=CARTESIAN_POINT('',(-8.140291228148E1,4.531314512122E1,
-1.701723683377E2));
#3621=CARTESIAN_POINT('',(-8.095074831927E1,4.484485023900E1,
-1.706053958806E2));
#3622=CARTESIAN_POINT('',(-8.042240658142E1,4.429901696949E1,
-1.709951575323E2));
#3623=CARTESIAN_POINT('',(-7.982522390684E1,4.368111179495E1,
-1.713228338032E2));
#3624=CARTESIAN_POINT('',(-7.916704187428E1,4.299704607707E1,
-1.715731538178E2));
#3625=CARTESIAN_POINT('',(-7.846310648168E1,4.226059726401E1,
-1.717312175382E2));
#3626=CARTESIAN_POINT('',(-7.797306876962E1,4.174441642223E1,
-1.717683078310E2));
#3627=CARTESIAN_POINT('',(-7.772391787411E1,4.148049363549E1,
-1.717683131610E2));
#3629=CARTESIAN_POINT('',(-1.616671239171E2,3.485E1,-1.391821236362E2));
#3630=DIRECTION('',(8.889642766964E-1,0.E0,-4.579765438946E-1));
#3631=DIRECTION('',(2.842170943040E-14,-1.E0,5.684341886081E-14));
#3632=AXIS2_PLACEMENT_3D('',#3629,#3630,#3631);
#3634=CARTESIAN_POINT('',(-1.599929088188E2,3.471975250022E1,
-1.400446456346E2));
#3635=DIRECTION('',(8.814644088839E-1,-1.296228942407E-1,-4.541127626038E-1));
#3636=DIRECTION('',(-1.794734657080E-1,-9.813932142806E-1,-6.823953451501E-2));
#3637=AXIS2_PLACEMENT_3D('',#3634,#3635,#3636);
#3639=CARTESIAN_POINT('',(-1.601723822204E2,3.373835927701E1,
-1.401128852092E2));
#3640=CARTESIAN_POINT('',(-1.601223186652E2,3.373188948352E1,
-1.401515080282E2));
#3641=CARTESIAN_POINT('',(-1.600185827689E2,3.371959357400E1,
-1.402293661706E2));
#3642=CARTESIAN_POINT('',(-1.598639421987E2,3.370366244781E1,
-1.403412133395E2));
#3643=CARTESIAN_POINT('',(-1.596852182168E2,3.368759965758E1,
-1.404668373480E2));
#3644=CARTESIAN_POINT('',(-1.594896934840E2,3.367244370589E1,
-1.406008099927E2));
#3645=CARTESIAN_POINT('',(-1.592730002404E2,3.365802319171E1,
-1.407460836755E2));
#3646=CARTESIAN_POINT('',(-1.590344479778E2,3.364459963907E1,
-1.409027573463E2));
#3647=CARTESIAN_POINT('',(-1.587731263816E2,3.363237875816E1,
-1.410710312169E2));
#3648=CARTESIAN_POINT('',(-1.584884419968E2,3.362159592348E1,
-1.412506468175E2));
#3649=CARTESIAN_POINT('',(-1.581792006809E2,3.361209231656E1,
-1.414414797419E2));
#3650=CARTESIAN_POINT('',(-1.578430182673E2,3.360385122886E1,
-1.416449888201E2));
#3651=CARTESIAN_POINT('',(-1.574768272446E2,3.359685313650E1,
-1.418626315888E2));
#3652=CARTESIAN_POINT('',(-1.570785548102E2,3.359111127943E1,
-1.420951029974E2));
#3653=CARTESIAN_POINT('',(-1.566452237638E2,3.358662181077E1,
-1.423434109455E2));
#3654=CARTESIAN_POINT('',(-1.561689388559E2,3.358325775313E1,
-1.426109010251E2));
#3655=CARTESIAN_POINT('',(-1.556461566144E2,3.358091470196E1,
-1.428984842682E2));
#3656=CARTESIAN_POINT('',(-1.550806817971E2,3.357949110507E1,
-1.432029596211E2));
#3657=CARTESIAN_POINT('',(-1.544650554663E2,3.357883883467E1,
-1.435270375363E2));
#3658=CARTESIAN_POINT('',(-1.537913533442E2,3.357892976470E1,
-1.438730484049E2));
#3659=CARTESIAN_POINT('',(-1.530556655678E2,3.358001625529E1,
-1.442409972102E2));
#3660=CARTESIAN_POINT('',(-1.525113054939E2,3.358196968400E1,
-1.445050534866E2));
#3661=CARTESIAN_POINT('',(-1.522300250326E2,3.358353787842E1,
-1.446388720933E2));
#3663=CARTESIAN_POINT('',(-1.612492230522E2,2.785E1,-1.405223224423E2));
#3664=DIRECTION('',(3.553980571214E-1,0.E0,-9.347150480196E-1));
#3665=DIRECTION('',(1.794734652081E-1,9.813932142932E-1,6.823953564772E-2));
#3666=AXIS2_PLACEMENT_3D('',#3663,#3664,#3665);
#3668=CARTESIAN_POINT('',(-1.519688233172E2,2.849291645364E1,
-1.417354861066E2));
#3669=CARTESIAN_POINT('',(-1.519211970028E2,2.897335212663E1,
-1.417486844944E2));
#3670=CARTESIAN_POINT('',(-1.518540896787E2,2.996872102355E1,
-1.418899316198E2));
#3671=CARTESIAN_POINT('',(-1.518636736117E2,3.142614988236E1,
-1.424858979204E2));
#3672=CARTESIAN_POINT('',(-1.519907943609E2,3.269161784773E1,
-1.434320555829E2));
#3673=CARTESIAN_POINT('',(-1.521427928680E2,3.332658250419E1,
-1.442251193410E2));
#3674=CARTESIAN_POINT('',(-1.522300250326E2,3.358353787842E1,
-1.446388720933E2));
#3676=DIRECTION('',(0.E0,-1.E0,0.E0));
#3677=VECTOR('',#3676,1.51E1);
#3678=CARTESIAN_POINT('',(-1.505E2,2.785E1,-1.309352447854E2));
#3679=LINE('',#3678,#3677);
#3680=CARTESIAN_POINT('',(-1.504999999962E2,2.810758775341E1,
-1.419352523346E2));
#3681=CARTESIAN_POINT('',(-1.509960389890E2,2.823738573957E1,
-1.419354486269E2));
#3682=CARTESIAN_POINT('',(-1.514897090091E2,2.838598233649E1,
-1.418682598892E2));
#3683=CARTESIAN_POINT('',(-1.519688233172E2,2.849291645364E1,
-1.417354861066E2));
#3685=CARTESIAN_POINT('',(-1.519688233172E2,2.849291645364E1,
-1.417354861066E2));
#3686=CARTESIAN_POINT('',(-1.523253916663E2,2.857153578333E1,
-1.416366725098E2));
#3687=CARTESIAN_POINT('',(-1.530102900054E2,2.866408764678E1,
-1.413670348481E2));
#3688=CARTESIAN_POINT('',(-1.539014922749E2,2.854738424264E1,
-1.408035660983E2));
#3689=CARTESIAN_POINT('',(-1.547085136715E2,2.822840773631E1,
-1.400283157818E2));
#3690=CARTESIAN_POINT('',(-1.552640636370E2,2.794031858152E1,
-1.392357506456E2));
#3691=CARTESIAN_POINT('',(-1.555339453050E2,2.784999999453E1,
-1.386713165907E2));
#3692=CARTESIAN_POINT('',(-1.556409327816E2,2.785E1,-1.383899340537E2));
#3694=CARTESIAN_POINT('',(-1.489200484485E2,2.785E1,-1.417034278778E2));
#3695=CARTESIAN_POINT('',(-1.490725110269E2,2.785040276245E1,
-1.417491520835E2));
#3696=CARTESIAN_POINT('',(-1.493935165722E2,2.787009979881E1,
-1.418310271317E2));
#3697=CARTESIAN_POINT('',(-1.499225939050E2,2.796275496836E1,
-1.419141784601E2));
#3698=CARTESIAN_POINT('',(-1.503033895839E2,2.805372799670E1,
-1.419352523346E2));
#3699=CARTESIAN_POINT('',(-1.504999999962E2,2.810758775341E1,
-1.419352523346E2));
#3701=DIRECTION('',(-2.490658402856E-10,-9.999999999999E-1,4.915598730814E-7));
#3702=VECTOR('',#3701,1.535758775341E1);
#3703=CARTESIAN_POINT('',(-1.504999999962E2,2.810758775341E1,
-1.419352523346E2));
#3704=LINE('',#3703,#3702);
#3705=CARTESIAN_POINT('',(-1.505E2,1.275E1,-1.364352447854E2));
#3706=DIRECTION('',(0.E0,1.E0,0.E0));
#3707=DIRECTION('',(0.E0,0.E0,1.E0));
#3708=AXIS2_PLACEMENT_3D('',#3705,#3706,#3707);
#3710=CARTESIAN_POINT('',(-1.505E2,1.275E1,-1.364352447854E2));
#3711=DIRECTION('',(0.E0,1.E0,0.E0));
#3712=DIRECTION('',(0.E0,0.E0,-1.E0));
#3713=AXIS2_PLACEMENT_3D('',#3710,#3711,#3712);
#3715=CARTESIAN_POINT('',(-1.505E2,1.275E1,-1.364352447854E2));
#3716=DIRECTION('',(0.E0,-1.E0,0.E0));
#3717=DIRECTION('',(0.E0,0.E0,1.E0));
#3718=AXIS2_PLACEMENT_3D('',#3715,#3716,#3717);
#3720=CARTESIAN_POINT('',(-1.505E2,1.275E1,-1.364352447854E2));
#3721=DIRECTION('',(0.E0,-1.E0,0.E0));
#3722=DIRECTION('',(0.E0,0.E0,-1.E0));
#3723=AXIS2_PLACEMENT_3D('',#3720,#3721,#3722);
#3725=DIRECTION('',(0.E0,-1.E0,1.203742987641E-13));
#3726=VECTOR('',#3725,8.499999999999E0);
#3727=CARTESIAN_POINT('',(-1.505E2,2.125E1,-1.385852447854E2));
#3728=LINE('',#3727,#3726);
#3729=CARTESIAN_POINT('',(-1.505E2,2.125E1,-1.364352447854E2));
#3730=DIRECTION('',(0.E0,1.E0,0.E0));
#3731=DIRECTION('',(0.E0,0.E0,-1.E0));
#3732=AXIS2_PLACEMENT_3D('',#3729,#3730,#3731);
#3734=DIRECTION('',(-3.142114246981E-9,7.071067811861E-1,7.071067811870E-1));
#3735=VECTOR('',#3734,7.071067811866E-1);
#3736=CARTESIAN_POINT('',(-1.505000000143E2,2.125E1,-1.342852447854E2));
#3737=LINE('',#3736,#3735);
#3738=CARTESIAN_POINT('',(-1.505E2,2.175E1,-1.364352447854E2));
#3739=DIRECTION('',(0.E0,-1.E0,0.E0));
#3740=DIRECTION('',(0.E0,0.E0,1.E0));
#3741=AXIS2_PLACEMENT_3D('',#3738,#3739,#3740);
#3743=CARTESIAN_POINT('',(-1.505E2,2.175E1,-1.364352447854E2));
#3744=DIRECTION('',(0.E0,-1.E0,0.E0));
#3745=DIRECTION('',(0.E0,0.E0,-1.E0));
#3746=AXIS2_PLACEMENT_3D('',#3743,#3744,#3745);
#3748=CARTESIAN_POINT('',(-1.505E2,2.175E1,-1.364352447854E2));
#3749=DIRECTION('',(0.E0,1.E0,0.E0));
#3750=DIRECTION('',(0.E0,0.E0,1.E0));
#3751=AXIS2_PLACEMENT_3D('',#3748,#3749,#3750);
#3753=CARTESIAN_POINT('',(-1.505E2,2.175E1,-1.364352447854E2));
#3754=DIRECTION('',(0.E0,1.E0,0.E0));
#3755=DIRECTION('',(0.E0,0.E0,-1.E0));
#3756=AXIS2_PLACEMENT_3D('',#3753,#3754,#3755);
#3758=DIRECTION('',(0.E0,-1.E0,0.E0));
#3759=VECTOR('',#3758,1.46E1);
#3760=CARTESIAN_POINT('',(-1.505E2,3.635E1,-1.405602447854E2));
#3761=LINE('',#3760,#3759);
#3762=DIRECTION('',(0.E0,-1.E0,0.E0));
#3763=VECTOR('',#3762,1.46E1);
#3764=CARTESIAN_POINT('',(-1.505E2,3.635E1,-1.323102447854E2));
#3765=LINE('',#3764,#3763);
#3766=CARTESIAN_POINT('',(-1.505E2,2.125E1,-1.364352447854E2));
#3767=DIRECTION('',(0.E0,1.E0,0.E0));
#3768=DIRECTION('',(-3.960981620215E-9,0.E0,1.E0));
#3769=AXIS2_PLACEMENT_3D('',#3766,#3767,#3768);
#3771=DIRECTION('',(0.E0,7.071067811861E-1,-7.071067811870E-1));
#3772=VECTOR('',#3771,7.071067811866E-1);
#3773=CARTESIAN_POINT('',(-1.505E2,2.125E1,-1.385852447854E2));
#3774=LINE('',#3773,#3772);
#3775=DIRECTION('',(1.017851633044E-9,-1.E0,-1.203742987641E-13));
#3776=VECTOR('',#3775,8.499999999999E0);
#3777=CARTESIAN_POINT('',(-1.505000000143E2,2.125E1,-1.342852447854E2));
#3778=LINE('',#3777,#3776);
#3779=CARTESIAN_POINT('',(-1.685493354598E2,3.085E1,-8.776487627835E1));
#3780=DIRECTION('',(-1.449902248386E-1,0.E0,-9.894330875311E-1));
#3781=DIRECTION('',(-9.881955222093E-1,4.999999999993E-2,1.448088736421E-1));
#3782=AXIS2_PLACEMENT_3D('',#3779,#3780,#3781);
#3784=CARTESIAN_POINT('',(-1.690038883343E2,3.085E1,-8.967894392156E1));
#3785=DIRECTION('',(3.189469148046E-1,0.E0,9.477725811273E-1));
#3786=DIRECTION('',(0.E0,1.E0,0.E0));
#3787=AXIS2_PLACEMENT_3D('',#3784,#3785,#3786);
#3789=CARTESIAN_POINT('',(-1.775E2,3.085E1,-9.699999999999E1));
#3790=DIRECTION('',(9.844974673893E-1,0.E0,1.753987933367E-1));
#3791=DIRECTION('',(0.E0,1.E0,0.E0));
#3792=AXIS2_PLACEMENT_3D('',#3789,#3790,#3791);
#3794=CARTESIAN_POINT('',(-1.794293867267E2,3.085E1,-8.617052785871E1));
#3795=DIRECTION('',(0.E0,-1.E0,0.E0));
#3796=DIRECTION('',(1.753987933373E-1,0.E0,-9.844974673892E-1));
#3797=AXIS2_PLACEMENT_3D('',#3794,#3795,#3796);
#3799=CARTESIAN_POINT('',(-1.775E2,3.085E1,-9.7E1));
#3800=DIRECTION('',(0.E0,1.E0,0.E0));
#3801=DIRECTION('',(-1.E0,0.E0,0.E0));
#3802=AXIS2_PLACEMENT_3D('',#3799,#3800,#3801);
#3804=CARTESIAN_POINT('',(-1.775E2,3.085E1,-9.7E1));
#3805=DIRECTION('',(0.E0,0.E0,1.E0));
#3806=DIRECTION('',(-6.536993168993E-13,1.E0,0.E0));
#3807=AXIS2_PLACEMENT_3D('',#3804,#3805,#3806);
#3809=DIRECTION('',(0.E0,-1.E0,0.E0));
#3810=VECTOR('',#3809,7.85E0);
#3811=CARTESIAN_POINT('',(-1.805E2,3.085E1,-9.7E1));
#3812=LINE('',#3811,#3810);
#3813=CARTESIAN_POINT('',(-1.780261963800E2,2.497378283281E1,
-9.404650759783E1));
#3814=CARTESIAN_POINT('',(-1.776545496858E2,2.534548856796E1,
-9.398029474927E1));
#3815=CARTESIAN_POINT('',(-1.769450350989E2,2.605493142490E1,
-9.379969235816E1));
#3816=CARTESIAN_POINT('',(-1.759879968943E2,2.700923486002E1,
-9.341552826908E1));
#3817=CARTESIAN_POINT('',(-1.751397427245E2,2.784984688291E1,
-9.294484569562E1));
#3818=CARTESIAN_POINT('',(-1.744049716126E2,2.857025480407E1,
-9.241632208882E1));
#3819=CARTESIAN_POINT('',(-1.737737976718E2,2.917908051567E1,
-9.184863847023E1));
#3820=CARTESIAN_POINT('',(-1.732343258534E2,2.968724837067E1,
-9.125242033715E1));
#3821=CARTESIAN_POINT('',(-1.727786418708E2,3.010217306482E1,
-9.063755276714E1));
#3822=CARTESIAN_POINT('',(-1.723982390283E2,3.043201451979E1,
-9.000926068131E1));
#3823=CARTESIAN_POINT('',(-1.720865368563E2,3.068324136208E1,
-8.937156991203E1));
#3824=CARTESIAN_POINT('',(-1.719201132249E2,3.080234788595E1,
-8.893875173475E1));
#3825=CARTESIAN_POINT('',(-1.718472060136E2,3.084999992538E1,
-8.872210289022E1));
#3827=DIRECTION('',(1.983061642366E-13,-1.E0,-1.112449214010E-13));
#3828=VECTOR('',#3827,5.876217167189E0);
#3829=CARTESIAN_POINT('',(-1.780261963800E2,3.085E1,-9.404650759783E1));
#3830=LINE('',#3829,#3828);
#3831=CARTESIAN_POINT('',(-8.064482776154E1,1.325E1,-1.593207593737E2));
#3832=DIRECTION('',(0.E0,-1.E0,0.E0));
#3833=DIRECTION('',(0.E0,0.E0,1.E0));
#3834=AXIS2_PLACEMENT_3D('',#3831,#3832,#3833);
#3836=DIRECTION('',(9.742069493274E-9,-7.071067811867E-1,-7.071067811864E-1));
#3837=VECTOR('',#3836,7.071067811865E-1);
#3838=CARTESIAN_POINT('',(-8.064482776843E1,1.325E1,-1.608207593737E2));
#3839=LINE('',#3838,#3837);
#3840=CARTESIAN_POINT('',(-8.064482776154E1,1.325E1,-1.593207593737E2));
#3841=DIRECTION('',(0.E0,-1.E0,0.E0));
#3842=DIRECTION('',(-9.184901728080E-9,0.E0,-1.E0));
#3843=AXIS2_PLACEMENT_3D('',#3840,#3841,#3842);
#3845=DIRECTION('',(1.800331821684E-8,-7.071067811867E-1,7.071067811864E-1));
#3846=VECTOR('',#3845,7.071067811865E-1);
#3847=CARTESIAN_POINT('',(-8.064482774517E1,1.325E1,-1.578207593737E2));
#3848=LINE('',#3847,#3846);
#3849=DIRECTION('',(0.E0,1.E0,2.067033413121E-13));
#3850=VECTOR('',#3849,5.499999999999E0);
#3851=CARTESIAN_POINT('',(-8.064482776843E1,1.325E1,-1.608207593737E2));
#3852=LINE('',#3851,#3850);
#3853=DIRECTION('',(-2.975908004870E-9,1.E0,-1.963681742465E-13));
#3854=VECTOR('',#3853,5.499999999999E0);
#3855=CARTESIAN_POINT('',(-8.064482774517E1,1.325E1,-1.578207593737E2));
#3856=LINE('',#3855,#3854);
#3857=CARTESIAN_POINT('',(-8.064482776154E1,1.875E1,-1.593207593737E2));
#3858=DIRECTION('',(0.E0,1.E0,0.E0));
#3859=DIRECTION('',(-9.184901728093E-9,0.E0,-1.E0));
#3860=AXIS2_PLACEMENT_3D('',#3857,#3858,#3859);
#3862=DIRECTION('',(-3.936502771101E-9,-5.150380749091E-1,-8.571673007027E-1));
#3863=VECTOR('',#3862,1.749950095820E0);
#3864=CARTESIAN_POINT('',(-8.064482776154E1,1.965129092854E1,
-1.593207593737E2));
#3865=LINE('',#3864,#3863);
#3866=CARTESIAN_POINT('',(-8.064482776154E1,1.875E1,-1.593207593737E2));
#3867=DIRECTION('',(0.E0,1.E0,0.E0));
#3868=DIRECTION('',(0.E0,0.E0,1.E0));
#3869=AXIS2_PLACEMENT_3D('',#3866,#3867,#3868);
#3871=DIRECTION('',(0.E0,-5.150380749091E-1,8.571673007027E-1));
#3872=VECTOR('',#3871,1.749950095820E0);
#3873=CARTESIAN_POINT('',(-8.064482776154E1,1.965129092854E1,
-1.593207593737E2));
#3874=LINE('',#3873,#3872);
#3875=CARTESIAN_POINT('',(-1.755E2,1.325E1,-1.587839961741E2));
#3876=DIRECTION('',(0.E0,-1.E0,0.E0));
#3877=DIRECTION('',(0.E0,0.E0,1.E0));
#3878=AXIS2_PLACEMENT_3D('',#3875,#3876,#3877);
#3880=DIRECTION('',(9.742029298908E-9,-7.071067811867E-1,-7.071067811864E-1));
#3881=VECTOR('',#3880,7.071067811865E-1);
#3882=CARTESIAN_POINT('',(-1.755000000069E2,1.325E1,-1.602839961741E2));
#3883=LINE('',#3882,#3881);
#3884=CARTESIAN_POINT('',(-1.755E2,1.325E1,-1.587839961741E2));
#3885=DIRECTION('',(0.E0,-1.E0,0.E0));
#3886=DIRECTION('',(-9.184892254176E-9,0.E0,-1.E0));
#3887=AXIS2_PLACEMENT_3D('',#3884,#3885,#3886);
#3889=DIRECTION('',(1.800804105496E-8,-7.071067811866E-1,7.071067811864E-1));
#3890=VECTOR('',#3889,7.071067811866E-1);
#3891=CARTESIAN_POINT('',(-1.754999999836E2,1.325E1,-1.572839961741E2));
#3892=LINE('',#3891,#3890);
#3893=DIRECTION('',(0.E0,1.E0,2.015357577793E-13));
#3894=VECTOR('',#3893,5.499999999999E0);
#3895=CARTESIAN_POINT('',(-1.755000000069E2,1.325E1,-1.602839961741E2));
#3896=LINE('',#3895,#3894);
#3897=DIRECTION('',(-2.976693477567E-9,1.E0,-2.015357577793E-13));
#3898=VECTOR('',#3897,5.499999999999E0);
#3899=CARTESIAN_POINT('',(-1.754999999836E2,1.325E1,-1.572839961741E2));
#3900=LINE('',#3899,#3898);
#3901=CARTESIAN_POINT('',(-1.755E2,1.875E1,-1.587839961741E2));
#3902=DIRECTION('',(0.E0,1.E0,0.E0));
#3903=DIRECTION('',(-9.184892254190E-9,0.E0,-1.E0));
#3904=AXIS2_PLACEMENT_3D('',#3901,#3902,#3903);
#3906=DIRECTION('',(-3.936486529661E-9,-5.150380749091E-1,-8.571673007027E-1));
#3907=VECTOR('',#3906,1.749950095820E0);
#3908=CARTESIAN_POINT('',(-1.755E2,1.965129092854E1,-1.587839961741E2));
#3909=LINE('',#3908,#3907);
#3910=CARTESIAN_POINT('',(-1.755E2,1.875E1,-1.587839961741E2));
#3911=DIRECTION('',(0.E0,1.E0,0.E0));
#3912=DIRECTION('',(0.E0,0.E0,1.E0));
#3913=AXIS2_PLACEMENT_3D('',#3910,#3911,#3912);
#3915=DIRECTION('',(0.E0,-5.150380749091E-1,8.571673007027E-1));
#3916=VECTOR('',#3915,1.749950095820E0);
#3917=CARTESIAN_POINT('',(-1.755E2,1.965129092854E1,-1.587839961741E2));
#3918=LINE('',#3917,#3916);
#3919=CARTESIAN_POINT('',(-7.000000000001E1,1.275E1,-1.667683558855E2));
#3920=CARTESIAN_POINT('',(-7.E1,1.275E1,-2.395E2));
#3921=VERTEX_POINT('',#3919);
#3922=VERTEX_POINT('',#3920);
#3923=CARTESIAN_POINT('',(-7.E1,3.419699669750E1,-1.667683558855E2));
#3924=VERTEX_POINT('',#3923);
#3925=CARTESIAN_POINT('',(-7.E1,3.E1,-2.395E2));
#3926=VERTEX_POINT('',#3925);
#3927=CARTESIAN_POINT('',(-1.7640625E2,1.275E1,-1.710429858037E2));
#3928=CARTESIAN_POINT('',(-1.775E2,1.275E1,-1.708676979623E2));
#3929=VERTEX_POINT('',#3927);
#3930=VERTEX_POINT('',#3928);
#3931=CARTESIAN_POINT('',(-1.81E2,1.275E1,-1.743676979623E2));
#3932=VERTEX_POINT('',#3931);
#3933=CARTESIAN_POINT('',(-1.81E2,1.275E1,-2.395E2));
#3934=VERTEX_POINT('',#3933);
#3935=CARTESIAN_POINT('',(-1.82E2,1.275E1,-2.395E2));
#3936=VERTEX_POINT('',#3935);
#3937=CARTESIAN_POINT('',(-1.82E2,1.275E1,-9.400000171826E1));
#3938=VERTEX_POINT('',#3937);
#3939=CARTESIAN_POINT('',(-1.26E2,1.275E1,-3.8E1));
#3940=VERTEX_POINT('',#3939);
#3941=CARTESIAN_POINT('',(-8.576802665494E1,1.275E1,-1.329536688999E2));
#3942=VERTEX_POINT('',#3941);
#3943=CARTESIAN_POINT('',(-7.1E1,1.275E1,-2.395E2));
#3944=VERTEX_POINT('',#3943);
#3945=CARTESIAN_POINT('',(-7.1E1,1.275E1,-1.740901118309E2));
#3946=VERTEX_POINT('',#3945);
#3947=CARTESIAN_POINT('',(-7.45E1,1.275E1,-1.705901118309E2));
#3948=VERTEX_POINT('',#3947);
#3949=CARTESIAN_POINT('',(-7.591034487682E1,1.275E1,-1.708868436048E2));
#3950=VERTEX_POINT('',#3949);
#3951=CARTESIAN_POINT('',(-7.772364543274E1,1.275E1,-1.712683558855E2));
#3952=VERTEX_POINT('',#3951);
#3953=CARTESIAN_POINT('',(-8.219068287482E1,1.275E1,-1.673120253541E2));
#3954=VERTEX_POINT('',#3953);
#3955=CARTESIAN_POINT('',(-8.312651522936E1,1.275E1,-1.596227979674E2));
#3956=VERTEX_POINT('',#3955);
#3957=CARTESIAN_POINT('',(-8.088569207054E1,1.275E1,-1.568323895490E2));
#3958=VERTEX_POINT('',#3957);
#3959=CARTESIAN_POINT('',(-7.805082484265E1,1.275E1,-1.518695078778E2));
#3960=VERTEX_POINT('',#3959);
#3961=CARTESIAN_POINT('',(-8.696715353859E1,1.275E1,-1.327483792838E2));
#3962=VERTEX_POINT('',#3961);
#3963=CARTESIAN_POINT('',(-8.811629321261E1,1.275E1,-5.412739336277E1));
#3964=VERTEX_POINT('',#3963);
#3965=CARTESIAN_POINT('',(-9.259345856021E1,1.275E1,-5.233961051081E1));
#3966=VERTEX_POINT('',#3965);
#3967=CARTESIAN_POINT('',(-9.762759067835E1,1.275E1,-5.472773577815E1));
#3968=VERTEX_POINT('',#3967);
#3969=CARTESIAN_POINT('',(-1.015E2,1.275E1,-5.656475521456E1));
#3970=VERTEX_POINT('',#3969);
#3971=CARTESIAN_POINT('',(-1.061754261806E2,1.275E1,-4.979264065003E1));
#3972=VERTEX_POINT('',#3971);
#3973=CARTESIAN_POINT('',(-1.104111631308E2,1.275E1,-4.125544421397E1));
#3974=VERTEX_POINT('',#3973);
#3975=CARTESIAN_POINT('',(-1.26E2,1.275E1,-3.9E1));
#3976=VERTEX_POINT('',#3975);
#3977=CARTESIAN_POINT('',(-1.274063645709E2,1.275E1,-3.901798349739E1));
#3978=VERTEX_POINT('',#3977);
#3979=CARTESIAN_POINT('',(-1.337073613118E2,1.275E1,-4.616799264719E1));
#3980=VERTEX_POINT('',#3979);
#3981=CARTESIAN_POINT('',(-1.386821332100E2,1.275E1,-5.166963451184E1));
#3982=VERTEX_POINT('',#3981);
#3983=CARTESIAN_POINT('',(-1.432412261667E2,1.275E1,-4.872260100251E1));
#3984=VERTEX_POINT('',#3983);
#3985=CARTESIAN_POINT('',(-1.491680627107E2,1.275E1,-4.489142257438E1));
#3986=VERTEX_POINT('',#3985);
#3987=CARTESIAN_POINT('',(-1.522730608057E2,1.275E1,-4.568099467184E1));
#3988=VERTEX_POINT('',#3987);
#3989=CARTESIAN_POINT('',(-1.81E2,1.275E1,-9.4E1));
#3990=VERTEX_POINT('',#3989);
#3991=CARTESIAN_POINT('',(-1.81E2,1.275E1,-1.531271419247E2));
#3992=VERTEX_POINT('',#3991);
#3993=CARTESIAN_POINT('',(-1.775E2,1.275E1,-1.566271419247E2));
#3994=VERTEX_POINT('',#3993);
#3995=CARTESIAN_POINT('',(-1.763333333333E2,1.275E1,-1.564269735702E2));
#3996=VERTEX_POINT('',#3995);
#3997=CARTESIAN_POINT('',(-1.755E2,1.275E1,-1.562839961741E2));
#3998=VERTEX_POINT('',#3997);
#3999=CARTESIAN_POINT('',(-1.731231802975E2,1.275E1,-1.580089296595E2));
#4000=VERTEX_POINT('',#3999);
#4001=CARTESIAN_POINT('',(-1.707217245355E2,1.275E1,-1.653732361596E2));
#4002=VERTEX_POINT('',#4001);
#4003=CARTESIAN_POINT('',(-1.75E2,1.275E1,-1.712683558855E2));
#4004=VERTEX_POINT('',#4003);
#4005=CARTESIAN_POINT('',(-1.75E2,1.275E1,-1.689183558855E2));
#4006=CARTESIAN_POINT('',(-1.75E2,1.275E1,-1.646183558855E2));
#4007=VERTEX_POINT('',#4005);
#4008=VERTEX_POINT('',#4006);
#4009=CARTESIAN_POINT('',(-7.772364543274E1,1.275E1,-1.689183558855E2));
#4010=CARTESIAN_POINT('',(-7.772364543274E1,1.275E1,-1.646183558855E2));
#4011=VERTEX_POINT('',#4009);
#4012=VERTEX_POINT('',#4010);
#4013=CARTESIAN_POINT('',(-1.015E2,1.275E1,-5.371475521456E1));
#4014=CARTESIAN_POINT('',(-1.015E2,1.275E1,-4.941475521456E1));
#4015=VERTEX_POINT('',#4013);
#4016=VERTEX_POINT('',#4014);
#4017=CARTESIAN_POINT('',(-1.386821332100E2,1.275E1,-4.881963451184E1));
#4018=CARTESIAN_POINT('',(-1.386821332100E2,1.275E1,-4.451963451184E1));
#4019=VERTEX_POINT('',#4017);
#4020=VERTEX_POINT('',#4018);
#4021=CARTESIAN_POINT('',(-8.064482776154E1,1.275E1,-1.573207593737E2));
#4022=CARTESIAN_POINT('',(-8.064482776154E1,1.275E1,-1.613207593737E2));
#4023=VERTEX_POINT('',#4021);
#4024=VERTEX_POINT('',#4022);
#4025=CARTESIAN_POINT('',(-1.755E2,1.275E1,-1.567839961741E2));
#4026=CARTESIAN_POINT('',(-1.755E2,1.275E1,-1.607839961741E2));
#4027=VERTEX_POINT('',#4025);
#4028=VERTEX_POINT('',#4026);
#4029=CARTESIAN_POINT('',(-1.765625014835E2,1.325E1,-1.715179441955E2));
#4030=VERTEX_POINT('',#4029);
#4031=CARTESIAN_POINT('',(-1.774945033452E2,1.325E1,-1.713677029978E2));
#4032=VERTEX_POINT('',#4031);
#4033=CARTESIAN_POINT('',(-1.805E2,1.325E1,-1.743676979623E2));
#4034=VERTEX_POINT('',#4033);
#4035=CARTESIAN_POINT('',(-1.702463593381E2,1.325E1,-1.652182267111E2));
#4036=VERTEX_POINT('',#4035);
#4037=CARTESIAN_POINT('',(-1.75E2,1.325E1,-1.717683558855E2));
#4038=VERTEX_POINT('',#4037);
#4039=CARTESIAN_POINT('',(-1.726478163125E2,1.325E1,-1.578539164934E2));
#4040=VERTEX_POINT('',#4039);
#4041=CARTESIAN_POINT('',(-1.765000030108E2,1.325E1,-1.559555701139E2));
#4042=VERTEX_POINT('',#4041);
#4043=CARTESIAN_POINT('',(-1.755E2,1.325E1,-1.557839961741E2));
#4044=VERTEX_POINT('',#4043);
#4045=CARTESIAN_POINT('',(-1.805E2,1.325E1,-1.531271419247E2));
#4046=VERTEX_POINT('',#4045);
#4047=CARTESIAN_POINT('',(-1.775E2,1.325E1,-1.561271419247E2));
#4048=VERTEX_POINT('',#4047);
#4049=CARTESIAN_POINT('',(-1.805E2,1.325E1,-9.4E1));
#4050=VERTEX_POINT('',#4049);
#4051=CARTESIAN_POINT('',(-1.520342147986E2,1.325E1,-4.612025835678E1));
#4052=VERTEX_POINT('',#4051);
#4053=CARTESIAN_POINT('',(-1.436971427489E2,1.325E1,-4.892788147030E1));
#4054=VERTEX_POINT('',#4053);
#4055=CARTESIAN_POINT('',(-1.491680627107E2,1.325E1,-4.539142257438E1));
#4056=VERTEX_POINT('',#4055);
#4057=CARTESIAN_POINT('',(-1.332098841242E2,1.325E1,-4.611782843856E1));
#4058=VERTEX_POINT('',#4057);
#4059=CARTESIAN_POINT('',(-1.386821332100E2,1.325E1,-5.216963451184E1));
#4060=VERTEX_POINT('',#4059);
#4061=CARTESIAN_POINT('',(-1.273935794385E2,1.325E1,-3.951782001105E1));
#4062=VERTEX_POINT('',#4061);
#4063=CARTESIAN_POINT('',(-1.105528798296E2,1.325E1,-4.173494017566E1));
#4064=VERTEX_POINT('',#4063);
#4065=CARTESIAN_POINT('',(-1.26E2,1.325E1,-3.95E1));
#4066=VERTEX_POINT('',#4065);
#4067=CARTESIAN_POINT('',(-1.066429687986E2,1.325E1,-4.961542919350E1));
#4068=VERTEX_POINT('',#4067);
#4069=CARTESIAN_POINT('',(-9.724034974619E1,1.325E1,-5.504403383451E1));
#4070=VERTEX_POINT('',#4069);
#4071=CARTESIAN_POINT('',(-1.015E2,1.325E1,-5.706475521456E1));
#4072=VERTEX_POINT('',#4071);
#4073=CARTESIAN_POINT('',(-8.846069054704E1,1.325E1,-5.448987160493E1));
#4074=VERTEX_POINT('',#4073);
#4075=CARTESIAN_POINT('',(-9.259345856021E1,1.325E1,-5.283961051081E1));
#4076=VERTEX_POINT('',#4075);
#4077=VERTEX_POINT('',#433);
#4078=CARTESIAN_POINT('',(-7.850397873614E1,1.325E1,-1.520808170087E2));
#4079=VERTEX_POINT('',#4078);
#4080=CARTESIAN_POINT('',(-8.093386193744E1,1.325E1,-1.563347152941E2));
#4081=VERTEX_POINT('',#4080);
#4082=CARTESIAN_POINT('',(-8.362285270959E1,1.325E1,-1.596832057957E2));
#4083=VERTEX_POINT('',#4082);
#4084=CARTESIAN_POINT('',(-8.268701986767E1,1.325E1,-1.673724371869E2));
#4085=VERTEX_POINT('',#4084);
#4086=CARTESIAN_POINT('',(-7.570886417744E1,1.325E1,-1.713444520922E2));
#4087=VERTEX_POINT('',#4086);
#4088=CARTESIAN_POINT('',(-7.772364543274E1,1.325E1,-1.717683558855E2));
#4089=VERTEX_POINT('',#4088);
#4090=CARTESIAN_POINT('',(-7.15E1,1.325E1,-1.740901118308E2));
#4091=VERTEX_POINT('',#4090);
#4092=CARTESIAN_POINT('',(-7.450000000009E1,1.325E1,-1.710901118309E2));
#4093=VERTEX_POINT('',#4092);
#4094=CARTESIAN_POINT('',(-7.15E1,1.325E1,-2.395E2));
#4095=VERTEX_POINT('',#4094);
#4096=CARTESIAN_POINT('',(-1.805E2,1.325E1,-2.395E2));
#4097=VERTEX_POINT('',#4096);
#4098=CARTESIAN_POINT('',(-1.805E2,2.882892503533E1,-2.395E2));
#4099=VERTEX_POINT('',#4098);
#4100=VERTEX_POINT('',#528);
#4101=CARTESIAN_POINT('',(-9.516592926807E1,5.25E1,-2.395E2));
#4102=VERTEX_POINT('',#4101);
#4103=VERTEX_POINT('',#540);
#4104=VERTEX_POINT('',#600);
#4105=CARTESIAN_POINT('',(-1.580000013459E2,5.400000000211E1,-2.395E2));
#4106=VERTEX_POINT('',#4105);
#4107=VERTEX_POINT('',#656);
#4108=CARTESIAN_POINT('',(-1.805E2,3.315116826600E1,-1.743676979623E2));
#4109=VERTEX_POINT('',#4108);
#4110=CARTESIAN_POINT('',(-1.805E2,2.882892503534E1,-2.335E2));
#4111=VERTEX_POINT('',#4110);
#4112=CARTESIAN_POINT('',(-1.765625049626E2,3.892186096299E1,
-1.715179442136E2));
#4113=VERTEX_POINT('',#4112);
#4114=VERTEX_POINT('',#3446);
#4115=CARTESIAN_POINT('',(-1.702462233928E2,4.590121250020E1,
-1.652182294023E2));
#4116=VERTEX_POINT('',#4115);
#4117=VERTEX_POINT('',#703);
#4118=CARTESIAN_POINT('',(-1.726478049512E2,4.402338796107E1,
-1.578539162846E2));
#4119=VERTEX_POINT('',#4118);
#4120=CARTESIAN_POINT('',(-1.765000172764E2,4.006431908377E1,
-1.559555712793E2));
#4121=VERTEX_POINT('',#4120);
#4122=VERTEX_POINT('',#736);
#4123=CARTESIAN_POINT('',(-1.805E2,3.470373507612E1,-1.531271419246E2));
#4124=VERTEX_POINT('',#4123);
#4125=VERTEX_POINT('',#767);
#4126=CARTESIAN_POINT('',(-1.805E2,2.3E1,-9.4E1));
#4127=VERTEX_POINT('',#4126);
#4128=CARTESIAN_POINT('',(-1.805E2,2.3E1,-9.7E1));
#4129=VERTEX_POINT('',#4128);
#4130=CARTESIAN_POINT('',(-1.805E2,3.085E1,-9.7E1));
#4131=VERTEX_POINT('',#4130);
#4132=CARTESIAN_POINT('',(-1.804999999915E2,3.635000005536E1,
-1.306047086645E2));
#4133=VERTEX_POINT('',#4132);
#4134=CARTESIAN_POINT('',(-1.520342147985E2,2.3E1,-4.612025835675E1));
#4135=VERTEX_POINT('',#4134);
#4136=CARTESIAN_POINT('',(-1.436971429712E2,2.857805474158E1,
-4.892788097653E1));
#4137=VERTEX_POINT('',#4136);
#4138=VERTEX_POINT('',#1183);
#4139=VERTEX_POINT('',#1176);
#4140=CARTESIAN_POINT('',(-1.332098841243E2,2.857805474159E1,
-4.611782843768E1));
#4141=VERTEX_POINT('',#4140);
#4142=VERTEX_POINT('',#1112);
#4143=VERTEX_POINT('',#1131);
#4144=VERTEX_POINT('',#1208);
#4145=CARTESIAN_POINT('',(-1.273935794385E2,2.3E1,-3.951782001105E1));
#4146=VERTEX_POINT('',#4145);
#4147=CARTESIAN_POINT('',(-1.299079865759E2,2.3E1,-4.014159637603E1));
#4148=VERTEX_POINT('',#4147);
#4149=CARTESIAN_POINT('',(-1.105528798296E2,2.3E1,-4.173494017567E1));
#4150=VERTEX_POINT('',#4149);
#4151=CARTESIAN_POINT('',(-1.26E2,2.3E1,-3.95E1));
#4152=VERTEX_POINT('',#4151);
#4153=CARTESIAN_POINT('',(-1.066429687986E2,2.857805474159E1,
-4.961542919350E1));
#4154=VERTEX_POINT('',#4153);
#4155=VERTEX_POINT('',#1254);
#4156=CARTESIAN_POINT('',(-9.724034974619E1,2.857805474159E1,
-5.504403383451E1));
#4157=VERTEX_POINT('',#4156);
#4158=VERTEX_POINT('',#1069);
#4159=VERTEX_POINT('',#1082);
#4160=VERTEX_POINT('',#1320);
#4161=CARTESIAN_POINT('',(-8.846069054704E1,2.3E1,-5.448987160493E1));
#4162=VERTEX_POINT('',#4161);
#4163=CARTESIAN_POINT('',(-9.067972138219E1,2.3E1,-5.315299376502E1));
#4164=VERTEX_POINT('',#4163);
#4165=VERTEX_POINT('',#1384);
#4166=CARTESIAN_POINT('',(-8.756819387291E1,3.085E1,-1.326425449189E2));
#4167=VERTEX_POINT('',#4166);
#4168=CARTESIAN_POINT('',(-7.203007535394E1,3.085E1,-8.641730696268E1));
#4169=VERTEX_POINT('',#4168);
#4170=CARTESIAN_POINT('',(-7.203007535392E1,2.3E1,-8.641730696274E1));
#4171=VERTEX_POINT('',#4170);
#4172=CARTESIAN_POINT('',(-7.850397858906E1,3.499396465046E1,
-1.520808169404E2));
#4173=VERTEX_POINT('',#4172);
#4174=CARTESIAN_POINT('',(-8.622524108708E1,3.635053162720E1,
-1.355221721986E2));
#4175=VERTEX_POINT('',#4174);
#4176=VERTEX_POINT('',#1031);
#4177=CARTESIAN_POINT('',(-8.093384930112E1,4.033399681350E1,
-1.563347106267E2));
#4178=VERTEX_POINT('',#4177);
#4179=CARTESIAN_POINT('',(-8.362285601307E1,4.428030587674E1,
-1.596832074202E2));
#4180=VERTEX_POINT('',#4179);
#4181=CARTESIAN_POINT('',(-8.268714805126E1,4.614354531025E1,
-1.673724980659E2));
#4182=VERTEX_POINT('',#4181);
#4183=CARTESIAN_POINT('',(-7.570884918310E1,3.931282800960E1,
-1.713444525436E2));
#4184=VERTEX_POINT('',#4183);
#4185=VERTEX_POINT('',#3528);
#4186=VERTEX_POINT('',#3616);
#4187=CARTESIAN_POINT('',(-7.15E1,3.324453847114E1,-1.740901118307E2));
#4188=VERTEX_POINT('',#4187);
#4189=VERTEX_POINT('',#3388);
#4190=CARTESIAN_POINT('',(-7.15E1,2.883407073198E1,-2.335000000002E2));
#4191=VERTEX_POINT('',#4190);
#4192=CARTESIAN_POINT('',(-9.516592926807E1,5.25E1,-2.335E2));
#4193=VERTEX_POINT('',#4192);
#4194=CARTESIAN_POINT('',(-1.568289041590E2,5.249999996779E1,
-2.334999999993E2));
#4195=VERTEX_POINT('',#4194);
#4196=CARTESIAN_POINT('',(-1.623379197158E2,5.249999990066E1,
-1.581288342453E2));
#4197=VERTEX_POINT('',#4196);
#4198=CARTESIAN_POINT('',(-1.597302454344E2,5.250024493348E1,
-1.594727488611E2));
#4199=VERTEX_POINT('',#4198);
#4200=CARTESIAN_POINT('',(-9.403873503043E1,5.250073492318E1,
-1.603544826497E2));
#4201=VERTEX_POINT('',#4200);
#4202=CARTESIAN_POINT('',(-9.044057981175E1,5.25E1,-1.698485917232E2));
#4203=VERTEX_POINT('',#4202);
#4204=VERTEX_POINT('',#3296);
#4205=CARTESIAN_POINT('',(-1.26E2,3.635000177268E1,-1.514977903428E2));
#4206=VERTEX_POINT('',#4205);
#4207=CARTESIAN_POINT('',(-1.775E2,3.385E1,-9.7E1));
#4208=VERTEX_POINT('',#4207);
#4209=CARTESIAN_POINT('',(-1.780261963800E2,3.085E1,-9.404650759783E1));
#4210=VERTEX_POINT('',#4209);
#4211=CARTESIAN_POINT('',(-1.780261963800E2,2.497378283281E1,
-9.404650759783E1));
#4212=VERTEX_POINT('',#4211);
#4213=CARTESIAN_POINT('',(-1.799839204874E2,2.3E1,-9.531769829930E1));
#4214=VERTEX_POINT('',#4213);
#4215=VERTEX_POINT('',#3825);
#4216=CARTESIAN_POINT('',(-1.715139214345E2,3.1E1,-8.733044561808E1));
#4217=VERTEX_POINT('',#4216);
#4218=CARTESIAN_POINT('',(-1.284074539872E2,3.1E1,-4.806304140130E1));
#4219=VERTEX_POINT('',#4218);
#4220=VERTEX_POINT('',#1247);
#4221=CARTESIAN_POINT('',(-1.685493400964E2,3.385E1,-8.776490791956E1));
#4222=VERTEX_POINT('',#4221);
#4223=CARTESIAN_POINT('',(-1.26E2,2.3E1,-4.E1));
#4224=VERTEX_POINT('',#4223);
#4225=CARTESIAN_POINT('',(-1.117852182588E2,3.1E1,-5.025140025042E1));
#4226=VERTEX_POINT('',#4225);
#4227=CARTESIAN_POINT('',(-1.26E2,3.1E1,-4.8E1));
#4228=VERTEX_POINT('',#4227);
#4229=CARTESIAN_POINT('',(-8.268053244482E1,3.1E1,-7.852667680376E1));
#4230=VERTEX_POINT('',#4229);
#4231=CARTESIAN_POINT('',(-8.550217991285E1,3.385E1,-7.953454860424E1));
#4232=VERTEX_POINT('',#4231);
#4233=CARTESIAN_POINT('',(-1.094439377125E2,3.385E1,-5.431096477075E1));
#4234=VERTEX_POINT('',#4233);
#4235=CARTESIAN_POINT('',(-7.278788045647E1,2.3E1,-8.480922562103E1));
#4236=VERTEX_POINT('',#4235);
#4237=VERTEX_POINT('',#1396);
#4238=VERTEX_POINT('',#1403);
#4239=VERTEX_POINT('',#1410);
#4240=VERTEX_POINT('',#1441);
#4241=CARTESIAN_POINT('',(-7.500089689409E1,3.085E1,-8.383470290968E1));
#4242=VERTEX_POINT('',#4241);
#4243=CARTESIAN_POINT('',(-7.504066412383E1,3.085E1,-8.383496649335E1));
#4244=VERTEX_POINT('',#4243);
#4245=CARTESIAN_POINT('',(-7.500089689409E1,3.385E1,-8.683470290968E1));
#4246=VERTEX_POINT('',#4245);
#4247=CARTESIAN_POINT('',(-1.690038997729E2,3.385E1,-8.967897791189E1));
#4248=VERTEX_POINT('',#4247);
#4249=CARTESIAN_POINT('',(-1.317241677284E2,3.385E1,-5.153044421319E1));
#4250=VERTEX_POINT('',#4249);
#4251=CARTESIAN_POINT('',(-1.320650738186E2,3.385E1,-9.444806433587E1));
#4252=VERTEX_POINT('',#4251);
#4253=CARTESIAN_POINT('',(-1.260652630961E2,3.385E1,-1.004957224307E2));
#4254=VERTEX_POINT('',#4253);
#4255=CARTESIAN_POINT('',(-1.202575561436E2,3.385E1,-9.600255352750E1));
#4256=VERTEX_POINT('',#4255);
#4257=CARTESIAN_POINT('',(-1.094789486854E2,3.385E1,-5.445908287131E1));
#4258=VERTEX_POINT('',#4257);
#4259=VERTEX_POINT('',#892);
#4260=CARTESIAN_POINT('',(-7.514671010389E1,3.385E1,-8.683566938360E1));
#4261=VERTEX_POINT('',#4260);
#4262=CARTESIAN_POINT('',(-1.489200484485E2,2.785E1,-1.417034278778E2));
#4263=CARTESIAN_POINT('',(-1.505E2,2.785E1,-1.309352447854E2));
#4264=VERTEX_POINT('',#4262);
#4265=VERTEX_POINT('',#4263);
#4266=CARTESIAN_POINT('',(-1.556409327816E2,2.785E1,-1.383899340537E2));
#4267=VERTEX_POINT('',#4266);
#4268=VERTEX_POINT('',#3680);
#4269=VERTEX_POINT('',#3683);
#4270=CARTESIAN_POINT('',(-1.505E2,1.275E1,-1.309352447854E2));
#4271=VERTEX_POINT('',#4270);
#4272=CARTESIAN_POINT('',(-1.505E2,1.275E1,-1.419352447854E2));
#4273=VERTEX_POINT('',#4272);
#4274=CARTESIAN_POINT('',(-1.505E2,1.275E1,-1.342852447854E2));
#4275=CARTESIAN_POINT('',(-1.505E2,1.275E1,-1.385852447854E2));
#4276=VERTEX_POINT('',#4274);
#4277=VERTEX_POINT('',#4275);
#4278=CARTESIAN_POINT('',(-1.505E2,2.125E1,-1.385852447854E2));
#4279=CARTESIAN_POINT('',(-1.505000000085E2,2.125E1,-1.342852447854E2));
#4280=VERTEX_POINT('',#4278);
#4281=VERTEX_POINT('',#4279);
#4282=CARTESIAN_POINT('',(-1.505E2,2.175E1,-1.390852447854E2));
#4283=CARTESIAN_POINT('',(-1.505E2,2.175E1,-1.337852447854E2));
#4284=VERTEX_POINT('',#4282);
#4285=VERTEX_POINT('',#4283);
#4286=CARTESIAN_POINT('',(-1.505E2,2.175E1,-1.323102447854E2));
#4287=CARTESIAN_POINT('',(-1.505E2,2.175E1,-1.405602447854E2));
#4288=VERTEX_POINT('',#4286);
#4289=VERTEX_POINT('',#4287);
#4290=CARTESIAN_POINT('',(-1.505E2,3.635E1,-1.323102447854E2));
#4291=VERTEX_POINT('',#4290);
#4292=CARTESIAN_POINT('',(-1.505E2,3.635E1,-1.405602447854E2));
#4293=VERTEX_POINT('',#4292);
#4294=CARTESIAN_POINT('',(-1.083692974990E2,3.635E1,-5.342952750985E1));
#4295=CARTESIAN_POINT('',(-1.085091400253E2,3.635E1,-5.470303775116E1));
#4296=VERTEX_POINT('',#4294);
#4297=VERTEX_POINT('',#4295);
#4298=CARTESIAN_POINT('',(-1.114554487185E2,3.635E1,-6.605888330601E1));
#4299=VERTEX_POINT('',#4298);
#4300=CARTESIAN_POINT('',(-1.26E2,3.635E1,-1.255E2));
#4301=VERTEX_POINT('',#4300);
#4302=CARTESIAN_POINT('',(-1.328172633951E2,3.635E1,-6.324654621344E1));
#4303=VERTEX_POINT('',#4302);
#4304=CARTESIAN_POINT('',(-1.327241163576E2,3.635E1,-5.152000542441E1));
#4305=VERTEX_POINT('',#4304);
#4306=CARTESIAN_POINT('',(-1.325295413552E2,3.635E1,-5.024877593007E1));
#4307=VERTEX_POINT('',#4306);
#4308=CARTESIAN_POINT('',(-1.684803980856E2,3.635E1,-8.166222952699E1));
#4309=VERTEX_POINT('',#4308);
#4310=CARTESIAN_POINT('',(-1.799923227123E2,3.635E1,-9.718466447169E1));
#4311=VERTEX_POINT('',#4310);
#4312=VERTEX_POINT('',#1933);
#4313=CARTESIAN_POINT('',(-1.819999999951E2,3.635000004403E1,
-1.281445818913E2));
#4314=VERTEX_POINT('',#4313);
#4315=CARTESIAN_POINT('',(-1.516520933173E2,3.635000041128E1,
-1.437783511670E2));
#4316=VERTEX_POINT('',#4315);
#4317=CARTESIAN_POINT('',(-8.575623868391E1,3.635000105770E1,
-1.329391117777E2));
#4318=VERTEX_POINT('',#4317);
#4319=CARTESIAN_POINT('',(-7.000059141784E1,3.635E1,-9.374263168847E1));
#4320=VERTEX_POINT('',#4319);
#4321=VERTEX_POINT('',#1973);
#4322=CARTESIAN_POINT('',(-8.677388019511E1,3.635E1,-7.355210703256E1));
#4323=VERTEX_POINT('',#4322);
#4324=CARTESIAN_POINT('',(-1.133178667900E2,3.635E1,-1.372053654882E2));
#4325=CARTESIAN_POINT('',(-1.133178667900E2,3.635E1,-1.454553654882E2));
#4326=VERTEX_POINT('',#4324);
#4327=VERTEX_POINT('',#4325);
#4328=CARTESIAN_POINT('',(-1.093687375175E2,3.535E1,-5.346298867232E1));
#4329=VERTEX_POINT('',#4328);
#4330=CARTESIAN_POINT('',(-1.094789486839E2,3.535E1,-5.445908286553E1));
#4331=VERTEX_POINT('',#4330);
#4332=CARTESIAN_POINT('',(-1.080874715768E2,3.605710678120E1,
-5.278101194397E1));
#4333=VERTEX_POINT('',#4332);
#4334=CARTESIAN_POINT('',(-1.041495394851E2,3.605710678119E1,
-5.472633164366E1));
#4335=VERTEX_POINT('',#4334);
#4336=CARTESIAN_POINT('',(-8.614685267871E1,3.605710678119E1,
-7.322524851014E1));
#4337=VERTEX_POINT('',#4336);
#4338=CARTESIAN_POINT('',(-1.029132357611E2,3.605710678119E1,
-5.544011193151E1));
#4339=VERTEX_POINT('',#4338);
#4340=CARTESIAN_POINT('',(-1.112576870139E2,3.329289321881E1,
-4.862784724909E1));
#4341=CARTESIAN_POINT('',(-1.260000000001E2,3.329289321881E1,
-4.629289321881E1));
#4342=VERTEX_POINT('',#4340);
#4343=VERTEX_POINT('',#4341);
#4344=VERTEX_POINT('',#1687);
#4345=VERTEX_POINT('',#1714);
#4346=CARTESIAN_POINT('',(-7.790029400478E1,2.675735931288E1,
-6.892646112163E1));
#4347=VERTEX_POINT('',#4346);
#4348=CARTESIAN_POINT('',(-1.26E2,2.675735931288E1,-3.975735931288E1));
#4349=VERTEX_POINT('',#4348);
#4350=CARTESIAN_POINT('',(-1.780901549456E2,2.675735931288E1,
-7.887122521621E1));
#4351=VERTEX_POINT('',#4350);
#4352=CARTESIAN_POINT('',(-1.691594450752E2,3.605710678119E1,
-8.146501090237E1));
#4353=VERTEX_POINT('',#4352);
#4354=CARTESIAN_POINT('',(-1.383200684147E2,3.605710678119E1,
-5.077871398101E1));
#4355=VERTEX_POINT('',#4354);
#4356=VERTEX_POINT('',#1732);
#4357=VERTEX_POINT('',#1759);
#4358=VERTEX_POINT('',#1782);
#4359=CARTESIAN_POINT('',(-1.326339146894E2,3.605710678119E1,
-4.954941140130E1));
#4360=VERTEX_POINT('',#4359);
#4361=VERTEX_POINT('',#1791);
#4362=CARTESIAN_POINT('',(-1.284074539872E2,3.258578643763E1,
-4.806304140129E1));
#4363=VERTEX_POINT('',#4362);
#4364=CARTESIAN_POINT('',(-1.26E2,3.258578643763E1,-4.8E1));
#4365=VERTEX_POINT('',#4364);
#4366=CARTESIAN_POINT('',(-1.117852182588E2,3.258578643763E1,
-5.025140025041E1));
#4367=VERTEX_POINT('',#4366);
#4368=CARTESIAN_POINT('',(-1.315728153925E2,3.535E1,-5.053976636345E1));
#4369=VERTEX_POINT('',#4368);
#4370=CARTESIAN_POINT('',(-1.386821332100E2,2.175E1,-5.079463451184E1));
#4371=CARTESIAN_POINT('',(-1.386821332100E2,2.175E1,-4.254463451184E1));
#4372=VERTEX_POINT('',#4370);
#4373=VERTEX_POINT('',#4371);
#4374=CARTESIAN_POINT('',(-1.386821332100E2,2.175E1,-4.401963451184E1));
#4375=CARTESIAN_POINT('',(-1.386821332100E2,2.175E1,-4.931963451184E1));
#4376=VERTEX_POINT('',#4374);
#4377=VERTEX_POINT('',#4375);
#4378=CARTESIAN_POINT('',(-1.386821332243E2,2.125E1,-4.451963451184E1));
#4379=VERTEX_POINT('',#4378);
#4380=CARTESIAN_POINT('',(-1.386821332100E2,2.125E1,-4.881963451184E1));
#4381=VERTEX_POINT('',#4380);
#4382=CARTESIAN_POINT('',(-1.785949737956E2,3.605710678119E1,
-9.532541496704E1));
#4383=VERTEX_POINT('',#4382);
#4384=VERTEX_POINT('',#1916);
#4385=VERTEX_POINT('',#1945);
#4386=CARTESIAN_POINT('',(-1.797777777778E2,2.251471862576E1,
-7.838108143041E1));
#4387=VERTEX_POINT('',#4386);
#4388=CARTESIAN_POINT('',(-7.634195419671E1,2.251471862576E1,
-6.811412572467E1));
#4389=VERTEX_POINT('',#4388);
#4390=CARTESIAN_POINT('',(-1.26E2,2.251471862576E1,-3.8E1));
#4391=VERTEX_POINT('',#4390);
#4392=VERTEX_POINT('',#1989);
#4393=CARTESIAN_POINT('',(-1.626494154464E2,5.399999998809E1,
-1.579681044005E2));
#4394=VERTEX_POINT('',#4393);
#4395=VERTEX_POINT('',#2402);
#4396=VERTEX_POINT('',#2407);
#4397=VERTEX_POINT('',#2409);
#4398=CARTESIAN_POINT('',(-8.998977814428E1,5.4E1,-1.700050611539E2));
#4399=VERTEX_POINT('',#4398);
#4400=CARTESIAN_POINT('',(-9.386402498863E1,5.400026306156E1,
-1.602683125833E2));
#4401=VERTEX_POINT('',#4400);
#4402=CARTESIAN_POINT('',(-1.597296202389E2,5.400078918300E1,
-1.594715769974E2));
#4403=VERTEX_POINT('',#4402);
#4404=VERTEX_POINT('',#2185);
#4405=VERTEX_POINT('',#2137);
#4406=VERTEX_POINT('',#2208);
#4407=VERTEX_POINT('',#2183);
#4408=CARTESIAN_POINT('',(-7.772364543274E1,2.175E1,-1.708933558855E2));
#4409=VERTEX_POINT('',#4408);
#4410=CARTESIAN_POINT('',(-7.772364543274E1,2.175E1,-1.626433558855E2));
#4411=VERTEX_POINT('',#4410);
#4412=CARTESIAN_POINT('',(-7.772364543274E1,2.175E1,-1.641183558855E2));
#4413=CARTESIAN_POINT('',(-7.772364543274E1,2.175E1,-1.694183558855E2));
#4414=VERTEX_POINT('',#4412);
#4415=VERTEX_POINT('',#4413);
#4416=CARTESIAN_POINT('',(-7.772364544706E1,2.125E1,-1.646183558855E2));
#4417=VERTEX_POINT('',#4416);
#4418=CARTESIAN_POINT('',(-7.772364543274E1,2.125E1,-1.689183558855E2));
#4419=VERTEX_POINT('',#4418);
#4420=CARTESIAN_POINT('',(-1.75E2,2.175E1,-1.708933558855E2));
#4421=VERTEX_POINT('',#4420);
#4422=CARTESIAN_POINT('',(-1.75E2,2.175E1,-1.626433558855E2));
#4423=VERTEX_POINT('',#4422);
#4424=CARTESIAN_POINT('',(-1.75E2,2.175E1,-1.641183558855E2));
#4425=CARTESIAN_POINT('',(-1.75E2,2.175E1,-1.694183558855E2));
#4426=VERTEX_POINT('',#4424);
#4427=VERTEX_POINT('',#4425);
#4428=CARTESIAN_POINT('',(-1.750000000143E2,2.125E1,-1.646183558855E2));
#4429=VERTEX_POINT('',#4428);
#4430=CARTESIAN_POINT('',(-1.75E2,2.125E1,-1.689183558855E2));
#4431=VERTEX_POINT('',#4430);
#4432=CARTESIAN_POINT('',(-1.317241677284E2,3.535E1,-5.153044421754E1));
#4433=VERTEX_POINT('',#4432);
#4434=CARTESIAN_POINT('',(-1.318172949414E2,3.535E1,-6.325448922928E1));
#4435=VERTEX_POINT('',#4434);
#4436=VERTEX_POINT('',#2505);
#4437=VERTEX_POINT('',#2517);
#4438=CARTESIAN_POINT('',(-1.26E2,4.135E1,-1.168397459622E2));
#4439=VERTEX_POINT('',#4438);
#4440=CARTESIAN_POINT('',(-1.134641634173E2,4.135E1,-7.490793890675E1));
#4441=VERTEX_POINT('',#4440);
#4442=VERTEX_POINT('',#2853);
#4443=CARTESIAN_POINT('',(-1.155680979769E2,4.135E1,-7.792819944278E1));
#4444=VERTEX_POINT('',#4443);
#4445=CARTESIAN_POINT('',(-1.155970715085E2,4.135E1,-7.810097239448E1));
#4446=VERTEX_POINT('',#4445);
#4447=CARTESIAN_POINT('',(-1.26E2,4.135E1,-1.13E2));
#4448=VERTEX_POINT('',#4447);
#4449=CARTESIAN_POINT('',(-1.319334861560E2,4.135E1,-7.595024260450E1));
#4450=VERTEX_POINT('',#4449);
#4451=CARTESIAN_POINT('',(-1.319167356289E2,4.135E1,-7.577274537114E1));
#4452=VERTEX_POINT('',#4451);
#4453=CARTESIAN_POINT('',(-1.124234008381E2,3.535E1,-6.580774382590E1));
#4454=VERTEX_POINT('',#4453);
#4455=CARTESIAN_POINT('',(-1.202575561438E2,3.51E1,-9.600255352814E1));
#4456=VERTEX_POINT('',#4455);
#4457=CARTESIAN_POINT('',(-1.159066369520E2,3.51E1,-7.923301400526E1));
#4458=VERTEX_POINT('',#4457);
#4459=CARTESIAN_POINT('',(-1.159062476218E2,3.535E1,-7.923151502043E1));
#4460=VERTEX_POINT('',#4459);
#4461=CARTESIAN_POINT('',(-1.157767092960E2,3.535E1,-7.873224006160E1));
#4462=VERTEX_POINT('',#4461);
#4463=VERTEX_POINT('',#2604);
#4464=CARTESIAN_POINT('',(-1.319167555080E2,3.565E1,-7.577585784610E1));
#4465=VERTEX_POINT('',#4464);
#4466=VERTEX_POINT('',#2667);
#4467=CARTESIAN_POINT('',(-1.319274431438E2,3.535E1,-7.712114981084E1));
#4468=VERTEX_POINT('',#4467);
#4469=CARTESIAN_POINT('',(-1.319274431410E2,3.51E1,-7.712114946476E1));
#4470=VERTEX_POINT('',#4469);
#4471=CARTESIAN_POINT('',(-1.320650738186E2,3.51E1,-9.444806433568E1));
#4472=VERTEX_POINT('',#4471);
#4473=VERTEX_POINT('',#2561);
#4474=CARTESIAN_POINT('',(-1.325620201689E2,3.565E1,-7.670289355693E1));
#4475=VERTEX_POINT('',#4474);
#4476=VERTEX_POINT('',#2575);
#4477=CARTESIAN_POINT('',(-1.26E2,4.085E1,-1.125E2));
#4478=VERTEX_POINT('',#4477);
#4479=CARTESIAN_POINT('',(-1.151847546736E2,3.565E1,-7.899065396064E1));
#4480=VERTEX_POINT('',#4479);
#4481=CARTESIAN_POINT('',(-1.26E2,3.565E1,-1.125E2));
#4482=VERTEX_POINT('',#4481);
#4483=CARTESIAN_POINT('',(-1.153601370302E2,3.535E1,-7.923404876129E1));
#4484=VERTEX_POINT('',#4483);
#4485=CARTESIAN_POINT('',(-1.26E2,3.535E1,-1.122E2));
#4486=VERTEX_POINT('',#4485);
#4487=CARTESIAN_POINT('',(-1.324556090321E2,3.535E1,-7.698338717533E1));
#4488=VERTEX_POINT('',#4487);
#4489=CARTESIAN_POINT('',(-1.155447852017E2,3.535E1,-8.027954142455E1));
#4490=VERTEX_POINT('',#4489);
#4491=CARTESIAN_POINT('',(-1.26E2,3.535E1,-1.1125E2));
#4492=VERTEX_POINT('',#4491);
#4493=CARTESIAN_POINT('',(-1.325408191614E2,3.535E1,-7.803816474532E1));
#4494=VERTEX_POINT('',#4493);
#4495=VERTEX_POINT('',#2708);
#4496=VERTEX_POINT('',#2696);
#4497=CARTESIAN_POINT('',(-1.26E2,3.51E1,-1.1125E2));
#4498=VERTEX_POINT('',#4497);
#4499=CARTESIAN_POINT('',(-1.260652630961E2,3.51E1,-1.004957224307E2));
#4500=VERTEX_POINT('',#4499);
#4501=CARTESIAN_POINT('',(-1.015E2,2.175E1,-4.743975521456E1));
#4502=CARTESIAN_POINT('',(-1.015E2,2.175E1,-5.568975521456E1));
#4503=VERTEX_POINT('',#4501);
#4504=VERTEX_POINT('',#4502);
#4505=CARTESIAN_POINT('',(-1.015E2,2.175E1,-4.891475521456E1));
#4506=CARTESIAN_POINT('',(-1.015E2,2.175E1,-5.421475521456E1));
#4507=VERTEX_POINT('',#4505);
#4508=VERTEX_POINT('',#4506);
#4509=CARTESIAN_POINT('',(-1.015000000143E2,2.125E1,-4.941475521456E1));
#4510=VERTEX_POINT('',#4509);
#4511=CARTESIAN_POINT('',(-1.015E2,2.125E1,-5.371475521456E1));
#4512=VERTEX_POINT('',#4511);
#4513=CARTESIAN_POINT('',(-1.133178667900E2,2.175E1,-1.454553654882E2));
#4514=CARTESIAN_POINT('',(-1.133178667900E2,2.175E1,-1.372053654882E2));
#4515=VERTEX_POINT('',#4513);
#4516=VERTEX_POINT('',#4514);
#4517=CARTESIAN_POINT('',(-1.133178667900E2,2.175E1,-1.386803654882E2));
#4518=CARTESIAN_POINT('',(-1.133178667900E2,2.175E1,-1.439803654882E2));
#4519=VERTEX_POINT('',#4517);
#4520=VERTEX_POINT('',#4518);
#4521=CARTESIAN_POINT('',(-1.133178668043E2,2.125E1,-1.391803654882E2));
#4522=VERTEX_POINT('',#4521);
#4523=CARTESIAN_POINT('',(-1.133178667900E2,2.125E1,-1.434803654882E2));
#4524=VERTEX_POINT('',#4523);
#4525=CARTESIAN_POINT('',(-1.133178667900E2,1.275E1,-1.434803654882E2));
#4526=VERTEX_POINT('',#4525);
#4527=CARTESIAN_POINT('',(-1.133178667900E2,1.275E1,-1.391803654882E2));
#4528=VERTEX_POINT('',#4527);
#4529=CARTESIAN_POINT('',(-1.133178667900E2,1.275E1,-1.358303654882E2));
#4530=CARTESIAN_POINT('',(-1.133178667900E2,1.275E1,-1.468303654882E2));
#4531=VERTEX_POINT('',#4529);
#4532=VERTEX_POINT('',#4530);
#4533=CARTESIAN_POINT('',(-1.084755043448E2,2.785E1,-1.439383390213E2));
#4534=CARTESIAN_POINT('',(-1.133178667900E2,2.785E1,-1.358303654882E2));
#4535=VERTEX_POINT('',#4533);
#4536=VERTEX_POINT('',#4534);
#4537=VERTEX_POINT('',#2943);
#4538=CARTESIAN_POINT('',(-1.162074889153E2,2.785E1,-1.460101180429E2));
#4539=VERTEX_POINT('',#4538);
#4540=CARTESIAN_POINT('',(-7.514671010389E1,3.085E1,-8.383566938360E1));
#4541=VERTEX_POINT('',#4540);
#4542=CARTESIAN_POINT('',(-8.064482774517E1,1.325E1,-1.578207593737E2));
#4543=VERTEX_POINT('',#4542);
#4544=CARTESIAN_POINT('',(-8.064482777532E1,1.325E1,-1.608207593737E2));
#4545=VERTEX_POINT('',#4544);
#4546=CARTESIAN_POINT('',(-8.064482776843E1,1.875E1,-1.608207593737E2));
#4547=VERTEX_POINT('',#4546);
#4548=CARTESIAN_POINT('',(-8.064482776154E1,1.875E1,-1.578207593737E2));
#4549=VERTEX_POINT('',#4548);
#4550=CARTESIAN_POINT('',(-8.064482776154E1,1.965129092854E1,
-1.593207593737E2));
#4551=VERTEX_POINT('',#4550);
#4552=CARTESIAN_POINT('',(-1.754999999836E2,1.325E1,-1.572839961741E2));
#4553=VERTEX_POINT('',#4552);
#4554=CARTESIAN_POINT('',(-1.755000000138E2,1.325E1,-1.602839961741E2));
#4555=VERTEX_POINT('',#4554);
#4556=CARTESIAN_POINT('',(-1.755000000069E2,1.875E1,-1.602839961741E2));
#4557=VERTEX_POINT('',#4556);
#4558=CARTESIAN_POINT('',(-1.755E2,1.875E1,-1.572839961741E2));
#4559=VERTEX_POINT('',#4558);
#4560=CARTESIAN_POINT('',(-1.755E2,1.965129092854E1,-1.587839961741E2));
#4561=VERTEX_POINT('',#4560);
#4562=CARTESIAN_POINT('',(-1.021515108334E2,3.485E1,-1.463211196790E2));
#4563=CARTESIAN_POINT('',(-8.622485613428E1,3.485E1,-1.355233419953E2));
#4564=VERTEX_POINT('',#4562);
#4565=VERTEX_POINT('',#4563);
#4566=CARTESIAN_POINT('',(-1.025662671660E2,3.385E1,-1.454111871606E2));
#4567=CARTESIAN_POINT('',(-8.667166468435E1,3.385E1,-1.345651579696E2));
#4568=VERTEX_POINT('',#4566);
#4569=VERTEX_POINT('',#4567);
#4570=VERTEX_POINT('',#2949);
#4571=VERTEX_POINT('',#998);
#4572=VERTEX_POINT('',#2983);
#4573=VERTEX_POINT('',#960);
#4574=VERTEX_POINT('',#2966);
#4575=VERTEX_POINT('',#953);
#4576=CARTESIAN_POINT('',(-1.457830476753E2,3.385E1,-1.469233504672E2));
#4577=VERTEX_POINT('',#4576);
#4578=CARTESIAN_POINT('',(-1.461331901136E2,3.485E1,-1.478600469351E2));
#4579=VERTEX_POINT('',#4578);
#4580=VERTEX_POINT('',#3057);
#4581=VERTEX_POINT('',#941);
#4582=VERTEX_POINT('',#3081);
#4583=VERTEX_POINT('',#927);
#4584=VERTEX_POINT('',#3095);
#4585=VERTEX_POINT('',#3115);
#4586=VERTEX_POINT('',#3639);
#4587=VERTEX_POINT('',#3152);
#4588=VERTEX_POINT('',#3074);
#4589=VERTEX_POINT('',#3145);
#4590=CARTESIAN_POINT('',(-1.774999999970E2,3.384997455358E1,
-1.310253438227E2));
#4591=VERTEX_POINT('',#4590);
#4592=CARTESIAN_POINT('',(-1.779579743258E2,3.484999999934E1,
-1.319143037927E2));
#4593=VERTEX_POINT('',#4592);
#4594=VERTEX_POINT('',#773);
#4595=VERTEX_POINT('',#3134);
#4596=CARTESIAN_POINT('',(-1.505E2,3.385E1,-1.249352447854E2));
#4597=VERTEX_POINT('',#4596);
#4598=CARTESIAN_POINT('',(-1.133178667900E2,3.385E1,-1.298303654882E2));
#4599=VERTEX_POINT('',#4598);
#4600=CARTESIAN_POINT('',(-7.E1,-3.3502E1,-1.3875E2));
#4601=DIRECTION('',(-1.E0,0.E0,0.E0));
#4602=DIRECTION('',(0.E0,0.E0,-1.E0));
#4603=AXIS2_PLACEMENT_3D('',#4600,#4601,#4602);
#4604=PLANE('',#4603);
#4606=ORIENTED_EDGE('',*,*,#4605,.F.);
#4608=ORIENTED_EDGE('',*,*,#4607,.T.);
#4610=ORIENTED_EDGE('',*,*,#4609,.T.);
#4612=ORIENTED_EDGE('',*,*,#4611,.T.);
#4613=EDGE_LOOP('',(#4606,#4608,#4610,#4612));
#4614=FACE_OUTER_BOUND('',#4613,.F.);
#4615=ADVANCED_FACE('',(#4614),#4604,.F.);
#4616=CARTESIAN_POINT('',(0.E0,1.275E1,-9.4E1));
#4617=DIRECTION('',(0.E0,1.E0,0.E0));
#4618=DIRECTION('',(1.E0,0.E0,0.E0));
#4619=AXIS2_PLACEMENT_3D('',#4616,#4617,#4618);
#4620=PLANE('',#4619);
#4622=ORIENTED_EDGE('',*,*,#4621,.T.);
#4624=ORIENTED_EDGE('',*,*,#4623,.T.);
#4626=ORIENTED_EDGE('',*,*,#4625,.F.);
#4628=ORIENTED_EDGE('',*,*,#4627,.T.);
#4630=ORIENTED_EDGE('',*,*,#4629,.T.);
#4632=ORIENTED_EDGE('',*,*,#4631,.T.);
#4634=ORIENTED_EDGE('',*,*,#4633,.T.);
#4636=ORIENTED_EDGE('',*,*,#4635,.T.);
#4637=ORIENTED_EDGE('',*,*,#4605,.T.);
#4639=ORIENTED_EDGE('',*,*,#4638,.T.);
#4641=ORIENTED_EDGE('',*,*,#4640,.F.);
#4643=ORIENTED_EDGE('',*,*,#4642,.T.);
#4645=ORIENTED_EDGE('',*,*,#4644,.T.);
#4647=ORIENTED_EDGE('',*,*,#4646,.T.);
#4649=ORIENTED_EDGE('',*,*,#4648,.T.);
#4651=ORIENTED_EDGE('',*,*,#4650,.T.);
#4653=ORIENTED_EDGE('',*,*,#4652,.T.);
#4655=ORIENTED_EDGE('',*,*,#4654,.T.);
#4657=ORIENTED_EDGE('',*,*,#4656,.T.);
#4659=ORIENTED_EDGE('',*,*,#4658,.T.);
#4661=ORIENTED_EDGE('',*,*,#4660,.T.);
#4663=ORIENTED_EDGE('',*,*,#4662,.T.);
#4665=ORIENTED_EDGE('',*,*,#4664,.T.);
#4667=ORIENTED_EDGE('',*,*,#4666,.T.);
#4669=ORIENTED_EDGE('',*,*,#4668,.T.);
#4671=ORIENTED_EDGE('',*,*,#4670,.T.);
#4673=ORIENTED_EDGE('',*,*,#4672,.T.);
#4675=ORIENTED_EDGE('',*,*,#4674,.T.);
#4677=ORIENTED_EDGE('',*,*,#4676,.T.);
#4679=ORIENTED_EDGE('',*,*,#4678,.T.);
#4681=ORIENTED_EDGE('',*,*,#4680,.T.);
#4683=ORIENTED_EDGE('',*,*,#4682,.T.);
#4685=ORIENTED_EDGE('',*,*,#4684,.T.);
#4687=ORIENTED_EDGE('',*,*,#4686,.F.);
#4689=ORIENTED_EDGE('',*,*,#4688,.T.);
#4691=ORIENTED_EDGE('',*,*,#4690,.T.);
#4693=ORIENTED_EDGE('',*,*,#4692,.T.);
#4695=ORIENTED_EDGE('',*,*,#4694,.T.);
#4697=ORIENTED_EDGE('',*,*,#4696,.T.);
#4699=ORIENTED_EDGE('',*,*,#4698,.T.);
#4701=ORIENTED_EDGE('',*,*,#4700,.T.);
#4702=EDGE_LOOP('',(#4622,#4624,#4626,#4628,#4630,#4632,#4634,#4636,#4637,#4639,
#4641,#4643,#4645,#4647,#4649,#4651,#4653,#4655,#4657,#4659,#4661,#4663,#4665,
#4667,#4669,#4671,#4673,#4675,#4677,#4679,#4681,#4683,#4685,#4687,#4689,#4691,
#4693,#4695,#4697,#4699,#4701));
#4703=FACE_OUTER_BOUND('',#4702,.F.);
#4705=ORIENTED_EDGE('',*,*,#4704,.T.);
#4707=ORIENTED_EDGE('',*,*,#4706,.T.);
#4708=EDGE_LOOP('',(#4705,#4707));
#4709=FACE_BOUND('',#4708,.F.);
#4711=ORIENTED_EDGE('',*,*,#4710,.T.);
#4713=ORIENTED_EDGE('',*,*,#4712,.T.);
#4714=EDGE_LOOP('',(#4711,#4713));
#4715=FACE_BOUND('',#4714,.F.);
#4717=ORIENTED_EDGE('',*,*,#4716,.T.);
#4719=ORIENTED_EDGE('',*,*,#4718,.T.);
#4720=EDGE_LOOP('',(#4717,#4719));
#4721=FACE_BOUND('',#4720,.F.);
#4723=ORIENTED_EDGE('',*,*,#4722,.T.);
#4725=ORIENTED_EDGE('',*,*,#4724,.T.);
#4726=EDGE_LOOP('',(#4723,#4725));
#4727=FACE_BOUND('',#4726,.F.);
#4729=ORIENTED_EDGE('',*,*,#4728,.T.);
#4731=ORIENTED_EDGE('',*,*,#4730,.T.);
#4732=EDGE_LOOP('',(#4729,#4731));
#4733=FACE_BOUND('',#4732,.F.);
#4735=ORIENTED_EDGE('',*,*,#4734,.T.);
#4737=ORIENTED_EDGE('',*,*,#4736,.T.);
#4738=EDGE_LOOP('',(#4735,#4737));
#4739=FACE_BOUND('',#4738,.F.);
#4740=ADVANCED_FACE('',(#4703,#4709,#4715,#4721,#4727,#4733,#4739),#4620,.F.);
#4741=CARTESIAN_POINT('',(-1.775E2,1.3E1,-1.743676979623E2));
#4742=DIRECTION('',(0.E0,-1.E0,0.E0));
#4743=DIRECTION('',(0.E0,0.E0,-1.E0));
#4744=AXIS2_PLACEMENT_3D('',#4741,#4742,#4743);
#4745=CONICAL_SURFACE('',#4744,3.25E0,4.5E1);
#4747=ORIENTED_EDGE('',*,*,#4746,.F.);
#4749=ORIENTED_EDGE('',*,*,#4748,.T.);
#4751=ORIENTED_EDGE('',*,*,#4750,.T.);
#4753=ORIENTED_EDGE('',*,*,#4752,.T.);
#4754=ORIENTED_EDGE('',*,*,#4623,.F.);
#4755=ORIENTED_EDGE('',*,*,#4621,.F.);
#4756=EDGE_LOOP('',(#4747,#4749,#4751,#4753,#4754,#4755));
#4757=FACE_OUTER_BOUND('',#4756,.F.);
#4758=ADVANCED_FACE('',(#4757),#4745,.F.);
#4759=CARTESIAN_POINT('',(-1.75E2,1.3E1,-1.667683558855E2));
#4760=DIRECTION('',(0.E0,1.E0,0.E0));
#4761=DIRECTION('',(0.E0,0.E0,1.E0));
#4762=AXIS2_PLACEMENT_3D('',#4759,#4760,#4761);
#4763=CONICAL_SURFACE('',#4762,4.75E0,4.5E1);
#4765=ORIENTED_EDGE('',*,*,#4764,.T.);
#4767=ORIENTED_EDGE('',*,*,#4766,.T.);
#4769=ORIENTED_EDGE('',*,*,#4768,.T.);
#4770=ORIENTED_EDGE('',*,*,#4746,.T.);
#4771=ORIENTED_EDGE('',*,*,#4700,.F.);
#4772=ORIENTED_EDGE('',*,*,#4698,.F.);
#4773=EDGE_LOOP('',(#4765,#4767,#4769,#4770,#4771,#4772));
#4774=FACE_OUTER_BOUND('',#4773,.F.);
#4775=ADVANCED_FACE('',(#4774),#4763,.T.);
#4776=CARTESIAN_POINT('',(-1.714470884760E2,1.325E1,-1.615360696068E2));
#4777=DIRECTION('',(-6.722661317211E-1,7.071067811865E-1,-2.192219152838E-1));
#4778=DIRECTION('',(-3.100266057637E-1,4.498314894129E-14,9.507278810041E-1));
#4779=AXIS2_PLACEMENT_3D('',#4776,#4777,#4778);
#4780=PLANE('',#4779);
#4782=ORIENTED_EDGE('',*,*,#4781,.F.);
#4784=ORIENTED_EDGE('',*,*,#4783,.T.);
#4785=ORIENTED_EDGE('',*,*,#4764,.F.);
#4786=ORIENTED_EDGE('',*,*,#4696,.F.);
#4787=EDGE_LOOP('',(#4782,#4784,#4785,#4786));
#4788=FACE_OUTER_BOUND('',#4787,.F.);
#4789=ADVANCED_FACE('',(#4788),#4780,.F.);
#4790=CARTESIAN_POINT('',(-1.755E2,1.3E1,-1.587839961741E2));
#4791=DIRECTION('',(0.E0,1.E0,0.E0));
#4792=DIRECTION('',(0.E0,0.E0,1.E0));
#4793=AXIS2_PLACEMENT_3D('',#4790,#4791,#4792);
#4794=CONICAL_SURFACE('',#4793,2.75E0,4.5E1);
#4796=ORIENTED_EDGE('',*,*,#4795,.F.);
#4798=ORIENTED_EDGE('',*,*,#4797,.T.);
#4800=ORIENTED_EDGE('',*,*,#4799,.T.);
#4801=ORIENTED_EDGE('',*,*,#4781,.T.);
#4802=ORIENTED_EDGE('',*,*,#4694,.F.);
#4803=ORIENTED_EDGE('',*,*,#4692,.F.);
#4804=EDGE_LOOP('',(#4796,#4798,#4800,#4801,#4802,#4803));
#4805=FACE_OUTER_BOUND('',#4804,.F.);
#4806=ADVANCED_FACE('',(#4805),#4794,.T.);
#4807=CARTESIAN_POINT('',(-1.775E2,1.3E1,-1.531271419247E2));
#4808=DIRECTION('',(0.E0,-1.E0,0.E0));
#4809=DIRECTION('',(0.E0,0.E0,-1.E0));
#4810=AXIS2_PLACEMENT_3D('',#4807,#4808,#4809);
#4811=CONICAL_SURFACE('',#4810,3.25E0,4.5E1);
#4813=ORIENTED_EDGE('',*,*,#4812,.T.);
#4815=ORIENTED_EDGE('',*,*,#4814,.T.);
#4817=ORIENTED_EDGE('',*,*,#4816,.T.);
#4818=ORIENTED_EDGE('',*,*,#4795,.T.);
#4819=ORIENTED_EDGE('',*,*,#4690,.F.);
#4820=ORIENTED_EDGE('',*,*,#4688,.F.);
#4821=EDGE_LOOP('',(#4813,#4815,#4817,#4818,#4819,#4820));
#4822=FACE_OUTER_BOUND('',#4821,.F.);
#4823=ADVANCED_FACE('',(#4822),#4811,.F.);
#4824=CARTESIAN_POINT('',(-1.81E2,1.275E1,-9.4E1));
#4825=DIRECTION('',(7.071067811865E-1,-7.071067811865E-1,0.E0));
#4826=DIRECTION('',(0.E0,0.E0,1.E0));
#4827=AXIS2_PLACEMENT_3D('',#4824,#4825,#4826);
#4828=PLANE('',#4827);
#4830=ORIENTED_EDGE('',*,*,#4829,.F.);
#4832=ORIENTED_EDGE('',*,*,#4831,.T.);
#4833=ORIENTED_EDGE('',*,*,#4812,.F.);
#4834=ORIENTED_EDGE('',*,*,#4686,.T.);
#4835=EDGE_LOOP('',(#4830,#4832,#4833,#4834));
#4836=FACE_OUTER_BOUND('',#4835,.F.);
#4837=ADVANCED_FACE('',(#4836),#4828,.T.);
#4838=CARTESIAN_POINT('',(-1.26E2,1.3E1,-9.4E1));
#4839=DIRECTION('',(0.E0,-1.E0,0.E0));
#4840=DIRECTION('',(0.E0,0.E0,-1.E0));
#4841=AXIS2_PLACEMENT_3D('',#4838,#4839,#4840);
#4842=CONICAL_SURFACE('',#4841,5.475E1,4.5E1);
#4844=ORIENTED_EDGE('',*,*,#4843,.F.);
#4846=ORIENTED_EDGE('',*,*,#4845,.T.);
#4847=ORIENTED_EDGE('',*,*,#4829,.T.);
#4848=ORIENTED_EDGE('',*,*,#4684,.F.);
#4849=EDGE_LOOP('',(#4844,#4846,#4847,#4848));
#4850=FACE_OUTER_BOUND('',#4849,.F.);
#4851=ADVANCED_FACE('',(#4850),#4842,.F.);
#4852=CARTESIAN_POINT('',(-1.491680627107E2,1.3E1,-5.139142257438E1));
#4853=DIRECTION('',(0.E0,-1.E0,0.E0));
#4854=DIRECTION('',(0.E0,0.E0,-1.E0));
#4855=AXIS2_PLACEMENT_3D('',#4852,#4853,#4854);
#4856=CONICAL_SURFACE('',#4855,6.25E0,4.5E1);
#4858=ORIENTED_EDGE('',*,*,#4857,.F.);
#4860=ORIENTED_EDGE('',*,*,#4859,.T.);
#4862=ORIENTED_EDGE('',*,*,#4861,.T.);
#4863=ORIENTED_EDGE('',*,*,#4843,.T.);
#4864=ORIENTED_EDGE('',*,*,#4682,.F.);
#4865=ORIENTED_EDGE('',*,*,#4680,.F.);
#4866=EDGE_LOOP('',(#4858,#4860,#4862,#4863,#4864,#4865));
#4867=FACE_OUTER_BOUND('',#4866,.F.);
#4868=ADVANCED_FACE('',(#4867),#4856,.F.);
#4869=CARTESIAN_POINT('',(-1.386821332100E2,1.3E1,-4.666963451184E1));
#4870=DIRECTION('',(0.E0,1.E0,0.E0));
#4871=DIRECTION('',(0.E0,0.E0,1.E0));
#4872=AXIS2_PLACEMENT_3D('',#4869,#4870,#4871);
#4873=CONICAL_SURFACE('',#4872,5.25E0,4.5E1);
#4875=ORIENTED_EDGE('',*,*,#4874,.F.);
#4877=ORIENTED_EDGE('',*,*,#4876,.T.);
#4879=ORIENTED_EDGE('',*,*,#4878,.T.);
#4880=ORIENTED_EDGE('',*,*,#4857,.T.);
#4881=ORIENTED_EDGE('',*,*,#4678,.F.);
#4882=ORIENTED_EDGE('',*,*,#4676,.F.);
#4883=EDGE_LOOP('',(#4875,#4877,#4879,#4880,#4881,#4882));
#4884=FACE_OUTER_BOUND('',#4883,.F.);
#4885=ADVANCED_FACE('',(#4884),#4873,.T.);
#4886=CARTESIAN_POINT('',(-1.272401578489E2,1.3E1,-4.551585817497E1));
#4887=DIRECTION('',(0.E0,-1.E0,0.E0));
#4888=DIRECTION('',(0.E0,0.E0,-1.E0));
#4889=AXIS2_PLACEMENT_3D('',#4886,#4887,#4888);
#4890=CONICAL_SURFACE('',#4889,6.25E0,4.5E1);
#4892=ORIENTED_EDGE('',*,*,#4891,.F.);
#4894=ORIENTED_EDGE('',*,*,#4893,.T.);
#4895=ORIENTED_EDGE('',*,*,#4874,.T.);
#4896=ORIENTED_EDGE('',*,*,#4674,.F.);
#4897=EDGE_LOOP('',(#4892,#4894,#4895,#4896));
#4898=FACE_OUTER_BOUND('',#4897,.F.);
#4899=ADVANCED_FACE('',(#4898),#4890,.F.);
#4900=CARTESIAN_POINT('',(-1.26E2,1.3E1,-9.4E1));
#4901=DIRECTION('',(0.E0,-1.E0,0.E0));
#4902=DIRECTION('',(0.E0,0.E0,-1.E0));
#4903=AXIS2_PLACEMENT_3D('',#4900,#4901,#4902);
#4904=CONICAL_SURFACE('',#4903,5.475E1,4.5E1);
#4906=ORIENTED_EDGE('',*,*,#4905,.F.);
#4908=ORIENTED_EDGE('',*,*,#4907,.T.);
#4910=ORIENTED_EDGE('',*,*,#4909,.T.);
#4911=ORIENTED_EDGE('',*,*,#4891,.T.);
#4912=ORIENTED_EDGE('',*,*,#4672,.F.);
#4913=ORIENTED_EDGE('',*,*,#4670,.F.);
#4914=EDGE_LOOP('',(#4906,#4908,#4910,#4911,#4912,#4913));
#4915=FACE_OUTER_BOUND('',#4914,.F.);
#4916=ADVANCED_FACE('',(#4915),#4904,.F.);
#4917=CARTESIAN_POINT('',(-1.122534802153E2,1.3E1,-4.748889171597E1));
#4918=DIRECTION('',(0.E0,-1.E0,0.E0));
#4919=DIRECTION('',(0.E0,0.E0,-1.E0));
#4920=AXIS2_PLACEMENT_3D('',#4917,#4918,#4919);
#4921=CONICAL_SURFACE('',#4920,6.25E0,4.5E1);
#4923=ORIENTED_EDGE('',*,*,#4922,.F.);
#4925=ORIENTED_EDGE('',*,*,#4924,.T.);
#4926=ORIENTED_EDGE('',*,*,#4905,.T.);
#4927=ORIENTED_EDGE('',*,*,#4668,.F.);
#4928=EDGE_LOOP('',(#4923,#4925,#4926,#4927));
#4929=FACE_OUTER_BOUND('',#4928,.F.);
#4930=ADVANCED_FACE('',(#4929),#4921,.F.);
#4931=CARTESIAN_POINT('',(-1.015E2,1.3E1,-5.156475521456E1));
#4932=DIRECTION('',(0.E0,1.E0,0.E0));
#4933=DIRECTION('',(0.E0,0.E0,1.E0));
#4934=AXIS2_PLACEMENT_3D('',#4931,#4932,#4933);
#4935=CONICAL_SURFACE('',#4934,5.25E0,4.5E1);
#4937=ORIENTED_EDGE('',*,*,#4936,.F.);
#4939=ORIENTED_EDGE('',*,*,#4938,.T.);
#4941=ORIENTED_EDGE('',*,*,#4940,.T.);
#4942=ORIENTED_EDGE('',*,*,#4922,.T.);
#4943=ORIENTED_EDGE('',*,*,#4666,.F.);
#4944=ORIENTED_EDGE('',*,*,#4664,.F.);
#4945=EDGE_LOOP('',(#4937,#4939,#4941,#4942,#4943,#4944));
#4946=FACE_OUTER_BOUND('',#4945,.F.);
#4947=ADVANCED_FACE('',(#4946),#4935,.T.);
#4948=CARTESIAN_POINT('',(-9.259345856021E1,1.3E1,-5.883961051081E1));
#4949=DIRECTION('',(0.E0,-1.E0,0.E0));
#4950=DIRECTION('',(0.E0,0.E0,-1.E0));
#4951=AXIS2_PLACEMENT_3D('',#4948,#4949,#4950);
#4952=CONICAL_SURFACE('',#4951,6.25E0,4.5E1);
#4954=ORIENTED_EDGE('',*,*,#4953,.F.);
#4956=ORIENTED_EDGE('',*,*,#4955,.T.);
#4958=ORIENTED_EDGE('',*,*,#4957,.T.);
#4959=ORIENTED_EDGE('',*,*,#4936,.T.);
#4960=ORIENTED_EDGE('',*,*,#4662,.F.);
#4961=ORIENTED_EDGE('',*,*,#4660,.F.);
#4962=EDGE_LOOP('',(#4954,#4956,#4958,#4959,#4960,#4961));
#4963=FACE_OUTER_BOUND('',#4962,.F.);
#4964=ADVANCED_FACE('',(#4963),#4952,.F.);
#4965=CARTESIAN_POINT('',(-1.26E2,1.3E1,-9.4E1));
#4966=DIRECTION('',(0.E0,-1.E0,0.E0));
#4967=DIRECTION('',(0.E0,0.E0,-1.E0));
#4968=AXIS2_PLACEMENT_3D('',#4965,#4966,#4967);
#4969=CONICAL_SURFACE('',#4968,5.475E1,4.5E1);
#4971=ORIENTED_EDGE('',*,*,#4970,.T.);
#4973=ORIENTED_EDGE('',*,*,#4972,.T.);
#4974=ORIENTED_EDGE('',*,*,#4953,.T.);
#4975=ORIENTED_EDGE('',*,*,#4658,.F.);
#4976=EDGE_LOOP('',(#4971,#4973,#4974,#4975));
#4977=FACE_OUTER_BOUND('',#4976,.F.);
#4978=ADVANCED_FACE('',(#4977),#4969,.F.);
#4979=CARTESIAN_POINT('',(-8.627577145656E1,1.275E1,-1.342310529434E2));
#4980=DIRECTION('',(-6.408563820558E-1,-7.071067811865E-1,-2.988362387301E-1));
#4981=DIRECTION('',(4.226182617407E-1,0.E0,-9.063077870367E-1));
#4982=AXIS2_PLACEMENT_3D('',#4979,#4980,#4981);
#4983=PLANE('',#4982);
#4985=ORIENTED_EDGE('',*,*,#4984,.F.);
#4987=ORIENTED_EDGE('',*,*,#4986,.T.);
#4988=ORIENTED_EDGE('',*,*,#4970,.F.);
#4989=ORIENTED_EDGE('',*,*,#4656,.F.);
#4990=EDGE_LOOP('',(#4985,#4987,#4988,#4989));
#4991=FACE_OUTER_BOUND('',#4990,.F.);
#4992=ADVANCED_FACE('',(#4991),#4983,.T.);
#4993=CARTESIAN_POINT('',(-8.122290209730E1,1.3E1,-1.533486717938E2));
#4994=DIRECTION('',(0.E0,-1.E0,0.E0));
#4995=DIRECTION('',(0.E0,0.E0,-1.E0));
#4996=AXIS2_PLACEMENT_3D('',#4993,#4994,#4995);
#4997=CONICAL_SURFACE('',#4996,3.25E0,4.5E1);
#4999=ORIENTED_EDGE('',*,*,#4998,.F.);
#5001=ORIENTED_EDGE('',*,*,#5000,.T.);
#5002=ORIENTED_EDGE('',*,*,#4984,.T.);
#5003=ORIENTED_EDGE('',*,*,#4654,.F.);
#5004=EDGE_LOOP('',(#4999,#5001,#5002,#5003));
#5005=FACE_OUTER_BOUND('',#5004,.F.);
#5006=ADVANCED_FACE('',(#5005),#4997,.F.);
#5007=CARTESIAN_POINT('',(-8.064482776154E1,1.3E1,-1.593207593737E2));
#5008=DIRECTION('',(0.E0,1.E0,0.E0));
#5009=DIRECTION('',(0.E0,0.E0,1.E0));
#5010=AXIS2_PLACEMENT_3D('',#5007,#5008,#5009);
#5011=CONICAL_SURFACE('',#5010,2.75E0,4.5E1);
#5013=ORIENTED_EDGE('',*,*,#5012,.T.);
#5015=ORIENTED_EDGE('',*,*,#5014,.T.);
#5016=ORIENTED_EDGE('',*,*,#4998,.T.);
#5017=ORIENTED_EDGE('',*,*,#4652,.F.);
#5018=EDGE_LOOP('',(#5013,#5015,#5016,#5017));
#5019=FACE_OUTER_BOUND('',#5018,.F.);
#5020=ADVANCED_FACE('',(#5019),#5011,.T.);
#5021=CARTESIAN_POINT('',(-8.315493654565E1,1.325E1,-1.635278193795E2));
#5022=DIRECTION('',(7.019272149126E-1,7.071067811865E-1,8.542941510435E-2));
#5023=DIRECTION('',(1.208154374662E-1,-2.696633797790E-14,-9.926749871281E-1));
#5024=AXIS2_PLACEMENT_3D('',#5021,#5022,#5023);
#5025=PLANE('',#5024);
#5027=ORIENTED_EDGE('',*,*,#5026,.F.);
#5029=ORIENTED_EDGE('',*,*,#5028,.T.);
#5030=ORIENTED_EDGE('',*,*,#5012,.F.);
#5031=ORIENTED_EDGE('',*,*,#4650,.F.);
#5032=EDGE_LOOP('',(#5027,#5029,#5030,#5031));
#5033=FACE_OUTER_BOUND('',#5032,.F.);
#5034=ADVANCED_FACE('',(#5033),#5025,.F.);
#5035=CARTESIAN_POINT('',(-7.772364543274E1,1.3E1,-1.667683558855E2));
#5036=DIRECTION('',(0.E0,1.E0,0.E0));
#5037=DIRECTION('',(0.E0,0.E0,1.E0));
#5038=AXIS2_PLACEMENT_3D('',#5035,#5036,#5037);
#5039=CONICAL_SURFACE('',#5038,4.75E0,4.5E1);
#5041=ORIENTED_EDGE('',*,*,#5040,.F.);
#5043=ORIENTED_EDGE('',*,*,#5042,.T.);
#5045=ORIENTED_EDGE('',*,*,#5044,.T.);
#5046=ORIENTED_EDGE('',*,*,#5026,.T.);
#5047=ORIENTED_EDGE('',*,*,#4648,.F.);
#5048=ORIENTED_EDGE('',*,*,#4646,.F.);
#5049=EDGE_LOOP('',(#5041,#5043,#5045,#5046,#5047,#5048));
#5050=FACE_OUTER_BOUND('',#5049,.F.);
#5051=ADVANCED_FACE('',(#5050),#5039,.T.);
#5052=CARTESIAN_POINT('',(-7.45E1,1.3E1,-1.740901118309E2));
#5053=DIRECTION('',(0.E0,-1.E0,0.E0));
#5054=DIRECTION('',(0.E0,0.E0,-1.E0));
#5055=AXIS2_PLACEMENT_3D('',#5052,#5053,#5054);
#5056=CONICAL_SURFACE('',#5055,3.25E0,4.5E1);
#5058=ORIENTED_EDGE('',*,*,#5057,.T.);
#5060=ORIENTED_EDGE('',*,*,#5059,.T.);
#5062=ORIENTED_EDGE('',*,*,#5061,.T.);
#5063=ORIENTED_EDGE('',*,*,#5040,.T.);
#5064=ORIENTED_EDGE('',*,*,#4644,.F.);
#5065=ORIENTED_EDGE('',*,*,#4642,.F.);
#5066=EDGE_LOOP('',(#5058,#5060,#5062,#5063,#5064,#5065));
#5067=FACE_OUTER_BOUND('',#5066,.F.);
#5068=ADVANCED_FACE('',(#5067),#5056,.F.);
#5069=CARTESIAN_POINT('',(-7.1E1,1.275E1,-9.4E1));
#5070=DIRECTION('',(7.071067811865E-1,7.071067811865E-1,0.E0));
#5071=DIRECTION('',(0.E0,0.E0,1.E0));
#5072=AXIS2_PLACEMENT_3D('',#5069,#5070,#5071);
#5073=PLANE('',#5072);
#5075=ORIENTED_EDGE('',*,*,#5074,.F.);
#5077=ORIENTED_EDGE('',*,*,#5076,.T.);
#5078=ORIENTED_EDGE('',*,*,#5057,.F.);
#5079=ORIENTED_EDGE('',*,*,#4640,.T.);
#5080=EDGE_LOOP('',(#5075,#5077,#5078,#5079));
#5081=FACE_OUTER_BOUND('',#5080,.F.);
#5082=ADVANCED_FACE('',(#5081),#5073,.F.);
#5083=CARTESIAN_POINT('',(-1.26E2,-3.3502E1,-2.395E2));
#5084=DIRECTION('',(0.E0,0.E0,1.E0));
#5085=DIRECTION('',(-1.E0,0.E0,0.E0));
#5086=AXIS2_PLACEMENT_3D('',#5083,#5084,#5085);
#5087=PLANE('',#5086);
#5088=ORIENTED_EDGE('',*,*,#4627,.F.);
#5090=ORIENTED_EDGE('',*,*,#5089,.T.);
#5092=ORIENTED_EDGE('',*,*,#5091,.F.);
#5094=ORIENTED_EDGE('',*,*,#5093,.T.);
#5096=ORIENTED_EDGE('',*,*,#5095,.F.);
#5098=ORIENTED_EDGE('',*,*,#5097,.T.);
#5100=ORIENTED_EDGE('',*,*,#5099,.F.);
#5101=ORIENTED_EDGE('',*,*,#5074,.T.);
#5102=ORIENTED_EDGE('',*,*,#4638,.F.);
#5103=ORIENTED_EDGE('',*,*,#4611,.F.);
#5105=ORIENTED_EDGE('',*,*,#5104,.T.);
#5107=ORIENTED_EDGE('',*,*,#5106,.F.);
#5109=ORIENTED_EDGE('',*,*,#5108,.T.);
#5111=ORIENTED_EDGE('',*,*,#5110,.T.);
#5112=EDGE_LOOP('',(#5088,#5090,#5092,#5094,#5096,#5098,#5100,#5101,#5102,#5103,
#5105,#5107,#5109,#5111));
#5113=FACE_OUTER_BOUND('',#5112,.F.);
#5114=ADVANCED_FACE('',(#5113),#5087,.F.);
#5115=CARTESIAN_POINT('',(-1.805E2,1.325E1,-2.395E2));
#5116=DIRECTION('',(-7.071067811865E-1,7.071067811865E-1,0.E0));
#5117=DIRECTION('',(0.E0,0.E0,1.E0));
#5118=AXIS2_PLACEMENT_3D('',#5115,#5116,#5117);
#5119=PLANE('',#5118);
#5120=ORIENTED_EDGE('',*,*,#5089,.F.);
#5121=ORIENTED_EDGE('',*,*,#4625,.T.);
#5122=ORIENTED_EDGE('',*,*,#4752,.F.);
#5124=ORIENTED_EDGE('',*,*,#5123,.T.);
#5125=EDGE_LOOP('',(#5120,#5121,#5122,#5124));
#5126=FACE_OUTER_BOUND('',#5125,.F.);
#5127=ADVANCED_FACE('',(#5126),#5119,.F.);
#5128=CARTESIAN_POINT('',(-1.805E2,-3.3502E1,-2.395E2));
#5129=DIRECTION('',(-1.E0,0.E0,0.E0));
#5130=DIRECTION('',(0.E0,0.E0,-1.E0));
#5131=AXIS2_PLACEMENT_3D('',#5128,#5129,#5130);
#5132=PLANE('',#5131);
#5133=ORIENTED_EDGE('',*,*,#5091,.T.);
#5134=ORIENTED_EDGE('',*,*,#5123,.F.);
#5136=ORIENTED_EDGE('',*,*,#5135,.F.);
#5138=ORIENTED_EDGE('',*,*,#5137,.T.);
#5140=ORIENTED_EDGE('',*,*,#5139,.F.);
#5141=EDGE_LOOP('',(#5133,#5134,#5136,#5138,#5140));
#5142=FACE_OUTER_BOUND('',#5141,.F.);
#5143=ADVANCED_FACE('',(#5142),#5132,.F.);
#5144=CARTESIAN_POINT('',(-1.775E2,5.4002E1,-1.743676979623E2));
#5145=DIRECTION('',(0.E0,-1.E0,0.E0));
#5146=DIRECTION('',(0.E0,0.E0,-1.E0));
#5147=AXIS2_PLACEMENT_3D('',#5144,#5145,#5146);
#5148=CYLINDRICAL_SURFACE('',#5147,3.E0);
#5149=ORIENTED_EDGE('',*,*,#5135,.T.);
#5150=ORIENTED_EDGE('',*,*,#4750,.F.);
#5151=ORIENTED_EDGE('',*,*,#4748,.F.);
#5153=ORIENTED_EDGE('',*,*,#5152,.T.);
#5155=ORIENTED_EDGE('',*,*,#5154,.F.);
#5157=ORIENTED_EDGE('',*,*,#5156,.F.);
#5158=EDGE_LOOP('',(#5149,#5150,#5151,#5153,#5155,#5157));
#5159=FACE_OUTER_BOUND('',#5158,.F.);
#5160=ADVANCED_FACE('',(#5159),#5148,.F.);
#5161=CARTESIAN_POINT('',(-1.75E2,5.4002E1,-1.667683558855E2));
#5162=DIRECTION('',(0.E0,-1.E0,0.E0));
#5163=DIRECTION('',(0.E0,0.E0,-1.E0));
#5164=AXIS2_PLACEMENT_3D('',#5161,#5162,#5163);
#5165=CYLINDRICAL_SURFACE('',#5164,5.E0);
#5166=ORIENTED_EDGE('',*,*,#5152,.F.);
#5167=ORIENTED_EDGE('',*,*,#4768,.F.);
#5168=ORIENTED_EDGE('',*,*,#4766,.F.);
#5170=ORIENTED_EDGE('',*,*,#5169,.F.);
#5172=ORIENTED_EDGE('',*,*,#5171,.T.);
#5174=ORIENTED_EDGE('',*,*,#5173,.T.);
#5175=EDGE_LOOP('',(#5166,#5167,#5168,#5170,#5172,#5174));
#5176=FACE_OUTER_BOUND('',#5175,.F.);
#5177=ADVANCED_FACE('',(#5176),#5165,.T.);
#5178=CARTESIAN_POINT('',(-1.714470884760E2,5.4002E1,-1.615360696068E2));
#5179=DIRECTION('',(-9.507278810041E-1,0.E0,-3.100266057637E-1));
#5180=DIRECTION('',(3.100266057637E-1,0.E0,-9.507278810041E-1));
#5181=AXIS2_PLACEMENT_3D('',#5178,#5179,#5180);
#5182=PLANE('',#5181);
#5183=ORIENTED_EDGE('',*,*,#5169,.T.);
#5184=ORIENTED_EDGE('',*,*,#4783,.F.);
#5186=ORIENTED_EDGE('',*,*,#5185,.T.);
#5188=ORIENTED_EDGE('',*,*,#5187,.T.);
#5189=EDGE_LOOP('',(#5183,#5184,#5186,#5188));
#5190=FACE_OUTER_BOUND('',#5189,.F.);
#5191=ADVANCED_FACE('',(#5190),#5182,.F.);
#5192=CARTESIAN_POINT('',(-1.755E2,5.4002E1,-1.587839961741E2));
#5193=DIRECTION('',(0.E0,-1.E0,0.E0));
#5194=DIRECTION('',(0.E0,0.E0,-1.E0));
#5195=AXIS2_PLACEMENT_3D('',#5192,#5193,#5194);
#5196=CYLINDRICAL_SURFACE('',#5195,3.E0);
#5197=ORIENTED_EDGE('',*,*,#5185,.F.);
#5198=ORIENTED_EDGE('',*,*,#4799,.F.);
#5199=ORIENTED_EDGE('',*,*,#4797,.F.);
#5201=ORIENTED_EDGE('',*,*,#5200,.T.);
#5203=ORIENTED_EDGE('',*,*,#5202,.T.);
#5205=ORIENTED_EDGE('',*,*,#5204,.T.);
#5206=EDGE_LOOP('',(#5197,#5198,#5199,#5201,#5203,#5205));
#5207=FACE_OUTER_BOUND('',#5206,.F.);
#5208=ADVANCED_FACE('',(#5207),#5196,.T.);
#5209=CARTESIAN_POINT('',(-1.775E2,5.4002E1,-1.531271419247E2));
#5210=DIRECTION('',(0.E0,-1.E0,0.E0));
#5211=DIRECTION('',(0.E0,0.E0,-1.E0));
#5212=AXIS2_PLACEMENT_3D('',#5209,#5210,#5211);
#5213=CYLINDRICAL_SURFACE('',#5212,3.E0);
#5214=ORIENTED_EDGE('',*,*,#5200,.F.);
#5215=ORIENTED_EDGE('',*,*,#4816,.F.);
#5216=ORIENTED_EDGE('',*,*,#4814,.F.);
#5218=ORIENTED_EDGE('',*,*,#5217,.T.);
#5220=ORIENTED_EDGE('',*,*,#5219,.T.);
#5222=ORIENTED_EDGE('',*,*,#5221,.F.);
#5223=EDGE_LOOP('',(#5214,#5215,#5216,#5218,#5220,#5222));
#5224=FACE_OUTER_BOUND('',#5223,.F.);
#5225=ADVANCED_FACE('',(#5224),#5213,.F.);
#5226=CARTESIAN_POINT('',(-1.805E2,-3.3502E1,-1.3875E2));
#5227=DIRECTION('',(1.E0,0.E0,0.E0));
#5228=DIRECTION('',(0.E0,0.E0,1.E0));
#5229=AXIS2_PLACEMENT_3D('',#5226,#5227,#5228);
#5230=PLANE('',#5229);
#5232=ORIENTED_EDGE('',*,*,#5231,.F.);
#5234=ORIENTED_EDGE('',*,*,#5233,.F.);
#5236=ORIENTED_EDGE('',*,*,#5235,.F.);
#5238=ORIENTED_EDGE('',*,*,#5237,.T.);
#5239=ORIENTED_EDGE('',*,*,#5217,.F.);
#5240=ORIENTED_EDGE('',*,*,#4831,.F.);
#5242=ORIENTED_EDGE('',*,*,#5241,.F.);
#5244=ORIENTED_EDGE('',*,*,#5243,.F.);
#5246=ORIENTED_EDGE('',*,*,#5245,.F.);
#5247=EDGE_LOOP('',(#5232,#5234,#5236,#5238,#5239,#5240,#5242,#5244,#5246));
#5248=FACE_OUTER_BOUND('',#5247,.F.);
#5249=ADVANCED_FACE('',(#5248),#5230,.T.);
#5250=CARTESIAN_POINT('',(-1.775E2,3.085E1,-9.4E1));
#5251=DIRECTION('',(0.E0,0.E0,-1.E0));
#5252=DIRECTION('',(1.E0,0.E0,0.E0));
#5253=AXIS2_PLACEMENT_3D('',#5250,#5251,#5252);
#5254=CYLINDRICAL_SURFACE('',#5253,3.E0);
#5256=ORIENTED_EDGE('',*,*,#5255,.F.);
#5257=ORIENTED_EDGE('',*,*,#5231,.T.);
#5259=ORIENTED_EDGE('',*,*,#5258,.F.);
#5261=ORIENTED_EDGE('',*,*,#5260,.T.);
#5262=EDGE_LOOP('',(#5256,#5257,#5259,#5261));
#5263=FACE_OUTER_BOUND('',#5262,.F.);
#5264=ADVANCED_FACE('',(#5263),#5254,.F.);
#5265=CARTESIAN_POINT('',(-1.805370095367E2,3.070115252223E1,
-1.286846079843E2));
#5266=CARTESIAN_POINT('',(-1.805420678332E2,3.080429832636E1,
-1.286813598583E2));
#5267=CARTESIAN_POINT('',(-1.805415170536E2,3.117101762575E1,
-1.286816769570E2));
#5268=CARTESIAN_POINT('',(-1.804233947573E2,3.180784188211E1,
-1.287573926161E2));
#5269=CARTESIAN_POINT('',(-1.800681714701E2,3.254830660540E1,
-1.289861649852E2));
#5270=CARTESIAN_POINT('',(-1.795164857022E2,3.317969983223E1,
-1.293447001406E2));
#5271=CARTESIAN_POINT('',(-1.787928743242E2,3.365041986335E1,
-1.298204579483E2));
#5272=CARTESIAN_POINT('',(-1.780113932403E2,3.388563233876E1,
-1.303411861156E2));
#5273=CARTESIAN_POINT('',(-1.774806551726E2,3.390230062361E1,
-1.306995142197E2));
#5274=CARTESIAN_POINT('',(-1.772467309426E2,3.388282006649E1,
-1.308583734713E2));
#5275=CARTESIAN_POINT('',(-1.802244924121E2,3.074146034432E1,
-1.297510441606E2));
#5276=CARTESIAN_POINT('',(-1.802274120253E2,3.081671507679E1,
-1.297482424327E2));
#5277=CARTESIAN_POINT('',(-1.802270912680E2,3.108375550556E1,
-1.297486510879E2));
#5278=CARTESIAN_POINT('',(-1.801593740774E2,3.155117558630E1,
-1.298141310577E2));
#5279=CARTESIAN_POINT('',(-1.799442383901E2,3.212936540635E1,
-1.300160637753E2));
#5280=CARTESIAN_POINT('',(-1.795797635270E2,3.267783478181E1,
-1.303418400084E2));
#5281=CARTESIAN_POINT('',(-1.790526429819E2,3.315504744248E1,
-1.307880759190E2));
#5282=CARTESIAN_POINT('',(-1.784246250400E2,3.347164758699E1,
-1.312917003963E2));
#5283=CARTESIAN_POINT('',(-1.779598384203E2,3.356982397304E1,
-1.316474046911E2));
#5284=CARTESIAN_POINT('',(-1.777473977169E2,3.358895630148E1,
-1.318068973215E2));
#5285=CARTESIAN_POINT('',(-1.811177481567E2,3.071562595955E1,
-1.304129219108E2));
#5286=CARTESIAN_POINT('',(-1.811209935825E2,3.080881223490E1,
-1.304103972374E2));
#5287=CARTESIAN_POINT('',(-1.811206353013E2,3.113923475271E1,
-1.304108627166E2));
#5288=CARTESIAN_POINT('',(-1.810456415420E2,3.171937214555E1,
-1.304699899622E2));
#5289=CARTESIAN_POINT('',(-1.808003705578E2,3.245353974644E1,
-1.306552647976E2));
#5290=CARTESIAN_POINT('',(-1.803672969640E2,3.317482622948E1,
-1.309607093857E2));
#5291=CARTESIAN_POINT('',(-1.797149701733E2,3.382993278646E1,
-1.313886226931E2));
#5292=CARTESIAN_POINT('',(-1.789095524207E2,3.429153615267E1,
-1.318816318592E2));
#5293=CARTESIAN_POINT('',(-1.782968039564E2,3.445437482164E1,
-1.322357077012E2));
#5294=CARTESIAN_POINT('',(-1.780137023278E2,3.449406458497E1,
-1.323955934347E2));
#5295=CARTESIAN_POINT('',(-1.820452636509E2,3.065753140101E1,
-1.298021824816E2));
#5296=CARTESIAN_POINT('',(-1.820508720789E2,3.079095445047E1,
-1.297994021597E2));
#5297=CARTESIAN_POINT('',(-1.820502579406E2,3.126469382461E1,
-1.297998152052E2));
#5298=CARTESIAN_POINT('',(-1.819198492250E2,3.209184022637E1,
-1.298648043478E2));
#5299=CARTESIAN_POINT('',(-1.815137427658E2,3.309567199892E1,
-1.300654500359E2));
#5300=CARTESIAN_POINT('',(-1.808462286718E2,3.401886532343E1,
-1.303896553956E2));
#5301=CARTESIAN_POINT('',(-1.799112076991E2,3.478995756331E1,
-1.308344756563E2));
#5302=CARTESIAN_POINT('',(-1.788301886653E2,3.527000664572E1,
-1.313372799683E2));
#5303=CARTESIAN_POINT('',(-1.780496183829E2,3.539585660094E1,
-1.316928584448E2));
#5304=CARTESIAN_POINT('',(-1.776963838303E2,3.541108708367E1,
-1.318523814473E2));
#5305=(BOUNDED_SURFACE()B_SPLINE_SURFACE(3,3,((#5265,#5266,#5267,#5268,#5269,
#5270,#5271,#5272,#5273,#5274),(#5275,#5276,#5277,#5278,#5279,#5280,#5281,#5282,
#5283,#5284),(#5285,#5286,#5287,#5288,#5289,#5290,#5291,#5292,#5293,#5294),(
#5295,#5296,#5297,#5298,#5299,#5300,#5301,#5302,#5303,#5304)),.UNSPECIFIED.,.F.,
.F.,.F.)B_SPLINE_SURFACE_WITH_KNOTS((4,4),(4,1,1,1,1,1,1,4),(0.E0,1.E0),(
7.230943512720E-1,7.375134984651E-1,7.741898863053E-1,8.130108462701E-1,
8.546774614351E-1,8.990338452706E-1,9.476222743E-1,9.869490631240E-1),
.UNSPECIFIED.)GEOMETRIC_REPRESENTATION_ITEM()RATIONAL_B_SPLINE_SURFACE(((
1.487823572865E0,1.487823572865E0,1.487823572865E0,1.487823572865E0,
1.487823572865E0,1.487823572865E0,1.487823572865E0,1.487823572865E0,
1.487823572865E0,1.487823572865E0),(8.373921423782E-1,8.373921423782E-1,
8.373921423782E-1,8.373921423782E-1,8.373921423782E-1,8.373921423782E-1,
8.373921423782E-1,8.373921423782E-1,8.373921423782E-1,8.373921423782E-1),(
8.373921423782E-1,8.373921423782E-1,8.373921423782E-1,8.373921423782E-1,
8.373921423782E-1,8.373921423782E-1,8.373921423782E-1,8.373921423782E-1,
8.373921423782E-1,8.373921423782E-1),(1.487823572865E0,1.487823572865E0,
1.487823572865E0,1.487823572865E0,1.487823572865E0,1.487823572865E0,
1.487823572865E0,1.487823572865E0,1.487823572865E0,1.487823572865E0)))REPRESENTATION_ITEM('')SURFACE());
#5306=ORIENTED_EDGE('',*,*,#5255,.T.);
#5308=ORIENTED_EDGE('',*,*,#5307,.T.);
#5310=ORIENTED_EDGE('',*,*,#5309,.F.);
#5311=ORIENTED_EDGE('',*,*,#5233,.T.);
#5312=EDGE_LOOP('',(#5306,#5308,#5310,#5311));
#5313=FACE_OUTER_BOUND('',#5312,.F.);
#5314=ADVANCED_FACE('',(#5313),#5305,.T.);
#5315=CARTESIAN_POINT('',(-1.778527065238E2,3.485E1,-1.308436365029E2));
#5316=DIRECTION('',(8.889642766964E-1,0.E0,-4.579765438946E-1));
#5317=DIRECTION('',(-1.157118240051E-14,-1.E0,-2.246046862076E-14));
#5318=AXIS2_PLACEMENT_3D('',#5315,#5316,#5317);
#5319=CYLINDRICAL_SURFACE('',#5318,1.E0);
#5321=ORIENTED_EDGE('',*,*,#5320,.T.);
#5323=ORIENTED_EDGE('',*,*,#5322,.T.);
#5325=ORIENTED_EDGE('',*,*,#5324,.F.);
#5326=ORIENTED_EDGE('',*,*,#5307,.F.);
#5327=EDGE_LOOP('',(#5321,#5323,#5325,#5326));
#5328=FACE_OUTER_BOUND('',#5327,.F.);
#5329=ADVANCED_FACE('',(#5328),#5319,.T.);
#5330=CARTESIAN_POINT('',(0.E0,3.385E1,-9.4E1));
#5331=DIRECTION('',(0.E0,-1.E0,0.E0));
#5332=DIRECTION('',(-1.E0,0.E0,0.E0));
#5333=AXIS2_PLACEMENT_3D('',#5330,#5331,#5332);
#5334=PLANE('',#5333);
#5336=ORIENTED_EDGE('',*,*,#5335,.F.);
#5338=ORIENTED_EDGE('',*,*,#5337,.T.);
#5340=ORIENTED_EDGE('',*,*,#5339,.T.);
#5342=ORIENTED_EDGE('',*,*,#5341,.F.);
#5344=ORIENTED_EDGE('',*,*,#5343,.T.);
#5346=ORIENTED_EDGE('',*,*,#5345,.T.);
#5347=ORIENTED_EDGE('',*,*,#5320,.F.);
#5348=ORIENTED_EDGE('',*,*,#5260,.F.);
#5350=ORIENTED_EDGE('',*,*,#5349,.T.);
#5352=ORIENTED_EDGE('',*,*,#5351,.T.);
#5354=ORIENTED_EDGE('',*,*,#5353,.T.);
#5356=ORIENTED_EDGE('',*,*,#5355,.T.);
#5358=ORIENTED_EDGE('',*,*,#5357,.T.);
#5360=ORIENTED_EDGE('',*,*,#5359,.T.);
#5362=ORIENTED_EDGE('',*,*,#5361,.T.);
#5364=ORIENTED_EDGE('',*,*,#5363,.T.);
#5366=ORIENTED_EDGE('',*,*,#5365,.T.);
#5368=ORIENTED_EDGE('',*,*,#5367,.T.);
#5370=ORIENTED_EDGE('',*,*,#5369,.T.);
#5372=ORIENTED_EDGE('',*,*,#5371,.T.);
#5374=ORIENTED_EDGE('',*,*,#5373,.F.);
#5376=ORIENTED_EDGE('',*,*,#5375,.T.);
#5378=ORIENTED_EDGE('',*,*,#5377,.T.);
#5379=EDGE_LOOP('',(#5336,#5338,#5340,#5342,#5344,#5346,#5347,#5348,#5350,#5352,
#5354,#5356,#5358,#5360,#5362,#5364,#5366,#5368,#5370,#5372,#5374,#5376,#5378));
#5380=FACE_OUTER_BOUND('',#5379,.F.);
#5381=ADVANCED_FACE('',(#5380),#5334,.T.);
#5382=CARTESIAN_POINT('',(-1.26E2,3.485E1,-9.4E1));
#5383=DIRECTION('',(0.E0,1.E0,0.E0));
#5384=DIRECTION('',(-4.660207698428E-1,0.E0,-8.847737801694E-1));
#5385=AXIS2_PLACEMENT_3D('',#5382,#5383,#5384);
#5386=TOROIDAL_SURFACE('',#5385,5.649999999822E1,1.E0);
#5388=ORIENTED_EDGE('',*,*,#5387,.F.);
#5390=ORIENTED_EDGE('',*,*,#5389,.F.);
#5391=ORIENTED_EDGE('',*,*,#5335,.T.);
#5393=ORIENTED_EDGE('',*,*,#5392,.T.);
#5394=EDGE_LOOP('',(#5388,#5390,#5391,#5393));
#5395=FACE_OUTER_BOUND('',#5394,.F.);
#5396=ADVANCED_FACE('',(#5395),#5386,.T.);
#5397=CARTESIAN_POINT('',(-1.26E2,-5.85E1,-9.4E1));
#5398=DIRECTION('',(0.E0,1.E0,0.E0));
#5399=DIRECTION('',(0.E0,0.E0,1.E0));
#5400=AXIS2_PLACEMENT_3D('',#5397,#5398,#5399);
#5401=CYLINDRICAL_SURFACE('',#5400,5.75E1);
#5402=ORIENTED_EDGE('',*,*,#5387,.T.);
#5404=ORIENTED_EDGE('',*,*,#5403,.F.);
#5406=ORIENTED_EDGE('',*,*,#5405,.F.);
#5408=ORIENTED_EDGE('',*,*,#5407,.F.);
#5410=ORIENTED_EDGE('',*,*,#5409,.F.);
#5412=ORIENTED_EDGE('',*,*,#5411,.T.);
#5414=ORIENTED_EDGE('',*,*,#5413,.T.);
#5416=ORIENTED_EDGE('',*,*,#5415,.T.);
#5418=ORIENTED_EDGE('',*,*,#5417,.T.);
#5420=ORIENTED_EDGE('',*,*,#5419,.T.);
#5422=ORIENTED_EDGE('',*,*,#5421,.T.);
#5423=EDGE_LOOP('',(#5402,#5404,#5406,#5408,#5410,#5412,#5414,#5416,#5418,#5420,
#5422));
#5424=FACE_OUTER_BOUND('',#5423,.F.);
#5425=ADVANCED_FACE('',(#5424),#5401,.T.);
#5426=CARTESIAN_POINT('',(-7.924348204245E1,1.252212569798E3,
-1.504949470506E2));
#5427=DIRECTION('',(-9.063077870367E-1,0.E0,-4.226182617407E-1));
#5428=DIRECTION('',(4.226182617407E-1,0.E0,-9.063077870367E-1));
#5429=AXIS2_PLACEMENT_3D('',#5426,#5427,#5428);
#5430=PLANE('',#5429);
#5431=ORIENTED_EDGE('',*,*,#5403,.T.);
#5432=ORIENTED_EDGE('',*,*,#5392,.F.);
#5433=ORIENTED_EDGE('',*,*,#5377,.F.);
#5435=ORIENTED_EDGE('',*,*,#5434,.F.);
#5437=ORIENTED_EDGE('',*,*,#5436,.F.);
#5438=ORIENTED_EDGE('',*,*,#4986,.F.);
#5440=ORIENTED_EDGE('',*,*,#5439,.F.);
#5442=ORIENTED_EDGE('',*,*,#5441,.T.);
#5443=EDGE_LOOP('',(#5431,#5432,#5433,#5435,#5437,#5438,#5440,#5442));
#5444=FACE_OUTER_BOUND('',#5443,.F.);
#5445=ADVANCED_FACE('',(#5444),#5430,.T.);
#5446=CARTESIAN_POINT('',(-1.26E2,3.085E1,-9.4E1));
#5447=DIRECTION('',(0.E0,-1.E0,0.E0));
#5448=DIRECTION('',(0.E0,0.E0,-1.E0));
#5449=AXIS2_PLACEMENT_3D('',#5446,#5447,#5448);
#5450=TOROIDAL_SURFACE('',#5449,5.15E1,3.E0);
#5452=ORIENTED_EDGE('',*,*,#5451,.T.);
#5454=ORIENTED_EDGE('',*,*,#5453,.T.);
#5455=ORIENTED_EDGE('',*,*,#5434,.T.);
#5456=ORIENTED_EDGE('',*,*,#5375,.F.);
#5457=EDGE_LOOP('',(#5452,#5454,#5455,#5456));
#5458=FACE_OUTER_BOUND('',#5457,.F.);
#5459=ADVANCED_FACE('',(#5458),#5450,.F.);
#5460=CARTESIAN_POINT('',(-7.500089689409E1,3.085E1,-8.683470290968E1));
#5461=DIRECTION('',(0.E0,-1.E0,0.E0));
#5462=DIRECTION('',(0.E0,0.E0,-1.E0));
#5463=AXIS2_PLACEMENT_3D('',#5460,#5461,#5462);
#5464=SPHERICAL_SURFACE('',#5463,3.E0);
#5466=ORIENTED_EDGE('',*,*,#5465,.T.);
#5467=ORIENTED_EDGE('',*,*,#5451,.F.);
#5469=ORIENTED_EDGE('',*,*,#5468,.T.);
#5471=ORIENTED_EDGE('',*,*,#5470,.T.);
#5472=EDGE_LOOP('',(#5466,#5467,#5469,#5471));
#5473=FACE_OUTER_BOUND('',#5472,.F.);
#5474=ADVANCED_FACE('',(#5473),#5464,.F.);
#5475=CARTESIAN_POINT('',(-7.500089689409E1,1.252212569798E3,
-8.683470290968E1));
#5476=DIRECTION('',(0.E0,-1.E0,0.E0));
#5477=DIRECTION('',(0.E0,0.E0,-1.E0));
#5478=AXIS2_PLACEMENT_3D('',#5475,#5476,#5477);
#5479=CYLINDRICAL_SURFACE('',#5478,3.E0);
#5481=ORIENTED_EDGE('',*,*,#5480,.T.);
#5482=ORIENTED_EDGE('',*,*,#5465,.F.);
#5483=ORIENTED_EDGE('',*,*,#5470,.F.);
#5485=ORIENTED_EDGE('',*,*,#5484,.F.);
#5487=ORIENTED_EDGE('',*,*,#5486,.F.);
#5489=ORIENTED_EDGE('',*,*,#5488,.F.);
#5491=ORIENTED_EDGE('',*,*,#5490,.F.);
#5492=EDGE_LOOP('',(#5481,#5482,#5483,#5485,#5487,#5489,#5491));
#5493=FACE_OUTER_BOUND('',#5492,.F.);
#5494=ADVANCED_FACE('',(#5493),#5479,.F.);
#5495=CARTESIAN_POINT('',(-1.26E2,1.252212569798E3,-9.4E1));
#5496=DIRECTION('',(0.E0,-1.E0,0.E0));
#5497=DIRECTION('',(0.E0,0.E0,-1.E0));
#5498=AXIS2_PLACEMENT_3D('',#5495,#5496,#5497);
#5499=CYLINDRICAL_SURFACE('',#5498,5.45E1);
#5501=ORIENTED_EDGE('',*,*,#5500,.F.);
#5502=ORIENTED_EDGE('',*,*,#4972,.F.);
#5503=ORIENTED_EDGE('',*,*,#5436,.T.);
#5504=ORIENTED_EDGE('',*,*,#5453,.F.);
#5505=ORIENTED_EDGE('',*,*,#5480,.F.);
#5507=ORIENTED_EDGE('',*,*,#5506,.F.);
#5508=EDGE_LOOP('',(#5501,#5502,#5503,#5504,#5505,#5507));
#5509=FACE_OUTER_BOUND('',#5508,.F.);
#5510=ADVANCED_FACE('',(#5509),#5499,.F.);
#5511=CARTESIAN_POINT('',(-9.259345856021E1,5.4002E1,-5.883961051081E1));
#5512=DIRECTION('',(0.E0,-1.E0,0.E0));
#5513=DIRECTION('',(0.E0,0.E0,-1.E0));
#5514=AXIS2_PLACEMENT_3D('',#5511,#5512,#5513);
#5515=CYLINDRICAL_SURFACE('',#5514,6.E0);
#5517=ORIENTED_EDGE('',*,*,#5516,.F.);
#5518=ORIENTED_EDGE('',*,*,#4957,.F.);
#5519=ORIENTED_EDGE('',*,*,#4955,.F.);
#5520=ORIENTED_EDGE('',*,*,#5500,.T.);
#5522=ORIENTED_EDGE('',*,*,#5521,.F.);
#5524=ORIENTED_EDGE('',*,*,#5523,.F.);
#5526=ORIENTED_EDGE('',*,*,#5525,.F.);
#5527=EDGE_LOOP('',(#5517,#5518,#5519,#5520,#5522,#5524,#5526));
#5528=FACE_OUTER_BOUND('',#5527,.F.);
#5529=ADVANCED_FACE('',(#5528),#5515,.F.);
#5530=CARTESIAN_POINT('',(-1.015E2,5.4002E1,-5.156475521456E1));
#5531=DIRECTION('',(0.E0,-1.E0,0.E0));
#5532=DIRECTION('',(0.E0,0.E0,-1.E0));
#5533=AXIS2_PLACEMENT_3D('',#5530,#5531,#5532);
#5534=CYLINDRICAL_SURFACE('',#5533,5.5E0);
#5536=ORIENTED_EDGE('',*,*,#5535,.F.);
#5537=ORIENTED_EDGE('',*,*,#4940,.F.);
#5538=ORIENTED_EDGE('',*,*,#4938,.F.);
#5539=ORIENTED_EDGE('',*,*,#5516,.T.);
#5541=ORIENTED_EDGE('',*,*,#5540,.T.);
#5543=ORIENTED_EDGE('',*,*,#5542,.T.);
#5545=ORIENTED_EDGE('',*,*,#5544,.F.);
#5547=ORIENTED_EDGE('',*,*,#5546,.T.);
#5548=EDGE_LOOP('',(#5536,#5537,#5538,#5539,#5541,#5543,#5545,#5547));
#5549=FACE_OUTER_BOUND('',#5548,.F.);
#5550=ADVANCED_FACE('',(#5549),#5534,.T.);
#5551=CARTESIAN_POINT('',(-1.122534802153E2,5.4002E1,-4.748889171597E1));
#5552=DIRECTION('',(0.E0,-1.E0,0.E0));
#5553=DIRECTION('',(0.E0,0.E0,-1.E0));
#5554=AXIS2_PLACEMENT_3D('',#5551,#5552,#5553);
#5555=CYLINDRICAL_SURFACE('',#5554,6.E0);
#5557=ORIENTED_EDGE('',*,*,#5556,.F.);
#5558=ORIENTED_EDGE('',*,*,#4924,.F.);
#5559=ORIENTED_EDGE('',*,*,#5535,.T.);
#5561=ORIENTED_EDGE('',*,*,#5560,.F.);
#5563=ORIENTED_EDGE('',*,*,#5562,.F.);
#5564=EDGE_LOOP('',(#5557,#5558,#5559,#5561,#5563));
#5565=FACE_OUTER_BOUND('',#5564,.F.);
#5566=ADVANCED_FACE('',(#5565),#5555,.F.);
#5567=CARTESIAN_POINT('',(-1.26E2,1.252212569798E3,-9.4E1));
#5568=DIRECTION('',(0.E0,-1.E0,0.E0));
#5569=DIRECTION('',(0.E0,0.E0,-1.E0));
#5570=AXIS2_PLACEMENT_3D('',#5567,#5568,#5569);
#5571=CYLINDRICAL_SURFACE('',#5570,5.45E1);
#5573=ORIENTED_EDGE('',*,*,#5572,.F.);
#5574=ORIENTED_EDGE('',*,*,#4909,.F.);
#5575=ORIENTED_EDGE('',*,*,#4907,.F.);
#5576=ORIENTED_EDGE('',*,*,#5556,.T.);
#5578=ORIENTED_EDGE('',*,*,#5577,.F.);
#5580=ORIENTED_EDGE('',*,*,#5579,.F.);
#5581=EDGE_LOOP('',(#5573,#5574,#5575,#5576,#5578,#5580));
#5582=FACE_OUTER_BOUND('',#5581,.F.);
#5583=ADVANCED_FACE('',(#5582),#5571,.F.);
#5584=CARTESIAN_POINT('',(-1.272401578489E2,5.4002E1,-4.551585817497E1));
#5585=DIRECTION('',(0.E0,-1.E0,0.E0));
#5586=DIRECTION('',(0.E0,0.E0,-1.E0));
#5587=AXIS2_PLACEMENT_3D('',#5584,#5585,#5586);
#5588=CYLINDRICAL_SURFACE('',#5587,6.E0);
#5590=ORIENTED_EDGE('',*,*,#5589,.F.);
#5591=ORIENTED_EDGE('',*,*,#4893,.F.);
#5592=ORIENTED_EDGE('',*,*,#5572,.T.);
#5594=ORIENTED_EDGE('',*,*,#5593,.F.);
#5596=ORIENTED_EDGE('',*,*,#5595,.F.);
#5597=EDGE_LOOP('',(#5590,#5591,#5592,#5594,#5596));
#5598=FACE_OUTER_BOUND('',#5597,.F.);
#5599=ADVANCED_FACE('',(#5598),#5588,.F.);
#5600=CARTESIAN_POINT('',(-1.386821332100E2,5.4002E1,-4.666963451184E1));
#5601=DIRECTION('',(0.E0,-1.E0,0.E0));
#5602=DIRECTION('',(0.E0,0.E0,-1.E0));
#5603=AXIS2_PLACEMENT_3D('',#5600,#5601,#5602);
#5604=CYLINDRICAL_SURFACE('',#5603,5.5E0);
#5606=ORIENTED_EDGE('',*,*,#5605,.F.);
#5607=ORIENTED_EDGE('',*,*,#4878,.F.);
#5608=ORIENTED_EDGE('',*,*,#4876,.F.);
#5609=ORIENTED_EDGE('',*,*,#5589,.T.);
#5611=ORIENTED_EDGE('',*,*,#5610,.T.);
#5613=ORIENTED_EDGE('',*,*,#5612,.T.);
#5615=ORIENTED_EDGE('',*,*,#5614,.F.);
#5617=ORIENTED_EDGE('',*,*,#5616,.T.);
#5618=EDGE_LOOP('',(#5606,#5607,#5608,#5609,#5611,#5613,#5615,#5617));
#5619=FACE_OUTER_BOUND('',#5618,.F.);
#5620=ADVANCED_FACE('',(#5619),#5604,.T.);
#5621=CARTESIAN_POINT('',(-1.491680627107E2,5.4002E1,-5.139142257438E1));
#5622=DIRECTION('',(0.E0,-1.E0,0.E0));
#5623=DIRECTION('',(0.E0,0.E0,-1.E0));
#5624=AXIS2_PLACEMENT_3D('',#5621,#5622,#5623);
#5625=CYLINDRICAL_SURFACE('',#5624,6.E0);
#5627=ORIENTED_EDGE('',*,*,#5626,.F.);
#5628=ORIENTED_EDGE('',*,*,#4861,.F.);
#5629=ORIENTED_EDGE('',*,*,#4859,.F.);
#5630=ORIENTED_EDGE('',*,*,#5605,.T.);
#5632=ORIENTED_EDGE('',*,*,#5631,.F.);
#5634=ORIENTED_EDGE('',*,*,#5633,.F.);
#5636=ORIENTED_EDGE('',*,*,#5635,.F.);
#5637=EDGE_LOOP('',(#5627,#5628,#5629,#5630,#5632,#5634,#5636));
#5638=FACE_OUTER_BOUND('',#5637,.F.);
#5639=ADVANCED_FACE('',(#5638),#5625,.F.);
#5640=CARTESIAN_POINT('',(-1.26E2,1.252212569798E3,-9.4E1));
#5641=DIRECTION('',(0.E0,-1.E0,0.E0));
#5642=DIRECTION('',(0.E0,0.E0,-1.E0));
#5643=AXIS2_PLACEMENT_3D('',#5640,#5641,#5642);
#5644=CYLINDRICAL_SURFACE('',#5643,5.45E1);
#5645=ORIENTED_EDGE('',*,*,#5241,.T.);
#5646=ORIENTED_EDGE('',*,*,#4845,.F.);
#5647=ORIENTED_EDGE('',*,*,#5626,.T.);
#5649=ORIENTED_EDGE('',*,*,#5648,.F.);
#5650=EDGE_LOOP('',(#5645,#5646,#5647,#5649));
#5651=FACE_OUTER_BOUND('',#5650,.F.);
#5652=ADVANCED_FACE('',(#5651),#5644,.F.);
#5653=CARTESIAN_POINT('',(-1.265463507634E2,2.3E1,-6.6E1));
#5654=DIRECTION('',(0.E0,-1.E0,0.E0));
#5655=DIRECTION('',(-1.E0,0.E0,0.E0));
#5656=AXIS2_PLACEMENT_3D('',#5653,#5654,#5655);
#5657=PLANE('',#5656);
#5658=ORIENTED_EDGE('',*,*,#5648,.T.);
#5659=ORIENTED_EDGE('',*,*,#5635,.T.);
#5661=ORIENTED_EDGE('',*,*,#5660,.T.);
#5663=ORIENTED_EDGE('',*,*,#5662,.T.);
#5664=ORIENTED_EDGE('',*,*,#5243,.T.);
#5665=EDGE_LOOP('',(#5658,#5659,#5661,#5663,#5664));
#5666=FACE_OUTER_BOUND('',#5665,.F.);
#5667=ADVANCED_FACE('',(#5666),#5657,.T.);
#5668=CARTESIAN_POINT('',(-1.26E2,2.7E1,-9.4E1));
#5669=DIRECTION('',(0.E0,-1.E0,0.E0));
#5670=DIRECTION('',(0.E0,0.E0,-1.E0));
#5671=AXIS2_PLACEMENT_3D('',#5668,#5669,#5670);
#5672=CONICAL_SURFACE('',#5671,5.E1,4.5E1);
#5673=ORIENTED_EDGE('',*,*,#5660,.F.);
#5674=ORIENTED_EDGE('',*,*,#5633,.T.);
#5675=ORIENTED_EDGE('',*,*,#5631,.T.);
#5676=ORIENTED_EDGE('',*,*,#5616,.F.);
#5678=ORIENTED_EDGE('',*,*,#5677,.F.);
#5680=ORIENTED_EDGE('',*,*,#5679,.T.);
#5682=ORIENTED_EDGE('',*,*,#5681,.F.);
#5684=ORIENTED_EDGE('',*,*,#5683,.T.);
#5685=EDGE_LOOP('',(#5673,#5674,#5675,#5676,#5678,#5680,#5682,#5684));
#5686=FACE_OUTER_BOUND('',#5685,.F.);
#5687=ADVANCED_FACE('',(#5686),#5672,.F.);
#5688=CARTESIAN_POINT('',(-1.26E2,3.085E1,-9.4E1));
#5689=DIRECTION('',(0.E0,1.E0,0.E0));
#5690=DIRECTION('',(0.E0,0.E0,1.E0));
#5691=AXIS2_PLACEMENT_3D('',#5688,#5689,#5690);
#5692=TOROIDAL_SURFACE('',#5691,4.300375234668E1,3.E0);
#5693=ORIENTED_EDGE('',*,*,#5614,.T.);
#5694=ORIENTED_EDGE('',*,*,#5612,.F.);
#5696=ORIENTED_EDGE('',*,*,#5695,.T.);
#5698=ORIENTED_EDGE('',*,*,#5697,.T.);
#5699=ORIENTED_EDGE('',*,*,#5353,.F.);
#5701=ORIENTED_EDGE('',*,*,#5700,.F.);
#5702=ORIENTED_EDGE('',*,*,#5677,.T.);
#5703=EDGE_LOOP('',(#5693,#5694,#5696,#5698,#5699,#5701,#5702));
#5704=FACE_OUTER_BOUND('',#5703,.F.);
#5705=ADVANCED_FACE('',(#5704),#5692,.F.);
#5706=CARTESIAN_POINT('',(-1.26E2,2.7E1,-9.4E1));
#5707=DIRECTION('',(0.E0,-1.E0,0.E0));
#5708=DIRECTION('',(0.E0,0.E0,-1.E0));
#5709=AXIS2_PLACEMENT_3D('',#5706,#5707,#5708);
#5710=CONICAL_SURFACE('',#5709,5.E1,4.5E1);
#5712=ORIENTED_EDGE('',*,*,#5711,.F.);
#5713=ORIENTED_EDGE('',*,*,#5560,.T.);
#5714=ORIENTED_EDGE('',*,*,#5546,.F.);
#5716=ORIENTED_EDGE('',*,*,#5715,.F.);
#5718=ORIENTED_EDGE('',*,*,#5717,.T.);
#5720=ORIENTED_EDGE('',*,*,#5719,.T.);
#5721=ORIENTED_EDGE('',*,*,#5695,.F.);
#5722=ORIENTED_EDGE('',*,*,#5610,.F.);
#5723=ORIENTED_EDGE('',*,*,#5595,.T.);
#5725=ORIENTED_EDGE('',*,*,#5724,.F.);
#5726=EDGE_LOOP('',(#5712,#5713,#5714,#5716,#5718,#5720,#5721,#5722,#5723,
#5725));
#5727=FACE_OUTER_BOUND('',#5726,.F.);
#5728=ADVANCED_FACE('',(#5727),#5710,.F.);
#5729=CARTESIAN_POINT('',(-1.265463507634E2,2.3E1,-6.6E1));
#5730=DIRECTION('',(0.E0,-1.E0,0.E0));
#5731=DIRECTION('',(-1.E0,0.E0,0.E0));
#5732=AXIS2_PLACEMENT_3D('',#5729,#5730,#5731);
#5733=PLANE('',#5732);
#5734=ORIENTED_EDGE('',*,*,#5577,.T.);
#5735=ORIENTED_EDGE('',*,*,#5562,.T.);
#5736=ORIENTED_EDGE('',*,*,#5711,.T.);
#5737=ORIENTED_EDGE('',*,*,#5724,.T.);
#5738=ORIENTED_EDGE('',*,*,#5593,.T.);
#5739=ORIENTED_EDGE('',*,*,#5579,.T.);
#5740=EDGE_LOOP('',(#5734,#5735,#5736,#5737,#5738,#5739));
#5741=FACE_OUTER_BOUND('',#5740,.F.);
#5742=ADVANCED_FACE('',(#5741),#5733,.T.);
#5743=CARTESIAN_POINT('',(-1.26E2,3.085E1,-9.4E1));
#5744=DIRECTION('',(0.E0,1.E0,0.E0));
#5745=DIRECTION('',(0.E0,0.E0,1.E0));
#5746=AXIS2_PLACEMENT_3D('',#5743,#5744,#5745);
#5747=TOROIDAL_SURFACE('',#5746,4.300375234668E1,3.E0);
#5748=ORIENTED_EDGE('',*,*,#5544,.T.);
#5749=ORIENTED_EDGE('',*,*,#5542,.F.);
#5751=ORIENTED_EDGE('',*,*,#5750,.T.);
#5753=ORIENTED_EDGE('',*,*,#5752,.F.);
#5754=ORIENTED_EDGE('',*,*,#5367,.F.);
#5756=ORIENTED_EDGE('',*,*,#5755,.T.);
#5757=ORIENTED_EDGE('',*,*,#5715,.T.);
#5758=EDGE_LOOP('',(#5748,#5749,#5751,#5753,#5754,#5756,#5757));
#5759=FACE_OUTER_BOUND('',#5758,.F.);
#5760=ADVANCED_FACE('',(#5759),#5747,.F.);
#5761=CARTESIAN_POINT('',(-1.26E2,2.7E1,-9.4E1));
#5762=DIRECTION('',(0.E0,-1.E0,0.E0));
#5763=DIRECTION('',(0.E0,0.E0,-1.E0));
#5764=AXIS2_PLACEMENT_3D('',#5761,#5762,#5763);
#5765=CONICAL_SURFACE('',#5764,5.E1,4.5E1);
#5766=ORIENTED_EDGE('',*,*,#5540,.F.);
#5767=ORIENTED_EDGE('',*,*,#5525,.T.);
#5768=ORIENTED_EDGE('',*,*,#5523,.T.);
#5770=ORIENTED_EDGE('',*,*,#5769,.F.);
#5771=ORIENTED_EDGE('',*,*,#5488,.T.);
#5772=ORIENTED_EDGE('',*,*,#5486,.T.);
#5774=ORIENTED_EDGE('',*,*,#5773,.T.);
#5776=ORIENTED_EDGE('',*,*,#5775,.F.);
#5778=ORIENTED_EDGE('',*,*,#5777,.T.);
#5779=ORIENTED_EDGE('',*,*,#5750,.F.);
#5780=EDGE_LOOP('',(#5766,#5767,#5768,#5770,#5771,#5772,#5774,#5776,#5778,
#5779));
#5781=FACE_OUTER_BOUND('',#5780,.F.);
#5782=ADVANCED_FACE('',(#5781),#5765,.F.);
#5783=CARTESIAN_POINT('',(-1.265463507634E2,2.3E1,-6.6E1));
#5784=DIRECTION('',(0.E0,-1.E0,0.E0));
#5785=DIRECTION('',(-1.E0,0.E0,0.E0));
#5786=AXIS2_PLACEMENT_3D('',#5783,#5784,#5785);
#5787=PLANE('',#5786);
#5788=ORIENTED_EDGE('',*,*,#5769,.T.);
#5789=ORIENTED_EDGE('',*,*,#5521,.T.);
#5790=ORIENTED_EDGE('',*,*,#5506,.T.);
#5791=ORIENTED_EDGE('',*,*,#5490,.T.);
#5792=EDGE_LOOP('',(#5788,#5789,#5790,#5791));
#5793=FACE_OUTER_BOUND('',#5792,.F.);
#5794=ADVANCED_FACE('',(#5793),#5787,.T.);
#5795=CARTESIAN_POINT('',(-7.514671010389E1,4.1352E1,-7.583566938360E1));
#5796=DIRECTION('',(0.E0,-1.E0,0.E0));
#5797=DIRECTION('',(0.E0,0.E0,-1.E0));
#5798=AXIS2_PLACEMENT_3D('',#5795,#5796,#5797);
#5799=CYLINDRICAL_SURFACE('',#5798,8.E0);
#5800=ORIENTED_EDGE('',*,*,#5484,.T.);
#5802=ORIENTED_EDGE('',*,*,#5801,.F.);
#5804=ORIENTED_EDGE('',*,*,#5803,.F.);
#5805=ORIENTED_EDGE('',*,*,#5775,.T.);
#5806=ORIENTED_EDGE('',*,*,#5773,.F.);
#5807=EDGE_LOOP('',(#5800,#5802,#5804,#5805,#5806));
#5808=FACE_OUTER_BOUND('',#5807,.F.);
#5809=ADVANCED_FACE('',(#5808),#5799,.T.);
#5810=CARTESIAN_POINT('',(-7.514671010389E1,3.085E1,-7.583566938360E1));
#5811=DIRECTION('',(0.E0,-1.E0,0.E0));
#5812=DIRECTION('',(0.E0,0.E0,-1.E0));
#5813=AXIS2_PLACEMENT_3D('',#5810,#5811,#5812);
#5814=TOROIDAL_SURFACE('',#5813,1.1E1,3.E0);
#5815=ORIENTED_EDGE('',*,*,#5468,.F.);
#5816=ORIENTED_EDGE('',*,*,#5373,.T.);
#5817=ORIENTED_EDGE('',*,*,#5371,.F.);
#5819=ORIENTED_EDGE('',*,*,#5818,.F.);
#5820=ORIENTED_EDGE('',*,*,#5803,.T.);
#5821=ORIENTED_EDGE('',*,*,#5801,.T.);
#5822=EDGE_LOOP('',(#5815,#5816,#5817,#5819,#5820,#5821));
#5823=FACE_OUTER_BOUND('',#5822,.F.);
#5824=ADVANCED_FACE('',(#5823),#5814,.F.);
#5825=CARTESIAN_POINT('',(-8.272411129413E1,3.083796268768E1,
-7.838990576923E1));
#5826=CARTESIAN_POINT('',(-8.271711471997E1,3.267434292279E1,
-7.838753591232E1));
#5827=CARTESIAN_POINT('',(-8.397638255531E1,3.394164758364E1,
-7.881351071287E1));
#5828=CARTESIAN_POINT('',(-8.571408505100E1,3.384592355129E1,
-7.940132958337E1));
#5829=CARTESIAN_POINT('',(-8.253841733100E1,3.085088870684E1,
-7.893947704419E1));
#5830=CARTESIAN_POINT('',(-8.253948232627E1,3.268094760842E1,
-7.893851920805E1));
#5831=CARTESIAN_POINT('',(-8.376760619794E1,3.394113257416E1,
-7.944958697687E1));
#5832=CARTESIAN_POINT('',(-8.545832455913E1,3.384594105739E1,
-8.015455927153E1));
#5833=CARTESIAN_POINT('',(-8.229581134416E1,3.078489613144E1,
-7.946720278089E1));
#5834=CARTESIAN_POINT('',(-8.225372413750E1,3.264707495544E1,
-7.946254022430E1));
#5835=CARTESIAN_POINT('',(-8.345514987224E1,3.394377385606E1,
-8.006064775648E1));
#5836=CARTESIAN_POINT('',(-8.513293928139E1,3.384585168088E1,
-8.087960445580E1));
#5837=CARTESIAN_POINT('',(-8.201568106039E1,3.065445205165E1,
-7.994862949618E1));
#5838=CARTESIAN_POINT('',(-8.190800712022E1,3.257789653227E1,
-7.988383122339E1));
#5839=CARTESIAN_POINT('',(-8.306895334119E1,3.394916836415E1,
-8.058264846799E1));
#5840=CARTESIAN_POINT('',(-8.471854224322E1,3.384567500063E1,
-8.157558340609E1));
#5841=(BOUNDED_SURFACE()B_SPLINE_SURFACE(3,3,((#5825,#5826,#5827,#5828),(#5829,
#5830,#5831,#5832),(#5833,#5834,#5835,#5836),(#5837,#5838,#5839,#5840)),
.UNSPECIFIED.,.F.,.F.,.F.)B_SPLINE_SURFACE_WITH_KNOTS((4,4),(4,4),(
6.443770858740E-3,8.808843804133E-3),(-3.924306515287E-2,1.038220728918E0),
.UNSPECIFIED.)GEOMETRIC_REPRESENTATION_ITEM()RATIONAL_B_SPLINE_SURFACE(((
1.022480214556E0,8.089711142714E-1,8.087687212284E-1,1.021873035427E0),(
1.022364056776E0,8.099581818709E-1,8.097568346153E-1,1.021760015009E0),(
1.022955015111E0,8.049364276477E-1,8.047297598977E-1,1.022335011861E0),(
1.024182173697E0,7.945084694681E-1,7.942907534091E-1,1.023529025519E0)))REPRESENTATION_ITEM('')SURFACE());
#5842=ORIENTED_EDGE('',*,*,#5818,.T.);
#5843=ORIENTED_EDGE('',*,*,#5369,.F.);
#5844=ORIENTED_EDGE('',*,*,#5752,.T.);
#5845=ORIENTED_EDGE('',*,*,#5777,.F.);
#5846=EDGE_LOOP('',(#5842,#5843,#5844,#5845));
#5847=FACE_OUTER_BOUND('',#5846,.F.);
#5848=ADVANCED_FACE('',(#5847),#5841,.F.);
#5849=CARTESIAN_POINT('',(-1.128667777391E2,4.1352E1,-5.358009805746E1));
#5850=DIRECTION('',(0.E0,-1.E0,0.E0));
#5851=DIRECTION('',(0.E0,0.E0,-1.E0));
#5852=AXIS2_PLACEMENT_3D('',#5849,#5850,#5851);
#5853=CYLINDRICAL_SURFACE('',#5852,3.5E0);
#5855=ORIENTED_EDGE('',*,*,#5854,.F.);
#5857=ORIENTED_EDGE('',*,*,#5856,.F.);
#5859=ORIENTED_EDGE('',*,*,#5858,.F.);
#5861=ORIENTED_EDGE('',*,*,#5860,.F.);
#5862=ORIENTED_EDGE('',*,*,#5755,.F.);
#5863=ORIENTED_EDGE('',*,*,#5365,.F.);
#5864=EDGE_LOOP('',(#5855,#5857,#5859,#5861,#5862,#5863));
#5865=FACE_OUTER_BOUND('',#5864,.F.);
#5866=ADVANCED_FACE('',(#5865),#5853,.F.);
#5867=CARTESIAN_POINT('',(-1.148682524136E2,4.1352E1,-7.523081819605E1));
#5868=DIRECTION('',(9.679511587252E-1,0.E0,-2.511385162068E-1));
#5869=DIRECTION('',(2.511385162068E-1,0.E0,9.679511587252E-1));
#5870=AXIS2_PLACEMENT_3D('',#5867,#5868,#5869);
#5871=PLANE('',#5870);
#5873=ORIENTED_EDGE('',*,*,#5872,.F.);
#5875=ORIENTED_EDGE('',*,*,#5874,.T.);
#5877=ORIENTED_EDGE('',*,*,#5876,.F.);
#5878=ORIENTED_EDGE('',*,*,#5854,.T.);
#5879=ORIENTED_EDGE('',*,*,#5363,.F.);
#5881=ORIENTED_EDGE('',*,*,#5880,.F.);
#5883=ORIENTED_EDGE('',*,*,#5882,.F.);
#5885=ORIENTED_EDGE('',*,*,#5884,.F.);
#5887=ORIENTED_EDGE('',*,*,#5886,.F.);
#5889=ORIENTED_EDGE('',*,*,#5888,.F.);
#5891=ORIENTED_EDGE('',*,*,#5890,.F.);
#5892=EDGE_LOOP('',(#5873,#5875,#5877,#5878,#5879,#5881,#5883,#5885,#5887,#5889,
#5891));
#5893=FACE_OUTER_BOUND('',#5892,.F.);
#5894=ADVANCED_FACE('',(#5893),#5871,.F.);
#5895=CARTESIAN_POINT('',(-1.26E2,4.135E1,-9.4E1));
#5896=DIRECTION('',(0.E0,-1.E0,0.E0));
#5897=DIRECTION('',(-1.E0,0.E0,0.E0));
#5898=AXIS2_PLACEMENT_3D('',#5895,#5896,#5897);
#5899=PLANE('',#5898);
#5901=ORIENTED_EDGE('',*,*,#5900,.T.);
#5903=ORIENTED_EDGE('',*,*,#5902,.T.);
#5905=ORIENTED_EDGE('',*,*,#5904,.F.);
#5906=ORIENTED_EDGE('',*,*,#5872,.T.);
#5908=ORIENTED_EDGE('',*,*,#5907,.T.);
#5910=ORIENTED_EDGE('',*,*,#5909,.T.);
#5912=ORIENTED_EDGE('',*,*,#5911,.T.);
#5914=ORIENTED_EDGE('',*,*,#5913,.T.);
#5916=ORIENTED_EDGE('',*,*,#5915,.F.);
#5918=ORIENTED_EDGE('',*,*,#5917,.F.);
#5919=EDGE_LOOP('',(#5901,#5903,#5905,#5906,#5908,#5910,#5912,#5914,#5916,
#5918));
#5920=FACE_OUTER_BOUND('',#5919,.F.);
#5921=ADVANCED_FACE('',(#5920),#5899,.F.);
#5922=CARTESIAN_POINT('',(-1.26E2,4.635E1,-9.4E1));
#5923=DIRECTION('',(0.E0,-1.E0,0.E0));
#5924=DIRECTION('',(0.E0,0.E0,-1.E0));
#5925=AXIS2_PLACEMENT_3D('',#5922,#5923,#5924);
#5926=TOROIDAL_SURFACE('',#5925,3.15E1,1.E1);
#5928=ORIENTED_EDGE('',*,*,#5927,.F.);
#5930=ORIENTED_EDGE('',*,*,#5929,.F.);
#5932=ORIENTED_EDGE('',*,*,#5931,.T.);
#5933=ORIENTED_EDGE('',*,*,#5902,.F.);
#5934=ORIENTED_EDGE('',*,*,#5900,.F.);
#5936=ORIENTED_EDGE('',*,*,#5935,.T.);
#5937=EDGE_LOOP('',(#5928,#5930,#5932,#5933,#5934,#5936));
#5938=FACE_OUTER_BOUND('',#5937,.F.);
#5939=ADVANCED_FACE('',(#5938),#5926,.F.);
#5940=CARTESIAN_POINT('',(0.E0,3.635E1,-9.4E1));
#5941=DIRECTION('',(0.E0,-1.E0,0.E0));
#5942=DIRECTION('',(-1.E0,0.E0,0.E0));
#5943=AXIS2_PLACEMENT_3D('',#5940,#5941,#5942);
#5944=PLANE('',#5943);
#5946=ORIENTED_EDGE('',*,*,#5945,.T.);
#5948=ORIENTED_EDGE('',*,*,#5947,.T.);
#5949=ORIENTED_EDGE('',*,*,#5929,.T.);
#5950=ORIENTED_EDGE('',*,*,#5927,.T.);
#5952=ORIENTED_EDGE('',*,*,#5951,.T.);
#5954=ORIENTED_EDGE('',*,*,#5953,.T.);
#5956=ORIENTED_EDGE('',*,*,#5955,.T.);
#5958=ORIENTED_EDGE('',*,*,#5957,.T.);
#5960=ORIENTED_EDGE('',*,*,#5959,.F.);
#5962=ORIENTED_EDGE('',*,*,#5961,.T.);
#5964=ORIENTED_EDGE('',*,*,#5963,.T.);
#5966=ORIENTED_EDGE('',*,*,#5965,.T.);
#5968=ORIENTED_EDGE('',*,*,#5967,.T.);
#5970=ORIENTED_EDGE('',*,*,#5969,.F.);
#5972=ORIENTED_EDGE('',*,*,#5971,.T.);
#5974=ORIENTED_EDGE('',*,*,#5973,.T.);
#5975=EDGE_LOOP('',(#5946,#5948,#5949,#5950,#5952,#5954,#5956,#5958,#5960,#5962,
#5964,#5966,#5968,#5970,#5972,#5974));
#5976=FACE_OUTER_BOUND('',#5975,.F.);
#5978=ORIENTED_EDGE('',*,*,#5977,.T.);
#5980=ORIENTED_EDGE('',*,*,#5979,.T.);
#5981=EDGE_LOOP('',(#5978,#5980));
#5982=FACE_BOUND('',#5981,.F.);
#5984=ORIENTED_EDGE('',*,*,#5983,.T.);
#5986=ORIENTED_EDGE('',*,*,#5985,.T.);
#5987=EDGE_LOOP('',(#5984,#5986));
#5988=FACE_BOUND('',#5987,.F.);
#5989=ADVANCED_FACE('',(#5976,#5982,#5988),#5944,.F.);
#5990=CARTESIAN_POINT('',(-1.128667777391E2,3.535E1,-5.358009805746E1));
#5991=DIRECTION('',(0.E0,-1.E0,0.E0));
#5992=DIRECTION('',(0.E0,0.E0,-1.E0));
#5993=AXIS2_PLACEMENT_3D('',#5990,#5991,#5992);
#5994=TOROIDAL_SURFACE('',#5993,4.5E0,1.E0);
#5996=ORIENTED_EDGE('',*,*,#5995,.F.);
#5997=ORIENTED_EDGE('',*,*,#5856,.T.);
#5999=ORIENTED_EDGE('',*,*,#5998,.T.);
#6000=ORIENTED_EDGE('',*,*,#5945,.F.);
#6001=EDGE_LOOP('',(#5996,#5997,#5999,#6000));
#6002=FACE_OUTER_BOUND('',#6001,.F.);
#6003=ADVANCED_FACE('',(#6002),#5994,.T.);
#6004=CARTESIAN_POINT('',(-1.083692974542E2,3.535E1,-5.342952884800E1));
#6005=DIRECTION('',(9.994400633136E-1,0.E0,3.345982432343E-2));
#6006=DIRECTION('',(-3.345982432343E-2,0.E0,9.994400633136E-1));
#6007=AXIS2_PLACEMENT_3D('',#6004,#6005,#6006);
#6008=SPHERICAL_SURFACE('',#6007,1.E0);
#6010=ORIENTED_EDGE('',*,*,#6009,.T.);
#6012=ORIENTED_EDGE('',*,*,#6011,.F.);
#6013=ORIENTED_EDGE('',*,*,#5995,.T.);
#6014=EDGE_LOOP('',(#6010,#6012,#6013));
#6015=FACE_OUTER_BOUND('',#6014,.F.);
#6016=ADVANCED_FACE('',(#6015),#6008,.T.);
#6017=CARTESIAN_POINT('',(-1.26E2,3.535E1,-9.4E1));
#6018=DIRECTION('',(0.E0,-1.E0,0.E0));
#6019=DIRECTION('',(0.E0,0.E0,-1.E0));
#6020=AXIS2_PLACEMENT_3D('',#6017,#6018,#6019);
#6021=TOROIDAL_SURFACE('',#6020,4.423578643763E1,1.E0);
#6023=ORIENTED_EDGE('',*,*,#6022,.T.);
#6024=ORIENTED_EDGE('',*,*,#6009,.F.);
#6025=ORIENTED_EDGE('',*,*,#5973,.F.);
#6027=ORIENTED_EDGE('',*,*,#6026,.T.);
#6029=ORIENTED_EDGE('',*,*,#6028,.T.);
#6031=ORIENTED_EDGE('',*,*,#6030,.F.);
#6032=EDGE_LOOP('',(#6023,#6024,#6025,#6027,#6029,#6031));
#6033=FACE_OUTER_BOUND('',#6032,.F.);
#6034=ADVANCED_FACE('',(#6033),#6021,.T.);
#6035=CARTESIAN_POINT('',(-1.26E2,3.140723304703E1,-9.4E1));
#6036=DIRECTION('',(0.E0,-1.E0,0.E0));
#6037=DIRECTION('',(0.E0,0.E0,-1.E0));
#6038=AXIS2_PLACEMENT_3D('',#6035,#6036,#6037);
#6039=CONICAL_SURFACE('',#6038,4.959276695297E1,4.5E1);
#6041=ORIENTED_EDGE('',*,*,#6040,.F.);
#6043=ORIENTED_EDGE('',*,*,#6042,.T.);
#6044=ORIENTED_EDGE('',*,*,#6022,.F.);
#6046=ORIENTED_EDGE('',*,*,#6045,.T.);
#6048=ORIENTED_EDGE('',*,*,#6047,.T.);
#6050=ORIENTED_EDGE('',*,*,#6049,.T.);
#6051=ORIENTED_EDGE('',*,*,#6028,.F.);
#6053=ORIENTED_EDGE('',*,*,#6052,.T.);
#6055=ORIENTED_EDGE('',*,*,#6054,.F.);
#6057=ORIENTED_EDGE('',*,*,#6056,.F.);
#6059=ORIENTED_EDGE('',*,*,#6058,.F.);
#6061=ORIENTED_EDGE('',*,*,#6060,.F.);
#6063=ORIENTED_EDGE('',*,*,#6062,.T.);
#6065=ORIENTED_EDGE('',*,*,#6064,.T.);
#6067=ORIENTED_EDGE('',*,*,#6066,.T.);
#6069=ORIENTED_EDGE('',*,*,#6068,.F.);
#6071=ORIENTED_EDGE('',*,*,#6070,.T.);
#6073=ORIENTED_EDGE('',*,*,#6072,.F.);
#6074=EDGE_LOOP('',(#6041,#6043,#6044,#6046,#6048,#6050,#6051,#6053,#6055,#6057,
#6059,#6061,#6063,#6065,#6067,#6069,#6071,#6073));
#6075=FACE_OUTER_BOUND('',#6074,.F.);
#6076=ADVANCED_FACE('',(#6075),#6039,.T.);
#6077=CARTESIAN_POINT('',(-1.26E2,3.258578643763E1,-9.4E1));
#6078=DIRECTION('',(0.E0,1.E0,0.E0));
#6079=DIRECTION('',(0.E0,0.E0,1.E0));
#6080=AXIS2_PLACEMENT_3D('',#6077,#6078,#6079);
#6081=TOROIDAL_SURFACE('',#6080,4.7E1,1.E0);
#6083=ORIENTED_EDGE('',*,*,#6082,.F.);
#6085=ORIENTED_EDGE('',*,*,#6084,.T.);
#6087=ORIENTED_EDGE('',*,*,#6086,.T.);
#6089=ORIENTED_EDGE('',*,*,#6088,.F.);
#6090=ORIENTED_EDGE('',*,*,#6040,.T.);
#6091=ORIENTED_EDGE('',*,*,#6072,.T.);
#6092=EDGE_LOOP('',(#6083,#6085,#6087,#6089,#6090,#6091));
#6093=FACE_OUTER_BOUND('',#6092,.F.);
#6094=ADVANCED_FACE('',(#6093),#6081,.T.);
#6095=CARTESIAN_POINT('',(-1.282599896684E2,3.238637644425E1,
-4.803773475256E1));
#6096=CARTESIAN_POINT('',(-1.283064085002E2,3.375177879018E1,
-4.832118515716E1));
#6097=CARTESIAN_POINT('',(-1.283427098947E2,3.431872931386E1,
-4.703681657622E1));
#6098=CARTESIAN_POINT('',(-1.283099781238E2,3.315586577214E1,
-4.623535834386E1));
#6099=CARTESIAN_POINT('',(-1.287496810488E2,3.236299516171E1,
-4.804184622368E1));
#6100=CARTESIAN_POINT('',(-1.285943180863E2,3.374129837615E1,
-4.833317670771E1));
#6101=CARTESIAN_POINT('',(-1.287330851513E2,3.431026954796E1,
-4.704658050301E1));
#6102=CARTESIAN_POINT('',(-1.289459442599E2,3.313228628405E1,
-4.624236671625E1));
#6103=CARTESIAN_POINT('',(-1.296589084822E2,3.254137194002E1,
-4.825427150089E1));
#6104=CARTESIAN_POINT('',(-1.291156512502E2,3.381583625229E1,
-4.837943591557E1));
#6105=CARTESIAN_POINT('',(-1.294361255223E2,3.436954239037E1,
-4.715900239600E1));
#6106=CARTESIAN_POINT('',(-1.301269755714E2,3.331207435106E1,
-4.650515649754E1));
#6107=CARTESIAN_POINT('',(-1.306735151600E2,3.325704577670E1,
-4.894895524183E1));
#6108=CARTESIAN_POINT('',(-1.300059517237E2,3.426801259661E1,
-4.870567785447E1));
#6109=CARTESIAN_POINT('',(-1.305083971506E2,3.477419348246E1,
-4.769635461409E1));
#6110=CARTESIAN_POINT('',(-1.314712164456E2,3.403425834901E1,
-4.737137815670E1));
#6111=CARTESIAN_POINT('',(-1.313353022192E2,3.420852014422E1,
-4.980583564736E1));
#6112=CARTESIAN_POINT('',(-1.307873793759E2,3.500483834761E1,
-4.931603574623E1));
#6113=CARTESIAN_POINT('',(-1.313825011112E2,3.546537484170E1,
-4.853228666821E1));
#6114=CARTESIAN_POINT('',(-1.323729746495E2,3.499456689176E1,
-4.845610133651E1));
#6115=CARTESIAN_POINT('',(-1.315699048496E2,3.492948867185E1,
-5.041690972184E1));
#6116=CARTESIAN_POINT('',(-1.311689532717E2,3.564269720417E1,
-4.987137428604E1));
#6117=CARTESIAN_POINT('',(-1.317832261616E2,3.607728249625E1,
-4.923078828096E1));
#6118=CARTESIAN_POINT('',(-1.327087793373E2,3.572261983655E1,
-4.924142929174E1));
#6119=CARTESIAN_POINT('',(-1.316472689060E2,3.532627974445E1,
-5.074334062883E1));
#6120=CARTESIAN_POINT('',(-1.313193433815E2,3.600563209524E1,
-5.018951134653E1));
#6121=CARTESIAN_POINT('',(-1.319347403261E2,3.642783919940E1,
-4.962000956527E1));
#6122=CARTESIAN_POINT('',(-1.328247869722E2,3.612332037676E1,
-4.966389928245E1));
#6123=(BOUNDED_SURFACE()B_SPLINE_SURFACE(3,3,((#6095,#6096,#6097,#6098),(#6099,
#6100,#6101,#6102),(#6103,#6104,#6105,#6106),(#6107,#6108,#6109,#6110),(#6111,
#6112,#6113,#6114),(#6115,#6116,#6117,#6118),(#6119,#6120,#6121,#6122)),
.UNSPECIFIED.,.F.,.F.,.F.)B_SPLINE_SURFACE_WITH_KNOTS((4,1,1,1,4),(4,4),(
-1.770769065216E-4,1.569233828341E-3,3.138467656682E-3,4.707701485024E-3,
6.438470610364E-3),(-1.191546277326E-1,1.105886189289E0),.UNSPECIFIED.)GEOMETRIC_REPRESENTATION_ITEM()RATIONAL_B_SPLINE_SURFACE(((1.164556090403E0,
5.405750770965E-1,5.338891433298E-1,1.144498289103E0),(1.165120418420E0,
5.389995270500E-1,5.322906645682E-1,1.144993830973E0),(1.160803806149E0,
5.510510971554E-1,5.445176191498E-1,1.141203372131E0),(1.145158751084E0,
5.947305999888E-1,5.888327824541E-1,1.127465298479E0),(1.126695104205E0,
6.462793425650E-1,6.411317052262E-1,1.111252192190E0),(1.114072348811E0,
6.815208727343E-1,6.768860994671E-1,1.100168029008E0),(1.107444603316E0,
7.000249065560E-1,6.956594193861E-1,1.094348141807E0)))REPRESENTATION_ITEM('')SURFACE());
#6125=ORIENTED_EDGE('',*,*,#6124,.T.);
#6127=ORIENTED_EDGE('',*,*,#6126,.F.);
#6128=ORIENTED_EDGE('',*,*,#6082,.T.);
#6129=ORIENTED_EDGE('',*,*,#6070,.F.);
#6130=EDGE_LOOP('',(#6125,#6127,#6128,#6129));
#6131=FACE_OUTER_BOUND('',#6130,.F.);
#6132=ADVANCED_FACE('',(#6131),#6123,.T.);
#6133=CARTESIAN_POINT('',(-1.325295403217E2,3.535E1,-5.024877253217E1));
#6134=DIRECTION('',(-9.567249292019E-1,0.E0,2.909938312811E-1));
#6135=DIRECTION('',(-2.909938312811E-1,0.E0,-9.567249292019E-1));
#6136=AXIS2_PLACEMENT_3D('',#6133,#6134,#6135);
#6137=SPHERICAL_SURFACE('',#6136,1.E0);
#6139=ORIENTED_EDGE('',*,*,#6138,.T.);
#6141=ORIENTED_EDGE('',*,*,#6140,.F.);
#6142=ORIENTED_EDGE('',*,*,#6124,.F.);
#6143=EDGE_LOOP('',(#6139,#6141,#6142));
#6144=FACE_OUTER_BOUND('',#6143,.F.);
#6145=ADVANCED_FACE('',(#6144),#6137,.T.);
#6146=CARTESIAN_POINT('',(-1.26E2,3.535E1,-9.4E1));
#6147=DIRECTION('',(0.E0,-1.E0,0.E0));
#6148=DIRECTION('',(0.E0,0.E0,-1.E0));
#6149=AXIS2_PLACEMENT_3D('',#6146,#6147,#6148);
#6150=TOROIDAL_SURFACE('',#6149,4.423578643763E1,1.E0);
#6151=ORIENTED_EDGE('',*,*,#5955,.F.);
#6152=ORIENTED_EDGE('',*,*,#6138,.F.);
#6153=ORIENTED_EDGE('',*,*,#6068,.T.);
#6155=ORIENTED_EDGE('',*,*,#6154,.F.);
#6156=ORIENTED_EDGE('',*,*,#6060,.T.);
#6158=ORIENTED_EDGE('',*,*,#6157,.T.);
#6159=EDGE_LOOP('',(#6151,#6152,#6153,#6155,#6156,#6158));
#6160=FACE_OUTER_BOUND('',#6159,.F.);
#6161=ADVANCED_FACE('',(#6160),#6150,.T.);
#6162=CARTESIAN_POINT('',(-1.386821332100E2,3.635E1,-4.666963451184E1));
#6163=DIRECTION('',(0.E0,-1.E0,0.E0));
#6164=DIRECTION('',(0.E0,0.E0,-1.E0));
#6165=AXIS2_PLACEMENT_3D('',#6162,#6163,#6164);
#6166=CYLINDRICAL_SURFACE('',#6165,4.125E0);
#6168=ORIENTED_EDGE('',*,*,#6167,.F.);
#6170=ORIENTED_EDGE('',*,*,#6169,.F.);
#6171=ORIENTED_EDGE('',*,*,#6062,.F.);
#6172=ORIENTED_EDGE('',*,*,#6154,.T.);
#6173=ORIENTED_EDGE('',*,*,#6066,.F.);
#6175=ORIENTED_EDGE('',*,*,#6174,.T.);
#6176=EDGE_LOOP('',(#6168,#6170,#6171,#6172,#6173,#6175));
#6177=FACE_OUTER_BOUND('',#6176,.F.);
#6178=ADVANCED_FACE('',(#6177),#6166,.F.);
#6179=CARTESIAN_POINT('',(-1.428071332100E2,2.175E1,-4.666963451184E1));
#6180=DIRECTION('',(0.E0,1.E0,0.E0));
#6181=DIRECTION('',(0.E0,0.E0,1.E0));
#6182=AXIS2_PLACEMENT_3D('',#6179,#6180,#6181);
#6183=PLANE('',#6182);
#6185=ORIENTED_EDGE('',*,*,#6184,.T.);
#6186=ORIENTED_EDGE('',*,*,#6167,.T.);
#6187=EDGE_LOOP('',(#6185,#6186));
#6188=FACE_OUTER_BOUND('',#6187,.F.);
#6190=ORIENTED_EDGE('',*,*,#6189,.T.);
#6192=ORIENTED_EDGE('',*,*,#6191,.T.);
#6193=EDGE_LOOP('',(#6190,#6192));
#6194=FACE_BOUND('',#6193,.F.);
#6195=ADVANCED_FACE('',(#6188,#6194),#6183,.T.);
#6196=CARTESIAN_POINT('',(-1.386821332100E2,3.635E1,-4.666963451184E1));
#6197=DIRECTION('',(0.E0,-1.E0,0.E0));
#6198=DIRECTION('',(0.E0,0.E0,-1.E0));
#6199=AXIS2_PLACEMENT_3D('',#6196,#6197,#6198);
#6200=CYLINDRICAL_SURFACE('',#6199,4.125E0);
#6201=ORIENTED_EDGE('',*,*,#6184,.F.);
#6202=ORIENTED_EDGE('',*,*,#6174,.F.);
#6203=ORIENTED_EDGE('',*,*,#6064,.F.);
#6204=ORIENTED_EDGE('',*,*,#6169,.T.);
#6205=EDGE_LOOP('',(#6201,#6202,#6203,#6204));
#6206=FACE_OUTER_BOUND('',#6205,.F.);
#6207=ADVANCED_FACE('',(#6206),#6200,.F.);
#6208=CARTESIAN_POINT('',(-1.386821332100E2,2.15E1,-4.666963451184E1));
#6209=DIRECTION('',(0.E0,1.E0,0.E0));
#6210=DIRECTION('',(0.E0,0.E0,-1.E0));
#6211=AXIS2_PLACEMENT_3D('',#6208,#6209,#6210);
#6212=CONICAL_SURFACE('',#6211,2.400000000002E0,4.5E1);
#6213=ORIENTED_EDGE('',*,*,#6189,.F.);
#6215=ORIENTED_EDGE('',*,*,#6214,.F.);
#6217=ORIENTED_EDGE('',*,*,#6216,.T.);
#6219=ORIENTED_EDGE('',*,*,#6218,.T.);
#6220=EDGE_LOOP('',(#6213,#6215,#6217,#6219));
#6221=FACE_OUTER_BOUND('',#6220,.F.);
#6222=ADVANCED_FACE('',(#6221),#6212,.F.);
#6223=CARTESIAN_POINT('',(-1.386821332100E2,2.15E1,-4.666963451184E1));
#6224=DIRECTION('',(0.E0,1.E0,0.E0));
#6225=DIRECTION('',(0.E0,0.E0,-1.E0));
#6226=AXIS2_PLACEMENT_3D('',#6223,#6224,#6225);
#6227=CONICAL_SURFACE('',#6226,2.400000000002E0,4.5E1);
#6228=ORIENTED_EDGE('',*,*,#6191,.F.);
#6229=ORIENTED_EDGE('',*,*,#6218,.F.);
#6231=ORIENTED_EDGE('',*,*,#6230,.T.);
#6232=ORIENTED_EDGE('',*,*,#6214,.T.);
#6233=EDGE_LOOP('',(#6228,#6229,#6231,#6232));
#6234=FACE_OUTER_BOUND('',#6233,.F.);
#6235=ADVANCED_FACE('',(#6234),#6227,.F.);
#6236=CARTESIAN_POINT('',(-1.386821332100E2,3.635E1,-4.666963451184E1));
#6237=DIRECTION('',(0.E0,-1.E0,0.E0));
#6238=DIRECTION('',(0.E0,0.E0,-1.E0));
#6239=AXIS2_PLACEMENT_3D('',#6236,#6237,#6238);
#6240=CYLINDRICAL_SURFACE('',#6239,2.15E0);
#6241=ORIENTED_EDGE('',*,*,#6230,.F.);
#6243=ORIENTED_EDGE('',*,*,#6242,.T.);
#6244=ORIENTED_EDGE('',*,*,#4724,.F.);
#6246=ORIENTED_EDGE('',*,*,#6245,.F.);
#6247=EDGE_LOOP('',(#6241,#6243,#6244,#6246));
#6248=FACE_OUTER_BOUND('',#6247,.F.);
#6249=ADVANCED_FACE('',(#6248),#6240,.F.);
#6250=CARTESIAN_POINT('',(-1.386821332100E2,3.635E1,-4.666963451184E1));
#6251=DIRECTION('',(0.E0,-1.E0,0.E0));
#6252=DIRECTION('',(0.E0,0.E0,-1.E0));
#6253=AXIS2_PLACEMENT_3D('',#6250,#6251,#6252);
#6254=CYLINDRICAL_SURFACE('',#6253,2.15E0);
#6255=ORIENTED_EDGE('',*,*,#6216,.F.);
#6256=ORIENTED_EDGE('',*,*,#6245,.T.);
#6257=ORIENTED_EDGE('',*,*,#4722,.F.);
#6258=ORIENTED_EDGE('',*,*,#6242,.F.);
#6259=EDGE_LOOP('',(#6255,#6256,#6257,#6258));
#6260=FACE_OUTER_BOUND('',#6259,.F.);
#6261=ADVANCED_FACE('',(#6260),#6254,.F.);
#6262=CARTESIAN_POINT('',(-1.951428571429E2,3.535E1,-7.391853326765E1));
#6263=DIRECTION('',(0.E0,-1.E0,0.E0));
#6264=DIRECTION('',(0.E0,0.E0,-1.E0));
#6265=AXIS2_PLACEMENT_3D('',#6262,#6263,#6264);
#6266=TOROIDAL_SURFACE('',#6265,2.776421356237E1,1.E0);
#6267=ORIENTED_EDGE('',*,*,#6157,.F.);
#6269=ORIENTED_EDGE('',*,*,#6268,.T.);
#6271=ORIENTED_EDGE('',*,*,#6270,.T.);
#6272=ORIENTED_EDGE('',*,*,#5957,.F.);
#6273=EDGE_LOOP('',(#6267,#6269,#6271,#6272));
#6274=FACE_OUTER_BOUND('',#6273,.F.);
#6275=ADVANCED_FACE('',(#6274),#6266,.T.);
#6276=CARTESIAN_POINT('',(-1.951428571429E2,3.140723304704E1,
-7.391853326765E1));
#6277=DIRECTION('',(0.E0,1.E0,0.E0));
#6278=DIRECTION('',(0.E0,0.E0,1.E0));
#6279=AXIS2_PLACEMENT_3D('',#6276,#6277,#6278);
#6280=CONICAL_SURFACE('',#6279,2.240723304704E1,4.5E1);
#6282=ORIENTED_EDGE('',*,*,#6281,.T.);
#6283=ORIENTED_EDGE('',*,*,#6268,.F.);
#6284=ORIENTED_EDGE('',*,*,#6058,.T.);
#6286=ORIENTED_EDGE('',*,*,#6285,.T.);
#6287=EDGE_LOOP('',(#6282,#6283,#6284,#6286));
#6288=FACE_OUTER_BOUND('',#6287,.F.);
#6289=ADVANCED_FACE('',(#6288),#6280,.F.);
#6290=CARTESIAN_POINT('',(-1.819976971318E2,3.631906722807E1,
-1.044332207645E2));
#6291=CARTESIAN_POINT('',(-1.820711936442E2,3.834343084018E1,-1.027200746E2));
#6292=CARTESIAN_POINT('',(-1.805903011405E2,4.002372091032E1,
-1.012981053240E2));
#6293=CARTESIAN_POINT('',(-1.781060956458E2,4.073458717900E1,
-1.006965244529E2));
#6294=CARTESIAN_POINT('',(-1.819978072769E2,3.344974073836E1,
-1.010362643401E2));
#6295=CARTESIAN_POINT('',(-1.820672854559E2,3.545937893181E1,
-9.943265643286E1));
#6296=CARTESIAN_POINT('',(-1.806676878810E2,3.712796330883E1,
-9.806531853831E1));
#6297=CARTESIAN_POINT('',(-1.782923460137E2,3.786728051431E1,
-9.741626645259E1));
#6298=CARTESIAN_POINT('',(-1.819979417473E2,3.064142732127E1,
-9.757003381236E1));
#6299=CARTESIAN_POINT('',(-1.820625989462E2,3.261578988236E1,
-9.608493933375E1));
#6300=CARTESIAN_POINT('',(-1.807604861301E2,3.427048524890E1,
-9.478766681134E1));
#6301=CARTESIAN_POINT('',(-1.785197283767E2,3.506139838785E1,
-9.410479765190E1));
#6302=CARTESIAN_POINT('',(-1.819981104435E2,2.804838670621E1,
-9.396642434308E1));
#6303=CARTESIAN_POINT('',(-1.820568527559E2,2.994588440661E1,
-9.259695841838E1));
#6304=CARTESIAN_POINT('',(-1.808742669881E2,3.158395259379E1,
-9.141472760313E1));
#6305=CARTESIAN_POINT('',(-1.788049832836E2,3.247131681669E1,
-9.077429576673E1));
#6306=(BOUNDED_SURFACE()B_SPLINE_SURFACE(3,3,((#6290,#6291,#6292,#6293),(#6294,
#6295,#6296,#6297),(#6298,#6299,#6300,#6301),(#6302,#6303,#6304,#6305)),
.UNSPECIFIED.,.F.,.F.,.F.)B_SPLINE_SURFACE_WITH_KNOTS((4,4),(4,4),(
2.794045521098E-2,4.126407274713E-2),(-2.492292237742E-2,1.024824478028E0),
.UNSPECIFIED.)GEOMETRIC_REPRESENTATION_ITEM()RATIONAL_B_SPLINE_SURFACE(((
1.008701594470E0,8.835611321312E-1,8.835493976737E-1,1.008666391097E0),(
1.008238494508E0,8.897580234606E-1,8.897469135123E-1,1.008205164662E0),(
1.007680594994E0,8.972234584425E-1,8.972131008447E-1,1.007649522200E0),(
1.007000414298E0,9.063251777186E-1,9.063157373725E-1,1.006972093259E0)))REPRESENTATION_ITEM('')SURFACE());
#6307=ORIENTED_EDGE('',*,*,#5959,.T.);
#6308=ORIENTED_EDGE('',*,*,#6270,.F.);
#6309=ORIENTED_EDGE('',*,*,#6281,.F.);
#6311=ORIENTED_EDGE('',*,*,#6310,.F.);
#6313=ORIENTED_EDGE('',*,*,#6312,.F.);
#6314=EDGE_LOOP('',(#6307,#6308,#6309,#6311,#6313));
#6315=FACE_OUTER_BOUND('',#6314,.F.);
#6316=ADVANCED_FACE('',(#6315),#6306,.T.);
#6317=CARTESIAN_POINT('',(-1.779470427401E2,2.686439223042E1,
-7.877012069107E1));
#6318=CARTESIAN_POINT('',(-1.791402312354E2,2.567861608554E1,
-7.840523675153E1));
#6319=CARTESIAN_POINT('',(-1.797677579915E2,2.408865280551E1,
-7.820201784134E1));
#6320=CARTESIAN_POINT('',(-1.797216209992E2,2.236787740488E1,
-7.819543628634E1));
#6321=CARTESIAN_POINT('',(-1.782595063359E2,2.684916516293E1,
-7.982121674990E1));
#6322=CARTESIAN_POINT('',(-1.794899564482E2,2.566241883972E1,
-7.959213173663E1));
#6323=CARTESIAN_POINT('',(-1.801617641443E2,2.407268053591E1,
-7.954381247219E1));
#6324=CARTESIAN_POINT('',(-1.801596081813E2,2.235258941171E1,
-7.968457391501E1));
#6325=CARTESIAN_POINT('',(-1.786949182168E2,2.717801950383E1,
-8.185505150945E1));
#6326=CARTESIAN_POINT('',(-1.800461459364E2,2.601359179272E1,
-8.188073895880E1));
#6327=CARTESIAN_POINT('',(-1.808176144488E2,2.441897041881E1,
-8.212255431700E1));
#6328=CARTESIAN_POINT('',(-1.808695743538E2,2.268276525321E1,
-8.253675481495E1));
#6329=CARTESIAN_POINT('',(-1.789621838986E2,2.853325832064E1,
-8.496769035088E1));
#6330=CARTESIAN_POINT('',(-1.805720523987E2,2.745026084466E1,
-8.527908529175E1));
#6331=CARTESIAN_POINT('',(-1.815089085072E2,2.583658174101E1,
-8.590366823280E1));
#6332=CARTESIAN_POINT('',(-1.815688811183E2,2.404306350121E1,
-8.670566374106E1));
#6333=CARTESIAN_POINT('',(-1.789588673985E2,3.040461193003E1,
-8.799060989966E1));
#6334=CARTESIAN_POINT('',(-1.808361346185E2,2.942480528733E1,
-8.850414810287E1));
#6335=CARTESIAN_POINT('',(-1.819234532249E2,2.778665060703E1,
-8.944733176944E1));
#6336=CARTESIAN_POINT('',(-1.819347553489E2,2.592072340523E1,
-9.057226415593E1));
#6337=CARTESIAN_POINT('',(-1.788315456937E2,3.188002083539E1,
-8.998309506611E1));
#6338=CARTESIAN_POINT('',(-1.808765832205E2,3.096645963642E1,
-9.058737418828E1));
#6339=CARTESIAN_POINT('',(-1.820487996707E2,2.931054686092E1,
-9.171389423385E1));
#6340=CARTESIAN_POINT('',(-1.820021935285E2,2.740055911868E1,
-9.303048419420E1));
#6341=CARTESIAN_POINT('',(-1.787399223512E2,3.267237668636E1,
-9.099421450411E1));
#6342=CARTESIAN_POINT('',(-1.808667345028E2,3.179229735566E1,
-9.164033366008E1));
#6343=CARTESIAN_POINT('',(-1.820779333630E2,3.012722239775E1,
-9.285541644683E1));
#6344=CARTESIAN_POINT('',(-1.819963200950E2,2.819515707700E1,
-9.426144925383E1));
#6345=(BOUNDED_SURFACE()B_SPLINE_SURFACE(3,3,((#6317,#6318,#6319,#6320),(#6321,
#6322,#6323,#6324),(#6325,#6326,#6327,#6328),(#6329,#6330,#6331,#6332),(#6333,
#6334,#6335,#6336),(#6337,#6338,#6339,#6340),(#6341,#6342,#6343,#6344)),
.UNSPECIFIED.,.F.,.F.,.F.)B_SPLINE_SURFACE_WITH_KNOTS((4,1,1,1,4),(4,4),(
-1.675996862132E-4,3.850932365979E-3,7.701864731958E-3,1.155279709794E-2,
1.556344314189E-2),(-3.317674227534E-2,1.032268184097E0),.UNSPECIFIED.)GEOMETRIC_REPRESENTATION_ITEM()RATIONAL_B_SPLINE_SURFACE(((1.005219264996E0,
9.475543135470E-1,9.475051816559E-1,1.005071869323E0),(1.005205882185E0,
9.476887904727E-1,9.476397845615E-1,1.005058864451E0),(1.005495573180E0,
9.447778359396E-1,9.447261030034E-1,1.005340374372E0),(1.006609117849E0,
9.335884032118E-1,9.335261878502E-1,1.006422471765E0),(1.008001166430E0,
9.196004291437E-1,9.195251096422E-1,1.007775207926E0),(1.008984963863E0,
9.097147590926E-1,9.096301785499E-1,1.008731222234E0),(1.009484308979E0,
9.046970990567E-1,9.046078178961E-1,1.009216465497E0)))REPRESENTATION_ITEM('')SURFACE());
#6347=ORIENTED_EDGE('',*,*,#6346,.T.);
#6349=ORIENTED_EDGE('',*,*,#6348,.F.);
#6350=ORIENTED_EDGE('',*,*,#6310,.T.);
#6351=ORIENTED_EDGE('',*,*,#6285,.F.);
#6352=EDGE_LOOP('',(#6347,#6349,#6350,#6351));
#6353=FACE_OUTER_BOUND('',#6352,.F.);
#6354=ADVANCED_FACE('',(#6353),#6345,.T.);
#6355=CARTESIAN_POINT('',(-1.26E2,2.251471862576E1,-9.4E1));
#6356=DIRECTION('',(0.E0,-1.E0,0.E0));
#6357=DIRECTION('',(0.E0,0.E0,-1.E0));
#6358=AXIS2_PLACEMENT_3D('',#6355,#6356,#6357);
#6359=TOROIDAL_SURFACE('',#6358,5.E1,6.E0);
#6361=ORIENTED_EDGE('',*,*,#6360,.F.);
#6363=ORIENTED_EDGE('',*,*,#6362,.T.);
#6365=ORIENTED_EDGE('',*,*,#6364,.T.);
#6366=ORIENTED_EDGE('',*,*,#6346,.F.);
#6367=ORIENTED_EDGE('',*,*,#6056,.T.);
#6368=ORIENTED_EDGE('',*,*,#6054,.T.);
#6369=EDGE_LOOP('',(#6361,#6363,#6365,#6366,#6367,#6368));
#6370=FACE_OUTER_BOUND('',#6369,.F.);
#6371=ADVANCED_FACE('',(#6370),#6359,.T.);
#6372=CARTESIAN_POINT('',(-7.648693227961E1,2.236974702240E1,
-6.784173270700E1));
#6373=CARTESIAN_POINT('',(-7.643522140508E1,2.408876598673E1,
-6.784916633544E1));
#6374=CARTESIAN_POINT('',(-7.700401447552E1,2.567734383524E1,
-6.818175296130E1));
#6375=CARTESIAN_POINT('',(-7.809566280509E1,2.686276347404E1,
-6.878239521636E1));
#6376=CARTESIAN_POINT('',(-7.580293745463E1,2.234679590208E1,
-6.913672474143E1));
#6377=CARTESIAN_POINT('',(-7.581976930339E1,2.406480451652E1,
-6.901637620650E1));
#6378=CARTESIAN_POINT('',(-7.645785168932E1,2.565304463302E1,
-6.921385292985E1));
#6379=CARTESIAN_POINT('',(-7.760805945662E1,2.683989930568E1,
-6.969538199982E1));
#6380=CARTESIAN_POINT('',(-7.462205839362E1,2.261881273834E1,
-7.160482945958E1));
#6381=CARTESIAN_POINT('',(-7.474139701084E1,2.434980568695E1,
-7.124444114008E1));
#6382=CARTESIAN_POINT('',(-7.552196614547E1,2.594207130364E1,
-7.119478127872E1));
#6383=CARTESIAN_POINT('',(-7.682418312577E1,2.711088230760E1,
-7.146472911317E1));
#6384=CARTESIAN_POINT('',(-7.318853879480E1,2.378075220695E1,
-7.525717081113E1));
#6385=CARTESIAN_POINT('',(-7.339502989067E1,2.556027353846E1,
-7.454348833660E1));
#6386=CARTESIAN_POINT('',(-7.439469111571E1,2.716894122517E1,
-7.417129358781E1));
#6387=CARTESIAN_POINT('',(-7.597742452499E1,2.826866787933E1,
-7.421880825001E1));
#6388=CARTESIAN_POINT('',(-7.210864823432E1,2.539095939733E1,
-7.865748310610E1));
#6389=CARTESIAN_POINT('',(-7.234146238066E1,2.723264756652E1,
-7.763836952368E1));
#6390=CARTESIAN_POINT('',(-7.353642316470E1,2.886266038806E1,
-7.700059649266E1));
#6391=CARTESIAN_POINT('',(-7.539486722071E1,2.987360562604E1,
-7.690356264397E1));
#6392=CARTESIAN_POINT('',(-7.101837559455E1,2.792834875018E1,
-8.299442574781E1));
#6393=CARTESIAN_POINT('',(-7.122216838171E1,2.987605956459E1,
-8.164514517091E1));
#6394=CARTESIAN_POINT('',(-7.264451010016E1,3.153765587401E1,
-8.069983722742E1));
#6395=CARTESIAN_POINT('',(-7.484911088106E1,3.240346721729E1,
-8.044846015954E1));
#6396=CARTESIAN_POINT('',(-7.019325673144E1,3.161267250704E1,
-8.820503481404E1));
#6397=CARTESIAN_POINT('',(-7.028613650943E1,3.370623984807E1,
-8.652921921062E1));
#6398=CARTESIAN_POINT('',(-7.192868720137E1,3.540926849349E1,
-8.525631120197E1));
#6399=CARTESIAN_POINT('',(-7.450036100462E1,3.607837457535E1,
-8.486719954122E1));
#6400=CARTESIAN_POINT('',(-7.000015322153E1,3.474703358908E1,
-9.215242677555E1));
#6401=CARTESIAN_POINT('',(-6.996304694186E1,3.690464514388E1,
-9.023455639891E1));
#6402=CARTESIAN_POINT('',(-7.171855156083E1,3.863851434256E1,
-8.873388790479E1));
#6403=CARTESIAN_POINT('',(-7.451478912116E1,3.920604483635E1,
-8.829314009730E1));
#6404=CARTESIAN_POINT('',(-7.000435992634E1,3.635793552442E1,
-9.411576274332E1));
#6405=CARTESIAN_POINT('',(-6.989079577895E1,3.854925886407E1,
-9.209340787083E1));
#6406=CARTESIAN_POINT('',(-7.169194954485E1,4.029834726328E1,
-9.048057663084E1));
#6407=CARTESIAN_POINT('',(-7.459278254285E1,4.081373896133E1,
-9.000707446441E1));
#6408=(BOUNDED_SURFACE()B_SPLINE_SURFACE(3,3,((#6372,#6373,#6374,#6375),(#6376,
#6377,#6378,#6379),(#6380,#6381,#6382,#6383),(#6384,#6385,#6386,#6387),(#6388,
#6389,#6390,#6391),(#6392,#6393,#6394,#6395),(#6396,#6397,#6398,#6399),(#6400,
#6401,#6402,#6403),(#6404,#6405,#6406,#6407)),.UNSPECIFIED.,.F.,.F.,.F.)B_SPLINE_SURFACE_WITH_KNOTS((4,1,1,1,1,1,4),(4,4),(-2.664345243728E-4,3.518743392860E-3,
7.037486785721E-3,1.055623017858E-2,1.407497357144E-2,2.111246035716E-2,
2.824466666774E-2),(-3.217924989829E-2,1.032196482710E0),.UNSPECIFIED.)GEOMETRIC_REPRESENTATION_ITEM()RATIONAL_B_SPLINE_SURFACE(((1.005058691301E0,
9.475453260821E-1,9.475462572693E-1,1.005061484862E0),(1.005039258250E0,
9.477468316251E-1,9.477477592351E-1,1.005042041081E0),(1.005270349532E0,
9.453505957046E-1,9.453515658531E-1,1.005273259978E0),(1.006199979771E0,
9.357110569104E-1,9.357121981822E-1,1.006203403586E0),(1.007381754385E0,
9.234569780704E-1,9.234583368793E-1,1.007385830812E0),(1.009074688732E0,
9.059025724251E-1,9.059042428638E-1,1.009079700048E0),(1.011200329459E0,
8.838613399001E-1,8.838634016197E-1,1.011206514619E0),(1.012716577403E0,
8.681390341382E-1,8.681413749638E-1,1.012723599879E0),(1.013445113795E0,
8.605846813072E-1,8.605871562393E-1,1.013452538593E0)))REPRESENTATION_ITEM('')SURFACE());
#6410=ORIENTED_EDGE('',*,*,#6409,.F.);
#6412=ORIENTED_EDGE('',*,*,#6411,.F.);
#6413=ORIENTED_EDGE('',*,*,#5969,.T.);
#6415=ORIENTED_EDGE('',*,*,#6414,.F.);
#6416=ORIENTED_EDGE('',*,*,#6360,.T.);
#6417=EDGE_LOOP('',(#6410,#6412,#6413,#6415,#6416));
#6418=FACE_OUTER_BOUND('',#6417,.F.);
#6419=ADVANCED_FACE('',(#6418),#6408,.T.);
#6420=CARTESIAN_POINT('',(-6.215394111006E1,3.140723304703E1,
-6.071816164600E1));
#6421=DIRECTION('',(0.E0,1.E0,0.E0));
#6422=DIRECTION('',(0.E0,0.E0,1.E0));
#6423=AXIS2_PLACEMENT_3D('',#6420,#6421,#6422);
#6424=CONICAL_SURFACE('',#6423,2.240723304703E1,4.5E1);
#6425=ORIENTED_EDGE('',*,*,#6052,.F.);
#6427=ORIENTED_EDGE('',*,*,#6426,.F.);
#6428=ORIENTED_EDGE('',*,*,#6409,.T.);
#6429=EDGE_LOOP('',(#6425,#6427,#6428));
#6430=FACE_OUTER_BOUND('',#6429,.F.);
#6431=ADVANCED_FACE('',(#6430),#6424,.F.);
#6432=CARTESIAN_POINT('',(-6.215394111006E1,3.535E1,-6.071816164600E1));
#6433=DIRECTION('',(0.E0,-1.E0,0.E0));
#6434=DIRECTION('',(0.E0,0.E0,-1.E0));
#6435=AXIS2_PLACEMENT_3D('',#6432,#6433,#6434);
#6436=TOROIDAL_SURFACE('',#6435,2.776421356237E1,1.E0);
#6437=ORIENTED_EDGE('',*,*,#6411,.T.);
#6438=ORIENTED_EDGE('',*,*,#6426,.T.);
#6439=ORIENTED_EDGE('',*,*,#6026,.F.);
#6440=ORIENTED_EDGE('',*,*,#5971,.F.);
#6441=EDGE_LOOP('',(#6437,#6438,#6439,#6440));
#6442=FACE_OUTER_BOUND('',#6441,.F.);
#6443=ADVANCED_FACE('',(#6442),#6436,.T.);
#6444=CARTESIAN_POINT('',(-1.26E2,1.252212569798E3,-9.4E1));
#6445=DIRECTION('',(0.E0,-1.E0,0.E0));
#6446=DIRECTION('',(0.E0,0.E0,-1.E0));
#6447=AXIS2_PLACEMENT_3D('',#6444,#6445,#6446);
#6448=CYLINDRICAL_SURFACE('',#6447,5.6E1);
#6450=ORIENTED_EDGE('',*,*,#6449,.F.);
#6451=ORIENTED_EDGE('',*,*,#6348,.T.);
#6452=ORIENTED_EDGE('',*,*,#6364,.F.);
#6453=ORIENTED_EDGE('',*,*,#6362,.F.);
#6454=ORIENTED_EDGE('',*,*,#6414,.T.);
#6455=ORIENTED_EDGE('',*,*,#5967,.F.);
#6457=ORIENTED_EDGE('',*,*,#6456,.F.);
#6458=ORIENTED_EDGE('',*,*,#4633,.F.);
#6459=ORIENTED_EDGE('',*,*,#4631,.F.);
#6460=EDGE_LOOP('',(#6450,#6451,#6452,#6453,#6454,#6455,#6457,#6458,#6459));
#6461=FACE_OUTER_BOUND('',#6460,.F.);
#6462=ADVANCED_FACE('',(#6461),#6448,.T.);
#6463=CARTESIAN_POINT('',(-1.82E2,-3.3502E1,-1.3875E2));
#6464=DIRECTION('',(1.E0,0.E0,0.E0));
#6465=DIRECTION('',(0.E0,0.E0,1.E0));
#6466=AXIS2_PLACEMENT_3D('',#6463,#6464,#6465);
#6467=PLANE('',#6466);
#6469=ORIENTED_EDGE('',*,*,#6468,.T.);
#6470=ORIENTED_EDGE('',*,*,#5961,.F.);
#6471=ORIENTED_EDGE('',*,*,#6312,.T.);
#6472=ORIENTED_EDGE('',*,*,#6449,.T.);
#6473=ORIENTED_EDGE('',*,*,#4629,.F.);
#6474=ORIENTED_EDGE('',*,*,#5110,.F.);
#6475=EDGE_LOOP('',(#6469,#6470,#6471,#6472,#6473,#6474));
#6476=FACE_OUTER_BOUND('',#6475,.F.);
#6477=ADVANCED_FACE('',(#6476),#6467,.F.);
#6478=CARTESIAN_POINT('',(-1.818925168634E2,2.961368317168E1,
-2.417271083623E2));
#6479=CARTESIAN_POINT('',(-1.819023235618E2,3.183867642036E1,
-2.031238967503E2));
#6480=CARTESIAN_POINT('',(-1.819121302602E2,3.406366966903E1,
-1.645206851384E2));
#6481=CARTESIAN_POINT('',(-1.819219369586E2,3.628866291770E1,
-1.259174735265E2));
#6482=CARTESIAN_POINT('',(-1.819574132691E2,2.966198594478E1,
-2.417271083623E2));
#6483=CARTESIAN_POINT('',(-1.819612988575E2,3.188257207675E1,
-2.031238967503E2));
#6484=CARTESIAN_POINT('',(-1.819651844458E2,3.410315820873E1,
-1.645206851384E2));
#6485=CARTESIAN_POINT('',(-1.819690700342E2,3.632374434071E1,
-1.259174735265E2));
#6486=CARTESIAN_POINT('',(-1.820723189966E2,2.988042819942E1,
-2.417271083623E2));
#6487=CARTESIAN_POINT('',(-1.820657206538E2,3.208108378816E1,
-2.031238967503E2));
#6488=CARTESIAN_POINT('',(-1.820591223109E2,3.428173937691E1,
-1.645206851384E2));
#6489=CARTESIAN_POINT('',(-1.820525239680E2,3.648239496566E1,
-1.259174735265E2));
#6490=CARTESIAN_POINT('',(-1.817540461418E2,3.083470657780E1,
-2.417271083623E2));
#6491=CARTESIAN_POINT('',(-1.817764868276E2,3.294829436684E1,
-2.031238967503E2));
#6492=CARTESIAN_POINT('',(-1.817989275135E2,3.506188215587E1,
-1.645206851384E2));
#6493=CARTESIAN_POINT('',(-1.818213681993E2,3.717546994491E1,
-1.259174735265E2));
#6494=CARTESIAN_POINT('',(-1.800524296563E2,3.334791068299E1,
-2.417271083623E2));
#6495=CARTESIAN_POINT('',(-1.802301248325E2,3.523219520307E1,
-2.031238967503E2));
#6496=CARTESIAN_POINT('',(-1.804078200088E2,3.711647972314E1,
-1.645206851384E2));
#6497=CARTESIAN_POINT('',(-1.805855151850E2,3.900076424322E1,
-1.259174735265E2));
#6498=CARTESIAN_POINT('',(-1.764647977329E2,3.763071319061E1,
-2.417271083623E2));
#6499=CARTESIAN_POINT('',(-1.769698263422E2,3.912423732108E1,
-2.031238967503E2));
#6500=CARTESIAN_POINT('',(-1.774748549516E2,4.061776145154E1,
-1.645206851384E2));
#6501=CARTESIAN_POINT('',(-1.779798835609E2,4.211128558201E1,
-1.259174735265E2));
#6502=CARTESIAN_POINT('',(-1.711903972691E2,4.319039726916E1,
-2.417271083623E2));
#6503=CARTESIAN_POINT('',(-1.721766590841E2,4.417665908418E1,
-2.031238967503E2));
#6504=CARTESIAN_POINT('',(-1.731629208992E2,4.516292089921E1,
-1.645206851384E2));
#6505=CARTESIAN_POINT('',(-1.741491827142E2,4.614918271423E1,
-1.259174735265E2));
#6506=CARTESIAN_POINT('',(-1.656307131904E2,4.846479773294E1,
-2.417271083623E2));
#6507=CARTESIAN_POINT('',(-1.671242373209E2,4.896982634226E1,
-2.031238967503E2));
#6508=CARTESIAN_POINT('',(-1.686177614515E2,4.947485495157E1,
-1.645206851384E2));
#6509=CARTESIAN_POINT('',(-1.701112855820E2,4.997988356089E1,
-1.259174735265E2));
#6510=CARTESIAN_POINT('',(-1.613479106828E2,5.205242965631E1,
-2.417271083623E2));
#6511=CARTESIAN_POINT('',(-1.632321952029E2,5.223012483252E1,
-2.031238967503E2));
#6512=CARTESIAN_POINT('',(-1.651164797231E2,5.240782000874E1,
-1.645206851384E2));
#6513=CARTESIAN_POINT('',(-1.670007642432E2,5.258551518495E1,
-1.259174735265E2));
#6514=CARTESIAN_POINT('',(-1.588347065776E2,5.375404614184E1,
-2.417271083623E2));
#6515=CARTESIAN_POINT('',(-1.609482943667E2,5.377648682764E1,
-2.031238967503E2));
#6516=CARTESIAN_POINT('',(-1.630618821557E2,5.379892751345E1,
-1.645206851384E2));
#6517=CARTESIAN_POINT('',(-1.651754699448E2,5.382136819925E1,
-1.259174735265E2));
#6518=CARTESIAN_POINT('',(-1.578804304376E2,5.407231825003E1,
-2.417271083623E2));
#6519=CARTESIAN_POINT('',(-1.600810858222E2,5.406571997530E1,
-2.031238967503E2));
#6520=CARTESIAN_POINT('',(-1.622817412067E2,5.405912170057E1,
-1.645206851384E2));
#6521=CARTESIAN_POINT('',(-1.644823965913E2,5.405252342584E1,
-1.259174735265E2));
#6522=CARTESIAN_POINT('',(-1.576619876161E2,5.395741414839E1,
-2.417271083623E2));
#6523=CARTESIAN_POINT('',(-1.598825735956E2,5.396129965652E1,
-2.031238967503E2));
#6524=CARTESIAN_POINT('',(-1.621031595751E2,5.396518516465E1,
-1.645206851384E2));
#6525=CARTESIAN_POINT('',(-1.643237455546E2,5.396907067279E1,
-1.259174735265E2));
#6526=CARTESIAN_POINT('',(-1.576136846746E2,5.389251888303E1,
-2.417271083623E2));
#6527=CARTESIAN_POINT('',(-1.598386777862E2,5.390232539712E1,
-2.031238967503E2));
#6528=CARTESIAN_POINT('',(-1.620636708977E2,5.391213191122E1,
-1.645206851384E2));
#6529=CARTESIAN_POINT('',(-1.642886640093E2,5.392193842531E1,
-1.259174735265E2));
#6530=B_SPLINE_SURFACE_WITH_KNOTS('',3,3,((#6478,#6479,#6480,#6481),(#6482,
#6483,#6484,#6485),(#6486,#6487,#6488,#6489),(#6490,#6491,#6492,#6493),(#6494,
#6495,#6496,#6497),(#6498,#6499,#6500,#6501),(#6502,#6503,#6504,#6505),(#6506,
#6507,#6508,#6509),(#6510,#6511,#6512,#6513),(#6514,#6515,#6516,#6517),(#6518,
#6519,#6520,#6521),(#6522,#6523,#6524,#6525),(#6526,#6527,#6528,#6529)),
.UNSPECIFIED.,.F.,.F.,.F.,(4,1,1,1,1,1,1,1,1,1,4),(4,4),(-7.304879626190E-2,
0.E0,1.250000000005E-1,2.500000000016E-1,3.750000000028E-1,5.000000000039E-1,
6.250000000051E-1,7.500000000063E-1,8.750000000074E-1,1.E0,1.073048038504E0),(
2.561423295688E-13,1.E0),.UNSPECIFIED.);
#6532=ORIENTED_EDGE('',*,*,#6531,.F.);
#6534=ORIENTED_EDGE('',*,*,#6533,.T.);
#6535=ORIENTED_EDGE('',*,*,#6468,.F.);
#6536=ORIENTED_EDGE('',*,*,#5108,.F.);
#6537=EDGE_LOOP('',(#6532,#6534,#6535,#6536));
#6538=FACE_OUTER_BOUND('',#6537,.F.);
#6540=ORIENTED_EDGE('',*,*,#6539,.F.);
#6542=ORIENTED_EDGE('',*,*,#6541,.F.);
#6544=ORIENTED_EDGE('',*,*,#6543,.F.);
#6545=EDGE_LOOP('',(#6540,#6542,#6544));
#6546=FACE_BOUND('',#6545,.F.);
#6547=ADVANCED_FACE('',(#6538,#6546),#6530,.F.);
#6548=CARTESIAN_POINT('',(-1.583E2,5.4E1,-2.395E2));
#6549=DIRECTION('',(0.E0,-1.E0,0.E0));
#6550=DIRECTION('',(-1.E0,0.E0,0.E0));
#6551=AXIS2_PLACEMENT_3D('',#6548,#6549,#6550);
#6552=PLANE('',#6551);
#6554=ORIENTED_EDGE('',*,*,#6553,.T.);
#6556=ORIENTED_EDGE('',*,*,#6555,.T.);
#6558=ORIENTED_EDGE('',*,*,#6557,.T.);
#6560=ORIENTED_EDGE('',*,*,#6559,.T.);
#6561=ORIENTED_EDGE('',*,*,#6531,.T.);
#6562=ORIENTED_EDGE('',*,*,#5106,.T.);
#6563=EDGE_LOOP('',(#6554,#6556,#6558,#6560,#6561,#6562));
#6564=FACE_OUTER_BOUND('',#6563,.F.);
#6565=ADVANCED_FACE('',(#6564),#6552,.F.);
#6566=CARTESIAN_POINT('',(-9.432586790764E1,5.391297561007E1,
-2.409546328823E2));
#6567=CARTESIAN_POINT('',(-9.285629370100E1,5.391823292706E1,
-2.157409962559E2));
#6568=CARTESIAN_POINT('',(-9.138671949435E1,5.392349024405E1,
-1.905273596296E2));
#6569=CARTESIAN_POINT('',(-8.991714528771E1,5.392874756104E1,
-1.653137230032E2));
#6570=CARTESIAN_POINT('',(-9.427648975270E1,5.396617279683E1,
-2.409546328823E2));
#6571=CARTESIAN_POINT('',(-9.280989857890E1,5.396821636565E1,
-2.157409962559E2));
#6572=CARTESIAN_POINT('',(-9.134330740510E1,5.397025993447E1,
-1.905273596296E2));
#6573=CARTESIAN_POINT('',(-8.987671623130E1,5.397230350329E1,
-1.653137230032E2));
#6574=CARTESIAN_POINT('',(-9.405313634489E1,5.406439598674E1,
-2.409546328823E2));
#6575=CARTESIAN_POINT('',(-9.260003839601E1,5.406050569672E1,
-2.157409962559E2));
#6576=CARTESIAN_POINT('',(-9.114694044713E1,5.405661540670E1,
-1.905273596296E2));
#6577=CARTESIAN_POINT('',(-8.969384249825E1,5.405272511668E1,
-1.653137230032E2));
#6578=CARTESIAN_POINT('',(-9.312394357374E1,5.375448080036E1,
-2.409546328823E2));
#6579=CARTESIAN_POINT('',(-9.172698001376E1,5.376931310498E1,
-2.157409962559E2));
#6580=CARTESIAN_POINT('',(-9.033001645378E1,5.378414540961E1,
-1.905273596296E2));
#6581=CARTESIAN_POINT('',(-8.893305289380E1,5.379897771423E1,
-1.653137230032E2));
#6582=CARTESIAN_POINT('',(-9.061523265812E1,5.205590667896E1,
-2.409546328823E2));
#6583=CARTESIAN_POINT('',(-8.936982532904E1,5.217335323465E1,
-2.157409962559E2));
#6584=CARTESIAN_POINT('',(-8.812441799997E1,5.229079979033E1,
-1.905273596296E2));
#6585=CARTESIAN_POINT('',(-8.687901067089E1,5.240824634602E1,
-1.653137230032E2));
#6586=CARTESIAN_POINT('',(-8.634007170948E1,4.847467627094E1,
-2.409546328823E2));
#6587=CARTESIAN_POINT('',(-8.535293538159E1,4.880847209958E1,
-2.157409962559E2));
#6588=CARTESIAN_POINT('',(-8.436579905371E1,4.914226792821E1,
-1.905273596296E2));
#6589=CARTESIAN_POINT('',(-8.337866272582E1,4.947606375685E1,
-1.653137230032E2));
#6590=CARTESIAN_POINT('',(-8.079031059579E1,4.320968940421E1,
-2.409546328823E2));
#6591=CARTESIAN_POINT('',(-8.013844640770E1,4.386155359229E1,
-2.157409962559E2));
#6592=CARTESIAN_POINT('',(-7.948658221961E1,4.451341778038E1,
-1.905273596296E2));
#6593=CARTESIAN_POINT('',(-7.883471803152E1,4.516528196846E1,
-1.653137230032E2));
#6594=CARTESIAN_POINT('',(-7.552532372906E1,3.765992829052E1,
-2.409546328823E2));
#6595=CARTESIAN_POINT('',(-7.519152790042E1,3.864706461839E1,
-2.157409962559E2));
#6596=CARTESIAN_POINT('',(-7.485773207178E1,3.963420094627E1,
-1.905273596296E2));
#6597=CARTESIAN_POINT('',(-7.452393624314E1,4.062133727414E1,
-1.653137230032E2));
#6598=CARTESIAN_POINT('',(-7.194409332104E1,3.338476734188E1,
-2.409546328823E2));
#6599=CARTESIAN_POINT('',(-7.182664676535E1,3.463017467094E1,
-2.157409962559E2));
#6600=CARTESIAN_POINT('',(-7.170920020966E1,3.587558200001E1,
-1.905273596296E2));
#6601=CARTESIAN_POINT('',(-7.159175365397E1,3.712098932907E1,
-1.653137230032E2));
#6602=CARTESIAN_POINT('',(-7.024551919964E1,3.087605642627E1,
-2.409546328823E2));
#6603=CARTESIAN_POINT('',(-7.023068689502E1,3.227301998623E1,
-2.157409962559E2));
#6604=CARTESIAN_POINT('',(-7.021585459039E1,3.366998354619E1,
-1.905273596296E2));
#6605=CARTESIAN_POINT('',(-7.020102228577E1,3.506694710615E1,
-1.653137230032E2));
#6606=CARTESIAN_POINT('',(-6.993560401327E1,2.994686365515E1,
-2.409546328823E2));
#6607=CARTESIAN_POINT('',(-6.993949430329E1,3.139996160400E1,
-2.157409962559E2));
#6608=CARTESIAN_POINT('',(-6.994338459331E1,3.285305955286E1,
-1.905273596296E2));
#6609=CARTESIAN_POINT('',(-6.994727488333E1,3.430615750172E1,
-1.653137230032E2));
#6610=CARTESIAN_POINT('',(-7.003382720316E1,2.972351024732E1,
-2.409546328823E2));
#6611=CARTESIAN_POINT('',(-7.003178363434E1,3.119010142110E1,
-2.157409962559E2));
#6612=CARTESIAN_POINT('',(-7.002974006552E1,3.265669259488E1,
-1.905273596296E2));
#6613=CARTESIAN_POINT('',(-7.002769649670E1,3.412328376866E1,
-1.653137230032E2));
#6614=CARTESIAN_POINT('',(-7.008702438991E1,2.967413209238E1,
-2.409546328823E2));
#6615=CARTESIAN_POINT('',(-7.008176707292E1,3.114370629900E1,
-2.157409962559E2));
#6616=CARTESIAN_POINT('',(-7.007650975593E1,3.261328050563E1,
-1.905273596296E2));
#6617=CARTESIAN_POINT('',(-7.007125243894E1,3.408285471225E1,
-1.653137230032E2));
#6618=B_SPLINE_SURFACE_WITH_KNOTS('',3,3,((#6566,#6567,#6568,#6569),(#6570,
#6571,#6572,#6573),(#6574,#6575,#6576,#6577),(#6578,#6579,#6580,#6581),(#6582,
#6583,#6584,#6585),(#6586,#6587,#6588,#6589),(#6590,#6591,#6592,#6593),(#6594,
#6595,#6596,#6597),(#6598,#6599,#6600,#6601),(#6602,#6603,#6604,#6605),(#6606,
#6607,#6608,#6609),(#6610,#6611,#6612,#6613),(#6614,#6615,#6616,#6617)),
.UNSPECIFIED.,.F.,.F.,.F.,(4,1,1,1,1,1,1,1,1,1,4),(4,4),(-6.511073268787E-2,
0.E0,1.250000000038E-1,2.500000000034E-1,3.750000000031E-1,5.000000000028E-1,
6.250000000023E-1,7.500000000020E-1,8.750000000017E-1,1.E0,1.065110732685E0),(
1.009158034915E-13,9.999999999999E-1),.UNSPECIFIED.);
#6619=ORIENTED_EDGE('',*,*,#4609,.F.);
#6621=ORIENTED_EDGE('',*,*,#6620,.F.);
#6623=ORIENTED_EDGE('',*,*,#6622,.T.);
#6625=ORIENTED_EDGE('',*,*,#6624,.F.);
#6627=ORIENTED_EDGE('',*,*,#6626,.T.);
#6628=ORIENTED_EDGE('',*,*,#6553,.F.);
#6629=ORIENTED_EDGE('',*,*,#5104,.F.);
#6630=EDGE_LOOP('',(#6619,#6621,#6623,#6625,#6627,#6628,#6629));
#6631=FACE_OUTER_BOUND('',#6630,.F.);
#6632=ADVANCED_FACE('',(#6631),#6618,.F.);
#6633=CARTESIAN_POINT('',(-8.786460087522E1,5.391157762700E1,
-1.759221266479E2));
#6634=CARTESIAN_POINT('',(-9.264726681679E1,5.391490312069E1,
-1.638805639527E2));
#6635=CARTESIAN_POINT('',(-9.742993275837E1,5.391822861437E1,
-1.518390012575E2));
#6636=CARTESIAN_POINT('',(-1.022125986999E2,5.392155410806E1,
-1.397974385623E2));
#6637=CARTESIAN_POINT('',(-8.782859200981E1,5.396496507796E1,
-1.759053354382E2));
#6638=CARTESIAN_POINT('',(-9.261261221557E1,5.396628271295E1,
-1.638644042467E2));
#6639=CARTESIAN_POINT('',(-9.739663242134E1,5.396760034793E1,
-1.518234730553E2));
#6640=CARTESIAN_POINT('',(-1.021806526271E2,5.396891798291E1,
-1.397825418639E2));
#6641=CARTESIAN_POINT('',(-8.766574626021E1,5.405949101165E1,
-1.758293992181E2));
#6642=CARTESIAN_POINT('',(-9.245589096242E1,5.405725360298E1,
-1.637913239262E2));
#6643=CARTESIAN_POINT('',(-9.724603566463E1,5.405501619432E1,
-1.517532486343E2));
#6644=CARTESIAN_POINT('',(-1.020361803668E2,5.405277878566E1,
-1.397151733425E2));
#6645=CARTESIAN_POINT('',(-8.695432275959E1,5.379768656964E1,
-1.754976569916E2));
#6646=CARTESIAN_POINT('',(-9.177122352223E1,5.380529541354E1,
-1.634720582556E2));
#6647=CARTESIAN_POINT('',(-9.658812428487E1,5.381290425745E1,
-1.514464595196E2));
#6648=CARTESIAN_POINT('',(-1.014050250475E2,5.382051310136E1,
-1.394208607836E2));
#6649=CARTESIAN_POINT('',(-8.508073281631E1,5.239799367131E1,
-1.746239876528E2));
#6650=CARTESIAN_POINT('',(-8.996809777603E1,5.245824382906E1,
-1.626312469115E2));
#6651=CARTESIAN_POINT('',(-9.485546273575E1,5.251849398680E1,
-1.506385061702E2));
#6652=CARTESIAN_POINT('',(-9.974282769547E1,5.257874414455E1,
-1.386457654289E2));
#6653=CARTESIAN_POINT('',(-8.188790988168E1,4.944692745452E1,
-1.731351498672E2));
#6654=CARTESIAN_POINT('',(-8.689535432050E1,4.961816481744E1,
-1.611984031066E2));
#6655=CARTESIAN_POINT('',(-9.190279875931E1,4.978940218035E1,
-1.492616563460E2));
#6656=CARTESIAN_POINT('',(-9.691024319813E1,4.996063954327E1,
-1.373249095854E2));
#6657=CARTESIAN_POINT('',(-7.774317362450E1,4.510838176334E1,
-1.712024276094E2));
#6658=CARTESIAN_POINT('',(-8.290649822986E1,4.544278830831E1,
-1.593383689643E2));
#6659=CARTESIAN_POINT('',(-8.806982283523E1,4.577719485327E1,
-1.474743103191E2));
#6660=CARTESIAN_POINT('',(-9.323314744059E1,4.611160139823E1,
-1.356102516739E2));
#6661=CARTESIAN_POINT('',(-7.381111588015E1,4.053517129724E1,
-1.693688789710E2));
#6662=CARTESIAN_POINT('',(-7.912232198580E1,4.104157257597E1,
-1.575737786019E2));
#6663=CARTESIAN_POINT('',(-8.443352809144E1,4.154797385470E1,
-1.457786782328E2));
#6664=CARTESIAN_POINT('',(-8.974473419709E1,4.205437513343E1,
-1.339835778637E2));
#6665=CARTESIAN_POINT('',(-7.113654158785E1,3.701228097199E1,
-1.681217044958E2));
#6666=CARTESIAN_POINT('',(-7.654833626187E1,3.765117529648E1,
-1.563735093465E2));
#6667=CARTESIAN_POINT('',(-8.196013093589E1,3.829006962097E1,
-1.446253141971E2));
#6668=CARTESIAN_POINT('',(-8.737192560991E1,3.892896394546E1,
-1.328771190478E2));
#6669=CARTESIAN_POINT('',(-6.986794726438E1,3.494493516199E1,
-1.675301492491E2));
#6670=CARTESIAN_POINT('',(-7.532745274102E1,3.566158068444E1,
-1.558042020124E2));
#6671=CARTESIAN_POINT('',(-8.078695821765E1,3.637822620689E1,
-1.440782547757E2));
#6672=CARTESIAN_POINT('',(-8.624646369429E1,3.709487172933E1,
-1.323523075390E2));
#6673=CARTESIAN_POINT('',(-6.963070979197E1,3.416000110419E1,
-1.674195235942E2));
#6674=CARTESIAN_POINT('',(-7.509913757814E1,3.490616735941E1,
-1.556977368989E2));
#6675=CARTESIAN_POINT('',(-8.056756536431E1,3.565233361463E1,
-1.439759502036E2));
#6676=CARTESIAN_POINT('',(-8.603599315047E1,3.639849986984E1,
-1.322541635083E2));
#6677=CARTESIAN_POINT('',(-6.971639644588E1,3.398033646557E1,
-1.674594799453E2));
#6678=CARTESIAN_POINT('',(-7.518160162528E1,3.473325976210E1,
-1.557361905234E2));
#6679=CARTESIAN_POINT('',(-8.064680680467E1,3.548618305864E1,
-1.440129011016E2));
#6680=CARTESIAN_POINT('',(-8.611201198406E1,3.623910635517E1,
-1.322896116798E2));
#6681=CARTESIAN_POINT('',(-6.976478030969E1,3.394061286247E1,
-1.674820417171E2));
#6682=CARTESIAN_POINT('',(-7.522816581036E1,3.469503013154E1,
-1.557579037649E2));
#6683=CARTESIAN_POINT('',(-8.069155131103E1,3.544944740060E1,
-1.440337658128E2));
#6684=CARTESIAN_POINT('',(-8.615493681170E1,3.620386466967E1,
-1.323096278606E2));
#6685=B_SPLINE_SURFACE_WITH_KNOTS('',3,3,((#6633,#6634,#6635,#6636),(#6637,
#6638,#6639,#6640),(#6641,#6642,#6643,#6644),(#6645,#6646,#6647,#6648),(#6649,
#6650,#6651,#6652),(#6653,#6654,#6655,#6656),(#6657,#6658,#6659,#6660),(#6661,
#6662,#6663,#6664),(#6665,#6666,#6667,#6668),(#6669,#6670,#6671,#6672),(#6673,
#6674,#6675,#6676),(#6677,#6678,#6679,#6680),(#6681,#6682,#6683,#6684)),
.UNSPECIFIED.,.F.,.F.,.F.,(4,1,1,1,1,1,1,1,1,1,4),(4,4),(-7.305260887738E-2,
0.E0,1.249984572779E-1,2.499969145673E-1,3.749953718569E-1,4.999938291464E-1,
6.249922864358E-1,7.499907437253E-1,8.749892010147E-1,1.E0,1.073046129231E0),(
-2.000035574227E-2,1.020018142871E0),.UNSPECIFIED.);
#6686=ORIENTED_EDGE('',*,*,#6626,.F.);
#6688=ORIENTED_EDGE('',*,*,#6687,.T.);
#6690=ORIENTED_EDGE('',*,*,#6689,.F.);
#6691=ORIENTED_EDGE('',*,*,#6620,.T.);
#6693=ORIENTED_EDGE('',*,*,#6692,.F.);
#6695=ORIENTED_EDGE('',*,*,#6694,.F.);
#6696=ORIENTED_EDGE('',*,*,#6555,.F.);
#6697=EDGE_LOOP('',(#6686,#6688,#6690,#6691,#6693,#6695,#6696));
#6698=FACE_OUTER_BOUND('',#6697,.F.);
#6699=ADVANCED_FACE('',(#6698),#6685,.F.);
#6700=CARTESIAN_POINT('',(-7.772364543274E1,5.4E1,-1.667683558855E2));
#6701=DIRECTION('',(0.E0,-1.E0,0.E0));
#6702=DIRECTION('',(0.E0,0.E0,-1.E0));
#6703=AXIS2_PLACEMENT_3D('',#6700,#6701,#6702);
#6704=CYLINDRICAL_SURFACE('',#6703,4.125E0);
#6705=ORIENTED_EDGE('',*,*,#6687,.F.);
#6706=ORIENTED_EDGE('',*,*,#6624,.T.);
#6708=ORIENTED_EDGE('',*,*,#6707,.T.);
#6710=ORIENTED_EDGE('',*,*,#6709,.F.);
#6712=ORIENTED_EDGE('',*,*,#6711,.F.);
#6713=EDGE_LOOP('',(#6705,#6706,#6708,#6710,#6712));
#6714=FACE_OUTER_BOUND('',#6713,.F.);
#6715=ADVANCED_FACE('',(#6714),#6704,.F.);
#6716=CARTESIAN_POINT('',(-7.772364543274E1,5.4E1,-1.667683558855E2));
#6717=DIRECTION('',(0.E0,-1.E0,0.E0));
#6718=DIRECTION('',(0.E0,0.E0,-1.E0));
#6719=AXIS2_PLACEMENT_3D('',#6716,#6717,#6718);
#6720=CYLINDRICAL_SURFACE('',#6719,4.125E0);
#6721=ORIENTED_EDGE('',*,*,#6689,.T.);
#6722=ORIENTED_EDGE('',*,*,#6711,.T.);
#6724=ORIENTED_EDGE('',*,*,#6723,.F.);
#6725=ORIENTED_EDGE('',*,*,#6707,.F.);
#6726=ORIENTED_EDGE('',*,*,#6622,.F.);
#6727=EDGE_LOOP('',(#6721,#6722,#6724,#6725,#6726));
#6728=FACE_OUTER_BOUND('',#6727,.F.);
#6729=ADVANCED_FACE('',(#6728),#6720,.F.);
#6730=CARTESIAN_POINT('',(-8.184864543274E1,2.175E1,-1.667683558855E2));
#6731=DIRECTION('',(0.E0,1.E0,0.E0));
#6732=DIRECTION('',(0.E0,0.E0,1.E0));
#6733=AXIS2_PLACEMENT_3D('',#6730,#6731,#6732);
#6734=PLANE('',#6733);
#6735=ORIENTED_EDGE('',*,*,#6723,.T.);
#6736=ORIENTED_EDGE('',*,*,#6709,.T.);
#6737=EDGE_LOOP('',(#6735,#6736));
#6738=FACE_OUTER_BOUND('',#6737,.F.);
#6740=ORIENTED_EDGE('',*,*,#6739,.T.);
#6742=ORIENTED_EDGE('',*,*,#6741,.T.);
#6743=EDGE_LOOP('',(#6740,#6742));
#6744=FACE_BOUND('',#6743,.F.);
#6745=ADVANCED_FACE('',(#6738,#6744),#6734,.T.);
#6746=CARTESIAN_POINT('',(-7.772364543274E1,2.15E1,-1.667683558855E2));
#6747=DIRECTION('',(0.E0,1.E0,0.E0));
#6748=DIRECTION('',(0.E0,0.E0,-1.E0));
#6749=AXIS2_PLACEMENT_3D('',#6746,#6747,#6748);
#6750=CONICAL_SURFACE('',#6749,2.400000000002E0,4.5E1);
#6751=ORIENTED_EDGE('',*,*,#6739,.F.);
#6753=ORIENTED_EDGE('',*,*,#6752,.F.);
#6755=ORIENTED_EDGE('',*,*,#6754,.T.);
#6757=ORIENTED_EDGE('',*,*,#6756,.T.);
#6758=EDGE_LOOP('',(#6751,#6753,#6755,#6757));
#6759=FACE_OUTER_BOUND('',#6758,.F.);
#6760=ADVANCED_FACE('',(#6759),#6750,.F.);
#6761=CARTESIAN_POINT('',(-7.772364543274E1,2.15E1,-1.667683558855E2));
#6762=DIRECTION('',(0.E0,1.E0,0.E0));
#6763=DIRECTION('',(0.E0,0.E0,-1.E0));
#6764=AXIS2_PLACEMENT_3D('',#6761,#6762,#6763);
#6765=CONICAL_SURFACE('',#6764,2.400000000002E0,4.5E1);
#6766=ORIENTED_EDGE('',*,*,#6741,.F.);
#6767=ORIENTED_EDGE('',*,*,#6756,.F.);
#6769=ORIENTED_EDGE('',*,*,#6768,.T.);
#6770=ORIENTED_EDGE('',*,*,#6752,.T.);
#6771=EDGE_LOOP('',(#6766,#6767,#6769,#6770));
#6772=FACE_OUTER_BOUND('',#6771,.F.);
#6773=ADVANCED_FACE('',(#6772),#6765,.F.);
#6774=CARTESIAN_POINT('',(-7.772364543274E1,5.4E1,-1.667683558855E2));
#6775=DIRECTION('',(0.E0,-1.E0,0.E0));
#6776=DIRECTION('',(0.E0,0.E0,-1.E0));
#6777=AXIS2_PLACEMENT_3D('',#6774,#6775,#6776);
#6778=CYLINDRICAL_SURFACE('',#6777,2.15E0);
#6779=ORIENTED_EDGE('',*,*,#6768,.F.);
#6781=ORIENTED_EDGE('',*,*,#6780,.T.);
#6782=ORIENTED_EDGE('',*,*,#4712,.F.);
#6784=ORIENTED_EDGE('',*,*,#6783,.F.);
#6785=EDGE_LOOP('',(#6779,#6781,#6782,#6784));
#6786=FACE_OUTER_BOUND('',#6785,.F.);
#6787=ADVANCED_FACE('',(#6786),#6778,.F.);
#6788=CARTESIAN_POINT('',(-7.772364543274E1,5.4E1,-1.667683558855E2));
#6789=DIRECTION('',(0.E0,-1.E0,0.E0));
#6790=DIRECTION('',(0.E0,0.E0,-1.E0));
#6791=AXIS2_PLACEMENT_3D('',#6788,#6789,#6790);
#6792=CYLINDRICAL_SURFACE('',#6791,2.15E0);
#6793=ORIENTED_EDGE('',*,*,#6754,.F.);
#6794=ORIENTED_EDGE('',*,*,#6783,.T.);
#6795=ORIENTED_EDGE('',*,*,#4710,.F.);
#6796=ORIENTED_EDGE('',*,*,#6780,.F.);
#6797=EDGE_LOOP('',(#6793,#6794,#6795,#6796));
#6798=FACE_OUTER_BOUND('',#6797,.F.);
#6799=ADVANCED_FACE('',(#6798),#6792,.F.);
#6800=CARTESIAN_POINT('',(-7.788402036190E1,1.252212569798E3,
-1.498610196580E2));
#6801=DIRECTION('',(-9.063077870367E-1,0.E0,-4.226182617407E-1));
#6802=DIRECTION('',(4.226182617407E-1,0.E0,-9.063077870367E-1));
#6803=AXIS2_PLACEMENT_3D('',#6800,#6801,#6802);
#6804=PLANE('',#6803);
#6805=ORIENTED_EDGE('',*,*,#6692,.T.);
#6806=ORIENTED_EDGE('',*,*,#4607,.F.);
#6807=ORIENTED_EDGE('',*,*,#4635,.F.);
#6808=ORIENTED_EDGE('',*,*,#6456,.T.);
#6809=EDGE_LOOP('',(#6805,#6806,#6807,#6808));
#6810=FACE_OUTER_BOUND('',#6809,.F.);
#6811=ADVANCED_FACE('',(#6810),#6804,.F.);
#6812=CARTESIAN_POINT('',(-6.978462438732E1,5.391764727291E1,
-1.418702711259E2));
#6813=CARTESIAN_POINT('',(-6.980960654941E1,5.396898731175E1,
-1.418489975356E2));
#6814=CARTESIAN_POINT('',(-6.989606334944E1,5.403098624802E1,
-1.417753751429E2));
#6815=CARTESIAN_POINT('',(-7.028536198243E1,5.391273684722E1,
-1.414438674209E2));
#6816=CARTESIAN_POINT('',(-7.129362378046E1,5.314702611002E1,
-1.405852808666E2));
#6817=CARTESIAN_POINT('',(-7.378358945597E1,5.051239176526E1,
-1.384649475827E2));
#6818=CARTESIAN_POINT('',(-7.734483495580E1,4.611486624330E1,
-1.354323646680E2));
#6819=CARTESIAN_POINT('',(-8.069712292367E1,4.143400036012E1,
-1.325777197926E2));
#6820=CARTESIAN_POINT('',(-8.270961817216E1,3.815560615011E1,
-1.308639770285E2));
#6821=CARTESIAN_POINT('',(-8.329716095830E1,3.682434088707E1,
-1.303636542580E2));
#6822=CARTESIAN_POINT('',(-8.338850701647E1,3.631030861783E1,
-1.302858684116E2));
#6823=CARTESIAN_POINT('',(-8.334125794476E1,3.619609961910E1,
-1.303261034158E2));
#6824=CARTESIAN_POINT('',(-8.330217689477E1,3.616316016364E1,
-1.303593829312E2));
#6826=CARTESIAN_POINT('',(-1.26E2,4.5175E1,-9.4E1));
#6827=DIRECTION('',(0.E0,-1.E0,3.852756955144E-14));
#6828=AXIS1_PLACEMENT('',#6826,#6827);
#6829=SURFACE_OF_REVOLUTION('',#6825,#6828);
#6830=ORIENTED_EDGE('',*,*,#6694,.T.);
#6831=ORIENTED_EDGE('',*,*,#5965,.F.);
#6833=ORIENTED_EDGE('',*,*,#6832,.F.);
#6834=ORIENTED_EDGE('',*,*,#6557,.F.);
#6835=EDGE_LOOP('',(#6830,#6831,#6833,#6834));
#6836=FACE_OUTER_BOUND('',#6835,.F.);
#6837=ADVANCED_FACE('',(#6836),#6829,.F.);
#6838=CARTESIAN_POINT('',(-1.514976846176E2,3.615984842048E1,
-1.439459379606E2));
#6839=CARTESIAN_POINT('',(-1.514762312416E2,3.619549284629E1,
-1.439042954680E2));
#6840=CARTESIAN_POINT('',(-1.514381516174E2,3.635575891959E1,
-1.438303802728E2));
#6841=CARTESIAN_POINT('',(-1.515445408888E2,3.705346923505E1,
-1.440368892370E2));
#6842=CARTESIAN_POINT('',(-1.521147036536E2,3.889207223672E1,
-1.451436147593E2));
#6843=CARTESIAN_POINT('',(-1.533166522245E2,4.202511681827E1,
-1.474766804070E2));
#6844=CARTESIAN_POINT('',(-1.550837426223E2,4.609228191924E1,
-1.509067255879E2));
#6845=CARTESIAN_POINT('',(-1.569464088387E2,4.995075550549E1,
-1.545222900700E2));
#6846=CARTESIAN_POINT('',(-1.583812697680E2,5.257523177385E1,
-1.573074547803E2));
#6847=CARTESIAN_POINT('',(-1.592233037989E2,5.382018793847E1,
-1.589419013108E2));
#6848=CARTESIAN_POINT('',(-1.595427928671E2,5.405246038780E1,
-1.595620517798E2));
#6849=CARTESIAN_POINT('',(-1.596162035423E2,5.396938940058E1,
-1.597045469985E2));
#6850=CARTESIAN_POINT('',(-1.596325315712E2,5.392259744315E1,
-1.597362408365E2));
#6852=DIRECTION('',(-8.889642766964E-1,0.E0,4.579765438946E-1));
#6853=VECTOR('',#6852,1.E0);
#6854=SURFACE_OF_LINEAR_EXTRUSION('',#6851,#6853);
#6855=ORIENTED_EDGE('',*,*,#6533,.F.);
#6856=ORIENTED_EDGE('',*,*,#6559,.F.);
#6857=ORIENTED_EDGE('',*,*,#6832,.T.);
#6858=ORIENTED_EDGE('',*,*,#5963,.F.);
#6859=EDGE_LOOP('',(#6855,#6856,#6857,#6858));
#6860=FACE_OUTER_BOUND('',#6859,.F.);
#6861=ADVANCED_FACE('',(#6860),#6854,.T.);
#6862=CARTESIAN_POINT('',(-1.75E2,5.4E1,-1.667683558855E2));
#6863=DIRECTION('',(0.E0,-1.E0,0.E0));
#6864=DIRECTION('',(0.E0,0.E0,-1.E0));
#6865=AXIS2_PLACEMENT_3D('',#6862,#6863,#6864);
#6866=CYLINDRICAL_SURFACE('',#6865,4.125E0);
#6867=ORIENTED_EDGE('',*,*,#6543,.T.);
#6869=ORIENTED_EDGE('',*,*,#6868,.T.);
#6871=ORIENTED_EDGE('',*,*,#6870,.F.);
#6873=ORIENTED_EDGE('',*,*,#6872,.F.);
#6874=ORIENTED_EDGE('',*,*,#6539,.T.);
#6875=EDGE_LOOP('',(#6867,#6869,#6871,#6873,#6874));
#6876=FACE_OUTER_BOUND('',#6875,.F.);
#6877=ADVANCED_FACE('',(#6876),#6866,.F.);
#6878=CARTESIAN_POINT('',(-1.75E2,5.4E1,-1.667683558855E2));
#6879=DIRECTION('',(0.E0,-1.E0,0.E0));
#6880=DIRECTION('',(0.E0,0.E0,-1.E0));
#6881=AXIS2_PLACEMENT_3D('',#6878,#6879,#6880);
#6882=CYLINDRICAL_SURFACE('',#6881,4.125E0);
#6883=ORIENTED_EDGE('',*,*,#6541,.T.);
#6884=ORIENTED_EDGE('',*,*,#6872,.T.);
#6886=ORIENTED_EDGE('',*,*,#6885,.F.);
#6887=ORIENTED_EDGE('',*,*,#6868,.F.);
#6888=EDGE_LOOP('',(#6883,#6884,#6886,#6887));
#6889=FACE_OUTER_BOUND('',#6888,.F.);
#6890=ADVANCED_FACE('',(#6889),#6882,.F.);
#6891=CARTESIAN_POINT('',(-1.79125E2,2.175E1,-1.667683558855E2));
#6892=DIRECTION('',(0.E0,1.E0,0.E0));
#6893=DIRECTION('',(0.E0,0.E0,1.E0));
#6894=AXIS2_PLACEMENT_3D('',#6891,#6892,#6893);
#6895=PLANE('',#6894);
#6896=ORIENTED_EDGE('',*,*,#6885,.T.);
#6897=ORIENTED_EDGE('',*,*,#6870,.T.);
#6898=EDGE_LOOP('',(#6896,#6897));
#6899=FACE_OUTER_BOUND('',#6898,.F.);
#6901=ORIENTED_EDGE('',*,*,#6900,.T.);
#6903=ORIENTED_EDGE('',*,*,#6902,.T.);
#6904=EDGE_LOOP('',(#6901,#6903));
#6905=FACE_BOUND('',#6904,.F.);
#6906=ADVANCED_FACE('',(#6899,#6905),#6895,.T.);
#6907=CARTESIAN_POINT('',(-1.75E2,2.15E1,-1.667683558855E2));
#6908=DIRECTION('',(0.E0,1.E0,0.E0));
#6909=DIRECTION('',(0.E0,0.E0,-1.E0));
#6910=AXIS2_PLACEMENT_3D('',#6907,#6908,#6909);
#6911=CONICAL_SURFACE('',#6910,2.400000000002E0,4.5E1);
#6912=ORIENTED_EDGE('',*,*,#6900,.F.);
#6914=ORIENTED_EDGE('',*,*,#6913,.F.);
#6916=ORIENTED_EDGE('',*,*,#6915,.T.);
#6918=ORIENTED_EDGE('',*,*,#6917,.T.);
#6919=EDGE_LOOP('',(#6912,#6914,#6916,#6918));
#6920=FACE_OUTER_BOUND('',#6919,.F.);
#6921=ADVANCED_FACE('',(#6920),#6911,.F.);
#6922=CARTESIAN_POINT('',(-1.75E2,2.15E1,-1.667683558855E2));
#6923=DIRECTION('',(0.E0,1.E0,0.E0));
#6924=DIRECTION('',(0.E0,0.E0,-1.E0));
#6925=AXIS2_PLACEMENT_3D('',#6922,#6923,#6924);
#6926=CONICAL_SURFACE('',#6925,2.400000000002E0,4.5E1);
#6927=ORIENTED_EDGE('',*,*,#6902,.F.);
#6928=ORIENTED_EDGE('',*,*,#6917,.F.);
#6930=ORIENTED_EDGE('',*,*,#6929,.T.);
#6931=ORIENTED_EDGE('',*,*,#6913,.T.);
#6932=EDGE_LOOP('',(#6927,#6928,#6930,#6931));
#6933=FACE_OUTER_BOUND('',#6932,.F.);
#6934=ADVANCED_FACE('',(#6933),#6926,.F.);
#6935=CARTESIAN_POINT('',(-1.75E2,5.4E1,-1.667683558855E2));
#6936=DIRECTION('',(0.E0,-1.E0,0.E0));
#6937=DIRECTION('',(0.E0,0.E0,-1.E0));
#6938=AXIS2_PLACEMENT_3D('',#6935,#6936,#6937);
#6939=CYLINDRICAL_SURFACE('',#6938,2.15E0);
#6940=ORIENTED_EDGE('',*,*,#6929,.F.);
#6942=ORIENTED_EDGE('',*,*,#6941,.T.);
#6943=ORIENTED_EDGE('',*,*,#4706,.F.);
#6945=ORIENTED_EDGE('',*,*,#6944,.F.);
#6946=EDGE_LOOP('',(#6940,#6942,#6943,#6945));
#6947=FACE_OUTER_BOUND('',#6946,.F.);
#6948=ADVANCED_FACE('',(#6947),#6939,.F.);
#6949=CARTESIAN_POINT('',(-1.75E2,5.4E1,-1.667683558855E2));
#6950=DIRECTION('',(0.E0,-1.E0,0.E0));
#6951=DIRECTION('',(0.E0,0.E0,-1.E0));
#6952=AXIS2_PLACEMENT_3D('',#6949,#6950,#6951);
#6953=CYLINDRICAL_SURFACE('',#6952,2.15E0);
#6954=ORIENTED_EDGE('',*,*,#6915,.F.);
#6955=ORIENTED_EDGE('',*,*,#6944,.T.);
#6956=ORIENTED_EDGE('',*,*,#4704,.F.);
#6957=ORIENTED_EDGE('',*,*,#6941,.F.);
#6958=EDGE_LOOP('',(#6954,#6955,#6956,#6957));
#6959=FACE_OUTER_BOUND('',#6958,.F.);
#6960=ADVANCED_FACE('',(#6959),#6953,.F.);
#6961=CARTESIAN_POINT('',(-1.282242781403E2,3.535E1,-5.155824477293E1));
#6962=DIRECTION('',(0.E0,-1.E0,0.E0));
#6963=DIRECTION('',(0.E0,0.E0,-1.E0));
#6964=AXIS2_PLACEMENT_3D('',#6961,#6962,#6963);
#6965=TOROIDAL_SURFACE('',#6964,4.5E0,1.E0);
#6966=ORIENTED_EDGE('',*,*,#6140,.T.);
#6967=ORIENTED_EDGE('',*,*,#5953,.F.);
#6969=ORIENTED_EDGE('',*,*,#6968,.T.);
#6971=ORIENTED_EDGE('',*,*,#6970,.T.);
#6972=EDGE_LOOP('',(#6966,#6967,#6969,#6971));
#6973=FACE_OUTER_BOUND('',#6972,.F.);
#6974=ADVANCED_FACE('',(#6973),#6965,.T.);
#6975=CARTESIAN_POINT('',(-1.328945892273E2,3.535E1,-7.298131126080E1));
#6976=DIRECTION('',(7.943015827035E-3,0.E0,9.999684537522E-1));
#6977=DIRECTION('',(-9.999684537522E-1,0.E0,7.943015827035E-3));
#6978=AXIS2_PLACEMENT_3D('',#6975,#6976,#6977);
#6979=CYLINDRICAL_SURFACE('',#6978,1.E0);
#6981=ORIENTED_EDGE('',*,*,#6980,.F.);
#6983=ORIENTED_EDGE('',*,*,#6982,.T.);
#6984=ORIENTED_EDGE('',*,*,#6968,.F.);
#6985=ORIENTED_EDGE('',*,*,#5951,.F.);
#6986=EDGE_LOOP('',(#6981,#6983,#6984,#6985));
#6987=FACE_OUTER_BOUND('',#6986,.F.);
#6988=ADVANCED_FACE('',(#6987),#6979,.T.);
#6989=CARTESIAN_POINT('',(-1.318304863158E2,3.518167866423E1,
-6.309646567377E1));
#6990=CARTESIAN_POINT('',(-1.317042778491E2,3.591652605260E1,
-6.310734689301E1));
#6991=CARTESIAN_POINT('',(-1.322256389528E2,3.645172824568E1,
-6.311040117029E1));
#6992=CARTESIAN_POINT('',(-1.329658200539E2,3.633967110913E1,
-6.310301618689E1));
#6993=CARTESIAN_POINT('',(-1.318396438168E2,3.516530173454E1,
-6.421343479257E1));
#6994=CARTESIAN_POINT('',(-1.317093933118E2,3.591421324941E1,
-6.416449204478E1));
#6995=CARTESIAN_POINT('',(-1.322456999860E2,3.645437622623E1,
-6.411622251256E1));
#6996=CARTESIAN_POINT('',(-1.329967541992E2,3.632292826628E1,
-6.410982862758E1));
#6997=CARTESIAN_POINT('',(-1.318572197591E2,3.543744635908E1,
-6.635102343259E1));
#6998=CARTESIAN_POINT('',(-1.317183325982E2,3.620604482761E1,
-6.618510005202E1));
#6999=CARTESIAN_POINT('',(-1.322871259723E2,3.674205407220E1,
-6.603689207456E1));
#7000=CARTESIAN_POINT('',(-1.330601089236E2,3.656262266393E1,
-6.603947505216E1));
#7001=CARTESIAN_POINT('',(-1.318903474801E2,3.711114422879E1,
-7.035255936815E1));
#7002=CARTESIAN_POINT('',(-1.317307759517E2,3.787161145462E1,
-6.994328325474E1));
#7003=CARTESIAN_POINT('',(-1.323795698834E2,3.834482066593E1,
-6.959969640409E1));
#7004=CARTESIAN_POINT('',(-1.331972129160E2,3.805523171692E1,
-6.966559564621E1));
#7005=CARTESIAN_POINT('',(-1.319098344353E2,3.949069632127E1,
-7.267490535694E1));
#7006=CARTESIAN_POINT('',(-1.317316133087E2,4.010983899827E1,
-7.197816272809E1));
#7007=CARTESIAN_POINT('',(-1.324513378665E2,4.047455528784E1,
-7.151307516310E1));
#7008=CARTESIAN_POINT('',(-1.332982216107E2,4.018625595248E1,
-7.178687912078E1));
#7009=CARTESIAN_POINT('',(-1.319182488043E2,4.140070287122E1,
-7.367307220579E1));
#7010=CARTESIAN_POINT('',(-1.317306826861E2,4.183318831270E1,
-7.284476495147E1));
#7011=CARTESIAN_POINT('',(-1.324866622611E2,4.210121833768E1,
-7.232452416725E1));
#7012=CARTESIAN_POINT('',(-1.333448801937E2,4.190066500635E1,
-7.270252547554E1));
#7013=(BOUNDED_SURFACE()B_SPLINE_SURFACE(3,3,((#6989,#6990,#6991,#6992),(#6993,
#6994,#6995,#6996),(#6997,#6998,#6999,#7000),(#7001,#7002,#7003,#7004),(#7005,
#7006,#7007,#7008),(#7009,#7010,#7011,#7012)),.UNSPECIFIED.,.F.,.F.,.F.)B_SPLINE_SURFACE_WITH_KNOTS((4,1,1,4),(4,4),(-1.532658774089E-4,3.102567366631E-3,
6.205134733262E-3,1.249199559368E-2),(-1.252294304723E-1,1.112371197356E0),
.UNSPECIFIED.)GEOMETRIC_REPRESENTATION_ITEM()RATIONAL_B_SPLINE_SURFACE(((
1.082237937904E0,7.811777013752E-1,7.780819556260E-1,1.072950700655E0),(
1.084397118638E0,7.754324589274E-1,7.722554334822E-1,1.074866042303E0),(
1.089018816303E0,7.631348438333E-1,7.597838402795E-1,1.078965805642E0),(
1.100025305493E0,7.338482964595E-1,7.300829671944E-1,1.088729317698E0),(
1.109518280444E0,7.085889739068E-1,7.044662933072E-1,1.097150238646E0),(
1.114240663294E0,6.960234512726E-1,6.917230023947E-1,1.101339316660E0)))REPRESENTATION_ITEM('')SURFACE());
#7014=ORIENTED_EDGE('',*,*,#5917,.T.);
#7016=ORIENTED_EDGE('',*,*,#7015,.F.);
#7017=ORIENTED_EDGE('',*,*,#6980,.T.);
#7018=ORIENTED_EDGE('',*,*,#5935,.F.);
#7019=EDGE_LOOP('',(#7014,#7016,#7017,#7018));
#7020=FACE_OUTER_BOUND('',#7019,.F.);
#7021=ADVANCED_FACE('',(#7020),#7013,.T.);
#7022=CARTESIAN_POINT('',(-1.318946207735E2,4.1352E1,-7.298925427663E1));
#7023=DIRECTION('',(9.999684537522E-1,0.E0,-7.943015827035E-3));
#7024=DIRECTION('',(7.943015827035E-3,0.E0,9.999684537522E-1));
#7025=AXIS2_PLACEMENT_3D('',#7022,#7023,#7024);
#7026=PLANE('',#7025);
#7027=ORIENTED_EDGE('',*,*,#6982,.F.);
#7028=ORIENTED_EDGE('',*,*,#7015,.T.);
#7029=ORIENTED_EDGE('',*,*,#5915,.T.);
#7031=ORIENTED_EDGE('',*,*,#7030,.T.);
#7033=ORIENTED_EDGE('',*,*,#7032,.F.);
#7035=ORIENTED_EDGE('',*,*,#7034,.T.);
#7037=ORIENTED_EDGE('',*,*,#7036,.T.);
#7039=ORIENTED_EDGE('',*,*,#7038,.F.);
#7041=ORIENTED_EDGE('',*,*,#7040,.F.);
#7042=ORIENTED_EDGE('',*,*,#5357,.F.);
#7044=ORIENTED_EDGE('',*,*,#7043,.F.);
#7045=EDGE_LOOP('',(#7027,#7028,#7029,#7031,#7033,#7035,#7037,#7039,#7041,#7042,
#7044));
#7046=FACE_OUTER_BOUND('',#7045,.F.);
#7047=ADVANCED_FACE('',(#7046),#7026,.T.);
#7048=CARTESIAN_POINT('',(-1.329167239618E2,1.321297439374E3,
-7.576791483028E1));
#7049=DIRECTION('',(0.E0,-1.E0,0.E0));
#7050=DIRECTION('',(0.E0,0.E0,-1.E0));
#7051=AXIS2_PLACEMENT_3D('',#7048,#7049,#7050);
#7052=CYLINDRICAL_SURFACE('',#7051,1.E0);
#7053=ORIENTED_EDGE('',*,*,#5913,.F.);
#7055=ORIENTED_EDGE('',*,*,#7054,.F.);
#7057=ORIENTED_EDGE('',*,*,#7056,.T.);
#7059=ORIENTED_EDGE('',*,*,#7058,.F.);
#7060=ORIENTED_EDGE('',*,*,#7030,.F.);
#7061=EDGE_LOOP('',(#7053,#7055,#7057,#7059,#7060));
#7062=FACE_OUTER_BOUND('',#7061,.F.);
#7063=ADVANCED_FACE('',(#7062),#7052,.T.);
#7064=CARTESIAN_POINT('',(-1.26E2,4.11E1,-9.4E1));
#7065=DIRECTION('',(0.E0,1.E0,0.E0));
#7066=DIRECTION('',(0.E0,0.E0,1.E0));
#7067=AXIS2_PLACEMENT_3D('',#7064,#7065,#7066);
#7068=CONICAL_SURFACE('',#7067,1.875E1,4.5E1);
#7070=ORIENTED_EDGE('',*,*,#7069,.F.);
#7072=ORIENTED_EDGE('',*,*,#7071,.T.);
#7074=ORIENTED_EDGE('',*,*,#7073,.T.);
#7075=ORIENTED_EDGE('',*,*,#7054,.T.);
#7076=ORIENTED_EDGE('',*,*,#5911,.F.);
#7077=ORIENTED_EDGE('',*,*,#5909,.F.);
#7078=EDGE_LOOP('',(#7070,#7072,#7074,#7075,#7076,#7077));
#7079=FACE_OUTER_BOUND('',#7078,.F.);
#7080=ADVANCED_FACE('',(#7079),#7068,.F.);
#7081=CARTESIAN_POINT('',(-1.146001468181E2,1.321297439374E3,
-7.817933795850E1));
#7082=DIRECTION('',(0.E0,-1.E0,0.E0));
#7083=DIRECTION('',(0.E0,0.E0,-1.E0));
#7084=AXIS2_PLACEMENT_3D('',#7081,#7082,#7083);
#7085=CYLINDRICAL_SURFACE('',#7084,1.E0);
#7087=ORIENTED_EDGE('',*,*,#7086,.T.);
#7088=ORIENTED_EDGE('',*,*,#7069,.T.);
#7089=ORIENTED_EDGE('',*,*,#5907,.F.);
#7090=ORIENTED_EDGE('',*,*,#5890,.T.);
#7092=ORIENTED_EDGE('',*,*,#7091,.F.);
#7093=EDGE_LOOP('',(#7087,#7088,#7089,#7090,#7092));
#7094=FACE_OUTER_BOUND('',#7093,.F.);
#7095=ADVANCED_FACE('',(#7094),#7085,.T.);
#7096=CARTESIAN_POINT('',(-1.26E2,1.321297439374E3,-9.4E1));
#7097=DIRECTION('',(0.E0,-1.E0,0.E0));
#7098=DIRECTION('',(0.E0,0.E0,-1.E0));
#7099=AXIS2_PLACEMENT_3D('',#7096,#7097,#7098);
#7100=CYLINDRICAL_SURFACE('',#7099,1.85E1);
#7101=ORIENTED_EDGE('',*,*,#7056,.F.);
#7102=ORIENTED_EDGE('',*,*,#7073,.F.);
#7103=ORIENTED_EDGE('',*,*,#7071,.F.);
#7104=ORIENTED_EDGE('',*,*,#7086,.F.);
#7106=ORIENTED_EDGE('',*,*,#7105,.F.);
#7108=ORIENTED_EDGE('',*,*,#7107,.F.);
#7109=EDGE_LOOP('',(#7101,#7102,#7103,#7104,#7106,#7108));
#7110=FACE_OUTER_BOUND('',#7109,.F.);
#7111=ADVANCED_FACE('',(#7110),#7100,.F.);
#7112=CARTESIAN_POINT('',(-1.26E2,3.565E1,-9.4E1));
#7113=DIRECTION('',(0.E0,1.E0,0.E0));
#7114=DIRECTION('',(0.E0,0.E0,1.E0));
#7115=AXIS2_PLACEMENT_3D('',#7112,#7113,#7114);
#7116=TOROIDAL_SURFACE('',#7115,1.82E1,3.E-1);
#7118=ORIENTED_EDGE('',*,*,#7117,.F.);
#7120=ORIENTED_EDGE('',*,*,#7119,.F.);
#7122=ORIENTED_EDGE('',*,*,#7121,.F.);
#7124=ORIENTED_EDGE('',*,*,#7123,.T.);
#7125=ORIENTED_EDGE('',*,*,#7107,.T.);
#7126=ORIENTED_EDGE('',*,*,#7105,.T.);
#7127=EDGE_LOOP('',(#7118,#7120,#7122,#7124,#7125,#7126));
#7128=FACE_OUTER_BOUND('',#7127,.F.);
#7129=ADVANCED_FACE('',(#7128),#7116,.F.);
#7130=CARTESIAN_POINT('',(-1.146001468181E2,3.565E1,-7.817933795850E1));
#7131=DIRECTION('',(0.E0,1.E0,0.E0));
#7132=DIRECTION('',(0.E0,0.E0,1.E0));
#7133=AXIS2_PLACEMENT_3D('',#7130,#7131,#7132);
#7134=TOROIDAL_SURFACE('',#7133,1.3E0,3.E-1);
#7135=ORIENTED_EDGE('',*,*,#5888,.T.);
#7137=ORIENTED_EDGE('',*,*,#7136,.F.);
#7138=ORIENTED_EDGE('',*,*,#7117,.T.);
#7139=ORIENTED_EDGE('',*,*,#7091,.T.);
#7140=EDGE_LOOP('',(#7135,#7137,#7138,#7139));
#7141=FACE_OUTER_BOUND('',#7140,.F.);
#7142=ADVANCED_FACE('',(#7141),#7134,.F.);
#7143=CARTESIAN_POINT('',(-1.260249875E2,3.535E1,-9.402847385396E1));
#7144=DIRECTION('',(0.E0,1.E0,0.E0));
#7145=DIRECTION('',(1.E0,0.E0,0.E0));
#7146=AXIS2_PLACEMENT_3D('',#7143,#7144,#7145);
#7147=PLANE('',#7146);
#7148=ORIENTED_EDGE('',*,*,#7034,.F.);
#7150=ORIENTED_EDGE('',*,*,#7149,.T.);
#7151=ORIENTED_EDGE('',*,*,#7121,.T.);
#7152=ORIENTED_EDGE('',*,*,#7119,.T.);
#7153=ORIENTED_EDGE('',*,*,#7136,.T.);
#7154=ORIENTED_EDGE('',*,*,#5886,.T.);
#7156=ORIENTED_EDGE('',*,*,#7155,.T.);
#7158=ORIENTED_EDGE('',*,*,#7157,.T.);
#7160=ORIENTED_EDGE('',*,*,#7159,.T.);
#7162=ORIENTED_EDGE('',*,*,#7161,.T.);
#7163=EDGE_LOOP('',(#7148,#7150,#7151,#7152,#7153,#7154,#7156,#7158,#7160,
#7162));
#7164=FACE_OUTER_BOUND('',#7163,.F.);
#7165=ADVANCED_FACE('',(#7164),#7147,.T.);
#7166=CARTESIAN_POINT('',(-1.329167239618E2,3.565E1,-7.576791483028E1));
#7167=DIRECTION('',(0.E0,1.E0,0.E0));
#7168=DIRECTION('',(0.E0,0.E0,1.E0));
#7169=AXIS2_PLACEMENT_3D('',#7166,#7167,#7168);
#7170=TOROIDAL_SURFACE('',#7169,1.3E0,3.E-1);
#7171=ORIENTED_EDGE('',*,*,#7032,.T.);
#7172=ORIENTED_EDGE('',*,*,#7058,.T.);
#7173=ORIENTED_EDGE('',*,*,#7123,.F.);
#7174=ORIENTED_EDGE('',*,*,#7149,.F.);
#7175=EDGE_LOOP('',(#7171,#7172,#7173,#7174));
#7176=FACE_OUTER_BOUND('',#7175,.F.);
#7177=ADVANCED_FACE('',(#7176),#7170,.F.);
#7178=CARTESIAN_POINT('',(-1.149386857933E2,3.5098E1,-7.948415252147E1));
#7179=DIRECTION('',(0.E0,1.E0,0.E0));
#7180=DIRECTION('',(0.E0,0.E0,1.E0));
#7181=AXIS2_PLACEMENT_3D('',#7178,#7179,#7180);
#7182=CYLINDRICAL_SURFACE('',#7181,1.E0);
#7183=ORIENTED_EDGE('',*,*,#7155,.F.);
#7184=ORIENTED_EDGE('',*,*,#5884,.T.);
#7186=ORIENTED_EDGE('',*,*,#7185,.F.);
#7188=ORIENTED_EDGE('',*,*,#7187,.T.);
#7189=EDGE_LOOP('',(#7183,#7184,#7186,#7188));
#7190=FACE_OUTER_BOUND('',#7189,.F.);
#7191=ADVANCED_FACE('',(#7190),#7182,.T.);
#7192=CARTESIAN_POINT('',(0.E0,3.51E1,-9.4E1));
#7193=DIRECTION('',(0.E0,-1.E0,0.E0));
#7194=DIRECTION('',(-1.E0,0.E0,0.E0));
#7195=AXIS2_PLACEMENT_3D('',#7192,#7193,#7194);
#7196=PLANE('',#7195);
#7197=ORIENTED_EDGE('',*,*,#7038,.T.);
#7199=ORIENTED_EDGE('',*,*,#7198,.T.);
#7201=ORIENTED_EDGE('',*,*,#7200,.T.);
#7203=ORIENTED_EDGE('',*,*,#7202,.T.);
#7204=ORIENTED_EDGE('',*,*,#7185,.T.);
#7205=ORIENTED_EDGE('',*,*,#5882,.T.);
#7207=ORIENTED_EDGE('',*,*,#7206,.T.);
#7209=ORIENTED_EDGE('',*,*,#7208,.T.);
#7210=EDGE_LOOP('',(#7197,#7199,#7201,#7203,#7204,#7205,#7207,#7209));
#7211=FACE_OUTER_BOUND('',#7210,.F.);
#7212=ADVANCED_FACE('',(#7211),#7196,.F.);
#7213=CARTESIAN_POINT('',(-1.329274312817E2,3.5098E1,-7.711588924945E1));
#7214=DIRECTION('',(0.E0,1.E0,0.E0));
#7215=DIRECTION('',(0.E0,0.E0,1.E0));
#7216=AXIS2_PLACEMENT_3D('',#7213,#7214,#7215);
#7217=CYLINDRICAL_SURFACE('',#7216,1.E0);
#7218=ORIENTED_EDGE('',*,*,#7161,.F.);
#7220=ORIENTED_EDGE('',*,*,#7219,.T.);
#7221=ORIENTED_EDGE('',*,*,#7198,.F.);
#7222=ORIENTED_EDGE('',*,*,#7036,.F.);
#7223=EDGE_LOOP('',(#7218,#7220,#7221,#7222));
#7224=FACE_OUTER_BOUND('',#7223,.F.);
#7225=ADVANCED_FACE('',(#7224),#7217,.T.);
#7226=CARTESIAN_POINT('',(-1.26E2,3.5098E1,-9.4E1));
#7227=DIRECTION('',(0.E0,1.E0,0.E0));
#7228=DIRECTION('',(0.E0,0.E0,1.E0));
#7229=AXIS2_PLACEMENT_3D('',#7226,#7227,#7228);
#7230=CYLINDRICAL_SURFACE('',#7229,1.725E1);
#7231=ORIENTED_EDGE('',*,*,#7202,.F.);
#7232=ORIENTED_EDGE('',*,*,#7200,.F.);
#7233=ORIENTED_EDGE('',*,*,#7219,.F.);
#7234=ORIENTED_EDGE('',*,*,#7159,.F.);
#7235=ORIENTED_EDGE('',*,*,#7157,.F.);
#7236=ORIENTED_EDGE('',*,*,#7187,.F.);
#7237=EDGE_LOOP('',(#7231,#7232,#7233,#7234,#7235,#7236));
#7238=FACE_OUTER_BOUND('',#7237,.F.);
#7239=ADVANCED_FACE('',(#7238),#7230,.F.);
#7240=CARTESIAN_POINT('',(-1.260652630961E2,4.1352E1,-9.449572243069E1));
#7241=DIRECTION('',(0.E0,-1.E0,0.E0));
#7242=DIRECTION('',(0.E0,0.E0,-1.E0));
#7243=AXIS2_PLACEMENT_3D('',#7240,#7241,#7242);
#7244=CYLINDRICAL_SURFACE('',#7243,6.E0);
#7245=ORIENTED_EDGE('',*,*,#7040,.T.);
#7246=ORIENTED_EDGE('',*,*,#7208,.F.);
#7247=ORIENTED_EDGE('',*,*,#7206,.F.);
#7248=ORIENTED_EDGE('',*,*,#5880,.T.);
#7249=ORIENTED_EDGE('',*,*,#5361,.F.);
#7250=ORIENTED_EDGE('',*,*,#5359,.F.);
#7251=EDGE_LOOP('',(#7245,#7246,#7247,#7248,#7249,#7250));
#7252=FACE_OUTER_BOUND('',#7251,.F.);
#7253=ADVANCED_FACE('',(#7252),#7244,.F.);
#7254=CARTESIAN_POINT('',(-1.282242781403E2,4.1352E1,-5.155824477293E1));
#7255=DIRECTION('',(0.E0,-1.E0,0.E0));
#7256=DIRECTION('',(0.E0,0.E0,-1.E0));
#7257=AXIS2_PLACEMENT_3D('',#7254,#7255,#7256);
#7258=CYLINDRICAL_SURFACE('',#7257,3.5E0);
#7259=ORIENTED_EDGE('',*,*,#6126,.T.);
#7260=ORIENTED_EDGE('',*,*,#6970,.F.);
#7261=ORIENTED_EDGE('',*,*,#7043,.T.);
#7262=ORIENTED_EDGE('',*,*,#5355,.F.);
#7263=ORIENTED_EDGE('',*,*,#5697,.F.);
#7265=ORIENTED_EDGE('',*,*,#7264,.T.);
#7266=EDGE_LOOP('',(#7259,#7260,#7261,#7262,#7263,#7265));
#7267=FACE_OUTER_BOUND('',#7266,.F.);
#7268=ADVANCED_FACE('',(#7267),#7258,.F.);
#7269=CARTESIAN_POINT('',(-1.26E2,4.1352E1,-9.4E1));
#7270=DIRECTION('',(0.E0,-1.E0,0.E0));
#7271=DIRECTION('',(0.E0,0.E0,-1.E0));
#7272=AXIS2_PLACEMENT_3D('',#7269,#7270,#7271);
#7273=CYLINDRICAL_SURFACE('',#7272,4.6E1);
#7274=ORIENTED_EDGE('',*,*,#5860,.T.);
#7275=ORIENTED_EDGE('',*,*,#6086,.F.);
#7276=ORIENTED_EDGE('',*,*,#6084,.F.);
#7277=ORIENTED_EDGE('',*,*,#7264,.F.);
#7278=ORIENTED_EDGE('',*,*,#5719,.F.);
#7279=ORIENTED_EDGE('',*,*,#5717,.F.);
#7280=EDGE_LOOP('',(#7274,#7275,#7276,#7277,#7278,#7279));
#7281=FACE_OUTER_BOUND('',#7280,.F.);
#7282=ADVANCED_FACE('',(#7281),#7273,.F.);
#7283=CARTESIAN_POINT('',(-1.093493482843E2,3.532508107136E1,
-5.367883119137E1));
#7284=CARTESIAN_POINT('',(-1.095230060721E2,3.600225538862E1,
-5.306104895667E1));
#7285=CARTESIAN_POINT('',(-1.087851006724E2,3.642553438656E1,
-5.266918370904E1));
#7286=CARTESIAN_POINT('',(-1.079364067713E2,3.612396658993E1,
-5.293909861855E1));
#7287=CARTESIAN_POINT('',(-1.093396505242E2,3.492837034497E1,
-5.334351683770E1));
#7288=CARTESIAN_POINT('',(-1.095857496769E2,3.563924086183E1,
-5.271510315852E1));
#7289=CARTESIAN_POINT('',(-1.088309564045E2,3.607509702539E1,
-5.225444363730E1));
#7290=CARTESIAN_POINT('',(-1.079393262340E2,3.572352464915E1,
-5.250117236230E1));
#7291=CARTESIAN_POINT('',(-1.094075538246E2,3.420947766230E1,
-5.269450194997E1));
#7292=CARTESIAN_POINT('',(-1.098090955975E2,3.500263897618E1,
-5.208194989407E1));
#7293=CARTESIAN_POINT('',(-1.090366141788E2,3.546486471455E1,
-5.147897519352E1));
#7294=CARTESIAN_POINT('',(-1.080598563133E2,3.499795557600E1,
-5.165860365934E1));
#7295=CARTESIAN_POINT('',(-1.098251257206E2,3.325675668037E1,
-5.169429136667E1));
#7296=CARTESIAN_POINT('',(-1.104052947426E2,3.426339664074E1,
-5.128857091061E1));
#7297=CARTESIAN_POINT('',(-1.096648714002E2,3.477263808163E1,
-5.044523954519E1));
#7298=CARTESIAN_POINT('',(-1.086502206249E2,3.403725630452E1,
-5.037700660311E1));
#7299=CARTESIAN_POINT('',(-1.106238104257E2,3.254136678419E1,
-5.076131249641E1));
#7300=CARTESIAN_POINT('',(-1.111796211101E2,3.380974828582E1,
-5.074196290791E1));
#7301=CARTESIAN_POINT('',(-1.105596221402E2,3.436829154470E1,
-4.965083897816E1));
#7302=CARTESIAN_POINT('',(-1.097214922089E2,3.331626601050E1,
-4.919475512306E1));
#7303=CARTESIAN_POINT('',(-1.114495684493E2,3.236201924052E1,
-5.031901845667E1));
#7304=CARTESIAN_POINT('',(-1.116742849535E2,3.373398925948E1,
-5.056033990917E1));
#7305=CARTESIAN_POINT('',(-1.112105890819E2,3.430860948692E1,
-4.935978796642E1));
#7306=CARTESIAN_POINT('',(-1.107958621223E2,3.313583405794E1,
-4.863399423520E1));
#7307=CARTESIAN_POINT('',(-1.119216753288E2,3.238563044843E1,
-5.018847852471E1));
#7308=CARTESIAN_POINT('',(-1.119501270255E2,3.374467802056E1,
-5.047411361806E1));
#7309=CARTESIAN_POINT('',(-1.115844481559E2,3.431716344187E1,
-4.924961983190E1));
#7310=CARTESIAN_POINT('',(-1.114076509542E2,3.315960523076E1,
-4.846307175126E1));
#7311=(BOUNDED_SURFACE()B_SPLINE_SURFACE(3,3,((#7283,#7284,#7285,#7286),(#7287,
#7288,#7289,#7290),(#7291,#7292,#7293,#7294),(#7295,#7296,#7297,#7298),(#7299,
#7300,#7301,#7302),(#7303,#7304,#7305,#7306),(#7307,#7308,#7309,#7310)),
.UNSPECIFIED.,.F.,.F.,.F.)B_SPLINE_SURFACE_WITH_KNOTS((4,1,1,1,4),(4,4),(
-1.599448530903E-4,1.563244445533E-3,3.126488891066E-3,4.689733336600E-3,
6.430119731045E-3),(-1.196658073144E-1,1.103107670276E0),.UNSPECIFIED.)GEOMETRIC_REPRESENTATION_ITEM()RATIONAL_B_SPLINE_SURFACE(((1.107965835965E0,
7.009229725419E-1,6.954846609280E-1,1.091650901123E0),(1.114624120601E0,
6.824788049102E-1,6.767051110307E-1,1.097303038963E0),(1.127268887875E0,
6.474514337486E-1,6.410408144557E-1,1.108037029995E0),(1.145840177852E0,
5.960069545513E-1,5.886608869190E-1,1.123801974954E0),(1.161550126802E0,
5.524886990620E-1,5.443513107580E-1,1.137137961889E0),(1.165908751292E0,
5.404148384306E-1,5.320579032858E-1,1.140837945858E0),(1.165336408096E0,
5.420002909070E-1,5.336721850733E-1,1.140352090595E0)))REPRESENTATION_ITEM('')SURFACE());
#7312=ORIENTED_EDGE('',*,*,#6011,.T.);
#7313=ORIENTED_EDGE('',*,*,#6042,.F.);
#7314=ORIENTED_EDGE('',*,*,#6088,.T.);
#7315=ORIENTED_EDGE('',*,*,#5858,.T.);
#7316=EDGE_LOOP('',(#7312,#7313,#7314,#7315));
#7317=FACE_OUTER_BOUND('',#7316,.F.);
#7318=ADVANCED_FACE('',(#7317),#7311,.T.);
#7319=CARTESIAN_POINT('',(-1.015E2,3.635E1,-5.156475521456E1));
#7320=DIRECTION('',(0.E0,-1.E0,0.E0));
#7321=DIRECTION('',(0.E0,0.E0,-1.E0));
#7322=AXIS2_PLACEMENT_3D('',#7319,#7320,#7321);
#7323=CYLINDRICAL_SURFACE('',#7322,4.125E0);
#7325=ORIENTED_EDGE('',*,*,#7324,.F.);
#7327=ORIENTED_EDGE('',*,*,#7326,.F.);
#7328=ORIENTED_EDGE('',*,*,#6045,.F.);
#7329=ORIENTED_EDGE('',*,*,#6030,.T.);
#7330=ORIENTED_EDGE('',*,*,#6049,.F.);
#7332=ORIENTED_EDGE('',*,*,#7331,.T.);
#7333=EDGE_LOOP('',(#7325,#7327,#7328,#7329,#7330,#7332));
#7334=FACE_OUTER_BOUND('',#7333,.F.);
#7335=ADVANCED_FACE('',(#7334),#7323,.F.);
#7336=CARTESIAN_POINT('',(-1.05625E2,2.175E1,-5.156475521456E1));
#7337=DIRECTION('',(0.E0,1.E0,0.E0));
#7338=DIRECTION('',(0.E0,0.E0,1.E0));
#7339=AXIS2_PLACEMENT_3D('',#7336,#7337,#7338);
#7340=PLANE('',#7339);
#7341=ORIENTED_EDGE('',*,*,#7324,.T.);
#7343=ORIENTED_EDGE('',*,*,#7342,.T.);
#7344=EDGE_LOOP('',(#7341,#7343));
#7345=FACE_OUTER_BOUND('',#7344,.F.);
#7347=ORIENTED_EDGE('',*,*,#7346,.T.);
#7349=ORIENTED_EDGE('',*,*,#7348,.T.);
#7350=EDGE_LOOP('',(#7347,#7349));
#7351=FACE_BOUND('',#7350,.F.);
#7352=ADVANCED_FACE('',(#7345,#7351),#7340,.T.);
#7353=CARTESIAN_POINT('',(-1.015E2,3.635E1,-5.156475521456E1));
#7354=DIRECTION('',(0.E0,-1.E0,0.E0));
#7355=DIRECTION('',(0.E0,0.E0,-1.E0));
#7356=AXIS2_PLACEMENT_3D('',#7353,#7354,#7355);
#7357=CYLINDRICAL_SURFACE('',#7356,4.125E0);
#7358=ORIENTED_EDGE('',*,*,#7342,.F.);
#7359=ORIENTED_EDGE('',*,*,#7331,.F.);
#7360=ORIENTED_EDGE('',*,*,#6047,.F.);
#7361=ORIENTED_EDGE('',*,*,#7326,.T.);
#7362=EDGE_LOOP('',(#7358,#7359,#7360,#7361));
#7363=FACE_OUTER_BOUND('',#7362,.F.);
#7364=ADVANCED_FACE('',(#7363),#7357,.F.);
#7365=CARTESIAN_POINT('',(-1.015E2,2.15E1,-5.156475521456E1));
#7366=DIRECTION('',(0.E0,1.E0,0.E0));
#7367=DIRECTION('',(0.E0,0.E0,-1.E0));
#7368=AXIS2_PLACEMENT_3D('',#7365,#7366,#7367);
#7369=CONICAL_SURFACE('',#7368,2.400000000002E0,4.5E1);
#7370=ORIENTED_EDGE('',*,*,#7346,.F.);
#7372=ORIENTED_EDGE('',*,*,#7371,.F.);
#7374=ORIENTED_EDGE('',*,*,#7373,.T.);
#7376=ORIENTED_EDGE('',*,*,#7375,.T.);
#7377=EDGE_LOOP('',(#7370,#7372,#7374,#7376));
#7378=FACE_OUTER_BOUND('',#7377,.F.);
#7379=ADVANCED_FACE('',(#7378),#7369,.F.);
#7380=CARTESIAN_POINT('',(-1.015E2,2.15E1,-5.156475521456E1));
#7381=DIRECTION('',(0.E0,1.E0,0.E0));
#7382=DIRECTION('',(0.E0,0.E0,-1.E0));
#7383=AXIS2_PLACEMENT_3D('',#7380,#7381,#7382);
#7384=CONICAL_SURFACE('',#7383,2.400000000002E0,4.5E1);
#7385=ORIENTED_EDGE('',*,*,#7348,.F.);
#7386=ORIENTED_EDGE('',*,*,#7375,.F.);
#7388=ORIENTED_EDGE('',*,*,#7387,.T.);
#7389=ORIENTED_EDGE('',*,*,#7371,.T.);
#7390=EDGE_LOOP('',(#7385,#7386,#7388,#7389));
#7391=FACE_OUTER_BOUND('',#7390,.F.);
#7392=ADVANCED_FACE('',(#7391),#7384,.F.);
#7393=CARTESIAN_POINT('',(-1.015E2,3.635E1,-5.156475521456E1));
#7394=DIRECTION('',(0.E0,-1.E0,0.E0));
#7395=DIRECTION('',(0.E0,0.E0,-1.E0));
#7396=AXIS2_PLACEMENT_3D('',#7393,#7394,#7395);
#7397=CYLINDRICAL_SURFACE('',#7396,2.15E0);
#7398=ORIENTED_EDGE('',*,*,#7387,.F.);
#7400=ORIENTED_EDGE('',*,*,#7399,.T.);
#7401=ORIENTED_EDGE('',*,*,#4718,.F.);
#7403=ORIENTED_EDGE('',*,*,#7402,.F.);
#7404=EDGE_LOOP('',(#7398,#7400,#7401,#7403));
#7405=FACE_OUTER_BOUND('',#7404,.F.);
#7406=ADVANCED_FACE('',(#7405),#7397,.F.);
#7407=CARTESIAN_POINT('',(-1.015E2,3.635E1,-5.156475521456E1));
#7408=DIRECTION('',(0.E0,-1.E0,0.E0));
#7409=DIRECTION('',(0.E0,0.E0,-1.E0));
#7410=AXIS2_PLACEMENT_3D('',#7407,#7408,#7409);
#7411=CYLINDRICAL_SURFACE('',#7410,2.15E0);
#7412=ORIENTED_EDGE('',*,*,#7373,.F.);
#7413=ORIENTED_EDGE('',*,*,#7402,.T.);
#7414=ORIENTED_EDGE('',*,*,#4716,.F.);
#7415=ORIENTED_EDGE('',*,*,#7399,.F.);
#7416=EDGE_LOOP('',(#7412,#7413,#7414,#7415));
#7417=FACE_OUTER_BOUND('',#7416,.F.);
#7418=ADVANCED_FACE('',(#7417),#7411,.F.);
#7419=CARTESIAN_POINT('',(-1.112180938854E2,3.535E1,-6.514405326967E1));
#7420=DIRECTION('',(-2.511385162068E-1,0.E0,-9.679511587252E-1));
#7421=DIRECTION('',(9.679511587252E-1,0.E0,-2.511385162068E-1));
#7422=AXIS2_PLACEMENT_3D('',#7419,#7420,#7421);
#7423=CYLINDRICAL_SURFACE('',#7422,1.E0);
#7424=ORIENTED_EDGE('',*,*,#5998,.F.);
#7425=ORIENTED_EDGE('',*,*,#5876,.T.);
#7427=ORIENTED_EDGE('',*,*,#7426,.F.);
#7428=ORIENTED_EDGE('',*,*,#5947,.F.);
#7429=EDGE_LOOP('',(#7424,#7425,#7427,#7428));
#7430=FACE_OUTER_BOUND('',#7429,.F.);
#7431=ADVANCED_FACE('',(#7430),#7423,.T.);
#7432=CARTESIAN_POINT('',(-1.112589663291E2,3.633705640257E1,
-6.596276559098E1));
#7433=CARTESIAN_POINT('',(-1.119712027508E2,3.646087360312E1,
-6.577969187146E1));
#7434=CARTESIAN_POINT('',(-1.124857770674E2,3.593773968474E1,
-6.563891763792E1));
#7435=CARTESIAN_POINT('',(-1.123723978921E2,3.519801727499E1,
-6.565806107622E1));
#7436=CARTESIAN_POINT('',(-1.114895987279E2,3.631990969691E1,
-6.694333296727E1));
#7437=CARTESIAN_POINT('',(-1.122113485399E2,3.646332359230E1,
-6.675559316059E1));
#7438=CARTESIAN_POINT('',(-1.127537260253E2,3.593582183288E1,
-6.665959722031E1));
#7439=CARTESIAN_POINT('',(-1.126523618207E2,3.518179982124E1,
-6.673804802031E1));
#7440=CARTESIAN_POINT('',(-1.119277606471E2,3.655863003272E1,
-6.882387102909E1));
#7441=CARTESIAN_POINT('',(-1.126667958056E2,3.675016564901E1,
-6.862003521356E1));
#7442=CARTESIAN_POINT('',(-1.132665978629E2,3.622806249455E1,
-6.861018312862E1));
#7443=CARTESIAN_POINT('',(-1.131881044414E2,3.545404203463E1,
-6.880489370342E1));
#7444=CARTESIAN_POINT('',(-1.127340928852E2,3.804918344308E1,
-7.236323587702E1));
#7445=CARTESIAN_POINT('',(-1.134960866375E2,3.834981765518E1,
-7.208327078983E1));
#7446=CARTESIAN_POINT('',(-1.142240425896E2,3.789276406773E1,
-7.223631859686E1));
#7447=CARTESIAN_POINT('',(-1.141907880775E2,3.712678018121E1,
-7.267390560670E1));
#7448=CARTESIAN_POINT('',(-1.131867585900E2,4.018051682816E1,
-7.444225037102E1));
#7449=CARTESIAN_POINT('',(-1.139198618278E2,4.047719373817E1,
-7.395161961980E1));
#7450=CARTESIAN_POINT('',(-1.147469806847E2,4.012705284168E1,
-7.419532631225E1));
#7451=CARTESIAN_POINT('',(-1.147718737850E2,3.950288962278E1,
-7.491698813499E1));
#7452=CARTESIAN_POINT('',(-1.133793172047E2,4.189675874942E1,
-7.534055942055E1));
#7453=CARTESIAN_POINT('',(-1.140947674613E2,4.210327017649E1,
-7.474557675305E1));
#7454=CARTESIAN_POINT('',(-1.149707490153E2,4.184564110917E1,
-7.502892905665E1));
#7455=CARTESIAN_POINT('',(-1.150216087041E2,4.140903994022E1,
-7.588113541910E1));
#7456=(BOUNDED_SURFACE()B_SPLINE_SURFACE(3,3,((#7432,#7433,#7434,#7435),(#7436,
#7437,#7438,#7439),(#7440,#7441,#7442,#7443),(#7444,#7445,#7446,#7447),(#7448,
#7449,#7450,#7451),(#7452,#7453,#7454,#7455)),.UNSPECIFIED.,.F.,.F.,.F.)B_SPLINE_SURFACE_WITH_KNOTS((4,1,1,4),(4,4),(-1.532661111213E-4,3.102567366631E-3,
6.205134733262E-3,1.249199583150E-2),(-1.250104599607E-1,1.112593471558E0),
.UNSPECIFIED.)GEOMETRIC_REPRESENTATION_ITEM()RATIONAL_B_SPLINE_SURFACE(((
1.082078164322E0,7.811225647153E-1,7.781330449957E-1,1.073109605164E0),(
1.084233150296E0,7.753758742650E-1,7.723078638395E-1,1.075029119020E0),(
1.088845868988E0,7.630751601178E-1,7.598391413844E-1,1.079137812788E0),(
1.099830975015E0,7.337812321488E-1,7.301451046734E-1,1.088922592589E0),(
1.109305507143E0,7.085155441353E-1,7.045343273067E-1,1.097361856657E0),(
1.114018715330E0,6.959468551473E-1,6.917939698984E-1,1.101560059582E0)))REPRESENTATION_ITEM('')SURFACE());
#7457=ORIENTED_EDGE('',*,*,#7426,.T.);
#7458=ORIENTED_EDGE('',*,*,#5874,.F.);
#7459=ORIENTED_EDGE('',*,*,#5904,.T.);
#7460=ORIENTED_EDGE('',*,*,#5931,.F.);
#7461=EDGE_LOOP('',(#7457,#7458,#7459,#7460));
#7462=FACE_OUTER_BOUND('',#7461,.F.);
#7463=ADVANCED_FACE('',(#7462),#7456,.T.);
#7464=CARTESIAN_POINT('',(-1.133178667900E2,3.635E1,-1.413303654882E2));
#7465=DIRECTION('',(0.E0,-1.E0,0.E0));
#7466=DIRECTION('',(0.E0,0.E0,-1.E0));
#7467=AXIS2_PLACEMENT_3D('',#7464,#7465,#7466);
#7468=CYLINDRICAL_SURFACE('',#7467,4.125E0);
#7470=ORIENTED_EDGE('',*,*,#7469,.F.);
#7472=ORIENTED_EDGE('',*,*,#7471,.F.);
#7473=ORIENTED_EDGE('',*,*,#5977,.F.);
#7475=ORIENTED_EDGE('',*,*,#7474,.T.);
#7476=EDGE_LOOP('',(#7470,#7472,#7473,#7475));
#7477=FACE_OUTER_BOUND('',#7476,.F.);
#7478=ADVANCED_FACE('',(#7477),#7468,.F.);
#7479=CARTESIAN_POINT('',(-1.174428667900E2,2.175E1,-1.413303654882E2));
#7480=DIRECTION('',(0.E0,1.E0,0.E0));
#7481=DIRECTION('',(0.E0,0.E0,1.E0));
#7482=AXIS2_PLACEMENT_3D('',#7479,#7480,#7481);
#7483=PLANE('',#7482);
#7485=ORIENTED_EDGE('',*,*,#7484,.T.);
#7486=ORIENTED_EDGE('',*,*,#7469,.T.);
#7487=EDGE_LOOP('',(#7485,#7486));
#7488=FACE_OUTER_BOUND('',#7487,.F.);
#7490=ORIENTED_EDGE('',*,*,#7489,.T.);
#7492=ORIENTED_EDGE('',*,*,#7491,.T.);
#7493=EDGE_LOOP('',(#7490,#7492));
#7494=FACE_BOUND('',#7493,.F.);
#7495=ADVANCED_FACE('',(#7488,#7494),#7483,.T.);
#7496=CARTESIAN_POINT('',(-1.133178667900E2,3.635E1,-1.413303654882E2));
#7497=DIRECTION('',(0.E0,-1.E0,0.E0));
#7498=DIRECTION('',(0.E0,0.E0,-1.E0));
#7499=AXIS2_PLACEMENT_3D('',#7496,#7497,#7498);
#7500=CYLINDRICAL_SURFACE('',#7499,4.125E0);
#7501=ORIENTED_EDGE('',*,*,#7484,.F.);
#7502=ORIENTED_EDGE('',*,*,#7474,.F.);
#7503=ORIENTED_EDGE('',*,*,#5979,.F.);
#7504=ORIENTED_EDGE('',*,*,#7471,.T.);
#7505=EDGE_LOOP('',(#7501,#7502,#7503,#7504));
#7506=FACE_OUTER_BOUND('',#7505,.F.);
#7507=ADVANCED_FACE('',(#7506),#7500,.F.);
#7508=CARTESIAN_POINT('',(-1.133178667900E2,2.15E1,-1.413303654882E2));
#7509=DIRECTION('',(0.E0,1.E0,0.E0));
#7510=DIRECTION('',(0.E0,0.E0,-1.E0));
#7511=AXIS2_PLACEMENT_3D('',#7508,#7509,#7510);
#7512=CONICAL_SURFACE('',#7511,2.400000000002E0,4.5E1);
#7513=ORIENTED_EDGE('',*,*,#7489,.F.);
#7515=ORIENTED_EDGE('',*,*,#7514,.F.);
#7517=ORIENTED_EDGE('',*,*,#7516,.T.);
#7519=ORIENTED_EDGE('',*,*,#7518,.T.);
#7520=EDGE_LOOP('',(#7513,#7515,#7517,#7519));
#7521=FACE_OUTER_BOUND('',#7520,.F.);
#7522=ADVANCED_FACE('',(#7521),#7512,.F.);
#7523=CARTESIAN_POINT('',(-1.133178667900E2,2.15E1,-1.413303654882E2));
#7524=DIRECTION('',(0.E0,1.E0,0.E0));
#7525=DIRECTION('',(0.E0,0.E0,-1.E0));
#7526=AXIS2_PLACEMENT_3D('',#7523,#7524,#7525);
#7527=CONICAL_SURFACE('',#7526,2.400000000002E0,4.5E1);
#7528=ORIENTED_EDGE('',*,*,#7491,.F.);
#7529=ORIENTED_EDGE('',*,*,#7518,.F.);
#7531=ORIENTED_EDGE('',*,*,#7530,.T.);
#7532=ORIENTED_EDGE('',*,*,#7514,.T.);
#7533=EDGE_LOOP('',(#7528,#7529,#7531,#7532));
#7534=FACE_OUTER_BOUND('',#7533,.F.);
#7535=ADVANCED_FACE('',(#7534),#7527,.F.);
#7536=CARTESIAN_POINT('',(-1.133178667900E2,3.635E1,-1.413303654882E2));
#7537=DIRECTION('',(0.E0,-1.E0,0.E0));
#7538=DIRECTION('',(0.E0,0.E0,-1.E0));
#7539=AXIS2_PLACEMENT_3D('',#7536,#7537,#7538);
#7540=CYLINDRICAL_SURFACE('',#7539,2.15E0);
#7541=ORIENTED_EDGE('',*,*,#7530,.F.);
#7543=ORIENTED_EDGE('',*,*,#7542,.T.);
#7545=ORIENTED_EDGE('',*,*,#7544,.F.);
#7547=ORIENTED_EDGE('',*,*,#7546,.F.);
#7548=EDGE_LOOP('',(#7541,#7543,#7545,#7547));
#7549=FACE_OUTER_BOUND('',#7548,.F.);
#7550=ADVANCED_FACE('',(#7549),#7540,.F.);
#7551=CARTESIAN_POINT('',(-1.133178667900E2,3.635E1,-1.413303654882E2));
#7552=DIRECTION('',(0.E0,-1.E0,0.E0));
#7553=DIRECTION('',(0.E0,0.E0,-1.E0));
#7554=AXIS2_PLACEMENT_3D('',#7551,#7552,#7553);
#7555=CYLINDRICAL_SURFACE('',#7554,2.15E0);
#7556=ORIENTED_EDGE('',*,*,#7516,.F.);
#7557=ORIENTED_EDGE('',*,*,#7546,.T.);
#7559=ORIENTED_EDGE('',*,*,#7558,.F.);
#7560=ORIENTED_EDGE('',*,*,#7542,.F.);
#7561=EDGE_LOOP('',(#7556,#7557,#7559,#7560));
#7562=FACE_OUTER_BOUND('',#7561,.F.);
#7563=ADVANCED_FACE('',(#7562),#7555,.F.);
#7564=CARTESIAN_POINT('',(-4.05E1,1.275E1,-9.4E1));
#7565=DIRECTION('',(0.E0,-1.E0,0.E0));
#7566=DIRECTION('',(-1.E0,0.E0,0.E0));
#7567=AXIS2_PLACEMENT_3D('',#7564,#7565,#7566);
#7568=PLANE('',#7567);
#7570=ORIENTED_EDGE('',*,*,#7569,.T.);
#7572=ORIENTED_EDGE('',*,*,#7571,.T.);
#7573=EDGE_LOOP('',(#7570,#7572));
#7574=FACE_OUTER_BOUND('',#7573,.F.);
#7575=ORIENTED_EDGE('',*,*,#7544,.T.);
#7576=ORIENTED_EDGE('',*,*,#7558,.T.);
#7577=EDGE_LOOP('',(#7575,#7576));
#7578=FACE_BOUND('',#7577,.F.);
#7579=ADVANCED_FACE('',(#7574,#7578),#7568,.T.);
#7580=CARTESIAN_POINT('',(-1.133178667900E2,5.4002E1,-1.413303654882E2));
#7581=DIRECTION('',(0.E0,-1.E0,0.E0));
#7582=DIRECTION('',(0.E0,0.E0,-1.E0));
#7583=AXIS2_PLACEMENT_3D('',#7580,#7581,#7582);
#7584=CYLINDRICAL_SURFACE('',#7583,5.500000000010E0);
#7586=ORIENTED_EDGE('',*,*,#7585,.F.);
#7588=ORIENTED_EDGE('',*,*,#7587,.T.);
#7590=ORIENTED_EDGE('',*,*,#7589,.T.);
#7591=ORIENTED_EDGE('',*,*,#7569,.F.);
#7593=ORIENTED_EDGE('',*,*,#7592,.F.);
#7594=EDGE_LOOP('',(#7586,#7588,#7590,#7591,#7593));
#7595=FACE_OUTER_BOUND('',#7594,.F.);
#7596=ADVANCED_FACE('',(#7595),#7584,.T.);
#7597=CARTESIAN_POINT('',(-1.133178667900E2,2.785E1,-1.413303654882E2));
#7598=DIRECTION('',(0.E0,-1.E0,0.E0));
#7599=DIRECTION('',(0.E0,0.E0,-1.E0));
#7600=AXIS2_PLACEMENT_3D('',#7597,#7598,#7599);
#7601=TOROIDAL_SURFACE('',#7600,1.150000000001E1,6.E0);
#7603=ORIENTED_EDGE('',*,*,#7602,.F.);
#7605=ORIENTED_EDGE('',*,*,#7604,.F.);
#7606=ORIENTED_EDGE('',*,*,#7585,.T.);
#7608=ORIENTED_EDGE('',*,*,#7607,.T.);
#7610=ORIENTED_EDGE('',*,*,#7609,.F.);
#7612=ORIENTED_EDGE('',*,*,#7611,.F.);
#7613=ORIENTED_EDGE('',*,*,#5339,.F.);
#7614=ORIENTED_EDGE('',*,*,#5337,.F.);
#7615=EDGE_LOOP('',(#7603,#7605,#7606,#7608,#7610,#7612,#7613,#7614));
#7616=FACE_OUTER_BOUND('',#7615,.F.);
#7617=ADVANCED_FACE('',(#7616),#7601,.F.);
#7618=CARTESIAN_POINT('',(-1.043963078261E2,3.372984314223E1,
-1.460641647418E2));
#7619=CARTESIAN_POINT('',(-1.043540887376E2,3.373629358040E1,
-1.460424700220E2));
#7620=CARTESIAN_POINT('',(-1.041189963031E2,3.377136816849E1,
-1.459213529304E2));
#7621=CARTESIAN_POINT('',(-1.037075986278E2,3.382412904071E1,
-1.457063850977E2));
#7622=CARTESIAN_POINT('',(-1.031790386005E2,3.387099350189E1,
-1.454243670789E2));
#7623=CARTESIAN_POINT('',(-1.028016654127E2,3.388869714890E1,
-1.452192722388E2));
#7624=CARTESIAN_POINT('',(-1.026002357918E2,3.389251446941E1,
-1.451086065921E2));
#7625=CARTESIAN_POINT('',(-1.025587183624E2,3.389305475556E1,
-1.450857461470E2));
#7626=CARTESIAN_POINT('',(-1.040436906856E2,3.361257394870E1,
-1.468807381755E2));
#7627=CARTESIAN_POINT('',(-1.040007939026E2,3.361555941852E1,
-1.468582532419E2));
#7628=CARTESIAN_POINT('',(-1.037621363933E2,3.363136303202E1,
-1.467326952730E2));
#7629=CARTESIAN_POINT('',(-1.033466113778E2,3.365066368306E1,
-1.465096171702E2));
#7630=CARTESIAN_POINT('',(-1.028175086273E2,3.365554130058E1,
-1.462170291328E2));
#7631=CARTESIAN_POINT('',(-1.024430835608E2,3.364421202455E1,
-1.460045994228E2));
#7632=CARTESIAN_POINT('',(-1.022443414487E2,3.363292181036E1,
-1.458901720374E2));
#7633=CARTESIAN_POINT('',(-1.022034256674E2,3.363036597861E1,
-1.458665436263E2));
#7634=CARTESIAN_POINT('',(-1.039249808744E2,3.433123811931E1,
-1.474044870039E2));
#7635=CARTESIAN_POINT('',(-1.038786893577E2,3.433240189963E1,
-1.473837323717E2));
#7636=CARTESIAN_POINT('',(-1.036210123031E2,3.433796355753E1,
-1.472676328127E2));
#7637=CARTESIAN_POINT('',(-1.031711873452E2,3.433835927830E1,
-1.470593960244E2));
#7638=CARTESIAN_POINT('',(-1.025969394591E2,3.431684866231E1,
-1.467825575786E2));
#7639=CARTESIAN_POINT('',(-1.021900885580E2,3.428524618607E1,
-1.465793367202E2));
#7640=CARTESIAN_POINT('',(-1.019741081304E2,3.426266306332E1,
-1.464692246278E2));
#7641=CARTESIAN_POINT('',(-1.019296435538E2,3.425775951947E1,
-1.464464606045E2));
#7642=CARTESIAN_POINT('',(-1.041639559284E2,3.513649169334E1,
-1.470893035490E2));
#7643=CARTESIAN_POINT('',(-1.041150922936E2,3.513937652049E1,
-1.470709955653E2));
#7644=CARTESIAN_POINT('',(-1.038427727135E2,3.515440442668E1,
-1.469683915138E2));
#7645=CARTESIAN_POINT('',(-1.033642394185E2,3.517016249027E1,
-1.467824727340E2));
#7646=CARTESIAN_POINT('',(-1.027473163670E2,3.516537699874E1,
-1.465312815480E2));
#7647=CARTESIAN_POINT('',(-1.023064757696E2,3.514339970871E1,
-1.463442112851E2));
#7648=CARTESIAN_POINT('',(-1.020713054218E2,3.512511330664E1,
-1.462419920045E2));
#7649=CARTESIAN_POINT('',(-1.020228419E2,3.512105839248E1,-1.462208234341E2));
#7650=(BOUNDED_SURFACE()B_SPLINE_SURFACE(3,3,((#7618,#7619,#7620,#7621,#7622,
#7623,#7624,#7625),(#7626,#7627,#7628,#7629,#7630,#7631,#7632,#7633),(#7634,
#7635,#7636,#7637,#7638,#7639,#7640,#7641),(#7642,#7643,#7644,#7645,#7646,#7647,
#7648,#7649)),.UNSPECIFIED.,.F.,.F.,.F.)B_SPLINE_SURFACE_WITH_KNOTS((4,4),(4,1,
1,1,1,4),(0.E0,1.E0),(-7.895391230534E-2,0.E0,3.610332476168E-1,
6.942999291793E-1,1.E0,1.079462213043E0),.UNSPECIFIED.)GEOMETRIC_REPRESENTATION_ITEM()RATIONAL_B_SPLINE_SURFACE(((1.352580565232E0,1.352580565232E0,
1.352580565232E0,1.352580565232E0,1.352580565232E0,1.352580565232E0,
1.352580565232E0,1.352580565232E0),(8.824731449226E-1,8.824731449226E-1,
8.824731449226E-1,8.824731449226E-1,8.824731449226E-1,8.824731449226E-1,
8.824731449226E-1,8.824731449226E-1),(8.824731449226E-1,8.824731449226E-1,
8.824731449226E-1,8.824731449226E-1,8.824731449226E-1,8.824731449226E-1,
8.824731449226E-1,8.824731449226E-1),(1.352580565232E0,1.352580565232E0,
1.352580565232E0,1.352580565232E0,1.352580565232E0,1.352580565232E0,
1.352580565232E0,1.352580565232E0)))REPRESENTATION_ITEM('')SURFACE());
#7651=ORIENTED_EDGE('',*,*,#7602,.T.);
#7652=ORIENTED_EDGE('',*,*,#5389,.T.);
#7653=ORIENTED_EDGE('',*,*,#5421,.F.);
#7655=ORIENTED_EDGE('',*,*,#7654,.F.);
#7656=EDGE_LOOP('',(#7651,#7652,#7653,#7655));
#7657=FACE_OUTER_BOUND('',#7656,.F.);
#7658=ADVANCED_FACE('',(#7657),#7650,.T.);
#7659=CARTESIAN_POINT('',(-1.189737899262E2,3.376763934766E1,
-1.499171726690E2));
#7660=CARTESIAN_POINT('',(-1.189222326722E2,3.376111447972E1,
-1.499106885037E2));
#7661=CARTESIAN_POINT('',(-1.188055252627E2,3.374682583285E1,
-1.498958472135E2));
#7662=CARTESIAN_POINT('',(-1.186227734152E2,3.372595723857E1,
-1.498720307990E2));
#7663=CARTESIAN_POINT('',(-1.184182767772E2,3.370417759595E1,
-1.498446509047E2));
#7664=CARTESIAN_POINT('',(-1.181982375365E2,3.368227640749E1,
-1.498143528651E2));
#7665=CARTESIAN_POINT('',(-1.179558530749E2,3.365976220490E1,
-1.497799595316E2));
#7666=CARTESIAN_POINT('',(-1.176889998182E2,3.363669975494E1,
-1.497408568405E2));
#7667=CARTESIAN_POINT('',(-1.173951467843E2,3.361318613571E1,
-1.496962933828E2));
#7668=CARTESIAN_POINT('',(-1.170720485451E2,3.358946930197E1,
-1.496454673426E2));
#7669=CARTESIAN_POINT('',(-1.167186780944E2,3.356585143618E1,
-1.495876800333E2));
#7670=CARTESIAN_POINT('',(-1.163339834796E2,3.354251002061E1,
-1.495221489752E2));
#7671=CARTESIAN_POINT('',(-1.159172216428E2,3.351973936247E1,
-1.494480596123E2));
#7672=CARTESIAN_POINT('',(-1.154670007938E2,3.349787079927E1,
-1.493643920359E2));
#7673=CARTESIAN_POINT('',(-1.149808859003E2,3.347737965240E1,
-1.492698052072E2));
#7674=CARTESIAN_POINT('',(-1.144556164012E2,3.345852702610E1,
-1.491626184984E2));
#7675=CARTESIAN_POINT('',(-1.138869756696E2,3.344160825232E1,
-1.490407129884E2));
#7676=CARTESIAN_POINT('',(-1.132709072563E2,3.342712738865E1,
-1.489017060319E2));
#7677=CARTESIAN_POINT('',(-1.126033112797E2,3.341585165520E1,
-1.487428694533E2));
#7678=CARTESIAN_POINT('',(-1.118774993600E2,3.340887925825E1,
-1.485604332627E2));
#7679=CARTESIAN_POINT('',(-1.110972123125E2,3.340805166781E1,
-1.483527742500E2));
#7680=CARTESIAN_POINT('',(-1.102982352955E2,3.341471886718E1,
-1.481273582012E2));
#7681=CARTESIAN_POINT('',(-1.095339504460E2,3.342775555344E1,
-1.478994271876E2));
#7682=CARTESIAN_POINT('',(-1.088433048690E2,3.344503775072E1,
-1.476831908434E2));
#7683=CARTESIAN_POINT('',(-1.082320488137E2,3.346487916514E1,
-1.474836970028E2));
#7684=CARTESIAN_POINT('',(-1.076876054401E2,3.348651715713E1,
-1.472995200590E2));
#7685=CARTESIAN_POINT('',(-1.071998014569E2,3.350957829712E1,
-1.471292501290E2));
#7686=CARTESIAN_POINT('',(-1.067612187686E2,3.353348578648E1,
-1.469718792888E2));
#7687=CARTESIAN_POINT('',(-1.063654407736E2,3.355779195232E1,
-1.468263558059E2));
#7688=CARTESIAN_POINT('',(-1.060074112788E2,3.358226446945E1,
-1.466918169437E2));
#7689=CARTESIAN_POINT('',(-1.056828361739E2,3.360680704641E1,
-1.465674546271E2));
#7690=CARTESIAN_POINT('',(-1.053886150350E2,3.363127967741E1,
-1.464527397330E2));
#7691=CARTESIAN_POINT('',(-1.051216523267E2,3.365544388661E1,
-1.463470111106E2));
#7692=CARTESIAN_POINT('',(-1.048792132272E2,3.367919045234E1,
-1.462496339444E2));
#7693=CARTESIAN_POINT('',(-1.046588384941E2,3.370247126013E1,
-1.461599897387E2));
#7694=CARTESIAN_POINT('',(-1.044582159495E2,3.372530058250E1,
-1.460774414528E2));
#7695=CARTESIAN_POINT('',(-1.042831065127E2,3.374677025579E1,
-1.460046417968E2));
#7696=CARTESIAN_POINT('',(-1.041744587595E2,3.376107798303E1,
-1.459590762885E2));
#7697=CARTESIAN_POINT('',(-1.041267066545E2,3.376758235832E1,
-1.459389724452E2));
#7698=CARTESIAN_POINT('',(-1.188865080678E2,3.365259710836E1,
-1.507135402658E2));
#7699=CARTESIAN_POINT('',(-1.188339321835E2,3.364603159371E1,
-1.507069385476E2));
#7700=CARTESIAN_POINT('',(-1.187149734318E2,3.363166123275E1,
-1.506918342177E2));
#7701=CARTESIAN_POINT('',(-1.185288515680E2,3.361069341196E1,
-1.506676131949E2));
#7702=CARTESIAN_POINT('',(-1.183207183468E2,3.358882631654E1,
-1.506397830468E2));
#7703=CARTESIAN_POINT('',(-1.180968749331E2,3.356684942362E1,
-1.506089984626E2));
#7704=CARTESIAN_POINT('',(-1.178503922696E2,3.354426706490E1,
-1.505740622720E2));
#7705=CARTESIAN_POINT('',(-1.175791029225E2,3.352114219633E1,
-1.505343494263E2));
#7706=CARTESIAN_POINT('',(-1.172804266395E2,3.349757045271E1,
-1.504890954314E2));
#7707=CARTESIAN_POINT('',(-1.169520594271E2,3.347379788560E1,
-1.504374818989E2));
#7708=CARTESIAN_POINT('',(-1.165930350431E2,3.345013280756E1,
-1.503788114250E2));
#7709=CARTESIAN_POINT('',(-1.162022623963E2,3.342674992806E1,
-1.503122862275E2));
#7710=CARTESIAN_POINT('',(-1.157789741917E2,3.340394238221E1,
-1.502370770668E2));
#7711=CARTESIAN_POINT('',(-1.153217306689E2,3.338203985799E1,
-1.501521433818E2));
#7712=CARTESIAN_POINT('',(-1.148280617933E2,3.336151827207E1,
-1.500561232745E2));
#7713=CARTESIAN_POINT('',(-1.142947162988E2,3.334264119564E1,
-1.499473222870E2));
#7714=CARTESIAN_POINT('',(-1.137173818115E2,3.332570203232E1,
-1.498235834648E2));
#7715=CARTESIAN_POINT('',(-1.130919291041E2,3.331120459623E1,
-1.496824852627E2));
#7716=CARTESIAN_POINT('',(-1.124141697491E2,3.329991602047E1,
-1.495212510659E2));
#7717=CARTESIAN_POINT('',(-1.116772903662E2,3.329293530059E1,
-1.493360459661E2));
#7718=CARTESIAN_POINT('',(-1.108850337667E2,3.329210665527E1,
-1.491252029872E2));
#7719=CARTESIAN_POINT('',(-1.100738715678E2,3.329878194417E1,
-1.488963365741E2));
#7720=CARTESIAN_POINT('',(-1.092979697464E2,3.331183337566E1,
-1.486649169692E2));
#7721=CARTESIAN_POINT('',(-1.085968194162E2,3.332913532284E1,
-1.484453597558E2));
#7722=CARTESIAN_POINT('',(-1.079762250046E2,3.334900098957E1,
-1.482427815299E2));
#7723=CARTESIAN_POINT('',(-1.074233985923E2,3.337066842378E1,
-1.480557287831E2));
#7724=CARTESIAN_POINT('',(-1.069280044900E2,3.339376543308E1,
-1.478827667747E2));
#7725=CARTESIAN_POINT('',(-1.064825913265E2,3.341771068826E1,
-1.477229005749E2));
#7726=CARTESIAN_POINT('',(-1.060806021489E2,3.344205862035E1,
-1.475750481617E2));
#7727=CARTESIAN_POINT('',(-1.057168944730E2,3.346657782963E1,
-1.474383302462E2));
#7728=CARTESIAN_POINT('',(-1.053870719781E2,3.349117599731E1,
-1.473119120320E2));
#7729=CARTESIAN_POINT('',(-1.050880518133E2,3.351570826049E1,
-1.471952808208E2));
#7730=CARTESIAN_POINT('',(-1.048166864891E2,3.353993640596E1,
-1.470877640533E2));
#7731=CARTESIAN_POINT('',(-1.045701814880E2,3.356375342249E1,
-1.469887102466E2));
#7732=CARTESIAN_POINT('',(-1.043460270758E2,3.358711343501E1,
-1.468974861402E2));
#7733=CARTESIAN_POINT('',(-1.041418614142E2,3.361003369744E1,
-1.468134388250E2));
#7734=CARTESIAN_POINT('',(-1.039635412266E2,3.363160537546E1,
-1.467392661360E2));
#7735=CARTESIAN_POINT('',(-1.038528098821E2,3.364599483454E1,
-1.466928017417E2));
#7736=CARTESIAN_POINT('',(-1.038041200584E2,3.365253966006E1,
-1.466722917843E2));
#7737=CARTESIAN_POINT('',(-1.187437322931E2,3.425943588639E1,
-1.512296971518E2));
#7738=CARTESIAN_POINT('',(-1.186924135408E2,3.425308477998E1,
-1.512231892012E2));
#7739=CARTESIAN_POINT('',(-1.185759684755E2,3.423914545441E1,
-1.512082627918E2));
#7740=CARTESIAN_POINT('',(-1.183928359578E2,3.421870104565E1,
-1.511842206178E2));
#7741=CARTESIAN_POINT('',(-1.181872285588E2,3.419729525690E1,
-1.511565053095E2));
#7742=CARTESIAN_POINT('',(-1.179654398105E2,3.417571769905E1,
-1.511257765151E2));
#7743=CARTESIAN_POINT('',(-1.177206579996E2,3.415349485859E1,
-1.510908460479E2));
#7744=CARTESIAN_POINT('',(-1.174507790741E2,3.413069924324E1,
-1.510510968393E2));
#7745=CARTESIAN_POINT('',(-1.171532800141E2,3.410743410123E1,
-1.510057719860E2));
#7746=CARTESIAN_POINT('',(-1.168259981325E2,3.408395552328E1,
-1.509540771051E2));
#7747=CARTESIAN_POINT('',(-1.164674982310E2,3.406053948612E1,
-1.508952398806E2));
#7748=CARTESIAN_POINT('',(-1.160768267338E2,3.403737532563E1,
-1.508284806507E2));
#7749=CARTESIAN_POINT('',(-1.156532927064E2,3.401476235956E1,
-1.507529814456E2));
#7750=CARTESIAN_POINT('',(-1.151956150955E2,3.399303897707E1,
-1.506677296309E2));
#7751=CARTESIAN_POINT('',(-1.147013033553E2,3.397267795473E1,
-1.505713616582E2));
#7752=CARTESIAN_POINT('',(-1.141667364604E2,3.395392985081E1,
-1.504621059680E2));
#7753=CARTESIAN_POINT('',(-1.135877806565E2,3.393709824071E1,
-1.503378339256E2));
#7754=CARTESIAN_POINT('',(-1.129603607303E2,3.392268822281E1,
-1.501961322606E2));
#7755=CARTESIAN_POINT('',(-1.122804341986E2,3.391146738923E1,
-1.500342575916E2));
#7756=CARTESIAN_POINT('',(-1.115413072268E2,3.390453057220E1,
-1.498484086308E2));
#7757=CARTESIAN_POINT('',(-1.107470696917E2,3.390370749127E1,
-1.496370292635E2));
#7758=CARTESIAN_POINT('',(-1.099334459448E2,3.391034010855E1,
-1.494075448514E2));
#7759=CARTESIAN_POINT('',(-1.091549510338E2,3.392331376006E1,
-1.491754987157E2));
#7760=CARTESIAN_POINT('',(-1.084515006281E2,3.394051152810E1,
-1.489554158064E2));
#7761=CARTESIAN_POINT('',(-1.078291211543E2,3.396024926583E1,
-1.487524783835E2));
#7762=CARTESIAN_POINT('',(-1.072751033909E2,3.398176139461E1,
-1.485652660892E2));
#7763=CARTESIAN_POINT('',(-1.067791244622E2,3.400466919612E1,
-1.483923602886E2));
#7764=CARTESIAN_POINT('',(-1.063332234435E2,3.402841523953E1,
-1.482325900672E2));
#7765=CARTESIAN_POINT('',(-1.059310825826E2,3.405254285797E1,
-1.480849570084E2));
#7766=CARTESIAN_POINT('',(-1.055675997633E2,3.407681576979E1,
-1.479485998553E2));
#7767=CARTESIAN_POINT('',(-1.052385892350E2,3.410112070081E1,
-1.478227690677E2));
#7768=CARTESIAN_POINT('',(-1.049405633127E2,3.412533840893E1,
-1.477068010334E2));
#7769=CARTESIAN_POINT('',(-1.046703938853E2,3.414922929557E1,
-1.476000292328E2));
#7770=CARTESIAN_POINT('',(-1.044253876316E2,3.417267468967E1,
-1.475018428034E2));
#7771=CARTESIAN_POINT('',(-1.042031063864E2,3.419561690351E1,
-1.474116390762E2));
#7772=CARTESIAN_POINT('',(-1.040012689344E2,3.421805746422E1,
-1.473288006796E2));
#7773=CARTESIAN_POINT('',(-1.038257013295E2,3.423909107532E1,
-1.472560051690E2));
#7774=CARTESIAN_POINT('',(-1.037172352604E2,3.425304940535E1,
-1.472106434972E2));
#7775=CARTESIAN_POINT('',(-1.036696748509E2,3.425938085912E1,
-1.471906780829E2));
#7776=CARTESIAN_POINT('',(-1.186768287709E2,3.502981106475E1,
-1.509907339619E2));
#7777=CARTESIAN_POINT('',(-1.186278862418E2,3.502373214724E1,
-1.509844448250E2));
#7778=CARTESIAN_POINT('',(-1.185164070804E2,3.501034001638E1,
-1.509699735939E2));
#7779=CARTESIAN_POINT('',(-1.183398728121E2,3.499056007345E1,
-1.509465291694E2));
#7780=CARTESIAN_POINT('',(-1.181406296639E2,3.496973990847E1,
-1.509193881318E2));
#7781=CARTESIAN_POINT('',(-1.179248639480E2,3.494866930211E1,
-1.508892061301E2));
#7782=CARTESIAN_POINT('',(-1.176860171115E2,3.492690286614E1,
-1.508548247009E2));
#7783=CARTESIAN_POINT('',(-1.174220974086E2,3.490452523414E1,
-1.508156463780E2));
#7784=CARTESIAN_POINT('',(-1.171306928959E2,3.488164931952E1,
-1.507709355412E2));
#7785=CARTESIAN_POINT('',(-1.168098520499E2,3.485854395758E1,
-1.507199403031E2));
#7786=CARTESIAN_POINT('',(-1.164575724772E2,3.483544407508E1,
-1.506618061672E2));
#7787=CARTESIAN_POINT('',(-1.160730882449E2,3.481255757600E1,
-1.505957883422E2));
#7788=CARTESIAN_POINT('',(-1.156558151179E2,3.479019162682E1,
-1.505210957123E2));
#7789=CARTESIAN_POINT('',(-1.152046914036E2,3.476869566280E1,
-1.504367664537E2));
#7790=CARTESIAN_POINT('',(-1.147172394078E2,3.474853847416E1,
-1.503414560953E2));
#7791=CARTESIAN_POINT('',(-1.141894295024E2,3.472995409944E1,
-1.502333236447E2));
#7792=CARTESIAN_POINT('',(-1.136174165738E2,3.471325902696E1,
-1.501103090831E2));
#7793=CARTESIAN_POINT('',(-1.129972565169E2,3.469895998549E1,
-1.499700469763E2));
#7794=CARTESIAN_POINT('',(-1.123251530019E2,3.468782514987E1,
-1.498098782717E2));
#7795=CARTESIAN_POINT('',(-1.115946662933E2,3.468094406703E1,
-1.496261029062E2));
#7796=CARTESIAN_POINT('',(-1.108102590727E2,3.468012805003E1,
-1.494173282526E2));
#7797=CARTESIAN_POINT('',(-1.100061622505E2,3.468670649615E1,
-1.491906268195E2));
#7798=CARTESIAN_POINT('',(-1.092364840009E2,3.469958140684E1,
-1.489613926766E2));
#7799=CARTESIAN_POINT('',(-1.085410544675E2,3.471664692061E1,
-1.487440629308E2));
#7800=CARTESIAN_POINT('',(-1.079260856385E2,3.473622225386E1,
-1.485438219918E2));
#7801=CARTESIAN_POINT('',(-1.073791643588E2,3.475753722409E1,
-1.483593132032E2));
#7802=CARTESIAN_POINT('',(-1.068901439875E2,3.478020482840E1,
-1.481891601804E2));
#7803=CARTESIAN_POINT('',(-1.064505466032E2,3.480369797465E1,
-1.480319889668E2));
#7804=CARTESIAN_POINT('',(-1.060544531199E2,3.482754590733E1,
-1.478869217220E2));
#7805=CARTESIAN_POINT('',(-1.056968913073E2,3.485150614721E1,
-1.477531332141E2));
#7806=CARTESIAN_POINT('',(-1.053740050220E2,3.487543881750E1,
-1.476299926937E2));
#7807=CARTESIAN_POINT('',(-1.050818518208E2,3.489925720143E1,
-1.475166571496E2));
#7808=CARTESIAN_POINT('',(-1.048173764735E2,3.492271994167E1,
-1.474124779936E2));
#7809=CARTESIAN_POINT('',(-1.045780546379E2,3.494569356517E1,
-1.473169048964E2));
#7810=CARTESIAN_POINT('',(-1.043615759287E2,3.496810538818E1,
-1.472293829904E2));
#7811=CARTESIAN_POINT('',(-1.041657958569E2,3.498993697282E1,
-1.471493491495E2));
#7812=CARTESIAN_POINT('',(-1.039964115520E2,3.501028751385E1,
-1.470794139045E2));
#7813=CARTESIAN_POINT('',(-1.038924753739E2,3.502369853028E1,
-1.470361419629E2));
#7814=CARTESIAN_POINT('',(-1.038470723519E2,3.502975911094E1,
-1.470171707219E2));
#7815=(BOUNDED_SURFACE()B_SPLINE_SURFACE(3,3,((#7659,#7660,#7661,#7662,#7663,
#7664,#7665,#7666,#7667,#7668,#7669,#7670,#7671,#7672,#7673,#7674,#7675,#7676,
#7677,#7678,#7679,#7680,#7681,#7682,#7683,#7684,#7685,#7686,#7687,#7688,#7689,
#7690,#7691,#7692,#7693,#7694,#7695,#7696,#7697),(#7698,#7699,#7700,#7701,#7702,
#7703,#7704,#7705,#7706,#7707,#7708,#7709,#7710,#7711,#7712,#7713,#7714,#7715,
#7716,#7717,#7718,#7719,#7720,#7721,#7722,#7723,#7724,#7725,#7726,#7727,#7728,
#7729,#7730,#7731,#7732,#7733,#7734,#7735,#7736),(#7737,#7738,#7739,#7740,#7741,
#7742,#7743,#7744,#7745,#7746,#7747,#7748,#7749,#7750,#7751,#7752,#7753,#7754,
#7755,#7756,#7757,#7758,#7759,#7760,#7761,#7762,#7763,#7764,#7765,#7766,#7767,
#7768,#7769,#7770,#7771,#7772,#7773,#7774,#7775),(#7776,#7777,#7778,#7779,#7780,
#7781,#7782,#7783,#7784,#7785,#7786,#7787,#7788,#7789,#7790,#7791,#7792,#7793,
#7794,#7795,#7796,#7797,#7798,#7799,#7800,#7801,#7802,#7803,#7804,#7805,#7806,
#7807,#7808,#7809,#7810,#7811,#7812,#7813,#7814)),.UNSPECIFIED.,.F.,.F.,.F.)B_SPLINE_SURFACE_WITH_KNOTS((4,4),(4,1,1,1,1,1,1,1,1,1,1,1,1,1,1,1,1,1,1,1,1,1,1,1,1,
1,1,1,1,1,1,1,1,1,1,1,4),(0.E0,1.E0),(-1.014075526966E-2,0.E0,1.286992586271E-2,
2.605291196441E-2,4.064540903104E-2,5.672630887993E-2,7.447189987556E-2,
9.404841848500E-2,1.156196435283E-1,1.392871068377E-1,1.651095037757E-1,
1.931327390900E-1,2.234111795673E-1,2.561199850244E-1,2.915604427399E-1,
3.300482859114E-1,3.718413112906E-1,4.172523545679E-1,4.666052182837E-1,
5.207198327851E-1,5.777596902164E-1,6.317340110209E-1,6.794352869774E-1,
7.217938691317E-1,7.596700301870E-1,7.937287987058E-1,8.244562942511E-1,
8.522816900362E-1,8.775043696441E-1,9.003901638894E-1,9.211839806743E-1,
9.400822866063E-1,9.572571721061E-1,9.728681970162E-1,9.870672505953E-1,1.E0,
1.010111646977E0),.UNSPECIFIED.)GEOMETRIC_REPRESENTATION_ITEM()RATIONAL_B_SPLINE_SURFACE(((1.298738085454E0,1.298738085454E0,1.298738085454E0,1.298738085454E0,
1.298738085454E0,1.298738085454E0,1.298738085454E0,1.298738085454E0,
1.298738085454E0,1.298738085454E0,1.298738085454E0,1.298738085454E0,
1.298738085454E0,1.298738085454E0,1.298738085454E0,1.298738085454E0,
1.298738085454E0,1.298738085454E0,1.298738085454E0,1.298738085454E0,
1.298738085454E0,1.298738085454E0,1.298738085454E0,1.298738085454E0,
1.298738085454E0,1.298738085454E0,1.298738085454E0,1.298738085454E0,
1.298738085454E0,1.298738085454E0,1.298738085454E0,1.298738085454E0,
1.298738085454E0,1.298738085454E0,1.298738085454E0,1.298738085454E0,
1.298738085454E0,1.298738085454E0,1.298738085454E0),(9.004206381819E-1,
9.004206381819E-1,9.004206381819E-1,9.004206381819E-1,9.004206381819E-1,
9.004206381819E-1,9.004206381819E-1,9.004206381819E-1,9.004206381819E-1,
9.004206381819E-1,9.004206381819E-1,9.004206381819E-1,9.004206381819E-1,
9.004206381819E-1,9.004206381819E-1,9.004206381819E-1,9.004206381819E-1,
9.004206381819E-1,9.004206381819E-1,9.004206381819E-1,9.004206381819E-1,
9.004206381819E-1,9.004206381819E-1,9.004206381819E-1,9.004206381819E-1,
9.004206381819E-1,9.004206381819E-1,9.004206381819E-1,9.004206381819E-1,
9.004206381819E-1,9.004206381819E-1,9.004206381819E-1,9.004206381819E-1,
9.004206381819E-1,9.004206381819E-1,9.004206381819E-1,9.004206381819E-1,
9.004206381819E-1,9.004206381819E-1),(9.004206381819E-1,9.004206381819E-1,
9.004206381819E-1,9.004206381819E-1,9.004206381819E-1,9.004206381819E-1,
9.004206381819E-1,9.004206381819E-1,9.004206381819E-1,9.004206381819E-1,
9.004206381819E-1,9.004206381819E-1,9.004206381819E-1,9.004206381819E-1,
9.004206381819E-1,9.004206381819E-1,9.004206381819E-1,9.004206381819E-1,
9.004206381819E-1,9.004206381819E-1,9.004206381819E-1,9.004206381819E-1,
9.004206381819E-1,9.004206381819E-1,9.004206381819E-1,9.004206381819E-1,
9.004206381819E-1,9.004206381819E-1,9.004206381819E-1,9.004206381819E-1,
9.004206381819E-1,9.004206381819E-1,9.004206381819E-1,9.004206381819E-1,
9.004206381819E-1,9.004206381819E-1,9.004206381819E-1,9.004206381819E-1,
9.004206381819E-1),(1.298738085454E0,1.298738085454E0,1.298738085454E0,
1.298738085454E0,1.298738085454E0,1.298738085454E0,1.298738085454E0,
1.298738085454E0,1.298738085454E0,1.298738085454E0,1.298738085454E0,
1.298738085454E0,1.298738085454E0,1.298738085454E0,1.298738085454E0,
1.298738085454E0,1.298738085454E0,1.298738085454E0,1.298738085454E0,
1.298738085454E0,1.298738085454E0,1.298738085454E0,1.298738085454E0,
1.298738085454E0,1.298738085454E0,1.298738085454E0,1.298738085454E0,
1.298738085454E0,1.298738085454E0,1.298738085454E0,1.298738085454E0,
1.298738085454E0,1.298738085454E0,1.298738085454E0,1.298738085454E0,
1.298738085454E0,1.298738085454E0,1.298738085454E0,1.298738085454E0)))REPRESENTATION_ITEM('')SURFACE());
#7817=ORIENTED_EDGE('',*,*,#7816,.T.);
#7818=ORIENTED_EDGE('',*,*,#7654,.T.);
#7819=ORIENTED_EDGE('',*,*,#5419,.F.);
#7821=ORIENTED_EDGE('',*,*,#7820,.F.);
#7822=EDGE_LOOP('',(#7817,#7818,#7819,#7821));
#7823=FACE_OUTER_BOUND('',#7822,.F.);
#7824=ADVANCED_FACE('',(#7823),#7815,.T.);
#7825=CARTESIAN_POINT('',(-1.163342156102E2,2.769095753217E1,
-1.459320425385E2));
#7826=CARTESIAN_POINT('',(-1.162151908022E2,3.142461160929E1,
-1.458891728154E2));
#7827=CARTESIAN_POINT('',(-1.176346594300E2,3.403425341764E1,
-1.481544275061E2));
#7828=CARTESIAN_POINT('',(-1.196817299995E2,3.384403596525E1,
-1.512741183195E2));
#7829=CARTESIAN_POINT('',(-1.159719759352E2,2.767863453726E1,
-1.461695129712E2));
#7830=CARTESIAN_POINT('',(-1.160620564577E2,3.120987887002E1,
-1.459947373090E2));
#7831=CARTESIAN_POINT('',(-1.173130848955E2,3.377135932341E1,
-1.480808284055E2));
#7832=CARTESIAN_POINT('',(-1.189892540488E2,3.385557500655E1,
-1.512009179335E2));
#7833=CARTESIAN_POINT('',(-1.152391467069E2,2.780889488697E1,
-1.465323817520E2));
#7834=CARTESIAN_POINT('',(-1.155858810842E2,3.092156905640E1,
-1.463104314974E2));
#7835=CARTESIAN_POINT('',(-1.165242672415E2,3.333710033173E1,
-1.480969377259E2));
#7836=CARTESIAN_POINT('',(-1.175962332169E2,3.387583516872E1,
-1.510200244532E2));
#7837=CARTESIAN_POINT('',(-1.137400712498E2,2.827344801211E1,
-1.469035296070E2));
#7838=CARTESIAN_POINT('',(-1.141501582091E2,3.075856670840E1,
-1.468293179379E2));
#7839=CARTESIAN_POINT('',(-1.145259270880E2,3.287130475469E1,
-1.481896938533E2));
#7840=CARTESIAN_POINT('',(-1.147408148655E2,3.390004041846E1,
-1.505267175164E2));
#7841=CARTESIAN_POINT('',(-1.118545350855E2,2.871867042920E1,
-1.467906866071E2));
#7842=CARTESIAN_POINT('',(-1.118441144968E2,3.086390279860E1,
-1.468287265948E2));
#7843=CARTESIAN_POINT('',(-1.115615296455E2,3.275320643347E1,
-1.478830648627E2));
#7844=CARTESIAN_POINT('',(-1.110784163767E2,3.390738880827E1,
-1.496864245775E2));
#7845=CARTESIAN_POINT('',(-1.101634676196E2,2.827261654024E1,
-1.459442235426E2));
#7846=CARTESIAN_POINT('',(-1.098453891590E2,3.075856095859E1,
-1.456745222653E2));
#7847=CARTESIAN_POINT('',(-1.088386656142E2,3.287175866442E1,
-1.466647854394E2));
#7848=CARTESIAN_POINT('',(-1.074824466161E2,3.390001478035E1,
-1.485815019714E2));
#7849=CARTESIAN_POINT('',(-1.090529121301E2,2.780891719837E1,
-1.448743925480E2));
#7850=CARTESIAN_POINT('',(-1.088638455648E2,3.092183725379E1,
-1.445091117699E2));
#7851=CARTESIAN_POINT('',(-1.071577395942E2,3.333741574383E1,
-1.455871715289E2));
#7852=CARTESIAN_POINT('',(-1.047674353873E2,3.387581990790E1,
-1.475824259461E2));
#7853=CARTESIAN_POINT('',(-1.086001717946E2,2.767867542381E1,
-1.441948723620E2));
#7854=CARTESIAN_POINT('',(-1.086093216797E2,3.120950293329E1,
-1.439981482593E2));
#7855=CARTESIAN_POINT('',(-1.064833023389E2,3.377086369179E1,
-1.451791134647E2));
#7856=CARTESIAN_POINT('',(-1.034722879849E2,3.385559723755E1,
-1.470433724408E2));
#7857=CARTESIAN_POINT('',(-1.084048059474E2,2.769094555365E1,
-1.438073956511E2));
#7858=CARTESIAN_POINT('',(-1.085293094496E2,3.142458746593E1,
-1.438297448403E2));
#7859=CARTESIAN_POINT('',(-1.061674064848E2,3.403422996512E1,
-1.450817714220E2));
#7860=CARTESIAN_POINT('',(-1.028347730944E2,3.384403697653E1,
-1.467600002388E2));
#7861=(BOUNDED_SURFACE()B_SPLINE_SURFACE(3,3,((#7825,#7826,#7827,#7828),(#7829,
#7830,#7831,#7832),(#7833,#7834,#7835,#7836),(#7837,#7838,#7839,#7840),(#7841,
#7842,#7843,#7844),(#7845,#7846,#7847,#7848),(#7849,#7850,#7851,#7852),(#7853,
#7854,#7855,#7856),(#7857,#7858,#7859,#7860)),.UNSPECIFIED.,.F.,.F.,.F.)B_SPLINE_SURFACE_WITH_KNOTS((4,1,1,1,1,1,4),(4,4),(1.040514932523E-2,1.306345902374E-2,
1.541672479202E-2,2.012325632859E-2,2.482978786515E-2,2.718305363343E-2,
2.984077038376E-2),(-1.898205804886E-2,1.018489060136E0),.UNSPECIFIED.)GEOMETRIC_REPRESENTATION_ITEM()RATIONAL_B_SPLINE_SURFACE(((1.011668856190E0,
7.951201698776E-1,7.950173165624E-1,1.011360296244E0),(1.010684156735E0,
8.124093586072E-1,8.123151847719E-1,1.010401635229E0),(1.008850465180E0,
8.446050090049E-1,8.445269979582E-1,1.008616432040E0),(1.006088237020E0,
8.931037501799E-1,8.930500863631E-1,1.005927245569E0),(1.004577932882E0,
9.196214182575E-1,9.195810667812E-1,1.004456878453E0),(1.006091835984E0,
8.930405601724E-1,8.929868646330E-1,1.005930749366E0),(1.008851646522E0,
8.445842671912E-1,8.445062457317E-1,1.008617582144E0),(1.010682223774E0,
8.124432972285E-1,8.123491404310E-1,1.010399753381E0),(1.011668776214E0,
7.951215740818E-1,7.950187214715E-1,1.011360218383E0)))REPRESENTATION_ITEM('')SURFACE());
#7862=ORIENTED_EDGE('',*,*,#7816,.F.);
#7863=ORIENTED_EDGE('',*,*,#7609,.T.);
#7865=ORIENTED_EDGE('',*,*,#7864,.T.);
#7866=ORIENTED_EDGE('',*,*,#7587,.F.);
#7867=ORIENTED_EDGE('',*,*,#7604,.T.);
#7868=EDGE_LOOP('',(#7862,#7863,#7865,#7866,#7867));
#7869=FACE_OUTER_BOUND('',#7868,.F.);
#7870=ADVANCED_FACE('',(#7869),#7861,.F.);
#7871=CARTESIAN_POINT('',(-1.133178667900E2,5.4002E1,-1.413303654882E2));
#7872=DIRECTION('',(0.E0,-1.E0,0.E0));
#7873=DIRECTION('',(0.E0,0.E0,-1.E0));
#7874=AXIS2_PLACEMENT_3D('',#7871,#7872,#7873);
#7875=CYLINDRICAL_SURFACE('',#7874,5.500000000010E0);
#7876=ORIENTED_EDGE('',*,*,#7607,.F.);
#7877=ORIENTED_EDGE('',*,*,#7592,.T.);
#7878=ORIENTED_EDGE('',*,*,#7571,.F.);
#7879=ORIENTED_EDGE('',*,*,#7589,.F.);
#7880=ORIENTED_EDGE('',*,*,#7864,.F.);
#7881=EDGE_LOOP('',(#7876,#7877,#7878,#7879,#7880));
#7882=FACE_OUTER_BOUND('',#7881,.F.);
#7883=ADVANCED_FACE('',(#7882),#7875,.T.);
#7884=CARTESIAN_POINT('',(-1.207578004707E2,3.389305368439E1,
-1.499621933604E2));
#7885=CARTESIAN_POINT('',(-1.207104392750E2,3.389251362064E1,
-1.499612327738E2));
#7886=CARTESIAN_POINT('',(-1.204475702603E2,3.388814619277E1,
-1.499556548100E2));
#7887=CARTESIAN_POINT('',(-1.199849413436E2,3.386742989234E1,
-1.499434250613E2));
#7888=CARTESIAN_POINT('',(-1.193860292119E2,3.381695833283E1,
-1.499225610741E2));
#7889=CARTESIAN_POINT('',(-1.189554454908E2,3.376693643909E1,
-1.499041136308E2));
#7890=CARTESIAN_POINT('',(-1.187245327047E2,3.373627488036E1,
-1.498930499150E2));
#7891=CARTESIAN_POINT('',(-1.186770513931E2,3.372981451368E1,
-1.498907248090E2));
#7892=CARTESIAN_POINT('',(-1.206750944721E2,3.363036972706E1,
-1.508160316247E2));
#7893=CARTESIAN_POINT('',(-1.206278701982E2,3.363292413208E1,
-1.508160364317E2));
#7894=CARTESIAN_POINT('',(-1.203655120129E2,3.364584001122E1,
-1.508157226627E2));
#7895=CARTESIAN_POINT('',(-1.199013789698E2,3.365653052764E1,
-1.508118056704E2));
#7896=CARTESIAN_POINT('',(-1.192960202097E2,3.364827854056E1,
-1.507994471825E2));
#7897=CARTESIAN_POINT('',(-1.188581533986E2,3.362936675576E1,
-1.507854475887E2));
#7898=CARTESIAN_POINT('',(-1.186226005606E2,3.361555098133E1,
-1.507761874164E2));
#7899=CARTESIAN_POINT('',(-1.185741356889E2,3.361256069008E1,
-1.507742082414E2));
#7900=CARTESIAN_POINT('',(-1.206222342732E2,3.425776688909E1,
-1.514551415810E2));
#7901=CARTESIAN_POINT('',(-1.205723701760E2,3.426266774670E1,
-1.514526247495E2));
#7902=CARTESIAN_POINT('',(-1.202954015388E2,3.428850288107E1,
-1.514381751806E2));
#7903=CARTESIAN_POINT('',(-1.198060314126E2,3.432090853247E1,
-1.514080244099E2));
#7904=CARTESIAN_POINT('',(-1.191697790193E2,3.433872968987E1,
-1.513590254446E2));
#7905=CARTESIAN_POINT('',(-1.187114174746E2,3.433726178554E1,
-1.513170421183E2));
#7906=CARTESIAN_POINT('',(-1.184656003476E2,3.433239891239E1,
-1.512923085280E2));
#7907=CARTESIAN_POINT('',(-1.184150576606E2,3.433123293761E1,
-1.512871287337E2));
#7908=CARTESIAN_POINT('',(-1.206543366758E2,3.512106441007E1,
-1.512131296551E2));
#7909=CARTESIAN_POINT('',(-1.206018085277E2,3.512511708140E1,
-1.512072334403E2));
#7910=CARTESIAN_POINT('',(-1.203103423297E2,3.514603664069E1,
-1.511739873345E2));
#7911=CARTESIAN_POINT('',(-1.197983166184E2,3.516782359065E1,
-1.511104099496E2));
#7912=CARTESIAN_POINT('',(-1.191389360703E2,3.516838525702E1,
-1.510178291903E2));
#7913=CARTESIAN_POINT('',(-1.186682378027E2,3.515250644458E1,
-1.509446089080E2));
#7914=CARTESIAN_POINT('',(-1.184172346210E2,3.513936848884E1,
-1.509032589167E2));
#7915=CARTESIAN_POINT('',(-1.183656863809E2,3.513647887501E1,
-1.508946692068E2));
#7916=(BOUNDED_SURFACE()B_SPLINE_SURFACE(3,3,((#7884,#7885,#7886,#7887,#7888,
#7889,#7890,#7891),(#7892,#7893,#7894,#7895,#7896,#7897,#7898,#7899),(#7900,
#7901,#7902,#7903,#7904,#7905,#7906,#7907),(#7908,#7909,#7910,#7911,#7912,#7913,
#7914,#7915)),.UNSPECIFIED.,.F.,.F.,.F.)B_SPLINE_SURFACE_WITH_KNOTS((4,4),(4,1,
1,1,1,4),(0.E0,1.E0),(-7.942233784977E-2,0.E0,3.612135812793E-1,
6.944526364948E-1,1.E0,1.079072095588E0),.UNSPECIFIED.)GEOMETRIC_REPRESENTATION_ITEM()RATIONAL_B_SPLINE_SURFACE(((1.352580564479E0,1.352580564479E0,
1.352580564479E0,1.352580564479E0,1.352580564479E0,1.352580564479E0,
1.352580564479E0,1.352580564479E0),(8.824731451737E-1,8.824731451737E-1,
8.824731451737E-1,8.824731451737E-1,8.824731451737E-1,8.824731451737E-1,
8.824731451737E-1,8.824731451737E-1),(8.824731451737E-1,8.824731451737E-1,
8.824731451737E-1,8.824731451737E-1,8.824731451737E-1,8.824731451737E-1,
8.824731451737E-1,8.824731451737E-1),(1.352580564479E0,1.352580564479E0,
1.352580564479E0,1.352580564479E0,1.352580564479E0,1.352580564479E0,
1.352580564479E0,1.352580564479E0)))REPRESENTATION_ITEM('')SURFACE());
#7917=ORIENTED_EDGE('',*,*,#7611,.T.);
#7918=ORIENTED_EDGE('',*,*,#7820,.T.);
#7919=ORIENTED_EDGE('',*,*,#5417,.F.);
#7921=ORIENTED_EDGE('',*,*,#7920,.F.);
#7922=EDGE_LOOP('',(#7917,#7918,#7919,#7921));
#7923=FACE_OUTER_BOUND('',#7922,.F.);
#7924=ADVANCED_FACE('',(#7923),#7916,.T.);
#7925=CARTESIAN_POINT('',(-1.26E2,3.485E1,-9.4E1));
#7926=DIRECTION('',(0.E0,1.E0,0.E0));
#7927=DIRECTION('',(-4.660137463731E-1,0.E0,-8.847774794779E-1));
#7928=AXIS2_PLACEMENT_3D('',#7925,#7926,#7927);
#7929=TOROIDAL_SURFACE('',#7928,5.65E1,1.E0);
#7930=ORIENTED_EDGE('',*,*,#5341,.T.);
#7931=ORIENTED_EDGE('',*,*,#7920,.T.);
#7932=ORIENTED_EDGE('',*,*,#5415,.F.);
#7934=ORIENTED_EDGE('',*,*,#7933,.F.);
#7935=EDGE_LOOP('',(#7930,#7931,#7932,#7934));
#7936=FACE_OUTER_BOUND('',#7935,.F.);
#7937=ADVANCED_FACE('',(#7936),#7929,.T.);
#7938=CARTESIAN_POINT('',(-1.475388067102E2,3.372984314234E1,
-1.460910411808E2));
#7939=CARTESIAN_POINT('',(-1.474936128230E2,3.373629358051E1,
-1.461055541010E2));
#7940=CARTESIAN_POINT('',(-1.472417346516E2,3.377136816857E1,
-1.461861468388E2));
#7941=CARTESIAN_POINT('',(-1.467988273536E2,3.382412904075E1,
-1.463250437125E2));
#7942=CARTESIAN_POINT('',(-1.462256621208E2,3.387099350190E1,
-1.464993752385E2));
#7943=CARTESIAN_POINT('',(-1.458137950286E2,3.388869714890E1,
-1.466211944265E2));
#7944=CARTESIAN_POINT('',(-1.455931103485E2,3.389251446941E1,
-1.466853742481E2));
#7945=CARTESIAN_POINT('',(-1.455475883169E2,3.389305475556E1,
-1.466985667281E2));
#7946=CARTESIAN_POINT('',(-1.478668733513E2,3.361257394875E1,
-1.469177837643E2));
#7947=CARTESIAN_POINT('',(-1.478206414961E2,3.361555941857E1,
-1.469322171214E2));
#7948=CARTESIAN_POINT('',(-1.475631022617E2,3.363136303206E1,
-1.470121905733E2));
#7949=CARTESIAN_POINT('',(-1.471115416666E2,3.365066368307E1,
-1.471482710902E2));
#7950=CARTESIAN_POINT('',(-1.465305185387E2,3.365554130058E1,
-1.473155122477E2));
#7951=CARTESIAN_POINT('',(-1.461155495468E2,3.364421202455E1,
-1.474300602627E2));
#7952=CARTESIAN_POINT('',(-1.458941052714E2,3.363292181036E1,
-1.474896797778E2));
#7953=CARTESIAN_POINT('',(-1.458484656353E2,3.363036597861E1,
-1.475019037944E2));
#7954=CARTESIAN_POINT('',(-1.481532791870E2,3.433123811933E1,
-1.473720706251E2));
#7955=CARTESIAN_POINT('',(-1.481058704004E2,3.433240189965E1,
-1.473901279292E2));
#7956=CARTESIAN_POINT('',(-1.478415704224E2,3.433796355753E1,
-1.474902383364E2));
#7957=CARTESIAN_POINT('',(-1.473762504994E2,3.433835927829E1,
-1.476610669693E2));
#7958=CARTESIAN_POINT('',(-1.467744415831E2,3.431684866230E1,
-1.478713672013E2));
#7959=CARTESIAN_POINT('',(-1.463430557051E2,3.428524618606E1,
-1.480153553852E2));
#7960=CARTESIAN_POINT('',(-1.461124734730E2,3.426266306332E1,
-1.480902156030E2));
#7961=CARTESIAN_POINT('',(-1.460649356740E2,3.425775951947E1,
-1.481055602113E2));
#7962=CARTESIAN_POINT('',(-1.480993917099E2,3.513649169339E1,
-1.469802213857E2));
#7963=CARTESIAN_POINT('',(-1.480518942029E2,3.513937652053E1,
-1.470018274937E2));
#7964=CARTESIAN_POINT('',(-1.477867831607E2,3.515440442670E1,
-1.471218344948E2));
#7965=CARTESIAN_POINT('',(-1.473169445931E2,3.517016249027E1,
-1.473287442027E2));
#7966=CARTESIAN_POINT('',(-1.467030951292E2,3.516537699874E1,
-1.475873556847E2));
#7967=CARTESIAN_POINT('',(-1.462590951020E2,3.514339970871E1,
-1.477667984091E2));
#7968=CARTESIAN_POINT('',(-1.460205246080E2,3.512511330664E1,
-1.478608090102E2));
#7969=CARTESIAN_POINT('',(-1.459712872833E2,3.512105839248E1,
-1.478801094555E2));
#7970=(BOUNDED_SURFACE()B_SPLINE_SURFACE(3,3,((#7938,#7939,#7940,#7941,#7942,
#7943,#7944,#7945),(#7946,#7947,#7948,#7949,#7950,#7951,#7952,#7953),(#7954,
#7955,#7956,#7957,#7958,#7959,#7960,#7961),(#7962,#7963,#7964,#7965,#7966,#7967,
#7968,#7969)),.UNSPECIFIED.,.F.,.F.,.F.)B_SPLINE_SURFACE_WITH_KNOTS((4,4),(4,1,
1,1,1,4),(0.E0,1.E0),(-7.895391233999E-2,0.E0,3.610332475832E-1,
6.942999291458E-1,1.E0,1.079462213078E0),.UNSPECIFIED.)GEOMETRIC_REPRESENTATION_ITEM()RATIONAL_B_SPLINE_SURFACE(((1.352580565233E0,1.352580565233E0,
1.352580565233E0,1.352580565233E0,1.352580565233E0,1.352580565233E0,
1.352580565233E0,1.352580565233E0),(8.824731449224E-1,8.824731449224E-1,
8.824731449224E-1,8.824731449224E-1,8.824731449224E-1,8.824731449224E-1,
8.824731449224E-1,8.824731449224E-1),(8.824731449224E-1,8.824731449224E-1,
8.824731449224E-1,8.824731449224E-1,8.824731449224E-1,8.824731449224E-1,
8.824731449224E-1,8.824731449224E-1),(1.352580565233E0,1.352580565233E0,
1.352580565233E0,1.352580565233E0,1.352580565233E0,1.352580565233E0,
1.352580565233E0,1.352580565233E0)))REPRESENTATION_ITEM('')SURFACE());
#7972=ORIENTED_EDGE('',*,*,#7971,.T.);
#7973=ORIENTED_EDGE('',*,*,#7933,.T.);
#7974=ORIENTED_EDGE('',*,*,#5413,.F.);
#7976=ORIENTED_EDGE('',*,*,#7975,.F.);
#7977=EDGE_LOOP('',(#7972,#7973,#7974,#7976));
#7978=FACE_OUTER_BOUND('',#7977,.F.);
#7979=ADVANCED_FACE('',(#7978),#7970,.T.);
#7980=CARTESIAN_POINT('',(-1.505E2,2.785E1,-1.364352447854E2));
#7981=DIRECTION('',(0.E0,-1.E0,0.E0));
#7982=DIRECTION('',(0.E0,0.E0,-1.E0));
#7983=AXIS2_PLACEMENT_3D('',#7980,#7981,#7982);
#7984=TOROIDAL_SURFACE('',#7983,1.15E1,6.E0);
#7985=ORIENTED_EDGE('',*,*,#7971,.F.);
#7987=ORIENTED_EDGE('',*,*,#7986,.F.);
#7989=ORIENTED_EDGE('',*,*,#7988,.T.);
#7991=ORIENTED_EDGE('',*,*,#7990,.T.);
#7993=ORIENTED_EDGE('',*,*,#7992,.F.);
#7995=ORIENTED_EDGE('',*,*,#7994,.F.);
#7996=ORIENTED_EDGE('',*,*,#5345,.F.);
#7997=ORIENTED_EDGE('',*,*,#5343,.F.);
#7998=EDGE_LOOP('',(#7985,#7987,#7989,#7991,#7993,#7995,#7996,#7997));
#7999=FACE_OUTER_BOUND('',#7998,.F.);
#8000=ADVANCED_FACE('',(#7999),#7984,.F.);
#8001=CARTESIAN_POINT('',(-1.521012592716E2,2.836845364022E1,
-1.416990037793E2));
#8002=CARTESIAN_POINT('',(-1.518597857482E2,3.080059489068E1,
-1.417075411433E2));
#8003=CARTESIAN_POINT('',(-1.520386224081E2,3.287288715936E1,
-1.429910899358E2));
#8004=CARTESIAN_POINT('',(-1.525799750596E2,3.391518252126E1,
-1.451346989316E2));
#8005=CARTESIAN_POINT('',(-1.515736975881E2,2.825174215519E1,
-1.418595119747E2));
#8006=CARTESIAN_POINT('',(-1.512388235280E2,3.079328641393E1,
-1.418668067047E2));
#8007=CARTESIAN_POINT('',(-1.512486263698E2,3.292918189747E1,
-1.432973740232E2));
#8008=CARTESIAN_POINT('',(-1.515997038309E2,3.391107548567E1,
-1.456501446104E2));
#8009=CARTESIAN_POINT('',(-1.504664544758E2,2.789195370154E1,
-1.420240549631E2));
#8010=CARTESIAN_POINT('',(-1.499636893821E2,3.079589400010E1,
-1.419300244382E2));
#8011=CARTESIAN_POINT('',(-1.496426867388E2,3.314055896121E1,
-1.437216841839E2));
#8012=CARTESIAN_POINT('',(-1.496444026437E2,3.389646802339E1,
-1.466126341273E2));
#8013=CARTESIAN_POINT('',(-1.493225791717E2,2.763174478839E1,
-1.418432066777E2));
#8014=CARTESIAN_POINT('',(-1.491121073422E2,3.113790802052E1,
-1.416464754051E2));
#8015=CARTESIAN_POINT('',(-1.484724177342E2,3.371317588010E1,
-1.439435811830E2));
#8016=CARTESIAN_POINT('',(-1.477750727954E2,3.386129770031E1,
-1.474004020348E2));
#8017=CARTESIAN_POINT('',(-1.487643358594E2,2.764831462319E1,
-1.416578790029E2));
#8018=CARTESIAN_POINT('',(-1.488847427414E2,3.142985584295E1,
-1.415611050705E2));
#8019=CARTESIAN_POINT('',(-1.480873918045E2,3.407006903276E1,
-1.441525066447E2));
#8020=CARTESIAN_POINT('',(-1.468938632446E2,3.384115312108E1,
-1.477368895398E2));
#8021=(BOUNDED_SURFACE()B_SPLINE_SURFACE(3,3,((#8001,#8002,#8003,#8004),(#8005,
#8006,#8007,#8008),(#8009,#8010,#8011,#8012),(#8013,#8014,#8015,#8016),(#8017,
#8018,#8019,#8020)),.UNSPECIFIED.,.F.,.F.,.F.)B_SPLINE_SURFACE_WITH_KNOTS((4,1,
4),(4,4),(2.278852913610E-2,2.629136827401E-2,2.986612652136E-2),(
-2.405141755948E-2,1.023772338626E0),.UNSPECIFIED.)GEOMETRIC_REPRESENTATION_ITEM()RATIONAL_B_SPLINE_SURFACE(((1.007306506613E0,8.987094081057E-1,
8.986804918949E-1,1.007219757981E0),(1.007920936137E0,8.901915303568E-1,
8.901601824816E-1,1.007826892511E0),(1.009945876128E0,8.621196512529E-1,
8.620802894806E-1,1.009827790811E0),(1.013202468649E0,8.169732904170E-1,
8.169210403628E-1,1.013045718486E0),(1.014894847779E0,7.935117248843E-1,
7.934527770753E-1,1.014718004351E0)))REPRESENTATION_ITEM('')SURFACE());
#8023=ORIENTED_EDGE('',*,*,#8022,.F.);
#8025=ORIENTED_EDGE('',*,*,#8024,.F.);
#8027=ORIENTED_EDGE('',*,*,#8026,.F.);
#8029=ORIENTED_EDGE('',*,*,#8028,.F.);
#8031=ORIENTED_EDGE('',*,*,#8030,.F.);
#8032=ORIENTED_EDGE('',*,*,#7986,.T.);
#8033=EDGE_LOOP('',(#8023,#8025,#8027,#8029,#8031,#8032));
#8034=FACE_OUTER_BOUND('',#8033,.F.);
#8035=ADVANCED_FACE('',(#8034),#8021,.F.);
#8036=CARTESIAN_POINT('',(-1.519136230840E2,3.344261903656E1,
-1.440456541517E2));
#8037=CARTESIAN_POINT('',(-1.518709066684E2,3.344389568841E1,
-1.440677730183E2));
#8038=CARTESIAN_POINT('',(-1.516060367543E2,3.345204228175E1,
-1.442044945994E2));
#8039=CARTESIAN_POINT('',(-1.511397769085E2,3.346889861222E1,
-1.444405052183E2));
#8040=CARTESIAN_POINT('',(-1.505334615732E2,3.349610418325E1,
-1.447378524830E2));
#8041=CARTESIAN_POINT('',(-1.499874266199E2,3.352523717248E1,
-1.449980127727E2));
#8042=CARTESIAN_POINT('',(-1.494960643724E2,3.355576762528E1,
-1.452260512035E2));
#8043=CARTESIAN_POINT('',(-1.490540006051E2,3.358742060567E1,
-1.454263599321E2));
#8044=CARTESIAN_POINT('',(-1.486559167970E2,3.361940831286E1,
-1.456028531592E2));
#8045=CARTESIAN_POINT('',(-1.482968716309E2,3.365137631389E1,
-1.457589127084E2));
#8046=CARTESIAN_POINT('',(-1.479725780462E2,3.368320733141E1,
-1.458973444462E2));
#8047=CARTESIAN_POINT('',(-1.476789136699E2,3.371499407410E1,
-1.460206537125E2));
#8048=CARTESIAN_POINT('',(-1.474468090599E2,3.374282579553E1,
-1.461166597182E2));
#8049=CARTESIAN_POINT('',(-1.473118851558E2,3.376052642004E1,
-1.461718619223E2));
#8050=CARTESIAN_POINT('',(-1.472660342533E2,3.376673884999E1,
-1.461905508226E2));
#8051=CARTESIAN_POINT('',(-1.522795449940E2,3.332671537807E1,
-1.447582000259E2));
#8052=CARTESIAN_POINT('',(-1.522361721261E2,3.332799367295E1,
-1.447806562749E2));
#8053=CARTESIAN_POINT('',(-1.519672324879E2,3.333615070175E1,
-1.449194624120E2));
#8054=CARTESIAN_POINT('',(-1.514938116293E2,3.335302834140E1,
-1.451590645295E2));
#8055=CARTESIAN_POINT('',(-1.508781389466E2,3.338027041330E1,
-1.454609476191E2));
#8056=CARTESIAN_POINT('',(-1.503236005252E2,3.340944668498E1,
-1.457251032328E2));
#8057=CARTESIAN_POINT('',(-1.498244350333E2,3.344003307870E1,
-1.459567047034E2));
#8058=CARTESIAN_POINT('',(-1.493752730821E2,3.347175030984E1,
-1.461601695419E2));
#8059=CARTESIAN_POINT('',(-1.489707615642E2,3.350380603953E1,
-1.463394520040E2));
#8060=CARTESIAN_POINT('',(-1.486058221877E2,3.353585146089E1,
-1.464980136601E2));
#8061=CARTESIAN_POINT('',(-1.482760697391E2,3.356777432077E1,
-1.466387168074E2));
#8062=CARTESIAN_POINT('',(-1.479772750295E2,3.359967537148E1,
-1.467641225427E2));
#8063=CARTESIAN_POINT('',(-1.477408946092E2,3.362763666133E1,
-1.468618478206E2));
#8064=CARTESIAN_POINT('',(-1.476033263531E2,3.364544350220E1,
-1.469181012060E2));
#8065=CARTESIAN_POINT('',(-1.475565547234E2,3.365169641564E1,
-1.469371546790E2));
#8066=CARTESIAN_POINT('',(-1.525378699821E2,3.393809807288E1,
-1.452213777263E2));
#8067=CARTESIAN_POINT('',(-1.524943958924E2,3.393936770086E1,
-1.452439018281E2));
#8068=CARTESIAN_POINT('',(-1.522248242721E2,3.394746968344E1,
-1.453831327336E2));
#8069=CARTESIAN_POINT('',(-1.517502722272E2,3.396423491888E1,
-1.456235100842E2));
#8070=CARTESIAN_POINT('',(-1.511334046825E2,3.399128445154E1,
-1.459263032424E2));
#8071=CARTESIAN_POINT('',(-1.505782560423E2,3.402023241167E1,
-1.461910920139E2));
#8072=CARTESIAN_POINT('',(-1.500794629422E2,3.405052372147E1,
-1.464228765959E2));
#8073=CARTESIAN_POINT('',(-1.496311104307E2,3.408190203494E1,
-1.466263417499E2));
#8074=CARTESIAN_POINT('',(-1.492275454545E2,3.411359895125E1,
-1.468055734939E2));
#8075=CARTESIAN_POINT('',(-1.488640500163E2,3.414523598646E1,
-1.469638721259E2));
#8076=CARTESIAN_POINT('',(-1.485364254216E2,3.417667438512E1,
-1.471040254669E2));
#8077=CARTESIAN_POINT('',(-1.482406976140E2,3.420797246996E1,
-1.472284953844E2));
#8078=CARTESIAN_POINT('',(-1.480080876743E2,3.423525029661E1,
-1.473249617881E2));
#8079=CARTESIAN_POINT('',(-1.478736790236E2,3.425249685450E1,
-1.473801096799E2));
#8080=CARTESIAN_POINT('',(-1.478281158236E2,3.425853622073E1,
-1.473987359117E2));
#8081=CARTESIAN_POINT('',(-1.524509165228E2,3.471424170393E1,
-1.450090233603E2));
#8082=CARTESIAN_POINT('',(-1.524079895744E2,3.471550032937E1,
-1.450312833547E2));
#8083=CARTESIAN_POINT('',(-1.521418051926E2,3.472353243137E1,
-1.451688884170E2));
#8084=CARTESIAN_POINT('',(-1.516731925781E2,3.474015497090E1,
-1.454065114533E2));
#8085=CARTESIAN_POINT('',(-1.510643920341E2,3.476696007712E1,
-1.457057515812E2));
#8086=CARTESIAN_POINT('',(-1.505170878790E2,3.479561819823E1,
-1.459672287839E2));
#8087=CARTESIAN_POINT('',(-1.500265001738E2,3.482553490223E1,
-1.461956480706E2));
#8088=CARTESIAN_POINT('',(-1.495861199706E2,3.485648296342E1,
-1.463959574554E2));
#8089=CARTESIAN_POINT('',(-1.491900048867E2,3.488772437008E1,
-1.465723451933E2));
#8090=CARTESIAN_POINT('',(-1.488339629862E2,3.491884296354E1,
-1.467278576751E2));
#8091=CARTESIAN_POINT('',(-1.485140951519E2,3.494966634399E1,
-1.468651458637E2));
#8092=CARTESIAN_POINT('',(-1.482268096645E2,3.498019897028E1,
-1.469865087107E2));
#8093=CARTESIAN_POINT('',(-1.480025473251E2,3.500660914790E1,
-1.470798963679E2));
#8094=CARTESIAN_POINT('',(-1.478741951245E2,3.502314443267E1,
-1.471327992419E2));
#8095=CARTESIAN_POINT('',(-1.478308576504E2,3.502891270306E1,
-1.471505995178E2));
#8096=(BOUNDED_SURFACE()B_SPLINE_SURFACE(3,3,((#8036,#8037,#8038,#8039,#8040,
#8041,#8042,#8043,#8044,#8045,#8046,#8047,#8048,#8049,#8050),(#8051,#8052,#8053,
#8054,#8055,#8056,#8057,#8058,#8059,#8060,#8061,#8062,#8063,#8064,#8065),(#8066,
#8067,#8068,#8069,#8070,#8071,#8072,#8073,#8074,#8075,#8076,#8077,#8078,#8079,
#8080),(#8081,#8082,#8083,#8084,#8085,#8086,#8087,#8088,#8089,#8090,#8091,#8092,
#8093,#8094,#8095)),.UNSPECIFIED.,.F.,.F.,.F.)B_SPLINE_SURFACE_WITH_KNOTS((4,4),
(4,1,1,1,1,1,1,1,1,1,1,1,4),(0.E0,1.E0),(-2.996967588874E-2,0.E0,
1.557472538844E-1,2.956972011971E-1,4.207915629132E-1,5.324447903006E-1,
6.325569102304E-1,7.224565423543E-1,8.031418227681E-1,8.756845658732E-1,
9.410382898462E-1,1.E0,1.030219076406E0),.UNSPECIFIED.)GEOMETRIC_REPRESENTATION_ITEM()RATIONAL_B_SPLINE_SURFACE(((1.298738085601E0,1.298738085601E0,
1.298738085601E0,1.298738085601E0,1.298738085601E0,1.298738085601E0,
1.298738085601E0,1.298738085601E0,1.298738085601E0,1.298738085601E0,
1.298738085601E0,1.298738085601E0,1.298738085601E0,1.298738085601E0,
1.298738085601E0),(9.004206381329E-1,9.004206381329E-1,9.004206381329E-1,
9.004206381329E-1,9.004206381329E-1,9.004206381329E-1,9.004206381329E-1,
9.004206381329E-1,9.004206381329E-1,9.004206381329E-1,9.004206381329E-1,
9.004206381329E-1,9.004206381329E-1,9.004206381329E-1,9.004206381329E-1),(
9.004206381329E-1,9.004206381329E-1,9.004206381329E-1,9.004206381329E-1,
9.004206381329E-1,9.004206381329E-1,9.004206381329E-1,9.004206381329E-1,
9.004206381329E-1,9.004206381329E-1,9.004206381329E-1,9.004206381329E-1,
9.004206381329E-1,9.004206381329E-1,9.004206381329E-1),(1.298738085601E0,
1.298738085601E0,1.298738085601E0,1.298738085601E0,1.298738085601E0,
1.298738085601E0,1.298738085601E0,1.298738085601E0,1.298738085601E0,
1.298738085601E0,1.298738085601E0,1.298738085601E0,1.298738085601E0,
1.298738085601E0,1.298738085601E0)))REPRESENTATION_ITEM('')SURFACE());
#8097=ORIENTED_EDGE('',*,*,#8022,.T.);
#8098=ORIENTED_EDGE('',*,*,#7975,.T.);
#8099=ORIENTED_EDGE('',*,*,#5411,.F.);
#8101=ORIENTED_EDGE('',*,*,#8100,.F.);
#8102=EDGE_LOOP('',(#8097,#8098,#8099,#8101));
#8103=FACE_OUTER_BOUND('',#8102,.F.);
#8104=ADVANCED_FACE('',(#8103),#8096,.T.);
#8105=CARTESIAN_POINT('',(-1.521078334359E2,3.346708150255E1,
-1.444014222642E2));
#8106=CARTESIAN_POINT('',(-1.521069419303E2,3.346710628548E1,
-1.444018815500E2));
#8107=CARTESIAN_POINT('',(-1.520911996437E2,3.346754449215E1,
-1.444099916599E2));
#8108=CARTESIAN_POINT('',(-1.520606113403E2,3.346841610441E1,
-1.444257501395E2));
#8109=CARTESIAN_POINT('',(-1.520160666182E2,3.346974028368E1,
-1.444486986859E2));
#8110=CARTESIAN_POINT('',(-1.519854846353E2,3.347068683725E1,
-1.444644539093E2));
#8111=CARTESIAN_POINT('',(-1.519697491522E2,3.347118400695E1,
-1.444725605142E2));
#8112=CARTESIAN_POINT('',(-1.519688583420E2,3.347121218497E1,
-1.444730194417E2));
#8113=CARTESIAN_POINT('',(-1.523745806816E2,3.362302478502E1,
-1.449107812275E2));
#8114=CARTESIAN_POINT('',(-1.523736922353E2,3.362304948289E1,
-1.449112389371E2));
#8115=CARTESIAN_POINT('',(-1.523580039410E2,3.362348618633E1,
-1.449193212313E2));
#8116=CARTESIAN_POINT('',(-1.523275195833E2,3.362435483642E1,
-1.449350261602E2));
#8117=CARTESIAN_POINT('',(-1.522831263938E2,3.362567451109E1,
-1.449578966400E2));
#8118=CARTESIAN_POINT('',(-1.522526474749E2,3.362661787432E1,
-1.449735987670E2));
#8119=CARTESIAN_POINT('',(-1.522369648815E2,3.362711337296E1,
-1.449816781241E2));
#8120=CARTESIAN_POINT('',(-1.522360770651E2,3.362714145629E1,
-1.449821355094E2));
#8121=CARTESIAN_POINT('',(-1.525191481983E2,3.414286340398E1,
-1.451633421058E2));
#8122=CARTESIAN_POINT('',(-1.525182699504E2,3.414288781829E1,
-1.451637945615E2));
#8123=CARTESIAN_POINT('',(-1.525027616398E2,3.414331951072E1,
-1.451717841317E2));
#8124=CARTESIAN_POINT('',(-1.524726237864E2,3.414417828639E1,
-1.451873105486E2));
#8125=CARTESIAN_POINT('',(-1.524287357326E2,3.414548294490E1,
-1.452099207926E2));
#8126=CARTESIAN_POINT('',(-1.523986003784E2,3.414641567309E1,
-1.452254459219E2));
#8127=CARTESIAN_POINT('',(-1.523830940936E2,3.414690560128E1,
-1.452334344484E2));
#8128=CARTESIAN_POINT('',(-1.523822162568E2,3.414693336893E1,
-1.452338866923E2));
#8129=CARTESIAN_POINT('',(-1.524546563393E2,3.471419387756E1,
-1.450073252990E2));
#8130=CARTESIAN_POINT('',(-1.524537892999E2,3.471421798022E1,
-1.450077719803E2));
#8131=CARTESIAN_POINT('',(-1.524384788011E2,3.471464416528E1,
-1.450156596418E2));
#8132=CARTESIAN_POINT('',(-1.524087217743E2,3.471549208844E1,
-1.450309898644E2));
#8133=CARTESIAN_POINT('',(-1.523653888917E2,3.471678024338E1,
-1.450533140954E2));
#8134=CARTESIAN_POINT('',(-1.523356311337E2,3.471770128309E1,
-1.450686446948E2));
#8135=CARTESIAN_POINT('',(-1.523203186214E2,3.471818508906E1,
-1.450765333936E2));
#8136=CARTESIAN_POINT('',(-1.523194517528E2,3.471821250977E1,
-1.450769799869E2));
#8137=(BOUNDED_SURFACE()B_SPLINE_SURFACE(3,3,((#8105,#8106,#8107,#8108,#8109,
#8110,#8111,#8112),(#8113,#8114,#8115,#8116,#8117,#8118,#8119,#8120),(#8121,
#8122,#8123,#8124,#8125,#8126,#8127,#8128),(#8129,#8130,#8131,#8132,#8133,#8134,
#8135,#8136)),.UNSPECIFIED.,.F.,.F.,.F.)B_SPLINE_SURFACE_WITH_KNOTS((4,4),(4,1,
1,1,1,4),(0.E0,1.E0),(-2.000960521405E-2,0.E0,3.333254073276E-1,
6.666607637513E-1,1.E0,1.020003345623E0),.UNSPECIFIED.)GEOMETRIC_REPRESENTATION_ITEM()RATIONAL_B_SPLINE_SURFACE(((1.176803704764E0,1.176803704764E0,
1.176803704764E0,1.176803704764E0,1.176803704764E0,1.176803704764E0,
1.176803704764E0,1.176803704764E0),(9.410654317454E-1,9.410654317454E-1,
9.410654317454E-1,9.410654317454E-1,9.410654317454E-1,9.410654317454E-1,
9.410654317454E-1,9.410654317454E-1),(9.410654317454E-1,9.410654317454E-1,
9.410654317454E-1,9.410654317454E-1,9.410654317454E-1,9.410654317454E-1,
9.410654317454E-1,9.410654317454E-1),(1.176803704764E0,1.176803704764E0,
1.176803704764E0,1.176803704764E0,1.176803704764E0,1.176803704764E0,
1.176803704764E0,1.176803704764E0)))REPRESENTATION_ITEM('')SURFACE());
#8138=ORIENTED_EDGE('',*,*,#8024,.T.);
#8139=ORIENTED_EDGE('',*,*,#8100,.T.);
#8141=ORIENTED_EDGE('',*,*,#8140,.F.);
#8143=ORIENTED_EDGE('',*,*,#8142,.F.);
#8144=EDGE_LOOP('',(#8138,#8139,#8141,#8143));
#8145=FACE_OUTER_BOUND('',#8144,.F.);
#8146=ADVANCED_FACE('',(#8145),#8137,.T.);
#8147=CARTESIAN_POINT('',(-1.675103080449E2,-5.85E1,-1.372967371070E2));
#8148=DIRECTION('',(4.579765438946E-1,0.E0,8.889642766964E-1));
#8149=DIRECTION('',(-8.889642766964E-1,0.E0,4.579765438946E-1));
#8150=AXIS2_PLACEMENT_3D('',#8147,#8148,#8149);
#8151=PLANE('',#8150);
#8152=ORIENTED_EDGE('',*,*,#8140,.T.);
#8153=ORIENTED_EDGE('',*,*,#5409,.T.);
#8155=ORIENTED_EDGE('',*,*,#8154,.T.);
#8156=ORIENTED_EDGE('',*,*,#5235,.T.);
#8157=ORIENTED_EDGE('',*,*,#5309,.T.);
#8158=ORIENTED_EDGE('',*,*,#5324,.T.);
#8160=ORIENTED_EDGE('',*,*,#8159,.T.);
#8162=ORIENTED_EDGE('',*,*,#8161,.T.);
#8163=EDGE_LOOP('',(#8152,#8153,#8155,#8156,#8157,#8158,#8160,#8162));
#8164=FACE_OUTER_BOUND('',#8163,.F.);
#8165=ADVANCED_FACE('',(#8164),#8151,.F.);
#8166=CARTESIAN_POINT('',(-1.523718297646E2,3.616737966807E1,
-1.451895530115E2));
#8167=CARTESIAN_POINT('',(-1.523490213943E2,3.619876583988E1,
-1.451452803809E2));
#8168=CARTESIAN_POINT('',(-1.523095875307E2,3.634172486637E1,
-1.450687365133E2));
#8169=CARTESIAN_POINT('',(-1.524090005523E2,3.699368431430E1,
-1.452617040922E2));
#8170=CARTESIAN_POINT('',(-1.529307075581E2,3.867603210352E1,
-1.462743736212E2));
#8171=CARTESIAN_POINT('',(-1.540305075254E2,4.154281227337E1,
-1.484091617354E2));
#8172=CARTESIAN_POINT('',(-1.556474202692E2,4.526432594964E1,
-1.515477016604E2));
#8173=CARTESIAN_POINT('',(-1.573517862406E2,4.879488393367E1,
-1.548559943737E2));
#8174=CARTESIAN_POINT('',(-1.586647043146E2,5.119631689283E1,
-1.574044595333E2));
#8175=CARTESIAN_POINT('',(-1.594354975705E2,5.233594282268E1,
-1.589006227721E2));
#8176=CARTESIAN_POINT('',(-1.597339252179E2,5.255258580652E1,
-1.594798915606E2));
#8177=CARTESIAN_POINT('',(-1.597993182960E2,5.246626841758E1,
-1.596068240664E2));
#8178=CARTESIAN_POINT('',(-1.598136558942E2,5.241647143127E1,
-1.596346543404E2));
#8180=DIRECTION('',(-8.889642766965E-1,0.E0,4.579765438945E-1));
#8181=VECTOR('',#8180,1.E0);
#8182=SURFACE_OF_LINEAR_EXTRUSION('',#8179,#8181);
#8184=ORIENTED_EDGE('',*,*,#8183,.F.);
#8186=ORIENTED_EDGE('',*,*,#8185,.F.);
#8188=ORIENTED_EDGE('',*,*,#8187,.T.);
#8189=ORIENTED_EDGE('',*,*,#8154,.F.);
#8190=EDGE_LOOP('',(#8184,#8186,#8188,#8189));
#8191=FACE_OUTER_BOUND('',#8190,.F.);
#8192=ADVANCED_FACE('',(#8191),#8182,.F.);
#8193=CARTESIAN_POINT('',(-8.366436852365E1,3.617075173286E1,
-1.330397048173E2));
#8194=CARTESIAN_POINT('',(-8.370529127432E1,3.619874085307E1,
-1.330019679974E2));
#8195=CARTESIAN_POINT('',(-8.375164555099E1,3.629795151950E1,
-1.329592225082E2));
#8196=CARTESIAN_POINT('',(-8.367605804428E1,3.676437862466E1,
-1.330289253529E2));
#8197=CARTESIAN_POINT('',(-8.318510495711E1,3.794025548082E1,
-1.334816566088E2));
#8198=CARTESIAN_POINT('',(-8.141042142150E1,4.094699276181E1,
-1.351181769337E2));
#8199=CARTESIAN_POINT('',(-7.841338039141E1,4.528505078181E1,
-1.378818913998E2));
#8200=CARTESIAN_POINT('',(-7.522639859365E1,4.935730571890E1,
-1.408207593064E2));
#8201=CARTESIAN_POINT('',(-7.302088119965E1,5.176425248700E1,
-1.428545720790E2));
#8202=CARTESIAN_POINT('',(-7.215913292579E1,5.242842625126E1,
-1.436492312601E2));
#8203=CARTESIAN_POINT('',(-7.181808689994E1,5.252885771010E1,
-1.439637260654E2));
#8204=CARTESIAN_POINT('',(-7.174589595681E1,5.246480284913E1,
-1.440302967769E2));
#8205=CARTESIAN_POINT('',(-7.172570045703E1,5.240873505385E1,
-1.440489200105E2));
#8207=CARTESIAN_POINT('',(-1.26E2,4.4425E1,-9.4E1));
#8208=DIRECTION('',(-8.249335167493E-14,1.E0,1.529564228973E-13));
#8209=AXIS1_PLACEMENT('',#8207,#8208);
#8210=SURFACE_OF_REVOLUTION('',#8206,#8209);
#8212=ORIENTED_EDGE('',*,*,#8211,.T.);
#8214=ORIENTED_EDGE('',*,*,#8213,.F.);
#8215=ORIENTED_EDGE('',*,*,#8183,.T.);
#8216=ORIENTED_EDGE('',*,*,#5407,.T.);
#8217=ORIENTED_EDGE('',*,*,#5405,.T.);
#8218=EDGE_LOOP('',(#8212,#8214,#8215,#8216,#8217));
#8219=FACE_OUTER_BOUND('',#8218,.F.);
#8220=ADVANCED_FACE('',(#8219),#8210,.T.);
#8221=CARTESIAN_POINT('',(-7.262699730914E1,3.373698843815E1,
-1.649126526220E2));
#8222=CARTESIAN_POINT('',(-7.727456492573E1,3.456327059004E1,
-1.549358442945E2));
#8223=CARTESIAN_POINT('',(-8.192213254231E1,3.538955274193E1,
-1.449590359670E2));
#8224=CARTESIAN_POINT('',(-8.656970015890E1,3.621583489383E1,
-1.349822276395E2));
#8225=CARTESIAN_POINT('',(-7.257470253450E1,3.377274950598E1,
-1.648882671681E2));
#8226=CARTESIAN_POINT('',(-7.722457309903E1,3.459745681836E1,
-1.549125327228E2));
#8227=CARTESIAN_POINT('',(-8.187444366356E1,3.542216413073E1,
-1.449367982776E2));
#8228=CARTESIAN_POINT('',(-8.652431422809E1,3.624687144310E1,
-1.349610638323E2));
#8229=CARTESIAN_POINT('',(-7.248449229387E1,3.393664980368E1,
-1.648462014420E2));
#8230=CARTESIAN_POINT('',(-7.713833552087E1,3.475413930401E1,
-1.548723194797E2));
#8231=CARTESIAN_POINT('',(-8.179217874786E1,3.557162880435E1,
-1.448984375173E2));
#8232=CARTESIAN_POINT('',(-8.644602197486E1,3.638911830468E1,
-1.349245555550E2));
#8233=CARTESIAN_POINT('',(-7.271085050569E1,3.468555196878E1,
-1.649517540097E2));
#8234=CARTESIAN_POINT('',(-7.735472541019E1,3.547006144933E1,
-1.549732237422E2));
#8235=CARTESIAN_POINT('',(-8.199860031468E1,3.625457092988E1,
-1.449946934747E2));
#8236=CARTESIAN_POINT('',(-8.664247521918E1,3.703908041043E1,
-1.350161632073E2));
#8237=CARTESIAN_POINT('',(-7.389682245966E1,3.661825022794E1,
-1.655047818142E2));
#8238=CARTESIAN_POINT('',(-7.848846974306E1,3.731764788776E1,
-1.555018974071E2));
#8239=CARTESIAN_POINT('',(-8.308011702647E1,3.801704554757E1,
-1.454990129999E2));
#8240=CARTESIAN_POINT('',(-8.767176430987E1,3.871644320739E1,
-1.354961285927E2));
#8241=CARTESIAN_POINT('',(-7.639726954052E1,3.991178428574E1,
-1.666707594368E2));
#8242=CARTESIAN_POINT('',(-8.087880258197E1,4.046614188097E1,
-1.566165279154E2));
#8243=CARTESIAN_POINT('',(-8.536033562341E1,4.102049947620E1,
-1.465622963939E2));
#8244=CARTESIAN_POINT('',(-8.984186866485E1,4.157485707142E1,
-1.365080648725E2));
#8245=CARTESIAN_POINT('',(-8.007333519117E1,4.418726117378E1,
-1.683849370015E2));
#8246=CARTESIAN_POINT('',(-8.439298231005E1,4.455333608149E1,
-1.582552168347E2));
#8247=CARTESIAN_POINT('',(-8.871262942894E1,4.491941098919E1,
-1.481254966678E2));
#8248=CARTESIAN_POINT('',(-9.303227654783E1,4.528548589690E1,
-1.379957765009E2));
#8249=CARTESIAN_POINT('',(-8.394823318748E1,4.824335084115E1,
-1.701918316121E2));
#8250=CARTESIAN_POINT('',(-8.809723824046E1,4.843080439645E1,
-1.599825397431E2));
#8251=CARTESIAN_POINT('',(-9.224624329345E1,4.861825795175E1,
-1.497732478741E2));
#8252=CARTESIAN_POINT('',(-9.639524834643E1,4.880571150705E1,
-1.395639560052E2));
#8253=CARTESIAN_POINT('',(-8.693318875336E1,5.100228893771E1,
-1.715837392501E2));
#8254=CARTESIAN_POINT('',(-9.095074286634E1,5.106824487024E1,
-1.613131508013E2));
#8255=CARTESIAN_POINT('',(-9.496829697933E1,5.113420080277E1,
-1.510425623525E2));
#8256=CARTESIAN_POINT('',(-9.898585109232E1,5.120015673530E1,
-1.407719739037E2));
#8257=CARTESIAN_POINT('',(-8.868480822662E1,5.231086420428E1,
-1.724005328310E2));
#8258=CARTESIAN_POINT('',(-9.262522483378E1,5.231919333163E1,
-1.620939745717E2));
#8259=CARTESIAN_POINT('',(-9.656564144094E1,5.232752245897E1,
-1.517874163124E2));
#8260=CARTESIAN_POINT('',(-1.005060580481E2,5.233585158632E1,
-1.414808580531E2));
#8261=CARTESIAN_POINT('',(-8.919966677497E1,5.250031989454E1,
-1.726406152993E2));
#8262=CARTESIAN_POINT('',(-9.311741013410E1,5.250030580933E1,
-1.623234843327E2));
#8263=CARTESIAN_POINT('',(-9.703515349324E1,5.250029172414E1,
-1.520063533662E2));
#8264=CARTESIAN_POINT('',(-1.009528968524E2,5.250027763893E1,
-1.416892223996E2));
#8265=CARTESIAN_POINT('',(-8.945459151887E1,5.249979523097E1,
-1.727594886771E2));
#8266=CARTESIAN_POINT('',(-9.336110854682E1,5.249980424711E1,
-1.624371227842E2));
#8267=CARTESIAN_POINT('',(-9.726762557477E1,5.249981326324E1,
-1.521147568913E2));
#8268=CARTESIAN_POINT('',(-1.011741426027E2,5.249982227938E1,
-1.417923909984E2));
#8269=CARTESIAN_POINT('',(-8.951246629511E1,5.246081297274E1,
-1.727864568431E2));
#8270=CARTESIAN_POINT('',(-9.341643556312E1,5.246254276772E1,
-1.624629052420E2));
#8271=CARTESIAN_POINT('',(-9.732040483112E1,5.246427256270E1,
-1.521393536409E2));
#8272=CARTESIAN_POINT('',(-1.012243740991E2,5.246600235769E1,
-1.418158020398E2));
#8273=CARTESIAN_POINT('',(-8.954478713736E1,5.240290920260E1,
-1.728015313489E2));
#8274=CARTESIAN_POINT('',(-9.344732471378E1,5.240718534251E1,
-1.624773211725E2));
#8275=CARTESIAN_POINT('',(-9.734986229020E1,5.241146148241E1,
-1.521531109962E2));
#8276=CARTESIAN_POINT('',(-1.012523998666E2,5.241573762232E1,
-1.418289008198E2));
#8277=B_SPLINE_SURFACE_WITH_KNOTS('',3,3,((#8221,#8222,#8223,#8224),(#8225,
#8226,#8227,#8228),(#8229,#8230,#8231,#8232),(#8233,#8234,#8235,#8236),(#8237,
#8238,#8239,#8240),(#8241,#8242,#8243,#8244),(#8245,#8246,#8247,#8248),(#8249,
#8250,#8251,#8252),(#8253,#8254,#8255,#8256),(#8257,#8258,#8259,#8260),(#8261,
#8262,#8263,#8264),(#8265,#8266,#8267,#8268),(#8269,#8270,#8271,#8272),(#8273,
#8274,#8275,#8276)),.UNSPECIFIED.,.F.,.F.,.F.,(4,1,1,1,1,1,1,1,1,1,1,4),(4,4),(
-7.967870136677E-2,0.E0,1.249894310580E-1,2.499788620959E-1,3.749682931338E-1,
4.999577241717E-1,6.249471552095E-1,7.499365862473E-1,8.749260172852E-1,
9.999154500976E-1,1.E0,1.079812106410E0),(8.748552493103E-7,1.000007624108E0),
.UNSPECIFIED.);
#8278=ORIENTED_EDGE('',*,*,#5441,.F.);
#8280=ORIENTED_EDGE('',*,*,#8279,.T.);
#8282=ORIENTED_EDGE('',*,*,#8281,.T.);
#8284=ORIENTED_EDGE('',*,*,#8283,.T.);
#8286=ORIENTED_EDGE('',*,*,#8285,.T.);
#8288=ORIENTED_EDGE('',*,*,#8287,.F.);
#8290=ORIENTED_EDGE('',*,*,#8289,.F.);
#8291=ORIENTED_EDGE('',*,*,#8211,.F.);
#8292=EDGE_LOOP('',(#8278,#8280,#8282,#8284,#8286,#8288,#8290,#8291));
#8293=FACE_OUTER_BOUND('',#8292,.F.);
#8294=ADVANCED_FACE('',(#8293),#8277,.F.);
#8295=CARTESIAN_POINT('',(-8.122290209730E1,5.4002E1,-1.533486717938E2));
#8296=DIRECTION('',(0.E0,-1.E0,0.E0));
#8297=DIRECTION('',(0.E0,0.E0,-1.E0));
#8298=AXIS2_PLACEMENT_3D('',#8295,#8296,#8297);
#8299=CYLINDRICAL_SURFACE('',#8298,3.E0);
#8300=ORIENTED_EDGE('',*,*,#5439,.T.);
#8301=ORIENTED_EDGE('',*,*,#5000,.F.);
#8303=ORIENTED_EDGE('',*,*,#8302,.T.);
#8304=ORIENTED_EDGE('',*,*,#8279,.F.);
#8305=EDGE_LOOP('',(#8300,#8301,#8303,#8304));
#8306=FACE_OUTER_BOUND('',#8305,.F.);
#8307=ADVANCED_FACE('',(#8306),#8299,.F.);
#8308=CARTESIAN_POINT('',(-8.064482776154E1,5.4002E1,-1.593207593737E2));
#8309=DIRECTION('',(0.E0,-1.E0,0.E0));
#8310=DIRECTION('',(0.E0,0.E0,-1.E0));
#8311=AXIS2_PLACEMENT_3D('',#8308,#8309,#8310);
#8312=CYLINDRICAL_SURFACE('',#8311,3.E0);
#8313=ORIENTED_EDGE('',*,*,#8302,.F.);
#8314=ORIENTED_EDGE('',*,*,#5014,.F.);
#8316=ORIENTED_EDGE('',*,*,#8315,.F.);
#8317=ORIENTED_EDGE('',*,*,#8281,.F.);
#8318=EDGE_LOOP('',(#8313,#8314,#8316,#8317));
#8319=FACE_OUTER_BOUND('',#8318,.F.);
#8320=ADVANCED_FACE('',(#8319),#8312,.T.);
#8321=CARTESIAN_POINT('',(-8.315493654565E1,5.4002E1,-1.635278193795E2));
#8322=DIRECTION('',(9.926749871281E-1,0.E0,1.208154374662E-1));
#8323=DIRECTION('',(-1.208154374662E-1,0.E0,9.926749871281E-1));
#8324=AXIS2_PLACEMENT_3D('',#8321,#8322,#8323);
#8325=PLANE('',#8324);
#8326=ORIENTED_EDGE('',*,*,#8315,.T.);
#8327=ORIENTED_EDGE('',*,*,#5028,.F.);
#8329=ORIENTED_EDGE('',*,*,#8328,.T.);
#8330=ORIENTED_EDGE('',*,*,#8283,.F.);
#8331=EDGE_LOOP('',(#8326,#8327,#8329,#8330));
#8332=FACE_OUTER_BOUND('',#8331,.F.);
#8333=ADVANCED_FACE('',(#8332),#8325,.F.);
#8334=CARTESIAN_POINT('',(-7.772364543274E1,5.4002E1,-1.667683558855E2));
#8335=DIRECTION('',(0.E0,-1.E0,0.E0));
#8336=DIRECTION('',(0.E0,0.E0,-1.E0));
#8337=AXIS2_PLACEMENT_3D('',#8334,#8335,#8336);
#8338=CYLINDRICAL_SURFACE('',#8337,5.E0);
#8339=ORIENTED_EDGE('',*,*,#8328,.F.);
#8340=ORIENTED_EDGE('',*,*,#5044,.F.);
#8341=ORIENTED_EDGE('',*,*,#5042,.F.);
#8343=ORIENTED_EDGE('',*,*,#8342,.T.);
#8345=ORIENTED_EDGE('',*,*,#8344,.F.);
#8347=ORIENTED_EDGE('',*,*,#8346,.F.);
#8348=ORIENTED_EDGE('',*,*,#8285,.F.);
#8349=EDGE_LOOP('',(#8339,#8340,#8341,#8343,#8345,#8347,#8348));
#8350=FACE_OUTER_BOUND('',#8349,.F.);
#8351=ADVANCED_FACE('',(#8350),#8338,.T.);
#8352=CARTESIAN_POINT('',(-7.45E1,5.4002E1,-1.740901118309E2));
#8353=DIRECTION('',(0.E0,-1.E0,0.E0));
#8354=DIRECTION('',(0.E0,0.E0,-1.E0));
#8355=AXIS2_PLACEMENT_3D('',#8352,#8353,#8354);
#8356=CYLINDRICAL_SURFACE('',#8355,3.E0);
#8357=ORIENTED_EDGE('',*,*,#8342,.F.);
#8358=ORIENTED_EDGE('',*,*,#5061,.F.);
#8359=ORIENTED_EDGE('',*,*,#5059,.F.);
#8361=ORIENTED_EDGE('',*,*,#8360,.T.);
#8363=ORIENTED_EDGE('',*,*,#8362,.T.);
#8365=ORIENTED_EDGE('',*,*,#8364,.T.);
#8366=EDGE_LOOP('',(#8357,#8358,#8359,#8361,#8363,#8365));
#8367=FACE_OUTER_BOUND('',#8366,.F.);
#8368=ADVANCED_FACE('',(#8367),#8356,.F.);
#8369=CARTESIAN_POINT('',(-7.15E1,-3.3502E1,-2.395E2));
#8370=DIRECTION('',(1.E0,0.E0,0.E0));
#8371=DIRECTION('',(0.E0,0.E0,1.E0));
#8372=AXIS2_PLACEMENT_3D('',#8369,#8370,#8371);
#8373=PLANE('',#8372);
#8374=ORIENTED_EDGE('',*,*,#8360,.F.);
#8375=ORIENTED_EDGE('',*,*,#5076,.F.);
#8376=ORIENTED_EDGE('',*,*,#5099,.T.);
#8378=ORIENTED_EDGE('',*,*,#8377,.F.);
#8380=ORIENTED_EDGE('',*,*,#8379,.T.);
#8381=EDGE_LOOP('',(#8374,#8375,#8376,#8378,#8380));
#8382=FACE_OUTER_BOUND('',#8381,.F.);
#8383=ADVANCED_FACE('',(#8382),#8373,.F.);
#8384=CARTESIAN_POINT('',(-9.537806922867E1,5.243946194960E1,-2.395E2));
#8385=CARTESIAN_POINT('',(-9.532967511145E1,5.247713955956E1,-2.395E2));
#8386=CARTESIAN_POINT('',(-9.510446747058E1,5.255249533937E1,-2.395E2));
#8387=CARTESIAN_POINT('',(-9.422268546301E1,5.225890572504E1,-2.395E2));
#8388=CARTESIAN_POINT('',(-9.175740225690E1,5.058960543537E1,-2.395E2));
#8389=CARTESIAN_POINT('',(-8.755647242915E1,4.707058732014E1,-2.395E2));
#8390=CARTESIAN_POINT('',(-8.210303097872E1,4.189696902128E1,-2.395E2));
#8391=CARTESIAN_POINT('',(-7.692941267986E1,3.644352757085E1,-2.395E2));
#8392=CARTESIAN_POINT('',(-7.341039456463E1,3.224259774310E1,-2.395E2));
#8393=CARTESIAN_POINT('',(-7.174109427496E1,2.977731453698E1,-2.395E2));
#8394=CARTESIAN_POINT('',(-7.144750466063E1,2.889553252944E1,-2.395E2));
#8395=CARTESIAN_POINT('',(-7.152286044043E1,2.867032488856E1,-2.395E2));
#8396=CARTESIAN_POINT('',(-7.156053805038E1,2.862193077135E1,-2.395E2));
#8398=DIRECTION('',(0.E0,0.E0,1.E0));
#8399=VECTOR('',#8398,1.E0);
#8400=SURFACE_OF_LINEAR_EXTRUSION('',#8397,#8399);
#8401=ORIENTED_EDGE('',*,*,#8377,.T.);
#8402=ORIENTED_EDGE('',*,*,#5097,.F.);
#8404=ORIENTED_EDGE('',*,*,#8403,.T.);
#8406=ORIENTED_EDGE('',*,*,#8405,.F.);
#8407=EDGE_LOOP('',(#8401,#8402,#8404,#8406));
#8408=FACE_OUTER_BOUND('',#8407,.F.);
#8409=ADVANCED_FACE('',(#8408),#8400,.T.);
#8410=CARTESIAN_POINT('',(-1.26E2,5.25E1,-2.395E2));
#8411=DIRECTION('',(0.E0,1.E0,0.E0));
#8412=DIRECTION('',(0.E0,0.E0,1.E0));
#8413=AXIS2_PLACEMENT_3D('',#8410,#8411,#8412);
#8414=PLANE('',#8413);
#8415=ORIENTED_EDGE('',*,*,#8403,.F.);
#8416=ORIENTED_EDGE('',*,*,#5095,.T.);
#8418=ORIENTED_EDGE('',*,*,#8417,.F.);
#8420=ORIENTED_EDGE('',*,*,#8419,.T.);
#8421=ORIENTED_EDGE('',*,*,#8185,.T.);
#8422=ORIENTED_EDGE('',*,*,#8213,.T.);
#8423=ORIENTED_EDGE('',*,*,#8289,.T.);
#8425=ORIENTED_EDGE('',*,*,#8424,.T.);
#8426=EDGE_LOOP('',(#8415,#8416,#8418,#8420,#8421,#8422,#8423,#8425));
#8427=FACE_OUTER_BOUND('',#8426,.F.);
#8428=ADVANCED_FACE('',(#8427),#8414,.F.);
#8429=CARTESIAN_POINT('',(-1.804394733614E2,2.861677051886E1,-2.395E2));
#8430=CARTESIAN_POINT('',(-1.804771445290E2,2.866517329974E1,-2.395E2));
#8431=CARTESIAN_POINT('',(-1.805524953395E2,2.889043447806E1,-2.395E2));
#8432=CARTESIAN_POINT('',(-1.802588533038E2,2.977237393041E1,-2.395E2));
#8433=CARTESIAN_POINT('',(-1.785891900572E2,3.223819316453E1,-2.395E2));
#8434=CARTESIAN_POINT('',(-1.750694067999E2,3.644003640286E1,-2.395E2));
#8435=CARTESIAN_POINT('',(-1.698946635984E2,4.189466359819E1,-2.395E2));
#8436=CARTESIAN_POINT('',(-1.644400364031E2,4.706940679984E1,-2.395E2));
#8437=CARTESIAN_POINT('',(-1.602381931649E2,5.058919005719E1,-2.395E2));
#8438=CARTESIAN_POINT('',(-1.577723739308E2,5.225885330383E1,-2.395E2));
#8439=CARTESIAN_POINT('',(-1.568904344784E2,5.255249533942E1,-2.395E2));
#8440=CARTESIAN_POINT('',(-1.566651733002E2,5.247714452900E1,-2.395E2));
#8441=CARTESIAN_POINT('',(-1.566167705194E2,5.243947336139E1,-2.395E2));
#8443=DIRECTION('',(0.E0,0.E0,1.E0));
#8444=VECTOR('',#8443,1.E0);
#8445=SURFACE_OF_LINEAR_EXTRUSION('',#8442,#8444);
#8446=ORIENTED_EDGE('',*,*,#8417,.T.);
#8447=ORIENTED_EDGE('',*,*,#5093,.F.);
#8448=ORIENTED_EDGE('',*,*,#5139,.T.);
#8450=ORIENTED_EDGE('',*,*,#8449,.F.);
#8451=EDGE_LOOP('',(#8446,#8447,#8448,#8450));
#8452=FACE_OUTER_BOUND('',#8451,.F.);
#8453=ADVANCED_FACE('',(#8452),#8445,.T.);
#8454=CARTESIAN_POINT('',(-1.564081067948E2,5.237514711098E1,
-2.355760950069E2));
#8455=CARTESIAN_POINT('',(-1.590450417342E2,5.238871501866E1,
-1.998996886785E2));
#8456=CARTESIAN_POINT('',(-1.616819766736E2,5.240228292633E1,
-1.642232823500E2));
#8457=CARTESIAN_POINT('',(-1.643189116131E2,5.241585083401E1,
-1.285468760216E2));
#8458=CARTESIAN_POINT('',(-1.564538451385E2,5.244952576512E1,
-2.355760954831E2));
#8459=CARTESIAN_POINT('',(-1.590864892399E2,5.245488512095E1,
-1.998996891547E2));
#8460=CARTESIAN_POINT('',(-1.617191333413E2,5.246024447677E1,
-1.642232828263E2));
#8461=CARTESIAN_POINT('',(-1.643517774427E2,5.246560383259E1,
-1.285468764978E2));
#8462=CARTESIAN_POINT('',(-1.565363817871E2,5.249977322188E1,
-2.355749486745E2));
#8463=CARTESIAN_POINT('',(-1.591595319454E2,5.249979806458E1,
-1.998987886534E2));
#8464=CARTESIAN_POINT('',(-1.617826821039E2,5.249982290729E1,
-1.642226286324E2));
#8465=CARTESIAN_POINT('',(-1.644058322622E2,5.249984774998E1,
-1.285464686113E2));
#8466=CARTESIAN_POINT('',(-1.568975950583E2,5.250035470718E1,
-2.355749490060E2));
#8467=CARTESIAN_POINT('',(-1.594812055495E2,5.250031585034E1,
-1.998987889137E2));
#8468=CARTESIAN_POINT('',(-1.620648160407E2,5.250027699348E1,
-1.642226288214E2));
#8469=CARTESIAN_POINT('',(-1.646484265319E2,5.250023813663E1,
-1.285464687292E2));
#8470=CARTESIAN_POINT('',(-1.576268281100E2,5.225715580790E1,
-2.355749487099E2));
#8471=CARTESIAN_POINT('',(-1.601306138161E2,5.228373848472E1,
-1.998987886813E2));
#8472=CARTESIAN_POINT('',(-1.626343995223E2,5.231032116156E1,
-1.642226286526E2));
#8473=CARTESIAN_POINT('',(-1.651381852284E2,5.233690383838E1,
-1.285464686239E2));
#8474=CARTESIAN_POINT('',(-1.601083497620E2,5.057698769722E1,
-2.355749488289E2));
#8475=CARTESIAN_POINT('',(-1.623404985707E2,5.078748804797E1,
-1.998987887747E2));
#8476=CARTESIAN_POINT('',(-1.645726473795E2,5.099798839872E1,
-1.642226287205E2));
#8477=CARTESIAN_POINT('',(-1.668047961882E2,5.120848874948E1,
-1.285464686662E2));
#8478=CARTESIAN_POINT('',(-1.643371404010E2,4.703460090956E1,
-2.355749487970E2));
#8479=CARTESIAN_POINT('',(-1.661063894398E2,4.763286460534E1,
-1.998987887496E2));
#8480=CARTESIAN_POINT('',(-1.678756384786E2,4.823112830112E1,
-1.642226287023E2));
#8481=CARTESIAN_POINT('',(-1.696448875174E2,4.882939199690E1,
-1.285464686549E2));
#8482=CARTESIAN_POINT('',(-1.698267136805E2,4.182671368079E1,
-2.355749488056E2));
#8483=CARTESIAN_POINT('',(-1.709950528278E2,4.299505282711E1,
-1.998987887564E2));
#8484=CARTESIAN_POINT('',(-1.721633919750E2,4.416339197343E1,
-1.642226287071E2));
#8485=CARTESIAN_POINT('',(-1.733317311223E2,4.533173111975E1,
-1.285464686579E2));
#8486=CARTESIAN_POINT('',(-1.750346009085E2,3.633714039756E1,
-2.355749488032E2));
#8487=CARTESIAN_POINT('',(-1.756328646032E2,3.810638943954E1,
-1.998987887545E2));
#8488=CARTESIAN_POINT('',(-1.762311282979E2,3.987563848152E1,
-1.642226287058E2));
#8489=CARTESIAN_POINT('',(-1.768293919927E2,4.164488752351E1,
-1.285464686571E2));
#8490=CARTESIAN_POINT('',(-1.785769877026E2,3.210834977399E1,
-2.355749488038E2));
#8491=CARTESIAN_POINT('',(-1.787874880564E2,3.434049857144E1,
-1.998987887550E2));
#8492=CARTESIAN_POINT('',(-1.789979884102E2,3.657264736890E1,
-1.642226287062E2));
#8493=CARTESIAN_POINT('',(-1.792084887641E2,3.880479616636E1,
-1.285464686573E2));
#8494=CARTESIAN_POINT('',(-1.802571557876E2,2.962682806318E1,
-2.355749488036E2));
#8495=CARTESIAN_POINT('',(-1.802837384531E2,3.213061381212E1,
-1.998987887548E2));
#8496=CARTESIAN_POINT('',(-1.803103211186E2,3.463439956107E1,
-1.642226287061E2));
#8497=CARTESIAN_POINT('',(-1.803369037841E2,3.713818531001E1,
-1.285464686573E2));
#8498=CARTESIAN_POINT('',(-1.805779972558E2,2.866478384657E1,
-2.355749488037E2));
#8499=CARTESIAN_POINT('',(-1.805694593749E2,3.127387867140E1,
-1.998987887549E2));
#8500=CARTESIAN_POINT('',(-1.805609214941E2,3.388297349623E1,
-1.642226287061E2));
#8501=CARTESIAN_POINT('',(-1.805523836132E2,3.649206832106E1,
-1.285464686573E2));
#8502=CARTESIAN_POINT('',(-1.804498318542E2,2.845448251070E1,
-2.355749488037E2));
#8503=CARTESIAN_POINT('',(-1.804553234532E2,3.108659773206E1,
-1.998987887549E2));
#8504=CARTESIAN_POINT('',(-1.804608150522E2,3.371871295342E1,
-1.642226287061E2));
#8505=CARTESIAN_POINT('',(-1.804663066513E2,3.635082817477E1,
-1.285464686573E2));
#8506=CARTESIAN_POINT('',(-1.803754931104E2,2.840862039086E1,
-2.355749488037E2));
#8507=CARTESIAN_POINT('',(-1.803891221154E2,3.104575585701E1,
-1.998987887549E2));
#8508=CARTESIAN_POINT('',(-1.804027511205E2,3.368289132315E1,
-1.642226287061E2));
#8509=CARTESIAN_POINT('',(-1.804163801255E2,3.632002678929E1,
-1.285464686573E2));
#8510=B_SPLINE_SURFACE_WITH_KNOTS('',3,3,((#8454,#8455,#8456,#8457),(#8458,
#8459,#8460,#8461),(#8462,#8463,#8464,#8465),(#8466,#8467,#8468,#8469),(#8470,
#8471,#8472,#8473),(#8474,#8475,#8476,#8477),(#8478,#8479,#8480,#8481),(#8482,
#8483,#8484,#8485),(#8486,#8487,#8488,#8489),(#8490,#8491,#8492,#8493),(#8494,
#8495,#8496,#8497),(#8498,#8499,#8500,#8501),(#8502,#8503,#8504,#8505),(#8506,
#8507,#8508,#8509)),.UNSPECIFIED.,.F.,.F.,.F.,(4,1,1,1,1,1,1,1,1,1,1,4),(4,4),(
-7.984723519917E-2,0.E0,2.699971977716E-5,1.250236247815E-1,2.500202498127E-1,
3.750168748437E-1,5.000134998748E-1,6.250101249060E-1,7.500067499370E-1,
8.750033749682E-1,1.E0,1.079847235197E0),(7.137472004468E-7,9.999999860048E-1),
.UNSPECIFIED.);
#8511=ORIENTED_EDGE('',*,*,#5154,.T.);
#8512=ORIENTED_EDGE('',*,*,#5173,.F.);
#8513=ORIENTED_EDGE('',*,*,#5171,.F.);
#8514=ORIENTED_EDGE('',*,*,#5187,.F.);
#8515=ORIENTED_EDGE('',*,*,#5204,.F.);
#8516=ORIENTED_EDGE('',*,*,#5202,.F.);
#8517=ORIENTED_EDGE('',*,*,#5221,.T.);
#8518=ORIENTED_EDGE('',*,*,#5219,.F.);
#8519=ORIENTED_EDGE('',*,*,#5237,.F.);
#8520=ORIENTED_EDGE('',*,*,#8187,.F.);
#8521=ORIENTED_EDGE('',*,*,#8419,.F.);
#8522=ORIENTED_EDGE('',*,*,#8449,.T.);
#8523=ORIENTED_EDGE('',*,*,#5137,.F.);
#8524=ORIENTED_EDGE('',*,*,#5156,.T.);
#8525=EDGE_LOOP('',(#8511,#8512,#8513,#8514,#8515,#8516,#8517,#8518,#8519,#8520,
#8521,#8522,#8523,#8524));
#8526=FACE_OUTER_BOUND('',#8525,.F.);
#8527=ADVANCED_FACE('',(#8526),#8510,.F.);
#8528=CARTESIAN_POINT('',(-7.159389113835E1,2.849081541908E1,
-2.348121195361E2));
#8529=CARTESIAN_POINT('',(-7.158730364553E1,3.017532296578E1,
-2.123538087841E2));
#8530=CARTESIAN_POINT('',(-7.158071615270E1,3.185983051249E1,
-1.898954980321E2));
#8531=CARTESIAN_POINT('',(-7.157412865988E1,3.354433805919E1,
-1.674371872801E2));
#8532=CARTESIAN_POINT('',(-7.153678222710E1,2.853920249782E1,
-2.348121195361E2));
#8533=CARTESIAN_POINT('',(-7.153420155057E1,3.022031516042E1,
-2.123538087841E2));
#8534=CARTESIAN_POINT('',(-7.153162087404E1,3.190142782301E1,
-1.898954980321E2));
#8535=CARTESIAN_POINT('',(-7.152904019750E1,3.358254048560E1,
-1.674371872801E2));
#8536=CARTESIAN_POINT('',(-7.143329863836E1,2.875756930232E1,
-2.348121195361E2));
#8537=CARTESIAN_POINT('',(-7.143797847022E1,3.042336113930E1,
-2.123538087841E2));
#8538=CARTESIAN_POINT('',(-7.144265830208E1,3.208915297627E1,
-1.898954980321E2));
#8539=CARTESIAN_POINT('',(-7.144733813395E1,3.375494481325E1,
-1.674371872801E2));
#8540=CARTESIAN_POINT('',(-7.174224980705E1,2.968387672130E1,
-2.348121195361E2));
#8541=CARTESIAN_POINT('',(-7.172525332694E1,3.128467793635E1,
-2.123538087841E2));
#8542=CARTESIAN_POINT('',(-7.170825684683E1,3.288547915140E1,
-1.898954980321E2));
#8543=CARTESIAN_POINT('',(-7.169126036673E1,3.448628036645E1,
-1.674371872801E2));
#8544=CARTESIAN_POINT('',(-7.341821414378E1,3.215919460514E1,
-2.348121195361E2));
#8545=CARTESIAN_POINT('',(-7.328363038937E1,3.358632513005E1,
-2.123538087841E2));
#8546=CARTESIAN_POINT('',(-7.314904663495E1,3.501345565496E1,
-1.898954980321E2));
#8547=CARTESIAN_POINT('',(-7.301446288054E1,3.644058617988E1,
-1.674371872801E2));
#8548=CARTESIAN_POINT('',(-7.695177142284E1,3.637744461273E1,
-2.348121195361E2));
#8549=CARTESIAN_POINT('',(-7.656926988166E1,3.750861864867E1,
-2.123538087841E2));
#8550=CARTESIAN_POINT('',(-7.618676834048E1,3.863979268461E1,
-1.898954980321E2));
#8551=CARTESIAN_POINT('',(-7.580426679930E1,3.977096672055E1,
-1.674371872801E2));
#8552=CARTESIAN_POINT('',(-8.214667166352E1,4.185332833648E1,
-2.348121195361E2));
#8553=CARTESIAN_POINT('',(-8.139969091105E1,4.260030908895E1,
-2.123538087841E2));
#8554=CARTESIAN_POINT('',(-8.065271015858E1,4.334728984142E1,
-1.898954980321E2));
#8555=CARTESIAN_POINT('',(-7.990572940611E1,4.409427059389E1,
-1.674371872801E2));
#8556=CARTESIAN_POINT('',(-8.762255538726E1,4.704822857716E1,
-2.348121195361E2));
#8557=CARTESIAN_POINT('',(-8.649138135132E1,4.743073011834E1,
-2.123538087841E2));
#8558=CARTESIAN_POINT('',(-8.536020731539E1,4.781323165952E1,
-1.898954980321E2));
#8559=CARTESIAN_POINT('',(-8.422903327945E1,4.819573320070E1,
-1.674371872801E2));
#8560=CARTESIAN_POINT('',(-9.184080539485E1,5.058178585622E1,
-2.348121195361E2));
#8561=CARTESIAN_POINT('',(-9.041367486994E1,5.071636961063E1,
-2.123538087841E2));
#8562=CARTESIAN_POINT('',(-8.898654434503E1,5.085095336505E1,
-1.898954980321E2));
#8563=CARTESIAN_POINT('',(-8.755941382012E1,5.098553711946E1,
-1.674371872801E2));
#8564=CARTESIAN_POINT('',(-9.431612327869E1,5.225775019295E1,
-2.348121195361E2));
#8565=CARTESIAN_POINT('',(-9.271532206364E1,5.227474667306E1,
-2.123538087841E2));
#8566=CARTESIAN_POINT('',(-9.111452084860E1,5.229174315317E1,
-1.898954980321E2));
#8567=CARTESIAN_POINT('',(-8.951371963355E1,5.230873963327E1,
-1.674371872801E2));
#8568=CARTESIAN_POINT('',(-9.524243069768E1,5.256670136165E1,
-2.348121195361E2));
#8569=CARTESIAN_POINT('',(-9.357663886071E1,5.256202152979E1,
-2.123538087841E2));
#8570=CARTESIAN_POINT('',(-9.191084702373E1,5.255734169792E1,
-1.898954980321E2));
#8571=CARTESIAN_POINT('',(-9.024505518675E1,5.255266186605E1,
-1.674371872801E2));
#8572=CARTESIAN_POINT('',(-9.546079750218E1,5.246321777290E1,
-2.348121195361E2));
#8573=CARTESIAN_POINT('',(-9.377968483959E1,5.246579844943E1,
-2.123538087841E2));
#8574=CARTESIAN_POINT('',(-9.209857217700E1,5.246837912596E1,
-1.898954980321E2));
#8575=CARTESIAN_POINT('',(-9.041745951441E1,5.247095980249E1,
-1.674371872801E2));
#8576=CARTESIAN_POINT('',(-9.550918458091E1,5.240610886164E1,
-2.348121195361E2));
#8577=CARTESIAN_POINT('',(-9.382467703421E1,5.241269635447E1,
-2.123538087841E2));
#8578=CARTESIAN_POINT('',(-9.214016948751E1,5.241928384729E1,
-1.898954980321E2));
#8579=CARTESIAN_POINT('',(-9.045566194081E1,5.242587134011E1,
-1.674371872801E2));
#8580=B_SPLINE_SURFACE_WITH_KNOTS('',3,3,((#8528,#8529,#8530,#8531),(#8532,
#8533,#8534,#8535),(#8536,#8537,#8538,#8539),(#8540,#8541,#8542,#8543),(#8544,
#8545,#8546,#8547),(#8548,#8549,#8550,#8551),(#8552,#8553,#8554,#8555),(#8556,
#8557,#8558,#8559),(#8560,#8561,#8562,#8563),(#8564,#8565,#8566,#8567),(#8568,
#8569,#8570,#8571),(#8572,#8573,#8574,#8575),(#8576,#8577,#8578,#8579)),
.UNSPECIFIED.,.F.,.F.,.F.,(4,1,1,1,1,1,1,1,1,1,4),(4,4),(-6.837309891952E-2,
0.E0,1.250000000020E-1,2.499999999987E-1,3.749999999954E-1,4.999999999921E-1,
6.249999999888E-1,7.499999999855E-1,8.749999999822E-1,1.E0,1.068373098906E0),(
1.240872910105E-6,9.999987431264E-1),.UNSPECIFIED.);
#8581=ORIENTED_EDGE('',*,*,#8344,.T.);
#8582=ORIENTED_EDGE('',*,*,#8364,.F.);
#8583=ORIENTED_EDGE('',*,*,#8362,.F.);
#8584=ORIENTED_EDGE('',*,*,#8379,.F.);
#8585=ORIENTED_EDGE('',*,*,#8405,.T.);
#8586=ORIENTED_EDGE('',*,*,#8424,.F.);
#8587=ORIENTED_EDGE('',*,*,#8287,.T.);
#8588=ORIENTED_EDGE('',*,*,#8346,.T.);
#8589=EDGE_LOOP('',(#8581,#8582,#8583,#8584,#8585,#8586,#8587,#8588));
#8590=FACE_OUTER_BOUND('',#8589,.F.);
#8591=ADVANCED_FACE('',(#8590),#8580,.F.);
#8592=CARTESIAN_POINT('',(-1.616597353492E2,3.389292289890E1,
-1.388565605691E2));
#8593=CARTESIAN_POINT('',(-1.616190968266E2,3.389247210298E1,
-1.388813719510E2));
#8594=CARTESIAN_POINT('',(-1.613970247496E2,3.388840573517E1,
-1.390171189069E2));
#8595=CARTESIAN_POINT('',(-1.610085264094E2,3.386638872304E1,
-1.392561413324E2));
#8596=CARTESIAN_POINT('',(-1.605098375274E2,3.381174426207E1,
-1.395659145269E2));
#8597=CARTESIAN_POINT('',(-1.601523132194E2,3.375760217280E1,
-1.397897386687E2));
#8598=CARTESIAN_POINT('',(-1.599608660112E2,3.372450278871E1,
-1.399100609948E2));
#8599=CARTESIAN_POINT('',(-1.599204329253E2,3.371733781640E1,
-1.399354924502E2));
#8600=CARTESIAN_POINT('',(-1.620496373973E2,3.363025978378E1,
-1.396206726550E2));
#8601=CARTESIAN_POINT('',(-1.620104673273E2,3.363288508935E1,
-1.396457923241E2));
#8602=CARTESIAN_POINT('',(-1.617961380863E2,3.364580192749E1,
-1.397833008198E2));
#8603=CARTESIAN_POINT('',(-1.614184805217E2,3.365507000206E1,
-1.400261089361E2));
#8604=CARTESIAN_POINT('',(-1.609283187870E2,3.364311619271E1,
-1.403417513984E2));
#8605=CARTESIAN_POINT('',(-1.605735171662E2,3.362084798877E1,
-1.405701388329E2));
#8606=CARTESIAN_POINT('',(-1.603825069595E2,3.360510741988E1,
-1.406929151201E2));
#8607=CARTESIAN_POINT('',(-1.603421219256E2,3.360162038613E1,
-1.407188640010E2));
#8608=CARTESIAN_POINT('',(-1.623503967224E2,3.425765521157E1,
-1.401870661685E2));
#8609=CARTESIAN_POINT('',(-1.623078287707E2,3.426262490412E1,
-1.402113935013E2));
#8610=CARTESIAN_POINT('',(-1.620748719778E2,3.428826771473E1,
-1.403444415531E2));
#8611=CARTESIAN_POINT('',(-1.616641190356E2,3.431897641712E1,
-1.405781624018E2));
#8612=CARTESIAN_POINT('',(-1.611311481245E2,3.433288914817E1,
-1.408791344353E2));
#8613=CARTESIAN_POINT('',(-1.607459792716E2,3.432809447001E1,
-1.410948016518E2));
#8614=CARTESIAN_POINT('',(-1.605390061038E2,3.432137216018E1,
-1.412099967987E2));
#8615=CARTESIAN_POINT('',(-1.604952656348E2,3.431977494562E1,
-1.412343095172E2));
#8616=CARTESIAN_POINT('',(-1.622484145814E2,3.512093023837E1,
-1.399651682522E2));
#8617=CARTESIAN_POINT('',(-1.622011253509E2,3.512506813453E1,
-1.399884287862E2));
#8618=CARTESIAN_POINT('',(-1.619425933803E2,3.514591043979E1,
-1.401154452711E2));
#8619=CARTESIAN_POINT('',(-1.614893171270E2,3.516585938272E1,
-1.403366810965E2));
#8620=CARTESIAN_POINT('',(-1.609068374163E2,3.516184375972E1,
-1.406177397144E2));
#8621=CARTESIAN_POINT('',(-1.604898750214E2,3.514190277703E1,
-1.408166664464E2));
#8622=CARTESIAN_POINT('',(-1.602671833499E2,3.512645492151E1,
-1.409221501307E2));
#8623=CARTESIAN_POINT('',(-1.602201826376E2,3.512298891119E1,
-1.409443791093E2));
#8624=(BOUNDED_SURFACE()B_SPLINE_SURFACE(3,3,((#8592,#8593,#8594,#8595,#8596,
#8597,#8598,#8599),(#8600,#8601,#8602,#8603,#8604,#8605,#8606,#8607),(#8608,
#8609,#8610,#8611,#8612,#8613,#8614,#8615),(#8616,#8617,#8618,#8619,#8620,#8621,
#8622,#8623)),.UNSPECIFIED.,.F.,.F.,.F.)B_SPLINE_SURFACE_WITH_KNOTS((4,4),(4,1,
1,1,1,4),(0.E0,1.E0),(-8.151516375703E-2,0.E0,3.638496483422E-1,
6.970548224733E-1,1.E0,1.081107982720E0),.UNSPECIFIED.)GEOMETRIC_REPRESENTATION_ITEM()RATIONAL_B_SPLINE_SURFACE(((1.352580558478E0,1.352580558478E0,
1.352580558478E0,1.352580558478E0,1.352580558478E0,1.352580558478E0,
1.352580558478E0,1.352580558478E0),(8.824731471740E-1,8.824731471740E-1,
8.824731471740E-1,8.824731471740E-1,8.824731471740E-1,8.824731471740E-1,
8.824731471740E-1,8.824731471740E-1),(8.824731471740E-1,8.824731471740E-1,
8.824731471740E-1,8.824731471740E-1,8.824731471740E-1,8.824731471740E-1,
8.824731471740E-1,8.824731471740E-1),(1.352580558478E0,1.352580558478E0,
1.352580558478E0,1.352580558478E0,1.352580558478E0,1.352580558478E0,
1.352580558478E0,1.352580558478E0)))REPRESENTATION_ITEM('')SURFACE());
#8625=ORIENTED_EDGE('',*,*,#7994,.T.);
#8627=ORIENTED_EDGE('',*,*,#8626,.T.);
#8628=ORIENTED_EDGE('',*,*,#8159,.F.);
#8629=ORIENTED_EDGE('',*,*,#5322,.F.);
#8630=EDGE_LOOP('',(#8625,#8627,#8628,#8629));
#8631=FACE_OUTER_BOUND('',#8630,.F.);
#8632=ADVANCED_FACE('',(#8631),#8624,.T.);
#8633=CARTESIAN_POINT('',(-1.601818059385E2,3.375981945393E1,
-1.397870956714E2));
#8634=CARTESIAN_POINT('',(-1.601348854223E2,3.375228625596E1,
-1.398112681791E2));
#8635=CARTESIAN_POINT('',(-1.600317728545E2,3.373648837961E1,
-1.398643897034E2));
#8636=CARTESIAN_POINT('',(-1.598719899605E2,3.371419258231E1,
-1.399467066418E2));
#8637=CARTESIAN_POINT('',(-1.596953771974E2,3.369159607171E1,
-1.400376939907E2));
#8638=CARTESIAN_POINT('',(-1.595049061221E2,3.366914111801E1,
-1.401358208638E2));
#8639=CARTESIAN_POINT('',(-1.592950227921E2,3.364633529562E1,
-1.402439485408E2));
#8640=CARTESIAN_POINT('',(-1.590646497502E2,3.362330268272E1,
-1.403626321058E2));
#8641=CARTESIAN_POINT('',(-1.588124863223E2,3.360020454883E1,
-1.404925416401E2));
#8642=CARTESIAN_POINT('',(-1.585376216246E2,3.357729297924E1,
-1.406341464127E2));
#8643=CARTESIAN_POINT('',(-1.582391137157E2,3.355493566195E1,
-1.407879316930E2));
#8644=CARTESIAN_POINT('',(-1.579161541676E2,3.353331573553E1,
-1.409543139668E2));
#8645=CARTESIAN_POINT('',(-1.575663883471E2,3.351243749745E1,
-1.411345062938E2));
#8646=CARTESIAN_POINT('',(-1.571873955036E2,3.349244790469E1,
-1.413297557961E2));
#8647=CARTESIAN_POINT('',(-1.567763409358E2,3.347358570949E1,
-1.415415228550E2));
#8648=CARTESIAN_POINT('',(-1.563291487579E2,3.345622502859E1,
-1.417719072849E2));
#8649=CARTESIAN_POINT('',(-1.558419117286E2,3.344096019465E1,
-1.420229220181E2));
#8650=CARTESIAN_POINT('',(-1.553121327693E2,3.342839402937E1,
-1.422958534993E2));
#8651=CARTESIAN_POINT('',(-1.547375392571E2,3.341930754703E1,
-1.425918725383E2));
#8652=CARTESIAN_POINT('',(-1.541146443727E2,3.341465582168E1,
-1.429127754743E2));
#8653=CARTESIAN_POINT('',(-1.534376439082E2,3.341565439317E1,
-1.432615525186E2));
#8654=CARTESIAN_POINT('',(-1.526999522003E2,3.342383199173E1,
-1.436415964728E2));
#8655=CARTESIAN_POINT('',(-1.521431956027E2,3.343596862310E1,
-1.439284262916E2));
#8656=CARTESIAN_POINT('',(-1.518314750816E2,3.344496835819E1,
-1.440890184443E2));
#8657=CARTESIAN_POINT('',(-1.517874767011E2,3.344628312241E1,
-1.441116855264E2));
#8658=CARTESIAN_POINT('',(-1.605630161195E2,3.364576777872E1,
-1.404913294968E2));
#8659=CARTESIAN_POINT('',(-1.605156172821E2,3.363815883846E1,
-1.405157484259E2));
#8660=CARTESIAN_POINT('',(-1.604115834838E2,3.362222067673E1,
-1.405693445497E2));
#8661=CARTESIAN_POINT('',(-1.602507086960E2,3.359977345216E1,
-1.406522240098E2));
#8662=CARTESIAN_POINT('',(-1.600731330983E2,3.357705424432E1,
-1.407437073918E2));
#8663=CARTESIAN_POINT('',(-1.598818058233E2,3.355449872935E1,
-1.408422753618E2));
#8664=CARTESIAN_POINT('',(-1.596711233632E2,3.353160634155E1,
-1.409508147345E2));
#8665=CARTESIAN_POINT('',(-1.594399873711E2,3.350849765432E1,
-1.410698913562E2));
#8666=CARTESIAN_POINT('',(-1.591870779252E2,3.348533133918E1,
-1.412001852240E2));
#8667=CARTESIAN_POINT('',(-1.589114649876E2,3.346235749301E1,
-1.413421754748E2));
#8668=CARTESIAN_POINT('',(-1.586121948106E2,3.343994326297E1,
-1.414963534603E2));
#8669=CARTESIAN_POINT('',(-1.582885589230E2,3.341827833222E1,
-1.416630841706E2));
#8670=CARTESIAN_POINT('',(-1.579381516939E2,3.339736191429E1,
-1.418436069384E2));
#8671=CARTESIAN_POINT('',(-1.575585365308E2,3.337733961445E1,
-1.420391770473E2));
#8672=CARTESIAN_POINT('',(-1.571468552982E2,3.335844869663E1,
-1.422512669513E2));
#8673=CARTESIAN_POINT('',(-1.566989956574E2,3.334106215737E1,
-1.424819952447E2));
#8674=CARTESIAN_POINT('',(-1.562110724121E2,3.332577590402E1,
-1.427333635026E2));
#8675=CARTESIAN_POINT('',(-1.556805906811E2,3.331319313897E1,
-1.430066570377E2));
#8676=CARTESIAN_POINT('',(-1.551052593805E2,3.330409501501E1,
-1.433030561704E2));
#8677=CARTESIAN_POINT('',(-1.544815760214E2,3.329943743228E1,
-1.436243653128E2));
#8678=CARTESIAN_POINT('',(-1.538037329026E2,3.330043726738E1,
-1.439735764756E2));
#8679=CARTESIAN_POINT('',(-1.530651223461E2,3.330862501473E1,
-1.443540938022E2));
#8680=CARTESIAN_POINT('',(-1.525076390416E2,3.332077731307E1,
-1.446412980058E2));
#8681=CARTESIAN_POINT('',(-1.521954823856E2,3.332978962539E1,
-1.448021148464E2));
#8682=CARTESIAN_POINT('',(-1.521514218044E2,3.333110624418E1,
-1.448248139731E2));
#8683=CARTESIAN_POINT('',(-1.607283496410E2,3.425103028087E1,
-1.410018248763E2));
#8684=CARTESIAN_POINT('',(-1.606834892127E2,3.424382329844E1,
-1.410249360681E2));
#8685=CARTESIAN_POINT('',(-1.605843443063E2,3.422862961922E1,
-1.410760135329E2));
#8686=CARTESIAN_POINT('',(-1.604292641058E2,3.420698600627E1,
-1.411559077380E2));
#8687=CARTESIAN_POINT('',(-1.602567981893E2,3.418491794220E1,
-1.412447587149E2));
#8688=CARTESIAN_POINT('',(-1.600700146928E2,3.416289609733E1,
-1.413409858214E2));
#8689=CARTESIAN_POINT('',(-1.598635731475E2,3.414046310476E1,
-1.414473403600E2));
#8690=CARTESIAN_POINT('',(-1.596364860676E2,3.411775813751E1,
-1.415643310634E2));
#8691=CARTESIAN_POINT('',(-1.593875356750E2,3.409495365441E1,
-1.416925853064E2));
#8692=CARTESIAN_POINT('',(-1.591158935830E2,3.407231030472E1,
-1.418325298573E2));
#8693=CARTESIAN_POINT('',(-1.588206686979E2,3.405019810583E1,
-1.419846237897E2));
#8694=CARTESIAN_POINT('',(-1.585006220863E2,3.402877200918E1,
-1.421495053771E2));
#8695=CARTESIAN_POINT('',(-1.581536187573E2,3.400805820846E1,
-1.423282745239E2));
#8696=CARTESIAN_POINT('',(-1.577773061913E2,3.398820948230E1,
-1.425221432011E2));
#8697=CARTESIAN_POINT('',(-1.573689506154E2,3.396947099296E1,
-1.427325197936E2));
#8698=CARTESIAN_POINT('',(-1.569246331432E2,3.395222168180E1,
-1.429614232328E2));
#8699=CARTESIAN_POINT('',(-1.564403515879E2,3.393704909943E1,
-1.432109153652E2));
#8700=CARTESIAN_POINT('',(-1.559135994059E2,3.392455442798E1,
-1.434822875115E2));
#8701=CARTESIAN_POINT('',(-1.553421834856E2,3.391551808513E1,
-1.437766695189E2));
#8702=CARTESIAN_POINT('',(-1.547226844949E2,3.391089158701E1,
-1.440958229587E2));
#8703=CARTESIAN_POINT('',(-1.540493132697E2,3.391188471619E1,
-1.444427302918E2));
#8704=CARTESIAN_POINT('',(-1.533155789645E2,3.392001860483E1,
-1.448207354715E2));
#8705=CARTESIAN_POINT('',(-1.527619522315E2,3.393208775990E1,
-1.451059528469E2));
#8706=CARTESIAN_POINT('',(-1.524521101065E2,3.394103332589E1,
-1.452655772877E2));
#8707=CARTESIAN_POINT('',(-1.524083796187E2,3.394234010265E1,
-1.452881063569E2));
#8708=CARTESIAN_POINT('',(-1.605257995270E2,3.501913104511E1,
-1.408492344068E2));
#8709=CARTESIAN_POINT('',(-1.604841604347E2,3.501243416220E1,
-1.408706860310E2));
#8710=CARTESIAN_POINT('',(-1.603912197152E2,3.499818525913E1,
-1.409185672233E2));
#8711=CARTESIAN_POINT('',(-1.602434930628E2,3.497756145940E1,
-1.409946730281E2));
#8712=CARTESIAN_POINT('',(-1.600775115230E2,3.495631972115E1,
-1.410801833843E2));
#8713=CARTESIAN_POINT('',(-1.598964942514E2,3.493497512360E1,
-1.411734398476E2));
#8714=CARTESIAN_POINT('',(-1.596954345855E2,3.491312512078E1,
-1.412770217500E2));
#8715=CARTESIAN_POINT('',(-1.594734857268E2,3.489093248928E1,
-1.413913653450E2));
#8716=CARTESIAN_POINT('',(-1.592295595210E2,3.486858718457E1,
-1.415170312279E2));
#8717=CARTESIAN_POINT('',(-1.589629565807E2,3.484636324728E1,
-1.416543797090E2));
#8718=CARTESIAN_POINT('',(-1.586728653223E2,3.482463433723E1,-1.418038289E2));
#8719=CARTESIAN_POINT('',(-1.583573736362E2,3.480351132999E1,
-1.419663638812E2));
#8720=CARTESIAN_POINT('',(-1.580146899840E2,3.478305465810E1,
-1.421429076173E2));
#8721=CARTESIAN_POINT('',(-1.576425685372E2,3.476342620345E1,
-1.423346171141E2));
#8722=CARTESIAN_POINT('',(-1.572384333440E2,3.474488115154E1,
-1.425428194501E2));
#8723=CARTESIAN_POINT('',(-1.567986110164E2,3.472780598797E1,
-1.427694070811E2));
#8724=CARTESIAN_POINT('',(-1.563189509019E2,3.471277765833E1,
-1.430165183400E2));
#8725=CARTESIAN_POINT('',(-1.557969316571E2,3.470039478095E1,
-1.432854521721E2));
#8726=CARTESIAN_POINT('',(-1.552304845011E2,3.469143684064E1,
-1.435772743719E2));
#8727=CARTESIAN_POINT('',(-1.546162956304E2,3.468684979005E1,
-1.438936921445E2));
#8728=CARTESIAN_POINT('',(-1.539485994056E2,3.468783440916E1,
-1.442376758314E2));
#8729=CARTESIAN_POINT('',(-1.532210532458E2,3.469589994909E1,
-1.446124930029E2));
#8730=CARTESIAN_POINT('',(-1.526723206462E2,3.470786359225E1,
-1.448951890190E2));
#8731=CARTESIAN_POINT('',(-1.523654157476E2,3.471672445463E1,
-1.450533002597E2));
#8732=CARTESIAN_POINT('',(-1.523221041608E2,3.471801874149E1,
-1.450756135195E2));
#8733=(BOUNDED_SURFACE()B_SPLINE_SURFACE(3,3,((#8633,#8634,#8635,#8636,#8637,
#8638,#8639,#8640,#8641,#8642,#8643,#8644,#8645,#8646,#8647,#8648,#8649,#8650,
#8651,#8652,#8653,#8654,#8655,#8656,#8657),(#8658,#8659,#8660,#8661,#8662,#8663,
#8664,#8665,#8666,#8667,#8668,#8669,#8670,#8671,#8672,#8673,#8674,#8675,#8676,
#8677,#8678,#8679,#8680,#8681,#8682),(#8683,#8684,#8685,#8686,#8687,#8688,#8689,
#8690,#8691,#8692,#8693,#8694,#8695,#8696,#8697,#8698,#8699,#8700,#8701,#8702,
#8703,#8704,#8705,#8706,#8707),(#8708,#8709,#8710,#8711,#8712,#8713,#8714,#8715,
#8716,#8717,#8718,#8719,#8720,#8721,#8722,#8723,#8724,#8725,#8726,#8727,#8728,
#8729,#8730,#8731,#8732)),.UNSPECIFIED.,.F.,.F.,.F.)B_SPLINE_SURFACE_WITH_KNOTS(
(4,4),(4,1,1,1,1,1,1,1,1,1,1,1,1,1,1,1,1,1,1,1,1,1,4),(0.E0,1.E0),(
-1.679574446284E-2,0.E0,2.031192680219E-2,4.121510930554E-2,6.448953018182E-2,
9.012666854500E-2,1.183441070727E-1,1.492910803761E-1,1.830429589431E-1,
2.196689137090E-1,2.593411209322E-1,3.023358316225E-1,3.489801871315E-1,
3.995400400189E-1,4.544275903458E-1,5.144002375993E-1,5.797921493136E-1,
6.504516209291E-1,7.270083009489E-1,8.102613329595E-1,9.009608533403E-1,1.E0,
1.016275655568E0),.UNSPECIFIED.)GEOMETRIC_REPRESENTATION_ITEM()RATIONAL_B_SPLINE_SURFACE(((1.298446662582E0,1.298446662582E0,1.298446662582E0,1.298446662582E0,
1.298446662582E0,1.298446662582E0,1.298446662582E0,1.298446662582E0,
1.298446662582E0,1.298446662582E0,1.298446662582E0,1.298446662582E0,
1.298446662582E0,1.298446662582E0,1.298446662582E0,1.298446662582E0,
1.298446662582E0,1.298446662582E0,1.298446662582E0,1.298446662582E0,
1.298446662582E0,1.298446662582E0,1.298446662582E0,1.298446662582E0,
1.298446662582E0),(9.005177791392E-1,9.005177791392E-1,9.005177791392E-1,
9.005177791392E-1,9.005177791392E-1,9.005177791392E-1,9.005177791392E-1,
9.005177791392E-1,9.005177791392E-1,9.005177791392E-1,9.005177791392E-1,
9.005177791392E-1,9.005177791392E-1,9.005177791392E-1,9.005177791392E-1,
9.005177791392E-1,9.005177791392E-1,9.005177791392E-1,9.005177791392E-1,
9.005177791392E-1,9.005177791392E-1,9.005177791392E-1,9.005177791392E-1,
9.005177791392E-1,9.005177791392E-1),(9.005177791392E-1,9.005177791392E-1,
9.005177791392E-1,9.005177791392E-1,9.005177791392E-1,9.005177791392E-1,
9.005177791392E-1,9.005177791392E-1,9.005177791392E-1,9.005177791392E-1,
9.005177791392E-1,9.005177791392E-1,9.005177791392E-1,9.005177791392E-1,
9.005177791392E-1,9.005177791392E-1,9.005177791392E-1,9.005177791392E-1,
9.005177791392E-1,9.005177791392E-1,9.005177791392E-1,9.005177791392E-1,
9.005177791392E-1,9.005177791392E-1,9.005177791392E-1),(1.298446662582E0,
1.298446662582E0,1.298446662582E0,1.298446662582E0,1.298446662582E0,
1.298446662582E0,1.298446662582E0,1.298446662582E0,1.298446662582E0,
1.298446662582E0,1.298446662582E0,1.298446662582E0,1.298446662582E0,
1.298446662582E0,1.298446662582E0,1.298446662582E0,1.298446662582E0,
1.298446662582E0,1.298446662582E0,1.298446662582E0,1.298446662582E0,
1.298446662582E0,1.298446662582E0,1.298446662582E0,1.298446662582E0)))REPRESENTATION_ITEM('')SURFACE());
#8735=ORIENTED_EDGE('',*,*,#8734,.T.);
#8736=ORIENTED_EDGE('',*,*,#8142,.T.);
#8737=ORIENTED_EDGE('',*,*,#8161,.F.);
#8738=ORIENTED_EDGE('',*,*,#8626,.F.);
#8739=EDGE_LOOP('',(#8735,#8736,#8737,#8738));
#8740=FACE_OUTER_BOUND('',#8739,.F.);
#8741=ADVANCED_FACE('',(#8740),#8733,.T.);
#8742=CARTESIAN_POINT('',(-1.556955641222E2,2.764950068032E1,
-1.382502801755E2));
#8743=CARTESIAN_POINT('',(-1.555446431396E2,3.142431537777E1,
-1.382919837333E2));
#8744=CARTESIAN_POINT('',(-1.580755760718E2,3.406239402434E1,
-1.392445379528E2));
#8745=CARTESIAN_POINT('',(-1.616370265152E2,3.384161628580E1,
-1.404864159074E2));
#8746=CARTESIAN_POINT('',(-1.555307852743E2,2.763400082492E1,
-1.387209936773E2));
#8747=CARTESIAN_POINT('',(-1.554959965560E2,3.117461393477E1,
-1.384521492514E2));
#8748=CARTESIAN_POINT('',(-1.577546577690E2,3.375770419373E1,
-1.393299168148E2));
#8749=CARTESIAN_POINT('',(-1.609742326986E2,3.385861206804E1,
-1.408364936262E2));
#8750=CARTESIAN_POINT('',(-1.551043550714E2,2.783816787111E1,
-1.395504595078E2));
#8751=CARTESIAN_POINT('',(-1.553034944998E2,3.085394797670E1,
-1.390795980843E2));
#8752=CARTESIAN_POINT('',(-1.570634751783E2,3.324315483854E1,
-1.398733369404E2));
#8753=CARTESIAN_POINT('',(-1.595623003466E2,3.388947486763E1,
-1.415610506950E2));
#8754=CARTESIAN_POINT('',(-1.542237501009E2,2.829617014551E1,
-1.405515996543E2));
#8755=CARTESIAN_POINT('',(-1.544601100121E2,3.078218982764E1,
-1.402739731125E2));
#8756=CARTESIAN_POINT('',(-1.555792358679E2,3.289158972455E1,
-1.411014821775E2));
#8757=CARTESIAN_POINT('',(-1.572039155578E2,3.391314168133E1,
-1.427552590061E2));
#8758=CARTESIAN_POINT('',(-1.531533725164E2,2.854871632494E1,
-1.413167688944E2));
#8759=CARTESIAN_POINT('',(-1.531736766611E2,3.082007859795E1,
-1.412782342545E2));
#8760=CARTESIAN_POINT('',(-1.537466504530E2,3.279695502108E1,
-1.422760095777E2));
#8761=CARTESIAN_POINT('',(-1.547103200018E2,3.392029030103E1,
-1.440280410097E2));
#8762=CARTESIAN_POINT('',(-1.523127082320E2,2.842837307345E1,
-1.416508837137E2));
#8763=CARTESIAN_POINT('',(-1.521078472088E2,3.079981145149E1,
-1.416677474660E2));
#8764=CARTESIAN_POINT('',(-1.523592827439E2,3.283881780948E1,
-1.428822187269E2));
#8765=CARTESIAN_POINT('',(-1.529895871868E2,3.391707184955E1,
-1.449202045780E2));
#8766=CARTESIAN_POINT('',(-1.518618439874E2,2.831220299237E1,
-1.417659784305E2));
#8767=CARTESIAN_POINT('',(-1.515779238338E2,3.079856093548E1,
-1.417717176247E2));
#8768=CARTESIAN_POINT('',(-1.516777918295E2,3.290147219670E1,
-1.431247758965E2));
#8769=CARTESIAN_POINT('',(-1.521278511857E2,3.391251960029E1,
-1.453695255847E2));
#8770=(BOUNDED_SURFACE()B_SPLINE_SURFACE(3,3,((#8742,#8743,#8744,#8745),(#8746,
#8747,#8748,#8749),(#8750,#8751,#8752,#8753),(#8754,#8755,#8756,#8757),(#8758,
#8759,#8760,#8761),(#8762,#8763,#8764,#8765),(#8766,#8767,#8768,#8769)),
.UNSPECIFIED.,.F.,.F.,.F.)B_SPLINE_SURFACE_WITH_KNOTS((4,1,1,1,4),(4,4),(
1.005428266774E-2,1.306266696794E-2,1.576833898031E-2,1.847401099267E-2,
2.144972330405E-2),(-2.392551424403E-2,1.023568196384E0),.UNSPECIFIED.)GEOMETRIC_REPRESENTATION_ITEM()RATIONAL_B_SPLINE_SURFACE(((1.014784818651E0,
7.939761754174E-1,7.939008795313E-1,1.014558930992E0),(1.013349874202E0,
8.139718717035E-1,8.139038836793E-1,1.013145910129E0),(1.010539119535E0,
8.531392392575E-1,8.530855657994E-1,1.010378099161E0),(1.007583707257E0,
8.943223849630E-1,8.942837627809E-1,1.007467840711E0),(1.006353140902E0,
9.114701087856E-1,9.114377536120E-1,1.006256075381E0),(1.006926555266E0,
9.034796813609E-1,9.034444059119E-1,1.006820728919E0),(1.007576982052E0,
8.944160995113E-1,8.943775115793E-1,1.007461218256E0)))REPRESENTATION_ITEM('')SURFACE());
#8771=ORIENTED_EDGE('',*,*,#8734,.F.);
#8772=ORIENTED_EDGE('',*,*,#7992,.T.);
#8774=ORIENTED_EDGE('',*,*,#8773,.F.);
#8775=ORIENTED_EDGE('',*,*,#8026,.T.);
#8776=EDGE_LOOP('',(#8771,#8772,#8774,#8775));
#8777=FACE_OUTER_BOUND('',#8776,.F.);
#8778=ADVANCED_FACE('',(#8777),#8770,.F.);
#8779=CARTESIAN_POINT('',(-1.505E2,5.4002E1,-1.364352447854E2));
#8780=DIRECTION('',(0.E0,-1.E0,0.E0));
#8781=DIRECTION('',(0.E0,0.E0,-1.E0));
#8782=AXIS2_PLACEMENT_3D('',#8779,#8780,#8781);
#8783=CYLINDRICAL_SURFACE('',#8782,5.5E0);
#8784=ORIENTED_EDGE('',*,*,#7990,.F.);
#8786=ORIENTED_EDGE('',*,*,#8785,.T.);
#8788=ORIENTED_EDGE('',*,*,#8787,.F.);
#8790=ORIENTED_EDGE('',*,*,#8789,.F.);
#8791=ORIENTED_EDGE('',*,*,#8028,.T.);
#8792=ORIENTED_EDGE('',*,*,#8773,.T.);
#8793=EDGE_LOOP('',(#8784,#8786,#8788,#8790,#8791,#8792));
#8794=FACE_OUTER_BOUND('',#8793,.F.);
#8795=ADVANCED_FACE('',(#8794),#8783,.T.);
#8796=CARTESIAN_POINT('',(-1.505E2,5.4002E1,-1.364352447854E2));
#8797=DIRECTION('',(0.E0,-1.E0,0.E0));
#8798=DIRECTION('',(0.E0,0.E0,-1.E0));
#8799=AXIS2_PLACEMENT_3D('',#8796,#8797,#8798);
#8800=CYLINDRICAL_SURFACE('',#8799,5.5E0);
#8801=ORIENTED_EDGE('',*,*,#7988,.F.);
#8802=ORIENTED_EDGE('',*,*,#8030,.T.);
#8803=ORIENTED_EDGE('',*,*,#8789,.T.);
#8805=ORIENTED_EDGE('',*,*,#8804,.F.);
#8806=ORIENTED_EDGE('',*,*,#8785,.F.);
#8807=EDGE_LOOP('',(#8801,#8802,#8803,#8805,#8806));
#8808=FACE_OUTER_BOUND('',#8807,.F.);
#8809=ADVANCED_FACE('',(#8808),#8800,.T.);
#8810=CARTESIAN_POINT('',(-4.05E1,1.275E1,-9.4E1));
#8811=DIRECTION('',(0.E0,-1.E0,0.E0));
#8812=DIRECTION('',(-1.E0,0.E0,0.E0));
#8813=AXIS2_PLACEMENT_3D('',#8810,#8811,#8812);
#8814=PLANE('',#8813);
#8815=ORIENTED_EDGE('',*,*,#8804,.T.);
#8816=ORIENTED_EDGE('',*,*,#8787,.T.);
#8817=EDGE_LOOP('',(#8815,#8816));
#8818=FACE_OUTER_BOUND('',#8817,.F.);
#8820=ORIENTED_EDGE('',*,*,#8819,.T.);
#8822=ORIENTED_EDGE('',*,*,#8821,.T.);
#8823=EDGE_LOOP('',(#8820,#8822));
#8824=FACE_BOUND('',#8823,.F.);
#8825=ADVANCED_FACE('',(#8818,#8824),#8814,.T.);
#8826=CARTESIAN_POINT('',(-1.505E2,3.635E1,-1.364352447854E2));
#8827=DIRECTION('',(0.E0,-1.E0,0.E0));
#8828=DIRECTION('',(0.E0,0.E0,-1.E0));
#8829=AXIS2_PLACEMENT_3D('',#8826,#8827,#8828);
#8830=CYLINDRICAL_SURFACE('',#8829,2.15E0);
#8832=ORIENTED_EDGE('',*,*,#8831,.F.);
#8834=ORIENTED_EDGE('',*,*,#8833,.T.);
#8835=ORIENTED_EDGE('',*,*,#8819,.F.);
#8837=ORIENTED_EDGE('',*,*,#8836,.F.);
#8838=EDGE_LOOP('',(#8832,#8834,#8835,#8837));
#8839=FACE_OUTER_BOUND('',#8838,.F.);
#8840=ADVANCED_FACE('',(#8839),#8830,.F.);
#8841=CARTESIAN_POINT('',(-1.505E2,2.15E1,-1.364352447854E2));
#8842=DIRECTION('',(0.E0,1.E0,0.E0));
#8843=DIRECTION('',(0.E0,0.E0,-1.E0));
#8844=AXIS2_PLACEMENT_3D('',#8841,#8842,#8843);
#8845=CONICAL_SURFACE('',#8844,2.400000000002E0,4.5E1);
#8847=ORIENTED_EDGE('',*,*,#8846,.F.);
#8849=ORIENTED_EDGE('',*,*,#8848,.F.);
#8850=ORIENTED_EDGE('',*,*,#8831,.T.);
#8852=ORIENTED_EDGE('',*,*,#8851,.T.);
#8853=EDGE_LOOP('',(#8847,#8849,#8850,#8852));
#8854=FACE_OUTER_BOUND('',#8853,.F.);
#8855=ADVANCED_FACE('',(#8854),#8845,.F.);
#8856=CARTESIAN_POINT('',(-1.54625E2,2.175E1,-1.364352447854E2));
#8857=DIRECTION('',(0.E0,1.E0,0.E0));
#8858=DIRECTION('',(0.E0,0.E0,1.E0));
#8859=AXIS2_PLACEMENT_3D('',#8856,#8857,#8858);
#8860=PLANE('',#8859);
#8862=ORIENTED_EDGE('',*,*,#8861,.T.);
#8864=ORIENTED_EDGE('',*,*,#8863,.T.);
#8865=EDGE_LOOP('',(#8862,#8864));
#8866=FACE_OUTER_BOUND('',#8865,.F.);
#8868=ORIENTED_EDGE('',*,*,#8867,.T.);
#8869=ORIENTED_EDGE('',*,*,#8846,.T.);
#8870=EDGE_LOOP('',(#8868,#8869));
#8871=FACE_BOUND('',#8870,.F.);
#8872=ADVANCED_FACE('',(#8866,#8871),#8860,.T.);
#8873=CARTESIAN_POINT('',(-1.505E2,3.635E1,-1.364352447854E2));
#8874=DIRECTION('',(0.E0,-1.E0,0.E0));
#8875=DIRECTION('',(0.E0,0.E0,-1.E0));
#8876=AXIS2_PLACEMENT_3D('',#8873,#8874,#8875);
#8877=CYLINDRICAL_SURFACE('',#8876,4.125E0);
#8878=ORIENTED_EDGE('',*,*,#8861,.F.);
#8880=ORIENTED_EDGE('',*,*,#8879,.F.);
#8881=ORIENTED_EDGE('',*,*,#5985,.F.);
#8883=ORIENTED_EDGE('',*,*,#8882,.T.);
#8884=EDGE_LOOP('',(#8878,#8880,#8881,#8883));
#8885=FACE_OUTER_BOUND('',#8884,.F.);
#8886=ADVANCED_FACE('',(#8885),#8877,.F.);
#8887=CARTESIAN_POINT('',(-1.505E2,3.635E1,-1.364352447854E2));
#8888=DIRECTION('',(0.E0,-1.E0,0.E0));
#8889=DIRECTION('',(0.E0,0.E0,-1.E0));
#8890=AXIS2_PLACEMENT_3D('',#8887,#8888,#8889);
#8891=CYLINDRICAL_SURFACE('',#8890,4.125E0);
#8892=ORIENTED_EDGE('',*,*,#8863,.F.);
#8893=ORIENTED_EDGE('',*,*,#8882,.F.);
#8894=ORIENTED_EDGE('',*,*,#5983,.F.);
#8895=ORIENTED_EDGE('',*,*,#8879,.T.);
#8896=EDGE_LOOP('',(#8892,#8893,#8894,#8895));
#8897=FACE_OUTER_BOUND('',#8896,.F.);
#8898=ADVANCED_FACE('',(#8897),#8891,.F.);
#8899=CARTESIAN_POINT('',(-1.505E2,2.15E1,-1.364352447854E2));
#8900=DIRECTION('',(0.E0,1.E0,0.E0));
#8901=DIRECTION('',(0.E0,0.E0,-1.E0));
#8902=AXIS2_PLACEMENT_3D('',#8899,#8900,#8901);
#8903=CONICAL_SURFACE('',#8902,2.400000000002E0,4.5E1);
#8904=ORIENTED_EDGE('',*,*,#8867,.F.);
#8905=ORIENTED_EDGE('',*,*,#8851,.F.);
#8907=ORIENTED_EDGE('',*,*,#8906,.T.);
#8908=ORIENTED_EDGE('',*,*,#8848,.T.);
#8909=EDGE_LOOP('',(#8904,#8905,#8907,#8908));
#8910=FACE_OUTER_BOUND('',#8909,.F.);
#8911=ADVANCED_FACE('',(#8910),#8903,.F.);
#8912=CARTESIAN_POINT('',(-1.505E2,3.635E1,-1.364352447854E2));
#8913=DIRECTION('',(0.E0,-1.E0,0.E0));
#8914=DIRECTION('',(0.E0,0.E0,-1.E0));
#8915=AXIS2_PLACEMENT_3D('',#8912,#8913,#8914);
#8916=CYLINDRICAL_SURFACE('',#8915,2.15E0);
#8917=ORIENTED_EDGE('',*,*,#8906,.F.);
#8918=ORIENTED_EDGE('',*,*,#8836,.T.);
#8919=ORIENTED_EDGE('',*,*,#8821,.F.);
#8920=ORIENTED_EDGE('',*,*,#8833,.F.);
#8921=EDGE_LOOP('',(#8917,#8918,#8919,#8920));
#8922=FACE_OUTER_BOUND('',#8921,.F.);
#8923=ADVANCED_FACE('',(#8922),#8916,.F.);
#8924=CARTESIAN_POINT('',(-1.683638810881E2,3.384571968525E1,
-8.759321066518E1));
#8925=CARTESIAN_POINT('',(-1.701825929222E2,3.394378267560E1,
-8.735796792325E1));
#8926=CARTESIAN_POINT('',(-1.715030167424E2,3.267866207045E1,
-8.718717847579E1));
#8927=CARTESIAN_POINT('',(-1.714980544064E2,3.084185747008E1,
-8.718782284997E1));
#8928=CARTESIAN_POINT('',(-1.684668300755E2,3.384573804225E1,
-8.838193818395E1));
#8929=CARTESIAN_POINT('',(-1.702624850968E2,3.394325617282E1,
-8.802268000564E1));
#8930=CARTESIAN_POINT('',(-1.715690401072E2,3.268523967310E1,
-8.776223619968E1));
#8931=CARTESIAN_POINT('',(-1.715722219381E2,3.085476637067E1,
-8.776292162702E1));
#8932=CARTESIAN_POINT('',(-1.686435067077E2,3.384564433801E1,
-8.915693536262E1));
#8933=CARTESIAN_POINT('',(-1.704488326252E2,3.394595591233E1,
-8.868345966022E1));
#8934=CARTESIAN_POINT('',(-1.717463688658E2,3.265151164042E1,
-8.833231504670E1));
#8935=CARTESIAN_POINT('',(-1.717065692451E2,3.078887169142E1,
-8.832798872539E1));
#8936=CARTESIAN_POINT('',(-1.689133587673E2,3.384545890054E1,
-8.992131501982E1));
#8937=CARTESIAN_POINT('',(-1.707251426901E2,3.395147609019E1,
-8.927170713737E1));
#8938=CARTESIAN_POINT('',(-1.720028738272E2,3.258254549839E1,
-8.881357195898E1));
#8939=CARTESIAN_POINT('',(-1.718869703948E2,3.065845909732E1,
-8.885511567341E1));
#8940=(BOUNDED_SURFACE()B_SPLINE_SURFACE(3,3,((#8924,#8925,#8926,#8927),(#8928,
#8929,#8930,#8931),(#8932,#8933,#8934,#8935),(#8936,#8937,#8938,#8939)),
.UNSPECIFIED.,.F.,.F.,.F.)B_SPLINE_SURFACE_WITH_KNOTS((4,4),(4,4),(
6.453298685905E-3,8.818116258088E-3),(-3.917566471283E-2,1.038280799202E0),
.UNSPECIFIED.)GEOMETRIC_REPRESENTATION_ITEM()RATIONAL_B_SPLINE_SURFACE(((
1.022440140134E0,8.089592637804E-1,8.087821075343E-1,1.021908671395E0),(
1.022324272103E0,8.099456887227E-1,8.097694472099E-1,1.021795547565E0),(
1.022913652750E0,8.049280857988E-1,8.047471913533E-1,1.022370969414E0),(
1.024138999866E0,7.944962786212E-1,7.943057105331E-1,1.023567295600E0)))REPRESENTATION_ITEM('')SURFACE());
#8941=ORIENTED_EDGE('',*,*,#5700,.T.);
#8942=ORIENTED_EDGE('',*,*,#5351,.F.);
#8944=ORIENTED_EDGE('',*,*,#8943,.T.);
#8945=ORIENTED_EDGE('',*,*,#5679,.F.);
#8946=EDGE_LOOP('',(#8941,#8942,#8944,#8945));
#8947=FACE_OUTER_BOUND('',#8946,.F.);
#8948=ADVANCED_FACE('',(#8947),#8940,.F.);
#8949=CARTESIAN_POINT('',(-1.794293867267E2,3.085E1,-8.617052785871E1));
#8950=DIRECTION('',(0.E0,-1.E0,0.E0));
#8951=DIRECTION('',(0.E0,0.E0,-1.E0));
#8952=AXIS2_PLACEMENT_3D('',#8949,#8950,#8951);
#8953=TOROIDAL_SURFACE('',#8952,1.1E1,3.E0);
#8955=ORIENTED_EDGE('',*,*,#8954,.T.);
#8957=ORIENTED_EDGE('',*,*,#8956,.T.);
#8958=ORIENTED_EDGE('',*,*,#8943,.F.);
#8959=ORIENTED_EDGE('',*,*,#5349,.F.);
#8960=EDGE_LOOP('',(#8955,#8957,#8958,#8959));
#8961=FACE_OUTER_BOUND('',#8960,.F.);
#8962=ADVANCED_FACE('',(#8961),#8953,.F.);
#8963=CARTESIAN_POINT('',(-1.775E2,3.085E1,-9.7E1));
#8964=DIRECTION('',(0.E0,-1.E0,0.E0));
#8965=DIRECTION('',(0.E0,0.E0,-1.E0));
#8966=AXIS2_PLACEMENT_3D('',#8963,#8964,#8965);
#8967=SPHERICAL_SURFACE('',#8966,3.E0);
#8969=ORIENTED_EDGE('',*,*,#8968,.T.);
#8970=ORIENTED_EDGE('',*,*,#8954,.F.);
#8971=ORIENTED_EDGE('',*,*,#5258,.T.);
#8972=EDGE_LOOP('',(#8969,#8970,#8971));
#8973=FACE_OUTER_BOUND('',#8972,.F.);
#8974=ADVANCED_FACE('',(#8973),#8967,.F.);
#8975=CARTESIAN_POINT('',(-1.775E2,3.3852E1,-9.7E1));
#8976=DIRECTION('',(0.E0,-1.E0,0.E0));
#8977=DIRECTION('',(0.E0,0.E0,-1.E0));
#8978=AXIS2_PLACEMENT_3D('',#8975,#8976,#8977);
#8979=CYLINDRICAL_SURFACE('',#8978,3.E0);
#8981=ORIENTED_EDGE('',*,*,#8980,.F.);
#8982=ORIENTED_EDGE('',*,*,#8968,.F.);
#8983=ORIENTED_EDGE('',*,*,#5245,.T.);
#8984=ORIENTED_EDGE('',*,*,#5662,.F.);
#8985=ORIENTED_EDGE('',*,*,#5683,.F.);
#8986=EDGE_LOOP('',(#8981,#8982,#8983,#8984,#8985));
#8987=FACE_OUTER_BOUND('',#8986,.F.);
#8988=ADVANCED_FACE('',(#8987),#8979,.F.);
#8989=CARTESIAN_POINT('',(-1.794293867267E2,3.3852E1,-8.617052785871E1));
#8990=DIRECTION('',(0.E0,-1.E0,0.E0));
#8991=DIRECTION('',(0.E0,0.E0,-1.E0));
#8992=AXIS2_PLACEMENT_3D('',#8989,#8990,#8991);
#8993=CYLINDRICAL_SURFACE('',#8992,8.E0);
#8994=ORIENTED_EDGE('',*,*,#5681,.T.);
#8995=ORIENTED_EDGE('',*,*,#8956,.F.);
#8996=ORIENTED_EDGE('',*,*,#8980,.T.);
#8997=EDGE_LOOP('',(#8994,#8995,#8996));
#8998=FACE_OUTER_BOUND('',#8997,.F.);
#8999=ADVANCED_FACE('',(#8998),#8993,.T.);
#9000=CARTESIAN_POINT('',(-8.064482776154E1,1.3E1,-1.593207593737E2));
#9001=DIRECTION('',(0.E0,-1.E0,0.E0));
#9002=DIRECTION('',(0.E0,0.E0,-1.E0));
#9003=AXIS2_PLACEMENT_3D('',#9000,#9001,#9002);
#9004=CONICAL_SURFACE('',#9003,1.75E0,4.5E1);
#9005=ORIENTED_EDGE('',*,*,#4728,.F.);
#9007=ORIENTED_EDGE('',*,*,#9006,.F.);
#9009=ORIENTED_EDGE('',*,*,#9008,.T.);
#9011=ORIENTED_EDGE('',*,*,#9010,.T.);
#9012=EDGE_LOOP('',(#9005,#9007,#9009,#9011));
#9013=FACE_OUTER_BOUND('',#9012,.F.);
#9014=ADVANCED_FACE('',(#9013),#9004,.F.);
#9015=CARTESIAN_POINT('',(-8.064482776154E1,1.3E1,-1.593207593737E2));
#9016=DIRECTION('',(0.E0,-1.E0,0.E0));
#9017=DIRECTION('',(0.E0,0.E0,-1.E0));
#9018=AXIS2_PLACEMENT_3D('',#9015,#9016,#9017);
#9019=CONICAL_SURFACE('',#9018,1.75E0,4.5E1);
#9020=ORIENTED_EDGE('',*,*,#4730,.F.);
#9021=ORIENTED_EDGE('',*,*,#9010,.F.);
#9023=ORIENTED_EDGE('',*,*,#9022,.T.);
#9024=ORIENTED_EDGE('',*,*,#9006,.T.);
#9025=EDGE_LOOP('',(#9020,#9021,#9023,#9024));
#9026=FACE_OUTER_BOUND('',#9025,.F.);
#9027=ADVANCED_FACE('',(#9026),#9019,.F.);
#9028=CARTESIAN_POINT('',(-8.064482776154E1,1.275E1,-1.593207593737E2));
#9029=DIRECTION('',(0.E0,1.E0,0.E0));
#9030=DIRECTION('',(0.E0,0.E0,1.E0));
#9031=AXIS2_PLACEMENT_3D('',#9028,#9029,#9030);
#9032=CYLINDRICAL_SURFACE('',#9031,1.5E0);
#9033=ORIENTED_EDGE('',*,*,#9022,.F.);
#9035=ORIENTED_EDGE('',*,*,#9034,.T.);
#9037=ORIENTED_EDGE('',*,*,#9036,.F.);
#9039=ORIENTED_EDGE('',*,*,#9038,.F.);
#9040=EDGE_LOOP('',(#9033,#9035,#9037,#9039));
#9041=FACE_OUTER_BOUND('',#9040,.F.);
#9042=ADVANCED_FACE('',(#9041),#9032,.F.);
#9043=CARTESIAN_POINT('',(-8.064482776154E1,1.275E1,-1.593207593737E2));
#9044=DIRECTION('',(0.E0,1.E0,0.E0));
#9045=DIRECTION('',(0.E0,0.E0,1.E0));
#9046=AXIS2_PLACEMENT_3D('',#9043,#9044,#9045);
#9047=CYLINDRICAL_SURFACE('',#9046,1.5E0);
#9048=ORIENTED_EDGE('',*,*,#9008,.F.);
#9049=ORIENTED_EDGE('',*,*,#9038,.T.);
#9051=ORIENTED_EDGE('',*,*,#9050,.F.);
#9052=ORIENTED_EDGE('',*,*,#9034,.F.);
#9053=EDGE_LOOP('',(#9048,#9049,#9051,#9052));
#9054=FACE_OUTER_BOUND('',#9053,.F.);
#9055=ADVANCED_FACE('',(#9054),#9047,.F.);
#9056=CARTESIAN_POINT('',(-8.064482776154E1,1.912692394993E1,
-1.593207593737E2));
#9057=DIRECTION('',(0.E0,-1.E0,0.E0));
#9058=DIRECTION('',(0.E0,0.E0,-1.E0));
#9059=AXIS2_PLACEMENT_3D('',#9056,#9057,#9058);
#9060=CONICAL_SURFACE('',#9059,8.726932037169E-1,5.9E1);
#9061=ORIENTED_EDGE('',*,*,#9050,.T.);
#9063=ORIENTED_EDGE('',*,*,#9062,.F.);
#9065=ORIENTED_EDGE('',*,*,#9064,.T.);
#9066=EDGE_LOOP('',(#9061,#9063,#9065));
#9067=FACE_OUTER_BOUND('',#9066,.F.);
#9068=ADVANCED_FACE('',(#9067),#9060,.F.);
#9069=CARTESIAN_POINT('',(-8.064482776154E1,1.912692394993E1,
-1.593207593737E2));
#9070=DIRECTION('',(0.E0,-1.E0,0.E0));
#9071=DIRECTION('',(0.E0,0.E0,-1.E0));
#9072=AXIS2_PLACEMENT_3D('',#9069,#9070,#9071);
#9073=CONICAL_SURFACE('',#9072,8.726932037169E-1,5.9E1);
#9074=ORIENTED_EDGE('',*,*,#9036,.T.);
#9075=ORIENTED_EDGE('',*,*,#9064,.F.);
#9076=ORIENTED_EDGE('',*,*,#9062,.T.);
#9077=EDGE_LOOP('',(#9074,#9075,#9076));
#9078=FACE_OUTER_BOUND('',#9077,.F.);
#9079=ADVANCED_FACE('',(#9078),#9073,.F.);
#9080=CARTESIAN_POINT('',(-1.755E2,1.3E1,-1.587839961741E2));
#9081=DIRECTION('',(0.E0,-1.E0,0.E0));
#9082=DIRECTION('',(0.E0,0.E0,-1.E0));
#9083=AXIS2_PLACEMENT_3D('',#9080,#9081,#9082);
#9084=CONICAL_SURFACE('',#9083,1.749999999999E0,4.5E1);
#9085=ORIENTED_EDGE('',*,*,#4734,.F.);
#9087=ORIENTED_EDGE('',*,*,#9086,.F.);
#9089=ORIENTED_EDGE('',*,*,#9088,.T.);
#9091=ORIENTED_EDGE('',*,*,#9090,.T.);
#9092=EDGE_LOOP('',(#9085,#9087,#9089,#9091));
#9093=FACE_OUTER_BOUND('',#9092,.F.);
#9094=ADVANCED_FACE('',(#9093),#9084,.F.);
#9095=CARTESIAN_POINT('',(-1.755E2,1.3E1,-1.587839961741E2));
#9096=DIRECTION('',(0.E0,-1.E0,0.E0));
#9097=DIRECTION('',(0.E0,0.E0,-1.E0));
#9098=AXIS2_PLACEMENT_3D('',#9095,#9096,#9097);
#9099=CONICAL_SURFACE('',#9098,1.75E0,4.5E1);
#9100=ORIENTED_EDGE('',*,*,#4736,.F.);
#9101=ORIENTED_EDGE('',*,*,#9090,.F.);
#9103=ORIENTED_EDGE('',*,*,#9102,.T.);
#9104=ORIENTED_EDGE('',*,*,#9086,.T.);
#9105=EDGE_LOOP('',(#9100,#9101,#9103,#9104));
#9106=FACE_OUTER_BOUND('',#9105,.F.);
#9107=ADVANCED_FACE('',(#9106),#9099,.F.);
#9108=CARTESIAN_POINT('',(-1.755E2,1.275E1,-1.587839961741E2));
#9109=DIRECTION('',(0.E0,1.E0,0.E0));
#9110=DIRECTION('',(0.E0,0.E0,1.E0));
#9111=AXIS2_PLACEMENT_3D('',#9108,#9109,#9110);
#9112=CYLINDRICAL_SURFACE('',#9111,1.5E0);
#9113=ORIENTED_EDGE('',*,*,#9102,.F.);
#9115=ORIENTED_EDGE('',*,*,#9114,.T.);
#9117=ORIENTED_EDGE('',*,*,#9116,.F.);
#9119=ORIENTED_EDGE('',*,*,#9118,.F.);
#9120=EDGE_LOOP('',(#9113,#9115,#9117,#9119));
#9121=FACE_OUTER_BOUND('',#9120,.F.);
#9122=ADVANCED_FACE('',(#9121),#9112,.F.);
#9123=CARTESIAN_POINT('',(-1.755E2,1.275E1,-1.587839961741E2));
#9124=DIRECTION('',(0.E0,1.E0,0.E0));
#9125=DIRECTION('',(0.E0,0.E0,1.E0));
#9126=AXIS2_PLACEMENT_3D('',#9123,#9124,#9125);
#9127=CYLINDRICAL_SURFACE('',#9126,1.5E0);
#9128=ORIENTED_EDGE('',*,*,#9088,.F.);
#9129=ORIENTED_EDGE('',*,*,#9118,.T.);
#9131=ORIENTED_EDGE('',*,*,#9130,.F.);
#9132=ORIENTED_EDGE('',*,*,#9114,.F.);
#9133=EDGE_LOOP('',(#9128,#9129,#9131,#9132));
#9134=FACE_OUTER_BOUND('',#9133,.F.);
#9135=ADVANCED_FACE('',(#9134),#9127,.F.);
#9136=CARTESIAN_POINT('',(-1.755E2,1.912692394993E1,-1.587839961741E2));
#9137=DIRECTION('',(0.E0,-1.E0,0.E0));
#9138=DIRECTION('',(0.E0,0.E0,-1.E0));
#9139=AXIS2_PLACEMENT_3D('',#9136,#9137,#9138);
#9140=CONICAL_SURFACE('',#9139,8.726932037169E-1,5.9E1);
#9141=ORIENTED_EDGE('',*,*,#9130,.T.);
#9143=ORIENTED_EDGE('',*,*,#9142,.F.);
#9145=ORIENTED_EDGE('',*,*,#9144,.T.);
#9146=EDGE_LOOP('',(#9141,#9143,#9145));
#9147=FACE_OUTER_BOUND('',#9146,.F.);
#9148=ADVANCED_FACE('',(#9147),#9140,.F.);
#9149=CARTESIAN_POINT('',(-1.755E2,1.912692394993E1,-1.587839961741E2));
#9150=DIRECTION('',(0.E0,-1.E0,0.E0));
#9151=DIRECTION('',(0.E0,0.E0,-1.E0));
#9152=AXIS2_PLACEMENT_3D('',#9149,#9150,#9151);
#9153=CONICAL_SURFACE('',#9152,8.726932037169E-1,5.9E1);
#9154=ORIENTED_EDGE('',*,*,#9116,.T.);
#9155=ORIENTED_EDGE('',*,*,#9144,.F.);
#9156=ORIENTED_EDGE('',*,*,#9142,.T.);
#9157=EDGE_LOOP('',(#9154,#9155,#9156));
#9158=FACE_OUTER_BOUND('',#9157,.F.);
#9159=ADVANCED_FACE('',(#9158),#9153,.F.);
#9163=DIMENSIONAL_EXPONENTS(0.E0,0.E0,0.E0,0.E0,0.E0,0.E0,0.E0);
#9165=PLANE_ANGLE_MEASURE_WITH_UNIT(PLANE_ANGLE_MEASURE(1.745329251994E-2),
#9164);
#9166=(CONVERSION_BASED_UNIT('DEGREE',#9165)NAMED_UNIT(*)PLANE_ANGLE_UNIT());
#9168=UNCERTAINTY_MEASURE_WITH_UNIT(LENGTH_MEASURE(2.385537725825E-2),#9162,
'closure',
'Maximum model space distance between geometric entities at asserted connectivities');
#9169=(GEOMETRIC_REPRESENTATION_CONTEXT(3)GLOBAL_UNCERTAINTY_ASSIGNED_CONTEXT((
#9168))GLOBAL_UNIT_ASSIGNED_CONTEXT((#9162,#9166,#9167))REPRESENTATION_CONTEXT(
'ID1','3'));
#9171=APPLICATION_CONTEXT(
'CONFIGURATION CONTROLLED 3D DESIGNS OF MECHANICAL PARTS AND ASSEMBLIES');
#9172=APPLICATION_PROTOCOL_DEFINITION('international standard',
'config_control_design',1994,#9171);
#9173=DESIGN_CONTEXT('',#9171,'design');
#9174=MECHANICAL_CONTEXT('',#9171,'mechanical');
#9175=PRODUCT('_60610001','_60610001','NOT SPECIFIED',(#9174));
#9176=PRODUCT_DEFINITION_FORMATION_WITH_SPECIFIED_SOURCE('1','LAST_VERSION',
#9175,.MADE.);
#9180=PRODUCT_CATEGORY('part','');
#9181=PRODUCT_RELATED_PRODUCT_CATEGORY('detail','',(#9175));
#9182=PRODUCT_CATEGORY_RELATIONSHIP('','',#9180,#9181);
#9183=SECURITY_CLASSIFICATION_LEVEL('unclassified');
#9184=SECURITY_CLASSIFICATION('','',#9183);
#9185=CC_DESIGN_SECURITY_CLASSIFICATION(#9184,(#9176));
#9186=APPROVAL_STATUS('approved');
#9187=APPROVAL(#9186,'');
#9188=CC_DESIGN_APPROVAL(#9187,(#9184,#9176,#9177));
#9189=CALENDAR_DATE(125,13,7);
#9190=COORDINATED_UNIVERSAL_TIME_OFFSET(8,0,.AHEAD.);
#9191=LOCAL_TIME(10,17,0.E0,#9190);
#9192=DATE_AND_TIME(#9189,#9191);
#9193=APPROVAL_DATE_TIME(#9192,#9187);
#9194=DATE_TIME_ROLE('creation_date');
#9195=CC_DESIGN_DATE_AND_TIME_ASSIGNMENT(#9192,#9194,(#9177));
#9196=DATE_TIME_ROLE('classification_date');
#9197=CC_DESIGN_DATE_AND_TIME_ASSIGNMENT(#9192,#9196,(#9184));
#9198=PERSON('UNSPECIFIED','UNSPECIFIED',$,$,$,$);
#9199=ORGANIZATION('UNSPECIFIED','UNSPECIFIED','UNSPECIFIED');
#9200=PERSON_AND_ORGANIZATION(#9198,#9199);
#9201=APPROVAL_ROLE('approver');
#9202=APPROVAL_PERSON_ORGANIZATION(#9200,#9187,#9201);
#9203=PERSON_AND_ORGANIZATION_ROLE('creator');
#9204=CC_DESIGN_PERSON_AND_ORGANIZATION_ASSIGNMENT(#9200,#9203,(#9176,#9177));
#9205=PERSON_AND_ORGANIZATION_ROLE('design_supplier');
#9206=CC_DESIGN_PERSON_AND_ORGANIZATION_ASSIGNMENT(#9200,#9205,(#9176));
#9207=PERSON_AND_ORGANIZATION_ROLE('classification_officer');
#9208=CC_DESIGN_PERSON_AND_ORGANIZATION_ASSIGNMENT(#9200,#9207,(#9184));
#9209=PERSON_AND_ORGANIZATION_ROLE('design_owner');
#9210=CC_DESIGN_PERSON_AND_ORGANIZATION_ASSIGNMENT(#9200,#9209,(#9175));
#17=CIRCLE('',#16,3.5E0);
#22=CIRCLE('',#21,3.5E0);
#35=CIRCLE('',#34,5.6E1);
#40=CIRCLE('',#39,5.6E1);
#57=CIRCLE('',#56,3.5E0);
#62=CIRCLE('',#61,3.5E0);
#67=CIRCLE('',#66,4.5E0);
#72=CIRCLE('',#71,4.5E0);
#81=CIRCLE('',#80,2.5E0);
#86=CIRCLE('',#85,3.5E0);
#95=CIRCLE('',#94,5.5E1);
#100=CIRCLE('',#99,6.5E0);
#105=CIRCLE('',#104,6.5E0);
#110=CIRCLE('',#109,5.E0);
#115=CIRCLE('',#114,5.E0);
#120=CIRCLE('',#119,6.5E0);
#125=CIRCLE('',#124,5.5E1);
#130=CIRCLE('',#129,5.5E1);
#135=CIRCLE('',#134,6.5E0);
#140=CIRCLE('',#139,5.E0);
#145=CIRCLE('',#144,5.E0);
#150=CIRCLE('',#149,6.5E0);
#155=CIRCLE('',#154,6.5E0);
#160=CIRCLE('',#159,5.5E1);
#165=CIRCLE('',#164,3.5E0);
#170=CIRCLE('',#169,3.5E0);
#175=CIRCLE('',#174,2.5E0);
#180=CIRCLE('',#179,2.5E0);
#189=CIRCLE('',#188,4.5E0);
#194=CIRCLE('',#193,4.5E0);
#199=CIRCLE('',#198,2.15E0);
#204=CIRCLE('',#203,2.15E0);
#209=CIRCLE('',#208,2.15E0);
#214=CIRCLE('',#213,2.15E0);
#219=CIRCLE('',#218,2.15E0);
#224=CIRCLE('',#223,2.15E0);
#229=CIRCLE('',#228,2.15E0);
#234=CIRCLE('',#233,2.15E0);
#239=CIRCLE('',#238,2.E0);
#244=CIRCLE('',#243,2.E0);
#249=CIRCLE('',#248,1.999999999999E0);
#254=CIRCLE('',#253,1.999999999999E0);
#259=CIRCLE('',#258,3.E0);
#264=CIRCLE('',#263,3.E0);
#277=CIRCLE('',#276,5.E0);
#282=CIRCLE('',#281,5.E0);
#295=CIRCLE('',#294,3.E0);
#300=CIRCLE('',#299,3.E0);
#313=CIRCLE('',#312,3.E0);
#318=CIRCLE('',#317,3.E0);
#335=CIRCLE('',#334,5.45E1);
#344=CIRCLE('',#343,6.E0);
#349=CIRCLE('',#348,6.E0);
#358=CIRCLE('',#357,5.5E0);
#363=CIRCLE('',#362,5.5E0);
#372=CIRCLE('',#371,6.E0);
#381=CIRCLE('',#380,5.45E1);
#386=CIRCLE('',#385,5.45E1);
#395=CIRCLE('',#394,6.E0);
#404=CIRCLE('',#403,5.5E0);
#409=CIRCLE('',#408,5.5E0);
#418=CIRCLE('',#417,6.E0);
#423=CIRCLE('',#422,6.E0);
#434=B_SPLINE_CURVE_WITH_KNOTS('',3,(#428,#429,#430,#431,#432,#433),
.UNSPECIFIED.,.F.,.F.,(4,1,1,4),(0.E0,3.333333333333E-1,6.666666666667E-1,1.E0),
.UNSPECIFIED.);
#439=CIRCLE('',#438,5.45E1);
#452=CIRCLE('',#451,3.E0);
#465=CIRCLE('',#464,3.E0);
#478=CIRCLE('',#477,5.E0);
#483=CIRCLE('',#482,5.E0);
#496=CIRCLE('',#495,3.E0);
#501=CIRCLE('',#500,3.E0);
#529=B_SPLINE_CURVE_WITH_KNOTS('',3,(#518,#519,#520,#521,#522,#523,#524,#525,
#526,#527,#528),.UNSPECIFIED.,.F.,.F.,(4,1,1,1,1,1,1,1,4),(0.E0,
1.249999999966E-1,2.499999999921E-1,3.749999999875E-1,4.999999999830E-1,
6.249999999784E-1,7.499999999738E-1,8.749999999691E-1,1.E0),.UNSPECIFIED.);
#541=B_SPLINE_CURVE_WITH_KNOTS('',3,(#530,#531,#532,#533,#534,#535,#536,#537,
#538,#539,#540),.UNSPECIFIED.,.F.,.F.,(4,1,1,1,1,1,1,1,4),(0.E0,
1.249999999944E-1,2.499999999962E-1,3.749999999979E-1,4.999999999996E-1,
6.250000000013E-1,7.500000000030E-1,8.750000000048E-1,1.E0),.UNSPECIFIED.);
#601=B_SPLINE_CURVE_WITH_KNOTS('',3,(#546,#547,#548,#549,#550,#551,#552,#553,
#554,#555,#556,#557,#558,#559,#560,#561,#562,#563,#564,#565,#566,#567,#568,#569,
#570,#571,#572,#573,#574,#575,#576,#577,#578,#579,#580,#581,#582,#583,#584,#585,
#586,#587,#588,#589,#590,#591,#592,#593,#594,#595,#596,#597,#598,#599,#600),
.UNSPECIFIED.,.F.,.F.,(4,1,1,1,1,1,1,1,1,1,1,1,1,1,1,1,1,1,1,1,1,1,1,1,1,1,1,1,
1,1,1,1,1,1,1,1,1,1,1,1,1,1,1,1,1,1,1,1,1,1,1,1,4),(0.E0,1.923076923077E-2,
3.846153846154E-2,5.769230769231E-2,7.692307692308E-2,9.615384615385E-2,
1.153846153846E-1,1.346153846154E-1,1.538461538462E-1,1.730769230769E-1,
1.923076923077E-1,2.115384615385E-1,2.307692307692E-1,2.5E-1,2.692307692308E-1,
2.884615384615E-1,3.076923076923E-1,3.269230769231E-1,3.461538461538E-1,
3.653846153846E-1,3.846153846154E-1,4.038461538462E-1,4.230769230769E-1,
4.423076923077E-1,4.615384615385E-1,4.807692307692E-1,5.E-1,5.192307692308E-1,
5.384615384615E-1,5.576923076923E-1,5.769230769231E-1,5.961538461538E-1,
6.153846153846E-1,6.346153846154E-1,6.538461538462E-1,6.730769230769E-1,
6.923076923077E-1,7.115384615385E-1,7.307692307692E-1,7.5E-1,7.692307692308E-1,
7.884615384615E-1,8.076923076923E-1,8.269230769231E-1,8.461538461538E-1,
8.653846153846E-1,8.846153846154E-1,9.038461538462E-1,9.230769230769E-1,
9.423076923077E-1,9.615384615385E-1,9.807692307692E-1,1.E0),.UNSPECIFIED.);
#657=B_SPLINE_CURVE_WITH_KNOTS('',3,(#602,#603,#604,#605,#606,#607,#608,#609,
#610,#611,#612,#613,#614,#615,#616,#617,#618,#619,#620,#621,#622,#623,#624,#625,
#626,#627,#628,#629,#630,#631,#632,#633,#634,#635,#636,#637,#638,#639,#640,#641,
#642,#643,#644,#645,#646,#647,#648,#649,#650,#651,#652,#653,#654,#655,#656),
.UNSPECIFIED.,.F.,.F.,(4,1,1,1,1,1,1,1,1,1,1,1,1,1,1,1,1,1,1,1,1,1,1,1,1,1,1,1,
1,1,1,1,1,1,1,1,1,1,1,1,1,1,1,1,1,1,1,1,1,1,1,1,4),(0.E0,1.923076923077E-2,
3.846153846154E-2,5.769230769231E-2,7.692307692308E-2,9.615384615385E-2,
1.153846153846E-1,1.346153846154E-1,1.538461538462E-1,1.730769230769E-1,
1.923076923077E-1,2.115384615385E-1,2.307692307692E-1,2.5E-1,2.692307692308E-1,
2.884615384615E-1,3.076923076923E-1,3.269230769231E-1,3.461538461538E-1,
3.653846153846E-1,3.846153846154E-1,4.038461538462E-1,4.230769230769E-1,
4.423076923077E-1,4.615384615385E-1,4.807692307692E-1,5.E-1,5.192307692308E-1,
5.384615384615E-1,5.576923076923E-1,5.769230769231E-1,5.961538461538E-1,
6.153846153846E-1,6.346153846154E-1,6.538461538462E-1,6.730769230769E-1,
6.923076923077E-1,7.115384615385E-1,7.307692307692E-1,7.5E-1,7.692307692308E-1,
7.884615384615E-1,8.076923076923E-1,8.269230769231E-1,8.461538461538E-1,
8.653846153846E-1,8.846153846154E-1,9.038461538462E-1,9.230769230769E-1,
9.423076923077E-1,9.615384615385E-1,9.807692307692E-1,1.E0),.UNSPECIFIED.);
#704=B_SPLINE_CURVE_WITH_KNOTS('',3,(#686,#687,#688,#689,#690,#691,#692,#693,
#694,#695,#696,#697,#698,#699,#700,#701,#702,#703),.UNSPECIFIED.,.F.,.F.,(4,1,1,
1,1,1,1,1,1,1,1,1,1,1,1,4),(0.E0,6.666666666667E-2,1.333333333333E-1,2.E-1,
2.666666666667E-1,3.333333333333E-1,4.E-1,4.666666666667E-1,5.333333333333E-1,
6.E-1,6.666666666667E-1,7.333333333333E-1,8.E-1,8.666666666667E-1,
9.333333333333E-1,1.E0),.UNSPECIFIED.);
#711=B_SPLINE_CURVE_WITH_KNOTS('',3,(#705,#706,#707,#708,#709,#710),
.UNSPECIFIED.,.F.,.F.,(4,1,1,4),(0.E0,3.333333333333E-1,6.666666666667E-1,1.E0),
.UNSPECIFIED.);
#726=B_SPLINE_CURVE_WITH_KNOTS('',3,(#720,#721,#722,#723,#724,#725),
.UNSPECIFIED.,.F.,.F.,(4,1,1,4),(0.E0,3.333333333333E-1,6.666666666667E-1,1.E0),
.UNSPECIFIED.);
#737=B_SPLINE_CURVE_WITH_KNOTS('',3,(#731,#732,#733,#734,#735,#736),
.UNSPECIFIED.,.F.,.F.,(4,1,1,4),(0.E0,3.333333333333E-1,6.666666666667E-1,1.E0),
.UNSPECIFIED.);
#750=B_SPLINE_CURVE_WITH_KNOTS('',3,(#738,#739,#740,#741,#742,#743,#744,#745,
#746,#747,#748,#749),.UNSPECIFIED.,.F.,.F.,(4,1,1,1,1,1,1,1,1,4),(0.E0,
1.111111111111E-1,2.222222222222E-1,3.333333333333E-1,4.444444444444E-1,
5.555555555556E-1,6.666666666667E-1,7.777777777778E-1,8.888888888889E-1,1.E0),
.UNSPECIFIED.);
#768=B_SPLINE_CURVE_WITH_KNOTS('',3,(#755,#756,#757,#758,#759,#760,#761,#762,
#763,#764,#765,#766,#767),.UNSPECIFIED.,.F.,.F.,(4,1,1,1,1,1,1,1,1,1,4),(0.E0,
1.E-1,2.E-1,3.E-1,4.E-1,5.E-1,6.E-1,7.E-1,8.E-1,9.E-1,1.E0),.UNSPECIFIED.);
#782=B_SPLINE_CURVE_WITH_KNOTS('',3,(#773,#774,#775,#776,#777,#778,#779,#780,
#781),.UNSPECIFIED.,.F.,.F.,(4,1,1,1,1,1,4),(0.E0,1.666666666667E-1,
3.333333333333E-1,5.E-1,6.666666666667E-1,8.333333333333E-1,1.E0),
.UNSPECIFIED.);
#801=B_SPLINE_CURVE_WITH_KNOTS('',3,(#791,#792,#793,#794,#795,#796,#797,#798,
#799,#800),.UNSPECIFIED.,.F.,.F.,(4,1,1,1,1,1,1,4),(0.E0,1.428571428571E-1,
2.857142857143E-1,4.285714285714E-1,5.714285714286E-1,7.142857142857E-1,
8.571428571429E-1,1.E0),.UNSPECIFIED.);
#806=CIRCLE('',#805,1.E0);
#811=CIRCLE('',#810,5.649999999822E1);
#816=CIRCLE('',#815,1.150000000001E1);
#821=CIRCLE('',#820,1.150000000001E1);
#826=CIRCLE('',#825,5.65E1);
#831=CIRCLE('',#830,1.15E1);
#836=CIRCLE('',#835,1.15E1);
#845=CIRCLE('',#844,1.1E1);
#850=B_SPLINE_CURVE_WITH_KNOTS('',3,(#846,#847,#848,#849),.UNSPECIFIED.,.F.,.F.,
(4,4),(0.E0,1.E0),.UNSPECIFIED.);
#855=CIRCLE('',#854,4.300375234668E1);
#860=CIRCLE('',#859,3.5E0);
#869=CIRCLE('',#868,6.E0);
#874=CIRCLE('',#873,6.E0);
#883=CIRCLE('',#882,3.5E0);
#888=CIRCLE('',#887,4.300375234668E1);
#893=B_SPLINE_CURVE_WITH_KNOTS('',3,(#889,#890,#891,#892),.UNSPECIFIED.,.F.,.F.,
(4,4),(0.E0,1.E0),.UNSPECIFIED.);
#898=CIRCLE('',#897,1.1E1);
#903=CIRCLE('',#902,5.15E1);
#912=CIRCLE('',#911,1.E0);
#921=B_SPLINE_CURVE_WITH_KNOTS('',3,(#913,#914,#915,#916,#917,#918,#919,#920),
.UNSPECIFIED.,.F.,.F.,(4,1,1,1,1,4),(0.E0,2.E-1,4.E-1,6.E-1,8.E-1,1.E0),
.UNSPECIFIED.);
#926=CIRCLE('',#925,5.75E1);
#940=B_SPLINE_CURVE_WITH_KNOTS('',3,(#927,#928,#929,#930,#931,#932,#933,#934,
#935,#936,#937,#938,#939),.UNSPECIFIED.,.F.,.F.,(4,1,1,1,1,1,1,1,1,1,4),(0.E0,
1.E-1,2.E-1,3.E-1,4.E-1,5.E-1,6.E-1,7.E-1,8.E-1,9.E-1,1.E0),.UNSPECIFIED.);
#947=B_SPLINE_CURVE_WITH_KNOTS('',3,(#941,#942,#943,#944,#945,#946),
.UNSPECIFIED.,.F.,.F.,(4,1,1,4),(0.E0,3.333333333333E-1,6.666666666667E-1,1.E0),
.UNSPECIFIED.);
#952=CIRCLE('',#951,5.75E1);
#959=B_SPLINE_CURVE_WITH_KNOTS('',3,(#953,#954,#955,#956,#957,#958),
.UNSPECIFIED.,.F.,.F.,(4,1,1,4),(0.E0,3.333333333333E-1,6.666666666667E-1,1.E0),
.UNSPECIFIED.);
#997=B_SPLINE_CURVE_WITH_KNOTS('',3,(#960,#961,#962,#963,#964,#965,#966,#967,
#968,#969,#970,#971,#972,#973,#974,#975,#976,#977,#978,#979,#980,#981,#982,#983,
#984,#985,#986,#987,#988,#989,#990,#991,#992,#993,#994,#995,#996),.UNSPECIFIED.,
.F.,.F.,(4,1,1,1,1,1,1,1,1,1,1,1,1,1,1,1,1,1,1,1,1,1,1,1,1,1,1,1,1,1,1,1,1,1,4),
(0.E0,2.941176470588E-2,5.882352941176E-2,8.823529411765E-2,1.176470588235E-1,
1.470588235294E-1,1.764705882353E-1,2.058823529412E-1,2.352941176471E-1,
2.647058823529E-1,2.941176470588E-1,3.235294117647E-1,3.529411764706E-1,
3.823529411765E-1,4.117647058824E-1,4.411764705882E-1,4.705882352941E-1,5.E-1,
5.294117647059E-1,5.588235294118E-1,5.882352941176E-1,6.176470588235E-1,
6.470588235294E-1,6.764705882353E-1,7.058823529412E-1,7.352941176471E-1,
7.647058823529E-1,7.941176470588E-1,8.235294117647E-1,8.529411764706E-1,
8.823529411765E-1,9.117647058824E-1,9.411764705882E-1,9.705882352941E-1,1.E0),
.UNSPECIFIED.);
#1004=B_SPLINE_CURVE_WITH_KNOTS('',3,(#998,#999,#1000,#1001,#1002,#1003),
.UNSPECIFIED.,.F.,.F.,(4,1,1,4),(0.E0,3.333333333333E-1,6.666666666667E-1,1.E0),
.UNSPECIFIED.);
#1017=CIRCLE('',#1016,3.E0);
#1022=CIRCLE('',#1021,5.45E1);
#1032=B_SPLINE_CURVE_WITH_KNOTS('',3,(#1023,#1024,#1025,#1026,#1027,#1028,#1029,
#1030,#1031),.UNSPECIFIED.,.F.,.F.,(4,1,1,1,1,1,4),(0.E0,1.666666666667E-1,
3.333333333333E-1,5.E-1,6.666666666667E-1,8.333333333333E-1,1.E0),
.UNSPECIFIED.);
#1037=CIRCLE('',#1036,3.E0);
#1042=CIRCLE('',#1041,3.E0);
#1047=CIRCLE('',#1046,3.E0);
#1070=B_SPLINE_CURVE_WITH_KNOTS('',3,(#1064,#1065,#1066,#1067,#1068,#1069),
.UNSPECIFIED.,.F.,.F.,(4,1,1,4),(0.E0,3.333333333333E-1,6.666666666667E-1,1.E0),
.UNSPECIFIED.);
#1083=B_SPLINE_CURVE_WITH_KNOTS('',3,(#1071,#1072,#1073,#1074,#1075,#1076,#1077,
#1078,#1079,#1080,#1081,#1082),.UNSPECIFIED.,.F.,.F.,(4,1,1,1,1,1,1,1,1,4),
(0.E0,1.111111111111E-1,2.222222222222E-1,3.333333333333E-1,4.444444444444E-1,
5.555555555556E-1,6.666666666667E-1,7.777777777778E-1,8.888888888889E-1,1.E0),
.UNSPECIFIED.);
#1090=B_SPLINE_CURVE_WITH_KNOTS('',3,(#1084,#1085,#1086,#1087,#1088,#1089),
.UNSPECIFIED.,.F.,.F.,(4,1,1,4),(0.E0,3.333333333333E-1,6.666666666667E-1,1.E0),
.UNSPECIFIED.);
#1113=B_SPLINE_CURVE_WITH_KNOTS('',3,(#1107,#1108,#1109,#1110,#1111,#1112),
.UNSPECIFIED.,.F.,.F.,(4,1,1,4),(0.E0,3.333333333333E-1,6.666666666667E-1,1.E0),
.UNSPECIFIED.);
#1132=B_SPLINE_CURVE_WITH_KNOTS('',3,(#1114,#1115,#1116,#1117,#1118,#1119,#1120,
#1121,#1122,#1123,#1124,#1125,#1126,#1127,#1128,#1129,#1130,#1131),
.UNSPECIFIED.,.F.,.F.,(4,1,1,1,1,1,1,1,1,1,1,1,1,1,1,4),(0.E0,6.666666666667E-2,
1.333333333333E-1,2.E-1,2.666666666667E-1,3.333333333333E-1,4.E-1,
4.666666666667E-1,5.333333333333E-1,6.E-1,6.666666666667E-1,7.333333333333E-1,
8.E-1,8.666666666667E-1,9.333333333333E-1,1.E0),.UNSPECIFIED.);
#1139=B_SPLINE_CURVE_WITH_KNOTS('',3,(#1133,#1134,#1135,#1136,#1137,#1138),
.UNSPECIFIED.,.F.,.F.,(4,1,1,4),(0.E0,3.333333333333E-1,6.666666666667E-1,1.E0),
.UNSPECIFIED.);
#1156=CIRCLE('',#1155,5.45E1);
#1161=CIRCLE('',#1160,6.E0);
#1166=CIRCLE('',#1165,5.4E1);
#1171=CIRCLE('',#1170,3.E0);
#1182=B_SPLINE_CURVE_WITH_KNOTS('',3,(#1176,#1177,#1178,#1179,#1180,#1181),
.UNSPECIFIED.,.F.,.F.,(4,1,1,4),(0.E0,3.333333333333E-1,6.666666666667E-1,1.E0),
.UNSPECIFIED.);
#1195=B_SPLINE_CURVE_WITH_KNOTS('',3,(#1183,#1184,#1185,#1186,#1187,#1188,#1189,
#1190,#1191,#1192,#1193,#1194),.UNSPECIFIED.,.F.,.F.,(4,1,1,1,1,1,1,1,1,4),
(0.E0,1.111111111111E-1,2.222222222222E-1,3.333333333333E-1,4.444444444444E-1,
5.555555555556E-1,6.666666666667E-1,7.777777777778E-1,8.888888888889E-1,1.E0),
.UNSPECIFIED.);
#1200=B_SPLINE_CURVE_WITH_KNOTS('',3,(#1196,#1197,#1198,#1199),.UNSPECIFIED.,
.F.,.F.,(4,4),(0.E0,1.E0),.UNSPECIFIED.);
#1207=B_SPLINE_CURVE_WITH_KNOTS('',3,(#1201,#1202,#1203,#1204,#1205,#1206),
.UNSPECIFIED.,.F.,.F.,(4,1,1,4),(0.E0,3.333333333333E-1,6.666666666667E-1,1.E0),
.UNSPECIFIED.);
#1222=B_SPLINE_CURVE_WITH_KNOTS('',3,(#1208,#1209,#1210,#1211,#1212,#1213,#1214,
#1215,#1216,#1217,#1218,#1219,#1220,#1221),.UNSPECIFIED.,.F.,.F.,(4,1,1,1,1,1,1,
1,1,1,1,4),(0.E0,9.090909090909E-2,1.818181818182E-1,2.727272727273E-1,
3.636363636364E-1,4.545454545455E-1,5.454545454545E-1,6.363636363636E-1,
7.272727272727E-1,8.181818181818E-1,9.090909090909E-1,1.E0),.UNSPECIFIED.);
#1227=CIRCLE('',#1226,4.6E1);
#1248=B_SPLINE_CURVE_WITH_KNOTS('',3,(#1228,#1229,#1230,#1231,#1232,#1233,#1234,
#1235,#1236,#1237,#1238,#1239,#1240,#1241,#1242,#1243,#1244,#1245,#1246,#1247),
.UNSPECIFIED.,.F.,.F.,(4,1,1,1,1,1,1,1,1,1,1,1,1,1,1,1,1,4),(0.E0,
5.882352941176E-2,1.176470588235E-1,1.764705882353E-1,2.352941176471E-1,
2.941176470588E-1,3.529411764706E-1,4.117647058824E-1,4.705882352941E-1,
5.294117647059E-1,5.882352941176E-1,6.470588235294E-1,7.058823529412E-1,
7.647058823529E-1,8.235294117647E-1,8.823529411765E-1,9.411764705882E-1,1.E0),
.UNSPECIFIED.);
#1253=CIRCLE('',#1252,4.6E1);
#1266=B_SPLINE_CURVE_WITH_KNOTS('',3,(#1254,#1255,#1256,#1257,#1258,#1259,#1260,
#1261,#1262,#1263,#1264,#1265),.UNSPECIFIED.,.F.,.F.,(4,1,1,1,1,1,1,1,1,4),
(0.E0,1.111111111111E-1,2.222222222222E-1,3.333333333333E-1,4.444444444444E-1,
5.555555555556E-1,6.666666666667E-1,7.777777777778E-1,8.888888888889E-1,1.E0),
.UNSPECIFIED.);
#1271=CIRCLE('',#1270,4.6E1);
#1276=CIRCLE('',#1275,4.6E1);
#1289=B_SPLINE_CURVE_WITH_KNOTS('',3,(#1277,#1278,#1279,#1280,#1281,#1282,#1283,
#1284,#1285,#1286,#1287,#1288),.UNSPECIFIED.,.F.,.F.,(4,1,1,1,1,1,1,1,1,4),
(0.E0,1.111111111111E-1,2.222222222222E-1,3.333333333333E-1,4.444444444444E-1,
5.555555555556E-1,6.666666666667E-1,7.777777777778E-1,8.888888888889E-1,1.E0),
.UNSPECIFIED.);
#1294=CIRCLE('',#1293,5.45E1);
#1299=CIRCLE('',#1298,6.E0);
#1304=CIRCLE('',#1303,5.4E1);
#1309=CIRCLE('',#1308,5.4E1);
#1314=CIRCLE('',#1313,6.E0);
#1319=CIRCLE('',#1318,5.45E1);
#1341=B_SPLINE_CURVE_WITH_KNOTS('',3,(#1320,#1321,#1322,#1323,#1324,#1325,#1326,
#1327,#1328,#1329,#1330,#1331,#1332,#1333,#1334,#1335,#1336,#1337,#1338,#1339,
#1340),.UNSPECIFIED.,.F.,.F.,(4,1,1,1,1,1,1,1,1,1,1,1,1,1,1,1,1,1,4),(0.E0,
5.555555555556E-2,1.111111111111E-1,1.666666666667E-1,2.222222222222E-1,
2.777777777778E-1,3.333333333333E-1,3.888888888889E-1,4.444444444444E-1,5.E-1,
5.555555555556E-1,6.111111111111E-1,6.666666666667E-1,7.222222222222E-1,
7.777777777778E-1,8.333333333333E-1,8.888888888889E-1,9.444444444444E-1,1.E0),
.UNSPECIFIED.);
#1346=CIRCLE('',#1345,4.6E1);
#1367=B_SPLINE_CURVE_WITH_KNOTS('',3,(#1347,#1348,#1349,#1350,#1351,#1352,#1353,
#1354,#1355,#1356,#1357,#1358,#1359,#1360,#1361,#1362,#1363,#1364,#1365,#1366),
.UNSPECIFIED.,.F.,.F.,(4,1,1,1,1,1,1,1,1,1,1,1,1,1,1,1,1,4),(0.E0,
5.882352941176E-2,1.176470588235E-1,1.764705882353E-1,2.352941176471E-1,
2.941176470588E-1,3.529411764706E-1,4.117647058824E-1,4.705882352941E-1,
5.294117647059E-1,5.882352941176E-1,6.470588235294E-1,7.058823529412E-1,
7.647058823529E-1,8.235294117647E-1,8.823529411765E-1,9.411764705882E-1,1.E0),
.UNSPECIFIED.);
#1372=CIRCLE('',#1371,4.6E1);
#1383=B_SPLINE_CURVE_WITH_KNOTS('',3,(#1373,#1374,#1375,#1376,#1377,#1378,#1379,
#1380,#1381,#1382),.UNSPECIFIED.,.F.,.F.,(4,1,1,1,1,1,1,4),(0.E0,
1.428571428571E-1,2.857142857143E-1,4.285714285714E-1,5.714285714286E-1,
7.142857142857E-1,8.571428571429E-1,1.E0),.UNSPECIFIED.);
#1390=B_SPLINE_CURVE_WITH_KNOTS('',3,(#1384,#1385,#1386,#1387,#1388,#1389),
.UNSPECIFIED.,.F.,.F.,(4,1,1,4),(0.E0,3.333333333333E-1,6.666666666667E-1,1.E0),
.UNSPECIFIED.);
#1397=B_SPLINE_CURVE_WITH_KNOTS('',3,(#1391,#1392,#1393,#1394,#1395,#1396),
.UNSPECIFIED.,.F.,.F.,(4,1,1,4),(0.E0,3.333333333333E-1,6.666666666667E-1,1.E0),
.UNSPECIFIED.);
#1404=B_SPLINE_CURVE_WITH_KNOTS('',3,(#1398,#1399,#1400,#1401,#1402,#1403),
.UNSPECIFIED.,.F.,.F.,(4,1,1,4),(0.E0,3.333333333333E-1,6.666666666667E-1,1.E0),
.UNSPECIFIED.);
#1411=B_SPLINE_CURVE_WITH_KNOTS('',3,(#1405,#1406,#1407,#1408,#1409,#1410),
.UNSPECIFIED.,.F.,.F.,(4,1,1,4),(0.E0,3.333333333333E-1,6.666666666667E-1,1.E0),
.UNSPECIFIED.);
#1416=B_SPLINE_CURVE_WITH_KNOTS('',3,(#1412,#1413,#1414,#1415),.UNSPECIFIED.,
.F.,.F.,(4,4),(0.E0,1.E0),.UNSPECIFIED.);
#1421=CIRCLE('',#1420,5.4E1);
#1426=CIRCLE('',#1425,6.E0);
#1431=CIRCLE('',#1430,5.45E1);
#1436=CIRCLE('',#1435,3.E0);
#1454=B_SPLINE_CURVE_WITH_KNOTS('',3,(#1441,#1442,#1443,#1444,#1445,#1446,#1447,
#1448,#1449,#1450,#1451,#1452,#1453),.UNSPECIFIED.,.F.,.F.,(4,1,1,1,1,1,1,1,1,1,
4),(0.E0,1.E-1,2.E-1,3.E-1,4.E-1,5.E-1,6.E-1,7.E-1,8.E-1,9.E-1,1.E0),
.UNSPECIFIED.);
#1459=CIRCLE('',#1458,1.1E1);
#1464=CIRCLE('',#1463,8.E0);
#1469=CIRCLE('',#1468,8.E0);
#1474=CIRCLE('',#1473,3.E0);
#1479=CIRCLE('',#1478,3.E0);
#1486=B_SPLINE_CURVE_WITH_KNOTS('',3,(#1480,#1481,#1482,#1483,#1484,#1485),
.UNSPECIFIED.,.F.,.F.,(4,1,1,4),(0.E0,4.969985085438E-1,7.484992542717E-1,1.E0),
.UNSPECIFIED.);
#1495=CIRCLE('',#1494,2.283974596216E1);
#1500=CIRCLE('',#1499,2.283974596216E1);
#1509=CIRCLE('',#1508,1.E0);
#1514=CIRCLE('',#1513,1.9E1);
#1519=CIRCLE('',#1518,1.9E1);
#1524=CIRCLE('',#1523,1.E0);
#1531=B_SPLINE_CURVE_WITH_KNOTS('',3,(#1525,#1526,#1527,#1528,#1529,#1530),
.UNSPECIFIED.,.F.,.F.,(4,1,1,4),(0.E0,2.637625170167E-1,5.275250340330E-1,1.E0),
.UNSPECIFIED.);
#1538=B_SPLINE_CURVE_WITH_KNOTS('',3,(#1532,#1533,#1534,#1535,#1536,#1537),
.UNSPECIFIED.,.F.,.F.,(4,1,1,4),(0.E0,4.724752983776E-1,7.362376491889E-1,1.E0),
.UNSPECIFIED.);
#1543=CIRCLE('',#1542,4.5E0);
#1552=CIRCLE('',#1551,3.15E1);
#1557=CIRCLE('',#1556,3.15E1);
#1566=CIRCLE('',#1565,4.5E0);
#1571=CIRCLE('',#1570,4.423578643763E1);
#1576=CIRCLE('',#1575,2.776421356237E1);
#1589=CIRCLE('',#1588,5.599834596579E1);
#1594=CIRCLE('',#1593,5.6E1);
#1599=CIRCLE('',#1598,2.776421356237E1);
#1604=CIRCLE('',#1603,4.423578643763E1);
#1609=CIRCLE('',#1608,4.125E0);
#1614=CIRCLE('',#1613,4.125E0);
#1619=CIRCLE('',#1618,4.125E0);
#1624=CIRCLE('',#1623,4.125E0);
#1629=CIRCLE('',#1628,3.5E0);
#1634=CIRCLE('',#1633,1.E0);
#1639=CIRCLE('',#1638,1.E0);
#1644=CIRCLE('',#1643,1.E0);
#1649=CIRCLE('',#1648,4.494289321881E1);
#1654=CIRCLE('',#1653,1.E0);
#1659=CIRCLE('',#1658,4.494289321881E1);
#1667=B_SPLINE_CURVE_WITH_KNOTS('',3,(#1660,#1661,#1662,#1663,#1664,#1665,
#1666),.UNSPECIFIED.,.F.,.F.,(4,1,1,1,4),(0.E0,2.500000000014E-1,
5.000000000011E-1,7.500000000007E-1,1.E0),.UNSPECIFIED.);
#1688=B_SPLINE_CURVE_WITH_KNOTS('',3,(#1668,#1669,#1670,#1671,#1672,#1673,#1674,
#1675,#1676,#1677,#1678,#1679,#1680,#1681,#1682,#1683,#1684,#1685,#1686,#1687),
.UNSPECIFIED.,.F.,.F.,(4,1,1,1,1,1,1,1,1,1,1,1,1,1,1,1,1,4),(0.E0,
5.882352941176E-2,1.176470588235E-1,1.764705882353E-1,2.352941176471E-1,
2.941176470588E-1,3.529411764706E-1,4.117647058824E-1,4.705882352941E-1,
5.294117647059E-1,5.882352941176E-1,6.470588235294E-1,7.058823529412E-1,
7.647058823529E-1,8.235294117647E-1,8.823529411765E-1,9.411764705882E-1,1.E0),
.UNSPECIFIED.);
#1715=B_SPLINE_CURVE_WITH_KNOTS('',3,(#1689,#1690,#1691,#1692,#1693,#1694,#1695,
#1696,#1697,#1698,#1699,#1700,#1701,#1702,#1703,#1704,#1705,#1706,#1707,#1708,
#1709,#1710,#1711,#1712,#1713,#1714),.UNSPECIFIED.,.F.,.F.,(4,1,1,1,1,1,1,1,1,1,
1,1,1,1,1,1,1,1,1,1,1,1,1,4),(0.E0,4.347826086957E-2,8.695652173913E-2,
1.304347826087E-1,1.739130434783E-1,2.173913043478E-1,2.608695652174E-1,
3.043478260870E-1,3.478260869565E-1,3.913043478261E-1,4.347826086957E-1,
4.782608695652E-1,5.217391304348E-1,5.652173913043E-1,6.086956521739E-1,
6.521739130435E-1,6.956521739130E-1,7.391304347826E-1,7.826086956522E-1,
8.260869565217E-1,8.695652173913E-1,9.130434782609E-1,9.565217391304E-1,1.E0),
.UNSPECIFIED.);
#1722=B_SPLINE_CURVE_WITH_KNOTS('',3,(#1716,#1717,#1718,#1719,#1720,#1721),
.UNSPECIFIED.,.F.,.F.,(4,1,1,4),(0.E0,3.333333333333E-1,6.666666666667E-1,1.E0),
.UNSPECIFIED.);
#1733=B_SPLINE_CURVE_WITH_KNOTS('',3,(#1727,#1728,#1729,#1730,#1731,#1732),
.UNSPECIFIED.,.F.,.F.,(4,1,1,4),(0.E0,3.333333333333E-1,6.666666666667E-1,1.E0),
.UNSPECIFIED.);
#1760=B_SPLINE_CURVE_WITH_KNOTS('',3,(#1734,#1735,#1736,#1737,#1738,#1739,#1740,
#1741,#1742,#1743,#1744,#1745,#1746,#1747,#1748,#1749,#1750,#1751,#1752,#1753,
#1754,#1755,#1756,#1757,#1758,#1759),.UNSPECIFIED.,.F.,.F.,(4,1,1,1,1,1,1,1,1,1,
1,1,1,1,1,1,1,1,1,1,1,1,1,4),(0.E0,4.347826086957E-2,8.695652173913E-2,
1.304347826087E-1,1.739130434783E-1,2.173913043478E-1,2.608695652174E-1,
3.043478260870E-1,3.478260869565E-1,3.913043478261E-1,4.347826086957E-1,
4.782608695652E-1,5.217391304348E-1,5.652173913043E-1,6.086956521739E-1,
6.521739130435E-1,6.956521739130E-1,7.391304347826E-1,7.826086956522E-1,
8.260869565217E-1,8.695652173913E-1,9.130434782609E-1,9.565217391304E-1,1.E0),
.UNSPECIFIED.);
#1783=B_SPLINE_CURVE_WITH_KNOTS('',3,(#1761,#1762,#1763,#1764,#1765,#1766,#1767,
#1768,#1769,#1770,#1771,#1772,#1773,#1774,#1775,#1776,#1777,#1778,#1779,#1780,
#1781,#1782),.UNSPECIFIED.,.F.,.F.,(4,1,1,1,1,1,1,1,1,1,1,1,1,1,1,1,1,1,1,4),(
0.E0,5.263157894737E-2,1.052631578947E-1,1.578947368421E-1,2.105263157895E-1,
2.631578947368E-1,3.157894736842E-1,3.684210526316E-1,4.210526315789E-1,
4.736842105263E-1,5.263157894737E-1,5.789473684211E-1,6.315789473684E-1,
6.842105263158E-1,7.368421052632E-1,7.894736842105E-1,8.421052631579E-1,
8.947368421053E-1,9.473684210526E-1,1.E0),.UNSPECIFIED.);
#1792=B_SPLINE_CURVE_WITH_KNOTS('',3,(#1784,#1785,#1786,#1787,#1788,#1789,#1790,
#1791),.UNSPECIFIED.,.F.,.F.,(4,1,1,1,1,4),(0.E0,2.E-1,4.E-1,6.E-1,8.E-1,1.E0),
.UNSPECIFIED.);
#1797=CIRCLE('',#1796,4.6E1);
#1802=CIRCLE('',#1801,4.6E1);
#1807=CIRCLE('',#1806,4.770710678119E1);
#1812=CIRCLE('',#1811,4.770710678119E1);
#1817=CIRCLE('',#1816,1.E0);
#1822=CIRCLE('',#1821,1.E0);
#1827=CIRCLE('',#1826,1.E0);
#1832=CIRCLE('',#1831,4.494289321881E1);
#1837=CIRCLE('',#1836,4.494289321881E1);
#1842=CIRCLE('',#1841,1.E0);
#1849=B_SPLINE_CURVE_WITH_KNOTS('',3,(#1843,#1844,#1845,#1846,#1847,#1848),
.UNSPECIFIED.,.F.,.F.,(4,1,1,4),(0.E0,3.333333333333E-1,6.666666666667E-1,1.E0),
.UNSPECIFIED.);
#1858=CIRCLE('',#1857,4.125E0);
#1863=CIRCLE('',#1862,4.125E0);
#1868=CIRCLE('',#1867,2.650000000002E0);
#1873=CIRCLE('',#1872,2.650000000002E0);
#1882=CIRCLE('',#1881,2.150000000002E0);
#1891=CIRCLE('',#1890,2.150000000002E0);
#1908=CIRCLE('',#1907,2.705710678119E1);
#1915=B_SPLINE_CURVE_WITH_KNOTS('',3,(#1909,#1910,#1911,#1912,#1913,#1914),
.UNSPECIFIED.,.F.,.F.,(4,1,1,4),(0.E0,3.333333333333E-1,6.666666666667E-1,1.E0),
.UNSPECIFIED.);
#1920=B_SPLINE_CURVE_WITH_KNOTS('',3,(#1916,#1917,#1918,#1919),.UNSPECIFIED.,
.F.,.F.,(4,4),(0.E0,1.E0),.UNSPECIFIED.);
#1932=B_SPLINE_CURVE_WITH_KNOTS('',3,(#1925,#1926,#1927,#1928,#1929,#1930,
#1931),.UNSPECIFIED.,.F.,.F.,(4,1,1,1,4),(0.E0,2.499999996147E-1,
4.999999992308E-1,7.499999988471E-1,1.E0),.UNSPECIFIED.);
#1939=B_SPLINE_CURVE_WITH_KNOTS('',3,(#1933,#1934,#1935,#1936,#1937,#1938),
.UNSPECIFIED.,.F.,.F.,(4,1,1,4),(0.E0,3.333333333333E-1,6.666666666667E-1,1.E0),
.UNSPECIFIED.);
#1944=CIRCLE('',#1943,6.E0);
#1952=B_SPLINE_CURVE_WITH_KNOTS('',3,(#1945,#1946,#1947,#1948,#1949,#1950,
#1951),.UNSPECIFIED.,.F.,.F.,(4,1,1,1,4),(0.E0,2.5E-1,5.E-1,7.5E-1,1.E0),
.UNSPECIFIED.);
#1957=CIRCLE('',#1956,5.6E1);
#1962=CIRCLE('',#1961,5.6E1);
#1967=CIRCLE('',#1966,5.424264068712E1);
#1972=CIRCLE('',#1971,5.424264068712E1);
#1983=B_SPLINE_CURVE_WITH_KNOTS('',3,(#1973,#1974,#1975,#1976,#1977,#1978,#1979,
#1980,#1981,#1982),.UNSPECIFIED.,.F.,.F.,(4,1,1,1,1,1,1,4),(0.E0,
1.428571428571E-1,2.857142857143E-1,4.285714285714E-1,5.714285714286E-1,
7.142857142857E-1,8.571428571429E-1,1.E0),.UNSPECIFIED.);
#1988=CIRCLE('',#1987,6.E0);
#1998=B_SPLINE_CURVE_WITH_KNOTS('',3,(#1989,#1990,#1991,#1992,#1993,#1994,#1995,
#1996,#1997),.UNSPECIFIED.,.F.,.F.,(4,1,1,1,1,1,4),(0.E0,7.743615072008E-4,
3.338495743382E-1,5.003871807537E-1,6.669247871692E-1,8.334623935847E-1,1.E0),
.UNSPECIFIED.);
#2005=B_SPLINE_CURVE_WITH_KNOTS('',3,(#1999,#2000,#2001,#2002,#2003,#2004),
.UNSPECIFIED.,.F.,.F.,(4,1,1,4),(0.E0,3.333333333333E-1,6.666666666667E-1,1.E0),
.UNSPECIFIED.);
#2010=CIRCLE('',#2009,2.705710678119E1);
#2018=B_SPLINE_CURVE_WITH_KNOTS('',3,(#2011,#2012,#2013,#2014,#2015,#2016,
#2017),.UNSPECIFIED.,.F.,.F.,(4,1,1,1,4),(0.E0,2.500000011529E-1,
5.000000007692E-1,7.500000003853E-1,1.E0),.UNSPECIFIED.);
#2028=B_SPLINE_CURVE_WITH_KNOTS('',3,(#2019,#2020,#2021,#2022,#2023,#2024,#2025,
#2026,#2027),.UNSPECIFIED.,.F.,.F.,(4,1,1,1,1,1,4),(0.E0,1.257501581506E-1,
2.515003163015E-1,3.772504744523E-1,5.030006326031E-1,7.545009489048E-1,1.E0),
.UNSPECIFIED.);
#2037=B_SPLINE_CURVE_WITH_KNOTS('',3,(#2033,#2034,#2035,#2036),.UNSPECIFIED.,
.F.,.F.,(4,4),(0.E0,1.E0),.UNSPECIFIED.);
#2098=B_SPLINE_CURVE_WITH_KNOTS('',3,(#2042,#2043,#2044,#2045,#2046,#2047,#2048,
#2049,#2050,#2051,#2052,#2053,#2054,#2055,#2056,#2057,#2058,#2059,#2060,#2061,
#2062,#2063,#2064,#2065,#2066,#2067,#2068,#2069,#2070,#2071,#2072,#2073,#2074,
#2075,#2076,#2077,#2078,#2079,#2080,#2081,#2082,#2083,#2084,#2085,#2086,#2087,
#2088,#2089,#2090,#2091,#2092,#2093,#2094,#2095,#2096,#2097),.UNSPECIFIED.,.F.,
.F.,(4,1,1,1,1,1,1,1,1,1,1,1,1,1,1,1,1,1,1,1,1,1,1,1,1,1,1,1,1,1,1,1,1,1,1,1,1,
1,1,1,1,1,1,1,1,1,1,1,1,1,1,1,1,4),(0.E0,1.886792452830E-2,3.773584905660E-2,
5.660377358491E-2,7.547169811321E-2,9.433962264151E-2,1.132075471698E-1,
1.320754716981E-1,1.509433962264E-1,1.698113207547E-1,1.886792452830E-1,
2.075471698113E-1,2.264150943396E-1,2.452830188679E-1,2.641509433962E-1,
2.830188679245E-1,3.018867924528E-1,3.207547169811E-1,3.396226415094E-1,
3.584905660377E-1,3.773584905660E-1,3.962264150943E-1,4.150943396226E-1,
4.339622641509E-1,4.528301886792E-1,4.716981132075E-1,4.905660377358E-1,
5.094339622642E-1,5.283018867925E-1,5.471698113208E-1,5.660377358491E-1,
5.849056603774E-1,6.037735849057E-1,6.226415094340E-1,6.415094339623E-1,
6.603773584906E-1,6.792452830189E-1,6.981132075472E-1,7.169811320755E-1,
7.358490566038E-1,7.547169811321E-1,7.735849056604E-1,7.924528301887E-1,
8.113207547170E-1,8.301886792453E-1,8.490566037736E-1,8.679245283019E-1,
8.867924528302E-1,9.056603773585E-1,9.245283018868E-1,9.433962264151E-1,
9.622641509434E-1,9.811320754717E-1,1.E0),.UNSPECIFIED.);
#2111=CIRCLE('',#2110,7.364926799354E1);
#2138=B_SPLINE_CURVE_WITH_KNOTS('',3,(#2124,#2125,#2126,#2127,#2128,#2129,#2130,
#2131,#2132,#2133,#2134,#2135,#2136,#2137),.UNSPECIFIED.,.F.,.F.,(4,1,1,1,1,1,1,
1,1,1,1,4),(0.E0,9.090909090909E-2,1.818181818182E-1,2.727272727273E-1,
3.636363636364E-1,4.545454545455E-1,5.454545454545E-1,6.363636363636E-1,
7.272727272727E-1,8.181818181818E-1,9.090909090909E-1,1.E0),.UNSPECIFIED.);
#2165=B_SPLINE_CURVE_WITH_KNOTS('',3,(#2139,#2140,#2141,#2142,#2143,#2144,#2145,
#2146,#2147,#2148,#2149,#2150,#2151,#2152,#2153,#2154,#2155,#2156,#2157,#2158,
#2159,#2160,#2161,#2162,#2163,#2164),.UNSPECIFIED.,.F.,.F.,(4,1,1,1,1,1,1,1,1,1,
1,1,1,1,1,1,1,1,1,1,1,1,1,4),(0.E0,4.347826086957E-2,8.695652173913E-2,
1.304347826087E-1,1.739130434783E-1,2.173913043478E-1,2.608695652174E-1,
3.043478260870E-1,3.478260869565E-1,3.913043478261E-1,4.347826086957E-1,
4.782608695652E-1,5.217391304348E-1,5.652173913043E-1,6.086956521739E-1,
6.521739130435E-1,6.956521739130E-1,7.391304347826E-1,7.826086956522E-1,
8.260869565217E-1,8.695652173913E-1,9.130434782609E-1,9.565217391304E-1,1.E0),
.UNSPECIFIED.);
#2184=B_SPLINE_CURVE_WITH_KNOTS('',3,(#2166,#2167,#2168,#2169,#2170,#2171,#2172,
#2173,#2174,#2175,#2176,#2177,#2178,#2179,#2180,#2181,#2182,#2183),
.UNSPECIFIED.,.F.,.F.,(4,1,1,1,1,1,1,1,1,1,1,1,1,1,1,4),(0.E0,6.666666666667E-2,
1.333333333333E-1,2.E-1,2.666666666667E-1,3.333333333333E-1,4.E-1,
4.666666666667E-1,5.333333333333E-1,6.E-1,6.666666666667E-1,7.333333333333E-1,
8.E-1,8.666666666667E-1,9.333333333333E-1,1.E0),.UNSPECIFIED.);
#2207=B_SPLINE_CURVE_WITH_KNOTS('',3,(#2185,#2186,#2187,#2188,#2189,#2190,#2191,
#2192,#2193,#2194,#2195,#2196,#2197,#2198,#2199,#2200,#2201,#2202,#2203,#2204,
#2205,#2206),.UNSPECIFIED.,.F.,.F.,(4,1,1,1,1,1,1,1,1,1,1,1,1,1,1,1,1,1,1,4),(
0.E0,5.263157894737E-2,1.052631578947E-1,1.578947368421E-1,2.105263157895E-1,
2.631578947368E-1,3.157894736842E-1,3.684210526316E-1,4.210526315789E-1,
4.736842105263E-1,5.263157894737E-1,5.789473684211E-1,6.315789473684E-1,
6.842105263158E-1,7.368421052632E-1,7.894736842105E-1,8.421052631579E-1,
8.947368421053E-1,9.473684210526E-1,1.E0),.UNSPECIFIED.);
#2219=B_SPLINE_CURVE_WITH_KNOTS('',3,(#2208,#2209,#2210,#2211,#2212,#2213,#2214,
#2215,#2216,#2217,#2218),.UNSPECIFIED.,.F.,.F.,(4,1,1,1,1,1,1,1,4),(0.E0,
1.25E-1,2.5E-1,3.75E-1,5.E-1,6.25E-1,7.5E-1,8.75E-1,1.E0),.UNSPECIFIED.);
#2241=B_SPLINE_CURVE_WITH_KNOTS('',3,(#2224,#2225,#2226,#2227,#2228,#2229,#2230,
#2231,#2232,#2233,#2234,#2235,#2236,#2237,#2238,#2239,#2240),.UNSPECIFIED.,.F.,
.F.,(4,1,1,1,1,1,1,1,1,1,1,1,1,1,4),(0.E0,7.142857142857E-2,1.428571428571E-1,
2.142857142857E-1,2.857142857143E-1,3.571428571429E-1,4.285714285714E-1,5.E-1,
5.714285714286E-1,6.428571428571E-1,7.142857142857E-1,7.857142857143E-1,
8.571428571429E-1,9.285714285714E-1,1.E0),.UNSPECIFIED.);
#2250=CIRCLE('',#2249,4.125E0);
#2255=CIRCLE('',#2254,4.125E0);
#2260=CIRCLE('',#2259,2.650000000002E0);
#2265=CIRCLE('',#2264,2.650000000002E0);
#2270=CIRCLE('',#2269,2.150000000002E0);
#2279=CIRCLE('',#2278,2.150000000002E0);
#2358=B_SPLINE_CURVE_WITH_KNOTS('',3,(#2300,#2301,#2302,#2303,#2304,#2305,#2306,
#2307,#2308,#2309,#2310,#2311,#2312,#2313,#2314,#2315,#2316,#2317,#2318,#2319,
#2320,#2321,#2322,#2323,#2324,#2325,#2326,#2327,#2328,#2329,#2330,#2331,#2332,
#2333,#2334,#2335,#2336,#2337,#2338,#2339,#2340,#2341,#2342,#2343,#2344,#2345,
#2346,#2347,#2348,#2349,#2350,#2351,#2352,#2353,#2354,#2355,#2356,#2357),
.UNSPECIFIED.,.F.,.F.,(4,1,1,1,1,1,1,1,1,1,1,1,1,1,1,1,1,1,1,1,1,1,1,1,1,1,1,1,
1,1,1,1,1,1,1,1,1,1,1,1,1,1,1,1,1,1,1,1,1,1,1,1,1,1,1,4),(0.E0,
1.818181818182E-2,3.636363636364E-2,5.454545454545E-2,7.272727272727E-2,
9.090909090909E-2,1.090909090909E-1,1.272727272727E-1,1.454545454545E-1,
1.636363636364E-1,1.818181818182E-1,2.E-1,2.181818181818E-1,2.363636363636E-1,
2.545454545455E-1,2.727272727273E-1,2.909090909091E-1,3.090909090909E-1,
3.272727272727E-1,3.454545454545E-1,3.636363636364E-1,3.818181818182E-1,4.E-1,
4.181818181818E-1,4.363636363636E-1,4.545454545455E-1,4.727272727273E-1,
4.909090909091E-1,5.090909090909E-1,5.272727272727E-1,5.454545454545E-1,
5.636363636364E-1,5.818181818182E-1,6.E-1,6.181818181818E-1,6.363636363636E-1,
6.545454545455E-1,6.727272727273E-1,6.909090909091E-1,7.090909090909E-1,
7.272727272727E-1,7.454545454545E-1,7.636363636364E-1,7.818181818182E-1,8.E-1,
8.181818181818E-1,8.363636363636E-1,8.545454545455E-1,8.727272727273E-1,
8.909090909091E-1,9.090909090909E-1,9.272727272727E-1,9.454545454545E-1,
9.636363636364E-1,9.818181818182E-1,1.E0),.UNSPECIFIED.);
#2370=B_SPLINE_CURVE_WITH_KNOTS('',3,(#2359,#2360,#2361,#2362,#2363,#2364,#2365,
#2366,#2367,#2368,#2369),.UNSPECIFIED.,.F.,.F.,(4,1,1,1,1,1,1,1,4),(0.E0,
1.249574474929E-1,2.499635328381E-1,3.749696181832E-1,4.999757035285E-1,
6.249817888737E-1,7.499878742188E-1,8.749939595641E-1,1.E0),.UNSPECIFIED.);
#2397=B_SPLINE_CURVE_WITH_KNOTS('',3,(#2371,#2372,#2373,#2374,#2375,#2376,#2377,
#2378,#2379,#2380,#2381,#2382,#2383,#2384,#2385,#2386,#2387,#2388,#2389,#2390,
#2391,#2392,#2393,#2394,#2395,#2396),.UNSPECIFIED.,.F.,.F.,(4,1,1,1,1,1,1,1,1,1,
1,1,1,1,1,1,1,1,1,1,1,1,1,4),(0.E0,4.347826086957E-2,8.695652173913E-2,
1.304347826087E-1,1.739130434783E-1,2.173913043478E-1,2.608695652174E-1,
3.043478260870E-1,3.478260869565E-1,3.913043478261E-1,4.347826086957E-1,
4.782608695652E-1,5.217391304348E-1,5.652173913043E-1,6.086956521739E-1,
6.521739130435E-1,6.956521739130E-1,7.391304347826E-1,7.826086956522E-1,
8.260869565217E-1,8.695652173913E-1,9.130434782609E-1,9.565217391304E-1,1.E0),
.UNSPECIFIED.);
#2408=B_SPLINE_CURVE_WITH_KNOTS('',3,(#2402,#2403,#2404,#2405,#2406,#2407),
.UNSPECIFIED.,.F.,.F.,(4,1,1,4),(0.E0,3.333333333333E-1,6.666666666667E-1,1.E0),
.UNSPECIFIED.);
#2435=B_SPLINE_CURVE_WITH_KNOTS('',3,(#2409,#2410,#2411,#2412,#2413,#2414,#2415,
#2416,#2417,#2418,#2419,#2420,#2421,#2422,#2423,#2424,#2425,#2426,#2427,#2428,
#2429,#2430,#2431,#2432,#2433,#2434),.UNSPECIFIED.,.F.,.F.,(4,1,1,1,1,1,1,1,1,1,
1,1,1,1,1,1,1,1,1,1,1,1,1,4),(0.E0,4.347826086957E-2,8.695652173913E-2,
1.304347826087E-1,1.739130434783E-1,2.173913043478E-1,2.608695652174E-1,
3.043478260870E-1,3.478260869565E-1,3.913043478261E-1,4.347826086957E-1,
4.782608695652E-1,5.217391304348E-1,5.652173913043E-1,6.086956521739E-1,
6.521739130435E-1,6.956521739130E-1,7.391304347826E-1,7.826086956522E-1,
8.260869565217E-1,8.695652173913E-1,9.130434782609E-1,9.565217391304E-1,1.E0),
.UNSPECIFIED.);
#2444=CIRCLE('',#2443,4.125E0);
#2449=CIRCLE('',#2448,4.125E0);
#2454=CIRCLE('',#2453,2.650000000002E0);
#2459=CIRCLE('',#2458,2.650000000002E0);
#2464=CIRCLE('',#2463,2.150000000002E0);
#2473=CIRCLE('',#2472,2.150000000002E0);
#2490=CIRCLE('',#2489,1.E0);
#2495=CIRCLE('',#2494,1.E0);
#2500=CIRCLE('',#2499,3.5E0);
#2518=B_SPLINE_CURVE_WITH_KNOTS('',3,(#2505,#2506,#2507,#2508,#2509,#2510,#2511,
#2512,#2513,#2514,#2515,#2516,#2517),.UNSPECIFIED.,.F.,.F.,(4,1,1,1,1,1,1,1,1,1,
4),(0.E0,1.E-1,2.E-1,3.E-1,4.E-1,5.E-1,6.E-1,7.E-1,8.E-1,9.E-1,1.E0),
.UNSPECIFIED.);
#2523=CIRCLE('',#2522,1.E0);
#2530=B_SPLINE_CURVE_WITH_KNOTS('',3,(#2524,#2525,#2526,#2527,#2528,#2529),
.UNSPECIFIED.,.F.,.F.,(4,1,1,4),(0.E0,2.515007457257E-1,5.030014914516E-1,1.E0),
.UNSPECIFIED.);
#2555=CIRCLE('',#2554,1.85E1);
#2560=CIRCLE('',#2559,1.85E1);
#2570=B_SPLINE_CURVE_WITH_KNOTS('',3,(#2561,#2562,#2563,#2564,#2565,#2566,#2567,
#2568,#2569),.UNSPECIFIED.,.F.,.F.,(4,1,1,1,1,1,4),(0.E0,1.666666666667E-1,
3.333333333333E-1,5.E-1,6.666666666667E-1,8.333333333333E-1,1.E0),
.UNSPECIFIED.);
#2584=B_SPLINE_CURVE_WITH_KNOTS('',3,(#2575,#2576,#2577,#2578,#2579,#2580,#2581,
#2582,#2583),.UNSPECIFIED.,.F.,.F.,(4,1,1,1,1,1,4),(0.E0,1.666666666667E-1,
3.333333333333E-1,5.E-1,6.666666666667E-1,8.333333333333E-1,1.E0),
.UNSPECIFIED.);
#2593=CIRCLE('',#2592,3.E-1);
#2598=CIRCLE('',#2597,1.85E1);
#2603=CIRCLE('',#2602,1.85E1);
#2610=B_SPLINE_CURVE_WITH_KNOTS('',3,(#2604,#2605,#2606,#2607,#2608,#2609),
.UNSPECIFIED.,.F.,.F.,(4,1,1,4),(0.E0,3.333333333333E-1,6.666666666667E-1,1.E0),
.UNSPECIFIED.);
#2615=CIRCLE('',#2614,3.E-1);
#2620=CIRCLE('',#2619,1.E0);
#2625=CIRCLE('',#2624,1.3E0);
#2630=CIRCLE('',#2629,1.82E1);
#2635=CIRCLE('',#2634,1.82E1);
#2640=CIRCLE('',#2639,1.3E0);
#2649=CIRCLE('',#2648,1.E0);
#2654=CIRCLE('',#2653,1.725E1);
#2659=CIRCLE('',#2658,1.725E1);
#2666=B_SPLINE_CURVE_WITH_KNOTS('',3,(#2660,#2661,#2662,#2663,#2664,#2665),
.UNSPECIFIED.,.F.,.F.,(4,1,1,4),(0.E0,3.333333333333E-1,6.666666666667E-1,1.E0),
.UNSPECIFIED.);
#2673=B_SPLINE_CURVE_WITH_KNOTS('',3,(#2667,#2668,#2669,#2670,#2671,#2672),
.UNSPECIFIED.,.F.,.F.,(4,1,1,4),(0.E0,3.333333333333E-1,6.666666666667E-1,1.E0),
.UNSPECIFIED.);
#2678=CIRCLE('',#2677,1.E0);
#2697=B_SPLINE_CURVE_WITH_KNOTS('',3,(#2691,#2692,#2693,#2694,#2695,#2696),
.UNSPECIFIED.,.F.,.F.,(4,1,1,4),(0.E0,3.333333333333E-1,6.666666666667E-1,1.E0),
.UNSPECIFIED.);
#2702=CIRCLE('',#2701,1.725E1);
#2707=CIRCLE('',#2706,1.725E1);
#2714=B_SPLINE_CURVE_WITH_KNOTS('',3,(#2708,#2709,#2710,#2711,#2712,#2713),
.UNSPECIFIED.,.F.,.F.,(4,1,1,4),(0.E0,3.333333333333E-1,6.666666666667E-1,1.E0),
.UNSPECIFIED.);
#2723=CIRCLE('',#2722,6.E0);
#2728=CIRCLE('',#2727,6.E0);
#2750=B_SPLINE_CURVE_WITH_KNOTS('',3,(#2741,#2742,#2743,#2744,#2745,#2746,#2747,
#2748,#2749),.UNSPECIFIED.,.F.,.F.,(4,1,1,1,1,1,4),(0.E0,1.666666666667E-1,
3.333333333333E-1,5.E-1,6.666666666667E-1,8.333333333333E-1,1.E0),
.UNSPECIFIED.);
#2767=CIRCLE('',#2766,1.E0);
#2772=CIRCLE('',#2771,1.E0);
#2782=B_SPLINE_CURVE_WITH_KNOTS('',3,(#2773,#2774,#2775,#2776,#2777,#2778,#2779,
#2780,#2781),.UNSPECIFIED.,.F.,.F.,(4,1,1,1,1,1,4),(0.E0,1.666666666667E-1,
3.333333333333E-1,5.E-1,6.666666666667E-1,8.333333333333E-1,1.E0),
.UNSPECIFIED.);
#2789=B_SPLINE_CURVE_WITH_KNOTS('',3,(#2783,#2784,#2785,#2786,#2787,#2788),
.UNSPECIFIED.,.F.,.F.,(4,1,1,4),(0.E0,3.333333333333E-1,6.666666666667E-1,1.E0),
.UNSPECIFIED.);
#2798=CIRCLE('',#2797,4.125E0);
#2803=CIRCLE('',#2802,4.125E0);
#2808=CIRCLE('',#2807,2.650000000002E0);
#2813=CIRCLE('',#2812,2.650000000002E0);
#2822=CIRCLE('',#2821,2.150000000002E0);
#2831=CIRCLE('',#2830,2.150000000002E0);
#2852=CIRCLE('',#2851,1.E0);
#2861=B_SPLINE_CURVE_WITH_KNOTS('',3,(#2853,#2854,#2855,#2856,#2857,#2858,#2859,
#2860),.UNSPECIFIED.,.F.,.F.,(4,1,1,1,1,4),(0.E0,2.E-1,4.E-1,6.E-1,8.E-1,1.E0),
.UNSPECIFIED.);
#2870=CIRCLE('',#2869,4.125E0);
#2875=CIRCLE('',#2874,4.125E0);
#2880=CIRCLE('',#2879,2.650000000002E0);
#2885=CIRCLE('',#2884,2.650000000002E0);
#2894=CIRCLE('',#2893,2.150000000002E0);
#2903=CIRCLE('',#2902,2.150000000002E0);
#2920=CIRCLE('',#2919,5.500000000010E0);
#2925=CIRCLE('',#2924,5.500000000010E0);
#2930=CIRCLE('',#2929,2.15E0);
#2935=CIRCLE('',#2934,2.15E0);
#2944=B_SPLINE_CURVE_WITH_KNOTS('',3,(#2936,#2937,#2938,#2939,#2940,#2941,#2942,
#2943),.UNSPECIFIED.,.F.,.F.,(4,1,1,1,1,4),(0.E0,2.E-1,4.E-1,6.E-1,8.E-1,1.E0),
.UNSPECIFIED.);
#2955=B_SPLINE_CURVE_WITH_KNOTS('',3,(#2949,#2950,#2951,#2952,#2953,#2954),
.UNSPECIFIED.,.F.,.F.,(4,1,1,4),(0.E0,3.333333333333E-1,6.666666666667E-1,1.E0),
.UNSPECIFIED.);
#2960=CIRCLE('',#2959,5.500000000010E0);
#2965=CIRCLE('',#2964,5.500000000010E0);
#2972=B_SPLINE_CURVE_WITH_KNOTS('',3,(#2966,#2967,#2968,#2969,#2970,#2971),
.UNSPECIFIED.,.F.,.F.,(4,1,1,4),(0.E0,3.333333333333E-1,6.666666666667E-1,1.E0),
.UNSPECIFIED.);
#2977=CIRCLE('',#2976,1.000000000001E0);
#2982=CIRCLE('',#2981,1.E0);
#3020=B_SPLINE_CURVE_WITH_KNOTS('',3,(#2983,#2984,#2985,#2986,#2987,#2988,#2989,
#2990,#2991,#2992,#2993,#2994,#2995,#2996,#2997,#2998,#2999,#3000,#3001,#3002,
#3003,#3004,#3005,#3006,#3007,#3008,#3009,#3010,#3011,#3012,#3013,#3014,#3015,
#3016,#3017,#3018,#3019),.UNSPECIFIED.,.F.,.F.,(4,1,1,1,1,1,1,1,1,1,1,1,1,1,1,1,
1,1,1,1,1,1,1,1,1,1,1,1,1,1,1,1,1,1,4),(0.E0,2.941176470588E-2,
5.882352941176E-2,8.823529411765E-2,1.176470588235E-1,1.470588235294E-1,
1.764705882353E-1,2.058823529412E-1,2.352941176471E-1,2.647058823529E-1,
2.941176470588E-1,3.235294117647E-1,3.529411764706E-1,3.823529411765E-1,
4.117647058824E-1,4.411764705882E-1,4.705882352941E-1,5.E-1,5.294117647059E-1,
5.588235294118E-1,5.882352941176E-1,6.176470588235E-1,6.470588235294E-1,
6.764705882353E-1,7.058823529412E-1,7.352941176471E-1,7.647058823529E-1,
7.941176470588E-1,8.235294117647E-1,8.529411764706E-1,8.823529411765E-1,
9.117647058824E-1,9.411764705882E-1,9.705882352941E-1,1.E0),.UNSPECIFIED.);
#3025=CIRCLE('',#3024,6.E0);
#3032=B_SPLINE_CURVE_WITH_KNOTS('',3,(#3026,#3027,#3028,#3029,#3030,#3031),
.UNSPECIFIED.,.F.,.F.,(4,1,1,4),(0.E0,3.333333333333E-1,6.666666666667E-1,1.E0),
.UNSPECIFIED.);
#3037=CIRCLE('',#3036,6.E0);
#3046=CIRCLE('',#3045,1.E0);
#3051=CIRCLE('',#3050,1.E0);
#3056=CIRCLE('',#3055,9.999999999980E-1);
#3063=B_SPLINE_CURVE_WITH_KNOTS('',3,(#3057,#3058,#3059,#3060,#3061,#3062),
.UNSPECIFIED.,.F.,.F.,(4,1,1,4),(0.E0,3.333333333333E-1,6.666666666667E-1,1.E0),
.UNSPECIFIED.);
#3068=CIRCLE('',#3067,5.5E0);
#3073=CIRCLE('',#3072,5.5E0);
#3080=B_SPLINE_CURVE_WITH_KNOTS('',3,(#3074,#3075,#3076,#3077,#3078,#3079),
.UNSPECIFIED.,.F.,.F.,(4,1,1,4),(0.E0,3.333333333333E-1,6.666666666667E-1,1.E0),
.UNSPECIFIED.);
#3094=B_SPLINE_CURVE_WITH_KNOTS('',3,(#3081,#3082,#3083,#3084,#3085,#3086,#3087,
#3088,#3089,#3090,#3091,#3092,#3093),.UNSPECIFIED.,.F.,.F.,(4,1,1,1,1,1,1,1,1,1,
4),(0.E0,1.E-1,2.E-1,3.E-1,4.E-1,5.E-1,6.E-1,7.E-1,8.E-1,9.E-1,1.E0),
.UNSPECIFIED.);
#3099=B_SPLINE_CURVE_WITH_KNOTS('',3,(#3095,#3096,#3097,#3098),.UNSPECIFIED.,
.F.,.F.,(4,4),(0.E0,1.E0),.UNSPECIFIED.);
#3104=CIRCLE('',#3103,6.E0);
#3109=CIRCLE('',#3108,9.999999999790E-1);
#3114=CIRCLE('',#3113,1.E0);
#3121=B_SPLINE_CURVE_WITH_KNOTS('',3,(#3115,#3116,#3117,#3118,#3119,#3120),
.UNSPECIFIED.,.F.,.F.,(4,1,1,4),(0.E0,3.333333333333E-1,6.666666666667E-1,1.E0),
.UNSPECIFIED.);
#3140=B_SPLINE_CURVE_WITH_KNOTS('',3,(#3134,#3135,#3136,#3137,#3138,#3139),
.UNSPECIFIED.,.F.,.F.,(4,1,1,4),(0.E0,3.333333333333E-1,6.666666666667E-1,1.E0),
.UNSPECIFIED.);
#3151=B_SPLINE_CURVE_WITH_KNOTS('',3,(#3145,#3146,#3147,#3148,#3149,#3150),
.UNSPECIFIED.,.F.,.F.,(4,1,1,4),(0.E0,3.333333333333E-1,6.666666666667E-1,1.E0),
.UNSPECIFIED.);
#3175=B_SPLINE_CURVE_WITH_KNOTS('',3,(#3152,#3153,#3154,#3155,#3156,#3157,#3158,
#3159,#3160,#3161,#3162,#3163,#3164,#3165,#3166,#3167,#3168,#3169,#3170,#3171,
#3172,#3173,#3174),.UNSPECIFIED.,.F.,.F.,(4,1,1,1,1,1,1,1,1,1,1,1,1,1,1,1,1,1,1,
1,4),(0.E0,5.E-2,1.E-1,1.5E-1,2.E-1,2.5E-1,3.E-1,3.5E-1,4.E-1,4.5E-1,5.E-1,
5.5E-1,6.E-1,6.5E-1,7.E-1,7.5E-1,8.E-1,8.5E-1,9.E-1,9.5E-1,1.E0),.UNSPECIFIED.);
#3229=B_SPLINE_CURVE_WITH_KNOTS('',3,(#3176,#3177,#3178,#3179,#3180,#3181,#3182,
#3183,#3184,#3185,#3186,#3187,#3188,#3189,#3190,#3191,#3192,#3193,#3194,#3195,
#3196,#3197,#3198,#3199,#3200,#3201,#3202,#3203,#3204,#3205,#3206,#3207,#3208,
#3209,#3210,#3211,#3212,#3213,#3214,#3215,#3216,#3217,#3218,#3219,#3220,#3221,
#3222,#3223,#3224,#3225,#3226,#3227,#3228),.UNSPECIFIED.,.F.,.F.,(4,1,1,1,1,1,1,
1,1,1,1,1,1,1,1,1,1,1,1,1,1,1,1,1,1,1,1,1,1,1,1,1,1,1,1,1,1,1,1,1,1,1,1,1,1,1,1,
1,1,1,4),(0.E0,2.E-2,4.E-2,6.E-2,8.E-2,1.E-1,1.2E-1,1.4E-1,1.6E-1,1.8E-1,2.E-1,
2.2E-1,2.4E-1,2.6E-1,2.8E-1,3.E-1,3.2E-1,3.4E-1,3.6E-1,3.8E-1,4.E-1,4.2E-1,
4.4E-1,4.6E-1,4.8E-1,5.E-1,5.2E-1,5.4E-1,5.6E-1,5.8E-1,6.E-1,6.2E-1,6.4E-1,
6.6E-1,6.8E-1,7.E-1,7.2E-1,7.4E-1,7.6E-1,7.8E-1,8.E-1,8.2E-1,8.4E-1,8.6E-1,
8.8E-1,9.E-1,9.2E-1,9.4E-1,9.6E-1,9.8E-1,1.E0),.UNSPECIFIED.);
#3285=B_SPLINE_CURVE_WITH_KNOTS('',3,(#3230,#3231,#3232,#3233,#3234,#3235,#3236,
#3237,#3238,#3239,#3240,#3241,#3242,#3243,#3244,#3245,#3246,#3247,#3248,#3249,
#3250,#3251,#3252,#3253,#3254,#3255,#3256,#3257,#3258,#3259,#3260,#3261,#3262,
#3263,#3264,#3265,#3266,#3267,#3268,#3269,#3270,#3271,#3272,#3273,#3274,#3275,
#3276,#3277,#3278,#3279,#3280,#3281,#3282,#3283,#3284),.UNSPECIFIED.,.F.,.F.,(4,
1,1,1,1,1,1,1,1,1,1,1,1,1,1,1,1,1,1,1,1,1,1,1,1,1,1,1,1,1,1,1,1,1,1,1,1,1,1,1,1,
1,1,1,1,1,1,1,1,1,1,1,4),(0.E0,1.923076923077E-2,3.846153846154E-2,
5.769230769231E-2,7.692307692308E-2,9.615384615385E-2,1.153846153846E-1,
1.346153846154E-1,1.538461538462E-1,1.730769230769E-1,1.923076923077E-1,
2.115384615385E-1,2.307692307692E-1,2.5E-1,2.692307692308E-1,2.884615384615E-1,
3.076923076923E-1,3.269230769231E-1,3.461538461538E-1,3.653846153846E-1,
3.846153846154E-1,4.038461538462E-1,4.230769230769E-1,4.423076923077E-1,
4.615384615385E-1,4.807692307692E-1,5.E-1,5.192307692308E-1,5.384615384615E-1,
5.576923076923E-1,5.769230769231E-1,5.961538461538E-1,6.153846153846E-1,
6.346153846154E-1,6.538461538462E-1,6.730769230769E-1,6.923076923077E-1,
7.115384615385E-1,7.307692307692E-1,7.5E-1,7.692307692308E-1,7.884615384615E-1,
8.076923076923E-1,8.269230769231E-1,8.461538461538E-1,8.653846153846E-1,
8.846153846154E-1,9.038461538462E-1,9.230769230769E-1,9.423076923077E-1,
9.615384615385E-1,9.807692307692E-1,1.E0),.UNSPECIFIED.);
#3297=B_SPLINE_CURVE_WITH_KNOTS('',3,(#3286,#3287,#3288,#3289,#3290,#3291,#3292,
#3293,#3294,#3295,#3296),.UNSPECIFIED.,.F.,.F.,(4,1,1,1,1,1,1,1,4),(0.E0,
6.444951420291E-2,2.096631415040E-1,3.548767688051E-1,5.000903961061E-1,
6.453040234072E-1,7.905176507082E-1,9.357312780092E-1,1.E0),.UNSPECIFIED.);
#3302=CIRCLE('',#3301,5.749779034280E1);
#3307=CIRCLE('',#3306,5.749779034280E1);
#3323=B_SPLINE_CURVE_WITH_KNOTS('',3,(#3308,#3309,#3310,#3311,#3312,#3313,#3314,
#3315,#3316,#3317,#3318,#3319,#3320,#3321,#3322),.UNSPECIFIED.,.F.,.F.,(4,1,1,1,
1,1,1,1,1,1,1,1,4),(0.E0,8.333333333333E-2,1.666666666667E-1,2.5E-1,
3.333333333333E-1,4.166666666667E-1,5.E-1,5.833333333333E-1,6.666666666667E-1,
7.5E-1,8.333333333333E-1,9.166666666667E-1,1.E0),.UNSPECIFIED.);
#3337=B_SPLINE_CURVE_WITH_KNOTS('',3,(#3324,#3325,#3326,#3327,#3328,#3329,#3330,
#3331,#3332,#3333,#3334,#3335,#3336),.UNSPECIFIED.,.F.,.F.,(4,1,1,1,1,1,1,1,1,1,
4),(0.E0,1.E-1,2.E-1,3.E-1,4.E-1,5.E-1,6.E-1,7.E-1,8.E-1,9.E-1,1.E0),
.UNSPECIFIED.);
#3344=B_SPLINE_CURVE_WITH_KNOTS('',3,(#3338,#3339,#3340,#3341,#3342,#3343),
.UNSPECIFIED.,.F.,.F.,(4,1,1,4),(0.E0,3.333333333333E-1,6.666666666667E-1,1.E0),
.UNSPECIFIED.);
#3351=B_SPLINE_CURVE_WITH_KNOTS('',3,(#3345,#3346,#3347,#3348,#3349,#3350),
.UNSPECIFIED.,.F.,.F.,(4,1,1,4),(0.E0,3.333333333333E-1,6.666666666667E-1,1.E0),
.UNSPECIFIED.);
#3389=B_SPLINE_CURVE_WITH_KNOTS('',3,(#3376,#3377,#3378,#3379,#3380,#3381,#3382,
#3383,#3384,#3385,#3386,#3387,#3388),.UNSPECIFIED.,.F.,.F.,(4,1,1,1,1,1,1,1,1,1,
4),(0.E0,1.E-1,2.E-1,3.E-1,4.E-1,5.E-1,6.E-1,7.E-1,8.E-1,9.E-1,1.E0),
.UNSPECIFIED.);
#3396=B_SPLINE_CURVE_WITH_KNOTS('',3,(#3390,#3391,#3392,#3393,#3394,#3395),
.UNSPECIFIED.,.F.,.F.,(4,1,1,4),(0.E0,3.333333333333E-1,6.666666666667E-1,1.E0),
.UNSPECIFIED.);
#3429=CIRCLE('',#3428,7.365079650733E1);
#3452=B_SPLINE_CURVE_WITH_KNOTS('',3,(#3446,#3447,#3448,#3449,#3450,#3451),
.UNSPECIFIED.,.F.,.F.,(4,1,1,4),(0.E0,3.333333333333E-1,6.666666666667E-1,1.E0),
.UNSPECIFIED.);
#3459=B_SPLINE_CURVE_WITH_KNOTS('',3,(#3453,#3454,#3455,#3456,#3457,#3458),
.UNSPECIFIED.,.F.,.F.,(4,1,1,4),(0.E0,3.333333333333E-1,6.666666666667E-1,1.E0),
.UNSPECIFIED.);
#3513=B_SPLINE_CURVE_WITH_KNOTS('',3,(#3460,#3461,#3462,#3463,#3464,#3465,#3466,
#3467,#3468,#3469,#3470,#3471,#3472,#3473,#3474,#3475,#3476,#3477,#3478,#3479,
#3480,#3481,#3482,#3483,#3484,#3485,#3486,#3487,#3488,#3489,#3490,#3491,#3492,
#3493,#3494,#3495,#3496,#3497,#3498,#3499,#3500,#3501,#3502,#3503,#3504,#3505,
#3506,#3507,#3508,#3509,#3510,#3511,#3512),.UNSPECIFIED.,.F.,.F.,(4,1,1,1,1,1,1,
1,1,1,1,1,1,1,1,1,1,1,1,1,1,1,1,1,1,1,1,1,1,1,1,1,1,1,1,1,1,1,1,1,1,1,1,1,1,1,1,
1,1,1,4),(0.E0,2.E-2,4.E-2,6.E-2,8.E-2,1.E-1,1.2E-1,1.4E-1,1.6E-1,1.8E-1,2.E-1,
2.2E-1,2.4E-1,2.6E-1,2.8E-1,3.E-1,3.2E-1,3.4E-1,3.6E-1,3.8E-1,4.E-1,4.2E-1,
4.4E-1,4.6E-1,4.8E-1,5.E-1,5.2E-1,5.4E-1,5.6E-1,5.8E-1,6.E-1,6.2E-1,6.4E-1,
6.6E-1,6.8E-1,7.E-1,7.2E-1,7.4E-1,7.6E-1,7.8E-1,8.E-1,8.2E-1,8.4E-1,8.6E-1,
8.8E-1,9.E-1,9.2E-1,9.4E-1,9.6E-1,9.8E-1,1.E0),.UNSPECIFIED.);
#3527=B_SPLINE_CURVE_WITH_KNOTS('',3,(#3514,#3515,#3516,#3517,#3518,#3519,#3520,
#3521,#3522,#3523,#3524,#3525,#3526),.UNSPECIFIED.,.F.,.F.,(4,1,1,1,1,1,1,1,1,1,
4),(0.E0,1.E-1,2.E-1,3.E-1,4.E-1,5.E-1,6.E-1,7.E-1,8.E-1,9.E-1,1.E0),
.UNSPECIFIED.);
#3534=B_SPLINE_CURVE_WITH_KNOTS('',3,(#3528,#3529,#3530,#3531,#3532,#3533),
.UNSPECIFIED.,.F.,.F.,(4,1,1,4),(0.E0,3.333333333333E-1,6.666666666667E-1,1.E0),
.UNSPECIFIED.);
#3588=B_SPLINE_CURVE_WITH_KNOTS('',3,(#3535,#3536,#3537,#3538,#3539,#3540,#3541,
#3542,#3543,#3544,#3545,#3546,#3547,#3548,#3549,#3550,#3551,#3552,#3553,#3554,
#3555,#3556,#3557,#3558,#3559,#3560,#3561,#3562,#3563,#3564,#3565,#3566,#3567,
#3568,#3569,#3570,#3571,#3572,#3573,#3574,#3575,#3576,#3577,#3578,#3579,#3580,
#3581,#3582,#3583,#3584,#3585,#3586,#3587),.UNSPECIFIED.,.F.,.F.,(4,1,1,1,1,1,1,
1,1,1,1,1,1,1,1,1,1,1,1,1,1,1,1,1,1,1,1,1,1,1,1,1,1,1,1,1,1,1,1,1,1,1,1,1,1,1,1,
1,1,1,4),(0.E0,2.E-2,4.E-2,6.E-2,8.E-2,1.E-1,1.2E-1,1.4E-1,1.6E-1,1.8E-1,2.E-1,
2.2E-1,2.4E-1,2.6E-1,2.8E-1,3.E-1,3.2E-1,3.4E-1,3.6E-1,3.8E-1,4.E-1,4.2E-1,
4.4E-1,4.6E-1,4.8E-1,5.E-1,5.2E-1,5.4E-1,5.6E-1,5.8E-1,6.E-1,6.2E-1,6.4E-1,
6.6E-1,6.8E-1,7.E-1,7.2E-1,7.4E-1,7.6E-1,7.8E-1,8.E-1,8.2E-1,8.4E-1,8.6E-1,
8.8E-1,9.E-1,9.2E-1,9.4E-1,9.6E-1,9.8E-1,1.E0),.UNSPECIFIED.);
#3615=B_SPLINE_CURVE_WITH_KNOTS('',3,(#3589,#3590,#3591,#3592,#3593,#3594,#3595,
#3596,#3597,#3598,#3599,#3600,#3601,#3602,#3603,#3604,#3605,#3606,#3607,#3608,
#3609,#3610,#3611,#3612,#3613,#3614),.UNSPECIFIED.,.F.,.F.,(4,1,1,1,1,1,1,1,1,1,
1,1,1,1,1,1,1,1,1,1,1,1,1,4),(0.E0,4.347826086957E-2,8.695652173913E-2,
1.304347826087E-1,1.739130434783E-1,2.173913043478E-1,2.608695652174E-1,
3.043478260870E-1,3.478260869565E-1,3.913043478261E-1,4.347826086957E-1,
4.782608695652E-1,5.217391304348E-1,5.652173913043E-1,6.086956521739E-1,
6.521739130435E-1,6.956521739130E-1,7.391304347826E-1,7.826086956522E-1,
8.260869565217E-1,8.695652173913E-1,9.130434782609E-1,9.565217391304E-1,1.E0),
.UNSPECIFIED.);
#3628=B_SPLINE_CURVE_WITH_KNOTS('',3,(#3616,#3617,#3618,#3619,#3620,#3621,#3622,
#3623,#3624,#3625,#3626,#3627),.UNSPECIFIED.,.F.,.F.,(4,1,1,1,1,1,1,1,1,4),
(0.E0,1.111111111111E-1,2.222222222222E-1,3.333333333333E-1,4.444444444444E-1,
5.555555555556E-1,6.666666666667E-1,7.777777777778E-1,8.888888888889E-1,1.E0),
.UNSPECIFIED.);
#3633=CIRCLE('',#3632,1.E0);
#3638=CIRCLE('',#3637,1.E0);
#3662=B_SPLINE_CURVE_WITH_KNOTS('',3,(#3639,#3640,#3641,#3642,#3643,#3644,#3645,
#3646,#3647,#3648,#3649,#3650,#3651,#3652,#3653,#3654,#3655,#3656,#3657,#3658,
#3659,#3660,#3661),.UNSPECIFIED.,.F.,.F.,(4,1,1,1,1,1,1,1,1,1,1,1,1,1,1,1,1,1,1,
1,4),(0.E0,5.E-2,1.E-1,1.5E-1,2.E-1,2.5E-1,3.E-1,3.5E-1,4.E-1,4.5E-1,5.E-1,
5.5E-1,6.E-1,6.5E-1,7.E-1,7.5E-1,8.E-1,8.5E-1,9.E-1,9.5E-1,1.E0),.UNSPECIFIED.);
#3667=CIRCLE('',#3666,6.E0);
#3675=B_SPLINE_CURVE_WITH_KNOTS('',3,(#3668,#3669,#3670,#3671,#3672,#3673,
#3674),.UNSPECIFIED.,.F.,.F.,(4,1,1,1,4),(0.E0,2.5E-1,5.E-1,7.5E-1,1.E0),
.UNSPECIFIED.);
#3684=B_SPLINE_CURVE_WITH_KNOTS('',3,(#3680,#3681,#3682,#3683),.UNSPECIFIED.,
.F.,.F.,(4,4),(0.E0,1.E0),.UNSPECIFIED.);
#3693=B_SPLINE_CURVE_WITH_KNOTS('',3,(#3685,#3686,#3687,#3688,#3689,#3690,#3691,
#3692),.UNSPECIFIED.,.F.,.F.,(4,1,1,1,1,4),(0.E0,2.E-1,4.E-1,6.E-1,8.E-1,1.E0),
.UNSPECIFIED.);
#3700=B_SPLINE_CURVE_WITH_KNOTS('',3,(#3694,#3695,#3696,#3697,#3698,#3699),
.UNSPECIFIED.,.F.,.F.,(4,1,1,4),(0.E0,3.333333333333E-1,6.666666666667E-1,1.E0),
.UNSPECIFIED.);
#3709=CIRCLE('',#3708,5.5E0);
#3714=CIRCLE('',#3713,5.5E0);
#3719=CIRCLE('',#3718,2.15E0);
#3724=CIRCLE('',#3723,2.15E0);
#3733=CIRCLE('',#3732,2.150000000002E0);
#3742=CIRCLE('',#3741,4.125E0);
#3747=CIRCLE('',#3746,4.125E0);
#3752=CIRCLE('',#3751,2.650000000002E0);
#3757=CIRCLE('',#3756,2.650000000002E0);
#3770=CIRCLE('',#3769,2.150000000002E0);
#3783=CIRCLE('',#3782,3.E0);
#3788=CIRCLE('',#3787,3.E0);
#3793=CIRCLE('',#3792,3.E0);
#3798=CIRCLE('',#3797,8.E0);
#3803=CIRCLE('',#3802,3.E0);
#3808=CIRCLE('',#3807,3.E0);
#3826=B_SPLINE_CURVE_WITH_KNOTS('',3,(#3813,#3814,#3815,#3816,#3817,#3818,#3819,
#3820,#3821,#3822,#3823,#3824,#3825),.UNSPECIFIED.,.F.,.F.,(4,1,1,1,1,1,1,1,1,1,
4),(0.E0,1.E-1,2.E-1,3.E-1,4.E-1,5.E-1,6.E-1,7.E-1,8.E-1,9.E-1,1.E0),
.UNSPECIFIED.);
#3835=CIRCLE('',#3834,1.5E0);
#3844=CIRCLE('',#3843,1.5E0);
#3861=CIRCLE('',#3860,1.499999999997E0);
#3870=CIRCLE('',#3869,1.499999999997E0);
#3879=CIRCLE('',#3878,1.5E0);
#3888=CIRCLE('',#3887,1.5E0);
#3905=CIRCLE('',#3904,1.499999999997E0);
#3914=CIRCLE('',#3913,1.499999999997E0);
#4605=EDGE_CURVE('',#3921,#3922,#48,.T.);
#4607=EDGE_CURVE('',#3921,#3924,#4,.T.);
#4609=EDGE_CURVE('',#3924,#3926,#8,.T.);
#4611=EDGE_CURVE('',#3926,#3922,#12,.T.);
#4621=EDGE_CURVE('',#3929,#3930,#17,.T.);
#4623=EDGE_CURVE('',#3930,#3932,#22,.T.);
#4625=EDGE_CURVE('',#3934,#3932,#665,.T.);
#4627=EDGE_CURVE('',#3934,#3936,#26,.T.);
#4629=EDGE_CURVE('',#3936,#3938,#30,.T.);
#4631=EDGE_CURVE('',#3938,#3940,#35,.T.);
#4633=EDGE_CURVE('',#3940,#3942,#40,.T.);
#4635=EDGE_CURVE('',#3942,#3921,#44,.T.);
#4638=EDGE_CURVE('',#3922,#3944,#52,.T.);
#4640=EDGE_CURVE('',#3946,#3944,#513,.T.);
#4642=EDGE_CURVE('',#3946,#3948,#57,.T.);
#4644=EDGE_CURVE('',#3948,#3950,#62,.T.);
#4646=EDGE_CURVE('',#3950,#3952,#67,.T.);
#4648=EDGE_CURVE('',#3952,#3954,#72,.T.);
#4650=EDGE_CURVE('',#3954,#3956,#76,.T.);
#4652=EDGE_CURVE('',#3956,#3958,#81,.T.);
#4654=EDGE_CURVE('',#3958,#3960,#86,.T.);
#4656=EDGE_CURVE('',#3960,#3962,#90,.T.);
#4658=EDGE_CURVE('',#3962,#3964,#95,.T.);
#4660=EDGE_CURVE('',#3964,#3966,#100,.T.);
#4662=EDGE_CURVE('',#3966,#3968,#105,.T.);
#4664=EDGE_CURVE('',#3968,#3970,#110,.T.);
#4666=EDGE_CURVE('',#3970,#3972,#115,.T.);
#4668=EDGE_CURVE('',#3972,#3974,#120,.T.);
#4670=EDGE_CURVE('',#3974,#3976,#125,.T.);
#4672=EDGE_CURVE('',#3976,#3978,#130,.T.);
#4674=EDGE_CURVE('',#3978,#3980,#135,.T.);
#4676=EDGE_CURVE('',#3980,#3982,#140,.T.);
#4678=EDGE_CURVE('',#3982,#3984,#145,.T.);
#4680=EDGE_CURVE('',#3984,#3986,#150,.T.);
#4682=EDGE_CURVE('',#3986,#3988,#155,.T.);
#4684=EDGE_CURVE('',#3988,#3990,#160,.T.);
#4686=EDGE_CURVE('',#3992,#3990,#330,.T.);
#4688=EDGE_CURVE('',#3992,#3994,#165,.T.);
#4690=EDGE_CURVE('',#3994,#3996,#170,.T.);
#4692=EDGE_CURVE('',#3996,#3998,#175,.T.);
#4694=EDGE_CURVE('',#3998,#4000,#180,.T.);
#4696=EDGE_CURVE('',#4000,#4002,#184,.T.);
#4698=EDGE_CURVE('',#4002,#4004,#189,.T.);
#4700=EDGE_CURVE('',#4004,#3929,#194,.T.);
#4704=EDGE_CURVE('',#4007,#4008,#199,.T.);
#4706=EDGE_CURVE('',#4008,#4007,#204,.T.);
#4710=EDGE_CURVE('',#4011,#4012,#209,.T.);
#4712=EDGE_CURVE('',#4012,#4011,#214,.T.);
#4716=EDGE_CURVE('',#4015,#4016,#219,.T.);
#4718=EDGE_CURVE('',#4016,#4015,#224,.T.);
#4722=EDGE_CURVE('',#4019,#4020,#229,.T.);
#4724=EDGE_CURVE('',#4020,#4019,#234,.T.);
#4728=EDGE_CURVE('',#4023,#4024,#239,.T.);
#4730=EDGE_CURVE('',#4024,#4023,#244,.T.);
#4734=EDGE_CURVE('',#4027,#4028,#249,.T.);
#4736=EDGE_CURVE('',#4028,#4027,#254,.T.);
#4746=EDGE_CURVE('',#4030,#3929,#286,.T.);
#4748=EDGE_CURVE('',#4030,#4032,#259,.T.);
#4750=EDGE_CURVE('',#4032,#4034,#264,.T.);
#4752=EDGE_CURVE('',#4034,#3932,#268,.T.);
#4764=EDGE_CURVE('',#4002,#4036,#272,.T.);
#4766=EDGE_CURVE('',#4036,#4038,#277,.T.);
#4768=EDGE_CURVE('',#4038,#4030,#282,.T.);
#4781=EDGE_CURVE('',#4040,#4000,#304,.T.);
#4783=EDGE_CURVE('',#4040,#4036,#290,.T.);
#4795=EDGE_CURVE('',#4042,#3996,#322,.T.);
#4797=EDGE_CURVE('',#4042,#4044,#295,.T.);
#4799=EDGE_CURVE('',#4044,#4040,#300,.T.);
#4812=EDGE_CURVE('',#3992,#4046,#308,.T.);
#4814=EDGE_CURVE('',#4046,#4048,#313,.T.);
#4816=EDGE_CURVE('',#4048,#4042,#318,.T.);
#4829=EDGE_CURVE('',#4050,#3990,#339,.T.);
#4831=EDGE_CURVE('',#4050,#4046,#326,.T.);
#4843=EDGE_CURVE('',#4052,#3988,#353,.T.);
#4845=EDGE_CURVE('',#4052,#4050,#335,.T.);
#4857=EDGE_CURVE('',#4054,#3984,#367,.T.);
#4859=EDGE_CURVE('',#4054,#4056,#344,.T.);
#4861=EDGE_CURVE('',#4056,#4052,#349,.T.);
#4874=EDGE_CURVE('',#4058,#3980,#376,.T.);
#4876=EDGE_CURVE('',#4058,#4060,#358,.T.);
#4878=EDGE_CURVE('',#4060,#4054,#363,.T.);
#4891=EDGE_CURVE('',#4062,#3978,#390,.T.);
#4893=EDGE_CURVE('',#4062,#4058,#372,.T.);
#4905=EDGE_CURVE('',#4064,#3974,#399,.T.);
#4907=EDGE_CURVE('',#4064,#4066,#381,.T.);
#4909=EDGE_CURVE('',#4066,#4062,#386,.T.);
#4922=EDGE_CURVE('',#4068,#3972,#413,.T.);
#4924=EDGE_CURVE('',#4068,#4064,#395,.T.);
#4936=EDGE_CURVE('',#4070,#3968,#427,.T.);
#4938=EDGE_CURVE('',#4070,#4072,#404,.T.);
#4940=EDGE_CURVE('',#4072,#4068,#409,.T.);
#4953=EDGE_CURVE('',#4074,#3964,#443,.T.);
#4955=EDGE_CURVE('',#4074,#4076,#418,.T.);
#4957=EDGE_CURVE('',#4076,#4070,#423,.T.);
#4970=EDGE_CURVE('',#3962,#4077,#434,.T.);
#4972=EDGE_CURVE('',#4077,#4074,#439,.T.);
#4984=EDGE_CURVE('',#4079,#3960,#456,.T.);
#4986=EDGE_CURVE('',#4079,#4077,#447,.T.);
#4998=EDGE_CURVE('',#4081,#3958,#469,.T.);
#5000=EDGE_CURVE('',#4081,#4079,#452,.T.);
#5012=EDGE_CURVE('',#3956,#4083,#460,.T.);
#5014=EDGE_CURVE('',#4083,#4081,#465,.T.);
#5026=EDGE_CURVE('',#4085,#3954,#487,.T.);
#5028=EDGE_CURVE('',#4085,#4083,#473,.T.);
#5040=EDGE_CURVE('',#4087,#3950,#505,.T.);
#5042=EDGE_CURVE('',#4087,#4089,#478,.T.);
#5044=EDGE_CURVE('',#4089,#4085,#483,.T.);
#5057=EDGE_CURVE('',#3946,#4091,#491,.T.);
#5059=EDGE_CURVE('',#4091,#4093,#496,.T.);
#5061=EDGE_CURVE('',#4093,#4087,#501,.T.);
#5074=EDGE_CURVE('',#4095,#3944,#545,.T.);
#5076=EDGE_CURVE('',#4095,#4091,#509,.T.);
#5089=EDGE_CURVE('',#3934,#4097,#517,.T.);
#5091=EDGE_CURVE('',#4099,#4097,#673,.T.);
#5093=EDGE_CURVE('',#4099,#4100,#529,.T.);
#5095=EDGE_CURVE('',#4102,#4100,#3416,.T.);
#5097=EDGE_CURVE('',#4102,#4103,#541,.T.);
#5099=EDGE_CURVE('',#4095,#4103,#3400,.T.);
#5104=EDGE_CURVE('',#3926,#4104,#601,.T.);
#5106=EDGE_CURVE('',#4106,#4104,#2123,.T.);
#5108=EDGE_CURVE('',#4106,#4107,#657,.T.);
#5110=EDGE_CURVE('',#4107,#3936,#661,.T.);
#5123=EDGE_CURVE('',#4034,#4097,#669,.T.);
#5135=EDGE_CURVE('',#4109,#4034,#681,.T.);
#5137=EDGE_CURVE('',#4109,#4111,#677,.T.);
#5139=EDGE_CURVE('',#4099,#4111,#3445,.T.);
#5152=EDGE_CURVE('',#4030,#4113,#685,.T.);
#5154=EDGE_CURVE('',#4114,#4113,#3452,.T.);
#5156=EDGE_CURVE('',#4109,#4114,#3527,.T.);
#5169=EDGE_CURVE('',#4116,#4036,#715,.T.);
#5171=EDGE_CURVE('',#4116,#4117,#704,.T.);
#5173=EDGE_CURVE('',#4117,#4113,#711,.T.);
#5185=EDGE_CURVE('',#4040,#4119,#719,.T.);
#5187=EDGE_CURVE('',#4119,#4116,#726,.T.);
#5200=EDGE_CURVE('',#4042,#4121,#730,.T.);
#5202=EDGE_CURVE('',#4121,#4122,#737,.T.);
#5204=EDGE_CURVE('',#4122,#4119,#750,.T.);
#5217=EDGE_CURVE('',#4046,#4124,#754,.T.);
#5219=EDGE_CURVE('',#4124,#4125,#768,.T.);
#5221=EDGE_CURVE('',#4121,#4125,#3459,.T.);
#5231=EDGE_CURVE('',#4594,#4131,#786,.T.);
#5233=EDGE_CURVE('',#4595,#4594,#801,.T.);
#5235=EDGE_CURVE('',#4133,#4595,#3133,.T.);
#5237=EDGE_CURVE('',#4133,#4124,#772,.T.);
#5241=EDGE_CURVE('',#4127,#4050,#1147,.T.);
#5243=EDGE_CURVE('',#4129,#4127,#1175,.T.);
#5245=EDGE_CURVE('',#4131,#4129,#3812,.T.);
#5255=EDGE_CURVE('',#4594,#4591,#782,.T.);
#5258=EDGE_CURVE('',#4208,#4131,#3808,.T.);
#5260=EDGE_CURVE('',#4208,#4591,#790,.T.);
#5307=EDGE_CURVE('',#4591,#4593,#806,.T.);
#5309=EDGE_CURVE('',#4595,#4593,#3140,.T.);
#5320=EDGE_CURVE('',#4591,#4588,#840,.T.);
#5322=EDGE_CURVE('',#4588,#4589,#3633,.T.);
#5324=EDGE_CURVE('',#4593,#4589,#3144,.T.);
#5335=EDGE_CURVE('',#4568,#4569,#811,.T.);
#5337=EDGE_CURVE('',#4568,#4599,#816,.T.);
#5339=EDGE_CURVE('',#4599,#4574,#821,.T.);
#5341=EDGE_CURVE('',#4577,#4574,#826,.T.);
#5343=EDGE_CURVE('',#4577,#4597,#831,.T.);
#5345=EDGE_CURVE('',#4597,#4588,#836,.T.);
#5349=EDGE_CURVE('',#4208,#4248,#845,.T.);
#5351=EDGE_CURVE('',#4248,#4222,#850,.T.);
#5353=EDGE_CURVE('',#4222,#4220,#855,.T.);
#5355=EDGE_CURVE('',#4220,#4250,#860,.T.);
#5357=EDGE_CURVE('',#4250,#4252,#864,.T.);
#5359=EDGE_CURVE('',#4252,#4254,#869,.T.);
#5361=EDGE_CURVE('',#4254,#4256,#874,.T.);
#5363=EDGE_CURVE('',#4256,#4258,#878,.T.);
#5365=EDGE_CURVE('',#4258,#4234,#883,.T.);
#5367=EDGE_CURVE('',#4234,#4232,#888,.T.);
#5369=EDGE_CURVE('',#4232,#4259,#893,.T.);
#5371=EDGE_CURVE('',#4259,#4261,#898,.T.);
#5373=EDGE_CURVE('',#4246,#4261,#1459,.T.);
#5375=EDGE_CURVE('',#4246,#4176,#903,.T.);
#5377=EDGE_CURVE('',#4176,#4569,#907,.T.);
#5387=EDGE_CURVE('',#4564,#4565,#926,.T.);
#5389=EDGE_CURVE('',#4568,#4564,#912,.T.);
#5392=EDGE_CURVE('',#4569,#4565,#921,.T.);
#5403=EDGE_CURVE('',#4175,#4565,#1008,.T.);
#5405=EDGE_CURVE('',#4206,#4175,#3307,.T.);
#5407=EDGE_CURVE('',#4204,#4206,#3302,.T.);
#5409=EDGE_CURVE('',#4583,#4204,#3125,.T.);
#5411=EDGE_CURVE('',#4583,#4581,#940,.T.);
#5413=EDGE_CURVE('',#4581,#4579,#947,.T.);
#5415=EDGE_CURVE('',#4579,#4575,#952,.T.);
#5417=EDGE_CURVE('',#4575,#4573,#959,.T.);
#5419=EDGE_CURVE('',#4573,#4571,#997,.T.);
#5421=EDGE_CURVE('',#4571,#4564,#1004,.T.);
#5434=EDGE_CURVE('',#4167,#4176,#1032,.T.);
#5436=EDGE_CURVE('',#4077,#4167,#1055,.T.);
#5439=EDGE_CURVE('',#4173,#4079,#3355,.T.);
#5441=EDGE_CURVE('',#4173,#4175,#1012,.T.);
#5451=EDGE_CURVE('',#4246,#4169,#1017,.T.);
#5453=EDGE_CURVE('',#4169,#4167,#1022,.T.);
#5465=EDGE_CURVE('',#4242,#4169,#1037,.T.);
#5468=EDGE_CURVE('',#4246,#4244,#1042,.T.);
#5470=EDGE_CURVE('',#4244,#4242,#1047,.T.);
#5480=EDGE_CURVE('',#4171,#4169,#1051,.T.);
#5484=EDGE_CURVE('',#4238,#4244,#1440,.T.);
#5486=EDGE_CURVE('',#4237,#4238,#1404,.T.);
#5488=EDGE_CURVE('',#4236,#4237,#1397,.T.);
#5490=EDGE_CURVE('',#4171,#4236,#1436,.T.);
#5500=EDGE_CURVE('',#4074,#4162,#1059,.T.);
#5506=EDGE_CURVE('',#4162,#4171,#1431,.T.);
#5516=EDGE_CURVE('',#4070,#4157,#1063,.T.);
#5521=EDGE_CURVE('',#4164,#4162,#1426,.T.);
#5523=EDGE_CURVE('',#4165,#4164,#1390,.T.);
#5525=EDGE_CURVE('',#4157,#4165,#1383,.T.);
#5535=EDGE_CURVE('',#4068,#4154,#1094,.T.);
#5540=EDGE_CURVE('',#4157,#4158,#1070,.T.);
#5542=EDGE_CURVE('',#4158,#4159,#1083,.T.);
#5544=EDGE_CURVE('',#4160,#4159,#1341,.T.);
#5546=EDGE_CURVE('',#4160,#4154,#1090,.T.);
#5556=EDGE_CURVE('',#4064,#4150,#1098,.T.);
#5560=EDGE_CURVE('',#4155,#4154,#1266,.T.);
#5562=EDGE_CURVE('',#4150,#4155,#1299,.T.);
#5572=EDGE_CURVE('',#4062,#4146,#1102,.T.);
#5577=EDGE_CURVE('',#4152,#4150,#1294,.T.);
#5579=EDGE_CURVE('',#4146,#4152,#1319,.T.);
#5589=EDGE_CURVE('',#4058,#4141,#1106,.T.);
#5593=EDGE_CURVE('',#4148,#4146,#1314,.T.);
#5595=EDGE_CURVE('',#4141,#4148,#1289,.T.);
#5605=EDGE_CURVE('',#4054,#4137,#1143,.T.);
#5610=EDGE_CURVE('',#4141,#4142,#1113,.T.);
#5612=EDGE_CURVE('',#4142,#4143,#1132,.T.);
#5614=EDGE_CURVE('',#4144,#4143,#1222,.T.);
#5616=EDGE_CURVE('',#4144,#4137,#1139,.T.);
#5626=EDGE_CURVE('',#4052,#4135,#1151,.T.);
#5631=EDGE_CURVE('',#4138,#4137,#1195,.T.);
#5633=EDGE_CURVE('',#4139,#4138,#1182,.T.);
#5635=EDGE_CURVE('',#4135,#4139,#1161,.T.);
#5648=EDGE_CURVE('',#4127,#4135,#1156,.T.);
#5660=EDGE_CURVE('',#4139,#4214,#1166,.T.);
#5662=EDGE_CURVE('',#4214,#4129,#1171,.T.);
#5677=EDGE_CURVE('',#4217,#4144,#1253,.T.);
#5679=EDGE_CURVE('',#4217,#4215,#1200,.T.);
#5681=EDGE_CURVE('',#4212,#4215,#3826,.T.);
#5683=EDGE_CURVE('',#4212,#4214,#1207,.T.);
#5695=EDGE_CURVE('',#4142,#4219,#1227,.T.);
#5697=EDGE_CURVE('',#4219,#4220,#1248,.T.);
#5700=EDGE_CURVE('',#4217,#4222,#3783,.T.);
#5711=EDGE_CURVE('',#4155,#4224,#1304,.T.);
#5715=EDGE_CURVE('',#4226,#4160,#1372,.T.);
#5717=EDGE_CURVE('',#4226,#4228,#1271,.T.);
#5719=EDGE_CURVE('',#4228,#4219,#1276,.T.);
#5724=EDGE_CURVE('',#4224,#4148,#1309,.T.);
#5750=EDGE_CURVE('',#4158,#4230,#1346,.T.);
#5752=EDGE_CURVE('',#4232,#4230,#1479,.T.);
#5755=EDGE_CURVE('',#4234,#4226,#1367,.T.);
#5769=EDGE_CURVE('',#4236,#4164,#1421,.T.);
#5773=EDGE_CURVE('',#4238,#4239,#1411,.T.);
#5775=EDGE_CURVE('',#4240,#4239,#1454,.T.);
#5777=EDGE_CURVE('',#4240,#4230,#1416,.T.);
#5801=EDGE_CURVE('',#4541,#4244,#1469,.T.);
#5803=EDGE_CURVE('',#4240,#4541,#1464,.T.);
#5818=EDGE_CURVE('',#4240,#4259,#1474,.T.);
#5854=EDGE_CURVE('',#4331,#4258,#1490,.T.);
#5856=EDGE_CURVE('',#4329,#4331,#1629,.T.);
#5858=EDGE_CURVE('',#4367,#4329,#2782,.T.);
#5860=EDGE_CURVE('',#4226,#4367,#2762,.T.);
#5872=EDGE_CURVE('',#4442,#4444,#1504,.T.);
#5874=EDGE_CURVE('',#4442,#4454,#1486,.T.);
#5876=EDGE_CURVE('',#4331,#4454,#2847,.T.);
#5880=EDGE_CURVE('',#4456,#4256,#2740,.T.);
#5882=EDGE_CURVE('',#4458,#4456,#2718,.T.);
#5884=EDGE_CURVE('',#4460,#4458,#2682,.T.);
#5886=EDGE_CURVE('',#4462,#4460,#2644,.T.);
#5888=EDGE_CURVE('',#4463,#4462,#2610,.T.);
#5890=EDGE_CURVE('',#4444,#4463,#2588,.T.);
#5900=EDGE_CURVE('',#4436,#4439,#1495,.T.);
#5902=EDGE_CURVE('',#4439,#4441,#1500,.T.);
#5904=EDGE_CURVE('',#4442,#4441,#2861,.T.);
#5907=EDGE_CURVE('',#4444,#4446,#1509,.T.);
#5909=EDGE_CURVE('',#4446,#4448,#1514,.T.);
#5911=EDGE_CURVE('',#4448,#4450,#1519,.T.);
#5913=EDGE_CURVE('',#4450,#4452,#1524,.T.);
#5915=EDGE_CURVE('',#4437,#4452,#2534,.T.);
#5917=EDGE_CURVE('',#4436,#4437,#2518,.T.);
#5927=EDGE_CURVE('',#4301,#4303,#1557,.T.);
#5929=EDGE_CURVE('',#4299,#4301,#1552,.T.);
#5931=EDGE_CURVE('',#4299,#4441,#1531,.T.);
#5935=EDGE_CURVE('',#4436,#4303,#1538,.T.);
#5945=EDGE_CURVE('',#4296,#4297,#1543,.T.);
#5947=EDGE_CURVE('',#4297,#4299,#1547,.T.);
#5951=EDGE_CURVE('',#4303,#4305,#1561,.T.);
#5953=EDGE_CURVE('',#4305,#4307,#1566,.T.);
#5955=EDGE_CURVE('',#4307,#4309,#1571,.T.);
#5957=EDGE_CURVE('',#4309,#4311,#1576,.T.);
#5959=EDGE_CURVE('',#4312,#4311,#1939,.T.);
#5961=EDGE_CURVE('',#4312,#4314,#1580,.T.);
#5963=EDGE_CURVE('',#4314,#4316,#1584,.T.);
#5965=EDGE_CURVE('',#4316,#4318,#1589,.T.);
#5967=EDGE_CURVE('',#4318,#4320,#1594,.T.);
#5969=EDGE_CURVE('',#4321,#4320,#1983,.T.);
#5971=EDGE_CURVE('',#4321,#4323,#1599,.T.);
#5973=EDGE_CURVE('',#4323,#4296,#1604,.T.);
#5977=EDGE_CURVE('',#4326,#4327,#1609,.T.);
#5979=EDGE_CURVE('',#4327,#4326,#1614,.T.);
#5983=EDGE_CURVE('',#4291,#4293,#1619,.T.);
#5985=EDGE_CURVE('',#4293,#4291,#1624,.T.);
#5995=EDGE_CURVE('',#4329,#4296,#1644,.T.);
#5998=EDGE_CURVE('',#4331,#4297,#1634,.T.);
#6009=EDGE_CURVE('',#4296,#4333,#1639,.T.);
#6011=EDGE_CURVE('',#4329,#4333,#2767,.T.);
#6022=EDGE_CURVE('',#4335,#4333,#1649,.T.);
#6026=EDGE_CURVE('',#4323,#4337,#1654,.T.);
#6028=EDGE_CURVE('',#4337,#4339,#1659,.T.);
#6030=EDGE_CURVE('',#4335,#4339,#2789,.T.);
#6040=EDGE_CURVE('',#4342,#4343,#1807,.T.);
#6042=EDGE_CURVE('',#4342,#4333,#1667,.T.);
#6045=EDGE_CURVE('',#4335,#4344,#1688,.T.);
#6047=EDGE_CURVE('',#4344,#4345,#1715,.T.);
#6049=EDGE_CURVE('',#4345,#4339,#1722,.T.);
#6052=EDGE_CURVE('',#4337,#4347,#1726,.T.);
#6054=EDGE_CURVE('',#4349,#4347,#1972,.T.);
#6056=EDGE_CURVE('',#4351,#4349,#1967,.T.);
#6058=EDGE_CURVE('',#4353,#4351,#1924,.T.);
#6060=EDGE_CURVE('',#4355,#4353,#1837,.T.);
#6062=EDGE_CURVE('',#4355,#4356,#1733,.T.);
#6064=EDGE_CURVE('',#4356,#4357,#1760,.T.);
#6066=EDGE_CURVE('',#4357,#4358,#1783,.T.);
#6068=EDGE_CURVE('',#4360,#4358,#1832,.T.);
#6070=EDGE_CURVE('',#4360,#4361,#1792,.T.);
#6072=EDGE_CURVE('',#4343,#4361,#1812,.T.);
#6082=EDGE_CURVE('',#4363,#4361,#1822,.T.);
#6084=EDGE_CURVE('',#4363,#4365,#1797,.T.);
#6086=EDGE_CURVE('',#4365,#4367,#1802,.T.);
#6088=EDGE_CURVE('',#4342,#4367,#2772,.T.);
#6124=EDGE_CURVE('',#4360,#4369,#1817,.T.);
#6126=EDGE_CURVE('',#4363,#4369,#2750,.T.);
#6138=EDGE_CURVE('',#4360,#4307,#1827,.T.);
#6140=EDGE_CURVE('',#4369,#4307,#2490,.T.);
#6154=EDGE_CURVE('',#4355,#4358,#1849,.T.);
#6157=EDGE_CURVE('',#4353,#4309,#1842,.T.);
#6167=EDGE_CURVE('',#4372,#4373,#1863,.T.);
#6169=EDGE_CURVE('',#4356,#4372,#1877,.T.);
#6174=EDGE_CURVE('',#4357,#4373,#1853,.T.);
#6184=EDGE_CURVE('',#4373,#4372,#1858,.T.);
#6189=EDGE_CURVE('',#4376,#4377,#1868,.T.);
#6191=EDGE_CURVE('',#4377,#4376,#1873,.T.);
#6214=EDGE_CURVE('',#4379,#4376,#1895,.T.);
#6216=EDGE_CURVE('',#4379,#4381,#1882,.T.);
#6218=EDGE_CURVE('',#4381,#4377,#1886,.T.);
#6230=EDGE_CURVE('',#4381,#4379,#1891,.T.);
#6242=EDGE_CURVE('',#4381,#4019,#1899,.T.);
#6245=EDGE_CURVE('',#4379,#4020,#1903,.T.);
#6268=EDGE_CURVE('',#4353,#4383,#1908,.T.);
#6270=EDGE_CURVE('',#4383,#4311,#1915,.T.);
#6281=EDGE_CURVE('',#4384,#4383,#1920,.T.);
#6285=EDGE_CURVE('',#4351,#4384,#1932,.T.);
#6310=EDGE_CURVE('',#4385,#4384,#1952,.T.);
#6312=EDGE_CURVE('',#4312,#4385,#2037,.T.);
#6346=EDGE_CURVE('',#4351,#4387,#1944,.T.);
#6348=EDGE_CURVE('',#4385,#4387,#2018,.T.);
#6360=EDGE_CURVE('',#4389,#4347,#1988,.T.);
#6362=EDGE_CURVE('',#4389,#4391,#1957,.T.);
#6364=EDGE_CURVE('',#4391,#4387,#1962,.T.);
#6409=EDGE_CURVE('',#4392,#4347,#1998,.T.);
#6411=EDGE_CURVE('',#4321,#4392,#2005,.T.);
#6414=EDGE_CURVE('',#4389,#4320,#2028,.T.);
#6426=EDGE_CURVE('',#4392,#4337,#2010,.T.);
#6449=EDGE_CURVE('',#4385,#3938,#2041,.T.);
#6456=EDGE_CURVE('',#3942,#4318,#2299,.T.);
#6468=EDGE_CURVE('',#4107,#4314,#2032,.T.);
#6531=EDGE_CURVE('',#4394,#4106,#2119,.T.);
#6533=EDGE_CURVE('',#4394,#4314,#2098,.T.);
#6539=EDGE_CURVE('',#4395,#4396,#2408,.T.);
#6541=EDGE_CURVE('',#4397,#4395,#2435,.T.);
#6543=EDGE_CURVE('',#4396,#4397,#2397,.T.);
#6553=EDGE_CURVE('',#4104,#4399,#2102,.T.);
#6555=EDGE_CURVE('',#4399,#4401,#2106,.T.);
#6557=EDGE_CURVE('',#4401,#4403,#2111,.T.);
#6559=EDGE_CURVE('',#4403,#4394,#2115,.T.);
#6620=EDGE_CURVE('',#4404,#3924,#2207,.T.);
#6622=EDGE_CURVE('',#4404,#4405,#2138,.T.);
#6624=EDGE_CURVE('',#4406,#4405,#2219,.T.);
#6626=EDGE_CURVE('',#4406,#4399,#2165,.T.);
#6687=EDGE_CURVE('',#4406,#4407,#2184,.T.);
#6689=EDGE_CURVE('',#4404,#4407,#2241,.T.);
#6692=EDGE_CURVE('',#4318,#3924,#2295,.T.);
#6694=EDGE_CURVE('',#4401,#4318,#2358,.T.);
#6707=EDGE_CURVE('',#4405,#4409,#2223,.T.);
#6709=EDGE_CURVE('',#4411,#4409,#2255,.T.);
#6711=EDGE_CURVE('',#4407,#4411,#2245,.T.);
#6723=EDGE_CURVE('',#4409,#4411,#2250,.T.);
#6739=EDGE_CURVE('',#4414,#4415,#2260,.T.);
#6741=EDGE_CURVE('',#4415,#4414,#2265,.T.);
#6752=EDGE_CURVE('',#4417,#4414,#2283,.T.);
#6754=EDGE_CURVE('',#4417,#4419,#2270,.T.);
#6756=EDGE_CURVE('',#4419,#4415,#2274,.T.);
#6768=EDGE_CURVE('',#4419,#4417,#2279,.T.);
#6780=EDGE_CURVE('',#4419,#4011,#2287,.T.);
#6783=EDGE_CURVE('',#4417,#4012,#2291,.T.);
#6825=B_SPLINE_CURVE_WITH_KNOTS('',3,(#6812,#6813,#6814,#6815,#6816,#6817,#6818,
#6819,#6820,#6821,#6822,#6823,#6824),.UNSPECIFIED.,.F.,.F.,(4,1,1,1,1,1,1,1,1,1,
4),(0.E0,6.36108305E-2,1.241362247246E-1,2.493462716368E-1,3.745563185489E-1,
4.997663654612E-1,6.249764123734E-1,7.501864592856E-1,8.753965061979E-1,
9.363099951061E-1,1.E0),.UNSPECIFIED.);
#6832=EDGE_CURVE('',#4403,#4316,#2370,.T.);
#6851=B_SPLINE_CURVE_WITH_KNOTS('',3,(#6838,#6839,#6840,#6841,#6842,#6843,#6844,
#6845,#6846,#6847,#6848,#6849,#6850),.UNSPECIFIED.,.F.,.F.,(4,1,1,1,1,1,1,1,1,1,
4),(0.E0,6.369348823524E-2,1.727754165317E-1,2.818573448264E-1,
3.909392731210E-1,5.000212014155E-1,6.091031297102E-1,7.181850580048E-1,
8.272669862994E-1,9.363477419430E-1,1.E0),.UNSPECIFIED.);
#6868=EDGE_CURVE('',#4397,#4421,#2401,.T.);
#6870=EDGE_CURVE('',#4423,#4421,#2449,.T.);
#6872=EDGE_CURVE('',#4395,#4423,#2439,.T.);
#6885=EDGE_CURVE('',#4421,#4423,#2444,.T.);
#6900=EDGE_CURVE('',#4426,#4427,#2454,.T.);
#6902=EDGE_CURVE('',#4427,#4426,#2459,.T.);
#6913=EDGE_CURVE('',#4429,#4426,#2477,.T.);
#6915=EDGE_CURVE('',#4429,#4431,#2464,.T.);
#6917=EDGE_CURVE('',#4431,#4427,#2468,.T.);
#6929=EDGE_CURVE('',#4431,#4429,#2473,.T.);
#6941=EDGE_CURVE('',#4431,#4007,#2481,.T.);
#6944=EDGE_CURVE('',#4429,#4008,#2485,.T.);
#6968=EDGE_CURVE('',#4305,#4433,#2495,.T.);
#6970=EDGE_CURVE('',#4433,#4369,#2500,.T.);
#6980=EDGE_CURVE('',#4435,#4303,#2523,.T.);
#6982=EDGE_CURVE('',#4435,#4433,#2504,.T.);
#7015=EDGE_CURVE('',#4435,#4437,#2530,.T.);
#7030=EDGE_CURVE('',#4452,#4465,#2538,.T.);
#7032=EDGE_CURVE('',#4466,#4465,#2673,.T.);
#7034=EDGE_CURVE('',#4466,#4468,#2542,.T.);
#7036=EDGE_CURVE('',#4468,#4470,#2546,.T.);
#7038=EDGE_CURVE('',#4472,#4470,#2690,.T.);
#7040=EDGE_CURVE('',#4252,#4472,#2736,.T.);
#7043=EDGE_CURVE('',#4433,#4250,#2754,.T.);
#7054=EDGE_CURVE('',#4473,#4450,#2570,.T.);
#7056=EDGE_CURVE('',#4473,#4475,#2550,.T.);
#7058=EDGE_CURVE('',#4465,#4475,#2678,.T.);
#7069=EDGE_CURVE('',#4476,#4446,#2584,.T.);
#7071=EDGE_CURVE('',#4476,#4478,#2555,.T.);
#7073=EDGE_CURVE('',#4478,#4473,#2560,.T.);
#7086=EDGE_CURVE('',#4480,#4476,#2574,.T.);
#7091=EDGE_CURVE('',#4480,#4463,#2620,.T.);
#7105=EDGE_CURVE('',#4482,#4480,#2603,.T.);
#7107=EDGE_CURVE('',#4475,#4482,#2598,.T.);
#7117=EDGE_CURVE('',#4484,#4480,#2615,.T.);
#7119=EDGE_CURVE('',#4486,#4484,#2635,.T.);
#7121=EDGE_CURVE('',#4488,#4486,#2630,.T.);
#7123=EDGE_CURVE('',#4488,#4475,#2593,.T.);
#7136=EDGE_CURVE('',#4484,#4462,#2640,.T.);
#7149=EDGE_CURVE('',#4466,#4488,#2625,.T.);
#7155=EDGE_CURVE('',#4460,#4490,#2649,.T.);
#7157=EDGE_CURVE('',#4490,#4492,#2654,.T.);
#7159=EDGE_CURVE('',#4492,#4494,#2659,.T.);
#7161=EDGE_CURVE('',#4494,#4468,#2666,.T.);
#7185=EDGE_CURVE('',#4495,#4458,#2714,.T.);
#7187=EDGE_CURVE('',#4495,#4490,#2686,.T.);
#7198=EDGE_CURVE('',#4470,#4496,#2697,.T.);
#7200=EDGE_CURVE('',#4496,#4498,#2702,.T.);
#7202=EDGE_CURVE('',#4498,#4495,#2707,.T.);
#7206=EDGE_CURVE('',#4456,#4500,#2723,.T.);
#7208=EDGE_CURVE('',#4500,#4472,#2728,.T.);
#7219=EDGE_CURVE('',#4494,#4496,#2732,.T.);
#7264=EDGE_CURVE('',#4219,#4363,#2758,.T.);
#7324=EDGE_CURVE('',#4503,#4504,#2798,.T.);
#7326=EDGE_CURVE('',#4344,#4503,#2817,.T.);
#7331=EDGE_CURVE('',#4345,#4504,#2793,.T.);
#7342=EDGE_CURVE('',#4504,#4503,#2803,.T.);
#7346=EDGE_CURVE('',#4507,#4508,#2808,.T.);
#7348=EDGE_CURVE('',#4508,#4507,#2813,.T.);
#7371=EDGE_CURVE('',#4510,#4507,#2835,.T.);
#7373=EDGE_CURVE('',#4510,#4512,#2822,.T.);
#7375=EDGE_CURVE('',#4512,#4508,#2826,.T.);
#7387=EDGE_CURVE('',#4512,#4510,#2831,.T.);
#7399=EDGE_CURVE('',#4512,#4015,#2839,.T.);
#7402=EDGE_CURVE('',#4510,#4016,#2843,.T.);
#7426=EDGE_CURVE('',#4299,#4454,#2852,.T.);
#7469=EDGE_CURVE('',#4515,#4516,#2875,.T.);
#7471=EDGE_CURVE('',#4327,#4515,#2889,.T.);
#7474=EDGE_CURVE('',#4326,#4516,#2865,.T.);
#7484=EDGE_CURVE('',#4516,#4515,#2870,.T.);
#7489=EDGE_CURVE('',#4519,#4520,#2880,.T.);
#7491=EDGE_CURVE('',#4520,#4519,#2885,.T.);
#7514=EDGE_CURVE('',#4522,#4519,#2907,.T.);
#7516=EDGE_CURVE('',#4522,#4524,#2894,.T.);
#7518=EDGE_CURVE('',#4524,#4520,#2898,.T.);
#7530=EDGE_CURVE('',#4524,#4522,#2903,.T.);
#7542=EDGE_CURVE('',#4524,#4526,#2911,.T.);
#7544=EDGE_CURVE('',#4528,#4526,#2930,.T.);
#7546=EDGE_CURVE('',#4522,#4528,#2915,.T.);
#7558=EDGE_CURVE('',#4526,#4528,#2935,.T.);
#7569=EDGE_CURVE('',#4531,#4532,#2920,.T.);
#7571=EDGE_CURVE('',#4532,#4531,#2925,.T.);
#7585=EDGE_CURVE('',#4535,#4536,#2960,.T.);
#7587=EDGE_CURVE('',#4535,#4537,#2944,.T.);
#7589=EDGE_CURVE('',#4537,#4532,#2948,.T.);
#7592=EDGE_CURVE('',#4536,#4531,#3041,.T.);
#7602=EDGE_CURVE('',#4570,#4568,#2955,.T.);
#7604=EDGE_CURVE('',#4535,#4570,#3037,.T.);
#7607=EDGE_CURVE('',#4536,#4539,#2965,.T.);
#7609=EDGE_CURVE('',#4572,#4539,#3025,.T.);
#7611=EDGE_CURVE('',#4574,#4572,#2972,.T.);
#7654=EDGE_CURVE('',#4570,#4571,#2977,.T.);
#7816=EDGE_CURVE('',#4572,#4570,#3020,.T.);
#7820=EDGE_CURVE('',#4572,#4573,#2982,.T.);
#7864=EDGE_CURVE('',#4539,#4537,#3032,.T.);
#7920=EDGE_CURVE('',#4574,#4575,#3046,.T.);
#7933=EDGE_CURVE('',#4577,#4579,#3051,.T.);
#7971=EDGE_CURVE('',#4580,#4577,#3063,.T.);
#7975=EDGE_CURVE('',#4580,#4581,#3056,.T.);
#7986=EDGE_CURVE('',#4264,#4580,#3104,.T.);
#7988=EDGE_CURVE('',#4264,#4265,#3068,.T.);
#7990=EDGE_CURVE('',#4265,#4267,#3073,.T.);
#7992=EDGE_CURVE('',#4586,#4267,#3667,.T.);
#7994=EDGE_CURVE('',#4588,#4586,#3080,.T.);
#8022=EDGE_CURVE('',#4582,#4580,#3094,.T.);
#8024=EDGE_CURVE('',#4584,#4582,#3099,.T.);
#8026=EDGE_CURVE('',#4269,#4584,#3675,.T.);
#8028=EDGE_CURVE('',#4268,#4269,#3684,.T.);
#8030=EDGE_CURVE('',#4264,#4268,#3700,.T.);
#8100=EDGE_CURVE('',#4582,#4583,#3109,.T.);
#8140=EDGE_CURVE('',#4585,#4583,#3121,.T.);
#8142=EDGE_CURVE('',#4584,#4585,#3114,.T.);
#8154=EDGE_CURVE('',#4204,#4133,#3129,.T.);
#8159=EDGE_CURVE('',#4589,#4587,#3151,.T.);
#8161=EDGE_CURVE('',#4587,#4585,#3175,.T.);
#8179=B_SPLINE_CURVE_WITH_KNOTS('',3,(#8166,#8167,#8168,#8169,#8170,#8171,#8172,
#8173,#8174,#8175,#8176,#8177,#8178),.UNSPECIFIED.,.F.,.F.,(4,1,1,1,1,1,1,1,1,1,
4),(0.E0,6.884182894728E-2,1.766218632295E-1,2.844018975151E-1,
3.921819318007E-1,4.999619660862E-1,6.077420003718E-1,7.155220346574E-1,
8.233020689429E-1,9.312153168131E-1,1.E0),.UNSPECIFIED.);
#8183=EDGE_CURVE('',#4199,#4204,#3297,.T.);
#8185=EDGE_CURVE('',#4197,#4199,#3424,.T.);
#8187=EDGE_CURVE('',#4197,#4133,#3229,.T.);
#8206=B_SPLINE_CURVE_WITH_KNOTS('',3,(#8193,#8194,#8195,#8196,#8197,#8198,#8199,
#8200,#8201,#8202,#8203,#8204,#8205),.UNSPECIFIED.,.F.,.F.,(4,1,1,1,1,1,1,1,1,1,
4),(0.E0,6.911292982442E-2,1.244980524695E-1,2.496394013041E-1,
3.747807501387E-1,4.999220989733E-1,6.250634478080E-1,7.502047966427E-1,
8.753461454773E-1,9.308870701756E-1,1.E0),.UNSPECIFIED.);
#8211=EDGE_CURVE('',#4175,#4201,#3285,.T.);
#8213=EDGE_CURVE('',#4199,#4201,#3429,.T.);
#8279=EDGE_CURVE('',#4173,#4178,#3323,.T.);
#8281=EDGE_CURVE('',#4178,#4180,#3337,.T.);
#8283=EDGE_CURVE('',#4180,#4182,#3344,.T.);
#8285=EDGE_CURVE('',#4182,#4186,#3351,.T.);
#8287=EDGE_CURVE('',#4203,#4186,#3615,.T.);
#8289=EDGE_CURVE('',#4201,#4203,#3433,.T.);
#8302=EDGE_CURVE('',#4081,#4178,#3359,.T.);
#8315=EDGE_CURVE('',#4180,#4083,#3363,.T.);
#8328=EDGE_CURVE('',#4085,#4182,#3367,.T.);
#8342=EDGE_CURVE('',#4087,#4184,#3371,.T.);
#8344=EDGE_CURVE('',#4185,#4184,#3534,.T.);
#8346=EDGE_CURVE('',#4186,#4185,#3628,.T.);
#8360=EDGE_CURVE('',#4091,#4188,#3375,.T.);
#8362=EDGE_CURVE('',#4188,#4189,#3389,.T.);
#8364=EDGE_CURVE('',#4189,#4184,#3396,.T.);
#8377=EDGE_CURVE('',#4191,#4103,#3408,.T.);
#8379=EDGE_CURVE('',#4191,#4188,#3404,.T.);
#8397=B_SPLINE_CURVE_WITH_KNOTS('',3,(#8384,#8385,#8386,#8387,#8388,#8389,#8390,
#8391,#8392,#8393,#8394,#8395,#8396),.UNSPECIFIED.,.F.,.F.,(4,1,1,1,1,1,1,1,1,1,
4),(0.E0,4.909007026359E-2,1.618175526939E-1,2.745450351309E-1,
3.872725175677E-1,5.000000000046E-1,6.127274824415E-1,7.254549648784E-1,
8.381824473153E-1,9.509099297464E-1,1.E0),.UNSPECIFIED.);
#8403=EDGE_CURVE('',#4102,#4193,#3412,.T.);
#8405=EDGE_CURVE('',#4191,#4193,#3588,.T.);
#8417=EDGE_CURVE('',#4195,#4100,#3441,.T.);
#8419=EDGE_CURVE('',#4195,#4197,#3420,.T.);
#8424=EDGE_CURVE('',#4203,#4193,#3437,.T.);
#8442=B_SPLINE_CURVE_WITH_KNOTS('',3,(#8429,#8430,#8431,#8432,#8433,#8434,#8435,
#8436,#8437,#8438,#8439,#8440,#8441),.UNSPECIFIED.,.F.,.F.,(4,1,1,1,1,1,1,1,1,1,
4),(0.E0,4.908044643356E-2,1.618103348219E-1,2.745402232093E-1,
3.872701115966E-1,4.999999999839E-1,6.127298883712E-1,7.254597767584E-1,
8.381896651456E-1,9.509195535649E-1,1.E0),.UNSPECIFIED.);
#8449=EDGE_CURVE('',#4195,#4111,#3513,.T.);
#8626=EDGE_CURVE('',#4586,#4587,#3638,.T.);
#8734=EDGE_CURVE('',#4586,#4584,#3662,.T.);
#8773=EDGE_CURVE('',#4269,#4267,#3693,.T.);
#8785=EDGE_CURVE('',#4265,#4271,#3679,.T.);
#8787=EDGE_CURVE('',#4273,#4271,#3714,.T.);
#8789=EDGE_CURVE('',#4268,#4273,#3704,.T.);
#8804=EDGE_CURVE('',#4271,#4273,#3709,.T.);
#8819=EDGE_CURVE('',#4276,#4277,#3719,.T.);
#8821=EDGE_CURVE('',#4277,#4276,#3724,.T.);
#8831=EDGE_CURVE('',#4280,#4281,#3733,.T.);
#8833=EDGE_CURVE('',#4280,#4277,#3728,.T.);
#8836=EDGE_CURVE('',#4281,#4276,#3778,.T.);
#8846=EDGE_CURVE('',#4284,#4285,#3757,.T.);
#8848=EDGE_CURVE('',#4280,#4284,#3774,.T.);
#8851=EDGE_CURVE('',#4281,#4285,#3737,.T.);
#8861=EDGE_CURVE('',#4288,#4289,#3742,.T.);
#8863=EDGE_CURVE('',#4289,#4288,#3747,.T.);
#8867=EDGE_CURVE('',#4285,#4284,#3752,.T.);
#8879=EDGE_CURVE('',#4291,#4288,#3765,.T.);
#8882=EDGE_CURVE('',#4293,#4289,#3761,.T.);
#8906=EDGE_CURVE('',#4281,#4280,#3770,.T.);
#8943=EDGE_CURVE('',#4248,#4215,#3788,.T.);
#8954=EDGE_CURVE('',#4208,#4210,#3793,.T.);
#8956=EDGE_CURVE('',#4210,#4215,#3798,.T.);
#8968=EDGE_CURVE('',#4131,#4210,#3803,.T.);
#8980=EDGE_CURVE('',#4210,#4212,#3830,.T.);
#9006=EDGE_CURVE('',#4543,#4023,#3848,.T.);
#9008=EDGE_CURVE('',#4543,#4545,#3835,.T.);
#9010=EDGE_CURVE('',#4545,#4024,#3839,.T.);
#9022=EDGE_CURVE('',#4545,#4543,#3844,.T.);
#9034=EDGE_CURVE('',#4545,#4547,#3852,.T.);
#9036=EDGE_CURVE('',#4549,#4547,#3870,.T.);
#9038=EDGE_CURVE('',#4543,#4549,#3856,.T.);
#9050=EDGE_CURVE('',#4547,#4549,#3861,.T.);
#9062=EDGE_CURVE('',#4551,#4549,#3874,.T.);
#9064=EDGE_CURVE('',#4551,#4547,#3865,.T.);
#9086=EDGE_CURVE('',#4553,#4027,#3892,.T.);
#9088=EDGE_CURVE('',#4553,#4555,#3879,.T.);
#9090=EDGE_CURVE('',#4555,#4028,#3883,.T.);
#9102=EDGE_CURVE('',#4555,#4553,#3888,.T.);
#9114=EDGE_CURVE('',#4555,#4557,#3896,.T.);
#9116=EDGE_CURVE('',#4559,#4557,#3914,.T.);
#9118=EDGE_CURVE('',#4553,#4559,#3900,.T.);
#9130=EDGE_CURVE('',#4557,#4559,#3905,.T.);
#9142=EDGE_CURVE('',#4561,#4559,#3918,.T.);
#9144=EDGE_CURVE('',#4561,#4557,#3909,.T.);
#9160=CLOSED_SHELL('',(#4615,#4740,#4758,#4775,#4789,#4806,#4823,#4837,#4851,
#4868,#4885,#4899,#4916,#4930,#4947,#4964,#4978,#4992,#5006,#5020,#5034,#5051,
#5068,#5082,#5114,#5127,#5143,#5160,#5177,#5191,#5208,#5225,#5249,#5264,#5314,
#5329,#5381,#5396,#5425,#5445,#5459,#5474,#5494,#5510,#5529,#5550,#5566,#5583,
#5599,#5620,#5639,#5652,#5667,#5687,#5705,#5728,#5742,#5760,#5782,#5794,#5809,
#5824,#5848,#5866,#5894,#5921,#5939,#5989,#6003,#6016,#6034,#6076,#6094,#6132,
#6145,#6161,#6178,#6195,#6207,#6222,#6235,#6249,#6261,#6275,#6289,#6316,#6354,
#6371,#6419,#6431,#6443,#6462,#6477,#6547,#6565,#6632,#6699,#6715,#6729,#6745,
#6760,#6773,#6787,#6799,#6811,#6837,#6861,#6877,#6890,#6906,#6921,#6934,#6948,
#6960,#6974,#6988,#7021,#7047,#7063,#7080,#7095,#7111,#7129,#7142,#7165,#7177,
#7191,#7212,#7225,#7239,#7253,#7268,#7282,#7318,#7335,#7352,#7364,#7379,#7392,
#7406,#7418,#7431,#7463,#7478,#7495,#7507,#7522,#7535,#7550,#7563,#7579,#7596,
#7617,#7658,#7824,#7870,#7883,#7924,#7937,#7979,#8000,#8035,#8104,#8146,#8165,
#8192,#8220,#8294,#8307,#8320,#8333,#8351,#8368,#8383,#8409,#8428,#8453,#8527,
#8591,#8632,#8741,#8778,#8795,#8809,#8825,#8840,#8855,#8872,#8886,#8898,#8911,
#8923,#8948,#8962,#8974,#8988,#8999,#9014,#9027,#9042,#9055,#9068,#9079,#9094,
#9107,#9122,#9135,#9148,#9159));
#9161=MANIFOLD_SOLID_BREP('',#9160);
#9162=(LENGTH_UNIT()NAMED_UNIT(*)SI_UNIT(.MILLI.,.METRE.));
#9164=(NAMED_UNIT(*)PLANE_ANGLE_UNIT()SI_UNIT($,.RADIAN.));
#9167=(NAMED_UNIT(*)SI_UNIT($,.STERADIAN.)SOLID_ANGLE_UNIT());
#9170=ADVANCED_BREP_SHAPE_REPRESENTATION('',(#9161),#9169);
#9177=PRODUCT_DEFINITION('design','',#9176,#9173);
#9178=PRODUCT_DEFINITION_SHAPE('','SHAPE FOR _60610001.',#9177);
#9179=SHAPE_DEFINITION_REPRESENTATION(#9178,#9170);
ENDSEC;
END-ISO-10303-21;
