ISO-10303-21;
HEADER;
FILE_DESCRIPTION((''),'2;1');
FILE_NAME('KD-D-502L_ANKLE-SHAFT-LEFT_1','2025-07-12T16:32:42',
('Administrator'),(''),'CREO PARAMETRIC BY PTC INC, 2022073',
'CREO PARAMETRIC BY PTC INC, 2022073','');
FILE_SCHEMA(('CONFIG_CONTROL_DESIGN'));
ENDSEC;
DATA;
#1=DIRECTION('',(-1.E0,0.E0,0.E0));
#2=VECTOR('',#1,5.E-1);
#3=CARTESIAN_POINT('',(9.5E1,3.130580261897E1,-5.391395560436E2));
#4=LINE('',#3,#2);
#5=CARTESIAN_POINT('',(9.45E1,2.481551563700E1,-5.417618021975E2));
#6=DIRECTION('',(1.E0,0.E0,0.E0));
#7=DIRECTION('',(0.E0,9.271838545668E-1,3.746065934159E-1));
#8=AXIS2_PLACEMENT_3D('',#5,#6,#7);
#10=CARTESIAN_POINT('',(9.45E1,2.481551563700E1,-5.417618021975E2));
#11=DIRECTION('',(1.E0,0.E0,0.E0));
#12=DIRECTION('',(0.E0,-9.271838545668E-1,-3.746065934159E-1));
#13=AXIS2_PLACEMENT_3D('',#10,#11,#12);
#15=CARTESIAN_POINT('',(9.45E1,2.481551563700E1,-5.417618021975E2));
#16=DIRECTION('',(-1.E0,0.E0,0.E0));
#17=DIRECTION('',(0.E0,9.271838545668E-1,3.746065934159E-1));
#18=AXIS2_PLACEMENT_3D('',#15,#16,#17);
#20=CARTESIAN_POINT('',(9.45E1,2.481551563700E1,-5.417618021975E2));
#21=DIRECTION('',(-1.E0,0.E0,0.E0));
#22=DIRECTION('',(0.E0,-9.271838545668E-1,-3.746065934159E-1));
#23=AXIS2_PLACEMENT_3D('',#20,#21,#22);
#25=DIRECTION('',(-1.E0,0.E0,0.E0));
#26=VECTOR('',#25,5.E-1);
#27=CARTESIAN_POINT('',(9.5E1,1.832522865503E1,-5.443840483514E2));
#28=LINE('',#27,#26);
#29=CARTESIAN_POINT('',(9.5E1,1.495279014355E0,-5.641262059909E2));
#30=DIRECTION('',(-1.E0,0.E0,0.E0));
#31=DIRECTION('',(0.E0,-1.863273399928E-2,9.998263955426E-1));
#32=AXIS2_PLACEMENT_3D('',#29,#30,#31);
#34=CARTESIAN_POINT('',(9.5E1,-3.000000106634E0,-5.529999997361E2));
#35=DIRECTION('',(1.E0,0.E0,0.E0));
#36=DIRECTION('',(0.E0,4.303745512498E-1,-9.026504005630E-1));
#37=AXIS2_PLACEMENT_3D('',#34,#35,#36);
#39=CARTESIAN_POINT('',(9.5E1,2.398963064763E1,-5.582735025329E2));
#40=DIRECTION('',(-1.E0,0.E0,0.E0));
#41=DIRECTION('',(0.E0,-9.814411183284E-1,1.917637381111E-1));
#42=AXIS2_PLACEMENT_3D('',#39,#40,#41);
#44=DIRECTION('',(0.E0,9.271838545667E-1,3.746065934162E-1));
#45=VECTOR('',#44,6.951139041989E0);
#46=CARTESIAN_POINT('',(9.499999999999E1,2.192929438382E1,-5.531739913328E2));
#47=LINE('',#46,#45);
#48=CARTESIAN_POINT('',(9.5E1,2.481551563700E1,-5.417618021975E2));
#49=DIRECTION('',(1.E0,0.E0,0.E0));
#50=DIRECTION('',(0.E0,3.746065933997E-1,-9.271838545734E-1));
#51=AXIS2_PLACEMENT_3D('',#48,#49,#50);
#53=CARTESIAN_POINT('',(9.5E1,2.481551563700E1,-5.417618021975E2));
#54=DIRECTION('',(1.E0,0.E0,0.E0));
#55=DIRECTION('',(0.E0,9.271838545677E-1,3.746065934136E-1));
#56=AXIS2_PLACEMENT_3D('',#53,#54,#55);
#58=CARTESIAN_POINT('',(9.5E1,8.144545793699E0,-5.805837187813E2));
#59=DIRECTION('',(1.E0,0.E0,0.E0));
#60=DIRECTION('',(0.E0,3.945791742197E-1,9.188619457090E-1));
#61=AXIS2_PLACEMENT_3D('',#58,#59,#60);
#63=CARTESIAN_POINT('',(9.5E1,-7.495279227626E0,-5.418737934813E2));
#64=DIRECTION('',(-1.E0,0.E0,0.E0));
#65=DIRECTION('',(0.E0,-1.863273400089E-2,9.998263955426E-1));
#66=AXIS2_PLACEMENT_3D('',#63,#64,#65);
#68=CARTESIAN_POINT('',(9.5E1,2.481551563700E1,-5.417618021975E2));
#69=DIRECTION('',(-1.E0,0.E0,0.E0));
#70=DIRECTION('',(0.E0,9.271838545668E-1,3.746065934159E-1));
#71=AXIS2_PLACEMENT_3D('',#68,#69,#70);
#73=CARTESIAN_POINT('',(9.5E1,2.481551563700E1,-5.417618021975E2));
#74=DIRECTION('',(-1.E0,0.E0,0.E0));
#75=DIRECTION('',(0.E0,-9.271838545668E-1,-3.746065934159E-1));
#76=AXIS2_PLACEMENT_3D('',#73,#74,#75);
#78=CARTESIAN_POINT('',(9.5E1,4.387937597270E0,-5.435438706928E2));
#79=DIRECTION('',(-1.E0,0.E0,0.E0));
#80=DIRECTION('',(0.E0,-3.746065934159E-1,9.271838545668E-1));
#81=AXIS2_PLACEMENT_3D('',#78,#79,#80);
#83=CARTESIAN_POINT('',(9.5E1,4.387937597270E0,-5.435438706928E2));
#84=DIRECTION('',(-1.E0,0.E0,0.E0));
#85=DIRECTION('',(0.E0,3.746065934159E-1,-9.271838545668E-1));
#86=AXIS2_PLACEMENT_3D('',#83,#84,#85);
#88=CARTESIAN_POINT('',(9.5E1,8.883216718261E0,-5.546700769476E2));
#89=DIRECTION('',(-1.E0,0.E0,0.E0));
#90=DIRECTION('',(0.E0,-3.746065934159E-1,9.271838545668E-1));
#91=AXIS2_PLACEMENT_3D('',#88,#89,#90);
#93=CARTESIAN_POINT('',(9.5E1,8.883216718261E0,-5.546700769476E2));
#94=DIRECTION('',(-1.E0,0.E0,0.E0));
#95=DIRECTION('',(0.E0,3.746065934159E-1,-9.271838545668E-1));
#96=AXIS2_PLACEMENT_3D('',#93,#94,#95);
#98=DIRECTION('',(-9.999999988383E-1,-4.467604998406E-5,1.809829025788E-5));
#99=VECTOR('',#98,1.431438349415E1);
#100=CARTESIAN_POINT('',(1.095E2,2.899900372013E0,-5.676032074042E2));
#101=LINE('',#100,#99);
#102=DIRECTION('',(-5.956288057302E-13,3.746065934168E-1,-9.271838545664E-1));
#103=VECTOR('',#102,1.686801274047E1);
#104=CARTESIAN_POINT('',(9.566987298108E1,-7.235203312949E0,-5.456147640129E2));
#105=LINE('',#104,#103);
#106=CARTESIAN_POINT('',(9.566987298107E1,-9.163345225313E-1,
-5.612545130845E2));
#107=CARTESIAN_POINT('',(9.559692054741E1,-8.145790339103E-1,
-5.611690600358E2));
#108=CARTESIAN_POINT('',(9.546401984013E1,-6.025683733089E-1,
-5.610103875581E2));
#109=CARTESIAN_POINT('',(9.530115242504E1,-2.621592608532E-1,
-5.608113602974E2));
#110=CARTESIAN_POINT('',(9.521995498577E1,-2.871452362216E-2,
-5.606979468062E2));
#111=CARTESIAN_POINT('',(9.518424886284E1,9.022405346076E-2,-5.606498834799E2));
#113=CARTESIAN_POINT('',(9.518424886284E1,9.022405346076E-2,-5.606498834799E2));
#114=CARTESIAN_POINT('',(9.514260230989E1,2.289504494366E-1,-5.605938238548E2));
#115=CARTESIAN_POINT('',(9.507232419539E1,5.151481665964E-1,-5.605025690777E2));
#116=CARTESIAN_POINT('',(9.501271613362E1,9.634013001808E-1,-5.604053490041E2));
#117=CARTESIAN_POINT('',(9.5E1,1.270306486858E0,-5.603797474423E2));
#118=CARTESIAN_POINT('',(9.5E1,1.425406261851E0,-5.603768570076E2));
#120=DIRECTION('',(0.E0,-3.746065934155E-1,9.271838545669E-1));
#121=VECTOR('',#120,1.699497872755E1);
#122=CARTESIAN_POINT('',(9.5E1,1.425406261851E0,-5.603768570076E2));
#123=LINE('',#122,#121);
#124=CARTESIAN_POINT('',(9.5E1,-4.941024824447E0,-5.446193871227E2));
#125=CARTESIAN_POINT('',(9.5E1,-5.054172823527E0,-5.447246498865E2));
#126=CARTESIAN_POINT('',(9.501277079819E1,-5.291495347508E0,-5.449194795429E2));
#127=CARTESIAN_POINT('',(9.507139763925E1,-5.679596001442E0,-5.451656224775E2));
#128=CARTESIAN_POINT('',(9.514368478928E1,-5.951670170455E0,-5.452941335202E2));
#129=CARTESIAN_POINT('',(9.518561652248E1,-6.091297380081E0,-5.453505358287E2));
#131=CARTESIAN_POINT('',(9.518561652248E1,-6.091297380081E0,-5.453505358287E2));
#132=CARTESIAN_POINT('',(9.522168819099E1,-6.211411337655E0,-5.453990557734E2));
#133=CARTESIAN_POINT('',(9.530176955318E1,-6.458234292867E0,-5.454848642489E2));
#134=CARTESIAN_POINT('',(9.546568662937E1,-6.842746611117E0,-5.455735704334E2));
#135=CARTESIAN_POINT('',(9.559758542304E1,-7.103853969728E0,-5.456056324787E2));
#136=CARTESIAN_POINT('',(9.566987298108E1,-7.235203312949E0,-5.456147640129E2));
#138=CARTESIAN_POINT('',(1.069740452340E2,-1.896122170830E1,-5.688584172165E2));
#139=CARTESIAN_POINT('',(1.066939273944E2,-1.807931792992E1,-5.697460380434E2));
#140=CARTESIAN_POINT('',(1.060600818060E2,-1.628117135855E1,-5.712659250818E2));
#141=CARTESIAN_POINT('',(1.045742991823E2,-1.258313857958E1,-5.735491344757E2));
#142=CARTESIAN_POINT('',(1.023834983430E2,-7.804986043051E0,-5.752459746668E2));
#143=CARTESIAN_POINT('',(9.930919210882E1,-1.863449499277E0,-5.757372691672E2));
#144=CARTESIAN_POINT('',(9.695081401364E1,2.241648972227E0,-5.749934230496E2));
#145=CARTESIAN_POINT('',(9.566987298105E1,4.341665497916E0,-5.742685198104E2));
#147=CARTESIAN_POINT('',(9.566987298105E1,-1.249320333339E1,-5.326007572870E2));
#148=CARTESIAN_POINT('',(9.695081401364E1,-1.450738890460E1,-5.335380995933E2));
#149=CARTESIAN_POINT('',(9.930919210882E1,-1.797706855135E1,-5.358546624904E2));
#150=CARTESIAN_POINT('',(1.023834983430E2,-2.190977042541E1,-5.403354082718E2));
#151=CARTESIAN_POINT('',(1.045742991823E2,-2.416816147492E1,-5.448751966109E2));
#152=CARTESIAN_POINT('',(1.060600818060E2,-2.524225311883E1,-5.490864694246E2));
#153=CARTESIAN_POINT('',(1.066939273944E2,-2.547992926110E1,-5.514288822304E2));
#154=CARTESIAN_POINT('',(1.069740452340E2,-2.549772451173E1,-5.526800050604E2));
#156=DIRECTION('',(3.031649005914E-14,3.746065934165E-1,-9.271838545666E-1));
#157=VECTOR('',#156,1.499999999998E1);
#158=CARTESIAN_POINT('',(1.06E2,-2.347477454200E1,-5.531833350059E2));
#159=LINE('',#158,#157);
#160=CARTESIAN_POINT('',(1.031650635095E2,-1.836015638616E1,-5.527346972499E2));
#161=CARTESIAN_POINT('',(1.031650635095E2,-1.844638163520E1,-5.525212822696E2));
#162=CARTESIAN_POINT('',(1.031411783404E2,-1.857895052422E1,-5.520827260293E2));
#163=CARTESIAN_POINT('',(1.030284823818E2,-1.865665732189E1,-5.513693279698E2));
#164=CARTESIAN_POINT('',(1.028387760977E2,-1.859240331114E1,-5.506512262672E2));
#165=CARTESIAN_POINT('',(1.026010692147E2,-1.841291614963E1,-5.499963984106E2));
#166=CARTESIAN_POINT('',(1.022707281188E2,-1.807280992373E1,-5.493108086614E2));
#167=CARTESIAN_POINT('',(1.019094445041E2,-1.762848300532E1,-5.487401052E2));
#168=CARTESIAN_POINT('',(1.014839369812E2,-1.704057056222E1,-5.482278449911E2));
#169=CARTESIAN_POINT('',(1.011673961263E2,-1.655680687882E1,-5.479616160255E2));
#170=CARTESIAN_POINT('',(1.010000881778E2,-1.628812534965E1,-5.478530522895E2));
#172=CARTESIAN_POINT('',(9.883493649052E1,-1.140627747691E1,-5.499251477992E2));
#173=CARTESIAN_POINT('',(9.883493649052E1,-1.131998256601E1,-5.501387351987E2));
#174=CARTESIAN_POINT('',(9.885886069480E1,-1.118660812782E1,-5.505794657305E2));
#175=CARTESIAN_POINT('',(9.897383646994E1,-1.110842550383E1,-5.513045825747E2));
#176=CARTESIAN_POINT('',(9.917124699323E1,-1.117998880408E1,-5.520402149010E2));
#177=CARTESIAN_POINT('',(9.940484927824E1,-1.135887839741E1,-5.526775434684E2));
#178=CARTESIAN_POINT('',(9.974519762888E1,-1.171142811020E1,-5.533786048996E2));
#179=CARTESIAN_POINT('',(1.001035040832E2,-1.215585293055E1,-5.539352994882E2));
#180=CARTESIAN_POINT('',(1.005082889277E2,-1.271498179920E1,-5.544229915583E2));
#181=CARTESIAN_POINT('',(1.008287110735E2,-1.320336972487E1,-5.546957097096E2));
#182=CARTESIAN_POINT('',(1.010000000151E2,-1.347844769677E1,-5.548068484244E2));
#184=CARTESIAN_POINT('',(1.031650635095E2,-1.386487726518E1,-5.638609035047E2));
#185=CARTESIAN_POINT('',(1.031650635095E2,-1.395110251421E1,-5.636474885244E2));
#186=CARTESIAN_POINT('',(1.031411783404E2,-1.408367140322E1,-5.632089322841E2));
#187=CARTESIAN_POINT('',(1.030284823818E2,-1.416137820090E1,-5.624955342247E2));
#188=CARTESIAN_POINT('',(1.028387760977E2,-1.409712419017E1,-5.617774325221E2));
#189=CARTESIAN_POINT('',(1.026010692147E2,-1.391763702867E1,-5.611226046655E2));
#190=CARTESIAN_POINT('',(1.022707281188E2,-1.357753080278E1,-5.604370149163E2));
#191=CARTESIAN_POINT('',(1.019094445041E2,-1.313320388434E1,-5.598663114548E2));
#192=CARTESIAN_POINT('',(1.014839369813E2,-1.254529144125E1,-5.593540512458E2));
#193=CARTESIAN_POINT('',(1.011673961263E2,-1.206152775781E1,-5.590878222804E2));
#194=CARTESIAN_POINT('',(1.010000881778E2,-1.179284622864E1,-5.589792585443E2));
#196=CARTESIAN_POINT('',(9.883493649052E1,-6.910998355942E0,-5.610513540540E2));
#197=CARTESIAN_POINT('',(9.883493649051E1,-6.824703445028E0,-5.612649414535E2));
#198=CARTESIAN_POINT('',(9.885886069480E1,-6.691329006821E0,-5.617056719853E2));
#199=CARTESIAN_POINT('',(9.897383646995E1,-6.613146382842E0,-5.624307888295E2));
#200=CARTESIAN_POINT('',(9.917124699324E1,-6.684709683089E0,-5.631664211558E2));
#201=CARTESIAN_POINT('',(9.940484927824E1,-6.863599276420E0,-5.638037497233E2));
#202=CARTESIAN_POINT('',(9.974519762888E1,-7.216148989216E0,-5.645048111544E2));
#203=CARTESIAN_POINT('',(1.001035040832E2,-7.660573809565E0,-5.650615057430E2));
#204=CARTESIAN_POINT('',(1.005082889277E2,-8.219702678220E0,-5.655491978131E2));
#205=CARTESIAN_POINT('',(1.008287110735E2,-8.708090603880E0,-5.658219159645E2));
#206=CARTESIAN_POINT('',(1.010000000151E2,-8.983168575784E0,-5.659330546793E2));
#208=DIRECTION('',(-1.E0,-9.028333636228E-13,5.684341886066E-14));
#209=VECTOR('',#208,8.000000000021E0);
#210=CARTESIAN_POINT('',(1.08E2,8.588837286315E0,-5.722859751555E2));
#211=LINE('',#210,#209);
#212=CARTESIAN_POINT('',(9.999999999998E1,8.588837286308E0,-5.722859751555E2));
#213=CARTESIAN_POINT('',(9.996270316562E1,8.588837286309E0,-5.722859751555E2));
#214=CARTESIAN_POINT('',(9.988800878933E1,8.594286111286E0,-5.722827025173E2));
#215=CARTESIAN_POINT('',(9.977600637362E1,8.619082194879E0,-5.722677814902E2));
#216=CARTESIAN_POINT('',(9.966301637420E1,8.661993214529E0,-5.722418587752E2));
#217=CARTESIAN_POINT('',(9.954975666101E1,8.725115997877E0,-5.722034924128E2));
#218=CARTESIAN_POINT('',(9.943726989198E1,8.811290923550E0,-5.721506606240E2));
#219=CARTESIAN_POINT('',(9.932814357086E1,8.923207417355E0,-5.720812579196E2));
#220=CARTESIAN_POINT('',(9.922572286753E1,9.063794726434E0,-5.719927882622E2));
#221=CARTESIAN_POINT('',(9.913538555640E1,9.233610085301E0,-5.718839849842E2));
#222=CARTESIAN_POINT('',(9.906193589878E1,9.434510553675E0,-5.717524768521E2));
#223=CARTESIAN_POINT('',(9.901242791003E1,9.665021704039E0,-5.715977359265E2));
#224=CARTESIAN_POINT('',(9.9E1,9.833600195414E0,-5.714813504841E2));
#225=CARTESIAN_POINT('',(9.9E1,9.921854870362E0,-5.714194368598E2));
#227=CARTESIAN_POINT('',(9.55E1,-3.000000106634E0,-5.529999997361E2));
#228=DIRECTION('',(1.E0,0.E0,0.E0));
#229=DIRECTION('',(0.E0,3.397429660530E-1,-9.405183235948E-1));
#230=AXIS2_PLACEMENT_3D('',#227,#228,#229);
#232=DIRECTION('',(-7.071067811926E-1,-6.939836700793E-1,1.355974397057E-1));
#233=VECTOR('',#232,7.071067811805E-1);
#234=CARTESIAN_POINT('',(9.55E1,1.908242505595E1,-5.573146838426E2));
#235=LINE('',#234,#233);
#236=DIRECTION('',(-1.024418663700E-7,3.746067591759E-1,-9.271837875954E-1));
#237=VECTOR('',#236,6.904071207390E0);
#238=CARTESIAN_POINT('',(9.566987298108E1,1.755354929042E0,-5.678671765225E2));
#239=LINE('',#238,#237);
#240=CARTESIAN_POINT('',(9.566987227381E1,4.341666669162E0,-5.742685194144E2));
#241=CARTESIAN_POINT('',(9.564970904572E1,4.374722921049E0,-5.742571087438E2));
#242=CARTESIAN_POINT('',(9.561023189219E1,4.441231932883E0,-5.742339862214E2));
#243=CARTESIAN_POINT('',(9.555359054852E1,4.542111756107E0,-5.741983501721E2));
#244=CARTESIAN_POINT('',(9.551757029197E1,4.610072849988E0,-5.741739957665E2));
#245=CARTESIAN_POINT('',(9.550000000975E1,4.644216845825E0,-5.741616619479E2));
#247=CARTESIAN_POINT('',(9.550000000975E1,4.644216845825E0,-5.741616619479E2));
#248=CARTESIAN_POINT('',(9.538858053682E1,4.818968624638E0,-5.739800704147E2));
#249=CARTESIAN_POINT('',(9.520241362656E1,5.193170772524E0,-5.736397686051E2));
#250=CARTESIAN_POINT('',(9.503594986136E1,5.811059521390E0,-5.732022821521E2));
#251=CARTESIAN_POINT('',(9.5E1,6.246939439122E0,-5.729638224202E2));
#252=CARTESIAN_POINT('',(9.5E1,6.468240020873E0,-5.728583085485E2));
#254=DIRECTION('',(0.E0,-3.746065934173E-1,9.271838545662E-1));
#255=VECTOR('',#254,6.456657853441E0);
#256=CARTESIAN_POINT('',(9.5E1,6.468240020873E0,-5.728583085485E2));
#257=LINE('',#256,#255);
#258=CARTESIAN_POINT('',(9.5E1,4.049533417534E0,-5.668717996323E2));
#259=CARTESIAN_POINT('',(9.5E1,3.936385418456E0,-5.669770623961E2));
#260=CARTESIAN_POINT('',(9.501277079819E1,3.699062894481E0,-5.671718920525E2));
#261=CARTESIAN_POINT('',(9.507139763925E1,3.310962240548E0,-5.674180349871E2));
#262=CARTESIAN_POINT('',(9.514368478928E1,3.038888071530E0,-5.675465460298E2));
#263=CARTESIAN_POINT('',(9.518561652248E1,2.899260861901E0,-5.676029483383E2));
#265=CARTESIAN_POINT('',(9.518561652248E1,2.899260861901E0,-5.676029483383E2));
#266=CARTESIAN_POINT('',(9.522168819099E1,2.779146904323E0,-5.676514682830E2));
#267=CARTESIAN_POINT('',(9.530176955318E1,2.532323949105E0,-5.677372767585E2));
#268=CARTESIAN_POINT('',(9.546568662938E1,2.147811630853E0,-5.678259829430E2));
#269=CARTESIAN_POINT('',(9.559758542304E1,1.886704272261E0,-5.678580449883E2));
#270=CARTESIAN_POINT('',(9.566987298108E1,1.755354929042E0,-5.678671765225E2));
#272=CARTESIAN_POINT('',(9.566987298105E1,-9.163345225448E-1,
-5.612545130845E2));
#273=CARTESIAN_POINT('',(9.580170052861E1,-1.100210177442E0,-5.614089296718E2));
#274=CARTESIAN_POINT('',(9.599266061022E1,-1.351218417328E0,-5.616705955846E2));
#275=CARTESIAN_POINT('',(9.627989877777E1,-1.701182282957E0,-5.621324941662E2));
#276=CARTESIAN_POINT('',(9.653130007757E1,-1.965764565452E0,-5.626400223495E2));
#277=CARTESIAN_POINT('',(9.675094328523E1,-2.151515491071E0,-5.631958265976E2));
#278=CARTESIAN_POINT('',(9.691204572450E1,-2.243254067197E0,-5.637136473911E2));
#279=CARTESIAN_POINT('',(9.702895625833E1,-2.264023556754E0,-5.642027948123E2));
#280=CARTESIAN_POINT('',(9.713499978974E1,-2.211681209176E0,-5.648226551348E2));
#281=CARTESIAN_POINT('',(9.718510598921E1,-2.013847250695E0,-5.655439850317E2));
#282=CARTESIAN_POINT('',(9.713499978974E1,-1.655079240097E0,-5.662002933510E2));
#283=CARTESIAN_POINT('',(9.702895625833E1,-1.262140012411E0,-5.666825436015E2));
#284=CARTESIAN_POINT('',(9.691204572451E1,-9.074093414063E-1,
-5.670199791101E2));
#285=CARTESIAN_POINT('',(9.675094328523E1,-4.817095838332E-1,
-5.673287412464E2));
#286=CARTESIAN_POINT('',(9.653130007757E1,3.800252323349E-2,-5.675995199280E2));
#287=CARTESIAN_POINT('',(9.627989877777E1,5.808857902685E-1,-5.677808108528E2));
#288=CARTESIAN_POINT('',(9.599266061022E1,1.153490443530E0,-5.678699675577E2));
#289=CARTESIAN_POINT('',(9.580170052861E1,1.515819077232E0,-5.678838292882E2));
#290=CARTESIAN_POINT('',(9.566987298105E1,1.755354929036E0,-5.678671765225E2));
#292=DIRECTION('',(-9.999999992055E-1,-9.017359795133E-6,-3.882934166559E-5));
#293=VECTOR('',#292,1.431575114853E1);
#294=CARTESIAN_POINT('',(1.095E2,9.035314373961E-2,-5.606493276087E2));
#295=LINE('',#294,#293);
#296=CARTESIAN_POINT('',(1.095E2,1.495279014355E0,-5.641262059909E2));
#297=DIRECTION('',(1.E0,0.E0,0.E0));
#298=DIRECTION('',(0.E0,-3.746065934159E-1,9.271838545668E-1));
#299=AXIS2_PLACEMENT_3D('',#296,#297,#298);
#301=CARTESIAN_POINT('',(1.095E2,1.495279014355E0,-5.641262059909E2));
#302=DIRECTION('',(1.E0,0.E0,0.E0));
#303=DIRECTION('',(0.E0,3.746065934159E-1,-9.271838545668E-1));
#304=AXIS2_PLACEMENT_3D('',#301,#302,#303);
#306=CARTESIAN_POINT('',(1.095E2,1.495279014355E0,-5.641262059909E2));
#307=DIRECTION('',(1.E0,0.E0,0.E0));
#308=DIRECTION('',(0.E0,9.271838545668E-1,3.746065934158E-1));
#309=AXIS2_PLACEMENT_3D('',#306,#307,#308);
#311=CARTESIAN_POINT('',(1.095E2,1.495279014355E0,-5.641262059909E2));
#312=DIRECTION('',(1.E0,0.E0,0.E0));
#313=DIRECTION('',(0.E0,-9.271838545646E-1,-3.746065934214E-1));
#314=AXIS2_PLACEMENT_3D('',#311,#312,#313);
#316=DIRECTION('',(7.071067811866E-1,-6.556179737375E-1,-2.648869051355E-1));
#317=VECTOR('',#316,7.071067732160E-1);
#318=CARTESIAN_POINT('',(1.095000000146E2,4.045034569349E0,-5.630960377864E2));
#319=LINE('',#318,#317);
#320=DIRECTION('',(7.071067811866E-1,6.556179737359E-1,2.648869051395E-1));
#321=VECTOR('',#320,7.071067732160E-1);
#322=CARTESIAN_POINT('',(1.095000000146E2,-1.054476540633E0,-5.651563741954E2));
#323=LINE('',#322,#321);
#324=CARTESIAN_POINT('',(1.1E2,1.495279014355E0,-5.641262059909E2));
#325=DIRECTION('',(1.E0,0.E0,0.E0));
#326=DIRECTION('',(0.E0,-9.271838545646E-1,-3.746065934214E-1));
#327=AXIS2_PLACEMENT_3D('',#324,#325,#326);
#329=DIRECTION('',(1.E0,9.217668433840E-9,-1.484916845770E-8));
#330=VECTOR('',#329,2.999999991049E0);
#331=CARTESIAN_POINT('',(1.100000000090E2,3.581442659477E0,-5.632833411112E2));
#332=LINE('',#331,#330);
#333=CARTESIAN_POINT('',(1.13E2,1.495279014355E0,-5.641262059909E2));
#334=DIRECTION('',(-1.E0,0.E0,0.E0));
#335=DIRECTION('',(0.E0,9.271838545658E-1,3.746065934185E-1));
#336=AXIS2_PLACEMENT_3D('',#333,#334,#335);
#338=CARTESIAN_POINT('',(1.1E2,1.495279014355E0,-5.641262059909E2));
#339=DIRECTION('',(1.E0,0.E0,0.E0));
#340=DIRECTION('',(0.E0,9.271838545668E-1,3.746065934159E-1));
#341=AXIS2_PLACEMENT_3D('',#338,#339,#340);
#343=DIRECTION('',(1.E0,-9.218210222677E-9,1.485049480415E-8));
#344=VECTOR('',#343,2.999999991049E0);
#345=CARTESIAN_POINT('',(1.100000000090E2,-5.908846307617E-1,
-5.649690708706E2));
#346=LINE('',#345,#344);
#347=CARTESIAN_POINT('',(1.13E2,1.495279014355E0,-5.641262059909E2));
#348=DIRECTION('',(-1.E0,0.E0,0.E0));
#349=DIRECTION('',(0.E0,-9.271838545657E-1,-3.746065934186E-1));
#350=AXIS2_PLACEMENT_3D('',#347,#348,#349);
#352=CARTESIAN_POINT('',(1.13E2,-3.E0,-5.53E2));
#353=DIRECTION('',(-1.E0,0.E0,0.E0));
#354=DIRECTION('',(0.E0,0.E0,1.E0));
#355=AXIS2_PLACEMENT_3D('',#352,#353,#354);
#357=CARTESIAN_POINT('',(1.13E2,-3.E0,-5.53E2));
#358=DIRECTION('',(-1.E0,0.E0,0.E0));
#359=DIRECTION('',(0.E0,0.E0,-1.E0));
#360=AXIS2_PLACEMENT_3D('',#357,#358,#359);
#362=CARTESIAN_POINT('',(1.13E2,-1.329922895114E0,-5.411167829112E2));
#363=DIRECTION('',(1.E0,0.E0,0.E0));
#364=DIRECTION('',(0.E0,-3.746065934122E-1,9.271838545683E-1));
#365=AXIS2_PLACEMENT_3D('',#362,#363,#364);
#367=CARTESIAN_POINT('',(1.13E2,-1.329922895114E0,-5.411167829112E2));
#368=DIRECTION('',(1.E0,0.E0,0.E0));
#369=DIRECTION('',(0.E0,0.E0,-1.E0));
#370=AXIS2_PLACEMENT_3D('',#367,#368,#369);
#372=CARTESIAN_POINT('',(1.13E2,-1.329922895114E0,-5.411167829112E2));
#373=DIRECTION('',(1.E0,0.E0,0.E0));
#374=DIRECTION('',(0.E0,3.746065934242E-1,-9.271838545634E-1));
#375=AXIS2_PLACEMENT_3D('',#372,#373,#374);
#377=CARTESIAN_POINT('',(1.13E2,-1.329922895114E0,-5.411167829112E2));
#378=DIRECTION('',(1.E0,0.E0,0.E0));
#379=DIRECTION('',(0.E0,0.E0,1.E0));
#380=AXIS2_PLACEMENT_3D('',#377,#378,#379);
#382=CARTESIAN_POINT('',(1.13E2,6.456128936648E0,-5.603879374400E2));
#383=DIRECTION('',(1.E0,0.E0,0.E0));
#384=DIRECTION('',(0.E0,-3.746065934125E-1,9.271838545682E-1));
#385=AXIS2_PLACEMENT_3D('',#382,#383,#384);
#387=CARTESIAN_POINT('',(1.13E2,6.456128936648E0,-5.603879374400E2));
#388=DIRECTION('',(1.E0,0.E0,0.E0));
#389=DIRECTION('',(0.E0,0.E0,-1.E0));
#390=AXIS2_PLACEMENT_3D('',#387,#388,#389);
#392=CARTESIAN_POINT('',(1.13E2,6.456128936648E0,-5.603879374400E2));
#393=DIRECTION('',(1.E0,0.E0,0.E0));
#394=DIRECTION('',(0.E0,3.746065934122E-1,-9.271838545683E-1));
#395=AXIS2_PLACEMENT_3D('',#392,#393,#394);
#397=CARTESIAN_POINT('',(1.13E2,6.456128936648E0,-5.603879374400E2));
#398=DIRECTION('',(1.E0,0.E0,0.E0));
#399=DIRECTION('',(0.E0,0.E0,1.E0));
#400=AXIS2_PLACEMENT_3D('',#397,#398,#399);
#402=CARTESIAN_POINT('',(1.13E2,-1.412620636144E1,-5.574952788571E2));
#403=DIRECTION('',(1.E0,0.E0,0.E0));
#404=DIRECTION('',(0.E0,-3.746065934104E-1,9.271838545690E-1));
#405=AXIS2_PLACEMENT_3D('',#402,#403,#404);
#407=CARTESIAN_POINT('',(1.13E2,-1.412620636144E1,-5.574952788571E2));
#408=DIRECTION('',(1.E0,0.E0,0.E0));
#409=DIRECTION('',(0.E0,0.E0,-1.E0));
#410=AXIS2_PLACEMENT_3D('',#407,#408,#409);
#412=CARTESIAN_POINT('',(1.13E2,-1.412620636144E1,-5.574952788571E2));
#413=DIRECTION('',(1.E0,0.E0,0.E0));
#414=DIRECTION('',(0.E0,3.746065934252E-1,-9.271838545630E-1));
#415=AXIS2_PLACEMENT_3D('',#412,#413,#414);
#417=CARTESIAN_POINT('',(1.13E2,-1.412620636144E1,-5.574952788571E2));
#418=DIRECTION('',(1.E0,0.E0,0.E0));
#419=DIRECTION('',(0.E0,0.E0,1.E0));
#420=AXIS2_PLACEMENT_3D('',#417,#418,#419);
#422=DIRECTION('',(9.238795325119E-1,0.E0,3.826834323636E-1));
#423=VECTOR('',#422,6.494353201740E-1);
#424=CARTESIAN_POINT('',(1.124E2,-3.E0,-5.683485281374E2));
#425=LINE('',#424,#423);
#426=CARTESIAN_POINT('',(1.124E2,-3.000000106634E0,-5.529999997361E2));
#427=DIRECTION('',(-1.E0,0.E0,0.E0));
#428=DIRECTION('',(0.E0,-9.271838545672E-1,-3.746065934148E-1));
#429=AXIS2_PLACEMENT_3D('',#426,#427,#428);
#431=CARTESIAN_POINT('',(1.124E2,-3.000000106634E0,-5.529999997361E2));
#432=DIRECTION('',(-1.E0,0.E0,0.E0));
#433=DIRECTION('',(0.E0,-9.998988624485E-1,1.422198559031E-2));
#434=AXIS2_PLACEMENT_3D('',#431,#432,#433);
#436=CARTESIAN_POINT('',(1.124E2,-3.000000106634E0,-5.529999997361E2));
#437=DIRECTION('',(-1.E0,0.E0,0.E0));
#438=DIRECTION('',(0.E0,-3.746065934155E-1,9.271838545669E-1));
#439=AXIS2_PLACEMENT_3D('',#436,#437,#438);
#441=CARTESIAN_POINT('',(1.124E2,-3.000000106634E0,-5.529999997361E2));
#442=DIRECTION('',(-1.E0,0.E0,0.E0));
#443=DIRECTION('',(0.E0,9.271838545668E-1,3.746065934159E-1));
#444=AXIS2_PLACEMENT_3D('',#441,#442,#443);
#446=CARTESIAN_POINT('',(1.124E2,-3.000000106634E0,-5.529999997361E2));
#447=DIRECTION('',(-1.E0,0.E0,0.E0));
#448=DIRECTION('',(0.E0,9.814411183370E-1,-1.917637380669E-1));
#449=AXIS2_PLACEMENT_3D('',#446,#447,#448);
#451=CARTESIAN_POINT('',(1.124E2,-3.000000106634E0,-5.529999997361E2));
#452=DIRECTION('',(-1.E0,0.E0,0.E0));
#453=DIRECTION('',(0.E0,-7.093876266988E-1,-7.048185547265E-1));
#454=AXIS2_PLACEMENT_3D('',#451,#452,#453);
#456=CARTESIAN_POINT('',(1.124E2,-3.E0,-5.53E2));
#457=DIRECTION('',(1.E0,0.E0,0.E0));
#458=DIRECTION('',(0.E0,0.E0,1.E0));
#459=AXIS2_PLACEMENT_3D('',#456,#457,#458);
#461=CARTESIAN_POINT('',(1.124E2,-3.E0,-5.53E2));
#462=DIRECTION('',(1.E0,0.E0,0.E0));
#463=DIRECTION('',(0.E0,0.E0,-1.E0));
#464=AXIS2_PLACEMENT_3D('',#461,#462,#463);
#466=DIRECTION('',(9.999999999999E-1,-3.081181610040E-7,3.102263768814E-7));
#467=VECTOR('',#466,9.999999747171E-2);
#468=CARTESIAN_POINT('',(1.124E2,-1.896122171346E1,-5.688584172113E2));
#469=LINE('',#468,#467);
#470=CARTESIAN_POINT('',(1.125000000019E2,-2.549772451117E1,-5.526800050212E2));
#471=CARTESIAN_POINT('',(1.124999999989E2,-2.549861975460E1,-5.527429465015E2));
#472=CARTESIAN_POINT('',(1.125065141469E2,-2.549988534322E1,-5.528692273028E2));
#473=CARTESIAN_POINT('',(1.125355607795E2,-2.550019292841E1,-5.530587915997E2));
#474=CARTESIAN_POINT('',(1.125840113903E2,-2.549887420977E1,-5.532515970376E2));
#475=CARTESIAN_POINT('',(1.126520283321E2,-2.549581938598E1,-5.534489617254E2));
#476=CARTESIAN_POINT('',(1.127409027829E2,-2.549080314050E1,-5.536547054432E2));
#477=CARTESIAN_POINT('',(1.128534170103E2,-2.548341178928E1,-5.538739215142E2));
#478=CARTESIAN_POINT('',(1.129479476574E2,-2.547637442114E1,-5.540341740871E2));
#479=CARTESIAN_POINT('',(1.13E2,-2.547224406538E1,-5.541172514804E2));
#481=DIRECTION('',(-7.071067811985E-1,-2.648868625620E-1,6.556179909254E-1));
#482=VECTOR('',#481,7.071067811585E-1);
#483=CARTESIAN_POINT('',(1.13E2,-2.656100575305E1,-5.549695207255E2));
#484=LINE('',#483,#482);
#485=CARTESIAN_POINT('',(1.125E2,-2.749752223662E1,-5.526515610891E2));
#486=DIRECTION('',(1.E0,0.E0,0.E0));
#487=DIRECTION('',(0.E0,3.746065934035E-1,-9.271838545718E-1));
#488=AXIS2_PLACEMENT_3D('',#485,#486,#487);
#490=CARTESIAN_POINT('',(1.13E2,-2.749752223662E1,-5.526515610891E2));
#491=DIRECTION('',(1.E0,0.E0,0.E0));
#492=DIRECTION('',(0.E0,3.746065934801E-1,-9.271838545409E-1));
#493=AXIS2_PLACEMENT_3D('',#490,#491,#492);
#495=CARTESIAN_POINT('',(1.13E2,-3.000000106634E0,-5.529999997361E2));
#496=DIRECTION('',(1.E0,0.E0,0.E0));
#497=DIRECTION('',(0.E0,-9.987663981659E-1,-4.965563306129E-2));
#498=AXIS2_PLACEMENT_3D('',#495,#496,#497);
#500=CARTESIAN_POINT('',(1.13E2,-3.000000106634E0,-5.529999997361E2));
#501=DIRECTION('',(1.E0,0.E0,0.E0));
#502=DIRECTION('',(0.E0,-9.271838545668E-1,-3.746065934159E-1));
#503=AXIS2_PLACEMENT_3D('',#500,#501,#502);
#505=CARTESIAN_POINT('',(1.13E2,-2.037999696172E1,-5.702680543259E2));
#506=DIRECTION('',(1.E0,0.E0,0.E0));
#507=DIRECTION('',(0.E0,1.754836375787E-1,9.844823477047E-1));
#508=AXIS2_PLACEMENT_3D('',#505,#506,#507);
#510=DIRECTION('',(0.E0,-9.271838545674E-1,-3.746065934144E-1));
#511=VECTOR('',#510,5.381083326916E0);
#512=CARTESIAN_POINT('',(1.13E2,-2.131651344520E1,-5.679500946895E2));
#513=LINE('',#512,#511);
#514=CARTESIAN_POINT('',(1.13E2,-2.686767691621E1,-5.685751082016E2));
#515=DIRECTION('',(-1.E0,0.E0,0.E0));
#516=DIRECTION('',(0.E0,3.746065936013E-1,-9.271838544919E-1));
#517=AXIS2_PLACEMENT_3D('',#514,#515,#516);
#519=CARTESIAN_POINT('',(1.13E2,-3.000000106634E0,-5.529999997361E2));
#520=DIRECTION('',(-1.E0,0.E0,0.E0));
#521=DIRECTION('',(0.E0,-8.374623441988E-1,-5.464950338740E-1));
#522=AXIS2_PLACEMENT_3D('',#519,#520,#521);
#524=CARTESIAN_POINT('',(1.13E2,-3.000000106634E0,-5.529999997361E2));
#525=DIRECTION('',(-1.E0,0.E0,0.E0));
#526=DIRECTION('',(0.E0,-9.271838545672E-1,-3.746065934148E-1));
#527=AXIS2_PLACEMENT_3D('',#524,#525,#526);
#529=CARTESIAN_POINT('',(1.13E2,-3.098834944378E1,-5.583760858014E2));
#530=DIRECTION('',(-1.E0,0.E0,0.E0));
#531=DIRECTION('',(0.E0,-9.820473451558E-1,-1.886345988210E-1));
#532=AXIS2_PLACEMENT_3D('',#529,#530,#531);
#534=DIRECTION('',(0.E0,9.271838545660E-1,3.746065934179E-1));
#535=VECTOR('',#534,5.381083326870E0);
#536=CARTESIAN_POINT('',(1.13E2,-3.155025933379E1,-5.569853100195E2));
#537=LINE('',#536,#535);
#538=CARTESIAN_POINT('',(1.13E2,-1.994128786491E1,-5.678068484577E2));
#539=CARTESIAN_POINT('',(1.129479229696E2,-1.988652262528E1,-5.678695082242E2));
#540=CARTESIAN_POINT('',(1.128533445606E2,-1.978020745331E1,-5.679897363327E2));
#541=CARTESIAN_POINT('',(1.127407576072E2,-1.963312956137E1,-5.681526857993E2));
#542=CARTESIAN_POINT('',(1.126518527205E2,-1.949370647265E1,-5.683042834752E2));
#543=CARTESIAN_POINT('',(1.125839155733E2,-1.935888548798E1,-5.684482843438E2));
#544=CARTESIAN_POINT('',(1.125354901898E2,-1.922588125039E1,-5.685879088980E2));
#545=CARTESIAN_POINT('',(1.125064986879E2,-1.909407199355E1,-5.687239548069E2));
#546=CARTESIAN_POINT('',(1.125000000014E2,-1.900553130816E1,-5.688138203741E2));
#547=CARTESIAN_POINT('',(1.124999999975E2,-1.896122174427E1,-5.688584171803E2));
#549=CARTESIAN_POINT('',(1.125E2,-2.037999696172E1,-5.702680543259E2));
#550=DIRECTION('',(1.E0,0.E0,0.E0));
#551=DIRECTION('',(0.E0,7.093876267383E-1,7.048185546867E-1));
#552=AXIS2_PLACEMENT_3D('',#549,#550,#551);
#554=DIRECTION('',(7.071067811953E-1,-2.648868623882E-1,6.556179909992E-1));
#555=VECTOR('',#554,7.071067811768E-1);
#556=CARTESIAN_POINT('',(1.125E2,-2.112921014856E1,-5.684136866168E2));
#557=LINE('',#556,#555);
#558=DIRECTION('',(-1.E0,9.955440169684E-10,-1.003599564476E-9));
#559=VECTOR('',#558,5.425954766005E0);
#560=CARTESIAN_POINT('',(1.124E2,-1.896122171346E1,-5.688584172113E2));
#561=LINE('',#560,#559);
#562=CARTESIAN_POINT('',(1.069740452340E2,-1.896122170829E1,-5.688584172165E2));
#563=CARTESIAN_POINT('',(1.070794621494E2,-1.929310908847E1,-5.685243783360E2));
#564=CARTESIAN_POINT('',(1.073897214867E2,-1.999755675556E1,-5.682153406162E2));
#565=CARTESIAN_POINT('',(1.077971352867E2,-2.074174829245E1,-5.682571418653E2));
#566=CARTESIAN_POINT('',(1.080384048107E2,-2.112921014908E1,-5.684136866170E2));
#568=DIRECTION('',(1.E0,4.044902979257E-11,1.263867946665E-11));
#569=VECTOR('',#568,4.461595189489E0);
#570=CARTESIAN_POINT('',(1.080384048105E2,-2.112921014874E1,-5.684136866168E2));
#571=LINE('',#570,#569);
#572=DIRECTION('',(-4.999999999991E-1,8.029647720352E-1,3.244188263209E-1));
#573=VECTOR('',#572,4.076809621037E0);
#574=CARTESIAN_POINT('',(1.080384048105E2,-2.112921014874E1,-5.684136866168E2));
#575=LINE('',#574,#573);
#576=DIRECTION('',(1.441543909761E-12,-9.271838545666E-1,-3.746065934163E-1));
#577=VECTOR('',#576,8.911704024798E0);
#578=CARTESIAN_POINT('',(1.06E2,-1.785567564076E1,-5.670910928244E2));
#579=LINE('',#578,#577);
#580=DIRECTION('',(0.E0,9.271838545677E-1,3.746065934136E-1));
#581=VECTOR('',#580,5.381083326958E0);
#582=CARTESIAN_POINT('',(1.125E2,-2.611846372940E1,-5.704294759107E2));
#583=LINE('',#582,#581);
#584=CARTESIAN_POINT('',(1.06E2,-3.098834944378E1,-5.583760858014E2));
#585=DIRECTION('',(1.E0,0.E0,0.E0));
#586=DIRECTION('',(0.E0,-3.746065932424E-1,9.271838546369E-1));
#587=AXIS2_PLACEMENT_3D('',#584,#585,#586);
#589=CARTESIAN_POINT('',(1.06E2,-3.000000106634E0,-5.529999997361E2));
#590=DIRECTION('',(1.E0,0.E0,0.E0));
#591=DIRECTION('',(0.E0,-9.820473451631E-1,-1.886345987832E-1));
#592=AXIS2_PLACEMENT_3D('',#589,#590,#591);
#594=CARTESIAN_POINT('',(1.06E2,-3.000000106634E0,-5.529999997361E2));
#595=DIRECTION('',(1.E0,0.E0,0.E0));
#596=DIRECTION('',(0.E0,-9.271838545667E-1,-3.746065934161E-1));
#597=AXIS2_PLACEMENT_3D('',#594,#595,#596);
#599=CARTESIAN_POINT('',(1.06E2,-2.686767691621E1,-5.685751082016E2));
#600=DIRECTION('',(1.E0,0.E0,0.E0));
#601=DIRECTION('',(0.E0,-8.374623442332E-1,-5.464950338214E-1));
#602=AXIS2_PLACEMENT_3D('',#599,#600,#601);
#604=DIRECTION('',(4.999999999989E-1,-8.029647720339E-1,-3.244188263243E-1));
#605=VECTOR('',#604,4.076809620818E0);
#606=CARTESIAN_POINT('',(1.06E2,-2.347477454200E1,-5.531833350059E2));
#607=LINE('',#606,#605);
#608=DIRECTION('',(0.E0,-9.271838545656E-1,-3.746065934190E-1));
#609=VECTOR('',#608,5.381083326938E0);
#610=CARTESIAN_POINT('',(1.125E2,-2.674830904980E1,-5.545059287983E2));
#611=LINE('',#610,#609);
#612=DIRECTION('',(-1.487788128098E-12,9.271838545672E-1,3.746065934150E-1));
#613=VECTOR('',#612,8.911704024843E0);
#614=CARTESIAN_POINT('',(1.06E2,-3.173756263051E1,-5.565217180922E2));
#615=LINE('',#614,#613);
#616=DIRECTION('',(-1.E0,2.548120860141E-14,-3.465444369792E-12));
#617=VECTOR('',#616,4.461595189614E0);
#618=CARTESIAN_POINT('',(1.125E2,-2.674830904980E1,-5.545059287983E2));
#619=LINE('',#618,#617);
#620=CARTESIAN_POINT('',(1.080384048104E2,-2.674830904983E1,-5.545059287982E2));
#621=CARTESIAN_POINT('',(1.077971352865E2,-2.636084719328E1,-5.543493840467E2));
#622=CARTESIAN_POINT('',(1.073897214866E2,-2.579648301440E1,-5.538624944685E2));
#623=CARTESIAN_POINT('',(1.070794621493E2,-2.550442140914E1,-5.531508408685E2));
#624=CARTESIAN_POINT('',(1.069740452340E2,-2.549772451172E1,-5.526800050604E2));
#626=DIRECTION('',(1.E0,1.823776479500E-11,1.139538811122E-9));
#627=VECTOR('',#626,5.425954765927E0);
#628=CARTESIAN_POINT('',(1.069740452341E2,-2.549772451174E1,-5.526800050603E2));
#629=LINE('',#628,#627);
#630=DIRECTION('',(9.999999999999E-1,4.704574417331E-9,3.297975518139E-7));
#631=VECTOR('',#630,1.000000019217E-1);
#632=CARTESIAN_POINT('',(1.124E2,-2.549772451164E1,-5.526800050542E2));
#633=LINE('',#632,#631);
#634=CARTESIAN_POINT('',(9.549144803009E1,-1.218512748752E1,-5.324601984978E2));
#635=CARTESIAN_POINT('',(9.549334848611E1,-1.210173377239E1,-5.324229059317E2));
#636=CARTESIAN_POINT('',(9.549651594387E1,-1.193449481011E1,-5.323493377241E2));
#637=CARTESIAN_POINT('',(9.549936653905E1,-1.168230551426E1,-5.322420469057E2));
#638=CARTESIAN_POINT('',(9.550000004337E1,-1.151334420290E1,-5.321725823103E2));
#639=CARTESIAN_POINT('',(9.550000001406E1,-1.142865364088E1,-5.321383651022E2));
#641=DIRECTION('',(-4.960932291907E-7,3.746073962329E-1,-9.271835302071E-1));
#642=VECTOR('',#641,6.904070817223E0);
#643=CARTESIAN_POINT('',(9.566987640609E1,-1.249320875669E1,-5.326007598217E2));
#644=LINE('',#643,#642);
#645=CARTESIAN_POINT('',(9.566987298102E1,-9.906892764443E0,-5.390021005748E2));
#646=CARTESIAN_POINT('',(9.559692054736E1,-9.805137275813E0,-5.389166475261E2));
#647=CARTESIAN_POINT('',(9.546401984015E1,-9.593126615317E0,-5.387579750485E2));
#648=CARTESIAN_POINT('',(9.530115242503E1,-9.252717502815E0,-5.385589477878E2));
#649=CARTESIAN_POINT('',(9.521995498577E1,-9.019272765599E0,-5.384455342965E2));
#650=CARTESIAN_POINT('',(9.518424886284E1,-8.900334188521E0,-5.383974709703E2));
#652=CARTESIAN_POINT('',(9.518424886284E1,-8.900334188521E0,-5.383974709703E2));
#653=CARTESIAN_POINT('',(9.514260230989E1,-8.761607792544E0,-5.383414113452E2));
#654=CARTESIAN_POINT('',(9.507232419539E1,-8.475410075382E0,-5.382501565681E2));
#655=CARTESIAN_POINT('',(9.501271613362E1,-8.027156941797E0,-5.381529364945E2));
#656=CARTESIAN_POINT('',(9.5E1,-7.720251755123E0,-5.381273349327E2));
#657=CARTESIAN_POINT('',(9.5E1,-7.565151980134E0,-5.381244444980E2));
#659=DIRECTION('',(0.E0,-3.746065934151E-1,9.271838545671E-1));
#660=VECTOR('',#659,6.480144241851E0);
#661=CARTESIAN_POINT('',(9.5E1,-7.565151980134E0,-5.381244444980E2));
#662=LINE('',#661,#660);
#663=CARTESIAN_POINT('',(9.5E1,-9.992656739412E0,-5.321161593817E2));
#664=CARTESIAN_POINT('',(9.5E1,-1.021765084257E1,-5.322003551545E2));
#665=CARTESIAN_POINT('',(9.503457172813E1,-1.068475579872E1,-5.323414393857E2));
#666=CARTESIAN_POINT('',(9.519747152101E1,-1.142587310581E1,-5.324612715533E2));
#667=CARTESIAN_POINT('',(9.538109125663E1,-1.193173307957E1,-5.324729525944E2));
#668=CARTESIAN_POINT('',(9.549144803009E1,-1.218512748752E1,-5.324601984978E2));
#670=CARTESIAN_POINT('',(9.549144803009E1,-1.218512748752E1,-5.324601984978E2));
#671=CARTESIAN_POINT('',(9.550982119732E1,-1.222013238767E1,-5.324758522260E2));
#672=CARTESIAN_POINT('',(9.554754758956E1,-1.228964280095E1,-5.325071611029E2));
#673=CARTESIAN_POINT('',(9.560703991139E1,-1.239236902178E1,-5.325540219200E2));
#674=CARTESIAN_POINT('',(9.564861828096E1,-1.245978192932E1,-5.325852039339E2));
#675=CARTESIAN_POINT('',(9.566987640609E1,-1.249320875669E1,-5.326007598217E2));
#677=CARTESIAN_POINT('',(9.566987298105E1,-9.906892764521E0,-5.390021005749E2));
#678=CARTESIAN_POINT('',(9.580170052861E1,-1.009076841942E1,-5.391565171622E2));
#679=CARTESIAN_POINT('',(9.599266061022E1,-1.034177665931E1,-5.394181830750E2));
#680=CARTESIAN_POINT('',(9.627989877776E1,-1.069174052494E1,-5.398800816566E2));
#681=CARTESIAN_POINT('',(9.653130007756E1,-1.095632280743E1,-5.403876098399E2));
#682=CARTESIAN_POINT('',(9.675094328523E1,-1.114207373305E1,-5.409434140880E2));
#683=CARTESIAN_POINT('',(9.691204572450E1,-1.123381230918E1,-5.414612348815E2));
#684=CARTESIAN_POINT('',(9.702895625833E1,-1.125458179874E1,-5.419503823027E2));
#685=CARTESIAN_POINT('',(9.713499978974E1,-1.120223945116E1,-5.425702426252E2));
#686=CARTESIAN_POINT('',(9.718510598920E1,-1.100440549268E1,-5.432915725221E2));
#687=CARTESIAN_POINT('',(9.713499978974E1,-1.064563748208E1,-5.439478808414E2));
#688=CARTESIAN_POINT('',(9.702895625833E1,-1.025269825439E1,-5.444301310919E2));
#689=CARTESIAN_POINT('',(9.691204572451E1,-9.897967583390E0,-5.447675666005E2));
#690=CARTESIAN_POINT('',(9.675094328523E1,-9.472267825817E0,-5.450763287368E2));
#691=CARTESIAN_POINT('',(9.653130007757E1,-8.952555718750E0,-5.453471074184E2));
#692=CARTESIAN_POINT('',(9.627989877777E1,-8.409672451715E0,-5.455283983432E2));
#693=CARTESIAN_POINT('',(9.599266061022E1,-7.837067798453E0,-5.456175550481E2));
#694=CARTESIAN_POINT('',(9.580170052861E1,-7.474739164751E0,-5.456314167786E2));
#695=CARTESIAN_POINT('',(9.566987298105E1,-7.235203312946E0,-5.456147640129E2));
#697=DIRECTION('',(-9.999999992055E-1,-9.017359809859E-6,-3.882934166559E-5));
#698=VECTOR('',#697,1.431575114853E1);
#699=CARTESIAN_POINT('',(1.095E2,-8.900205098242E0,-5.383969150991E2));
#700=LINE('',#699,#698);
#701=DIRECTION('',(-9.999999988383E-1,-4.467605000494E-5,1.809829024994E-5));
#702=VECTOR('',#701,1.431438349415E1);
#703=CARTESIAN_POINT('',(1.095E2,-6.090657869968E0,-5.453507948946E2));
#704=LINE('',#703,#702);
#705=CARTESIAN_POINT('',(1.095E2,-7.495279227626E0,-5.418737934813E2));
#706=DIRECTION('',(1.E0,0.E0,0.E0));
#707=DIRECTION('',(0.E0,-3.746065934159E-1,9.271838545668E-1));
#708=AXIS2_PLACEMENT_3D('',#705,#706,#707);
#710=CARTESIAN_POINT('',(1.095E2,-7.495279227626E0,-5.418737934813E2));
#711=DIRECTION('',(1.E0,0.E0,0.E0));
#712=DIRECTION('',(0.E0,3.746065934159E-1,-9.271838545668E-1));
#713=AXIS2_PLACEMENT_3D('',#710,#711,#712);
#715=CARTESIAN_POINT('',(1.095E2,-7.495279227626E0,-5.418737934813E2));
#716=DIRECTION('',(1.E0,0.E0,0.E0));
#717=DIRECTION('',(0.E0,9.271838545667E-1,3.746065934160E-1));
#718=AXIS2_PLACEMENT_3D('',#715,#716,#717);
#720=CARTESIAN_POINT('',(1.095E2,-7.495279227626E0,-5.418737934813E2));
#721=DIRECTION('',(1.E0,0.E0,0.E0));
#722=DIRECTION('',(0.E0,-9.271838545647E-1,-3.746065934211E-1));
#723=AXIS2_PLACEMENT_3D('',#720,#721,#722);
#725=DIRECTION('',(7.071067811865E-1,-6.556179737374E-1,-2.648869051358E-1));
#726=VECTOR('',#725,7.071067732160E-1);
#727=CARTESIAN_POINT('',(1.095000000146E2,-4.945523672632E0,-5.408436252768E2));
#728=LINE('',#727,#726);
#729=DIRECTION('',(7.071067811865E-1,6.556179737360E-1,2.648869051395E-1));
#730=VECTOR('',#729,7.071067732160E-1);
#731=CARTESIAN_POINT('',(1.095000000146E2,-1.004503478261E1,-5.429039616858E2));
#732=LINE('',#731,#730);
#733=CARTESIAN_POINT('',(1.1E2,-7.495279227626E0,-5.418737934813E2));
#734=DIRECTION('',(1.E0,0.E0,0.E0));
#735=DIRECTION('',(0.E0,-9.271838545647E-1,-3.746065934212E-1));
#736=AXIS2_PLACEMENT_3D('',#733,#734,#735);
#738=DIRECTION('',(1.E0,9.217664881126E-9,-1.484916845770E-8));
#739=VECTOR('',#738,2.999999991049E0);
#740=CARTESIAN_POINT('',(1.100000000090E2,-5.409115582504E0,-5.410309286016E2));
#741=LINE('',#740,#739);
#742=CARTESIAN_POINT('',(1.13E2,-7.495279227626E0,-5.418737934813E2));
#743=DIRECTION('',(-1.E0,0.E0,0.E0));
#744=DIRECTION('',(0.E0,9.271838545657E-1,3.746065934186E-1));
#745=AXIS2_PLACEMENT_3D('',#742,#743,#744);
#747=CARTESIAN_POINT('',(1.1E2,-7.495279227626E0,-5.418737934813E2));
#748=DIRECTION('',(1.E0,0.E0,0.E0));
#749=DIRECTION('',(0.E0,9.271838545668E-1,3.746065934159E-1));
#750=AXIS2_PLACEMENT_3D('',#747,#748,#749);
#752=DIRECTION('',(1.E0,-9.218196011823E-9,1.485049480415E-8));
#753=VECTOR('',#752,2.999999991049E0);
#754=CARTESIAN_POINT('',(1.100000000090E2,-9.581442872743E0,-5.427166583610E2));
#755=LINE('',#754,#753);
#756=CARTESIAN_POINT('',(1.13E2,-7.495279227626E0,-5.418737934813E2));
#757=DIRECTION('',(-1.E0,0.E0,0.E0));
#758=DIRECTION('',(0.E0,-9.271838545658E-1,-3.746065934185E-1));
#759=AXIS2_PLACEMENT_3D('',#756,#757,#758);
#761=CARTESIAN_POINT('',(9.55E1,8.144545793699E0,-5.805837187813E2));
#762=DIRECTION('',(1.E0,0.E0,0.E0));
#763=DIRECTION('',(0.E0,3.945791742157E-1,9.188619457107E-1));
#764=AXIS2_PLACEMENT_3D('',#761,#762,#763);
#766=DIRECTION('',(7.071067811836E-1,2.648868625513E-1,-6.556179909459E-1));
#767=VECTOR('',#766,7.071067811960E-1);
#768=CARTESIAN_POINT('',(9.499999999999E1,2.837427827440E1,-5.505700488159E2));
#769=LINE('',#768,#767);
#770=CARTESIAN_POINT('',(9.55E1,2.481551563700E1,-5.417618021975E2));
#771=DIRECTION('',(1.E0,0.E0,0.E0));
#772=DIRECTION('',(0.E0,3.746065934150E-1,-9.271838545672E-1));
#773=AXIS2_PLACEMENT_3D('',#770,#771,#772);
#775=CARTESIAN_POINT('',(9.55E1,2.481551563700E1,-5.417618021975E2));
#776=DIRECTION('',(1.E0,0.E0,0.E0));
#777=DIRECTION('',(0.E0,9.271838545678E-1,3.746065934133E-1));
#778=AXIS2_PLACEMENT_3D('',#775,#776,#777);
#780=DIRECTION('',(-7.071067811857E-1,-2.790096097012E-1,-6.497335128309E-1));
#781=VECTOR('',#780,7.071067811874E-1);
#782=CARTESIAN_POINT('',(9.55E1,2.876130737917E1,-5.325731827404E2));
#783=LINE('',#782,#781);
#784=DIRECTION('',(0.E0,-9.271838545666E-1,-3.746065934164E-1));
#785=VECTOR('',#784,6.951139042022E0);
#786=CARTESIAN_POINT('',(9.55E1,2.856158157116E1,-5.510336407432E2));
#787=LINE('',#786,#785);
#788=DIRECTION('',(0.E0,9.271838545667E-1,3.746065934162E-1));
#789=VECTOR('',#788,6.951139041990E0);
#790=CARTESIAN_POINT('',(9.9E1,2.211659768047E1,-5.536375832601E2));
#791=LINE('',#790,#789);
#792=DIRECTION('',(1.E0,8.917311333789E-12,2.965602366852E-11));
#793=VECTOR('',#792,3.5E0);
#794=CARTESIAN_POINT('',(9.55E1,1.908242505595E1,-5.573146838426E2));
#795=LINE('',#794,#793);
#796=DIRECTION('',(-1.E0,2.139951707898E-11,9.257356785898E-12));
#797=VECTOR('',#796,3.500000000002E0);
#798=CARTESIAN_POINT('',(9.9E1,2.211659768047E1,-5.536375832601E2));
#799=LINE('',#798,#797);
#800=CARTESIAN_POINT('',(9.55E1,2.398963064763E1,-5.582735025329E2));
#801=DIRECTION('',(-1.E0,0.E0,0.E0));
#802=DIRECTION('',(0.E0,-9.814411183370E-1,1.917637380671E-1));
#803=AXIS2_PLACEMENT_3D('',#800,#801,#802);
#805=DIRECTION('',(-7.071067811828E-1,-2.648868625092E-1,6.556179909638E-1));
#806=VECTOR('',#805,7.071067811969E-1);
#807=CARTESIAN_POINT('',(9.55E1,2.211659768055E1,-5.536375832601E2));
#808=LINE('',#807,#806);
#809=CARTESIAN_POINT('',(9.9E1,2.481551563700E1,-5.417618021975E2));
#810=DIRECTION('',(-1.E0,0.E0,0.E0));
#811=DIRECTION('',(0.E0,-8.782546686010E-1,-4.781932005797E-1));
#812=AXIS2_PLACEMENT_3D('',#809,#810,#811);
#814=CARTESIAN_POINT('',(9.9E1,1.496968602063E1,-5.318089312969E2));
#815=DIRECTION('',(1.E0,0.E0,0.E0));
#816=DIRECTION('',(0.E0,7.032735960745E-1,-7.109192985595E-1));
#817=AXIS2_PLACEMENT_3D('',#814,#815,#816);
#819=CARTESIAN_POINT('',(9.9E1,8.144545793699E0,-5.805837187813E2));
#820=DIRECTION('',(-1.E0,0.E0,0.E0));
#821=DIRECTION('',(0.E0,1.900280440457E-1,9.817786626711E-1));
#822=AXIS2_PLACEMENT_3D('',#819,#820,#821);
#824=CARTESIAN_POINT('',(9.9E1,2.481551563700E1,-5.417618021975E2));
#825=DIRECTION('',(-1.E0,0.E0,0.E0));
#826=DIRECTION('',(0.E0,3.945791742400E-1,9.188619457003E-1));
#827=AXIS2_PLACEMENT_3D('',#824,#825,#826);
#829=CARTESIAN_POINT('',(9.9E1,2.481551563700E1,-5.417618021975E2));
#830=DIRECTION('',(-1.E0,0.E0,0.E0));
#831=DIRECTION('',(0.E0,9.271838545679E-1,3.746065934132E-1));
#832=AXIS2_PLACEMENT_3D('',#829,#830,#831);
#834=CARTESIAN_POINT('',(9.9E1,2.398963064763E1,-5.582735025329E2));
#835=DIRECTION('',(1.E0,0.E0,0.E0));
#836=DIRECTION('',(0.E0,-3.746065934617E-1,9.271838545483E-1));
#837=AXIS2_PLACEMENT_3D('',#834,#835,#836);
#839=CARTESIAN_POINT('',(9.9E1,-3.000000106634E0,-5.529999997361E2));
#840=DIRECTION('',(-1.E0,0.E0,0.E0));
#841=DIRECTION('',(0.E0,9.814411183406E-1,-1.917637380486E-1));
#842=AXIS2_PLACEMENT_3D('',#839,#840,#841);
#844=DIRECTION('',(0.E0,3.090169943748E-1,9.510565162952E-1));
#845=VECTOR('',#844,2.118953095015E1);
#846=CARTESIAN_POINT('',(9.9E1,9.921854870362E0,-5.714194368598E2));
#847=LINE('',#846,#845);
#848=CARTESIAN_POINT('',(9.9E1,1.076344093903E1,-5.494128934061E2));
#849=DIRECTION('',(1.E0,0.E0,0.E0));
#850=DIRECTION('',(0.E0,9.510565162905E-1,-3.090169943893E-1));
#851=AXIS2_PLACEMENT_3D('',#848,#849,#850);
#853=CARTESIAN_POINT('',(9.9E1,2.481551563700E1,-5.417618021975E2));
#854=DIRECTION('',(1.E0,0.E0,0.E0));
#855=DIRECTION('',(0.E0,9.271838545668E-1,3.746065934159E-1));
#856=AXIS2_PLACEMENT_3D('',#853,#854,#855);
#858=CARTESIAN_POINT('',(9.9E1,2.481551563700E1,-5.417618021975E2));
#859=DIRECTION('',(1.E0,0.E0,0.E0));
#860=DIRECTION('',(0.E0,-9.271838545668E-1,-3.746065934159E-1));
#861=AXIS2_PLACEMENT_3D('',#858,#859,#860);
#863=CARTESIAN_POINT('',(1.E2,2.481551563700E1,-5.417618021975E2));
#864=DIRECTION('',(-1.E0,0.E0,0.E0));
#865=DIRECTION('',(0.E0,-9.271838545664E-1,-3.746065934170E-1));
#866=AXIS2_PLACEMENT_3D('',#863,#864,#865);
#868=CARTESIAN_POINT('',(1.E2,1.778278019674E1,-5.346526086970E2));
#869=DIRECTION('',(0.E0,-7.109193500486E-1,-7.032735440257E-1));
#870=DIRECTION('',(0.E0,-7.032735440257E-1,7.109193500486E-1));
#871=AXIS2_PLACEMENT_3D('',#868,#869,#870);
#873=CARTESIAN_POINT('',(1.E2,2.481551563700E1,-5.417618021975E2));
#874=DIRECTION('',(-1.E0,0.E0,0.E0));
#875=DIRECTION('',(0.E0,-8.782546686241E-1,-4.781932005371E-1));
#876=AXIS2_PLACEMENT_3D('',#873,#874,#875);
#878=DIRECTION('',(1.E0,0.E0,1.421085471520E-14));
#879=VECTOR('',#878,8.E0);
#880=CARTESIAN_POINT('',(1.E2,1.515471428215E1,-5.470219274034E2));
#881=LINE('',#880,#879);
#882=DIRECTION('',(1.E0,6.203926261601E-13,-1.989519660127E-13));
#883=VECTOR('',#882,8.000000000006E0);
#884=CARTESIAN_POINT('',(1.E2,1.551872352050E1,-5.509579783780E2));
#885=LINE('',#884,#883);
#886=CARTESIAN_POINT('',(1.E2,1.076344093903E1,-5.494128934061E2));
#887=DIRECTION('',(1.E0,0.E0,0.E0));
#888=DIRECTION('',(0.E0,9.510565162938E-1,-3.090169943792E-1));
#889=AXIS2_PLACEMENT_3D('',#886,#887,#888);
#891=CARTESIAN_POINT('',(1.E2,1.603296895078E1,-5.465437342029E2));
#892=DIRECTION('',(0.E0,4.781932005340E-1,-8.782546686258E-1));
#893=DIRECTION('',(0.E0,-8.782546686258E-1,-4.781932005340E-1));
#894=AXIS2_PLACEMENT_3D('',#891,#892,#893);
#896=CARTESIAN_POINT('',(1.E2,1.646978003678E1,-5.512669953724E2));
#897=DIRECTION('',(0.E0,3.090169943834E-1,9.510565162924E-1));
#898=DIRECTION('',(-1.E0,7.560174708487E-12,-2.501110429876E-12));
#899=AXIS2_PLACEMENT_3D('',#896,#897,#898);
#901=DIRECTION('',(9.720795754095E-13,3.090169943743E-1,9.510565162954E-1));
#902=VECTOR('',#901,2.242558293022E1);
#903=CARTESIAN_POINT('',(9.999999999998E1,8.588837286308E0,-5.722859751555E2));
#904=LINE('',#903,#902);
#905=DIRECTION('',(-2.965666501249E-13,-3.090169943742E-1,-9.510565162954E-1));
#906=VECTOR('',#905,2.242558293022E1);
#907=CARTESIAN_POINT('',(1.08E2,1.551872352050E1,-5.509579783780E2));
#908=LINE('',#907,#906);
#909=CARTESIAN_POINT('',(1.08E2,8.588837286315E0,-5.722859751555E2));
#910=CARTESIAN_POINT('',(1.080370740693E2,8.588837286316E0,-5.722859751555E2));
#911=CARTESIAN_POINT('',(1.081118720509E2,8.594266219877E0,-5.722827144716E2));
#912=CARTESIAN_POINT('',(1.082235844220E2,8.618981064748E0,-5.722678423518E2));
#913=CARTESIAN_POINT('',(1.083362747659E2,8.661676898627E0,-5.722420502121E2));
#914=CARTESIAN_POINT('',(1.084493181604E2,8.724530124485E0,-5.722038494690E2));
#915=CARTESIAN_POINT('',(1.085615251435E2,8.810243009934E0,-5.721513057386E2));
#916=CARTESIAN_POINT('',(1.086706308605E2,8.921762904846E0,-5.720821596029E2));
#917=CARTESIAN_POINT('',(1.087729613307E2,9.061777914448E0,-5.719940646142E2));
#918=CARTESIAN_POINT('',(1.088630646176E2,9.230201717555E0,-5.718861882203E2));
#919=CARTESIAN_POINT('',(1.089371396156E2,9.431122792984E0,-5.717547263940E2));
#920=CARTESIAN_POINT('',(1.089873961266E2,9.663036025689E0,-5.715991020357E2));
#921=CARTESIAN_POINT('',(1.09E2,9.833220018535E0,-5.714816171910E2));
#922=CARTESIAN_POINT('',(1.09E2,9.921854870388E0,-5.714194368598E2));
#924=CARTESIAN_POINT('',(1.09E2,2.481551563700E1,-5.417618021975E2));
#925=DIRECTION('',(1.E0,0.E0,0.E0));
#926=DIRECTION('',(0.E0,-7.032735953519E-1,7.109192992744E-1));
#927=AXIS2_PLACEMENT_3D('',#924,#925,#926);
#929=CARTESIAN_POINT('',(1.09E2,1.076344093903E1,-5.494128934061E2));
#930=DIRECTION('',(-1.E0,0.E0,0.E0));
#931=DIRECTION('',(0.E0,8.782546686991E-1,4.781932003995E-1));
#932=AXIS2_PLACEMENT_3D('',#929,#930,#931);
#934=DIRECTION('',(0.E0,-3.090169943742E-1,-9.510565162954E-1));
#935=VECTOR('',#934,2.118953095016E1);
#936=CARTESIAN_POINT('',(1.09E2,1.646978003681E1,-5.512669953724E2));
#937=LINE('',#936,#935);
#938=CARTESIAN_POINT('',(1.09E2,-3.000000106634E0,-5.529999997361E2));
#939=DIRECTION('',(1.E0,0.E0,0.E0));
#940=DIRECTION('',(0.E0,5.743046656433E-1,-8.186416499424E-1));
#941=AXIS2_PLACEMENT_3D('',#938,#939,#940);
#943=CARTESIAN_POINT('',(1.09E2,2.398963064763E1,-5.582735025329E2));
#944=DIRECTION('',(-1.E0,0.E0,0.E0));
#945=DIRECTION('',(0.E0,-9.814411183254E-1,1.917637381266E-1));
#946=AXIS2_PLACEMENT_3D('',#943,#944,#945);
#948=CARTESIAN_POINT('',(1.09E2,2.481551563700E1,-5.417618021975E2));
#949=DIRECTION('',(1.E0,0.E0,0.E0));
#950=DIRECTION('',(0.E0,3.746065933745E-1,-9.271838545835E-1));
#951=AXIS2_PLACEMENT_3D('',#948,#949,#950);
#953=CARTESIAN_POINT('',(1.09E2,2.481551563700E1,-5.417618021975E2));
#954=DIRECTION('',(1.E0,0.E0,0.E0));
#955=DIRECTION('',(0.E0,9.271838545668E-1,3.746065934159E-1));
#956=AXIS2_PLACEMENT_3D('',#953,#954,#955);
#958=CARTESIAN_POINT('',(1.09E2,8.144545793699E0,-5.805837187813E2));
#959=DIRECTION('',(1.E0,0.E0,0.E0));
#960=DIRECTION('',(0.E0,3.945791742200E-1,9.188619457088E-1));
#961=AXIS2_PLACEMENT_3D('',#958,#959,#960);
#963=CARTESIAN_POINT('',(1.09E2,1.496968602063E1,-5.318089312969E2));
#964=DIRECTION('',(-1.E0,0.E0,0.E0));
#965=DIRECTION('',(0.E0,7.759562376136E-1,6.307867447154E-1));
#966=AXIS2_PLACEMENT_3D('',#963,#964,#965);
#968=CARTESIAN_POINT('',(1.09E2,2.481551563700E1,-5.417618021975E2));
#969=DIRECTION('',(-1.E0,0.E0,0.E0));
#970=DIRECTION('',(0.E0,-9.271838545668E-1,-3.746065934159E-1));
#971=AXIS2_PLACEMENT_3D('',#968,#969,#970);
#973=CARTESIAN_POINT('',(1.09E2,2.481551563700E1,-5.417618021975E2));
#974=DIRECTION('',(-1.E0,0.E0,0.E0));
#975=DIRECTION('',(0.E0,9.271838545668E-1,3.746065934159E-1));
#976=AXIS2_PLACEMENT_3D('',#973,#974,#975);
#978=CARTESIAN_POINT('',(1.08E2,2.481551563700E1,-5.417618021975E2));
#979=DIRECTION('',(1.E0,0.E0,0.E0));
#980=DIRECTION('',(0.E0,-9.271838545664E-1,-3.746065934170E-1));
#981=AXIS2_PLACEMENT_3D('',#978,#979,#980);
#983=CARTESIAN_POINT('',(1.08E2,1.603296895077E1,-5.465437342029E2));
#984=DIRECTION('',(0.E0,-4.781932005397E-1,8.782546686227E-1));
#985=DIRECTION('',(0.E0,-8.782546686227E-1,-4.781932005397E-1));
#986=AXIS2_PLACEMENT_3D('',#983,#984,#985);
#988=CARTESIAN_POINT('',(1.08E2,2.481551563700E1,-5.417618021975E2));
#989=DIRECTION('',(1.E0,0.E0,0.E0));
#990=DIRECTION('',(0.E0,-7.032735440620E-1,7.109193500127E-1));
#991=AXIS2_PLACEMENT_3D('',#988,#989,#990);
#993=CARTESIAN_POINT('',(1.08E2,1.076344093903E1,-5.494128934061E2));
#994=DIRECTION('',(-1.E0,0.E0,0.E0));
#995=DIRECTION('',(0.E0,8.782546686234E-1,4.781932005384E-1));
#996=AXIS2_PLACEMENT_3D('',#993,#994,#995);
#998=CARTESIAN_POINT('',(1.08E2,1.646978003678E1,-5.512669953724E2));
#999=DIRECTION('',(0.E0,3.090169943834E-1,9.510565162924E-1));
#1000=DIRECTION('',(5.641709321935E-12,-9.510565162924E-1,3.090169943835E-1));
#1001=AXIS2_PLACEMENT_3D('',#998,#999,#1000);
#1003=CARTESIAN_POINT('',(1.09E2,1.807351096641E1,-5.292857843219E2));
#1004=CARTESIAN_POINT('',(1.09E2,1.798231332110E1,-5.292681325733E2));
#1005=CARTESIAN_POINT('',(1.089893345623E2,1.778933100910E1,-5.292312825E2));
#1006=CARTESIAN_POINT('',(1.089358032453E2,1.746776541648E1,-5.291718607443E2));
#1007=CARTESIAN_POINT('',(1.088398051175E2,1.711465742389E1,-5.291090046139E2));
#1008=CARTESIAN_POINT('',(1.086974892458E2,1.672996284866E1,-5.290433658518E2));
#1009=CARTESIAN_POINT('',(1.085073450232E2,1.631389866669E1,-5.289757009471E2));
#1010=CARTESIAN_POINT('',(1.082732899322E2,1.586852544860E1,-5.289070835086E2));
#1011=CARTESIAN_POINT('',(1.080936191356E2,1.555083782023E1,-5.288610239300E2));
#1012=CARTESIAN_POINT('',(1.08E2,1.538543060842E1,-5.288378782133E2));
#1014=CARTESIAN_POINT('',(1.08E2,1.496968602063E1,-5.318089312969E2));
#1015=DIRECTION('',(-1.E0,0.E0,0.E0));
#1016=DIRECTION('',(0.E0,1.385815293567E-1,9.903510285354E-1));
#1017=AXIS2_PLACEMENT_3D('',#1014,#1015,#1016);
#1019=CARTESIAN_POINT('',(1.08E2,1.778278019249E1,-5.346526086927E2));
#1020=DIRECTION('',(0.E0,7.109193500390E-1,7.032735440354E-1));
#1021=DIRECTION('',(0.E0,-7.032735440354E-1,7.109193500390E-1));
#1022=AXIS2_PLACEMENT_3D('',#1019,#1020,#1021);
#1024=DIRECTION('',(-9.999999999999E-1,-3.066506398107E-7,-1.238946108079E-7));
#1025=VECTOR('',#1024,1.689999998594E1);
#1026=CARTESIAN_POINT('',(1.124E2,-1.142864845849E1,-5.321383630083E2));
#1027=LINE('',#1026,#1025);
#1028=DIRECTION('',(1.E0,1.952875956184E-11,-9.062465064095E-12));
#1029=VECTOR('',#1028,3.5E0);
#1030=CARTESIAN_POINT('',(9.55E1,2.876130737917E1,-5.325731827404E2));
#1031=LINE('',#1030,#1029);
#1032=CARTESIAN_POINT('',(9.9E1,1.807351096649E1,-5.292857843219E2));
#1033=CARTESIAN_POINT('',(9.9E1,1.789771509269E1,-5.292517581739E2));
#1034=CARTESIAN_POINT('',(9.903192077448E1,1.752165728652E1,-5.291804686832E2));
#1035=CARTESIAN_POINT('',(9.926804370379E1,1.678512610584E1,-5.290515751631E2));
#1036=CARTESIAN_POINT('',(9.956097148052E1,1.616924529632E1,-5.289521942770E2));
#1037=CARTESIAN_POINT('',(9.984657394341E1,1.565650527783E1,-5.288758101598E2));
#1038=CARTESIAN_POINT('',(1.E2,1.538543060842E1,-5.288378782133E2));
#1040=DIRECTION('',(1.E0,0.E0,0.E0));
#1041=VECTOR('',#1040,8.E0);
#1042=CARTESIAN_POINT('',(1.E2,1.538543060842E1,-5.288378782133E2));
#1043=LINE('',#1042,#1041);
#1044=DIRECTION('',(1.E0,-2.192024339820E-11,1.010188758041E-11));
#1045=VECTOR('',#1044,3.5E0);
#1046=CARTESIAN_POINT('',(1.09E2,2.876130737923E1,-5.325731827404E2));
#1047=LINE('',#1046,#1045);
#1048=DIRECTION('',(9.996519402134E-1,2.446151071092E-2,9.880937268739E-3));
#1049=VECTOR('',#1048,9.998322741763E-2);
#1050=CARTESIAN_POINT('',(1.124E2,-1.142864845849E1,-5.321383630083E2));
#1051=LINE('',#1050,#1049);
#1052=CARTESIAN_POINT('',(1.13E2,-3.000000106634E0,-5.529999997361E2));
#1053=DIRECTION('',(1.E0,0.E0,0.E0));
#1054=DIRECTION('',(0.E0,9.271838545664E-1,3.746065934168E-1));
#1055=AXIS2_PLACEMENT_3D('',#1052,#1053,#1054);
#1057=CARTESIAN_POINT('',(1.13E2,8.144545793699E0,-5.805837187813E2));
#1058=DIRECTION('',(-1.E0,0.E0,0.E0));
#1059=DIRECTION('',(0.E0,-2.606378183192E-1,9.654366512940E-1));
#1060=AXIS2_PLACEMENT_3D('',#1057,#1058,#1059);
#1062=CARTESIAN_POINT('',(1.13E2,2.481551563700E1,-5.417618021975E2));
#1063=DIRECTION('',(-1.E0,0.E0,0.E0));
#1064=DIRECTION('',(0.E0,3.945791742388E-1,9.188619457008E-1));
#1065=AXIS2_PLACEMENT_3D('',#1062,#1063,#1064);
#1067=CARTESIAN_POINT('',(1.13E2,2.481551563700E1,-5.417618021975E2));
#1068=DIRECTION('',(-1.E0,0.E0,0.E0));
#1069=DIRECTION('',(0.E0,9.271838545678E-1,3.746065934134E-1));
#1070=AXIS2_PLACEMENT_3D('',#1067,#1068,#1069);
#1072=DIRECTION('',(0.E0,-9.271838545667E-1,-3.746065934162E-1));
#1073=VECTOR('',#1072,6.951139041995E0);
#1074=CARTESIAN_POINT('',(1.13E2,2.837427827437E1,-5.505700488159E2));
#1075=LINE('',#1074,#1073);
#1076=CARTESIAN_POINT('',(1.13E2,2.398963064763E1,-5.582735025329E2));
#1077=DIRECTION('',(1.E0,0.E0,0.E0));
#1078=DIRECTION('',(0.E0,-3.746065934424E-1,9.271838545561E-1));
#1079=AXIS2_PLACEMENT_3D('',#1076,#1077,#1078);
#1081=CARTESIAN_POINT('',(1.13E2,-3.000000106634E0,-5.529999997361E2));
#1082=DIRECTION('',(1.E0,0.E0,0.E0));
#1083=DIRECTION('',(0.E0,9.949226630478E-1,-1.006424093210E-1));
#1084=AXIS2_PLACEMENT_3D('',#1081,#1082,#1083);
#1086=CARTESIAN_POINT('',(1.13E2,2.481551563700E1,-5.417618021975E2));
#1087=DIRECTION('',(1.E0,0.E0,0.E0));
#1088=DIRECTION('',(0.E0,9.271838545668E-1,3.746065934159E-1));
#1089=AXIS2_PLACEMENT_3D('',#1086,#1087,#1088);
#1091=CARTESIAN_POINT('',(1.13E2,2.481551563700E1,-5.417618021975E2));
#1092=DIRECTION('',(1.E0,0.E0,0.E0));
#1093=DIRECTION('',(0.E0,-9.271838545668E-1,-3.746065934159E-1));
#1094=AXIS2_PLACEMENT_3D('',#1091,#1092,#1093);
#1096=CARTESIAN_POINT('',(1.13E2,-5.343006864552E0,-5.306222976390E2));
#1097=CARTESIAN_POINT('',(1.128896420230E2,-6.034638734954E0,
-5.306947007085E2));
#1098=CARTESIAN_POINT('',(1.127042180938E2,-7.412625666353E0,
-5.309036906219E2));
#1099=CARTESIAN_POINT('',(1.125375702435E2,-9.455191185708E0,
-5.314117733333E2));
#1100=CARTESIAN_POINT('',(1.124998421696E2,-1.077568402013E1,
-5.318745484661E2));
#1101=CARTESIAN_POINT('',(1.124999484273E2,-1.142620271770E1,
-5.321373750803E2));
#1103=CARTESIAN_POINT('',(1.125E2,8.144545793699E0,-5.805837187813E2));
#1104=DIRECTION('',(-1.E0,0.E0,0.E0));
#1105=DIRECTION('',(0.E0,-3.746065934158E-1,9.271838545668E-1));
#1106=AXIS2_PLACEMENT_3D('',#1103,#1104,#1105);
#1108=DIRECTION('',(-7.071067811861E-1,2.790096096983E-1,6.497335128317E-1));
#1109=VECTOR('',#1108,7.071067811870E-1);
#1110=CARTESIAN_POINT('',(1.13E2,2.856401779211E1,-5.330326137133E2));
#1111=LINE('',#1110,#1109);
#1112=CARTESIAN_POINT('',(1.125E2,2.481551563700E1,-5.417618021975E2));
#1113=DIRECTION('',(-1.E0,0.E0,0.E0));
#1114=DIRECTION('',(0.E0,3.945791742155E-1,9.188619457108E-1));
#1115=AXIS2_PLACEMENT_3D('',#1112,#1113,#1114);
#1117=CARTESIAN_POINT('',(1.125E2,2.481551563700E1,-5.417618021975E2));
#1118=DIRECTION('',(-1.E0,0.E0,0.E0));
#1119=DIRECTION('',(0.E0,9.271838545678E-1,3.746065934133E-1));
#1120=AXIS2_PLACEMENT_3D('',#1117,#1118,#1119);
#1122=DIRECTION('',(7.071067811846E-1,-2.648868625889E-1,6.556179909297E-1));
#1123=VECTOR('',#1122,7.071067811908E-1);
#1124=CARTESIAN_POINT('',(1.125E2,2.856158157116E1,-5.510336407432E2));
#1125=LINE('',#1124,#1123);
#1126=DIRECTION('',(1.E0,3.820892808496E-11,1.812493012818E-11));
#1127=VECTOR('',#1126,3.500000000001E0);
#1128=CARTESIAN_POINT('',(1.09E2,2.856158157103E1,-5.510336407433E2));
#1129=LINE('',#1128,#1127);
#1130=DIRECTION('',(0.E0,9.271838545666E-1,3.746065934164E-1));
#1131=VECTOR('',#1130,6.951139042026E0);
#1132=CARTESIAN_POINT('',(1.125E2,2.211659768055E1,-5.536375832601E2));
#1133=LINE('',#1132,#1131);
#1134=DIRECTION('',(0.E0,-9.271838545667E-1,-3.746065934162E-1));
#1135=VECTOR('',#1134,6.951139041980E0);
#1136=CARTESIAN_POINT('',(1.09E2,2.856158157103E1,-5.510336407433E2));
#1137=LINE('',#1136,#1135);
#1138=CARTESIAN_POINT('',(1.125E2,1.908242505595E1,-5.573146838426E2));
#1139=CARTESIAN_POINT('',(1.125E2,1.912435094502E1,-5.571001083870E2));
#1140=CARTESIAN_POINT('',(1.125353102931E2,1.920350055765E1,-5.566620381347E2));
#1141=CARTESIAN_POINT('',(1.127037774429E2,1.930647572976E1,-5.559726228286E2));
#1142=CARTESIAN_POINT('',(1.128896377928E2,1.936161796430E1,-5.555031134776E2));
#1143=CARTESIAN_POINT('',(1.13E2,1.938575980961E1,-5.552644539606E2));
#1145=DIRECTION('',(-7.071067811839E-1,2.648868625481E-1,-6.556179909469E-1));
#1146=VECTOR('',#1145,7.071067811916E-1);
#1147=CARTESIAN_POINT('',(1.13E2,2.192929438379E1,-5.531739913328E2));
#1148=LINE('',#1147,#1146);
#1149=CARTESIAN_POINT('',(1.125E2,2.398963064763E1,-5.582735025329E2));
#1150=DIRECTION('',(1.E0,0.E0,0.E0));
#1151=DIRECTION('',(0.E0,-3.746065934182E-1,9.271838545658E-1));
#1152=AXIS2_PLACEMENT_3D('',#1149,#1150,#1151);
#1154=DIRECTION('',(-1.E0,-2.607894852449E-11,-1.286285363936E-11));
#1155=VECTOR('',#1154,3.500000000001E0);
#1156=CARTESIAN_POINT('',(1.125E2,2.211659768055E1,-5.536375832601E2));
#1157=LINE('',#1156,#1155);
#1158=DIRECTION('',(1.E0,-8.450233976606E-12,-3.327011868618E-11));
#1159=VECTOR('',#1158,3.4E0);
#1160=CARTESIAN_POINT('',(1.09E2,1.908242505598E1,-5.573146838425E2));
#1161=LINE('',#1160,#1159);
#1162=DIRECTION('',(1.E0,6.927791673661E-12,2.796696207952E-10));
#1163=VECTOR('',#1162,9.999999999999E-2);
#1164=CARTESIAN_POINT('',(1.124E2,1.908242505595E1,-5.573146838426E2));
#1165=LINE('',#1164,#1163);
#1166=DIRECTION('',(-1.E0,0.E0,0.E0));
#1167=VECTOR('',#1166,5.E-1);
#1168=CARTESIAN_POINT('',(1.135E2,1.832522865503E1,-5.443840483514E2));
#1169=LINE('',#1168,#1167);
#1170=CARTESIAN_POINT('',(1.135E2,2.481551563700E1,-5.417618021975E2));
#1171=DIRECTION('',(-1.E0,0.E0,0.E0));
#1172=DIRECTION('',(0.E0,9.271838545668E-1,3.746065934159E-1));
#1173=AXIS2_PLACEMENT_3D('',#1170,#1171,#1172);
#1175=CARTESIAN_POINT('',(1.135E2,2.481551563700E1,-5.417618021975E2));
#1176=DIRECTION('',(-1.E0,0.E0,0.E0));
#1177=DIRECTION('',(0.E0,-9.271838545668E-1,-3.746065934159E-1));
#1178=AXIS2_PLACEMENT_3D('',#1175,#1176,#1177);
#1180=CARTESIAN_POINT('',(1.135E2,2.481551563700E1,-5.417618021975E2));
#1181=DIRECTION('',(1.E0,0.E0,0.E0));
#1182=DIRECTION('',(0.E0,-9.271838545668E-1,-3.746065934159E-1));
#1183=AXIS2_PLACEMENT_3D('',#1180,#1181,#1182);
#1185=CARTESIAN_POINT('',(1.135E2,2.481551563700E1,-5.417618021975E2));
#1186=DIRECTION('',(1.E0,0.E0,0.E0));
#1187=DIRECTION('',(0.E0,9.271838545668E-1,3.746065934159E-1));
#1188=AXIS2_PLACEMENT_3D('',#1185,#1186,#1187);
#1190=DIRECTION('',(-1.E0,0.E0,0.E0));
#1191=VECTOR('',#1190,5.E-1);
#1192=CARTESIAN_POINT('',(1.135E2,3.130580261897E1,-5.391395560436E2));
#1193=LINE('',#1192,#1191);
#1194=DIRECTION('',(1.E0,0.E0,0.E0));
#1195=VECTOR('',#1194,4.5E0);
#1196=CARTESIAN_POINT('',(1.09E2,2.852425105528E1,-5.402633758239E2));
#1197=LINE('',#1196,#1195);
#1198=DIRECTION('',(1.E0,0.E0,0.E0));
#1199=VECTOR('',#1198,4.5E0);
#1200=CARTESIAN_POINT('',(1.09E2,2.110678021873E1,-5.432602285712E2));
#1201=LINE('',#1200,#1199);
#1202=DIRECTION('',(1.E0,-2.967429476743E-11,-1.299278145389E-11));
#1203=VECTOR('',#1202,3.500000000002E0);
#1204=CARTESIAN_POINT('',(9.55E1,2.856158157116E1,-5.510336407432E2));
#1205=LINE('',#1204,#1203);
#1206=CARTESIAN_POINT('',(1.E2,1.496968602063E1,-5.318089312969E2));
#1207=DIRECTION('',(1.E0,0.E0,0.E0));
#1208=DIRECTION('',(0.E0,7.032735439078E-1,-7.109193501652E-1));
#1209=AXIS2_PLACEMENT_3D('',#1206,#1207,#1208);
#1211=DIRECTION('',(1.E0,-7.633893517323E-13,-7.673861546209E-13));
#1212=VECTOR('',#1211,8.E0);
#1213=CARTESIAN_POINT('',(1.E2,1.707950665146E1,-5.339416893461E2));
#1214=LINE('',#1213,#1212);
#1215=DIRECTION('',(1.E0,0.E0,0.E0));
#1216=VECTOR('',#1215,4.5E0);
#1217=CARTESIAN_POINT('',(9.45E1,2.110678021873E1,-5.432602285712E2));
#1218=LINE('',#1217,#1216);
#1219=DIRECTION('',(1.E0,0.E0,0.E0));
#1220=VECTOR('',#1219,4.5E0);
#1221=CARTESIAN_POINT('',(9.45E1,2.852425105528E1,-5.402633758239E2));
#1222=LINE('',#1221,#1220);
#1223=CARTESIAN_POINT('',(1.125E2,-3.098834944378E1,-5.583760858014E2));
#1224=DIRECTION('',(-1.E0,0.E0,0.E0));
#1225=DIRECTION('',(0.E0,-9.820473451631E-1,-1.886345987831E-1));
#1226=AXIS2_PLACEMENT_3D('',#1223,#1224,#1225);
#1228=DIRECTION('',(7.071067812026E-1,2.648868626505E-1,-6.556179908853E-1));
#1229=VECTOR('',#1228,7.071067811544E-1);
#1230=CARTESIAN_POINT('',(1.125E2,-3.173756263061E1,-5.565217180923E2));
#1231=LINE('',#1230,#1229);
#1232=DIRECTION('',(1.E0,-1.532695338167E-11,-8.745141363194E-12));
#1233=VECTOR('',#1232,6.500000000005E0);
#1234=CARTESIAN_POINT('',(1.06E2,-3.173756263051E1,-5.565217180922E2));
#1235=LINE('',#1234,#1233);
#1236=DIRECTION('',(-1.E0,-3.213292879641E-12,4.250138702516E-12));
#1237=VECTOR('',#1236,6.5E0);
#1238=CARTESIAN_POINT('',(1.125E2,-2.854260160461E1,-5.696680982694E2));
#1239=LINE('',#1238,#1237);
#1240=DIRECTION('',(1.E0,1.519468311856E-13,-6.646307436033E-13));
#1241=VECTOR('',#1240,6.5E0);
#1242=CARTESIAN_POINT('',(1.06E2,-3.295244413411E1,-5.587533549990E2));
#1243=LINE('',#1242,#1241);
#1244=CARTESIAN_POINT('',(1.125E2,-3.000000106634E0,-5.529999997361E2));
#1245=DIRECTION('',(-1.E0,0.E0,0.E0));
#1246=DIRECTION('',(0.E0,-8.374623441958E-1,-5.464950338787E-1));
#1247=AXIS2_PLACEMENT_3D('',#1244,#1245,#1246);
#1249=CARTESIAN_POINT('',(1.125E2,-3.000000106634E0,-5.529999997361E2));
#1250=DIRECTION('',(-1.E0,0.E0,0.E0));
#1251=DIRECTION('',(0.E0,-9.271838545667E-1,-3.746065934161E-1));
#1252=AXIS2_PLACEMENT_3D('',#1249,#1250,#1251);
#1254=DIRECTION('',(7.071067811869E-1,6.944123372144E-1,1.333848039469E-1));
#1255=VECTOR('',#1254,7.071067811862E-1);
#1256=CARTESIAN_POINT('',(1.125E2,-3.295244413411E1,-5.587533549990E2));
#1257=LINE('',#1256,#1255);
#1258=CARTESIAN_POINT('',(1.125E2,-2.686767691621E1,-5.685751082016E2));
#1259=DIRECTION('',(-1.E0,0.E0,0.E0));
#1260=DIRECTION('',(0.E0,3.746065934039E-1,-9.271838545717E-1));
#1261=AXIS2_PLACEMENT_3D('',#1258,#1259,#1260);
#1263=DIRECTION('',(7.071067811882E-1,5.921753025259E-1,3.864303444039E-1));
#1264=VECTOR('',#1263,7.071067811849E-1);
#1265=CARTESIAN_POINT('',(1.125E2,-2.854260160461E1,-5.696680982694E2));
#1266=LINE('',#1265,#1264);
#1267=DIRECTION('',(-7.071067811984E-1,2.648868623323E-1,-6.556179910184E-1));
#1268=VECTOR('',#1267,7.071067811736E-1);
#1269=CARTESIAN_POINT('',(1.13E2,-2.630576702600E1,-5.699658839834E2));
#1270=LINE('',#1269,#1268);
#1271=DIRECTION('',(-1.E0,2.710064651326E-11,8.675180232308E-12));
#1272=VECTOR('',#1271,6.499999999991E0);
#1273=CARTESIAN_POINT('',(1.125E2,-2.611846372940E1,-5.704294759107E2));
#1274=LINE('',#1273,#1272);
#1275=DIRECTION('',(9.238795325119E-1,0.E0,-3.826834323636E-1));
#1276=VECTOR('',#1275,6.494353201740E-1);
#1277=CARTESIAN_POINT('',(1.124E2,-3.E0,-5.376514718626E2));
#1278=LINE('',#1277,#1276);
#1279=CARTESIAN_POINT('',(1.1E2,-1.488321693153E1,-5.513299225245E2));
#1280=DIRECTION('',(1.E0,0.E0,0.E0));
#1281=DIRECTION('',(0.E0,-9.271838545649E-1,-3.746065934206E-1));
#1282=AXIS2_PLACEMENT_3D('',#1279,#1280,#1281);
#1284=DIRECTION('',(1.E0,9.219012543852E-9,-1.485420857419E-8));
#1285=VECTOR('',#1284,2.999999991049E0);
#1286=CARTESIAN_POINT('',(1.100000000090E2,-1.279705328641E1,
-5.504870576448E2));
#1287=LINE('',#1286,#1285);
#1288=CARTESIAN_POINT('',(1.13E2,-1.488321693153E1,-5.513299225245E2));
#1289=DIRECTION('',(-1.E0,0.E0,0.E0));
#1290=DIRECTION('',(0.E0,9.271838545735E-1,3.746065933994E-1));
#1291=AXIS2_PLACEMENT_3D('',#1288,#1289,#1290);
#1293=DIRECTION('',(7.071067811866E-1,6.556179737360E-1,2.648869051392E-1));
#1294=VECTOR('',#1293,7.071067732160E-1);
#1295=CARTESIAN_POINT('',(1.095000000146E2,-1.743297248652E1,
-5.523600907290E2));
#1296=LINE('',#1295,#1294);
#1297=CARTESIAN_POINT('',(1.095E2,-1.488321693153E1,-5.513299225245E2));
#1298=DIRECTION('',(1.E0,0.E0,0.E0));
#1299=DIRECTION('',(0.E0,-3.746065934159E-1,9.271838545668E-1));
#1300=AXIS2_PLACEMENT_3D('',#1297,#1298,#1299);
#1302=CARTESIAN_POINT('',(1.095E2,-1.488321693153E1,-5.513299225245E2));
#1303=DIRECTION('',(1.E0,0.E0,0.E0));
#1304=DIRECTION('',(0.E0,3.746065934159E-1,-9.271838545668E-1));
#1305=AXIS2_PLACEMENT_3D('',#1302,#1303,#1304);
#1307=CARTESIAN_POINT('',(1.095E2,-1.488321693153E1,-5.513299225245E2));
#1308=DIRECTION('',(1.E0,0.E0,0.E0));
#1309=DIRECTION('',(0.E0,9.271838545668E-1,3.746065934159E-1));
#1310=AXIS2_PLACEMENT_3D('',#1307,#1308,#1309);
#1312=CARTESIAN_POINT('',(1.095E2,-1.488321693153E1,-5.513299225245E2));
#1313=DIRECTION('',(1.E0,0.E0,0.E0));
#1314=DIRECTION('',(0.E0,-9.271838545649E-1,-3.746065934206E-1));
#1315=AXIS2_PLACEMENT_3D('',#1312,#1313,#1314);
#1317=CARTESIAN_POINT('',(1.031650635095E2,-1.836015638616E1,
-5.527346972499E2));
#1318=CARTESIAN_POINT('',(1.031650635095E2,-1.827289952490E1,
-5.529506655600E2));
#1319=CARTESIAN_POINT('',(1.031406560941E2,-1.806098466020E1,
-5.533623218429E2));
#1320=CARTESIAN_POINT('',(1.030256535476E2,-1.761541115899E1,
-5.539334231167E2));
#1321=CARTESIAN_POINT('',(1.028333153345E2,-1.706540259093E1,
-5.544054369841E2));
#1322=CARTESIAN_POINT('',(1.025917349471E2,-1.647415980689E1,
-5.547518304022E2));
#1323=CARTESIAN_POINT('',(1.022574022396E2,-1.574752641878E1,
-5.550044728057E2));
#1324=CARTESIAN_POINT('',(1.018974420010E2,-1.503631608991E1,
-5.551004489864E2));
#1325=CARTESIAN_POINT('',(1.014740813554E2,-1.426314809605E1,
-5.550566343290E2));
#1326=CARTESIAN_POINT('',(1.011635363906E2,-1.374107559366E1,
-5.549129569824E2));
#1327=CARTESIAN_POINT('',(1.010000000151E2,-1.347844769677E1,
-5.548068484244E2));
#1329=DIRECTION('',(-9.999999999596E-1,-7.569024128866E-6,-4.846691209295E-6));
#1330=VECTOR('',#1329,8.499911822501E0);
#1331=CARTESIAN_POINT('',(1.095E2,-1.628806101361E1,-5.478530110930E2));
#1332=LINE('',#1331,#1330);
#1333=CARTESIAN_POINT('',(9.883493649052E1,-1.140627747691E1,
-5.499251477992E2));
#1334=CARTESIAN_POINT('',(9.883493649052E1,-1.149262007267E1,
-5.497114423756E2));
#1335=CARTESIAN_POINT('',(9.885895033897E1,-1.170172782035E1,
-5.493049142365E2));
#1336=CARTESIAN_POINT('',(9.896963194120E1,-1.213454474899E1,
-5.487454080351E2));
#1337=CARTESIAN_POINT('',(9.915502931351E1,-1.266956710970E1,
-5.482783943181E2));
#1338=CARTESIAN_POINT('',(9.937991142697E1,-1.322474434999E1,
-5.479440591469E2));
#1339=CARTESIAN_POINT('',(9.968627456267E1,-1.390139032801E1,
-5.476858186590E2));
#1340=CARTESIAN_POINT('',(1.000605099547E2,-1.465268227732E1,
-5.475566391377E2));
#1341=CARTESIAN_POINT('',(1.005370457429E2,-1.552427473782E1,
-5.476027125691E2));
#1342=CARTESIAN_POINT('',(1.008432041017E2,-1.603618362256E1,
-5.477512524552E2));
#1343=CARTESIAN_POINT('',(1.010000881778E2,-1.628812534965E1,
-5.478530522895E2));
#1345=DIRECTION('',(-9.999999999985E-1,-6.459475385931E-7,1.594675150738E-6));
#1346=VECTOR('',#1345,8.499999984901E0);
#1347=CARTESIAN_POINT('',(1.095E2,-1.347844220622E1,-5.548068619791E2));
#1348=LINE('',#1347,#1346);
#1349=DIRECTION('',(7.071067811865E-1,-6.556179737374E-1,-2.648869051359E-1));
#1350=VECTOR('',#1349,7.071067732161E-1);
#1351=CARTESIAN_POINT('',(1.095000000146E2,-1.233346137654E1,
-5.502997543200E2));
#1352=LINE('',#1351,#1350);
#1353=CARTESIAN_POINT('',(1.1E2,-1.488321693153E1,-5.513299225245E2));
#1354=DIRECTION('',(1.E0,0.E0,0.E0));
#1355=DIRECTION('',(0.E0,9.271838545668E-1,3.746065934159E-1));
#1356=AXIS2_PLACEMENT_3D('',#1353,#1354,#1355);
#1358=DIRECTION('',(1.E0,-9.218156339853E-9,1.485041901292E-8));
#1359=VECTOR('',#1358,2.999999991049E0);
#1360=CARTESIAN_POINT('',(1.100000000090E2,-1.696938057665E1,
-5.521727874042E2));
#1361=LINE('',#1360,#1359);
#1362=CARTESIAN_POINT('',(1.13E2,-1.488321693153E1,-5.513299225245E2));
#1363=DIRECTION('',(-1.E0,0.E0,0.E0));
#1364=DIRECTION('',(0.E0,-9.271838545658E-1,-3.746065934183E-1));
#1365=AXIS2_PLACEMENT_3D('',#1362,#1363,#1364);
#1367=CARTESIAN_POINT('',(1.1E2,-1.038793781054E1,-5.624561287794E2));
#1368=DIRECTION('',(1.E0,0.E0,0.E0));
#1369=DIRECTION('',(0.E0,-9.271838545797E-1,-3.746065933839E-1));
#1370=AXIS2_PLACEMENT_3D('',#1367,#1368,#1369);
#1372=DIRECTION('',(1.E0,9.217669025959E-9,-1.484916845770E-8));
#1373=VECTOR('',#1372,2.999999991049E0);
#1374=CARTESIAN_POINT('',(1.100000000090E2,-8.301774165418E0,
-5.616132638997E2));
#1375=LINE('',#1374,#1373);
#1376=CARTESIAN_POINT('',(1.13E2,-1.038793781054E1,-5.624561287794E2));
#1377=DIRECTION('',(-1.E0,0.E0,0.E0));
#1378=DIRECTION('',(0.E0,9.271838545657E-1,3.746065934185E-1));
#1379=AXIS2_PLACEMENT_3D('',#1376,#1377,#1378);
#1381=DIRECTION('',(7.071067811865E-1,6.556179737466E-1,2.648869051131E-1));
#1382=VECTOR('',#1381,7.071067732160E-1);
#1383=CARTESIAN_POINT('',(1.095000000146E2,-1.293769336557E1,
-5.634862969838E2));
#1384=LINE('',#1383,#1382);
#1385=CARTESIAN_POINT('',(1.095E2,-1.038793781054E1,-5.624561287794E2));
#1386=DIRECTION('',(1.E0,0.E0,0.E0));
#1387=DIRECTION('',(0.E0,-3.746065934159E-1,9.271838545668E-1));
#1388=AXIS2_PLACEMENT_3D('',#1385,#1386,#1387);
#1390=CARTESIAN_POINT('',(1.095E2,-1.038793781054E1,-5.624561287794E2));
#1391=DIRECTION('',(1.E0,0.E0,0.E0));
#1392=DIRECTION('',(0.E0,3.746065934159E-1,-9.271838545668E-1));
#1393=AXIS2_PLACEMENT_3D('',#1390,#1391,#1392);
#1395=CARTESIAN_POINT('',(1.095E2,-1.038793781054E1,-5.624561287794E2));
#1396=DIRECTION('',(1.E0,0.E0,0.E0));
#1397=DIRECTION('',(0.E0,9.271838545668E-1,3.746065934160E-1));
#1398=AXIS2_PLACEMENT_3D('',#1395,#1396,#1397);
#1400=CARTESIAN_POINT('',(1.095E2,-1.038793781054E1,-5.624561287794E2));
#1401=DIRECTION('',(1.E0,0.E0,0.E0));
#1402=DIRECTION('',(0.E0,-9.271838545797E-1,-3.746065933840E-1));
#1403=AXIS2_PLACEMENT_3D('',#1400,#1401,#1402);
#1405=CARTESIAN_POINT('',(1.031650635095E2,-1.386487726518E1,
-5.638609035047E2));
#1406=CARTESIAN_POINT('',(1.031650635095E2,-1.377762040393E1,
-5.640768718149E2));
#1407=CARTESIAN_POINT('',(1.031406560942E2,-1.356570553925E1,
-5.644885280977E2));
#1408=CARTESIAN_POINT('',(1.030256535476E2,-1.312013203801E1,
-5.650596293716E2));
#1409=CARTESIAN_POINT('',(1.028333153345E2,-1.257012346993E1,
-5.655316432389E2));
#1410=CARTESIAN_POINT('',(1.025917349471E2,-1.197888068586E1,
-5.658780366571E2));
#1411=CARTESIAN_POINT('',(1.022574022396E2,-1.125224729772E1,
-5.661306790606E2));
#1412=CARTESIAN_POINT('',(1.018974420010E2,-1.054103696885E1,
-5.662266552413E2));
#1413=CARTESIAN_POINT('',(1.014740813554E2,-9.767868974985E0,
-5.661828405839E2));
#1414=CARTESIAN_POINT('',(1.011635363906E2,-9.245796472659E0,
-5.660391632372E2));
#1415=CARTESIAN_POINT('',(1.010000000151E2,-8.983168575784E0,
-5.659330546793E2));
#1417=DIRECTION('',(-9.999999999596E-1,-7.569024117581E-6,-4.846687263652E-6));
#1418=VECTOR('',#1417,8.499911822501E0);
#1419=CARTESIAN_POINT('',(1.095E2,-1.179278189260E1,-5.589792173479E2));
#1420=LINE('',#1419,#1418);
#1421=CARTESIAN_POINT('',(9.883493649052E1,-6.910998355942E0,
-5.610513540540E2));
#1422=CARTESIAN_POINT('',(9.883493649052E1,-6.997340951700E0,
-5.608376486304E2));
#1423=CARTESIAN_POINT('',(9.885895033900E1,-7.206448699396E0,
-5.604311204913E2));
#1424=CARTESIAN_POINT('',(9.896963194122E1,-7.639265628025E0,
-5.598716142900E2));
#1425=CARTESIAN_POINT('',(9.915502931354E1,-8.174287988726E0,
-5.594046005730E2));
#1426=CARTESIAN_POINT('',(9.937991142699E1,-8.729465229010E0,
-5.590702654017E2));
#1427=CARTESIAN_POINT('',(9.968627456269E1,-9.406111207021E0,
-5.588120249139E2));
#1428=CARTESIAN_POINT('',(1.000605099547E2,-1.015740315632E1,
-5.586828453926E2));
#1429=CARTESIAN_POINT('',(1.005370457429E2,-1.102899561680E1,
-5.587289188240E2));
#1430=CARTESIAN_POINT('',(1.008432041017E2,-1.154090450154E1,
-5.588774587100E2));
#1431=CARTESIAN_POINT('',(1.010000881778E2,-1.179284622864E1,
-5.589792585443E2));
#1433=DIRECTION('',(-9.999999999985E-1,-6.459474959611E-7,1.594679096341E-6));
#1434=VECTOR('',#1433,8.499999984894E0);
#1435=CARTESIAN_POINT('',(1.095E2,-8.983163085230E0,-5.659330682340E2));
#1436=LINE('',#1435,#1434);
#1437=DIRECTION('',(7.071067811865E-1,-6.556179737375E-1,-2.648869051358E-1));
#1438=VECTOR('',#1437,7.071067732160E-1);
#1439=CARTESIAN_POINT('',(1.095000000146E2,-7.838182255546E0,
-5.614259605749E2));
#1440=LINE('',#1439,#1438);
#1441=CARTESIAN_POINT('',(1.1E2,-1.038793781054E1,-5.624561287794E2));
#1442=DIRECTION('',(1.E0,0.E0,0.E0));
#1443=DIRECTION('',(0.E0,9.271838545668E-1,3.746065934159E-1));
#1444=AXIS2_PLACEMENT_3D('',#1441,#1442,#1443);
#1446=DIRECTION('',(1.E0,-9.215723915214E-9,1.484602312185E-8));
#1447=VECTOR('',#1446,2.999999991049E0);
#1448=CARTESIAN_POINT('',(1.100000000090E2,-1.247410145569E1,
-5.632989936591E2));
#1449=LINE('',#1448,#1447);
#1450=CARTESIAN_POINT('',(1.13E2,-1.038793781054E1,-5.624561287794E2));
#1451=DIRECTION('',(-1.E0,0.E0,0.E0));
#1452=DIRECTION('',(0.E0,-9.271838545731E-1,-3.746065934002E-1));
#1453=AXIS2_PLACEMENT_3D('',#1450,#1451,#1452);
#1455=DIRECTION('',(-1.E0,1.858180276315E-12,6.063298011820E-13));
#1456=VECTOR('',#1455,3.E0);
#1457=CARTESIAN_POINT('',(1.16E2,-5.900748731176E-1,-5.429479710240E2));
#1458=LINE('',#1457,#1456);
#1459=CARTESIAN_POINT('',(1.16E2,-1.329922895114E0,-5.411167829112E2));
#1460=DIRECTION('',(-1.E0,0.E0,0.E0));
#1461=DIRECTION('',(0.E0,3.746065934159E-1,-9.271838545668E-1));
#1462=AXIS2_PLACEMENT_3D('',#1459,#1460,#1461);
#1464=DIRECTION('',(7.071067811864E-1,6.556179909699E-1,2.648868624845E-1));
#1465=VECTOR('',#1464,7.071067811872E-1);
#1466=CARTESIAN_POINT('',(1.16E2,-3.161111007880E0,-5.418566309332E2));
#1467=LINE('',#1466,#1465);
#1468=CARTESIAN_POINT('',(1.16E2,-1.329922895114E0,-5.411167829112E2));
#1469=DIRECTION('',(-1.E0,0.E0,0.E0));
#1470=DIRECTION('',(0.E0,9.271838545668E-1,3.746065934159E-1));
#1471=AXIS2_PLACEMENT_3D('',#1468,#1469,#1470);
#1473=CARTESIAN_POINT('',(1.16E2,-1.329922895114E0,-5.411167829112E2));
#1474=DIRECTION('',(-1.E0,0.E0,0.E0));
#1475=DIRECTION('',(0.E0,-3.746065934104E-1,9.271838545690E-1));
#1476=AXIS2_PLACEMENT_3D('',#1473,#1474,#1475);
#1478=DIRECTION('',(7.071067811864E-1,-6.556179909710E-1,-2.648868624816E-1));
#1479=VECTOR('',#1478,7.071067811872E-1);
#1480=CARTESIAN_POINT('',(1.16E2,5.012652176554E-1,-5.403769348892E2));
#1481=LINE('',#1480,#1479);
#1482=CARTESIAN_POINT('',(1.16E2,-1.329922895114E0,-5.411167829112E2));
#1483=DIRECTION('',(-1.E0,0.E0,0.E0));
#1484=DIRECTION('',(0.E0,-9.271838545668E-1,-3.746065934159E-1));
#1485=AXIS2_PLACEMENT_3D('',#1482,#1483,#1484);
#1487=DIRECTION('',(-1.E0,8.311869711027E-13,3.031649005910E-13));
#1488=VECTOR('',#1487,3.E0);
#1489=CARTESIAN_POINT('',(1.16E2,-2.069770917103E0,-5.392855947984E2));
#1490=LINE('',#1489,#1488);
#1491=CARTESIAN_POINT('',(1.165E2,-1.329922895114E0,-5.411167829112E2));
#1492=DIRECTION('',(-1.E0,0.E0,0.E0));
#1493=DIRECTION('',(0.E0,9.271838545668E-1,3.746065934159E-1));
#1494=AXIS2_PLACEMENT_3D('',#1491,#1492,#1493);
#1496=CARTESIAN_POINT('',(1.165E2,-1.329922895114E0,-5.411167829112E2));
#1497=DIRECTION('',(-1.E0,0.E0,0.E0));
#1498=DIRECTION('',(0.E0,-9.271838545668E-1,-3.746065934159E-1));
#1499=AXIS2_PLACEMENT_3D('',#1496,#1497,#1498);
#1501=DIRECTION('',(-1.E0,-8.428813202954E-13,-2.652692880171E-13));
#1502=VECTOR('',#1501,3.E0);
#1503=CARTESIAN_POINT('',(1.16E2,7.195976958644E0,-5.622191255528E2));
#1504=LINE('',#1503,#1502);
#1505=CARTESIAN_POINT('',(1.16E2,6.456128936648E0,-5.603879374400E2));
#1506=DIRECTION('',(-1.E0,0.E0,0.E0));
#1507=DIRECTION('',(0.E0,3.746065934159E-1,-9.271838545668E-1));
#1508=AXIS2_PLACEMENT_3D('',#1505,#1506,#1507);
#1510=DIRECTION('',(7.071067811864E-1,6.556179909699E-1,2.648868624845E-1));
#1511=VECTOR('',#1510,7.071067811873E-1);
#1512=CARTESIAN_POINT('',(1.16E2,4.624940823882E0,-5.611277854620E2));
#1513=LINE('',#1512,#1511);
#1514=CARTESIAN_POINT('',(1.16E2,6.456128936648E0,-5.603879374400E2));
#1515=DIRECTION('',(-1.E0,0.E0,0.E0));
#1516=DIRECTION('',(0.E0,9.271838545668E-1,3.746065934159E-1));
#1517=AXIS2_PLACEMENT_3D('',#1514,#1515,#1516);
#1519=CARTESIAN_POINT('',(1.16E2,6.456128936648E0,-5.603879374400E2));
#1520=DIRECTION('',(-1.E0,0.E0,0.E0));
#1521=DIRECTION('',(0.E0,-3.746065934108E-1,9.271838545689E-1));
#1522=AXIS2_PLACEMENT_3D('',#1519,#1520,#1521);
#1524=DIRECTION('',(7.071067811864E-1,-6.556179909710E-1,-2.648868624817E-1));
#1525=VECTOR('',#1524,7.071067811873E-1);
#1526=CARTESIAN_POINT('',(1.16E2,8.287317049417E0,-5.596480894180E2));
#1527=LINE('',#1526,#1525);
#1528=CARTESIAN_POINT('',(1.16E2,6.456128936648E0,-5.603879374400E2));
#1529=DIRECTION('',(-1.E0,0.E0,0.E0));
#1530=DIRECTION('',(0.E0,-9.271838545668E-1,-3.746065934159E-1));
#1531=AXIS2_PLACEMENT_3D('',#1528,#1529,#1530);
#1533=DIRECTION('',(-1.E0,7.653137383083E-13,2.652692880171E-13));
#1534=VECTOR('',#1533,3.E0);
#1535=CARTESIAN_POINT('',(1.16E2,5.716280914658E0,-5.585567493272E2));
#1536=LINE('',#1535,#1534);
#1537=CARTESIAN_POINT('',(1.165E2,6.456128936648E0,-5.603879374400E2));
#1538=DIRECTION('',(-1.E0,0.E0,0.E0));
#1539=DIRECTION('',(0.E0,9.271838545668E-1,3.746065934159E-1));
#1540=AXIS2_PLACEMENT_3D('',#1537,#1538,#1539);
#1542=CARTESIAN_POINT('',(1.165E2,6.456128936648E0,-5.603879374400E2));
#1543=DIRECTION('',(-1.E0,0.E0,0.E0));
#1544=DIRECTION('',(0.E0,-9.271838545668E-1,-3.746065934159E-1));
#1545=AXIS2_PLACEMENT_3D('',#1542,#1543,#1544);
#1547=CARTESIAN_POINT('',(1.1E2,8.883216718261E0,-5.546700769476E2));
#1548=DIRECTION('',(1.E0,0.E0,0.E0));
#1549=DIRECTION('',(0.E0,-9.271838545646E-1,-3.746065934214E-1));
#1550=AXIS2_PLACEMENT_3D('',#1547,#1548,#1549);
#1552=DIRECTION('',(1.E0,9.217687973765E-9,-1.484924424893E-8));
#1553=VECTOR('',#1552,2.999999991049E0);
#1554=CARTESIAN_POINT('',(1.100000000090E2,1.096938036338E1,-5.538272120679E2));
#1555=LINE('',#1554,#1553);
#1556=CARTESIAN_POINT('',(1.13E2,8.883216718261E0,-5.546700769476E2));
#1557=DIRECTION('',(-1.E0,0.E0,0.E0));
#1558=DIRECTION('',(0.E0,9.271838545658E-1,3.746065934183E-1));
#1559=AXIS2_PLACEMENT_3D('',#1556,#1557,#1558);
#1561=DIRECTION('',(7.071067811866E-1,6.556179737360E-1,2.648869051392E-1));
#1562=VECTOR('',#1561,7.071067732159E-1);
#1563=CARTESIAN_POINT('',(1.095000000146E2,6.333461163273E0,-5.557002451521E2));
#1564=LINE('',#1563,#1562);
#1565=CARTESIAN_POINT('',(1.095E2,8.883216718261E0,-5.546700769476E2));
#1566=DIRECTION('',(1.E0,0.E0,0.E0));
#1567=DIRECTION('',(0.E0,-3.746065934159E-1,9.271838545668E-1));
#1568=AXIS2_PLACEMENT_3D('',#1565,#1566,#1567);
#1570=CARTESIAN_POINT('',(1.095E2,8.883216718261E0,-5.546700769476E2));
#1571=DIRECTION('',(1.E0,0.E0,0.E0));
#1572=DIRECTION('',(0.E0,3.746065934159E-1,-9.271838545668E-1));
#1573=AXIS2_PLACEMENT_3D('',#1570,#1571,#1572);
#1575=CARTESIAN_POINT('',(1.095E2,8.883216718261E0,-5.546700769476E2));
#1576=DIRECTION('',(1.E0,0.E0,0.E0));
#1577=DIRECTION('',(0.E0,9.271838545667E-1,3.746065934160E-1));
#1578=AXIS2_PLACEMENT_3D('',#1575,#1576,#1577);
#1580=CARTESIAN_POINT('',(1.095E2,8.883216718261E0,-5.546700769476E2));
#1581=DIRECTION('',(1.E0,0.E0,0.E0));
#1582=DIRECTION('',(0.E0,-9.271838545646E-1,-3.746065934213E-1));
#1583=AXIS2_PLACEMENT_3D('',#1580,#1581,#1582);
#1585=DIRECTION('',(-1.E0,0.E0,0.E0));
#1586=VECTOR('',#1585,1.45E1);
#1587=CARTESIAN_POINT('',(1.095E2,7.478441992946E0,-5.511931374930E2));
#1588=LINE('',#1587,#1586);
#1589=DIRECTION('',(-1.E0,0.E0,0.E0));
#1590=VECTOR('',#1589,1.45E1);
#1591=CARTESIAN_POINT('',(1.095E2,1.028799144357E1,-5.581470164022E2));
#1592=LINE('',#1591,#1590);
#1593=DIRECTION('',(7.071067811866E-1,-6.556179737375E-1,-2.648869051356E-1));
#1594=VECTOR('',#1593,7.071067732160E-1);
#1595=CARTESIAN_POINT('',(1.095000000146E2,1.143297227325E1,-5.536399087431E2));
#1596=LINE('',#1595,#1594);
#1597=CARTESIAN_POINT('',(1.1E2,8.883216718261E0,-5.546700769476E2));
#1598=DIRECTION('',(1.E0,0.E0,0.E0));
#1599=DIRECTION('',(0.E0,9.271838545668E-1,3.746065934159E-1));
#1600=AXIS2_PLACEMENT_3D('',#1597,#1598,#1599);
#1602=DIRECTION('',(1.E0,-9.218212887213E-9,1.485057059537E-8));
#1603=VECTOR('',#1602,2.999999991049E0);
#1604=CARTESIAN_POINT('',(1.100000000090E2,6.797053073144E0,-5.555129418273E2));
#1605=LINE('',#1604,#1603);
#1606=CARTESIAN_POINT('',(1.13E2,8.883216718261E0,-5.546700769476E2));
#1607=DIRECTION('',(-1.E0,0.E0,0.E0));
#1608=DIRECTION('',(0.E0,-9.271838545657E-1,-3.746065934186E-1));
#1609=AXIS2_PLACEMENT_3D('',#1606,#1607,#1608);
#1611=CARTESIAN_POINT('',(1.1E2,4.387937597270E0,-5.435438706928E2));
#1612=DIRECTION('',(1.E0,0.E0,0.E0));
#1613=DIRECTION('',(0.E0,-9.271838545646E-1,-3.746065934214E-1));
#1614=AXIS2_PLACEMENT_3D('',#1611,#1612,#1613);
#1616=DIRECTION('',(1.E0,9.217663696888E-9,-1.484913056209E-8));
#1617=VECTOR('',#1616,2.999999991049E0);
#1618=CARTESIAN_POINT('',(1.100000000090E2,6.474101242392E0,-5.427010058131E2));
#1619=LINE('',#1618,#1617);
#1620=CARTESIAN_POINT('',(1.13E2,4.387937597270E0,-5.435438706928E2));
#1621=DIRECTION('',(-1.E0,0.E0,0.E0));
#1622=DIRECTION('',(0.E0,9.271838545657E-1,3.746065934185E-1));
#1623=AXIS2_PLACEMENT_3D('',#1620,#1621,#1622);
#1625=DIRECTION('',(7.071067811865E-1,6.556179737359E-1,2.648869051396E-1));
#1626=VECTOR('',#1625,7.071067732160E-1);
#1627=CARTESIAN_POINT('',(1.095000000146E2,1.838182042282E0,-5.445740388973E2));
#1628=LINE('',#1627,#1626);
#1629=CARTESIAN_POINT('',(1.095E2,4.387937597270E0,-5.435438706928E2));
#1630=DIRECTION('',(1.E0,0.E0,0.E0));
#1631=DIRECTION('',(0.E0,3.746065934159E-1,-9.271838545668E-1));
#1632=AXIS2_PLACEMENT_3D('',#1629,#1630,#1631);
#1634=CARTESIAN_POINT('',(1.095E2,4.387937597270E0,-5.435438706928E2));
#1635=DIRECTION('',(1.E0,0.E0,0.E0));
#1636=DIRECTION('',(0.E0,-3.746065934159E-1,9.271838545668E-1));
#1637=AXIS2_PLACEMENT_3D('',#1634,#1635,#1636);
#1639=CARTESIAN_POINT('',(1.095E2,4.387937597270E0,-5.435438706928E2));
#1640=DIRECTION('',(1.E0,0.E0,0.E0));
#1641=DIRECTION('',(0.E0,9.271838545668E-1,3.746065934159E-1));
#1642=AXIS2_PLACEMENT_3D('',#1639,#1640,#1641);
#1644=CARTESIAN_POINT('',(1.095E2,4.387937597270E0,-5.435438706928E2));
#1645=DIRECTION('',(1.E0,0.E0,0.E0));
#1646=DIRECTION('',(0.E0,-9.271838545646E-1,-3.746065934213E-1));
#1647=AXIS2_PLACEMENT_3D('',#1644,#1645,#1646);
#1649=DIRECTION('',(-1.E0,0.E0,0.E0));
#1650=VECTOR('',#1649,1.45E1);
#1651=CARTESIAN_POINT('',(1.095E2,5.792712322580E0,-5.470208101474E2));
#1652=LINE('',#1651,#1650);
#1653=DIRECTION('',(-1.E0,0.E0,0.E0));
#1654=VECTOR('',#1653,1.45E1);
#1655=CARTESIAN_POINT('',(1.095E2,2.983162871955E0,-5.400669312382E2));
#1656=LINE('',#1655,#1654);
#1657=DIRECTION('',(7.071067811866E-1,-6.556179737374E-1,-2.648869051358E-1));
#1658=VECTOR('',#1657,7.071067732160E-1);
#1659=CARTESIAN_POINT('',(1.095000000146E2,6.937693152264E0,-5.425137024883E2));
#1660=LINE('',#1659,#1658);
#1661=CARTESIAN_POINT('',(1.1E2,4.387937597270E0,-5.435438706928E2));
#1662=DIRECTION('',(1.E0,0.E0,0.E0));
#1663=DIRECTION('',(0.E0,9.271838545668E-1,3.746065934159E-1));
#1664=AXIS2_PLACEMENT_3D('',#1661,#1662,#1663);
#1666=DIRECTION('',(1.E0,-9.218205633755E-9,1.485053269976E-8));
#1667=VECTOR('',#1666,2.999999991049E0);
#1668=CARTESIAN_POINT('',(1.100000000090E2,2.301773952153E0,-5.443867355725E2));
#1669=LINE('',#1668,#1667);
#1670=CARTESIAN_POINT('',(1.13E2,4.387937597270E0,-5.435438706928E2));
#1671=DIRECTION('',(-1.E0,0.E0,0.E0));
#1672=DIRECTION('',(0.E0,-9.271838545657E-1,-3.746065934186E-1));
#1673=AXIS2_PLACEMENT_3D('',#1670,#1671,#1672);
#1675=DIRECTION('',(-1.E0,2.091364118921E-12,6.821210263297E-13));
#1676=VECTOR('',#1675,3.E0);
#1677=CARTESIAN_POINT('',(1.16E2,-1.338635833944E1,-5.593264669699E2));
#1678=LINE('',#1677,#1676);
#1679=CARTESIAN_POINT('',(1.16E2,-1.412620636144E1,-5.574952788571E2));
#1680=DIRECTION('',(-1.E0,0.E0,0.E0));
#1681=DIRECTION('',(0.E0,3.746065934159E-1,-9.271838545668E-1));
#1682=AXIS2_PLACEMENT_3D('',#1679,#1680,#1681);
#1684=DIRECTION('',(7.071067811864E-1,6.556179909792E-1,2.648868624613E-1));
#1685=VECTOR('',#1684,7.071067811872E-1);
#1686=CARTESIAN_POINT('',(1.16E2,-1.595739447423E1,-5.582351268790E2));
#1687=LINE('',#1686,#1685);
#1688=CARTESIAN_POINT('',(1.16E2,-1.412620636144E1,-5.574952788571E2));
#1689=DIRECTION('',(-1.E0,0.E0,0.E0));
#1690=DIRECTION('',(0.E0,9.271838545668E-1,3.746065934160E-1));
#1691=AXIS2_PLACEMENT_3D('',#1688,#1689,#1690);
#1693=CARTESIAN_POINT('',(1.16E2,-1.412620636144E1,-5.574952788571E2));
#1694=DIRECTION('',(-1.E0,0.E0,0.E0));
#1695=DIRECTION('',(0.E0,-3.746065934077E-1,9.271838545701E-1));
#1696=AXIS2_PLACEMENT_3D('',#1693,#1694,#1695);
#1698=DIRECTION('',(7.071067811864E-1,-6.556179909710E-1,-2.648868624817E-1));
#1699=VECTOR('',#1698,7.071067811873E-1);
#1700=CARTESIAN_POINT('',(1.16E2,-1.229501824867E1,-5.567554308351E2));
#1701=LINE('',#1700,#1699);
#1702=CARTESIAN_POINT('',(1.16E2,-1.412620636144E1,-5.574952788571E2));
#1703=DIRECTION('',(-1.E0,0.E0,0.E0));
#1704=DIRECTION('',(0.E0,-9.271838545668E-1,-3.746065934159E-1));
#1705=AXIS2_PLACEMENT_3D('',#1702,#1703,#1704);
#1707=DIRECTION('',(-1.E0,1.233383765490E-12,4.168517383126E-13));
#1708=VECTOR('',#1707,3.E0);
#1709=CARTESIAN_POINT('',(1.16E2,-1.486605438343E1,-5.556640907443E2));
#1710=LINE('',#1709,#1708);
#1711=CARTESIAN_POINT('',(1.165E2,-1.412620636144E1,-5.574952788571E2));
#1712=DIRECTION('',(-1.E0,0.E0,0.E0));
#1713=DIRECTION('',(0.E0,9.271838545668E-1,3.746065934159E-1));
#1714=AXIS2_PLACEMENT_3D('',#1711,#1712,#1713);
#1716=CARTESIAN_POINT('',(1.165E2,-1.412620636144E1,-5.574952788571E2));
#1717=DIRECTION('',(-1.E0,0.E0,0.E0));
#1718=DIRECTION('',(0.E0,-9.271838545668E-1,-3.746065934159E-1));
#1719=AXIS2_PLACEMENT_3D('',#1716,#1717,#1718);
#1721=CARTESIAN_POINT('',(9.45E1,1.832522865503E1,-5.443840483514E2));
#1722=CARTESIAN_POINT('',(9.45E1,3.130580261897E1,-5.391395560436E2));
#1723=VERTEX_POINT('',#1721);
#1724=VERTEX_POINT('',#1722);
#1725=CARTESIAN_POINT('',(9.5E1,1.832522865503E1,-5.443840483514E2));
#1726=VERTEX_POINT('',#1725);
#1727=CARTESIAN_POINT('',(9.5E1,3.130580261897E1,-5.391395560436E2));
#1728=VERTEX_POINT('',#1727);
#1729=CARTESIAN_POINT('',(9.45E1,2.852425105527E1,-5.402633758238E2));
#1730=CARTESIAN_POINT('',(9.45E1,2.110678021873E1,-5.432602285712E2));
#1731=VERTEX_POINT('',#1729);
#1732=VERTEX_POINT('',#1730);
#1733=CARTESIAN_POINT('',(9.5E1,1.425406261858E0,-5.603768570076E2));
#1734=CARTESIAN_POINT('',(9.5E1,4.049533417536E0,-5.668717996323E2));
#1735=VERTEX_POINT('',#1733);
#1736=VERTEX_POINT('',#1734);
#1737=CARTESIAN_POINT('',(9.5E1,6.468240020873E0,-5.728583085485E2));
#1738=VERTEX_POINT('',#1737);
#1739=CARTESIAN_POINT('',(9.5E1,1.859170449684E1,-5.572188019733E2));
#1740=VERTEX_POINT('',#1739);
#1741=CARTESIAN_POINT('',(9.5E1,2.192929438377E1,-5.531739913328E2));
#1742=VERTEX_POINT('',#1741);
#1743=CARTESIAN_POINT('',(9.499999999999E1,2.837427827440E1,-5.505700488159E2));
#1744=VERTEX_POINT('',#1743);
#1745=CARTESIAN_POINT('',(9.5E1,3.362376225539E1,-5.382030395601E2));
#1746=VERTEX_POINT('',#1745);
#1747=CARTESIAN_POINT('',(9.5E1,2.856401779226E1,-5.330326137133E2));
#1748=VERTEX_POINT('',#1747);
#1749=CARTESIAN_POINT('',(9.5E1,-9.992656739415E0,-5.321161593817E2));
#1750=VERTEX_POINT('',#1749);
#1751=CARTESIAN_POINT('',(9.5E1,-7.565151980134E0,-5.381244444980E2));
#1752=VERTEX_POINT('',#1751);
#1753=CARTESIAN_POINT('',(9.5E1,-4.941024824445E0,-5.446193871227E2));
#1754=VERTEX_POINT('',#1753);
#1755=CARTESIAN_POINT('',(9.5E1,2.983162871960E0,-5.400669312382E2));
#1756=CARTESIAN_POINT('',(9.5E1,5.792712322580E0,-5.470208101474E2));
#1757=VERTEX_POINT('',#1755);
#1758=VERTEX_POINT('',#1756);
#1759=CARTESIAN_POINT('',(9.5E1,7.478441992951E0,-5.511931374930E2));
#1760=CARTESIAN_POINT('',(9.5E1,1.028799144357E1,-5.581470164022E2));
#1761=VERTEX_POINT('',#1759);
#1762=VERTEX_POINT('',#1760);
#1763=VERTEX_POINT('',#113);
#1764=CARTESIAN_POINT('',(1.095E2,9.035314373961E-2,-5.606493276087E2));
#1765=VERTEX_POINT('',#1764);
#1766=CARTESIAN_POINT('',(1.095E2,2.900053739665E0,-5.676031454455E2));
#1767=VERTEX_POINT('',#1766);
#1768=CARTESIAN_POINT('',(9.518561652248E1,2.899260861901E0,-5.676029483383E2));
#1769=VERTEX_POINT('',#1768);
#1770=CARTESIAN_POINT('',(9.566987298108E1,-7.235203312949E0,
-5.456147640129E2));
#1771=CARTESIAN_POINT('',(9.566987298107E1,-9.163345225313E-1,
-5.612545130845E2));
#1772=VERTEX_POINT('',#1770);
#1773=VERTEX_POINT('',#1771);
#1774=VERTEX_POINT('',#129);
#1775=VERTEX_POINT('',#138);
#1776=VERTEX_POINT('',#145);
#1777=CARTESIAN_POINT('',(9.566987298108E1,1.755354929042E0,-5.678671765225E2));
#1778=VERTEX_POINT('',#1777);
#1779=VERTEX_POINT('',#677);
#1780=CARTESIAN_POINT('',(9.566987640609E1,-1.249320875669E1,
-5.326007598217E2));
#1781=VERTEX_POINT('',#1780);
#1782=VERTEX_POINT('',#154);
#1783=VERTEX_POINT('',#620);
#1784=CARTESIAN_POINT('',(1.06E2,-2.347477454200E1,-5.531833350059E2));
#1785=VERTEX_POINT('',#1784);
#1786=CARTESIAN_POINT('',(1.06E2,-1.785567564076E1,-5.670910928244E2));
#1787=VERTEX_POINT('',#1786);
#1788=CARTESIAN_POINT('',(1.080384048105E2,-2.112921014874E1,
-5.684136866168E2));
#1789=VERTEX_POINT('',#1788);
#1790=VERTEX_POINT('',#160);
#1791=VERTEX_POINT('',#170);
#1792=VERTEX_POINT('',#1333);
#1793=VERTEX_POINT('',#182);
#1794=VERTEX_POINT('',#184);
#1795=VERTEX_POINT('',#194);
#1796=VERTEX_POINT('',#1421);
#1797=VERTEX_POINT('',#206);
#1798=CARTESIAN_POINT('',(9.55E1,4.644216629559E0,-5.741616620170E2));
#1799=CARTESIAN_POINT('',(9.55E1,1.908242505595E1,-5.573146838426E2));
#1800=VERTEX_POINT('',#1798);
#1801=VERTEX_POINT('',#1799);
#1802=CARTESIAN_POINT('',(1.124E2,-1.896122171346E1,-5.688584172113E2));
#1803=VERTEX_POINT('',#1802);
#1804=CARTESIAN_POINT('',(1.124E2,1.908242505595E1,-5.573146838426E2));
#1805=VERTEX_POINT('',#1804);
#1806=CARTESIAN_POINT('',(1.09E2,1.908242505598E1,-5.573146838425E2));
#1807=VERTEX_POINT('',#1806);
#1808=CARTESIAN_POINT('',(1.09E2,9.921854870339E0,-5.714194368598E2));
#1809=VERTEX_POINT('',#1808);
#1810=VERTEX_POINT('',#909);
#1811=CARTESIAN_POINT('',(9.999999999998E1,8.588837286308E0,-5.722859751555E2));
#1812=VERTEX_POINT('',#1811);
#1813=VERTEX_POINT('',#225);
#1814=CARTESIAN_POINT('',(9.9E1,1.908242505603E1,-5.573146838422E2));
#1815=VERTEX_POINT('',#1814);
#1816=CARTESIAN_POINT('',(1.13E2,-3.E0,-5.379E2));
#1817=CARTESIAN_POINT('',(1.13E2,-3.E0,-5.681E2));
#1818=VERTEX_POINT('',#1816);
#1819=VERTEX_POINT('',#1817);
#1820=CARTESIAN_POINT('',(1.13E2,-2.069770917103E0,-5.392855947984E2));
#1821=CARTESIAN_POINT('',(1.13E2,-1.329922895114E0,-5.430917829112E2));
#1822=VERTEX_POINT('',#1820);
#1823=VERTEX_POINT('',#1821);
#1824=CARTESIAN_POINT('',(1.13E2,-5.900748731013E-1,-5.429479710240E2));
#1825=VERTEX_POINT('',#1824);
#1826=CARTESIAN_POINT('',(1.13E2,-1.329922895114E0,-5.391417829112E2));
#1827=VERTEX_POINT('',#1826);
#1828=CARTESIAN_POINT('',(1.13E2,5.716280914658E0,-5.585567493272E2));
#1829=CARTESIAN_POINT('',(1.13E2,6.456128936648E0,-5.623629374400E2));
#1830=VERTEX_POINT('',#1828);
#1831=VERTEX_POINT('',#1829);
#1832=CARTESIAN_POINT('',(1.13E2,7.195976958637E0,-5.622191255528E2));
#1833=VERTEX_POINT('',#1832);
#1834=CARTESIAN_POINT('',(1.13E2,6.456128936648E0,-5.584129374400E2));
#1835=VERTEX_POINT('',#1834);
#1836=CARTESIAN_POINT('',(1.13E2,-1.486605438343E1,-5.556640907443E2));
#1837=CARTESIAN_POINT('',(1.13E2,-1.412620636144E1,-5.594702788571E2));
#1838=VERTEX_POINT('',#1836);
#1839=VERTEX_POINT('',#1837);
#1840=CARTESIAN_POINT('',(1.13E2,-1.338635833943E1,-5.593264669699E2));
#1841=VERTEX_POINT('',#1840);
#1842=CARTESIAN_POINT('',(1.13E2,-1.412620636144E1,-5.555202788571E2));
#1843=VERTEX_POINT('',#1842);
#1844=CARTESIAN_POINT('',(1.124E2,-3.E0,-5.683485281374E2));
#1845=CARTESIAN_POINT('',(1.124E2,-3.E0,-5.376514718626E2));
#1846=VERTEX_POINT('',#1844);
#1847=VERTEX_POINT('',#1845);
#1848=CARTESIAN_POINT('',(1.124E2,-2.386163683440E1,-5.614286480879E2));
#1849=CARTESIAN_POINT('',(1.124E2,-2.549772451173E1,-5.526800050603E2));
#1850=VERTEX_POINT('',#1848);
#1851=VERTEX_POINT('',#1849);
#1852=CARTESIAN_POINT('',(1.124E2,-1.142864845848E1,-5.321383630083E2));
#1853=VERTEX_POINT('',#1852);
#1854=CARTESIAN_POINT('',(1.124E2,1.786163662112E1,-5.445713513842E2));
#1855=VERTEX_POINT('',#1854);
#1856=VERTEX_POINT('',#470);
#1857=VERTEX_POINT('',#479);
#1858=CARTESIAN_POINT('',(1.124999999975E2,-1.896122174427E1,
-5.688584171803E2));
#1859=VERTEX_POINT('',#1858);
#1860=VERTEX_POINT('',#538);
#1861=CARTESIAN_POINT('',(1.13E2,-2.386163683439E1,-5.614286480880E2));
#1862=VERTEX_POINT('',#1861);
#1863=CARTESIAN_POINT('',(1.13E2,-2.656100575292E1,-5.549695207255E2));
#1864=VERTEX_POINT('',#1863);
#1865=CARTESIAN_POINT('',(1.125E2,-2.674830904980E1,-5.545059287983E2));
#1866=VERTEX_POINT('',#1865);
#1867=CARTESIAN_POINT('',(1.13E2,-2.131651344508E1,-5.679500946894E2));
#1868=VERTEX_POINT('',#1867);
#1869=CARTESIAN_POINT('',(1.13E2,-2.630576702600E1,-5.699658839834E2));
#1870=VERTEX_POINT('',#1869);
#1871=CARTESIAN_POINT('',(1.13E2,-2.812387043258E1,-5.693948507523E2));
#1872=VERTEX_POINT('',#1871);
#1873=CARTESIAN_POINT('',(1.13E2,-3.081551574365E1,-5.642381975385E2));
#1874=VERTEX_POINT('',#1873);
#1875=CARTESIAN_POINT('',(1.13E2,-3.246142046152E1,-5.586590376996E2));
#1876=VERTEX_POINT('',#1875);
#1877=CARTESIAN_POINT('',(1.13E2,-3.155025933356E1,-5.569853100194E2));
#1878=VERTEX_POINT('',#1877);
#1879=CARTESIAN_POINT('',(1.125E2,-2.112921014856E1,-5.684136866168E2));
#1880=VERTEX_POINT('',#1879);
#1881=CARTESIAN_POINT('',(1.06E2,-2.611846372923E1,-5.704294759107E2));
#1882=VERTEX_POINT('',#1881);
#1883=CARTESIAN_POINT('',(1.125E2,-2.611846372940E1,-5.704294759107E2));
#1884=VERTEX_POINT('',#1883);
#1885=CARTESIAN_POINT('',(1.06E2,-3.173756263051E1,-5.565217180922E2));
#1886=VERTEX_POINT('',#1885);
#1887=CARTESIAN_POINT('',(1.06E2,-3.295244413410E1,-5.587533549990E2));
#1888=VERTEX_POINT('',#1887);
#1889=CARTESIAN_POINT('',(1.06E2,-3.127910767092E1,-5.644255008353E2));
#1890=VERTEX_POINT('',#1889);
#1891=CARTESIAN_POINT('',(1.06E2,-2.854260160470E1,-5.696680982693E2));
#1892=VERTEX_POINT('',#1891);
#1893=CARTESIAN_POINT('',(1.125E2,-3.173756263061E1,-5.565217180923E2));
#1894=VERTEX_POINT('',#1893);
#1895=VERTEX_POINT('',#670);
#1896=VERTEX_POINT('',#639);
#1897=VERTEX_POINT('',#650);
#1898=CARTESIAN_POINT('',(1.095E2,-6.090657869968E0,-5.453507948946E2));
#1899=VERTEX_POINT('',#1898);
#1900=CARTESIAN_POINT('',(1.095E2,-8.900053952936E0,-5.383968540267E2));
#1901=VERTEX_POINT('',#1900);
#1902=CARTESIAN_POINT('',(9.55E1,2.876130737917E1,-5.325731827404E2));
#1903=VERTEX_POINT('',#1902);
#1904=CARTESIAN_POINT('',(9.55E1,2.856158157116E1,-5.510336407432E2));
#1905=VERTEX_POINT('',#1904);
#1906=CARTESIAN_POINT('',(9.55E1,3.408735418268E1,-5.380157362634E2));
#1907=VERTEX_POINT('',#1906);
#1908=CARTESIAN_POINT('',(9.55E1,2.211659768055E1,-5.536375832601E2));
#1909=VERTEX_POINT('',#1908);
#1910=CARTESIAN_POINT('',(9.9E1,2.211659768047E1,-5.536375832601E2));
#1911=VERTEX_POINT('',#1910);
#1912=CARTESIAN_POINT('',(9.9E1,2.856158157105E1,-5.510336407432E2));
#1913=VERTEX_POINT('',#1912);
#1914=CARTESIAN_POINT('',(9.9E1,1.603296895099E1,-5.465437342033E2));
#1915=CARTESIAN_POINT('',(9.9E1,1.778278040489E1,-5.346526084911E2));
#1916=VERTEX_POINT('',#1914);
#1917=VERTEX_POINT('',#1915);
#1918=CARTESIAN_POINT('',(9.9E1,1.807351096635E1,-5.292857843219E2));
#1919=VERTEX_POINT('',#1918);
#1920=CARTESIAN_POINT('',(9.9E1,2.876130737939E1,-5.325731827405E2));
#1921=VERTEX_POINT('',#1920);
#1922=CARTESIAN_POINT('',(9.9E1,3.408735418268E1,-5.380157362634E2));
#1923=VERTEX_POINT('',#1922);
#1924=CARTESIAN_POINT('',(9.9E1,1.646978003679E1,-5.512669953724E2));
#1925=VERTEX_POINT('',#1924);
#1926=CARTESIAN_POINT('',(9.9E1,2.852425105527E1,-5.402633758238E2));
#1927=CARTESIAN_POINT('',(9.9E1,2.110678021873E1,-5.432602285712E2));
#1928=VERTEX_POINT('',#1926);
#1929=VERTEX_POINT('',#1927);
#1930=CARTESIAN_POINT('',(1.E2,1.461649323677E1,-5.458824747251E2));
#1931=CARTESIAN_POINT('',(1.E2,1.707950665232E1,-5.339416893474E2));
#1932=VERTEX_POINT('',#1930);
#1933=VERTEX_POINT('',#1931);
#1934=CARTESIAN_POINT('',(1.E2,1.515471428216E1,-5.470219274034E2));
#1935=VERTEX_POINT('',#1934);
#1936=CARTESIAN_POINT('',(1.08E2,1.515471428215E1,-5.470219274034E2));
#1937=VERTEX_POINT('',#1936);
#1938=CARTESIAN_POINT('',(1.08E2,1.461649323677E1,-5.458824747251E2));
#1939=VERTEX_POINT('',#1938);
#1940=CARTESIAN_POINT('',(1.08E2,1.707950665232E1,-5.339416893474E2));
#1941=VERTEX_POINT('',#1940);
#1942=CARTESIAN_POINT('',(1.E2,1.551872352050E1,-5.509579783780E2));
#1943=VERTEX_POINT('',#1942);
#1944=CARTESIAN_POINT('',(1.08E2,1.551872352050E1,-5.509579783780E2));
#1945=VERTEX_POINT('',#1944);
#1946=CARTESIAN_POINT('',(1.09E2,1.646978003681E1,-5.512669953724E2));
#1947=VERTEX_POINT('',#1946);
#1948=CARTESIAN_POINT('',(1.09E2,1.778277968348E1,-5.346526092048E2));
#1949=CARTESIAN_POINT('',(1.09E2,1.603296895121E1,-5.465437342037E2));
#1950=VERTEX_POINT('',#1948);
#1951=VERTEX_POINT('',#1949);
#1952=CARTESIAN_POINT('',(1.09E2,2.211659768026E1,-5.536375832602E2));
#1953=VERTEX_POINT('',#1952);
#1954=CARTESIAN_POINT('',(1.09E2,2.856158157103E1,-5.510336407433E2));
#1955=VERTEX_POINT('',#1954);
#1956=CARTESIAN_POINT('',(1.09E2,3.408735418267E1,-5.380157362633E2));
#1957=CARTESIAN_POINT('',(1.09E2,2.876130737939E1,-5.325731827405E2));
#1958=VERTEX_POINT('',#1956);
#1959=VERTEX_POINT('',#1957);
#1960=CARTESIAN_POINT('',(1.09E2,1.807351096636E1,-5.292857843219E2));
#1961=VERTEX_POINT('',#1960);
#1962=CARTESIAN_POINT('',(1.09E2,2.110678021873E1,-5.432602285712E2));
#1963=CARTESIAN_POINT('',(1.09E2,2.852425105527E1,-5.402633758238E2));
#1964=VERTEX_POINT('',#1962);
#1965=VERTEX_POINT('',#1963);
#1966=VERTEX_POINT('',#1012);
#1967=CARTESIAN_POINT('',(1.124999484273E2,-1.142620271770E1,
-5.321373750803E2));
#1968=VERTEX_POINT('',#1967);
#1969=VERTEX_POINT('',#1038);
#1970=CARTESIAN_POINT('',(1.125E2,2.876130737915E1,-5.325731827404E2));
#1971=VERTEX_POINT('',#1970);
#1972=CARTESIAN_POINT('',(1.13E2,1.938575981194E1,-5.552644539458E2));
#1973=CARTESIAN_POINT('',(1.13E2,1.786163662111E1,-5.445713513842E2));
#1974=VERTEX_POINT('',#1972);
#1975=VERTEX_POINT('',#1973);
#1976=VERTEX_POINT('',#1138);
#1977=VERTEX_POINT('',#1096);
#1978=CARTESIAN_POINT('',(1.13E2,2.856401779226E1,-5.330326137134E2));
#1979=VERTEX_POINT('',#1978);
#1980=CARTESIAN_POINT('',(1.13E2,3.362376225539E1,-5.382030395601E2));
#1981=VERTEX_POINT('',#1980);
#1982=CARTESIAN_POINT('',(1.13E2,2.837427827421E1,-5.505700488160E2));
#1983=VERTEX_POINT('',#1982);
#1984=CARTESIAN_POINT('',(1.13E2,2.192929438379E1,-5.531739913328E2));
#1985=VERTEX_POINT('',#1984);
#1986=CARTESIAN_POINT('',(1.13E2,3.130580261897E1,-5.391395560436E2));
#1987=CARTESIAN_POINT('',(1.13E2,1.832522865503E1,-5.443840483514E2));
#1988=VERTEX_POINT('',#1986);
#1989=VERTEX_POINT('',#1987);
#1990=CARTESIAN_POINT('',(1.125E2,3.408735418268E1,-5.380157362634E2));
#1991=VERTEX_POINT('',#1990);
#1992=CARTESIAN_POINT('',(1.125E2,2.856158157115E1,-5.510336407432E2));
#1993=VERTEX_POINT('',#1992);
#1994=CARTESIAN_POINT('',(1.125E2,2.211659768055E1,-5.536375832601E2));
#1995=VERTEX_POINT('',#1994);
#1996=CARTESIAN_POINT('',(1.135E2,1.832522865503E1,-5.443840483514E2));
#1997=CARTESIAN_POINT('',(1.135E2,3.130580261897E1,-5.391395560436E2));
#1998=VERTEX_POINT('',#1996);
#1999=VERTEX_POINT('',#1997);
#2000=CARTESIAN_POINT('',(1.135E2,2.110678021873E1,-5.432602285712E2));
#2001=CARTESIAN_POINT('',(1.135E2,2.852425105527E1,-5.402633758238E2));
#2002=VERTEX_POINT('',#2000);
#2003=VERTEX_POINT('',#2001);
#2004=CARTESIAN_POINT('',(1.125E2,-3.295244413411E1,-5.587533549990E2));
#2005=VERTEX_POINT('',#2004);
#2006=CARTESIAN_POINT('',(1.125E2,-2.854260160461E1,-5.696680982694E2));
#2007=CARTESIAN_POINT('',(1.125E2,-3.127910767092E1,-5.644255008353E2));
#2008=VERTEX_POINT('',#2006);
#2009=VERTEX_POINT('',#2007);
#2010=CARTESIAN_POINT('',(1.095E2,-1.628799165684E1,-5.478529830699E2));
#2011=CARTESIAN_POINT('',(1.095E2,-1.347844220622E1,-5.548068619791E2));
#2012=VERTEX_POINT('',#2010);
#2013=VERTEX_POINT('',#2011);
#2014=CARTESIAN_POINT('',(1.095E2,-1.179271253585E1,-5.589791893248E2));
#2015=CARTESIAN_POINT('',(1.095E2,-8.983163085230E0,-5.659330682340E2));
#2016=VERTEX_POINT('',#2014);
#2017=VERTEX_POINT('',#2015);
#2018=CARTESIAN_POINT('',(1.16E2,-5.900748731176E-1,-5.429479710240E2));
#2019=CARTESIAN_POINT('',(1.16E2,-3.161111007883E0,-5.418566309332E2));
#2020=VERTEX_POINT('',#2018);
#2021=VERTEX_POINT('',#2019);
#2022=CARTESIAN_POINT('',(1.16E2,-2.069770917103E0,-5.392855947984E2));
#2023=VERTEX_POINT('',#2022);
#2024=CARTESIAN_POINT('',(1.165E2,-2.697519080597E0,-5.416693276365E2));
#2025=VERTEX_POINT('',#2024);
#2026=CARTESIAN_POINT('',(1.165E2,3.767329037161E-2,-5.405642381859E2));
#2027=VERTEX_POINT('',#2026);
#2028=CARTESIAN_POINT('',(1.16E2,5.012652176554E-1,-5.403769348892E2));
#2029=VERTEX_POINT('',#2028);
#2030=CARTESIAN_POINT('',(1.16E2,7.195976958644E0,-5.622191255528E2));
#2031=CARTESIAN_POINT('',(1.16E2,4.624940823879E0,-5.611277854620E2));
#2032=VERTEX_POINT('',#2030);
#2033=VERTEX_POINT('',#2031);
#2034=CARTESIAN_POINT('',(1.16E2,5.716280914658E0,-5.585567493272E2));
#2035=VERTEX_POINT('',#2034);
#2036=CARTESIAN_POINT('',(1.165E2,5.088532751165E0,-5.609404821653E2));
#2037=VERTEX_POINT('',#2036);
#2038=CARTESIAN_POINT('',(1.165E2,7.823725122134E0,-5.598353927147E2));
#2039=VERTEX_POINT('',#2038);
#2040=CARTESIAN_POINT('',(1.16E2,8.287317049417E0,-5.596480894180E2));
#2041=VERTEX_POINT('',#2040);
#2042=CARTESIAN_POINT('',(1.095E2,7.478441992951E0,-5.511931374930E2));
#2043=CARTESIAN_POINT('',(1.095E2,1.028799144357E1,-5.581470164022E2));
#2044=VERTEX_POINT('',#2042);
#2045=VERTEX_POINT('',#2043);
#2046=CARTESIAN_POINT('',(1.095E2,5.792712322580E0,-5.470208101474E2));
#2047=CARTESIAN_POINT('',(1.095E2,2.983162871960E0,-5.400669312382E2));
#2048=VERTEX_POINT('',#2046);
#2049=VERTEX_POINT('',#2047);
#2050=CARTESIAN_POINT('',(1.16E2,-1.338635833944E1,-5.593264669699E2));
#2051=CARTESIAN_POINT('',(1.16E2,-1.595739447421E1,-5.582351268791E2));
#2052=VERTEX_POINT('',#2050);
#2053=VERTEX_POINT('',#2051);
#2054=CARTESIAN_POINT('',(1.16E2,-1.486605438343E1,-5.556640907443E2));
#2055=VERTEX_POINT('',#2054);
#2056=CARTESIAN_POINT('',(1.165E2,-1.549380254694E1,-5.580478235823E2));
#2057=VERTEX_POINT('',#2056);
#2058=CARTESIAN_POINT('',(1.165E2,-1.275861017595E1,-5.569427341318E2));
#2059=VERTEX_POINT('',#2058);
#2060=CARTESIAN_POINT('',(1.16E2,-1.229501824867E1,-5.567554308351E2));
#2061=VERTEX_POINT('',#2060);
#2062=CARTESIAN_POINT('',(1.095E2,4.045034614414E0,-5.630960378590E2));
#2063=CARTESIAN_POINT('',(1.095E2,-1.054476585698E0,-5.651563741228E2));
#2064=VERTEX_POINT('',#2062);
#2065=VERTEX_POINT('',#2063);
#2066=CARTESIAN_POINT('',(1.1E2,3.581442687130E0,-5.632833411557E2));
#2067=CARTESIAN_POINT('',(1.1E2,-5.908846584153E-1,-5.649690708261E2));
#2068=VERTEX_POINT('',#2066);
#2069=VERTEX_POINT('',#2067);
#2070=CARTESIAN_POINT('',(1.095E2,-7.838182210481E0,-5.614259606475E2));
#2071=CARTESIAN_POINT('',(1.095E2,-1.293769341063E1,-5.634862969112E2));
#2072=VERTEX_POINT('',#2070);
#2073=VERTEX_POINT('',#2071);
#2074=CARTESIAN_POINT('',(1.1E2,-8.301774137765E0,-5.616132639442E2));
#2075=CARTESIAN_POINT('',(1.1E2,-1.247410148334E1,-5.632989936145E2));
#2076=VERTEX_POINT('',#2074);
#2077=VERTEX_POINT('',#2075);
#2078=CARTESIAN_POINT('',(1.095E2,-1.233346133147E1,-5.502997543926E2));
#2079=CARTESIAN_POINT('',(1.095E2,-1.743297253158E1,-5.523600906564E2));
#2080=VERTEX_POINT('',#2078);
#2081=VERTEX_POINT('',#2079);
#2082=CARTESIAN_POINT('',(1.1E2,-1.279705325875E1,-5.504870576893E2));
#2083=CARTESIAN_POINT('',(1.1E2,-1.696938060430E1,-5.521727873597E2));
#2084=VERTEX_POINT('',#2082);
#2085=VERTEX_POINT('',#2083);
#2086=CARTESIAN_POINT('',(1.095E2,-4.945523627567E0,-5.408436253494E2));
#2087=CARTESIAN_POINT('',(1.095E2,-1.004503482768E1,-5.429039616132E2));
#2088=VERTEX_POINT('',#2086);
#2089=VERTEX_POINT('',#2087);
#2090=CARTESIAN_POINT('',(1.1E2,-5.409115554851E0,-5.410309286461E2));
#2091=CARTESIAN_POINT('',(1.1E2,-9.581442900396E0,-5.427166583165E2));
#2092=VERTEX_POINT('',#2090);
#2093=VERTEX_POINT('',#2091);
#2094=CARTESIAN_POINT('',(1.095E2,6.937693197329E0,-5.425137025609E2));
#2095=CARTESIAN_POINT('',(1.095E2,1.838181997217E0,-5.445740388247E2));
#2096=VERTEX_POINT('',#2094);
#2097=VERTEX_POINT('',#2095);
#2098=CARTESIAN_POINT('',(1.1E2,6.474101270045E0,-5.427010058576E2));
#2099=CARTESIAN_POINT('',(1.1E2,2.301773924500E0,-5.443867355280E2));
#2100=VERTEX_POINT('',#2098);
#2101=VERTEX_POINT('',#2099);
#2102=CARTESIAN_POINT('',(1.095E2,1.143297231832E1,-5.536399088157E2));
#2103=CARTESIAN_POINT('',(1.095E2,6.333461118208E0,-5.557002450795E2));
#2104=VERTEX_POINT('',#2102);
#2105=VERTEX_POINT('',#2103);
#2106=CARTESIAN_POINT('',(1.1E2,1.096938039104E1,-5.538272121124E2));
#2107=CARTESIAN_POINT('',(1.1E2,6.797053045491E0,-5.555129417828E2));
#2108=VERTEX_POINT('',#2106);
#2109=VERTEX_POINT('',#2107);
#2110=CARTESIAN_POINT('',(1.13E2,-5.908846584164E-1,-5.649690708261E2));
#2111=VERTEX_POINT('',#2110);
#2112=CARTESIAN_POINT('',(1.13E2,3.581442687130E0,-5.632833411557E2));
#2113=VERTEX_POINT('',#2112);
#2114=CARTESIAN_POINT('',(1.13E2,-9.581442900398E0,-5.427166583165E2));
#2115=VERTEX_POINT('',#2114);
#2116=CARTESIAN_POINT('',(1.13E2,-5.409115554851E0,-5.410309286461E2));
#2117=VERTEX_POINT('',#2116);
#2118=CARTESIAN_POINT('',(1.13E2,-1.696938060430E1,-5.521727873597E2));
#2119=VERTEX_POINT('',#2118);
#2120=CARTESIAN_POINT('',(1.13E2,-1.279705325875E1,-5.504870576893E2));
#2121=VERTEX_POINT('',#2120);
#2122=CARTESIAN_POINT('',(1.13E2,-1.247410148334E1,-5.632989936145E2));
#2123=VERTEX_POINT('',#2122);
#2124=CARTESIAN_POINT('',(1.13E2,-8.301774137765E0,-5.616132639442E2));
#2125=VERTEX_POINT('',#2124);
#2126=CARTESIAN_POINT('',(1.13E2,6.797053045490E0,-5.555129417828E2));
#2127=VERTEX_POINT('',#2126);
#2128=CARTESIAN_POINT('',(1.13E2,1.096938039104E1,-5.538272121124E2));
#2129=VERTEX_POINT('',#2128);
#2130=CARTESIAN_POINT('',(1.13E2,2.301773924499E0,-5.443867355280E2));
#2131=VERTEX_POINT('',#2130);
#2132=CARTESIAN_POINT('',(1.13E2,6.474101270045E0,-5.427010058576E2));
#2133=VERTEX_POINT('',#2132);
#2134=CARTESIAN_POINT('',(1.13E2,2.481551563700E1,-5.417618021975E2));
#2135=DIRECTION('',(1.E0,0.E0,0.E0));
#2136=DIRECTION('',(0.E0,-9.271838545668E-1,-3.746065934159E-1));
#2137=AXIS2_PLACEMENT_3D('',#2134,#2135,#2136);
#2138=CYLINDRICAL_SURFACE('',#2137,7.E0);
#2140=ORIENTED_EDGE('',*,*,#2139,.F.);
#2142=ORIENTED_EDGE('',*,*,#2141,.F.);
#2144=ORIENTED_EDGE('',*,*,#2143,.F.);
#2146=ORIENTED_EDGE('',*,*,#2145,.T.);
#2147=EDGE_LOOP('',(#2140,#2142,#2144,#2146));
#2148=FACE_OUTER_BOUND('',#2147,.F.);
#2149=ADVANCED_FACE('',(#2148),#2138,.T.);
#2150=CARTESIAN_POINT('',(9.45E1,-3.E0,-5.53E2));
#2151=DIRECTION('',(-1.E0,0.E0,0.E0));
#2152=DIRECTION('',(0.E0,-3.746065934159E-1,9.271838545668E-1));
#2153=AXIS2_PLACEMENT_3D('',#2150,#2151,#2152);
#2154=PLANE('',#2153);
#2156=ORIENTED_EDGE('',*,*,#2155,.T.);
#2157=ORIENTED_EDGE('',*,*,#2139,.T.);
#2158=EDGE_LOOP('',(#2156,#2157));
#2159=FACE_OUTER_BOUND('',#2158,.F.);
#2161=ORIENTED_EDGE('',*,*,#2160,.T.);
#2163=ORIENTED_EDGE('',*,*,#2162,.T.);
#2164=EDGE_LOOP('',(#2161,#2163));
#2165=FACE_BOUND('',#2164,.F.);
#2166=ADVANCED_FACE('',(#2159,#2165),#2154,.T.);
#2167=CARTESIAN_POINT('',(1.13E2,2.481551563700E1,-5.417618021975E2));
#2168=DIRECTION('',(1.E0,0.E0,0.E0));
#2169=DIRECTION('',(0.E0,-9.271838545668E-1,-3.746065934159E-1));
#2170=AXIS2_PLACEMENT_3D('',#2167,#2168,#2169);
#2171=CYLINDRICAL_SURFACE('',#2170,7.E0);
#2172=ORIENTED_EDGE('',*,*,#2155,.F.);
#2173=ORIENTED_EDGE('',*,*,#2145,.F.);
#2175=ORIENTED_EDGE('',*,*,#2174,.F.);
#2176=ORIENTED_EDGE('',*,*,#2141,.T.);
#2177=EDGE_LOOP('',(#2172,#2173,#2175,#2176));
#2178=FACE_OUTER_BOUND('',#2177,.F.);
#2179=ADVANCED_FACE('',(#2178),#2171,.T.);
#2180=CARTESIAN_POINT('',(9.5E1,-3.E0,-5.53E2));
#2181=DIRECTION('',(-1.E0,0.E0,0.E0));
#2182=DIRECTION('',(0.E0,-3.746065934159E-1,9.271838545668E-1));
#2183=AXIS2_PLACEMENT_3D('',#2180,#2181,#2182);
#2184=PLANE('',#2183);
#2186=ORIENTED_EDGE('',*,*,#2185,.T.);
#2188=ORIENTED_EDGE('',*,*,#2187,.F.);
#2190=ORIENTED_EDGE('',*,*,#2189,.T.);
#2192=ORIENTED_EDGE('',*,*,#2191,.T.);
#2194=ORIENTED_EDGE('',*,*,#2193,.T.);
#2196=ORIENTED_EDGE('',*,*,#2195,.T.);
#2198=ORIENTED_EDGE('',*,*,#2197,.T.);
#2200=ORIENTED_EDGE('',*,*,#2199,.T.);
#2202=ORIENTED_EDGE('',*,*,#2201,.F.);
#2204=ORIENTED_EDGE('',*,*,#2203,.T.);
#2206=ORIENTED_EDGE('',*,*,#2205,.F.);
#2207=EDGE_LOOP('',(#2186,#2188,#2190,#2192,#2194,#2196,#2198,#2200,#2202,#2204,
#2206));
#2208=FACE_OUTER_BOUND('',#2207,.F.);
#2209=ORIENTED_EDGE('',*,*,#2143,.T.);
#2210=ORIENTED_EDGE('',*,*,#2174,.T.);
#2211=EDGE_LOOP('',(#2209,#2210));
#2212=FACE_BOUND('',#2211,.F.);
#2214=ORIENTED_EDGE('',*,*,#2213,.T.);
#2216=ORIENTED_EDGE('',*,*,#2215,.T.);
#2217=EDGE_LOOP('',(#2214,#2216));
#2218=FACE_BOUND('',#2217,.F.);
#2220=ORIENTED_EDGE('',*,*,#2219,.T.);
#2222=ORIENTED_EDGE('',*,*,#2221,.T.);
#2223=EDGE_LOOP('',(#2220,#2222));
#2224=FACE_BOUND('',#2223,.F.);
#2225=ADVANCED_FACE('',(#2208,#2212,#2218,#2224),#2184,.T.);
#2226=CARTESIAN_POINT('',(1.095E2,1.495279014355E0,-5.641262059909E2));
#2227=DIRECTION('',(1.E0,0.E0,0.E0));
#2228=DIRECTION('',(0.E0,3.746065934159E-1,-9.271838545668E-1));
#2229=AXIS2_PLACEMENT_3D('',#2226,#2227,#2228);
#2230=CYLINDRICAL_SURFACE('',#2229,3.75E0);
#2232=ORIENTED_EDGE('',*,*,#2231,.F.);
#2234=ORIENTED_EDGE('',*,*,#2233,.F.);
#2236=ORIENTED_EDGE('',*,*,#2235,.F.);
#2238=ORIENTED_EDGE('',*,*,#2237,.T.);
#2240=ORIENTED_EDGE('',*,*,#2239,.F.);
#2241=ORIENTED_EDGE('',*,*,#2185,.F.);
#2242=EDGE_LOOP('',(#2232,#2234,#2236,#2238,#2240,#2241));
#2243=FACE_OUTER_BOUND('',#2242,.F.);
#2244=ADVANCED_FACE('',(#2243),#2230,.F.);
#2245=CARTESIAN_POINT('',(1.E2,-3.234020842695E1,-4.768040279938E2));
#2246=DIRECTION('',(0.E0,3.746065934159E-1,-9.271838545668E-1));
#2247=DIRECTION('',(-8.660254037844E-1,-4.635919272834E-1,-1.873032967080E-1));
#2248=AXIS2_PLACEMENT_3D('',#2245,#2246,#2247);
#2249=CYLINDRICAL_SURFACE('',#2248,5.E0);
#2251=ORIENTED_EDGE('',*,*,#2250,.T.);
#2253=ORIENTED_EDGE('',*,*,#2252,.T.);
#2254=ORIENTED_EDGE('',*,*,#2231,.T.);
#2255=ORIENTED_EDGE('',*,*,#2205,.T.);
#2257=ORIENTED_EDGE('',*,*,#2256,.T.);
#2259=ORIENTED_EDGE('',*,*,#2258,.T.);
#2260=EDGE_LOOP('',(#2251,#2253,#2254,#2255,#2257,#2259));
#2261=FACE_OUTER_BOUND('',#2260,.F.);
#2262=ADVANCED_FACE('',(#2261),#2249,.T.);
#2263=CARTESIAN_POINT('',(1.094337567297E2,-1.396742141881E1,
-5.925913584943E2));
#2264=DIRECTION('',(8.660254037844E-1,4.635919272834E-1,1.873032967080E-1));
#2265=DIRECTION('',(-5.E-1,8.029647720336E-1,3.244188263233E-1));
#2266=AXIS2_PLACEMENT_3D('',#2263,#2264,#2265);
#2267=PLANE('',#2266);
#2269=ORIENTED_EDGE('',*,*,#2268,.T.);
#2271=ORIENTED_EDGE('',*,*,#2270,.F.);
#2273=ORIENTED_EDGE('',*,*,#2272,.F.);
#2274=ORIENTED_EDGE('',*,*,#2250,.F.);
#2276=ORIENTED_EDGE('',*,*,#2275,.F.);
#2278=ORIENTED_EDGE('',*,*,#2277,.F.);
#2280=ORIENTED_EDGE('',*,*,#2279,.T.);
#2282=ORIENTED_EDGE('',*,*,#2281,.F.);
#2284=ORIENTED_EDGE('',*,*,#2283,.F.);
#2286=ORIENTED_EDGE('',*,*,#2285,.T.);
#2288=ORIENTED_EDGE('',*,*,#2287,.F.);
#2290=ORIENTED_EDGE('',*,*,#2289,.F.);
#2291=EDGE_LOOP('',(#2269,#2271,#2273,#2274,#2276,#2278,#2280,#2282,#2284,#2286,
#2288,#2290));
#2292=FACE_OUTER_BOUND('',#2291,.F.);
#2294=ORIENTED_EDGE('',*,*,#2293,.T.);
#2296=ORIENTED_EDGE('',*,*,#2295,.F.);
#2298=ORIENTED_EDGE('',*,*,#2297,.T.);
#2300=ORIENTED_EDGE('',*,*,#2299,.F.);
#2301=EDGE_LOOP('',(#2294,#2296,#2298,#2300));
#2302=FACE_BOUND('',#2301,.F.);
#2304=ORIENTED_EDGE('',*,*,#2303,.T.);
#2306=ORIENTED_EDGE('',*,*,#2305,.F.);
#2308=ORIENTED_EDGE('',*,*,#2307,.T.);
#2310=ORIENTED_EDGE('',*,*,#2309,.F.);
#2311=EDGE_LOOP('',(#2304,#2306,#2308,#2310));
#2312=FACE_BOUND('',#2311,.F.);
#2313=ADVANCED_FACE('',(#2292,#2302,#2312),#2267,.F.);
#2314=CARTESIAN_POINT('',(1.13E2,-3.000000106634E0,-5.529999997361E2));
#2315=DIRECTION('',(-1.E0,0.E0,0.E0));
#2316=DIRECTION('',(0.E0,-9.271838545668E-1,-3.746065934159E-1));
#2317=AXIS2_PLACEMENT_3D('',#2314,#2315,#2316);
#2318=CYLINDRICAL_SURFACE('',#2317,2.25E1);
#2320=ORIENTED_EDGE('',*,*,#2319,.F.);
#2322=ORIENTED_EDGE('',*,*,#2321,.F.);
#2323=ORIENTED_EDGE('',*,*,#2268,.F.);
#2325=ORIENTED_EDGE('',*,*,#2324,.F.);
#2327=ORIENTED_EDGE('',*,*,#2326,.F.);
#2329=ORIENTED_EDGE('',*,*,#2328,.F.);
#2331=ORIENTED_EDGE('',*,*,#2330,.F.);
#2333=ORIENTED_EDGE('',*,*,#2332,.F.);
#2335=ORIENTED_EDGE('',*,*,#2334,.T.);
#2337=ORIENTED_EDGE('',*,*,#2336,.T.);
#2339=ORIENTED_EDGE('',*,*,#2338,.F.);
#2341=ORIENTED_EDGE('',*,*,#2340,.F.);
#2342=EDGE_LOOP('',(#2320,#2322,#2323,#2325,#2327,#2329,#2331,#2333,#2335,#2337,
#2339,#2341));
#2343=FACE_OUTER_BOUND('',#2342,.F.);
#2344=ADVANCED_FACE('',(#2343),#2318,.T.);
#2345=CARTESIAN_POINT('',(9.525E1,-3.000000106634E0,-5.529999997361E2));
#2346=DIRECTION('',(1.E0,0.E0,0.E0));
#2347=DIRECTION('',(0.E0,9.271838545668E-1,3.746065934159E-1));
#2348=AXIS2_PLACEMENT_3D('',#2345,#2346,#2347);
#2349=CONICAL_SURFACE('',#2348,2.225E1,4.5E1);
#2350=ORIENTED_EDGE('',*,*,#2189,.F.);
#2352=ORIENTED_EDGE('',*,*,#2351,.F.);
#2353=ORIENTED_EDGE('',*,*,#2319,.T.);
#2355=ORIENTED_EDGE('',*,*,#2354,.T.);
#2356=EDGE_LOOP('',(#2350,#2352,#2353,#2355));
#2357=FACE_OUTER_BOUND('',#2356,.F.);
#2358=ADVANCED_FACE('',(#2357),#2349,.T.);
#2359=CARTESIAN_POINT('',(1.E2,-3.234020842695E1,-4.768040279938E2));
#2360=DIRECTION('',(0.E0,3.746065934159E-1,-9.271838545668E-1));
#2361=DIRECTION('',(-8.660254037844E-1,-4.635919272834E-1,-1.873032967080E-1));
#2362=AXIS2_PLACEMENT_3D('',#2359,#2360,#2361);
#2363=CYLINDRICAL_SURFACE('',#2362,5.E0);
#2364=ORIENTED_EDGE('',*,*,#2270,.T.);
#2365=ORIENTED_EDGE('',*,*,#2321,.T.);
#2366=ORIENTED_EDGE('',*,*,#2351,.T.);
#2367=ORIENTED_EDGE('',*,*,#2187,.T.);
#2368=ORIENTED_EDGE('',*,*,#2239,.T.);
#2370=ORIENTED_EDGE('',*,*,#2369,.T.);
#2371=EDGE_LOOP('',(#2364,#2365,#2366,#2367,#2368,#2370));
#2372=FACE_OUTER_BOUND('',#2371,.F.);
#2373=ADVANCED_FACE('',(#2372),#2363,.T.);
#2374=CARTESIAN_POINT('',(1.095E2,1.495279014355E0,-5.641262059909E2));
#2375=DIRECTION('',(1.E0,0.E0,0.E0));
#2376=DIRECTION('',(0.E0,3.746065934159E-1,-9.271838545668E-1));
#2377=AXIS2_PLACEMENT_3D('',#2374,#2375,#2376);
#2378=CYLINDRICAL_SURFACE('',#2377,3.75E0);
#2379=ORIENTED_EDGE('',*,*,#2272,.T.);
#2380=ORIENTED_EDGE('',*,*,#2369,.F.);
#2381=ORIENTED_EDGE('',*,*,#2237,.F.);
#2383=ORIENTED_EDGE('',*,*,#2382,.F.);
#2384=ORIENTED_EDGE('',*,*,#2233,.T.);
#2385=ORIENTED_EDGE('',*,*,#2252,.F.);
#2386=EDGE_LOOP('',(#2379,#2380,#2381,#2383,#2384,#2385));
#2387=FACE_OUTER_BOUND('',#2386,.F.);
#2388=ADVANCED_FACE('',(#2387),#2378,.F.);
#2389=CARTESIAN_POINT('',(1.095E2,-3.E0,-5.53E2));
#2390=DIRECTION('',(1.E0,0.E0,0.E0));
#2391=DIRECTION('',(0.E0,9.271838545668E-1,3.746065934159E-1));
#2392=AXIS2_PLACEMENT_3D('',#2389,#2390,#2391);
#2393=PLANE('',#2392);
#2394=ORIENTED_EDGE('',*,*,#2382,.T.);
#2395=ORIENTED_EDGE('',*,*,#2235,.T.);
#2396=EDGE_LOOP('',(#2394,#2395));
#2397=FACE_OUTER_BOUND('',#2396,.F.);
#2399=ORIENTED_EDGE('',*,*,#2398,.F.);
#2401=ORIENTED_EDGE('',*,*,#2400,.F.);
#2402=EDGE_LOOP('',(#2399,#2401));
#2403=FACE_BOUND('',#2402,.F.);
#2404=ADVANCED_FACE('',(#2397,#2403),#2393,.F.);
#2405=CARTESIAN_POINT('',(1.097500000079E2,1.495279014355E0,-5.641262059909E2));
#2406=DIRECTION('',(-1.E0,0.E0,0.E0));
#2407=DIRECTION('',(0.E0,0.E0,-1.E0));
#2408=AXIS2_PLACEMENT_3D('',#2405,#2406,#2407);
#2409=CONICAL_SURFACE('',#2408,2.499999992064E0,4.5E1);
#2410=ORIENTED_EDGE('',*,*,#2398,.T.);
#2412=ORIENTED_EDGE('',*,*,#2411,.T.);
#2414=ORIENTED_EDGE('',*,*,#2413,.F.);
#2416=ORIENTED_EDGE('',*,*,#2415,.F.);
#2417=EDGE_LOOP('',(#2410,#2412,#2414,#2416));
#2418=FACE_OUTER_BOUND('',#2417,.F.);
#2419=ADVANCED_FACE('',(#2418),#2409,.F.);
#2420=CARTESIAN_POINT('',(1.097500000079E2,1.495279014355E0,-5.641262059909E2));
#2421=DIRECTION('',(-1.E0,0.E0,0.E0));
#2422=DIRECTION('',(0.E0,0.E0,-1.E0));
#2423=AXIS2_PLACEMENT_3D('',#2420,#2421,#2422);
#2424=CONICAL_SURFACE('',#2423,2.499999992064E0,4.5E1);
#2425=ORIENTED_EDGE('',*,*,#2400,.T.);
#2426=ORIENTED_EDGE('',*,*,#2415,.T.);
#2428=ORIENTED_EDGE('',*,*,#2427,.F.);
#2429=ORIENTED_EDGE('',*,*,#2411,.F.);
#2430=EDGE_LOOP('',(#2425,#2426,#2428,#2429));
#2431=FACE_OUTER_BOUND('',#2430,.F.);
#2432=ADVANCED_FACE('',(#2431),#2424,.F.);
#2433=CARTESIAN_POINT('',(1.095E2,1.495279014355E0,-5.641262059909E2));
#2434=DIRECTION('',(-1.E0,0.E0,0.E0));
#2435=DIRECTION('',(0.E0,9.271838545668E-1,3.746065934159E-1));
#2436=AXIS2_PLACEMENT_3D('',#2433,#2434,#2435);
#2437=CYLINDRICAL_SURFACE('',#2436,2.25E0);
#2438=ORIENTED_EDGE('',*,*,#2427,.T.);
#2440=ORIENTED_EDGE('',*,*,#2439,.T.);
#2442=ORIENTED_EDGE('',*,*,#2441,.T.);
#2444=ORIENTED_EDGE('',*,*,#2443,.F.);
#2445=EDGE_LOOP('',(#2438,#2440,#2442,#2444));
#2446=FACE_OUTER_BOUND('',#2445,.F.);
#2447=ADVANCED_FACE('',(#2446),#2437,.F.);
#2448=CARTESIAN_POINT('',(1.095E2,1.495279014355E0,-5.641262059909E2));
#2449=DIRECTION('',(-1.E0,0.E0,0.E0));
#2450=DIRECTION('',(0.E0,9.271838545668E-1,3.746065934159E-1));
#2451=AXIS2_PLACEMENT_3D('',#2448,#2449,#2450);
#2452=CYLINDRICAL_SURFACE('',#2451,2.25E0);
#2453=ORIENTED_EDGE('',*,*,#2413,.T.);
#2454=ORIENTED_EDGE('',*,*,#2443,.T.);
#2456=ORIENTED_EDGE('',*,*,#2455,.T.);
#2457=ORIENTED_EDGE('',*,*,#2439,.F.);
#2458=EDGE_LOOP('',(#2453,#2454,#2456,#2457));
#2459=FACE_OUTER_BOUND('',#2458,.F.);
#2460=ADVANCED_FACE('',(#2459),#2452,.F.);
#2461=CARTESIAN_POINT('',(1.13E2,-3.E0,-5.53E2));
#2462=DIRECTION('',(1.E0,0.E0,0.E0));
#2463=DIRECTION('',(0.E0,9.271838545668E-1,3.746065934159E-1));
#2464=AXIS2_PLACEMENT_3D('',#2461,#2462,#2463);
#2465=PLANE('',#2464);
#2467=ORIENTED_EDGE('',*,*,#2466,.T.);
#2469=ORIENTED_EDGE('',*,*,#2468,.T.);
#2470=EDGE_LOOP('',(#2467,#2469));
#2471=FACE_OUTER_BOUND('',#2470,.F.);
#2473=ORIENTED_EDGE('',*,*,#2472,.F.);
#2475=ORIENTED_EDGE('',*,*,#2474,.F.);
#2476=EDGE_LOOP('',(#2473,#2475));
#2477=FACE_BOUND('',#2476,.F.);
#2479=ORIENTED_EDGE('',*,*,#2478,.F.);
#2481=ORIENTED_EDGE('',*,*,#2480,.F.);
#2482=EDGE_LOOP('',(#2479,#2481));
#2483=FACE_BOUND('',#2482,.F.);
#2485=ORIENTED_EDGE('',*,*,#2484,.T.);
#2487=ORIENTED_EDGE('',*,*,#2486,.T.);
#2489=ORIENTED_EDGE('',*,*,#2488,.T.);
#2491=ORIENTED_EDGE('',*,*,#2490,.T.);
#2492=EDGE_LOOP('',(#2485,#2487,#2489,#2491));
#2493=FACE_BOUND('',#2492,.F.);
#2495=ORIENTED_EDGE('',*,*,#2494,.T.);
#2497=ORIENTED_EDGE('',*,*,#2496,.T.);
#2499=ORIENTED_EDGE('',*,*,#2498,.T.);
#2501=ORIENTED_EDGE('',*,*,#2500,.T.);
#2502=EDGE_LOOP('',(#2495,#2497,#2499,#2501));
#2503=FACE_BOUND('',#2502,.F.);
#2504=ORIENTED_EDGE('',*,*,#2441,.F.);
#2505=ORIENTED_EDGE('',*,*,#2455,.F.);
#2506=EDGE_LOOP('',(#2504,#2505));
#2507=FACE_BOUND('',#2506,.F.);
#2509=ORIENTED_EDGE('',*,*,#2508,.F.);
#2511=ORIENTED_EDGE('',*,*,#2510,.F.);
#2512=EDGE_LOOP('',(#2509,#2511));
#2513=FACE_BOUND('',#2512,.F.);
#2515=ORIENTED_EDGE('',*,*,#2514,.F.);
#2517=ORIENTED_EDGE('',*,*,#2516,.F.);
#2518=EDGE_LOOP('',(#2515,#2517));
#2519=FACE_BOUND('',#2518,.F.);
#2521=ORIENTED_EDGE('',*,*,#2520,.F.);
#2523=ORIENTED_EDGE('',*,*,#2522,.F.);
#2524=EDGE_LOOP('',(#2521,#2523));
#2525=FACE_BOUND('',#2524,.F.);
#2527=ORIENTED_EDGE('',*,*,#2526,.T.);
#2529=ORIENTED_EDGE('',*,*,#2528,.T.);
#2531=ORIENTED_EDGE('',*,*,#2530,.T.);
#2533=ORIENTED_EDGE('',*,*,#2532,.T.);
#2534=EDGE_LOOP('',(#2527,#2529,#2531,#2533));
#2535=FACE_BOUND('',#2534,.F.);
#2536=ADVANCED_FACE('',(#2471,#2477,#2483,#2493,#2503,#2507,#2513,#2519,#2525,
#2535),#2465,.T.);
#2537=CARTESIAN_POINT('',(1.127E2,-3.E0,-5.53E2));
#2538=DIRECTION('',(-1.E0,0.E0,0.E0));
#2539=DIRECTION('',(0.E0,0.E0,1.E0));
#2540=AXIS2_PLACEMENT_3D('',#2537,#2538,#2539);
#2541=CONICAL_SURFACE('',#2540,1.522426406871E1,2.25E1);
#2543=ORIENTED_EDGE('',*,*,#2542,.F.);
#2545=ORIENTED_EDGE('',*,*,#2544,.T.);
#2546=ORIENTED_EDGE('',*,*,#2466,.F.);
#2548=ORIENTED_EDGE('',*,*,#2547,.F.);
#2549=EDGE_LOOP('',(#2543,#2545,#2546,#2548));
#2550=FACE_OUTER_BOUND('',#2549,.F.);
#2551=ADVANCED_FACE('',(#2550),#2541,.T.);
#2552=CARTESIAN_POINT('',(1.124E2,-3.E0,-5.53E2));
#2553=DIRECTION('',(1.E0,0.E0,0.E0));
#2554=DIRECTION('',(0.E0,9.271838545668E-1,3.746065934159E-1));
#2555=AXIS2_PLACEMENT_3D('',#2552,#2553,#2554);
#2556=PLANE('',#2555);
#2558=ORIENTED_EDGE('',*,*,#2557,.T.);
#2560=ORIENTED_EDGE('',*,*,#2559,.T.);
#2562=ORIENTED_EDGE('',*,*,#2561,.T.);
#2564=ORIENTED_EDGE('',*,*,#2563,.T.);
#2565=ORIENTED_EDGE('',*,*,#2326,.T.);
#2567=ORIENTED_EDGE('',*,*,#2566,.T.);
#2568=EDGE_LOOP('',(#2558,#2560,#2562,#2564,#2565,#2567));
#2569=FACE_OUTER_BOUND('',#2568,.F.);
#2571=ORIENTED_EDGE('',*,*,#2570,.T.);
#2572=ORIENTED_EDGE('',*,*,#2542,.T.);
#2573=EDGE_LOOP('',(#2571,#2572));
#2574=FACE_BOUND('',#2573,.F.);
#2575=ADVANCED_FACE('',(#2569,#2574),#2556,.T.);
#2576=CARTESIAN_POINT('',(1.13E2,-3.000000106634E0,-5.529999997361E2));
#2577=DIRECTION('',(-1.E0,0.E0,0.E0));
#2578=DIRECTION('',(0.E0,-9.271838545668E-1,-3.746065934159E-1));
#2579=AXIS2_PLACEMENT_3D('',#2576,#2577,#2578);
#2580=CYLINDRICAL_SURFACE('',#2579,2.25E1);
#2582=ORIENTED_EDGE('',*,*,#2581,.F.);
#2584=ORIENTED_EDGE('',*,*,#2583,.F.);
#2585=ORIENTED_EDGE('',*,*,#2557,.F.);
#2586=ORIENTED_EDGE('',*,*,#2566,.F.);
#2588=ORIENTED_EDGE('',*,*,#2587,.T.);
#2590=ORIENTED_EDGE('',*,*,#2589,.F.);
#2592=ORIENTED_EDGE('',*,*,#2591,.F.);
#2594=ORIENTED_EDGE('',*,*,#2593,.F.);
#2595=EDGE_LOOP('',(#2582,#2584,#2585,#2586,#2588,#2590,#2592,#2594));
#2596=FACE_OUTER_BOUND('',#2595,.F.);
#2597=ADVANCED_FACE('',(#2596),#2580,.F.);
#2598=CARTESIAN_POINT('',(1.1275E2,-2.749752223662E1,-5.526515610891E2));
#2599=DIRECTION('',(1.E0,0.E0,0.E0));
#2600=DIRECTION('',(0.E0,9.271838545668E-1,3.746065934159E-1));
#2601=AXIS2_PLACEMENT_3D('',#2598,#2599,#2600);
#2602=CONICAL_SURFACE('',#2601,2.25E0,4.5E1);
#2603=ORIENTED_EDGE('',*,*,#2581,.T.);
#2605=ORIENTED_EDGE('',*,*,#2604,.F.);
#2607=ORIENTED_EDGE('',*,*,#2606,.T.);
#2609=ORIENTED_EDGE('',*,*,#2608,.T.);
#2610=EDGE_LOOP('',(#2603,#2605,#2607,#2609));
#2611=FACE_OUTER_BOUND('',#2610,.F.);
#2612=ADVANCED_FACE('',(#2611),#2602,.F.);
#2613=CARTESIAN_POINT('',(1.13E2,-3.E0,-5.53E2));
#2614=DIRECTION('',(-1.E0,0.E0,0.E0));
#2615=DIRECTION('',(0.E0,-3.746065934159E-1,9.271838545668E-1));
#2616=AXIS2_PLACEMENT_3D('',#2613,#2614,#2615);
#2617=PLANE('',#2616);
#2618=ORIENTED_EDGE('',*,*,#2604,.T.);
#2619=ORIENTED_EDGE('',*,*,#2593,.T.);
#2620=ORIENTED_EDGE('',*,*,#2591,.T.);
#2622=ORIENTED_EDGE('',*,*,#2621,.T.);
#2624=ORIENTED_EDGE('',*,*,#2623,.T.);
#2626=ORIENTED_EDGE('',*,*,#2625,.T.);
#2628=ORIENTED_EDGE('',*,*,#2627,.T.);
#2630=ORIENTED_EDGE('',*,*,#2629,.T.);
#2632=ORIENTED_EDGE('',*,*,#2631,.T.);
#2634=ORIENTED_EDGE('',*,*,#2633,.T.);
#2635=EDGE_LOOP('',(#2618,#2619,#2620,#2622,#2624,#2626,#2628,#2630,#2632,
#2634));
#2636=FACE_OUTER_BOUND('',#2635,.F.);
#2637=ADVANCED_FACE('',(#2636),#2617,.F.);
#2638=CARTESIAN_POINT('',(1.1275E2,-2.037999696172E1,-5.702680543259E2));
#2639=DIRECTION('',(1.E0,0.E0,0.E0));
#2640=DIRECTION('',(0.E0,9.271838545668E-1,3.746065934159E-1));
#2641=AXIS2_PLACEMENT_3D('',#2638,#2639,#2640);
#2642=CONICAL_SURFACE('',#2641,2.25E0,4.5E1);
#2643=ORIENTED_EDGE('',*,*,#2589,.T.);
#2645=ORIENTED_EDGE('',*,*,#2644,.T.);
#2647=ORIENTED_EDGE('',*,*,#2646,.T.);
#2648=ORIENTED_EDGE('',*,*,#2621,.F.);
#2649=EDGE_LOOP('',(#2643,#2645,#2647,#2648));
#2650=FACE_OUTER_BOUND('',#2649,.F.);
#2651=ADVANCED_FACE('',(#2650),#2642,.F.);
#2652=CARTESIAN_POINT('',(6.582079999269E1,-2.037999696172E1,
-5.702680543259E2));
#2653=DIRECTION('',(1.E0,0.E0,0.E0));
#2654=DIRECTION('',(0.E0,7.093876267383E-1,7.048185546867E-1));
#2655=AXIS2_PLACEMENT_3D('',#2652,#2653,#2654);
#2656=CYLINDRICAL_SURFACE('',#2655,2.E0);
#2657=ORIENTED_EDGE('',*,*,#2587,.F.);
#2658=ORIENTED_EDGE('',*,*,#2324,.T.);
#2659=ORIENTED_EDGE('',*,*,#2289,.T.);
#2661=ORIENTED_EDGE('',*,*,#2660,.T.);
#2662=ORIENTED_EDGE('',*,*,#2644,.F.);
#2663=EDGE_LOOP('',(#2657,#2658,#2659,#2661,#2662));
#2664=FACE_OUTER_BOUND('',#2663,.F.);
#2665=ADVANCED_FACE('',(#2664),#2656,.F.);
#2666=CARTESIAN_POINT('',(1.13E2,-2.760124219417E1,-5.710285572976E2));
#2667=DIRECTION('',(0.E0,3.746065934159E-1,-9.271838545668E-1));
#2668=DIRECTION('',(0.E0,-9.271838545668E-1,-3.746065934159E-1));
#2669=AXIS2_PLACEMENT_3D('',#2666,#2667,#2668);
#2670=PLANE('',#2669);
#2671=ORIENTED_EDGE('',*,*,#2660,.F.);
#2672=ORIENTED_EDGE('',*,*,#2287,.T.);
#2674=ORIENTED_EDGE('',*,*,#2673,.T.);
#2676=ORIENTED_EDGE('',*,*,#2675,.F.);
#2678=ORIENTED_EDGE('',*,*,#2677,.T.);
#2679=EDGE_LOOP('',(#2671,#2672,#2674,#2676,#2678));
#2680=FACE_OUTER_BOUND('',#2679,.F.);
#2681=ADVANCED_FACE('',(#2680),#2670,.T.);
#2682=CARTESIAN_POINT('',(1.06E2,-3.E0,-5.53E2));
#2683=DIRECTION('',(1.E0,0.E0,0.E0));
#2684=DIRECTION('',(0.E0,9.271838545668E-1,3.746065934159E-1));
#2685=AXIS2_PLACEMENT_3D('',#2682,#2683,#2684);
#2686=PLANE('',#2685);
#2688=ORIENTED_EDGE('',*,*,#2687,.F.);
#2690=ORIENTED_EDGE('',*,*,#2689,.T.);
#2692=ORIENTED_EDGE('',*,*,#2691,.T.);
#2694=ORIENTED_EDGE('',*,*,#2693,.T.);
#2696=ORIENTED_EDGE('',*,*,#2695,.T.);
#2697=ORIENTED_EDGE('',*,*,#2673,.F.);
#2698=ORIENTED_EDGE('',*,*,#2285,.F.);
#2699=EDGE_LOOP('',(#2688,#2690,#2692,#2694,#2696,#2697,#2698));
#2700=FACE_OUTER_BOUND('',#2699,.F.);
#2701=ADVANCED_FACE('',(#2700),#2686,.F.);
#2702=CARTESIAN_POINT('',(1.13E2,-2.547808928638E1,-5.539927267013E2));
#2703=DIRECTION('',(0.E0,-3.746065934159E-1,9.271838545668E-1));
#2704=DIRECTION('',(-1.E0,0.E0,0.E0));
#2705=AXIS2_PLACEMENT_3D('',#2702,#2703,#2704);
#2706=PLANE('',#2705);
#2707=ORIENTED_EDGE('',*,*,#2283,.T.);
#2709=ORIENTED_EDGE('',*,*,#2708,.F.);
#2711=ORIENTED_EDGE('',*,*,#2710,.T.);
#2713=ORIENTED_EDGE('',*,*,#2712,.F.);
#2714=ORIENTED_EDGE('',*,*,#2687,.T.);
#2715=EDGE_LOOP('',(#2707,#2709,#2711,#2713,#2714));
#2716=FACE_OUTER_BOUND('',#2715,.F.);
#2717=ADVANCED_FACE('',(#2716),#2706,.T.);
#2718=CARTESIAN_POINT('',(1.451792000129E2,-2.749752223662E1,
-5.526515610891E2));
#2719=DIRECTION('',(-1.E0,0.E0,0.E0));
#2720=DIRECTION('',(0.E0,9.998988624485E-1,-1.422198558953E-2));
#2721=AXIS2_PLACEMENT_3D('',#2718,#2719,#2720);
#2722=CYLINDRICAL_SURFACE('',#2721,2.E0);
#2723=ORIENTED_EDGE('',*,*,#2608,.F.);
#2724=ORIENTED_EDGE('',*,*,#2708,.T.);
#2725=ORIENTED_EDGE('',*,*,#2281,.T.);
#2727=ORIENTED_EDGE('',*,*,#2726,.T.);
#2728=ORIENTED_EDGE('',*,*,#2583,.T.);
#2729=EDGE_LOOP('',(#2723,#2724,#2725,#2727,#2728));
#2730=FACE_OUTER_BOUND('',#2729,.F.);
#2731=ADVANCED_FACE('',(#2730),#2722,.F.);
#2732=CARTESIAN_POINT('',(1.13E2,-3.000000106634E0,-5.529999997361E2));
#2733=DIRECTION('',(-1.E0,0.E0,0.E0));
#2734=DIRECTION('',(0.E0,-9.271838545668E-1,-3.746065934159E-1));
#2735=AXIS2_PLACEMENT_3D('',#2732,#2733,#2734);
#2736=CYLINDRICAL_SURFACE('',#2735,2.25E1);
#2737=ORIENTED_EDGE('',*,*,#2279,.F.);
#2739=ORIENTED_EDGE('',*,*,#2738,.F.);
#2741=ORIENTED_EDGE('',*,*,#2740,.T.);
#2743=ORIENTED_EDGE('',*,*,#2742,.F.);
#2744=ORIENTED_EDGE('',*,*,#2559,.F.);
#2745=ORIENTED_EDGE('',*,*,#2726,.F.);
#2746=EDGE_LOOP('',(#2737,#2739,#2741,#2743,#2744,#2745));
#2747=FACE_OUTER_BOUND('',#2746,.F.);
#2748=ADVANCED_FACE('',(#2747),#2736,.T.);
#2749=CARTESIAN_POINT('',(1.E2,-3.234020842695E1,-4.768040279938E2));
#2750=DIRECTION('',(0.E0,3.746065934159E-1,-9.271838545668E-1));
#2751=DIRECTION('',(-8.660254037844E-1,-4.635919272834E-1,-1.873032967080E-1));
#2752=AXIS2_PLACEMENT_3D('',#2749,#2750,#2751);
#2753=CYLINDRICAL_SURFACE('',#2752,5.E0);
#2754=ORIENTED_EDGE('',*,*,#2277,.T.);
#2756=ORIENTED_EDGE('',*,*,#2755,.T.);
#2758=ORIENTED_EDGE('',*,*,#2757,.T.);
#2759=ORIENTED_EDGE('',*,*,#2201,.T.);
#2761=ORIENTED_EDGE('',*,*,#2760,.T.);
#2762=ORIENTED_EDGE('',*,*,#2738,.T.);
#2763=EDGE_LOOP('',(#2754,#2756,#2758,#2759,#2761,#2762));
#2764=FACE_OUTER_BOUND('',#2763,.F.);
#2765=ADVANCED_FACE('',(#2764),#2753,.T.);
#2766=CARTESIAN_POINT('',(1.095E2,-7.495279227626E0,-5.418737934813E2));
#2767=DIRECTION('',(1.E0,0.E0,0.E0));
#2768=DIRECTION('',(0.E0,3.746065934159E-1,-9.271838545668E-1));
#2769=AXIS2_PLACEMENT_3D('',#2766,#2767,#2768);
#2770=CYLINDRICAL_SURFACE('',#2769,3.75E0);
#2771=ORIENTED_EDGE('',*,*,#2275,.T.);
#2772=ORIENTED_EDGE('',*,*,#2258,.F.);
#2774=ORIENTED_EDGE('',*,*,#2773,.F.);
#2776=ORIENTED_EDGE('',*,*,#2775,.F.);
#2778=ORIENTED_EDGE('',*,*,#2777,.T.);
#2779=ORIENTED_EDGE('',*,*,#2755,.F.);
#2780=EDGE_LOOP('',(#2771,#2772,#2774,#2776,#2778,#2779));
#2781=FACE_OUTER_BOUND('',#2780,.F.);
#2782=ADVANCED_FACE('',(#2781),#2770,.F.);
#2783=CARTESIAN_POINT('',(1.095E2,-7.495279227626E0,-5.418737934813E2));
#2784=DIRECTION('',(1.E0,0.E0,0.E0));
#2785=DIRECTION('',(0.E0,3.746065934159E-1,-9.271838545668E-1));
#2786=AXIS2_PLACEMENT_3D('',#2783,#2784,#2785);
#2787=CYLINDRICAL_SURFACE('',#2786,3.75E0);
#2788=ORIENTED_EDGE('',*,*,#2757,.F.);
#2789=ORIENTED_EDGE('',*,*,#2777,.F.);
#2791=ORIENTED_EDGE('',*,*,#2790,.F.);
#2792=ORIENTED_EDGE('',*,*,#2773,.T.);
#2793=ORIENTED_EDGE('',*,*,#2256,.F.);
#2794=ORIENTED_EDGE('',*,*,#2203,.F.);
#2795=EDGE_LOOP('',(#2788,#2789,#2791,#2792,#2793,#2794));
#2796=FACE_OUTER_BOUND('',#2795,.F.);
#2797=ADVANCED_FACE('',(#2796),#2787,.F.);
#2798=CARTESIAN_POINT('',(1.095E2,-3.E0,-5.53E2));
#2799=DIRECTION('',(1.E0,0.E0,0.E0));
#2800=DIRECTION('',(0.E0,9.271838545668E-1,3.746065934159E-1));
#2801=AXIS2_PLACEMENT_3D('',#2798,#2799,#2800);
#2802=PLANE('',#2801);
#2803=ORIENTED_EDGE('',*,*,#2775,.T.);
#2804=ORIENTED_EDGE('',*,*,#2790,.T.);
#2805=EDGE_LOOP('',(#2803,#2804));
#2806=FACE_OUTER_BOUND('',#2805,.F.);
#2808=ORIENTED_EDGE('',*,*,#2807,.F.);
#2810=ORIENTED_EDGE('',*,*,#2809,.F.);
#2811=EDGE_LOOP('',(#2808,#2810));
#2812=FACE_BOUND('',#2811,.F.);
#2813=ADVANCED_FACE('',(#2806,#2812),#2802,.F.);
#2814=CARTESIAN_POINT('',(1.097500000079E2,-7.495279227626E0,
-5.418737934813E2));
#2815=DIRECTION('',(-1.E0,0.E0,0.E0));
#2816=DIRECTION('',(0.E0,0.E0,-1.E0));
#2817=AXIS2_PLACEMENT_3D('',#2814,#2815,#2816);
#2818=CONICAL_SURFACE('',#2817,2.499999992064E0,4.5E1);
#2819=ORIENTED_EDGE('',*,*,#2807,.T.);
#2821=ORIENTED_EDGE('',*,*,#2820,.T.);
#2823=ORIENTED_EDGE('',*,*,#2822,.F.);
#2825=ORIENTED_EDGE('',*,*,#2824,.F.);
#2826=EDGE_LOOP('',(#2819,#2821,#2823,#2825));
#2827=FACE_OUTER_BOUND('',#2826,.F.);
#2828=ADVANCED_FACE('',(#2827),#2818,.F.);
#2829=CARTESIAN_POINT('',(1.097500000079E2,-7.495279227626E0,
-5.418737934813E2));
#2830=DIRECTION('',(-1.E0,0.E0,0.E0));
#2831=DIRECTION('',(0.E0,0.E0,-1.E0));
#2832=AXIS2_PLACEMENT_3D('',#2829,#2830,#2831);
#2833=CONICAL_SURFACE('',#2832,2.499999992064E0,4.5E1);
#2834=ORIENTED_EDGE('',*,*,#2809,.T.);
#2835=ORIENTED_EDGE('',*,*,#2824,.T.);
#2837=ORIENTED_EDGE('',*,*,#2836,.F.);
#2838=ORIENTED_EDGE('',*,*,#2820,.F.);
#2839=EDGE_LOOP('',(#2834,#2835,#2837,#2838));
#2840=FACE_OUTER_BOUND('',#2839,.F.);
#2841=ADVANCED_FACE('',(#2840),#2833,.F.);
#2842=CARTESIAN_POINT('',(1.095E2,-7.495279227626E0,-5.418737934813E2));
#2843=DIRECTION('',(-1.E0,0.E0,0.E0));
#2844=DIRECTION('',(0.E0,9.271838545668E-1,3.746065934159E-1));
#2845=AXIS2_PLACEMENT_3D('',#2842,#2843,#2844);
#2846=CYLINDRICAL_SURFACE('',#2845,2.25E0);
#2847=ORIENTED_EDGE('',*,*,#2836,.T.);
#2849=ORIENTED_EDGE('',*,*,#2848,.T.);
#2850=ORIENTED_EDGE('',*,*,#2520,.T.);
#2852=ORIENTED_EDGE('',*,*,#2851,.F.);
#2853=EDGE_LOOP('',(#2847,#2849,#2850,#2852));
#2854=FACE_OUTER_BOUND('',#2853,.F.);
#2855=ADVANCED_FACE('',(#2854),#2846,.F.);
#2856=CARTESIAN_POINT('',(1.095E2,-7.495279227626E0,-5.418737934813E2));
#2857=DIRECTION('',(-1.E0,0.E0,0.E0));
#2858=DIRECTION('',(0.E0,9.271838545668E-1,3.746065934159E-1));
#2859=AXIS2_PLACEMENT_3D('',#2856,#2857,#2858);
#2860=CYLINDRICAL_SURFACE('',#2859,2.25E0);
#2861=ORIENTED_EDGE('',*,*,#2822,.T.);
#2862=ORIENTED_EDGE('',*,*,#2851,.T.);
#2863=ORIENTED_EDGE('',*,*,#2522,.T.);
#2864=ORIENTED_EDGE('',*,*,#2848,.F.);
#2865=EDGE_LOOP('',(#2861,#2862,#2863,#2864));
#2866=FACE_OUTER_BOUND('',#2865,.F.);
#2867=ADVANCED_FACE('',(#2866),#2860,.F.);
#2868=CARTESIAN_POINT('',(9.525E1,8.144545793699E0,-5.805837187813E2));
#2869=DIRECTION('',(1.E0,0.E0,0.E0));
#2870=DIRECTION('',(0.E0,9.271838545668E-1,3.746065934159E-1));
#2871=AXIS2_PLACEMENT_3D('',#2868,#2869,#2870);
#2872=CONICAL_SURFACE('',#2871,5.199999932252E1,4.5E1);
#2873=ORIENTED_EDGE('',*,*,#2740,.F.);
#2874=ORIENTED_EDGE('',*,*,#2760,.F.);
#2875=ORIENTED_EDGE('',*,*,#2199,.F.);
#2877=ORIENTED_EDGE('',*,*,#2876,.F.);
#2879=ORIENTED_EDGE('',*,*,#2878,.T.);
#2880=EDGE_LOOP('',(#2873,#2874,#2875,#2877,#2879));
#2881=FACE_OUTER_BOUND('',#2880,.F.);
#2882=ADVANCED_FACE('',(#2881),#2872,.T.);
#2883=CARTESIAN_POINT('',(9.525E1,2.481551563700E1,-5.417618021975E2));
#2884=DIRECTION('',(1.E0,0.E0,0.E0));
#2885=DIRECTION('',(0.E0,9.271838545668E-1,3.746065934159E-1));
#2886=AXIS2_PLACEMENT_3D('',#2883,#2884,#2885);
#2887=CONICAL_SURFACE('',#2886,9.75E0,4.5E1);
#2888=ORIENTED_EDGE('',*,*,#2195,.F.);
#2890=ORIENTED_EDGE('',*,*,#2889,.T.);
#2892=ORIENTED_EDGE('',*,*,#2891,.T.);
#2894=ORIENTED_EDGE('',*,*,#2893,.T.);
#2895=ORIENTED_EDGE('',*,*,#2876,.T.);
#2896=ORIENTED_EDGE('',*,*,#2197,.F.);
#2897=EDGE_LOOP('',(#2888,#2890,#2892,#2894,#2895,#2896));
#2898=FACE_OUTER_BOUND('',#2897,.F.);
#2899=ADVANCED_FACE('',(#2898),#2887,.T.);
#2900=CARTESIAN_POINT('',(9.55E1,7.460659341591E-1,-5.622718385457E2));
#2901=DIRECTION('',(7.071067811865E-1,-2.648868624816E-1,6.556179909709E-1));
#2902=DIRECTION('',(0.E0,9.271838545668E-1,3.746065934159E-1));
#2903=AXIS2_PLACEMENT_3D('',#2900,#2901,#2902);
#2904=PLANE('',#2903);
#2906=ORIENTED_EDGE('',*,*,#2905,.F.);
#2907=ORIENTED_EDGE('',*,*,#2889,.F.);
#2908=ORIENTED_EDGE('',*,*,#2193,.F.);
#2910=ORIENTED_EDGE('',*,*,#2909,.F.);
#2911=EDGE_LOOP('',(#2906,#2907,#2908,#2910));
#2912=FACE_OUTER_BOUND('',#2911,.F.);
#2913=ADVANCED_FACE('',(#2912),#2904,.F.);
#2914=CARTESIAN_POINT('',(1.13E2,7.460659341591E-1,-5.622718385457E2));
#2915=DIRECTION('',(0.E0,3.746065934159E-1,-9.271838545668E-1));
#2916=DIRECTION('',(0.E0,-9.271838545668E-1,-3.746065934159E-1));
#2917=AXIS2_PLACEMENT_3D('',#2914,#2915,#2916);
#2918=PLANE('',#2917);
#2919=ORIENTED_EDGE('',*,*,#2905,.T.);
#2921=ORIENTED_EDGE('',*,*,#2920,.F.);
#2923=ORIENTED_EDGE('',*,*,#2922,.T.);
#2925=ORIENTED_EDGE('',*,*,#2924,.F.);
#2926=EDGE_LOOP('',(#2919,#2921,#2923,#2925));
#2927=FACE_OUTER_BOUND('',#2926,.F.);
#2928=ADVANCED_FACE('',(#2927),#2918,.T.);
#2929=CARTESIAN_POINT('',(1.451792000129E2,2.398963064763E1,-5.582735025329E2));
#2930=DIRECTION('',(-1.E0,0.E0,0.E0));
#2931=DIRECTION('',(0.E0,-9.814411183370E-1,1.917637380671E-1));
#2932=AXIS2_PLACEMENT_3D('',#2929,#2930,#2931);
#2933=CYLINDRICAL_SURFACE('',#2932,5.E0);
#2935=ORIENTED_EDGE('',*,*,#2934,.F.);
#2936=ORIENTED_EDGE('',*,*,#2340,.T.);
#2938=ORIENTED_EDGE('',*,*,#2937,.F.);
#2939=ORIENTED_EDGE('',*,*,#2920,.T.);
#2940=EDGE_LOOP('',(#2935,#2936,#2938,#2939));
#2941=FACE_OUTER_BOUND('',#2940,.F.);
#2942=ADVANCED_FACE('',(#2941),#2933,.F.);
#2943=CARTESIAN_POINT('',(9.525E1,2.398963064763E1,-5.582735025329E2));
#2944=DIRECTION('',(-1.E0,0.E0,0.E0));
#2945=DIRECTION('',(0.E0,-9.271838545668E-1,-3.746065934159E-1));
#2946=AXIS2_PLACEMENT_3D('',#2943,#2944,#2945);
#2947=CONICAL_SURFACE('',#2946,5.25E0,4.5E1);
#2948=ORIENTED_EDGE('',*,*,#2934,.T.);
#2949=ORIENTED_EDGE('',*,*,#2909,.T.);
#2950=ORIENTED_EDGE('',*,*,#2191,.F.);
#2951=ORIENTED_EDGE('',*,*,#2354,.F.);
#2952=EDGE_LOOP('',(#2948,#2949,#2950,#2951));
#2953=FACE_OUTER_BOUND('',#2952,.F.);
#2954=ADVANCED_FACE('',(#2953),#2947,.F.);
#2955=CARTESIAN_POINT('',(9.9E1,-3.E0,-5.53E2));
#2956=DIRECTION('',(1.E0,0.E0,0.E0));
#2957=DIRECTION('',(0.E0,9.271838545668E-1,3.746065934159E-1));
#2958=AXIS2_PLACEMENT_3D('',#2955,#2956,#2957);
#2959=PLANE('',#2958);
#2961=ORIENTED_EDGE('',*,*,#2960,.T.);
#2963=ORIENTED_EDGE('',*,*,#2962,.T.);
#2965=ORIENTED_EDGE('',*,*,#2964,.T.);
#2967=ORIENTED_EDGE('',*,*,#2966,.T.);
#2969=ORIENTED_EDGE('',*,*,#2968,.T.);
#2970=ORIENTED_EDGE('',*,*,#2922,.F.);
#2971=ORIENTED_EDGE('',*,*,#2937,.T.);
#2972=ORIENTED_EDGE('',*,*,#2338,.T.);
#2974=ORIENTED_EDGE('',*,*,#2973,.T.);
#2976=ORIENTED_EDGE('',*,*,#2975,.T.);
#2977=EDGE_LOOP('',(#2961,#2963,#2965,#2967,#2969,#2970,#2971,#2972,#2974,
#2976));
#2978=FACE_OUTER_BOUND('',#2977,.F.);
#2980=ORIENTED_EDGE('',*,*,#2979,.T.);
#2982=ORIENTED_EDGE('',*,*,#2981,.T.);
#2983=EDGE_LOOP('',(#2980,#2982));
#2984=FACE_BOUND('',#2983,.F.);
#2985=ADVANCED_FACE('',(#2978,#2984),#2959,.T.);
#2986=CARTESIAN_POINT('',(1.E2,2.481551563700E1,-5.417618021975E2));
#2987=DIRECTION('',(1.E0,0.E0,0.E0));
#2988=DIRECTION('',(0.E0,-8.699126664667E-1,-4.932057914509E-1));
#2989=AXIS2_PLACEMENT_3D('',#2986,#2987,#2988);
#2990=TOROIDAL_SURFACE('',#2989,1.E1,1.E0);
#2992=ORIENTED_EDGE('',*,*,#2991,.T.);
#2994=ORIENTED_EDGE('',*,*,#2993,.T.);
#2995=ORIENTED_EDGE('',*,*,#2960,.F.);
#2997=ORIENTED_EDGE('',*,*,#2996,.F.);
#2999=ORIENTED_EDGE('',*,*,#2998,.T.);
#3000=EDGE_LOOP('',(#2992,#2994,#2995,#2997,#2999));
#3001=FACE_OUTER_BOUND('',#3000,.F.);
#3002=ADVANCED_FACE('',(#3001),#2990,.F.);
#3003=CARTESIAN_POINT('',(1.09E2,2.481551563700E1,-5.417618021975E2));
#3004=DIRECTION('',(1.E0,0.E0,0.E0));
#3005=DIRECTION('',(0.E0,9.271838545668E-1,3.746065934159E-1));
#3006=AXIS2_PLACEMENT_3D('',#3003,#3004,#3005);
#3007=CYLINDRICAL_SURFACE('',#3006,1.1E1);
#3008=ORIENTED_EDGE('',*,*,#2998,.F.);
#3010=ORIENTED_EDGE('',*,*,#3009,.T.);
#3012=ORIENTED_EDGE('',*,*,#3011,.F.);
#3014=ORIENTED_EDGE('',*,*,#3013,.F.);
#3016=ORIENTED_EDGE('',*,*,#3015,.F.);
#3017=ORIENTED_EDGE('',*,*,#2991,.F.);
#3018=EDGE_LOOP('',(#3008,#3010,#3012,#3014,#3016,#3017));
#3019=FACE_OUTER_BOUND('',#3018,.F.);
#3020=ADVANCED_FACE('',(#3019),#3007,.F.);
#3021=CARTESIAN_POINT('',(1.451792000129E2,1.076344093903E1,-5.494128934061E2));
#3022=DIRECTION('',(-1.E0,0.E0,0.E0));
#3023=DIRECTION('',(0.E0,8.782546686234E-1,4.781932005384E-1));
#3024=AXIS2_PLACEMENT_3D('',#3021,#3022,#3023);
#3025=CYLINDRICAL_SURFACE('',#3024,5.E0);
#3026=ORIENTED_EDGE('',*,*,#3009,.F.);
#3028=ORIENTED_EDGE('',*,*,#3027,.F.);
#3030=ORIENTED_EDGE('',*,*,#3029,.T.);
#3032=ORIENTED_EDGE('',*,*,#3031,.F.);
#3033=EDGE_LOOP('',(#3026,#3028,#3030,#3032));
#3034=FACE_OUTER_BOUND('',#3033,.F.);
#3035=ADVANCED_FACE('',(#3034),#3025,.T.);
#3036=CARTESIAN_POINT('',(1.E2,1.076344093903E1,-5.494128934061E2));
#3037=DIRECTION('',(-1.E0,0.E0,0.E0));
#3038=DIRECTION('',(0.E0,9.387043966994E-1,-3.447231579358E-1));
#3039=AXIS2_PLACEMENT_3D('',#3036,#3037,#3038);
#3040=TOROIDAL_SURFACE('',#3039,6.E0,1.E0);
#3041=ORIENTED_EDGE('',*,*,#3027,.T.);
#3042=ORIENTED_EDGE('',*,*,#2996,.T.);
#3043=ORIENTED_EDGE('',*,*,#2975,.F.);
#3045=ORIENTED_EDGE('',*,*,#3044,.T.);
#3046=EDGE_LOOP('',(#3041,#3042,#3043,#3045));
#3047=FACE_OUTER_BOUND('',#3046,.F.);
#3048=ADVANCED_FACE('',(#3047),#3040,.F.);
#3049=CARTESIAN_POINT('',(1.E2,-1.397967640680E1,-6.449807861848E2));
#3050=DIRECTION('',(0.E0,3.090169943749E-1,9.510565162952E-1));
#3051=DIRECTION('',(-1.E0,0.E0,0.E0));
#3052=AXIS2_PLACEMENT_3D('',#3049,#3050,#3051);
#3053=CYLINDRICAL_SURFACE('',#3052,1.E0);
#3054=ORIENTED_EDGE('',*,*,#2973,.F.);
#3055=ORIENTED_EDGE('',*,*,#2336,.F.);
#3057=ORIENTED_EDGE('',*,*,#3056,.T.);
#3058=ORIENTED_EDGE('',*,*,#3044,.F.);
#3059=EDGE_LOOP('',(#3054,#3055,#3057,#3058));
#3060=FACE_OUTER_BOUND('',#3059,.F.);
#3061=ADVANCED_FACE('',(#3060),#3053,.F.);
#3062=CARTESIAN_POINT('',(1.09E2,3.658326820485E0,-5.874605260460E2));
#3063=DIRECTION('',(0.E0,-9.510565162952E-1,3.090169943749E-1));
#3064=DIRECTION('',(1.E0,0.E0,0.E0));
#3065=AXIS2_PLACEMENT_3D('',#3062,#3063,#3064);
#3066=PLANE('',#3065);
#3067=ORIENTED_EDGE('',*,*,#2334,.F.);
#3069=ORIENTED_EDGE('',*,*,#3068,.F.);
#3070=ORIENTED_EDGE('',*,*,#3029,.F.);
#3071=ORIENTED_EDGE('',*,*,#3056,.F.);
#3072=EDGE_LOOP('',(#3067,#3069,#3070,#3071));
#3073=FACE_OUTER_BOUND('',#3072,.F.);
#3074=ADVANCED_FACE('',(#3073),#3066,.F.);
#3075=CARTESIAN_POINT('',(1.08E2,1.652816043039E1,-5.510873189962E2));
#3076=DIRECTION('',(0.E0,-3.090169943749E-1,-9.510565162952E-1));
#3077=DIRECTION('',(1.E0,0.E0,0.E0));
#3078=AXIS2_PLACEMENT_3D('',#3075,#3076,#3077);
#3079=CYLINDRICAL_SURFACE('',#3078,1.E0);
#3080=ORIENTED_EDGE('',*,*,#3068,.T.);
#3081=ORIENTED_EDGE('',*,*,#2332,.T.);
#3083=ORIENTED_EDGE('',*,*,#3082,.F.);
#3085=ORIENTED_EDGE('',*,*,#3084,.F.);
#3086=EDGE_LOOP('',(#3080,#3081,#3083,#3085));
#3087=FACE_OUTER_BOUND('',#3086,.F.);
#3088=ADVANCED_FACE('',(#3087),#3079,.F.);
#3089=CARTESIAN_POINT('',(1.09E2,-3.E0,-5.53E2));
#3090=DIRECTION('',(1.E0,0.E0,0.E0));
#3091=DIRECTION('',(0.E0,9.271838545668E-1,3.746065934159E-1));
#3092=AXIS2_PLACEMENT_3D('',#3089,#3090,#3091);
#3093=PLANE('',#3092);
#3095=ORIENTED_EDGE('',*,*,#3094,.T.);
#3097=ORIENTED_EDGE('',*,*,#3096,.T.);
#3098=ORIENTED_EDGE('',*,*,#3082,.T.);
#3099=ORIENTED_EDGE('',*,*,#2330,.T.);
#3101=ORIENTED_EDGE('',*,*,#3100,.T.);
#3103=ORIENTED_EDGE('',*,*,#3102,.F.);
#3105=ORIENTED_EDGE('',*,*,#3104,.T.);
#3107=ORIENTED_EDGE('',*,*,#3106,.T.);
#3109=ORIENTED_EDGE('',*,*,#3108,.T.);
#3111=ORIENTED_EDGE('',*,*,#3110,.T.);
#3112=EDGE_LOOP('',(#3095,#3097,#3098,#3099,#3101,#3103,#3105,#3107,#3109,
#3111));
#3113=FACE_OUTER_BOUND('',#3112,.F.);
#3115=ORIENTED_EDGE('',*,*,#3114,.T.);
#3117=ORIENTED_EDGE('',*,*,#3116,.T.);
#3118=EDGE_LOOP('',(#3115,#3117));
#3119=FACE_BOUND('',#3118,.F.);
#3120=ADVANCED_FACE('',(#3113,#3119),#3093,.F.);
#3121=CARTESIAN_POINT('',(1.08E2,2.481551563700E1,-5.417618021975E2));
#3122=DIRECTION('',(1.E0,0.E0,0.E0));
#3123=DIRECTION('',(0.E0,-6.946271924418E-1,7.193699072942E-1));
#3124=AXIS2_PLACEMENT_3D('',#3121,#3122,#3123);
#3125=TOROIDAL_SURFACE('',#3124,1.E1,1.E0);
#3126=ORIENTED_EDGE('',*,*,#3011,.T.);
#3128=ORIENTED_EDGE('',*,*,#3127,.T.);
#3129=ORIENTED_EDGE('',*,*,#3094,.F.);
#3131=ORIENTED_EDGE('',*,*,#3130,.F.);
#3132=ORIENTED_EDGE('',*,*,#3013,.T.);
#3133=EDGE_LOOP('',(#3126,#3128,#3129,#3131,#3132));
#3134=FACE_OUTER_BOUND('',#3133,.F.);
#3135=ADVANCED_FACE('',(#3134),#3125,.F.);
#3136=CARTESIAN_POINT('',(1.08E2,1.076344093903E1,-5.494128934061E2));
#3137=DIRECTION('',(-1.E0,0.E0,0.E0));
#3138=DIRECTION('',(0.E0,8.652263137876E-1,5.013815173393E-1));
#3139=AXIS2_PLACEMENT_3D('',#3136,#3137,#3138);
#3140=TOROIDAL_SURFACE('',#3139,6.E0,1.E0);
#3141=ORIENTED_EDGE('',*,*,#3031,.T.);
#3142=ORIENTED_EDGE('',*,*,#3084,.T.);
#3143=ORIENTED_EDGE('',*,*,#3096,.F.);
#3144=ORIENTED_EDGE('',*,*,#3127,.F.);
#3145=EDGE_LOOP('',(#3141,#3142,#3143,#3144));
#3146=FACE_OUTER_BOUND('',#3145,.F.);
#3147=ADVANCED_FACE('',(#3146),#3140,.F.);
#3148=CARTESIAN_POINT('',(1.08E2,1.496968602063E1,-5.318089312969E2));
#3149=DIRECTION('',(-1.E0,0.E0,0.E0));
#3150=DIRECTION('',(0.E0,6.570978476678E-1,-7.538052922276E-1));
#3151=AXIS2_PLACEMENT_3D('',#3148,#3149,#3150);
#3152=TOROIDAL_SURFACE('',#3151,3.999999993914E0,1.E0);
#3153=ORIENTED_EDGE('',*,*,#3110,.F.);
#3155=ORIENTED_EDGE('',*,*,#3154,.T.);
#3157=ORIENTED_EDGE('',*,*,#3156,.T.);
#3158=ORIENTED_EDGE('',*,*,#3130,.T.);
#3159=EDGE_LOOP('',(#3153,#3155,#3157,#3158));
#3160=FACE_OUTER_BOUND('',#3159,.F.);
#3161=ADVANCED_FACE('',(#3160),#3152,.F.);
#3162=CARTESIAN_POINT('',(1.13E2,8.144545793699E0,-5.805837187813E2));
#3163=DIRECTION('',(-1.E0,0.E0,0.E0));
#3164=DIRECTION('',(0.E0,-9.271838545668E-1,-3.746065934159E-1));
#3165=AXIS2_PLACEMENT_3D('',#3162,#3163,#3164);
#3166=CYLINDRICAL_SURFACE('',#3165,5.224999932252E1);
#3168=ORIENTED_EDGE('',*,*,#3167,.F.);
#3169=ORIENTED_EDGE('',*,*,#2742,.T.);
#3170=ORIENTED_EDGE('',*,*,#2878,.F.);
#3172=ORIENTED_EDGE('',*,*,#3171,.T.);
#3173=ORIENTED_EDGE('',*,*,#2964,.F.);
#3175=ORIENTED_EDGE('',*,*,#3174,.T.);
#3177=ORIENTED_EDGE('',*,*,#3176,.T.);
#3178=ORIENTED_EDGE('',*,*,#3154,.F.);
#3179=ORIENTED_EDGE('',*,*,#3108,.F.);
#3181=ORIENTED_EDGE('',*,*,#3180,.T.);
#3183=ORIENTED_EDGE('',*,*,#3182,.F.);
#3184=EDGE_LOOP('',(#3168,#3169,#3170,#3172,#3173,#3175,#3177,#3178,#3179,#3181,
#3183));
#3185=FACE_OUTER_BOUND('',#3184,.F.);
#3186=ADVANCED_FACE('',(#3185),#3166,.T.);
#3187=CARTESIAN_POINT('',(1.13E2,-3.000000106634E0,-5.529999997361E2));
#3188=DIRECTION('',(-1.E0,0.E0,0.E0));
#3189=DIRECTION('',(0.E0,-9.271838545668E-1,-3.746065934159E-1));
#3190=AXIS2_PLACEMENT_3D('',#3187,#3188,#3189);
#3191=CYLINDRICAL_SURFACE('',#3190,2.25E1);
#3193=ORIENTED_EDGE('',*,*,#3192,.F.);
#3195=ORIENTED_EDGE('',*,*,#3194,.F.);
#3197=ORIENTED_EDGE('',*,*,#3196,.F.);
#3198=ORIENTED_EDGE('',*,*,#2563,.F.);
#3199=ORIENTED_EDGE('',*,*,#2561,.F.);
#3200=ORIENTED_EDGE('',*,*,#3167,.T.);
#3202=ORIENTED_EDGE('',*,*,#3201,.F.);
#3204=ORIENTED_EDGE('',*,*,#3203,.F.);
#3205=EDGE_LOOP('',(#3193,#3195,#3197,#3198,#3199,#3200,#3202,#3204));
#3206=FACE_OUTER_BOUND('',#3205,.F.);
#3207=ADVANCED_FACE('',(#3206),#3191,.F.);
#3208=CARTESIAN_POINT('',(1.13E2,-3.E0,-5.53E2));
#3209=DIRECTION('',(-1.E0,0.E0,0.E0));
#3210=DIRECTION('',(0.E0,-3.746065934159E-1,9.271838545668E-1));
#3211=AXIS2_PLACEMENT_3D('',#3208,#3209,#3210);
#3212=PLANE('',#3211);
#3213=ORIENTED_EDGE('',*,*,#3203,.T.);
#3215=ORIENTED_EDGE('',*,*,#3214,.T.);
#3217=ORIENTED_EDGE('',*,*,#3216,.T.);
#3219=ORIENTED_EDGE('',*,*,#3218,.T.);
#3221=ORIENTED_EDGE('',*,*,#3220,.T.);
#3223=ORIENTED_EDGE('',*,*,#3222,.T.);
#3224=ORIENTED_EDGE('',*,*,#3192,.T.);
#3225=EDGE_LOOP('',(#3213,#3215,#3217,#3219,#3221,#3223,#3224));
#3226=FACE_OUTER_BOUND('',#3225,.F.);
#3228=ORIENTED_EDGE('',*,*,#3227,.T.);
#3230=ORIENTED_EDGE('',*,*,#3229,.T.);
#3231=EDGE_LOOP('',(#3228,#3230));
#3232=FACE_BOUND('',#3231,.F.);
#3233=ADVANCED_FACE('',(#3226,#3232),#3212,.F.);
#3234=CARTESIAN_POINT('',(1.1275E2,8.144545793699E0,-5.805837187813E2));
#3235=DIRECTION('',(-1.E0,0.E0,0.E0));
#3236=DIRECTION('',(0.E0,-9.271838545668E-1,-3.746065934159E-1));
#3237=AXIS2_PLACEMENT_3D('',#3234,#3235,#3236);
#3238=CONICAL_SURFACE('',#3237,5.199999932252E1,4.5E1);
#3239=ORIENTED_EDGE('',*,*,#3201,.T.);
#3240=ORIENTED_EDGE('',*,*,#3182,.T.);
#3242=ORIENTED_EDGE('',*,*,#3241,.F.);
#3243=ORIENTED_EDGE('',*,*,#3214,.F.);
#3244=EDGE_LOOP('',(#3239,#3240,#3242,#3243));
#3245=FACE_OUTER_BOUND('',#3244,.F.);
#3246=ADVANCED_FACE('',(#3245),#3238,.T.);
#3247=CARTESIAN_POINT('',(1.1275E2,2.481551563700E1,-5.417618021975E2));
#3248=DIRECTION('',(-1.E0,0.E0,0.E0));
#3249=DIRECTION('',(0.E0,-9.271838545668E-1,-3.746065934159E-1));
#3250=AXIS2_PLACEMENT_3D('',#3247,#3248,#3249);
#3251=CONICAL_SURFACE('',#3250,9.75E0,4.5E1);
#3252=ORIENTED_EDGE('',*,*,#3241,.T.);
#3254=ORIENTED_EDGE('',*,*,#3253,.T.);
#3256=ORIENTED_EDGE('',*,*,#3255,.T.);
#3258=ORIENTED_EDGE('',*,*,#3257,.T.);
#3259=ORIENTED_EDGE('',*,*,#3218,.F.);
#3260=ORIENTED_EDGE('',*,*,#3216,.F.);
#3261=EDGE_LOOP('',(#3252,#3254,#3256,#3258,#3259,#3260));
#3262=FACE_OUTER_BOUND('',#3261,.F.);
#3263=ADVANCED_FACE('',(#3262),#3251,.T.);
#3264=CARTESIAN_POINT('',(9.5E1,2.481551563700E1,-5.417618021975E2));
#3265=DIRECTION('',(-1.E0,0.E0,0.E0));
#3266=DIRECTION('',(0.E0,-9.271838545668E-1,-3.746065934159E-1));
#3267=AXIS2_PLACEMENT_3D('',#3264,#3265,#3266);
#3268=CYLINDRICAL_SURFACE('',#3267,1.E1);
#3269=ORIENTED_EDGE('',*,*,#3253,.F.);
#3270=ORIENTED_EDGE('',*,*,#3180,.F.);
#3271=ORIENTED_EDGE('',*,*,#3106,.F.);
#3272=ORIENTED_EDGE('',*,*,#3104,.F.);
#3274=ORIENTED_EDGE('',*,*,#3273,.T.);
#3275=ORIENTED_EDGE('',*,*,#3255,.F.);
#3276=EDGE_LOOP('',(#3269,#3270,#3271,#3272,#3274,#3275));
#3277=FACE_OUTER_BOUND('',#3276,.F.);
#3278=ADVANCED_FACE('',(#3277),#3268,.T.);
#3279=CARTESIAN_POINT('',(1.13E2,7.460659341591E-1,-5.622718385457E2));
#3280=DIRECTION('',(0.E0,3.746065934159E-1,-9.271838545668E-1));
#3281=DIRECTION('',(0.E0,-9.271838545668E-1,-3.746065934159E-1));
#3282=AXIS2_PLACEMENT_3D('',#3279,#3280,#3281);
#3283=PLANE('',#3282);
#3285=ORIENTED_EDGE('',*,*,#3284,.T.);
#3286=ORIENTED_EDGE('',*,*,#3273,.F.);
#3287=ORIENTED_EDGE('',*,*,#3102,.T.);
#3289=ORIENTED_EDGE('',*,*,#3288,.F.);
#3290=EDGE_LOOP('',(#3285,#3286,#3287,#3289));
#3291=FACE_OUTER_BOUND('',#3290,.F.);
#3292=ADVANCED_FACE('',(#3291),#3283,.T.);
#3293=CARTESIAN_POINT('',(1.13E2,5.587626374512E-1,-5.618082466184E2));
#3294=DIRECTION('',(7.071067811865E-1,2.648868624816E-1,-6.556179909709E-1));
#3295=DIRECTION('',(0.E0,-9.271838545668E-1,-3.746065934159E-1));
#3296=AXIS2_PLACEMENT_3D('',#3293,#3294,#3295);
#3297=PLANE('',#3296);
#3298=ORIENTED_EDGE('',*,*,#3220,.F.);
#3299=ORIENTED_EDGE('',*,*,#3257,.F.);
#3300=ORIENTED_EDGE('',*,*,#3284,.F.);
#3302=ORIENTED_EDGE('',*,*,#3301,.F.);
#3303=EDGE_LOOP('',(#3298,#3299,#3300,#3302));
#3304=FACE_OUTER_BOUND('',#3303,.F.);
#3305=ADVANCED_FACE('',(#3304),#3297,.T.);
#3306=CARTESIAN_POINT('',(1.1275E2,2.398963064763E1,-5.582735025329E2));
#3307=DIRECTION('',(1.E0,0.E0,0.E0));
#3308=DIRECTION('',(0.E0,9.271838545668E-1,3.746065934159E-1));
#3309=AXIS2_PLACEMENT_3D('',#3306,#3307,#3308);
#3310=CONICAL_SURFACE('',#3309,5.25E0,4.5E1);
#3311=ORIENTED_EDGE('',*,*,#3194,.T.);
#3312=ORIENTED_EDGE('',*,*,#3222,.F.);
#3313=ORIENTED_EDGE('',*,*,#3301,.T.);
#3315=ORIENTED_EDGE('',*,*,#3314,.T.);
#3316=EDGE_LOOP('',(#3311,#3312,#3313,#3315));
#3317=FACE_OUTER_BOUND('',#3316,.F.);
#3318=ADVANCED_FACE('',(#3317),#3310,.F.);
#3319=CARTESIAN_POINT('',(1.451792000129E2,2.398963064763E1,-5.582735025329E2));
#3320=DIRECTION('',(-1.E0,0.E0,0.E0));
#3321=DIRECTION('',(0.E0,-9.814411183370E-1,1.917637380671E-1));
#3322=AXIS2_PLACEMENT_3D('',#3319,#3320,#3321);
#3323=CYLINDRICAL_SURFACE('',#3322,5.E0);
#3324=ORIENTED_EDGE('',*,*,#3314,.F.);
#3325=ORIENTED_EDGE('',*,*,#3288,.T.);
#3326=ORIENTED_EDGE('',*,*,#3100,.F.);
#3327=ORIENTED_EDGE('',*,*,#2328,.T.);
#3328=ORIENTED_EDGE('',*,*,#3196,.T.);
#3329=EDGE_LOOP('',(#3324,#3325,#3326,#3327,#3328));
#3330=FACE_OUTER_BOUND('',#3329,.F.);
#3331=ADVANCED_FACE('',(#3330),#3323,.F.);
#3332=CARTESIAN_POINT('',(1.13E2,2.481551563700E1,-5.417618021975E2));
#3333=DIRECTION('',(1.E0,0.E0,0.E0));
#3334=DIRECTION('',(0.E0,-9.271838545668E-1,-3.746065934159E-1));
#3335=AXIS2_PLACEMENT_3D('',#3332,#3333,#3334);
#3336=CYLINDRICAL_SURFACE('',#3335,7.E0);
#3338=ORIENTED_EDGE('',*,*,#3337,.F.);
#3340=ORIENTED_EDGE('',*,*,#3339,.T.);
#3341=ORIENTED_EDGE('',*,*,#3227,.F.);
#3343=ORIENTED_EDGE('',*,*,#3342,.F.);
#3344=EDGE_LOOP('',(#3338,#3340,#3341,#3343));
#3345=FACE_OUTER_BOUND('',#3344,.F.);
#3346=ADVANCED_FACE('',(#3345),#3336,.T.);
#3347=CARTESIAN_POINT('',(1.135E2,-3.E0,-5.53E2));
#3348=DIRECTION('',(1.E0,0.E0,0.E0));
#3349=DIRECTION('',(0.E0,9.271838545668E-1,3.746065934159E-1));
#3350=AXIS2_PLACEMENT_3D('',#3347,#3348,#3349);
#3351=PLANE('',#3350);
#3353=ORIENTED_EDGE('',*,*,#3352,.T.);
#3354=ORIENTED_EDGE('',*,*,#3337,.T.);
#3355=EDGE_LOOP('',(#3353,#3354));
#3356=FACE_OUTER_BOUND('',#3355,.F.);
#3358=ORIENTED_EDGE('',*,*,#3357,.T.);
#3360=ORIENTED_EDGE('',*,*,#3359,.T.);
#3361=EDGE_LOOP('',(#3358,#3360));
#3362=FACE_BOUND('',#3361,.F.);
#3363=ADVANCED_FACE('',(#3356,#3362),#3351,.T.);
#3364=CARTESIAN_POINT('',(1.13E2,2.481551563700E1,-5.417618021975E2));
#3365=DIRECTION('',(1.E0,0.E0,0.E0));
#3366=DIRECTION('',(0.E0,-9.271838545668E-1,-3.746065934159E-1));
#3367=AXIS2_PLACEMENT_3D('',#3364,#3365,#3366);
#3368=CYLINDRICAL_SURFACE('',#3367,7.E0);
#3369=ORIENTED_EDGE('',*,*,#3352,.F.);
#3370=ORIENTED_EDGE('',*,*,#3342,.T.);
#3371=ORIENTED_EDGE('',*,*,#3229,.F.);
#3372=ORIENTED_EDGE('',*,*,#3339,.F.);
#3373=EDGE_LOOP('',(#3369,#3370,#3371,#3372));
#3374=FACE_OUTER_BOUND('',#3373,.F.);
#3375=ADVANCED_FACE('',(#3374),#3368,.T.);
#3376=CARTESIAN_POINT('',(1.45E2,2.481551563700E1,-5.417618021975E2));
#3377=DIRECTION('',(-1.E0,0.E0,0.E0));
#3378=DIRECTION('',(0.E0,-9.271838545668E-1,-3.746065934159E-1));
#3379=AXIS2_PLACEMENT_3D('',#3376,#3377,#3378);
#3380=CYLINDRICAL_SURFACE('',#3379,4.E0);
#3381=ORIENTED_EDGE('',*,*,#3116,.F.);
#3383=ORIENTED_EDGE('',*,*,#3382,.T.);
#3384=ORIENTED_EDGE('',*,*,#3357,.F.);
#3386=ORIENTED_EDGE('',*,*,#3385,.F.);
#3387=EDGE_LOOP('',(#3381,#3383,#3384,#3386));
#3388=FACE_OUTER_BOUND('',#3387,.F.);
#3389=ADVANCED_FACE('',(#3388),#3380,.F.);
#3390=CARTESIAN_POINT('',(1.45E2,2.481551563700E1,-5.417618021975E2));
#3391=DIRECTION('',(-1.E0,0.E0,0.E0));
#3392=DIRECTION('',(0.E0,-9.271838545668E-1,-3.746065934159E-1));
#3393=AXIS2_PLACEMENT_3D('',#3390,#3391,#3392);
#3394=CYLINDRICAL_SURFACE('',#3393,4.E0);
#3395=ORIENTED_EDGE('',*,*,#3114,.F.);
#3396=ORIENTED_EDGE('',*,*,#3385,.T.);
#3397=ORIENTED_EDGE('',*,*,#3359,.F.);
#3398=ORIENTED_EDGE('',*,*,#3382,.F.);
#3399=EDGE_LOOP('',(#3395,#3396,#3397,#3398));
#3400=FACE_OUTER_BOUND('',#3399,.F.);
#3401=ADVANCED_FACE('',(#3400),#3394,.F.);
#3402=CARTESIAN_POINT('',(9.5E1,2.481551563700E1,-5.417618021975E2));
#3403=DIRECTION('',(-1.E0,0.E0,0.E0));
#3404=DIRECTION('',(0.E0,-9.271838545668E-1,-3.746065934159E-1));
#3405=AXIS2_PLACEMENT_3D('',#3402,#3403,#3404);
#3406=CYLINDRICAL_SURFACE('',#3405,1.E1);
#3407=ORIENTED_EDGE('',*,*,#2924,.T.);
#3408=ORIENTED_EDGE('',*,*,#2968,.F.);
#3409=ORIENTED_EDGE('',*,*,#2966,.F.);
#3410=ORIENTED_EDGE('',*,*,#3171,.F.);
#3411=ORIENTED_EDGE('',*,*,#2893,.F.);
#3412=ORIENTED_EDGE('',*,*,#2891,.F.);
#3413=EDGE_LOOP('',(#3407,#3408,#3409,#3410,#3411,#3412));
#3414=FACE_OUTER_BOUND('',#3413,.F.);
#3415=ADVANCED_FACE('',(#3414),#3406,.T.);
#3416=CARTESIAN_POINT('',(1.E2,1.496968602063E1,-5.318089312969E2));
#3417=DIRECTION('',(-1.E0,0.E0,0.E0));
#3418=DIRECTION('',(0.E0,6.570978476678E-1,-7.538052922276E-1));
#3419=AXIS2_PLACEMENT_3D('',#3416,#3417,#3418);
#3420=TOROIDAL_SURFACE('',#3419,3.999999993914E0,1.E0);
#3422=ORIENTED_EDGE('',*,*,#3421,.T.);
#3423=ORIENTED_EDGE('',*,*,#3174,.F.);
#3424=ORIENTED_EDGE('',*,*,#2962,.F.);
#3425=ORIENTED_EDGE('',*,*,#2993,.F.);
#3426=EDGE_LOOP('',(#3422,#3423,#3424,#3425));
#3427=FACE_OUTER_BOUND('',#3426,.F.);
#3428=ADVANCED_FACE('',(#3427),#3420,.F.);
#3429=CARTESIAN_POINT('',(1.451792000129E2,1.496968602063E1,-5.318089312969E2));
#3430=DIRECTION('',(-1.E0,0.E0,0.E0));
#3431=DIRECTION('',(0.E0,1.385815293567E-1,9.903510285354E-1));
#3432=AXIS2_PLACEMENT_3D('',#3429,#3430,#3431);
#3433=CYLINDRICAL_SURFACE('',#3432,3.E0);
#3434=ORIENTED_EDGE('',*,*,#3176,.F.);
#3435=ORIENTED_EDGE('',*,*,#3421,.F.);
#3436=ORIENTED_EDGE('',*,*,#3015,.T.);
#3437=ORIENTED_EDGE('',*,*,#3156,.F.);
#3438=EDGE_LOOP('',(#3434,#3435,#3436,#3437));
#3439=FACE_OUTER_BOUND('',#3438,.F.);
#3440=ADVANCED_FACE('',(#3439),#3433,.T.);
#3441=CARTESIAN_POINT('',(1.45E2,2.481551563700E1,-5.417618021975E2));
#3442=DIRECTION('',(-1.E0,0.E0,0.E0));
#3443=DIRECTION('',(0.E0,-9.271838545668E-1,-3.746065934159E-1));
#3444=AXIS2_PLACEMENT_3D('',#3441,#3442,#3443);
#3445=CYLINDRICAL_SURFACE('',#3444,4.E0);
#3446=ORIENTED_EDGE('',*,*,#2979,.F.);
#3448=ORIENTED_EDGE('',*,*,#3447,.F.);
#3449=ORIENTED_EDGE('',*,*,#2162,.F.);
#3451=ORIENTED_EDGE('',*,*,#3450,.T.);
#3452=EDGE_LOOP('',(#3446,#3448,#3449,#3451));
#3453=FACE_OUTER_BOUND('',#3452,.F.);
#3454=ADVANCED_FACE('',(#3453),#3445,.F.);
#3455=CARTESIAN_POINT('',(1.45E2,2.481551563700E1,-5.417618021975E2));
#3456=DIRECTION('',(-1.E0,0.E0,0.E0));
#3457=DIRECTION('',(0.E0,-9.271838545668E-1,-3.746065934159E-1));
#3458=AXIS2_PLACEMENT_3D('',#3455,#3456,#3457);
#3459=CYLINDRICAL_SURFACE('',#3458,4.E0);
#3460=ORIENTED_EDGE('',*,*,#2981,.F.);
#3461=ORIENTED_EDGE('',*,*,#3450,.F.);
#3462=ORIENTED_EDGE('',*,*,#2160,.F.);
#3463=ORIENTED_EDGE('',*,*,#3447,.T.);
#3464=EDGE_LOOP('',(#3460,#3461,#3462,#3463));
#3465=FACE_OUTER_BOUND('',#3464,.F.);
#3466=ADVANCED_FACE('',(#3465),#3459,.F.);
#3467=CARTESIAN_POINT('',(1.13E2,-5.622246260546E0,-5.465097127541E2));
#3468=DIRECTION('',(7.071067811865E-1,-2.648868624816E-1,6.556179909709E-1));
#3469=DIRECTION('',(0.E0,9.271838545668E-1,3.746065934159E-1));
#3470=AXIS2_PLACEMENT_3D('',#3467,#3468,#3469);
#3471=PLANE('',#3470);
#3472=ORIENTED_EDGE('',*,*,#2710,.F.);
#3473=ORIENTED_EDGE('',*,*,#2606,.F.);
#3474=ORIENTED_EDGE('',*,*,#2633,.F.);
#3476=ORIENTED_EDGE('',*,*,#3475,.F.);
#3477=EDGE_LOOP('',(#3472,#3473,#3474,#3476));
#3478=FACE_OUTER_BOUND('',#3477,.F.);
#3479=ADVANCED_FACE('',(#3478),#3471,.T.);
#3480=CARTESIAN_POINT('',(1.1275E2,-3.098834944378E1,-5.583760858014E2));
#3481=DIRECTION('',(-1.E0,0.E0,0.E0));
#3482=DIRECTION('',(0.E0,-9.271838545668E-1,-3.746065934159E-1));
#3483=AXIS2_PLACEMENT_3D('',#3480,#3481,#3482);
#3484=CONICAL_SURFACE('',#3483,1.75E0,4.5E1);
#3486=ORIENTED_EDGE('',*,*,#3485,.T.);
#3487=ORIENTED_EDGE('',*,*,#3475,.T.);
#3488=ORIENTED_EDGE('',*,*,#2631,.F.);
#3490=ORIENTED_EDGE('',*,*,#3489,.F.);
#3491=EDGE_LOOP('',(#3486,#3487,#3488,#3490));
#3492=FACE_OUTER_BOUND('',#3491,.F.);
#3493=ADVANCED_FACE('',(#3492),#3484,.T.);
#3494=CARTESIAN_POINT('',(1.451792000129E2,-3.098834944378E1,
-5.583760858014E2));
#3495=DIRECTION('',(-1.E0,0.E0,0.E0));
#3496=DIRECTION('',(0.E0,-9.820473451631E-1,-1.886345987831E-1));
#3497=AXIS2_PLACEMENT_3D('',#3494,#3495,#3496);
#3498=CYLINDRICAL_SURFACE('',#3497,2.E0);
#3499=ORIENTED_EDGE('',*,*,#3485,.F.);
#3501=ORIENTED_EDGE('',*,*,#3500,.F.);
#3502=ORIENTED_EDGE('',*,*,#2689,.F.);
#3503=ORIENTED_EDGE('',*,*,#2712,.T.);
#3504=EDGE_LOOP('',(#3499,#3501,#3502,#3503));
#3505=FACE_OUTER_BOUND('',#3504,.F.);
#3506=ADVANCED_FACE('',(#3505),#3498,.T.);
#3507=CARTESIAN_POINT('',(1.13E2,-3.000000106634E0,-5.529999997361E2));
#3508=DIRECTION('',(1.E0,0.E0,0.E0));
#3509=DIRECTION('',(0.E0,9.271838545668E-1,3.746065934159E-1));
#3510=AXIS2_PLACEMENT_3D('',#3507,#3508,#3509);
#3511=CYLINDRICAL_SURFACE('',#3510,3.05E1);
#3513=ORIENTED_EDGE('',*,*,#3512,.F.);
#3515=ORIENTED_EDGE('',*,*,#3514,.T.);
#3516=ORIENTED_EDGE('',*,*,#2693,.F.);
#3517=ORIENTED_EDGE('',*,*,#2691,.F.);
#3518=ORIENTED_EDGE('',*,*,#3500,.T.);
#3520=ORIENTED_EDGE('',*,*,#3519,.F.);
#3521=EDGE_LOOP('',(#3513,#3515,#3516,#3517,#3518,#3520));
#3522=FACE_OUTER_BOUND('',#3521,.F.);
#3523=ADVANCED_FACE('',(#3522),#3511,.T.);
#3524=CARTESIAN_POINT('',(1.1275E2,-3.000000106634E0,-5.529999997361E2));
#3525=DIRECTION('',(-1.E0,0.E0,0.E0));
#3526=DIRECTION('',(0.E0,-9.271838545668E-1,-3.746065934159E-1));
#3527=AXIS2_PLACEMENT_3D('',#3524,#3525,#3526);
#3528=CONICAL_SURFACE('',#3527,3.025E1,4.5E1);
#3530=ORIENTED_EDGE('',*,*,#3529,.F.);
#3531=ORIENTED_EDGE('',*,*,#3512,.T.);
#3532=ORIENTED_EDGE('',*,*,#3519,.T.);
#3533=ORIENTED_EDGE('',*,*,#3489,.T.);
#3534=ORIENTED_EDGE('',*,*,#2629,.F.);
#3535=ORIENTED_EDGE('',*,*,#2627,.F.);
#3536=EDGE_LOOP('',(#3530,#3531,#3532,#3533,#3534,#3535));
#3537=FACE_OUTER_BOUND('',#3536,.F.);
#3538=ADVANCED_FACE('',(#3537),#3528,.T.);
#3539=CARTESIAN_POINT('',(1.1275E2,-2.686767691621E1,-5.685751082016E2));
#3540=DIRECTION('',(-1.E0,0.E0,0.E0));
#3541=DIRECTION('',(0.E0,-9.271838545668E-1,-3.746065934159E-1));
#3542=AXIS2_PLACEMENT_3D('',#3539,#3540,#3541);
#3543=CONICAL_SURFACE('',#3542,1.75E0,4.5E1);
#3545=ORIENTED_EDGE('',*,*,#3544,.T.);
#3546=ORIENTED_EDGE('',*,*,#3529,.T.);
#3547=ORIENTED_EDGE('',*,*,#2625,.F.);
#3549=ORIENTED_EDGE('',*,*,#3548,.T.);
#3550=EDGE_LOOP('',(#3545,#3546,#3547,#3549));
#3551=FACE_OUTER_BOUND('',#3550,.F.);
#3552=ADVANCED_FACE('',(#3551),#3543,.T.);
#3553=CARTESIAN_POINT('',(6.582079999269E1,-2.686767691621E1,
-5.685751082016E2));
#3554=DIRECTION('',(1.E0,0.E0,0.E0));
#3555=DIRECTION('',(0.E0,-8.374623441956E-1,-5.464950338791E-1));
#3556=AXIS2_PLACEMENT_3D('',#3553,#3554,#3555);
#3557=CYLINDRICAL_SURFACE('',#3556,2.E0);
#3558=ORIENTED_EDGE('',*,*,#3544,.F.);
#3559=ORIENTED_EDGE('',*,*,#2675,.T.);
#3560=ORIENTED_EDGE('',*,*,#2695,.F.);
#3561=ORIENTED_EDGE('',*,*,#3514,.F.);
#3562=EDGE_LOOP('',(#3558,#3559,#3560,#3561));
#3563=FACE_OUTER_BOUND('',#3562,.F.);
#3564=ADVANCED_FACE('',(#3563),#3557,.T.);
#3565=CARTESIAN_POINT('',(1.13E2,-3.777539527230E-1,-5.594902867180E2));
#3566=DIRECTION('',(7.071067811865E-1,2.648868624816E-1,-6.556179909709E-1));
#3567=DIRECTION('',(0.E0,-9.271838545668E-1,-3.746065934159E-1));
#3568=AXIS2_PLACEMENT_3D('',#3565,#3566,#3567);
#3569=PLANE('',#3568);
#3570=ORIENTED_EDGE('',*,*,#2623,.F.);
#3571=ORIENTED_EDGE('',*,*,#2646,.F.);
#3572=ORIENTED_EDGE('',*,*,#2677,.F.);
#3573=ORIENTED_EDGE('',*,*,#3548,.F.);
#3574=EDGE_LOOP('',(#3570,#3571,#3572,#3573));
#3575=FACE_OUTER_BOUND('',#3574,.F.);
#3576=ADVANCED_FACE('',(#3575),#3569,.T.);
#3577=CARTESIAN_POINT('',(1.127E2,-3.E0,-5.53E2));
#3578=DIRECTION('',(-1.E0,0.E0,0.E0));
#3579=DIRECTION('',(0.E0,0.E0,1.E0));
#3580=AXIS2_PLACEMENT_3D('',#3577,#3578,#3579);
#3581=CONICAL_SURFACE('',#3580,1.522426406871E1,2.25E1);
#3582=ORIENTED_EDGE('',*,*,#2570,.F.);
#3583=ORIENTED_EDGE('',*,*,#2547,.T.);
#3584=ORIENTED_EDGE('',*,*,#2468,.F.);
#3585=ORIENTED_EDGE('',*,*,#2544,.F.);
#3586=EDGE_LOOP('',(#3582,#3583,#3584,#3585));
#3587=FACE_OUTER_BOUND('',#3586,.F.);
#3588=ADVANCED_FACE('',(#3587),#3581,.T.);
#3589=CARTESIAN_POINT('',(1.095E2,-1.488321693153E1,-5.513299225245E2));
#3590=DIRECTION('',(-1.E0,0.E0,0.E0));
#3591=DIRECTION('',(0.E0,9.271838545668E-1,3.746065934159E-1));
#3592=AXIS2_PLACEMENT_3D('',#3589,#3590,#3591);
#3593=CYLINDRICAL_SURFACE('',#3592,2.25E0);
#3595=ORIENTED_EDGE('',*,*,#3594,.T.);
#3597=ORIENTED_EDGE('',*,*,#3596,.T.);
#3598=ORIENTED_EDGE('',*,*,#2472,.T.);
#3600=ORIENTED_EDGE('',*,*,#3599,.F.);
#3601=EDGE_LOOP('',(#3595,#3597,#3598,#3600));
#3602=FACE_OUTER_BOUND('',#3601,.F.);
#3603=ADVANCED_FACE('',(#3602),#3593,.F.);
#3604=CARTESIAN_POINT('',(1.097500000079E2,-1.488321693153E1,
-5.513299225245E2));
#3605=DIRECTION('',(-1.E0,0.E0,0.E0));
#3606=DIRECTION('',(0.E0,0.E0,-1.E0));
#3607=AXIS2_PLACEMENT_3D('',#3604,#3605,#3606);
#3608=CONICAL_SURFACE('',#3607,2.499999992064E0,4.5E1);
#3610=ORIENTED_EDGE('',*,*,#3609,.T.);
#3612=ORIENTED_EDGE('',*,*,#3611,.T.);
#3613=ORIENTED_EDGE('',*,*,#3594,.F.);
#3615=ORIENTED_EDGE('',*,*,#3614,.F.);
#3616=EDGE_LOOP('',(#3610,#3612,#3613,#3615));
#3617=FACE_OUTER_BOUND('',#3616,.F.);
#3618=ADVANCED_FACE('',(#3617),#3608,.F.);
#3619=CARTESIAN_POINT('',(1.095E2,-3.E0,-5.53E2));
#3620=DIRECTION('',(1.E0,0.E0,0.E0));
#3621=DIRECTION('',(0.E0,9.271838545668E-1,3.746065934159E-1));
#3622=AXIS2_PLACEMENT_3D('',#3619,#3620,#3621);
#3623=PLANE('',#3622);
#3625=ORIENTED_EDGE('',*,*,#3624,.T.);
#3627=ORIENTED_EDGE('',*,*,#3626,.T.);
#3628=EDGE_LOOP('',(#3625,#3627));
#3629=FACE_OUTER_BOUND('',#3628,.F.);
#3631=ORIENTED_EDGE('',*,*,#3630,.F.);
#3632=ORIENTED_EDGE('',*,*,#3609,.F.);
#3633=EDGE_LOOP('',(#3631,#3632));
#3634=FACE_BOUND('',#3633,.F.);
#3635=ADVANCED_FACE('',(#3629,#3634),#3623,.F.);
#3636=CARTESIAN_POINT('',(1.095E2,-1.488321693153E1,-5.513299225245E2));
#3637=DIRECTION('',(1.E0,0.E0,0.E0));
#3638=DIRECTION('',(0.E0,3.746065934159E-1,-9.271838545668E-1));
#3639=AXIS2_PLACEMENT_3D('',#3636,#3637,#3638);
#3640=CYLINDRICAL_SURFACE('',#3639,3.75E0);
#3641=ORIENTED_EDGE('',*,*,#2293,.F.);
#3642=ORIENTED_EDGE('',*,*,#2299,.T.);
#3644=ORIENTED_EDGE('',*,*,#3643,.F.);
#3645=ORIENTED_EDGE('',*,*,#3624,.F.);
#3647=ORIENTED_EDGE('',*,*,#3646,.T.);
#3648=EDGE_LOOP('',(#3641,#3642,#3644,#3645,#3647));
#3649=FACE_OUTER_BOUND('',#3648,.F.);
#3650=ADVANCED_FACE('',(#3649),#3640,.F.);
#3651=CARTESIAN_POINT('',(1.095E2,-1.488321693153E1,-5.513299225245E2));
#3652=DIRECTION('',(1.E0,0.E0,0.E0));
#3653=DIRECTION('',(0.E0,3.746065934159E-1,-9.271838545668E-1));
#3654=AXIS2_PLACEMENT_3D('',#3651,#3652,#3653);
#3655=CYLINDRICAL_SURFACE('',#3654,3.75E0);
#3656=ORIENTED_EDGE('',*,*,#2295,.T.);
#3657=ORIENTED_EDGE('',*,*,#3646,.F.);
#3658=ORIENTED_EDGE('',*,*,#3626,.F.);
#3659=ORIENTED_EDGE('',*,*,#3643,.T.);
#3660=ORIENTED_EDGE('',*,*,#2297,.F.);
#3661=EDGE_LOOP('',(#3656,#3657,#3658,#3659,#3660));
#3662=FACE_OUTER_BOUND('',#3661,.F.);
#3663=ADVANCED_FACE('',(#3662),#3655,.F.);
#3664=CARTESIAN_POINT('',(1.097500000079E2,-1.488321693153E1,
-5.513299225245E2));
#3665=DIRECTION('',(-1.E0,0.E0,0.E0));
#3666=DIRECTION('',(0.E0,0.E0,-1.E0));
#3667=AXIS2_PLACEMENT_3D('',#3664,#3665,#3666);
#3668=CONICAL_SURFACE('',#3667,2.499999992064E0,4.5E1);
#3669=ORIENTED_EDGE('',*,*,#3630,.T.);
#3670=ORIENTED_EDGE('',*,*,#3614,.T.);
#3672=ORIENTED_EDGE('',*,*,#3671,.F.);
#3673=ORIENTED_EDGE('',*,*,#3611,.F.);
#3674=EDGE_LOOP('',(#3669,#3670,#3672,#3673));
#3675=FACE_OUTER_BOUND('',#3674,.F.);
#3676=ADVANCED_FACE('',(#3675),#3668,.F.);
#3677=CARTESIAN_POINT('',(1.095E2,-1.488321693153E1,-5.513299225245E2));
#3678=DIRECTION('',(-1.E0,0.E0,0.E0));
#3679=DIRECTION('',(0.E0,9.271838545668E-1,3.746065934159E-1));
#3680=AXIS2_PLACEMENT_3D('',#3677,#3678,#3679);
#3681=CYLINDRICAL_SURFACE('',#3680,2.25E0);
#3682=ORIENTED_EDGE('',*,*,#3671,.T.);
#3683=ORIENTED_EDGE('',*,*,#3599,.T.);
#3684=ORIENTED_EDGE('',*,*,#2474,.T.);
#3685=ORIENTED_EDGE('',*,*,#3596,.F.);
#3686=EDGE_LOOP('',(#3682,#3683,#3684,#3685));
#3687=FACE_OUTER_BOUND('',#3686,.F.);
#3688=ADVANCED_FACE('',(#3687),#3681,.F.);
#3689=CARTESIAN_POINT('',(1.095E2,-1.038793781054E1,-5.624561287794E2));
#3690=DIRECTION('',(-1.E0,0.E0,0.E0));
#3691=DIRECTION('',(0.E0,9.271838545668E-1,3.746065934159E-1));
#3692=AXIS2_PLACEMENT_3D('',#3689,#3690,#3691);
#3693=CYLINDRICAL_SURFACE('',#3692,2.25E0);
#3695=ORIENTED_EDGE('',*,*,#3694,.T.);
#3697=ORIENTED_EDGE('',*,*,#3696,.T.);
#3698=ORIENTED_EDGE('',*,*,#2478,.T.);
#3700=ORIENTED_EDGE('',*,*,#3699,.F.);
#3701=EDGE_LOOP('',(#3695,#3697,#3698,#3700));
#3702=FACE_OUTER_BOUND('',#3701,.F.);
#3703=ADVANCED_FACE('',(#3702),#3693,.F.);
#3704=CARTESIAN_POINT('',(1.097500000079E2,-1.038793781054E1,
-5.624561287794E2));
#3705=DIRECTION('',(-1.E0,0.E0,0.E0));
#3706=DIRECTION('',(0.E0,0.E0,-1.E0));
#3707=AXIS2_PLACEMENT_3D('',#3704,#3705,#3706);
#3708=CONICAL_SURFACE('',#3707,2.499999992064E0,4.5E1);
#3710=ORIENTED_EDGE('',*,*,#3709,.T.);
#3712=ORIENTED_EDGE('',*,*,#3711,.T.);
#3713=ORIENTED_EDGE('',*,*,#3694,.F.);
#3715=ORIENTED_EDGE('',*,*,#3714,.F.);
#3716=EDGE_LOOP('',(#3710,#3712,#3713,#3715));
#3717=FACE_OUTER_BOUND('',#3716,.F.);
#3718=ADVANCED_FACE('',(#3717),#3708,.F.);
#3719=CARTESIAN_POINT('',(1.095E2,-3.E0,-5.53E2));
#3720=DIRECTION('',(1.E0,0.E0,0.E0));
#3721=DIRECTION('',(0.E0,9.271838545668E-1,3.746065934159E-1));
#3722=AXIS2_PLACEMENT_3D('',#3719,#3720,#3721);
#3723=PLANE('',#3722);
#3725=ORIENTED_EDGE('',*,*,#3724,.T.);
#3727=ORIENTED_EDGE('',*,*,#3726,.T.);
#3728=EDGE_LOOP('',(#3725,#3727));
#3729=FACE_OUTER_BOUND('',#3728,.F.);
#3731=ORIENTED_EDGE('',*,*,#3730,.F.);
#3732=ORIENTED_EDGE('',*,*,#3709,.F.);
#3733=EDGE_LOOP('',(#3731,#3732));
#3734=FACE_BOUND('',#3733,.F.);
#3735=ADVANCED_FACE('',(#3729,#3734),#3723,.F.);
#3736=CARTESIAN_POINT('',(1.095E2,-1.038793781054E1,-5.624561287794E2));
#3737=DIRECTION('',(1.E0,0.E0,0.E0));
#3738=DIRECTION('',(0.E0,3.746065934159E-1,-9.271838545668E-1));
#3739=AXIS2_PLACEMENT_3D('',#3736,#3737,#3738);
#3740=CYLINDRICAL_SURFACE('',#3739,3.75E0);
#3741=ORIENTED_EDGE('',*,*,#2303,.F.);
#3742=ORIENTED_EDGE('',*,*,#2309,.T.);
#3744=ORIENTED_EDGE('',*,*,#3743,.F.);
#3745=ORIENTED_EDGE('',*,*,#3724,.F.);
#3747=ORIENTED_EDGE('',*,*,#3746,.T.);
#3748=EDGE_LOOP('',(#3741,#3742,#3744,#3745,#3747));
#3749=FACE_OUTER_BOUND('',#3748,.F.);
#3750=ADVANCED_FACE('',(#3749),#3740,.F.);
#3751=CARTESIAN_POINT('',(1.095E2,-1.038793781054E1,-5.624561287794E2));
#3752=DIRECTION('',(1.E0,0.E0,0.E0));
#3753=DIRECTION('',(0.E0,3.746065934159E-1,-9.271838545668E-1));
#3754=AXIS2_PLACEMENT_3D('',#3751,#3752,#3753);
#3755=CYLINDRICAL_SURFACE('',#3754,3.75E0);
#3756=ORIENTED_EDGE('',*,*,#2305,.T.);
#3757=ORIENTED_EDGE('',*,*,#3746,.F.);
#3758=ORIENTED_EDGE('',*,*,#3726,.F.);
#3759=ORIENTED_EDGE('',*,*,#3743,.T.);
#3760=ORIENTED_EDGE('',*,*,#2307,.F.);
#3761=EDGE_LOOP('',(#3756,#3757,#3758,#3759,#3760));
#3762=FACE_OUTER_BOUND('',#3761,.F.);
#3763=ADVANCED_FACE('',(#3762),#3755,.F.);
#3764=CARTESIAN_POINT('',(1.097500000079E2,-1.038793781054E1,
-5.624561287794E2));
#3765=DIRECTION('',(-1.E0,0.E0,0.E0));
#3766=DIRECTION('',(0.E0,0.E0,-1.E0));
#3767=AXIS2_PLACEMENT_3D('',#3764,#3765,#3766);
#3768=CONICAL_SURFACE('',#3767,2.499999992064E0,4.5E1);
#3769=ORIENTED_EDGE('',*,*,#3730,.T.);
#3770=ORIENTED_EDGE('',*,*,#3714,.T.);
#3772=ORIENTED_EDGE('',*,*,#3771,.F.);
#3773=ORIENTED_EDGE('',*,*,#3711,.F.);
#3774=EDGE_LOOP('',(#3769,#3770,#3772,#3773));
#3775=FACE_OUTER_BOUND('',#3774,.F.);
#3776=ADVANCED_FACE('',(#3775),#3768,.F.);
#3777=CARTESIAN_POINT('',(1.095E2,-1.038793781054E1,-5.624561287794E2));
#3778=DIRECTION('',(-1.E0,0.E0,0.E0));
#3779=DIRECTION('',(0.E0,9.271838545668E-1,3.746065934159E-1));
#3780=AXIS2_PLACEMENT_3D('',#3777,#3778,#3779);
#3781=CYLINDRICAL_SURFACE('',#3780,2.25E0);
#3782=ORIENTED_EDGE('',*,*,#3771,.T.);
#3783=ORIENTED_EDGE('',*,*,#3699,.T.);
#3784=ORIENTED_EDGE('',*,*,#2480,.T.);
#3785=ORIENTED_EDGE('',*,*,#3696,.F.);
#3786=EDGE_LOOP('',(#3782,#3783,#3784,#3785));
#3787=FACE_OUTER_BOUND('',#3786,.F.);
#3788=ADVANCED_FACE('',(#3787),#3781,.F.);
#3789=CARTESIAN_POINT('',(1.13E2,-1.329922895114E0,-5.411167829112E2));
#3790=DIRECTION('',(1.E0,0.E0,0.E0));
#3791=DIRECTION('',(0.E0,3.746065934159E-1,-9.271838545668E-1));
#3792=AXIS2_PLACEMENT_3D('',#3789,#3790,#3791);
#3793=CYLINDRICAL_SURFACE('',#3792,1.975E0);
#3795=ORIENTED_EDGE('',*,*,#3794,.F.);
#3797=ORIENTED_EDGE('',*,*,#3796,.T.);
#3798=ORIENTED_EDGE('',*,*,#2486,.F.);
#3799=ORIENTED_EDGE('',*,*,#2484,.F.);
#3801=ORIENTED_EDGE('',*,*,#3800,.F.);
#3803=ORIENTED_EDGE('',*,*,#3802,.F.);
#3804=EDGE_LOOP('',(#3795,#3797,#3798,#3799,#3801,#3803));
#3805=FACE_OUTER_BOUND('',#3804,.F.);
#3806=ADVANCED_FACE('',(#3805),#3793,.T.);
#3807=CARTESIAN_POINT('',(1.1625E2,-1.329922895114E0,-5.411167829112E2));
#3808=DIRECTION('',(-1.E0,0.E0,0.E0));
#3809=DIRECTION('',(0.E0,9.271838545668E-1,3.746065934159E-1));
#3810=AXIS2_PLACEMENT_3D('',#3807,#3808,#3809);
#3811=CONICAL_SURFACE('',#3810,1.725E0,4.499999999999E1);
#3812=ORIENTED_EDGE('',*,*,#3794,.T.);
#3814=ORIENTED_EDGE('',*,*,#3813,.T.);
#3816=ORIENTED_EDGE('',*,*,#3815,.F.);
#3818=ORIENTED_EDGE('',*,*,#3817,.F.);
#3820=ORIENTED_EDGE('',*,*,#3819,.T.);
#3821=EDGE_LOOP('',(#3812,#3814,#3816,#3818,#3820));
#3822=FACE_OUTER_BOUND('',#3821,.F.);
#3823=ADVANCED_FACE('',(#3822),#3811,.T.);
#3824=CARTESIAN_POINT('',(1.1625E2,-1.329922895114E0,-5.411167829112E2));
#3825=DIRECTION('',(-1.E0,0.E0,0.E0));
#3826=DIRECTION('',(0.E0,9.271838545668E-1,3.746065934159E-1));
#3827=AXIS2_PLACEMENT_3D('',#3824,#3825,#3826);
#3828=CONICAL_SURFACE('',#3827,1.725E0,4.499999999999E1);
#3830=ORIENTED_EDGE('',*,*,#3829,.T.);
#3831=ORIENTED_EDGE('',*,*,#3817,.T.);
#3833=ORIENTED_EDGE('',*,*,#3832,.F.);
#3834=ORIENTED_EDGE('',*,*,#3813,.F.);
#3835=ORIENTED_EDGE('',*,*,#3802,.T.);
#3836=EDGE_LOOP('',(#3830,#3831,#3833,#3834,#3835));
#3837=FACE_OUTER_BOUND('',#3836,.F.);
#3838=ADVANCED_FACE('',(#3837),#3828,.T.);
#3839=CARTESIAN_POINT('',(1.13E2,-1.329922895114E0,-5.411167829112E2));
#3840=DIRECTION('',(1.E0,0.E0,0.E0));
#3841=DIRECTION('',(0.E0,3.746065934159E-1,-9.271838545668E-1));
#3842=AXIS2_PLACEMENT_3D('',#3839,#3840,#3841);
#3843=CYLINDRICAL_SURFACE('',#3842,1.975E0);
#3844=ORIENTED_EDGE('',*,*,#3819,.F.);
#3845=ORIENTED_EDGE('',*,*,#3829,.F.);
#3846=ORIENTED_EDGE('',*,*,#3800,.T.);
#3847=ORIENTED_EDGE('',*,*,#2490,.F.);
#3848=ORIENTED_EDGE('',*,*,#2488,.F.);
#3849=ORIENTED_EDGE('',*,*,#3796,.F.);
#3850=EDGE_LOOP('',(#3844,#3845,#3846,#3847,#3848,#3849));
#3851=FACE_OUTER_BOUND('',#3850,.F.);
#3852=ADVANCED_FACE('',(#3851),#3843,.T.);
#3853=CARTESIAN_POINT('',(1.165E2,-3.E0,-5.53E2));
#3854=DIRECTION('',(1.E0,0.E0,0.E0));
#3855=DIRECTION('',(0.E0,9.271838545668E-1,3.746065934159E-1));
#3856=AXIS2_PLACEMENT_3D('',#3853,#3854,#3855);
#3857=PLANE('',#3856);
#3858=ORIENTED_EDGE('',*,*,#3815,.T.);
#3859=ORIENTED_EDGE('',*,*,#3832,.T.);
#3860=EDGE_LOOP('',(#3858,#3859));
#3861=FACE_OUTER_BOUND('',#3860,.F.);
#3862=ADVANCED_FACE('',(#3861),#3857,.T.);
#3863=CARTESIAN_POINT('',(1.13E2,6.456128936648E0,-5.603879374400E2));
#3864=DIRECTION('',(1.E0,0.E0,0.E0));
#3865=DIRECTION('',(0.E0,3.746065934159E-1,-9.271838545668E-1));
#3866=AXIS2_PLACEMENT_3D('',#3863,#3864,#3865);
#3867=CYLINDRICAL_SURFACE('',#3866,1.975E0);
#3869=ORIENTED_EDGE('',*,*,#3868,.F.);
#3871=ORIENTED_EDGE('',*,*,#3870,.T.);
#3872=ORIENTED_EDGE('',*,*,#2496,.F.);
#3873=ORIENTED_EDGE('',*,*,#2494,.F.);
#3875=ORIENTED_EDGE('',*,*,#3874,.F.);
#3877=ORIENTED_EDGE('',*,*,#3876,.F.);
#3878=EDGE_LOOP('',(#3869,#3871,#3872,#3873,#3875,#3877));
#3879=FACE_OUTER_BOUND('',#3878,.F.);
#3880=ADVANCED_FACE('',(#3879),#3867,.T.);
#3881=CARTESIAN_POINT('',(1.1625E2,6.456128936648E0,-5.603879374400E2));
#3882=DIRECTION('',(-1.E0,0.E0,0.E0));
#3883=DIRECTION('',(0.E0,9.271838545668E-1,3.746065934159E-1));
#3884=AXIS2_PLACEMENT_3D('',#3881,#3882,#3883);
#3885=CONICAL_SURFACE('',#3884,1.725E0,4.499999999999E1);
#3886=ORIENTED_EDGE('',*,*,#3868,.T.);
#3888=ORIENTED_EDGE('',*,*,#3887,.T.);
#3890=ORIENTED_EDGE('',*,*,#3889,.F.);
#3892=ORIENTED_EDGE('',*,*,#3891,.F.);
#3894=ORIENTED_EDGE('',*,*,#3893,.T.);
#3895=EDGE_LOOP('',(#3886,#3888,#3890,#3892,#3894));
#3896=FACE_OUTER_BOUND('',#3895,.F.);
#3897=ADVANCED_FACE('',(#3896),#3885,.T.);
#3898=CARTESIAN_POINT('',(1.1625E2,6.456128936648E0,-5.603879374400E2));
#3899=DIRECTION('',(-1.E0,0.E0,0.E0));
#3900=DIRECTION('',(0.E0,9.271838545668E-1,3.746065934159E-1));
#3901=AXIS2_PLACEMENT_3D('',#3898,#3899,#3900);
#3902=CONICAL_SURFACE('',#3901,1.725E0,4.499999999999E1);
#3904=ORIENTED_EDGE('',*,*,#3903,.T.);
#3905=ORIENTED_EDGE('',*,*,#3891,.T.);
#3907=ORIENTED_EDGE('',*,*,#3906,.F.);
#3908=ORIENTED_EDGE('',*,*,#3887,.F.);
#3909=ORIENTED_EDGE('',*,*,#3876,.T.);
#3910=EDGE_LOOP('',(#3904,#3905,#3907,#3908,#3909));
#3911=FACE_OUTER_BOUND('',#3910,.F.);
#3912=ADVANCED_FACE('',(#3911),#3902,.T.);
#3913=CARTESIAN_POINT('',(1.13E2,6.456128936648E0,-5.603879374400E2));
#3914=DIRECTION('',(1.E0,0.E0,0.E0));
#3915=DIRECTION('',(0.E0,3.746065934159E-1,-9.271838545668E-1));
#3916=AXIS2_PLACEMENT_3D('',#3913,#3914,#3915);
#3917=CYLINDRICAL_SURFACE('',#3916,1.975E0);
#3918=ORIENTED_EDGE('',*,*,#3893,.F.);
#3919=ORIENTED_EDGE('',*,*,#3903,.F.);
#3920=ORIENTED_EDGE('',*,*,#3874,.T.);
#3921=ORIENTED_EDGE('',*,*,#2500,.F.);
#3922=ORIENTED_EDGE('',*,*,#2498,.F.);
#3923=ORIENTED_EDGE('',*,*,#3870,.F.);
#3924=EDGE_LOOP('',(#3918,#3919,#3920,#3921,#3922,#3923));
#3925=FACE_OUTER_BOUND('',#3924,.F.);
#3926=ADVANCED_FACE('',(#3925),#3917,.T.);
#3927=CARTESIAN_POINT('',(1.165E2,-3.E0,-5.53E2));
#3928=DIRECTION('',(1.E0,0.E0,0.E0));
#3929=DIRECTION('',(0.E0,9.271838545668E-1,3.746065934159E-1));
#3930=AXIS2_PLACEMENT_3D('',#3927,#3928,#3929);
#3931=PLANE('',#3930);
#3932=ORIENTED_EDGE('',*,*,#3889,.T.);
#3933=ORIENTED_EDGE('',*,*,#3906,.T.);
#3934=EDGE_LOOP('',(#3932,#3933));
#3935=FACE_OUTER_BOUND('',#3934,.F.);
#3936=ADVANCED_FACE('',(#3935),#3931,.T.);
#3937=CARTESIAN_POINT('',(1.095E2,8.883216718261E0,-5.546700769476E2));
#3938=DIRECTION('',(-1.E0,0.E0,0.E0));
#3939=DIRECTION('',(0.E0,9.271838545668E-1,3.746065934159E-1));
#3940=AXIS2_PLACEMENT_3D('',#3937,#3938,#3939);
#3941=CYLINDRICAL_SURFACE('',#3940,2.25E0);
#3943=ORIENTED_EDGE('',*,*,#3942,.T.);
#3945=ORIENTED_EDGE('',*,*,#3944,.T.);
#3946=ORIENTED_EDGE('',*,*,#2508,.T.);
#3948=ORIENTED_EDGE('',*,*,#3947,.F.);
#3949=EDGE_LOOP('',(#3943,#3945,#3946,#3948));
#3950=FACE_OUTER_BOUND('',#3949,.F.);
#3951=ADVANCED_FACE('',(#3950),#3941,.F.);
#3952=CARTESIAN_POINT('',(1.097500000079E2,8.883216718261E0,-5.546700769476E2));
#3953=DIRECTION('',(-1.E0,0.E0,0.E0));
#3954=DIRECTION('',(0.E0,0.E0,-1.E0));
#3955=AXIS2_PLACEMENT_3D('',#3952,#3953,#3954);
#3956=CONICAL_SURFACE('',#3955,2.499999992064E0,4.5E1);
#3958=ORIENTED_EDGE('',*,*,#3957,.T.);
#3960=ORIENTED_EDGE('',*,*,#3959,.T.);
#3961=ORIENTED_EDGE('',*,*,#3942,.F.);
#3963=ORIENTED_EDGE('',*,*,#3962,.F.);
#3964=EDGE_LOOP('',(#3958,#3960,#3961,#3963));
#3965=FACE_OUTER_BOUND('',#3964,.F.);
#3966=ADVANCED_FACE('',(#3965),#3956,.F.);
#3967=CARTESIAN_POINT('',(1.095E2,-3.E0,-5.53E2));
#3968=DIRECTION('',(1.E0,0.E0,0.E0));
#3969=DIRECTION('',(0.E0,9.271838545668E-1,3.746065934159E-1));
#3970=AXIS2_PLACEMENT_3D('',#3967,#3968,#3969);
#3971=PLANE('',#3970);
#3973=ORIENTED_EDGE('',*,*,#3972,.T.);
#3975=ORIENTED_EDGE('',*,*,#3974,.T.);
#3976=EDGE_LOOP('',(#3973,#3975));
#3977=FACE_OUTER_BOUND('',#3976,.F.);
#3979=ORIENTED_EDGE('',*,*,#3978,.F.);
#3980=ORIENTED_EDGE('',*,*,#3957,.F.);
#3981=EDGE_LOOP('',(#3979,#3980));
#3982=FACE_BOUND('',#3981,.F.);
#3983=ADVANCED_FACE('',(#3977,#3982),#3971,.F.);
#3984=CARTESIAN_POINT('',(1.095E2,8.883216718261E0,-5.546700769476E2));
#3985=DIRECTION('',(1.E0,0.E0,0.E0));
#3986=DIRECTION('',(0.E0,3.746065934159E-1,-9.271838545668E-1));
#3987=AXIS2_PLACEMENT_3D('',#3984,#3985,#3986);
#3988=CYLINDRICAL_SURFACE('',#3987,3.75E0);
#3989=ORIENTED_EDGE('',*,*,#2221,.F.);
#3991=ORIENTED_EDGE('',*,*,#3990,.F.);
#3992=ORIENTED_EDGE('',*,*,#3972,.F.);
#3994=ORIENTED_EDGE('',*,*,#3993,.T.);
#3995=EDGE_LOOP('',(#3989,#3991,#3992,#3994));
#3996=FACE_OUTER_BOUND('',#3995,.F.);
#3997=ADVANCED_FACE('',(#3996),#3988,.F.);
#3998=CARTESIAN_POINT('',(1.095E2,8.883216718261E0,-5.546700769476E2));
#3999=DIRECTION('',(1.E0,0.E0,0.E0));
#4000=DIRECTION('',(0.E0,3.746065934159E-1,-9.271838545668E-1));
#4001=AXIS2_PLACEMENT_3D('',#3998,#3999,#4000);
#4002=CYLINDRICAL_SURFACE('',#4001,3.75E0);
#4003=ORIENTED_EDGE('',*,*,#2219,.F.);
#4004=ORIENTED_EDGE('',*,*,#3993,.F.);
#4005=ORIENTED_EDGE('',*,*,#3974,.F.);
#4006=ORIENTED_EDGE('',*,*,#3990,.T.);
#4007=EDGE_LOOP('',(#4003,#4004,#4005,#4006));
#4008=FACE_OUTER_BOUND('',#4007,.F.);
#4009=ADVANCED_FACE('',(#4008),#4002,.F.);
#4010=CARTESIAN_POINT('',(1.097500000079E2,8.883216718261E0,-5.546700769476E2));
#4011=DIRECTION('',(-1.E0,0.E0,0.E0));
#4012=DIRECTION('',(0.E0,0.E0,-1.E0));
#4013=AXIS2_PLACEMENT_3D('',#4010,#4011,#4012);
#4014=CONICAL_SURFACE('',#4013,2.499999992064E0,4.5E1);
#4015=ORIENTED_EDGE('',*,*,#3978,.T.);
#4016=ORIENTED_EDGE('',*,*,#3962,.T.);
#4018=ORIENTED_EDGE('',*,*,#4017,.F.);
#4019=ORIENTED_EDGE('',*,*,#3959,.F.);
#4020=EDGE_LOOP('',(#4015,#4016,#4018,#4019));
#4021=FACE_OUTER_BOUND('',#4020,.F.);
#4022=ADVANCED_FACE('',(#4021),#4014,.F.);
#4023=CARTESIAN_POINT('',(1.095E2,8.883216718261E0,-5.546700769476E2));
#4024=DIRECTION('',(-1.E0,0.E0,0.E0));
#4025=DIRECTION('',(0.E0,9.271838545668E-1,3.746065934159E-1));
#4026=AXIS2_PLACEMENT_3D('',#4023,#4024,#4025);
#4027=CYLINDRICAL_SURFACE('',#4026,2.25E0);
#4028=ORIENTED_EDGE('',*,*,#4017,.T.);
#4029=ORIENTED_EDGE('',*,*,#3947,.T.);
#4030=ORIENTED_EDGE('',*,*,#2510,.T.);
#4031=ORIENTED_EDGE('',*,*,#3944,.F.);
#4032=EDGE_LOOP('',(#4028,#4029,#4030,#4031));
#4033=FACE_OUTER_BOUND('',#4032,.F.);
#4034=ADVANCED_FACE('',(#4033),#4027,.F.);
#4035=CARTESIAN_POINT('',(1.095E2,4.387937597270E0,-5.435438706928E2));
#4036=DIRECTION('',(-1.E0,0.E0,0.E0));
#4037=DIRECTION('',(0.E0,9.271838545668E-1,3.746065934159E-1));
#4038=AXIS2_PLACEMENT_3D('',#4035,#4036,#4037);
#4039=CYLINDRICAL_SURFACE('',#4038,2.25E0);
#4041=ORIENTED_EDGE('',*,*,#4040,.T.);
#4043=ORIENTED_EDGE('',*,*,#4042,.T.);
#4044=ORIENTED_EDGE('',*,*,#2514,.T.);
#4046=ORIENTED_EDGE('',*,*,#4045,.F.);
#4047=EDGE_LOOP('',(#4041,#4043,#4044,#4046));
#4048=FACE_OUTER_BOUND('',#4047,.F.);
#4049=ADVANCED_FACE('',(#4048),#4039,.F.);
#4050=CARTESIAN_POINT('',(1.097500000079E2,4.387937597270E0,-5.435438706928E2));
#4051=DIRECTION('',(-1.E0,0.E0,0.E0));
#4052=DIRECTION('',(0.E0,0.E0,-1.E0));
#4053=AXIS2_PLACEMENT_3D('',#4050,#4051,#4052);
#4054=CONICAL_SURFACE('',#4053,2.499999992064E0,4.5E1);
#4056=ORIENTED_EDGE('',*,*,#4055,.T.);
#4058=ORIENTED_EDGE('',*,*,#4057,.T.);
#4059=ORIENTED_EDGE('',*,*,#4040,.F.);
#4061=ORIENTED_EDGE('',*,*,#4060,.F.);
#4062=EDGE_LOOP('',(#4056,#4058,#4059,#4061));
#4063=FACE_OUTER_BOUND('',#4062,.F.);
#4064=ADVANCED_FACE('',(#4063),#4054,.F.);
#4065=CARTESIAN_POINT('',(1.095E2,-3.E0,-5.53E2));
#4066=DIRECTION('',(1.E0,0.E0,0.E0));
#4067=DIRECTION('',(0.E0,9.271838545668E-1,3.746065934159E-1));
#4068=AXIS2_PLACEMENT_3D('',#4065,#4066,#4067);
#4069=PLANE('',#4068);
#4071=ORIENTED_EDGE('',*,*,#4070,.T.);
#4073=ORIENTED_EDGE('',*,*,#4072,.T.);
#4074=EDGE_LOOP('',(#4071,#4073));
#4075=FACE_OUTER_BOUND('',#4074,.F.);
#4077=ORIENTED_EDGE('',*,*,#4076,.F.);
#4078=ORIENTED_EDGE('',*,*,#4055,.F.);
#4079=EDGE_LOOP('',(#4077,#4078));
#4080=FACE_BOUND('',#4079,.F.);
#4081=ADVANCED_FACE('',(#4075,#4080),#4069,.F.);
#4082=CARTESIAN_POINT('',(1.095E2,4.387937597270E0,-5.435438706928E2));
#4083=DIRECTION('',(1.E0,0.E0,0.E0));
#4084=DIRECTION('',(0.E0,3.746065934159E-1,-9.271838545668E-1));
#4085=AXIS2_PLACEMENT_3D('',#4082,#4083,#4084);
#4086=CYLINDRICAL_SURFACE('',#4085,3.75E0);
#4087=ORIENTED_EDGE('',*,*,#2213,.F.);
#4089=ORIENTED_EDGE('',*,*,#4088,.F.);
#4090=ORIENTED_EDGE('',*,*,#4070,.F.);
#4092=ORIENTED_EDGE('',*,*,#4091,.T.);
#4093=EDGE_LOOP('',(#4087,#4089,#4090,#4092));
#4094=FACE_OUTER_BOUND('',#4093,.F.);
#4095=ADVANCED_FACE('',(#4094),#4086,.F.);
#4096=CARTESIAN_POINT('',(1.095E2,4.387937597270E0,-5.435438706928E2));
#4097=DIRECTION('',(1.E0,0.E0,0.E0));
#4098=DIRECTION('',(0.E0,3.746065934159E-1,-9.271838545668E-1));
#4099=AXIS2_PLACEMENT_3D('',#4096,#4097,#4098);
#4100=CYLINDRICAL_SURFACE('',#4099,3.75E0);
#4101=ORIENTED_EDGE('',*,*,#2215,.F.);
#4102=ORIENTED_EDGE('',*,*,#4091,.F.);
#4103=ORIENTED_EDGE('',*,*,#4072,.F.);
#4104=ORIENTED_EDGE('',*,*,#4088,.T.);
#4105=EDGE_LOOP('',(#4101,#4102,#4103,#4104));
#4106=FACE_OUTER_BOUND('',#4105,.F.);
#4107=ADVANCED_FACE('',(#4106),#4100,.F.);
#4108=CARTESIAN_POINT('',(1.097500000079E2,4.387937597270E0,-5.435438706928E2));
#4109=DIRECTION('',(-1.E0,0.E0,0.E0));
#4110=DIRECTION('',(0.E0,0.E0,-1.E0));
#4111=AXIS2_PLACEMENT_3D('',#4108,#4109,#4110);
#4112=CONICAL_SURFACE('',#4111,2.499999992064E0,4.5E1);
#4113=ORIENTED_EDGE('',*,*,#4076,.T.);
#4114=ORIENTED_EDGE('',*,*,#4060,.T.);
#4116=ORIENTED_EDGE('',*,*,#4115,.F.);
#4117=ORIENTED_EDGE('',*,*,#4057,.F.);
#4118=EDGE_LOOP('',(#4113,#4114,#4116,#4117));
#4119=FACE_OUTER_BOUND('',#4118,.F.);
#4120=ADVANCED_FACE('',(#4119),#4112,.F.);
#4121=CARTESIAN_POINT('',(1.095E2,4.387937597270E0,-5.435438706928E2));
#4122=DIRECTION('',(-1.E0,0.E0,0.E0));
#4123=DIRECTION('',(0.E0,9.271838545668E-1,3.746065934159E-1));
#4124=AXIS2_PLACEMENT_3D('',#4121,#4122,#4123);
#4125=CYLINDRICAL_SURFACE('',#4124,2.25E0);
#4126=ORIENTED_EDGE('',*,*,#4115,.T.);
#4127=ORIENTED_EDGE('',*,*,#4045,.T.);
#4128=ORIENTED_EDGE('',*,*,#2516,.T.);
#4129=ORIENTED_EDGE('',*,*,#4042,.F.);
#4130=EDGE_LOOP('',(#4126,#4127,#4128,#4129));
#4131=FACE_OUTER_BOUND('',#4130,.F.);
#4132=ADVANCED_FACE('',(#4131),#4125,.F.);
#4133=CARTESIAN_POINT('',(1.13E2,-1.412620636144E1,-5.574952788571E2));
#4134=DIRECTION('',(1.E0,0.E0,0.E0));
#4135=DIRECTION('',(0.E0,3.746065934159E-1,-9.271838545668E-1));
#4136=AXIS2_PLACEMENT_3D('',#4133,#4134,#4135);
#4137=CYLINDRICAL_SURFACE('',#4136,1.975E0);
#4139=ORIENTED_EDGE('',*,*,#4138,.F.);
#4141=ORIENTED_EDGE('',*,*,#4140,.T.);
#4142=ORIENTED_EDGE('',*,*,#2528,.F.);
#4143=ORIENTED_EDGE('',*,*,#2526,.F.);
#4145=ORIENTED_EDGE('',*,*,#4144,.F.);
#4147=ORIENTED_EDGE('',*,*,#4146,.F.);
#4148=EDGE_LOOP('',(#4139,#4141,#4142,#4143,#4145,#4147));
#4149=FACE_OUTER_BOUND('',#4148,.F.);
#4150=ADVANCED_FACE('',(#4149),#4137,.T.);
#4151=CARTESIAN_POINT('',(1.1625E2,-1.412620636144E1,-5.574952788571E2));
#4152=DIRECTION('',(-1.E0,0.E0,0.E0));
#4153=DIRECTION('',(0.E0,9.271838545668E-1,3.746065934159E-1));
#4154=AXIS2_PLACEMENT_3D('',#4151,#4152,#4153);
#4155=CONICAL_SURFACE('',#4154,1.725E0,4.499999999999E1);
#4156=ORIENTED_EDGE('',*,*,#4138,.T.);
#4158=ORIENTED_EDGE('',*,*,#4157,.T.);
#4160=ORIENTED_EDGE('',*,*,#4159,.F.);
#4162=ORIENTED_EDGE('',*,*,#4161,.F.);
#4164=ORIENTED_EDGE('',*,*,#4163,.T.);
#4165=EDGE_LOOP('',(#4156,#4158,#4160,#4162,#4164));
#4166=FACE_OUTER_BOUND('',#4165,.F.);
#4167=ADVANCED_FACE('',(#4166),#4155,.T.);
#4168=CARTESIAN_POINT('',(1.1625E2,-1.412620636144E1,-5.574952788571E2));
#4169=DIRECTION('',(-1.E0,0.E0,0.E0));
#4170=DIRECTION('',(0.E0,9.271838545668E-1,3.746065934159E-1));
#4171=AXIS2_PLACEMENT_3D('',#4168,#4169,#4170);
#4172=CONICAL_SURFACE('',#4171,1.725E0,4.499999999999E1);
#4174=ORIENTED_EDGE('',*,*,#4173,.T.);
#4175=ORIENTED_EDGE('',*,*,#4161,.T.);
#4177=ORIENTED_EDGE('',*,*,#4176,.F.);
#4178=ORIENTED_EDGE('',*,*,#4157,.F.);
#4179=ORIENTED_EDGE('',*,*,#4146,.T.);
#4180=EDGE_LOOP('',(#4174,#4175,#4177,#4178,#4179));
#4181=FACE_OUTER_BOUND('',#4180,.F.);
#4182=ADVANCED_FACE('',(#4181),#4172,.T.);
#4183=CARTESIAN_POINT('',(1.13E2,-1.412620636144E1,-5.574952788571E2));
#4184=DIRECTION('',(1.E0,0.E0,0.E0));
#4185=DIRECTION('',(0.E0,3.746065934159E-1,-9.271838545668E-1));
#4186=AXIS2_PLACEMENT_3D('',#4183,#4184,#4185);
#4187=CYLINDRICAL_SURFACE('',#4186,1.975E0);
#4188=ORIENTED_EDGE('',*,*,#4163,.F.);
#4189=ORIENTED_EDGE('',*,*,#4173,.F.);
#4190=ORIENTED_EDGE('',*,*,#4144,.T.);
#4191=ORIENTED_EDGE('',*,*,#2532,.F.);
#4192=ORIENTED_EDGE('',*,*,#2530,.F.);
#4193=ORIENTED_EDGE('',*,*,#4140,.F.);
#4194=EDGE_LOOP('',(#4188,#4189,#4190,#4191,#4192,#4193));
#4195=FACE_OUTER_BOUND('',#4194,.F.);
#4196=ADVANCED_FACE('',(#4195),#4187,.T.);
#4197=CARTESIAN_POINT('',(1.165E2,-3.E0,-5.53E2));
#4198=DIRECTION('',(1.E0,0.E0,0.E0));
#4199=DIRECTION('',(0.E0,9.271838545668E-1,3.746065934159E-1));
#4200=AXIS2_PLACEMENT_3D('',#4197,#4198,#4199);
#4201=PLANE('',#4200);
#4202=ORIENTED_EDGE('',*,*,#4159,.T.);
#4203=ORIENTED_EDGE('',*,*,#4176,.T.);
#4204=EDGE_LOOP('',(#4202,#4203));
#4205=FACE_OUTER_BOUND('',#4204,.F.);
#4206=ADVANCED_FACE('',(#4205),#4201,.T.);
#4210=DIMENSIONAL_EXPONENTS(0.E0,0.E0,0.E0,0.E0,0.E0,0.E0,0.E0);
#4212=PLANE_ANGLE_MEASURE_WITH_UNIT(PLANE_ANGLE_MEASURE(1.745329251994E-2),
#4211);
#4213=(CONVERSION_BASED_UNIT('DEGREE',#4212)NAMED_UNIT(*)PLANE_ANGLE_UNIT());
#4215=UNCERTAINTY_MEASURE_WITH_UNIT(LENGTH_MEASURE(1.023466901955E-2),#4209,
'closure',
'Maximum model space distance between geometric entities at asserted connectivities');
#4216=(GEOMETRIC_REPRESENTATION_CONTEXT(3)GLOBAL_UNCERTAINTY_ASSIGNED_CONTEXT((
#4215))GLOBAL_UNIT_ASSIGNED_CONTEXT((#4209,#4213,#4214))REPRESENTATION_CONTEXT(
'ID1','3'));
#4218=APPLICATION_CONTEXT(
'CONFIGURATION CONTROLLED 3D DESIGNS OF MECHANICAL PARTS AND ASSEMBLIES');
#4219=APPLICATION_PROTOCOL_DEFINITION('international standard',
'config_control_design',1994,#4218);
#4220=DESIGN_CONTEXT('',#4218,'design');
#4221=MECHANICAL_CONTEXT('',#4218,'mechanical');
#4222=PRODUCT('KD-D-502L_ANKLE-SHAFT-LEFT_1','KD-D-502L_ANKLE-SHAFT-LEFT_1',
'NOT SPECIFIED',(#4221));
#4223=PRODUCT_DEFINITION_FORMATION_WITH_SPECIFIED_SOURCE('2','LAST_VERSION',
#4222,.MADE.);
#4227=PRODUCT_CATEGORY('part','');
#4228=PRODUCT_RELATED_PRODUCT_CATEGORY('detail','',(#4222));
#4229=PRODUCT_CATEGORY_RELATIONSHIP('','',#4227,#4228);
#4230=SECURITY_CLASSIFICATION_LEVEL('unclassified');
#4231=SECURITY_CLASSIFICATION('','',#4230);
#4232=CC_DESIGN_SECURITY_CLASSIFICATION(#4231,(#4223));
#4233=APPROVAL_STATUS('approved');
#4234=APPROVAL(#4233,'');
#4235=CC_DESIGN_APPROVAL(#4234,(#4231,#4223,#4224));
#4236=CALENDAR_DATE(125,12,7);
#4237=COORDINATED_UNIVERSAL_TIME_OFFSET(8,0,.AHEAD.);
#4238=LOCAL_TIME(16,32,4.2E1,#4237);
#4239=DATE_AND_TIME(#4236,#4238);
#4240=APPROVAL_DATE_TIME(#4239,#4234);
#4241=DATE_TIME_ROLE('creation_date');
#4242=CC_DESIGN_DATE_AND_TIME_ASSIGNMENT(#4239,#4241,(#4224));
#4243=DATE_TIME_ROLE('classification_date');
#4244=CC_DESIGN_DATE_AND_TIME_ASSIGNMENT(#4239,#4243,(#4231));
#4245=PERSON('UNSPECIFIED','UNSPECIFIED',$,$,$,$);
#4246=ORGANIZATION('UNSPECIFIED','UNSPECIFIED','UNSPECIFIED');
#4247=PERSON_AND_ORGANIZATION(#4245,#4246);
#4248=APPROVAL_ROLE('approver');
#4249=APPROVAL_PERSON_ORGANIZATION(#4247,#4234,#4248);
#4250=PERSON_AND_ORGANIZATION_ROLE('creator');
#4251=CC_DESIGN_PERSON_AND_ORGANIZATION_ASSIGNMENT(#4247,#4250,(#4223,#4224));
#4252=PERSON_AND_ORGANIZATION_ROLE('design_supplier');
#4253=CC_DESIGN_PERSON_AND_ORGANIZATION_ASSIGNMENT(#4247,#4252,(#4223));
#4254=PERSON_AND_ORGANIZATION_ROLE('classification_officer');
#4255=CC_DESIGN_PERSON_AND_ORGANIZATION_ASSIGNMENT(#4247,#4254,(#4231));
#4256=PERSON_AND_ORGANIZATION_ROLE('design_owner');
#4257=CC_DESIGN_PERSON_AND_ORGANIZATION_ASSIGNMENT(#4247,#4256,(#4222));
#9=CIRCLE('',#8,7.E0);
#14=CIRCLE('',#13,7.E0);
#19=CIRCLE('',#18,4.E0);
#24=CIRCLE('',#23,4.E0);
#33=CIRCLE('',#32,3.75E0);
#38=CIRCLE('',#37,2.2E1);
#43=CIRCLE('',#42,5.5E0);
#52=CIRCLE('',#51,9.5E0);
#57=CIRCLE('',#56,9.5E0);
#62=CIRCLE('',#61,5.174999932252E1);
#67=CIRCLE('',#66,3.75E0);
#72=CIRCLE('',#71,7.E0);
#77=CIRCLE('',#76,7.E0);
#82=CIRCLE('',#81,3.75E0);
#87=CIRCLE('',#86,3.75E0);
#92=CIRCLE('',#91,3.75E0);
#97=CIRCLE('',#96,3.75E0);
#112=B_SPLINE_CURVE_WITH_KNOTS('',3,(#106,#107,#108,#109,#110,#111),
.UNSPECIFIED.,.F.,.F.,(4,1,1,4),(0.E0,3.333333333333E-1,6.666666666667E-1,1.E0),
.UNSPECIFIED.);
#119=B_SPLINE_CURVE_WITH_KNOTS('',3,(#113,#114,#115,#116,#117,#118),
.UNSPECIFIED.,.F.,.F.,(4,1,1,4),(0.E0,3.333333333333E-1,6.666666666667E-1,1.E0),
.UNSPECIFIED.);
#130=B_SPLINE_CURVE_WITH_KNOTS('',3,(#124,#125,#126,#127,#128,#129),
.UNSPECIFIED.,.F.,.F.,(4,1,1,4),(0.E0,3.333333333333E-1,6.666666666667E-1,1.E0),
.UNSPECIFIED.);
#137=B_SPLINE_CURVE_WITH_KNOTS('',3,(#131,#132,#133,#134,#135,#136),
.UNSPECIFIED.,.F.,.F.,(4,1,1,4),(0.E0,3.333333333333E-1,6.666666666667E-1,1.E0),
.UNSPECIFIED.);
#146=B_SPLINE_CURVE_WITH_KNOTS('',3,(#138,#139,#140,#141,#142,#143,#144,#145),
.UNSPECIFIED.,.F.,.F.,(4,1,1,1,1,4),(0.E0,1.25E-1,2.5E-1,5.E-1,7.5E-1,1.E0),
.UNSPECIFIED.);
#155=B_SPLINE_CURVE_WITH_KNOTS('',3,(#147,#148,#149,#150,#151,#152,#153,#154),
.UNSPECIFIED.,.F.,.F.,(4,1,1,1,1,4),(0.E0,2.5E-1,5.E-1,7.5E-1,8.75E-1,1.E0),
.UNSPECIFIED.);
#171=B_SPLINE_CURVE_WITH_KNOTS('',3,(#160,#161,#162,#163,#164,#165,#166,#167,
#168,#169,#170),.UNSPECIFIED.,.F.,.F.,(4,1,1,1,1,1,1,1,4),(0.E0,1.25E-1,2.5E-1,
3.75E-1,5.E-1,6.25E-1,7.5E-1,8.75E-1,1.E0),.UNSPECIFIED.);
#183=B_SPLINE_CURVE_WITH_KNOTS('',3,(#172,#173,#174,#175,#176,#177,#178,#179,
#180,#181,#182),.UNSPECIFIED.,.F.,.F.,(4,1,1,1,1,1,1,1,4),(0.E0,1.25E-1,2.5E-1,
3.75E-1,5.E-1,6.25E-1,7.5E-1,8.75E-1,1.E0),.UNSPECIFIED.);
#195=B_SPLINE_CURVE_WITH_KNOTS('',3,(#184,#185,#186,#187,#188,#189,#190,#191,
#192,#193,#194),.UNSPECIFIED.,.F.,.F.,(4,1,1,1,1,1,1,1,4),(0.E0,1.25E-1,2.5E-1,
3.75E-1,5.E-1,6.25E-1,7.5E-1,8.75E-1,1.E0),.UNSPECIFIED.);
#207=B_SPLINE_CURVE_WITH_KNOTS('',3,(#196,#197,#198,#199,#200,#201,#202,#203,
#204,#205,#206),.UNSPECIFIED.,.F.,.F.,(4,1,1,1,1,1,1,1,4),(0.E0,1.25E-1,2.5E-1,
3.75E-1,5.E-1,6.25E-1,7.5E-1,8.75E-1,1.E0),.UNSPECIFIED.);
#226=B_SPLINE_CURVE_WITH_KNOTS('',3,(#212,#213,#214,#215,#216,#217,#218,#219,
#220,#221,#222,#223,#224,#225),.UNSPECIFIED.,.F.,.F.,(4,1,1,1,1,1,1,1,1,1,1,4),(
0.E0,9.090909090909E-2,1.818181818182E-1,2.727272727273E-1,3.636363636364E-1,
4.545454545455E-1,5.454545454545E-1,6.363636363636E-1,7.272727272727E-1,
8.181818181818E-1,9.090909090909E-1,1.E0),.UNSPECIFIED.);
#231=CIRCLE('',#230,2.25E1);
#246=B_SPLINE_CURVE_WITH_KNOTS('',3,(#240,#241,#242,#243,#244,#245),
.UNSPECIFIED.,.F.,.F.,(4,1,1,4),(0.E0,3.333333333333E-1,6.666666666667E-1,1.E0),
.UNSPECIFIED.);
#253=B_SPLINE_CURVE_WITH_KNOTS('',3,(#247,#248,#249,#250,#251,#252),
.UNSPECIFIED.,.F.,.F.,(4,1,1,4),(0.E0,3.333333333333E-1,6.666666666667E-1,1.E0),
.UNSPECIFIED.);
#264=B_SPLINE_CURVE_WITH_KNOTS('',3,(#258,#259,#260,#261,#262,#263),
.UNSPECIFIED.,.F.,.F.,(4,1,1,4),(0.E0,3.333333333333E-1,6.666666666667E-1,1.E0),
.UNSPECIFIED.);
#271=B_SPLINE_CURVE_WITH_KNOTS('',3,(#265,#266,#267,#268,#269,#270),
.UNSPECIFIED.,.F.,.F.,(4,1,1,4),(0.E0,3.333333333333E-1,6.666666666667E-1,1.E0),
.UNSPECIFIED.);
#291=B_SPLINE_CURVE_WITH_KNOTS('',3,(#272,#273,#274,#275,#276,#277,#278,#279,
#280,#281,#282,#283,#284,#285,#286,#287,#288,#289,#290),.UNSPECIFIED.,.F.,.F.,
(4,1,1,1,1,1,1,1,1,1,1,1,1,1,1,1,4),(0.E0,3.125E-2,6.25E-2,1.25E-1,1.875E-1,
2.5E-1,3.125E-1,3.75E-1,5.E-1,6.25E-1,6.875E-1,7.5E-1,8.125E-1,8.75E-1,9.375E-1,
9.6875E-1,1.E0),.UNSPECIFIED.);
#300=CIRCLE('',#299,3.75E0);
#305=CIRCLE('',#304,3.75E0);
#310=CIRCLE('',#309,2.75E0);
#315=CIRCLE('',#314,2.75E0);
#328=CIRCLE('',#327,2.25E0);
#337=CIRCLE('',#336,2.25E0);
#342=CIRCLE('',#341,2.25E0);
#351=CIRCLE('',#350,2.25E0);
#356=CIRCLE('',#355,1.51E1);
#361=CIRCLE('',#360,1.51E1);
#366=CIRCLE('',#365,1.975E0);
#371=CIRCLE('',#370,1.975E0);
#376=CIRCLE('',#375,1.975E0);
#381=CIRCLE('',#380,1.975E0);
#386=CIRCLE('',#385,1.975E0);
#391=CIRCLE('',#390,1.975E0);
#396=CIRCLE('',#395,1.975E0);
#401=CIRCLE('',#400,1.975E0);
#406=CIRCLE('',#405,1.975E0);
#411=CIRCLE('',#410,1.975E0);
#416=CIRCLE('',#415,1.975E0);
#421=CIRCLE('',#420,1.975E0);
#430=CIRCLE('',#429,2.25E1);
#435=CIRCLE('',#434,2.25E1);
#440=CIRCLE('',#439,2.25E1);
#445=CIRCLE('',#444,2.25E1);
#450=CIRCLE('',#449,2.25E1);
#455=CIRCLE('',#454,2.25E1);
#460=CIRCLE('',#459,1.534852813742E1);
#465=CIRCLE('',#464,1.534852813742E1);
#480=B_SPLINE_CURVE_WITH_KNOTS('',3,(#470,#471,#472,#473,#474,#475,#476,#477,
#478,#479),.UNSPECIFIED.,.F.,.F.,(4,1,1,1,1,1,1,4),(0.E0,1.428571428571E-1,
2.857142857143E-1,4.285714285714E-1,5.714285714286E-1,7.142857142857E-1,
8.571428571429E-1,1.E0),.UNSPECIFIED.);
#489=CIRCLE('',#488,2.E0);
#494=CIRCLE('',#493,2.5E0);
#499=CIRCLE('',#498,2.25E1);
#504=CIRCLE('',#503,2.25E1);
#509=CIRCLE('',#508,2.5E0);
#518=CIRCLE('',#517,1.5E0);
#523=CIRCLE('',#522,3.E1);
#528=CIRCLE('',#527,3.E1);
#533=CIRCLE('',#532,1.5E0);
#548=B_SPLINE_CURVE_WITH_KNOTS('',3,(#538,#539,#540,#541,#542,#543,#544,#545,
#546,#547),.UNSPECIFIED.,.F.,.F.,(4,1,1,1,1,1,1,4),(0.E0,1.428571428571E-1,
2.857142857143E-1,4.285714285714E-1,5.714285714286E-1,7.142857142857E-1,
8.571428571429E-1,1.E0),.UNSPECIFIED.);
#553=CIRCLE('',#552,2.E0);
#567=B_SPLINE_CURVE_WITH_KNOTS('',3,(#562,#563,#564,#565,#566),.UNSPECIFIED.,
.F.,.F.,(4,1,4),(0.E0,5.E-1,1.E0),.UNSPECIFIED.);
#588=CIRCLE('',#587,2.E0);
#593=CIRCLE('',#592,3.05E1);
#598=CIRCLE('',#597,3.05E1);
#603=CIRCLE('',#602,2.E0);
#625=B_SPLINE_CURVE_WITH_KNOTS('',3,(#620,#621,#622,#623,#624),.UNSPECIFIED.,
.F.,.F.,(4,1,4),(0.E0,5.E-1,1.E0),.UNSPECIFIED.);
#640=B_SPLINE_CURVE_WITH_KNOTS('',3,(#634,#635,#636,#637,#638,#639),
.UNSPECIFIED.,.F.,.F.,(4,1,1,4),(0.E0,3.333333333333E-1,6.666666666667E-1,1.E0),
.UNSPECIFIED.);
#651=B_SPLINE_CURVE_WITH_KNOTS('',3,(#645,#646,#647,#648,#649,#650),
.UNSPECIFIED.,.F.,.F.,(4,1,1,4),(0.E0,3.333333333333E-1,6.666666666667E-1,1.E0),
.UNSPECIFIED.);
#658=B_SPLINE_CURVE_WITH_KNOTS('',3,(#652,#653,#654,#655,#656,#657),
.UNSPECIFIED.,.F.,.F.,(4,1,1,4),(0.E0,3.333333333333E-1,6.666666666667E-1,1.E0),
.UNSPECIFIED.);
#669=B_SPLINE_CURVE_WITH_KNOTS('',3,(#663,#664,#665,#666,#667,#668),
.UNSPECIFIED.,.F.,.F.,(4,1,1,4),(0.E0,3.333333333333E-1,6.666666666667E-1,1.E0),
.UNSPECIFIED.);
#676=B_SPLINE_CURVE_WITH_KNOTS('',3,(#670,#671,#672,#673,#674,#675),
.UNSPECIFIED.,.F.,.F.,(4,1,1,4),(0.E0,3.333333333333E-1,6.666666666667E-1,1.E0),
.UNSPECIFIED.);
#696=B_SPLINE_CURVE_WITH_KNOTS('',3,(#677,#678,#679,#680,#681,#682,#683,#684,
#685,#686,#687,#688,#689,#690,#691,#692,#693,#694,#695),.UNSPECIFIED.,.F.,.F.,
(4,1,1,1,1,1,1,1,1,1,1,1,1,1,1,1,4),(0.E0,3.125E-2,6.25E-2,1.25E-1,1.875E-1,
2.5E-1,3.125E-1,3.75E-1,5.E-1,6.25E-1,6.875E-1,7.5E-1,8.125E-1,8.75E-1,9.375E-1,
9.6875E-1,1.E0),.UNSPECIFIED.);
#709=CIRCLE('',#708,3.75E0);
#714=CIRCLE('',#713,3.75E0);
#719=CIRCLE('',#718,2.75E0);
#724=CIRCLE('',#723,2.75E0);
#737=CIRCLE('',#736,2.25E0);
#746=CIRCLE('',#745,2.25E0);
#751=CIRCLE('',#750,2.25E0);
#760=CIRCLE('',#759,2.25E0);
#765=CIRCLE('',#764,5.224999932252E1);
#774=CIRCLE('',#773,1.E1);
#779=CIRCLE('',#778,1.E1);
#804=CIRCLE('',#803,5.E0);
#813=CIRCLE('',#812,1.E1);
#818=CIRCLE('',#817,3.999999993914E0);
#823=CIRCLE('',#822,5.224999932252E1);
#828=CIRCLE('',#827,1.E1);
#833=CIRCLE('',#832,1.E1);
#838=CIRCLE('',#837,5.E0);
#843=CIRCLE('',#842,2.25E1);
#852=CIRCLE('',#851,6.E0);
#857=CIRCLE('',#856,4.E0);
#862=CIRCLE('',#861,4.E0);
#867=CIRCLE('',#866,1.1E1);
#872=CIRCLE('',#871,1.E0);
#877=CIRCLE('',#876,1.1E1);
#890=CIRCLE('',#889,5.E0);
#895=CIRCLE('',#894,1.E0);
#900=CIRCLE('',#899,1.E0);
#923=B_SPLINE_CURVE_WITH_KNOTS('',3,(#909,#910,#911,#912,#913,#914,#915,#916,
#917,#918,#919,#920,#921,#922),.UNSPECIFIED.,.F.,.F.,(4,1,1,1,1,1,1,1,1,1,1,4),(
0.E0,9.090909090909E-2,1.818181818182E-1,2.727272727273E-1,3.636363636364E-1,
4.545454545455E-1,5.454545454545E-1,6.363636363636E-1,7.272727272727E-1,
8.181818181818E-1,9.090909090909E-1,1.E0),.UNSPECIFIED.);
#928=CIRCLE('',#927,1.E1);
#933=CIRCLE('',#932,6.E0);
#942=CIRCLE('',#941,2.25E1);
#947=CIRCLE('',#946,5.E0);
#952=CIRCLE('',#951,1.E1);
#957=CIRCLE('',#956,1.E1);
#962=CIRCLE('',#961,5.224999932252E1);
#967=CIRCLE('',#966,3.999999993914E0);
#972=CIRCLE('',#971,4.E0);
#977=CIRCLE('',#976,4.E0);
#982=CIRCLE('',#981,1.1E1);
#987=CIRCLE('',#986,1.E0);
#992=CIRCLE('',#991,1.1E1);
#997=CIRCLE('',#996,5.E0);
#1002=CIRCLE('',#1001,1.E0);
#1013=B_SPLINE_CURVE_WITH_KNOTS('',3,(#1003,#1004,#1005,#1006,#1007,#1008,#1009,
#1010,#1011,#1012),.UNSPECIFIED.,.F.,.F.,(4,1,1,1,1,1,1,4),(0.E0,
1.428571428571E-1,2.857142857143E-1,4.285714285714E-1,5.714285714286E-1,
7.142857142857E-1,8.571428571429E-1,1.E0),.UNSPECIFIED.);
#1018=CIRCLE('',#1017,2.999999993914E0);
#1023=CIRCLE('',#1022,1.E0);
#1039=B_SPLINE_CURVE_WITH_KNOTS('',3,(#1032,#1033,#1034,#1035,#1036,#1037,
#1038),.UNSPECIFIED.,.F.,.F.,(4,1,1,1,4),(0.E0,2.5E-1,5.E-1,7.5E-1,1.E0),
.UNSPECIFIED.);
#1056=CIRCLE('',#1055,2.25E1);
#1061=CIRCLE('',#1060,5.174999932252E1);
#1066=CIRCLE('',#1065,9.5E0);
#1071=CIRCLE('',#1070,9.5E0);
#1080=CIRCLE('',#1079,5.5E0);
#1085=CIRCLE('',#1084,2.25E1);
#1090=CIRCLE('',#1089,7.E0);
#1095=CIRCLE('',#1094,7.E0);
#1102=B_SPLINE_CURVE_WITH_KNOTS('',3,(#1096,#1097,#1098,#1099,#1100,#1101),
.UNSPECIFIED.,.F.,.F.,(4,1,1,4),(0.E0,3.333333333333E-1,6.666666666667E-1,1.E0),
.UNSPECIFIED.);
#1107=CIRCLE('',#1106,5.224999932252E1);
#1116=CIRCLE('',#1115,1.E1);
#1121=CIRCLE('',#1120,1.E1);
#1144=B_SPLINE_CURVE_WITH_KNOTS('',3,(#1138,#1139,#1140,#1141,#1142,#1143),
.UNSPECIFIED.,.F.,.F.,(4,1,1,4),(0.E0,3.333333333333E-1,6.666666666667E-1,1.E0),
.UNSPECIFIED.);
#1153=CIRCLE('',#1152,5.E0);
#1174=CIRCLE('',#1173,7.E0);
#1179=CIRCLE('',#1178,7.E0);
#1184=CIRCLE('',#1183,4.E0);
#1189=CIRCLE('',#1188,4.E0);
#1210=CIRCLE('',#1209,2.999999993914E0);
#1227=CIRCLE('',#1226,2.E0);
#1248=CIRCLE('',#1247,3.05E1);
#1253=CIRCLE('',#1252,3.05E1);
#1262=CIRCLE('',#1261,2.E0);
#1283=CIRCLE('',#1282,2.25E0);
#1292=CIRCLE('',#1291,2.25E0);
#1301=CIRCLE('',#1300,3.75E0);
#1306=CIRCLE('',#1305,3.75E0);
#1311=CIRCLE('',#1310,2.75E0);
#1316=CIRCLE('',#1315,2.75E0);
#1328=B_SPLINE_CURVE_WITH_KNOTS('',3,(#1317,#1318,#1319,#1320,#1321,#1322,#1323,
#1324,#1325,#1326,#1327),.UNSPECIFIED.,.F.,.F.,(4,1,1,1,1,1,1,1,4),(0.E0,
1.25E-1,2.5E-1,3.75E-1,5.E-1,6.25E-1,7.5E-1,8.75E-1,1.E0),.UNSPECIFIED.);
#1344=B_SPLINE_CURVE_WITH_KNOTS('',3,(#1333,#1334,#1335,#1336,#1337,#1338,#1339,
#1340,#1341,#1342,#1343),.UNSPECIFIED.,.F.,.F.,(4,1,1,1,1,1,1,1,4),(0.E0,
1.25E-1,2.5E-1,3.75E-1,5.E-1,6.25E-1,7.5E-1,8.75E-1,1.E0),.UNSPECIFIED.);
#1357=CIRCLE('',#1356,2.25E0);
#1366=CIRCLE('',#1365,2.25E0);
#1371=CIRCLE('',#1370,2.25E0);
#1380=CIRCLE('',#1379,2.25E0);
#1389=CIRCLE('',#1388,3.75E0);
#1394=CIRCLE('',#1393,3.75E0);
#1399=CIRCLE('',#1398,2.75E0);
#1404=CIRCLE('',#1403,2.75E0);
#1416=B_SPLINE_CURVE_WITH_KNOTS('',3,(#1405,#1406,#1407,#1408,#1409,#1410,#1411,
#1412,#1413,#1414,#1415),.UNSPECIFIED.,.F.,.F.,(4,1,1,1,1,1,1,1,4),(0.E0,
1.25E-1,2.5E-1,3.75E-1,5.E-1,6.25E-1,7.5E-1,8.75E-1,1.E0),.UNSPECIFIED.);
#1432=B_SPLINE_CURVE_WITH_KNOTS('',3,(#1421,#1422,#1423,#1424,#1425,#1426,#1427,
#1428,#1429,#1430,#1431),.UNSPECIFIED.,.F.,.F.,(4,1,1,1,1,1,1,1,4),(0.E0,
1.25E-1,2.5E-1,3.75E-1,5.E-1,6.25E-1,7.5E-1,8.75E-1,1.E0),.UNSPECIFIED.);
#1445=CIRCLE('',#1444,2.25E0);
#1454=CIRCLE('',#1453,2.25E0);
#1463=CIRCLE('',#1462,1.975E0);
#1472=CIRCLE('',#1471,1.975E0);
#1477=CIRCLE('',#1476,1.975E0);
#1486=CIRCLE('',#1485,1.975E0);
#1495=CIRCLE('',#1494,1.475E0);
#1500=CIRCLE('',#1499,1.475E0);
#1509=CIRCLE('',#1508,1.975E0);
#1518=CIRCLE('',#1517,1.975E0);
#1523=CIRCLE('',#1522,1.975E0);
#1532=CIRCLE('',#1531,1.975E0);
#1541=CIRCLE('',#1540,1.475E0);
#1546=CIRCLE('',#1545,1.475E0);
#1551=CIRCLE('',#1550,2.25E0);
#1560=CIRCLE('',#1559,2.25E0);
#1569=CIRCLE('',#1568,3.75E0);
#1574=CIRCLE('',#1573,3.75E0);
#1579=CIRCLE('',#1578,2.75E0);
#1584=CIRCLE('',#1583,2.75E0);
#1601=CIRCLE('',#1600,2.25E0);
#1610=CIRCLE('',#1609,2.25E0);
#1615=CIRCLE('',#1614,2.25E0);
#1624=CIRCLE('',#1623,2.25E0);
#1633=CIRCLE('',#1632,3.75E0);
#1638=CIRCLE('',#1637,3.75E0);
#1643=CIRCLE('',#1642,2.75E0);
#1648=CIRCLE('',#1647,2.75E0);
#1665=CIRCLE('',#1664,2.25E0);
#1674=CIRCLE('',#1673,2.25E0);
#1683=CIRCLE('',#1682,1.975E0);
#1692=CIRCLE('',#1691,1.975E0);
#1697=CIRCLE('',#1696,1.975E0);
#1706=CIRCLE('',#1705,1.975E0);
#1715=CIRCLE('',#1714,1.475E0);
#1720=CIRCLE('',#1719,1.475E0);
#2139=EDGE_CURVE('',#1723,#1724,#14,.T.);
#2141=EDGE_CURVE('',#1726,#1723,#28,.T.);
#2143=EDGE_CURVE('',#1728,#1726,#72,.T.);
#2145=EDGE_CURVE('',#1728,#1724,#4,.T.);
#2155=EDGE_CURVE('',#1724,#1723,#9,.T.);
#2160=EDGE_CURVE('',#1731,#1732,#19,.T.);
#2162=EDGE_CURVE('',#1732,#1731,#24,.T.);
#2174=EDGE_CURVE('',#1726,#1728,#77,.T.);
#2185=EDGE_CURVE('',#1735,#1736,#33,.T.);
#2187=EDGE_CURVE('',#1738,#1736,#257,.T.);
#2189=EDGE_CURVE('',#1738,#1740,#38,.T.);
#2191=EDGE_CURVE('',#1740,#1742,#43,.T.);
#2193=EDGE_CURVE('',#1742,#1744,#47,.T.);
#2195=EDGE_CURVE('',#1744,#1746,#52,.T.);
#2197=EDGE_CURVE('',#1746,#1748,#57,.T.);
#2199=EDGE_CURVE('',#1748,#1750,#62,.T.);
#2201=EDGE_CURVE('',#1752,#1750,#662,.T.);
#2203=EDGE_CURVE('',#1752,#1754,#67,.T.);
#2205=EDGE_CURVE('',#1735,#1754,#123,.T.);
#2213=EDGE_CURVE('',#1757,#1758,#82,.T.);
#2215=EDGE_CURVE('',#1758,#1757,#87,.T.);
#2219=EDGE_CURVE('',#1761,#1762,#92,.T.);
#2221=EDGE_CURVE('',#1762,#1761,#97,.T.);
#2231=EDGE_CURVE('',#1763,#1735,#119,.T.);
#2233=EDGE_CURVE('',#1765,#1763,#295,.T.);
#2235=EDGE_CURVE('',#1767,#1765,#305,.T.);
#2237=EDGE_CURVE('',#1767,#1769,#101,.T.);
#2239=EDGE_CURVE('',#1736,#1769,#264,.T.);
#2250=EDGE_CURVE('',#1772,#1773,#105,.T.);
#2252=EDGE_CURVE('',#1773,#1763,#112,.T.);
#2256=EDGE_CURVE('',#1754,#1774,#130,.T.);
#2258=EDGE_CURVE('',#1774,#1772,#137,.T.);
#2268=EDGE_CURVE('',#1775,#1776,#146,.T.);
#2270=EDGE_CURVE('',#1778,#1776,#239,.T.);
#2272=EDGE_CURVE('',#1773,#1778,#291,.T.);
#2275=EDGE_CURVE('',#1779,#1772,#696,.T.);
#2277=EDGE_CURVE('',#1781,#1779,#644,.T.);
#2279=EDGE_CURVE('',#1781,#1782,#155,.T.);
#2281=EDGE_CURVE('',#1783,#1782,#625,.T.);
#2283=EDGE_CURVE('',#1785,#1783,#607,.T.);
#2285=EDGE_CURVE('',#1785,#1787,#159,.T.);
#2287=EDGE_CURVE('',#1789,#1787,#575,.T.);
#2289=EDGE_CURVE('',#1775,#1789,#567,.T.);
#2293=EDGE_CURVE('',#1790,#1791,#171,.T.);
#2295=EDGE_CURVE('',#1792,#1791,#1344,.T.);
#2297=EDGE_CURVE('',#1792,#1793,#183,.T.);
#2299=EDGE_CURVE('',#1790,#1793,#1328,.T.);
#2303=EDGE_CURVE('',#1794,#1795,#195,.T.);
#2305=EDGE_CURVE('',#1796,#1795,#1432,.T.);
#2307=EDGE_CURVE('',#1796,#1797,#207,.T.);
#2309=EDGE_CURVE('',#1794,#1797,#1416,.T.);
#2319=EDGE_CURVE('',#1800,#1801,#231,.T.);
#2321=EDGE_CURVE('',#1776,#1800,#246,.T.);
#2324=EDGE_CURVE('',#1803,#1775,#561,.T.);
#2326=EDGE_CURVE('',#1805,#1803,#450,.T.);
#2328=EDGE_CURVE('',#1807,#1805,#1161,.T.);
#2330=EDGE_CURVE('',#1809,#1807,#942,.T.);
#2332=EDGE_CURVE('',#1810,#1809,#923,.T.);
#2334=EDGE_CURVE('',#1810,#1812,#211,.T.);
#2336=EDGE_CURVE('',#1812,#1813,#226,.T.);
#2338=EDGE_CURVE('',#1815,#1813,#843,.T.);
#2340=EDGE_CURVE('',#1801,#1815,#795,.T.);
#2351=EDGE_CURVE('',#1800,#1738,#253,.T.);
#2354=EDGE_CURVE('',#1801,#1740,#235,.T.);
#2369=EDGE_CURVE('',#1769,#1778,#271,.T.);
#2382=EDGE_CURVE('',#1765,#1767,#300,.T.);
#2398=EDGE_CURVE('',#2064,#2065,#310,.T.);
#2400=EDGE_CURVE('',#2065,#2064,#315,.T.);
#2411=EDGE_CURVE('',#2065,#2069,#323,.T.);
#2413=EDGE_CURVE('',#2068,#2069,#342,.T.);
#2415=EDGE_CURVE('',#2064,#2068,#319,.T.);
#2427=EDGE_CURVE('',#2069,#2068,#328,.T.);
#2439=EDGE_CURVE('',#2068,#2113,#332,.T.);
#2441=EDGE_CURVE('',#2113,#2111,#337,.T.);
#2443=EDGE_CURVE('',#2069,#2111,#346,.T.);
#2455=EDGE_CURVE('',#2111,#2113,#351,.T.);
#2466=EDGE_CURVE('',#1818,#1819,#356,.T.);
#2468=EDGE_CURVE('',#1819,#1818,#361,.T.);
#2472=EDGE_CURVE('',#2121,#2119,#1292,.T.);
#2474=EDGE_CURVE('',#2119,#2121,#1366,.T.);
#2478=EDGE_CURVE('',#2125,#2123,#1380,.T.);
#2480=EDGE_CURVE('',#2123,#2125,#1454,.T.);
#2484=EDGE_CURVE('',#1822,#1823,#366,.T.);
#2486=EDGE_CURVE('',#1823,#1825,#371,.T.);
#2488=EDGE_CURVE('',#1825,#1827,#376,.T.);
#2490=EDGE_CURVE('',#1827,#1822,#381,.T.);
#2494=EDGE_CURVE('',#1830,#1831,#386,.T.);
#2496=EDGE_CURVE('',#1831,#1833,#391,.T.);
#2498=EDGE_CURVE('',#1833,#1835,#396,.T.);
#2500=EDGE_CURVE('',#1835,#1830,#401,.T.);
#2508=EDGE_CURVE('',#2129,#2127,#1560,.T.);
#2510=EDGE_CURVE('',#2127,#2129,#1610,.T.);
#2514=EDGE_CURVE('',#2133,#2131,#1624,.T.);
#2516=EDGE_CURVE('',#2131,#2133,#1674,.T.);
#2520=EDGE_CURVE('',#2117,#2115,#746,.T.);
#2522=EDGE_CURVE('',#2115,#2117,#760,.T.);
#2526=EDGE_CURVE('',#1838,#1839,#406,.T.);
#2528=EDGE_CURVE('',#1839,#1841,#411,.T.);
#2530=EDGE_CURVE('',#1841,#1843,#416,.T.);
#2532=EDGE_CURVE('',#1843,#1838,#421,.T.);
#2542=EDGE_CURVE('',#1846,#1847,#465,.T.);
#2544=EDGE_CURVE('',#1846,#1819,#425,.T.);
#2547=EDGE_CURVE('',#1847,#1818,#1278,.T.);
#2557=EDGE_CURVE('',#1850,#1851,#430,.T.);
#2559=EDGE_CURVE('',#1851,#1853,#435,.T.);
#2561=EDGE_CURVE('',#1853,#1855,#440,.T.);
#2563=EDGE_CURVE('',#1855,#1805,#445,.T.);
#2566=EDGE_CURVE('',#1803,#1850,#455,.T.);
#2570=EDGE_CURVE('',#1847,#1846,#460,.T.);
#2581=EDGE_CURVE('',#1856,#1857,#480,.T.);
#2583=EDGE_CURVE('',#1851,#1856,#633,.T.);
#2587=EDGE_CURVE('',#1803,#1859,#469,.T.);
#2589=EDGE_CURVE('',#1860,#1859,#548,.T.);
#2591=EDGE_CURVE('',#1862,#1860,#504,.T.);
#2593=EDGE_CURVE('',#1857,#1862,#499,.T.);
#2604=EDGE_CURVE('',#1864,#1857,#494,.T.);
#2606=EDGE_CURVE('',#1864,#1866,#484,.T.);
#2608=EDGE_CURVE('',#1866,#1856,#489,.T.);
#2621=EDGE_CURVE('',#1860,#1868,#509,.T.);
#2623=EDGE_CURVE('',#1868,#1870,#513,.T.);
#2625=EDGE_CURVE('',#1870,#1872,#518,.T.);
#2627=EDGE_CURVE('',#1872,#1874,#523,.T.);
#2629=EDGE_CURVE('',#1874,#1876,#528,.T.);
#2631=EDGE_CURVE('',#1876,#1878,#533,.T.);
#2633=EDGE_CURVE('',#1878,#1864,#537,.T.);
#2644=EDGE_CURVE('',#1859,#1880,#553,.T.);
#2646=EDGE_CURVE('',#1880,#1868,#557,.T.);
#2660=EDGE_CURVE('',#1789,#1880,#571,.T.);
#2673=EDGE_CURVE('',#1787,#1882,#579,.T.);
#2675=EDGE_CURVE('',#1884,#1882,#1274,.T.);
#2677=EDGE_CURVE('',#1884,#1880,#583,.T.);
#2687=EDGE_CURVE('',#1886,#1785,#615,.T.);
#2689=EDGE_CURVE('',#1886,#1888,#588,.T.);
#2691=EDGE_CURVE('',#1888,#1890,#593,.T.);
#2693=EDGE_CURVE('',#1890,#1892,#598,.T.);
#2695=EDGE_CURVE('',#1892,#1882,#603,.T.);
#2708=EDGE_CURVE('',#1866,#1783,#619,.T.);
#2710=EDGE_CURVE('',#1866,#1894,#611,.T.);
#2712=EDGE_CURVE('',#1886,#1894,#1235,.T.);
#2726=EDGE_CURVE('',#1782,#1851,#629,.T.);
#2738=EDGE_CURVE('',#1895,#1781,#676,.T.);
#2740=EDGE_CURVE('',#1895,#1896,#640,.T.);
#2742=EDGE_CURVE('',#1853,#1896,#1027,.T.);
#2755=EDGE_CURVE('',#1779,#1897,#651,.T.);
#2757=EDGE_CURVE('',#1897,#1752,#658,.T.);
#2760=EDGE_CURVE('',#1750,#1895,#669,.T.);
#2773=EDGE_CURVE('',#1899,#1774,#704,.T.);
#2775=EDGE_CURVE('',#1901,#1899,#709,.T.);
#2777=EDGE_CURVE('',#1901,#1897,#700,.T.);
#2790=EDGE_CURVE('',#1899,#1901,#714,.T.);
#2807=EDGE_CURVE('',#2088,#2089,#719,.T.);
#2809=EDGE_CURVE('',#2089,#2088,#724,.T.);
#2820=EDGE_CURVE('',#2089,#2093,#732,.T.);
#2822=EDGE_CURVE('',#2092,#2093,#751,.T.);
#2824=EDGE_CURVE('',#2088,#2092,#728,.T.);
#2836=EDGE_CURVE('',#2093,#2092,#737,.T.);
#2848=EDGE_CURVE('',#2092,#2117,#741,.T.);
#2851=EDGE_CURVE('',#2093,#2115,#755,.T.);
#2876=EDGE_CURVE('',#1903,#1748,#783,.T.);
#2878=EDGE_CURVE('',#1903,#1896,#765,.T.);
#2889=EDGE_CURVE('',#1744,#1905,#769,.T.);
#2891=EDGE_CURVE('',#1905,#1907,#774,.T.);
#2893=EDGE_CURVE('',#1907,#1903,#779,.T.);
#2905=EDGE_CURVE('',#1905,#1909,#787,.T.);
#2909=EDGE_CURVE('',#1909,#1742,#808,.T.);
#2920=EDGE_CURVE('',#1911,#1909,#799,.T.);
#2922=EDGE_CURVE('',#1911,#1913,#791,.T.);
#2924=EDGE_CURVE('',#1905,#1913,#1205,.T.);
#2934=EDGE_CURVE('',#1801,#1909,#804,.T.);
#2937=EDGE_CURVE('',#1911,#1815,#838,.T.);
#2960=EDGE_CURVE('',#1916,#1917,#813,.T.);
#2962=EDGE_CURVE('',#1917,#1919,#818,.T.);
#2964=EDGE_CURVE('',#1919,#1921,#823,.T.);
#2966=EDGE_CURVE('',#1921,#1923,#828,.T.);
#2968=EDGE_CURVE('',#1923,#1913,#833,.T.);
#2973=EDGE_CURVE('',#1813,#1925,#847,.T.);
#2975=EDGE_CURVE('',#1925,#1916,#852,.T.);
#2979=EDGE_CURVE('',#1928,#1929,#857,.T.);
#2981=EDGE_CURVE('',#1929,#1928,#862,.T.);
#2991=EDGE_CURVE('',#1932,#1933,#867,.T.);
#2993=EDGE_CURVE('',#1933,#1917,#872,.T.);
#2996=EDGE_CURVE('',#1935,#1916,#895,.T.);
#2998=EDGE_CURVE('',#1935,#1932,#877,.T.);
#3009=EDGE_CURVE('',#1935,#1937,#881,.T.);
#3011=EDGE_CURVE('',#1939,#1937,#982,.T.);
#3013=EDGE_CURVE('',#1941,#1939,#992,.T.);
#3015=EDGE_CURVE('',#1933,#1941,#1214,.T.);
#3027=EDGE_CURVE('',#1943,#1935,#890,.T.);
#3029=EDGE_CURVE('',#1943,#1945,#885,.T.);
#3031=EDGE_CURVE('',#1937,#1945,#997,.T.);
#3044=EDGE_CURVE('',#1925,#1943,#900,.T.);
#3056=EDGE_CURVE('',#1812,#1943,#904,.T.);
#3068=EDGE_CURVE('',#1945,#1810,#908,.T.);
#3082=EDGE_CURVE('',#1947,#1809,#937,.T.);
#3084=EDGE_CURVE('',#1945,#1947,#1002,.T.);
#3094=EDGE_CURVE('',#1950,#1951,#928,.T.);
#3096=EDGE_CURVE('',#1951,#1947,#933,.T.);
#3100=EDGE_CURVE('',#1807,#1953,#947,.T.);
#3102=EDGE_CURVE('',#1955,#1953,#1137,.T.);
#3104=EDGE_CURVE('',#1955,#1958,#952,.T.);
#3106=EDGE_CURVE('',#1958,#1959,#957,.T.);
#3108=EDGE_CURVE('',#1959,#1961,#962,.T.);
#3110=EDGE_CURVE('',#1961,#1950,#967,.T.);
#3114=EDGE_CURVE('',#1964,#1965,#972,.T.);
#3116=EDGE_CURVE('',#1965,#1964,#977,.T.);
#3127=EDGE_CURVE('',#1937,#1951,#987,.T.);
#3130=EDGE_CURVE('',#1941,#1950,#1023,.T.);
#3154=EDGE_CURVE('',#1961,#1966,#1013,.T.);
#3156=EDGE_CURVE('',#1966,#1941,#1018,.T.);
#3167=EDGE_CURVE('',#1853,#1968,#1051,.T.);
#3171=EDGE_CURVE('',#1903,#1921,#1031,.T.);
#3174=EDGE_CURVE('',#1919,#1969,#1039,.T.);
#3176=EDGE_CURVE('',#1969,#1966,#1043,.T.);
#3180=EDGE_CURVE('',#1959,#1971,#1047,.T.);
#3182=EDGE_CURVE('',#1968,#1971,#1107,.T.);
#3192=EDGE_CURVE('',#1974,#1975,#1085,.T.);
#3194=EDGE_CURVE('',#1976,#1974,#1144,.T.);
#3196=EDGE_CURVE('',#1805,#1976,#1165,.T.);
#3201=EDGE_CURVE('',#1977,#1968,#1102,.T.);
#3203=EDGE_CURVE('',#1975,#1977,#1056,.T.);
#3214=EDGE_CURVE('',#1977,#1979,#1061,.T.);
#3216=EDGE_CURVE('',#1979,#1981,#1066,.T.);
#3218=EDGE_CURVE('',#1981,#1983,#1071,.T.);
#3220=EDGE_CURVE('',#1983,#1985,#1075,.T.);
#3222=EDGE_CURVE('',#1985,#1974,#1080,.T.);
#3227=EDGE_CURVE('',#1988,#1989,#1090,.T.);
#3229=EDGE_CURVE('',#1989,#1988,#1095,.T.);
#3241=EDGE_CURVE('',#1979,#1971,#1111,.T.);
#3253=EDGE_CURVE('',#1971,#1991,#1116,.T.);
#3255=EDGE_CURVE('',#1991,#1993,#1121,.T.);
#3257=EDGE_CURVE('',#1993,#1983,#1125,.T.);
#3273=EDGE_CURVE('',#1955,#1993,#1129,.T.);
#3284=EDGE_CURVE('',#1995,#1993,#1133,.T.);
#3288=EDGE_CURVE('',#1995,#1953,#1157,.T.);
#3301=EDGE_CURVE('',#1985,#1995,#1148,.T.);
#3314=EDGE_CURVE('',#1995,#1976,#1153,.T.);
#3337=EDGE_CURVE('',#1998,#1999,#1179,.T.);
#3339=EDGE_CURVE('',#1998,#1989,#1169,.T.);
#3342=EDGE_CURVE('',#1999,#1988,#1193,.T.);
#3352=EDGE_CURVE('',#1999,#1998,#1174,.T.);
#3357=EDGE_CURVE('',#2002,#2003,#1184,.T.);
#3359=EDGE_CURVE('',#2003,#2002,#1189,.T.);
#3382=EDGE_CURVE('',#1965,#2003,#1197,.T.);
#3385=EDGE_CURVE('',#1964,#2002,#1201,.T.);
#3421=EDGE_CURVE('',#1933,#1969,#1210,.T.);
#3447=EDGE_CURVE('',#1731,#1928,#1222,.T.);
#3450=EDGE_CURVE('',#1732,#1929,#1218,.T.);
#3475=EDGE_CURVE('',#1894,#1878,#1231,.T.);
#3485=EDGE_CURVE('',#2005,#1894,#1227,.T.);
#3489=EDGE_CURVE('',#2005,#1876,#1257,.T.);
#3500=EDGE_CURVE('',#1888,#2005,#1243,.T.);
#3512=EDGE_CURVE('',#2008,#2009,#1248,.T.);
#3514=EDGE_CURVE('',#2008,#1892,#1239,.T.);
#3519=EDGE_CURVE('',#2009,#2005,#1253,.T.);
#3529=EDGE_CURVE('',#2008,#1872,#1266,.T.);
#3544=EDGE_CURVE('',#1884,#2008,#1262,.T.);
#3548=EDGE_CURVE('',#1870,#1884,#1270,.T.);
#3594=EDGE_CURVE('',#2085,#2084,#1283,.T.);
#3596=EDGE_CURVE('',#2084,#2121,#1287,.T.);
#3599=EDGE_CURVE('',#2085,#2119,#1361,.T.);
#3609=EDGE_CURVE('',#2081,#2080,#1316,.T.);
#3611=EDGE_CURVE('',#2080,#2084,#1352,.T.);
#3614=EDGE_CURVE('',#2081,#2085,#1296,.T.);
#3624=EDGE_CURVE('',#2012,#2013,#1301,.T.);
#3626=EDGE_CURVE('',#2013,#2012,#1306,.T.);
#3630=EDGE_CURVE('',#2080,#2081,#1311,.T.);
#3643=EDGE_CURVE('',#2013,#1793,#1348,.T.);
#3646=EDGE_CURVE('',#2012,#1791,#1332,.T.);
#3671=EDGE_CURVE('',#2084,#2085,#1357,.T.);
#3694=EDGE_CURVE('',#2077,#2076,#1371,.T.);
#3696=EDGE_CURVE('',#2076,#2125,#1375,.T.);
#3699=EDGE_CURVE('',#2077,#2123,#1449,.T.);
#3709=EDGE_CURVE('',#2073,#2072,#1404,.T.);
#3711=EDGE_CURVE('',#2072,#2076,#1440,.T.);
#3714=EDGE_CURVE('',#2073,#2077,#1384,.T.);
#3724=EDGE_CURVE('',#2016,#2017,#1389,.T.);
#3726=EDGE_CURVE('',#2017,#2016,#1394,.T.);
#3730=EDGE_CURVE('',#2072,#2073,#1399,.T.);
#3743=EDGE_CURVE('',#2017,#1797,#1436,.T.);
#3746=EDGE_CURVE('',#2016,#1795,#1420,.T.);
#3771=EDGE_CURVE('',#2076,#2077,#1445,.T.);
#3794=EDGE_CURVE('',#2020,#2021,#1463,.T.);
#3796=EDGE_CURVE('',#2020,#1825,#1458,.T.);
#3800=EDGE_CURVE('',#2023,#1822,#1490,.T.);
#3802=EDGE_CURVE('',#2021,#2023,#1486,.T.);
#3813=EDGE_CURVE('',#2021,#2025,#1467,.T.);
#3815=EDGE_CURVE('',#2027,#2025,#1495,.T.);
#3817=EDGE_CURVE('',#2029,#2027,#1481,.T.);
#3819=EDGE_CURVE('',#2029,#2020,#1472,.T.);
#3829=EDGE_CURVE('',#2023,#2029,#1477,.T.);
#3832=EDGE_CURVE('',#2025,#2027,#1500,.T.);
#3868=EDGE_CURVE('',#2032,#2033,#1509,.T.);
#3870=EDGE_CURVE('',#2032,#1833,#1504,.T.);
#3874=EDGE_CURVE('',#2035,#1830,#1536,.T.);
#3876=EDGE_CURVE('',#2033,#2035,#1532,.T.);
#3887=EDGE_CURVE('',#2033,#2037,#1513,.T.);
#3889=EDGE_CURVE('',#2039,#2037,#1541,.T.);
#3891=EDGE_CURVE('',#2041,#2039,#1527,.T.);
#3893=EDGE_CURVE('',#2041,#2032,#1518,.T.);
#3903=EDGE_CURVE('',#2035,#2041,#1523,.T.);
#3906=EDGE_CURVE('',#2037,#2039,#1546,.T.);
#3942=EDGE_CURVE('',#2109,#2108,#1551,.T.);
#3944=EDGE_CURVE('',#2108,#2129,#1555,.T.);
#3947=EDGE_CURVE('',#2109,#2127,#1605,.T.);
#3957=EDGE_CURVE('',#2105,#2104,#1584,.T.);
#3959=EDGE_CURVE('',#2104,#2108,#1596,.T.);
#3962=EDGE_CURVE('',#2105,#2109,#1564,.T.);
#3972=EDGE_CURVE('',#2044,#2045,#1569,.T.);
#3974=EDGE_CURVE('',#2045,#2044,#1574,.T.);
#3978=EDGE_CURVE('',#2104,#2105,#1579,.T.);
#3990=EDGE_CURVE('',#2045,#1762,#1592,.T.);
#3993=EDGE_CURVE('',#2044,#1761,#1588,.T.);
#4017=EDGE_CURVE('',#2108,#2109,#1601,.T.);
#4040=EDGE_CURVE('',#2101,#2100,#1615,.T.);
#4042=EDGE_CURVE('',#2100,#2133,#1619,.T.);
#4045=EDGE_CURVE('',#2101,#2131,#1669,.T.);
#4055=EDGE_CURVE('',#2097,#2096,#1648,.T.);
#4057=EDGE_CURVE('',#2096,#2100,#1660,.T.);
#4060=EDGE_CURVE('',#2097,#2101,#1628,.T.);
#4070=EDGE_CURVE('',#2048,#2049,#1633,.T.);
#4072=EDGE_CURVE('',#2049,#2048,#1638,.T.);
#4076=EDGE_CURVE('',#2096,#2097,#1643,.T.);
#4088=EDGE_CURVE('',#2049,#1757,#1656,.T.);
#4091=EDGE_CURVE('',#2048,#1758,#1652,.T.);
#4115=EDGE_CURVE('',#2100,#2101,#1665,.T.);
#4138=EDGE_CURVE('',#2052,#2053,#1683,.T.);
#4140=EDGE_CURVE('',#2052,#1841,#1678,.T.);
#4144=EDGE_CURVE('',#2055,#1838,#1710,.T.);
#4146=EDGE_CURVE('',#2053,#2055,#1706,.T.);
#4157=EDGE_CURVE('',#2053,#2057,#1687,.T.);
#4159=EDGE_CURVE('',#2059,#2057,#1715,.T.);
#4161=EDGE_CURVE('',#2061,#2059,#1701,.T.);
#4163=EDGE_CURVE('',#2061,#2052,#1692,.T.);
#4173=EDGE_CURVE('',#2055,#2061,#1697,.T.);
#4176=EDGE_CURVE('',#2057,#2059,#1720,.T.);
#4207=CLOSED_SHELL('',(#2149,#2166,#2179,#2225,#2244,#2262,#2313,#2344,#2358,
#2373,#2388,#2404,#2419,#2432,#2447,#2460,#2536,#2551,#2575,#2597,#2612,#2637,
#2651,#2665,#2681,#2701,#2717,#2731,#2748,#2765,#2782,#2797,#2813,#2828,#2841,
#2855,#2867,#2882,#2899,#2913,#2928,#2942,#2954,#2985,#3002,#3020,#3035,#3048,
#3061,#3074,#3088,#3120,#3135,#3147,#3161,#3186,#3207,#3233,#3246,#3263,#3278,
#3292,#3305,#3318,#3331,#3346,#3363,#3375,#3389,#3401,#3415,#3428,#3440,#3454,
#3466,#3479,#3493,#3506,#3523,#3538,#3552,#3564,#3576,#3588,#3603,#3618,#3635,
#3650,#3663,#3676,#3688,#3703,#3718,#3735,#3750,#3763,#3776,#3788,#3806,#3823,
#3838,#3852,#3862,#3880,#3897,#3912,#3926,#3936,#3951,#3966,#3983,#3997,#4009,
#4022,#4034,#4049,#4064,#4081,#4095,#4107,#4120,#4132,#4150,#4167,#4182,#4196,
#4206));
#4208=MANIFOLD_SOLID_BREP('',#4207);
#4209=(LENGTH_UNIT()NAMED_UNIT(*)SI_UNIT(.MILLI.,.METRE.));
#4211=(NAMED_UNIT(*)PLANE_ANGLE_UNIT()SI_UNIT($,.RADIAN.));
#4214=(NAMED_UNIT(*)SI_UNIT($,.STERADIAN.)SOLID_ANGLE_UNIT());
#4217=ADVANCED_BREP_SHAPE_REPRESENTATION('',(#4208),#4216);
#4224=PRODUCT_DEFINITION('design','',#4223,#4220);
#4225=PRODUCT_DEFINITION_SHAPE('','SHAPE FOR KD-D-502L_ANKLE-SHAFT-LEFT_1.',
#4224);
#4226=SHAPE_DEFINITION_REPRESENTATION(#4225,#4217);
ENDSEC;
END-ISO-10303-21;
