ISO-10303-21;
HEADER;
FILE_DESCRIPTION((''),'2;1');
FILE_NAME('KD-D-506L_ENDSTOP_80DEG_1','2025-07-12T16:34:08',('Administrator'),(
''),'CREO PARAMETRIC BY PTC INC, 2022073','CREO PARAMETRIC BY PTC INC, 2022073',
'');
FILE_SCHEMA(('CONFIG_CONTROL_DESIGN'));
ENDSEC;
DATA;
#1=DIRECTION('',(0.E0,8.787776881652E-1,4.772313639976E-1));
#2=VECTOR('',#1,6.031880378608E0);
#3=CARTESIAN_POINT('',(1.17E2,-4.952573206850E1,-5.562278573074E2));
#4=LINE('',#3,#2);
#5=CARTESIAN_POINT('',(1.17E2,-4.613397563025E1,-5.498341440543E2));
#6=DIRECTION('',(1.E0,0.E0,0.E0));
#7=DIRECTION('',(0.E0,4.772313641129E-1,-8.787776881026E-1));
#8=AXIS2_PLACEMENT_3D('',#5,#6,#7);
#10=CARTESIAN_POINT('',(1.17E2,-2.999999975869E0,-5.530000000597E2));
#11=DIRECTION('',(-1.E0,0.E0,0.E0));
#12=DIRECTION('',(0.E0,-9.973173561711E-1,7.319898277969E-2));
#13=AXIS2_PLACEMENT_3D('',#10,#11,#12);
#15=CARTESIAN_POINT('',(1.17E2,-1.399008924215E1,-5.195070091822E2));
#16=DIRECTION('',(-1.E0,0.E0,0.E0));
#17=DIRECTION('',(0.E0,-3.117755819892E-1,9.501557695848E-1));
#18=AXIS2_PLACEMENT_3D('',#15,#16,#17);
#20=CARTESIAN_POINT('',(1.17E2,-1.399008924215E1,-5.195070091822E2));
#21=DIRECTION('',(-1.E0,0.E0,0.E0));
#22=DIRECTION('',(0.E0,0.E0,1.E0));
#23=AXIS2_PLACEMENT_3D('',#20,#21,#22);
#25=DIRECTION('',(0.E0,7.313537016132E-1,-6.819983600689E-1));
#26=VECTOR('',#25,1.055125011581E1);
#27=CARTESIAN_POINT('',(1.17E2,-1.126210641274E1,-5.165815844811E2));
#28=LINE('',#27,#26);
#29=CARTESIAN_POINT('',(1.17E2,-6.273389133371E0,-5.267029484489E2));
#30=DIRECTION('',(-1.E0,0.E0,0.E0));
#31=DIRECTION('',(0.E0,6.819983600315E-1,7.313537016481E-1));
#32=AXIS2_PLACEMENT_3D('',#29,#30,#31);
#34=CARTESIAN_POINT('',(1.17E2,-2.999999975869E0,-5.530000000597E2));
#35=DIRECTION('',(1.E0,0.E0,0.E0));
#36=DIRECTION('',(0.E0,-1.235241191003E-1,9.923415702270E-1));
#37=AXIS2_PLACEMENT_3D('',#34,#35,#36);
#39=CARTESIAN_POINT('',(1.17E2,-1.198827469915E1,-5.779291179242E2));
#40=DIRECTION('',(-1.E0,0.E0,0.E0));
#41=DIRECTION('',(0.E0,3.391801778138E-1,9.407214289992E-1));
#42=AXIS2_PLACEMENT_3D('',#39,#40,#41);
#44=DIRECTION('',(0.E0,-7.986355100486E-1,-6.018150231503E-1));
#45=VECTOR('',#44,9.948543226809E0);
#46=CARTESIAN_POINT('',(1.17E2,-9.581013397548E0,-5.811236590533E2));
#47=LINE('',#46,#45);
#48=CARTESIAN_POINT('',(1.17E2,-1.993353782835E1,-5.839163031343E2));
#49=DIRECTION('',(-1.E0,0.E0,0.E0));
#50=DIRECTION('',(0.E0,6.018150231689E-1,-7.986355100346E-1));
#51=AXIS2_PLACEMENT_3D('',#48,#49,#50);
#53=CARTESIAN_POINT('',(1.17E2,-1.993353782835E1,-5.839163031343E2));
#54=DIRECTION('',(-1.E0,0.E0,0.E0));
#55=DIRECTION('',(0.E0,0.E0,-1.E0));
#56=AXIS2_PLACEMENT_3D('',#53,#54,#55);
#58=CARTESIAN_POINT('',(1.17E2,-2.999999975869E0,-5.530000000597E2));
#59=DIRECTION('',(-1.E0,0.E0,0.E0));
#60=DIRECTION('',(0.E0,-4.803840525482E-1,-8.770582432526E-1));
#61=AXIS2_PLACEMENT_3D('',#58,#59,#60);
#63=CARTESIAN_POINT('',(1.17E2,-4.244279741406E1,-5.707433996846E2));
#64=DIRECTION('',(1.E0,0.E0,0.E0));
#65=DIRECTION('',(0.E0,9.119721950925E-1,4.102520144717E-1));
#66=AXIS2_PLACEMENT_3D('',#63,#64,#65);
#68=DIRECTION('',(0.E0,-9.893825067545E-1,1.453349762728E-1));
#69=VECTOR('',#68,6.054078941861E0);
#70=CARTESIAN_POINT('',(1.17E2,-4.186145750872E1,-5.667858696577E2));
#71=LINE('',#70,#69);
#72=CARTESIAN_POINT('',(1.17E2,-4.726991740315E1,-5.619484702113E2));
#73=DIRECTION('',(-1.E0,0.E0,0.E0));
#74=DIRECTION('',(0.E0,-1.453349763154E-1,-9.893825067482E-1));
#75=AXIS2_PLACEMENT_3D('',#72,#73,#74);
#77=DIRECTION('',(0.E0,-1.553734680480E-1,9.878558019401E-1));
#78=VECTOR('',#77,2.232615475857E0);
#79=CARTESIAN_POINT('',(1.17E2,-5.122134061090E1,-5.625699640835E2));
#80=LINE('',#79,#78);
#81=CARTESIAN_POINT('',(1.17E2,-4.761680661244E1,-5.597429680600E2));
#82=DIRECTION('',(-1.E0,0.E0,0.E0));
#83=DIRECTION('',(0.E0,-9.878558019395E-1,-1.553734680519E-1));
#84=AXIS2_PLACEMENT_3D('',#81,#82,#83);
#86=CARTESIAN_POINT('',(1.17E2,-3.461173244536E1,-5.712468729501E2));
#87=DIRECTION('',(1.E0,0.E0,0.E0));
#88=DIRECTION('',(0.E0,0.E0,-1.E0));
#89=AXIS2_PLACEMENT_3D('',#86,#87,#88);
#91=CARTESIAN_POINT('',(1.17E2,-3.461173244536E1,-5.712468729501E2));
#92=DIRECTION('',(1.E0,0.E0,0.E0));
#93=DIRECTION('',(0.E0,0.E0,1.E0));
#94=AXIS2_PLACEMENT_3D('',#91,#92,#93);
#96=CARTESIAN_POINT('',(1.17E2,-3.894485578094E1,-5.466582856896E2));
#97=DIRECTION('',(1.E0,0.E0,0.E0));
#98=DIRECTION('',(0.E0,0.E0,-1.E0));
#99=AXIS2_PLACEMENT_3D('',#96,#97,#98);
#101=CARTESIAN_POINT('',(1.17E2,-3.894485578094E1,-5.466582856896E2));
#102=DIRECTION('',(1.E0,0.E0,0.E0));
#103=DIRECTION('',(0.E0,0.E0,1.E0));
#104=AXIS2_PLACEMENT_3D('',#101,#102,#103);
#106=CARTESIAN_POINT('',(1.17E2,-2.645898160275E1,-5.250370570632E2));
#107=DIRECTION('',(1.E0,0.E0,0.E0));
#108=DIRECTION('',(0.E0,0.E0,-1.E0));
#109=AXIS2_PLACEMENT_3D('',#106,#107,#108);
#111=CARTESIAN_POINT('',(1.17E2,-2.645898160275E1,-5.250370570632E2));
#112=DIRECTION('',(1.E0,0.E0,0.E0));
#113=DIRECTION('',(0.E0,0.E0,1.E0));
#114=AXIS2_PLACEMENT_3D('',#111,#112,#113);
#116=CARTESIAN_POINT('',(1.14E2,-3.461173244536E1,-5.712468729501E2));
#117=DIRECTION('',(-1.E0,0.E0,0.E0));
#118=DIRECTION('',(0.E0,0.E0,1.E0));
#119=AXIS2_PLACEMENT_3D('',#116,#117,#118);
#121=CARTESIAN_POINT('',(1.14E2,-3.461173244536E1,-5.712468729501E2));
#122=DIRECTION('',(-1.E0,0.E0,0.E0));
#123=DIRECTION('',(0.E0,1.254257056459E-4,-9.999999921342E-1));
#124=AXIS2_PLACEMENT_3D('',#121,#122,#123);
#126=CARTESIAN_POINT('',(1.14E2,-2.999999975869E0,-5.530000000597E2));
#127=DIRECTION('',(1.E0,0.E0,0.E0));
#128=DIRECTION('',(0.E0,-8.394580583410E-1,-5.434244825975E-1));
#129=AXIS2_PLACEMENT_3D('',#126,#127,#128);
#131=CARTESIAN_POINT('',(1.14E2,-1.993353782835E1,-5.839163031343E2));
#132=DIRECTION('',(1.E0,0.E0,0.E0));
#133=DIRECTION('',(0.E0,-4.803840525127E-1,-8.770582432721E-1));
#134=AXIS2_PLACEMENT_3D('',#131,#132,#133);
#136=CARTESIAN_POINT('',(1.14E2,-1.993353782835E1,-5.839163031343E2));
#137=DIRECTION('',(1.E0,0.E0,0.E0));
#138=DIRECTION('',(0.E0,0.E0,-1.E0));
#139=AXIS2_PLACEMENT_3D('',#136,#137,#138);
#141=CARTESIAN_POINT('',(1.139999996759E2,-1.972392177350E1,-5.848711721252E2));
#142=CARTESIAN_POINT('',(1.139999997268E2,-1.980989125604E1,-5.846740584571E2));
#143=CARTESIAN_POINT('',(1.139999993204E2,-1.999137027698E1,-5.841775677504E2));
#144=CARTESIAN_POINT('',(1.139999996905E2,-2.015572910762E1,-5.835159739833E2));
#145=CARTESIAN_POINT('',(1.139999999131E2,-2.029712587834E1,-5.831573038724E2));
#146=CARTESIAN_POINT('',(1.139999999131E2,-2.040245758548E1,-5.830175238584E2));
#148=DIRECTION('',(2.173452884329E-8,-6.018122358420E-1,7.986376104284E-1));
#149=VECTOR('',#148,4.000000000012E0);
#150=CARTESIAN_POINT('',(1.139999999131E2,-2.040245758548E1,-5.830175238584E2));
#151=LINE('',#150,#149);
#152=CARTESIAN_POINT('',(1.14E2,-2.061345888183E1,-5.781679821071E2));
#153=DIRECTION('',(-1.E0,0.E0,0.E0));
#154=DIRECTION('',(0.E0,-7.986355100047E-1,-6.018150232086E-1));
#155=AXIS2_PLACEMENT_3D('',#152,#153,#154);
#157=DIRECTION('',(0.E0,7.986355100491E-1,6.018150231497E-1));
#158=VECTOR('',#157,5.464816241553E0);
#159=CARTESIAN_POINT('',(1.14E2,-2.226845019557E1,-5.759717344546E2));
#160=LINE('',#159,#158);
#161=CARTESIAN_POINT('',(1.14E2,-1.685087759862E1,-5.740805380842E2));
#162=DIRECTION('',(-1.E0,0.E0,0.E0));
#163=DIRECTION('',(0.E0,-6.018150232167E-1,7.986355099986E-1));
#164=AXIS2_PLACEMENT_3D('',#161,#162,#163);
#166=CARTESIAN_POINT('',(1.14E2,-1.685087759862E1,-5.740805380842E2));
#167=DIRECTION('',(-1.E0,0.E0,0.E0));
#168=DIRECTION('',(0.E0,0.E0,1.E0));
#169=AXIS2_PLACEMENT_3D('',#166,#167,#168);
#171=DIRECTION('',(0.E0,9.437436412865E-1,-3.306779997690E-1));
#172=VECTOR('',#171,2.767591878755E0);
#173=CARTESIAN_POINT('',(1.14E2,-1.627219109873E1,-5.724289867120E2));
#174=LINE('',#173,#172);
#175=CARTESIAN_POINT('',(1.14E2,-1.423898036091E1,-5.749957198310E2));
#176=DIRECTION('',(-1.E0,0.E0,0.E0));
#177=DIRECTION('',(0.E0,3.306779994987E-1,9.437436413813E-1));
#178=AXIS2_PLACEMENT_3D('',#175,#176,#177);
#180=DIRECTION('',(-3.424378098294E-6,6.018150532057E-1,-7.986354873929E-1));
#181=VECTOR('',#180,2.697224362171E0);
#182=CARTESIAN_POINT('',(1.14E2,-1.284136820814E1,-5.739425435329E2));
#183=LINE('',#182,#181);
#184=CARTESIAN_POINT('',(1.14E2,-1.198827469915E1,-5.779291179242E2));
#185=DIRECTION('',(1.E0,0.E0,0.E0));
#186=DIRECTION('',(0.E0,9.473348262172E-1,-3.202447923637E-1));
#187=AXIS2_PLACEMENT_3D('',#184,#185,#186);
#189=CARTESIAN_POINT('',(1.14E2,-2.999999975869E0,-5.530000000597E2));
#190=DIRECTION('',(-1.E0,0.E0,0.E0));
#191=DIRECTION('',(0.E0,-3.391801783059E-1,-9.407214288217E-1));
#192=AXIS2_PLACEMENT_3D('',#189,#190,#191);
#194=CARTESIAN_POINT('',(1.14E2,-6.273389133371E0,-5.267029484489E2));
#195=DIRECTION('',(1.E0,0.E0,0.E0));
#196=DIRECTION('',(0.E0,1.235241194873E-1,-9.923415701788E-1));
#197=AXIS2_PLACEMENT_3D('',#194,#195,#196);
#199=CARTESIAN_POINT('',(1.139999996044E2,-2.756351919655E0,-5.247975837373E2));
#200=CARTESIAN_POINT('',(1.139999996044E2,-2.857628660311E0,-5.250749753752E2));
#201=CARTESIAN_POINT('',(1.140000002157E2,-3.100065206402E0,-5.255934573843E2));
#202=CARTESIAN_POINT('',(1.139999998387E2,-3.589376788173E0,-5.262528425367E2));
#203=CARTESIAN_POINT('',(1.140000004297E2,-4.186448984846E0,-5.268228221004E2));
#204=CARTESIAN_POINT('',(1.139999991048E2,-4.665019838923E0,-5.271430863582E2));
#205=CARTESIAN_POINT('',(1.139999991048E2,-4.923712421397E0,-5.272882978223E2));
#207=CARTESIAN_POINT('',(1.139999991048E2,-4.923712421397E0,-5.272882978223E2));
#208=CARTESIAN_POINT('',(1.139999991208E2,-4.981546245217E0,-5.273212281058E2));
#209=CARTESIAN_POINT('',(1.140000003588E2,-5.305391904953E0,-5.275018989812E2));
#210=CARTESIAN_POINT('',(1.139999992598E2,-5.833354218375E0,-5.277338844972E2));
#211=CARTESIAN_POINT('',(1.139999998962E2,-6.161049956287E0,-5.279357187750E2));
#212=CARTESIAN_POINT('',(1.139999998962E2,-6.280416084355E0,-5.280637231721E2));
#214=DIRECTION('',(3.848385034859E-8,-6.819983521515E-1,-7.313537089963E-1));
#215=VECTOR('',#214,2.697224362164E0);
#216=CARTESIAN_POINT('',(1.139999998962E2,-6.280416084355E0,-5.280637231721E2));
#217=LINE('',#216,#215);
#218=CARTESIAN_POINT('',(1.14E2,-9.399787627340E0,-5.288428510883E2));
#219=DIRECTION('',(-1.E0,0.E0,0.E0));
#220=DIRECTION('',(0.E0,7.313537018368E-1,-6.819983598291E-1));
#221=AXIS2_PLACEMENT_3D('',#218,#219,#220);
#223=DIRECTION('',(0.E0,-9.731389780253E-1,-2.302184385488E-1));
#224=VECTOR('',#223,2.767591878509E0);
#225=CARTESIAN_POINT('',(1.14E2,-8.996905360159E0,-5.305458443E2));
#226=LINE('',#225,#224);
#227=CARTESIAN_POINT('',(1.14E2,-1.209303916030E1,-5.294800017693E2));
#228=DIRECTION('',(-1.E0,0.E0,0.E0));
#229=DIRECTION('',(0.E0,2.302184393137E-1,-9.731389778444E-1));
#230=AXIS2_PLACEMENT_3D('',#227,#228,#229);
#232=CARTESIAN_POINT('',(1.14E2,-1.209303916030E1,-5.294800017693E2));
#233=DIRECTION('',(-1.E0,0.E0,0.E0));
#234=DIRECTION('',(0.E0,0.E0,-1.E0));
#235=AXIS2_PLACEMENT_3D('',#232,#233,#234);
#237=DIRECTION('',(0.E0,-7.313537016189E-1,6.819983600628E-1));
#238=VECTOR('',#237,5.813500558718E0);
#239=CARTESIAN_POINT('',(1.14E2,-1.328653629044E1,-5.307598707471E2));
#240=LINE('',#239,#238);
#241=CARTESIAN_POINT('',(1.14E2,-1.566276595333E1,-5.247838502203E2));
#242=DIRECTION('',(-1.E0,0.E0,0.E0));
#243=DIRECTION('',(0.E0,-6.819983599774E-1,-7.313537016986E-1));
#244=AXIS2_PLACEMENT_3D('',#241,#242,#243);
#246=DIRECTION('',(-2.083082005485E-6,6.819983441126E-1,7.313537164897E-1));
#247=VECTOR('',#246,4.000000000135E0);
#248=CARTESIAN_POINT('',(1.14E2,-1.767398864086E1,-5.229083547228E2));
#249=LINE('',#248,#247);
#250=CARTESIAN_POINT('',(1.14E2,-1.399008924215E1,-5.195070091822E2));
#251=DIRECTION('',(1.E0,0.E0,0.E0));
#252=DIRECTION('',(0.E0,5.515021633802E-1,8.341734614497E-1));
#253=AXIS2_PLACEMENT_3D('',#250,#251,#252);
#255=CARTESIAN_POINT('',(1.14E2,-1.399008924215E1,-5.195070091822E2));
#256=DIRECTION('',(1.E0,0.E0,0.E0));
#257=DIRECTION('',(0.E0,0.E0,1.E0));
#258=AXIS2_PLACEMENT_3D('',#255,#256,#257);
#260=CARTESIAN_POINT('',(1.14E2,-2.999999975869E0,-5.530000000597E2));
#261=DIRECTION('',(1.E0,0.E0,0.E0));
#262=DIRECTION('',(0.E0,-3.117755820185E-1,9.501557695752E-1));
#263=AXIS2_PLACEMENT_3D('',#260,#261,#262);
#265=CARTESIAN_POINT('',(1.14E2,-2.645898160275E1,-5.250370570632E2));
#266=DIRECTION('',(-1.E0,0.E0,0.E0));
#267=DIRECTION('',(0.E0,-5.994401543749E-2,9.982017406382E-1));
#268=AXIS2_PLACEMENT_3D('',#265,#266,#267);
#270=CARTESIAN_POINT('',(1.14E2,-2.645898160275E1,-5.250370570632E2));
#271=DIRECTION('',(-1.E0,0.E0,0.E0));
#272=DIRECTION('',(0.E0,0.E0,1.E0));
#273=AXIS2_PLACEMENT_3D('',#270,#271,#272);
#275=CARTESIAN_POINT('',(1.14E2,-2.645898160275E1,-5.250370570632E2));
#276=DIRECTION('',(-1.E0,0.E0,0.E0));
#277=DIRECTION('',(0.E0,7.946111305137E-5,-9.999999968430E-1));
#278=AXIS2_PLACEMENT_3D('',#275,#276,#277);
#280=CARTESIAN_POINT('',(1.14E2,-2.999999975869E0,-5.530000000597E2));
#281=DIRECTION('',(1.E0,0.E0,0.E0));
#282=DIRECTION('',(0.E0,-6.809390056960E-1,7.323401330815E-1));
#283=AXIS2_PLACEMENT_3D('',#280,#281,#282);
#285=CARTESIAN_POINT('',(1.14E2,-3.894485578094E1,-5.466582856896E2));
#286=DIRECTION('',(-1.E0,0.E0,0.E0));
#287=DIRECTION('',(0.E0,-6.875514907537E-1,7.261356261487E-1));
#288=AXIS2_PLACEMENT_3D('',#285,#286,#287);
#290=CARTESIAN_POINT('',(1.14E2,-3.894485578094E1,-5.466582856896E2));
#291=DIRECTION('',(-1.E0,0.E0,0.E0));
#292=DIRECTION('',(0.E0,0.E0,1.E0));
#293=AXIS2_PLACEMENT_3D('',#290,#291,#292);
#295=CARTESIAN_POINT('',(1.14E2,-3.894485578094E1,-5.466582856896E2));
#296=DIRECTION('',(-1.E0,0.E0,0.E0));
#297=DIRECTION('',(0.E0,9.818859275275E-5,-9.999999951795E-1));
#298=AXIS2_PLACEMENT_3D('',#295,#296,#297);
#300=CARTESIAN_POINT('',(1.14E2,-2.999999975869E0,-5.530000000597E2));
#301=DIRECTION('',(1.E0,0.E0,0.E0));
#302=DIRECTION('',(0.E0,-9.923687050375E-1,1.233059336049E-1));
#303=AXIS2_PLACEMENT_3D('',#300,#301,#302);
#305=CARTESIAN_POINT('',(1.14E2,-4.613397563025E1,-5.498341440543E2));
#306=DIRECTION('',(-1.E0,0.E0,0.E0));
#307=DIRECTION('',(0.E0,9.973173561706E-1,-7.319898278644E-2));
#308=AXIS2_PLACEMENT_3D('',#305,#306,#307);
#310=DIRECTION('',(0.E0,-8.787776881652E-1,-4.772313639976E-1));
#311=VECTOR('',#310,6.031880378607E0);
#312=CARTESIAN_POINT('',(1.14E2,-4.422505017418E1,-5.533492548069E2));
#313=LINE('',#312,#311);
#314=CARTESIAN_POINT('',(1.14E2,-4.761680661244E1,-5.597429680600E2));
#315=DIRECTION('',(1.E0,0.E0,0.E0));
#316=DIRECTION('',(0.E0,-4.772313641019E-1,8.787776881086E-1));
#317=AXIS2_PLACEMENT_3D('',#314,#315,#316);
#319=DIRECTION('',(0.E0,1.553734680480E-1,-9.878558019401E-1));
#320=VECTOR('',#319,2.232615475790E0);
#321=CARTESIAN_POINT('',(1.14E2,-5.156822982020E1,-5.603644619322E2));
#322=LINE('',#321,#320);
#323=CARTESIAN_POINT('',(1.14E2,-4.726991740315E1,-5.619484702113E2));
#324=DIRECTION('',(1.E0,0.E0,0.E0));
#325=DIRECTION('',(0.E0,-9.878558019401E-1,-1.553734680481E-1));
#326=AXIS2_PLACEMENT_3D('',#323,#324,#325);
#328=DIRECTION('',(0.E0,9.893825067545E-1,-1.453349762728E-1));
#329=VECTOR('',#328,6.054078941847E0);
#330=CARTESIAN_POINT('',(1.14E2,-4.785125730848E1,-5.659060002382E2));
#331=LINE('',#330,#329);
#332=CARTESIAN_POINT('',(1.14E2,-4.244279741406E1,-5.707433996846E2));
#333=DIRECTION('',(-1.E0,0.E0,0.E0));
#334=DIRECTION('',(0.E0,1.453349763124E-1,9.893825067487E-1));
#335=AXIS2_PLACEMENT_3D('',#332,#333,#334);
#337=CARTESIAN_POINT('',(1.14E2,-2.999999975869E0,-5.530000000597E2));
#338=DIRECTION('',(1.E0,0.E0,0.E0));
#339=DIRECTION('',(0.E0,-9.119721951042E-1,-4.102520144458E-1));
#340=AXIS2_PLACEMENT_3D('',#337,#338,#339);
#342=CARTESIAN_POINT('',(1.14E2,-3.461173244536E1,-5.712468729501E2));
#343=DIRECTION('',(-1.E0,0.E0,0.E0));
#344=DIRECTION('',(0.E0,-9.934459822890E-1,1.143025820962E-1));
#345=AXIS2_PLACEMENT_3D('',#342,#343,#344);
#347=DIRECTION('',(7.071067811865E-1,0.E0,-7.071067811866E-1));
#348=VECTOR('',#347,2.489015869777E0);
#349=CARTESIAN_POINT('',(1.14E2,-3.461173244536E1,-5.678868729501E2));
#350=LINE('',#349,#348);
#351=CARTESIAN_POINT('',(1.1576E2,-3.461173244536E1,-5.712468729501E2));
#352=DIRECTION('',(-1.E0,0.E0,0.E0));
#353=DIRECTION('',(0.E0,0.E0,1.E0));
#354=AXIS2_PLACEMENT_3D('',#351,#352,#353);
#356=CARTESIAN_POINT('',(1.14E2,-3.794971094584E1,-5.708628162743E2));
#357=CARTESIAN_POINT('',(1.140982624703E2,-3.786897510404E1,-5.710207809704E2));
#358=CARTESIAN_POINT('',(1.142802465226E2,-3.770336552706E1,-5.713395662945E2));
#359=CARTESIAN_POINT('',(1.144927527840E2,-3.743561332366E1,-5.718378490326E2));
#360=CARTESIAN_POINT('',(1.146147985434E2,-3.714513387149E1,-5.723595939049E2));
#361=CARTESIAN_POINT('',(1.146149742634E2,-3.684302479531E1,-5.728830152461E2));
#362=CARTESIAN_POINT('',(1.144926444413E2,-3.653570928745E1,-5.733968719421E2));
#363=CARTESIAN_POINT('',(1.142804352914E2,-3.623855892618E1,-5.738772900770E2));
#364=CARTESIAN_POINT('',(1.140983380688E2,-3.604520699120E1,-5.741803757145E2));
#365=CARTESIAN_POINT('',(1.14E2,-3.594872876577E1,-5.743294110016E2));
#367=DIRECTION('',(7.071048513124E-1,-8.200909824259E-5,7.071087062998E-1));
#368=VECTOR('',#367,2.489022662952E0);
#369=CARTESIAN_POINT('',(1.14E2,-3.461149296480E1,-5.746068825445E2));
#370=LINE('',#369,#368);
#371=CARTESIAN_POINT('',(1.1576E2,-3.461173244536E1,-5.712468729501E2));
#372=DIRECTION('',(-1.E0,0.E0,0.E0));
#373=DIRECTION('',(0.E0,0.E0,-1.E0));
#374=AXIS2_PLACEMENT_3D('',#371,#372,#373);
#376=DIRECTION('',(-1.E0,0.E0,-9.168293364646E-14));
#377=VECTOR('',#376,1.24E0);
#378=CARTESIAN_POINT('',(1.17E2,-3.461173244536E1,-5.696468729501E2));
#379=LINE('',#378,#377);
#380=DIRECTION('',(-9.999999995935E-1,2.851456494853E-5,6.300451197624E-10));
#381=VECTOR('',#380,1.240000000504E0);
#382=CARTESIAN_POINT('',(1.17E2,-3.461173244536E1,-5.728468729501E2));
#383=LINE('',#382,#381);
#384=CARTESIAN_POINT('',(1.139988629285E2,-1.752625950969E1,-5.871108291168E2));
#385=CARTESIAN_POINT('',(1.139991113690E2,-1.753401575324E1,-5.871166739163E2));
#386=CARTESIAN_POINT('',(1.139995577653E2,-1.754958174989E1,-5.871283186642E2));
#387=CARTESIAN_POINT('',(1.139999265459E2,-1.757306353693E1,-5.871456131597E2));
#388=CARTESIAN_POINT('',(1.139999899393E2,-1.758880278200E1,-5.871570300243E2));
#389=CARTESIAN_POINT('',(1.139999990400E2,-1.759668983522E1,-5.871627073483E2));
#391=DIRECTION('',(1.E0,2.617165743383E-13,-1.515824502955E-13));
#392=VECTOR('',#391,3.E0);
#393=CARTESIAN_POINT('',(1.14E2,-2.185507403850E1,-5.874245361073E2));
#394=LINE('',#393,#392);
#395=DIRECTION('',(-9.999999999805E-1,4.592273721958E-6,4.234696517552E-6));
#396=VECTOR('',#395,3.001137071530E0);
#397=CARTESIAN_POINT('',(1.17E2,-1.752627329173E1,-5.871108418257E2));
#398=LINE('',#397,#396);
#399=CARTESIAN_POINT('',(1.139988629285E2,-1.752625950969E1,-5.871108291168E2));
#400=CARTESIAN_POINT('',(1.139958674011E2,-1.743273947743E1,-5.870403567177E2));
#401=CARTESIAN_POINT('',(1.139786325224E2,-1.724706152172E1,-5.869004417437E2));
#402=CARTESIAN_POINT('',(1.139283085273E2,-1.697166953369E1,-5.866929176292E2));
#403=CARTESIAN_POINT('',(1.138632987711E2,-1.670153007550E1,-5.864893533102E2));
#404=CARTESIAN_POINT('',(1.137926888014E2,-1.643591761230E1,-5.862891998743E2));
#405=CARTESIAN_POINT('',(1.137241532044E2,-1.617510492454E1,-5.860926634073E2));
#406=CARTESIAN_POINT('',(1.136643432960E2,-1.592087352903E1,-5.859010864372E2));
#407=CARTESIAN_POINT('',(1.136183004821E2,-1.567340753439E1,-5.857146069337E2));
#408=CARTESIAN_POINT('',(1.135891343682E2,-1.543180801607E1,-5.855325505144E2));
#409=CARTESIAN_POINT('',(1.135825592222E2,-1.527469711533E1,-5.854141542897E2));
#410=CARTESIAN_POINT('',(1.135825592155E2,-1.519712520629E1,-5.853556996635E2));
#412=CARTESIAN_POINT('',(1.09E2,-1.399349362716E1,-5.869529727176E2));
#413=DIRECTION('',(0.E0,-7.986355100473E-1,-6.018150231520E-1));
#414=DIRECTION('',(9.165136564217E-1,-2.407280536121E-1,3.194569169647E-1));
#415=AXIS2_PLACEMENT_3D('',#412,#413,#414);
#417=CARTESIAN_POINT('',(1.105764200784E2,-1.820619108378E1,-5.833625551829E2));
#418=CARTESIAN_POINT('',(1.107788657962E2,-1.830816607301E1,-5.833625555793E2));
#419=CARTESIAN_POINT('',(1.111534067533E2,-1.849733687532E1,-5.833472723428E2));
#420=CARTESIAN_POINT('',(1.116481746860E2,-1.874118249980E1,-5.832938392527E2));
#421=CARTESIAN_POINT('',(1.120038746975E2,-1.891798736177E1,-5.832336390331E2));
#422=CARTESIAN_POINT('',(1.122510679426E2,-1.904162789405E1,-5.831811666047E2));
#423=CARTESIAN_POINT('',(1.124451473329E2,-1.914369966426E1,-5.831296695156E2));
#424=CARTESIAN_POINT('',(1.125353585310E2,-1.919018771429E1,-5.831045778885E2));
#425=CARTESIAN_POINT('',(1.127020382825E2,-1.928919326811E1,-5.830444902870E2));
#426=CARTESIAN_POINT('',(1.127856112102E2,-1.933651262204E1,-5.830141405866E2));
#427=CARTESIAN_POINT('',(1.130093004716E2,-1.948937680689E1,-5.829007568887E2));
#428=CARTESIAN_POINT('',(1.131439101774E2,-1.960669681349E1,-5.827921741092E2));
#429=CARTESIAN_POINT('',(1.132206145942E2,-1.969290660480E1,-5.827028806293E2));
#430=CARTESIAN_POINT('',(1.132452896418E2,-1.976684220244E1,-5.826147606696E2));
#431=CARTESIAN_POINT('',(1.1325E2,-1.980346980930E1,-5.825661541936E2));
#433=CARTESIAN_POINT('',(1.1325E2,-2.040244644181E1,-5.830175154610E2));
#434=DIRECTION('',(0.E0,6.018150231520E-1,-7.986355100473E-1));
#435=DIRECTION('',(0.E0,7.986355100473E-1,6.018150231521E-1));
#436=AXIS2_PLACEMENT_3D('',#433,#434,#435);
#438=CARTESIAN_POINT('',(1.139999996759E2,-1.972392177350E1,-5.848711721252E2));
#439=CARTESIAN_POINT('',(1.139999996759E2,-1.963200819863E1,-5.850969301208E2));
#440=CARTESIAN_POINT('',(1.140000001848E2,-1.940513061670E1,-5.855346763377E2));
#441=CARTESIAN_POINT('',(1.139999998395E2,-1.885446827499E1,-5.862523775669E2));
#442=CARTESIAN_POINT('',(1.140000004573E2,-1.833710590253E1,-5.867241305405E2));
#443=CARTESIAN_POINT('',(1.139999990400E2,-1.785725375408E1,-5.870269247561E2));
#444=CARTESIAN_POINT('',(1.139999990400E2,-1.759668983522E1,-5.871627073483E2));
#446=CARTESIAN_POINT('',(1.139999726557E2,-8.198917846775E0,-5.792099804308E2));
#447=CARTESIAN_POINT('',(1.139986390966E2,-8.281314415408E0,-5.794538046756E2));
#448=CARTESIAN_POINT('',(1.139647131852E2,-8.495224108967E0,-5.799304137431E2));
#449=CARTESIAN_POINT('',(1.138451894473E2,-8.956458465194E0,-5.805796475324E2));
#450=CARTESIAN_POINT('',(1.137413189507E2,-9.358076447288E0,-5.809556645838E2));
#451=CARTESIAN_POINT('',(1.136899976748E2,-9.581007875084E0,-5.811236558609E2));
#453=DIRECTION('',(9.999999999981E-1,-1.668416911077E-6,-9.644745589056E-7));
#454=VECTOR('',#453,3.310002325220E0);
#455=CARTESIAN_POINT('',(1.136899976748E2,-9.581007875084E0,-5.811236558609E2));
#456=LINE('',#455,#454);
#457=CARTESIAN_POINT('',(1.139999726557E2,-8.198917846775E0,-5.792099804308E2));
#458=CARTESIAN_POINT('',(1.139999726557E2,-8.245290562292E0,-5.790791998290E2));
#459=CARTESIAN_POINT('',(1.140000126905E2,-8.357726947063E0,-5.788157178303E2));
#460=CARTESIAN_POINT('',(1.139999965996E2,-8.587570611524E0,-5.783977545336E2));
#461=CARTESIAN_POINT('',(1.140000009111E2,-8.870945042828E0,-5.780062206950E2));
#462=CARTESIAN_POINT('',(1.139999997558E2,-9.172958400707E0,-5.776638616612E2));
#463=CARTESIAN_POINT('',(1.140000000655E2,-9.469008401105E0,-5.773816887110E2));
#464=CARTESIAN_POINT('',(1.139999999820E2,-9.748320228993E0,-5.771543656099E2));
#465=CARTESIAN_POINT('',(1.140000000063E2,-1.000639835668E1,-5.769676388641E2));
#466=CARTESIAN_POINT('',(1.139999999928E2,-1.024473092503E1,-5.768105130762E2));
#467=CARTESIAN_POINT('',(1.140000000224E2,-1.046222702059E1,-5.766742662069E2));
#468=CARTESIAN_POINT('',(1.139999999174E2,-1.066033610681E1,-5.765516870116E2));
#469=CARTESIAN_POINT('',(1.140000003078E2,-1.083773574638E1,-5.764367451852E2));
#470=CARTESIAN_POINT('',(1.139999988514E2,-1.099125414107E1,-5.763243014116E2));
#471=CARTESIAN_POINT('',(1.140000042866E2,-1.111945935174E1,-5.762115537632E2));
#472=CARTESIAN_POINT('',(1.139999907637E2,-1.118805730037E1,-5.761351006864E2));
#473=CARTESIAN_POINT('',(1.139999907637E2,-1.121813798511E1,-5.760966426260E2));
#475=CARTESIAN_POINT('',(1.1325E2,-1.121813807630E1,-5.760966426947E2));
#476=DIRECTION('',(0.E0,6.018150231520E-1,-7.986355100473E-1));
#477=DIRECTION('',(1.E0,4.051656787851E-8,3.053143397362E-8));
#478=AXIS2_PLACEMENT_3D('',#475,#476,#477);
#480=CARTESIAN_POINT('',(1.1325E2,-1.181711470884E1,-5.765480039621E2));
#481=CARTESIAN_POINT('',(1.132499999864E2,-1.180209042433E1,-5.765679418610E2));
#482=CARTESIAN_POINT('',(1.132453219076E2,-1.177150168412E1,-5.766100777561E2));
#483=CARTESIAN_POINT('',(1.132206798442E2,-1.172441704826E1,-5.766808456947E2));
#484=CARTESIAN_POINT('',(1.131758023455E2,-1.167767622382E1,-5.767583077454E2));
#485=CARTESIAN_POINT('',(1.131102066454E2,-1.163291200755E1,-5.768409450074E2));
#486=CARTESIAN_POINT('',(1.130253305270E2,-1.159143413142E1,-5.769270484389E2));
#487=CARTESIAN_POINT('',(1.129217304923E2,-1.155343007515E1,-5.770167307987E2));
#488=CARTESIAN_POINT('',(1.127991481013E2,-1.151901450605E1,-5.771105504423E2));
#489=CARTESIAN_POINT('',(1.126562386123E2,-1.148848706421E1,-5.772088845480E2));
#490=CARTESIAN_POINT('',(1.124917757095E2,-1.146217105699E1,-5.773125267390E2));
#491=CARTESIAN_POINT('',(1.123055529819E2,-1.144071264466E1,-5.774216193801E2));
#492=CARTESIAN_POINT('',(1.120964172211E2,-1.142472531132E1,-5.775370542264E2));
#493=CARTESIAN_POINT('',(1.118623584652E2,-1.141516413220E1,-5.776599520251E2));
#494=CARTESIAN_POINT('',(1.116042411556E2,-1.141317758526E1,-5.777909718902E2));
#495=CARTESIAN_POINT('',(1.113099287421E2,-1.142106687599E1,-5.779370431645E2));
#496=CARTESIAN_POINT('',(1.109953661897E2,-1.144129619074E1,-5.780911492041E2));
#497=CARTESIAN_POINT('',(1.106814028642E2,-1.147403321305E1,-5.782440977014E2));
#498=CARTESIAN_POINT('',(1.104060620453E2,-1.151377761806E1,-5.783789745331E2));
#499=CARTESIAN_POINT('',(1.101655262707E2,-1.155775447834E1,-5.784985826926E2));
#500=CARTESIAN_POINT('',(1.099524066714E2,-1.160549361432E1,-5.786073982230E2));
#501=CARTESIAN_POINT('',(1.097646846674E2,-1.165648736079E1,-5.787075792767E2));
#502=CARTESIAN_POINT('',(1.096001507673E2,-1.171071995470E1,-5.788010390667E2));
#503=CARTESIAN_POINT('',(1.094567535604E2,-1.176739529276E1,-5.788878029161E2));
#504=CARTESIAN_POINT('',(1.093328448240E2,-1.182649376163E1,-5.789689477962E2));
#505=CARTESIAN_POINT('',(1.092275807663E2,-1.188764403118E1,-5.790447481490E2));
#506=CARTESIAN_POINT('',(1.091409183709E2,-1.195104966372E1,-5.791160539818E2));
#507=CARTESIAN_POINT('',(1.090737254339E2,-1.201677801188E1,-5.791832658820E2));
#508=CARTESIAN_POINT('',(1.090280989208E2,-1.208349179510E1,-5.792454091418E2));
#509=CARTESIAN_POINT('',(1.090040736886E2,-1.214908457140E1,-5.793012436879E2));
#510=CARTESIAN_POINT('',(1.090000000128E2,-1.219057206107E1,-5.793336955787E2));
#511=CARTESIAN_POINT('',(1.09E2,-1.221075568263E1,-5.793489050285E2));
#513=CARTESIAN_POINT('',(1.09E2,-9.201680566881E0,-5.833420825787E2));
#514=DIRECTION('',(0.E0,7.986355100473E-1,6.018150231520E-1));
#515=DIRECTION('',(1.136868377216E-14,-6.018150231520E-1,7.986355100473E-1));
#516=AXIS2_PLACEMENT_3D('',#513,#514,#515);
#518=CARTESIAN_POINT('',(1.135824943619E2,-1.040530787067E1,-5.817448151980E2));
#519=CARTESIAN_POINT('',(1.135824943695E2,-1.032224723601E1,-5.816822245203E2));
#520=CARTESIAN_POINT('',(1.135900928806E2,-1.015045312384E1,-5.815527601317E2));
#521=CARTESIAN_POINT('',(1.136268400362E2,-9.875513201658E0,-5.813455808820E2));
#522=CARTESIAN_POINT('',(1.136669447448E2,-9.681145992938E0,-5.811991153452E2));
#523=CARTESIAN_POINT('',(1.136899976748E2,-9.581007875084E0,-5.811236558609E2));
#525=DIRECTION('',(1.053739163422E-14,6.018150231536E-1,-7.986355100461E-1));
#526=VECTOR('',#525,2.697224362253E0);
#527=CARTESIAN_POINT('',(1.1325E2,-1.344034485086E1,-5.743939048078E2));
#528=LINE('',#527,#526);
#529=CARTESIAN_POINT('',(1.1325E2,-1.366029386134E1,-5.733441684587E2));
#530=DIRECTION('',(0.E0,9.437436412924E-1,-3.306779997522E-1));
#531=DIRECTION('',(1.E0,2.072416312634E-11,5.911715561524E-11));
#532=AXIS2_PLACEMENT_3D('',#529,#530,#531);
#534=CARTESIAN_POINT('',(1.1325E2,-1.423898036091E1,-5.749957198310E2));
#535=DIRECTION('',(-1.E0,0.E0,0.E0));
#536=DIRECTION('',(0.E0,3.306779997651E-1,9.437436412879E-1));
#537=AXIS2_PLACEMENT_3D('',#534,#535,#536);
#539=CARTESIAN_POINT('',(1.1325E2,-1.284136821832E1,-5.739425435405E2));
#540=DIRECTION('',(0.E0,-6.018150231448E-1,7.986355100527E-1));
#541=DIRECTION('',(0.E0,-7.986355100527E-1,-6.018150231448E-1));
#542=AXIS2_PLACEMENT_3D('',#539,#540,#541);
#544=DIRECTION('',(0.E0,9.437436412866E-1,-3.306779997687E-1));
#545=VECTOR('',#544,2.767591879239E0);
#546=CARTESIAN_POINT('',(1.1325E2,-1.652019959885E1,-5.731367944429E2));
#547=LINE('',#546,#545);
#548=CARTESIAN_POINT('',(1.1325E2,-1.790405388913E1,-5.726829259416E2));
#549=DIRECTION('',(0.E0,7.986355100508E-1,6.018150231474E-1));
#550=DIRECTION('',(1.E0,-1.292714083926E-11,1.712881688339E-11));
#551=AXIS2_PLACEMENT_3D('',#548,#549,#550);
#553=CARTESIAN_POINT('',(1.1325E2,-1.685087759862E1,-5.740805380842E2));
#554=DIRECTION('',(-1.E0,0.E0,0.E0));
#555=DIRECTION('',(0.E0,-6.018150231318E-1,7.986355100626E-1));
#556=AXIS2_PLACEMENT_3D('',#553,#554,#555);
#558=CARTESIAN_POINT('',(1.1325E2,-1.685087759862E1,-5.740805380842E2));
#559=DIRECTION('',(-1.E0,0.E0,0.E0));
#560=DIRECTION('',(0.E0,0.E0,1.E0));
#561=AXIS2_PLACEMENT_3D('',#558,#559,#560);
#563=CARTESIAN_POINT('',(1.1325E2,-1.627219109905E1,-5.724289867119E2));
#564=DIRECTION('',(0.E0,-9.437436412924E-1,3.306779997522E-1));
#565=DIRECTION('',(0.E0,-3.306779997522E-1,-9.437436412924E-1));
#566=AXIS2_PLACEMENT_3D('',#563,#564,#565);
#568=DIRECTION('',(0.E0,7.986355100500E-1,6.018150231485E-1));
#569=VECTOR('',#568,5.464816241507E0);
#570=CARTESIAN_POINT('',(1.1325E2,-2.181708892813E1,-5.765707110870E2));
#571=LINE('',#570,#569);
#572=CARTESIAN_POINT('',(1.1325E2,-2.280970653444E1,-5.798229734208E2));
#573=DIRECTION('',(0.E0,-6.018150231611E-1,7.986355100405E-1));
#574=DIRECTION('',(1.E0,2.223941919510E-8,1.675865253977E-8));
#575=AXIS2_PLACEMENT_3D('',#572,#573,#574);
#577=CARTESIAN_POINT('',(1.1325E2,-2.061345888183E1,-5.781679821071E2));
#578=DIRECTION('',(-1.E0,0.E0,0.E0));
#579=DIRECTION('',(0.E0,-7.986355100476E-1,-6.018150231517E-1));
#580=AXIS2_PLACEMENT_3D('',#577,#578,#579);
#582=CARTESIAN_POINT('',(1.1325E2,-2.226845019552E1,-5.759717344545E2));
#583=DIRECTION('',(0.E0,-7.986355100420E-1,-6.018150231590E-1));
#584=DIRECTION('',(0.E0,6.018150231590E-1,-7.986355100420E-1));
#585=AXIS2_PLACEMENT_3D('',#582,#583,#584);
#587=DIRECTION('',(1.065814103638E-14,-6.018150231514E-1,7.986355100478E-1));
#588=VECTOR('',#587,4.000000000009E0);
#589=CARTESIAN_POINT('',(1.1325E2,-1.980346980930E1,-5.825661541936E2));
#590=LINE('',#589,#588);
#591=DIRECTION('',(3.144862155911E-11,-6.018150231774E-1,7.986355100282E-1));
#592=VECTOR('',#591,3.999999990541E0);
#593=CARTESIAN_POINT('',(1.074999999985E2,-1.980346980622E1,-5.825661541952E2));
#594=LINE('',#593,#592);
#595=DIRECTION('',(7.071067811860E-1,-5.647205848511E-1,-4.255474838912E-1));
#596=VECTOR('',#595,7.071067811866E-1);
#597=CARTESIAN_POINT('',(1.069999999985E2,-1.940415205120E1,-5.822652466837E2));
#598=LINE('',#597,#596);
#599=DIRECTION('',(1.288818829143E-11,9.437436412908E-1,-3.306779997567E-1));
#600=VECTOR('',#599,2.767591885577E0);
#601=CARTESIAN_POINT('',(1.069999999998E2,-1.668553860319E1,-5.736086662621E2));
#602=LINE('',#601,#600);
#603=CARTESIAN_POINT('',(1.07E2,-1.685087759861E1,-5.740805380842E2));
#604=DIRECTION('',(-1.E0,0.E0,0.E0));
#605=DIRECTION('',(0.E0,-6.018150231660E-1,7.986355100368E-1));
#606=AXIS2_PLACEMENT_3D('',#603,#604,#605);
#608=DIRECTION('',(1.833820990027E-10,7.986355099381E-1,6.018150232970E-1));
#609=VECTOR('',#608,5.464816249602E0);
#610=CARTESIAN_POINT('',(1.069999999985E2,-2.151618141819E1,-5.769700288451E2));
#611=LINE('',#610,#609);
#612=CARTESIAN_POINT('',(1.07E2,-2.061345888183E1,-5.781679821071E2));
#613=DIRECTION('',(-1.E0,0.E0,0.E0));
#614=DIRECTION('',(0.E0,-7.986355100529E-1,-6.018150231446E-1));
#615=AXIS2_PLACEMENT_3D('',#612,#613,#614);
#617=DIRECTION('',(3.165467895297E-11,-6.018150231772E-1,7.986355100283E-1));
#618=VECTOR('',#617,3.999999990541E0);
#619=CARTESIAN_POINT('',(1.069999999985E2,-1.940415205120E1,-5.822652466837E2));
#620=LINE('',#619,#618);
#621=CARTESIAN_POINT('',(1.07E2,-1.820619878922E1,-5.813625241473E2));
#622=DIRECTION('',(-1.E0,0.E0,0.E0));
#623=DIRECTION('',(0.E0,6.018150231517E-1,-7.986355100475E-1));
#624=AXIS2_PLACEMENT_3D('',#621,#622,#623);
#626=DIRECTION('',(-1.515824509345E-13,-7.986355100476E-1,-6.018150231517E-1));
#627=VECTOR('',#626,5.999999974705E0);
#628=CARTESIAN_POINT('',(1.069999999987E2,-1.251166320512E1,-5.789495872800E2));
#629=LINE('',#628,#627);
#630=CARTESIAN_POINT('',(1.07E2,-1.341438572894E1,-5.777516340084E2));
#631=DIRECTION('',(-1.E0,0.E0,0.E0));
#632=DIRECTION('',(0.E0,7.986355100498E-1,6.018150231487E-1));
#633=AXIS2_PLACEMENT_3D('',#630,#631,#632);
#635=DIRECTION('',(-4.760161290536E-10,6.018150227716E-1,-7.986355103340E-1));
#636=VECTOR('',#635,2.697224365825E0);
#637=CARTESIAN_POINT('',(1.069999999998E2,-1.383966260627E1,-5.746948123192E2));
#638=LINE('',#637,#636);
#639=CARTESIAN_POINT('',(1.07E2,-1.423898036091E1,-5.749957198310E2));
#640=DIRECTION('',(-1.E0,0.E0,0.E0));
#641=DIRECTION('',(0.E0,3.306779997775E-1,9.437436412836E-1));
#642=AXIS2_PLACEMENT_3D('',#639,#640,#641);
#644=DIRECTION('',(7.071067811918E-1,2.338246529021E-1,6.673275295443E-1));
#645=VECTOR('',#644,7.071067810746E-1);
#646=CARTESIAN_POINT('',(1.069999999998E2,-1.668553860319E1,-5.736086662621E2));
#647=LINE('',#646,#645);
#648=DIRECTION('',(7.071067811919E-1,2.338246571318E-1,6.673275280623E-1));
#649=VECTOR('',#648,7.071067810994E-1);
#650=CARTESIAN_POINT('',(1.069999999999E2,-1.407364135949E1,-5.745238480110E2));
#651=LINE('',#650,#649);
#652=DIRECTION('',(7.071067811917E-1,5.647205846736E-1,4.255474841173E-1));
#653=VECTOR('',#652,7.071067810519E-1);
#654=CARTESIAN_POINT('',(1.069999999998E2,-1.383966260627E1,-5.746948123192E2));
#655=LINE('',#654,#653);
#656=DIRECTION('',(7.071067811868E-1,5.647205848505E-1,4.255474838908E-1));
#657=VECTOR('',#656,7.071067811866E-1);
#658=CARTESIAN_POINT('',(1.069999999985E2,-1.221643246313E1,-5.768489114771E2));
#659=LINE('',#658,#657);
#660=DIRECTION('',(7.071067811861E-1,4.255474838910E-1,-5.647205848512E-1));
#661=VECTOR('',#660,7.071067811866E-1);
#662=CARTESIAN_POINT('',(1.069999999987E2,-1.251166320512E1,-5.789495872800E2));
#663=LINE('',#662,#661);
#664=DIRECTION('',(7.071067811862E-1,4.255474838909E-1,-5.647205848512E-1));
#665=VECTOR('',#664,7.071067811866E-1);
#666=CARTESIAN_POINT('',(1.069999999987E2,-1.730347624521E1,-5.825604774037E2));
#667=LINE('',#666,#665);
#668=CARTESIAN_POINT('',(1.075E2,-1.820619878922E1,-5.813625241473E2));
#669=DIRECTION('',(-1.E0,0.E0,0.E0));
#670=DIRECTION('',(0.E0,6.018150231520E-1,-7.986355100473E-1));
#671=AXIS2_PLACEMENT_3D('',#668,#669,#670);
#673=DIRECTION('',(1.E0,-5.355601564715E-10,2.852847619242E-10));
#674=VECTOR('',#673,5.750000001477E0);
#675=CARTESIAN_POINT('',(1.074999999985E2,-1.980346980622E1,-5.825661541952E2));
#676=LINE('',#675,#674);
#677=CARTESIAN_POINT('',(1.105764200784E2,-1.820619108378E1,-5.833625551829E2));
#678=CARTESIAN_POINT('',(1.104367345116E2,-1.813449768718E1,-5.833625549041E2));
#679=CARTESIAN_POINT('',(1.101933798435E2,-1.800835850267E1,-5.833551177165E2));
#680=CARTESIAN_POINT('',(1.099255874104E2,-1.786247763068E1,-5.833337727917E2));
#681=CARTESIAN_POINT('',(1.097874634079E2,-1.778747220138E1,-5.833185373497E2));
#682=CARTESIAN_POINT('',(1.096527692122E2,-1.770453727046E1,-5.832995772401E2));
#683=CARTESIAN_POINT('',(1.094823677865E2,-1.759129360969E1,-5.832667743842E2));
#684=CARTESIAN_POINT('',(1.093625988646E2,-1.750116973606E1,-5.832346751428E2));
#685=CARTESIAN_POINT('',(1.092714096431E2,-1.742535787439E1,-5.832047268934E2));
#686=CARTESIAN_POINT('',(1.091506534237E2,-1.731227117066E1,-5.831533204447E2));
#687=CARTESIAN_POINT('',(1.090643039791E2,-1.719765230234E1,-5.830909950134E2));
#688=CARTESIAN_POINT('',(1.090112016534E2,-1.710243007519E1,-5.830316766648E2));
#689=CARTESIAN_POINT('',(1.089998322690E2,-1.703541282978E1,-5.829845449621E2));
#690=CARTESIAN_POINT('',(1.09E2,-1.700256874291E1,-5.829597951674E2));
#692=DIRECTION('',(-1.E0,6.187624037204E-9,5.782036770094E-9));
#693=VECTOR('',#692,1.500000001350E0);
#694=CARTESIAN_POINT('',(1.09E2,-1.700256874291E1,-5.829597951674E2));
#695=LINE('',#694,#693);
#696=DIRECTION('',(-1.421085477511E-13,-7.986355100476E-1,-6.018150231516E-1));
#697=VECTOR('',#696,5.999999974705E0);
#698=CARTESIAN_POINT('',(1.074999999987E2,-1.221075569355E1,-5.793489050350E2));
#699=LINE('',#698,#697);
#700=DIRECTION('',(-1.080892642273E-5,7.986362225426E-1,6.018140775406E-1));
#701=VECTOR('',#700,6.000000000451E0);
#702=CARTESIAN_POINT('',(1.135825592155E2,-1.519712520629E1,-5.853556996635E2));
#703=LINE('',#702,#701);
#704=DIRECTION('',(9.710750722046E-14,-7.986355100472E-1,-6.018150231521E-1));
#705=VECTOR('',#704,6.000000000005E0);
#706=CARTESIAN_POINT('',(1.09E2,-1.221075568263E1,-5.793489050285E2));
#707=LINE('',#706,#705);
#708=CARTESIAN_POINT('',(1.075E2,-1.341438572894E1,-5.777516340084E2));
#709=DIRECTION('',(-1.E0,0.E0,0.E0));
#710=DIRECTION('',(0.E0,7.986355100473E-1,6.018150231520E-1));
#711=AXIS2_PLACEMENT_3D('',#708,#709,#710);
#713=DIRECTION('',(1.E0,7.281390891091E-9,4.370500994216E-9));
#714=VECTOR('',#713,1.500000001348E0);
#715=CARTESIAN_POINT('',(1.074999999987E2,-1.221075569355E1,-5.793489050350E2));
#716=LINE('',#715,#714);
#717=DIRECTION('',(-1.E0,1.272498627881E-10,-5.970239566886E-10));
#718=VECTOR('',#717,5.750000001478E0);
#719=CARTESIAN_POINT('',(1.1325E2,-1.181711470884E1,-5.765480039621E2));
#720=LINE('',#719,#718);
#721=DIRECTION('',(-4.420119662617E-10,6.018150228009E-1,-7.986355103119E-1));
#722=VECTOR('',#721,2.697224366028E0);
#723=CARTESIAN_POINT('',(1.074999999997E2,-1.344034485145E1,-5.743939048075E2));
#724=LINE('',#723,#722);
#725=CARTESIAN_POINT('',(1.075E2,-1.423898036091E1,-5.749957198310E2));
#726=DIRECTION('',(-1.E0,0.E0,0.E0));
#727=DIRECTION('',(0.E0,3.306779997698E-1,9.437436412863E-1));
#728=AXIS2_PLACEMENT_3D('',#725,#726,#727);
#730=DIRECTION('',(1.E0,1.024213371069E-10,-5.209822910984E-11));
#731=VECTOR('',#730,5.750000000285E0);
#732=CARTESIAN_POINT('',(1.074999999997E2,-1.344034485145E1,-5.743939048075E2));
#733=LINE('',#732,#731);
#734=DIRECTION('',(-1.E0,4.009308440671E-10,-1.713211215350E-10));
#735=VECTOR('',#734,5.750000000185E0);
#736=CARTESIAN_POINT('',(1.1325E2,-1.390830236115E1,-5.740519761897E2));
#737=LINE('',#736,#735);
#738=DIRECTION('',(1.922958768771E-11,9.437436412929E-1,-3.306779997508E-1));
#739=VECTOR('',#738,2.767591888746E0);
#740=CARTESIAN_POINT('',(1.074999999998E2,-1.652019960554E1,-5.731367944408E2));
#741=LINE('',#740,#739);
#742=CARTESIAN_POINT('',(1.075E2,-1.685087759862E1,-5.740805380842E2));
#743=DIRECTION('',(-1.E0,0.E0,0.E0));
#744=DIRECTION('',(0.E0,-6.018150231520E-1,7.986355100473E-1));
#745=AXIS2_PLACEMENT_3D('',#742,#743,#744);
#747=DIRECTION('',(1.E0,1.162496726852E-9,-3.668031675346E-10));
#748=VECTOR('',#747,5.750000000238E0);
#749=CARTESIAN_POINT('',(1.074999999998E2,-1.652019960554E1,-5.731367944408E2));
#750=LINE('',#749,#748);
#751=DIRECTION('',(-1.E0,1.102590559782E-9,6.752207294882E-10));
#752=VECTOR('',#751,5.750000000701E0);
#753=CARTESIAN_POINT('',(1.1325E2,-1.745269262177E1,-5.732819025741E2));
#754=LINE('',#753,#752);
#755=DIRECTION('',(7.071067811912E-1,-4.255474810959E-1,5.647205869511E-1));
#756=VECTOR('',#755,7.071067808557E-1);
#757=CARTESIAN_POINT('',(1.069999999995E2,-1.715178510597E1,-5.736812203266E2));
#758=LINE('',#757,#756);
#759=DIRECTION('',(7.071067811833E-1,-4.255474838929E-1,5.647205848533E-1));
#760=VECTOR('',#759,7.071067811865E-1);
#761=CARTESIAN_POINT('',(1.069999999985E2,-2.151618141819E1,-5.769700288451E2));
#762=LINE('',#761,#760);
#763=DIRECTION('',(1.416062421536E-10,7.986355099645E-1,6.018150232620E-1));
#764=VECTOR('',#763,5.464816252074E0);
#765=CARTESIAN_POINT('',(1.074999999985E2,-2.181708892977E1,-5.765707110901E2));
#766=LINE('',#765,#764);
#767=CARTESIAN_POINT('',(1.075E2,-2.061345888183E1,-5.781679821071E2));
#768=DIRECTION('',(-1.E0,0.E0,0.E0));
#769=DIRECTION('',(0.E0,-7.986355100473E-1,-6.018150231520E-1));
#770=AXIS2_PLACEMENT_3D('',#767,#768,#769);
#772=DIRECTION('',(1.E0,2.838883909830E-10,5.386185795509E-10));
#773=VECTOR('',#772,5.750000001475E0);
#774=CARTESIAN_POINT('',(1.074999999985E2,-2.181708892977E1,-5.765707110901E2));
#775=LINE('',#774,#773);
#776=DIRECTION('',(-1.E0,1.508371630143E-9,-1.613858804669E-9));
#777=VECTOR('',#776,5.750000001351E0);
#778=CARTESIAN_POINT('',(1.1325E2,-2.221072990191E1,-5.793716121534E2));
#779=LINE('',#778,#777);
#780=DIRECTION('',(7.071067811850E-1,-5.647205848522E-1,-4.255474838916E-1));
#781=VECTOR('',#780,7.071067811865E-1);
#782=CARTESIAN_POINT('',(1.069999999987E2,-2.181141213822E1,-5.790707046511E2));
#783=LINE('',#782,#781);
#784=DIRECTION('',(1.E0,-1.328300432609E-11,5.760133111229E-12));
#785=VECTOR('',#784,3.E0);
#786=CARTESIAN_POINT('',(1.14E2,-1.063155398671E1,-5.741662322085E2));
#787=LINE('',#786,#785);
#788=CARTESIAN_POINT('',(1.138506127748E2,-3.545465765782E0,-5.237774586837E2));
#789=CARTESIAN_POINT('',(1.138818320895E2,-3.434246664220E0,-5.238811689987E2));
#790=CARTESIAN_POINT('',(1.139362130095E2,-3.227864987104E0,-5.240973626618E2));
#791=CARTESIAN_POINT('',(1.139880850951E2,-2.965900021417E0,-5.244401177953E2));
#792=CARTESIAN_POINT('',(1.139999023237E2,-2.821310223955E0,-5.246776784903E2));
#793=CARTESIAN_POINT('',(1.139999996044E2,-2.756351919655E0,-5.247975837373E2));
#795=DIRECTION('',(1.E0,-2.168724459276E-11,-4.357995445995E-12));
#796=VECTOR('',#795,3.E0);
#797=CARTESIAN_POINT('',(1.14E2,-5.779292656329E0,-5.306723147297E2));
#798=LINE('',#797,#796);
#799=DIRECTION('',(-9.999999996585E-1,-1.752146939888E-5,1.939203025469E-5));
#800=VECTOR('',#799,3.149387226258E0);
#801=CARTESIAN_POINT('',(1.17E2,-3.545410583890E0,-5.237775197568E2));
#802=LINE('',#801,#800);
#803=CARTESIAN_POINT('',(1.138506127748E2,-3.545465765782E0,-5.237774586837E2));
#804=CARTESIAN_POINT('',(1.138276291387E2,-3.627345282711E0,-5.237011047990E2));
#805=CARTESIAN_POINT('',(1.137807403431E2,-3.788025406629E0,-5.235512822278E2));
#806=CARTESIAN_POINT('',(1.137147587326E2,-4.020601358472E0,-5.233343960250E2));
#807=CARTESIAN_POINT('',(1.136582268307E2,-4.246027671906E0,-5.231241839606E2));
#808=CARTESIAN_POINT('',(1.136152748626E2,-4.464716058016E0,-5.229202538658E2));
#809=CARTESIAN_POINT('',(1.135884720368E2,-4.677163004503E0,-5.227221420118E2));
#810=CARTESIAN_POINT('',(1.135825592377E2,-4.814226553382E0,-5.225943330922E2));
#811=CARTESIAN_POINT('',(1.135825592313E2,-4.881648617332E0,-5.225314610004E2));
#813=CARTESIAN_POINT('',(1.09E2,-3.517650216738E0,-5.210687517955E2));
#814=DIRECTION('',(0.E0,7.313537016192E-1,-6.819983600625E-1));
#815=DIRECTION('',(9.165136787567E-1,-2.728016258557E-1,-2.925439276115E-1));
#816=AXIS2_PLACEMENT_3D('',#813,#814,#815);
#818=CARTESIAN_POINT('',(1.1325E2,-6.280416057688E0,-5.280637231970E2));
#819=DIRECTION('',(0.E0,6.819983600625E-1,7.313537016192E-1));
#820=DIRECTION('',(1.265334503842E-10,-7.313537016192E-1,6.819983600625E-1));
#821=AXIS2_PLACEMENT_3D('',#818,#819,#820);
#823=CARTESIAN_POINT('',(1.139999707017E2,-1.178435115853E1,-5.161701788967E2));
#824=CARTESIAN_POINT('',(1.139995082611E2,-1.172368885961E1,-5.162102639933E2));
#825=CARTESIAN_POINT('',(1.139949431209E2,-1.160463522609E1,-5.162936549127E2));
#826=CARTESIAN_POINT('',(1.139777883084E2,-1.143111078010E1,-5.164299636247E2));
#827=CARTESIAN_POINT('',(1.139593195914E2,-1.131786672781E1,-5.165295878254E2));
#828=CARTESIAN_POINT('',(1.139483704903E2,-1.126214883983E1,-5.165815444630E2));
#830=DIRECTION('',(9.999999998174E-1,1.390309407445E-5,-1.311367383410E-5));
#831=VECTOR('',#830,3.051629510244E0);
#832=CARTESIAN_POINT('',(1.139483704903E2,-1.126214883983E1,-5.165815444630E2));
#833=LINE('',#832,#831);
#834=CARTESIAN_POINT('',(1.139999707017E2,-1.178435115853E1,-5.161701788967E2));
#835=CARTESIAN_POINT('',(1.139999707017E2,-1.210709024835E1,-5.163100818657E2));
#836=CARTESIAN_POINT('',(1.140000135989E2,-1.267234602222E1,-5.165983581690E2));
#837=CARTESIAN_POINT('',(1.139999963512E2,-1.324927162464E1,-5.170965391888E2));
#838=CARTESIAN_POINT('',(1.140000009962E2,-1.364993231871E1,-5.175353768345E2));
#839=CARTESIAN_POINT('',(1.139999996640E2,-1.407128319676E1,-5.181626578634E2));
#840=CARTESIAN_POINT('',(1.140000003478E2,-1.433542936017E1,-5.187089114484E2));
#841=CARTESIAN_POINT('',(1.139999989449E2,-1.450508378305E1,-5.191366776476E2));
#842=CARTESIAN_POINT('',(1.140000038724E2,-1.475451617811E1,-5.197391278124E2));
#843=CARTESIAN_POINT('',(1.139999916677E2,-1.488337320479E1,-5.199197555711E2));
#844=CARTESIAN_POINT('',(1.139999916677E2,-1.494599526432E1,-5.199829398568E2));
#846=CARTESIAN_POINT('',(1.1325E2,-1.494599519253E1,-5.199829399237E2));
#847=DIRECTION('',(0.E0,6.819983600625E-1,7.313537016192E-1));
#848=DIRECTION('',(1.E0,-3.189222042010E-8,2.974002200062E-8));
#849=AXIS2_PLACEMENT_3D('',#846,#847,#848);
#851=CARTESIAN_POINT('',(1.1325E2,-1.439747991631E1,-5.204944386937E2));
#852=CARTESIAN_POINT('',(1.132456341472E2,-1.435555745612E1,-5.204494823592E2));
#853=CARTESIAN_POINT('',(1.132180748406E2,-1.426949813267E1,-5.203669999383E2));
#854=CARTESIAN_POINT('',(1.131454257004E2,-1.417626394313E1,-5.202873560792E2));
#855=CARTESIAN_POINT('',(1.129659485132E2,-1.401252102680E1,-5.201706463263E2));
#856=CARTESIAN_POINT('',(1.128086931234E2,-1.390228144109E1,-5.201064627998E2));
#857=CARTESIAN_POINT('',(1.126033653661E2,-1.377043842598E1,-5.200397578929E2));
#858=CARTESIAN_POINT('',(1.123921199398E2,-1.364753705286E1,-5.199869484173E2));
#859=CARTESIAN_POINT('',(1.120315635658E2,-1.345881812247E1,-5.199260943072E2));
#860=CARTESIAN_POINT('',(1.118599380798E2,-1.337089092507E1,-5.199063845777E2));
#861=CARTESIAN_POINT('',(1.115988619615E2,-1.324247626010E1,-5.198787804202E2));
#862=CARTESIAN_POINT('',(1.112129261925E2,-1.305071662572E1,-5.198584466106E2));
#863=CARTESIAN_POINT('',(1.109796746563E2,-1.293477276122E1,-5.198584465962E2));
#865=CARTESIAN_POINT('',(1.09E2,-8.160783992653E0,-5.167389595025E2));
#866=DIRECTION('',(0.E0,-7.313537016192E-1,6.819983600625E-1));
#867=DIRECTION('',(1.334427679467E-10,-6.819983600625E-1,-7.313537016192E-1));
#868=AXIS2_PLACEMENT_3D('',#865,#866,#867);
#870=CARTESIAN_POINT('',(1.135824921604E2,-9.524776859201E0,-5.182016627732E2));
#871=CARTESIAN_POINT('',(1.135824921669E2,-9.589414269072E0,-5.181413874134E2));
#872=CARTESIAN_POINT('',(1.135878921362E2,-9.721265701503E0,-5.180184452753E2));
#873=CARTESIAN_POINT('',(1.136135650981E2,-9.927731689303E0,-5.178259080801E2));
#874=CARTESIAN_POINT('',(1.136549439059E2,-1.013994072148E1,-5.176280211758E2));
#875=CARTESIAN_POINT('',(1.137087821603E2,-1.035694372166E1,-5.174256622728E2));
#876=CARTESIAN_POINT('',(1.137704459431E2,-1.057742890420E1,-5.172200566205E2));
#877=CARTESIAN_POINT('',(1.138351042583E2,-1.080161371259E1,-5.170110008095E2));
#878=CARTESIAN_POINT('',(1.138973012583E2,-1.102980711567E1,-5.167982072922E2));
#879=CARTESIAN_POINT('',(1.139330505771E2,-1.118419011936E1,-5.166542421460E2));
#880=CARTESIAN_POINT('',(1.139483704903E2,-1.126214883983E1,-5.165815444630E2));
#882=DIRECTION('',(-1.421085471515E-14,6.819983600659E-1,7.313537016160E-1));
#883=VECTOR('',#882,4.000000000014E0);
#884=CARTESIAN_POINT('',(1.1325E2,-1.712547335658E1,-5.234198535002E2));
#885=LINE('',#884,#883);
#886=CARTESIAN_POINT('',(1.1325E2,-1.753826144348E1,-5.267950728998E2));
#887=DIRECTION('',(0.E0,-7.313537016271E-1,6.819983600540E-1));
#888=DIRECTION('',(1.E0,-3.026912054338E-11,-3.243864436323E-11));
#889=AXIS2_PLACEMENT_3D('',#886,#887,#888);
#891=CARTESIAN_POINT('',(1.1325E2,-1.566276595333E1,-5.247838502203E2));
#892=DIRECTION('',(-1.E0,0.E0,0.E0));
#893=DIRECTION('',(0.E0,-6.819983600485E-1,-7.313537016323E-1));
#894=AXIS2_PLACEMENT_3D('',#891,#892,#893);
#896=CARTESIAN_POINT('',(1.1325E2,-1.767398863283E1,-5.229083547302E2));
#897=DIRECTION('',(0.E0,-6.819983600437E-1,-7.313537016367E-1));
#898=DIRECTION('',(0.E0,7.313537016367E-1,-6.819983600437E-1));
#899=AXIS2_PLACEMENT_3D('',#896,#897,#898);
#901=DIRECTION('',(0.E0,-7.313537016187E-1,6.819983600630E-1));
#902=VECTOR('',#901,5.813500558858E0);
#903=CARTESIAN_POINT('',(1.1325E2,-1.277503752037E1,-5.302113554709E2));
#904=LINE('',#903,#902);
#905=CARTESIAN_POINT('',(1.1325E2,-1.328653629036E1,-5.307598707472E2));
#906=DIRECTION('',(0.E0,7.313537016440E-1,-6.819983600359E-1));
#907=DIRECTION('',(0.E0,6.819983600359E-1,7.313537016439E-1));
#908=AXIS2_PLACEMENT_3D('',#905,#906,#907);
#910=CARTESIAN_POINT('',(1.1325E2,-1.169015689287E1,-5.311829949809E2));
#911=DIRECTION('',(0.E0,-9.731389780293E-1,-2.302184385321E-1));
#912=DIRECTION('',(1.E0,1.669064886300E-11,-7.048583938740E-11));
#913=AXIS2_PLACEMENT_3D('',#910,#911,#912);
#915=CARTESIAN_POINT('',(1.1325E2,-1.209303916030E1,-5.294800017693E2));
#916=DIRECTION('',(-1.E0,0.E0,0.E0));
#917=DIRECTION('',(0.E0,2.302184385547E-1,-9.731389780239E-1));
#918=AXIS2_PLACEMENT_3D('',#915,#916,#917);
#920=CARTESIAN_POINT('',(1.1325E2,-1.209303916030E1,-5.294800017693E2));
#921=DIRECTION('',(-1.E0,0.E0,0.E0));
#922=DIRECTION('',(0.E0,0.E0,-1.E0));
#923=AXIS2_PLACEMENT_3D('',#920,#921,#922);
#925=DIRECTION('',(0.E0,-9.731389780249E-1,-2.302184385504E-1));
#926=VECTOR('',#925,2.767591879239E0);
#927=CARTESIAN_POINT('',(1.1325E2,-9.169569188803E0,-5.298159900664E2));
#928=LINE('',#927,#926);
#929=CARTESIAN_POINT('',(1.1325E2,-8.996905359903E0,-5.305458442998E2));
#930=DIRECTION('',(0.E0,9.731389780285E-1,2.302184385352E-1));
#931=DIRECTION('',(0.E0,-2.302184385352E-1,9.731389780285E-1));
#932=AXIS2_PLACEMENT_3D('',#929,#930,#931);
#934=CARTESIAN_POINT('',(1.1325E2,-8.119918649571E0,-5.300363482185E2));
#935=DIRECTION('',(0.E0,-6.819983601018E-1,-7.313537015825E-1));
#936=DIRECTION('',(1.E0,-2.133286850873E-8,1.989322602943E-8));
#937=AXIS2_PLACEMENT_3D('',#934,#935,#936);
#939=CARTESIAN_POINT('',(1.1325E2,-9.399787627340E0,-5.288428510883E2));
#940=DIRECTION('',(-1.E0,0.E0,0.E0));
#941=DIRECTION('',(0.E0,7.313537016003E-1,-6.819983600827E-1));
#942=AXIS2_PLACEMENT_3D('',#939,#940,#941);
#944=DIRECTION('',(-5.465745040583E-11,-6.819983600927E-1,-7.313537015910E-1));
#945=VECTOR('',#944,2.697224362295E0);
#946=CARTESIAN_POINT('',(1.132500000002E2,-6.828931333847E0,-5.275522244270E2));
#947=LINE('',#946,#945);
#948=DIRECTION('',(4.799623818414E-10,-6.819983597131E-1,-7.313537019450E-1));
#949=VECTOR('',#948,2.697224367926E0);
#950=CARTESIAN_POINT('',(1.074999999985E2,-6.828931332839E0,-5.275522244236E2));
#951=LINE('',#950,#949);
#952=DIRECTION('',(7.071067811875E-1,5.171451618602E-1,-4.822456651576E-1));
#953=VECTOR('',#952,7.071067811866E-1);
#954=CARTESIAN_POINT('',(1.069999999985E2,-7.194608183648E0,-5.272112252436E2));
#955=LINE('',#954,#953);
#956=CARTESIAN_POINT('',(1.07E2,-8.291638737171E0,-5.261882277068E2));
#957=DIRECTION('',(-1.E0,0.E0,0.E0));
#958=DIRECTION('',(0.E0,6.819983600546E-1,7.313537016265E-1));
#959=AXIS2_PLACEMENT_3D('',#956,#957,#958);
#961=DIRECTION('',(1.020707512309E-12,7.313537016220E-1,-6.819983600595E-1));
#962=VECTOR('',#961,6.348684292008E0);
#963=CARTESIAN_POINT('',(1.069999999986E2,-1.191177496464E1,-5.207614048711E2));
#964=LINE('',#963,#962);
#965=CARTESIAN_POINT('',(1.07E2,-1.293477251307E1,-5.218584354139E2));
#966=DIRECTION('',(-1.E0,0.E0,0.E0));
#967=DIRECTION('',(0.E0,-7.313537016232E-1,6.819983600582E-1));
#968=AXIS2_PLACEMENT_3D('',#965,#966,#967);
#970=DIRECTION('',(-3.192823790640E-11,6.819983600887E-1,7.313537015947E-1));
#971=VECTOR('',#970,3.999999990601E0);
#972=CARTESIAN_POINT('',(1.069999999987E2,-1.675979649621E1,-5.237608526720E2));
#973=LINE('',#972,#971);
#974=CARTESIAN_POINT('',(1.07E2,-1.566276595333E1,-5.247838502203E2));
#975=DIRECTION('',(-1.E0,0.E0,0.E0));
#976=DIRECTION('',(0.E0,-6.819983600765E-1,-7.313537016061E-1));
#977=AXIS2_PLACEMENT_3D('',#974,#975,#976);
#979=DIRECTION('',(-1.741847038239E-10,-7.313537015002E-1,6.819983601901E-1));
#980=VECTOR('',#979,5.813500566991E0);
#981=CARTESIAN_POINT('',(1.069999999995E2,-1.243403833641E1,-5.298456786232E2));
#982=LINE('',#981,#980);
#983=CARTESIAN_POINT('',(1.07E2,-1.209303916030E1,-5.294800017693E2));
#984=DIRECTION('',(-1.E0,0.E0,0.E0));
#985=DIRECTION('',(0.E0,2.302184385418E-1,-9.731389780270E-1));
#986=AXIS2_PLACEMENT_3D('',#983,#984,#985);
#988=DIRECTION('',(1.188177996803E-11,-9.731389780223E-1,-2.302184385615E-1));
#989=VECTOR('',#988,2.767591884336E0);
#990=CARTESIAN_POINT('',(1.069999999998E2,-9.284678407704E0,-5.293294205771E2));
#991=LINE('',#990,#989);
#992=CARTESIAN_POINT('',(1.07E2,-9.399787627344E0,-5.288428510883E2));
#993=DIRECTION('',(-1.E0,0.E0,0.E0));
#994=DIRECTION('',(0.E0,7.313537016249E-1,-6.819983600564E-1));
#995=AXIS2_PLACEMENT_3D('',#992,#993,#994);
#997=DIRECTION('',(5.012795252267E-10,-6.819983596953E-1,-7.313537019616E-1));
#998=VECTOR('',#997,2.697224367097E0);
#999=CARTESIAN_POINT('',(1.069999999985E2,-7.194608183648E0,-5.272112252436E2));
#1000=LINE('',#999,#998);
#1001=DIRECTION('',(7.071067811855E-1,4.822456651588E-1,5.171451618617E-1));
#1002=VECTOR('',#1001,7.071067811866E-1);
#1003=CARTESIAN_POINT('',(1.069999999987E2,-7.268641207255E0,
-5.250911971467E2));
#1004=LINE('',#1003,#1002);
#1005=CARTESIAN_POINT('',(1.075E2,-8.291638737172E0,-5.261882277068E2));
#1006=DIRECTION('',(-1.E0,0.E0,0.E0));
#1007=DIRECTION('',(0.E0,6.819983600625E-1,7.313537016192E-1));
#1008=AXIS2_PLACEMENT_3D('',#1005,#1006,#1007);
#1010=DIRECTION('',(1.E0,-1.753485086096E-10,-5.944734171817E-10));
#1011=VECTOR('',#1010,5.750000001650E0);
#1012=CARTESIAN_POINT('',(1.074999999985E2,-6.828931332839E0,
-5.275522244236E2));
#1013=LINE('',#1012,#1011);
#1014=CARTESIAN_POINT('',(1.132500000002E2,-6.828931333847E0,
-5.275522244270E2));
#1015=CARTESIAN_POINT('',(1.132499999280E2,-6.740040179830E0,
-5.274569003349E2));
#1016=CARTESIAN_POINT('',(1.131171821429E2,-6.580312177304E0,
-5.272473058128E2));
#1017=CARTESIAN_POINT('',(1.126191351799E2,-6.405652237774E0,
-5.268921404407E2));
#1018=CARTESIAN_POINT('',(1.120380775511E2,-6.321745111270E0,
-5.265744833649E2));
#1019=CARTESIAN_POINT('',(1.115234269372E2,-6.292344057114E0,
-5.263135503915E2));
#1020=CARTESIAN_POINT('',(1.111249877618E2,-6.289696693847E0,
-5.261155765541E2));
#1021=CARTESIAN_POINT('',(1.107265485944E2,-6.306563229388E0,
-5.259192081858E2));
#1022=CARTESIAN_POINT('',(1.103405606103E2,-6.342045057665E0,
-5.257278880197E2));
#1023=CARTESIAN_POINT('',(1.099794749918E2,-6.395698564198E0,
-5.255417961801E2));
#1024=CARTESIAN_POINT('',(1.096557434261E2,-6.466389804239E0,
-5.253630623429E2));
#1025=CARTESIAN_POINT('',(1.093818155737E2,-6.555291162524E0,
-5.251892805870E2));
#1026=CARTESIAN_POINT('',(1.091701480900E2,-6.663714865926E0,
-5.250205792178E2));
#1027=CARTESIAN_POINT('',(1.090331721661E2,-6.788181459178E0,
-5.248643260306E2));
#1028=CARTESIAN_POINT('',(1.090000000373E2,-6.879798822725E0,
-5.247701348032E2));
#1029=CARTESIAN_POINT('',(1.090000000011E2,-6.927642016589E0,
-5.247255203031E2));
#1031=DIRECTION('',(-1.E0,-7.089274933095E-9,4.782729463786E-9));
#1032=VECTOR('',#1031,1.500000002489E0);
#1033=CARTESIAN_POINT('',(1.090000000011E2,-6.927642016589E0,
-5.247255203031E2));
#1034=LINE('',#1033,#1032);
#1035=DIRECTION('',(4.946850004832E-13,7.313537016224E-1,-6.819983600591E-1));
#1036=VECTOR('',#1035,6.348684292008E0);
#1037=CARTESIAN_POINT('',(1.074999999986E2,-1.157077578462E1,
-5.203957280203E2));
#1038=LINE('',#1037,#1036);
#1039=DIRECTION('',(7.071067811902E-1,4.822456651557E-1,5.171451618582E-1));
#1040=VECTOR('',#1039,7.071067811866E-1);
#1041=CARTESIAN_POINT('',(1.069999999986E2,-1.191177496464E1,
-5.207614048711E2));
#1042=LINE('',#1041,#1040);
#1043=DIRECTION('',(7.071067811892E-1,-5.171451618589E-1,4.822456651565E-1));
#1044=VECTOR('',#1043,7.071067811865E-1);
#1045=CARTESIAN_POINT('',(1.069999999985E2,-1.403180306227E1,
-5.208354378725E2));
#1046=LINE('',#1045,#1044);
#1047=CARTESIAN_POINT('',(1.075E2,-1.293477251308E1,-5.218584354139E2));
#1048=DIRECTION('',(-1.E0,0.E0,0.E0));
#1049=DIRECTION('',(0.E0,-7.313537016192E-1,6.819983600625E-1));
#1050=AXIS2_PLACEMENT_3D('',#1047,#1048,#1049);
#1052=DIRECTION('',(1.E0,-5.576885318242E-9,6.434978173399E-9));
#1053=VECTOR('',#1052,1.500000001526E0);
#1054=CARTESIAN_POINT('',(1.074999999986E2,-1.157077578462E1,
-5.203957280203E2));
#1055=LINE('',#1054,#1053);
#1056=CARTESIAN_POINT('',(1.090000000002E2,-1.157077579298E1,
-5.203957280106E2));
#1057=CARTESIAN_POINT('',(1.089995849808E2,-1.158821986331E1,
-5.203794611519E2));
#1058=CARTESIAN_POINT('',(1.090039716504E2,-1.162501130201E1,
-5.203463136072E2));
#1059=CARTESIAN_POINT('',(1.090245346923E2,-1.168652058487E1,
-5.202950602824E2));
#1060=CARTESIAN_POINT('',(1.090640820377E2,-1.175385390852E1,
-5.202435235947E2));
#1061=CARTESIAN_POINT('',(1.091230827746E2,-1.182606209655E1,
-5.201930842215E2));
#1062=CARTESIAN_POINT('',(1.091997072335E2,-1.190147117733E1,
-5.201452585345E2));
#1063=CARTESIAN_POINT('',(1.092927118018E2,-1.198017555496E1,
-5.201001508961E2));
#1064=CARTESIAN_POINT('',(1.094025240802E2,-1.206332048129E1,
-5.200574447937E2));
#1065=CARTESIAN_POINT('',(1.095292682800E2,-1.215085265269E1,
-5.200176074398E2));
#1066=CARTESIAN_POINT('',(1.096734844348E2,-1.224318100667E1,
-5.199809082651E2));
#1067=CARTESIAN_POINT('',(1.098368057162E2,-1.234062677229E1,
-5.199477696777E2));
#1068=CARTESIAN_POINT('',(1.100203962423E2,-1.244338169766E1,
-5.199187173497E2));
#1069=CARTESIAN_POINT('',(1.102247424373E2,-1.255275236376E1,
-5.198941335593E2));
#1070=CARTESIAN_POINT('',(1.104508758132E2,-1.266985110744E1,
-5.198748027837E2));
#1071=CARTESIAN_POINT('',(1.107001759744E2,-1.279604996053E1,
-5.198617961168E2));
#1072=CARTESIAN_POINT('',(1.108837229691E2,-1.288746134687E1,
-5.198584465902E2));
#1073=CARTESIAN_POINT('',(1.109796746563E2,-1.293477276122E1,
-5.198584465962E2));
#1075=DIRECTION('',(-1.E0,5.615308023886E-10,2.231623194843E-10));
#1076=VECTOR('',#1075,5.750000001476E0);
#1077=CARTESIAN_POINT('',(1.1325E2,-1.439747991631E1,-5.204944386937E2));
#1078=LINE('',#1077,#1076);
#1079=DIRECTION('',(-3.127453858797E-11,6.819983600892E-1,7.313537015943E-1));
#1080=VECTOR('',#1079,3.999999990601E0);
#1081=CARTESIAN_POINT('',(1.074999999986E2,-1.712547334702E1,
-5.234198534920E2));
#1082=LINE('',#1081,#1080);
#1083=DIRECTION('',(7.071067811854E-1,-5.171451618616E-1,4.822456651590E-1));
#1084=VECTOR('',#1083,7.071067811865E-1);
#1085=CARTESIAN_POINT('',(1.069999999987E2,-1.675979649621E1,
-5.237608526720E2));
#1086=LINE('',#1085,#1084);
#1087=DIRECTION('',(7.071067811888E-1,-4.822456651567E-1,-5.171451618591E-1));
#1088=VECTOR('',#1087,7.071067811866E-1);
#1089=CARTESIAN_POINT('',(1.069999999985E2,-1.668576349475E1,
-5.258808807695E2));
#1090=LINE('',#1089,#1088);
#1091=CARTESIAN_POINT('',(1.075E2,-1.566276595333E1,-5.247838502203E2));
#1092=DIRECTION('',(-1.E0,0.E0,0.E0));
#1093=DIRECTION('',(0.E0,-6.819983600625E-1,-7.313537016192E-1));
#1094=AXIS2_PLACEMENT_3D('',#1091,#1092,#1093);
#1096=DIRECTION('',(1.E0,-1.661731467014E-9,-1.435597843163E-9));
#1097=VECTOR('',#1096,5.750000001351E0);
#1098=CARTESIAN_POINT('',(1.074999999986E2,-1.712547334702E1,
-5.234198534920E2));
#1099=LINE('',#1098,#1097);
#1100=DIRECTION('',(-1.E0,-2.325136797474E-10,5.676037802557E-10));
#1101=VECTOR('',#1100,5.750000001483E0);
#1102=CARTESIAN_POINT('',(1.1325E2,-1.702676267345E1,-5.262465576236E2));
#1103=LINE('',#1102,#1101);
#1104=DIRECTION('',(-1.343522697770E-10,-7.313537015280E-1,6.819983601603E-1));
#1105=VECTOR('',#1104,5.813500569462E0);
#1106=CARTESIAN_POINT('',(1.074999999993E2,-1.277503751447E1,
-5.302113554755E2));
#1107=LINE('',#1106,#1105);
#1108=DIRECTION('',(7.071067811922E-1,-4.822456625977E-1,-5.171451642409E-1));
#1109=VECTOR('',#1108,7.071067808557E-1);
#1110=CARTESIAN_POINT('',(1.069999999995E2,-1.243403833641E1,
-5.298456786232E2));
#1111=LINE('',#1110,#1109);
#1112=DIRECTION('',(7.071067811924E-1,1.627890158286E-1,-6.881131711552E-1));
#1113=VECTOR('',#1112,7.071067810745E-1);
#1114=CARTESIAN_POINT('',(1.069999999998E2,-1.197792994561E1,
-5.299665712593E2));
#1115=LINE('',#1114,#1113);
#1116=CARTESIAN_POINT('',(1.075E2,-1.209303916030E1,-5.294800017693E2));
#1117=DIRECTION('',(-1.E0,0.E0,0.E0));
#1118=DIRECTION('',(0.E0,2.302184385454E-1,-9.731389780261E-1));
#1119=AXIS2_PLACEMENT_3D('',#1116,#1117,#1118);
#1121=DIRECTION('',(1.E0,-1.024587796123E-9,7.886109928367E-10));
#1122=VECTOR('',#1121,5.750000000702E0);
#1123=CARTESIAN_POINT('',(1.074999999993E2,-1.277503751447E1,
-5.302113554755E2));
#1124=LINE('',#1123,#1122);
#1125=DIRECTION('',(-1.E0,-1.195988931030E-9,-2.440016111764E-10));
#1126=VECTOR('',#1125,5.750000000238E0);
#1127=CARTESIAN_POINT('',(1.1325E2,-1.186282072176E1,-5.304531407473E2));
#1128=LINE('',#1127,#1126);
#1129=DIRECTION('',(1.743756470802E-11,-9.731389780209E-1,-2.302184385674E-1));
#1130=VECTOR('',#1129,2.767591886878E0);
#1131=CARTESIAN_POINT('',(1.074999999997E2,-9.169569188257E0,
-5.298159900659E2));
#1132=LINE('',#1131,#1130);
#1133=DIRECTION('',(7.071067811934E-1,1.627890193279E-1,-6.881131703264E-1));
#1134=VECTOR('',#1133,7.071067810519E-1);
#1135=CARTESIAN_POINT('',(1.069999999998E2,-9.284678407704E0,
-5.293294205771E2));
#1136=LINE('',#1135,#1134);
#1137=DIRECTION('',(7.071067811932E-1,5.171451610560E-1,-4.822456660116E-1));
#1138=VECTOR('',#1137,7.071067810996E-1);
#1139=CARTESIAN_POINT('',(1.069999999999E2,-9.034110777738E0,
-5.291838502695E2));
#1140=LINE('',#1139,#1138);
#1141=CARTESIAN_POINT('',(1.075E2,-9.399787627340E0,-5.288428510883E2));
#1142=DIRECTION('',(-1.E0,0.E0,0.E0));
#1143=DIRECTION('',(0.E0,7.313537016192E-1,-6.819983600625E-1));
#1144=AXIS2_PLACEMENT_3D('',#1141,#1142,#1143);
#1146=DIRECTION('',(1.E0,-9.505053748440E-11,-7.005086365699E-11));
#1147=VECTOR('',#1146,5.750000000286E0);
#1148=CARTESIAN_POINT('',(1.074999999997E2,-9.169569188257E0,
-5.298159900659E2));
#1149=LINE('',#1148,#1147);
#1150=DIRECTION('',(-1.E0,-3.146032999216E-10,-2.879143879726E-10));
#1151=VECTOR('',#1150,5.750000000208E0);
#1152=CARTESIAN_POINT('',(1.1325E2,-8.668433925734E0,-5.295248494484E2));
#1153=LINE('',#1152,#1151);
#1154=DIRECTION('',(1.523226884541E-10,7.313537016923E-1,-6.819983599841E-1));
#1155=VECTOR('',#1154,6.348684317379E0);
#1156=CARTESIAN_POINT('',(1.090000000002E2,-1.157077579298E1,
-5.203957280106E2));
#1157=LINE('',#1156,#1155);
#1158=DIRECTION('',(-1.056452958903E-5,-7.313528299192E-1,6.819992947633E-1));
#1159=VECTOR('',#1158,6.348684317502E0);
#1160=CARTESIAN_POINT('',(1.135825592313E2,-4.881648617332E0,
-5.225314610004E2));
#1161=LINE('',#1160,#1159);
#1162=DIRECTION('',(1.E0,-8.597567102697E-13,-2.273736754432E-13));
#1163=VECTOR('',#1162,3.E0);
#1164=CARTESIAN_POINT('',(1.14E2,-1.523719157019E1,-5.157063861039E2));
#1165=LINE('',#1164,#1163);
#1166=CARTESIAN_POINT('',(1.14E2,-4.125502878987E1,-5.442184699857E2));
#1167=CARTESIAN_POINT('',(1.140982604710E2,-4.129471848878E1,
-5.443913704441E2));
#1168=CARTESIAN_POINT('',(1.142800521004E2,-4.137278874983E1,
-5.447421341399E2));
#1169=CARTESIAN_POINT('',(1.144929519476E2,-4.148793924549E1,
-5.452958112759E2));
#1170=CARTESIAN_POINT('',(1.146149066477E2,-4.160080307740E1,
-5.458822709853E2));
#1171=CARTESIAN_POINT('',(1.146151102264E2,-4.170582534338E1,
-5.464774444975E2));
#1172=CARTESIAN_POINT('',(1.144928458690E2,-4.180071587720E1,
-5.470686775480E2));
#1173=CARTESIAN_POINT('',(1.142801921693E2,-4.188186491721E1,
-5.476275142789E2));
#1174=CARTESIAN_POINT('',(1.140983278395E2,-4.192858249829E1,
-5.479840778311E2));
#1175=CARTESIAN_POINT('',(1.14E2,-4.195047164859E1,-5.481602421657E2));
#1177=DIRECTION('',(7.071043191680E-1,-6.893441688959E-5,7.071092398364E-1));
#1178=VECTOR('',#1177,2.489024536112E0);
#1179=CARTESIAN_POINT('',(1.14E2,-3.894464997536E1,-5.500182979365E2));
#1180=LINE('',#1179,#1178);
#1181=CARTESIAN_POINT('',(1.1576E2,-3.894485578094E1,-5.466582856896E2));
#1182=DIRECTION('',(-1.E0,0.E0,0.E0));
#1183=DIRECTION('',(0.E0,0.E0,-1.E0));
#1184=AXIS2_PLACEMENT_3D('',#1181,#1182,#1183);
#1186=DIRECTION('',(7.071067811866E-1,0.E0,-7.071067811865E-1));
#1187=VECTOR('',#1186,2.489015869777E0);
#1188=CARTESIAN_POINT('',(1.14E2,-3.894485578094E1,-5.432982856896E2));
#1189=LINE('',#1188,#1187);
#1190=CARTESIAN_POINT('',(1.1576E2,-3.894485578094E1,-5.466582856896E2));
#1191=DIRECTION('',(-1.E0,0.E0,0.E0));
#1192=DIRECTION('',(0.E0,0.E0,1.E0));
#1193=AXIS2_PLACEMENT_3D('',#1190,#1191,#1192);
#1195=DIRECTION('',(-9.999999996191E-1,2.760171500200E-5,5.904380924583E-10));
#1196=VECTOR('',#1195,1.240000000472E0);
#1197=CARTESIAN_POINT('',(1.17E2,-3.894485578094E1,-5.482582856896E2));
#1198=LINE('',#1197,#1196);
#1199=DIRECTION('',(-1.E0,0.E0,-9.168293364646E-14));
#1200=VECTOR('',#1199,1.24E0);
#1201=CARTESIAN_POINT('',(1.17E2,-3.894485578094E1,-5.450582856896E2));
#1202=LINE('',#1201,#1200);
#1203=CARTESIAN_POINT('',(1.14E2,-2.666039349456E1,-5.216830992146E2));
#1204=CARTESIAN_POINT('',(1.140982604709E2,-2.680193584019E1,
-5.217900366033E2));
#1205=CARTESIAN_POINT('',(1.142800521003E2,-2.708720768724E1,
-5.220085545866E2));
#1206=CARTESIAN_POINT('',(1.144929519474E2,-2.753131488728E1,
-5.223586785680E2));
#1207=CARTESIAN_POINT('',(1.146149066477E2,-2.799474263328E1,
-5.227353852968E2));
#1208=CARTESIAN_POINT('',(1.146151102265E2,-2.845776451577E1,
-5.231238076471E2));
#1209=CARTESIAN_POINT('',(1.144928458691E2,-2.891049216126E1,
-5.235157239807E2));
#1210=CARTESIAN_POINT('',(1.142801921694E2,-2.933186925902E1,
-5.238916561556E2));
#1211=CARTESIAN_POINT('',(1.140983278395E2,-2.959685163592E1,
-5.241347702013E2));
#1212=CARTESIAN_POINT('',(1.14E2,-2.972685594945E1,-5.242556498363E2));
#1214=DIRECTION('',(7.071047489716E-1,-5.598642956687E-5,7.071088111793E-1));
#1215=VECTOR('',#1214,2.489023023194E0);
#1216=CARTESIAN_POINT('',(1.14E2,-2.645881427665E1,-5.283970671736E2));
#1217=LINE('',#1216,#1215);
#1218=CARTESIAN_POINT('',(1.1576E2,-2.645898160275E1,-5.250370570632E2));
#1219=DIRECTION('',(-1.E0,0.E0,0.E0));
#1220=DIRECTION('',(0.E0,0.E0,-1.E0));
#1221=AXIS2_PLACEMENT_3D('',#1218,#1219,#1220);
#1223=DIRECTION('',(7.071067811865E-1,0.E0,-7.071067811866E-1));
#1224=VECTOR('',#1223,2.489015869777E0);
#1225=CARTESIAN_POINT('',(1.14E2,-2.645898160275E1,-5.216770570632E2));
#1226=LINE('',#1225,#1224);
#1227=CARTESIAN_POINT('',(1.1576E2,-2.645898160275E1,-5.250370570632E2));
#1228=DIRECTION('',(-1.E0,0.E0,0.E0));
#1229=DIRECTION('',(0.E0,0.E0,1.E0));
#1230=AXIS2_PLACEMENT_3D('',#1227,#1228,#1229);
#1232=DIRECTION('',(-9.999999997455E-1,2.256015311480E-5,3.944199804467E-10));
#1233=VECTOR('',#1232,1.240000000316E0);
#1234=CARTESIAN_POINT('',(1.17E2,-2.645898160275E1,-5.266370570632E2));
#1235=LINE('',#1234,#1233);
#1236=DIRECTION('',(-1.E0,0.E0,0.E0));
#1237=VECTOR('',#1236,1.24E0);
#1238=CARTESIAN_POINT('',(1.17E2,-2.645898160275E1,-5.234370570632E2));
#1239=LINE('',#1238,#1237);
#1240=DIRECTION('',(-1.E0,-2.865618853320E-11,-1.913728434981E-11));
#1241=VECTOR('',#1240,3.E0);
#1242=CARTESIAN_POINT('',(1.17E2,-4.422505017410E1,-5.533492548068E2));
#1243=LINE('',#1242,#1241);
#1244=DIRECTION('',(1.E0,-2.465583293088E-12,-1.678775637023E-11));
#1245=VECTOR('',#1244,3.E0);
#1246=CARTESIAN_POINT('',(1.14E2,-4.214470620557E1,-5.501269399854E2));
#1247=LINE('',#1246,#1245);
#1248=DIRECTION('',(-1.E0,5.755396159657E-13,-1.140657938474E-11));
#1249=VECTOR('',#1248,3.E0);
#1250=CARTESIAN_POINT('',(1.17E2,-5.156822982020E1,-5.603644619322E2));
#1251=LINE('',#1250,#1249);
#1252=DIRECTION('',(1.E0,2.847144742191E-11,1.906149312466E-11));
#1253=VECTOR('',#1252,3.E0);
#1254=CARTESIAN_POINT('',(1.14E2,-4.952573206859E1,-5.562278573075E2));
#1255=LINE('',#1254,#1253);
#1256=DIRECTION('',(-1.E0,-5.657104414543E-11,1.466560206609E-11));
#1257=VECTOR('',#1256,3.E0);
#1258=CARTESIAN_POINT('',(1.17E2,-4.785125730831E1,-5.659060002383E2));
#1259=LINE('',#1258,#1257);
#1260=DIRECTION('',(1.E0,2.934541498689E-12,-1.091393642128E-11));
#1261=VECTOR('',#1260,3.E0);
#1262=CARTESIAN_POINT('',(1.14E2,-5.122134061091E1,-5.625699640835E2));
#1263=LINE('',#1262,#1261);
#1264=DIRECTION('',(-1.E0,-3.979039320257E-13,2.614797267597E-12));
#1265=VECTOR('',#1264,3.E0);
#1266=CARTESIAN_POINT('',(1.17E2,-3.879490863365E1,-5.691023916268E2));
#1267=LINE('',#1266,#1265);
#1268=DIRECTION('',(1.E0,6.128667943509E-11,-1.538561870499E-11));
#1269=VECTOR('',#1268,3.E0);
#1270=CARTESIAN_POINT('',(1.14E2,-4.186145750891E1,-5.667858696576E2));
#1271=LINE('',#1270,#1269);
#1272=CARTESIAN_POINT('',(1.17E2,-2.185507403839E1,-5.874245361074E2));
#1273=CARTESIAN_POINT('',(1.17E2,-3.879490863370E1,-5.691023916267E2));
#1274=VERTEX_POINT('',#1272);
#1275=VERTEX_POINT('',#1273);
#1276=CARTESIAN_POINT('',(1.14E2,-2.185507403850E1,-5.874245361073E2));
#1277=VERTEX_POINT('',#1276);
#1278=CARTESIAN_POINT('',(1.14E2,-3.594872876575E1,-5.743294110017E2));
#1279=VERTEX_POINT('',#1278);
#1280=VERTEX_POINT('',#356);
#1281=CARTESIAN_POINT('',(1.14E2,-3.879490863371E1,-5.691023916267E2));
#1282=VERTEX_POINT('',#1281);
#1283=CARTESIAN_POINT('',(1.17E2,-4.952573206850E1,-5.562278573074E2));
#1284=CARTESIAN_POINT('',(1.17E2,-4.422505017410E1,-5.533492548068E2));
#1285=VERTEX_POINT('',#1283);
#1286=VERTEX_POINT('',#1284);
#1287=CARTESIAN_POINT('',(1.17E2,-4.214470620558E1,-5.501269399856E2));
#1288=VERTEX_POINT('',#1287);
#1289=CARTESIAN_POINT('',(1.17E2,-1.523719157010E1,-5.157063861039E2));
#1290=VERTEX_POINT('',#1289);
#1291=CARTESIAN_POINT('',(1.17E2,-1.399008924215E1,-5.155070091822E2));
#1292=CARTESIAN_POINT('',(1.17E2,-1.126209580212E1,-5.165815943755E2));
#1293=VERTEX_POINT('',#1291);
#1294=VERTEX_POINT('',#1292);
#1295=CARTESIAN_POINT('',(1.17E2,-3.545410583890E0,-5.237775197568E2));
#1296=VERTEX_POINT('',#1295);
#1297=CARTESIAN_POINT('',(1.17E2,-5.779292655619E0,-5.306723147296E2));
#1298=VERTEX_POINT('',#1297);
#1299=CARTESIAN_POINT('',(1.17E2,-1.063155398787E1,-5.741662322081E2));
#1300=VERTEX_POINT('',#1299);
#1301=CARTESIAN_POINT('',(1.17E2,-9.581014606372E0,-5.811236599643E2));
#1302=VERTEX_POINT('',#1301);
#1303=CARTESIAN_POINT('',(1.17E2,-1.752627329173E1,-5.871108418257E2));
#1304=VERTEX_POINT('',#1303);
#1305=CARTESIAN_POINT('',(1.17E2,-1.993353782835E1,-5.879163031343E2));
#1306=VERTEX_POINT('',#1305);
#1307=CARTESIAN_POINT('',(1.17E2,-4.186145750825E1,-5.667858696577E2));
#1308=VERTEX_POINT('',#1307);
#1309=CARTESIAN_POINT('',(1.17E2,-4.785125730831E1,-5.659060002383E2));
#1310=VERTEX_POINT('',#1309);
#1311=CARTESIAN_POINT('',(1.17E2,-5.122134061089E1,-5.625699640836E2));
#1312=VERTEX_POINT('',#1311);
#1313=CARTESIAN_POINT('',(1.17E2,-5.156822982020E1,-5.603644619322E2));
#1314=VERTEX_POINT('',#1313);
#1315=CARTESIAN_POINT('',(1.17E2,-3.461173244536E1,-5.728468729501E2));
#1316=CARTESIAN_POINT('',(1.17E2,-3.461173244536E1,-5.696468729501E2));
#1317=VERTEX_POINT('',#1315);
#1318=VERTEX_POINT('',#1316);
#1319=CARTESIAN_POINT('',(1.17E2,-3.894485578094E1,-5.482582856896E2));
#1320=CARTESIAN_POINT('',(1.17E2,-3.894485578094E1,-5.450582856896E2));
#1321=VERTEX_POINT('',#1319);
#1322=VERTEX_POINT('',#1320);
#1323=CARTESIAN_POINT('',(1.17E2,-2.645898160275E1,-5.266370570632E2));
#1324=CARTESIAN_POINT('',(1.17E2,-2.645898160275E1,-5.234370570632E2));
#1325=VERTEX_POINT('',#1323);
#1326=VERTEX_POINT('',#1324);
#1327=CARTESIAN_POINT('',(1.14E2,-4.422505017418E1,-5.533492548069E2));
#1328=CARTESIAN_POINT('',(1.14E2,-4.952573206859E1,-5.562278573075E2));
#1329=VERTEX_POINT('',#1327);
#1330=VERTEX_POINT('',#1328);
#1331=CARTESIAN_POINT('',(1.14E2,-3.461173244536E1,-5.678868729501E2));
#1332=CARTESIAN_POINT('',(1.14E2,-3.461131101499E1,-5.746068729237E2));
#1333=VERTEX_POINT('',#1331);
#1334=VERTEX_POINT('',#1332);
#1335=CARTESIAN_POINT('',(1.14E2,-1.993353782835E1,-5.879163031343E2));
#1336=VERTEX_POINT('',#1335);
#1337=CARTESIAN_POINT('',(1.14E2,-1.759669187192E1,-5.871627089894E2));
#1338=VERTEX_POINT('',#1337);
#1339=VERTEX_POINT('',#438);
#1340=VERTEX_POINT('',#146);
#1341=CARTESIAN_POINT('',(1.14E2,-2.280970652885E1,-5.798229734166E2));
#1342=VERTEX_POINT('',#1341);
#1343=CARTESIAN_POINT('',(1.14E2,-2.226845019573E1,-5.759717344546E2));
#1344=VERTEX_POINT('',#1343);
#1345=CARTESIAN_POINT('',(1.14E2,-1.790405388918E1,-5.726829259416E2));
#1346=VERTEX_POINT('',#1345);
#1347=CARTESIAN_POINT('',(1.14E2,-1.685087759862E1,-5.723305380842E2));
#1348=CARTESIAN_POINT('',(1.14E2,-1.627219109813E1,-5.724289867123E2));
#1349=VERTEX_POINT('',#1347);
#1350=VERTEX_POINT('',#1348);
#1351=CARTESIAN_POINT('',(1.14E2,-1.366029386148E1,-5.733441684587E2));
#1352=VERTEX_POINT('',#1351);
#1353=CARTESIAN_POINT('',(1.14E2,-1.284136821821E1,-5.739425435406E2));
#1354=VERTEX_POINT('',#1353);
#1355=CARTESIAN_POINT('',(1.139999907637E2,-1.121813798511E1,
-5.760966426260E2));
#1356=VERTEX_POINT('',#1355);
#1357=VERTEX_POINT('',#457);
#1358=CARTESIAN_POINT('',(1.14E2,-1.063155398777E1,-5.741662322082E2));
#1359=VERTEX_POINT('',#1358);
#1360=CARTESIAN_POINT('',(1.14E2,-5.779292655428E0,-5.306723147296E2));
#1361=VERTEX_POINT('',#1360);
#1362=CARTESIAN_POINT('',(1.14E2,-2.756361187769E0,-5.247975575625E2));
#1363=VERTEX_POINT('',#1362);
#1364=VERTEX_POINT('',#205);
#1365=VERTEX_POINT('',#212);
#1366=CARTESIAN_POINT('',(1.14E2,-8.119918654734E0,-5.300363482134E2));
#1367=VERTEX_POINT('',#1366);
#1368=CARTESIAN_POINT('',(1.14E2,-8.996905360713E0,-5.305458443E2));
#1369=VERTEX_POINT('',#1368);
#1370=CARTESIAN_POINT('',(1.14E2,-1.169015689240E1,-5.311829949808E2));
#1371=VERTEX_POINT('',#1370);
#1372=CARTESIAN_POINT('',(1.14E2,-1.209303916030E1,-5.312300017693E2));
#1373=VERTEX_POINT('',#1372);
#1374=CARTESIAN_POINT('',(1.14E2,-1.328653629056E1,-5.307598707470E2));
#1375=VERTEX_POINT('',#1374);
#1376=CARTESIAN_POINT('',(1.14E2,-1.753826144342E1,-5.267950728999E2));
#1377=VERTEX_POINT('',#1376);
#1378=CARTESIAN_POINT('',(1.14E2,-1.767398863307E1,-5.229083547304E2));
#1379=VERTEX_POINT('',#1378);
#1380=CARTESIAN_POINT('',(1.139999916677E2,-1.494599526432E1,
-5.199829398568E2));
#1381=VERTEX_POINT('',#1380);
#1382=VERTEX_POINT('',#834);
#1383=CARTESIAN_POINT('',(1.14E2,-1.399008924215E1,-5.155070091822E2));
#1384=CARTESIAN_POINT('',(1.14E2,-1.523719157010E1,-5.157063861039E2));
#1385=VERTEX_POINT('',#1383);
#1386=VERTEX_POINT('',#1384);
#1387=CARTESIAN_POINT('',(1.14E2,-2.666039349462E1,-5.216830992147E2));
#1388=VERTEX_POINT('',#1387);
#1389=CARTESIAN_POINT('',(1.14E2,-2.645898160275E1,-5.216770570632E2));
#1390=VERTEX_POINT('',#1389);
#1391=CARTESIAN_POINT('',(1.14E2,-2.645871461341E1,-5.283970570526E2));
#1392=VERTEX_POINT('',#1391);
#1393=CARTESIAN_POINT('',(1.14E2,-2.972685594943E1,-5.242556498363E2));
#1394=VERTEX_POINT('',#1393);
#1395=CARTESIAN_POINT('',(1.14E2,-4.125502878987E1,-5.442184699857E2));
#1396=VERTEX_POINT('',#1395);
#1397=CARTESIAN_POINT('',(1.14E2,-3.894485578094E1,-5.432982856896E2));
#1398=VERTEX_POINT('',#1397);
#1399=CARTESIAN_POINT('',(1.14E2,-3.894452586727E1,-5.500182856734E2));
#1400=VERTEX_POINT('',#1399);
#1401=CARTESIAN_POINT('',(1.14E2,-4.195047164859E1,-5.481602421657E2));
#1402=VERTEX_POINT('',#1401);
#1403=CARTESIAN_POINT('',(1.14E2,-4.214470620557E1,-5.501269399854E2));
#1404=VERTEX_POINT('',#1403);
#1405=CARTESIAN_POINT('',(1.14E2,-5.156822982018E1,-5.603644619323E2));
#1406=VERTEX_POINT('',#1405);
#1407=CARTESIAN_POINT('',(1.14E2,-5.122134061091E1,-5.625699640835E2));
#1408=VERTEX_POINT('',#1407);
#1409=CARTESIAN_POINT('',(1.14E2,-4.785125730893E1,-5.659060002382E2));
#1410=VERTEX_POINT('',#1409);
#1411=CARTESIAN_POINT('',(1.14E2,-4.186145750891E1,-5.667858696576E2));
#1412=VERTEX_POINT('',#1411);
#1413=CARTESIAN_POINT('',(1.1576E2,-3.461173244536E1,-5.696468729501E2));
#1414=VERTEX_POINT('',#1413);
#1415=CARTESIAN_POINT('',(1.1576E2,-3.461173244536E1,-5.728468729501E2));
#1416=VERTEX_POINT('',#1415);
#1417=VERTEX_POINT('',#384);
#1418=VERTEX_POINT('',#410);
#1419=CARTESIAN_POINT('',(1.09E2,-1.700256874292E1,-5.829597951674E2));
#1420=VERTEX_POINT('',#1419);
#1421=VERTEX_POINT('',#677);
#1422=VERTEX_POINT('',#431);
#1423=CARTESIAN_POINT('',(1.136899976748E2,-9.581007875084E0,
-5.811236558609E2));
#1424=VERTEX_POINT('',#1423);
#1425=VERTEX_POINT('',#518);
#1426=CARTESIAN_POINT('',(1.1325E2,-1.181711470884E1,-5.765480039621E2));
#1427=VERTEX_POINT('',#1426);
#1428=VERTEX_POINT('',#511);
#1429=CARTESIAN_POINT('',(1.1325E2,-1.344034485086E1,-5.743939048079E2));
#1430=VERTEX_POINT('',#1429);
#1431=CARTESIAN_POINT('',(1.1325E2,-1.390830236116E1,-5.740519761897E2));
#1432=VERTEX_POINT('',#1431);
#1433=CARTESIAN_POINT('',(1.1325E2,-1.652019959887E1,-5.731367944429E2));
#1434=VERTEX_POINT('',#1433);
#1435=CARTESIAN_POINT('',(1.1325E2,-1.745269262177E1,-5.732819025741E2));
#1436=VERTEX_POINT('',#1435);
#1437=CARTESIAN_POINT('',(1.1325E2,-1.685087759862E1,-5.730805380842E2));
#1438=VERTEX_POINT('',#1437);
#1439=CARTESIAN_POINT('',(1.1325E2,-2.181708892815E1,-5.765707110870E2));
#1440=VERTEX_POINT('',#1439);
#1441=CARTESIAN_POINT('',(1.1325E2,-2.221072990191E1,-5.793716121534E2));
#1442=VERTEX_POINT('',#1441);
#1443=VERTEX_POINT('',#788);
#1444=VERTEX_POINT('',#811);
#1445=CARTESIAN_POINT('',(1.090000000007E2,-6.927642017050E0,
-5.247255203036E2));
#1446=VERTEX_POINT('',#1445);
#1447=VERTEX_POINT('',#1014);
#1448=CARTESIAN_POINT('',(1.139483704903E2,-1.126214883983E1,
-5.165815444630E2));
#1449=VERTEX_POINT('',#1448);
#1450=VERTEX_POINT('',#870);
#1451=CARTESIAN_POINT('',(1.1325E2,-1.439747991632E1,-5.204944386938E2));
#1452=VERTEX_POINT('',#1451);
#1453=VERTEX_POINT('',#863);
#1454=VERTEX_POINT('',#1056);
#1455=CARTESIAN_POINT('',(1.1325E2,-1.712547335660E1,-5.234198535002E2));
#1456=VERTEX_POINT('',#1455);
#1457=CARTESIAN_POINT('',(1.1325E2,-1.702676267344E1,-5.262465576236E2));
#1458=VERTEX_POINT('',#1457);
#1459=CARTESIAN_POINT('',(1.1325E2,-1.277503752034E1,-5.302113554709E2));
#1460=VERTEX_POINT('',#1459);
#1461=CARTESIAN_POINT('',(1.1325E2,-1.186282072177E1,-5.304531407473E2));
#1462=VERTEX_POINT('',#1461);
#1463=CARTESIAN_POINT('',(1.1325E2,-1.209303916030E1,-5.304800017693E2));
#1464=VERTEX_POINT('',#1463);
#1465=CARTESIAN_POINT('',(1.1325E2,-9.169569188805E0,-5.298159900663E2));
#1466=VERTEX_POINT('',#1465);
#1467=CARTESIAN_POINT('',(1.132500000001E2,-8.668433925758E0,
-5.295248494484E2));
#1468=VERTEX_POINT('',#1467);
#1469=CARTESIAN_POINT('',(1.1576E2,-3.894482155481E1,-5.482582856889E2));
#1470=VERTEX_POINT('',#1469);
#1471=CARTESIAN_POINT('',(1.1576E2,-3.894485578094E1,-5.450582856896E2));
#1472=VERTEX_POINT('',#1471);
#1473=CARTESIAN_POINT('',(1.1576E2,-2.645895362816E1,-5.266370570627E2));
#1474=VERTEX_POINT('',#1473);
#1475=CARTESIAN_POINT('',(1.1576E2,-2.645898160275E1,-5.234370570632E2));
#1476=VERTEX_POINT('',#1475);
#1477=CARTESIAN_POINT('',(1.069999999998E2,-1.668553860319E1,
-5.736086662621E2));
#1478=CARTESIAN_POINT('',(1.069999999999E2,-1.407364135949E1,
-5.745238480110E2));
#1479=VERTEX_POINT('',#1477);
#1480=VERTEX_POINT('',#1478);
#1481=CARTESIAN_POINT('',(1.074999999998E2,-1.652019960554E1,
-5.731367944408E2));
#1482=CARTESIAN_POINT('',(1.074999999998E2,-1.390830235884E1,
-5.740519761907E2));
#1483=VERTEX_POINT('',#1481);
#1484=VERTEX_POINT('',#1482);
#1485=CARTESIAN_POINT('',(1.07E2,-1.383966260587E1,-5.746948123194E2));
#1486=VERTEX_POINT('',#1485);
#1487=CARTESIAN_POINT('',(1.075E2,-1.344034485086E1,-5.743939048078E2));
#1488=VERTEX_POINT('',#1487);
#1489=CARTESIAN_POINT('',(1.069999999985E2,-1.221643246313E1,
-5.768489114771E2));
#1490=VERTEX_POINT('',#1489);
#1491=CARTESIAN_POINT('',(1.074999999985E2,-1.181711470811E1,
-5.765480039655E2));
#1492=VERTEX_POINT('',#1491);
#1493=CARTESIAN_POINT('',(1.07E2,-1.251166319422E1,-5.789495872735E2));
#1494=VERTEX_POINT('',#1493);
#1495=CARTESIAN_POINT('',(1.075E2,-1.221075568264E1,-5.793489050285E2));
#1496=VERTEX_POINT('',#1495);
#1497=CARTESIAN_POINT('',(1.069999999987E2,-1.730347624521E1,
-5.825604774037E2));
#1498=VERTEX_POINT('',#1497);
#1499=CARTESIAN_POINT('',(1.074999999987E2,-1.700256873363E1,
-5.829597951587E2));
#1500=VERTEX_POINT('',#1499);
#1501=CARTESIAN_POINT('',(1.07E2,-1.940415205429E1,-5.822652466820E2));
#1502=VERTEX_POINT('',#1501);
#1503=CARTESIAN_POINT('',(1.075E2,-1.980346980931E1,-5.825661541936E2));
#1504=VERTEX_POINT('',#1503);
#1505=CARTESIAN_POINT('',(1.069999999987E2,-2.181141213822E1,
-5.790707046511E2));
#1506=VERTEX_POINT('',#1505);
#1507=CARTESIAN_POINT('',(1.074999999986E2,-2.221072989324E1,
-5.793716121627E2));
#1508=VERTEX_POINT('',#1507);
#1509=CARTESIAN_POINT('',(1.07E2,-2.151618141654E1,-5.769700288420E2));
#1510=VERTEX_POINT('',#1509);
#1511=CARTESIAN_POINT('',(1.075E2,-2.181708892813E1,-5.765707110870E2));
#1512=VERTEX_POINT('',#1511);
#1513=CARTESIAN_POINT('',(1.069999999995E2,-1.715178510597E1,
-5.736812203266E2));
#1514=VERTEX_POINT('',#1513);
#1515=CARTESIAN_POINT('',(1.074999999993E2,-1.745269261543E1,
-5.732819025702E2));
#1516=VERTEX_POINT('',#1515);
#1517=CARTESIAN_POINT('',(1.07E2,-7.268641197089E0,-5.250911971544E2));
#1518=CARTESIAN_POINT('',(1.07E2,-7.194608184731E0,-5.272112252469E2));
#1519=VERTEX_POINT('',#1517);
#1520=VERTEX_POINT('',#1518);
#1521=CARTESIAN_POINT('',(1.075E2,-6.927642017047E0,-5.247255203036E2));
#1522=CARTESIAN_POINT('',(1.075E2,-6.828931333934E0,-5.275522244269E2));
#1523=VERTEX_POINT('',#1521);
#1524=VERTEX_POINT('',#1522);
#1525=CARTESIAN_POINT('',(1.069999999999E2,-9.034110777738E0,
-5.291838502695E2));
#1526=VERTEX_POINT('',#1525);
#1527=CARTESIAN_POINT('',(1.074999999998E2,-8.668433927543E0,
-5.295248494501E2));
#1528=VERTEX_POINT('',#1527);
#1529=CARTESIAN_POINT('',(1.07E2,-9.284678408060E0,-5.293294205773E2));
#1530=VERTEX_POINT('',#1529);
#1531=CARTESIAN_POINT('',(1.075E2,-9.169569188795E0,-5.298159900663E2));
#1532=VERTEX_POINT('',#1531);
#1533=CARTESIAN_POINT('',(1.069999999998E2,-1.197792994561E1,
-5.299665712593E2));
#1534=VERTEX_POINT('',#1533);
#1535=CARTESIAN_POINT('',(1.074999999998E2,-1.186282072863E1,
-5.304531407487E2));
#1536=VERTEX_POINT('',#1535);
#1537=CARTESIAN_POINT('',(1.07E2,-1.243403834035E1,-5.298456786201E2));
#1538=VERTEX_POINT('',#1537);
#1539=CARTESIAN_POINT('',(1.075E2,-1.277503752036E1,-5.302113554709E2));
#1540=VERTEX_POINT('',#1539);
#1541=CARTESIAN_POINT('',(1.069999999985E2,-1.668576349475E1,
-5.258808807695E2));
#1542=VERTEX_POINT('',#1541);
#1543=CARTESIAN_POINT('',(1.074999999985E2,-1.702676267479E1,
-5.262465576203E2));
#1544=VERTEX_POINT('',#1543);
#1545=CARTESIAN_POINT('',(1.07E2,-1.675979650574E1,-5.237608526802E2));
#1546=VERTEX_POINT('',#1545);
#1547=CARTESIAN_POINT('',(1.075E2,-1.712547335657E1,-5.234198535002E2));
#1548=VERTEX_POINT('',#1547);
#1549=CARTESIAN_POINT('',(1.069999999985E2,-1.403180306227E1,
-5.208354378725E2));
#1550=VERTEX_POINT('',#1549);
#1551=CARTESIAN_POINT('',(1.074999999985E2,-1.439747991308E1,
-5.204944386925E2));
#1552=VERTEX_POINT('',#1551);
#1553=CARTESIAN_POINT('',(1.07E2,-1.191177497297E1,-5.207614048615E2));
#1554=VERTEX_POINT('',#1553);
#1555=CARTESIAN_POINT('',(1.075E2,-1.157077579296E1,-5.203957280107E2));
#1556=VERTEX_POINT('',#1555);
#1557=CARTESIAN_POINT('',(1.14E2,-2.999999975869E0,-5.530000000597E2));
#1558=DIRECTION('',(1.E0,0.E0,0.E0));
#1559=DIRECTION('',(0.E0,0.E0,-1.E0));
#1560=AXIS2_PLACEMENT_3D('',#1557,#1558,#1559);
#1561=CYLINDRICAL_SURFACE('',#1560,3.925E1);
#1563=ORIENTED_EDGE('',*,*,#1562,.F.);
#1565=ORIENTED_EDGE('',*,*,#1564,.F.);
#1567=ORIENTED_EDGE('',*,*,#1566,.F.);
#1569=ORIENTED_EDGE('',*,*,#1568,.F.);
#1571=ORIENTED_EDGE('',*,*,#1570,.F.);
#1573=ORIENTED_EDGE('',*,*,#1572,.F.);
#1574=EDGE_LOOP('',(#1563,#1565,#1567,#1569,#1571,#1573));
#1575=FACE_OUTER_BOUND('',#1574,.F.);
#1576=ADVANCED_FACE('',(#1575),#1561,.T.);
#1577=CARTESIAN_POINT('',(1.17E2,-2.999999975869E0,-5.530000000597E2));
#1578=DIRECTION('',(-1.E0,0.E0,0.E0));
#1579=DIRECTION('',(0.E0,-1.E0,0.E0));
#1580=AXIS2_PLACEMENT_3D('',#1577,#1578,#1579);
#1581=PLANE('',#1580);
#1583=ORIENTED_EDGE('',*,*,#1582,.T.);
#1585=ORIENTED_EDGE('',*,*,#1584,.T.);
#1587=ORIENTED_EDGE('',*,*,#1586,.T.);
#1589=ORIENTED_EDGE('',*,*,#1588,.T.);
#1591=ORIENTED_EDGE('',*,*,#1590,.T.);
#1593=ORIENTED_EDGE('',*,*,#1592,.T.);
#1595=ORIENTED_EDGE('',*,*,#1594,.T.);
#1597=ORIENTED_EDGE('',*,*,#1596,.T.);
#1599=ORIENTED_EDGE('',*,*,#1598,.T.);
#1601=ORIENTED_EDGE('',*,*,#1600,.T.);
#1603=ORIENTED_EDGE('',*,*,#1602,.T.);
#1605=ORIENTED_EDGE('',*,*,#1604,.T.);
#1606=ORIENTED_EDGE('',*,*,#1562,.T.);
#1608=ORIENTED_EDGE('',*,*,#1607,.T.);
#1610=ORIENTED_EDGE('',*,*,#1609,.T.);
#1612=ORIENTED_EDGE('',*,*,#1611,.T.);
#1614=ORIENTED_EDGE('',*,*,#1613,.T.);
#1616=ORIENTED_EDGE('',*,*,#1615,.T.);
#1617=EDGE_LOOP('',(#1583,#1585,#1587,#1589,#1591,#1593,#1595,#1597,#1599,#1601,
#1603,#1605,#1606,#1608,#1610,#1612,#1614,#1616));
#1618=FACE_OUTER_BOUND('',#1617,.F.);
#1620=ORIENTED_EDGE('',*,*,#1619,.T.);
#1622=ORIENTED_EDGE('',*,*,#1621,.T.);
#1623=EDGE_LOOP('',(#1620,#1622));
#1624=FACE_BOUND('',#1623,.F.);
#1626=ORIENTED_EDGE('',*,*,#1625,.T.);
#1628=ORIENTED_EDGE('',*,*,#1627,.T.);
#1629=EDGE_LOOP('',(#1626,#1628));
#1630=FACE_BOUND('',#1629,.F.);
#1632=ORIENTED_EDGE('',*,*,#1631,.T.);
#1634=ORIENTED_EDGE('',*,*,#1633,.T.);
#1635=EDGE_LOOP('',(#1632,#1634));
#1636=FACE_BOUND('',#1635,.F.);
#1637=ADVANCED_FACE('',(#1618,#1624,#1630,#1636),#1581,.F.);
#1638=CARTESIAN_POINT('',(1.17002E2,-4.712509322397E1,-5.549241599495E2));
#1639=DIRECTION('',(0.E0,4.772313640007E-1,-8.787776881635E-1));
#1640=DIRECTION('',(0.E0,8.787776881635E-1,4.772313640007E-1));
#1641=AXIS2_PLACEMENT_3D('',#1638,#1639,#1640);
#1642=PLANE('',#1641);
#1644=ORIENTED_EDGE('',*,*,#1643,.F.);
#1646=ORIENTED_EDGE('',*,*,#1645,.F.);
#1647=ORIENTED_EDGE('',*,*,#1582,.F.);
#1649=ORIENTED_EDGE('',*,*,#1648,.F.);
#1650=EDGE_LOOP('',(#1644,#1646,#1647,#1649));
#1651=FACE_OUTER_BOUND('',#1650,.F.);
#1652=ADVANCED_FACE('',(#1651),#1642,.F.);
#1653=CARTESIAN_POINT('',(1.14E2,-3.249999975868E0,-5.530000000597E2));
#1654=DIRECTION('',(-1.E0,0.E0,0.E0));
#1655=DIRECTION('',(0.E0,-1.E0,0.E0));
#1656=AXIS2_PLACEMENT_3D('',#1653,#1654,#1655);
#1657=PLANE('',#1656);
#1659=ORIENTED_EDGE('',*,*,#1658,.T.);
#1661=ORIENTED_EDGE('',*,*,#1660,.T.);
#1662=ORIENTED_EDGE('',*,*,#1566,.T.);
#1664=ORIENTED_EDGE('',*,*,#1663,.T.);
#1666=ORIENTED_EDGE('',*,*,#1665,.T.);
#1668=ORIENTED_EDGE('',*,*,#1667,.F.);
#1670=ORIENTED_EDGE('',*,*,#1669,.T.);
#1672=ORIENTED_EDGE('',*,*,#1671,.T.);
#1674=ORIENTED_EDGE('',*,*,#1673,.T.);
#1676=ORIENTED_EDGE('',*,*,#1675,.T.);
#1678=ORIENTED_EDGE('',*,*,#1677,.T.);
#1680=ORIENTED_EDGE('',*,*,#1679,.T.);
#1682=ORIENTED_EDGE('',*,*,#1681,.T.);
#1684=ORIENTED_EDGE('',*,*,#1683,.T.);
#1686=ORIENTED_EDGE('',*,*,#1685,.T.);
#1688=ORIENTED_EDGE('',*,*,#1687,.F.);
#1690=ORIENTED_EDGE('',*,*,#1689,.T.);
#1692=ORIENTED_EDGE('',*,*,#1691,.T.);
#1694=ORIENTED_EDGE('',*,*,#1693,.T.);
#1696=ORIENTED_EDGE('',*,*,#1695,.T.);
#1698=ORIENTED_EDGE('',*,*,#1697,.T.);
#1700=ORIENTED_EDGE('',*,*,#1699,.T.);
#1702=ORIENTED_EDGE('',*,*,#1701,.T.);
#1704=ORIENTED_EDGE('',*,*,#1703,.T.);
#1706=ORIENTED_EDGE('',*,*,#1705,.T.);
#1708=ORIENTED_EDGE('',*,*,#1707,.T.);
#1710=ORIENTED_EDGE('',*,*,#1709,.T.);
#1712=ORIENTED_EDGE('',*,*,#1711,.T.);
#1714=ORIENTED_EDGE('',*,*,#1713,.T.);
#1716=ORIENTED_EDGE('',*,*,#1715,.F.);
#1718=ORIENTED_EDGE('',*,*,#1717,.T.);
#1720=ORIENTED_EDGE('',*,*,#1719,.T.);
#1722=ORIENTED_EDGE('',*,*,#1721,.T.);
#1724=ORIENTED_EDGE('',*,*,#1723,.T.);
#1726=ORIENTED_EDGE('',*,*,#1725,.T.);
#1728=ORIENTED_EDGE('',*,*,#1727,.T.);
#1730=ORIENTED_EDGE('',*,*,#1729,.T.);
#1732=ORIENTED_EDGE('',*,*,#1731,.T.);
#1734=ORIENTED_EDGE('',*,*,#1733,.T.);
#1736=ORIENTED_EDGE('',*,*,#1735,.T.);
#1738=ORIENTED_EDGE('',*,*,#1737,.T.);
#1740=ORIENTED_EDGE('',*,*,#1739,.T.);
#1741=ORIENTED_EDGE('',*,*,#1643,.T.);
#1743=ORIENTED_EDGE('',*,*,#1742,.T.);
#1745=ORIENTED_EDGE('',*,*,#1744,.T.);
#1747=ORIENTED_EDGE('',*,*,#1746,.T.);
#1749=ORIENTED_EDGE('',*,*,#1748,.T.);
#1751=ORIENTED_EDGE('',*,*,#1750,.T.);
#1752=ORIENTED_EDGE('',*,*,#1570,.T.);
#1754=ORIENTED_EDGE('',*,*,#1753,.T.);
#1755=EDGE_LOOP('',(#1659,#1661,#1662,#1664,#1666,#1668,#1670,#1672,#1674,#1676,
#1678,#1680,#1682,#1684,#1686,#1688,#1690,#1692,#1694,#1696,#1698,#1700,#1702,
#1704,#1706,#1708,#1710,#1712,#1714,#1716,#1718,#1720,#1722,#1724,#1726,#1728,
#1730,#1732,#1734,#1736,#1738,#1740,#1741,#1743,#1745,#1747,#1749,#1751,#1752,
#1754));
#1756=FACE_OUTER_BOUND('',#1755,.F.);
#1757=ADVANCED_FACE('',(#1756),#1657,.T.);
#1758=CARTESIAN_POINT('',(1.1488E2,-3.461173244536E1,-5.712468729501E2));
#1759=DIRECTION('',(-1.E0,0.E0,0.E0));
#1760=DIRECTION('',(0.E0,0.E0,1.E0));
#1761=AXIS2_PLACEMENT_3D('',#1758,#1759,#1760);
#1762=CONICAL_SURFACE('',#1761,2.48E0,4.5E1);
#1763=ORIENTED_EDGE('',*,*,#1658,.F.);
#1765=ORIENTED_EDGE('',*,*,#1764,.T.);
#1767=ORIENTED_EDGE('',*,*,#1766,.T.);
#1769=ORIENTED_EDGE('',*,*,#1768,.F.);
#1770=EDGE_LOOP('',(#1763,#1765,#1767,#1769));
#1771=FACE_OUTER_BOUND('',#1770,.F.);
#1772=ADVANCED_FACE('',(#1771),#1762,.F.);
#1773=CARTESIAN_POINT('',(1.1488E2,-3.461173244536E1,-5.712468729501E2));
#1774=DIRECTION('',(-1.E0,0.E0,0.E0));
#1775=DIRECTION('',(0.E0,0.E0,1.E0));
#1776=AXIS2_PLACEMENT_3D('',#1773,#1774,#1775);
#1777=CONICAL_SURFACE('',#1776,2.48E0,4.5E1);
#1778=ORIENTED_EDGE('',*,*,#1568,.T.);
#1779=ORIENTED_EDGE('',*,*,#1660,.F.);
#1780=ORIENTED_EDGE('',*,*,#1768,.T.);
#1782=ORIENTED_EDGE('',*,*,#1781,.T.);
#1783=ORIENTED_EDGE('',*,*,#1764,.F.);
#1784=ORIENTED_EDGE('',*,*,#1753,.F.);
#1785=EDGE_LOOP('',(#1778,#1779,#1780,#1782,#1783,#1784));
#1786=FACE_OUTER_BOUND('',#1785,.F.);
#1787=ADVANCED_FACE('',(#1786),#1777,.F.);
#1788=CARTESIAN_POINT('',(1.14E2,-3.461173244536E1,-5.712468729501E2));
#1789=DIRECTION('',(1.E0,0.E0,0.E0));
#1790=DIRECTION('',(0.E0,0.E0,-1.E0));
#1791=AXIS2_PLACEMENT_3D('',#1788,#1789,#1790);
#1792=CYLINDRICAL_SURFACE('',#1791,1.6E0);
#1793=ORIENTED_EDGE('',*,*,#1621,.F.);
#1795=ORIENTED_EDGE('',*,*,#1794,.T.);
#1796=ORIENTED_EDGE('',*,*,#1781,.F.);
#1798=ORIENTED_EDGE('',*,*,#1797,.F.);
#1799=EDGE_LOOP('',(#1793,#1795,#1796,#1798));
#1800=FACE_OUTER_BOUND('',#1799,.F.);
#1801=ADVANCED_FACE('',(#1800),#1792,.F.);
#1802=CARTESIAN_POINT('',(1.14E2,-3.461173244536E1,-5.712468729501E2));
#1803=DIRECTION('',(1.E0,0.E0,0.E0));
#1804=DIRECTION('',(0.E0,0.E0,-1.E0));
#1805=AXIS2_PLACEMENT_3D('',#1802,#1803,#1804);
#1806=CYLINDRICAL_SURFACE('',#1805,1.6E0);
#1807=ORIENTED_EDGE('',*,*,#1619,.F.);
#1808=ORIENTED_EDGE('',*,*,#1797,.T.);
#1809=ORIENTED_EDGE('',*,*,#1766,.F.);
#1810=ORIENTED_EDGE('',*,*,#1794,.F.);
#1811=EDGE_LOOP('',(#1807,#1808,#1809,#1810));
#1812=FACE_OUTER_BOUND('',#1811,.F.);
#1813=ADVANCED_FACE('',(#1812),#1806,.F.);
#1814=CARTESIAN_POINT('',(1.14E2,-1.993353782835E1,-5.839163031343E2));
#1815=DIRECTION('',(1.E0,0.E0,0.E0));
#1816=DIRECTION('',(0.E0,0.E0,-1.E0));
#1817=AXIS2_PLACEMENT_3D('',#1814,#1815,#1816);
#1818=CYLINDRICAL_SURFACE('',#1817,4.E0);
#1820=ORIENTED_EDGE('',*,*,#1819,.T.);
#1821=ORIENTED_EDGE('',*,*,#1665,.F.);
#1822=ORIENTED_EDGE('',*,*,#1663,.F.);
#1823=ORIENTED_EDGE('',*,*,#1564,.T.);
#1824=ORIENTED_EDGE('',*,*,#1604,.F.);
#1825=ORIENTED_EDGE('',*,*,#1602,.F.);
#1827=ORIENTED_EDGE('',*,*,#1826,.T.);
#1828=EDGE_LOOP('',(#1820,#1821,#1822,#1823,#1824,#1825,#1827));
#1829=FACE_OUTER_BOUND('',#1828,.F.);
#1830=ADVANCED_FACE('',(#1829),#1818,.T.);
#1831=CARTESIAN_POINT('',(1.139975470959E2,-2.051432118418E1,
-5.829807005992E2));
#1832=CARTESIAN_POINT('',(1.139976420670E2,-2.036932947040E1,
-5.831305900539E2));
#1833=CARTESIAN_POINT('',(1.139972365653E2,-2.021630291821E1,
-5.835207028930E2));
#1834=CARTESIAN_POINT('',(1.139955240078E2,-2.002845287074E1,
-5.843680884993E2));
#1835=CARTESIAN_POINT('',(1.139936405456E2,-1.972020539962E1,
-5.852166113599E2));
#1836=CARTESIAN_POINT('',(1.139919723362E2,-1.931835695993E1,
-5.859159933087E2));
#1837=CARTESIAN_POINT('',(1.139906808195E2,-1.892703610018E1,
-5.864300783433E2));
#1838=CARTESIAN_POINT('',(1.139893893027E2,-1.843863914415E1,
-5.869071339777E2));
#1839=CARTESIAN_POINT('',(1.139881381457E2,-1.787256568330E1,
-5.873200771937E2));
#1840=CARTESIAN_POINT('',(1.139869677084E2,-1.723988010568E1,
-5.876473614879E2));
#1841=CARTESIAN_POINT('',(1.139859183511E2,-1.655663795004E1,
-5.878668753269E2));
#1842=CARTESIAN_POINT('',(1.139850304332E2,-1.582726535576E1,
-5.879532307834E2));
#1843=CARTESIAN_POINT('',(1.139843443148E2,-1.507928002331E1,
-5.878895463387E2));
#1844=CARTESIAN_POINT('',(1.139838679999E2,-1.431300837305E1,
-5.876537399347E2));
#1845=CARTESIAN_POINT('',(1.139837714489E2,-1.384896696308E1,
-5.873710873345E2));
#1846=CARTESIAN_POINT('',(1.139838005174E2,-1.362293236565E1,
-5.871804691425E2));
#1847=CARTESIAN_POINT('',(1.140026002987E2,-2.046296814568E1,
-5.829444540865E2));
#1848=CARTESIAN_POINT('',(1.140024996206E2,-2.032235432379E1,
-5.830925189736E2));
#1849=CARTESIAN_POINT('',(1.140029294888E2,-2.016637021300E1,
-5.834692010292E2));
#1850=CARTESIAN_POINT('',(1.140047449535E2,-1.996692871991E1,
-5.842705706589E2));
#1851=CARTESIAN_POINT('',(1.140067415924E2,-1.965944780020E1,
-5.850645395310E2));
#1852=CARTESIAN_POINT('',(1.140085100442E2,-1.926911186823E1,
-5.857159389382E2));
#1853=CARTESIAN_POINT('',(1.140098791679E2,-1.889289802800E1,
-5.861934028696E2));
#1854=CARTESIAN_POINT('',(1.140112482916E2,-1.842692069121E1,
-5.866351832068E2));
#1855=CARTESIAN_POINT('',(1.140125746303E2,-1.788936260044E1,
-5.870162978012E2));
#1856=CARTESIAN_POINT('',(1.140138153989E2,-1.729045839555E1,
-5.873168851418E2));
#1857=CARTESIAN_POINT('',(1.140149278119E2,-1.664520732883E1,
-5.875165882563E2));
#1858=CARTESIAN_POINT('',(1.140158690845E2,-1.595749830560E1,
-5.875919113816E2));
#1859=CARTESIAN_POINT('',(1.140165964316E2,-1.525272903932E1,
-5.875271678825E2));
#1860=CARTESIAN_POINT('',(1.140171013681E2,-1.453082247713E1,
-5.873016015585E2));
#1861=CARTESIAN_POINT('',(1.140172037210E2,-1.409322422632E1,
-5.870342594918E2));
#1862=CARTESIAN_POINT('',(1.140171729057E2,-1.387973808558E1,
-5.868544910999E2));
#1863=CARTESIAN_POINT('',(1.139984446452E2,-2.037028230899E1,
-5.828790336465E2));
#1864=CARTESIAN_POINT('',(1.139985048652E2,-2.023757003658E1,
-5.830238054167E2));
#1865=CARTESIAN_POINT('',(1.139982477418E2,-2.007624790095E1,
-5.833762465816E2));
#1866=CARTESIAN_POINT('',(1.139971618312E2,-1.985588529264E1,
-5.840945631061E2));
#1867=CARTESIAN_POINT('',(1.139959675522E2,-1.954978790275E1,
-5.847900688259E2));
#1868=CARTESIAN_POINT('',(1.139949097623E2,-1.918023061292E1,
-5.853548657232E2));
#1869=CARTESIAN_POINT('',(1.139940908282E2,-1.883128306078E1,
-5.857662331259E2));
#1870=CARTESIAN_POINT('',(1.139932718941E2,-1.840577034361E1,
-5.861443459465E2));
#1871=CARTESIAN_POINT('',(1.139924785516E2,-1.791967894325E1,
-5.864680138441E2));
#1872=CARTESIAN_POINT('',(1.139917363924E2,-1.738174590748E1,
-5.867204165097E2));
#1873=CARTESIAN_POINT('',(1.139910710085E2,-1.680506402313E1,
-5.868843637345E2));
#1874=CARTESIAN_POINT('',(1.139905079913E2,-1.619255255499E1,
-5.869397748764E2));
#1875=CARTESIAN_POINT('',(1.139900729325E2,-1.556578290407E1,
-5.868731199159E2));
#1876=CARTESIAN_POINT('',(1.139897709074E2,-1.492394979865E1,
-5.866660356607E2));
#1877=CARTESIAN_POINT('',(1.139897096856E2,-1.453407815567E1,
-5.864263271995E2));
#1878=CARTESIAN_POINT('',(1.139897281176E2,-1.434324041586E1,
-5.862661413450E2));
#1879=CARTESIAN_POINT('',(1.139521354205E2,-2.023581844412E1,
-5.827841250229E2));
#1880=CARTESIAN_POINT('',(1.139539886343E2,-2.011456933498E1,
-5.829241193076E2));
#1881=CARTESIAN_POINT('',(1.139460759054E2,-1.994550306631E1,
-5.832413930298E2));
#1882=CARTESIAN_POINT('',(1.139126580303E2,-1.969478917554E1,
-5.838392203631E2));
#1883=CARTESIAN_POINT('',(1.138759052198E2,-1.939069893987E1,
-5.843918807841E2));
#1884=CARTESIAN_POINT('',(1.138433527283E2,-1.905128623984E1,
-5.848310391956E2));
#1885=CARTESIAN_POINT('',(1.138181508036E2,-1.874189522201E1,
-5.851465171393E2));
#1886=CARTESIAN_POINT('',(1.137929488788E2,-1.837508650253E1,
-5.854322643877E2));
#1887=CARTESIAN_POINT('',(1.137685345105E2,-1.796366034071E1,
-5.856725915600E2));
#1888=CARTESIAN_POINT('',(1.137456952623E2,-1.751418115442E1,
-5.858550903666E2));
#1889=CARTESIAN_POINT('',(1.137252186994E2,-1.703697592802E1,
-5.859671647780E2));
#1890=CARTESIAN_POINT('',(1.137078923745E2,-1.653355722147E1,
-5.859936886344E2));
#1891=CARTESIAN_POINT('',(1.136945038499E2,-1.601994541773E1,
-5.859242606235E2));
#1892=CARTESIAN_POINT('',(1.136852093121E2,-1.549427878248E1,
-5.857439892071E2));
#1893=CARTESIAN_POINT('',(1.136833252682E2,-1.517364645774E1,
-5.855443701655E2));
#1894=CARTESIAN_POINT('',(1.136838924949E2,-1.501566585798E1,
-5.854125936535E2));
#1895=CARTESIAN_POINT('',(1.138817149737E2,-2.012364694427E1,
-5.827049510182E2));
#1896=CARTESIAN_POINT('',(1.138862947160E2,-2.001196055458E1,
-5.828409598627E2));
#1897=CARTESIAN_POINT('',(1.138667404372E2,-1.983643402968E1,
-5.831288964479E2));
#1898=CARTESIAN_POINT('',(1.137841567336E2,-1.956040070550E1,
-5.836262101354E2));
#1899=CARTESIAN_POINT('',(1.136933315932E2,-1.925798486391E1,
-5.840597071559E2));
#1900=CARTESIAN_POINT('',(1.136128864634E2,-1.894371917161E1,
-5.843940563130E2));
#1901=CARTESIAN_POINT('',(1.135506063733E2,-1.866732672769E1,
-5.846295420267E2));
#1902=CARTESIAN_POINT('',(1.134883262829E2,-1.834948964439E1,
-5.848382367169E2));
#1903=CARTESIAN_POINT('',(1.134279924362E2,-1.800035019284E1,
-5.850090399752E2));
#1904=CARTESIAN_POINT('',(1.133715510950E2,-1.762466035489E1,
-5.851332240762E2));
#1905=CARTESIAN_POINT('',(1.133209485241E2,-1.723043984662E1,
-5.852020255139E2));
#1906=CARTESIAN_POINT('',(1.132781309578E2,-1.681802773651E1,
-5.852044512222E2));
#1907=CARTESIAN_POINT('',(1.132450446547E2,-1.639881367637E1,
-5.851327098966E2));
#1908=CARTESIAN_POINT('',(1.132220755897E2,-1.597005461709E1,
-5.849748060979E2));
#1909=CARTESIAN_POINT('',(1.132174196585E2,-1.570718262951E1,
-5.848086301702E2));
#1910=CARTESIAN_POINT('',(1.132188214138E2,-1.557661188204E1,-5.847005531E2));
#1911=CARTESIAN_POINT('',(1.137825141114E2,-2.002349639706E1,
-5.826342617621E2));
#1912=CARTESIAN_POINT('',(1.137909346981E2,-1.992034792999E1,
-5.827667122693E2));
#1913=CARTESIAN_POINT('',(1.137549810372E2,-1.973905346761E1,
-5.830284556564E2));
#1914=CARTESIAN_POINT('',(1.136031377250E2,-1.944041408830E1,
-5.834360273271E2));
#1915=CARTESIAN_POINT('',(1.134361412168E2,-1.913949320297E1,
-5.837631311924E2));
#1916=CARTESIAN_POINT('',(1.132882300136E2,-1.884767961827E1,
-5.840039030668E2));
#1917=CARTESIAN_POINT('',(1.131737181335E2,-1.860074942846E1,
-5.841679689846E2));
#1918=CARTESIAN_POINT('',(1.130592062529E2,-1.832663589497E1,
-5.843078685184E2));
#1919=CARTESIAN_POINT('',(1.129482728518E2,-1.803310814626E1,
-5.844165984512E2));
#1920=CARTESIAN_POINT('',(1.128444964429E2,-1.772329995939E1,
-5.844887171909E2));
#1921=CARTESIAN_POINT('',(1.127514555445E2,-1.740317104250E1,
-5.845188830393E2));
#1922=CARTESIAN_POINT('',(1.126727286190E2,-1.707201273074E1,
-5.844997930978E2));
#1923=CARTESIAN_POINT('',(1.126118941731E2,-1.673708020104E1,
-5.844259863658E2));
#1924=CARTESIAN_POINT('',(1.125696618833E2,-1.639484353635E1,
-5.842880531401E2));
#1925=CARTESIAN_POINT('',(1.125611012111E2,-1.618354195102E1,
-5.841517363671E2));
#1926=CARTESIAN_POINT('',(1.125636785618E2,-1.607744365601E1,
-5.840648189684E2));
#1927=CARTESIAN_POINT('',(1.136600668601E2,-1.994231621126E1,
-5.825769623552E2));
#1928=CARTESIAN_POINT('',(1.136732283417E2,-1.984608842673E1,
-5.827065285399E2));
#1929=CARTESIAN_POINT('',(1.136170323240E2,-1.966011858064E1,
-5.829470402039E2));
#1930=CARTESIAN_POINT('',(1.133796993448E2,-1.934315515013E1,
-5.832818686514E2));
#1931=CARTESIAN_POINT('',(1.131186817323E2,-1.904344604876E1,
-5.835227321883E2));
#1932=CARTESIAN_POINT('',(1.128874946883E2,-1.876983172825E1,
-5.836876520437E2));
#1933=CARTESIAN_POINT('',(1.127085112002E2,-1.854678309804E1,
-5.837938263926E2));
#1934=CARTESIAN_POINT('',(1.125295277114E2,-1.830811106733E1,
-5.838779618419E2));
#1935=CARTESIAN_POINT('',(1.123561374305E2,-1.805966113893E1,
-5.839363762823E2));
#1936=CARTESIAN_POINT('',(1.121939336168E2,-1.780325540291E1,
-5.839662918007E2));
#1937=CARTESIAN_POINT('',(1.120485095393E2,-1.754318376303E1,
-5.839651403533E2));
#1938=CARTESIAN_POINT('',(1.119254583789E2,-1.727788828106E1,
-5.839286102230E2));
#1939=CARTESIAN_POINT('',(1.118303733859E2,-1.701127280496E1,
-5.838531293105E2));
#1940=CARTESIAN_POINT('',(1.117643637935E2,-1.673916959710E1,
-5.837313838630E2));
#1941=CARTESIAN_POINT('',(1.117509833566E2,-1.656967002833E1,
-5.836192703698E2));
#1942=CARTESIAN_POINT('',(1.117550117877E2,-1.648340865171E1,
-5.835495046105E2));
#1943=CARTESIAN_POINT('',(1.135228592261E2,-1.988463508672E1,
-5.825362492897E2));
#1944=CARTESIAN_POINT('',(1.135413330928E2,-1.979332466901E1,
-5.826637660708E2));
#1945=CARTESIAN_POINT('',(1.134624546070E2,-1.960403281286E1,
-5.828891919149E2));
#1946=CARTESIAN_POINT('',(1.131293266235E2,-1.927404955658E1,
-5.831723339702E2));
#1947=CARTESIAN_POINT('',(1.127629541491E2,-1.897520146658E1,
-5.833519209890E2));
#1948=CARTESIAN_POINT('',(1.124384527922E2,-1.871451830669E1,
-5.834629455532E2));
#1949=CARTESIAN_POINT('',(1.121872259774E2,-1.850843829019E1,
-5.835279860865E2));
#1950=CARTESIAN_POINT('',(1.119359991614E2,-1.829494858341E1,
-5.835724993660E2));
#1951=CARTESIAN_POINT('',(1.116926231467E2,-1.807852789146E1,
-5.835951630361E2));
#1952=CARTESIAN_POINT('',(1.114649488071E2,-1.786006630880E1,
-5.835950918127E2));
#1953=CARTESIAN_POINT('',(1.112608270291E2,-1.764266728959E1,
-5.835716884224E2));
#1954=CARTESIAN_POINT('',(1.110881085765E2,-1.742416945961E1,
-5.835227664791E2));
#1955=CARTESIAN_POINT('',(1.109546443100E2,-1.720609544029E1,
-5.834460960081E2));
#1956=CARTESIAN_POINT('',(1.108619911843E2,-1.698382430201E1,
-5.833358524952E2));
#1957=CARTESIAN_POINT('',(1.108432099850E2,-1.684402640605E1,
-5.832409362087E2));
#1958=CARTESIAN_POINT('',(1.108488644167E2,-1.677185979580E1,
-5.831833572391E2));
#1959=CARTESIAN_POINT('',(1.133804695983E2,-1.985177499270E1,
-5.825130556509E2));
#1960=CARTESIAN_POINT('',(1.134044564856E2,-1.976326592701E1,
-5.826394049168E2));
#1961=CARTESIAN_POINT('',(1.133020388706E2,-1.957208157026E1,
-5.828562365890E2));
#1962=CARTESIAN_POINT('',(1.128694979422E2,-1.923468110943E1,
-5.831099336626E2));
#1963=CARTESIAN_POINT('',(1.123937916122E2,-1.893632352505E1,
-5.832546123440E2));
#1964=CARTESIAN_POINT('',(1.119724516914E2,-1.868300705847E1,
-5.833349335480E2));
#1965=CARTESIAN_POINT('',(1.116462530972E2,-1.848659381330E1,
-5.833765407476E2));
#1966=CARTESIAN_POINT('',(1.113200545020E2,-1.828745010859E1,
-5.833984818557E2));
#1967=CARTESIAN_POINT('',(1.110040495650E2,-1.808927600480E1,
-5.834007788339E2));
#1968=CARTESIAN_POINT('',(1.107084320389E2,-1.789243065193E1,
-5.833836246020E2));
#1969=CARTESIAN_POINT('',(1.104433956934E2,-1.769934160141E1,
-5.833475446056E2));
#1970=CARTESIAN_POINT('',(1.102191341373E2,-1.750750371008E1,
-5.832915632271E2));
#1971=CARTESIAN_POINT('',(1.100458411068E2,-1.731708304958E1,
-5.832142150805E2));
#1972=CARTESIAN_POINT('',(1.099255381871E2,-1.712320051353E1,
-5.831105240529E2));
#1973=CARTESIAN_POINT('',(1.099011522520E2,-1.700032322663E1,
-5.830254047633E2));
#1974=CARTESIAN_POINT('',(1.099084940944E2,-1.693618619877E1,
-5.829747684299E2));
#1975=CARTESIAN_POINT('',(1.132660783805E2,-1.984376645946E1,
-5.825074029884E2));
#1976=CARTESIAN_POINT('',(1.132944942504E2,-1.975594012828E1,
-5.826334677121E2));
#1977=CARTESIAN_POINT('',(1.131731660615E2,-1.956429453864E1,
-5.828482048485E2));
#1978=CARTESIAN_POINT('',(1.126607599904E2,-1.922508638592E1,
-5.830947257040E2));
#1979=CARTESIAN_POINT('',(1.120972183811E2,-1.892684834568E1,
-5.832308966629E2));
#1980=CARTESIAN_POINT('',(1.115980814920E2,-1.867532726067E1,
-5.833037349648E2));
#1981=CARTESIAN_POINT('',(1.112116529982E2,-1.848126996309E1,
-5.833396310834E2));
#1982=CARTESIAN_POINT('',(1.108252245018E2,-1.828562260972E1,
-5.833560709907E2));
#1983=CARTESIAN_POINT('',(1.104508718397E2,-1.809189549273E1,
-5.833534042795E2));
#1984=CARTESIAN_POINT('',(1.101006709578E2,-1.790031836282E1,
-5.833320866433E2));
#1985=CARTESIAN_POINT('',(1.097866978194E2,-1.771315404242E1,
-5.832929171519E2));
#1986=CARTESIAN_POINT('',(1.095210282032E2,-1.752781360669E1,
-5.832352152773E2));
#1987=CARTESIAN_POINT('',(1.093157380334E2,-1.734413251446E1,
-5.831577019741E2));
#1988=CARTESIAN_POINT('',(1.091732221642E2,-1.715716873740E1,
-5.830556078881E2));
#1989=CARTESIAN_POINT('',(1.091443335658E2,-1.703841527481E1,
-5.829728762862E2));
#1990=CARTESIAN_POINT('',(1.091530310192E2,-1.697623518514E1,
-5.829239319848E2));
#1991=CARTESIAN_POINT('',(1.132015926867E2,-1.984601259140E1,
-5.825089883753E2));
#1992=CARTESIAN_POINT('',(1.132325053042E2,-1.975799477548E1,
-5.826351329038E2));
#1993=CARTESIAN_POINT('',(1.131005166679E2,-1.956647854660E1,
-5.828504574866E2));
#1994=CARTESIAN_POINT('',(1.125430882681E2,-1.922777739238E1,
-5.830989910400E2));
#1995=CARTESIAN_POINT('',(1.119300313270E2,-1.892950582392E1,
-5.832375481367E2));
#1996=CARTESIAN_POINT('',(1.113870380001E2,-1.867748119302E1,
-5.833124851474E2));
#1997=CARTESIAN_POINT('',(1.109666561388E2,-1.848276312911E1,
-5.833499830385E2));
#1998=CARTESIAN_POINT('',(1.105462742770E2,-1.828613516344E1,
-5.833679658525E2));
#1999=CARTESIAN_POINT('',(1.101390292863E2,-1.809116081205E1,
-5.833666912931E2));
#2000=CARTESIAN_POINT('',(1.097580581598E2,-1.789810611749E1,
-5.833465413564E2));
#2001=CARTESIAN_POINT('',(1.094164979140E2,-1.770928010402E1,
-5.833082383698E2));
#2002=CARTESIAN_POINT('',(1.091274853553E2,-1.752211734419E1,
-5.832510190366E2));
#2003=CARTESIAN_POINT('',(1.089041574563E2,-1.733654602321E1,
-5.831735520498E2));
#2004=CARTESIAN_POINT('',(1.087491194943E2,-1.714764176051E1,
-5.830710100784E2));
#2005=CARTESIAN_POINT('',(1.087176926124E2,-1.702773169991E1,
-5.829876088062E2));
#2006=CARTESIAN_POINT('',(1.087271542636E2,-1.696500275285E1,
-5.829381899454E2));
#2007=CARTESIAN_POINT('',(1.131811688692E2,-1.984727729310E1,
-5.825098810408E2));
#2008=CARTESIAN_POINT('',(1.132128722529E2,-1.975915166028E1,
-5.826360705032E2));
#2009=CARTESIAN_POINT('',(1.130775072550E2,-1.956770826884E1,
-5.828517258542E2));
#2010=CARTESIAN_POINT('',(1.125058194464E2,-1.922929258415E1,
-5.831013926727E2));
#2011=CARTESIAN_POINT('',(1.118770800806E2,-1.893100213747E1,
-5.832412932974E2));
#2012=CARTESIAN_POINT('',(1.113201966039E2,-1.867869398116E1,
-5.833174120060E2));
#2013=CARTESIAN_POINT('',(1.108890610809E2,-1.848360386763E1,
-5.833558117876E2));
#2014=CARTESIAN_POINT('',(1.104579255562E2,-1.828642376082E1,
-5.833746633457E2));
#2015=CARTESIAN_POINT('',(1.100402629540E2,-1.809074714434E1,
-5.833741726504E2));
#2016=CARTESIAN_POINT('',(1.096495463200E2,-1.789686049606E1,
-5.833546801947E2));
#2017=CARTESIAN_POINT('',(1.092992487236E2,-1.770709885334E1,
-5.833168650950E2));
#2018=CARTESIAN_POINT('',(1.090028430218E2,-1.751891002016E1,
-5.832599174652E2));
#2019=CARTESIAN_POINT('',(1.087738022387E2,-1.733227439143E1,
-5.831824765587E2));
#2020=CARTESIAN_POINT('',(1.086147982977E2,-1.714227752346E1,
-5.830796824007E2));
#2021=CARTESIAN_POINT('',(1.085825674934E2,-1.702171623144E1,
-5.829959040664E2));
#2022=CARTESIAN_POINT('',(1.085922711806E2,-1.695867824612E1,
-5.829462180017E2));
#2023=B_SPLINE_SURFACE_WITH_KNOTS('',3,3,((#1831,#1832,#1833,#1834,#1835,#1836,
#1837,#1838,#1839,#1840,#1841,#1842,#1843,#1844,#1845,#1846),(#1847,#1848,#1849,
#1850,#1851,#1852,#1853,#1854,#1855,#1856,#1857,#1858,#1859,#1860,#1861,#1862),(
#1863,#1864,#1865,#1866,#1867,#1868,#1869,#1870,#1871,#1872,#1873,#1874,#1875,
#1876,#1877,#1878),(#1879,#1880,#1881,#1882,#1883,#1884,#1885,#1886,#1887,#1888,
#1889,#1890,#1891,#1892,#1893,#1894),(#1895,#1896,#1897,#1898,#1899,#1900,#1901,
#1902,#1903,#1904,#1905,#1906,#1907,#1908,#1909,#1910),(#1911,#1912,#1913,#1914,
#1915,#1916,#1917,#1918,#1919,#1920,#1921,#1922,#1923,#1924,#1925,#1926),(#1927,
#1928,#1929,#1930,#1931,#1932,#1933,#1934,#1935,#1936,#1937,#1938,#1939,#1940,
#1941,#1942),(#1943,#1944,#1945,#1946,#1947,#1948,#1949,#1950,#1951,#1952,#1953,
#1954,#1955,#1956,#1957,#1958),(#1959,#1960,#1961,#1962,#1963,#1964,#1965,#1966,
#1967,#1968,#1969,#1970,#1971,#1972,#1973,#1974),(#1975,#1976,#1977,#1978,#1979,
#1980,#1981,#1982,#1983,#1984,#1985,#1986,#1987,#1988,#1989,#1990),(#1991,#1992,
#1993,#1994,#1995,#1996,#1997,#1998,#1999,#2000,#2001,#2002,#2003,#2004,#2005,
#2006),(#2007,#2008,#2009,#2010,#2011,#2012,#2013,#2014,#2015,#2016,#2017,#2018,
#2019,#2020,#2021,#2022)),.UNSPECIFIED.,.F.,.F.,.F.,(4,1,1,1,1,1,1,1,1,4),(4,1,
1,1,1,1,1,1,1,1,1,1,1,4),(-5.895006172645E-2,1.244458251984E-1,
2.495249930272E-1,3.746041608560E-1,4.996833286848E-1,6.247624965136E-1,
7.498416643424E-1,8.749208321712E-1,1.E0,1.058936325808E0),(6.451577243729E-2,
1.876317859969E-1,2.917545239979E-1,3.958772619990E-1,4.479386309995E-1,5.E-1,
5.520613690005E-1,6.041227380010E-1,6.561841070015E-1,7.082454760020E-1,
7.603068450025E-1,8.123682140030E-1,8.644295830036E-1,9.278738140140E-1),
.UNSPECIFIED.);
#2025=ORIENTED_EDGE('',*,*,#2024,.T.);
#2027=ORIENTED_EDGE('',*,*,#2026,.T.);
#2029=ORIENTED_EDGE('',*,*,#2028,.F.);
#2031=ORIENTED_EDGE('',*,*,#2030,.T.);
#2033=ORIENTED_EDGE('',*,*,#2032,.T.);
#2034=ORIENTED_EDGE('',*,*,#1669,.F.);
#2035=ORIENTED_EDGE('',*,*,#1667,.T.);
#2036=ORIENTED_EDGE('',*,*,#1819,.F.);
#2037=EDGE_LOOP('',(#2025,#2027,#2029,#2031,#2033,#2034,#2035,#2036));
#2038=FACE_OUTER_BOUND('',#2037,.F.);
#2039=ADVANCED_FACE('',(#2038),#2023,.T.);
#2040=CARTESIAN_POINT('',(1.14E2,-1.080322764998E1,-5.820446635533E2));
#2041=DIRECTION('',(0.E0,-6.018150231520E-1,7.986355100473E-1));
#2042=DIRECTION('',(0.E0,-7.986355100473E-1,-6.018150231520E-1));
#2043=AXIS2_PLACEMENT_3D('',#2040,#2041,#2042);
#2044=PLANE('',#2043);
#2045=ORIENTED_EDGE('',*,*,#1600,.F.);
#2047=ORIENTED_EDGE('',*,*,#2046,.F.);
#2049=ORIENTED_EDGE('',*,*,#2048,.F.);
#2051=ORIENTED_EDGE('',*,*,#2050,.F.);
#2052=ORIENTED_EDGE('',*,*,#2024,.F.);
#2053=ORIENTED_EDGE('',*,*,#1826,.F.);
#2054=EDGE_LOOP('',(#2045,#2047,#2049,#2051,#2052,#2053));
#2055=FACE_OUTER_BOUND('',#2054,.F.);
#2056=ADVANCED_FACE('',(#2055),#2044,.F.);
#2057=CARTESIAN_POINT('',(1.14E2,-1.198827469915E1,-5.779291179242E2));
#2058=DIRECTION('',(1.E0,0.E0,0.E0));
#2059=DIRECTION('',(0.E0,0.E0,-1.E0));
#2060=AXIS2_PLACEMENT_3D('',#2057,#2058,#2059);
#2061=CYLINDRICAL_SURFACE('',#2060,4.E0);
#2062=ORIENTED_EDGE('',*,*,#1689,.F.);
#2064=ORIENTED_EDGE('',*,*,#2063,.T.);
#2065=ORIENTED_EDGE('',*,*,#2046,.T.);
#2066=ORIENTED_EDGE('',*,*,#1598,.F.);
#2068=ORIENTED_EDGE('',*,*,#2067,.F.);
#2069=EDGE_LOOP('',(#2062,#2064,#2065,#2066,#2068));
#2070=FACE_OUTER_BOUND('',#2069,.F.);
#2071=ADVANCED_FACE('',(#2070),#2061,.T.);
#2072=CARTESIAN_POINT('',(1.139876065111E2,-9.083174509611E0,
-5.837636463474E2));
#2073=CARTESIAN_POINT('',(1.139875665378E2,-8.630294285768E0,
-5.834602706224E2));
#2074=CARTESIAN_POINT('',(1.139878098882E2,-8.116304212126E0,
-5.828420385444E2));
#2075=CARTESIAN_POINT('',(1.139885475898E2,-7.743942845235E0,
-5.818700364931E2));
#2076=CARTESIAN_POINT('',(1.139892268878E2,-7.619188274166E0,
-5.811418960328E2));
#2077=CARTESIAN_POINT('',(1.139900296947E2,-7.636829759478E0,
-5.804138896700E2));
#2078=CARTESIAN_POINT('',(1.139909251333E2,-7.774780467633E0,
-5.797077600116E2));
#2079=CARTESIAN_POINT('',(1.139918823263E2,-8.015284091350E0,
-5.790440640367E2));
#2080=CARTESIAN_POINT('',(1.139928703962E2,-8.340665710218E0,
-5.784419747510E2));
#2081=CARTESIAN_POINT('',(1.139938584663E2,-8.728594330083E0,
-5.779273866817E2));
#2082=CARTESIAN_POINT('',(1.139951347235E2,-9.291258278745E0,
-5.773546474214E2));
#2083=CARTESIAN_POINT('',(1.139962874721E2,-9.875008205101E0,
-5.769368480559E2));
#2084=CARTESIAN_POINT('',(1.139971932027E2,-1.038103364114E1,
-5.766376718048E2));
#2085=CARTESIAN_POINT('',(1.139979577247E2,-1.086189944333E1,
-5.763556387811E2));
#2086=CARTESIAN_POINT('',(1.139981967260E2,-1.111980060507E1,
-5.761575257300E2));
#2087=CARTESIAN_POINT('',(1.139981229879E2,-1.122236920143E1,
-5.759783093692E2));
#2088=CARTESIAN_POINT('',(1.140150323501E2,-9.320548247606E0,
-5.834340897036E2));
#2089=CARTESIAN_POINT('',(1.140150808347E2,-8.892839245939E0,
-5.831471363723E2));
#2090=CARTESIAN_POINT('',(1.140147856692E2,-8.405581093778E0,
-5.825645842482E2));
#2091=CARTESIAN_POINT('',(1.140138908939E2,-8.048076395842E0,
-5.816493370880E2));
#2092=CARTESIAN_POINT('',(1.140130669576E2,-7.924590279598E0,
-5.809635346800E2));
#2093=CARTESIAN_POINT('',(1.140120932145E2,-7.934099438051E0,
-5.802771578904E2));
#2094=CARTESIAN_POINT('',(1.140110071163E2,-8.056168282416E0,
-5.796103736548E2));
#2095=CARTESIAN_POINT('',(1.140098461148E2,-8.274442737509E0,
-5.789823434424E2));
#2096=CARTESIAN_POINT('',(1.140086476617E2,-8.572622900900E0,
-5.784108747478E2));
#2097=CARTESIAN_POINT('',(1.140074492087E2,-8.930110665539E0,
-5.779201964308E2));
#2098=CARTESIAN_POINT('',(1.140059012066E2,-9.450705101213E0,
-5.773709344584E2));
#2099=CARTESIAN_POINT('',(1.140045030113E2,-9.993614362908E0,
-5.769652608360E2));
#2100=CARTESIAN_POINT('',(1.140034044295E2,-1.046749826584E1,
-5.766697767228E2));
#2101=CARTESIAN_POINT('',(1.140024771231E2,-1.092073101755E1,
-5.763889410981E2));
#2102=CARTESIAN_POINT('',(1.140021872329E2,-1.116822625902E1,
-5.761914890762E2));
#2103=CARTESIAN_POINT('',(1.140022766715E2,-1.127033993362E1,
-5.760168472627E2));
#2104=CARTESIAN_POINT('',(1.139870743980E2,-9.752925234438E0,
-5.828338012732E2));
#2105=CARTESIAN_POINT('',(1.139870327084E2,-9.371065690649E0,
-5.825767613816E2));
#2106=CARTESIAN_POINT('',(1.139872865071E2,-8.932499814906E0,
-5.820592004028E2));
#2107=CARTESIAN_POINT('',(1.139880558818E2,-8.602056584724E0,
-5.812473324493E2));
#2108=CARTESIAN_POINT('',(1.139887643454E2,-8.480880962793E0,
-5.806386489323E2));
#2109=CARTESIAN_POINT('',(1.139896016207E2,-8.475577063089E0,
-5.800281005376E2));
#2110=CARTESIAN_POINT('',(1.139905355048E2,-8.568717044181E0,
-5.794329841094E2));
#2111=CARTESIAN_POINT('',(1.139915337947E2,-8.746501000917E0,
-5.788699191919E2));
#2112=CARTESIAN_POINT('',(1.139925642875E2,-8.995133630305E0,
-5.783542259972E2));
#2113=CARTESIAN_POINT('',(1.139935947802E2,-9.297173284429E0,
-5.779070993670E2));
#2114=CARTESIAN_POINT('',(1.139949258334E2,-9.741137974051E0,
-5.774006013459E2));
#2115=CARTESIAN_POINT('',(1.139961280751E2,-1.020965584065E1,
-5.770170148015E2));
#2116=CARTESIAN_POINT('',(1.139970726932E2,-1.062499384312E1,
-5.767282559287E2));
#2117=CARTESIAN_POINT('',(1.139978700398E2,-1.102789290918E1,
-5.764496013700E2));
#2118=CARTESIAN_POINT('',(1.139981193026E2,-1.125643373523E1,
-5.762533534145E2));
#2119=CARTESIAN_POINT('',(1.139980423986E2,-1.135771876842E1,
-5.760870441528E2));
#2120=CARTESIAN_POINT('',(1.136136923866E2,-1.056547470745E1,
-5.817057022700E2));
#2121=CARTESIAN_POINT('',(1.136124464113E2,-1.026977828980E1,
-5.815048775575E2));
#2122=CARTESIAN_POINT('',(1.136200316956E2,-9.922717939935E0,
-5.811094519428E2));
#2123=CARTESIAN_POINT('',(1.136430260042E2,-9.643130287243E0,
-5.804918605641E2));
#2124=CARTESIAN_POINT('',(1.136641998643E2,-9.526296688529E0,
-5.800281036187E2));
#2125=CARTESIAN_POINT('',(1.136892235211E2,-9.493155177232E0,
-5.795600566154E2));
#2126=CARTESIAN_POINT('',(1.137171345270E2,-9.531930256106E0,
-5.790996227463E2));
#2127=CARTESIAN_POINT('',(1.137469704298E2,-9.633621973666E0,
-5.786586446138E2));
#2128=CARTESIAN_POINT('',(1.137777687764E2,-9.789141824499E0,
-5.782477681750E2));
#2129=CARTESIAN_POINT('',(1.138085671230E2,-9.986979973142E0,
-5.778824865578E2));
#2130=CARTESIAN_POINT('',(1.138483483271E2,-1.028693732273E1,
-5.774563531887E2));
#2131=CARTESIAN_POINT('',(1.138842797354E2,-1.061565429625E1,
-5.771142740421E2));
#2132=CARTESIAN_POINT('',(1.139125115486E2,-1.092096923544E1,
-5.768381536554E2));
#2133=CARTESIAN_POINT('',(1.139363418568E2,-1.122927813836E1,
-5.765635978902E2));
#2134=CARTESIAN_POINT('',(1.139437915762E2,-1.142219865913E1,
-5.763696126909E2));
#2135=CARTESIAN_POINT('',(1.139414931445E2,-1.152192645830E1,
-5.762189624738E2));
#2136=CARTESIAN_POINT('',(1.128522043299E2,-1.126526429812E1,
-5.807341528865E2));
#2137=CARTESIAN_POINT('',(1.128485022929E2,-1.104377389599E1,
-5.805817422070E2));
#2138=CARTESIAN_POINT('',(1.128710396601E2,-1.077552058086E1,
-5.802915028723E2));
#2139=CARTESIAN_POINT('',(1.129393602598E2,-1.053973112744E1,
-5.798412277362E2));
#2140=CARTESIAN_POINT('',(1.130022719499E2,-1.042663699653E1,
-5.795022854755E2));
#2141=CARTESIAN_POINT('',(1.130766221412E2,-1.036952098088E1,
-5.791569645261E2));
#2142=CARTESIAN_POINT('',(1.131595512127E2,-1.036147553505E1,
-5.788125229210E2));
#2143=CARTESIAN_POINT('',(1.132481995307E2,-1.039763455748E1,
-5.784766892308E2));
#2144=CARTESIAN_POINT('',(1.133397074576E2,-1.047296316420E1,
-5.781560838181E2));
#2145=CARTESIAN_POINT('',(1.134312153844E2,-1.058106015707E1,
-5.778612893406E2));
#2146=CARTESIAN_POINT('',(1.135494131425E2,-1.075699448914E1,
-5.775043681842E2));
#2147=CARTESIAN_POINT('',(1.136561724025E2,-1.096531115101E1,
-5.771980363316E2));
#2148=CARTESIAN_POINT('',(1.137400546554E2,-1.117587125125E1,
-5.769328005511E2));
#2149=CARTESIAN_POINT('',(1.138108591740E2,-1.140271654648E1,
-5.766617747779E2));
#2150=CARTESIAN_POINT('',(1.138329937510E2,-1.156495989661E1,
-5.764697383254E2));
#2151=CARTESIAN_POINT('',(1.138261646597E2,-1.166334656363E1,
-5.763325741011E2));
#2152=CARTESIAN_POINT('',(1.117694258241E2,-1.178005492890E1,
-5.800194458850E2));
#2153=CARTESIAN_POINT('',(1.117622314530E2,-1.161315316611E1,
-5.799026503259E2));
#2154=CARTESIAN_POINT('',(1.118060295526E2,-1.140287316710E1,
-5.796897898379E2));
#2155=CARTESIAN_POINT('',(1.119388007151E2,-1.119930325928E1,
-5.793625986049E2));
#2156=CARTESIAN_POINT('',(1.120610604475E2,-1.108896001658E1,
-5.791154745581E2));
#2157=CARTESIAN_POINT('',(1.122055492454E2,-1.101420748498E1,
-5.788604353499E2));
#2158=CARTESIAN_POINT('',(1.123667098510E2,-1.097171916121E1,
-5.786013218655E2));
#2159=CARTESIAN_POINT('',(1.125389849815E2,-1.095966995378E1,
-5.783428362447E2));
#2160=CARTESIAN_POINT('',(1.127168173466E2,-1.097600696982E1,
-5.780886374764E2));
#2161=CARTESIAN_POINT('',(1.128946497114E2,-1.101808711024E1,
-5.778456958980E2));
#2162=CARTESIAN_POINT('',(1.131243498868E2,-1.110278560764E1,
-5.775396897582E2));
#2163=CARTESIAN_POINT('',(1.133318210027E2,-1.122253142869E1,
-5.772596549130E2));
#2164=CARTESIAN_POINT('',(1.134948339779E2,-1.136338642901E1,
-5.770024262440E2));
#2165=CARTESIAN_POINT('',(1.136324322761E2,-1.153030413669E1,
-5.767339972610E2));
#2166=CARTESIAN_POINT('',(1.136754476116E2,-1.166998024632E1,
-5.765433943774E2));
#2167=CARTESIAN_POINT('',(1.136621762644E2,-1.176738032775E1,
-5.764161509392E2));
#2168=CARTESIAN_POINT('',(1.104201323961E2,-1.219117222493E1,
-5.794486732401E2));
#2169=CARTESIAN_POINT('',(1.104085860882E2,-1.206786553263E1,
-5.793603202964E2));
#2170=CARTESIAN_POINT('',(1.104788780336E2,-1.190388364313E1,
-5.792092553818E2));
#2171=CARTESIAN_POINT('',(1.106919636096E2,-1.172604460853E1,
-5.789803602684E2));
#2172=CARTESIAN_POINT('',(1.108881793015E2,-1.161789825444E1,
-5.788065632280E2));
#2173=CARTESIAN_POINT('',(1.111200706112E2,-1.152906101276E1,
-5.786236239826E2));
#2174=CARTESIAN_POINT('',(1.113787186478E2,-1.145906623879E1,
-5.784326544468E2));
#2175=CARTESIAN_POINT('',(1.116552044806E2,-1.140851742413E1,
-5.782359398203E2));
#2176=CARTESIAN_POINT('',(1.119406091668E2,-1.137774312583E1,
-5.780347741074E2));
#2177=CARTESIAN_POINT('',(1.122260138525E2,-1.136710150284E1,
-5.778332428081E2));
#2178=CARTESIAN_POINT('',(1.125946616318E2,-1.137893808823E1,
-5.775678979444E2));
#2179=CARTESIAN_POINT('',(1.129276338030E2,-1.142795028975E1,
-5.773088641703E2));
#2180=CARTESIAN_POINT('',(1.131892547235E2,-1.151313805271E1,
-5.770580300659E2));
#2181=CARTESIAN_POINT('',(1.134100874110E2,-1.163219694898E1,
-5.767916749073E2));
#2182=CARTESIAN_POINT('',(1.134791230914E2,-1.175385061934E1,
-5.766022168872E2));
#2183=CARTESIAN_POINT('',(1.134578237927E2,-1.185046280290E1,
-5.764828962946E2));
#2184=CARTESIAN_POINT('',(1.093072352256E2,-1.226923782207E1,
-5.793402912582E2));
#2185=CARTESIAN_POINT('',(1.092920994405E2,-1.215420924232E1,
-5.792573391811E2));
#2186=CARTESIAN_POINT('',(1.093842435089E2,-1.199901873580E1,
-5.791180084075E2));
#2187=CARTESIAN_POINT('',(1.096635724104E2,-1.182606564492E1,
-5.789077783938E2));
#2188=CARTESIAN_POINT('',(1.099207869749E2,-1.171833645005E1,
-5.787479051572E2));
#2189=CARTESIAN_POINT('',(1.102247678731E2,-1.162682471287E1,
-5.785786567167E2));
#2190=CARTESIAN_POINT('',(1.105638235392E2,-1.155160683716E1,
-5.784006267924E2));
#2191=CARTESIAN_POINT('',(1.109262623555E2,-1.149374746942E1,
-5.782156416396E2));
#2192=CARTESIAN_POINT('',(1.113003926883E2,-1.145402737177E1,
-5.780245461844E2));
#2193=CARTESIAN_POINT('',(1.116745230203E2,-1.143337460124E1,
-5.778308781353E2));
#2194=CARTESIAN_POINT('',(1.121577747783E2,-1.143137569804E1,
-5.775732542963E2));
#2195=CARTESIAN_POINT('',(1.125942602154E2,-1.146695654469E1,
-5.773182083406E2));
#2196=CARTESIAN_POINT('',(1.129372129655E2,-1.154157385442E1,
-5.770685884775E2));
#2197=CARTESIAN_POINT('',(1.132266973743E2,-1.165154501176E1,
-5.768026271100E2));
#2198=CARTESIAN_POINT('',(1.133171946342E2,-1.176977646546E1,
-5.766133864839E2));
#2199=CARTESIAN_POINT('',(1.132892738814E2,-1.186623903774E1,
-5.764955703320E2));
#2200=CARTESIAN_POINT('',(1.086124080755E2,-1.223558408954E1,
-5.793870142497E2));
#2201=CARTESIAN_POINT('',(1.085950312331E2,-1.211698685235E1,
-5.793017338826E2));
#2202=CARTESIAN_POINT('',(1.087008184741E2,-1.195800641976E1,
-5.791573445729E2));
#2203=CARTESIAN_POINT('',(1.090215057888E2,-1.178294702020E1,
-5.789390681177E2));
#2204=CARTESIAN_POINT('',(1.093168044407E2,-1.167503798965E1,
-5.787731923913E2));
#2205=CARTESIAN_POINT('',(1.096657938128E2,-1.158467921543E1,
-5.785980419055E2));
#2206=CARTESIAN_POINT('',(1.100550512455E2,-1.151171299567E1,
-5.784144337721E2));
#2207=CARTESIAN_POINT('',(1.104711540194E2,-1.145700517499E1,
-5.782243920953E2));
#2208=CARTESIAN_POINT('',(1.109006793965E2,-1.142114157188E1,
-5.780289553967E2));
#2209=CARTESIAN_POINT('',(1.113302047729E2,-1.140480456276E1,
-5.778318975353E2));
#2210=CARTESIAN_POINT('',(1.118850084748E2,-1.140877007734E1,
-5.775709451968E2));
#2211=CARTESIAN_POINT('',(1.123861214709E2,-1.145014112131E1,
-5.773141801102E2));
#2212=CARTESIAN_POINT('',(1.127798530036E2,-1.152931530641E1,
-5.770640367931E2));
#2213=CARTESIAN_POINT('',(1.131121994855E2,-1.164320414781E1,
-5.767979056641E2));
#2214=CARTESIAN_POINT('',(1.132160960859E2,-1.176291090400E1,
-5.766085713204E2));
#2215=CARTESIAN_POINT('',(1.131840412889E2,-1.185943797284E1,
-5.764901066108E2));
#2216=B_SPLINE_SURFACE_WITH_KNOTS('',3,3,((#2072,#2073,#2074,#2075,#2076,#2077,
#2078,#2079,#2080,#2081,#2082,#2083,#2084,#2085,#2086,#2087),(#2088,#2089,#2090,
#2091,#2092,#2093,#2094,#2095,#2096,#2097,#2098,#2099,#2100,#2101,#2102,#2103),(
#2104,#2105,#2106,#2107,#2108,#2109,#2110,#2111,#2112,#2113,#2114,#2115,#2116,
#2117,#2118,#2119),(#2120,#2121,#2122,#2123,#2124,#2125,#2126,#2127,#2128,#2129,
#2130,#2131,#2132,#2133,#2134,#2135),(#2136,#2137,#2138,#2139,#2140,#2141,#2142,
#2143,#2144,#2145,#2146,#2147,#2148,#2149,#2150,#2151),(#2152,#2153,#2154,#2155,
#2156,#2157,#2158,#2159,#2160,#2161,#2162,#2163,#2164,#2165,#2166,#2167),(#2168,
#2169,#2170,#2171,#2172,#2173,#2174,#2175,#2176,#2177,#2178,#2179,#2180,#2181,
#2182,#2183),(#2184,#2185,#2186,#2187,#2188,#2189,#2190,#2191,#2192,#2193,#2194,
#2195,#2196,#2197,#2198,#2199),(#2200,#2201,#2202,#2203,#2204,#2205,#2206,#2207,
#2208,#2209,#2210,#2211,#2212,#2213,#2214,#2215)),.UNSPECIFIED.,.F.,.F.,.F.,(4,
1,1,1,1,1,4),(4,1,1,1,1,1,1,1,1,1,1,1,1,4),(-5.921155446119E-2,
1.194518597161E-1,2.452444511852E-1,4.968296341235E-1,6.226222255926E-1,
7.484148170617E-1,1.056300558835E0),(7.225636529815E-2,1.876317859966E-1,
2.396931549972E-1,2.917545239977E-1,3.438158929982E-1,3.958772619988E-1,
4.479386309993E-1,4.999999999998E-1,5.520613690004E-1,6.041227380009E-1,
7.082454760020E-1,7.603068450025E-1,8.123682140030E-1,9.357238862083E-1),
.UNSPECIFIED.);
#2217=ORIENTED_EDGE('',*,*,#1687,.T.);
#2219=ORIENTED_EDGE('',*,*,#2218,.T.);
#2221=ORIENTED_EDGE('',*,*,#2220,.T.);
#2223=ORIENTED_EDGE('',*,*,#2222,.T.);
#2224=ORIENTED_EDGE('',*,*,#2048,.T.);
#2225=ORIENTED_EDGE('',*,*,#2063,.F.);
#2226=EDGE_LOOP('',(#2217,#2219,#2221,#2223,#2224,#2225));
#2227=FACE_OUTER_BOUND('',#2226,.F.);
#2228=ADVANCED_FACE('',(#2227),#2216,.T.);
#2229=CARTESIAN_POINT('',(1.1325E2,-1.242176812261E1,-5.744993716746E2));
#2230=DIRECTION('',(0.E0,6.018150231520E-1,-7.986355100473E-1));
#2231=DIRECTION('',(0.E0,7.986355100473E-1,6.018150231520E-1));
#2232=AXIS2_PLACEMENT_3D('',#2229,#2230,#2231);
#2233=CYLINDRICAL_SURFACE('',#2232,7.5E-1);
#2235=ORIENTED_EDGE('',*,*,#2234,.F.);
#2237=ORIENTED_EDGE('',*,*,#2236,.T.);
#2238=ORIENTED_EDGE('',*,*,#2218,.F.);
#2239=ORIENTED_EDGE('',*,*,#1685,.F.);
#2240=EDGE_LOOP('',(#2235,#2237,#2238,#2239));
#2241=FACE_OUTER_BOUND('',#2240,.F.);
#2242=ADVANCED_FACE('',(#2241),#2233,.F.);
#2243=CARTESIAN_POINT('',(1.1325E2,-1.423898036091E1,-5.749957198310E2));
#2244=DIRECTION('',(-1.E0,0.E0,0.E0));
#2245=DIRECTION('',(0.E0,0.E0,1.E0));
#2246=AXIS2_PLACEMENT_3D('',#2243,#2244,#2245);
#2247=TOROIDAL_SURFACE('',#2246,1.75E0,7.5E-1);
#2249=ORIENTED_EDGE('',*,*,#2248,.T.);
#2251=ORIENTED_EDGE('',*,*,#2250,.T.);
#2252=ORIENTED_EDGE('',*,*,#2234,.T.);
#2253=ORIENTED_EDGE('',*,*,#1683,.F.);
#2254=EDGE_LOOP('',(#2249,#2251,#2252,#2253));
#2255=FACE_OUTER_BOUND('',#2254,.F.);
#2256=ADVANCED_FACE('',(#2255),#2247,.F.);
#2257=CARTESIAN_POINT('',(1.1325E2,-1.073725579654E1,-5.743683707296E2));
#2258=DIRECTION('',(0.E0,-9.437436412863E-1,3.306779997698E-1));
#2259=DIRECTION('',(0.E0,-3.306779997698E-1,-9.437436412863E-1));
#2260=AXIS2_PLACEMENT_3D('',#2257,#2258,#2259);
#2261=CYLINDRICAL_SURFACE('',#2260,7.5E-1);
#2263=ORIENTED_EDGE('',*,*,#2262,.F.);
#2265=ORIENTED_EDGE('',*,*,#2264,.T.);
#2266=ORIENTED_EDGE('',*,*,#2248,.F.);
#2267=ORIENTED_EDGE('',*,*,#1681,.F.);
#2268=EDGE_LOOP('',(#2263,#2265,#2266,#2267));
#2269=FACE_OUTER_BOUND('',#2268,.F.);
#2270=ADVANCED_FACE('',(#2269),#2261,.F.);
#2271=CARTESIAN_POINT('',(1.1325E2,-1.685087759862E1,-5.740805380842E2));
#2272=DIRECTION('',(-1.E0,0.E0,0.E0));
#2273=DIRECTION('',(0.E0,0.E0,1.E0));
#2274=AXIS2_PLACEMENT_3D('',#2271,#2272,#2273);
#2275=TOROIDAL_SURFACE('',#2274,1.75E0,7.5E-1);
#2277=ORIENTED_EDGE('',*,*,#2276,.T.);
#2279=ORIENTED_EDGE('',*,*,#2278,.T.);
#2281=ORIENTED_EDGE('',*,*,#2280,.T.);
#2282=ORIENTED_EDGE('',*,*,#2262,.T.);
#2283=ORIENTED_EDGE('',*,*,#1679,.F.);
#2284=ORIENTED_EDGE('',*,*,#1677,.F.);
#2285=EDGE_LOOP('',(#2277,#2279,#2281,#2282,#2283,#2284));
#2286=FACE_OUTER_BOUND('',#2285,.F.);
#2287=ADVANCED_FACE('',(#2286),#2275,.F.);
#2288=CARTESIAN_POINT('',(1.1325E2,-1.987254366535E1,-5.741662893850E2));
#2289=DIRECTION('',(0.E0,7.986355100473E-1,6.018150231520E-1));
#2290=DIRECTION('',(0.E0,-6.018150231520E-1,7.986355100473E-1));
#2291=AXIS2_PLACEMENT_3D('',#2288,#2289,#2290);
#2292=CYLINDRICAL_SURFACE('',#2291,7.5E-1);
#2294=ORIENTED_EDGE('',*,*,#2293,.F.);
#2296=ORIENTED_EDGE('',*,*,#2295,.T.);
#2297=ORIENTED_EDGE('',*,*,#2276,.F.);
#2298=ORIENTED_EDGE('',*,*,#1675,.F.);
#2299=EDGE_LOOP('',(#2294,#2296,#2297,#2298));
#2300=FACE_OUTER_BOUND('',#2299,.F.);
#2301=ADVANCED_FACE('',(#2300),#2292,.F.);
#2302=CARTESIAN_POINT('',(1.1325E2,-2.061345888183E1,-5.781679821071E2));
#2303=DIRECTION('',(-1.E0,0.E0,0.E0));
#2304=DIRECTION('',(0.E0,0.E0,1.E0));
#2305=AXIS2_PLACEMENT_3D('',#2302,#2303,#2304);
#2306=TOROIDAL_SURFACE('',#2305,2.75E0,7.5E-1);
#2308=ORIENTED_EDGE('',*,*,#2307,.T.);
#2310=ORIENTED_EDGE('',*,*,#2309,.T.);
#2311=ORIENTED_EDGE('',*,*,#2293,.T.);
#2312=ORIENTED_EDGE('',*,*,#1673,.F.);
#2313=EDGE_LOOP('',(#2308,#2310,#2311,#2312));
#2314=FACE_OUTER_BOUND('',#2313,.F.);
#2315=ADVANCED_FACE('',(#2314),#2306,.F.);
#2316=CARTESIAN_POINT('',(1.1325E2,-2.861749458492E1,-5.721157783633E2));
#2317=DIRECTION('',(0.E0,-6.018150231520E-1,7.986355100473E-1));
#2318=DIRECTION('',(0.E0,-7.986355100473E-1,-6.018150231520E-1));
#2319=AXIS2_PLACEMENT_3D('',#2316,#2317,#2318);
#2320=CYLINDRICAL_SURFACE('',#2319,7.5E-1);
#2321=ORIENTED_EDGE('',*,*,#2307,.F.);
#2322=ORIENTED_EDGE('',*,*,#1671,.F.);
#2323=ORIENTED_EDGE('',*,*,#2032,.F.);
#2325=ORIENTED_EDGE('',*,*,#2324,.T.);
#2326=EDGE_LOOP('',(#2321,#2322,#2323,#2325));
#2327=FACE_OUTER_BOUND('',#2326,.F.);
#2328=ADVANCED_FACE('',(#2327),#2320,.F.);
#2329=CARTESIAN_POINT('',(1.07E2,-2.100709985562E1,-5.809688831735E2));
#2330=DIRECTION('',(0.E0,-7.986355100473E-1,-6.018150231520E-1));
#2331=DIRECTION('',(0.E0,6.018150231520E-1,-7.986355100473E-1));
#2332=AXIS2_PLACEMENT_3D('',#2329,#2330,#2331);
#2333=PLANE('',#2332);
#2335=ORIENTED_EDGE('',*,*,#2334,.T.);
#2337=ORIENTED_EDGE('',*,*,#2336,.F.);
#2338=ORIENTED_EDGE('',*,*,#2324,.F.);
#2340=ORIENTED_EDGE('',*,*,#2339,.F.);
#2341=EDGE_LOOP('',(#2335,#2337,#2338,#2340));
#2342=FACE_OUTER_BOUND('',#2341,.F.);
#2343=ADVANCED_FACE('',(#2342),#2333,.T.);
#2344=CARTESIAN_POINT('',(1.0725E2,-2.080744097811E1,-5.808184294177E2));
#2345=DIRECTION('',(-7.071067811866E-1,-5.647205848508E-1,-4.255474838907E-1));
#2346=DIRECTION('',(7.071067811865E-1,-5.647205848509E-1,-4.255474838907E-1));
#2347=AXIS2_PLACEMENT_3D('',#2344,#2345,#2346);
#2348=PLANE('',#2347);
#2350=ORIENTED_EDGE('',*,*,#2349,.T.);
#2352=ORIENTED_EDGE('',*,*,#2351,.T.);
#2353=ORIENTED_EDGE('',*,*,#2334,.F.);
#2355=ORIENTED_EDGE('',*,*,#2354,.F.);
#2356=EDGE_LOOP('',(#2350,#2352,#2353,#2355));
#2357=FACE_OUTER_BOUND('',#2356,.F.);
#2358=ADVANCED_FACE('',(#2357),#2348,.T.);
#2359=CARTESIAN_POINT('',(1.07E2,-2.999999975869E0,-5.530000000597E2));
#2360=DIRECTION('',(-1.E0,0.E0,0.E0));
#2361=DIRECTION('',(0.E0,-1.E0,0.E0));
#2362=AXIS2_PLACEMENT_3D('',#2359,#2360,#2361);
#2363=PLANE('',#2362);
#2365=ORIENTED_EDGE('',*,*,#2364,.F.);
#2367=ORIENTED_EDGE('',*,*,#2366,.F.);
#2369=ORIENTED_EDGE('',*,*,#2368,.F.);
#2371=ORIENTED_EDGE('',*,*,#2370,.F.);
#2372=ORIENTED_EDGE('',*,*,#2349,.F.);
#2374=ORIENTED_EDGE('',*,*,#2373,.F.);
#2376=ORIENTED_EDGE('',*,*,#2375,.F.);
#2378=ORIENTED_EDGE('',*,*,#2377,.F.);
#2380=ORIENTED_EDGE('',*,*,#2379,.F.);
#2382=ORIENTED_EDGE('',*,*,#2381,.F.);
#2383=EDGE_LOOP('',(#2365,#2367,#2369,#2371,#2372,#2374,#2376,#2378,#2380,
#2382));
#2384=FACE_OUTER_BOUND('',#2383,.F.);
#2385=ADVANCED_FACE('',(#2384),#2363,.T.);
#2386=CARTESIAN_POINT('',(1.0725E2,-1.529692047992E1,-5.738303212266E2));
#2387=DIRECTION('',(-7.071067811866E-1,2.338246560264E-1,6.673275284552E-1));
#2388=DIRECTION('',(7.071067811865E-1,2.338246560264E-1,6.673275284552E-1));
#2389=AXIS2_PLACEMENT_3D('',#2386,#2387,#2388);
#2390=PLANE('',#2389);
#2391=ORIENTED_EDGE('',*,*,#2364,.T.);
#2393=ORIENTED_EDGE('',*,*,#2392,.T.);
#2395=ORIENTED_EDGE('',*,*,#2394,.F.);
#2397=ORIENTED_EDGE('',*,*,#2396,.F.);
#2398=EDGE_LOOP('',(#2391,#2393,#2395,#2397));
#2399=FACE_OUTER_BOUND('',#2398,.F.);
#2400=ADVANCED_FACE('',(#2399),#2390,.T.);
#2401=CARTESIAN_POINT('',(1.072499999998E2,-1.423898036091E1,
-5.749957198310E2));
#2402=DIRECTION('',(1.E0,0.E0,0.E0));
#2403=DIRECTION('',(0.E0,0.E0,-1.E0));
#2404=AXIS2_PLACEMENT_3D('',#2401,#2402,#2403);
#2405=CONICAL_SURFACE('',#2404,7.499999997996E-1,4.499999999872E1);
#2406=ORIENTED_EDGE('',*,*,#2381,.T.);
#2408=ORIENTED_EDGE('',*,*,#2407,.T.);
#2410=ORIENTED_EDGE('',*,*,#2409,.F.);
#2411=ORIENTED_EDGE('',*,*,#2392,.F.);
#2412=EDGE_LOOP('',(#2406,#2408,#2410,#2411));
#2413=FACE_OUTER_BOUND('',#2412,.F.);
#2414=ADVANCED_FACE('',(#2413),#2405,.T.);
#2415=CARTESIAN_POINT('',(1.0725E2,-1.282838865736E1,-5.756214081408E2));
#2416=DIRECTION('',(-7.071067811866E-1,5.647205848508E-1,4.255474838907E-1));
#2417=DIRECTION('',(7.071067811865E-1,5.647205848508E-1,4.255474838907E-1));
#2418=AXIS2_PLACEMENT_3D('',#2415,#2416,#2417);
#2419=PLANE('',#2418);
#2420=ORIENTED_EDGE('',*,*,#2379,.T.);
#2422=ORIENTED_EDGE('',*,*,#2421,.T.);
#2424=ORIENTED_EDGE('',*,*,#2423,.F.);
#2425=ORIENTED_EDGE('',*,*,#2407,.F.);
#2426=EDGE_LOOP('',(#2420,#2422,#2424,#2425));
#2427=FACE_OUTER_BOUND('',#2426,.F.);
#2428=ADVANCED_FACE('',(#2427),#2419,.T.);
#2429=CARTESIAN_POINT('',(1.072499999981E2,-1.341438572894E1,
-5.777516340084E2));
#2430=DIRECTION('',(1.E0,0.E0,0.E0));
#2431=DIRECTION('',(0.E0,0.E0,-1.E0));
#2432=AXIS2_PLACEMENT_3D('',#2429,#2430,#2431);
#2433=CONICAL_SURFACE('',#2432,1.749999998067E0,4.500000000002E1);
#2434=ORIENTED_EDGE('',*,*,#2377,.T.);
#2436=ORIENTED_EDGE('',*,*,#2435,.T.);
#2438=ORIENTED_EDGE('',*,*,#2437,.F.);
#2439=ORIENTED_EDGE('',*,*,#2421,.F.);
#2440=EDGE_LOOP('',(#2434,#2436,#2438,#2439));
#2441=FACE_OUTER_BOUND('',#2440,.F.);
#2442=ADVANCED_FACE('',(#2441),#2433,.T.);
#2443=CARTESIAN_POINT('',(1.0725E2,-1.475711596857E1,-5.809546912204E2));
#2444=DIRECTION('',(-7.071067811865E-1,4.255474838907E-1,-5.647205848509E-1));
#2445=DIRECTION('',(7.071067811866E-1,4.255474838907E-1,-5.647205848508E-1));
#2446=AXIS2_PLACEMENT_3D('',#2443,#2444,#2445);
#2447=PLANE('',#2446);
#2448=ORIENTED_EDGE('',*,*,#2375,.T.);
#2450=ORIENTED_EDGE('',*,*,#2449,.T.);
#2452=ORIENTED_EDGE('',*,*,#2451,.F.);
#2453=ORIENTED_EDGE('',*,*,#2435,.F.);
#2454=EDGE_LOOP('',(#2448,#2450,#2452,#2453));
#2455=FACE_OUTER_BOUND('',#2454,.F.);
#2456=ADVANCED_FACE('',(#2455),#2447,.T.);
#2457=CARTESIAN_POINT('',(1.072499999981E2,-1.820619878922E1,
-5.813625241473E2));
#2458=DIRECTION('',(1.E0,0.E0,0.E0));
#2459=DIRECTION('',(0.E0,0.E0,-1.E0));
#2460=AXIS2_PLACEMENT_3D('',#2457,#2458,#2459);
#2461=CONICAL_SURFACE('',#2460,1.749999998068E0,4.500000000010E1);
#2462=ORIENTED_EDGE('',*,*,#2373,.T.);
#2463=ORIENTED_EDGE('',*,*,#2354,.T.);
#2465=ORIENTED_EDGE('',*,*,#2464,.F.);
#2466=ORIENTED_EDGE('',*,*,#2449,.F.);
#2467=EDGE_LOOP('',(#2462,#2463,#2465,#2466));
#2468=FACE_OUTER_BOUND('',#2467,.F.);
#2469=ADVANCED_FACE('',(#2468),#2461,.T.);
#2470=CARTESIAN_POINT('',(1.07E2,-1.820619878922E1,-5.813625241473E2));
#2471=DIRECTION('',(-1.E0,0.E0,0.E0));
#2472=DIRECTION('',(0.E0,0.E0,1.E0));
#2473=AXIS2_PLACEMENT_3D('',#2470,#2471,#2472);
#2474=CYLINDRICAL_SURFACE('',#2473,2.E0);
#2475=ORIENTED_EDGE('',*,*,#2464,.T.);
#2476=ORIENTED_EDGE('',*,*,#2339,.T.);
#2477=ORIENTED_EDGE('',*,*,#2030,.F.);
#2478=ORIENTED_EDGE('',*,*,#2028,.T.);
#2480=ORIENTED_EDGE('',*,*,#2479,.T.);
#2481=EDGE_LOOP('',(#2475,#2476,#2477,#2478,#2480));
#2482=FACE_OUTER_BOUND('',#2481,.F.);
#2483=ADVANCED_FACE('',(#2482),#2474,.T.);
#2484=CARTESIAN_POINT('',(1.07E2,-1.336815119713E1,-5.802210651060E2));
#2485=DIRECTION('',(0.E0,-6.018150231520E-1,7.986355100473E-1));
#2486=DIRECTION('',(0.E0,-7.986355100473E-1,-6.018150231520E-1));
#2487=AXIS2_PLACEMENT_3D('',#2484,#2485,#2486);
#2488=PLANE('',#2487);
#2489=ORIENTED_EDGE('',*,*,#2451,.T.);
#2490=ORIENTED_EDGE('',*,*,#2479,.F.);
#2492=ORIENTED_EDGE('',*,*,#2491,.F.);
#2494=ORIENTED_EDGE('',*,*,#2493,.F.);
#2495=EDGE_LOOP('',(#2489,#2490,#2492,#2494));
#2496=FACE_OUTER_BOUND('',#2495,.F.);
#2497=ADVANCED_FACE('',(#2496),#2488,.F.);
#2498=CARTESIAN_POINT('',(1.09E2,-1.035907608137E1,-5.842142426562E2));
#2499=DIRECTION('',(0.E0,-7.986355100473E-1,-6.018150231520E-1));
#2500=DIRECTION('',(0.E0,6.018150231520E-1,-7.986355100473E-1));
#2501=AXIS2_PLACEMENT_3D('',#2498,#2499,#2500);
#2502=CYLINDRICAL_SURFACE('',#2501,5.E0);
#2503=ORIENTED_EDGE('',*,*,#2026,.F.);
#2504=ORIENTED_EDGE('',*,*,#2050,.T.);
#2505=ORIENTED_EDGE('',*,*,#2222,.F.);
#2506=ORIENTED_EDGE('',*,*,#2491,.T.);
#2507=EDGE_LOOP('',(#2503,#2504,#2505,#2506));
#2508=FACE_OUTER_BOUND('',#2507,.F.);
#2509=ADVANCED_FACE('',(#2508),#2502,.F.);
#2510=CARTESIAN_POINT('',(1.07E2,-1.341438572894E1,-5.777516340084E2));
#2511=DIRECTION('',(1.E0,0.E0,0.E0));
#2512=DIRECTION('',(0.E0,0.E0,-1.E0));
#2513=AXIS2_PLACEMENT_3D('',#2510,#2511,#2512);
#2514=CYLINDRICAL_SURFACE('',#2513,2.E0);
#2515=ORIENTED_EDGE('',*,*,#2437,.T.);
#2516=ORIENTED_EDGE('',*,*,#2493,.T.);
#2517=ORIENTED_EDGE('',*,*,#2220,.F.);
#2519=ORIENTED_EDGE('',*,*,#2518,.T.);
#2520=EDGE_LOOP('',(#2515,#2516,#2517,#2519));
#2521=FACE_OUTER_BOUND('',#2520,.F.);
#2522=ADVANCED_FACE('',(#2521),#2514,.T.);
#2523=CARTESIAN_POINT('',(1.07E2,-1.302074475514E1,-5.749507329420E2));
#2524=DIRECTION('',(0.E0,-7.986355100473E-1,-6.018150231520E-1));
#2525=DIRECTION('',(0.E0,6.018150231520E-1,-7.986355100473E-1));
#2526=AXIS2_PLACEMENT_3D('',#2523,#2524,#2525);
#2527=PLANE('',#2526);
#2528=ORIENTED_EDGE('',*,*,#2423,.T.);
#2529=ORIENTED_EDGE('',*,*,#2518,.F.);
#2530=ORIENTED_EDGE('',*,*,#2236,.F.);
#2532=ORIENTED_EDGE('',*,*,#2531,.F.);
#2533=EDGE_LOOP('',(#2528,#2529,#2530,#2532));
#2534=FACE_OUTER_BOUND('',#2533,.F.);
#2535=ADVANCED_FACE('',(#2534),#2527,.F.);
#2536=CARTESIAN_POINT('',(1.07E2,-1.423898036091E1,-5.749957198310E2));
#2537=DIRECTION('',(1.E0,0.E0,0.E0));
#2538=DIRECTION('',(0.E0,0.E0,-1.E0));
#2539=AXIS2_PLACEMENT_3D('',#2536,#2537,#2538);
#2540=CYLINDRICAL_SURFACE('',#2539,1.E0);
#2541=ORIENTED_EDGE('',*,*,#2409,.T.);
#2542=ORIENTED_EDGE('',*,*,#2531,.T.);
#2543=ORIENTED_EDGE('',*,*,#2250,.F.);
#2545=ORIENTED_EDGE('',*,*,#2544,.T.);
#2546=EDGE_LOOP('',(#2541,#2542,#2543,#2545));
#2547=FACE_OUTER_BOUND('',#2546,.F.);
#2548=ADVANCED_FACE('',(#2547),#2540,.T.);
#2549=CARTESIAN_POINT('',(1.07E2,-1.362255977830E1,-5.741520974319E2));
#2550=DIRECTION('',(0.E0,-3.306779997698E-1,-9.437436412863E-1));
#2551=DIRECTION('',(1.E0,0.E0,0.E0));
#2552=AXIS2_PLACEMENT_3D('',#2549,#2550,#2551);
#2553=PLANE('',#2552);
#2554=ORIENTED_EDGE('',*,*,#2394,.T.);
#2555=ORIENTED_EDGE('',*,*,#2544,.F.);
#2556=ORIENTED_EDGE('',*,*,#2264,.F.);
#2558=ORIENTED_EDGE('',*,*,#2557,.F.);
#2559=EDGE_LOOP('',(#2554,#2555,#2556,#2558));
#2560=FACE_OUTER_BOUND('',#2559,.F.);
#2561=ADVANCED_FACE('',(#2560),#2553,.F.);
#2562=CARTESIAN_POINT('',(1.07E2,-1.685087759862E1,-5.740805380842E2));
#2563=DIRECTION('',(-1.E0,0.E0,0.E0));
#2564=DIRECTION('',(0.E0,0.E0,1.E0));
#2565=AXIS2_PLACEMENT_3D('',#2562,#2563,#2564);
#2566=CYLINDRICAL_SURFACE('',#2565,1.E0);
#2568=ORIENTED_EDGE('',*,*,#2567,.T.);
#2569=ORIENTED_EDGE('',*,*,#2557,.T.);
#2570=ORIENTED_EDGE('',*,*,#2280,.F.);
#2571=ORIENTED_EDGE('',*,*,#2278,.F.);
#2573=ORIENTED_EDGE('',*,*,#2572,.T.);
#2574=EDGE_LOOP('',(#2568,#2569,#2570,#2571,#2573));
#2575=FACE_OUTER_BOUND('',#2574,.F.);
#2576=ADVANCED_FACE('',(#2575),#2566,.T.);
#2577=CARTESIAN_POINT('',(1.072499999994E2,-1.685087759861E1,
-5.740805380842E2));
#2578=DIRECTION('',(1.E0,0.E0,0.E0));
#2579=DIRECTION('',(0.E0,0.E0,-1.E0));
#2580=AXIS2_PLACEMENT_3D('',#2577,#2578,#2579);
#2581=CONICAL_SURFACE('',#2580,7.499999994414E-1,4.499999999880E1);
#2582=ORIENTED_EDGE('',*,*,#2366,.T.);
#2583=ORIENTED_EDGE('',*,*,#2396,.T.);
#2584=ORIENTED_EDGE('',*,*,#2567,.F.);
#2586=ORIENTED_EDGE('',*,*,#2585,.F.);
#2587=EDGE_LOOP('',(#2582,#2583,#2584,#2586));
#2588=FACE_OUTER_BOUND('',#2587,.F.);
#2589=ADVANCED_FACE('',(#2588),#2581,.T.);
#2590=CARTESIAN_POINT('',(1.0725E2,-1.948443701915E1,-5.751259657081E2));
#2591=DIRECTION('',(-7.071067811866E-1,-4.255474838907E-1,5.647205848508E-1));
#2592=DIRECTION('',(7.071067811865E-1,-4.255474838908E-1,5.647205848509E-1));
#2593=AXIS2_PLACEMENT_3D('',#2590,#2591,#2592);
#2594=PLANE('',#2593);
#2595=ORIENTED_EDGE('',*,*,#2368,.T.);
#2596=ORIENTED_EDGE('',*,*,#2585,.T.);
#2598=ORIENTED_EDGE('',*,*,#2597,.F.);
#2600=ORIENTED_EDGE('',*,*,#2599,.F.);
#2601=EDGE_LOOP('',(#2595,#2596,#2598,#2600));
#2602=FACE_OUTER_BOUND('',#2601,.F.);
#2603=ADVANCED_FACE('',(#2602),#2594,.T.);
#2604=CARTESIAN_POINT('',(1.07E2,-1.942118239799E1,-5.747652660176E2));
#2605=DIRECTION('',(0.E0,6.018150231520E-1,-7.986355100473E-1));
#2606=DIRECTION('',(0.E0,7.986355100473E-1,6.018150231520E-1));
#2607=AXIS2_PLACEMENT_3D('',#2604,#2605,#2606);
#2608=PLANE('',#2607);
#2609=ORIENTED_EDGE('',*,*,#2597,.T.);
#2610=ORIENTED_EDGE('',*,*,#2572,.F.);
#2611=ORIENTED_EDGE('',*,*,#2295,.F.);
#2613=ORIENTED_EDGE('',*,*,#2612,.F.);
#2614=EDGE_LOOP('',(#2609,#2610,#2611,#2613));
#2615=FACE_OUTER_BOUND('',#2614,.F.);
#2616=ADVANCED_FACE('',(#2615),#2608,.F.);
#2617=CARTESIAN_POINT('',(1.07E2,-2.061345888183E1,-5.781679821071E2));
#2618=DIRECTION('',(-1.E0,0.E0,0.E0));
#2619=DIRECTION('',(0.E0,0.E0,1.E0));
#2620=AXIS2_PLACEMENT_3D('',#2617,#2618,#2619);
#2621=CYLINDRICAL_SURFACE('',#2620,2.E0);
#2623=ORIENTED_EDGE('',*,*,#2622,.T.);
#2624=ORIENTED_EDGE('',*,*,#2612,.T.);
#2625=ORIENTED_EDGE('',*,*,#2309,.F.);
#2626=ORIENTED_EDGE('',*,*,#2336,.T.);
#2627=EDGE_LOOP('',(#2623,#2624,#2625,#2626));
#2628=FACE_OUTER_BOUND('',#2627,.F.);
#2629=ADVANCED_FACE('',(#2628),#2621,.T.);
#2630=CARTESIAN_POINT('',(1.072499999981E2,-2.061345888183E1,
-5.781679821071E2));
#2631=DIRECTION('',(1.E0,0.E0,0.E0));
#2632=DIRECTION('',(0.E0,0.E0,-1.E0));
#2633=AXIS2_PLACEMENT_3D('',#2630,#2631,#2632);
#2634=CONICAL_SURFACE('',#2633,1.749999998069E0,4.500000000059E1);
#2635=ORIENTED_EDGE('',*,*,#2370,.T.);
#2636=ORIENTED_EDGE('',*,*,#2599,.T.);
#2637=ORIENTED_EDGE('',*,*,#2622,.F.);
#2638=ORIENTED_EDGE('',*,*,#2351,.F.);
#2639=EDGE_LOOP('',(#2635,#2636,#2637,#2638));
#2640=FACE_OUTER_BOUND('',#2639,.F.);
#2641=ADVANCED_FACE('',(#2640),#2634,.T.);
#2642=CARTESIAN_POINT('',(1.14E2,-2.999999975869E0,-5.530000000597E2));
#2643=DIRECTION('',(1.E0,0.E0,0.E0));
#2644=DIRECTION('',(0.E0,0.E0,-1.E0));
#2645=AXIS2_PLACEMENT_3D('',#2642,#2643,#2644);
#2646=CYLINDRICAL_SURFACE('',#2645,2.25E1);
#2647=ORIENTED_EDGE('',*,*,#1691,.F.);
#2648=ORIENTED_EDGE('',*,*,#2067,.T.);
#2649=ORIENTED_EDGE('',*,*,#1596,.F.);
#2651=ORIENTED_EDGE('',*,*,#2650,.F.);
#2652=EDGE_LOOP('',(#2647,#2648,#2649,#2651));
#2653=FACE_OUTER_BOUND('',#2652,.F.);
#2654=ADVANCED_FACE('',(#2653),#2646,.F.);
#2655=CARTESIAN_POINT('',(1.14E2,-6.273389133371E0,-5.267029484489E2));
#2656=DIRECTION('',(1.E0,0.E0,0.E0));
#2657=DIRECTION('',(0.E0,0.E0,-1.E0));
#2658=AXIS2_PLACEMENT_3D('',#2655,#2656,#2657);
#2659=CYLINDRICAL_SURFACE('',#2658,4.E0);
#2661=ORIENTED_EDGE('',*,*,#2660,.T.);
#2662=ORIENTED_EDGE('',*,*,#1693,.F.);
#2663=ORIENTED_EDGE('',*,*,#2650,.T.);
#2664=ORIENTED_EDGE('',*,*,#1594,.F.);
#2666=ORIENTED_EDGE('',*,*,#2665,.T.);
#2667=EDGE_LOOP('',(#2661,#2662,#2663,#2664,#2666));
#2668=FACE_OUTER_BOUND('',#2667,.F.);
#2669=ADVANCED_FACE('',(#2668),#2659,.T.);
#2670=CARTESIAN_POINT('',(1.139975822660E2,-6.297531362989E0,
-5.281800043801E2));
#2671=CARTESIAN_POINT('',(1.139976758736E2,-6.175103241238E0,
-5.280112179379E2));
#2672=CARTESIAN_POINT('',(1.139972761855E2,-5.817578681353E0,
-5.277927703802E2));
#2673=CARTESIAN_POINT('',(1.139955881841E2,-5.015992458722E0,
-5.274606054849E2));
#2674=CARTESIAN_POINT('',(1.139937317269E2,-4.234232624002E0,
-5.270097624654E2));
#2675=CARTESIAN_POINT('',(1.139920874360E2,-3.615547810171E0,
-5.264926993926E2));
#2676=CARTESIAN_POINT('',(1.139908144369E2,-3.177440594262E0,
-5.260181905352E2));
#2677=CARTESIAN_POINT('',(1.139895414377E2,-2.792640578093E0,
-5.254545553866E2));
#2678=CARTESIAN_POINT('',(1.139883082196E2,-2.484438650011E0,
-5.248255916551E2));
#2679=CARTESIAN_POINT('',(1.139871545639E2,-2.272122895162E0,
-5.241459299942E2));
#2680=CARTESIAN_POINT('',(1.139861202522E2,-2.174670952513E0,
-5.234352129824E2));
#2681=CARTESIAN_POINT('',(1.139852450652E2,-2.216305048951E0,
-5.227022025542E2));
#2682=CARTESIAN_POINT('',(1.139845687843E2,-2.408866624691E0,
-5.219769150038E2));
#2683=CARTESIAN_POINT('',(1.139840992986E2,-2.774037725051E0,
-5.212635020408E2));
#2684=CARTESIAN_POINT('',(1.139840041319E2,-3.132849559742E0,
-5.208557431503E2));
#2685=CARTESIAN_POINT('',(1.139840327838E2,-3.359739640039E0,
-5.206663104434E2));
#2686=CARTESIAN_POINT('',(1.140025886701E2,-6.342070499479E0,
-5.281357992124E2));
#2687=CARTESIAN_POINT('',(1.140024884444E2,-6.220677322999E0,
-5.279716332611E2));
#2688=CARTESIAN_POINT('',(1.140029163908E2,-5.876870268790E0,
-5.277526062699E2));
#2689=CARTESIAN_POINT('',(1.140047237355E2,-5.122535132386E0,
-5.274170223096E2));
#2690=CARTESIAN_POINT('',(1.140067114460E2,-4.394278388535E0,
-5.269763904128E2));
#2691=CARTESIAN_POINT('',(1.140084719898E2,-3.820772882783E0,
-5.264789643664E2));
#2692=CARTESIAN_POINT('',(1.140098349911E2,-3.416051577320E0,
-5.260256569432E2));
#2693=CARTESIAN_POINT('',(1.140111979926E2,-3.062046601030E0,
-5.254901794669E2));
#2694=CARTESIAN_POINT('',(1.140125184004E2,-2.780194277978E0,
-5.248947690671E2));
#2695=CARTESIAN_POINT('',(1.140137536205E2,-2.588269899983E0,
-5.242529485018E2));
#2696=CARTESIAN_POINT('',(1.140148610592E2,-2.503709187601E0,
-5.235830176669E2));
#2697=CARTESIAN_POINT('',(1.140157981226E2,-2.548967178675E0,
-5.228928822784E2));
#2698=CARTESIAN_POINT('',(1.140165222173E2,-2.735078057534E0,
-5.222102671724E2));
#2699=CARTESIAN_POINT('',(1.140170248960E2,-3.082490263184E0,
-5.215386975372E2));
#2700=CARTESIAN_POINT('',(1.140171267911E2,-3.421665009095E0,
-5.211542826094E2));
#2701=CARTESIAN_POINT('',(1.140170961135E2,-3.635712452543E0,
-5.209753062848E2));
#2702=CARTESIAN_POINT('',(1.139984007975E2,-6.422510752554E0,
-5.280559621261E2));
#2703=CARTESIAN_POINT('',(1.139984627139E2,-6.302986747009E0,
-5.279001410482E2));
#2704=CARTESIAN_POINT('',(1.139981983415E2,-5.983954300382E0,
-5.276800675665E2));
#2705=CARTESIAN_POINT('',(1.139970818182E2,-5.314957354910E0,
-5.273383085777E2));
#2706=CARTESIAN_POINT('',(1.139958538705E2,-4.683330283490E0,
-5.269161185583E2));
#2707=CARTESIAN_POINT('',(1.139947662595E2,-4.191421217681E0,
-5.264541581156E2));
#2708=CARTESIAN_POINT('',(1.139939242382E2,-3.846996794855E0,
-5.260391417072E2));
#2709=CARTESIAN_POINT('',(1.139930822169E2,-3.548609439309E0,
-5.255545186135E2));
#2710=CARTESIAN_POINT('',(1.139922665087E2,-3.314346024891E0,
-5.250197074689E2));
#2711=CARTESIAN_POINT('',(1.139915034268E2,-3.159249651290E0,
-5.244462301077E2));
#2712=CARTESIAN_POINT('',(1.139908192846E2,-3.097971245371E0,
-5.238499614645E2));
#2713=CARTESIAN_POINT('',(1.139902403949E2,-3.149774199451E0,
-5.232372608738E2));
#2714=CARTESIAN_POINT('',(1.139897930710E2,-3.324234747166E0,
-5.226317146673E2));
#2715=CARTESIAN_POINT('',(1.139894825312E2,-3.639573363258E0,
-5.220357164991E2));
#2716=CARTESIAN_POINT('',(1.139894195834E2,-3.943282392570E0,
-5.216934621161E2));
#2717=CARTESIAN_POINT('',(1.139894385352E2,-4.134135292065E0,
-5.215333706220E2));
#2718=CARTESIAN_POINT('',(1.139521075156E2,-6.539251951546E0,
-5.279400962901E2));
#2719=CARTESIAN_POINT('',(1.139539617726E2,-6.422440633334E0,
-5.277963859465E2));
#2720=CARTESIAN_POINT('',(1.139460444180E2,-6.139363038727E0,
-5.275747937157E2));
#2721=CARTESIAN_POINT('',(1.139126070830E2,-5.594215563473E0,
-5.272240730416E2));
#2722=CARTESIAN_POINT('',(1.138758328343E2,-5.102825045069E0,
-5.268286473199E2));
#2723=CARTESIAN_POINT('',(1.138432613547E2,-4.729335127250E0,
-5.264181573405E2));
#2724=CARTESIAN_POINT('',(1.138180447295E2,-4.472418265712E0,
-5.260587118535E2));
#2725=CARTESIAN_POINT('',(1.137928281042E2,-4.254747559896E0,
-5.256478926251E2));
#2726=CARTESIAN_POINT('',(1.137683994948E2,-4.089548899005E0,
-5.252010278684E2));
#2727=CARTESIAN_POINT('',(1.137455469243E2,-3.987900211406E0,
-5.247267355209E2));
#2728=CARTESIAN_POINT('',(1.137250584173E2,-3.960410913171E0,
-5.242373712225E2));
#2729=CARTESIAN_POINT('',(1.137077219858E2,-4.021712430388E0,
-5.237370500788E2));
#2730=CARTESIAN_POINT('',(1.136943256515E2,-4.179265104612E0,
-5.232433522989E2));
#2731=CARTESIAN_POINT('',(1.136850256894E2,-4.448056014196E0,
-5.227570293656E2));
#2732=CARTESIAN_POINT('',(1.136831405476E2,-4.700294416211E0,
-5.224759616694E2));
#2733=CARTESIAN_POINT('',(1.136837081083E2,-4.857485575829E0,
-5.223432773210E2));
#2734=CARTESIAN_POINT('',(1.138816403022E2,-6.636730592023E0,
-5.278433485757E2));
#2735=CARTESIAN_POINT('',(1.138862228438E2,-6.522184361672E0,
-5.277097506681E2));
#2736=CARTESIAN_POINT('',(1.138666561891E2,-6.269128988235E0,
-5.274868902854E2));
#2737=CARTESIAN_POINT('',(1.137840204079E2,-5.827395544043E0,
-5.271286866241E2));
#2738=CARTESIAN_POINT('',(1.136931379028E2,-5.453102234232E0,
-5.267556090312E2));
#2739=CARTESIAN_POINT('',(1.136126419642E2,-5.178492040564E0,
-5.263880967737E2));
#2740=CARTESIAN_POINT('',(1.135503225382E2,-4.994643797312E0,
-5.260750528819E2));
#2741=CARTESIAN_POINT('',(1.134880031120E2,-4.844371313791E0,
-5.257258597163E2));
#2742=CARTESIAN_POINT('',(1.134276311588E2,-4.736841567872E0,
-5.253524299972E2));
#2743=CARTESIAN_POINT('',(1.133711541694E2,-4.679821578725E0,
-5.249609569145E2));
#2744=CARTESIAN_POINT('',(1.133205196381E2,-4.680546109968E0,
-5.245608575054E2));
#2745=CARTESIAN_POINT('',(1.132776750285E2,-4.749778906137E0,
-5.241543729489E2));
#2746=CARTESIAN_POINT('',(1.132445678282E2,-4.893213543789E0,
-5.237540683554E2));
#2747=CARTESIAN_POINT('',(1.132215842491E2,-5.123137222475E0,
-5.233593239986E2));
#2748=CARTESIAN_POINT('',(1.132169253801E2,-5.332397765559E0,
-5.231293470490E2));
#2749=CARTESIAN_POINT('',(1.132183280282E2,-5.461481447515E0,
-5.230195476061E2));
#2750=CARTESIAN_POINT('',(1.137823756280E2,-6.723752649626E0,
-5.277569790374E2));
#2751=CARTESIAN_POINT('',(1.137908014078E2,-6.611228530013E0,
-5.276324087997E2));
#2752=CARTESIAN_POINT('',(1.137548247958E2,-6.384974878980E0,
-5.274084163003E2));
#2753=CARTESIAN_POINT('',(1.136028849015E2,-6.035562190620E0,
-5.270435323556E2));
#2754=CARTESIAN_POINT('',(1.134357820070E2,-5.765805012811E0,
-5.266904055964E2));
#2755=CARTESIAN_POINT('',(1.132877765761E2,-5.579467665476E0,
-5.263612608191E2));
#2756=CARTESIAN_POINT('',(1.131731917455E2,-5.460849933031E0,-5.26089641E2));
#2757=CARTESIAN_POINT('',(1.130586069144E2,-5.370745830554E0,
-5.257954632383E2));
#2758=CARTESIAN_POINT('',(1.129476028426E2,-5.314698826041E0,
-5.254875911433E2));
#2759=CARTESIAN_POINT('',(1.128437603222E2,-5.297520192367E0,
-5.251700532612E2));
#2760=CARTESIAN_POINT('',(1.127506601515E2,-5.323432041400E0,
-5.248496432518E2));
#2761=CARTESIAN_POINT('',(1.126718830725E2,-5.399745324165E0,
-5.245269293845E2));
#2762=CARTESIAN_POINT('',(1.126110098717E2,-5.530576374186E0,
-5.242099996433E2));
#2763=CARTESIAN_POINT('',(1.125687506647E2,-5.725802129516E0,
-5.238970101830E2));
#2764=CARTESIAN_POINT('',(1.125601845441E2,-5.896695070174E0,
-5.237126434498E2));
#2765=CARTESIAN_POINT('',(1.125627635505E2,-6.000686377719E0,
-5.236232740369E2));
#2766=CARTESIAN_POINT('',(1.136598575367E2,-6.794276025427E0,
-5.276869844685E2));
#2767=CARTESIAN_POINT('',(1.136730268589E2,-6.683390640623E0,
-5.275697303273E2));
#2768=CARTESIAN_POINT('',(1.136167961467E2,-6.478857321144E0,
-5.273448203513E2));
#2769=CARTESIAN_POINT('',(1.133793171848E2,-6.204262116251E0,
-5.269745226511E2));
#2770=CARTESIAN_POINT('',(1.131181387625E2,-6.019221861045E0,
-5.266375642082E2));
#2771=CARTESIAN_POINT('',(1.128868092868E2,-5.904421538773E0,
-5.263395127455E2));
#2772=CARTESIAN_POINT('',(1.127077155291E2,-5.838667137257E0,
-5.261014633283E2));
#2773=CARTESIAN_POINT('',(1.125286217707E2,-5.797323975003E0,
-5.258518704927E2));
#2774=CARTESIAN_POINT('',(1.123551246660E2,-5.782998998434E0,
-5.255971268238E2));
#2775=CARTESIAN_POINT('',(1.121928209206E2,-5.798108119849E0,
-5.253395066234E2));
#2776=CARTESIAN_POINT('',(1.120473072490E2,-5.844431973934E0,
-5.250836775447E2));
#2777=CARTESIAN_POINT('',(1.119241802782E2,-5.926483339940E0,
-5.248288521180E2));
#2778=CARTESIAN_POINT('',(1.118290367044E2,-6.047100341167E0,
-5.245794900281E2));
#2779=CARTESIAN_POINT('',(1.117629864243E2,-6.214206620298E0,
-5.243327553940E2));
#2780=CARTESIAN_POINT('',(1.117495977521E2,-6.354006147089E0,
-5.241853515472E2));
#2781=CARTESIAN_POINT('',(1.117536286866E2,-6.437662392436E0,
-5.241125387949E2));
#2782=CARTESIAN_POINT('',(1.135225837673E2,-6.844366053096E0,
-5.276372700320E2));
#2783=CARTESIAN_POINT('',(1.135410679287E2,-6.734644598271E0,
-5.275252122311E2));
#2784=CARTESIAN_POINT('',(1.134621437788E2,-6.545538390704E0,
-5.272996506070E2));
#2785=CARTESIAN_POINT('',(1.131288237039E2,-6.324083152135E0,
-5.269255077257E2));
#2786=CARTESIAN_POINT('',(1.127622396049E2,-6.199214052180E0,
-5.266000330128E2));
#2787=CARTESIAN_POINT('',(1.124375508092E2,-6.135223713475E0,
-5.263240659295E2));
#2788=CARTESIAN_POINT('',(1.121861788802E2,-6.107016092447E0,
-5.261098602711E2));
#2789=CARTESIAN_POINT('',(1.119348069503E2,-6.100305941136E0,
-5.258919343850E2));
#2790=CARTESIAN_POINT('',(1.116912903564E2,-6.115614508200E0,
-5.256749257835E2));
#2791=CARTESIAN_POINT('',(1.114634845072E2,-6.153656373914E0,
-5.254598627960E2));
#2792=CARTESIAN_POINT('',(1.112592448241E2,-6.214478086159E0,
-5.252499030561E2));
#2793=CARTESIAN_POINT('',(1.110864266056E2,-6.300604990787E0,
-5.250432961643E2));
#2794=CARTESIAN_POINT('',(1.109528852473E2,-6.413967348052E0,
-5.248419247653E2));
#2795=CARTESIAN_POINT('',(1.108601785750E2,-6.561101450376E0,
-5.246422483732E2));
#2796=CARTESIAN_POINT('',(1.108413865389E2,-6.678816527142E0,
-5.245210978358E2));
#2797=CARTESIAN_POINT('',(1.108470442669E2,-6.748029563832E0,
-5.244600446394E2));
#2798=CARTESIAN_POINT('',(1.133591890318E2,-6.877072312335E0,
-5.276048090147E2));
#2799=CARTESIAN_POINT('',(1.133839993599E2,-6.768110845012E0,
-5.274961441618E2));
#2800=CARTESIAN_POINT('',(1.132780635800E2,-6.589077762723E0,
-5.272701570444E2));
#2801=CARTESIAN_POINT('',(1.128306653867E2,-6.402320239321E0,
-5.268935034539E2));
#2802=CARTESIAN_POINT('',(1.123386186246E2,-6.316739865898E0,
-5.265755270370E2));
#2803=CARTESIAN_POINT('',(1.119028057482E2,-6.285925881303E0,
-5.263139799385E2));
#2804=CARTESIAN_POINT('',(1.115654022874E2,-6.282234412394E0,
-5.261153430508E2));
#2805=CARTESIAN_POINT('',(1.112279988252E2,-6.298137868780E0,
-5.259180940840E2));
#2806=CARTESIAN_POINT('',(1.109011391719E2,-6.332795643759E0,
-5.257257245764E2));
#2807=CARTESIAN_POINT('',(1.105953672336E2,-6.385811433701E0,
-5.255384493005E2));
#2808=CARTESIAN_POINT('',(1.103212269340E2,-6.456099515420E0,
-5.253584399231E2));
#2809=CARTESIAN_POINT('',(1.100892620313E2,-6.544887540876E0,
-5.251833173002E2));
#2810=CARTESIAN_POINT('',(1.099100164145E2,-6.653512981980E0,
-5.250132813995E2));
#2811=CARTESIAN_POINT('',(1.097855810719E2,-6.787606261372E0,
-5.248443316639E2));
#2812=CARTESIAN_POINT('',(1.097603574997E2,-6.890901307061E0,
-5.247403232118E2));
#2813=CARTESIAN_POINT('',(1.097679515736E2,-6.950683657598E0,
-5.246869484117E2));
#2814=CARTESIAN_POINT('',(1.132467900361E2,-6.880299541490E0,
-5.276016059844E2));
#2815=CARTESIAN_POINT('',(1.132759521248E2,-6.771413064500E0,
-5.274932759243E2));
#2816=CARTESIAN_POINT('',(1.131514350848E2,-6.593373929133E0,
-5.272672468221E2));
#2817=CARTESIAN_POINT('',(1.126255627235E2,-6.410040138038E0,
-5.268903454920E2));
#2818=CARTESIAN_POINT('',(1.120472103820E2,-6.328336506374E0,
-5.265731089556E2));
#2819=CARTESIAN_POINT('',(1.115349554158E2,-6.300796136691E0,
-5.263129847221E2));
#2820=CARTESIAN_POINT('',(1.111383709920E2,-6.299523753430E0,
-5.261158840539E2));
#2821=CARTESIAN_POINT('',(1.107417865668E2,-6.317658565425E0,
-5.259206753436E2));
#2822=CARTESIAN_POINT('',(1.103575953466E2,-6.354225587415E0,
-5.257307370526E2));
#2823=CARTESIAN_POINT('',(1.099981906517E2,-6.408718901378E0,
-5.255462036773E2));
#2824=CARTESIAN_POINT('',(1.096759658218E2,-6.479941059496E0,
-5.253691495960E2));
#2825=CARTESIAN_POINT('',(1.094033140030E2,-6.568991665912E0,
-5.251971336246E2));
#2826=CARTESIAN_POINT('',(1.091926284947E2,-6.677149700762E0,
-5.250301896958E2));
#2827=CARTESIAN_POINT('',(1.090463670471E2,-6.809956201543E0,
-5.248642718560E2));
#2828=CARTESIAN_POINT('',(1.090167192307E2,-6.911828377342E0,
-5.247619548672E2));
#2829=CARTESIAN_POINT('',(1.090256453141E2,-6.970680172406E0,
-5.247093377183E2));
#2830=CARTESIAN_POINT('',(1.131849049615E2,-6.876846271891E0,
-5.276050333603E2));
#2831=CARTESIAN_POINT('',(1.132164630596E2,-6.767879552092E0,
-5.274963450579E2));
#2832=CARTESIAN_POINT('',(1.130817154773E2,-6.588776852244E0,
-5.272703608811E2));
#2833=CARTESIAN_POINT('',(1.125126365045E2,-6.401779524902E0,
-5.268937246428E2));
#2834=CARTESIAN_POINT('',(1.118867657028E2,-6.315927617943E0,
-5.265756964035E2));
#2835=CARTESIAN_POINT('',(1.113324229546E2,-6.284884344011E0,
-5.263140496451E2));
#2836=CARTESIAN_POINT('',(1.109032544470E2,-6.281023438445E0,
-5.261153051581E2));
#2837=CARTESIAN_POINT('',(1.104740859377E2,-6.296770607064E0,
-5.259179132884E2));
#2838=CARTESIAN_POINT('',(1.100583288815E2,-6.331294655223E0,
-5.257253734943E2));
#2839=CARTESIAN_POINT('',(1.096693948555E2,-6.384206956885E0,
-5.255379061711E2));
#2840=CARTESIAN_POINT('',(1.093206954588E2,-6.454429614429E0,
-5.253576897999E2));
#2841=CARTESIAN_POINT('',(1.090256420801E2,-6.543199247949E0,
-5.251823495819E2));
#2842=CARTESIAN_POINT('',(1.087976462745E2,-6.651857427177E0,
-5.250120971145E2));
#2843=CARTESIAN_POINT('',(1.086393677253E2,-6.786040835192E0,
-5.248429350203E2));
#2844=CARTESIAN_POINT('',(1.086072839915E2,-6.889435540639E0,
-5.247388080952E2));
#2845=CARTESIAN_POINT('',(1.086169434577E2,-6.949283068625E0,
-5.246853802275E2));
#2846=B_SPLINE_SURFACE_WITH_KNOTS('',3,3,((#2670,#2671,#2672,#2673,#2674,#2675,
#2676,#2677,#2678,#2679,#2680,#2681,#2682,#2683,#2684,#2685),(#2686,#2687,#2688,
#2689,#2690,#2691,#2692,#2693,#2694,#2695,#2696,#2697,#2698,#2699,#2700,#2701),(
#2702,#2703,#2704,#2705,#2706,#2707,#2708,#2709,#2710,#2711,#2712,#2713,#2714,
#2715,#2716,#2717),(#2718,#2719,#2720,#2721,#2722,#2723,#2724,#2725,#2726,#2727,
#2728,#2729,#2730,#2731,#2732,#2733),(#2734,#2735,#2736,#2737,#2738,#2739,#2740,
#2741,#2742,#2743,#2744,#2745,#2746,#2747,#2748,#2749),(#2750,#2751,#2752,#2753,
#2754,#2755,#2756,#2757,#2758,#2759,#2760,#2761,#2762,#2763,#2764,#2765),(#2766,
#2767,#2768,#2769,#2770,#2771,#2772,#2773,#2774,#2775,#2776,#2777,#2778,#2779,
#2780,#2781),(#2782,#2783,#2784,#2785,#2786,#2787,#2788,#2789,#2790,#2791,#2792,
#2793,#2794,#2795,#2796,#2797),(#2798,#2799,#2800,#2801,#2802,#2803,#2804,#2805,
#2806,#2807,#2808,#2809,#2810,#2811,#2812,#2813),(#2814,#2815,#2816,#2817,#2818,
#2819,#2820,#2821,#2822,#2823,#2824,#2825,#2826,#2827,#2828,#2829),(#2830,#2831,
#2832,#2833,#2834,#2835,#2836,#2837,#2838,#2839,#2840,#2841,#2842,#2843,#2844,
#2845)),.UNSPECIFIED.,.F.,.F.,.F.,(4,1,1,1,1,1,1,1,4),(4,1,1,1,1,1,1,1,1,1,1,1,
1,4),(-5.855501011261E-2,1.244735461949E-1,2.495960280702E-1,3.747185099456E-1,
4.998409918210E-1,6.249634736963E-1,7.500859555717E-1,8.752084374470E-1,
1.055550626231E0),(6.451610090479E-2,1.876317859969E-1,2.917545239980E-1,
3.958772619990E-1,4.479386309995E-1,5.E-1,5.520613690005E-1,6.041227380010E-1,
6.561841070015E-1,7.082454760020E-1,7.603068450025E-1,8.123682140030E-1,
8.644295830035E-1,9.278738649161E-1),.UNSPECIFIED.);
#2848=ORIENTED_EDGE('',*,*,#2847,.T.);
#2850=ORIENTED_EDGE('',*,*,#2849,.T.);
#2852=ORIENTED_EDGE('',*,*,#2851,.F.);
#2854=ORIENTED_EDGE('',*,*,#2853,.T.);
#2855=ORIENTED_EDGE('',*,*,#1697,.F.);
#2856=ORIENTED_EDGE('',*,*,#1695,.F.);
#2857=ORIENTED_EDGE('',*,*,#2660,.F.);
#2858=EDGE_LOOP('',(#2848,#2850,#2852,#2854,#2855,#2856,#2857));
#2859=FACE_OUTER_BOUND('',#2858,.F.);
#2860=ADVANCED_FACE('',(#2859),#2846,.T.);
#2861=CARTESIAN_POINT('',(1.14E2,-3.757596579029E0,-5.235796531150E2));
#2862=DIRECTION('',(0.E0,6.819983600625E-1,7.313537016192E-1));
#2863=DIRECTION('',(0.E0,-7.313537016192E-1,6.819983600625E-1));
#2864=AXIS2_PLACEMENT_3D('',#2861,#2862,#2863);
#2865=PLANE('',#2864);
#2866=ORIENTED_EDGE('',*,*,#1592,.F.);
#2868=ORIENTED_EDGE('',*,*,#2867,.F.);
#2870=ORIENTED_EDGE('',*,*,#2869,.F.);
#2872=ORIENTED_EDGE('',*,*,#2871,.F.);
#2873=ORIENTED_EDGE('',*,*,#2847,.F.);
#2874=ORIENTED_EDGE('',*,*,#2665,.F.);
#2875=EDGE_LOOP('',(#2866,#2868,#2870,#2872,#2873,#2874));
#2876=FACE_OUTER_BOUND('',#2875,.F.);
#2877=ADVANCED_FACE('',(#2876),#2865,.T.);
#2878=CARTESIAN_POINT('',(1.14E2,-1.399008924215E1,-5.195070091822E2));
#2879=DIRECTION('',(1.E0,0.E0,0.E0));
#2880=DIRECTION('',(0.E0,0.E0,-1.E0));
#2881=AXIS2_PLACEMENT_3D('',#2878,#2879,#2880);
#2882=CYLINDRICAL_SURFACE('',#2881,4.E0);
#2883=ORIENTED_EDGE('',*,*,#1719,.F.);
#2884=ORIENTED_EDGE('',*,*,#1717,.F.);
#2886=ORIENTED_EDGE('',*,*,#2885,.T.);
#2887=ORIENTED_EDGE('',*,*,#2867,.T.);
#2888=ORIENTED_EDGE('',*,*,#1590,.F.);
#2889=ORIENTED_EDGE('',*,*,#1588,.F.);
#2891=ORIENTED_EDGE('',*,*,#2890,.F.);
#2892=EDGE_LOOP('',(#2883,#2884,#2886,#2887,#2888,#2889,#2891));
#2893=FACE_OUTER_BOUND('',#2892,.F.);
#2894=ADVANCED_FACE('',(#2893),#2882,.T.);
#2895=CARTESIAN_POINT('',(1.139874544808E2,-7.767268996056E0,
-5.165501448472E2));
#2896=CARTESIAN_POINT('',(1.139874140171E2,-8.144600302041E0,
-5.161569080475E2));
#2897=CARTESIAN_POINT('',(1.139876603528E2,-8.842543838697E0,
-5.157581572320E2));
#2898=CARTESIAN_POINT('',(1.139884071035E2,-9.864218898858E0,
-5.155602572191E2));
#2899=CARTESIAN_POINT('',(1.139890947345E2,-1.060280298005E1,
-5.155638152549E2));
#2900=CARTESIAN_POINT('',(1.139899073894E2,-1.131653695224E1,
-5.157075483779E2));
#2901=CARTESIAN_POINT('',(1.139908138123E2,-1.198784862588E1,
-5.159659368861E2));
#2902=CARTESIAN_POINT('',(1.139917827471E2,-1.259958093184E1,
-5.163179306557E2));
#2903=CARTESIAN_POINT('',(1.139927829378E2,-1.313592552240E1,
-5.167427999172E2));
#2904=CARTESIAN_POINT('',(1.139937831283E2,-1.357526404379E1,
-5.172140639056E2));
#2905=CARTESIAN_POINT('',(1.139950750415E2,-1.404153703908E1,
-5.178674636470E2));
#2906=CARTESIAN_POINT('',(1.139962419306E2,-1.435160373817E1,
-5.185147359611E2));
#2907=CARTESIAN_POINT('',(1.139971587719E2,-1.455837175296E1,
-5.190649036468E2));
#2908=CARTESIAN_POINT('',(1.139979326716E2,-1.475263206872E1,
-5.195873350011E2));
#2909=CARTESIAN_POINT('',(1.139981746048E2,-1.490295548020E1,
-5.198756808880E2));
#2910=CARTESIAN_POINT('',(1.139980999629E2,-1.506162129149E1,
-5.200078071691E2));
#2911=CARTESIAN_POINT('',(1.140151751941E2,-8.050663184387E0,
-5.168412047442E2));
#2912=CARTESIAN_POINT('',(1.140152241393E2,-8.407446029326E0,
-5.164699099788E2));
#2913=CARTESIAN_POINT('',(1.140149261691E2,-9.065600767582E0,
-5.160912937388E2));
#2914=CARTESIAN_POINT('',(1.140140228913E2,-1.002879017701E1,
-5.158981703802E2));
#2915=CARTESIAN_POINT('',(1.140131911256E2,-1.072544971797E1,
-5.158956243010E2));
#2916=CARTESIAN_POINT('',(1.140122081296E2,-1.139958981835E1,
-5.160241163165E2));
#2917=CARTESIAN_POINT('',(1.140111117108E2,-1.203490357149E1,
-5.162600269235E2));
#2918=CARTESIAN_POINT('',(1.140099396768E2,-1.261536497645E1,
-5.165839296201E2));
#2919=CARTESIAN_POINT('',(1.140087298356E2,-1.312627193106E1,
-5.169766862419E2));
#2920=CARTESIAN_POINT('',(1.140075199944E2,-1.354734583239E1,
-5.174138122739E2));
#2921=CARTESIAN_POINT('',(1.140059572825E2,-1.399779994747E1,
-5.180216946028E2));
#2922=CARTESIAN_POINT('',(1.140045458008E2,-1.430301593626E1,
-5.186266315747E2));
#2923=CARTESIAN_POINT('',(1.140034367799E2,-1.451172966150E1,
-5.191444976284E2));
#2924=CARTESIAN_POINT('',(1.140025006624E2,-1.470961001023E1,
-5.196395016623E2));
#2925=CARTESIAN_POINT('',(1.140022080175E2,-1.486108966478E1,
-5.199174825992E2));
#2926=CARTESIAN_POINT('',(1.140022983051E2,-1.501532844631E1,
-5.200483662141E2));
#2927=CARTESIAN_POINT('',(1.139869622519E2,-8.566895056181E0,
-5.173714004983E2));
#2928=CARTESIAN_POINT('',(1.139869202005E2,-8.886246750656E0,
-5.170400754212E2));
#2929=CARTESIAN_POINT('',(1.139871762013E2,-9.471922070781E0,
-5.166981363968E2));
#2930=CARTESIAN_POINT('',(1.139879522512E2,-1.032857380865E1,
-5.165137142087E2));
#2931=CARTESIAN_POINT('',(1.139886668617E2,-1.094886345646E1,
-5.165000488517E2));
#2932=CARTESIAN_POINT('',(1.139895114014E2,-1.155087921769E1,
-5.166007776111E2));
#2933=CARTESIAN_POINT('',(1.139904533882E2,-1.212061902949E1,
-5.167957423924E2));
#2934=CARTESIAN_POINT('',(1.139914603397E2,-1.264411724883E1,
-5.170684742896E2));
#2935=CARTESIAN_POINT('',(1.139924997732E2,-1.310868691441E1,
-5.174027344116E2));
#2936=CARTESIAN_POINT('',(1.139935392067E2,-1.349648991820E1,
-5.177776746194E2));
#2937=CARTESIAN_POINT('',(1.139948818086E2,-1.391812830424E1,
-5.183026422661E2));
#2938=CARTESIAN_POINT('',(1.139960944812E2,-1.421450822168E1,
-5.188304610265E2));
#2939=CARTESIAN_POINT('',(1.139970472951E2,-1.442676626007E1,
-5.192894863111E2));
#2940=CARTESIAN_POINT('',(1.139978515592E2,-1.463124087386E1,
-5.197345286398E2));
#2941=CARTESIAN_POINT('',(1.139981029847E2,-1.478482674495E1,
-5.199936287465E2));
#2942=CARTESIAN_POINT('',(1.139980254142E2,-1.493100123321E1,
-5.201222487162E2));
#2943=CARTESIAN_POINT('',(1.136127596975E2,-9.536746938684E0,
-5.183674865178E2));
#2944=CARTESIAN_POINT('',(1.136115107135E2,-9.785776218590E0,
-5.181112530413E2));
#2945=CARTESIAN_POINT('',(1.136191143115E2,-1.023528346396E1,
-5.178382200034E2));
#2946=CARTESIAN_POINT('',(1.136421641372E2,-1.089178142019E1,
-5.176701448235E2));
#2947=CARTESIAN_POINT('',(1.136633891187E2,-1.136859390455E1,
-5.176355895272E2));
#2948=CARTESIAN_POINT('',(1.136884731919E2,-1.183510868269E1,
-5.176841590773E2));
#2949=CARTESIAN_POINT('',(1.137164515852E2,-1.228165383349E1,
-5.178021983754E2));
#2950=CARTESIAN_POINT('',(1.137463595230E2,-1.269813453644E1,
-5.179787949915E2));
#2951=CARTESIAN_POINT('',(1.137772322282E2,-1.307564970295E1,
-5.182031569388E2));
#2952=CARTESIAN_POINT('',(1.138081049333E2,-1.340094621621E1,
-5.184612677878E2));
#2953=CARTESIAN_POINT('',(1.138479821839E2,-1.376844809773E1,
-5.188304624860E2));
#2954=CARTESIAN_POINT('',(1.138840003440E2,-1.404822756702E1,
-5.192133982072E2));
#2955=CARTESIAN_POINT('',(1.139123003192E2,-1.426714435504E1,
-5.195618785335E2));
#2956=CARTESIAN_POINT('',(1.139361881455E2,-1.448400770485E1,
-5.199130571230E2));
#2957=CARTESIAN_POINT('',(1.139436558544E2,-1.464155055374E1,
-5.201366855556E2));
#2958=CARTESIAN_POINT('',(1.139413518964E2,-1.477257454387E1,
-5.202610527841E2));
#2959=CARTESIAN_POINT('',(1.128511609102E2,-1.037154021824E1,
-5.192248606487E2));
#2960=CARTESIAN_POINT('',(1.128474555067E2,-1.056003996778E1,
-5.190332617466E2));
#2961=CARTESIAN_POINT('',(1.128700133616E2,-1.089234148748E1,
-5.188195390586E2));
#2962=CARTESIAN_POINT('',(1.129383960701E2,-1.137655846467E1,
-5.186655344526E2));
#2963=CARTESIAN_POINT('',(1.130013649511E2,-1.172987397589E1,
-5.186129982859E2));
#2964=CARTESIAN_POINT('',(1.130757827315E2,-1.207975722285E1,
-5.186166721582E2));
#2965=CARTESIAN_POINT('',(1.131587871908E2,-1.242026342385E1,
-5.186684983805E2));
#2966=CARTESIAN_POINT('',(1.132475160958E2,-1.274462954201E1,
-5.187623472202E2));
#2967=CARTESIAN_POINT('',(1.133391072093E2,-1.304721315239E1,
-5.188921150761E2));
#2968=CARTESIAN_POINT('',(1.134306983227E2,-1.331870763754E1,
-5.190496658651E2));
#2969=CARTESIAN_POINT('',(1.135490035301E2,-1.363961189836E1,
-5.192847800787E2));
#2970=CARTESIAN_POINT('',(1.136558598411E2,-1.390510264708E1,
-5.195430087290E2));
#2971=CARTESIAN_POINT('',(1.137398183484E2,-1.412975090766E1,
-5.197963382493E2));
#2972=CARTESIAN_POINT('',(1.138106871823E2,-1.435727777602E1,
-5.200667242764E2));
#2973=CARTESIAN_POINT('',(1.138328418906E2,-1.451822656610E1,
-5.202598207116E2));
#2974=CARTESIAN_POINT('',(1.138260066592E2,-1.463620987012E1,
-5.203805274226E2));
#2975=CARTESIAN_POINT('',(1.117685386282E2,-1.098560026529E1,
-5.198555307944E2));
#2976=CARTESIAN_POINT('',(1.117613413931E2,-1.112957549949E1,
-5.197114760098E2));
#2977=CARTESIAN_POINT('',(1.118051569130E2,-1.137566243750E1,
-5.195413810285E2));
#2978=CARTESIAN_POINT('',(1.119379808863E2,-1.173315239286E1,
-5.193977265024E2));
#2979=CARTESIAN_POINT('',(1.120602892467E2,-1.199562558534E1,
-5.193319639065E2));
#2980=CARTESIAN_POINT('',(1.122048355142E2,-1.225971661848E1,
-5.193026132653E2));
#2981=CARTESIAN_POINT('',(1.123660602203E2,-1.252222233229E1,
-5.193057342506E2));
#2982=CARTESIAN_POINT('',(1.125384038722E2,-1.277883049451E1,
-5.193387152028E2));
#2983=CARTESIAN_POINT('',(1.127163069690E2,-1.302629569893E1,
-5.193989012190E2));
#2984=CARTESIAN_POINT('',(1.128942100654E2,-1.325821430736E1,
-5.194824817010E2));
#2985=CARTESIAN_POINT('',(1.131240016026E2,-1.354484213366E1,
-5.196189685410E2));
#2986=CARTESIAN_POINT('',(1.133315552388E2,-1.379982233729E1,
-5.197854647447E2));
#2987=CARTESIAN_POINT('',(1.134946330514E2,-1.402868657375E1,
-5.199688029152E2));
#2988=CARTESIAN_POINT('',(1.136322859801E2,-1.426405734891E1,
-5.201797592778E2));
#2989=CARTESIAN_POINT('',(1.136753184432E2,-1.442751149263E1,
-5.203503968837E2));
#2990=CARTESIAN_POINT('',(1.136620419497E2,-1.453590228498E1,
-5.204684109788E2));
#2991=CARTESIAN_POINT('',(1.104162372969E2,-1.147719869934E1,
-5.203604267853E2));
#2992=CARTESIAN_POINT('',(1.104046784223E2,-1.158552891472E1,
-5.202544344247E2));
#2993=CARTESIAN_POINT('',(1.104750468489E2,-1.176259499141E1,
-5.201192665038E2));
#2994=CARTESIAN_POINT('',(1.106883642774E2,-1.201863101597E1,
-5.199838979477E2));
#2995=CARTESIAN_POINT('',(1.108847934631E2,-1.220837851675E1,
-5.199075466610E2));
#2996=CARTESIAN_POINT('',(1.111169370838E2,-1.240378682384E1,
-5.198517575643E2));
#2997=CARTESIAN_POINT('',(1.113758665441E2,-1.260384763907E1,
-5.198158865677E2));
#2998=CARTESIAN_POINT('',(1.116526532093E2,-1.280621077234E1,
-5.198001384774E2));
#2999=CARTESIAN_POINT('',(1.119383684321E2,-1.300954980019E1,
-5.198046193169E2));
#3000=CARTESIAN_POINT('',(1.122240836544E2,-1.320978512436E1,
-5.198289813442E2));
#3001=CARTESIAN_POINT('',(1.125931325435E2,-1.346897224414E1,
-5.198865100064E2));
#3002=CARTESIAN_POINT('',(1.129264670075E2,-1.371553801414E1,
-5.199795679081E2));
#3003=CARTESIAN_POINT('',(1.131883725864E2,-1.394777743706E1,
-5.201068730601E2));
#3004=CARTESIAN_POINT('',(1.134094453945E2,-1.418942781353E1,
-5.202702517792E2));
#3005=CARTESIAN_POINT('',(1.134785562196E2,-1.435488766977E1,
-5.204229095062E2));
#3006=CARTESIAN_POINT('',(1.134572339583E2,-1.445559897912E1,
-5.205387679720E2));
#3007=CARTESIAN_POINT('',(1.092999383493E2,-1.156968326180E1,
-5.204554130212E2));
#3008=CARTESIAN_POINT('',(1.092847790243E2,-1.167130756917E1,
-5.203565813561E2));
#3009=CARTESIAN_POINT('',(1.093770663687E2,-1.183538873034E1,
-5.202279842737E2));
#3010=CARTESIAN_POINT('',(1.096568296088E2,-1.207233819601E1,
-5.200941745596E2));
#3011=CARTESIAN_POINT('',(1.099144441216E2,-1.224840379025E1,
-5.200158312191E2));
#3012=CARTESIAN_POINT('',(1.102188976861E2,-1.243089079522E1,
-5.199550682477E2));
#3013=CARTESIAN_POINT('',(1.105584805568E2,-1.261920383277E1,
-5.199118616777E2));
#3014=CARTESIAN_POINT('',(1.109214829368E2,-1.281136183230E1,
-5.198869461779E2));
#3015=CARTESIAN_POINT('',(1.112961950126E2,-1.300639938919E1,
-5.198809471857E2));
#3016=CARTESIAN_POINT('',(1.116709070878E2,-1.320067412746E1,
-5.198941684272E2));
#3017=CARTESIAN_POINT('',(1.121549102640E2,-1.345469881876E1,
-5.199368426635E2));
#3018=CARTESIAN_POINT('',(1.125920744013E2,-1.369968157886E1,
-5.200160845951E2));
#3019=CARTESIAN_POINT('',(1.129355604158E2,-1.393255597665E1,
-5.201328482383E2));
#3020=CARTESIAN_POINT('',(1.132254947430E2,-1.417538773637E1,
-5.202872761609E2));
#3021=CARTESIAN_POINT('',(1.133161327581E2,-1.434122492790E1,
-5.204365513279E2));
#3022=CARTESIAN_POINT('',(1.132881688691E2,-1.444049149386E1,
-5.205520042545E2));
#3023=CARTESIAN_POINT('',(1.086030379811E2,-1.152838599676E1,
-5.204129986804E2));
#3024=CARTESIAN_POINT('',(1.085856309112E2,-1.163300470318E1,
-5.203109695398E2));
#3025=CARTESIAN_POINT('',(1.086916021368E2,-1.180288403745E1,
-5.201794383715E2));
#3026=CARTESIAN_POINT('',(1.090128471953E2,-1.204835625162E1,
-5.200449325853E2));
#3027=CARTESIAN_POINT('',(1.093086594304E2,-1.223053124717E1,
-5.199674787593E2));
#3028=CARTESIAN_POINT('',(1.096582557646E2,-1.241878801975E1,
-5.199089367790E2));
#3029=CARTESIAN_POINT('',(1.100481901936E2,-1.261234680942E1,
-5.198690057732E2));
#3030=CARTESIAN_POINT('',(1.104650166531E2,-1.280906172206E1,
-5.198481838101E2));
#3031=CARTESIAN_POINT('',(1.108952890604E2,-1.300780614676E1,
-5.198468643925E2));
#3032=CARTESIAN_POINT('',(1.113255614670E2,-1.320474247402E1,
-5.198650603452E2));
#3033=CARTESIAN_POINT('',(1.118813300831E2,-1.346107235192E1,
-5.199143675498E2));
#3034=CARTESIAN_POINT('',(1.123833146145E2,-1.370676197575E1,
-5.199997787463E2));
#3035=CARTESIAN_POINT('',(1.127777309248E2,-1.393935283734E1,
-5.201212495045E2));
#3036=CARTESIAN_POINT('',(1.131106551858E2,-1.418165707222E1,
-5.202796742392E2));
#3037=CARTESIAN_POINT('',(1.132147325280E2,-1.434732577166E1,
-5.204304598257E2));
#3038=CARTESIAN_POINT('',(1.131826223010E2,-1.444723746107E1,
-5.205460938381E2));
#3039=B_SPLINE_SURFACE_WITH_KNOTS('',3,3,((#2895,#2896,#2897,#2898,#2899,#2900,
#2901,#2902,#2903,#2904,#2905,#2906,#2907,#2908,#2909,#2910),(#2911,#2912,#2913,
#2914,#2915,#2916,#2917,#2918,#2919,#2920,#2921,#2922,#2923,#2924,#2925,#2926),(
#2927,#2928,#2929,#2930,#2931,#2932,#2933,#2934,#2935,#2936,#2937,#2938,#2939,
#2940,#2941,#2942),(#2943,#2944,#2945,#2946,#2947,#2948,#2949,#2950,#2951,#2952,
#2953,#2954,#2955,#2956,#2957,#2958),(#2959,#2960,#2961,#2962,#2963,#2964,#2965,
#2966,#2967,#2968,#2969,#2970,#2971,#2972,#2973,#2974),(#2975,#2976,#2977,#2978,
#2979,#2980,#2981,#2982,#2983,#2984,#2985,#2986,#2987,#2988,#2989,#2990),(#2991,
#2992,#2993,#2994,#2995,#2996,#2997,#2998,#2999,#3000,#3001,#3002,#3003,#3004,
#3005,#3006),(#3007,#3008,#3009,#3010,#3011,#3012,#3013,#3014,#3015,#3016,#3017,
#3018,#3019,#3020,#3021,#3022),(#3023,#3024,#3025,#3026,#3027,#3028,#3029,#3030,
#3031,#3032,#3033,#3034,#3035,#3036,#3037,#3038)),.UNSPECIFIED.,.F.,.F.,.F.,(4,
1,1,1,1,1,4),(4,1,1,1,1,1,1,1,1,1,1,1,1,4),(-5.900378732116E-2,
1.197469134980E-1,2.454973544268E-1,4.969982362846E-1,6.227486772134E-1,
7.484991181423E-1,1.057685356286E0),(7.225636202666E-2,1.876317859968E-1,
2.396931549973E-1,2.917545239979E-1,3.438158929984E-1,3.958772619989E-1,
4.479386309994E-1,5.E-1,5.520613690005E-1,6.041227380010E-1,7.082454760020E-1,
7.603068450026E-1,8.123682140031E-1,9.357237237490E-1),.UNSPECIFIED.);
#3040=ORIENTED_EDGE('',*,*,#1715,.T.);
#3042=ORIENTED_EDGE('',*,*,#3041,.T.);
#3044=ORIENTED_EDGE('',*,*,#3043,.T.);
#3046=ORIENTED_EDGE('',*,*,#3045,.F.);
#3048=ORIENTED_EDGE('',*,*,#3047,.T.);
#3049=ORIENTED_EDGE('',*,*,#2869,.T.);
#3050=ORIENTED_EDGE('',*,*,#2885,.F.);
#3051=EDGE_LOOP('',(#3040,#3042,#3044,#3046,#3048,#3049,#3050));
#3052=FACE_OUTER_BOUND('',#3051,.F.);
#3053=ADVANCED_FACE('',(#3052),#3039,.T.);
#3054=CARTESIAN_POINT('',(1.1325E2,-2.597424939432E1,-5.318092946559E2));
#3055=DIRECTION('',(0.E0,6.819983600625E-1,7.313537016192E-1));
#3056=DIRECTION('',(0.E0,-7.313537016192E-1,6.819983600625E-1));
#3057=AXIS2_PLACEMENT_3D('',#3054,#3055,#3056);
#3058=CYLINDRICAL_SURFACE('',#3057,7.5E-1);
#3060=ORIENTED_EDGE('',*,*,#3059,.F.);
#3062=ORIENTED_EDGE('',*,*,#3061,.T.);
#3063=ORIENTED_EDGE('',*,*,#3041,.F.);
#3064=ORIENTED_EDGE('',*,*,#1713,.F.);
#3065=EDGE_LOOP('',(#3060,#3062,#3063,#3064));
#3066=FACE_OUTER_BOUND('',#3065,.F.);
#3067=ADVANCED_FACE('',(#3066),#3058,.F.);
#3068=CARTESIAN_POINT('',(1.1325E2,-1.566276595333E1,-5.247838502203E2));
#3069=DIRECTION('',(-1.E0,0.E0,0.E0));
#3070=DIRECTION('',(0.E0,0.E0,1.E0));
#3071=AXIS2_PLACEMENT_3D('',#3068,#3069,#3070);
#3072=TOROIDAL_SURFACE('',#3071,2.75E0,7.5E-1);
#3074=ORIENTED_EDGE('',*,*,#3073,.T.);
#3076=ORIENTED_EDGE('',*,*,#3075,.T.);
#3077=ORIENTED_EDGE('',*,*,#3059,.T.);
#3078=ORIENTED_EDGE('',*,*,#1711,.F.);
#3079=EDGE_LOOP('',(#3074,#3076,#3077,#3078));
#3080=FACE_OUTER_BOUND('',#3079,.F.);
#3081=ADVANCED_FACE('',(#3080),#3072,.F.);
#3082=CARTESIAN_POINT('',(1.1325E2,3.174765295492E0,-5.461102828135E2));
#3083=DIRECTION('',(0.E0,-7.313537016192E-1,6.819983600625E-1));
#3084=DIRECTION('',(0.E0,-6.819983600625E-1,-7.313537016192E-1));
#3085=AXIS2_PLACEMENT_3D('',#3082,#3083,#3084);
#3086=CYLINDRICAL_SURFACE('',#3085,7.5E-1);
#3087=ORIENTED_EDGE('',*,*,#3073,.F.);
#3088=ORIENTED_EDGE('',*,*,#1709,.F.);
#3090=ORIENTED_EDGE('',*,*,#3089,.F.);
#3092=ORIENTED_EDGE('',*,*,#3091,.T.);
#3093=EDGE_LOOP('',(#3087,#3088,#3090,#3092));
#3094=FACE_OUTER_BOUND('',#3093,.F.);
#3095=ADVANCED_FACE('',(#3094),#3086,.F.);
#3096=CARTESIAN_POINT('',(1.1325E2,-1.209303916030E1,-5.294800017693E2));
#3097=DIRECTION('',(-1.E0,0.E0,0.E0));
#3098=DIRECTION('',(0.E0,0.E0,1.E0));
#3099=AXIS2_PLACEMENT_3D('',#3096,#3097,#3098);
#3100=TOROIDAL_SURFACE('',#3099,1.75E0,7.5E-1);
#3101=ORIENTED_EDGE('',*,*,#3089,.T.);
#3102=ORIENTED_EDGE('',*,*,#1707,.F.);
#3103=ORIENTED_EDGE('',*,*,#1705,.F.);
#3105=ORIENTED_EDGE('',*,*,#3104,.T.);
#3107=ORIENTED_EDGE('',*,*,#3106,.T.);
#3109=ORIENTED_EDGE('',*,*,#3108,.T.);
#3110=EDGE_LOOP('',(#3101,#3102,#3103,#3105,#3107,#3109));
#3111=FACE_OUTER_BOUND('',#3110,.F.);
#3112=ADVANCED_FACE('',(#3111),#3100,.F.);
#3113=CARTESIAN_POINT('',(1.1325E2,-8.585095371023E0,-5.304484211622E2));
#3114=DIRECTION('',(0.E0,-9.731389780261E-1,-2.302184385454E-1));
#3115=DIRECTION('',(0.E0,2.302184385454E-1,-9.731389780261E-1));
#3116=AXIS2_PLACEMENT_3D('',#3113,#3114,#3115);
#3117=CYLINDRICAL_SURFACE('',#3116,7.5E-1);
#3118=ORIENTED_EDGE('',*,*,#3104,.F.);
#3119=ORIENTED_EDGE('',*,*,#1703,.F.);
#3121=ORIENTED_EDGE('',*,*,#3120,.F.);
#3123=ORIENTED_EDGE('',*,*,#3122,.T.);
#3124=EDGE_LOOP('',(#3118,#3119,#3121,#3123));
#3125=FACE_OUTER_BOUND('',#3124,.F.);
#3126=ADVANCED_FACE('',(#3125),#3117,.F.);
#3127=CARTESIAN_POINT('',(1.1325E2,-9.399787627340E0,-5.288428510883E2));
#3128=DIRECTION('',(-1.E0,0.E0,0.E0));
#3129=DIRECTION('',(0.E0,0.E0,1.E0));
#3130=AXIS2_PLACEMENT_3D('',#3127,#3128,#3129);
#3131=TOROIDAL_SURFACE('',#3130,1.75E0,7.5E-1);
#3132=ORIENTED_EDGE('',*,*,#3120,.T.);
#3133=ORIENTED_EDGE('',*,*,#1701,.F.);
#3135=ORIENTED_EDGE('',*,*,#3134,.T.);
#3137=ORIENTED_EDGE('',*,*,#3136,.T.);
#3138=EDGE_LOOP('',(#3132,#3133,#3135,#3137));
#3139=FACE_OUTER_BOUND('',#3138,.F.);
#3140=ADVANCED_FACE('',(#3139),#3131,.F.);
#3141=CARTESIAN_POINT('',(1.1325E2,-7.644412777844E0,-5.295264306003E2));
#3142=DIRECTION('',(0.E0,-6.819983600625E-1,-7.313537016192E-1));
#3143=DIRECTION('',(0.E0,7.313537016192E-1,-6.819983600625E-1));
#3144=AXIS2_PLACEMENT_3D('',#3141,#3142,#3143);
#3145=CYLINDRICAL_SURFACE('',#3144,7.5E-1);
#3146=ORIENTED_EDGE('',*,*,#2853,.F.);
#3148=ORIENTED_EDGE('',*,*,#3147,.T.);
#3149=ORIENTED_EDGE('',*,*,#3134,.F.);
#3150=ORIENTED_EDGE('',*,*,#1699,.F.);
#3151=EDGE_LOOP('',(#3146,#3148,#3149,#3150));
#3152=FACE_OUTER_BOUND('',#3151,.F.);
#3153=ADVANCED_FACE('',(#3152),#3145,.F.);
#3154=CARTESIAN_POINT('',(1.07E2,-8.192928054059E0,-5.290149318302E2));
#3155=DIRECTION('',(0.E0,-7.313537016192E-1,6.819983600625E-1));
#3156=DIRECTION('',(0.E0,-6.819983600625E-1,-7.313537016192E-1));
#3157=AXIS2_PLACEMENT_3D('',#3154,#3155,#3156);
#3158=PLANE('',#3157);
#3160=ORIENTED_EDGE('',*,*,#3159,.T.);
#3162=ORIENTED_EDGE('',*,*,#3161,.F.);
#3163=ORIENTED_EDGE('',*,*,#3147,.F.);
#3165=ORIENTED_EDGE('',*,*,#3164,.F.);
#3166=EDGE_LOOP('',(#3160,#3162,#3163,#3165));
#3167=FACE_OUTER_BOUND('',#3166,.F.);
#3168=ADVANCED_FACE('',(#3167),#3158,.F.);
#3169=CARTESIAN_POINT('',(1.0725E2,-7.931521055215E0,-5.283680373476E2));
#3170=DIRECTION('',(-7.071067811865E-1,5.171451618609E-1,-4.822456651583E-1));
#3171=DIRECTION('',(7.071067811866E-1,5.171451618608E-1,-4.822456651582E-1));
#3172=AXIS2_PLACEMENT_3D('',#3169,#3170,#3171);
#3173=PLANE('',#3172);
#3175=ORIENTED_EDGE('',*,*,#3174,.T.);
#3177=ORIENTED_EDGE('',*,*,#3176,.T.);
#3178=ORIENTED_EDGE('',*,*,#3159,.F.);
#3180=ORIENTED_EDGE('',*,*,#3179,.F.);
#3181=EDGE_LOOP('',(#3175,#3177,#3178,#3180));
#3182=FACE_OUTER_BOUND('',#3181,.F.);
#3183=ADVANCED_FACE('',(#3182),#3173,.T.);
#3184=CARTESIAN_POINT('',(1.07E2,-2.999999975869E0,-5.530000000597E2));
#3185=DIRECTION('',(-1.E0,0.E0,0.E0));
#3186=DIRECTION('',(0.E0,-1.E0,0.E0));
#3187=AXIS2_PLACEMENT_3D('',#3184,#3185,#3186);
#3188=PLANE('',#3187);
#3190=ORIENTED_EDGE('',*,*,#3189,.F.);
#3192=ORIENTED_EDGE('',*,*,#3191,.F.);
#3194=ORIENTED_EDGE('',*,*,#3193,.F.);
#3196=ORIENTED_EDGE('',*,*,#3195,.F.);
#3198=ORIENTED_EDGE('',*,*,#3197,.F.);
#3200=ORIENTED_EDGE('',*,*,#3199,.F.);
#3202=ORIENTED_EDGE('',*,*,#3201,.F.);
#3204=ORIENTED_EDGE('',*,*,#3203,.F.);
#3206=ORIENTED_EDGE('',*,*,#3205,.F.);
#3207=ORIENTED_EDGE('',*,*,#3174,.F.);
#3208=EDGE_LOOP('',(#3190,#3192,#3194,#3196,#3198,#3200,#3202,#3204,#3206,
#3207));
#3209=FACE_OUTER_BOUND('',#3208,.F.);
#3210=ADVANCED_FACE('',(#3209),#3188,.T.);
#3211=CARTESIAN_POINT('',(1.072499999981E2,-8.291638737171E0,
-5.261882277068E2));
#3212=DIRECTION('',(1.E0,0.E0,0.E0));
#3213=DIRECTION('',(0.E0,0.E0,-1.E0));
#3214=AXIS2_PLACEMENT_3D('',#3211,#3212,#3213);
#3215=CONICAL_SURFACE('',#3214,1.749999998063E0,4.500000000001E1);
#3216=ORIENTED_EDGE('',*,*,#3189,.T.);
#3217=ORIENTED_EDGE('',*,*,#3179,.T.);
#3219=ORIENTED_EDGE('',*,*,#3218,.F.);
#3221=ORIENTED_EDGE('',*,*,#3220,.F.);
#3222=EDGE_LOOP('',(#3216,#3217,#3219,#3221));
#3223=FACE_OUTER_BOUND('',#3222,.F.);
#3224=ADVANCED_FACE('',(#3223),#3215,.T.);
#3225=CARTESIAN_POINT('',(1.07E2,-8.291638737172E0,-5.261882277068E2));
#3226=DIRECTION('',(-1.E0,0.E0,0.E0));
#3227=DIRECTION('',(0.E0,0.E0,1.E0));
#3228=AXIS2_PLACEMENT_3D('',#3225,#3226,#3227);
#3229=CYLINDRICAL_SURFACE('',#3228,2.E0);
#3230=ORIENTED_EDGE('',*,*,#3218,.T.);
#3231=ORIENTED_EDGE('',*,*,#3164,.T.);
#3232=ORIENTED_EDGE('',*,*,#2851,.T.);
#3234=ORIENTED_EDGE('',*,*,#3233,.T.);
#3235=EDGE_LOOP('',(#3230,#3231,#3232,#3234));
#3236=FACE_OUTER_BOUND('',#3235,.F.);
#3237=ADVANCED_FACE('',(#3236),#3229,.T.);
#3238=CARTESIAN_POINT('',(1.07E2,-9.249208905003E0,-5.225606241571E2));
#3239=DIRECTION('',(0.E0,6.819983600625E-1,7.313537016192E-1));
#3240=DIRECTION('',(0.E0,-7.313537016192E-1,6.819983600625E-1));
#3241=AXIS2_PLACEMENT_3D('',#3238,#3239,#3240);
#3242=PLANE('',#3241);
#3244=ORIENTED_EDGE('',*,*,#3243,.T.);
#3245=ORIENTED_EDGE('',*,*,#3233,.F.);
#3247=ORIENTED_EDGE('',*,*,#3246,.F.);
#3249=ORIENTED_EDGE('',*,*,#3248,.F.);
#3250=EDGE_LOOP('',(#3244,#3245,#3247,#3249));
#3251=FACE_OUTER_BOUND('',#3250,.F.);
#3252=ADVANCED_FACE('',(#3251),#3242,.T.);
#3253=CARTESIAN_POINT('',(1.0725E2,-9.419708495015E0,-5.227434625825E2));
#3254=DIRECTION('',(-7.071067811866E-1,4.822456651583E-1,5.171451618608E-1));
#3255=DIRECTION('',(7.071067811865E-1,4.822456651583E-1,5.171451618608E-1));
#3256=AXIS2_PLACEMENT_3D('',#3253,#3254,#3255);
#3257=PLANE('',#3256);
#3258=ORIENTED_EDGE('',*,*,#3191,.T.);
#3259=ORIENTED_EDGE('',*,*,#3220,.T.);
#3260=ORIENTED_EDGE('',*,*,#3243,.F.);
#3262=ORIENTED_EDGE('',*,*,#3261,.F.);
#3263=EDGE_LOOP('',(#3258,#3259,#3260,#3262));
#3264=FACE_OUTER_BOUND('',#3263,.F.);
#3265=ADVANCED_FACE('',(#3264),#3257,.T.);
#3266=CARTESIAN_POINT('',(1.072499999981E2,-1.293477251307E1,
-5.218584354139E2));
#3267=DIRECTION('',(1.E0,0.E0,0.E0));
#3268=DIRECTION('',(0.E0,0.E0,-1.E0));
#3269=AXIS2_PLACEMENT_3D('',#3266,#3267,#3268);
#3270=CONICAL_SURFACE('',#3269,1.749999998079E0,4.499999999923E1);
#3271=ORIENTED_EDGE('',*,*,#3193,.T.);
#3272=ORIENTED_EDGE('',*,*,#3261,.T.);
#3274=ORIENTED_EDGE('',*,*,#3273,.F.);
#3276=ORIENTED_EDGE('',*,*,#3275,.F.);
#3277=EDGE_LOOP('',(#3271,#3272,#3274,#3276));
#3278=FACE_OUTER_BOUND('',#3277,.F.);
#3279=ADVANCED_FACE('',(#3278),#3270,.T.);
#3280=CARTESIAN_POINT('',(1.07E2,-1.293477251308E1,-5.218584354139E2));
#3281=DIRECTION('',(1.E0,0.E0,0.E0));
#3282=DIRECTION('',(0.E0,0.E0,-1.E0));
#3283=AXIS2_PLACEMENT_3D('',#3280,#3281,#3282);
#3284=CYLINDRICAL_SURFACE('',#3283,2.E0);
#3285=ORIENTED_EDGE('',*,*,#3273,.T.);
#3286=ORIENTED_EDGE('',*,*,#3248,.T.);
#3287=ORIENTED_EDGE('',*,*,#3045,.T.);
#3288=ORIENTED_EDGE('',*,*,#3043,.F.);
#3290=ORIENTED_EDGE('',*,*,#3289,.T.);
#3291=EDGE_LOOP('',(#3285,#3286,#3287,#3288,#3290));
#3292=FACE_OUTER_BOUND('',#3291,.F.);
#3293=ADVANCED_FACE('',(#3292),#3284,.T.);
#3294=CARTESIAN_POINT('',(1.07E2,-1.576147663645E1,-5.219571460970E2));
#3295=DIRECTION('',(0.E0,-7.313537016192E-1,6.819983600625E-1));
#3296=DIRECTION('',(0.E0,-6.819983600625E-1,-7.313537016192E-1));
#3297=AXIS2_PLACEMENT_3D('',#3294,#3295,#3296);
#3298=PLANE('',#3297);
#3300=ORIENTED_EDGE('',*,*,#3299,.T.);
#3301=ORIENTED_EDGE('',*,*,#3289,.F.);
#3302=ORIENTED_EDGE('',*,*,#3061,.F.);
#3304=ORIENTED_EDGE('',*,*,#3303,.F.);
#3305=EDGE_LOOP('',(#3300,#3301,#3302,#3304));
#3306=FACE_OUTER_BOUND('',#3305,.F.);
#3307=ADVANCED_FACE('',(#3306),#3298,.T.);
#3308=CARTESIAN_POINT('',(1.0725E2,-1.557863821103E1,-5.221276456870E2));
#3309=DIRECTION('',(-7.071067811866E-1,-5.171451618607E-1,4.822456651582E-1));
#3310=DIRECTION('',(7.071067811865E-1,-5.171451618609E-1,4.822456651584E-1));
#3311=AXIS2_PLACEMENT_3D('',#3308,#3309,#3310);
#3312=PLANE('',#3311);
#3313=ORIENTED_EDGE('',*,*,#3195,.T.);
#3314=ORIENTED_EDGE('',*,*,#3275,.T.);
#3315=ORIENTED_EDGE('',*,*,#3299,.F.);
#3317=ORIENTED_EDGE('',*,*,#3316,.F.);
#3318=EDGE_LOOP('',(#3313,#3314,#3315,#3317));
#3319=FACE_OUTER_BOUND('',#3318,.F.);
#3320=ADVANCED_FACE('',(#3319),#3312,.T.);
#3321=CARTESIAN_POINT('',(1.072499999981E2,-1.566276595333E1,
-5.247838502203E2));
#3322=DIRECTION('',(1.E0,0.E0,0.E0));
#3323=DIRECTION('',(0.E0,0.E0,-1.E0));
#3324=AXIS2_PLACEMENT_3D('',#3321,#3322,#3323);
#3325=CONICAL_SURFACE('',#3324,1.749999998057E0,4.499999999986E1);
#3326=ORIENTED_EDGE('',*,*,#3197,.T.);
#3327=ORIENTED_EDGE('',*,*,#3316,.T.);
#3329=ORIENTED_EDGE('',*,*,#3328,.F.);
#3331=ORIENTED_EDGE('',*,*,#3330,.F.);
#3332=EDGE_LOOP('',(#3326,#3327,#3329,#3331));
#3333=FACE_OUTER_BOUND('',#3332,.F.);
#3334=ADVANCED_FACE('',(#3333),#3325,.T.);
#3335=CARTESIAN_POINT('',(1.07E2,-1.566276595333E1,-5.247838502203E2));
#3336=DIRECTION('',(1.E0,0.E0,0.E0));
#3337=DIRECTION('',(0.E0,0.E0,-1.E0));
#3338=AXIS2_PLACEMENT_3D('',#3335,#3336,#3337);
#3339=CYLINDRICAL_SURFACE('',#3338,2.E0);
#3340=ORIENTED_EDGE('',*,*,#3328,.T.);
#3341=ORIENTED_EDGE('',*,*,#3303,.T.);
#3342=ORIENTED_EDGE('',*,*,#3075,.F.);
#3344=ORIENTED_EDGE('',*,*,#3343,.T.);
#3345=EDGE_LOOP('',(#3340,#3341,#3342,#3344));
#3346=FACE_OUTER_BOUND('',#3345,.F.);
#3347=ADVANCED_FACE('',(#3346),#3339,.T.);
#3348=CARTESIAN_POINT('',(1.07E2,-1.470519578550E1,-5.284114537701E2));
#3349=DIRECTION('',(0.E0,-6.819983600625E-1,-7.313537016192E-1));
#3350=DIRECTION('',(0.E0,7.313537016192E-1,-6.819983600625E-1));
#3351=AXIS2_PLACEMENT_3D('',#3348,#3349,#3350);
#3352=PLANE('',#3351);
#3354=ORIENTED_EDGE('',*,*,#3353,.T.);
#3355=ORIENTED_EDGE('',*,*,#3343,.F.);
#3356=ORIENTED_EDGE('',*,*,#3091,.F.);
#3358=ORIENTED_EDGE('',*,*,#3357,.F.);
#3359=EDGE_LOOP('',(#3354,#3355,#3356,#3358));
#3360=FACE_OUTER_BOUND('',#3359,.F.);
#3361=ADVANCED_FACE('',(#3360),#3352,.T.);
#3362=CARTESIAN_POINT('',(1.0725E2,-1.473040050692E1,-5.280461181219E2));
#3363=DIRECTION('',(-7.071067811865E-1,-4.822456651583E-1,-5.171451618608E-1));
#3364=DIRECTION('',(7.071067811866E-1,-4.822456651583E-1,-5.171451618608E-1));
#3365=AXIS2_PLACEMENT_3D('',#3362,#3363,#3364);
#3366=PLANE('',#3365);
#3367=ORIENTED_EDGE('',*,*,#3199,.T.);
#3368=ORIENTED_EDGE('',*,*,#3330,.T.);
#3369=ORIENTED_EDGE('',*,*,#3353,.F.);
#3371=ORIENTED_EDGE('',*,*,#3370,.F.);
#3372=EDGE_LOOP('',(#3367,#3368,#3369,#3371));
#3373=FACE_OUTER_BOUND('',#3372,.F.);
#3374=ADVANCED_FACE('',(#3373),#3366,.T.);
#3375=CARTESIAN_POINT('',(1.072499999994E2,-1.209303916030E1,
-5.294800017693E2));
#3376=DIRECTION('',(1.E0,0.E0,0.E0));
#3377=DIRECTION('',(0.E0,0.E0,-1.E0));
#3378=AXIS2_PLACEMENT_3D('',#3375,#3376,#3377);
#3379=CONICAL_SURFACE('',#3378,7.499999994449E-1,4.499999999860E1);
#3380=ORIENTED_EDGE('',*,*,#3201,.T.);
#3381=ORIENTED_EDGE('',*,*,#3370,.T.);
#3383=ORIENTED_EDGE('',*,*,#3382,.F.);
#3385=ORIENTED_EDGE('',*,*,#3384,.F.);
#3386=EDGE_LOOP('',(#3380,#3381,#3383,#3385));
#3387=FACE_OUTER_BOUND('',#3386,.F.);
#3388=ADVANCED_FACE('',(#3387),#3379,.T.);
#3389=CARTESIAN_POINT('',(1.07E2,-1.209303916030E1,-5.294800017693E2));
#3390=DIRECTION('',(1.E0,0.E0,0.E0));
#3391=DIRECTION('',(0.E0,0.E0,-1.E0));
#3392=AXIS2_PLACEMENT_3D('',#3389,#3390,#3391);
#3393=CYLINDRICAL_SURFACE('',#3392,1.E0);
#3394=ORIENTED_EDGE('',*,*,#3382,.T.);
#3395=ORIENTED_EDGE('',*,*,#3357,.T.);
#3396=ORIENTED_EDGE('',*,*,#3108,.F.);
#3397=ORIENTED_EDGE('',*,*,#3106,.F.);
#3399=ORIENTED_EDGE('',*,*,#3398,.T.);
#3400=EDGE_LOOP('',(#3394,#3395,#3396,#3397,#3399));
#3401=FACE_OUTER_BOUND('',#3400,.F.);
#3402=ADVANCED_FACE('',(#3401),#3393,.T.);
#3403=CARTESIAN_POINT('',(1.07E2,-1.238362889755E1,-5.305763499166E2));
#3404=DIRECTION('',(0.E0,2.302184385454E-1,-9.731389780261E-1));
#3405=DIRECTION('',(-1.E0,0.E0,0.E0));
#3406=AXIS2_PLACEMENT_3D('',#3403,#3404,#3405);
#3407=PLANE('',#3406);
#3409=ORIENTED_EDGE('',*,*,#3408,.T.);
#3410=ORIENTED_EDGE('',*,*,#3398,.F.);
#3411=ORIENTED_EDGE('',*,*,#3122,.F.);
#3413=ORIENTED_EDGE('',*,*,#3412,.F.);
#3414=EDGE_LOOP('',(#3409,#3410,#3411,#3413));
#3415=FACE_OUTER_BOUND('',#3414,.F.);
#3416=ADVANCED_FACE('',(#3415),#3407,.T.);
#3417=CARTESIAN_POINT('',(1.0725E2,-1.057374956490E1,-5.298912806624E2));
#3418=DIRECTION('',(-7.071067811865E-1,1.627890190496E-1,-6.881131703992E-1));
#3419=DIRECTION('',(7.071067811866E-1,1.627890190496E-1,-6.881131703992E-1));
#3420=AXIS2_PLACEMENT_3D('',#3417,#3418,#3419);
#3421=PLANE('',#3420);
#3422=ORIENTED_EDGE('',*,*,#3203,.T.);
#3423=ORIENTED_EDGE('',*,*,#3384,.T.);
#3424=ORIENTED_EDGE('',*,*,#3408,.F.);
#3426=ORIENTED_EDGE('',*,*,#3425,.F.);
#3427=EDGE_LOOP('',(#3422,#3423,#3424,#3426));
#3428=FACE_OUTER_BOUND('',#3427,.F.);
#3429=ADVANCED_FACE('',(#3428),#3421,.T.);
#3430=CARTESIAN_POINT('',(1.072499999998E2,-9.399787627344E0,
-5.288428510883E2));
#3431=DIRECTION('',(1.E0,0.E0,0.E0));
#3432=DIRECTION('',(0.E0,0.E0,-1.E0));
#3433=AXIS2_PLACEMENT_3D('',#3430,#3431,#3432);
#3434=CONICAL_SURFACE('',#3433,7.499999998092E-1,4.499999999837E1);
#3435=ORIENTED_EDGE('',*,*,#3205,.T.);
#3436=ORIENTED_EDGE('',*,*,#3425,.T.);
#3438=ORIENTED_EDGE('',*,*,#3437,.F.);
#3439=ORIENTED_EDGE('',*,*,#3176,.F.);
#3440=EDGE_LOOP('',(#3435,#3436,#3438,#3439));
#3441=FACE_OUTER_BOUND('',#3440,.F.);
#3442=ADVANCED_FACE('',(#3441),#3434,.T.);
#3443=CARTESIAN_POINT('',(1.07E2,-9.399787627340E0,-5.288428510883E2));
#3444=DIRECTION('',(1.E0,0.E0,0.E0));
#3445=DIRECTION('',(0.E0,0.E0,-1.E0));
#3446=AXIS2_PLACEMENT_3D('',#3443,#3444,#3445);
#3447=CYLINDRICAL_SURFACE('',#3446,1.E0);
#3448=ORIENTED_EDGE('',*,*,#3437,.T.);
#3449=ORIENTED_EDGE('',*,*,#3412,.T.);
#3450=ORIENTED_EDGE('',*,*,#3136,.F.);
#3451=ORIENTED_EDGE('',*,*,#3161,.T.);
#3452=EDGE_LOOP('',(#3448,#3449,#3450,#3451));
#3453=FACE_OUTER_BOUND('',#3452,.F.);
#3454=ADVANCED_FACE('',(#3453),#3447,.T.);
#3455=CARTESIAN_POINT('',(1.09E2,1.255224274635E1,-5.360541694162E2));
#3456=DIRECTION('',(0.E0,7.313537016192E-1,-6.819983600625E-1));
#3457=DIRECTION('',(0.E0,6.819983600625E-1,7.313537016192E-1));
#3458=AXIS2_PLACEMENT_3D('',#3455,#3456,#3457);
#3459=CYLINDRICAL_SURFACE('',#3458,5.E0);
#3460=ORIENTED_EDGE('',*,*,#3047,.F.);
#3461=ORIENTED_EDGE('',*,*,#3246,.T.);
#3462=ORIENTED_EDGE('',*,*,#2849,.F.);
#3463=ORIENTED_EDGE('',*,*,#2871,.T.);
#3464=EDGE_LOOP('',(#3460,#3461,#3462,#3463));
#3465=FACE_OUTER_BOUND('',#3464,.F.);
#3466=ADVANCED_FACE('',(#3465),#3459,.F.);
#3467=CARTESIAN_POINT('',(1.14E2,-2.999999975869E0,-5.530000000597E2));
#3468=DIRECTION('',(1.E0,0.E0,0.E0));
#3469=DIRECTION('',(0.E0,0.E0,-1.E0));
#3470=AXIS2_PLACEMENT_3D('',#3467,#3468,#3469);
#3471=CYLINDRICAL_SURFACE('',#3470,3.925E1);
#3472=ORIENTED_EDGE('',*,*,#1737,.F.);
#3474=ORIENTED_EDGE('',*,*,#3473,.F.);
#3475=ORIENTED_EDGE('',*,*,#1729,.F.);
#3477=ORIENTED_EDGE('',*,*,#3476,.F.);
#3478=ORIENTED_EDGE('',*,*,#1721,.F.);
#3479=ORIENTED_EDGE('',*,*,#2890,.T.);
#3480=ORIENTED_EDGE('',*,*,#1586,.F.);
#3482=ORIENTED_EDGE('',*,*,#3481,.F.);
#3483=EDGE_LOOP('',(#3472,#3474,#3475,#3477,#3478,#3479,#3480,#3482));
#3484=FACE_OUTER_BOUND('',#3483,.F.);
#3485=ADVANCED_FACE('',(#3484),#3471,.T.);
#3486=CARTESIAN_POINT('',(1.1488E2,-3.894485578094E1,-5.466582856896E2));
#3487=DIRECTION('',(-1.E0,0.E0,0.E0));
#3488=DIRECTION('',(0.E0,0.E0,1.E0));
#3489=AXIS2_PLACEMENT_3D('',#3486,#3487,#3488);
#3490=CONICAL_SURFACE('',#3489,2.48E0,4.5E1);
#3491=ORIENTED_EDGE('',*,*,#3473,.T.);
#3492=ORIENTED_EDGE('',*,*,#1735,.F.);
#3494=ORIENTED_EDGE('',*,*,#3493,.T.);
#3496=ORIENTED_EDGE('',*,*,#3495,.T.);
#3498=ORIENTED_EDGE('',*,*,#3497,.F.);
#3499=ORIENTED_EDGE('',*,*,#1731,.F.);
#3500=EDGE_LOOP('',(#3491,#3492,#3494,#3496,#3498,#3499));
#3501=FACE_OUTER_BOUND('',#3500,.F.);
#3502=ADVANCED_FACE('',(#3501),#3490,.F.);
#3503=CARTESIAN_POINT('',(1.1488E2,-3.894485578094E1,-5.466582856896E2));
#3504=DIRECTION('',(-1.E0,0.E0,0.E0));
#3505=DIRECTION('',(0.E0,0.E0,1.E0));
#3506=AXIS2_PLACEMENT_3D('',#3503,#3504,#3505);
#3507=CONICAL_SURFACE('',#3506,2.48E0,4.5E1);
#3508=ORIENTED_EDGE('',*,*,#1733,.F.);
#3509=ORIENTED_EDGE('',*,*,#3497,.T.);
#3511=ORIENTED_EDGE('',*,*,#3510,.T.);
#3512=ORIENTED_EDGE('',*,*,#3493,.F.);
#3513=EDGE_LOOP('',(#3508,#3509,#3511,#3512));
#3514=FACE_OUTER_BOUND('',#3513,.F.);
#3515=ADVANCED_FACE('',(#3514),#3507,.F.);
#3516=CARTESIAN_POINT('',(1.14E2,-3.894485578094E1,-5.466582856896E2));
#3517=DIRECTION('',(1.E0,0.E0,0.E0));
#3518=DIRECTION('',(0.E0,0.E0,-1.E0));
#3519=AXIS2_PLACEMENT_3D('',#3516,#3517,#3518);
#3520=CYLINDRICAL_SURFACE('',#3519,1.6E0);
#3521=ORIENTED_EDGE('',*,*,#1625,.F.);
#3523=ORIENTED_EDGE('',*,*,#3522,.T.);
#3524=ORIENTED_EDGE('',*,*,#3510,.F.);
#3526=ORIENTED_EDGE('',*,*,#3525,.F.);
#3527=EDGE_LOOP('',(#3521,#3523,#3524,#3526));
#3528=FACE_OUTER_BOUND('',#3527,.F.);
#3529=ADVANCED_FACE('',(#3528),#3520,.F.);
#3530=CARTESIAN_POINT('',(1.14E2,-3.894485578094E1,-5.466582856896E2));
#3531=DIRECTION('',(1.E0,0.E0,0.E0));
#3532=DIRECTION('',(0.E0,0.E0,-1.E0));
#3533=AXIS2_PLACEMENT_3D('',#3530,#3531,#3532);
#3534=CYLINDRICAL_SURFACE('',#3533,1.6E0);
#3535=ORIENTED_EDGE('',*,*,#1627,.F.);
#3536=ORIENTED_EDGE('',*,*,#3525,.T.);
#3537=ORIENTED_EDGE('',*,*,#3495,.F.);
#3538=ORIENTED_EDGE('',*,*,#3522,.F.);
#3539=EDGE_LOOP('',(#3535,#3536,#3537,#3538));
#3540=FACE_OUTER_BOUND('',#3539,.F.);
#3541=ADVANCED_FACE('',(#3540),#3534,.F.);
#3542=CARTESIAN_POINT('',(1.1488E2,-2.645898160275E1,-5.250370570632E2));
#3543=DIRECTION('',(-1.E0,0.E0,0.E0));
#3544=DIRECTION('',(0.E0,0.E0,1.E0));
#3545=AXIS2_PLACEMENT_3D('',#3542,#3543,#3544);
#3546=CONICAL_SURFACE('',#3545,2.48E0,4.5E1);
#3547=ORIENTED_EDGE('',*,*,#3476,.T.);
#3548=ORIENTED_EDGE('',*,*,#1727,.F.);
#3550=ORIENTED_EDGE('',*,*,#3549,.T.);
#3552=ORIENTED_EDGE('',*,*,#3551,.T.);
#3554=ORIENTED_EDGE('',*,*,#3553,.F.);
#3555=ORIENTED_EDGE('',*,*,#1723,.F.);
#3556=EDGE_LOOP('',(#3547,#3548,#3550,#3552,#3554,#3555));
#3557=FACE_OUTER_BOUND('',#3556,.F.);
#3558=ADVANCED_FACE('',(#3557),#3546,.F.);
#3559=CARTESIAN_POINT('',(1.1488E2,-2.645898160275E1,-5.250370570632E2));
#3560=DIRECTION('',(-1.E0,0.E0,0.E0));
#3561=DIRECTION('',(0.E0,0.E0,1.E0));
#3562=AXIS2_PLACEMENT_3D('',#3559,#3560,#3561);
#3563=CONICAL_SURFACE('',#3562,2.48E0,4.5E1);
#3564=ORIENTED_EDGE('',*,*,#1725,.F.);
#3565=ORIENTED_EDGE('',*,*,#3553,.T.);
#3567=ORIENTED_EDGE('',*,*,#3566,.T.);
#3568=ORIENTED_EDGE('',*,*,#3549,.F.);
#3569=EDGE_LOOP('',(#3564,#3565,#3567,#3568));
#3570=FACE_OUTER_BOUND('',#3569,.F.);
#3571=ADVANCED_FACE('',(#3570),#3563,.F.);
#3572=CARTESIAN_POINT('',(1.14E2,-2.645898160275E1,-5.250370570632E2));
#3573=DIRECTION('',(1.E0,0.E0,0.E0));
#3574=DIRECTION('',(0.E0,0.E0,-1.E0));
#3575=AXIS2_PLACEMENT_3D('',#3572,#3573,#3574);
#3576=CYLINDRICAL_SURFACE('',#3575,1.6E0);
#3577=ORIENTED_EDGE('',*,*,#1631,.F.);
#3579=ORIENTED_EDGE('',*,*,#3578,.T.);
#3580=ORIENTED_EDGE('',*,*,#3566,.F.);
#3582=ORIENTED_EDGE('',*,*,#3581,.F.);
#3583=EDGE_LOOP('',(#3577,#3579,#3580,#3582));
#3584=FACE_OUTER_BOUND('',#3583,.F.);
#3585=ADVANCED_FACE('',(#3584),#3576,.F.);
#3586=CARTESIAN_POINT('',(1.14E2,-2.645898160275E1,-5.250370570632E2));
#3587=DIRECTION('',(1.E0,0.E0,0.E0));
#3588=DIRECTION('',(0.E0,0.E0,-1.E0));
#3589=AXIS2_PLACEMENT_3D('',#3586,#3587,#3588);
#3590=CYLINDRICAL_SURFACE('',#3589,1.6E0);
#3591=ORIENTED_EDGE('',*,*,#1633,.F.);
#3592=ORIENTED_EDGE('',*,*,#3581,.T.);
#3593=ORIENTED_EDGE('',*,*,#3551,.F.);
#3594=ORIENTED_EDGE('',*,*,#3578,.F.);
#3595=EDGE_LOOP('',(#3591,#3592,#3593,#3594));
#3596=FACE_OUTER_BOUND('',#3595,.F.);
#3597=ADVANCED_FACE('',(#3596),#3590,.F.);
#3598=CARTESIAN_POINT('',(1.14E2,-4.613397563025E1,-5.498341440543E2));
#3599=DIRECTION('',(1.E0,0.E0,0.E0));
#3600=DIRECTION('',(0.E0,0.E0,-1.E0));
#3601=AXIS2_PLACEMENT_3D('',#3598,#3599,#3600);
#3602=CYLINDRICAL_SURFACE('',#3601,4.E0);
#3603=ORIENTED_EDGE('',*,*,#1584,.F.);
#3604=ORIENTED_EDGE('',*,*,#1645,.T.);
#3605=ORIENTED_EDGE('',*,*,#1739,.F.);
#3606=ORIENTED_EDGE('',*,*,#3481,.T.);
#3607=EDGE_LOOP('',(#3603,#3604,#3605,#3606));
#3608=FACE_OUTER_BOUND('',#3607,.F.);
#3609=ADVANCED_FACE('',(#3608),#3602,.F.);
#3610=CARTESIAN_POINT('',(1.17002E2,-4.761680661244E1,-5.597429680600E2));
#3611=DIRECTION('',(-1.E0,0.E0,0.E0));
#3612=DIRECTION('',(0.E0,0.E0,1.E0));
#3613=AXIS2_PLACEMENT_3D('',#3610,#3611,#3612);
#3614=CYLINDRICAL_SURFACE('',#3613,4.E0);
#3615=ORIENTED_EDGE('',*,*,#1615,.F.);
#3617=ORIENTED_EDGE('',*,*,#3616,.T.);
#3618=ORIENTED_EDGE('',*,*,#1742,.F.);
#3619=ORIENTED_EDGE('',*,*,#1648,.T.);
#3620=EDGE_LOOP('',(#3615,#3617,#3618,#3619));
#3621=FACE_OUTER_BOUND('',#3620,.F.);
#3622=ADVANCED_FACE('',(#3621),#3614,.T.);
#3623=CARTESIAN_POINT('',(1.17002E2,-5.138542561880E1,-5.615267207995E2));
#3624=DIRECTION('',(0.E0,9.878558019399E-1,1.553734680496E-1));
#3625=DIRECTION('',(0.E0,-1.553734680496E-1,9.878558019399E-1));
#3626=AXIS2_PLACEMENT_3D('',#3623,#3624,#3625);
#3627=PLANE('',#3626);
#3628=ORIENTED_EDGE('',*,*,#1613,.F.);
#3630=ORIENTED_EDGE('',*,*,#3629,.F.);
#3631=ORIENTED_EDGE('',*,*,#1744,.F.);
#3632=ORIENTED_EDGE('',*,*,#3616,.F.);
#3633=EDGE_LOOP('',(#3628,#3630,#3631,#3632));
#3634=FACE_OUTER_BOUND('',#3633,.F.);
#3635=ADVANCED_FACE('',(#3634),#3627,.F.);
#3636=CARTESIAN_POINT('',(1.17002E2,-4.726991740315E1,-5.619484702113E2));
#3637=DIRECTION('',(1.E0,0.E0,0.E0));
#3638=DIRECTION('',(0.E0,0.E0,-1.E0));
#3639=AXIS2_PLACEMENT_3D('',#3636,#3637,#3638);
#3640=CYLINDRICAL_SURFACE('',#3639,4.E0);
#3641=ORIENTED_EDGE('',*,*,#1611,.F.);
#3643=ORIENTED_EDGE('',*,*,#3642,.T.);
#3644=ORIENTED_EDGE('',*,*,#1746,.F.);
#3645=ORIENTED_EDGE('',*,*,#3629,.T.);
#3646=EDGE_LOOP('',(#3641,#3643,#3644,#3645));
#3647=FACE_OUTER_BOUND('',#3646,.F.);
#3648=ADVANCED_FACE('',(#3647),#3640,.T.);
#3649=CARTESIAN_POINT('',(1.17002E2,-4.519414590021E1,-5.662963156328E2));
#3650=DIRECTION('',(0.E0,-1.453349762775E-1,-9.893825067538E-1));
#3651=DIRECTION('',(0.E0,9.893825067538E-1,-1.453349762775E-1));
#3652=AXIS2_PLACEMENT_3D('',#3649,#3650,#3651);
#3653=PLANE('',#3652);
#3654=ORIENTED_EDGE('',*,*,#1609,.F.);
#3656=ORIENTED_EDGE('',*,*,#3655,.F.);
#3657=ORIENTED_EDGE('',*,*,#1748,.F.);
#3658=ORIENTED_EDGE('',*,*,#3642,.F.);
#3659=EDGE_LOOP('',(#3654,#3656,#3657,#3658));
#3660=FACE_OUTER_BOUND('',#3659,.F.);
#3661=ADVANCED_FACE('',(#3660),#3653,.T.);
#3662=CARTESIAN_POINT('',(1.14E2,-4.244279741406E1,-5.707433996846E2));
#3663=DIRECTION('',(1.E0,0.E0,0.E0));
#3664=DIRECTION('',(0.E0,0.E0,-1.E0));
#3665=AXIS2_PLACEMENT_3D('',#3662,#3663,#3664);
#3666=CYLINDRICAL_SURFACE('',#3665,4.E0);
#3667=ORIENTED_EDGE('',*,*,#1607,.F.);
#3668=ORIENTED_EDGE('',*,*,#1572,.T.);
#3669=ORIENTED_EDGE('',*,*,#1750,.F.);
#3670=ORIENTED_EDGE('',*,*,#3655,.T.);
#3671=EDGE_LOOP('',(#3667,#3668,#3669,#3670));
#3672=FACE_OUTER_BOUND('',#3671,.F.);
#3673=ADVANCED_FACE('',(#3672),#3666,.F.);
#3677=DIMENSIONAL_EXPONENTS(0.E0,0.E0,0.E0,0.E0,0.E0,0.E0,0.E0);
#3679=PLANE_ANGLE_MEASURE_WITH_UNIT(PLANE_ANGLE_MEASURE(1.745329251994E-2),
#3678);
#3680=(CONVERSION_BASED_UNIT('DEGREE',#3679)NAMED_UNIT(*)PLANE_ANGLE_UNIT());
#3682=UNCERTAINTY_MEASURE_WITH_UNIT(LENGTH_MEASURE(8.819191699983E-3),#3676,
'closure',
'Maximum model space distance between geometric entities at asserted connectivities');
#3683=(GEOMETRIC_REPRESENTATION_CONTEXT(3)GLOBAL_UNCERTAINTY_ASSIGNED_CONTEXT((
#3682))GLOBAL_UNIT_ASSIGNED_CONTEXT((#3676,#3680,#3681))REPRESENTATION_CONTEXT(
'ID1','3'));
#3685=APPLICATION_CONTEXT(
'CONFIGURATION CONTROLLED 3D DESIGNS OF MECHANICAL PARTS AND ASSEMBLIES');
#3686=APPLICATION_PROTOCOL_DEFINITION('international standard',
'config_control_design',1994,#3685);
#3687=DESIGN_CONTEXT('',#3685,'design');
#3688=MECHANICAL_CONTEXT('',#3685,'mechanical');
#3689=PRODUCT('KD-D-506L_ENDSTOP_80DEG_1','KD-D-506L_ENDSTOP_80DEG_1',
'NOT SPECIFIED',(#3688));
#3690=PRODUCT_DEFINITION_FORMATION_WITH_SPECIFIED_SOURCE('2','LAST_VERSION',
#3689,.MADE.);
#3694=PRODUCT_CATEGORY('part','');
#3695=PRODUCT_RELATED_PRODUCT_CATEGORY('detail','',(#3689));
#3696=PRODUCT_CATEGORY_RELATIONSHIP('','',#3694,#3695);
#3697=SECURITY_CLASSIFICATION_LEVEL('unclassified');
#3698=SECURITY_CLASSIFICATION('','',#3697);
#3699=CC_DESIGN_SECURITY_CLASSIFICATION(#3698,(#3690));
#3700=APPROVAL_STATUS('approved');
#3701=APPROVAL(#3700,'');
#3702=CC_DESIGN_APPROVAL(#3701,(#3698,#3690,#3691));
#3703=CALENDAR_DATE(125,12,7);
#3704=COORDINATED_UNIVERSAL_TIME_OFFSET(8,0,.AHEAD.);
#3705=LOCAL_TIME(16,34,8.E0,#3704);
#3706=DATE_AND_TIME(#3703,#3705);
#3707=APPROVAL_DATE_TIME(#3706,#3701);
#3708=DATE_TIME_ROLE('creation_date');
#3709=CC_DESIGN_DATE_AND_TIME_ASSIGNMENT(#3706,#3708,(#3691));
#3710=DATE_TIME_ROLE('classification_date');
#3711=CC_DESIGN_DATE_AND_TIME_ASSIGNMENT(#3706,#3710,(#3698));
#3712=PERSON('UNSPECIFIED','UNSPECIFIED',$,$,$,$);
#3713=ORGANIZATION('UNSPECIFIED','UNSPECIFIED','UNSPECIFIED');
#3714=PERSON_AND_ORGANIZATION(#3712,#3713);
#3715=APPROVAL_ROLE('approver');
#3716=APPROVAL_PERSON_ORGANIZATION(#3714,#3701,#3715);
#3717=PERSON_AND_ORGANIZATION_ROLE('creator');
#3718=CC_DESIGN_PERSON_AND_ORGANIZATION_ASSIGNMENT(#3714,#3717,(#3690,#3691));
#3719=PERSON_AND_ORGANIZATION_ROLE('design_supplier');
#3720=CC_DESIGN_PERSON_AND_ORGANIZATION_ASSIGNMENT(#3714,#3719,(#3690));
#3721=PERSON_AND_ORGANIZATION_ROLE('classification_officer');
#3722=CC_DESIGN_PERSON_AND_ORGANIZATION_ASSIGNMENT(#3714,#3721,(#3698));
#3723=PERSON_AND_ORGANIZATION_ROLE('design_owner');
#3724=CC_DESIGN_PERSON_AND_ORGANIZATION_ASSIGNMENT(#3714,#3723,(#3689));
#9=CIRCLE('',#8,4.E0);
#14=CIRCLE('',#13,3.925E1);
#19=CIRCLE('',#18,4.E0);
#24=CIRCLE('',#23,4.E0);
#33=CIRCLE('',#32,4.E0);
#38=CIRCLE('',#37,2.25E1);
#43=CIRCLE('',#42,4.E0);
#52=CIRCLE('',#51,4.E0);
#57=CIRCLE('',#56,4.E0);
#62=CIRCLE('',#61,3.925E1);
#67=CIRCLE('',#66,4.E0);
#76=CIRCLE('',#75,4.E0);
#85=CIRCLE('',#84,4.E0);
#90=CIRCLE('',#89,1.6E0);
#95=CIRCLE('',#94,1.6E0);
#100=CIRCLE('',#99,1.6E0);
#105=CIRCLE('',#104,1.6E0);
#110=CIRCLE('',#109,1.6E0);
#115=CIRCLE('',#114,1.6E0);
#120=CIRCLE('',#119,3.36E0);
#125=CIRCLE('',#124,3.36E0);
#130=CIRCLE('',#129,3.925E1);
#135=CIRCLE('',#134,4.E0);
#140=CIRCLE('',#139,4.E0);
#147=B_SPLINE_CURVE_WITH_KNOTS('',3,(#141,#142,#143,#144,#145,#146),
.UNSPECIFIED.,.F.,.F.,(4,1,1,4),(0.E0,2.380780850949E-1,6.190390425527E-1,1.E0),
.UNSPECIFIED.);
#156=CIRCLE('',#155,2.75E0);
#165=CIRCLE('',#164,1.75E0);
#170=CIRCLE('',#169,1.75E0);
#179=CIRCLE('',#178,1.75E0);
#188=CIRCLE('',#187,4.E0);
#193=CIRCLE('',#192,2.25E1);
#198=CIRCLE('',#197,4.E0);
#206=B_SPLINE_CURVE_WITH_KNOTS('',3,(#199,#200,#201,#202,#203,#204,#205),
.UNSPECIFIED.,.F.,.F.,(4,1,1,1,4),(0.E0,2.5E-1,5.E-1,7.5E-1,1.E0),
.UNSPECIFIED.);
#213=B_SPLINE_CURVE_WITH_KNOTS('',3,(#207,#208,#209,#210,#211,#212),
.UNSPECIFIED.,.F.,.F.,(4,1,1,4),(0.E0,9.525592804140E-2,5.476279640316E-1,1.E0),
.UNSPECIFIED.);
#222=CIRCLE('',#221,1.75E0);
#231=CIRCLE('',#230,1.75E0);
#236=CIRCLE('',#235,1.75E0);
#245=CIRCLE('',#244,2.75E0);
#254=CIRCLE('',#253,4.E0);
#259=CIRCLE('',#258,4.E0);
#264=CIRCLE('',#263,3.925E1);
#269=CIRCLE('',#268,3.36E0);
#274=CIRCLE('',#273,3.36E0);
#279=CIRCLE('',#278,3.36E0);
#284=CIRCLE('',#283,3.925E1);
#289=CIRCLE('',#288,3.36E0);
#294=CIRCLE('',#293,3.36E0);
#299=CIRCLE('',#298,3.36E0);
#304=CIRCLE('',#303,3.925E1);
#309=CIRCLE('',#308,4.E0);
#318=CIRCLE('',#317,4.E0);
#327=CIRCLE('',#326,4.E0);
#336=CIRCLE('',#335,4.E0);
#341=CIRCLE('',#340,3.925E1);
#346=CIRCLE('',#345,3.36E0);
#355=CIRCLE('',#354,1.6E0);
#366=B_SPLINE_CURVE_WITH_KNOTS('',3,(#356,#357,#358,#359,#360,#361,#362,#363,
#364,#365),.UNSPECIFIED.,.F.,.F.,(4,1,1,1,1,1,1,4),(0.E0,1.428571428571E-1,
2.857142857143E-1,4.285714285714E-1,5.714285714286E-1,7.142857142857E-1,
8.571428571429E-1,1.E0),.UNSPECIFIED.);
#375=CIRCLE('',#374,1.6E0);
#390=B_SPLINE_CURVE_WITH_KNOTS('',3,(#384,#385,#386,#387,#388,#389),
.UNSPECIFIED.,.F.,.F.,(4,1,1,4),(0.E0,3.333333333333E-1,6.666666666667E-1,1.E0),
.UNSPECIFIED.);
#411=B_SPLINE_CURVE_WITH_KNOTS('',3,(#399,#400,#401,#402,#403,#404,#405,#406,
#407,#408,#409,#410),.UNSPECIFIED.,.F.,.F.,(4,1,1,1,1,1,1,1,1,4),(0.E0,
1.111111111111E-1,2.222222222222E-1,3.333333333333E-1,4.444444444444E-1,
5.555555555556E-1,6.666666666667E-1,7.777777777778E-1,8.888888888889E-1,1.E0),
.UNSPECIFIED.);
#416=CIRCLE('',#415,5.E0);
#432=B_SPLINE_CURVE_WITH_KNOTS('',3,(#417,#418,#419,#420,#421,#422,#423,#424,
#425,#426,#427,#428,#429,#430,#431),.UNSPECIFIED.,.F.,.F.,(4,1,1,1,1,1,1,1,1,1,
1,1,4),(0.E0,8.333333333333E-2,1.666666666667E-1,2.5E-1,3.333333333333E-1,
4.166666666667E-1,5.E-1,5.833333333333E-1,6.666666666667E-1,7.5E-1,
8.333333333333E-1,9.166666666667E-1,1.E0),.UNSPECIFIED.);
#437=CIRCLE('',#436,7.5E-1);
#445=B_SPLINE_CURVE_WITH_KNOTS('',3,(#438,#439,#440,#441,#442,#443,#444),
.UNSPECIFIED.,.F.,.F.,(4,1,1,1,4),(0.E0,2.5E-1,5.E-1,7.5E-1,1.E0),
.UNSPECIFIED.);
#452=B_SPLINE_CURVE_WITH_KNOTS('',3,(#446,#447,#448,#449,#450,#451),
.UNSPECIFIED.,.F.,.F.,(4,1,1,4),(0.E0,3.333333333333E-1,6.666666666667E-1,1.E0),
.UNSPECIFIED.);
#474=B_SPLINE_CURVE_WITH_KNOTS('',3,(#457,#458,#459,#460,#461,#462,#463,#464,
#465,#466,#467,#468,#469,#470,#471,#472,#473),.UNSPECIFIED.,.F.,.F.,(4,1,1,1,1,
1,1,1,1,1,1,1,1,1,4),(0.E0,7.142857142857E-2,1.428571428571E-1,
2.142857142857E-1,2.857142857143E-1,3.571428571429E-1,4.285714285714E-1,5.E-1,
5.714285714286E-1,6.428571428571E-1,7.142857142857E-1,7.857142857143E-1,
8.571428571429E-1,9.285714285714E-1,1.E0),.UNSPECIFIED.);
#479=CIRCLE('',#478,7.5E-1);
#512=B_SPLINE_CURVE_WITH_KNOTS('',3,(#480,#481,#482,#483,#484,#485,#486,#487,
#488,#489,#490,#491,#492,#493,#494,#495,#496,#497,#498,#499,#500,#501,#502,#503,
#504,#505,#506,#507,#508,#509,#510,#511),.UNSPECIFIED.,.F.,.F.,(4,1,1,1,1,1,1,1,
1,1,1,1,1,1,1,1,1,1,1,1,1,1,1,1,1,1,1,1,1,4),(0.E0,3.448275862069E-2,
6.896551724138E-2,1.034482758621E-1,1.379310344828E-1,1.724137931034E-1,
2.068965517241E-1,2.413793103448E-1,2.758620689655E-1,3.103448275862E-1,
3.448275862069E-1,3.793103448276E-1,4.137931034483E-1,4.482758620690E-1,
4.827586206897E-1,5.172413793103E-1,5.517241379310E-1,5.862068965517E-1,
6.206896551724E-1,6.551724137931E-1,6.896551724138E-1,7.241379310345E-1,
7.586206896552E-1,7.931034482759E-1,8.275862068966E-1,8.620689655172E-1,
8.965517241379E-1,9.310344827586E-1,9.655172413793E-1,1.E0),.UNSPECIFIED.);
#517=CIRCLE('',#516,5.E0);
#524=B_SPLINE_CURVE_WITH_KNOTS('',3,(#518,#519,#520,#521,#522,#523),
.UNSPECIFIED.,.F.,.F.,(4,1,1,4),(0.E0,3.333333333333E-1,6.666666666667E-1,1.E0),
.UNSPECIFIED.);
#533=CIRCLE('',#532,7.5E-1);
#538=CIRCLE('',#537,1.E0);
#543=CIRCLE('',#542,7.5E-1);
#552=CIRCLE('',#551,7.5E-1);
#557=CIRCLE('',#556,1.E0);
#562=CIRCLE('',#561,1.E0);
#567=CIRCLE('',#566,7.5E-1);
#576=CIRCLE('',#575,7.5E-1);
#581=CIRCLE('',#580,2.E0);
#586=CIRCLE('',#585,7.5E-1);
#607=CIRCLE('',#606,5.000000000210E-1);
#616=CIRCLE('',#615,1.499999999990E0);
#625=CIRCLE('',#624,1.499999999998E0);
#634=CIRCLE('',#633,1.499999999999E0);
#643=CIRCLE('',#642,5.000000000222E-1);
#672=CIRCLE('',#671,2.E0);
#691=B_SPLINE_CURVE_WITH_KNOTS('',3,(#677,#678,#679,#680,#681,#682,#683,#684,
#685,#686,#687,#688,#689,#690),.UNSPECIFIED.,.F.,.F.,(4,1,1,1,1,1,1,1,1,1,1,4),(
0.E0,9.090909090909E-2,1.818181818182E-1,2.727272727273E-1,3.636363636364E-1,
4.545454545455E-1,5.454545454545E-1,6.363636363636E-1,7.272727272727E-1,
8.181818181818E-1,9.090909090909E-1,1.E0),.UNSPECIFIED.);
#712=CIRCLE('',#711,2.E0);
#729=CIRCLE('',#728,1.E0);
#746=CIRCLE('',#745,1.E0);
#771=CIRCLE('',#770,2.E0);
#794=B_SPLINE_CURVE_WITH_KNOTS('',3,(#788,#789,#790,#791,#792,#793),
.UNSPECIFIED.,.F.,.F.,(4,1,1,4),(0.E0,3.333333333333E-1,6.666666666667E-1,1.E0),
.UNSPECIFIED.);
#812=B_SPLINE_CURVE_WITH_KNOTS('',3,(#803,#804,#805,#806,#807,#808,#809,#810,
#811),.UNSPECIFIED.,.F.,.F.,(4,1,1,1,1,1,4),(0.E0,1.666666666667E-1,
3.333333333333E-1,5.E-1,6.666666666667E-1,8.333333333333E-1,1.E0),
.UNSPECIFIED.);
#817=CIRCLE('',#816,5.E0);
#822=CIRCLE('',#821,7.5E-1);
#829=B_SPLINE_CURVE_WITH_KNOTS('',3,(#823,#824,#825,#826,#827,#828),
.UNSPECIFIED.,.F.,.F.,(4,1,1,4),(0.E0,3.333333333333E-1,6.666666666667E-1,1.E0),
.UNSPECIFIED.);
#845=B_SPLINE_CURVE_WITH_KNOTS('',3,(#834,#835,#836,#837,#838,#839,#840,#841,
#842,#843,#844),.UNSPECIFIED.,.F.,.F.,(4,1,1,1,1,1,1,1,4),(0.E0,1.25E-1,2.5E-1,
3.75E-1,5.E-1,6.25E-1,7.5E-1,8.75E-1,1.E0),.UNSPECIFIED.);
#850=CIRCLE('',#849,7.5E-1);
#864=B_SPLINE_CURVE_WITH_KNOTS('',3,(#851,#852,#853,#854,#855,#856,#857,#858,
#859,#860,#861,#862,#863),.UNSPECIFIED.,.F.,.F.,(4,1,1,1,1,1,1,1,1,1,4),(0.E0,
1.E-1,2.E-1,3.E-1,4.E-1,5.E-1,6.E-1,7.E-1,8.E-1,9.E-1,1.E0),.UNSPECIFIED.);
#869=CIRCLE('',#868,5.E0);
#881=B_SPLINE_CURVE_WITH_KNOTS('',3,(#870,#871,#872,#873,#874,#875,#876,#877,
#878,#879,#880),.UNSPECIFIED.,.F.,.F.,(4,1,1,1,1,1,1,1,4),(0.E0,1.25E-1,2.5E-1,
3.75E-1,5.E-1,6.25E-1,7.5E-1,8.75E-1,1.E0),.UNSPECIFIED.);
#890=CIRCLE('',#889,7.5E-1);
#895=CIRCLE('',#894,2.E0);
#900=CIRCLE('',#899,7.5E-1);
#909=CIRCLE('',#908,7.5E-1);
#914=CIRCLE('',#913,7.5E-1);
#919=CIRCLE('',#918,1.E0);
#924=CIRCLE('',#923,1.E0);
#933=CIRCLE('',#932,7.5E-1);
#938=CIRCLE('',#937,7.5E-1);
#943=CIRCLE('',#942,1.E0);
#960=CIRCLE('',#959,1.5E0);
#969=CIRCLE('',#968,1.500000000013E0);
#978=CIRCLE('',#977,1.500000000002E0);
#987=CIRCLE('',#986,5.000000000244E-1);
#996=CIRCLE('',#995,5.000000000284E-1);
#1009=CIRCLE('',#1008,2.E0);
#1030=B_SPLINE_CURVE_WITH_KNOTS('',3,(#1014,#1015,#1016,#1017,#1018,#1019,#1020,
#1021,#1022,#1023,#1024,#1025,#1026,#1027,#1028,#1029),.UNSPECIFIED.,.F.,.F.,(4,
1,1,1,1,1,1,1,1,1,1,1,1,4),(0.E0,1.249999999946E-1,2.499999999953E-1,
3.749999999958E-1,4.374999999961E-1,4.999999999963E-1,5.624999999966E-1,
6.249999999969E-1,6.874999999971E-1,7.499999999974E-1,8.124999999976E-1,
8.749999999979E-1,9.374999999982E-1,1.E0),.UNSPECIFIED.);
#1051=CIRCLE('',#1050,2.E0);
#1074=B_SPLINE_CURVE_WITH_KNOTS('',3,(#1056,#1057,#1058,#1059,#1060,#1061,#1062,
#1063,#1064,#1065,#1066,#1067,#1068,#1069,#1070,#1071,#1072,#1073),
.UNSPECIFIED.,.F.,.F.,(4,1,1,1,1,1,1,1,1,1,1,1,1,1,1,4),(0.E0,6.666666666667E-2,
1.333333333333E-1,2.E-1,2.666666666667E-1,3.333333333333E-1,4.E-1,
4.666666666667E-1,5.333333333333E-1,6.E-1,6.666666666667E-1,7.333333333333E-1,
8.E-1,8.666666666667E-1,9.333333333333E-1,1.E0),.UNSPECIFIED.);
#1095=CIRCLE('',#1094,2.E0);
#1120=CIRCLE('',#1119,1.E0);
#1145=CIRCLE('',#1144,1.E0);
#1176=B_SPLINE_CURVE_WITH_KNOTS('',3,(#1166,#1167,#1168,#1169,#1170,#1171,#1172,
#1173,#1174,#1175),.UNSPECIFIED.,.F.,.F.,(4,1,1,1,1,1,1,4),(0.E0,
1.428571428571E-1,2.857142857143E-1,4.285714285714E-1,5.714285714286E-1,
7.142857142857E-1,8.571428571429E-1,1.E0),.UNSPECIFIED.);
#1185=CIRCLE('',#1184,1.6E0);
#1194=CIRCLE('',#1193,1.6E0);
#1213=B_SPLINE_CURVE_WITH_KNOTS('',3,(#1203,#1204,#1205,#1206,#1207,#1208,#1209,
#1210,#1211,#1212),.UNSPECIFIED.,.F.,.F.,(4,1,1,1,1,1,1,4),(0.E0,
1.428571428571E-1,2.857142857143E-1,4.285714285714E-1,5.714285714286E-1,
7.142857142857E-1,8.571428571429E-1,1.E0),.UNSPECIFIED.);
#1222=CIRCLE('',#1221,1.6E0);
#1231=CIRCLE('',#1230,1.6E0);
#1562=EDGE_CURVE('',#1274,#1275,#62,.T.);
#1564=EDGE_CURVE('',#1277,#1274,#394,.T.);
#1566=EDGE_CURVE('',#1279,#1277,#130,.T.);
#1568=EDGE_CURVE('',#1280,#1279,#366,.T.);
#1570=EDGE_CURVE('',#1282,#1280,#341,.T.);
#1572=EDGE_CURVE('',#1275,#1282,#1267,.T.);
#1582=EDGE_CURVE('',#1285,#1286,#4,.T.);
#1584=EDGE_CURVE('',#1286,#1288,#9,.T.);
#1586=EDGE_CURVE('',#1288,#1290,#14,.T.);
#1588=EDGE_CURVE('',#1290,#1293,#19,.T.);
#1590=EDGE_CURVE('',#1293,#1294,#24,.T.);
#1592=EDGE_CURVE('',#1294,#1296,#28,.T.);
#1594=EDGE_CURVE('',#1296,#1298,#33,.T.);
#1596=EDGE_CURVE('',#1298,#1300,#38,.T.);
#1598=EDGE_CURVE('',#1300,#1302,#43,.T.);
#1600=EDGE_CURVE('',#1302,#1304,#47,.T.);
#1602=EDGE_CURVE('',#1304,#1306,#52,.T.);
#1604=EDGE_CURVE('',#1306,#1274,#57,.T.);
#1607=EDGE_CURVE('',#1275,#1308,#67,.T.);
#1609=EDGE_CURVE('',#1308,#1310,#71,.T.);
#1611=EDGE_CURVE('',#1310,#1312,#76,.T.);
#1613=EDGE_CURVE('',#1312,#1314,#80,.T.);
#1615=EDGE_CURVE('',#1314,#1285,#85,.T.);
#1619=EDGE_CURVE('',#1317,#1318,#90,.T.);
#1621=EDGE_CURVE('',#1318,#1317,#95,.T.);
#1625=EDGE_CURVE('',#1321,#1322,#100,.T.);
#1627=EDGE_CURVE('',#1322,#1321,#105,.T.);
#1631=EDGE_CURVE('',#1325,#1326,#110,.T.);
#1633=EDGE_CURVE('',#1326,#1325,#115,.T.);
#1643=EDGE_CURVE('',#1329,#1330,#313,.T.);
#1645=EDGE_CURVE('',#1286,#1329,#1243,.T.);
#1648=EDGE_CURVE('',#1330,#1285,#1255,.T.);
#1658=EDGE_CURVE('',#1333,#1334,#120,.T.);
#1660=EDGE_CURVE('',#1334,#1279,#125,.T.);
#1663=EDGE_CURVE('',#1277,#1336,#135,.T.);
#1665=EDGE_CURVE('',#1336,#1338,#140,.T.);
#1667=EDGE_CURVE('',#1339,#1338,#445,.T.);
#1669=EDGE_CURVE('',#1339,#1340,#147,.T.);
#1671=EDGE_CURVE('',#1340,#1342,#151,.T.);
#1673=EDGE_CURVE('',#1342,#1344,#156,.T.);
#1675=EDGE_CURVE('',#1344,#1346,#160,.T.);
#1677=EDGE_CURVE('',#1346,#1349,#165,.T.);
#1679=EDGE_CURVE('',#1349,#1350,#170,.T.);
#1681=EDGE_CURVE('',#1350,#1352,#174,.T.);
#1683=EDGE_CURVE('',#1352,#1354,#179,.T.);
#1685=EDGE_CURVE('',#1354,#1356,#183,.T.);
#1687=EDGE_CURVE('',#1357,#1356,#474,.T.);
#1689=EDGE_CURVE('',#1357,#1359,#188,.T.);
#1691=EDGE_CURVE('',#1359,#1361,#193,.T.);
#1693=EDGE_CURVE('',#1361,#1363,#198,.T.);
#1695=EDGE_CURVE('',#1363,#1364,#206,.T.);
#1697=EDGE_CURVE('',#1364,#1365,#213,.T.);
#1699=EDGE_CURVE('',#1365,#1367,#217,.T.);
#1701=EDGE_CURVE('',#1367,#1369,#222,.T.);
#1703=EDGE_CURVE('',#1369,#1371,#226,.T.);
#1705=EDGE_CURVE('',#1371,#1373,#231,.T.);
#1707=EDGE_CURVE('',#1373,#1375,#236,.T.);
#1709=EDGE_CURVE('',#1375,#1377,#240,.T.);
#1711=EDGE_CURVE('',#1377,#1379,#245,.T.);
#1713=EDGE_CURVE('',#1379,#1381,#249,.T.);
#1715=EDGE_CURVE('',#1382,#1381,#845,.T.);
#1717=EDGE_CURVE('',#1382,#1385,#254,.T.);
#1719=EDGE_CURVE('',#1385,#1386,#259,.T.);
#1721=EDGE_CURVE('',#1386,#1388,#264,.T.);
#1723=EDGE_CURVE('',#1388,#1390,#269,.T.);
#1725=EDGE_CURVE('',#1390,#1392,#274,.T.);
#1727=EDGE_CURVE('',#1392,#1394,#279,.T.);
#1729=EDGE_CURVE('',#1394,#1396,#284,.T.);
#1731=EDGE_CURVE('',#1396,#1398,#289,.T.);
#1733=EDGE_CURVE('',#1398,#1400,#294,.T.);
#1735=EDGE_CURVE('',#1400,#1402,#299,.T.);
#1737=EDGE_CURVE('',#1402,#1404,#304,.T.);
#1739=EDGE_CURVE('',#1404,#1329,#309,.T.);
#1742=EDGE_CURVE('',#1330,#1406,#318,.T.);
#1744=EDGE_CURVE('',#1406,#1408,#322,.T.);
#1746=EDGE_CURVE('',#1408,#1410,#327,.T.);
#1748=EDGE_CURVE('',#1410,#1412,#331,.T.);
#1750=EDGE_CURVE('',#1412,#1282,#336,.T.);
#1753=EDGE_CURVE('',#1280,#1333,#346,.T.);
#1764=EDGE_CURVE('',#1333,#1414,#350,.T.);
#1766=EDGE_CURVE('',#1414,#1416,#355,.T.);
#1768=EDGE_CURVE('',#1334,#1416,#370,.T.);
#1781=EDGE_CURVE('',#1416,#1414,#375,.T.);
#1794=EDGE_CURVE('',#1318,#1414,#379,.T.);
#1797=EDGE_CURVE('',#1317,#1416,#383,.T.);
#1819=EDGE_CURVE('',#1417,#1338,#390,.T.);
#1826=EDGE_CURVE('',#1304,#1417,#398,.T.);
#2024=EDGE_CURVE('',#1417,#1418,#411,.T.);
#2026=EDGE_CURVE('',#1418,#1420,#416,.T.);
#2028=EDGE_CURVE('',#1421,#1420,#691,.T.);
#2030=EDGE_CURVE('',#1421,#1422,#432,.T.);
#2032=EDGE_CURVE('',#1422,#1340,#437,.T.);
#2046=EDGE_CURVE('',#1424,#1302,#456,.T.);
#2048=EDGE_CURVE('',#1425,#1424,#524,.T.);
#2050=EDGE_CURVE('',#1418,#1425,#703,.T.);
#2063=EDGE_CURVE('',#1357,#1424,#452,.T.);
#2067=EDGE_CURVE('',#1359,#1300,#787,.T.);
#2218=EDGE_CURVE('',#1356,#1427,#479,.T.);
#2220=EDGE_CURVE('',#1427,#1428,#512,.T.);
#2222=EDGE_CURVE('',#1428,#1425,#517,.T.);
#2234=EDGE_CURVE('',#1430,#1354,#543,.T.);
#2236=EDGE_CURVE('',#1430,#1427,#528,.T.);
#2248=EDGE_CURVE('',#1352,#1432,#533,.T.);
#2250=EDGE_CURVE('',#1432,#1430,#538,.T.);
#2262=EDGE_CURVE('',#1434,#1350,#567,.T.);
#2264=EDGE_CURVE('',#1434,#1432,#547,.T.);
#2276=EDGE_CURVE('',#1346,#1436,#552,.T.);
#2278=EDGE_CURVE('',#1436,#1438,#557,.T.);
#2280=EDGE_CURVE('',#1438,#1434,#562,.T.);
#2293=EDGE_CURVE('',#1440,#1344,#586,.T.);
#2295=EDGE_CURVE('',#1440,#1436,#571,.T.);
#2307=EDGE_CURVE('',#1342,#1442,#576,.T.);
#2309=EDGE_CURVE('',#1442,#1440,#581,.T.);
#2324=EDGE_CURVE('',#1422,#1442,#590,.T.);
#2334=EDGE_CURVE('',#1504,#1508,#594,.T.);
#2336=EDGE_CURVE('',#1442,#1508,#779,.T.);
#2339=EDGE_CURVE('',#1504,#1422,#676,.T.);
#2349=EDGE_CURVE('',#1502,#1506,#620,.T.);
#2351=EDGE_CURVE('',#1506,#1508,#783,.T.);
#2354=EDGE_CURVE('',#1502,#1504,#598,.T.);
#2364=EDGE_CURVE('',#1479,#1480,#602,.T.);
#2366=EDGE_CURVE('',#1514,#1479,#607,.T.);
#2368=EDGE_CURVE('',#1510,#1514,#611,.T.);
#2370=EDGE_CURVE('',#1506,#1510,#616,.T.);
#2373=EDGE_CURVE('',#1498,#1502,#625,.T.);
#2375=EDGE_CURVE('',#1494,#1498,#629,.T.);
#2377=EDGE_CURVE('',#1490,#1494,#634,.T.);
#2379=EDGE_CURVE('',#1486,#1490,#638,.T.);
#2381=EDGE_CURVE('',#1480,#1486,#643,.T.);
#2392=EDGE_CURVE('',#1480,#1484,#651,.T.);
#2394=EDGE_CURVE('',#1483,#1484,#741,.T.);
#2396=EDGE_CURVE('',#1479,#1483,#647,.T.);
#2407=EDGE_CURVE('',#1486,#1488,#655,.T.);
#2409=EDGE_CURVE('',#1484,#1488,#729,.T.);
#2421=EDGE_CURVE('',#1490,#1492,#659,.T.);
#2423=EDGE_CURVE('',#1488,#1492,#724,.T.);
#2435=EDGE_CURVE('',#1494,#1496,#663,.T.);
#2437=EDGE_CURVE('',#1492,#1496,#712,.T.);
#2449=EDGE_CURVE('',#1498,#1500,#667,.T.);
#2451=EDGE_CURVE('',#1496,#1500,#699,.T.);
#2464=EDGE_CURVE('',#1500,#1504,#672,.T.);
#2479=EDGE_CURVE('',#1420,#1500,#695,.T.);
#2491=EDGE_CURVE('',#1428,#1420,#707,.T.);
#2493=EDGE_CURVE('',#1496,#1428,#716,.T.);
#2518=EDGE_CURVE('',#1427,#1492,#720,.T.);
#2531=EDGE_CURVE('',#1488,#1430,#733,.T.);
#2544=EDGE_CURVE('',#1432,#1484,#737,.T.);
#2557=EDGE_CURVE('',#1483,#1434,#750,.T.);
#2567=EDGE_CURVE('',#1516,#1483,#746,.T.);
#2572=EDGE_CURVE('',#1436,#1516,#754,.T.);
#2585=EDGE_CURVE('',#1514,#1516,#758,.T.);
#2597=EDGE_CURVE('',#1512,#1516,#766,.T.);
#2599=EDGE_CURVE('',#1510,#1512,#762,.T.);
#2612=EDGE_CURVE('',#1512,#1440,#775,.T.);
#2622=EDGE_CURVE('',#1508,#1512,#771,.T.);
#2650=EDGE_CURVE('',#1361,#1298,#798,.T.);
#2660=EDGE_CURVE('',#1443,#1363,#794,.T.);
#2665=EDGE_CURVE('',#1296,#1443,#802,.T.);
#2847=EDGE_CURVE('',#1443,#1444,#812,.T.);
#2849=EDGE_CURVE('',#1444,#1446,#817,.T.);
#2851=EDGE_CURVE('',#1447,#1446,#1030,.T.);
#2853=EDGE_CURVE('',#1447,#1365,#822,.T.);
#2867=EDGE_CURVE('',#1449,#1294,#833,.T.);
#2869=EDGE_CURVE('',#1450,#1449,#881,.T.);
#2871=EDGE_CURVE('',#1444,#1450,#1161,.T.);
#2885=EDGE_CURVE('',#1382,#1449,#829,.T.);
#2890=EDGE_CURVE('',#1386,#1290,#1165,.T.);
#3041=EDGE_CURVE('',#1381,#1452,#850,.T.);
#3043=EDGE_CURVE('',#1452,#1453,#864,.T.);
#3045=EDGE_CURVE('',#1454,#1453,#1074,.T.);
#3047=EDGE_CURVE('',#1454,#1450,#869,.T.);
#3059=EDGE_CURVE('',#1456,#1379,#900,.T.);
#3061=EDGE_CURVE('',#1456,#1452,#885,.T.);
#3073=EDGE_CURVE('',#1377,#1458,#890,.T.);
#3075=EDGE_CURVE('',#1458,#1456,#895,.T.);
#3089=EDGE_CURVE('',#1460,#1375,#909,.T.);
#3091=EDGE_CURVE('',#1460,#1458,#904,.T.);
#3104=EDGE_CURVE('',#1371,#1462,#914,.T.);
#3106=EDGE_CURVE('',#1462,#1464,#919,.T.);
#3108=EDGE_CURVE('',#1464,#1460,#924,.T.);
#3120=EDGE_CURVE('',#1466,#1369,#933,.T.);
#3122=EDGE_CURVE('',#1466,#1462,#928,.T.);
#3134=EDGE_CURVE('',#1367,#1468,#938,.T.);
#3136=EDGE_CURVE('',#1468,#1466,#943,.T.);
#3147=EDGE_CURVE('',#1447,#1468,#947,.T.);
#3159=EDGE_CURVE('',#1524,#1528,#951,.T.);
#3161=EDGE_CURVE('',#1468,#1528,#1153,.T.);
#3164=EDGE_CURVE('',#1524,#1447,#1013,.T.);
#3174=EDGE_CURVE('',#1520,#1526,#1000,.T.);
#3176=EDGE_CURVE('',#1526,#1528,#1140,.T.);
#3179=EDGE_CURVE('',#1520,#1524,#955,.T.);
#3189=EDGE_CURVE('',#1519,#1520,#960,.T.);
#3191=EDGE_CURVE('',#1554,#1519,#964,.T.);
#3193=EDGE_CURVE('',#1550,#1554,#969,.T.);
#3195=EDGE_CURVE('',#1546,#1550,#973,.T.);
#3197=EDGE_CURVE('',#1542,#1546,#978,.T.);
#3199=EDGE_CURVE('',#1538,#1542,#982,.T.);
#3201=EDGE_CURVE('',#1534,#1538,#987,.T.);
#3203=EDGE_CURVE('',#1530,#1534,#991,.T.);
#3205=EDGE_CURVE('',#1526,#1530,#996,.T.);
#3218=EDGE_CURVE('',#1523,#1524,#1009,.T.);
#3220=EDGE_CURVE('',#1519,#1523,#1004,.T.);
#3233=EDGE_CURVE('',#1446,#1523,#1034,.T.);
#3243=EDGE_CURVE('',#1556,#1523,#1038,.T.);
#3246=EDGE_CURVE('',#1454,#1446,#1157,.T.);
#3248=EDGE_CURVE('',#1556,#1454,#1055,.T.);
#3261=EDGE_CURVE('',#1554,#1556,#1042,.T.);
#3273=EDGE_CURVE('',#1552,#1556,#1051,.T.);
#3275=EDGE_CURVE('',#1550,#1552,#1046,.T.);
#3289=EDGE_CURVE('',#1452,#1552,#1078,.T.);
#3299=EDGE_CURVE('',#1548,#1552,#1082,.T.);
#3303=EDGE_CURVE('',#1548,#1456,#1099,.T.);
#3316=EDGE_CURVE('',#1546,#1548,#1086,.T.);
#3328=EDGE_CURVE('',#1544,#1548,#1095,.T.);
#3330=EDGE_CURVE('',#1542,#1544,#1090,.T.);
#3343=EDGE_CURVE('',#1458,#1544,#1103,.T.);
#3353=EDGE_CURVE('',#1540,#1544,#1107,.T.);
#3357=EDGE_CURVE('',#1540,#1460,#1124,.T.);
#3370=EDGE_CURVE('',#1538,#1540,#1111,.T.);
#3382=EDGE_CURVE('',#1536,#1540,#1120,.T.);
#3384=EDGE_CURVE('',#1534,#1536,#1115,.T.);
#3398=EDGE_CURVE('',#1462,#1536,#1128,.T.);
#3408=EDGE_CURVE('',#1532,#1536,#1132,.T.);
#3412=EDGE_CURVE('',#1532,#1466,#1149,.T.);
#3425=EDGE_CURVE('',#1530,#1532,#1136,.T.);
#3437=EDGE_CURVE('',#1528,#1532,#1145,.T.);
#3473=EDGE_CURVE('',#1396,#1402,#1176,.T.);
#3476=EDGE_CURVE('',#1388,#1394,#1213,.T.);
#3481=EDGE_CURVE('',#1404,#1288,#1247,.T.);
#3493=EDGE_CURVE('',#1400,#1470,#1180,.T.);
#3495=EDGE_CURVE('',#1470,#1472,#1185,.T.);
#3497=EDGE_CURVE('',#1398,#1472,#1189,.T.);
#3510=EDGE_CURVE('',#1472,#1470,#1194,.T.);
#3522=EDGE_CURVE('',#1321,#1470,#1198,.T.);
#3525=EDGE_CURVE('',#1322,#1472,#1202,.T.);
#3549=EDGE_CURVE('',#1392,#1474,#1217,.T.);
#3551=EDGE_CURVE('',#1474,#1476,#1222,.T.);
#3553=EDGE_CURVE('',#1390,#1476,#1226,.T.);
#3566=EDGE_CURVE('',#1476,#1474,#1231,.T.);
#3578=EDGE_CURVE('',#1325,#1474,#1235,.T.);
#3581=EDGE_CURVE('',#1326,#1476,#1239,.T.);
#3616=EDGE_CURVE('',#1314,#1406,#1251,.T.);
#3629=EDGE_CURVE('',#1408,#1312,#1263,.T.);
#3642=EDGE_CURVE('',#1310,#1410,#1259,.T.);
#3655=EDGE_CURVE('',#1412,#1308,#1271,.T.);
#3674=CLOSED_SHELL('',(#1576,#1637,#1652,#1757,#1772,#1787,#1801,#1813,#1830,
#2039,#2056,#2071,#2228,#2242,#2256,#2270,#2287,#2301,#2315,#2328,#2343,#2358,
#2385,#2400,#2414,#2428,#2442,#2456,#2469,#2483,#2497,#2509,#2522,#2535,#2548,
#2561,#2576,#2589,#2603,#2616,#2629,#2641,#2654,#2669,#2860,#2877,#2894,#3053,
#3067,#3081,#3095,#3112,#3126,#3140,#3153,#3168,#3183,#3210,#3224,#3237,#3252,
#3265,#3279,#3293,#3307,#3320,#3334,#3347,#3361,#3374,#3388,#3402,#3416,#3429,
#3442,#3454,#3466,#3485,#3502,#3515,#3529,#3541,#3558,#3571,#3585,#3597,#3609,
#3622,#3635,#3648,#3661,#3673));
#3675=MANIFOLD_SOLID_BREP('',#3674);
#3676=(LENGTH_UNIT()NAMED_UNIT(*)SI_UNIT(.MILLI.,.METRE.));
#3678=(NAMED_UNIT(*)PLANE_ANGLE_UNIT()SI_UNIT($,.RADIAN.));
#3681=(NAMED_UNIT(*)SI_UNIT($,.STERADIAN.)SOLID_ANGLE_UNIT());
#3684=ADVANCED_BREP_SHAPE_REPRESENTATION('',(#3675),#3683);
#3691=PRODUCT_DEFINITION('design','',#3690,#3687);
#3692=PRODUCT_DEFINITION_SHAPE('','SHAPE FOR KD-D-506L_ENDSTOP_80DEG_1.',#3691);
#3693=SHAPE_DEFINITION_REPRESENTATION(#3692,#3684);
ENDSEC;
END-ISO-10303-21;
