ISO-10303-21;
HEADER;
FILE_DESCRIPTION((''),'2;1');
FILE_NAME('KD-D-403L_LEG-SHIN_COVER_1','2025-07-13T10:12:00',('Administrator'),(
''),'CREO PARAMETRIC BY PTC INC, 2022073','CREO PARAMETRIC BY PTC INC, 2022073',
'');
FILE_SCHEMA(('CONFIG_CONTROL_DESIGN'));
ENDSEC;
DATA;
#1=DIRECTION('',(-1.E0,2.834050454632E-12,-9.257356785903E-13));
#2=VECTOR('',#1,3.5E0);
#3=CARTESIAN_POINT('',(1.632E2,5.374790778149E1,-4.780971971067E2));
#4=LINE('',#3,#2);
#5=DIRECTION('',(-1.E0,-3.565503448045E-11,-9.185896487908E-11));
#6=VECTOR('',#5,2.5E-1);
#7=CARTESIAN_POINT('',(1.6345E2,2.877193443723E1,-4.555777014725E2));
#8=LINE('',#7,#6);
#9=DIRECTION('',(-1.E0,7.180744887520E-12,5.934452929010E-12));
#10=VECTOR('',#9,2.500000000025E0);
#11=CARTESIAN_POINT('',(1.632E2,2.877193443722E1,-4.555777014725E2));
#12=LINE('',#11,#10);
#13=CARTESIAN_POINT('',(1.617002230740E2,5.156555580599E1,-4.762268894162E2));
#14=CARTESIAN_POINT('',(1.617002230740E2,5.153636762356E1,-4.763002325307E2));
#15=CARTESIAN_POINT('',(1.616853294807E2,5.149288191601E1,-4.764524395452E2));
#16=CARTESIAN_POINT('',(1.615776963342E2,5.149601283825E1,-4.767425045702E2));
#17=CARTESIAN_POINT('',(1.614462261064E2,5.155337977541E1,-4.769605242767E2));
#18=CARTESIAN_POINT('',(1.612224085541E2,5.169697534296E1,-4.772147252034E2));
#19=CARTESIAN_POINT('',(1.610115861080E2,5.186113447099E1,-4.773806658462E2));
#20=CARTESIAN_POINT('',(1.608094071294E2,5.203941526891E1,-4.774904590334E2));
#21=CARTESIAN_POINT('',(1.607E2,5.214304242460E1,-4.775295075757E2));
#23=CARTESIAN_POINT('',(1.607E2,6.687860489825E1,-4.384242213107E2));
#24=DIRECTION('',(-1.E0,0.E0,0.E0));
#25=DIRECTION('',(0.E0,-3.526142048163E-1,-9.357687869136E-1));
#26=AXIS2_PLACEMENT_3D('',#23,#24,#25);
#28=DIRECTION('',(9.999811994898E-1,2.172303132460E-3,5.734262460852E-3));
#29=VECTOR('',#28,1.499805123100E0);
#30=CARTESIAN_POINT('',(1.617002230740E2,5.156555580599E1,-4.762268894162E2));
#31=LINE('',#30,#29);
#32=DIRECTION('',(-1.E0,-1.239186531166E-11,4.570210876409E-12));
#33=VECTOR('',#32,2.5E0);
#34=CARTESIAN_POINT('',(1.632E2,5.214304242463E1,-4.775295075757E2));
#35=LINE('',#34,#33);
#36=DIRECTION('',(0.E0,9.118724396706E-1,4.104736943693E-1));
#37=VECTOR('',#36,2.051594692038E0);
#38=CARTESIAN_POINT('',(1.617E2,2.968380687690E1,-4.551672277781E2));
#39=LINE('',#38,#37);
#40=CARTESIAN_POINT('',(1.617E2,3.237554692250E1,-4.561488470049E2));
#41=DIRECTION('',(-1.E0,0.E0,0.E0));
#42=DIRECTION('',(0.E0,-4.104736941082E-1,9.118724397881E-1));
#43=AXIS2_PLACEMENT_3D('',#40,#41,#42);
#45=CARTESIAN_POINT('',(1.617E2,3.237554692250E1,-4.561488470049E2));
#46=DIRECTION('',(-1.E0,0.E0,0.E0));
#47=DIRECTION('',(0.E0,0.E0,1.E0));
#48=AXIS2_PLACEMENT_3D('',#45,#46,#47);
#50=CARTESIAN_POINT('',(1.617E2,6.687860489825E1,-4.384242213107E2));
#51=DIRECTION('',(1.E0,0.E0,0.E0));
#52=DIRECTION('',(0.E0,-8.894953601288E-1,-4.569442026214E-1));
#53=AXIS2_PLACEMENT_3D('',#50,#51,#52);
#55=CARTESIAN_POINT('',(1.617E2,5.048079578210E1,-4.735772470961E2));
#56=DIRECTION('',(-1.E0,0.E0,0.E0));
#57=DIRECTION('',(0.E0,4.227386202965E-1,9.062516531901E-1));
#58=AXIS2_PLACEMENT_3D('',#55,#56,#57);
#60=DIRECTION('',(1.088947137280E-4,-3.753549537982E-1,-9.268811395217E-1));
#61=VECTOR('',#60,2.048529138821E0);
#62=CARTESIAN_POINT('',(1.617E2,5.233448136624E1,-4.743281463937E2));
#63=LINE('',#62,#61);
#64=CARTESIAN_POINT('',(1.617E2,6.687860489825E1,-4.384242213107E2));
#65=DIRECTION('',(-1.E0,0.E0,0.E0));
#66=DIRECTION('',(0.E0,-3.754492205808E-1,-9.268429655369E-1));
#67=AXIS2_PLACEMENT_3D('',#64,#65,#66);
#69=CARTESIAN_POINT('',(1.607E2,2.968380687691E1,-4.551672277781E2));
#70=DIRECTION('',(0.E0,4.104736943627E-1,-9.118724396736E-1));
#71=DIRECTION('',(1.E0,-5.979217121421E-12,-2.671640686458E-12));
#72=AXIS2_PLACEMENT_3D('',#69,#70,#71);
#74=CARTESIAN_POINT('',(1.632E2,1.7E1,-4.48E2));
#75=DIRECTION('',(-1.E0,0.E0,0.E0));
#76=DIRECTION('',(0.E0,4.969025540177E-2,9.987646762467E-1));
#77=AXIS2_PLACEMENT_3D('',#74,#75,#76);
#79=CARTESIAN_POINT('',(1.632E2,4.106149648620E1,-4.007766542180E2));
#80=DIRECTION('',(1.E0,0.E0,0.E0));
#81=DIRECTION('',(0.E0,-9.569936763837E-1,-2.901087784980E-1));
#82=AXIS2_PLACEMENT_3D('',#79,#80,#81);
#84=CARTESIAN_POINT('',(1.632E2,4.106149648620E1,-4.007766542180E2));
#85=DIRECTION('',(1.E0,0.E0,0.E0));
#86=DIRECTION('',(0.E0,0.E0,-1.E0));
#87=AXIS2_PLACEMENT_3D('',#84,#85,#86);
#89=CARTESIAN_POINT('',(1.632E2,1.7E1,-4.48E2));
#90=DIRECTION('',(-1.E0,0.E0,0.E0));
#91=DIRECTION('',(0.E0,5.106011535633E-1,8.598176911298E-1));
#92=AXIS2_PLACEMENT_3D('',#89,#90,#91);
#94=CARTESIAN_POINT('',(1.632E2,6.422334578198E1,-4.239385035138E2));
#95=DIRECTION('',(1.E0,0.E0,0.E0));
#96=DIRECTION('',(0.E0,-9.447458092641E-1,3.278038374972E-1));
#97=AXIS2_PLACEMENT_3D('',#94,#95,#96);
#99=CARTESIAN_POINT('',(1.632E2,1.7E1,-4.48E2));
#100=DIRECTION('',(-1.E0,0.E0,0.E0));
#101=DIRECTION('',(0.E0,9.184731690866E-1,3.954832963199E-1));
#102=AXIS2_PLACEMENT_3D('',#99,#100,#101);
#104=CARTESIAN_POINT('',(1.632E2,6.934748205154E1,-4.562910266471E2));
#105=DIRECTION('',(1.E0,0.E0,0.E0));
#106=DIRECTION('',(0.E0,-5.716371537322E-1,8.205065292080E-1));
#107=AXIS2_PLACEMENT_3D('',#104,#105,#106);
#109=CARTESIAN_POINT('',(1.632E2,1.7E1,-4.48E2));
#110=DIRECTION('',(-1.E0,0.E0,0.E0));
#111=DIRECTION('',(0.E0,9.755196517734E-1,-2.199122757009E-1));
#112=AXIS2_PLACEMENT_3D('',#109,#110,#111);
#114=CARTESIAN_POINT('',(1.632E2,5.802401499325E1,-4.747960854200E2));
#115=DIRECTION('',(-1.E0,0.E0,0.E0));
#116=DIRECTION('',(0.E0,8.372247957051E-1,-5.468588862372E-1));
#117=AXIS2_PLACEMENT_3D('',#114,#115,#116);
#119=DIRECTION('',(0.E0,-8.910065241900E-1,-4.539904997364E-1));
#120=VECTOR('',#119,5.308712768488E0);
#121=CARTESIAN_POINT('',(1.632E2,5.847800549326E1,-4.756870919440E2));
#122=LINE('',#121,#120);
#123=CARTESIAN_POINT('',(1.632E2,6.687860489825E1,-4.384242213107E2));
#124=DIRECTION('',(-1.E0,0.E0,0.E0));
#125=DIRECTION('',(0.E0,-3.142106268967E-1,-9.493532966948E-1));
#126=AXIS2_PLACEMENT_3D('',#123,#124,#125);
#128=CARTESIAN_POINT('',(1.632E2,5.249565662943E1,-4.765937387888E2));
#129=DIRECTION('',(-1.E0,0.E0,0.E0));
#130=DIRECTION('',(0.E0,-3.526142047313E-1,-9.357687869456E-1));
#131=AXIS2_PLACEMENT_3D('',#128,#129,#130);
#133=DIRECTION('',(0.E0,3.754496487939E-1,9.268427920745E-1));
#134=VECTOR('',#133,2.039334785235E0);
#135=CARTESIAN_POINT('',(1.632E2,5.156881383735E1,-4.762182891400E2));
#136=LINE('',#135,#134);
#137=CARTESIAN_POINT('',(1.632E2,5.048079578210E1,-4.735772470961E2));
#138=DIRECTION('',(1.E0,0.E0,0.E0));
#139=DIRECTION('',(0.E0,9.268427920658E-1,-3.754496488154E-1));
#140=AXIS2_PLACEMENT_3D('',#137,#138,#139);
#142=CARTESIAN_POINT('',(1.632E2,6.687860489825E1,-4.384242213107E2));
#143=DIRECTION('',(-1.E0,0.E0,0.E0));
#144=DIRECTION('',(0.E0,-4.227386203065E-1,-9.062516531854E-1));
#145=AXIS2_PLACEMENT_3D('',#142,#143,#144);
#147=CARTESIAN_POINT('',(1.632E2,3.237554692250E1,-4.561488470049E2));
#148=DIRECTION('',(1.E0,0.E0,0.E0));
#149=DIRECTION('',(0.E0,8.894953600914E-1,4.569442026942E-1));
#150=AXIS2_PLACEMENT_3D('',#147,#148,#149);
#152=CARTESIAN_POINT('',(1.632E2,3.237554692250E1,-4.561488470049E2));
#153=DIRECTION('',(1.E0,0.E0,0.E0));
#154=DIRECTION('',(0.E0,0.E0,1.E0));
#155=AXIS2_PLACEMENT_3D('',#152,#153,#154);
#157=DIRECTION('',(0.E0,-9.118724396708E-1,-4.104736943689E-1));
#158=VECTOR('',#157,3.051594692261E0);
#159=CARTESIAN_POINT('',(1.632E2,3.155459953414E1,-4.543251021254E2));
#160=LINE('',#159,#158);
#161=CARTESIAN_POINT('',(1.632E2,1.7E1,-4.48E2));
#162=DIRECTION('',(1.E0,0.E0,0.E0));
#163=DIRECTION('',(0.E0,8.408524597991E-1,-5.412643908940E-1));
#164=AXIS2_PLACEMENT_3D('',#161,#162,#163);
#166=CARTESIAN_POINT('',(1.632E2,1.7E1,-4.48E2));
#167=DIRECTION('',(1.E0,0.E0,0.E0));
#168=DIRECTION('',(0.E0,0.E0,1.E0));
#169=AXIS2_PLACEMENT_3D('',#166,#167,#168);
#171=DIRECTION('',(0.E0,-8.680653664961E-1,-4.964499163964E-1));
#172=VECTOR('',#171,3.051594691810E0);
#173=CARTESIAN_POINT('',(1.632E2,1.621111981636E1,-4.619777561882E2));
#174=LINE('',#173,#172);
#175=CARTESIAN_POINT('',(1.632E2,1.455503598459E1,-4.652288508508E2));
#176=DIRECTION('',(1.E0,0.E0,0.E0));
#177=DIRECTION('',(0.E0,-4.964499163682E-1,8.680653665122E-1));
#178=AXIS2_PLACEMENT_3D('',#175,#176,#177);
#180=CARTESIAN_POINT('',(1.632E2,-2.006487605813E1,-4.827241375256E2));
#181=DIRECTION('',(-1.E0,0.E0,0.E0));
#182=DIRECTION('',(0.E0,8.925078800724E-1,4.510317993321E-1));
#183=AXIS2_PLACEMENT_3D('',#180,#181,#182);
#185=CARTESIAN_POINT('',(1.632E2,1.801290957435E1,-4.901204614102E2));
#186=DIRECTION('',(1.E0,0.E0,0.E0));
#187=DIRECTION('',(0.E0,-9.816525151920E-1,1.906786286328E-1));
#188=AXIS2_PLACEMENT_3D('',#185,#186,#187);
#190=DIRECTION('',(0.E0,9.705153364389E-1,-2.410393779799E-1));
#191=VECTOR('',#190,2.039334785123E0);
#192=CARTESIAN_POINT('',(1.632E2,1.753083081842E1,-4.920614920831E2));
#193=LINE('',#192,#191);
#194=CARTESIAN_POINT('',(1.632E2,1.926899712567E1,-4.935235674077E2));
#195=DIRECTION('',(-1.E0,0.E0,0.E0));
#196=DIRECTION('',(0.E0,2.410393776141E-1,9.705153365297E-1));
#197=AXIS2_PLACEMENT_3D('',#194,#195,#196);
#199=CARTESIAN_POINT('',(1.632E2,-2.006487605813E1,-4.827241375256E2));
#200=DIRECTION('',(-1.E0,0.E0,0.E0));
#201=DIRECTION('',(0.E0,9.643142807588E-1,-2.647602083484E-1));
#202=AXIS2_PLACEMENT_3D('',#199,#200,#201);
#204=DIRECTION('',(0.E0,-8.910065241863E-1,-4.539904997436E-1));
#205=VECTOR('',#204,5.308712768519E0);
#206=CARTESIAN_POINT('',(1.632E2,1.974926569585E1,-4.954203704976E2));
#207=LINE('',#206,#205);
#208=CARTESIAN_POINT('',(1.632E2,1.456517748461E1,-4.969394691361E2));
#209=DIRECTION('',(-1.E0,0.E0,0.E0));
#210=DIRECTION('',(0.E0,4.539904988866E-1,-8.910065246230E-1));
#211=AXIS2_PLACEMENT_3D('',#208,#209,#210);
#213=CARTESIAN_POINT('',(1.632E2,1.456517748461E1,-4.969394691361E2));
#214=DIRECTION('',(-1.E0,0.E0,0.E0));
#215=DIRECTION('',(0.E0,0.E0,-1.E0));
#216=AXIS2_PLACEMENT_3D('',#213,#214,#215);
#218=CARTESIAN_POINT('',(1.632E2,1.7E1,-4.48E2));
#219=DIRECTION('',(-1.E0,0.E0,0.E0));
#220=DIRECTION('',(0.E0,-4.969025540177E-2,-9.987646762467E-1));
#221=AXIS2_PLACEMENT_3D('',#218,#219,#220);
#223=CARTESIAN_POINT('',(1.632E2,-7.061496486196E0,-4.952233457820E2));
#224=DIRECTION('',(1.E0,0.E0,0.E0));
#225=DIRECTION('',(0.E0,9.569936763839E-1,2.901087784975E-1));
#226=AXIS2_PLACEMENT_3D('',#223,#224,#225);
#228=CARTESIAN_POINT('',(1.632E2,-7.061496486196E0,-4.952233457820E2));
#229=DIRECTION('',(1.E0,0.E0,0.E0));
#230=DIRECTION('',(0.E0,0.E0,1.E0));
#231=AXIS2_PLACEMENT_3D('',#228,#229,#230);
#233=CARTESIAN_POINT('',(1.632E2,1.7E1,-4.48E2));
#234=DIRECTION('',(-1.E0,0.E0,0.E0));
#235=DIRECTION('',(0.E0,-5.106011535633E-1,-8.598176911298E-1));
#236=AXIS2_PLACEMENT_3D('',#233,#234,#235);
#238=CARTESIAN_POINT('',(1.632E2,-3.022334578198E1,-4.720614964862E2));
#239=DIRECTION('',(1.E0,0.E0,0.E0));
#240=DIRECTION('',(0.E0,9.447458092641E-1,-3.278038374972E-1));
#241=AXIS2_PLACEMENT_3D('',#238,#239,#240);
#243=CARTESIAN_POINT('',(1.632E2,1.7E1,-4.48E2));
#244=DIRECTION('',(-1.E0,0.E0,0.E0));
#245=DIRECTION('',(0.E0,-9.184731690866E-1,-3.954832963199E-1));
#246=AXIS2_PLACEMENT_3D('',#243,#244,#245);
#248=CARTESIAN_POINT('',(1.632E2,-3.534748205154E1,-4.397089733529E2));
#249=DIRECTION('',(1.E0,0.E0,0.E0));
#250=DIRECTION('',(0.E0,5.716371537322E-1,-8.205065292080E-1));
#251=AXIS2_PLACEMENT_3D('',#248,#249,#250);
#253=CARTESIAN_POINT('',(1.632E2,1.7E1,-4.48E2));
#254=DIRECTION('',(-1.E0,0.E0,0.E0));
#255=DIRECTION('',(0.E0,-9.755196517734E-1,2.199122757009E-1));
#256=AXIS2_PLACEMENT_3D('',#253,#254,#255);
#258=CARTESIAN_POINT('',(1.632E2,-2.402401499325E1,-4.212039145800E2));
#259=DIRECTION('',(-1.E0,0.E0,0.E0));
#260=DIRECTION('',(0.E0,-8.372247957051E-1,5.468588862372E-1));
#261=AXIS2_PLACEMENT_3D('',#258,#259,#260);
#263=DIRECTION('',(0.E0,8.910065241884E-1,4.539904997395E-1));
#264=VECTOR('',#263,4.877499359363E1);
#265=CARTESIAN_POINT('',(1.632E2,-2.447800549324E1,-4.203129080560E2));
#266=LINE('',#265,#264);
#267=CARTESIAN_POINT('',(1.632E2,1.943482251539E1,-3.990605308639E2));
#268=DIRECTION('',(-1.E0,0.E0,0.E0));
#269=DIRECTION('',(0.E0,-4.539904988866E-1,8.910065246230E-1));
#270=AXIS2_PLACEMENT_3D('',#267,#268,#269);
#272=CARTESIAN_POINT('',(1.632E2,1.943482251539E1,-3.990605308639E2));
#273=DIRECTION('',(-1.E0,0.E0,0.E0));
#274=DIRECTION('',(0.E0,0.E0,1.E0));
#275=AXIS2_PLACEMENT_3D('',#272,#273,#274);
#277=DIRECTION('',(0.E0,0.E0,-1.E0));
#278=VECTOR('',#277,1.E1);
#279=CARTESIAN_POINT('',(1.632E2,-1.853418410009E1,-4.408324349645E2));
#280=LINE('',#279,#278);
#281=DIRECTION('',(0.E0,1.E0,0.E0));
#282=VECTOR('',#281,5.5E0);
#283=CARTESIAN_POINT('',(1.632E2,-1.853418410009E1,-4.508324349645E2));
#284=LINE('',#283,#282);
#285=DIRECTION('',(0.E0,0.E0,1.E0));
#286=VECTOR('',#285,1.276595741510E0);
#287=CARTESIAN_POINT('',(1.632E2,-1.303418410009E1,-4.508324349645E2));
#288=LINE('',#287,#286);
#289=DIRECTION('',(0.E0,-1.E0,0.E0));
#290=VECTOR('',#289,4.25E0);
#291=CARTESIAN_POINT('',(1.632E2,-1.303418410009E1,-4.495558392230E2));
#292=LINE('',#291,#290);
#293=DIRECTION('',(0.E0,0.E0,1.E0));
#294=VECTOR('',#293,8.723404258490E0);
#295=CARTESIAN_POINT('',(1.632E2,-1.728418410009E1,-4.495558392230E2));
#296=LINE('',#295,#294);
#297=DIRECTION('',(0.E0,-1.E0,0.E0));
#298=VECTOR('',#297,1.25E0);
#299=CARTESIAN_POINT('',(1.632E2,-1.728418410009E1,-4.408324349645E2));
#300=LINE('',#299,#298);
#301=CARTESIAN_POINT('',(1.535E2,6.422334578198E1,-4.239385035138E2));
#302=DIRECTION('',(1.E0,0.E0,0.E0));
#303=DIRECTION('',(0.E0,0.E0,-1.E0));
#304=AXIS2_PLACEMENT_3D('',#301,#302,#303);
#306=CARTESIAN_POINT('',(1.535E2,6.422334578198E1,-4.239385035138E2));
#307=DIRECTION('',(1.E0,0.E0,0.E0));
#308=DIRECTION('',(0.E0,1.425891907087E-4,9.999999898342E-1));
#309=AXIS2_PLACEMENT_3D('',#306,#307,#308);
#311=CARTESIAN_POINT('',(1.535E2,1.7E1,-4.48E2));
#312=DIRECTION('',(1.E0,0.E0,0.E0));
#313=DIRECTION('',(0.E0,8.598176911295E-1,5.106011535638E-1));
#314=AXIS2_PLACEMENT_3D('',#311,#312,#313);
#316=CARTESIAN_POINT('',(1.535E2,4.106149648620E1,-4.007766542180E2));
#317=DIRECTION('',(1.E0,0.E0,0.E0));
#318=DIRECTION('',(0.E0,3.278038374933E-1,-9.447458092655E-1));
#319=AXIS2_PLACEMENT_3D('',#316,#317,#318);
#321=CARTESIAN_POINT('',(1.535E2,4.106149648620E1,-4.007766542180E2));
#322=DIRECTION('',(1.E0,0.E0,0.E0));
#323=DIRECTION('',(0.E0,-1.021228181384E-8,1.E0));
#324=AXIS2_PLACEMENT_3D('',#321,#322,#323);
#326=CARTESIAN_POINT('',(1.535E2,1.7E1,-4.48E2));
#327=DIRECTION('',(1.E0,0.E0,0.E0));
#328=DIRECTION('',(0.E0,3.954832963200E-1,9.184731690865E-1));
#329=AXIS2_PLACEMENT_3D('',#326,#327,#328);
#331=CARTESIAN_POINT('',(1.535E2,1.943482251539E1,-3.990605308639E2));
#332=DIRECTION('',(1.E0,0.E0,0.E0));
#333=DIRECTION('',(0.E0,4.969025470245E-2,9.987646762815E-1));
#334=AXIS2_PLACEMENT_3D('',#331,#332,#333);
#336=CARTESIAN_POINT('',(1.535E2,1.943482251539E1,-3.990605308639E2));
#337=DIRECTION('',(1.E0,0.E0,0.E0));
#338=DIRECTION('',(0.E0,0.E0,1.E0));
#339=AXIS2_PLACEMENT_3D('',#336,#337,#338);
#341=DIRECTION('',(0.E0,8.910065241891E-1,4.539904997381E-1));
#342=VECTOR('',#341,1.508084494691E1);
#343=CARTESIAN_POINT('',(1.535E2,1.898083201587E1,-3.981695243396E2));
#344=LINE('',#343,#342);
#345=CARTESIAN_POINT('',(1.535E2,3.287195375363E1,-3.922139705299E2));
#346=DIRECTION('',(-1.E0,0.E0,0.E0));
#347=DIRECTION('',(0.E0,-4.539904998551E-1,8.910065241295E-1));
#348=AXIS2_PLACEMENT_3D('',#345,#346,#347);
#350=CARTESIAN_POINT('',(1.535E2,3.287195375363E1,-3.922139705299E2));
#351=DIRECTION('',(-1.E0,0.E0,0.E0));
#352=DIRECTION('',(0.E0,0.E0,1.E0));
#353=AXIS2_PLACEMENT_3D('',#350,#351,#352);
#355=CARTESIAN_POINT('',(1.535E2,1.7E1,-4.48E2));
#356=DIRECTION('',(-1.E0,0.E0,0.E0));
#357=DIRECTION('',(0.E0,2.736543750677E-1,9.618280943112E-1));
#358=AXIS2_PLACEMENT_3D('',#355,#356,#357);
#360=CARTESIAN_POINT('',(1.535E2,7.146114623149E1,-4.679495250859E2));
#361=DIRECTION('',(-1.E0,0.E0,0.E0));
#362=DIRECTION('',(0.E0,9.389852798587E-1,-3.439573290521E-1));
#363=AXIS2_PLACEMENT_3D('',#360,#361,#362);
#365=DIRECTION('',(0.E0,-8.910065241882E-1,-4.539904997399E-1));
#366=VECTOR('',#365,1.508084494704E1);
#367=CARTESIAN_POINT('',(1.535E2,7.191513673136E1,-4.688405316100E2));
#368=LINE('',#367,#366);
#369=CARTESIAN_POINT('',(1.535E2,5.802401499325E1,-4.747960854200E2));
#370=DIRECTION('',(1.E0,0.E0,0.E0));
#371=DIRECTION('',(0.E0,4.539905005795E-1,-8.910065237604E-1));
#372=AXIS2_PLACEMENT_3D('',#369,#370,#371);
#374=CARTESIAN_POINT('',(1.535E2,1.7E1,-4.48E2));
#375=DIRECTION('',(1.E0,0.E0,0.E0));
#376=DIRECTION('',(0.E0,8.372247957785E-1,-5.468588861248E-1));
#377=AXIS2_PLACEMENT_3D('',#374,#375,#376);
#379=CARTESIAN_POINT('',(1.535E2,6.934748205154E1,-4.562910266471E2));
#380=DIRECTION('',(1.E0,0.E0,0.E0));
#381=DIRECTION('',(0.E0,-7.972097015329E-1,-6.037024861485E-1));
#382=AXIS2_PLACEMENT_3D('',#379,#380,#381);
#384=CARTESIAN_POINT('',(1.535E2,6.934748205154E1,-4.562910266471E2));
#385=DIRECTION('',(1.E0,0.E0,0.E0));
#386=DIRECTION('',(0.E0,0.E0,-1.E0));
#387=AXIS2_PLACEMENT_3D('',#384,#385,#386);
#389=CARTESIAN_POINT('',(1.535E2,6.934748205154E1,-4.562910266471E2));
#390=DIRECTION('',(1.E0,0.E0,0.E0));
#391=DIRECTION('',(0.E0,-5.808096046334E-5,9.999999983133E-1));
#392=AXIS2_PLACEMENT_3D('',#389,#390,#391);
#394=CARTESIAN_POINT('',(1.535E2,1.7E1,-4.48E2));
#395=DIRECTION('',(1.E0,0.E0,0.E0));
#396=DIRECTION('',(0.E0,9.957309520564E-1,-9.230314792502E-2));
#397=AXIS2_PLACEMENT_3D('',#394,#395,#396);
#399=CARTESIAN_POINT('',(1.535E2,6.422334578198E1,-4.239385035138E2));
#400=DIRECTION('',(1.E0,0.E0,0.E0));
#401=DIRECTION('',(0.E0,-2.901087784934E-1,-9.569936763851E-1));
#402=AXIS2_PLACEMENT_3D('',#399,#400,#401);
#404=CARTESIAN_POINT('',(1.5117E2,6.422334578198E1,-4.239385035138E2));
#405=DIRECTION('',(1.E0,0.E0,0.E0));
#406=DIRECTION('',(0.E0,0.E0,-1.E0));
#407=AXIS2_PLACEMENT_3D('',#404,#405,#406);
#409=DIRECTION('',(-7.071067811866E-1,0.E0,7.071067811865E-1));
#410=VECTOR('',#409,3.295117600329E0);
#411=CARTESIAN_POINT('',(1.535E2,6.422334578198E1,-4.284185035138E2));
#412=LINE('',#411,#410);
#413=DIRECTION('',(9.999999948656E-1,1.013346195592E-4,-3.199945101739E-9));
#414=VECTOR('',#413,6.700000034400E-1);
#415=CARTESIAN_POINT('',(1.505E2,6.422334578198E1,-4.217885035138E2));
#416=LINE('',#415,#414);
#417=CARTESIAN_POINT('',(1.505E2,1.7E1,-4.48E2));
#418=DIRECTION('',(1.E0,0.E0,0.E0));
#419=DIRECTION('',(0.E0,9.389852798531E-1,-3.439573290674E-1));
#420=AXIS2_PLACEMENT_3D('',#417,#418,#419);
#422=CARTESIAN_POINT('',(1.505E2,3.287195375363E1,-3.922139705299E2));
#423=DIRECTION('',(1.E0,0.E0,0.E0));
#424=DIRECTION('',(0.E0,2.736543753473E-1,9.618280942317E-1));
#425=AXIS2_PLACEMENT_3D('',#422,#423,#424);
#427=CARTESIAN_POINT('',(1.505E2,3.287195375363E1,-3.922139705299E2));
#428=DIRECTION('',(1.E0,0.E0,0.E0));
#429=DIRECTION('',(0.E0,0.E0,1.E0));
#430=AXIS2_PLACEMENT_3D('',#427,#428,#429);
#432=DIRECTION('',(0.E0,-8.910065241889E-1,-4.539904997385E-1));
#433=VECTOR('',#432,1.610169885231E1);
#434=CARTESIAN_POINT('',(1.505E2,3.241796325363E1,-3.913229640058E2));
#435=LINE('',#434,#433);
#436=CARTESIAN_POINT('',(1.505E2,1.852523502542E1,-3.995239888386E2));
#437=DIRECTION('',(1.E0,0.E0,0.E0));
#438=DIRECTION('',(0.E0,-4.539904996864E-1,8.910065242154E-1));
#439=AXIS2_PLACEMENT_3D('',#436,#437,#438);
#441=CARTESIAN_POINT('',(1.505E2,1.7E1,-4.48E2));
#442=DIRECTION('',(-1.E0,0.E0,0.E0));
#443=DIRECTION('',(0.E0,3.144814485937E-2,9.995053847703E-1));
#444=AXIS2_PLACEMENT_3D('',#441,#442,#443);
#446=CARTESIAN_POINT('',(1.505E2,5.711442750328E1,-4.752595433946E2));
#447=DIRECTION('',(1.E0,0.E0,0.E0));
#448=DIRECTION('',(0.E0,-8.271015981196E-1,5.620524409591E-1));
#449=AXIS2_PLACEMENT_3D('',#446,#447,#448);
#451=CARTESIAN_POINT('',(1.505E2,5.711442750328E1,-4.752595433946E2));
#452=DIRECTION('',(1.E0,0.E0,0.E0));
#453=DIRECTION('',(0.E0,0.E0,-1.E0));
#454=AXIS2_PLACEMENT_3D('',#451,#452,#453);
#456=DIRECTION('',(0.E0,8.910065241889E-1,4.539904997385E-1));
#457=VECTOR('',#456,1.610169885231E1);
#458=CARTESIAN_POINT('',(1.505E2,5.756841800327E1,-4.761505499187E2));
#459=LINE('',#458,#457);
#460=CARTESIAN_POINT('',(1.505E2,7.146114623149E1,-4.679495250859E2));
#461=DIRECTION('',(1.E0,0.E0,0.E0));
#462=DIRECTION('',(0.E0,4.539904996600E-1,-8.910065242289E-1));
#463=AXIS2_PLACEMENT_3D('',#460,#461,#462);
#465=CARTESIAN_POINT('',(1.505E2,6.422334578198E1,-4.239385035138E2));
#466=DIRECTION('',(-1.E0,0.E0,0.E0));
#467=DIRECTION('',(0.E0,0.E0,-1.E0));
#468=AXIS2_PLACEMENT_3D('',#465,#466,#467);
#470=CARTESIAN_POINT('',(1.505E2,6.422334578198E1,-4.239385035138E2));
#471=DIRECTION('',(-1.E0,0.E0,0.E0));
#472=DIRECTION('',(0.E0,0.E0,1.E0));
#473=AXIS2_PLACEMENT_3D('',#470,#471,#472);
#475=CARTESIAN_POINT('',(1.505E2,6.934748205154E1,-4.562910266471E2));
#476=DIRECTION('',(-1.E0,0.E0,0.E0));
#477=DIRECTION('',(0.E0,0.E0,-1.E0));
#478=AXIS2_PLACEMENT_3D('',#475,#476,#477);
#480=CARTESIAN_POINT('',(1.505E2,6.934748205154E1,-4.562910266471E2));
#481=DIRECTION('',(-1.E0,0.E0,0.E0));
#482=DIRECTION('',(0.E0,0.E0,1.E0));
#483=AXIS2_PLACEMENT_3D('',#480,#481,#482);
#485=CARTESIAN_POINT('',(1.505E2,4.106149648620E1,-4.007766542180E2));
#486=DIRECTION('',(-1.E0,0.E0,0.E0));
#487=DIRECTION('',(0.E0,0.E0,-1.E0));
#488=AXIS2_PLACEMENT_3D('',#485,#486,#487);
#490=CARTESIAN_POINT('',(1.505E2,4.106149648620E1,-4.007766542180E2));
#491=DIRECTION('',(-1.E0,0.E0,0.E0));
#492=DIRECTION('',(0.E0,0.E0,1.E0));
#493=AXIS2_PLACEMENT_3D('',#490,#491,#492);
#495=DIRECTION('',(-1.E0,-7.119875059895E-11,-2.961542122648E-11));
#496=VECTOR('',#495,3.E0);
#497=CARTESIAN_POINT('',(1.535E2,3.241796325385E1,-3.913229640057E2));
#498=LINE('',#497,#496);
#499=DIRECTION('',(1.E0,8.218610976958E-13,-1.515824502955E-13));
#500=VECTOR('',#499,3.E0);
#501=CARTESIAN_POINT('',(1.505E2,3.314560812879E1,-3.912521424356E2));
#502=LINE('',#501,#500);
#503=DIRECTION('',(-1.E0,3.102214933963E-13,4.805319944934E-13));
#504=VECTOR('',#503,9.7E0);
#505=CARTESIAN_POINT('',(1.632E2,-2.486123978900E1,-4.206570556939E2));
#506=LINE('',#505,#504);
#507=DIRECTION('',(1.E0,3.806897523449E-12,2.220995437964E-12));
#508=VECTOR('',#507,9.7E0);
#509=CARTESIAN_POINT('',(1.535E2,-2.447800549328E1,-4.203129080560E2));
#510=LINE('',#509,#508);
#511=DIRECTION('',(1.E0,4.622190373862E-13,-2.344058509724E-14));
#512=VECTOR('',#511,9.7E0);
#513=CARTESIAN_POINT('',(1.535E2,-3.177598258868E1,-4.370043862149E2));
#514=LINE('',#513,#512);
#515=DIRECTION('',(-1.E0,-9.376234038896E-14,-3.398884839100E-13));
#516=VECTOR('',#515,9.7E0);
#517=CARTESIAN_POINT('',(1.632E2,-3.278654760281E1,-4.433848426037E2));
#518=LINE('',#517,#516);
#519=CARTESIAN_POINT('',(1.5117E2,-3.534748205154E1,-4.397089733529E2));
#520=DIRECTION('',(1.E0,0.E0,0.E0));
#521=DIRECTION('',(0.E0,0.E0,-1.E0));
#522=AXIS2_PLACEMENT_3D('',#519,#520,#521);
#524=CARTESIAN_POINT('',(1.535E2,-3.534748205154E1,-4.397089733529E2));
#525=DIRECTION('',(-1.E0,0.E0,0.E0));
#526=DIRECTION('',(0.E0,7.972097015280E-1,6.037024861549E-1));
#527=AXIS2_PLACEMENT_3D('',#524,#525,#526);
#529=DIRECTION('',(-7.071067811865E-1,0.E0,7.071067811866E-1));
#530=VECTOR('',#529,3.295117600329E0);
#531=CARTESIAN_POINT('',(1.535E2,-3.534748205154E1,-4.441889733529E2));
#532=LINE('',#531,#530);
#533=DIRECTION('',(9.999999981180E-1,-6.135143887037E-5,-1.172925767570E-9));
#534=VECTOR('',#533,6.700000012609E-1);
#535=CARTESIAN_POINT('',(1.505E2,-3.534748205154E1,-4.375589733529E2));
#536=LINE('',#535,#534);
#537=DIRECTION('',(0.E0,8.910065241889E-1,4.539904997385E-1));
#538=VECTOR('',#537,1.610169885231E1);
#539=CARTESIAN_POINT('',(1.505E2,1.582036746362E0,-5.046770359942E2));
#540=LINE('',#539,#538);
#541=CARTESIAN_POINT('',(1.505E2,1.547476497458E1,-4.964760111614E2));
#542=DIRECTION('',(1.E0,0.E0,0.E0));
#543=DIRECTION('',(0.E0,4.539904996864E-1,-8.910065242154E-1));
#544=AXIS2_PLACEMENT_3D('',#541,#542,#543);
#546=CARTESIAN_POINT('',(1.505E2,1.7E1,-4.48E2));
#547=DIRECTION('',(-1.E0,0.E0,0.E0));
#548=DIRECTION('',(0.E0,-3.144814485936E-2,-9.995053847703E-1));
#549=AXIS2_PLACEMENT_3D('',#546,#547,#548);
#551=CARTESIAN_POINT('',(1.505E2,-2.311442750328E1,-4.207404566054E2));
#552=DIRECTION('',(1.E0,0.E0,0.E0));
#553=DIRECTION('',(0.E0,8.271015981196E-1,-5.620524409591E-1));
#554=AXIS2_PLACEMENT_3D('',#551,#552,#553);
#556=CARTESIAN_POINT('',(1.505E2,-2.311442750328E1,-4.207404566054E2));
#557=DIRECTION('',(1.E0,0.E0,0.E0));
#558=DIRECTION('',(0.E0,0.E0,1.E0));
#559=AXIS2_PLACEMENT_3D('',#556,#557,#558);
#561=DIRECTION('',(0.E0,-8.910065241889E-1,-4.539904997385E-1));
#562=VECTOR('',#561,1.610169885229E1);
#563=CARTESIAN_POINT('',(1.505E2,-2.356841800328E1,-4.198494500813E2));
#564=LINE('',#563,#562);
#565=CARTESIAN_POINT('',(1.505E2,-3.746114623149E1,-4.280504749141E2));
#566=DIRECTION('',(1.E0,0.E0,0.E0));
#567=DIRECTION('',(0.E0,-4.539904996599E-1,8.910065242289E-1));
#568=AXIS2_PLACEMENT_3D('',#565,#566,#567);
#570=CARTESIAN_POINT('',(1.505E2,1.7E1,-4.48E2));
#571=DIRECTION('',(1.E0,0.E0,0.E0));
#572=DIRECTION('',(0.E0,-9.389852798531E-1,3.439573290673E-1));
#573=AXIS2_PLACEMENT_3D('',#570,#571,#572);
#575=CARTESIAN_POINT('',(1.505E2,1.128046246370E0,-5.037860294701E2));
#576=DIRECTION('',(1.E0,0.E0,0.E0));
#577=DIRECTION('',(0.E0,-2.736543753429E-1,-9.618280942329E-1));
#578=AXIS2_PLACEMENT_3D('',#575,#576,#577);
#580=CARTESIAN_POINT('',(1.505E2,1.128046246370E0,-5.037860294701E2));
#581=DIRECTION('',(1.E0,0.E0,0.E0));
#582=DIRECTION('',(0.E0,0.E0,-1.E0));
#583=AXIS2_PLACEMENT_3D('',#580,#581,#582);
#585=CARTESIAN_POINT('',(1.505E2,-7.061496486196E0,-4.952233457820E2));
#586=DIRECTION('',(-1.E0,0.E0,0.E0));
#587=DIRECTION('',(0.E0,0.E0,-1.E0));
#588=AXIS2_PLACEMENT_3D('',#585,#586,#587);
#590=CARTESIAN_POINT('',(1.505E2,-7.061496486196E0,-4.952233457820E2));
#591=DIRECTION('',(-1.E0,0.E0,0.E0));
#592=DIRECTION('',(0.E0,0.E0,1.E0));
#593=AXIS2_PLACEMENT_3D('',#590,#591,#592);
#595=CARTESIAN_POINT('',(1.505E2,-3.534748205154E1,-4.397089733529E2));
#596=DIRECTION('',(-1.E0,0.E0,0.E0));
#597=DIRECTION('',(0.E0,0.E0,-1.E0));
#598=AXIS2_PLACEMENT_3D('',#595,#596,#597);
#600=CARTESIAN_POINT('',(1.505E2,-3.534748205154E1,-4.397089733529E2));
#601=DIRECTION('',(-1.E0,0.E0,0.E0));
#602=DIRECTION('',(0.E0,0.E0,1.E0));
#603=AXIS2_PLACEMENT_3D('',#600,#601,#602);
#605=CARTESIAN_POINT('',(1.505E2,-3.022334578198E1,-4.720614964862E2));
#606=DIRECTION('',(-1.E0,0.E0,0.E0));
#607=DIRECTION('',(0.E0,0.E0,-1.E0));
#608=AXIS2_PLACEMENT_3D('',#605,#606,#607);
#610=CARTESIAN_POINT('',(1.505E2,-3.022334578198E1,-4.720614964862E2));
#611=DIRECTION('',(-1.E0,0.E0,0.E0));
#612=DIRECTION('',(0.E0,0.E0,1.E0));
#613=AXIS2_PLACEMENT_3D('',#610,#611,#612);
#615=CARTESIAN_POINT('',(1.597E2,1.974926569585E1,-4.954203704976E2));
#616=CARTESIAN_POINT('',(1.596524977244E2,1.974926569585E1,-4.954203704976E2));
#617=CARTESIAN_POINT('',(1.595575526359E2,1.974079896786E1,-4.954246845110E2));
#618=CARTESIAN_POINT('',(1.594157089932E2,1.970231305565E1,-4.954442940627E2));
#619=CARTESIAN_POINT('',(1.592732457141E2,1.963489486399E1,-4.954786453472E2));
#620=CARTESIAN_POINT('',(1.591340513763E2,1.953572569763E1,-4.955291745612E2));
#621=CARTESIAN_POINT('',(1.590009533502E2,1.940020885246E1,-4.955982238427E2));
#622=CARTESIAN_POINT('',(1.588806993822E2,1.922511233329E1,-4.956874399753E2));
#623=CARTESIAN_POINT('',(1.587817521630E2,1.900880982528E1,-4.957976516079E2));
#624=CARTESIAN_POINT('',(1.587157932372E2,1.875594386281E1,-4.959264932511E2));
#625=CARTESIAN_POINT('',(1.587E2,1.857511248429E1,-4.960186314405E2));
#626=CARTESIAN_POINT('',(1.587E2,1.848061921981E1,-4.960667781636E2));
#628=DIRECTION('',(0.E0,8.910065241866E-1,4.539904997430E-1));
#629=VECTOR('',#628,2.864023636472E0);
#630=CARTESIAN_POINT('',(1.587E2,5.501655425752E1,-4.774507894408E2));
#631=LINE('',#630,#629);
#632=CARTESIAN_POINT('',(1.587E2,5.711442750328E1,-4.752595433946E2));
#633=DIRECTION('',(-1.E0,0.E0,0.E0));
#634=DIRECTION('',(0.E0,4.539904997958E-1,-8.910065241597E-1));
#635=AXIS2_PLACEMENT_3D('',#632,#633,#634);
#637=CARTESIAN_POINT('',(1.587E2,5.711442750328E1,-4.752595433946E2));
#638=DIRECTION('',(-1.E0,0.E0,0.E0));
#639=DIRECTION('',(0.E0,0.E0,-1.E0));
#640=AXIS2_PLACEMENT_3D('',#637,#638,#639);
#642=CARTESIAN_POINT('',(1.587E2,1.7E1,-4.48E2));
#643=DIRECTION('',(1.E0,0.E0,0.E0));
#644=DIRECTION('',(0.E0,8.271015980042E-1,-5.620524411289E-1));
#645=AXIS2_PLACEMENT_3D('',#642,#643,#644);
#647=CARTESIAN_POINT('',(1.587E2,1.852523502542E1,-3.995239888386E2));
#648=DIRECTION('',(-1.E0,0.E0,0.E0));
#649=DIRECTION('',(0.E0,-3.144814461289E-2,-9.995053847781E-1));
#650=AXIS2_PLACEMENT_3D('',#647,#648,#649);
#652=DIRECTION('',(0.E0,-8.910065241882E-1,-4.539904997399E-1));
#653=VECTOR('',#652,4.673328578218E1);
#654=CARTESIAN_POINT('',(1.587E2,1.807124452561E1,-3.986329823145E2));
#655=LINE('',#654,#653);
#656=CARTESIAN_POINT('',(1.587E2,-2.311442750328E1,-4.207404566054E2));
#657=DIRECTION('',(-1.E0,0.E0,0.E0));
#658=DIRECTION('',(0.E0,-4.539904998472E-1,8.910065241335E-1));
#659=AXIS2_PLACEMENT_3D('',#656,#657,#658);
#661=CARTESIAN_POINT('',(1.587E2,-2.311442750328E1,-4.207404566054E2));
#662=DIRECTION('',(-1.E0,0.E0,0.E0));
#663=DIRECTION('',(0.E0,0.E0,1.E0));
#664=AXIS2_PLACEMENT_3D('',#661,#662,#663);
#666=CARTESIAN_POINT('',(1.587E2,1.7E1,-4.48E2));
#667=DIRECTION('',(1.E0,0.E0,0.E0));
#668=DIRECTION('',(0.E0,-8.271015980042E-1,5.620524411289E-1));
#669=AXIS2_PLACEMENT_3D('',#666,#667,#668);
#671=CARTESIAN_POINT('',(1.587E2,1.547476497458E1,-4.964760111614E2));
#672=DIRECTION('',(-1.E0,0.E0,0.E0));
#673=DIRECTION('',(0.E0,3.144814461247E-2,9.995053847781E-1));
#674=AXIS2_PLACEMENT_3D('',#671,#672,#673);
#676=DIRECTION('',(0.E0,8.910065241877E-1,4.539904997408E-1));
#677=VECTOR('',#676,2.864023636425E0);
#678=CARTESIAN_POINT('',(1.587E2,1.592875547433E1,-4.973670176856E2));
#679=LINE('',#678,#677);
#680=CARTESIAN_POINT('',(1.587E2,-2.006487605813E1,-4.827241375256E2));
#681=DIRECTION('',(1.E0,0.E0,0.E0));
#682=DIRECTION('',(0.E0,9.449863068847E-1,-3.271098894872E-1));
#683=AXIS2_PLACEMENT_3D('',#680,#681,#682);
#685=CARTESIAN_POINT('',(1.587E2,1.7E1,-4.48E2));
#686=DIRECTION('',(-1.E0,0.E0,0.E0));
#687=DIRECTION('',(0.E0,-7.297747438353E-1,-6.836876649904E-1));
#688=AXIS2_PLACEMENT_3D('',#685,#686,#687);
#690=CARTESIAN_POINT('',(1.587E2,1.7E1,-4.48E2));
#691=DIRECTION('',(-1.E0,0.E0,0.E0));
#692=DIRECTION('',(0.E0,0.E0,1.E0));
#693=AXIS2_PLACEMENT_3D('',#690,#691,#692);
#695=CARTESIAN_POINT('',(1.587E2,6.687860489825E1,-4.384242213107E2));
#696=DIRECTION('',(1.E0,0.E0,0.E0));
#697=DIRECTION('',(0.E0,-9.820657717517E-1,-1.885386431313E-1));
#698=AXIS2_PLACEMENT_3D('',#695,#696,#697);
#700=DIRECTION('',(1.E0,8.075924752786E-13,1.337899980504E-12));
#701=VECTOR('',#700,8.2E0);
#702=CARTESIAN_POINT('',(1.505E2,5.628732590524E1,-4.746974909536E2));
#703=LINE('',#702,#701);
#704=DIRECTION('',(-1.E0,2.816522083311E-11,1.169449361197E-11));
#705=VECTOR('',#704,8.2E0);
#706=CARTESIAN_POINT('',(1.587E2,5.756841800304E1,-4.761505499188E2));
#707=LINE('',#706,#705);
#708=DIRECTION('',(1.E0,-1.087693620808E-11,-8.415598841100E-12));
#709=VECTOR('',#708,8.2E0);
#710=CARTESIAN_POINT('',(1.505E2,1.807124452570E1,-3.986329823144E2));
#711=LINE('',#710,#709);
#712=DIRECTION('',(-1.E0,5.606355488253E-13,-6.238911826186E-14));
#713=VECTOR('',#712,8.2E0);
#714=CARTESIAN_POINT('',(1.587E2,1.849378688064E1,-4.005234942234E2));
#715=LINE('',#714,#713);
#716=DIRECTION('',(1.E0,-8.162576305927E-13,-1.358696353258E-12));
#717=VECTOR('',#716,8.2E0);
#718=CARTESIAN_POINT('',(1.505E2,-2.228732590524E1,-4.213025090464E2));
#719=LINE('',#718,#717);
#720=DIRECTION('',(-1.E0,-2.681735592399E-11,-1.113299154762E-11));
#721=VECTOR('',#720,8.2E0);
#722=CARTESIAN_POINT('',(1.587E2,-2.356841800306E1,-4.198494500812E2));
#723=LINE('',#722,#721);
#724=DIRECTION('',(1.E0,4.055292687021E-12,3.098659540339E-12));
#725=VECTOR('',#724,8.2E0);
#726=CARTESIAN_POINT('',(1.505E2,1.592875547430E1,-4.973670176856E2));
#727=LINE('',#726,#725);
#728=DIRECTION('',(-1.E0,-5.300908763430E-13,4.159274550791E-14));
#729=VECTOR('',#728,8.2E0);
#730=CARTESIAN_POINT('',(1.587E2,1.550621311936E1,-4.954765057766E2));
#731=LINE('',#730,#729);
#732=CARTESIAN_POINT('',(1.597E2,-2.006487605813E1,-4.827241375256E2));
#733=DIRECTION('',(1.E0,0.E0,0.E0));
#734=DIRECTION('',(0.E0,9.527313232953E-1,-3.038141300402E-1));
#735=AXIS2_PLACEMENT_3D('',#732,#733,#734);
#737=CARTESIAN_POINT('',(1.597E2,9.702252561952E0,-4.548368766502E2));
#738=DIRECTION('',(0.E0,-6.836876650240E-1,7.297747438039E-1));
#739=DIRECTION('',(0.E0,7.297747438039E-1,6.836876650240E-1));
#740=AXIS2_PLACEMENT_3D('',#737,#738,#739);
#742=DIRECTION('',(1.E0,-6.515676886939E-12,5.138645065032E-12));
#743=VECTOR('',#742,2.499999999993E0);
#744=CARTESIAN_POINT('',(1.607E2,1.621111981638E1,-4.619777561882E2));
#745=LINE('',#744,#743);
#746=DIRECTION('',(1.E0,4.570210876409E-11,3.024069883395E-11));
#747=VECTOR('',#746,2.5E-1);
#748=CARTESIAN_POINT('',(1.632E2,1.621111981636E1,-4.619777561882E2));
#749=LINE('',#748,#747);
#750=DIRECTION('',(-1.E0,-3.652189661807E-12,2.403664568971E-12));
#751=VECTOR('',#750,1.75E0);
#752=CARTESIAN_POINT('',(1.6145E2,1.043202730576E1,-4.541531889852E2));
#753=LINE('',#752,#751);
#754=DIRECTION('',(1.E0,2.324489806986E-13,7.795668872338E-13));
#755=VECTOR('',#754,3.5E0);
#756=CARTESIAN_POINT('',(1.597E2,1.974926569585E1,-4.954203704976E2));
#757=LINE('',#756,#755);
#758=CARTESIAN_POINT('',(1.607E2,-2.006487605813E1,-4.827241375256E2));
#759=DIRECTION('',(-1.E0,0.E0,0.E0));
#760=DIRECTION('',(0.E0,8.680653664957E-1,4.964499163971E-1));
#761=AXIS2_PLACEMENT_3D('',#758,#759,#760);
#763=CARTESIAN_POINT('',(1.607E2,1.534305444989E1,-4.624742061046E2));
#764=DIRECTION('',(0.E0,4.964499163970E-1,-8.680653664958E-1));
#765=DIRECTION('',(2.219735506515E-11,8.680653664958E-1,4.964499163970E-1));
#766=AXIS2_PLACEMENT_3D('',#763,#764,#765);
#768=CARTESIAN_POINT('',(1.617E2,-2.006487605813E1,-4.827241375256E2));
#769=DIRECTION('',(-1.E0,0.E0,0.E0));
#770=DIRECTION('',(0.E0,8.680653664958E-1,4.964499163969E-1));
#771=AXIS2_PLACEMENT_3D('',#768,#769,#770);
#773=DIRECTION('',(-1.081438154108E-4,-9.704901409304E-1,2.411407776836E-1));
#774=VECTOR('',#773,2.048529438137E0);
#775=CARTESIAN_POINT('',(1.617002215358E2,1.951890844156E1,-4.925554760649E2));
#776=LINE('',#775,#774);
#777=CARTESIAN_POINT('',(1.617E2,1.801290957435E1,-4.901204614102E2));
#778=DIRECTION('',(-1.E0,0.E0,0.E0));
#779=DIRECTION('',(0.E0,-2.410393779149E-1,-9.705153364550E-1));
#780=AXIS2_PLACEMENT_3D('',#777,#778,#779);
#782=CARTESIAN_POINT('',(1.617E2,-2.006487605813E1,-4.827241375256E2));
#783=DIRECTION('',(1.E0,0.E0,0.E0));
#784=DIRECTION('',(0.E0,9.816525151985E-1,-1.906786285990E-1));
#785=AXIS2_PLACEMENT_3D('',#782,#783,#784);
#787=CARTESIAN_POINT('',(1.617E2,1.455503598459E1,-4.652288508508E2));
#788=DIRECTION('',(-1.E0,0.E0,0.E0));
#789=DIRECTION('',(0.E0,-8.925078800445E-1,-4.510317993871E-1));
#790=AXIS2_PLACEMENT_3D('',#787,#788,#789);
#792=DIRECTION('',(0.E0,8.680653664979E-1,4.964499163933E-1));
#793=VECTOR('',#792,2.051594691916E0);
#794=CARTESIAN_POINT('',(1.617E2,1.356213615174E1,-4.634927201179E2));
#795=LINE('',#794,#793);
#796=DIRECTION('',(1.E0,-1.355952387409E-11,5.684341886081E-12));
#797=VECTOR('',#796,1.5E0);
#798=CARTESIAN_POINT('',(1.617E2,1.753083081844E1,-4.920614920831E2));
#799=LINE('',#798,#797);
#800=DIRECTION('',(-1.E0,-9.237055564881E-14,-3.941143707683E-12));
#801=VECTOR('',#800,1.5E0);
#802=CARTESIAN_POINT('',(1.632E2,1.604960454395E1,-4.897391041530E2));
#803=LINE('',#802,#801);
#804=DIRECTION('',(1.E0,-6.792788553867E-12,1.765935545942E-11));
#805=VECTOR('',#804,1.5E0);
#806=CARTESIAN_POINT('',(1.617E2,1.277002022447E1,-4.661309144495E2));
#807=LINE('',#806,#805);
#808=DIRECTION('',(-1.E0,-5.137342403335E-11,-4.077567912949E-11));
#809=VECTOR('',#808,1.5E0);
#810=CARTESIAN_POINT('',(1.632E2,1.356213615182E1,-4.634927201178E2));
#811=LINE('',#810,#809);
#812=DIRECTION('',(-9.999811978589E-1,5.915387801478E-3,-1.616204133871E-3));
#813=VECTOR('',#812,1.499806663787E0);
#814=CARTESIAN_POINT('',(1.632E2,1.951003650352E1,-4.925530520712E2));
#815=LINE('',#814,#813);
#816=CARTESIAN_POINT('',(1.617002215358E2,1.951890844156E1,-4.925554760649E2));
#817=CARTESIAN_POINT('',(1.617002215358E2,1.959714659734E1,-4.925754173357E2));
#818=CARTESIAN_POINT('',(1.616846749427E2,1.974821356660E1,-4.926312452456E2));
#819=CARTESIAN_POINT('',(1.615754966269E2,1.998058445486E1,-4.928058942465E2));
#820=CARTESIAN_POINT('',(1.614438253802E2,2.012183899823E1,-4.929806665540E2));
#821=CARTESIAN_POINT('',(1.612202454746E2,2.024114562305E1,-4.932442603585E2));
#822=CARTESIAN_POINT('',(1.610111272321E2,2.027854825729E1,-4.934730975578E2));
#823=CARTESIAN_POINT('',(1.608093498262E2,2.026261562947E1,-4.936815952602E2));
#824=CARTESIAN_POINT('',(1.607E2,2.023331140643E1,-4.937883276160E2));
#826=DIRECTION('',(1.E0,9.194423000736E-13,3.274180926383E-12));
#827=VECTOR('',#826,2.5E0);
#828=CARTESIAN_POINT('',(1.607E2,2.023331140643E1,-4.937883276160E2));
#829=LINE('',#828,#827);
#830=CARTESIAN_POINT('',(1.6345E2,-2.006487605813E1,-4.827241375256E2));
#831=DIRECTION('',(-1.E0,0.E0,0.E0));
#832=DIRECTION('',(0.E0,8.488058747741E-1,5.287046311022E-1));
#833=AXIS2_PLACEMENT_3D('',#830,#831,#832);
#835=CARTESIAN_POINT('',(1.6345E2,1.7E1,-4.48E2));
#836=DIRECTION('',(-1.E0,0.E0,0.E0));
#837=DIRECTION('',(0.E0,-5.634858454446E-2,-9.984111562978E-1));
#838=AXIS2_PLACEMENT_3D('',#835,#836,#837);
#840=CARTESIAN_POINT('',(1.6345E2,1.7E1,-4.48E2));
#841=DIRECTION('',(-1.E0,0.E0,0.E0));
#842=DIRECTION('',(0.E0,0.E0,1.E0));
#843=AXIS2_PLACEMENT_3D('',#840,#841,#842);
#845=CARTESIAN_POINT('',(1.6345E2,6.687860489825E1,-4.384242213107E2));
#846=DIRECTION('',(-1.E0,0.E0,0.E0));
#847=DIRECTION('',(0.E0,-9.118724396737E-1,-4.104736943625E-1));
#848=AXIS2_PLACEMENT_3D('',#845,#846,#847);
#850=CARTESIAN_POINT('',(1.6345E2,2.815452971120E1,-4.541342886522E2));
#851=CARTESIAN_POINT('',(1.6345E2,2.836202758982E1,-4.538369601830E2));
#852=CARTESIAN_POINT('',(1.6345E2,2.855089094622E1,-4.535273754230E2));
#853=CARTESIAN_POINT('',(1.6345E2,2.869989510870E1,-4.531915750957E2));
#855=CARTESIAN_POINT('',(1.6345E2,1.7E1,-4.48E2));
#856=DIRECTION('',(1.E0,0.E0,0.E0));
#857=DIRECTION('',(0.E0,9.140543122591E-1,-4.055918074129E-1));
#858=AXIS2_PLACEMENT_3D('',#855,#856,#857);
#860=CARTESIAN_POINT('',(1.6345E2,1.7E1,-4.48E2));
#861=DIRECTION('',(1.E0,0.E0,0.E0));
#862=DIRECTION('',(0.E0,0.E0,1.E0));
#863=AXIS2_PLACEMENT_3D('',#860,#861,#862);
#865=CARTESIAN_POINT('',(1.6345E2,1.432304668155E1,-4.605169452527E2));
#866=CARTESIAN_POINT('',(1.6345E2,1.468229730347E1,-4.605937768335E2));
#867=CARTESIAN_POINT('',(1.6345E2,1.504376773010E1,-4.606229525247E2));
#868=CARTESIAN_POINT('',(1.6345E2,1.540627570873E1,-4.606298485038E2));
#870=CARTESIAN_POINT('',(1.6345E2,2.815452971120E1,-4.541342886522E2));
#871=CARTESIAN_POINT('',(1.634500000573E2,2.813122951872E1,-4.540768555185E2));
#872=CARTESIAN_POINT('',(1.634749437626E2,2.809035888265E1,-4.539754142107E2));
#873=CARTESIAN_POINT('',(1.635659567207E2,2.804166025363E1,-4.538532618342E2));
#874=CARTESIAN_POINT('',(1.637041070067E2,2.801724679733E1,-4.537915650398E2));
#875=CARTESIAN_POINT('',(1.637849657556E2,2.801951980510E1,-4.537972945866E2));
#876=CARTESIAN_POINT('',(1.638266935604E2,2.802446807258E1,-4.538097907573E2));
#878=CARTESIAN_POINT('',(1.6375E2,2.869989519696E1,-4.531915751348E2));
#879=DIRECTION('',(0.E0,-4.055918074058E-1,-9.140543122623E-1));
#880=DIRECTION('',(0.E0,-9.140543122623E-1,4.055918074058E-1));
#881=AXIS2_PLACEMENT_3D('',#878,#879,#880);
#883=CARTESIAN_POINT('',(1.638266935604E2,2.802446807258E1,-4.538097907573E2));
#884=CARTESIAN_POINT('',(1.636647401686E2,2.800524454119E1,-4.537612443661E2));
#885=CARTESIAN_POINT('',(1.633727201771E2,2.794344954027E1,-4.536046805414E2));
#886=CARTESIAN_POINT('',(1.629984864485E2,2.781484134137E1,-4.532712442080E2));
#887=CARTESIAN_POINT('',(1.626749334195E2,2.766962101423E1,-4.528836764837E2));
#888=CARTESIAN_POINT('',(1.623935708784E2,2.752527197843E1,-4.524860126937E2));
#889=CARTESIAN_POINT('',(1.621283043597E2,2.738556285998E1,-4.520888377362E2));
#890=CARTESIAN_POINT('',(1.618305294731E2,2.724716665121E1,-4.516818677021E2));
#891=CARTESIAN_POINT('',(1.615904692361E2,2.717042999190E1,-4.514485268338E2));
#892=CARTESIAN_POINT('',(1.614499999998E2,2.713915360915E1,-4.513523416904E2));
#894=CARTESIAN_POINT('',(1.614499999998E2,2.713915360915E1,-4.513523416904E2));
#895=CARTESIAN_POINT('',(1.615532905091E2,2.713834300451E1,-4.513498499914E2));
#896=CARTESIAN_POINT('',(1.617700140018E2,2.713683445540E1,-4.513933772544E2));
#897=CARTESIAN_POINT('',(1.621421104225E2,2.711224724673E1,-4.516248175036E2));
#898=CARTESIAN_POINT('',(1.624627827999E2,2.706861637070E1,-4.519854580689E2));
#899=CARTESIAN_POINT('',(1.627086748884E2,2.701483237231E1,-4.523384387797E2));
#900=CARTESIAN_POINT('',(1.630004602953E2,2.691076647165E1,-4.528948999777E2));
#901=CARTESIAN_POINT('',(1.631982904261E2,2.678516714812E1,-4.533977152875E2));
#902=CARTESIAN_POINT('',(1.633752464942E2,2.661052346099E1,-4.540036236294E2));
#903=CARTESIAN_POINT('',(1.6345E2,2.639280276279E1,-4.545221678272E2));
#904=CARTESIAN_POINT('',(1.6345E2,2.626914519828E1,-4.548068309288E2));
#906=CARTESIAN_POINT('',(1.6445E2,2.626914519828E1,-4.548068309288E2));
#907=DIRECTION('',(0.E0,-5.918983416346E-1,-8.060126259372E-1));
#908=DIRECTION('',(-1.E0,0.E0,0.E0));
#909=AXIS2_PLACEMENT_3D('',#906,#907,#908);
#911=CARTESIAN_POINT('',(1.6445E2,2.707515782422E1,-4.553987292704E2));
#912=CARTESIAN_POINT('',(1.644504537009E2,2.725132792278E1,-4.551588311093E2));
#913=CARTESIAN_POINT('',(1.643992176972E2,2.758763162680E1,-4.546653282787E2));
#914=CARTESIAN_POINT('',(1.641668174903E2,2.804536073434E1,-4.538756696387E2));
#915=CARTESIAN_POINT('',(1.639064185208E2,2.830560831001E1,-4.533405093682E2));
#916=CARTESIAN_POINT('',(1.637499999987E2,2.842568518783E1,-4.530699003818E2));
#918=CARTESIAN_POINT('',(1.637499999987E2,2.842568518783E1,-4.530699003818E2));
#919=CARTESIAN_POINT('',(1.637777104390E2,2.831265656128E1,-4.533246233989E2));
#920=CARTESIAN_POINT('',(1.638036841569E2,2.817622601785E1,-4.535693199531E2));
#921=CARTESIAN_POINT('',(1.638266935604E2,2.802446807258E1,-4.538097907573E2));
#923=CARTESIAN_POINT('',(1.6145E2,6.687860489825E1,-4.384242213107E2));
#924=DIRECTION('',(-1.E0,0.E0,0.E0));
#925=DIRECTION('',(0.E0,-9.509440009668E-1,-3.093630666793E-1));
#926=AXIS2_PLACEMENT_3D('',#923,#924,#925);
#928=CARTESIAN_POINT('',(1.6145E2,2.583859194576E1,-4.463031522118E2));
#929=CARTESIAN_POINT('',(1.619095286120E2,2.605643448574E1,-4.474378570055E2));
#930=CARTESIAN_POINT('',(1.626005880390E2,2.622667334352E1,-4.491622510497E2));
#931=CARTESIAN_POINT('',(1.632799766907E2,2.605331968585E1,-4.514531435947E2));
#932=CARTESIAN_POINT('',(1.634500041850E2,2.579258909766E1,-4.525604938461E2));
#933=CARTESIAN_POINT('',(1.634500000002E2,2.561414312094E1,-4.530790104792E2));
#935=CARTESIAN_POINT('',(1.6445E2,2.561415134075E1,-4.530790153257E2));
#936=DIRECTION('',(0.E0,-5.079015325703E-1,-8.614151340746E-1));
#937=DIRECTION('',(0.E0,-8.614151340746E-1,5.079015325703E-1));
#938=AXIS2_PLACEMENT_3D('',#935,#936,#937);
#940=DIRECTION('',(-1.E0,0.E0,0.E0));
#941=VECTOR('',#940,4.5E0);
#942=CARTESIAN_POINT('',(1.6895E2,1.7E1,-4.57E2));
#943=LINE('',#942,#941);
#944=CARTESIAN_POINT('',(1.6445E2,2.475273620668E1,-4.525711137931E2));
#945=CARTESIAN_POINT('',(1.644499124129E2,2.490005852674E1,-4.523212510383E2));
#946=CARTESIAN_POINT('',(1.643899070830E2,2.518294798215E1,-4.517865998565E2));
#947=CARTESIAN_POINT('',(1.641160622431E2,2.554964384139E1,-4.508719595678E2));
#948=CARTESIAN_POINT('',(1.636714196923E2,2.582681083002E1,-4.498634296144E2));
#949=CARTESIAN_POINT('',(1.630718272715E2,2.599103878585E1,-4.487692182368E2));
#950=CARTESIAN_POINT('',(1.623297861559E2,2.601861414761E1,-4.475906010123E2));
#951=CARTESIAN_POINT('',(1.617571933445E2,2.592220000707E1,-4.467386524036E2));
#952=CARTESIAN_POINT('',(1.6145E2,2.583859194576E1,-4.463031522118E2));
#954=DIRECTION('',(-1.E0,1.707332687926E-12,-7.600777150531E-12));
#955=VECTOR('',#954,1.75E0);
#956=CARTESIAN_POINT('',(1.6145E2,2.583859194576E1,-4.463031522118E2));
#957=LINE('',#956,#955);
#958=CARTESIAN_POINT('',(1.6895E2,1.7E1,-4.48E2));
#959=DIRECTION('',(1.E0,0.E0,0.E0));
#960=DIRECTION('',(0.E0,0.E0,-1.E0));
#961=AXIS2_PLACEMENT_3D('',#958,#959,#960);
#963=CARTESIAN_POINT('',(1.6895E2,1.7E1,-4.38E2));
#964=DIRECTION('',(0.E0,-1.E0,0.E0));
#965=DIRECTION('',(0.E0,0.E0,-1.E0));
#966=AXIS2_PLACEMENT_3D('',#963,#964,#965);
#968=CARTESIAN_POINT('',(1.696571067812E2,1.7E1,-4.48E2));
#969=DIRECTION('',(-1.E0,0.E0,0.E0));
#970=DIRECTION('',(0.E0,0.E0,1.E0));
#971=AXIS2_PLACEMENT_3D('',#968,#969,#970);
#973=CARTESIAN_POINT('',(1.6895E2,1.7E1,-4.48E2));
#974=DIRECTION('',(1.E0,0.E0,0.E0));
#975=DIRECTION('',(0.E0,0.E0,1.E0));
#976=AXIS2_PLACEMENT_3D('',#973,#974,#975);
#978=CARTESIAN_POINT('',(1.6895E2,1.7E1,-4.58E2));
#979=DIRECTION('',(0.E0,1.E0,0.E0));
#980=DIRECTION('',(0.E0,0.E0,1.E0));
#981=AXIS2_PLACEMENT_3D('',#978,#979,#980);
#983=CARTESIAN_POINT('',(1.696571067812E2,1.7E1,-4.48E2));
#984=DIRECTION('',(-1.E0,0.E0,0.E0));
#985=DIRECTION('',(0.E0,0.E0,-1.E0));
#986=AXIS2_PLACEMENT_3D('',#983,#984,#985);
#988=DIRECTION('',(-1.E0,0.E0,0.E0));
#989=VECTOR('',#988,9.25E0);
#990=CARTESIAN_POINT('',(1.6895E2,1.7E1,-4.39E2));
#991=LINE('',#990,#989);
#992=CARTESIAN_POINT('',(1.6145E2,1.043202730576E1,-4.541531889852E2));
#993=CARTESIAN_POINT('',(1.617571721831E2,1.073519185670E1,-4.544767897225E2));
#994=CARTESIAN_POINT('',(1.623297350516E2,1.136772706496E1,-4.550555287819E2));
#995=CARTESIAN_POINT('',(1.630717720739E2,1.233744647318E1,-4.557259997453E2));
#996=CARTESIAN_POINT('',(1.636713901785E2,1.331920802887E1,-4.562363056727E2));
#997=CARTESIAN_POINT('',(1.641160426779E2,1.429805564586E1,-4.566048876077E2));
#998=CARTESIAN_POINT('',(1.643899134047E2,1.525360911502E1,-4.568458532367E2));
#999=CARTESIAN_POINT('',(1.644499161361E2,1.585243096170E1,-4.569312495556E2));
#1000=CARTESIAN_POINT('',(1.6445E2,1.614116473468E1,-4.569589286183E2));
#1002=CARTESIAN_POINT('',(1.597E2,1.7E1,-4.48E2));
#1003=DIRECTION('',(-1.E0,0.E0,0.E0));
#1004=DIRECTION('',(0.E0,-7.297747438050E-1,-6.836876650228E-1));
#1005=AXIS2_PLACEMENT_3D('',#1002,#1003,#1004);
#1007=CARTESIAN_POINT('',(1.597E2,1.7E1,-4.48E2));
#1008=DIRECTION('',(-1.E0,0.E0,0.E0));
#1009=DIRECTION('',(0.E0,0.E0,1.E0));
#1010=AXIS2_PLACEMENT_3D('',#1007,#1008,#1009);
#1012=CARTESIAN_POINT('',(1.597E2,2.682065771752E1,-4.461146135687E2));
#1013=DIRECTION('',(0.E0,1.885386431301E-1,-9.820657717519E-1));
#1014=DIRECTION('',(0.E0,-9.820657717519E-1,-1.885386431301E-1));
#1015=AXIS2_PLACEMENT_3D('',#1012,#1013,#1014);
#1017=CARTESIAN_POINT('',(1.597E2,6.687860489825E1,-4.384242213107E2));
#1018=DIRECTION('',(1.E0,0.E0,0.E0));
#1019=DIRECTION('',(0.E0,-9.820657717525E-1,-1.885386431270E-1));
#1020=AXIS2_PLACEMENT_3D('',#1017,#1018,#1019);
#1022=CARTESIAN_POINT('',(1.597E2,5.374790778150E1,-4.780971971067E2));
#1023=CARTESIAN_POINT('',(1.596524611033E2,5.374790778150E1,-4.780971971067E2));
#1024=CARTESIAN_POINT('',(1.595574722683E2,5.375638293520E1,-4.780928788003E2));
#1025=CARTESIAN_POINT('',(1.594155719892E2,5.379491626818E1,-4.780732450864E2));
#1026=CARTESIAN_POINT('',(1.592732999727E2,5.386226048811E1,-4.780389314925E2));
#1027=CARTESIAN_POINT('',(1.591341972489E2,5.396133075524E1,-4.779884526701E2));
#1028=CARTESIAN_POINT('',(1.590011397805E2,5.409674086874E1,-4.779194577712E2));
#1029=CARTESIAN_POINT('',(1.588808228748E2,5.427182891872E1,-4.778302459538E2));
#1030=CARTESIAN_POINT('',(1.587817911506E2,5.448823213753E1,-4.777199830065E2));
#1031=CARTESIAN_POINT('',(1.587157975250E2,5.474118206380E1,-4.775910985816E2));
#1032=CARTESIAN_POINT('',(1.587E2,5.492204814183E1,-4.774989427119E2));
#1033=CARTESIAN_POINT('',(1.587E2,5.501655425752E1,-4.774507894408E2));
#1035=CARTESIAN_POINT('',(1.6445E2,1.604573859409E1,-4.579543651314E2));
#1036=DIRECTION('',(0.E0,9.954365131398E-1,-9.542614059095E-2));
#1037=DIRECTION('',(-1.E0,0.E0,5.684341886081E-14));
#1038=AXIS2_PLACEMENT_3D('',#1035,#1036,#1037);
#1040=CARTESIAN_POINT('',(1.6445E2,1.7E1,-4.48E2));
#1041=DIRECTION('',(-1.E0,0.E0,0.E0));
#1042=DIRECTION('',(0.E0,8.614151340761E-1,-5.079015325677E-1));
#1043=AXIS2_PLACEMENT_3D('',#1040,#1041,#1042);
#1045=CARTESIAN_POINT('',(1.6445E2,1.7E1,-4.48E2));
#1046=DIRECTION('',(-1.E0,0.E0,0.E0));
#1047=DIRECTION('',(0.E0,0.E0,-1.E0));
#1048=AXIS2_PLACEMENT_3D('',#1045,#1046,#1047);
#1050=CARTESIAN_POINT('',(1.6345E2,6.687860489825E1,-4.384242213107E2));
#1051=DIRECTION('',(-1.E0,0.E0,0.E0));
#1052=DIRECTION('',(0.E0,-9.273794618659E-1,-3.741220839636E-1));
#1053=AXIS2_PLACEMENT_3D('',#1050,#1051,#1052);
#1055=CARTESIAN_POINT('',(1.6345E2,1.7E1,-4.48E2));
#1056=DIRECTION('',(-1.E0,0.E0,0.E0));
#1057=DIRECTION('',(0.E0,8.614151340739E-1,-5.079015325714E-1));
#1058=AXIS2_PLACEMENT_3D('',#1055,#1056,#1057);
#1060=CARTESIAN_POINT('',(1.6345E2,1.7E1,-4.48E2));
#1061=DIRECTION('',(-1.E0,0.E0,0.E0));
#1062=DIRECTION('',(0.E0,0.E0,-1.E0));
#1063=AXIS2_PLACEMENT_3D('',#1060,#1061,#1062);
#1065=CARTESIAN_POINT('',(1.6345E2,-2.006487605813E1,-4.827241375256E2));
#1066=DIRECTION('',(-1.E0,0.E0,0.E0));
#1067=DIRECTION('',(0.E0,8.246414168337E-1,5.656558438154E-1));
#1068=AXIS2_PLACEMENT_3D('',#1065,#1066,#1067);
#1070=CARTESIAN_POINT('',(1.6345E2,1.7E1,-4.48E2));
#1071=DIRECTION('',(1.E0,0.E0,0.E0));
#1072=DIRECTION('',(0.E0,5.093482637878E-3,-9.999870281332E-1));
#1073=AXIS2_PLACEMENT_3D('',#1070,#1071,#1072);
#1075=CARTESIAN_POINT('',(1.6345E2,1.604573859410E1,-4.579543651314E2));
#1076=CARTESIAN_POINT('',(1.6345E2,1.570417331192E1,-4.578468586666E2));
#1077=CARTESIAN_POINT('',(1.633756648863E2,1.499254615116E1,-4.575825088977E2));
#1078=CARTESIAN_POINT('',(1.630863103202E2,1.388560021507E1,-4.570048529136E2));
#1079=CARTESIAN_POINT('',(1.626548673586E2,1.275389954618E1,-4.562549407885E2));
#1080=CARTESIAN_POINT('',(1.621096027799E2,1.160176065414E1,-4.553237076415E2));
#1081=CARTESIAN_POINT('',(1.616738127735E2,1.082230713403E1,-4.545697774016E2));
#1082=CARTESIAN_POINT('',(1.6145E2,1.043202730576E1,-4.541531889852E2));
#1084=CARTESIAN_POINT('',(1.6145E2,-2.006487605813E1,-4.827241375256E2));
#1085=DIRECTION('',(-1.E0,0.E0,0.E0));
#1086=DIRECTION('',(0.E0,7.297747438042E-1,6.836876650237E-1));
#1087=AXIS2_PLACEMENT_3D('',#1084,#1085,#1086);
#1089=CARTESIAN_POINT('',(1.614499999998E2,1.375245643630E1,-4.581732045846E2));
#1090=CARTESIAN_POINT('',(1.615212419615E2,1.375249043696E1,-4.581732269676E2));
#1091=CARTESIAN_POINT('',(1.616719548335E2,1.377034470931E1,-4.581839520720E2));
#1092=CARTESIAN_POINT('',(1.619666657097E2,1.387737198606E1,-4.582473443674E2));
#1093=CARTESIAN_POINT('',(1.623053440197E2,1.412805618017E1,-4.583918460224E2));
#1094=CARTESIAN_POINT('',(1.626413340415E2,1.452440008684E1,-4.586038465244E2));
#1095=CARTESIAN_POINT('',(1.629211725799E2,1.498063889083E1,-4.588248716931E2));
#1096=CARTESIAN_POINT('',(1.631446081548E2,1.546937604830E1,-4.590341656384E2));
#1097=CARTESIAN_POINT('',(1.633717440057E2,1.616370353273E1,-4.592884556161E2));
#1098=CARTESIAN_POINT('',(1.634499962063E2,1.669831410211E1,-4.594309658406E2));
#1099=CARTESIAN_POINT('',(1.6345E2,1.705857505032E1,-4.594998508235E2));
#1101=CARTESIAN_POINT('',(1.644496966024E2,1.700073275977E1,-4.605000001397E2));
#1102=CARTESIAN_POINT('',(1.644499521929E2,1.702156515904E1,-4.604999979839E2));
#1103=CARTESIAN_POINT('',(1.644499914790E2,1.704278865525E1,-4.604999442043E2));
#1104=CARTESIAN_POINT('',(1.644499914282E2,1.706366853296E1,-4.604998378516E2));
#1106=CARTESIAN_POINT('',(1.6445E2,1.705857505032E1,-4.594998508235E2));
#1107=DIRECTION('',(0.E0,9.999870281332E-1,5.093482636542E-3));
#1108=DIRECTION('',(0.E0,5.093482636543E-3,-9.999870281332E-1));
#1109=AXIS2_PLACEMENT_3D('',#1106,#1107,#1108);
#1111=CARTESIAN_POINT('',(1.614499999998E2,1.375245643630E1,-4.581732045846E2));
#1112=CARTESIAN_POINT('',(1.615905043965E2,1.381190293153E1,-4.582550644035E2));
#1113=CARTESIAN_POINT('',(1.618306240414E2,1.395562113531E1,-4.584543642508E2));
#1114=CARTESIAN_POINT('',(1.621284767494E2,1.420360943873E1,-4.588056705335E2));
#1115=CARTESIAN_POINT('',(1.623938565773E2,1.444291913966E1,-4.591523128121E2));
#1116=CARTESIAN_POINT('',(1.626753345200E2,1.467984138571E1,-4.595029225109E2));
#1117=CARTESIAN_POINT('',(1.629986994118E2,1.490784042121E1,-4.598479330194E2));
#1118=CARTESIAN_POINT('',(1.633728250981E2,1.510192053911E1,-4.601478431486E2));
#1119=CARTESIAN_POINT('',(1.636647724855E2,1.519222974407E1,-4.602898131316E2));
#1120=CARTESIAN_POINT('',(1.638266935604E2,1.522019970899E1,-4.603338913507E2));
#1122=CARTESIAN_POINT('',(1.638266935604E2,1.522019970899E1,-4.603338913507E2));
#1123=CARTESIAN_POINT('',(1.638036841569E2,1.493645365946E1,-4.603153209143E2));
#1124=CARTESIAN_POINT('',(1.637777104395E2,1.465829812720E1,-4.602818665182E2));
#1125=CARTESIAN_POINT('',(1.637499999987E2,1.438578631788E1,-4.602235861643E2));
#1127=CARTESIAN_POINT('',(1.637499999987E2,1.438578631788E1,-4.602235861643E2));
#1128=CARTESIAN_POINT('',(1.639029961789E2,1.466887524678E1,-4.602841293585E2));
#1129=CARTESIAN_POINT('',(1.641588070172E2,1.524148590031E1,-4.603862030580E2));
#1130=CARTESIAN_POINT('',(1.643906908685E2,1.612655655938E1,-4.604799288540E2));
#1131=CARTESIAN_POINT('',(1.644466341619E2,1.670989373530E1,-4.605000129266E2));
#1132=CARTESIAN_POINT('',(1.644496966024E2,1.700073275977E1,-4.605000001397E2));
#1134=DIRECTION('',(9.999999977815E-1,-6.661085171018E-5,2.685928677452E-8));
#1135=VECTOR('',#1134,5.500303409768E0);
#1136=CARTESIAN_POINT('',(1.644496966024E2,1.700073275977E1,-4.605000001397E2));
#1137=LINE('',#1136,#1135);
#1138=CARTESIAN_POINT('',(1.6445E2,1.7E1,-4.48E2));
#1139=DIRECTION('',(1.E0,0.E0,0.E0));
#1140=DIRECTION('',(0.E0,5.093482636786E-3,-9.999870281332E-1));
#1141=AXIS2_PLACEMENT_3D('',#1138,#1139,#1140);
#1143=DIRECTION('',(1.E0,0.E0,0.E0));
#1144=VECTOR('',#1143,6.2E0);
#1145=CARTESIAN_POINT('',(1.6375E2,1.7E1,-4.355E2));
#1146=LINE('',#1145,#1144);
#1147=CARTESIAN_POINT('',(1.6375E2,1.7E1,-4.48E2));
#1148=DIRECTION('',(1.E0,0.E0,0.E0));
#1149=DIRECTION('',(0.E0,9.140543121840E-1,-4.055918075822E-1));
#1150=AXIS2_PLACEMENT_3D('',#1147,#1148,#1149);
#1152=CARTESIAN_POINT('',(1.6375E2,1.7E1,-4.48E2));
#1153=DIRECTION('',(1.E0,0.E0,0.E0));
#1154=DIRECTION('',(0.E0,0.E0,1.E0));
#1155=AXIS2_PLACEMENT_3D('',#1152,#1153,#1154);
#1157=CARTESIAN_POINT('',(1.638266935604E2,1.522019970899E1,-4.603338913507E2));
#1158=CARTESIAN_POINT('',(1.638060442952E2,1.521663620170E1,-4.603282755748E2));
#1159=CARTESIAN_POINT('',(1.637646184261E2,1.521252443549E1,-4.603217836181E2));
#1160=CARTESIAN_POINT('',(1.637013580459E2,1.521485968769E1,-4.603254672187E2));
#1161=CARTESIAN_POINT('',(1.636401003764E2,1.522574507471E1,-4.603426149789E2));
#1162=CARTESIAN_POINT('',(1.635810170348E2,1.524572693625E1,-4.603741439260E2));
#1163=CARTESIAN_POINT('',(1.635280494568E2,1.527489942864E1,-4.604202858028E2));
#1164=CARTESIAN_POINT('',(1.634850169410E2,1.531284259207E1,-4.604805028267E2));
#1165=CARTESIAN_POINT('',(1.634568927306E2,1.535738415680E1,-4.605514909479E2));
#1166=CARTESIAN_POINT('',(1.634500000294E2,1.538947354871E1,-4.606028735705E2));
#1167=CARTESIAN_POINT('',(1.6345E2,1.540627570873E1,-4.606298485038E2));
#1169=CARTESIAN_POINT('',(1.6375E2,1.432304666144E1,-4.605169453471E2));
#1170=DIRECTION('',(0.E0,9.778863552450E-1,-2.091369795748E-1));
#1171=DIRECTION('',(-1.E0,0.E0,0.E0));
#1172=AXIS2_PLACEMENT_3D('',#1169,#1170,#1171);
#1174=CARTESIAN_POINT('',(1.6995E2,1.7E1,-4.48E2));
#1175=DIRECTION('',(-1.E0,0.E0,0.E0));
#1176=DIRECTION('',(0.E0,0.E0,1.E0));
#1177=AXIS2_PLACEMENT_3D('',#1174,#1175,#1176);
#1179=CARTESIAN_POINT('',(1.6995E2,1.7E1,-4.48E2));
#1180=DIRECTION('',(-1.E0,0.E0,0.E0));
#1181=DIRECTION('',(0.E0,0.E0,-1.E0));
#1182=AXIS2_PLACEMENT_3D('',#1179,#1180,#1181);
#1184=CARTESIAN_POINT('',(1.6995E2,1.7E1,-4.48E2));
#1185=DIRECTION('',(1.E0,0.E0,0.E0));
#1186=DIRECTION('',(0.E0,0.E0,1.E0));
#1187=AXIS2_PLACEMENT_3D('',#1184,#1185,#1186);
#1189=CARTESIAN_POINT('',(1.6995E2,1.7E1,-4.48E2));
#1190=DIRECTION('',(1.E0,0.E0,0.E0));
#1191=DIRECTION('',(0.E0,0.E0,-1.E0));
#1192=AXIS2_PLACEMENT_3D('',#1189,#1190,#1191);
#1194=CARTESIAN_POINT('',(1.6895E2,1.7E1,-4.58E2));
#1195=DIRECTION('',(0.E0,1.E0,0.E0));
#1196=DIRECTION('',(7.071067811931E-1,0.E0,7.071067811800E-1));
#1197=AXIS2_PLACEMENT_3D('',#1194,#1195,#1196);
#1199=CARTESIAN_POINT('',(1.6895E2,1.7E1,-4.38E2));
#1200=DIRECTION('',(0.E0,-1.E0,0.E0));
#1201=DIRECTION('',(7.071067811931E-1,0.E0,-7.071067811800E-1));
#1202=AXIS2_PLACEMENT_3D('',#1199,#1200,#1201);
#1204=DIRECTION('',(-1.E0,7.109661008068E-11,2.946383877619E-11));
#1205=VECTOR('',#1204,3.E0);
#1206=CARTESIAN_POINT('',(1.535E2,1.582036746149E0,-5.046770359943E2));
#1207=LINE('',#1206,#1205);
#1208=DIRECTION('',(1.E0,-6.128061021589E-13,9.473903143468E-14));
#1209=VECTOR('',#1208,3.E0);
#1210=CARTESIAN_POINT('',(1.505E2,8.543918712076E-1,-5.047478575644E2));
#1211=LINE('',#1210,#1209);
#1212=CARTESIAN_POINT('',(1.535E2,-3.022334578198E1,-4.720614964862E2));
#1213=DIRECTION('',(1.E0,0.E0,0.E0));
#1214=DIRECTION('',(0.E0,2.901087784934E-1,9.569936763851E-1));
#1215=AXIS2_PLACEMENT_3D('',#1212,#1213,#1214);
#1217=CARTESIAN_POINT('',(1.535E2,-3.022334578198E1,-4.720614964862E2));
#1218=DIRECTION('',(1.E0,0.E0,0.E0));
#1219=DIRECTION('',(0.E0,6.876391183606E-5,9.999999976358E-1));
#1220=AXIS2_PLACEMENT_3D('',#1217,#1218,#1219);
#1222=CARTESIAN_POINT('',(1.535E2,-3.022334578198E1,-4.720614964862E2));
#1223=DIRECTION('',(1.E0,0.E0,0.E0));
#1224=DIRECTION('',(0.E0,0.E0,-1.E0));
#1225=AXIS2_PLACEMENT_3D('',#1222,#1223,#1224);
#1227=CARTESIAN_POINT('',(1.535E2,1.7E1,-4.48E2));
#1228=DIRECTION('',(1.E0,0.E0,0.E0));
#1229=DIRECTION('',(0.E0,-8.598176911295E-1,-5.106011535638E-1));
#1230=AXIS2_PLACEMENT_3D('',#1227,#1228,#1229);
#1232=CARTESIAN_POINT('',(1.535E2,-7.061496486196E0,-4.952233457820E2));
#1233=DIRECTION('',(1.E0,0.E0,0.E0));
#1234=DIRECTION('',(0.E0,-3.278038374940E-1,9.447458092652E-1));
#1235=AXIS2_PLACEMENT_3D('',#1232,#1233,#1234);
#1237=CARTESIAN_POINT('',(1.535E2,-7.061496486196E0,-4.952233457820E2));
#1238=DIRECTION('',(1.E0,0.E0,0.E0));
#1239=DIRECTION('',(0.E0,0.E0,-1.E0));
#1240=AXIS2_PLACEMENT_3D('',#1237,#1238,#1239);
#1242=CARTESIAN_POINT('',(1.535E2,1.7E1,-4.48E2));
#1243=DIRECTION('',(1.E0,0.E0,0.E0));
#1244=DIRECTION('',(0.E0,-3.954832963199E-1,-9.184731690866E-1));
#1245=AXIS2_PLACEMENT_3D('',#1242,#1243,#1244);
#1247=CARTESIAN_POINT('',(1.535E2,1.456517748461E1,-4.969394691361E2));
#1248=DIRECTION('',(1.E0,0.E0,0.E0));
#1249=DIRECTION('',(0.E0,-4.969025470088E-2,-9.987646762815E-1));
#1250=AXIS2_PLACEMENT_3D('',#1247,#1248,#1249);
#1252=CARTESIAN_POINT('',(1.535E2,1.456517748461E1,-4.969394691361E2));
#1253=DIRECTION('',(1.E0,0.E0,0.E0));
#1254=DIRECTION('',(0.E0,0.E0,-1.E0));
#1255=AXIS2_PLACEMENT_3D('',#1252,#1253,#1254);
#1257=DIRECTION('',(0.E0,-8.910065241891E-1,-4.539904997381E-1));
#1258=VECTOR('',#1257,1.508084494691E1);
#1259=CARTESIAN_POINT('',(1.535E2,1.501916798413E1,-4.978304756604E2));
#1260=LINE('',#1259,#1258);
#1261=CARTESIAN_POINT('',(1.535E2,1.128046246370E0,-5.037860294701E2));
#1262=DIRECTION('',(-1.E0,0.E0,0.E0));
#1263=DIRECTION('',(0.E0,4.539904998492E-1,-8.910065241325E-1));
#1264=AXIS2_PLACEMENT_3D('',#1261,#1262,#1263);
#1266=CARTESIAN_POINT('',(1.535E2,1.128046246370E0,-5.037860294701E2));
#1267=DIRECTION('',(-1.E0,0.E0,0.E0));
#1268=DIRECTION('',(0.E0,0.E0,-1.E0));
#1269=AXIS2_PLACEMENT_3D('',#1266,#1267,#1268);
#1271=CARTESIAN_POINT('',(1.535E2,1.7E1,-4.48E2));
#1272=DIRECTION('',(-1.E0,0.E0,0.E0));
#1273=DIRECTION('',(0.E0,-2.736543750676E-1,-9.618280943112E-1));
#1274=AXIS2_PLACEMENT_3D('',#1271,#1272,#1273);
#1276=CARTESIAN_POINT('',(1.535E2,-3.746114623149E1,-4.280504749141E2));
#1277=DIRECTION('',(-1.E0,0.E0,0.E0));
#1278=DIRECTION('',(0.E0,-9.389852798601E-1,3.439573290482E-1));
#1279=AXIS2_PLACEMENT_3D('',#1276,#1277,#1278);
#1281=DIRECTION('',(0.E0,8.910065241882E-1,4.539904997399E-1));
#1282=VECTOR('',#1281,1.508084494704E1);
#1283=CARTESIAN_POINT('',(1.535E2,-3.791513673136E1,-4.271594683900E2));
#1284=LINE('',#1283,#1282);
#1285=CARTESIAN_POINT('',(1.535E2,-2.402401499325E1,-4.212039145800E2));
#1286=DIRECTION('',(1.E0,0.E0,0.E0));
#1287=DIRECTION('',(0.E0,-4.539905005794E-1,8.910065237604E-1));
#1288=AXIS2_PLACEMENT_3D('',#1285,#1286,#1287);
#1290=CARTESIAN_POINT('',(1.535E2,1.7E1,-4.48E2));
#1291=DIRECTION('',(1.E0,0.E0,0.E0));
#1292=DIRECTION('',(0.E0,-8.372247957785E-1,5.468588861248E-1));
#1293=AXIS2_PLACEMENT_3D('',#1290,#1291,#1292);
#1295=CARTESIAN_POINT('',(1.535E2,-3.534748205154E1,-4.397089733529E2));
#1296=DIRECTION('',(1.E0,0.E0,0.E0));
#1297=DIRECTION('',(0.E0,7.972097015329E-1,6.037024861485E-1));
#1298=AXIS2_PLACEMENT_3D('',#1295,#1296,#1297);
#1300=CARTESIAN_POINT('',(1.535E2,-3.534748205154E1,-4.397089733529E2));
#1301=DIRECTION('',(1.E0,0.E0,0.E0));
#1302=DIRECTION('',(0.E0,-1.145849501267E-4,9.999999934351E-1));
#1303=AXIS2_PLACEMENT_3D('',#1300,#1301,#1302);
#1305=CARTESIAN_POINT('',(1.535E2,-3.534748205154E1,-4.397089733529E2));
#1306=DIRECTION('',(1.E0,0.E0,0.E0));
#1307=DIRECTION('',(0.E0,0.E0,-1.E0));
#1308=AXIS2_PLACEMENT_3D('',#1305,#1306,#1307);
#1310=CARTESIAN_POINT('',(1.535E2,1.7E1,-4.48E2));
#1311=DIRECTION('',(1.E0,0.E0,0.E0));
#1312=DIRECTION('',(0.E0,-9.957309520564E-1,9.230314792502E-2));
#1313=AXIS2_PLACEMENT_3D('',#1310,#1311,#1312);
#1315=CARTESIAN_POINT('',(1.5117E2,-3.022334578198E1,-4.720614964862E2));
#1316=DIRECTION('',(1.E0,0.E0,0.E0));
#1317=DIRECTION('',(0.E0,0.E0,-1.E0));
#1318=AXIS2_PLACEMENT_3D('',#1315,#1316,#1317);
#1320=CARTESIAN_POINT('',(1.535E2,-3.022334578198E1,-4.720614964862E2));
#1321=DIRECTION('',(-1.E0,0.E0,0.E0));
#1322=DIRECTION('',(0.E0,2.901087784936E-1,9.569936763850E-1));
#1323=AXIS2_PLACEMENT_3D('',#1320,#1321,#1322);
#1325=DIRECTION('',(-7.071067811865E-1,0.E0,7.071067811866E-1));
#1326=VECTOR('',#1325,3.295117600329E0);
#1327=CARTESIAN_POINT('',(1.535E2,-3.022334578198E1,-4.765414964862E2));
#1328=LINE('',#1327,#1326);
#1329=DIRECTION('',(9.999999964342E-1,8.444849417678E-5,-2.222323146762E-9));
#1330=VECTOR('',#1329,6.700000023891E-1);
#1331=CARTESIAN_POINT('',(1.505E2,-3.022334578198E1,-4.699114964862E2));
#1332=LINE('',#1331,#1330);
#1333=DIRECTION('',(1.E0,0.E0,0.E0));
#1334=VECTOR('',#1333,6.7E-1);
#1335=CARTESIAN_POINT('',(1.505E2,-3.022334578198E1,-4.742114964862E2));
#1336=LINE('',#1335,#1334);
#1337=CARTESIAN_POINT('',(1.5117E2,-3.022334578198E1,-4.720614964862E2));
#1338=DIRECTION('',(1.E0,0.E0,0.E0));
#1339=DIRECTION('',(0.E0,0.E0,1.E0));
#1340=AXIS2_PLACEMENT_3D('',#1337,#1338,#1339);
#1342=DIRECTION('',(-7.071048757908E-1,-6.169871987439E-5,-7.071086838854E-1));
#1343=VECTOR('',#1342,3.295126479497E0);
#1344=CARTESIAN_POINT('',(1.535E2,-3.022308589640E1,-4.675814839395E2));
#1345=LINE('',#1344,#1343);
#1346=DIRECTION('',(1.E0,2.197554852866E-14,-4.102102392017E-14));
#1347=VECTOR('',#1346,9.7E0);
#1348=CARTESIAN_POINT('',(1.535E2,-2.892365845433E1,-4.677741648160E2));
#1349=LINE('',#1348,#1347);
#1350=DIRECTION('',(-1.E0,2.930073137155E-14,9.962248666327E-14));
#1351=VECTOR('',#1350,9.7E0);
#1352=CARTESIAN_POINT('',(1.632E2,-2.599088455648E1,-4.735300576782E2));
#1353=LINE('',#1352,#1351);
#1354=DIRECTION('',(1.E0,3.415366500496E-13,8.204204784034E-14));
#1355=VECTOR('',#1354,9.7E0);
#1356=CARTESIAN_POINT('',(1.535E2,-8.530057678178E0,-4.909908845565E2));
#1357=LINE('',#1356,#1355);
#1358=DIRECTION('',(-1.E0,1.651828731071E-13,-6.504762364484E-13));
#1359=VECTOR('',#1358,9.7E0);
#1360=CARTESIAN_POINT('',(1.632E2,-2.774164816E0,-4.939236584543E2));
#1361=LINE('',#1360,#1359);
#1362=CARTESIAN_POINT('',(1.5117E2,-7.061496486196E0,-4.952233457820E2));
#1363=DIRECTION('',(1.E0,0.E0,0.E0));
#1364=DIRECTION('',(0.E0,0.E0,1.E0));
#1365=AXIS2_PLACEMENT_3D('',#1362,#1363,#1364);
#1367=CARTESIAN_POINT('',(1.535E2,-7.061496486196E0,-4.952233457820E2));
#1368=DIRECTION('',(-1.E0,0.E0,0.E0));
#1369=DIRECTION('',(0.E0,-3.278038374973E-1,9.447458092641E-1));
#1370=AXIS2_PLACEMENT_3D('',#1367,#1368,#1369);
#1372=DIRECTION('',(-7.071067811865E-1,0.E0,-7.071067811866E-1));
#1373=VECTOR('',#1372,3.295117600329E0);
#1374=CARTESIAN_POINT('',(1.535E2,-7.061496486196E0,-4.907433457820E2));
#1375=LINE('',#1374,#1373);
#1376=DIRECTION('',(1.E0,0.E0,0.E0));
#1377=VECTOR('',#1376,6.7E-1);
#1378=CARTESIAN_POINT('',(1.505E2,-7.061496486196E0,-4.973733457820E2));
#1379=LINE('',#1378,#1377);
#1380=DIRECTION('',(1.E0,0.E0,-8.484092367285E-14));
#1381=VECTOR('',#1380,6.7E-1);
#1382=CARTESIAN_POINT('',(1.505E2,-7.061496486196E0,-4.930733457820E2));
#1383=LINE('',#1382,#1381);
#1384=CARTESIAN_POINT('',(1.5117E2,-7.061496486196E0,-4.952233457820E2));
#1385=DIRECTION('',(1.E0,0.E0,0.E0));
#1386=DIRECTION('',(0.E0,0.E0,-1.E0));
#1387=AXIS2_PLACEMENT_3D('',#1384,#1385,#1386);
#1389=CARTESIAN_POINT('',(1.535E2,-7.061496486196E0,-4.952233457820E2));
#1390=DIRECTION('',(-1.E0,0.E0,0.E0));
#1391=DIRECTION('',(0.E0,0.E0,1.E0));
#1392=AXIS2_PLACEMENT_3D('',#1389,#1390,#1391);
#1394=DIRECTION('',(-7.071067811866E-1,0.E0,7.071067811865E-1));
#1395=VECTOR('',#1394,3.295117600329E0);
#1396=CARTESIAN_POINT('',(1.535E2,-7.061496486196E0,-4.997033457820E2));
#1397=LINE('',#1396,#1395);
#1398=DIRECTION('',(-1.E0,6.156999309018E-12,2.431960703839E-12));
#1399=VECTOR('',#1398,9.7E0);
#1400=CARTESIAN_POINT('',(1.632E2,1.501916798407E1,-4.978304756604E2));
#1401=LINE('',#1400,#1399);
#1402=DIRECTION('',(1.E0,0.E0,0.E0));
#1403=VECTOR('',#1402,9.7E0);
#1404=CARTESIAN_POINT('',(1.535E2,1.451548722944E1,-4.979382338123E2));
#1405=LINE('',#1404,#1403);
#1406=DIRECTION('',(-1.E0,6.513308411134E-13,3.221127068779E-12));
#1407=VECTOR('',#1406,3.E0);
#1408=CARTESIAN_POINT('',(1.535E2,-3.840013151136E1,-4.277065175851E2));
#1409=LINE('',#1408,#1407);
#1410=DIRECTION('',(1.E0,-5.314622815907E-11,-3.601977975147E-11));
#1411=VECTOR('',#1410,3.E0);
#1412=CARTESIAN_POINT('',(1.505E2,-3.791513673120E1,-4.271594683899E2));
#1413=LINE('',#1412,#1411);
#1414=CARTESIAN_POINT('',(1.5117E2,-3.534748205154E1,-4.397089733529E2));
#1415=DIRECTION('',(1.E0,0.E0,0.E0));
#1416=DIRECTION('',(0.E0,0.E0,1.E0));
#1417=AXIS2_PLACEMENT_3D('',#1414,#1415,#1416);
#1419=DIRECTION('',(-7.071083468622E-1,7.411283516630E-5,-7.071052116235E-1));
#1420=VECTOR('',#1419,3.295110304297E0);
#1421=CARTESIAN_POINT('',(1.535E2,-3.534776736697E1,-4.352289836846E2));
#1422=LINE('',#1421,#1420);
#1423=DIRECTION('',(1.E0,0.E0,0.E0));
#1424=VECTOR('',#1423,6.7E-1);
#1425=CARTESIAN_POINT('',(1.505E2,-3.534748205154E1,-4.418589733529E2));
#1426=LINE('',#1425,#1424);
#1427=DIRECTION('',(-1.E0,-6.373641591597E-12,-2.525723044228E-12));
#1428=VECTOR('',#1427,9.7E0);
#1429=CARTESIAN_POINT('',(1.632E2,1.898083201593E1,-3.981695243396E2));
#1430=LINE('',#1429,#1428);
#1431=DIRECTION('',(1.E0,-5.091002075807E-14,1.172029254862E-14));
#1432=VECTOR('',#1431,9.7E0);
#1433=CARTESIAN_POINT('',(1.535E2,1.948451277056E1,-3.980617661877E2));
#1434=LINE('',#1433,#1432);
#1435=DIRECTION('',(-1.E0,-5.731711401798E-13,-2.974805587049E-12));
#1436=VECTOR('',#1435,3.E0);
#1437=CARTESIAN_POINT('',(1.535E2,7.240013151136E1,-4.682934824149E2));
#1438=LINE('',#1437,#1436);
#1439=DIRECTION('',(1.E0,5.393019364419E-11,3.639873587720E-11));
#1440=VECTOR('',#1439,3.E0);
#1441=CARTESIAN_POINT('',(1.505E2,7.191513673120E1,-4.688405316101E2));
#1442=LINE('',#1441,#1440);
#1443=DIRECTION('',(1.E0,2.121023091821E-14,0.E0));
#1444=VECTOR('',#1443,6.7E-1);
#1445=CARTESIAN_POINT('',(1.505E2,6.422334578198E1,-4.260885035138E2));
#1446=LINE('',#1445,#1444);
#1447=CARTESIAN_POINT('',(1.5117E2,6.422334578198E1,-4.239385035138E2));
#1448=DIRECTION('',(1.E0,0.E0,0.E0));
#1449=DIRECTION('',(0.E0,0.E0,1.E0));
#1450=AXIS2_PLACEMENT_3D('',#1447,#1448,#1449);
#1452=CARTESIAN_POINT('',(1.535E2,6.422334578198E1,-4.239385035138E2));
#1453=DIRECTION('',(-1.E0,0.E0,0.E0));
#1454=DIRECTION('',(0.E0,-2.901087784936E-1,-9.569936763850E-1));
#1455=AXIS2_PLACEMENT_3D('',#1452,#1453,#1454);
#1457=DIRECTION('',(-7.071027528057E-1,-1.012622294952E-4,-7.071108022938E-1));
#1458=VECTOR('',#1457,3.295136372691E0);
#1459=CARTESIAN_POINT('',(1.535E2,6.422374734903E1,-4.194584769918E2));
#1460=LINE('',#1459,#1458);
#1461=DIRECTION('',(1.E0,-2.124303024437E-14,4.102102392017E-14));
#1462=VECTOR('',#1461,9.7E0);
#1463=CARTESIAN_POINT('',(1.535E2,6.292365845433E1,-4.282258351840E2));
#1464=LINE('',#1463,#1462);
#1465=DIRECTION('',(-1.E0,-3.149828622442E-14,-1.172029254862E-13));
#1466=VECTOR('',#1465,9.7E0);
#1467=CARTESIAN_POINT('',(1.632E2,5.999088455648E1,-4.224699423218E2));
#1468=LINE('',#1467,#1466);
#1469=DIRECTION('',(1.E0,-4.629515556705E-13,2.930073137155E-14));
#1470=VECTOR('',#1469,9.7E0);
#1471=CARTESIAN_POINT('',(1.535E2,6.577598258868E1,-4.589956137851E2));
#1472=LINE('',#1471,#1470);
#1473=DIRECTION('',(-1.E0,9.376234038896E-14,3.340283376357E-13));
#1474=VECTOR('',#1473,9.7E0);
#1475=CARTESIAN_POINT('',(1.632E2,6.678654760281E1,-4.526151573963E2));
#1476=LINE('',#1475,#1474);
#1477=CARTESIAN_POINT('',(1.5117E2,6.934748205154E1,-4.562910266471E2));
#1478=DIRECTION('',(1.E0,0.E0,0.E0));
#1479=DIRECTION('',(0.E0,0.E0,1.E0));
#1480=AXIS2_PLACEMENT_3D('',#1477,#1478,#1479);
#1482=CARTESIAN_POINT('',(1.535E2,6.934748205154E1,-4.562910266471E2));
#1483=DIRECTION('',(-1.E0,0.E0,0.E0));
#1484=DIRECTION('',(0.E0,-7.972097015280E-1,-6.037024861549E-1));
#1485=AXIS2_PLACEMENT_3D('',#1482,#1483,#1484);
#1487=DIRECTION('',(-7.071074804866E-1,3.692020493316E-5,-7.071060809220E-1));
#1488=VECTOR('',#1487,3.295114341594E0);
#1489=CARTESIAN_POINT('',(1.535E2,6.934734075714E1,-4.518110312590E2));
#1490=LINE('',#1489,#1488);
#1491=DIRECTION('',(1.E0,0.E0,0.E0));
#1492=VECTOR('',#1491,6.7E-1);
#1493=CARTESIAN_POINT('',(1.505E2,6.934748205154E1,-4.584410266471E2));
#1494=LINE('',#1493,#1492);
#1495=DIRECTION('',(9.999999995704E-1,-2.931059994981E-5,-2.675034322256E-10));
#1496=VECTOR('',#1495,6.700000002878E-1);
#1497=CARTESIAN_POINT('',(1.505E2,6.934748205154E1,-4.541410266471E2));
#1498=LINE('',#1497,#1496);
#1499=CARTESIAN_POINT('',(1.5117E2,6.934748205154E1,-4.562910266471E2));
#1500=DIRECTION('',(1.E0,0.E0,0.E0));
#1501=DIRECTION('',(0.E0,0.E0,-1.E0));
#1502=AXIS2_PLACEMENT_3D('',#1499,#1500,#1501);
#1504=DIRECTION('',(-7.071067811866E-1,0.E0,7.071067811865E-1));
#1505=VECTOR('',#1504,3.295117600329E0);
#1506=CARTESIAN_POINT('',(1.535E2,6.934748205154E1,-4.607710266471E2));
#1507=LINE('',#1506,#1505);
#1508=DIRECTION('',(-1.E0,-3.303657462142E-13,-5.039725795907E-13));
#1509=VECTOR('',#1508,9.7E0);
#1510=CARTESIAN_POINT('',(1.632E2,5.886123978900E1,-4.753429443061E2));
#1511=LINE('',#1510,#1509);
#1512=DIRECTION('',(1.E0,-1.346368606523E-12,-7.149378454658E-13));
#1513=VECTOR('',#1512,9.7E0);
#1514=CARTESIAN_POINT('',(1.535E2,5.847800549328E1,-4.756870919440E2));
#1515=LINE('',#1514,#1513);
#1516=DIRECTION('',(1.E0,-3.149828622442E-13,-6.446160901741E-14));
#1517=VECTOR('',#1516,9.7E0);
#1518=CARTESIAN_POINT('',(1.535E2,4.253005767818E1,-4.050091154435E2));
#1519=LINE('',#1518,#1517);
#1520=DIRECTION('',(-1.E0,-1.530963214164E-13,6.856371140943E-13));
#1521=VECTOR('',#1520,9.7E0);
#1522=CARTESIAN_POINT('',(1.632E2,3.677416481600E1,-4.020763415457E2));
#1523=LINE('',#1522,#1521);
#1524=CARTESIAN_POINT('',(1.5117E2,4.106149648620E1,-4.007766542180E2));
#1525=DIRECTION('',(1.E0,0.E0,0.E0));
#1526=DIRECTION('',(0.E0,0.E0,-1.E0));
#1527=AXIS2_PLACEMENT_3D('',#1524,#1525,#1526);
#1529=CARTESIAN_POINT('',(1.535E2,4.106149648620E1,-4.007766542180E2));
#1530=DIRECTION('',(-1.E0,0.E0,0.E0));
#1531=DIRECTION('',(0.E0,3.278038374959E-1,-9.447458092646E-1));
#1532=AXIS2_PLACEMENT_3D('',#1529,#1530,#1531);
#1534=DIRECTION('',(-7.071067811865E-1,0.E0,7.071067811866E-1));
#1535=VECTOR('',#1534,3.295117600329E0);
#1536=CARTESIAN_POINT('',(1.535E2,4.106149648620E1,-4.052566542180E2));
#1537=LINE('',#1536,#1535);
#1538=DIRECTION('',(1.E0,-5.271760474260E-9,-8.484092367285E-14));
#1539=VECTOR('',#1538,6.7E-1);
#1540=CARTESIAN_POINT('',(1.505E2,4.106149648620E1,-3.986266542180E2));
#1541=LINE('',#1540,#1539);
#1542=DIRECTION('',(1.E0,0.E0,0.E0));
#1543=VECTOR('',#1542,6.7E-1);
#1544=CARTESIAN_POINT('',(1.505E2,4.106149648620E1,-4.029266542180E2));
#1545=LINE('',#1544,#1543);
#1546=CARTESIAN_POINT('',(1.5117E2,4.106149648620E1,-4.007766542180E2));
#1547=DIRECTION('',(1.E0,0.E0,0.E0));
#1548=DIRECTION('',(0.E0,0.E0,1.E0));
#1549=AXIS2_PLACEMENT_3D('',#1546,#1547,#1548);
#1551=CARTESIAN_POINT('',(1.535E2,4.106149648620E1,-4.007766542180E2));
#1552=DIRECTION('',(-1.E0,0.E0,0.E0));
#1553=DIRECTION('',(0.E0,0.E0,-1.E0));
#1554=AXIS2_PLACEMENT_3D('',#1551,#1552,#1553);
#1556=DIRECTION('',(-7.071067813255E-1,6.534342601260E-9,-7.071067810476E-1));
#1557=VECTOR('',#1556,3.295117599682E0);
#1558=CARTESIAN_POINT('',(1.535E2,4.106149646114E1,-3.962966542189E2));
#1559=LINE('',#1558,#1557);
#1560=DIRECTION('',(1.E0,6.390147670269E-12,-3.675874419666E-12));
#1561=VECTOR('',#1560,1.5E0);
#1562=CARTESIAN_POINT('',(1.617E2,5.132627302270E1,-4.717647437897E2));
#1563=LINE('',#1562,#1561);
#1564=DIRECTION('',(-1.E0,-3.789561257406E-14,-2.463214817314E-12));
#1565=VECTOR('',#1564,1.499999999993E0);
#1566=CARTESIAN_POINT('',(1.632E2,5.233448136624E1,-4.743281463937E2));
#1567=LINE('',#1566,#1565);
#1568=DIRECTION('',(1.E0,1.271421486611E-10,4.714214204190E-11));
#1569=VECTOR('',#1568,1.5E0);
#1570=CARTESIAN_POINT('',(1.617E2,3.155459953395E1,-4.543251021255E2));
#1571=LINE('',#1570,#1569);
#1572=DIRECTION('',(-1.E0,-1.392190066933E-11,2.258578509403E-11));
#1573=VECTOR('',#1572,1.5E0);
#1574=CARTESIAN_POINT('',(1.632E2,3.415453764273E1,-4.552349585996E2));
#1575=LINE('',#1574,#1573);
#1576=DIRECTION('',(-1.E0,0.E0,0.E0));
#1577=VECTOR('',#1576,9.999999999999E-2);
#1578=CARTESIAN_POINT('',(1.632E2,-1.853418410009E1,-4.408324349645E2));
#1579=LINE('',#1578,#1577);
#1580=DIRECTION('',(-1.E0,0.E0,0.E0));
#1581=VECTOR('',#1580,9.999999999999E-2);
#1582=CARTESIAN_POINT('',(1.632E2,-1.728418410009E1,-4.408324349645E2));
#1583=LINE('',#1582,#1581);
#1584=DIRECTION('',(-1.E0,0.E0,0.E0));
#1585=VECTOR('',#1584,9.999999999999E-2);
#1586=CARTESIAN_POINT('',(1.632E2,-1.728418410009E1,-4.495558392230E2));
#1587=LINE('',#1586,#1585);
#1588=DIRECTION('',(-1.E0,0.E0,0.E0));
#1589=VECTOR('',#1588,9.999999999999E-2);
#1590=CARTESIAN_POINT('',(1.632E2,-1.303418410009E1,-4.495558392230E2));
#1591=LINE('',#1590,#1589);
#1592=DIRECTION('',(-1.E0,0.E0,0.E0));
#1593=VECTOR('',#1592,9.999999999999E-2);
#1594=CARTESIAN_POINT('',(1.632E2,-1.303418410009E1,-4.508324349645E2));
#1595=LINE('',#1594,#1593);
#1596=DIRECTION('',(-1.E0,0.E0,0.E0));
#1597=VECTOR('',#1596,9.999999999999E-2);
#1598=CARTESIAN_POINT('',(1.632E2,-1.853418410009E1,-4.508324349645E2));
#1599=LINE('',#1598,#1597);
#1600=DIRECTION('',(0.E0,0.E0,-1.E0));
#1601=VECTOR('',#1600,1.E1);
#1602=CARTESIAN_POINT('',(1.631E2,-1.853418410009E1,-4.408324349645E2));
#1603=LINE('',#1602,#1601);
#1604=DIRECTION('',(0.E0,-1.E0,0.E0));
#1605=VECTOR('',#1604,1.25E0);
#1606=CARTESIAN_POINT('',(1.631E2,-1.728418410009E1,-4.408324349645E2));
#1607=LINE('',#1606,#1605);
#1608=DIRECTION('',(0.E0,0.E0,1.E0));
#1609=VECTOR('',#1608,8.723404258490E0);
#1610=CARTESIAN_POINT('',(1.631E2,-1.728418410009E1,-4.495558392230E2));
#1611=LINE('',#1610,#1609);
#1612=DIRECTION('',(0.E0,-1.E0,0.E0));
#1613=VECTOR('',#1612,4.25E0);
#1614=CARTESIAN_POINT('',(1.631E2,-1.303418410009E1,-4.495558392230E2));
#1615=LINE('',#1614,#1613);
#1616=DIRECTION('',(0.E0,0.E0,1.E0));
#1617=VECTOR('',#1616,1.276595741510E0);
#1618=CARTESIAN_POINT('',(1.631E2,-1.303418410009E1,-4.508324349645E2));
#1619=LINE('',#1618,#1617);
#1620=DIRECTION('',(0.E0,1.E0,0.E0));
#1621=VECTOR('',#1620,5.5E0);
#1622=CARTESIAN_POINT('',(1.631E2,-1.853418410009E1,-4.508324349645E2));
#1623=LINE('',#1622,#1621);
#1624=CARTESIAN_POINT('',(1.632E2,5.374790778149E1,-4.780971971067E2));
#1625=CARTESIAN_POINT('',(1.597E2,5.374790778150E1,-4.780971971067E2));
#1626=VERTEX_POINT('',#1624);
#1627=VERTEX_POINT('',#1625);
#1628=CARTESIAN_POINT('',(1.632E2,5.847800549326E1,-4.756870919440E2));
#1629=VERTEX_POINT('',#1628);
#1630=CARTESIAN_POINT('',(1.535E2,5.847800549328E1,-4.756870919440E2));
#1631=VERTEX_POINT('',#1630);
#1632=CARTESIAN_POINT('',(1.535E2,7.191513673136E1,-4.688405316100E2));
#1633=VERTEX_POINT('',#1632);
#1634=CARTESIAN_POINT('',(1.505E2,7.191513673120E1,-4.688405316101E2));
#1635=VERTEX_POINT('',#1634);
#1636=CARTESIAN_POINT('',(1.505E2,5.756841800327E1,-4.761505499187E2));
#1637=VERTEX_POINT('',#1636);
#1638=CARTESIAN_POINT('',(1.587E2,5.756841800304E1,-4.761505499188E2));
#1639=VERTEX_POINT('',#1638);
#1640=CARTESIAN_POINT('',(1.587E2,5.501655425752E1,-4.774507894408E2));
#1641=VERTEX_POINT('',#1640);
#1642=CARTESIAN_POINT('',(1.607E2,5.214304242460E1,-4.775295075757E2));
#1643=CARTESIAN_POINT('',(1.607E2,2.877193443725E1,-4.555777014725E2));
#1644=VERTEX_POINT('',#1642);
#1645=VERTEX_POINT('',#1643);
#1646=CARTESIAN_POINT('',(1.632E2,5.214304242463E1,-4.775295075757E2));
#1647=VERTEX_POINT('',#1646);
#1648=CARTESIAN_POINT('',(1.597E2,2.583859194576E1,-4.463031522118E2));
#1649=VERTEX_POINT('',#1648);
#1650=CARTESIAN_POINT('',(1.6145E2,2.583859194576E1,-4.463031522118E2));
#1651=VERTEX_POINT('',#1650);
#1652=CARTESIAN_POINT('',(1.6145E2,2.713915440591E1,-4.513523414313E2));
#1653=VERTEX_POINT('',#1652);
#1654=VERTEX_POINT('',#883);
#1655=VERTEX_POINT('',#870);
#1656=CARTESIAN_POINT('',(1.6345E2,2.877193443723E1,-4.555777014725E2));
#1657=VERTEX_POINT('',#1656);
#1658=CARTESIAN_POINT('',(1.632E2,2.877193443722E1,-4.555777014725E2));
#1659=VERTEX_POINT('',#1658);
#1660=VERTEX_POINT('',#13);
#1661=CARTESIAN_POINT('',(1.617E2,2.968380687690E1,-4.551672277781E2));
#1662=VERTEX_POINT('',#1661);
#1663=CARTESIAN_POINT('',(1.632E2,5.156881383735E1,-4.762182891400E2));
#1664=VERTEX_POINT('',#1663);
#1665=CARTESIAN_POINT('',(1.617E2,5.233448136624E1,-4.743281463937E2));
#1666=VERTEX_POINT('',#1665);
#1667=CARTESIAN_POINT('',(1.632E2,5.233448136624E1,-4.743281463937E2));
#1668=VERTEX_POINT('',#1667);
#1669=CARTESIAN_POINT('',(1.617E2,3.155459953395E1,-4.543251021255E2));
#1670=VERTEX_POINT('',#1669);
#1671=CARTESIAN_POINT('',(1.617E2,3.237554692250E1,-4.541488470049E2));
#1672=VERTEX_POINT('',#1671);
#1673=CARTESIAN_POINT('',(1.617E2,3.415453764263E1,-4.552349585994E2));
#1674=VERTEX_POINT('',#1673);
#1675=CARTESIAN_POINT('',(1.617E2,5.132627302269E1,-4.717647437897E2));
#1676=VERTEX_POINT('',#1675);
#1677=CARTESIAN_POINT('',(1.632E2,3.155459953414E1,-4.543251021254E2));
#1678=VERTEX_POINT('',#1677);
#1679=CARTESIAN_POINT('',(1.632E2,1.948451277009E1,-3.980617661877E2));
#1680=CARTESIAN_POINT('',(1.632E2,3.677416481600E1,-4.020763415457E2));
#1681=VERTEX_POINT('',#1679);
#1682=VERTEX_POINT('',#1680);
#1683=CARTESIAN_POINT('',(1.632E2,4.106149648620E1,-4.052566542180E2));
#1684=VERTEX_POINT('',#1683);
#1685=CARTESIAN_POINT('',(1.632E2,4.253005767817E1,-4.050091154435E2));
#1686=VERTEX_POINT('',#1685);
#1687=CARTESIAN_POINT('',(1.632E2,5.999088455648E1,-4.224699423218E2));
#1688=VERTEX_POINT('',#1687);
#1689=CARTESIAN_POINT('',(1.632E2,6.292365845433E1,-4.282258351840E2));
#1690=VERTEX_POINT('',#1689);
#1691=CARTESIAN_POINT('',(1.632E2,6.678654760282E1,-4.526151573962E2));
#1692=VERTEX_POINT('',#1691);
#1693=CARTESIAN_POINT('',(1.632E2,6.577598258867E1,-4.589956137850E2));
#1694=VERTEX_POINT('',#1693);
#1695=CARTESIAN_POINT('',(1.632E2,5.886123978894E1,-4.753429443062E2));
#1696=VERTEX_POINT('',#1695);
#1697=CARTESIAN_POINT('',(1.632E2,5.132627302272E1,-4.717647437897E2));
#1698=VERTEX_POINT('',#1697);
#1699=CARTESIAN_POINT('',(1.632E2,3.415453764267E1,-4.552349585995E2));
#1700=VERTEX_POINT('',#1699);
#1701=CARTESIAN_POINT('',(1.632E2,3.237554692250E1,-4.541488470049E2));
#1702=VERTEX_POINT('',#1701);
#1703=CARTESIAN_POINT('',(1.632E2,1.7E1,-4.34E2));
#1704=VERTEX_POINT('',#1703);
#1705=CARTESIAN_POINT('',(1.632E2,1.621111981634E1,-4.619777561882E2));
#1706=VERTEX_POINT('',#1705);
#1707=CARTESIAN_POINT('',(1.632E2,1.356213615182E1,-4.634927201178E2));
#1708=VERTEX_POINT('',#1707);
#1709=CARTESIAN_POINT('',(1.632E2,1.277002022446E1,-4.661309144495E2));
#1710=VERTEX_POINT('',#1709);
#1711=CARTESIAN_POINT('',(1.632E2,1.604960454396E1,-4.897391041529E2));
#1712=VERTEX_POINT('',#1711);
#1713=CARTESIAN_POINT('',(1.632E2,1.753083081846E1,-4.920614920831E2));
#1714=VERTEX_POINT('',#1713);
#1715=CARTESIAN_POINT('',(1.632E2,1.951003650352E1,-4.925530520712E2));
#1716=VERTEX_POINT('',#1715);
#1717=CARTESIAN_POINT('',(1.632E2,2.023331140645E1,-4.937883276160E2));
#1718=VERTEX_POINT('',#1717);
#1719=CARTESIAN_POINT('',(1.632E2,1.974926569585E1,-4.954203704976E2));
#1720=VERTEX_POINT('',#1719);
#1721=CARTESIAN_POINT('',(1.632E2,1.501916798407E1,-4.978304756604E2));
#1722=VERTEX_POINT('',#1721);
#1723=CARTESIAN_POINT('',(1.632E2,1.456517748461E1,-4.979394691361E2));
#1724=VERTEX_POINT('',#1723);
#1725=CARTESIAN_POINT('',(1.632E2,1.451548722991E1,-4.979382338124E2));
#1726=VERTEX_POINT('',#1725);
#1727=CARTESIAN_POINT('',(1.632E2,-2.774164815993E0,-4.939236584543E2));
#1728=VERTEX_POINT('',#1727);
#1729=CARTESIAN_POINT('',(1.632E2,-7.061496486196E0,-4.907433457820E2));
#1730=CARTESIAN_POINT('',(1.632E2,-8.530057678166E0,-4.909908845565E2));
#1731=VERTEX_POINT('',#1729);
#1732=VERTEX_POINT('',#1730);
#1733=CARTESIAN_POINT('',(1.632E2,-2.599088455648E1,-4.735300576782E2));
#1734=VERTEX_POINT('',#1733);
#1735=CARTESIAN_POINT('',(1.632E2,-2.892365845433E1,-4.677741648160E2));
#1736=VERTEX_POINT('',#1735);
#1737=CARTESIAN_POINT('',(1.632E2,-3.278654760282E1,-4.433848426038E2));
#1738=VERTEX_POINT('',#1737);
#1739=CARTESIAN_POINT('',(1.632E2,-3.177598258867E1,-4.370043862150E2));
#1740=VERTEX_POINT('',#1739);
#1741=CARTESIAN_POINT('',(1.632E2,-2.486123978894E1,-4.206570556938E2));
#1742=VERTEX_POINT('',#1741);
#1743=CARTESIAN_POINT('',(1.632E2,-2.447800549372E1,-4.203129080562E2));
#1744=VERTEX_POINT('',#1743);
#1745=CARTESIAN_POINT('',(1.632E2,1.898083201593E1,-3.981695243396E2));
#1746=VERTEX_POINT('',#1745);
#1747=CARTESIAN_POINT('',(1.632E2,1.943482251539E1,-3.980605308639E2));
#1748=VERTEX_POINT('',#1747);
#1749=CARTESIAN_POINT('',(1.535E2,3.677416481600E1,-4.020763415457E2));
#1750=CARTESIAN_POINT('',(1.535E2,1.948451277009E1,-3.980617661877E2));
#1751=VERTEX_POINT('',#1749);
#1752=VERTEX_POINT('',#1750);
#1753=CARTESIAN_POINT('',(1.535E2,6.422334578198E1,-4.284185035138E2));
#1754=CARTESIAN_POINT('',(1.535E2,6.422398458155E1,-4.194585035593E2));
#1755=VERTEX_POINT('',#1753);
#1756=VERTEX_POINT('',#1754);
#1757=CARTESIAN_POINT('',(1.535E2,5.999088455648E1,-4.224699423218E2));
#1758=VERTEX_POINT('',#1757);
#1759=CARTESIAN_POINT('',(1.535E2,4.253005767817E1,-4.050091154435E2));
#1760=VERTEX_POINT('',#1759);
#1761=CARTESIAN_POINT('',(1.535E2,4.106149644045E1,-3.962966542180E2));
#1762=VERTEX_POINT('',#1761);
#1763=CARTESIAN_POINT('',(1.535E2,1.943482251539E1,-3.980605308639E2));
#1764=CARTESIAN_POINT('',(1.535E2,1.898083201633E1,-3.981695243394E2));
#1765=VERTEX_POINT('',#1763);
#1766=VERTEX_POINT('',#1764);
#1767=CARTESIAN_POINT('',(1.535E2,3.241796325385E1,-3.913229640057E2));
#1768=VERTEX_POINT('',#1767);
#1769=CARTESIAN_POINT('',(1.535E2,3.287195375363E1,-3.912139705299E2));
#1770=CARTESIAN_POINT('',(1.535E2,3.314560812898E1,-3.912521424357E2));
#1771=VERTEX_POINT('',#1769);
#1772=VERTEX_POINT('',#1770);
#1773=CARTESIAN_POINT('',(1.535E2,7.240013151134E1,-4.682934824150E2));
#1774=VERTEX_POINT('',#1773);
#1775=CARTESIAN_POINT('',(1.535E2,5.886123978895E1,-4.753429443063E2));
#1776=VERTEX_POINT('',#1775);
#1777=CARTESIAN_POINT('',(1.535E2,6.577598258867E1,-4.589956137850E2));
#1778=VERTEX_POINT('',#1777);
#1779=CARTESIAN_POINT('',(1.535E2,6.934748205154E1,-4.607710266471E2));
#1780=VERTEX_POINT('',#1779);
#1781=CARTESIAN_POINT('',(1.535E2,6.934722184884E1,-4.518110266547E2));
#1782=VERTEX_POINT('',#1781);
#1783=CARTESIAN_POINT('',(1.535E2,6.678654760282E1,-4.526151573963E2));
#1784=VERTEX_POINT('',#1783);
#1785=CARTESIAN_POINT('',(1.535E2,6.292365845433E1,-4.282258351840E2));
#1786=VERTEX_POINT('',#1785);
#1787=CARTESIAN_POINT('',(1.5117E2,6.422334578198E1,-4.260885035138E2));
#1788=CARTESIAN_POINT('',(1.5117E2,6.422334578198E1,-4.217885035138E2));
#1789=VERTEX_POINT('',#1787);
#1790=VERTEX_POINT('',#1788);
#1791=CARTESIAN_POINT('',(1.505E2,6.422334578198E1,-4.217885035138E2));
#1792=CARTESIAN_POINT('',(1.505E2,6.422334578198E1,-4.260885035138E2));
#1793=VERTEX_POINT('',#1791);
#1794=VERTEX_POINT('',#1792);
#1795=CARTESIAN_POINT('',(1.505E2,7.240013151133E1,-4.682934824150E2));
#1796=CARTESIAN_POINT('',(1.505E2,3.314560812899E1,-3.912521424356E2));
#1797=VERTEX_POINT('',#1795);
#1798=VERTEX_POINT('',#1796);
#1799=CARTESIAN_POINT('',(1.505E2,3.287195375363E1,-3.912139705299E2));
#1800=CARTESIAN_POINT('',(1.505E2,3.241796325316E1,-3.913229640061E2));
#1801=VERTEX_POINT('',#1799);
#1802=VERTEX_POINT('',#1800);
#1803=CARTESIAN_POINT('',(1.505E2,1.807124452570E1,-3.986329823144E2));
#1804=VERTEX_POINT('',#1803);
#1805=CARTESIAN_POINT('',(1.505E2,1.849378688082E1,-4.005234942234E2));
#1806=VERTEX_POINT('',#1805);
#1807=CARTESIAN_POINT('',(1.505E2,5.628732590518E1,-4.746974909537E2));
#1808=VERTEX_POINT('',#1807);
#1809=CARTESIAN_POINT('',(1.505E2,5.711442750328E1,-4.762595433946E2));
#1810=VERTEX_POINT('',#1809);
#1811=CARTESIAN_POINT('',(1.505E2,6.934748205154E1,-4.584410266471E2));
#1812=CARTESIAN_POINT('',(1.505E2,6.934748205154E1,-4.541410266471E2));
#1813=VERTEX_POINT('',#1811);
#1814=VERTEX_POINT('',#1812);
#1815=CARTESIAN_POINT('',(1.505E2,4.106149648620E1,-4.029266542180E2));
#1816=CARTESIAN_POINT('',(1.505E2,4.106149648620E1,-3.986266542180E2));
#1817=VERTEX_POINT('',#1815);
#1818=VERTEX_POINT('',#1816);
#1819=CARTESIAN_POINT('',(1.5117E2,4.106149648620E1,-4.029266542180E2));
#1820=VERTEX_POINT('',#1819);
#1821=CARTESIAN_POINT('',(1.5117E2,4.106149648620E1,-3.986266542180E2));
#1822=VERTEX_POINT('',#1821);
#1823=CARTESIAN_POINT('',(1.535E2,4.106149648620E1,-4.052566542180E2));
#1824=VERTEX_POINT('',#1823);
#1825=CARTESIAN_POINT('',(1.5117E2,6.934748205154E1,-4.541410266471E2));
#1826=CARTESIAN_POINT('',(1.5117E2,6.934748205154E1,-4.584410266471E2));
#1827=VERTEX_POINT('',#1825);
#1828=VERTEX_POINT('',#1826);
#1829=CARTESIAN_POINT('',(1.535E2,-2.447800549328E1,-4.203129080560E2));
#1830=VERTEX_POINT('',#1829);
#1831=CARTESIAN_POINT('',(1.535E2,-3.791513673136E1,-4.271594683900E2));
#1832=VERTEX_POINT('',#1831);
#1833=CARTESIAN_POINT('',(1.505E2,-3.791513673120E1,-4.271594683899E2));
#1834=VERTEX_POINT('',#1833);
#1835=CARTESIAN_POINT('',(1.505E2,-2.356841800328E1,-4.198494500813E2));
#1836=VERTEX_POINT('',#1835);
#1837=CARTESIAN_POINT('',(1.587E2,-2.356841800306E1,-4.198494500812E2));
#1838=VERTEX_POINT('',#1837);
#1839=CARTESIAN_POINT('',(1.587E2,1.807124452561E1,-3.986329823145E2));
#1840=VERTEX_POINT('',#1839);
#1841=CARTESIAN_POINT('',(1.535E2,-2.486123978900E1,-4.206570556939E2));
#1842=VERTEX_POINT('',#1841);
#1843=CARTESIAN_POINT('',(1.535E2,-3.177598258868E1,-4.370043862149E2));
#1844=VERTEX_POINT('',#1843);
#1845=CARTESIAN_POINT('',(1.535E2,-3.278654760280E1,-4.433848426037E2));
#1846=VERTEX_POINT('',#1845);
#1847=CARTESIAN_POINT('',(1.5117E2,-3.534748205154E1,-4.418589733529E2));
#1848=CARTESIAN_POINT('',(1.5117E2,-3.534748205154E1,-4.375589733529E2));
#1849=VERTEX_POINT('',#1847);
#1850=VERTEX_POINT('',#1848);
#1851=CARTESIAN_POINT('',(1.535E2,-3.534776736697E1,-4.352289836846E2));
#1852=VERTEX_POINT('',#1851);
#1853=CARTESIAN_POINT('',(1.535E2,-3.534748205154E1,-4.441889733529E2));
#1854=VERTEX_POINT('',#1853);
#1855=CARTESIAN_POINT('',(1.505E2,-3.534748205154E1,-4.375589733529E2));
#1856=CARTESIAN_POINT('',(1.505E2,-3.534748205154E1,-4.418589733529E2));
#1857=VERTEX_POINT('',#1855);
#1858=VERTEX_POINT('',#1856);
#1859=CARTESIAN_POINT('',(1.505E2,1.582036746362E0,-5.046770359942E2));
#1860=CARTESIAN_POINT('',(1.505E2,1.592875547430E1,-4.973670176856E2));
#1861=VERTEX_POINT('',#1859);
#1862=VERTEX_POINT('',#1860);
#1863=CARTESIAN_POINT('',(1.505E2,1.550621311918E1,-4.954765057766E2));
#1864=VERTEX_POINT('',#1863);
#1865=CARTESIAN_POINT('',(1.505E2,-2.228732590518E1,-4.213025090463E2));
#1866=VERTEX_POINT('',#1865);
#1867=CARTESIAN_POINT('',(1.505E2,-2.311442750328E1,-4.197404566054E2));
#1868=VERTEX_POINT('',#1867);
#1869=CARTESIAN_POINT('',(1.505E2,-3.840013151134E1,-4.277065175850E2));
#1870=VERTEX_POINT('',#1869);
#1871=CARTESIAN_POINT('',(1.505E2,8.543918710182E-1,-5.047478575644E2));
#1872=VERTEX_POINT('',#1871);
#1873=CARTESIAN_POINT('',(1.505E2,1.128046246370E0,-5.047860294701E2));
#1874=VERTEX_POINT('',#1873);
#1875=CARTESIAN_POINT('',(1.505E2,-7.061496486196E0,-4.973733457820E2));
#1876=CARTESIAN_POINT('',(1.505E2,-7.061496486196E0,-4.930733457820E2));
#1877=VERTEX_POINT('',#1875);
#1878=VERTEX_POINT('',#1876);
#1879=CARTESIAN_POINT('',(1.505E2,-3.022334578198E1,-4.742114964862E2));
#1880=CARTESIAN_POINT('',(1.505E2,-3.022334578198E1,-4.699114964862E2));
#1881=VERTEX_POINT('',#1879);
#1882=VERTEX_POINT('',#1880);
#1883=CARTESIAN_POINT('',(1.5117E2,-3.022334578198E1,-4.742114964862E2));
#1884=VERTEX_POINT('',#1883);
#1885=CARTESIAN_POINT('',(1.5117E2,-3.022334578198E1,-4.699114964862E2));
#1886=VERTEX_POINT('',#1885);
#1887=CARTESIAN_POINT('',(1.535E2,-3.022308589640E1,-4.675814839395E2));
#1888=VERTEX_POINT('',#1887);
#1889=CARTESIAN_POINT('',(1.535E2,-2.892365845433E1,-4.677741648160E2));
#1890=VERTEX_POINT('',#1889);
#1891=CARTESIAN_POINT('',(1.535E2,-2.599088455648E1,-4.735300576782E2));
#1892=VERTEX_POINT('',#1891);
#1893=CARTESIAN_POINT('',(1.535E2,-3.022334578198E1,-4.765414964862E2));
#1894=VERTEX_POINT('',#1893);
#1895=CARTESIAN_POINT('',(1.535E2,-8.530057678169E0,-4.909908845565E2));
#1896=VERTEX_POINT('',#1895);
#1897=CARTESIAN_POINT('',(1.535E2,-7.061496486196E0,-4.997033457820E2));
#1898=VERTEX_POINT('',#1897);
#1899=CARTESIAN_POINT('',(1.535E2,-2.774164815997E0,-4.939236584543E2));
#1900=VERTEX_POINT('',#1899);
#1901=CARTESIAN_POINT('',(1.535E2,1.451548722991E1,-4.979382338123E2));
#1902=VERTEX_POINT('',#1901);
#1903=CARTESIAN_POINT('',(1.535E2,1.456517748461E1,-4.979394691361E2));
#1904=VERTEX_POINT('',#1903);
#1905=CARTESIAN_POINT('',(1.535E2,1.501916798367E1,-4.978304756606E2));
#1906=VERTEX_POINT('',#1905);
#1907=CARTESIAN_POINT('',(1.535E2,1.582036746149E0,-5.046770359943E2));
#1908=VERTEX_POINT('',#1907);
#1909=CARTESIAN_POINT('',(1.535E2,1.128046246370E0,-5.047860294701E2));
#1910=VERTEX_POINT('',#1909);
#1911=CARTESIAN_POINT('',(1.535E2,8.543918710217E-1,-5.047478575643E2));
#1912=VERTEX_POINT('',#1911);
#1913=CARTESIAN_POINT('',(1.535E2,-3.840013151134E1,-4.277065175851E2));
#1914=VERTEX_POINT('',#1913);
#1915=CARTESIAN_POINT('',(1.535E2,-7.061496486196E0,-4.907433457820E2));
#1916=VERTEX_POINT('',#1915);
#1917=CARTESIAN_POINT('',(1.5117E2,-7.061496486196E0,-4.930733457820E2));
#1918=CARTESIAN_POINT('',(1.5117E2,-7.061496486196E0,-4.973733457820E2));
#1919=VERTEX_POINT('',#1917);
#1920=VERTEX_POINT('',#1918);
#1921=CARTESIAN_POINT('',(1.587E2,1.592875547433E1,-4.973670176856E2));
#1922=CARTESIAN_POINT('',(1.587E2,1.848061921981E1,-4.960667781636E2));
#1923=VERTEX_POINT('',#1921);
#1924=VERTEX_POINT('',#1922);
#1925=CARTESIAN_POINT('',(1.597E2,1.974926569585E1,-4.954203704976E2));
#1926=VERTEX_POINT('',#1925);
#1927=CARTESIAN_POINT('',(1.587E2,5.711442750328E1,-4.762595433946E2));
#1928=VERTEX_POINT('',#1927);
#1929=CARTESIAN_POINT('',(1.587E2,5.628732590518E1,-4.746974909536E2));
#1930=VERTEX_POINT('',#1929);
#1931=CARTESIAN_POINT('',(1.587E2,1.849378688081E1,-4.005234942234E2));
#1932=VERTEX_POINT('',#1931);
#1933=CARTESIAN_POINT('',(1.587E2,-2.311442750328E1,-4.197404566054E2));
#1934=CARTESIAN_POINT('',(1.587E2,-2.228732590518E1,-4.213025090464E2));
#1935=VERTEX_POINT('',#1933);
#1936=VERTEX_POINT('',#1934);
#1937=CARTESIAN_POINT('',(1.587E2,1.550621311919E1,-4.954765057766E2));
#1938=VERTEX_POINT('',#1937);
#1939=CARTESIAN_POINT('',(1.587E2,9.702252561658E0,-4.548368766499E2));
#1940=VERTEX_POINT('',#1939);
#1941=CARTESIAN_POINT('',(1.587E2,1.7E1,-4.38E2));
#1942=CARTESIAN_POINT('',(1.587E2,2.682065771755E1,-4.461146135689E2));
#1943=VERTEX_POINT('',#1941);
#1944=VERTEX_POINT('',#1942);
#1945=CARTESIAN_POINT('',(1.597E2,1.043202730577E1,-4.541531889852E2));
#1946=VERTEX_POINT('',#1945);
#1947=CARTESIAN_POINT('',(1.607E2,1.621111981639E1,-4.619777561882E2));
#1948=CARTESIAN_POINT('',(1.607E2,2.023331140643E1,-4.937883276160E2));
#1949=VERTEX_POINT('',#1947);
#1950=VERTEX_POINT('',#1948);
#1951=CARTESIAN_POINT('',(1.6345E2,1.621111981638E1,-4.619777561882E2));
#1952=VERTEX_POINT('',#1951);
#1953=CARTESIAN_POINT('',(1.6345E2,1.540627576984E1,-4.606298485965E2));
#1954=VERTEX_POINT('',#1953);
#1955=VERTEX_POINT('',#1157);
#1956=VERTEX_POINT('',#1111);
#1957=CARTESIAN_POINT('',(1.6145E2,1.043202730577E1,-4.541531889852E2));
#1958=VERTEX_POINT('',#1957);
#1959=CARTESIAN_POINT('',(1.617E2,1.534305444987E1,-4.624742061046E2));
#1960=VERTEX_POINT('',#1959);
#1961=VERTEX_POINT('',#816);
#1962=CARTESIAN_POINT('',(1.617E2,1.356213615174E1,-4.634927201179E2));
#1963=VERTEX_POINT('',#1962);
#1964=CARTESIAN_POINT('',(1.617E2,1.753083081844E1,-4.920614920831E2));
#1965=VERTEX_POINT('',#1964);
#1966=CARTESIAN_POINT('',(1.617E2,1.604960454396E1,-4.897391041530E2));
#1967=VERTEX_POINT('',#1966);
#1968=CARTESIAN_POINT('',(1.617E2,1.277002022450E1,-4.661309144496E2));
#1969=VERTEX_POINT('',#1968);
#1970=CARTESIAN_POINT('',(1.6345E2,1.7E1,-4.34E2));
#1971=VERTEX_POINT('',#1970);
#1972=VERTEX_POINT('',#853);
#1973=CARTESIAN_POINT('',(1.6345E2,1.7E1,-4.352E2));
#1974=VERTEX_POINT('',#1973);
#1975=CARTESIAN_POINT('',(1.6345E2,1.432304666118E1,-4.605169453471E2));
#1976=VERTEX_POINT('',#1975);
#1977=VERTEX_POINT('',#918);
#1978=VERTEX_POINT('',#904);
#1979=CARTESIAN_POINT('',(1.6445E2,2.707515782422E1,-4.553987292704E2));
#1980=VERTEX_POINT('',#1979);
#1981=VERTEX_POINT('',#933);
#1982=VERTEX_POINT('',#944);
#1983=CARTESIAN_POINT('',(1.6895E2,1.7E1,-4.57E2));
#1984=CARTESIAN_POINT('',(1.6895E2,1.7E1,-4.39E2));
#1985=VERTEX_POINT('',#1983);
#1986=VERTEX_POINT('',#1984);
#1987=CARTESIAN_POINT('',(1.6445E2,1.7E1,-4.57E2));
#1988=VERTEX_POINT('',#1987);
#1989=CARTESIAN_POINT('',(1.597E2,1.7E1,-4.39E2));
#1990=VERTEX_POINT('',#1989);
#1991=CARTESIAN_POINT('',(1.696571067812E2,1.7E1,-4.387071067812E2));
#1992=VERTEX_POINT('',#1991);
#1993=CARTESIAN_POINT('',(1.696571067812E2,1.7E1,-4.572928932188E2));
#1994=VERTEX_POINT('',#1993);
#1995=VERTEX_POINT('',#1000);
#1996=CARTESIAN_POINT('',(1.6345E2,1.604573859409E1,-4.579543651314E2));
#1997=VERTEX_POINT('',#1996);
#1998=CARTESIAN_POINT('',(1.6345E2,1.7E1,-4.58E2));
#1999=VERTEX_POINT('',#1998);
#2000=CARTESIAN_POINT('',(1.6345E2,1.705857505034E1,-4.594998508235E2));
#2001=VERTEX_POINT('',#2000);
#2002=VERTEX_POINT('',#1101);
#2003=VERTEX_POINT('',#1104);
#2004=VERTEX_POINT('',#1125);
#2005=CARTESIAN_POINT('',(1.6995E2,1.700036637988E1,-4.604999999919E2));
#2006=VERTEX_POINT('',#2005);
#2007=CARTESIAN_POINT('',(1.6995E2,1.7E1,-4.355E2));
#2008=VERTEX_POINT('',#2007);
#2009=CARTESIAN_POINT('',(1.6375E2,1.7E1,-4.355E2));
#2010=VERTEX_POINT('',#2009);
#2011=CARTESIAN_POINT('',(1.6995E2,1.7E1,-4.38E2));
#2012=CARTESIAN_POINT('',(1.6995E2,1.7E1,-4.58E2));
#2013=VERTEX_POINT('',#2011);
#2014=VERTEX_POINT('',#2012);
#2015=CARTESIAN_POINT('',(1.631E2,-1.853418410009E1,-4.408324349645E2));
#2016=CARTESIAN_POINT('',(1.631E2,-1.853418410009E1,-4.508324349645E2));
#2017=VERTEX_POINT('',#2015);
#2018=VERTEX_POINT('',#2016);
#2019=CARTESIAN_POINT('',(1.631E2,-1.728418410009E1,-4.495558392230E2));
#2020=CARTESIAN_POINT('',(1.631E2,-1.728418410009E1,-4.408324349645E2));
#2021=VERTEX_POINT('',#2019);
#2022=VERTEX_POINT('',#2020);
#2023=CARTESIAN_POINT('',(1.632E2,-1.853418410009E1,-4.408324349645E2));
#2024=CARTESIAN_POINT('',(1.632E2,-1.853418410009E1,-4.508324349645E2));
#2025=VERTEX_POINT('',#2023);
#2026=VERTEX_POINT('',#2024);
#2027=CARTESIAN_POINT('',(1.632E2,-1.728418410009E1,-4.495558392230E2));
#2028=CARTESIAN_POINT('',(1.632E2,-1.728418410009E1,-4.408324349645E2));
#2029=VERTEX_POINT('',#2027);
#2030=VERTEX_POINT('',#2028);
#2031=CARTESIAN_POINT('',(1.631E2,-1.303418410009E1,-4.508324349645E2));
#2032=VERTEX_POINT('',#2031);
#2033=CARTESIAN_POINT('',(1.631E2,-1.303418410009E1,-4.495558392230E2));
#2034=VERTEX_POINT('',#2033);
#2035=CARTESIAN_POINT('',(1.632E2,-1.303418410009E1,-4.508324349645E2));
#2036=VERTEX_POINT('',#2035);
#2037=CARTESIAN_POINT('',(1.632E2,-1.303418410009E1,-4.495558392230E2));
#2038=VERTEX_POINT('',#2037);
#2039=CARTESIAN_POINT('',(1.632E2,3.674858673867E1,-4.867587838022E2));
#2040=DIRECTION('',(0.E0,4.539904997395E-1,-8.910065241884E-1));
#2041=DIRECTION('',(0.E0,8.910065241884E-1,4.539904997395E-1));
#2042=AXIS2_PLACEMENT_3D('',#2039,#2040,#2041);
#2043=PLANE('',#2042);
#2045=ORIENTED_EDGE('',*,*,#2044,.F.);
#2047=ORIENTED_EDGE('',*,*,#2046,.F.);
#2049=ORIENTED_EDGE('',*,*,#2048,.F.);
#2051=ORIENTED_EDGE('',*,*,#2050,.F.);
#2053=ORIENTED_EDGE('',*,*,#2052,.F.);
#2055=ORIENTED_EDGE('',*,*,#2054,.F.);
#2057=ORIENTED_EDGE('',*,*,#2056,.F.);
#2059=ORIENTED_EDGE('',*,*,#2058,.F.);
#2061=ORIENTED_EDGE('',*,*,#2060,.F.);
#2062=EDGE_LOOP('',(#2045,#2047,#2049,#2051,#2053,#2055,#2057,#2059,#2061));
#2063=FACE_OUTER_BOUND('',#2062,.F.);
#2064=ADVANCED_FACE('',(#2063),#2043,.T.);
#2065=CARTESIAN_POINT('',(1.63452E2,6.687860489825E1,-4.384242213107E2));
#2066=DIRECTION('',(-1.E0,0.E0,0.E0));
#2067=DIRECTION('',(0.E0,0.E0,1.E0));
#2068=AXIS2_PLACEMENT_3D('',#2065,#2066,#2067);
#2069=CYLINDRICAL_SURFACE('',#2068,4.178947493430E1);
#2071=ORIENTED_EDGE('',*,*,#2070,.F.);
#2073=ORIENTED_EDGE('',*,*,#2072,.F.);
#2075=ORIENTED_EDGE('',*,*,#2074,.F.);
#2076=ORIENTED_EDGE('',*,*,#2044,.T.);
#2078=ORIENTED_EDGE('',*,*,#2077,.F.);
#2080=ORIENTED_EDGE('',*,*,#2079,.F.);
#2082=ORIENTED_EDGE('',*,*,#2081,.F.);
#2084=ORIENTED_EDGE('',*,*,#2083,.F.);
#2086=ORIENTED_EDGE('',*,*,#2085,.F.);
#2088=ORIENTED_EDGE('',*,*,#2087,.F.);
#2090=ORIENTED_EDGE('',*,*,#2089,.T.);
#2092=ORIENTED_EDGE('',*,*,#2091,.T.);
#2093=EDGE_LOOP('',(#2071,#2073,#2075,#2076,#2078,#2080,#2082,#2084,#2086,#2088,
#2090,#2092));
#2094=FACE_OUTER_BOUND('',#2093,.F.);
#2095=ADVANCED_FACE('',(#2094),#2069,.T.);
#2096=CARTESIAN_POINT('',(1.607E2,6.687860489825E1,-4.384242213107E2));
#2097=DIRECTION('',(1.E0,0.E0,0.E0));
#2098=DIRECTION('',(0.E0,0.E0,-1.E0));
#2099=AXIS2_PLACEMENT_3D('',#2096,#2097,#2098);
#2100=TOROIDAL_SURFACE('',#2099,4.078947493430E1,1.E0);
#2102=ORIENTED_EDGE('',*,*,#2101,.T.);
#2103=ORIENTED_EDGE('',*,*,#2070,.T.);
#2105=ORIENTED_EDGE('',*,*,#2104,.F.);
#2107=ORIENTED_EDGE('',*,*,#2106,.F.);
#2108=EDGE_LOOP('',(#2102,#2103,#2105,#2107));
#2109=FACE_OUTER_BOUND('',#2108,.F.);
#2110=ADVANCED_FACE('',(#2109),#2100,.T.);
#2111=CARTESIAN_POINT('',(1.63452E2,5.249565662943E1,-4.765937387888E2));
#2112=DIRECTION('',(-1.E0,0.E0,0.E0));
#2113=DIRECTION('',(0.E0,0.E0,1.E0));
#2114=AXIS2_PLACEMENT_3D('',#2111,#2112,#2113);
#2115=CYLINDRICAL_SURFACE('',#2114,1.E0);
#2116=ORIENTED_EDGE('',*,*,#2101,.F.);
#2118=ORIENTED_EDGE('',*,*,#2117,.T.);
#2120=ORIENTED_EDGE('',*,*,#2119,.F.);
#2121=ORIENTED_EDGE('',*,*,#2072,.T.);
#2122=EDGE_LOOP('',(#2116,#2118,#2120,#2121));
#2123=FACE_OUTER_BOUND('',#2122,.F.);
#2124=ADVANCED_FACE('',(#2123),#2115,.T.);
#2125=CARTESIAN_POINT('',(1.617E2,5.306600945490E1,-4.725222809778E2));
#2126=DIRECTION('',(0.E0,-9.268427920750E-1,3.754496487928E-1));
#2127=DIRECTION('',(0.E0,-3.754496487928E-1,-9.268427920750E-1));
#2128=AXIS2_PLACEMENT_3D('',#2125,#2126,#2127);
#2129=PLANE('',#2128);
#2131=ORIENTED_EDGE('',*,*,#2130,.F.);
#2133=ORIENTED_EDGE('',*,*,#2132,.F.);
#2135=ORIENTED_EDGE('',*,*,#2134,.F.);
#2136=ORIENTED_EDGE('',*,*,#2117,.F.);
#2137=EDGE_LOOP('',(#2131,#2133,#2135,#2136));
#2138=FACE_OUTER_BOUND('',#2137,.F.);
#2139=ADVANCED_FACE('',(#2138),#2129,.T.);
#2140=CARTESIAN_POINT('',(1.617E2,6.687860489825E1,-4.384242213107E2));
#2141=DIRECTION('',(1.E0,0.E0,0.E0));
#2142=DIRECTION('',(0.E0,0.E0,-1.E0));
#2143=AXIS2_PLACEMENT_3D('',#2140,#2141,#2142);
#2144=PLANE('',#2143);
#2146=ORIENTED_EDGE('',*,*,#2145,.T.);
#2148=ORIENTED_EDGE('',*,*,#2147,.T.);
#2150=ORIENTED_EDGE('',*,*,#2149,.T.);
#2152=ORIENTED_EDGE('',*,*,#2151,.T.);
#2154=ORIENTED_EDGE('',*,*,#2153,.T.);
#2155=ORIENTED_EDGE('',*,*,#2130,.T.);
#2156=ORIENTED_EDGE('',*,*,#2106,.T.);
#2157=EDGE_LOOP('',(#2146,#2148,#2150,#2152,#2154,#2155,#2156));
#2158=FACE_OUTER_BOUND('',#2157,.F.);
#2159=ADVANCED_FACE('',(#2158),#2144,.T.);
#2160=CARTESIAN_POINT('',(1.617E2,2.877193443723E1,-4.555777014725E2));
#2161=DIRECTION('',(0.E0,4.104736943624E-1,-9.118724396737E-1));
#2162=DIRECTION('',(0.E0,9.118724396737E-1,4.104736943624E-1));
#2163=AXIS2_PLACEMENT_3D('',#2160,#2161,#2162);
#2164=PLANE('',#2163);
#2165=ORIENTED_EDGE('',*,*,#2091,.F.);
#2167=ORIENTED_EDGE('',*,*,#2166,.F.);
#2169=ORIENTED_EDGE('',*,*,#2168,.F.);
#2170=ORIENTED_EDGE('',*,*,#2145,.F.);
#2171=ORIENTED_EDGE('',*,*,#2104,.T.);
#2172=EDGE_LOOP('',(#2165,#2167,#2169,#2170,#2171));
#2173=FACE_OUTER_BOUND('',#2172,.F.);
#2174=ADVANCED_FACE('',(#2173),#2164,.T.);
#2175=CARTESIAN_POINT('',(1.632E2,0.E0,-4.48E2));
#2176=DIRECTION('',(-1.E0,0.E0,0.E0));
#2177=DIRECTION('',(0.E0,-1.E0,0.E0));
#2178=AXIS2_PLACEMENT_3D('',#2175,#2176,#2177);
#2179=PLANE('',#2178);
#2181=ORIENTED_EDGE('',*,*,#2180,.T.);
#2183=ORIENTED_EDGE('',*,*,#2182,.T.);
#2185=ORIENTED_EDGE('',*,*,#2184,.T.);
#2187=ORIENTED_EDGE('',*,*,#2186,.T.);
#2189=ORIENTED_EDGE('',*,*,#2188,.T.);
#2191=ORIENTED_EDGE('',*,*,#2190,.T.);
#2193=ORIENTED_EDGE('',*,*,#2192,.T.);
#2195=ORIENTED_EDGE('',*,*,#2194,.T.);
#2197=ORIENTED_EDGE('',*,*,#2196,.T.);
#2198=ORIENTED_EDGE('',*,*,#2046,.T.);
#2199=ORIENTED_EDGE('',*,*,#2074,.T.);
#2200=ORIENTED_EDGE('',*,*,#2119,.T.);
#2201=ORIENTED_EDGE('',*,*,#2134,.T.);
#2203=ORIENTED_EDGE('',*,*,#2202,.T.);
#2205=ORIENTED_EDGE('',*,*,#2204,.T.);
#2207=ORIENTED_EDGE('',*,*,#2206,.T.);
#2209=ORIENTED_EDGE('',*,*,#2208,.T.);
#2210=ORIENTED_EDGE('',*,*,#2166,.T.);
#2212=ORIENTED_EDGE('',*,*,#2211,.T.);
#2214=ORIENTED_EDGE('',*,*,#2213,.T.);
#2216=ORIENTED_EDGE('',*,*,#2215,.T.);
#2218=ORIENTED_EDGE('',*,*,#2217,.T.);
#2220=ORIENTED_EDGE('',*,*,#2219,.T.);
#2222=ORIENTED_EDGE('',*,*,#2221,.T.);
#2224=ORIENTED_EDGE('',*,*,#2223,.T.);
#2226=ORIENTED_EDGE('',*,*,#2225,.T.);
#2228=ORIENTED_EDGE('',*,*,#2227,.T.);
#2230=ORIENTED_EDGE('',*,*,#2229,.T.);
#2232=ORIENTED_EDGE('',*,*,#2231,.T.);
#2234=ORIENTED_EDGE('',*,*,#2233,.T.);
#2236=ORIENTED_EDGE('',*,*,#2235,.T.);
#2238=ORIENTED_EDGE('',*,*,#2237,.T.);
#2240=ORIENTED_EDGE('',*,*,#2239,.T.);
#2242=ORIENTED_EDGE('',*,*,#2241,.T.);
#2244=ORIENTED_EDGE('',*,*,#2243,.T.);
#2246=ORIENTED_EDGE('',*,*,#2245,.T.);
#2248=ORIENTED_EDGE('',*,*,#2247,.T.);
#2250=ORIENTED_EDGE('',*,*,#2249,.T.);
#2252=ORIENTED_EDGE('',*,*,#2251,.T.);
#2254=ORIENTED_EDGE('',*,*,#2253,.T.);
#2256=ORIENTED_EDGE('',*,*,#2255,.T.);
#2258=ORIENTED_EDGE('',*,*,#2257,.T.);
#2259=EDGE_LOOP('',(#2181,#2183,#2185,#2187,#2189,#2191,#2193,#2195,#2197,#2198,
#2199,#2200,#2201,#2203,#2205,#2207,#2209,#2210,#2212,#2214,#2216,#2218,#2220,
#2222,#2224,#2226,#2228,#2230,#2232,#2234,#2236,#2238,#2240,#2242,#2244,#2246,
#2248,#2250,#2252,#2254,#2256,#2258));
#2260=FACE_OUTER_BOUND('',#2259,.F.);
#2262=ORIENTED_EDGE('',*,*,#2261,.T.);
#2264=ORIENTED_EDGE('',*,*,#2263,.T.);
#2266=ORIENTED_EDGE('',*,*,#2265,.T.);
#2268=ORIENTED_EDGE('',*,*,#2267,.T.);
#2270=ORIENTED_EDGE('',*,*,#2269,.T.);
#2272=ORIENTED_EDGE('',*,*,#2271,.T.);
#2273=EDGE_LOOP('',(#2262,#2264,#2266,#2268,#2270,#2272));
#2274=FACE_BOUND('',#2273,.F.);
#2275=ADVANCED_FACE('',(#2260,#2274),#2179,.F.);
#2276=CARTESIAN_POINT('',(1.632E2,1.7E1,-4.48E2));
#2277=DIRECTION('',(-1.E0,0.E0,0.E0));
#2278=DIRECTION('',(0.E0,0.E0,1.E0));
#2279=AXIS2_PLACEMENT_3D('',#2276,#2277,#2278);
#2280=CYLINDRICAL_SURFACE('',#2279,5.E1);
#2282=ORIENTED_EDGE('',*,*,#2281,.F.);
#2284=ORIENTED_EDGE('',*,*,#2283,.F.);
#2285=ORIENTED_EDGE('',*,*,#2180,.F.);
#2287=ORIENTED_EDGE('',*,*,#2286,.F.);
#2288=EDGE_LOOP('',(#2282,#2284,#2285,#2287));
#2289=FACE_OUTER_BOUND('',#2288,.F.);
#2290=ADVANCED_FACE('',(#2289),#2280,.T.);
#2291=CARTESIAN_POINT('',(1.535E2,5.E-1,-4.48E2));
#2292=DIRECTION('',(-1.E0,0.E0,0.E0));
#2293=DIRECTION('',(0.E0,-1.E0,0.E0));
#2294=AXIS2_PLACEMENT_3D('',#2291,#2292,#2293);
#2295=PLANE('',#2294);
#2297=ORIENTED_EDGE('',*,*,#2296,.T.);
#2299=ORIENTED_EDGE('',*,*,#2298,.T.);
#2301=ORIENTED_EDGE('',*,*,#2300,.T.);
#2303=ORIENTED_EDGE('',*,*,#2302,.T.);
#2305=ORIENTED_EDGE('',*,*,#2304,.T.);
#2306=ORIENTED_EDGE('',*,*,#2281,.T.);
#2308=ORIENTED_EDGE('',*,*,#2307,.T.);
#2310=ORIENTED_EDGE('',*,*,#2309,.T.);
#2312=ORIENTED_EDGE('',*,*,#2311,.T.);
#2314=ORIENTED_EDGE('',*,*,#2313,.T.);
#2316=ORIENTED_EDGE('',*,*,#2315,.T.);
#2318=ORIENTED_EDGE('',*,*,#2317,.T.);
#2320=ORIENTED_EDGE('',*,*,#2319,.T.);
#2321=ORIENTED_EDGE('',*,*,#2050,.T.);
#2323=ORIENTED_EDGE('',*,*,#2322,.T.);
#2325=ORIENTED_EDGE('',*,*,#2324,.T.);
#2327=ORIENTED_EDGE('',*,*,#2326,.T.);
#2329=ORIENTED_EDGE('',*,*,#2328,.T.);
#2331=ORIENTED_EDGE('',*,*,#2330,.T.);
#2333=ORIENTED_EDGE('',*,*,#2332,.T.);
#2335=ORIENTED_EDGE('',*,*,#2334,.T.);
#2336=EDGE_LOOP('',(#2297,#2299,#2301,#2303,#2305,#2306,#2308,#2310,#2312,#2314,
#2316,#2318,#2320,#2321,#2323,#2325,#2327,#2329,#2331,#2333,#2335));
#2337=FACE_OUTER_BOUND('',#2336,.F.);
#2338=ADVANCED_FACE('',(#2337),#2295,.F.);
#2339=CARTESIAN_POINT('',(1.52335E2,6.422334578198E1,-4.239385035138E2));
#2340=DIRECTION('',(1.E0,0.E0,0.E0));
#2341=DIRECTION('',(0.E0,0.E0,-1.E0));
#2342=AXIS2_PLACEMENT_3D('',#2339,#2340,#2341);
#2343=CONICAL_SURFACE('',#2342,3.315E0,4.5E1);
#2345=ORIENTED_EDGE('',*,*,#2344,.T.);
#2347=ORIENTED_EDGE('',*,*,#2346,.F.);
#2348=ORIENTED_EDGE('',*,*,#2296,.F.);
#2350=ORIENTED_EDGE('',*,*,#2349,.T.);
#2351=EDGE_LOOP('',(#2345,#2347,#2348,#2350));
#2352=FACE_OUTER_BOUND('',#2351,.F.);
#2353=ADVANCED_FACE('',(#2352),#2343,.F.);
#2354=CARTESIAN_POINT('',(1.535E2,6.422334578198E1,-4.239385035138E2));
#2355=DIRECTION('',(-1.E0,0.E0,0.E0));
#2356=DIRECTION('',(0.E0,0.E0,1.E0));
#2357=AXIS2_PLACEMENT_3D('',#2354,#2355,#2356);
#2358=CYLINDRICAL_SURFACE('',#2357,2.15E0);
#2360=ORIENTED_EDGE('',*,*,#2359,.F.);
#2362=ORIENTED_EDGE('',*,*,#2361,.T.);
#2363=ORIENTED_EDGE('',*,*,#2344,.F.);
#2365=ORIENTED_EDGE('',*,*,#2364,.F.);
#2366=EDGE_LOOP('',(#2360,#2362,#2363,#2365));
#2367=FACE_OUTER_BOUND('',#2366,.F.);
#2368=ADVANCED_FACE('',(#2367),#2358,.F.);
#2369=CARTESIAN_POINT('',(1.505E2,0.E0,-4.48E2));
#2370=DIRECTION('',(-1.E0,0.E0,0.E0));
#2371=DIRECTION('',(0.E0,-1.E0,0.E0));
#2372=AXIS2_PLACEMENT_3D('',#2369,#2370,#2371);
#2373=PLANE('',#2372);
#2375=ORIENTED_EDGE('',*,*,#2374,.T.);
#2377=ORIENTED_EDGE('',*,*,#2376,.T.);
#2379=ORIENTED_EDGE('',*,*,#2378,.T.);
#2381=ORIENTED_EDGE('',*,*,#2380,.T.);
#2383=ORIENTED_EDGE('',*,*,#2382,.T.);
#2385=ORIENTED_EDGE('',*,*,#2384,.T.);
#2387=ORIENTED_EDGE('',*,*,#2386,.T.);
#2389=ORIENTED_EDGE('',*,*,#2388,.T.);
#2390=ORIENTED_EDGE('',*,*,#2054,.T.);
#2392=ORIENTED_EDGE('',*,*,#2391,.T.);
#2393=EDGE_LOOP('',(#2375,#2377,#2379,#2381,#2383,#2385,#2387,#2389,#2390,
#2392));
#2394=FACE_OUTER_BOUND('',#2393,.F.);
#2396=ORIENTED_EDGE('',*,*,#2395,.T.);
#2397=ORIENTED_EDGE('',*,*,#2359,.T.);
#2398=EDGE_LOOP('',(#2396,#2397));
#2399=FACE_BOUND('',#2398,.F.);
#2401=ORIENTED_EDGE('',*,*,#2400,.T.);
#2403=ORIENTED_EDGE('',*,*,#2402,.T.);
#2404=EDGE_LOOP('',(#2401,#2403));
#2405=FACE_BOUND('',#2404,.F.);
#2407=ORIENTED_EDGE('',*,*,#2406,.T.);
#2409=ORIENTED_EDGE('',*,*,#2408,.T.);
#2410=EDGE_LOOP('',(#2407,#2409));
#2411=FACE_BOUND('',#2410,.F.);
#2412=ADVANCED_FACE('',(#2394,#2399,#2405,#2411),#2373,.T.);
#2413=CARTESIAN_POINT('',(1.535E2,1.7E1,-4.48E2));
#2414=DIRECTION('',(-1.E0,0.E0,0.E0));
#2415=DIRECTION('',(0.E0,0.E0,1.E0));
#2416=AXIS2_PLACEMENT_3D('',#2413,#2414,#2415);
#2417=CYLINDRICAL_SURFACE('',#2416,5.9E1);
#2418=ORIENTED_EDGE('',*,*,#2317,.F.);
#2420=ORIENTED_EDGE('',*,*,#2419,.F.);
#2421=ORIENTED_EDGE('',*,*,#2374,.F.);
#2423=ORIENTED_EDGE('',*,*,#2422,.F.);
#2424=EDGE_LOOP('',(#2418,#2420,#2421,#2423));
#2425=FACE_OUTER_BOUND('',#2424,.F.);
#2426=ADVANCED_FACE('',(#2425),#2417,.T.);
#2427=CARTESIAN_POINT('',(1.535E2,3.287195375363E1,-3.922139705299E2));
#2428=DIRECTION('',(-1.E0,0.E0,0.E0));
#2429=DIRECTION('',(0.E0,0.E0,1.E0));
#2430=AXIS2_PLACEMENT_3D('',#2427,#2428,#2429);
#2431=CYLINDRICAL_SURFACE('',#2430,1.E0);
#2432=ORIENTED_EDGE('',*,*,#2315,.F.);
#2433=ORIENTED_EDGE('',*,*,#2313,.F.);
#2435=ORIENTED_EDGE('',*,*,#2434,.T.);
#2436=ORIENTED_EDGE('',*,*,#2378,.F.);
#2437=ORIENTED_EDGE('',*,*,#2376,.F.);
#2438=ORIENTED_EDGE('',*,*,#2419,.T.);
#2439=EDGE_LOOP('',(#2432,#2433,#2435,#2436,#2437,#2438));
#2440=FACE_OUTER_BOUND('',#2439,.F.);
#2441=ADVANCED_FACE('',(#2440),#2431,.T.);
#2442=CARTESIAN_POINT('',(1.632E2,-2.748586738670E0,-4.092412161978E2));
#2443=DIRECTION('',(0.E0,4.539904997395E-1,-8.910065241884E-1));
#2444=DIRECTION('',(0.E0,8.910065241884E-1,4.539904997395E-1));
#2445=AXIS2_PLACEMENT_3D('',#2442,#2443,#2444);
#2446=PLANE('',#2445);
#2447=ORIENTED_EDGE('',*,*,#2253,.F.);
#2449=ORIENTED_EDGE('',*,*,#2448,.F.);
#2451=ORIENTED_EDGE('',*,*,#2450,.F.);
#2453=ORIENTED_EDGE('',*,*,#2452,.F.);
#2455=ORIENTED_EDGE('',*,*,#2454,.F.);
#2457=ORIENTED_EDGE('',*,*,#2456,.F.);
#2459=ORIENTED_EDGE('',*,*,#2458,.F.);
#2461=ORIENTED_EDGE('',*,*,#2460,.F.);
#2462=ORIENTED_EDGE('',*,*,#2380,.F.);
#2463=ORIENTED_EDGE('',*,*,#2434,.F.);
#2464=ORIENTED_EDGE('',*,*,#2311,.F.);
#2466=ORIENTED_EDGE('',*,*,#2465,.F.);
#2467=EDGE_LOOP('',(#2447,#2449,#2451,#2453,#2455,#2457,#2459,#2461,#2462,#2463,
#2464,#2466));
#2468=FACE_OUTER_BOUND('',#2467,.F.);
#2469=ADVANCED_FACE('',(#2468),#2446,.F.);
#2470=CARTESIAN_POINT('',(1.632E2,-2.402401499325E1,-4.212039145800E2));
#2471=DIRECTION('',(-1.E0,0.E0,0.E0));
#2472=DIRECTION('',(0.E0,0.E0,1.E0));
#2473=AXIS2_PLACEMENT_3D('',#2470,#2471,#2472);
#2474=CYLINDRICAL_SURFACE('',#2473,1.E0);
#2475=ORIENTED_EDGE('',*,*,#2251,.F.);
#2477=ORIENTED_EDGE('',*,*,#2476,.T.);
#2479=ORIENTED_EDGE('',*,*,#2478,.F.);
#2480=ORIENTED_EDGE('',*,*,#2448,.T.);
#2481=EDGE_LOOP('',(#2475,#2477,#2479,#2480));
#2482=FACE_OUTER_BOUND('',#2481,.F.);
#2483=ADVANCED_FACE('',(#2482),#2474,.T.);
#2484=CARTESIAN_POINT('',(1.632E2,1.7E1,-4.48E2));
#2485=DIRECTION('',(-1.E0,0.E0,0.E0));
#2486=DIRECTION('',(0.E0,0.E0,1.E0));
#2487=AXIS2_PLACEMENT_3D('',#2484,#2485,#2486);
#2488=CYLINDRICAL_SURFACE('',#2487,5.E1);
#2489=ORIENTED_EDGE('',*,*,#2249,.F.);
#2491=ORIENTED_EDGE('',*,*,#2490,.F.);
#2493=ORIENTED_EDGE('',*,*,#2492,.F.);
#2494=ORIENTED_EDGE('',*,*,#2476,.F.);
#2495=EDGE_LOOP('',(#2489,#2491,#2493,#2494));
#2496=FACE_OUTER_BOUND('',#2495,.F.);
#2497=ADVANCED_FACE('',(#2496),#2488,.T.);
#2498=CARTESIAN_POINT('',(1.535E2,-3.534748205154E1,-4.397089733529E2));
#2499=DIRECTION('',(-1.E0,0.E0,0.E0));
#2500=DIRECTION('',(0.E0,0.E0,1.E0));
#2501=AXIS2_PLACEMENT_3D('',#2498,#2499,#2500);
#2502=CYLINDRICAL_SURFACE('',#2501,4.48E0);
#2504=ORIENTED_EDGE('',*,*,#2503,.F.);
#2505=ORIENTED_EDGE('',*,*,#2490,.T.);
#2506=ORIENTED_EDGE('',*,*,#2247,.F.);
#2508=ORIENTED_EDGE('',*,*,#2507,.T.);
#2509=EDGE_LOOP('',(#2504,#2505,#2506,#2508));
#2510=FACE_OUTER_BOUND('',#2509,.F.);
#2511=ADVANCED_FACE('',(#2510),#2502,.F.);
#2512=CARTESIAN_POINT('',(1.52335E2,-3.534748205154E1,-4.397089733529E2));
#2513=DIRECTION('',(1.E0,0.E0,0.E0));
#2514=DIRECTION('',(0.E0,0.E0,-1.E0));
#2515=AXIS2_PLACEMENT_3D('',#2512,#2513,#2514);
#2516=CONICAL_SURFACE('',#2515,3.315E0,4.5E1);
#2518=ORIENTED_EDGE('',*,*,#2517,.T.);
#2520=ORIENTED_EDGE('',*,*,#2519,.F.);
#2522=ORIENTED_EDGE('',*,*,#2521,.F.);
#2523=ORIENTED_EDGE('',*,*,#2503,.T.);
#2525=ORIENTED_EDGE('',*,*,#2524,.F.);
#2527=ORIENTED_EDGE('',*,*,#2526,.T.);
#2528=EDGE_LOOP('',(#2518,#2520,#2522,#2523,#2525,#2527));
#2529=FACE_OUTER_BOUND('',#2528,.F.);
#2530=ADVANCED_FACE('',(#2529),#2516,.F.);
#2531=CARTESIAN_POINT('',(1.535E2,-3.534748205154E1,-4.397089733529E2));
#2532=DIRECTION('',(-1.E0,0.E0,0.E0));
#2533=DIRECTION('',(0.E0,0.E0,1.E0));
#2534=AXIS2_PLACEMENT_3D('',#2531,#2532,#2533);
#2535=CYLINDRICAL_SURFACE('',#2534,2.15E0);
#2537=ORIENTED_EDGE('',*,*,#2536,.F.);
#2539=ORIENTED_EDGE('',*,*,#2538,.T.);
#2540=ORIENTED_EDGE('',*,*,#2517,.F.);
#2542=ORIENTED_EDGE('',*,*,#2541,.F.);
#2543=EDGE_LOOP('',(#2537,#2539,#2540,#2542));
#2544=FACE_OUTER_BOUND('',#2543,.F.);
#2545=ADVANCED_FACE('',(#2544),#2535,.F.);
#2546=CARTESIAN_POINT('',(1.505E2,0.E0,-4.48E2));
#2547=DIRECTION('',(-1.E0,0.E0,0.E0));
#2548=DIRECTION('',(0.E0,-1.E0,0.E0));
#2549=AXIS2_PLACEMENT_3D('',#2546,#2547,#2548);
#2550=PLANE('',#2549);
#2552=ORIENTED_EDGE('',*,*,#2551,.T.);
#2554=ORIENTED_EDGE('',*,*,#2553,.T.);
#2556=ORIENTED_EDGE('',*,*,#2555,.T.);
#2558=ORIENTED_EDGE('',*,*,#2557,.T.);
#2560=ORIENTED_EDGE('',*,*,#2559,.T.);
#2561=ORIENTED_EDGE('',*,*,#2454,.T.);
#2563=ORIENTED_EDGE('',*,*,#2562,.T.);
#2565=ORIENTED_EDGE('',*,*,#2564,.T.);
#2567=ORIENTED_EDGE('',*,*,#2566,.T.);
#2569=ORIENTED_EDGE('',*,*,#2568,.T.);
#2570=EDGE_LOOP('',(#2552,#2554,#2556,#2558,#2560,#2561,#2563,#2565,#2567,
#2569));
#2571=FACE_OUTER_BOUND('',#2570,.F.);
#2573=ORIENTED_EDGE('',*,*,#2572,.T.);
#2575=ORIENTED_EDGE('',*,*,#2574,.T.);
#2576=EDGE_LOOP('',(#2573,#2575));
#2577=FACE_BOUND('',#2576,.F.);
#2579=ORIENTED_EDGE('',*,*,#2578,.T.);
#2580=ORIENTED_EDGE('',*,*,#2536,.T.);
#2581=EDGE_LOOP('',(#2579,#2580));
#2582=FACE_BOUND('',#2581,.F.);
#2584=ORIENTED_EDGE('',*,*,#2583,.T.);
#2586=ORIENTED_EDGE('',*,*,#2585,.T.);
#2587=EDGE_LOOP('',(#2584,#2586));
#2588=FACE_BOUND('',#2587,.F.);
#2589=ADVANCED_FACE('',(#2571,#2577,#2582,#2588),#2550,.T.);
#2590=CARTESIAN_POINT('',(1.632E2,3.674858673867E1,-4.867587838022E2));
#2591=DIRECTION('',(0.E0,4.539904997395E-1,-8.910065241884E-1));
#2592=DIRECTION('',(0.E0,8.910065241884E-1,4.539904997395E-1));
#2593=AXIS2_PLACEMENT_3D('',#2590,#2591,#2592);
#2594=PLANE('',#2593);
#2596=ORIENTED_EDGE('',*,*,#2595,.F.);
#2598=ORIENTED_EDGE('',*,*,#2597,.F.);
#2599=ORIENTED_EDGE('',*,*,#2551,.F.);
#2601=ORIENTED_EDGE('',*,*,#2600,.F.);
#2603=ORIENTED_EDGE('',*,*,#2602,.F.);
#2605=ORIENTED_EDGE('',*,*,#2604,.F.);
#2606=ORIENTED_EDGE('',*,*,#2229,.F.);
#2608=ORIENTED_EDGE('',*,*,#2607,.F.);
#2610=ORIENTED_EDGE('',*,*,#2609,.T.);
#2611=EDGE_LOOP('',(#2596,#2598,#2599,#2601,#2603,#2605,#2606,#2608,#2610));
#2612=FACE_OUTER_BOUND('',#2611,.F.);
#2613=ADVANCED_FACE('',(#2612),#2594,.T.);
#2614=CARTESIAN_POINT('',(1.587E2,0.E0,-4.48E2));
#2615=DIRECTION('',(-1.E0,0.E0,0.E0));
#2616=DIRECTION('',(0.E0,-1.E0,0.E0));
#2617=AXIS2_PLACEMENT_3D('',#2614,#2615,#2616);
#2618=PLANE('',#2617);
#2619=ORIENTED_EDGE('',*,*,#2058,.T.);
#2621=ORIENTED_EDGE('',*,*,#2620,.T.);
#2623=ORIENTED_EDGE('',*,*,#2622,.T.);
#2625=ORIENTED_EDGE('',*,*,#2624,.T.);
#2627=ORIENTED_EDGE('',*,*,#2626,.T.);
#2628=ORIENTED_EDGE('',*,*,#2458,.T.);
#2630=ORIENTED_EDGE('',*,*,#2629,.T.);
#2632=ORIENTED_EDGE('',*,*,#2631,.T.);
#2634=ORIENTED_EDGE('',*,*,#2633,.T.);
#2636=ORIENTED_EDGE('',*,*,#2635,.T.);
#2637=ORIENTED_EDGE('',*,*,#2595,.T.);
#2639=ORIENTED_EDGE('',*,*,#2638,.T.);
#2641=ORIENTED_EDGE('',*,*,#2640,.T.);
#2643=ORIENTED_EDGE('',*,*,#2642,.T.);
#2645=ORIENTED_EDGE('',*,*,#2644,.T.);
#2646=EDGE_LOOP('',(#2619,#2621,#2623,#2625,#2627,#2628,#2630,#2632,#2634,#2636,
#2637,#2639,#2641,#2643,#2645));
#2647=FACE_OUTER_BOUND('',#2646,.F.);
#2648=ADVANCED_FACE('',(#2647),#2618,.T.);
#2649=CARTESIAN_POINT('',(1.50498E2,5.711442750328E1,-4.752595433946E2));
#2650=DIRECTION('',(1.E0,0.E0,0.E0));
#2651=DIRECTION('',(0.E0,0.E0,-1.E0));
#2652=AXIS2_PLACEMENT_3D('',#2649,#2650,#2651);
#2653=CYLINDRICAL_SURFACE('',#2652,1.E0);
#2654=ORIENTED_EDGE('',*,*,#2386,.F.);
#2656=ORIENTED_EDGE('',*,*,#2655,.T.);
#2657=ORIENTED_EDGE('',*,*,#2622,.F.);
#2658=ORIENTED_EDGE('',*,*,#2620,.F.);
#2659=ORIENTED_EDGE('',*,*,#2056,.T.);
#2660=ORIENTED_EDGE('',*,*,#2388,.F.);
#2661=EDGE_LOOP('',(#2654,#2656,#2657,#2658,#2659,#2660));
#2662=FACE_OUTER_BOUND('',#2661,.F.);
#2663=ADVANCED_FACE('',(#2662),#2653,.T.);
#2664=CARTESIAN_POINT('',(1.50498E2,1.7E1,-4.48E2));
#2665=DIRECTION('',(1.E0,0.E0,0.E0));
#2666=DIRECTION('',(0.E0,0.E0,-1.E0));
#2667=AXIS2_PLACEMENT_3D('',#2664,#2665,#2666);
#2668=CYLINDRICAL_SURFACE('',#2667,4.75E1);
#2669=ORIENTED_EDGE('',*,*,#2624,.F.);
#2670=ORIENTED_EDGE('',*,*,#2655,.F.);
#2671=ORIENTED_EDGE('',*,*,#2384,.F.);
#2673=ORIENTED_EDGE('',*,*,#2672,.F.);
#2674=EDGE_LOOP('',(#2669,#2670,#2671,#2673));
#2675=FACE_OUTER_BOUND('',#2674,.F.);
#2676=ADVANCED_FACE('',(#2675),#2668,.F.);
#2677=CARTESIAN_POINT('',(1.50498E2,1.852523502542E1,-3.995239888386E2));
#2678=DIRECTION('',(1.E0,0.E0,0.E0));
#2679=DIRECTION('',(0.E0,0.E0,-1.E0));
#2680=AXIS2_PLACEMENT_3D('',#2677,#2678,#2679);
#2681=CYLINDRICAL_SURFACE('',#2680,1.E0);
#2682=ORIENTED_EDGE('',*,*,#2382,.F.);
#2683=ORIENTED_EDGE('',*,*,#2460,.T.);
#2684=ORIENTED_EDGE('',*,*,#2626,.F.);
#2685=ORIENTED_EDGE('',*,*,#2672,.T.);
#2686=EDGE_LOOP('',(#2682,#2683,#2684,#2685));
#2687=FACE_OUTER_BOUND('',#2686,.F.);
#2688=ADVANCED_FACE('',(#2687),#2681,.T.);
#2689=CARTESIAN_POINT('',(1.50498E2,-2.311442750328E1,-4.207404566054E2));
#2690=DIRECTION('',(1.E0,0.E0,0.E0));
#2691=DIRECTION('',(0.E0,0.E0,-1.E0));
#2692=AXIS2_PLACEMENT_3D('',#2689,#2690,#2691);
#2693=CYLINDRICAL_SURFACE('',#2692,1.E0);
#2694=ORIENTED_EDGE('',*,*,#2559,.F.);
#2695=ORIENTED_EDGE('',*,*,#2557,.F.);
#2697=ORIENTED_EDGE('',*,*,#2696,.T.);
#2698=ORIENTED_EDGE('',*,*,#2631,.F.);
#2699=ORIENTED_EDGE('',*,*,#2629,.F.);
#2700=ORIENTED_EDGE('',*,*,#2456,.T.);
#2701=EDGE_LOOP('',(#2694,#2695,#2697,#2698,#2699,#2700));
#2702=FACE_OUTER_BOUND('',#2701,.F.);
#2703=ADVANCED_FACE('',(#2702),#2693,.T.);
#2704=CARTESIAN_POINT('',(1.50498E2,1.7E1,-4.48E2));
#2705=DIRECTION('',(1.E0,0.E0,0.E0));
#2706=DIRECTION('',(0.E0,0.E0,-1.E0));
#2707=AXIS2_PLACEMENT_3D('',#2704,#2705,#2706);
#2708=CYLINDRICAL_SURFACE('',#2707,4.75E1);
#2709=ORIENTED_EDGE('',*,*,#2555,.F.);
#2711=ORIENTED_EDGE('',*,*,#2710,.F.);
#2712=ORIENTED_EDGE('',*,*,#2633,.F.);
#2713=ORIENTED_EDGE('',*,*,#2696,.F.);
#2714=EDGE_LOOP('',(#2709,#2711,#2712,#2713));
#2715=FACE_OUTER_BOUND('',#2714,.F.);
#2716=ADVANCED_FACE('',(#2715),#2708,.F.);
#2717=CARTESIAN_POINT('',(1.50498E2,1.547476497458E1,-4.964760111614E2));
#2718=DIRECTION('',(1.E0,0.E0,0.E0));
#2719=DIRECTION('',(0.E0,0.E0,-1.E0));
#2720=AXIS2_PLACEMENT_3D('',#2717,#2718,#2719);
#2721=CYLINDRICAL_SURFACE('',#2720,1.E0);
#2722=ORIENTED_EDGE('',*,*,#2553,.F.);
#2723=ORIENTED_EDGE('',*,*,#2597,.T.);
#2724=ORIENTED_EDGE('',*,*,#2635,.F.);
#2725=ORIENTED_EDGE('',*,*,#2710,.T.);
#2726=EDGE_LOOP('',(#2722,#2723,#2724,#2725));
#2727=FACE_OUTER_BOUND('',#2726,.F.);
#2728=ADVANCED_FACE('',(#2727),#2721,.T.);
#2729=CARTESIAN_POINT('',(1.597E2,-2.006487605813E1,-4.827241375256E2));
#2730=DIRECTION('',(-1.E0,0.E0,0.E0));
#2731=DIRECTION('',(0.E0,0.E0,1.E0));
#2732=AXIS2_PLACEMENT_3D('',#2729,#2730,#2731);
#2733=TOROIDAL_SURFACE('',#2732,4.078947493431E1,1.E0);
#2734=ORIENTED_EDGE('',*,*,#2609,.F.);
#2736=ORIENTED_EDGE('',*,*,#2735,.T.);
#2738=ORIENTED_EDGE('',*,*,#2737,.T.);
#2739=ORIENTED_EDGE('',*,*,#2638,.F.);
#2740=EDGE_LOOP('',(#2734,#2736,#2738,#2739));
#2741=FACE_OUTER_BOUND('',#2740,.F.);
#2742=ADVANCED_FACE('',(#2741),#2733,.T.);
#2743=CARTESIAN_POINT('',(1.63452E2,-2.006487605813E1,-4.827241375256E2));
#2744=DIRECTION('',(-1.E0,0.E0,0.E0));
#2745=DIRECTION('',(0.E0,0.E0,1.E0));
#2746=AXIS2_PLACEMENT_3D('',#2743,#2744,#2745);
#2747=CYLINDRICAL_SURFACE('',#2746,4.178947493431E1);
#2749=ORIENTED_EDGE('',*,*,#2748,.F.);
#2751=ORIENTED_EDGE('',*,*,#2750,.T.);
#2753=ORIENTED_EDGE('',*,*,#2752,.T.);
#2755=ORIENTED_EDGE('',*,*,#2754,.F.);
#2757=ORIENTED_EDGE('',*,*,#2756,.F.);
#2759=ORIENTED_EDGE('',*,*,#2758,.F.);
#2761=ORIENTED_EDGE('',*,*,#2760,.F.);
#2763=ORIENTED_EDGE('',*,*,#2762,.T.);
#2764=ORIENTED_EDGE('',*,*,#2735,.F.);
#2765=ORIENTED_EDGE('',*,*,#2607,.T.);
#2766=ORIENTED_EDGE('',*,*,#2227,.F.);
#2768=ORIENTED_EDGE('',*,*,#2767,.F.);
#2769=EDGE_LOOP('',(#2749,#2751,#2753,#2755,#2757,#2759,#2761,#2763,#2764,#2765,
#2766,#2768));
#2770=FACE_OUTER_BOUND('',#2769,.F.);
#2771=ADVANCED_FACE('',(#2770),#2747,.T.);
#2772=CARTESIAN_POINT('',(1.607E2,-2.006487605813E1,-4.827241375256E2));
#2773=DIRECTION('',(1.E0,0.E0,0.E0));
#2774=DIRECTION('',(0.E0,0.E0,-1.E0));
#2775=AXIS2_PLACEMENT_3D('',#2772,#2773,#2774);
#2776=TOROIDAL_SURFACE('',#2775,4.078947493431E1,1.E0);
#2778=ORIENTED_EDGE('',*,*,#2777,.F.);
#2779=ORIENTED_EDGE('',*,*,#2748,.T.);
#2781=ORIENTED_EDGE('',*,*,#2780,.F.);
#2783=ORIENTED_EDGE('',*,*,#2782,.F.);
#2784=EDGE_LOOP('',(#2778,#2779,#2781,#2783));
#2785=FACE_OUTER_BOUND('',#2784,.F.);
#2786=ADVANCED_FACE('',(#2785),#2776,.T.);
#2787=CARTESIAN_POINT('',(1.617E2,1.187079298389E1,-4.644600057702E2));
#2788=DIRECTION('',(0.E0,4.964499163980E-1,-8.680653664952E-1));
#2789=DIRECTION('',(0.E0,8.680653664952E-1,4.964499163980E-1));
#2790=AXIS2_PLACEMENT_3D('',#2787,#2788,#2789);
#2791=PLANE('',#2790);
#2792=ORIENTED_EDGE('',*,*,#2215,.F.);
#2793=ORIENTED_EDGE('',*,*,#2750,.F.);
#2794=ORIENTED_EDGE('',*,*,#2777,.T.);
#2796=ORIENTED_EDGE('',*,*,#2795,.F.);
#2798=ORIENTED_EDGE('',*,*,#2797,.F.);
#2799=EDGE_LOOP('',(#2792,#2793,#2794,#2796,#2798));
#2800=FACE_OUTER_BOUND('',#2799,.F.);
#2801=ADVANCED_FACE('',(#2800),#2791,.T.);
#2802=CARTESIAN_POINT('',(1.617E2,-2.006487605813E1,-4.827241375256E2));
#2803=DIRECTION('',(1.E0,0.E0,0.E0));
#2804=DIRECTION('',(0.E0,0.E0,-1.E0));
#2805=AXIS2_PLACEMENT_3D('',#2802,#2803,#2804);
#2806=PLANE('',#2805);
#2807=ORIENTED_EDGE('',*,*,#2782,.T.);
#2809=ORIENTED_EDGE('',*,*,#2808,.T.);
#2811=ORIENTED_EDGE('',*,*,#2810,.T.);
#2813=ORIENTED_EDGE('',*,*,#2812,.T.);
#2815=ORIENTED_EDGE('',*,*,#2814,.T.);
#2816=ORIENTED_EDGE('',*,*,#2795,.T.);
#2817=EDGE_LOOP('',(#2807,#2809,#2811,#2813,#2815,#2816));
#2818=FACE_OUTER_BOUND('',#2817,.F.);
#2819=ADVANCED_FACE('',(#2818),#2806,.T.);
#2820=CARTESIAN_POINT('',(1.617E2,2.049245026745E1,-4.927970465695E2));
#2821=DIRECTION('',(0.E0,2.410393779698E-1,9.705153364414E-1));
#2822=DIRECTION('',(0.E0,-9.705153364414E-1,2.410393779698E-1));
#2823=AXIS2_PLACEMENT_3D('',#2820,#2821,#2822);
#2824=PLANE('',#2823);
#2825=ORIENTED_EDGE('',*,*,#2223,.F.);
#2827=ORIENTED_EDGE('',*,*,#2826,.F.);
#2828=ORIENTED_EDGE('',*,*,#2808,.F.);
#2830=ORIENTED_EDGE('',*,*,#2829,.F.);
#2831=EDGE_LOOP('',(#2825,#2827,#2828,#2830));
#2832=FACE_OUTER_BOUND('',#2831,.F.);
#2833=ADVANCED_FACE('',(#2832),#2824,.T.);
#2834=CARTESIAN_POINT('',(1.617E2,1.801290957435E1,-4.901204614102E2));
#2835=DIRECTION('',(1.E0,0.E0,0.E0));
#2836=DIRECTION('',(0.E0,0.E0,-1.E0));
#2837=AXIS2_PLACEMENT_3D('',#2834,#2835,#2836);
#2838=CYLINDRICAL_SURFACE('',#2837,2.E0);
#2839=ORIENTED_EDGE('',*,*,#2810,.F.);
#2840=ORIENTED_EDGE('',*,*,#2826,.T.);
#2841=ORIENTED_EDGE('',*,*,#2221,.F.);
#2843=ORIENTED_EDGE('',*,*,#2842,.T.);
#2844=EDGE_LOOP('',(#2839,#2840,#2841,#2843));
#2845=FACE_OUTER_BOUND('',#2844,.F.);
#2846=ADVANCED_FACE('',(#2845),#2838,.F.);
#2847=CARTESIAN_POINT('',(1.617E2,-2.006487605813E1,-4.827241375256E2));
#2848=DIRECTION('',(1.E0,0.E0,0.E0));
#2849=DIRECTION('',(0.E0,0.E0,-1.E0));
#2850=AXIS2_PLACEMENT_3D('',#2847,#2848,#2849);
#2851=CYLINDRICAL_SURFACE('',#2850,3.678947493430E1);
#2852=ORIENTED_EDGE('',*,*,#2219,.F.);
#2854=ORIENTED_EDGE('',*,*,#2853,.F.);
#2855=ORIENTED_EDGE('',*,*,#2812,.F.);
#2856=ORIENTED_EDGE('',*,*,#2842,.F.);
#2857=EDGE_LOOP('',(#2852,#2854,#2855,#2856));
#2858=FACE_OUTER_BOUND('',#2857,.F.);
#2859=ADVANCED_FACE('',(#2858),#2851,.T.);
#2860=CARTESIAN_POINT('',(1.617E2,1.455503598459E1,-4.652288508508E2));
#2861=DIRECTION('',(1.E0,0.E0,0.E0));
#2862=DIRECTION('',(0.E0,0.E0,-1.E0));
#2863=AXIS2_PLACEMENT_3D('',#2860,#2861,#2862);
#2864=CYLINDRICAL_SURFACE('',#2863,2.E0);
#2865=ORIENTED_EDGE('',*,*,#2814,.F.);
#2866=ORIENTED_EDGE('',*,*,#2853,.T.);
#2867=ORIENTED_EDGE('',*,*,#2217,.F.);
#2868=ORIENTED_EDGE('',*,*,#2797,.T.);
#2869=EDGE_LOOP('',(#2865,#2866,#2867,#2868));
#2870=FACE_OUTER_BOUND('',#2869,.F.);
#2871=ADVANCED_FACE('',(#2870),#2864,.F.);
#2872=CARTESIAN_POINT('',(1.63452E2,1.926899712567E1,-4.935235674077E2));
#2873=DIRECTION('',(-1.E0,0.E0,0.E0));
#2874=DIRECTION('',(0.E0,0.E0,1.E0));
#2875=AXIS2_PLACEMENT_3D('',#2872,#2873,#2874);
#2876=CYLINDRICAL_SURFACE('',#2875,1.E0);
#2877=ORIENTED_EDGE('',*,*,#2829,.T.);
#2878=ORIENTED_EDGE('',*,*,#2780,.T.);
#2879=ORIENTED_EDGE('',*,*,#2767,.T.);
#2880=ORIENTED_EDGE('',*,*,#2225,.F.);
#2881=EDGE_LOOP('',(#2877,#2878,#2879,#2880));
#2882=FACE_OUTER_BOUND('',#2881,.F.);
#2883=ADVANCED_FACE('',(#2882),#2876,.T.);
#2884=CARTESIAN_POINT('',(1.6345E2,1.7E1,-4.48E2));
#2885=DIRECTION('',(-1.E0,0.E0,0.E0));
#2886=DIRECTION('',(0.E0,0.E0,1.E0));
#2887=AXIS2_PLACEMENT_3D('',#2884,#2885,#2886);
#2888=CYLINDRICAL_SURFACE('',#2887,1.4E1);
#2890=ORIENTED_EDGE('',*,*,#2889,.F.);
#2891=ORIENTED_EDGE('',*,*,#2752,.F.);
#2892=ORIENTED_EDGE('',*,*,#2213,.F.);
#2893=ORIENTED_EDGE('',*,*,#2211,.F.);
#2894=ORIENTED_EDGE('',*,*,#2089,.F.);
#2896=ORIENTED_EDGE('',*,*,#2895,.F.);
#2897=EDGE_LOOP('',(#2890,#2891,#2892,#2893,#2894,#2896));
#2898=FACE_OUTER_BOUND('',#2897,.F.);
#2899=ADVANCED_FACE('',(#2898),#2888,.T.);
#2900=CARTESIAN_POINT('',(1.6345E2,1.7E1,-4.48E2));
#2901=DIRECTION('',(1.E0,0.E0,0.E0));
#2902=DIRECTION('',(0.E0,1.E0,0.E0));
#2903=AXIS2_PLACEMENT_3D('',#2900,#2901,#2902);
#2904=PLANE('',#2903);
#2905=ORIENTED_EDGE('',*,*,#2754,.T.);
#2906=ORIENTED_EDGE('',*,*,#2889,.T.);
#2907=ORIENTED_EDGE('',*,*,#2895,.T.);
#2908=ORIENTED_EDGE('',*,*,#2087,.T.);
#2910=ORIENTED_EDGE('',*,*,#2909,.T.);
#2912=ORIENTED_EDGE('',*,*,#2911,.T.);
#2914=ORIENTED_EDGE('',*,*,#2913,.T.);
#2916=ORIENTED_EDGE('',*,*,#2915,.T.);
#2917=EDGE_LOOP('',(#2905,#2906,#2907,#2908,#2910,#2912,#2914,#2916));
#2918=FACE_OUTER_BOUND('',#2917,.F.);
#2919=ADVANCED_FACE('',(#2918),#2904,.T.);
#2920=CARTESIAN_POINT('',(1.634807214298E2,2.886346633700E1,-4.531456258399E2));
#2921=CARTESIAN_POINT('',(1.633494520569E2,2.861654065986E1,-4.530434930908E2));
#2922=CARTESIAN_POINT('',(1.635361402376E2,2.839306415585E1,-4.529511290408E2));
#2923=CARTESIAN_POINT('',(1.638357510193E2,2.847556075438E1,-4.529853094306E2));
#2924=CARTESIAN_POINT('',(1.634837934983E2,2.870218481294E1,-4.535519763180E2));
#2925=CARTESIAN_POINT('',(1.633286940516E2,2.842113964877E1,-4.534485160327E2));
#2926=CARTESIAN_POINT('',(1.635551605976E2,2.818483250286E1,-4.533257431457E2));
#2927=CARTESIAN_POINT('',(1.638793062520E2,2.833581037399E1,-4.533571759849E2));
#2928=CARTESIAN_POINT('',(1.634862892670E2,2.847453667899E1,-4.539337511785E2));
#2929=CARTESIAN_POINT('',(1.633064725354E2,2.817254907612E1,-4.537852866164E2));
#2930=CARTESIAN_POINT('',(1.635761569631E2,2.792877321535E1,-4.536337441369E2));
#2931=CARTESIAN_POINT('',(1.639162380026E2,2.814029820397E1,-4.537213742300E2));
#2932=CARTESIAN_POINT('',(1.634880586540E2,2.821392150142E1,-4.543036567034E2));
#2933=CARTESIAN_POINT('',(1.632853897941E2,2.791870813674E1,-4.540925123231E2));
#2934=CARTESIAN_POINT('',(1.635967573141E2,2.767009814174E1,-4.539147774886E2));
#2935=CARTESIAN_POINT('',(1.639436738374E2,2.790857553003E1,-4.540853722898E2));
#2936=(BOUNDED_SURFACE()B_SPLINE_SURFACE(3,3,((#2920,#2921,#2922,#2923),(#2924,
#2925,#2926,#2927),(#2928,#2929,#2930,#2931),(#2932,#2933,#2934,#2935)),
.UNSPECIFIED.,.F.,.F.,.F.)B_SPLINE_SURFACE_WITH_KNOTS((4,4),(4,4),(
-1.033502743625E-4,1.190468051608E-3),(-3.686580622612E-1,1.250226775684E0),
.UNSPECIFIED.)GEOMETRIC_REPRESENTATION_ITEM()RATIONAL_B_SPLINE_SURFACE(((
1.284084231419E0,7.562446139728E-1,7.202622592832E-1,1.176137167350E0),(
1.331917109586E0,7.152021329297E-1,6.731612244813E-1,1.205794384241E0),(
1.381038994169E0,6.730536339467E-1,6.247909050710E-1,1.236250807543E0),(
1.425212695949E0,6.351508694190E-1,5.812930612337E-1,1.263639271393E0)))REPRESENTATION_ITEM('')SURFACE());
#2937=ORIENTED_EDGE('',*,*,#2085,.T.);
#2939=ORIENTED_EDGE('',*,*,#2938,.F.);
#2941=ORIENTED_EDGE('',*,*,#2940,.T.);
#2942=ORIENTED_EDGE('',*,*,#2909,.F.);
#2943=EDGE_LOOP('',(#2937,#2939,#2941,#2942));
#2944=FACE_OUTER_BOUND('',#2943,.F.);
#2945=ADVANCED_FACE('',(#2944),#2936,.F.);
#2946=CARTESIAN_POINT('',(1.634533449047E2,2.613814422857E1,-4.548224631026E2));
#2947=CARTESIAN_POINT('',(1.633875365524E2,2.668494114831E1,-4.552304689644E2));
#2948=CARTESIAN_POINT('',(1.638748875198E2,2.706208094038E1,-4.555314300197E2));
#2949=CARTESIAN_POINT('',(1.645567485778E2,2.699055489644E1,-4.555027642262E2));
#2950=CARTESIAN_POINT('',(1.634717536305E2,2.630502541873E1,-4.544679751625E2));
#2951=CARTESIAN_POINT('',(1.633472775916E2,2.690179809998E1,-4.548688223177E2));
#2952=CARTESIAN_POINT('',(1.638487675633E2,2.737026981489E1,-4.551314089303E2));
#2953=CARTESIAN_POINT('',(1.645753421195E2,2.733405339617E1,-4.550445866165E2));
#2954=CARTESIAN_POINT('',(1.634124186897E2,2.651248877645E1,-4.539262042714E2));
#2955=CARTESIAN_POINT('',(1.631628171093E2,2.716457036507E1,-4.543331005971E2));
#2956=CARTESIAN_POINT('',(1.636667654507E2,2.777040986522E1,-4.545425759158E2));
#2957=CARTESIAN_POINT('',(1.644646769686E2,2.777460198236E1,-4.543620410991E2));
#2958=CARTESIAN_POINT('',(1.631975945279E2,2.672831977999E1,-4.531754372414E2));
#2959=CARTESIAN_POINT('',(1.627717289119E2,2.738759013452E1,-4.536927740219E2));
#2960=CARTESIAN_POINT('',(1.632497660023E2,2.818816705974E1,-4.538379868546E2));
#2961=CARTESIAN_POINT('',(1.641081648642E2,2.824824668069E1,-4.534496744439E2));
#2962=CARTESIAN_POINT('',(1.629881723636E2,2.685406044891E1,-4.526486266926E2));
#2963=CARTESIAN_POINT('',(1.624278485945E2,2.749060209234E1,-4.532721665103E2));
#2964=CARTESIAN_POINT('',(1.628708505701E2,2.844417717078E1,-4.533723693316E2));
#2965=CARTESIAN_POINT('',(1.637700616757E2,2.852948961057E1,-4.528223835606E2));
#2966=CARTESIAN_POINT('',(1.627173851433E2,2.695612412880E1,-4.521368071560E2));
#2967=CARTESIAN_POINT('',(1.620416322270E2,2.752964632721E1,-4.529238964443E2));
#2968=CARTESIAN_POINT('',(1.624283965558E2,2.865220182294E1,-4.529805629304E2));
#2969=CARTESIAN_POINT('',(1.633429940088E2,2.876016957252E1,-4.522243641952E2));
#2970=CARTESIAN_POINT('',(1.623806595001E2,2.703439303928E1,-4.516734595043E2));
#2971=CARTESIAN_POINT('',(1.616599458657E2,2.749784445602E1,-4.527025653995E2));
#2972=CARTESIAN_POINT('',(1.619612557580E2,2.880206338003E1,-4.527191812751E2));
#2973=CARTESIAN_POINT('',(1.628242154036E2,2.893594443620E1,-4.516924370436E2));
#2974=CARTESIAN_POINT('',(1.620233501981E2,2.708053024241E1,-4.513651183247E2));
#2975=CARTESIAN_POINT('',(1.614449819659E2,2.741818129375E1,-4.526767707607E2));
#2976=CARTESIAN_POINT('',(1.616393333700E2,2.886864935402E1,-4.526666852419E2));
#2977=CARTESIAN_POINT('',(1.622886865037E2,2.903517488804E1,-4.513443015689E2));
#2978=CARTESIAN_POINT('',(1.616622311168E2,2.710247077997E1,-4.512141669805E2));
#2979=CARTESIAN_POINT('',(1.614147783486E2,2.735843806113E1,-4.527149247507E2));
#2980=CARTESIAN_POINT('',(1.614883931394E2,2.889123900001E1,-4.526914158443E2));
#2981=CARTESIAN_POINT('',(1.617586965380E2,2.908028788183E1,-4.511752700326E2));
#2982=CARTESIAN_POINT('',(1.614514295463E2,2.710473155145E1,-4.511983617739E2));
#2983=CARTESIAN_POINT('',(1.614514679593E2,2.735062238721E1,-4.527234571844E2));
#2984=CARTESIAN_POINT('',(1.614520457126E2,2.889258518606E1,-4.526985799556E2));
#2985=CARTESIAN_POINT('',(1.614521717440E2,2.908476051078E1,-4.511576836105E2));
#2986=CARTESIAN_POINT('',(1.613345339935E2,2.710245591125E1,-4.512141587888E2));
#2987=CARTESIAN_POINT('',(1.614643545400E2,2.735788957073E1,-4.527168183755E2));
#2988=CARTESIAN_POINT('',(1.614240766491E2,2.889074431139E1,-4.526933547743E2));
#2989=CARTESIAN_POINT('',(1.612817895269E2,2.908017992425E1,-4.511753115127E2));
#2990=(BOUNDED_SURFACE()B_SPLINE_SURFACE(3,3,((#2946,#2947,#2948,#2949),(#2950,
#2951,#2952,#2953),(#2954,#2955,#2956,#2957),(#2958,#2959,#2960,#2961),(#2962,
#2963,#2964,#2965),(#2966,#2967,#2968,#2969),(#2970,#2971,#2972,#2973),(#2974,
#2975,#2976,#2977),(#2978,#2979,#2980,#2981),(#2982,#2983,#2984,#2985),(#2986,
#2987,#2988,#2989)),.UNSPECIFIED.,.F.,.F.,.F.)B_SPLINE_SURFACE_WITH_KNOTS((4,1,
1,1,1,1,1,1,4),(4,4),(-1.180887031859E-4,1.399361620210E-3,2.099042430315E-3,
2.798723240420E-3,3.498404050525E-3,4.198084860631E-3,4.897765670736E-3,
5.247606075788E-3,5.717523366099E-3),(-8.324136084380E-2,1.079382215883E0),
.UNSPECIFIED.)GEOMETRIC_REPRESENTATION_ITEM()RATIONAL_B_SPLINE_SURFACE(((
1.051698909770E0,7.925119422874E-1,7.916544584507E-1,1.049126458261E0),(
1.056418747604E0,7.735693767829E-1,7.726336091940E-1,1.053611444837E0),(
1.064911693164E0,7.394838460363E-1,7.384072135126E-1,1.061681795594E0),(
1.079042819235E0,6.827700794437E-1,6.814590664998E-1,1.075109780405E0),(
1.090120138311E0,6.383124413656E-1,6.368176987822E-1,1.085635910560E0),(
1.102101070143E0,5.902282499135E-1,5.885347902694E-1,1.097020691210E0),(
1.114280855841E0,5.413459796851E-1,5.394505047680E-1,1.108594431089E0),(
1.123479034118E0,5.044300726823E-1,5.023820357627E-1,1.117334923360E0),(
1.128311586253E0,4.850351403579E-1,4.829069501940E-1,1.121927015761E0),(
1.128840208248E0,4.829135723854E-1,4.807766144386E-1,1.122429334409E0),(
1.128320682820E0,4.849986322586E-1,4.828702912180E-1,1.121935659698E0)))REPRESENTATION_ITEM('')SURFACE());
#2991=ORIENTED_EDGE('',*,*,#2083,.T.);
#2993=ORIENTED_EDGE('',*,*,#2992,.T.);
#2995=ORIENTED_EDGE('',*,*,#2994,.T.);
#2997=ORIENTED_EDGE('',*,*,#2996,.T.);
#2998=ORIENTED_EDGE('',*,*,#2938,.T.);
#2999=EDGE_LOOP('',(#2991,#2993,#2995,#2997,#2998));
#3000=FACE_OUTER_BOUND('',#2999,.F.);
#3001=ADVANCED_FACE('',(#3000),#2990,.T.);
#3002=CARTESIAN_POINT('',(1.6145E2,6.687860489825E1,-4.384242213107E2));
#3003=DIRECTION('',(1.E0,0.E0,0.E0));
#3004=DIRECTION('',(0.E0,0.E0,-1.E0));
#3005=AXIS2_PLACEMENT_3D('',#3002,#3003,#3004);
#3006=TOROIDAL_SURFACE('',#3005,4.378947493431E1,2.E0);
#3007=ORIENTED_EDGE('',*,*,#2081,.T.);
#3009=ORIENTED_EDGE('',*,*,#3008,.T.);
#3011=ORIENTED_EDGE('',*,*,#3010,.F.);
#3012=ORIENTED_EDGE('',*,*,#2992,.F.);
#3013=EDGE_LOOP('',(#3007,#3009,#3011,#3012));
#3014=FACE_OUTER_BOUND('',#3013,.F.);
#3015=ADVANCED_FACE('',(#3014),#3006,.F.);
#3016=CARTESIAN_POINT('',(1.646163187261E2,2.470670639581E1,-4.526756723108E2));
#3017=CARTESIAN_POINT('',(1.638980428082E2,2.461119672260E1,-4.525973340908E2));
#3018=CARTESIAN_POINT('',(1.633630016039E2,2.504737395487E1,-4.528465374468E2));
#3019=CARTESIAN_POINT('',(1.634569843187E2,2.567301175947E1,-4.532284960572E2));
#3020=CARTESIAN_POINT('',(1.646248784581E2,2.505403194033E1,-4.521004663528E2));
#3021=CARTESIAN_POINT('',(1.639685912603E2,2.489881203680E1,-4.521519183638E2));
#3022=CARTESIAN_POINT('',(1.634548135262E2,2.525015205266E1,-4.523985662958E2));
#3023=CARTESIAN_POINT('',(1.634549437996E2,2.587042103692E1,-4.526692472717E2));
#3024=CARTESIAN_POINT('',(1.643341868754E2,2.557483233668E1,-4.509493226239E2));
#3025=CARTESIAN_POINT('',(1.638681800774E2,2.542214155489E1,-4.511629645543E2));
#3026=CARTESIAN_POINT('',(1.634394545929E2,2.564024954563E1,-4.513857538007E2));
#3027=CARTESIAN_POINT('',(1.632568854260E2,2.613005373690E1,-4.515096713680E2));
#3028=CARTESIAN_POINT('',(1.632297058687E2,2.608096796864E1,-4.487625108273E2));
#3029=CARTESIAN_POINT('',(1.630548753357E2,2.604018415745E1,-4.490199481642E2));
#3030=CARTESIAN_POINT('',(1.628193522947E2,2.610020852320E1,-4.491597343682E2));
#3031=CARTESIAN_POINT('',(1.625506805712E2,2.625440261368E1,-4.491648352829E2));
#3032=CARTESIAN_POINT('',(1.621674667054E2,2.602671168543E1,-4.472830359868E2));
#3033=CARTESIAN_POINT('',(1.620755672282E2,2.603730147639E1,-4.473381964087E2));
#3034=CARTESIAN_POINT('',(1.619836677452E2,2.604789126519E1,-4.473933568200E2));
#3035=CARTESIAN_POINT('',(1.618917682566E2,2.605848105184E1,-4.474485172208E2));
#3036=CARTESIAN_POINT('',(1.6145E2,2.583859194577E1,-4.463031522118E2));
#3037=CARTESIAN_POINT('',(1.6145E2,2.583859194577E1,-4.463031522118E2));
#3038=CARTESIAN_POINT('',(1.6145E2,2.583859194577E1,-4.463031522118E2));
#3039=CARTESIAN_POINT('',(1.6145E2,2.583859194577E1,-4.463031522118E2));
#3040=(BOUNDED_SURFACE()B_SPLINE_SURFACE(3,3,((#3016,#3017,#3018,#3019),(#3020,
#3021,#3022,#3023),(#3024,#3025,#3026,#3027),(#3028,#3029,#3030,#3031),(#3032,
#3033,#3034,#3035),(#3036,#3037,#3038,#3039)),.UNSPECIFIED.,.F.,.F.,.F.)B_SPLINE_SURFACE_WITH_KNOTS((4,1,1,4),(4,4),(-1.198391850791E-4,1.982613114096E-3,
3.965226228193E-3,7.930452456385E-3),(-1.226625299417E-1,1.077272197710E0),
.UNSPECIFIED.)GEOMETRIC_REPRESENTATION_ITEM()RATIONAL_B_SPLINE_SURFACE(((
1.082595765755E0,7.838403865822E-1,7.729511767257E-1,1.049928136186E0),(
1.071370965513E0,8.132165714130E-1,8.038072098795E-1,1.043142880912E0),(
1.047785258218E0,8.749422219296E-1,8.686423383942E-1,1.028885607611E0),(
1.011372773234E0,9.702365582140E-1,9.687372015186E-1,1.006874703148E0),(1.E0,
9.999999999997E-1,9.999999999997E-1,1.E0),(1.E0,1.E0,1.E0,1.E0)))REPRESENTATION_ITEM('')SURFACE());
#3042=ORIENTED_EDGE('',*,*,#3041,.F.);
#3044=ORIENTED_EDGE('',*,*,#3043,.T.);
#3045=ORIENTED_EDGE('',*,*,#3008,.F.);
#3046=EDGE_LOOP('',(#3042,#3044,#3045));
#3047=FACE_OUTER_BOUND('',#3046,.F.);
#3048=ADVANCED_FACE('',(#3047),#3040,.T.);
#3049=CARTESIAN_POINT('',(-1.115747439374E3,1.7E1,-4.48E2));
#3050=DIRECTION('',(1.E0,0.E0,0.E0));
#3051=DIRECTION('',(0.E0,0.E0,-1.E0));
#3052=AXIS2_PLACEMENT_3D('',#3049,#3050,#3051);
#3053=CYLINDRICAL_SURFACE('',#3052,9.E0);
#3055=ORIENTED_EDGE('',*,*,#3054,.F.);
#3057=ORIENTED_EDGE('',*,*,#3056,.T.);
#3059=ORIENTED_EDGE('',*,*,#3058,.F.);
#3060=ORIENTED_EDGE('',*,*,#3041,.T.);
#3061=ORIENTED_EDGE('',*,*,#2079,.T.);
#3063=ORIENTED_EDGE('',*,*,#3062,.F.);
#3065=ORIENTED_EDGE('',*,*,#3064,.F.);
#3066=EDGE_LOOP('',(#3055,#3057,#3059,#3060,#3061,#3063,#3065));
#3067=FACE_OUTER_BOUND('',#3066,.F.);
#3068=ADVANCED_FACE('',(#3067),#3053,.F.);
#3069=CARTESIAN_POINT('',(1.6895E2,1.7E1,-4.48E2));
#3070=DIRECTION('',(1.E0,0.E0,0.E0));
#3071=DIRECTION('',(0.E0,0.E0,-1.E0));
#3072=AXIS2_PLACEMENT_3D('',#3069,#3070,#3071);
#3073=TOROIDAL_SURFACE('',#3072,1.E1,1.E0);
#3074=ORIENTED_EDGE('',*,*,#3054,.T.);
#3076=ORIENTED_EDGE('',*,*,#3075,.T.);
#3078=ORIENTED_EDGE('',*,*,#3077,.T.);
#3080=ORIENTED_EDGE('',*,*,#3079,.F.);
#3081=EDGE_LOOP('',(#3074,#3076,#3078,#3080));
#3082=FACE_OUTER_BOUND('',#3081,.F.);
#3083=ADVANCED_FACE('',(#3082),#3073,.T.);
#3084=CARTESIAN_POINT('',(1.6895E2,1.7E1,-4.48E2));
#3085=DIRECTION('',(1.E0,0.E0,0.E0));
#3086=DIRECTION('',(0.E0,0.E0,-1.E0));
#3087=AXIS2_PLACEMENT_3D('',#3084,#3085,#3086);
#3088=TOROIDAL_SURFACE('',#3087,1.E1,1.E0);
#3090=ORIENTED_EDGE('',*,*,#3089,.T.);
#3091=ORIENTED_EDGE('',*,*,#3079,.T.);
#3093=ORIENTED_EDGE('',*,*,#3092,.T.);
#3094=ORIENTED_EDGE('',*,*,#3075,.F.);
#3095=EDGE_LOOP('',(#3090,#3091,#3093,#3094));
#3096=FACE_OUTER_BOUND('',#3095,.F.);
#3097=ADVANCED_FACE('',(#3096),#3088,.T.);
#3098=CARTESIAN_POINT('',(-1.115747439374E3,1.7E1,-4.48E2));
#3099=DIRECTION('',(1.E0,0.E0,0.E0));
#3100=DIRECTION('',(0.E0,0.E0,-1.E0));
#3101=AXIS2_PLACEMENT_3D('',#3098,#3099,#3100);
#3102=CYLINDRICAL_SURFACE('',#3101,9.E0);
#3103=ORIENTED_EDGE('',*,*,#3089,.F.);
#3104=ORIENTED_EDGE('',*,*,#3064,.T.);
#3106=ORIENTED_EDGE('',*,*,#3105,.F.);
#3107=ORIENTED_EDGE('',*,*,#2762,.F.);
#3109=ORIENTED_EDGE('',*,*,#3108,.T.);
#3111=ORIENTED_EDGE('',*,*,#3110,.F.);
#3112=ORIENTED_EDGE('',*,*,#3056,.F.);
#3113=EDGE_LOOP('',(#3103,#3104,#3106,#3107,#3109,#3111,#3112));
#3114=FACE_OUTER_BOUND('',#3113,.F.);
#3115=ADVANCED_FACE('',(#3114),#3102,.F.);
#3116=CARTESIAN_POINT('',(1.597E2,1.7E1,-4.48E2));
#3117=DIRECTION('',(-1.E0,0.E0,0.E0));
#3118=DIRECTION('',(0.E0,0.E0,1.E0));
#3119=AXIS2_PLACEMENT_3D('',#3116,#3117,#3118);
#3120=TOROIDAL_SURFACE('',#3119,1.E1,1.E0);
#3121=ORIENTED_EDGE('',*,*,#2737,.F.);
#3122=ORIENTED_EDGE('',*,*,#3105,.T.);
#3123=ORIENTED_EDGE('',*,*,#3062,.T.);
#3125=ORIENTED_EDGE('',*,*,#3124,.T.);
#3126=ORIENTED_EDGE('',*,*,#2642,.F.);
#3127=ORIENTED_EDGE('',*,*,#2640,.F.);
#3128=EDGE_LOOP('',(#3121,#3122,#3123,#3125,#3126,#3127));
#3129=FACE_OUTER_BOUND('',#3128,.F.);
#3130=ADVANCED_FACE('',(#3129),#3120,.T.);
#3131=CARTESIAN_POINT('',(1.597E2,6.687860489825E1,-4.384242213107E2));
#3132=DIRECTION('',(-1.E0,0.E0,0.E0));
#3133=DIRECTION('',(0.E0,0.E0,1.E0));
#3134=AXIS2_PLACEMENT_3D('',#3131,#3132,#3133);
#3135=TOROIDAL_SURFACE('',#3134,4.078947493430E1,1.E0);
#3136=ORIENTED_EDGE('',*,*,#3124,.F.);
#3137=ORIENTED_EDGE('',*,*,#2077,.T.);
#3138=ORIENTED_EDGE('',*,*,#2060,.T.);
#3139=ORIENTED_EDGE('',*,*,#2644,.F.);
#3140=EDGE_LOOP('',(#3136,#3137,#3138,#3139));
#3141=FACE_OUTER_BOUND('',#3140,.F.);
#3142=ADVANCED_FACE('',(#3141),#3135,.T.);
#3143=CARTESIAN_POINT('',(1.634620114575E2,1.612888075531E1,-4.581240815615E2));
#3144=CARTESIAN_POINT('',(1.633403965247E2,1.618782177990E1,-4.573834856822E2));
#3145=CARTESIAN_POINT('',(1.638741341855E2,1.624466871250E1,-4.568584967500E2));
#3146=CARTESIAN_POINT('',(1.646126846324E2,1.625225353502E1,-4.569824852432E2));
#3147=CARTESIAN_POINT('',(1.634554441209E2,1.555602513323E1,-4.579533471405E2));
#3148=CARTESIAN_POINT('',(1.634327270467E2,1.570804662340E1,-4.572807730358E2));
#3149=CARTESIAN_POINT('',(1.639474728035E2,1.571958997411E1,-4.568299910672E2));
#3150=CARTESIAN_POINT('',(1.646213151760E2,1.558368470109E1,-4.569254749279E2));
#3151=CARTESIAN_POINT('',(1.632472741327E2,1.446233564434E1,-4.574747195343E2));
#3152=CARTESIAN_POINT('',(1.634204331085E2,1.466194755047E1,-4.569948975860E2));
#3153=CARTESIAN_POINT('',(1.638540726226E2,1.461533612129E1,-4.566742558169E2));
#3154=CARTESIAN_POINT('',(1.643313908083E2,1.434728780742E1,-4.566707117910E2));
#3155=CARTESIAN_POINT('',(1.625339810560E2,1.249718788188E1,-4.561795569578E2));
#3156=CARTESIAN_POINT('',(1.628085191431E2,1.259232804126E1,-4.560498466311E2));
#3157=CARTESIAN_POINT('',(1.630498448884E2,1.251703104360E1,-4.559164410431E2));
#3158=CARTESIAN_POINT('',(1.632285319235E2,1.228078095759E1,-4.557956440945E2));
#3159=CARTESIAN_POINT('',(1.618858318398E2,1.123188008422E1,-4.550069594808E2));
#3160=CARTESIAN_POINT('',(1.619794959509E2,1.119274153756E1,-4.549651826216E2));
#3161=CARTESIAN_POINT('',(1.620731600560E2,1.115360298285E1,-4.549234057545E2));
#3162=CARTESIAN_POINT('',(1.621668241551E2,1.111446442008E1,-4.548816288794E2));
#3163=CARTESIAN_POINT('',(1.6145E2,1.043202730576E1,-4.541531889852E2));
#3164=CARTESIAN_POINT('',(1.6145E2,1.043202730576E1,-4.541531889852E2));
#3165=CARTESIAN_POINT('',(1.6145E2,1.043202730576E1,-4.541531889852E2));
#3166=CARTESIAN_POINT('',(1.6145E2,1.043202730576E1,-4.541531889852E2));
#3167=(BOUNDED_SURFACE()B_SPLINE_SURFACE(3,3,((#3143,#3144,#3145,#3146),(#3147,
#3148,#3149,#3150),(#3151,#3152,#3153,#3154),(#3155,#3156,#3157,#3158),(#3159,
#3160,#3161,#3162),(#3163,#3164,#3165,#3166)),.UNSPECIFIED.,.F.,.F.,.F.)B_SPLINE_SURFACE_WITH_KNOTS((4,1,1,4),(4,4),(-1.192895272873E-4,1.982613114096E-3,
3.965226228193E-3,7.930452456386E-3),(-1.031095261544E-1,1.119865933645E0),
.UNSPECIFIED.)GEOMETRIC_REPRESENTATION_ITEM()RATIONAL_B_SPLINE_SURFACE(((
1.068213097395E0,7.733142901946E-1,7.774109296669E-1,1.080503015812E0),(
1.058943949111E0,8.041175162375E-1,8.076574831617E-1,1.069563849884E0),(
1.039466409832E0,8.688452589323E-1,8.712154731364E-1,1.046577052444E0),(
1.009393396622E0,9.687838719825E-1,9.693480064501E-1,1.011085800025E0),(1.E0,
9.999999999997E-1,9.999999999997E-1,1.E0),(1.E0,1.E0,1.E0,1.E0)))REPRESENTATION_ITEM('')SURFACE());
#3169=ORIENTED_EDGE('',*,*,#3168,.T.);
#3170=ORIENTED_EDGE('',*,*,#3108,.F.);
#3172=ORIENTED_EDGE('',*,*,#3171,.F.);
#3173=EDGE_LOOP('',(#3169,#3170,#3172));
#3174=FACE_OUTER_BOUND('',#3173,.F.);
#3175=ADVANCED_FACE('',(#3174),#3167,.T.);
#3176=CARTESIAN_POINT('',(1.6445E2,1.7E1,-4.48E2));
#3177=DIRECTION('',(1.E0,0.E0,0.E0));
#3178=DIRECTION('',(0.E0,0.E0,-1.E0));
#3179=AXIS2_PLACEMENT_3D('',#3176,#3177,#3178);
#3180=TOROIDAL_SURFACE('',#3179,1.E1,1.E0);
#3181=ORIENTED_EDGE('',*,*,#3043,.F.);
#3182=ORIENTED_EDGE('',*,*,#3058,.T.);
#3183=ORIENTED_EDGE('',*,*,#3110,.T.);
#3184=ORIENTED_EDGE('',*,*,#3168,.F.);
#3186=ORIENTED_EDGE('',*,*,#3185,.F.);
#3188=ORIENTED_EDGE('',*,*,#3187,.F.);
#3189=EDGE_LOOP('',(#3181,#3182,#3183,#3184,#3186,#3188));
#3190=FACE_OUTER_BOUND('',#3189,.F.);
#3191=ADVANCED_FACE('',(#3190),#3180,.T.);
#3192=CARTESIAN_POINT('',(1.6345E2,1.7E1,-4.48E2));
#3193=DIRECTION('',(1.E0,0.E0,0.E0));
#3194=DIRECTION('',(0.E0,1.E0,0.E0));
#3195=AXIS2_PLACEMENT_3D('',#3192,#3193,#3194);
#3196=PLANE('',#3195);
#3197=ORIENTED_EDGE('',*,*,#3010,.T.);
#3198=ORIENTED_EDGE('',*,*,#3187,.T.);
#3199=ORIENTED_EDGE('',*,*,#3185,.T.);
#3201=ORIENTED_EDGE('',*,*,#3200,.T.);
#3203=ORIENTED_EDGE('',*,*,#3202,.T.);
#3204=EDGE_LOOP('',(#3197,#3198,#3199,#3201,#3203));
#3205=FACE_OUTER_BOUND('',#3204,.F.);
#3206=ADVANCED_FACE('',(#3205),#3196,.F.);
#3207=CARTESIAN_POINT('',(1.6145E2,-2.006487605813E1,-4.827241375256E2));
#3208=DIRECTION('',(1.E0,0.E0,0.E0));
#3209=DIRECTION('',(0.E0,0.E0,-1.E0));
#3210=AXIS2_PLACEMENT_3D('',#3207,#3208,#3209);
#3211=TOROIDAL_SURFACE('',#3210,4.378947493431E1,2.E0);
#3212=ORIENTED_EDGE('',*,*,#3200,.F.);
#3213=ORIENTED_EDGE('',*,*,#3171,.T.);
#3214=ORIENTED_EDGE('',*,*,#2760,.T.);
#3216=ORIENTED_EDGE('',*,*,#3215,.T.);
#3217=EDGE_LOOP('',(#3212,#3213,#3214,#3216));
#3218=FACE_OUTER_BOUND('',#3217,.F.);
#3219=ADVANCED_FACE('',(#3218),#3211,.F.);
#3220=CARTESIAN_POINT('',(1.645633351095E2,1.719774468163E1,-4.604917990278E2));
#3221=CARTESIAN_POINT('',(1.638832685848E2,1.717901452922E1,-4.605708847966E2));
#3222=CARTESIAN_POINT('',(1.633917274398E2,1.715715932781E1,-4.600935747779E2));
#3223=CARTESIAN_POINT('',(1.634526784545E2,1.714831434353E1,-4.594102364235E2));
#3224=CARTESIAN_POINT('',(1.645821616257E2,1.662452781051E1,-4.605003513273E2));
#3225=CARTESIAN_POINT('',(1.638576770347E2,1.667309175752E1,-4.605854745048E2));
#3226=CARTESIAN_POINT('',(1.633512519920E2,1.673612174746E1,-4.600572461463E2));
#3227=CARTESIAN_POINT('',(1.634705083257E2,1.676307211440E1,-4.593370542833E2));
#3228=CARTESIAN_POINT('',(1.644717781933E2,1.581252896413E1,-4.604554100221E2));
#3229=CARTESIAN_POINT('',(1.636764280699E2,1.595978052782E1,-4.605635861933E2));
#3230=CARTESIAN_POINT('',(1.631660147367E2,1.614692629402E1,-4.599562128650E2));
#3231=CARTESIAN_POINT('',(1.634100267746E2,1.620256759664E1,-4.591865453518E2));
#3232=CARTESIAN_POINT('',(1.641151238655E2,1.479449811957E1,-4.603017757892E2));
#3233=CARTESIAN_POINT('',(1.632601755668E2,1.514120827995E1,-4.604877910780E2));
#3234=CARTESIAN_POINT('',(1.627733590281E2,1.549678167093E1,-4.597623161844E2));
#3235=CARTESIAN_POINT('',(1.631938569265E2,1.546911299400E1,-4.589198402858E2));
#3236=CARTESIAN_POINT('',(1.637768056890E2,1.412082068719E1,-4.601601414338E2));
#3237=CARTESIAN_POINT('',(1.628817961988E2,1.461159467149E1,-4.604213465596E2));
#3238=CARTESIAN_POINT('',(1.624279498454E2,1.509550478566E1,-4.596001113282E2));
#3239=CARTESIAN_POINT('',(1.629836115442E2,1.496979289689E1,-4.587117295919E2));
#3240=CARTESIAN_POINT('',(1.633492653815E2,1.350050771691E1,-4.599947151093E2));
#3241=CARTESIAN_POINT('',(1.624396640091E2,1.416926291690E1,-4.603591986188E2));
#3242=CARTESIAN_POINT('',(1.620399154696E2,1.479096475154E1,-4.594289873378E2));
#3243=CARTESIAN_POINT('',(1.627123457670E2,1.449690365821E1,-4.584931893387E2));
#3244=CARTESIAN_POINT('',(1.628295808116E2,1.296582997838E1,-4.598236301661E2));
#3245=CARTESIAN_POINT('',(1.619721117489E2,1.386568483381E1,-4.603262030561E2));
#3246=CARTESIAN_POINT('',(1.616564869692E2,1.463180689399E1,-4.592755402429E2));
#3247=CARTESIAN_POINT('',(1.623757769504E2,1.407760136215E1,-4.582838843542E2));
#3248=CARTESIAN_POINT('',(1.622924160055E2,1.262480441245E1,-4.596986682670E2));
#3249=CARTESIAN_POINT('',(1.616477356873E2,1.377976634274E1,-4.603481633839E2));
#3250=CARTESIAN_POINT('',(1.614413449295E2,1.466001367598E1,-4.591982059593E2));
#3251=CARTESIAN_POINT('',(1.620197258246E2,1.380264029175E1,-4.581398746287E2));
#3252=CARTESIAN_POINT('',(1.617601830594E2,1.246089163060E1,-4.596354432182E2));
#3253=CARTESIAN_POINT('',(1.614919530912E2,1.378361236862E1,-4.603801375969E2));
#3254=CARTESIAN_POINT('',(1.614130282129E2,1.472778844462E1,-4.591737365924E2));
#3255=CARTESIAN_POINT('',(1.616607461555E2,1.366860039146E1,-4.580688917946E2));
#3256=CARTESIAN_POINT('',(1.614521735924E2,1.244395113850E1,-4.596286785751E2));
#3257=CARTESIAN_POINT('',(1.614520521385E2,1.378825333695E1,-4.603853236501E2));
#3258=CARTESIAN_POINT('',(1.614514736032E2,1.473952965922E1,-4.591726045068E2));
#3259=CARTESIAN_POINT('',(1.614514305885E2,1.365460716965E1,-4.580614360105E2));
#3260=CARTESIAN_POINT('',(1.612810091188E2,1.246097922539E1,-4.596353760551E2));
#3261=CARTESIAN_POINT('',(1.614221900068E2,1.378545149892E1,-4.603808683513E2));
#3262=CARTESIAN_POINT('',(1.614652571746E2,1.472966217429E1,-4.591744141828E2));
#3263=CARTESIAN_POINT('',(1.613353142839E2,1.366861283249E1,-4.580688783846E2));
#3264=(BOUNDED_SURFACE()B_SPLINE_SURFACE(3,3,((#3220,#3221,#3222,#3223),(#3224,
#3225,#3226,#3227),(#3228,#3229,#3230,#3231),(#3232,#3233,#3234,#3235),(#3236,
#3237,#3238,#3239),(#3240,#3241,#3242,#3243),(#3244,#3245,#3246,#3247),(#3248,
#3249,#3250,#3251),(#3252,#3253,#3254,#3255),(#3256,#3257,#3258,#3259),(#3260,
#3261,#3262,#3263)),.UNSPECIFIED.,.F.,.F.,.F.)B_SPLINE_SURFACE_WITH_KNOTS((4,1,
1,1,1,1,1,1,4),(4,4),(-1.180887031676E-4,1.399361620210E-3,2.099042430315E-3,
2.798723240420E-3,3.498404050526E-3,4.198084860631E-3,4.897765670736E-3,
5.247606075788E-3,5.717521806026E-3),(-8.435289569189E-2,1.077840196517E0),
.UNSPECIFIED.)GEOMETRIC_REPRESENTATION_ITEM()RATIONAL_B_SPLINE_SURFACE(((
1.052443010984E0,7.928582399073E-1,7.914116846349E-1,1.048103345167E0),(
1.057230781330E0,7.739472895698E-1,7.723686714296E-1,1.052494926908E0),(
1.065845965663E0,7.399186475644E-1,7.381023935583E-1,1.060397203645E0),(
1.080180480705E0,6.832995362678E-1,6.810878879486E-1,1.073545535747E0),(
1.091417235377E0,6.389160979991E-1,6.363945020546E-1,1.083852447544E0),(
1.103570608483E0,5.909121590756E-1,5.880553320754E-1,1.095000127482E0),(
1.115925697555E0,5.421114733702E-1,5.389138513068E-1,1.106332831365E0),(
1.125256265E0,5.052571790237E-1,5.018021884135E-1,1.114891293169E0),(
1.130158366911E0,4.858946367325E-1,4.823044296038E-1,1.119387745525E0),(
1.130694600347E0,4.837765978244E-1,4.801715995673E-1,1.119879605576E0),(
1.130167604685E0,4.858581489616E-1,4.822676870239E-1,1.119396218871E0)))REPRESENTATION_ITEM('')SURFACE());
#3266=ORIENTED_EDGE('',*,*,#3265,.T.);
#3268=ORIENTED_EDGE('',*,*,#3267,.T.);
#3269=ORIENTED_EDGE('',*,*,#3215,.F.);
#3270=ORIENTED_EDGE('',*,*,#2758,.T.);
#3272=ORIENTED_EDGE('',*,*,#3271,.T.);
#3274=ORIENTED_EDGE('',*,*,#3273,.T.);
#3275=EDGE_LOOP('',(#3266,#3268,#3269,#3270,#3272,#3274));
#3276=FACE_OUTER_BOUND('',#3275,.F.);
#3277=ADVANCED_FACE('',(#3276),#3264,.T.);
#3278=CARTESIAN_POINT('',(1.702E2,1.7E1,-4.48E2));
#3279=DIRECTION('',(-1.E0,0.E0,0.E0));
#3280=DIRECTION('',(0.E0,0.E0,1.E0));
#3281=AXIS2_PLACEMENT_3D('',#3278,#3279,#3280);
#3282=CYLINDRICAL_SURFACE('',#3281,1.25E1);
#3283=ORIENTED_EDGE('',*,*,#2996,.F.);
#3285=ORIENTED_EDGE('',*,*,#3284,.F.);
#3286=ORIENTED_EDGE('',*,*,#3265,.F.);
#3288=ORIENTED_EDGE('',*,*,#3287,.T.);
#3290=ORIENTED_EDGE('',*,*,#3289,.F.);
#3292=ORIENTED_EDGE('',*,*,#3291,.F.);
#3294=ORIENTED_EDGE('',*,*,#3293,.F.);
#3295=EDGE_LOOP('',(#3283,#3285,#3286,#3288,#3290,#3292,#3294));
#3296=FACE_OUTER_BOUND('',#3295,.F.);
#3297=ADVANCED_FACE('',(#3296),#3282,.T.);
#3298=CARTESIAN_POINT('',(1.6445E2,1.7E1,-4.48E2));
#3299=DIRECTION('',(1.E0,0.E0,0.E0));
#3300=DIRECTION('',(0.E0,0.E0,-1.E0));
#3301=AXIS2_PLACEMENT_3D('',#3298,#3299,#3300);
#3302=TOROIDAL_SURFACE('',#3301,1.15E1,1.E0);
#3303=ORIENTED_EDGE('',*,*,#3267,.F.);
#3304=ORIENTED_EDGE('',*,*,#3284,.T.);
#3305=ORIENTED_EDGE('',*,*,#2994,.F.);
#3306=ORIENTED_EDGE('',*,*,#3202,.F.);
#3307=EDGE_LOOP('',(#3303,#3304,#3305,#3306));
#3308=FACE_OUTER_BOUND('',#3307,.F.);
#3309=ADVANCED_FACE('',(#3308),#3302,.T.);
#3310=CARTESIAN_POINT('',(1.702E2,1.7E1,-4.48E2));
#3311=DIRECTION('',(-1.E0,0.E0,0.E0));
#3312=DIRECTION('',(0.E0,0.E0,1.E0));
#3313=AXIS2_PLACEMENT_3D('',#3310,#3311,#3312);
#3314=CYLINDRICAL_SURFACE('',#3313,1.25E1);
#3316=ORIENTED_EDGE('',*,*,#3315,.F.);
#3317=ORIENTED_EDGE('',*,*,#3291,.T.);
#3319=ORIENTED_EDGE('',*,*,#3318,.F.);
#3320=ORIENTED_EDGE('',*,*,#3287,.F.);
#3321=ORIENTED_EDGE('',*,*,#3273,.F.);
#3322=EDGE_LOOP('',(#3316,#3317,#3319,#3320,#3321));
#3323=FACE_OUTER_BOUND('',#3322,.F.);
#3324=ADVANCED_FACE('',(#3323),#3314,.T.);
#3325=CARTESIAN_POINT('',(1.6375E2,1.7E1,-4.48E2));
#3326=DIRECTION('',(1.E0,0.E0,0.E0));
#3327=DIRECTION('',(0.E0,0.E0,-1.E0));
#3328=AXIS2_PLACEMENT_3D('',#3325,#3326,#3327);
#3329=TOROIDAL_SURFACE('',#3328,1.28E1,3.E-1);
#3330=ORIENTED_EDGE('',*,*,#2940,.F.);
#3331=ORIENTED_EDGE('',*,*,#3293,.T.);
#3332=ORIENTED_EDGE('',*,*,#3315,.T.);
#3334=ORIENTED_EDGE('',*,*,#3333,.F.);
#3335=ORIENTED_EDGE('',*,*,#2913,.F.);
#3336=ORIENTED_EDGE('',*,*,#2911,.F.);
#3337=EDGE_LOOP('',(#3330,#3331,#3332,#3334,#3335,#3336));
#3338=FACE_OUTER_BOUND('',#3337,.F.);
#3339=ADVANCED_FACE('',(#3338),#3329,.F.);
#3340=CARTESIAN_POINT('',(1.638734264134E2,1.428475631657E1,-4.602278675814E2));
#3341=CARTESIAN_POINT('',(1.636020101922E2,1.431335819067E1,-4.601088083294E2));
#3342=CARTESIAN_POINT('',(1.633663907096E2,1.426779549373E1,-4.602978674560E2));
#3343=CARTESIAN_POINT('',(1.634654569670E2,1.419842726066E1,-4.605861184360E2));
#3344=CARTESIAN_POINT('',(1.639157689035E2,1.466317998862E1,-4.603386667085E2));
#3345=CARTESIAN_POINT('',(1.636333933180E2,1.472997171262E1,-4.601659575465E2));
#3346=CARTESIAN_POINT('',(1.633479293314E2,1.471039403191E1,-4.603671544345E2));
#3347=CARTESIAN_POINT('',(1.634672021471E2,1.462340928631E1,-4.606936809365E2));
#3348=CARTESIAN_POINT('',(1.639501684729E2,1.507476119405E1,-4.604014631068E2));
#3349=CARTESIAN_POINT('',(1.636669894441E2,1.512796403543E1,-4.601521764593E2));
#3350=CARTESIAN_POINT('',(1.633275500875E2,1.512393683988E1,-4.603509729198E2));
#3351=CARTESIAN_POINT('',(1.634686819154E2,1.506242768074E1,-4.607320453306E2));
#3352=CARTESIAN_POINT('',(1.639745564064E2,1.551104695699E1,-4.604322845773E2));
#3353=CARTESIAN_POINT('',(1.636988642788E2,1.551335065061E1,-4.601211304021E2));
#3354=CARTESIAN_POINT('',(1.633075552920E2,1.551184834126E1,-4.603141001106E2));
#3355=CARTESIAN_POINT('',(1.634697811881E2,1.550867936441E1,-4.607383473913E2));
#3356=(BOUNDED_SURFACE()B_SPLINE_SURFACE(3,3,((#3340,#3341,#3342,#3343),(#3344,
#3345,#3346,#3347),(#3348,#3349,#3350,#3351),(#3352,#3353,#3354,#3355)),
.UNSPECIFIED.,.F.,.F.,.F.)B_SPLINE_SURFACE_WITH_KNOTS((4,4),(4,4),(
-1.033502743577E-4,1.190468051583E-3),(-3.686385548682E-1,1.250267051811E0),
.UNSPECIFIED.)GEOMETRIC_REPRESENTATION_ITEM()RATIONAL_B_SPLINE_SURFACE(((
1.284065150407E0,7.562306150760E-1,7.202659627114E-1,1.176171193313E0),(
1.331894815745E0,7.151857770032E-1,6.731655515276E-1,1.205834139318E0),(
1.381013400969E0,6.730348574301E-1,6.247958724912E-1,1.236296446153E0),(
1.425184135789E0,6.351299161042E-1,5.812986044746E-1,1.263690200901E0)))REPRESENTATION_ITEM('')SURFACE());
#3357=ORIENTED_EDGE('',*,*,#2756,.T.);
#3358=ORIENTED_EDGE('',*,*,#2915,.F.);
#3359=ORIENTED_EDGE('',*,*,#3333,.T.);
#3360=ORIENTED_EDGE('',*,*,#3271,.F.);
#3361=EDGE_LOOP('',(#3357,#3358,#3359,#3360));
#3362=FACE_OUTER_BOUND('',#3361,.F.);
#3363=ADVANCED_FACE('',(#3362),#3356,.F.);
#3364=CARTESIAN_POINT('',(1.6995E2,1.7E1,-4.48E2));
#3365=DIRECTION('',(1.E0,0.E0,0.E0));
#3366=DIRECTION('',(0.E0,1.E0,0.E0));
#3367=AXIS2_PLACEMENT_3D('',#3364,#3365,#3366);
#3368=PLANE('',#3367);
#3369=ORIENTED_EDGE('',*,*,#3289,.T.);
#3370=ORIENTED_EDGE('',*,*,#3318,.T.);
#3371=EDGE_LOOP('',(#3369,#3370));
#3372=FACE_OUTER_BOUND('',#3371,.F.);
#3374=ORIENTED_EDGE('',*,*,#3373,.T.);
#3376=ORIENTED_EDGE('',*,*,#3375,.T.);
#3377=EDGE_LOOP('',(#3374,#3376));
#3378=FACE_BOUND('',#3377,.F.);
#3379=ADVANCED_FACE('',(#3372,#3378),#3368,.T.);
#3380=CARTESIAN_POINT('',(1.6895E2,1.7E1,-4.48E2));
#3381=DIRECTION('',(1.E0,0.E0,0.E0));
#3382=DIRECTION('',(0.E0,0.E0,-1.E0));
#3383=AXIS2_PLACEMENT_3D('',#3380,#3381,#3382);
#3384=TOROIDAL_SURFACE('',#3383,1.E1,1.E0);
#3385=ORIENTED_EDGE('',*,*,#3373,.F.);
#3387=ORIENTED_EDGE('',*,*,#3386,.F.);
#3388=ORIENTED_EDGE('',*,*,#3092,.F.);
#3390=ORIENTED_EDGE('',*,*,#3389,.T.);
#3391=EDGE_LOOP('',(#3385,#3387,#3388,#3390));
#3392=FACE_OUTER_BOUND('',#3391,.F.);
#3393=ADVANCED_FACE('',(#3392),#3384,.T.);
#3394=CARTESIAN_POINT('',(1.6895E2,1.7E1,-4.48E2));
#3395=DIRECTION('',(1.E0,0.E0,0.E0));
#3396=DIRECTION('',(0.E0,0.E0,-1.E0));
#3397=AXIS2_PLACEMENT_3D('',#3394,#3395,#3396);
#3398=TOROIDAL_SURFACE('',#3397,1.E1,1.E0);
#3399=ORIENTED_EDGE('',*,*,#3375,.F.);
#3400=ORIENTED_EDGE('',*,*,#3389,.F.);
#3401=ORIENTED_EDGE('',*,*,#3077,.F.);
#3402=ORIENTED_EDGE('',*,*,#3386,.T.);
#3403=EDGE_LOOP('',(#3399,#3400,#3401,#3402));
#3404=FACE_OUTER_BOUND('',#3403,.F.);
#3405=ADVANCED_FACE('',(#3404),#3398,.T.);
#3406=CARTESIAN_POINT('',(1.535E2,1.128046246370E0,-5.037860294701E2));
#3407=DIRECTION('',(-1.E0,0.E0,0.E0));
#3408=DIRECTION('',(0.E0,0.E0,1.E0));
#3409=AXIS2_PLACEMENT_3D('',#3406,#3407,#3408);
#3410=CYLINDRICAL_SURFACE('',#3409,1.E0);
#3412=ORIENTED_EDGE('',*,*,#3411,.F.);
#3413=ORIENTED_EDGE('',*,*,#2600,.T.);
#3414=ORIENTED_EDGE('',*,*,#2568,.F.);
#3415=ORIENTED_EDGE('',*,*,#2566,.F.);
#3417=ORIENTED_EDGE('',*,*,#3416,.T.);
#3419=ORIENTED_EDGE('',*,*,#3418,.F.);
#3420=EDGE_LOOP('',(#3412,#3413,#3414,#3415,#3417,#3419));
#3421=FACE_OUTER_BOUND('',#3420,.F.);
#3422=ADVANCED_FACE('',(#3421),#3410,.T.);
#3423=CARTESIAN_POINT('',(1.535E2,5.E-1,-4.48E2));
#3424=DIRECTION('',(-1.E0,0.E0,0.E0));
#3425=DIRECTION('',(0.E0,-1.E0,0.E0));
#3426=AXIS2_PLACEMENT_3D('',#3423,#3424,#3425);
#3427=PLANE('',#3426);
#3429=ORIENTED_EDGE('',*,*,#3428,.T.);
#3431=ORIENTED_EDGE('',*,*,#3430,.T.);
#3433=ORIENTED_EDGE('',*,*,#3432,.T.);
#3435=ORIENTED_EDGE('',*,*,#3434,.T.);
#3437=ORIENTED_EDGE('',*,*,#3436,.T.);
#3439=ORIENTED_EDGE('',*,*,#3438,.T.);
#3441=ORIENTED_EDGE('',*,*,#3440,.T.);
#3443=ORIENTED_EDGE('',*,*,#3442,.T.);
#3445=ORIENTED_EDGE('',*,*,#3444,.T.);
#3446=ORIENTED_EDGE('',*,*,#2602,.T.);
#3447=ORIENTED_EDGE('',*,*,#3411,.T.);
#3448=ORIENTED_EDGE('',*,*,#3418,.T.);
#3450=ORIENTED_EDGE('',*,*,#3449,.T.);
#3452=ORIENTED_EDGE('',*,*,#3451,.T.);
#3453=ORIENTED_EDGE('',*,*,#2450,.T.);
#3454=ORIENTED_EDGE('',*,*,#2478,.T.);
#3455=ORIENTED_EDGE('',*,*,#2492,.T.);
#3456=ORIENTED_EDGE('',*,*,#2521,.T.);
#3458=ORIENTED_EDGE('',*,*,#3457,.T.);
#3459=ORIENTED_EDGE('',*,*,#2524,.T.);
#3461=ORIENTED_EDGE('',*,*,#3460,.T.);
#3462=EDGE_LOOP('',(#3429,#3431,#3433,#3435,#3437,#3439,#3441,#3443,#3445,#3446,
#3447,#3448,#3450,#3452,#3453,#3454,#3455,#3456,#3458,#3459,#3461));
#3463=FACE_OUTER_BOUND('',#3462,.F.);
#3464=ADVANCED_FACE('',(#3463),#3427,.F.);
#3465=CARTESIAN_POINT('',(1.52335E2,-3.022334578198E1,-4.720614964862E2));
#3466=DIRECTION('',(1.E0,0.E0,0.E0));
#3467=DIRECTION('',(0.E0,0.E0,-1.E0));
#3468=AXIS2_PLACEMENT_3D('',#3465,#3466,#3467);
#3469=CONICAL_SURFACE('',#3468,3.315E0,4.5E1);
#3471=ORIENTED_EDGE('',*,*,#3470,.T.);
#3473=ORIENTED_EDGE('',*,*,#3472,.F.);
#3474=ORIENTED_EDGE('',*,*,#3428,.F.);
#3476=ORIENTED_EDGE('',*,*,#3475,.T.);
#3477=ORIENTED_EDGE('',*,*,#3432,.F.);
#3479=ORIENTED_EDGE('',*,*,#3478,.T.);
#3480=EDGE_LOOP('',(#3471,#3473,#3474,#3476,#3477,#3479));
#3481=FACE_OUTER_BOUND('',#3480,.F.);
#3482=ADVANCED_FACE('',(#3481),#3469,.F.);
#3483=CARTESIAN_POINT('',(1.535E2,-3.022334578198E1,-4.720614964862E2));
#3484=DIRECTION('',(-1.E0,0.E0,0.E0));
#3485=DIRECTION('',(0.E0,0.E0,1.E0));
#3486=AXIS2_PLACEMENT_3D('',#3483,#3484,#3485);
#3487=CYLINDRICAL_SURFACE('',#3486,2.15E0);
#3488=ORIENTED_EDGE('',*,*,#2585,.F.);
#3490=ORIENTED_EDGE('',*,*,#3489,.T.);
#3491=ORIENTED_EDGE('',*,*,#3470,.F.);
#3493=ORIENTED_EDGE('',*,*,#3492,.F.);
#3494=EDGE_LOOP('',(#3488,#3490,#3491,#3493));
#3495=FACE_OUTER_BOUND('',#3494,.F.);
#3496=ADVANCED_FACE('',(#3495),#3487,.F.);
#3497=CARTESIAN_POINT('',(1.535E2,-3.022334578198E1,-4.720614964862E2));
#3498=DIRECTION('',(-1.E0,0.E0,0.E0));
#3499=DIRECTION('',(0.E0,0.E0,1.E0));
#3500=AXIS2_PLACEMENT_3D('',#3497,#3498,#3499);
#3501=CYLINDRICAL_SURFACE('',#3500,2.15E0);
#3502=ORIENTED_EDGE('',*,*,#2583,.F.);
#3503=ORIENTED_EDGE('',*,*,#3492,.T.);
#3505=ORIENTED_EDGE('',*,*,#3504,.F.);
#3506=ORIENTED_EDGE('',*,*,#3489,.F.);
#3507=EDGE_LOOP('',(#3502,#3503,#3505,#3506));
#3508=FACE_OUTER_BOUND('',#3507,.F.);
#3509=ADVANCED_FACE('',(#3508),#3501,.F.);
#3510=CARTESIAN_POINT('',(1.52335E2,-3.022334578198E1,-4.720614964862E2));
#3511=DIRECTION('',(1.E0,0.E0,0.E0));
#3512=DIRECTION('',(0.E0,0.E0,-1.E0));
#3513=AXIS2_PLACEMENT_3D('',#3510,#3511,#3512);
#3514=CONICAL_SURFACE('',#3513,3.315E0,4.5E1);
#3515=ORIENTED_EDGE('',*,*,#3504,.T.);
#3516=ORIENTED_EDGE('',*,*,#3478,.F.);
#3517=ORIENTED_EDGE('',*,*,#3430,.F.);
#3518=ORIENTED_EDGE('',*,*,#3472,.T.);
#3519=EDGE_LOOP('',(#3515,#3516,#3517,#3518));
#3520=FACE_OUTER_BOUND('',#3519,.F.);
#3521=ADVANCED_FACE('',(#3520),#3514,.F.);
#3522=CARTESIAN_POINT('',(1.535E2,-3.022334578198E1,-4.720614964862E2));
#3523=DIRECTION('',(-1.E0,0.E0,0.E0));
#3524=DIRECTION('',(0.E0,0.E0,1.E0));
#3525=AXIS2_PLACEMENT_3D('',#3522,#3523,#3524);
#3526=CYLINDRICAL_SURFACE('',#3525,4.48E0);
#3527=ORIENTED_EDGE('',*,*,#3475,.F.);
#3529=ORIENTED_EDGE('',*,*,#3528,.T.);
#3530=ORIENTED_EDGE('',*,*,#2243,.F.);
#3532=ORIENTED_EDGE('',*,*,#3531,.T.);
#3533=EDGE_LOOP('',(#3527,#3529,#3530,#3532));
#3534=FACE_OUTER_BOUND('',#3533,.F.);
#3535=ADVANCED_FACE('',(#3534),#3526,.F.);
#3536=CARTESIAN_POINT('',(1.632E2,1.7E1,-4.48E2));
#3537=DIRECTION('',(-1.E0,0.E0,0.E0));
#3538=DIRECTION('',(0.E0,0.E0,1.E0));
#3539=AXIS2_PLACEMENT_3D('',#3536,#3537,#3538);
#3540=CYLINDRICAL_SURFACE('',#3539,5.E1);
#3541=ORIENTED_EDGE('',*,*,#3460,.F.);
#3542=ORIENTED_EDGE('',*,*,#2507,.F.);
#3543=ORIENTED_EDGE('',*,*,#2245,.F.);
#3544=ORIENTED_EDGE('',*,*,#3528,.F.);
#3545=EDGE_LOOP('',(#3541,#3542,#3543,#3544));
#3546=FACE_OUTER_BOUND('',#3545,.F.);
#3547=ADVANCED_FACE('',(#3546),#3540,.T.);
#3548=CARTESIAN_POINT('',(1.632E2,1.7E1,-4.48E2));
#3549=DIRECTION('',(-1.E0,0.E0,0.E0));
#3550=DIRECTION('',(0.E0,0.E0,1.E0));
#3551=AXIS2_PLACEMENT_3D('',#3548,#3549,#3550);
#3552=CYLINDRICAL_SURFACE('',#3551,5.E1);
#3553=ORIENTED_EDGE('',*,*,#2241,.F.);
#3555=ORIENTED_EDGE('',*,*,#3554,.F.);
#3556=ORIENTED_EDGE('',*,*,#3434,.F.);
#3557=ORIENTED_EDGE('',*,*,#3531,.F.);
#3558=EDGE_LOOP('',(#3553,#3555,#3556,#3557));
#3559=FACE_OUTER_BOUND('',#3558,.F.);
#3560=ADVANCED_FACE('',(#3559),#3552,.T.);
#3561=CARTESIAN_POINT('',(1.535E2,-7.061496486196E0,-4.952233457820E2));
#3562=DIRECTION('',(-1.E0,0.E0,0.E0));
#3563=DIRECTION('',(0.E0,0.E0,1.E0));
#3564=AXIS2_PLACEMENT_3D('',#3561,#3562,#3563);
#3565=CYLINDRICAL_SURFACE('',#3564,4.48E0);
#3567=ORIENTED_EDGE('',*,*,#3566,.F.);
#3568=ORIENTED_EDGE('',*,*,#3554,.T.);
#3569=ORIENTED_EDGE('',*,*,#2239,.F.);
#3570=ORIENTED_EDGE('',*,*,#2237,.F.);
#3572=ORIENTED_EDGE('',*,*,#3571,.T.);
#3574=ORIENTED_EDGE('',*,*,#3573,.F.);
#3575=EDGE_LOOP('',(#3567,#3568,#3569,#3570,#3572,#3574));
#3576=FACE_OUTER_BOUND('',#3575,.F.);
#3577=ADVANCED_FACE('',(#3576),#3565,.F.);
#3578=CARTESIAN_POINT('',(1.52335E2,-7.061496486196E0,-4.952233457820E2));
#3579=DIRECTION('',(1.E0,0.E0,0.E0));
#3580=DIRECTION('',(0.E0,0.E0,-1.E0));
#3581=AXIS2_PLACEMENT_3D('',#3578,#3579,#3580);
#3582=CONICAL_SURFACE('',#3581,3.315E0,4.5E1);
#3584=ORIENTED_EDGE('',*,*,#3583,.T.);
#3586=ORIENTED_EDGE('',*,*,#3585,.F.);
#3587=ORIENTED_EDGE('',*,*,#3436,.F.);
#3588=ORIENTED_EDGE('',*,*,#3566,.T.);
#3590=ORIENTED_EDGE('',*,*,#3589,.T.);
#3591=EDGE_LOOP('',(#3584,#3586,#3587,#3588,#3590));
#3592=FACE_OUTER_BOUND('',#3591,.F.);
#3593=ADVANCED_FACE('',(#3592),#3582,.F.);
#3594=CARTESIAN_POINT('',(1.535E2,-7.061496486196E0,-4.952233457820E2));
#3595=DIRECTION('',(-1.E0,0.E0,0.E0));
#3596=DIRECTION('',(0.E0,0.E0,1.E0));
#3597=AXIS2_PLACEMENT_3D('',#3594,#3595,#3596);
#3598=CYLINDRICAL_SURFACE('',#3597,2.15E0);
#3599=ORIENTED_EDGE('',*,*,#2572,.F.);
#3601=ORIENTED_EDGE('',*,*,#3600,.T.);
#3602=ORIENTED_EDGE('',*,*,#3583,.F.);
#3604=ORIENTED_EDGE('',*,*,#3603,.F.);
#3605=EDGE_LOOP('',(#3599,#3601,#3602,#3604));
#3606=FACE_OUTER_BOUND('',#3605,.F.);
#3607=ADVANCED_FACE('',(#3606),#3598,.F.);
#3608=CARTESIAN_POINT('',(1.535E2,-7.061496486196E0,-4.952233457820E2));
#3609=DIRECTION('',(-1.E0,0.E0,0.E0));
#3610=DIRECTION('',(0.E0,0.E0,1.E0));
#3611=AXIS2_PLACEMENT_3D('',#3608,#3609,#3610);
#3612=CYLINDRICAL_SURFACE('',#3611,2.15E0);
#3613=ORIENTED_EDGE('',*,*,#2574,.F.);
#3614=ORIENTED_EDGE('',*,*,#3603,.T.);
#3616=ORIENTED_EDGE('',*,*,#3615,.F.);
#3617=ORIENTED_EDGE('',*,*,#3600,.F.);
#3618=EDGE_LOOP('',(#3613,#3614,#3616,#3617));
#3619=FACE_OUTER_BOUND('',#3618,.F.);
#3620=ADVANCED_FACE('',(#3619),#3612,.F.);
#3621=CARTESIAN_POINT('',(1.52335E2,-7.061496486196E0,-4.952233457820E2));
#3622=DIRECTION('',(1.E0,0.E0,0.E0));
#3623=DIRECTION('',(0.E0,0.E0,-1.E0));
#3624=AXIS2_PLACEMENT_3D('',#3621,#3622,#3623);
#3625=CONICAL_SURFACE('',#3624,3.315E0,4.5E1);
#3626=ORIENTED_EDGE('',*,*,#3615,.T.);
#3627=ORIENTED_EDGE('',*,*,#3589,.F.);
#3628=ORIENTED_EDGE('',*,*,#3573,.T.);
#3629=ORIENTED_EDGE('',*,*,#3438,.F.);
#3630=ORIENTED_EDGE('',*,*,#3585,.T.);
#3631=EDGE_LOOP('',(#3626,#3627,#3628,#3629,#3630));
#3632=FACE_OUTER_BOUND('',#3631,.F.);
#3633=ADVANCED_FACE('',(#3632),#3625,.F.);
#3634=CARTESIAN_POINT('',(1.632E2,1.7E1,-4.48E2));
#3635=DIRECTION('',(-1.E0,0.E0,0.E0));
#3636=DIRECTION('',(0.E0,0.E0,1.E0));
#3637=AXIS2_PLACEMENT_3D('',#3634,#3635,#3636);
#3638=CYLINDRICAL_SURFACE('',#3637,5.E1);
#3639=ORIENTED_EDGE('',*,*,#3440,.F.);
#3640=ORIENTED_EDGE('',*,*,#3571,.F.);
#3641=ORIENTED_EDGE('',*,*,#2235,.F.);
#3643=ORIENTED_EDGE('',*,*,#3642,.F.);
#3644=EDGE_LOOP('',(#3639,#3640,#3641,#3643));
#3645=FACE_OUTER_BOUND('',#3644,.F.);
#3646=ADVANCED_FACE('',(#3645),#3638,.T.);
#3647=CARTESIAN_POINT('',(1.632E2,1.456517748461E1,-4.969394691361E2));
#3648=DIRECTION('',(-1.E0,0.E0,0.E0));
#3649=DIRECTION('',(0.E0,0.E0,1.E0));
#3650=AXIS2_PLACEMENT_3D('',#3647,#3648,#3649);
#3651=CYLINDRICAL_SURFACE('',#3650,1.E0);
#3652=ORIENTED_EDGE('',*,*,#2231,.F.);
#3653=ORIENTED_EDGE('',*,*,#2604,.T.);
#3654=ORIENTED_EDGE('',*,*,#3444,.F.);
#3655=ORIENTED_EDGE('',*,*,#3442,.F.);
#3656=ORIENTED_EDGE('',*,*,#3642,.T.);
#3657=ORIENTED_EDGE('',*,*,#2233,.F.);
#3658=EDGE_LOOP('',(#3652,#3653,#3654,#3655,#3656,#3657));
#3659=FACE_OUTER_BOUND('',#3658,.F.);
#3660=ADVANCED_FACE('',(#3659),#3651,.T.);
#3661=CARTESIAN_POINT('',(1.535E2,1.7E1,-4.48E2));
#3662=DIRECTION('',(-1.E0,0.E0,0.E0));
#3663=DIRECTION('',(0.E0,0.E0,1.E0));
#3664=AXIS2_PLACEMENT_3D('',#3661,#3662,#3663);
#3665=CYLINDRICAL_SURFACE('',#3664,5.9E1);
#3666=ORIENTED_EDGE('',*,*,#2564,.F.);
#3668=ORIENTED_EDGE('',*,*,#3667,.F.);
#3669=ORIENTED_EDGE('',*,*,#3449,.F.);
#3670=ORIENTED_EDGE('',*,*,#3416,.F.);
#3671=EDGE_LOOP('',(#3666,#3668,#3669,#3670));
#3672=FACE_OUTER_BOUND('',#3671,.F.);
#3673=ADVANCED_FACE('',(#3672),#3665,.T.);
#3674=CARTESIAN_POINT('',(1.535E2,-3.746114623149E1,-4.280504749141E2));
#3675=DIRECTION('',(-1.E0,0.E0,0.E0));
#3676=DIRECTION('',(0.E0,0.E0,1.E0));
#3677=AXIS2_PLACEMENT_3D('',#3674,#3675,#3676);
#3678=CYLINDRICAL_SURFACE('',#3677,1.E0);
#3679=ORIENTED_EDGE('',*,*,#3451,.F.);
#3680=ORIENTED_EDGE('',*,*,#3667,.T.);
#3681=ORIENTED_EDGE('',*,*,#2562,.F.);
#3682=ORIENTED_EDGE('',*,*,#2452,.T.);
#3683=EDGE_LOOP('',(#3679,#3680,#3681,#3682));
#3684=FACE_OUTER_BOUND('',#3683,.F.);
#3685=ADVANCED_FACE('',(#3684),#3678,.T.);
#3686=CARTESIAN_POINT('',(1.52335E2,-3.534748205154E1,-4.397089733529E2));
#3687=DIRECTION('',(1.E0,0.E0,0.E0));
#3688=DIRECTION('',(0.E0,0.E0,-1.E0));
#3689=AXIS2_PLACEMENT_3D('',#3686,#3687,#3688);
#3690=CONICAL_SURFACE('',#3689,3.315E0,4.5E1);
#3692=ORIENTED_EDGE('',*,*,#3691,.T.);
#3693=ORIENTED_EDGE('',*,*,#2526,.F.);
#3694=ORIENTED_EDGE('',*,*,#3457,.F.);
#3695=ORIENTED_EDGE('',*,*,#2519,.T.);
#3696=EDGE_LOOP('',(#3692,#3693,#3694,#3695));
#3697=FACE_OUTER_BOUND('',#3696,.F.);
#3698=ADVANCED_FACE('',(#3697),#3690,.F.);
#3699=CARTESIAN_POINT('',(1.535E2,-3.534748205154E1,-4.397089733529E2));
#3700=DIRECTION('',(-1.E0,0.E0,0.E0));
#3701=DIRECTION('',(0.E0,0.E0,1.E0));
#3702=AXIS2_PLACEMENT_3D('',#3699,#3700,#3701);
#3703=CYLINDRICAL_SURFACE('',#3702,2.15E0);
#3704=ORIENTED_EDGE('',*,*,#2578,.F.);
#3705=ORIENTED_EDGE('',*,*,#2541,.T.);
#3706=ORIENTED_EDGE('',*,*,#3691,.F.);
#3707=ORIENTED_EDGE('',*,*,#2538,.F.);
#3708=EDGE_LOOP('',(#3704,#3705,#3706,#3707));
#3709=FACE_OUTER_BOUND('',#3708,.F.);
#3710=ADVANCED_FACE('',(#3709),#3703,.F.);
#3711=CARTESIAN_POINT('',(1.632E2,1.943482251539E1,-3.990605308639E2));
#3712=DIRECTION('',(-1.E0,0.E0,0.E0));
#3713=DIRECTION('',(0.E0,0.E0,1.E0));
#3714=AXIS2_PLACEMENT_3D('',#3711,#3712,#3713);
#3715=CYLINDRICAL_SURFACE('',#3714,1.E0);
#3716=ORIENTED_EDGE('',*,*,#2257,.F.);
#3717=ORIENTED_EDGE('',*,*,#2255,.F.);
#3718=ORIENTED_EDGE('',*,*,#2465,.T.);
#3719=ORIENTED_EDGE('',*,*,#2309,.F.);
#3720=ORIENTED_EDGE('',*,*,#2307,.F.);
#3721=ORIENTED_EDGE('',*,*,#2286,.T.);
#3722=EDGE_LOOP('',(#3716,#3717,#3718,#3719,#3720,#3721));
#3723=FACE_OUTER_BOUND('',#3722,.F.);
#3724=ADVANCED_FACE('',(#3723),#3715,.T.);
#3725=CARTESIAN_POINT('',(1.535E2,7.146114623149E1,-4.679495250859E2));
#3726=DIRECTION('',(-1.E0,0.E0,0.E0));
#3727=DIRECTION('',(0.E0,0.E0,1.E0));
#3728=AXIS2_PLACEMENT_3D('',#3725,#3726,#3727);
#3729=CYLINDRICAL_SURFACE('',#3728,1.E0);
#3730=ORIENTED_EDGE('',*,*,#2319,.F.);
#3731=ORIENTED_EDGE('',*,*,#2422,.T.);
#3732=ORIENTED_EDGE('',*,*,#2391,.F.);
#3733=ORIENTED_EDGE('',*,*,#2052,.T.);
#3734=EDGE_LOOP('',(#3730,#3731,#3732,#3733));
#3735=FACE_OUTER_BOUND('',#3734,.F.);
#3736=ADVANCED_FACE('',(#3735),#3729,.T.);
#3737=CARTESIAN_POINT('',(1.535E2,6.422334578198E1,-4.239385035138E2));
#3738=DIRECTION('',(-1.E0,0.E0,0.E0));
#3739=DIRECTION('',(0.E0,0.E0,1.E0));
#3740=AXIS2_PLACEMENT_3D('',#3737,#3738,#3739);
#3741=CYLINDRICAL_SURFACE('',#3740,2.15E0);
#3742=ORIENTED_EDGE('',*,*,#2395,.F.);
#3743=ORIENTED_EDGE('',*,*,#2364,.T.);
#3745=ORIENTED_EDGE('',*,*,#3744,.F.);
#3746=ORIENTED_EDGE('',*,*,#2361,.F.);
#3747=EDGE_LOOP('',(#3742,#3743,#3745,#3746));
#3748=FACE_OUTER_BOUND('',#3747,.F.);
#3749=ADVANCED_FACE('',(#3748),#3741,.F.);
#3750=CARTESIAN_POINT('',(1.52335E2,6.422334578198E1,-4.239385035138E2));
#3751=DIRECTION('',(1.E0,0.E0,0.E0));
#3752=DIRECTION('',(0.E0,0.E0,-1.E0));
#3753=AXIS2_PLACEMENT_3D('',#3750,#3751,#3752);
#3754=CONICAL_SURFACE('',#3753,3.315E0,4.5E1);
#3755=ORIENTED_EDGE('',*,*,#3744,.T.);
#3756=ORIENTED_EDGE('',*,*,#2349,.F.);
#3757=ORIENTED_EDGE('',*,*,#2334,.F.);
#3759=ORIENTED_EDGE('',*,*,#3758,.T.);
#3760=ORIENTED_EDGE('',*,*,#2298,.F.);
#3761=ORIENTED_EDGE('',*,*,#2346,.T.);
#3762=EDGE_LOOP('',(#3755,#3756,#3757,#3759,#3760,#3761));
#3763=FACE_OUTER_BOUND('',#3762,.F.);
#3764=ADVANCED_FACE('',(#3763),#3754,.F.);
#3765=CARTESIAN_POINT('',(1.535E2,6.422334578198E1,-4.239385035138E2));
#3766=DIRECTION('',(-1.E0,0.E0,0.E0));
#3767=DIRECTION('',(0.E0,0.E0,1.E0));
#3768=AXIS2_PLACEMENT_3D('',#3765,#3766,#3767);
#3769=CYLINDRICAL_SURFACE('',#3768,4.48E0);
#3770=ORIENTED_EDGE('',*,*,#3758,.F.);
#3772=ORIENTED_EDGE('',*,*,#3771,.T.);
#3773=ORIENTED_EDGE('',*,*,#2188,.F.);
#3775=ORIENTED_EDGE('',*,*,#3774,.T.);
#3776=EDGE_LOOP('',(#3770,#3772,#3773,#3775));
#3777=FACE_OUTER_BOUND('',#3776,.F.);
#3778=ADVANCED_FACE('',(#3777),#3769,.F.);
#3779=CARTESIAN_POINT('',(1.632E2,1.7E1,-4.48E2));
#3780=DIRECTION('',(-1.E0,0.E0,0.E0));
#3781=DIRECTION('',(0.E0,0.E0,1.E0));
#3782=AXIS2_PLACEMENT_3D('',#3779,#3780,#3781);
#3783=CYLINDRICAL_SURFACE('',#3782,5.E1);
#3784=ORIENTED_EDGE('',*,*,#2332,.F.);
#3786=ORIENTED_EDGE('',*,*,#3785,.F.);
#3787=ORIENTED_EDGE('',*,*,#2190,.F.);
#3788=ORIENTED_EDGE('',*,*,#3771,.F.);
#3789=EDGE_LOOP('',(#3784,#3786,#3787,#3788));
#3790=FACE_OUTER_BOUND('',#3789,.F.);
#3791=ADVANCED_FACE('',(#3790),#3783,.T.);
#3792=CARTESIAN_POINT('',(1.535E2,6.934748205154E1,-4.562910266471E2));
#3793=DIRECTION('',(-1.E0,0.E0,0.E0));
#3794=DIRECTION('',(0.E0,0.E0,1.E0));
#3795=AXIS2_PLACEMENT_3D('',#3792,#3793,#3794);
#3796=CYLINDRICAL_SURFACE('',#3795,4.48E0);
#3798=ORIENTED_EDGE('',*,*,#3797,.F.);
#3800=ORIENTED_EDGE('',*,*,#3799,.T.);
#3801=ORIENTED_EDGE('',*,*,#2192,.F.);
#3802=ORIENTED_EDGE('',*,*,#3785,.T.);
#3803=EDGE_LOOP('',(#3798,#3800,#3801,#3802));
#3804=FACE_OUTER_BOUND('',#3803,.F.);
#3805=ADVANCED_FACE('',(#3804),#3796,.F.);
#3806=CARTESIAN_POINT('',(1.52335E2,6.934748205154E1,-4.562910266471E2));
#3807=DIRECTION('',(1.E0,0.E0,0.E0));
#3808=DIRECTION('',(0.E0,0.E0,-1.E0));
#3809=AXIS2_PLACEMENT_3D('',#3806,#3807,#3808);
#3810=CONICAL_SURFACE('',#3809,3.315E0,4.5E1);
#3812=ORIENTED_EDGE('',*,*,#3811,.T.);
#3814=ORIENTED_EDGE('',*,*,#3813,.F.);
#3815=ORIENTED_EDGE('',*,*,#2326,.F.);
#3816=ORIENTED_EDGE('',*,*,#3797,.T.);
#3817=ORIENTED_EDGE('',*,*,#2330,.F.);
#3819=ORIENTED_EDGE('',*,*,#3818,.T.);
#3820=EDGE_LOOP('',(#3812,#3814,#3815,#3816,#3817,#3819));
#3821=FACE_OUTER_BOUND('',#3820,.F.);
#3822=ADVANCED_FACE('',(#3821),#3810,.F.);
#3823=CARTESIAN_POINT('',(1.535E2,6.934748205154E1,-4.562910266471E2));
#3824=DIRECTION('',(-1.E0,0.E0,0.E0));
#3825=DIRECTION('',(0.E0,0.E0,1.E0));
#3826=AXIS2_PLACEMENT_3D('',#3823,#3824,#3825);
#3827=CYLINDRICAL_SURFACE('',#3826,2.15E0);
#3828=ORIENTED_EDGE('',*,*,#2400,.F.);
#3830=ORIENTED_EDGE('',*,*,#3829,.T.);
#3831=ORIENTED_EDGE('',*,*,#3811,.F.);
#3833=ORIENTED_EDGE('',*,*,#3832,.F.);
#3834=EDGE_LOOP('',(#3828,#3830,#3831,#3833));
#3835=FACE_OUTER_BOUND('',#3834,.F.);
#3836=ADVANCED_FACE('',(#3835),#3827,.F.);
#3837=CARTESIAN_POINT('',(1.535E2,6.934748205154E1,-4.562910266471E2));
#3838=DIRECTION('',(-1.E0,0.E0,0.E0));
#3839=DIRECTION('',(0.E0,0.E0,1.E0));
#3840=AXIS2_PLACEMENT_3D('',#3837,#3838,#3839);
#3841=CYLINDRICAL_SURFACE('',#3840,2.15E0);
#3842=ORIENTED_EDGE('',*,*,#2402,.F.);
#3843=ORIENTED_EDGE('',*,*,#3832,.T.);
#3845=ORIENTED_EDGE('',*,*,#3844,.F.);
#3846=ORIENTED_EDGE('',*,*,#3829,.F.);
#3847=EDGE_LOOP('',(#3842,#3843,#3845,#3846));
#3848=FACE_OUTER_BOUND('',#3847,.F.);
#3849=ADVANCED_FACE('',(#3848),#3841,.F.);
#3850=CARTESIAN_POINT('',(1.52335E2,6.934748205154E1,-4.562910266471E2));
#3851=DIRECTION('',(1.E0,0.E0,0.E0));
#3852=DIRECTION('',(0.E0,0.E0,-1.E0));
#3853=AXIS2_PLACEMENT_3D('',#3850,#3851,#3852);
#3854=CONICAL_SURFACE('',#3853,3.315E0,4.5E1);
#3855=ORIENTED_EDGE('',*,*,#3844,.T.);
#3856=ORIENTED_EDGE('',*,*,#3818,.F.);
#3857=ORIENTED_EDGE('',*,*,#2328,.F.);
#3858=ORIENTED_EDGE('',*,*,#3813,.T.);
#3859=EDGE_LOOP('',(#3855,#3856,#3857,#3858));
#3860=FACE_OUTER_BOUND('',#3859,.F.);
#3861=ADVANCED_FACE('',(#3860),#3854,.F.);
#3862=CARTESIAN_POINT('',(1.632E2,1.7E1,-4.48E2));
#3863=DIRECTION('',(-1.E0,0.E0,0.E0));
#3864=DIRECTION('',(0.E0,0.E0,1.E0));
#3865=AXIS2_PLACEMENT_3D('',#3862,#3863,#3864);
#3866=CYLINDRICAL_SURFACE('',#3865,5.E1);
#3867=ORIENTED_EDGE('',*,*,#2194,.F.);
#3868=ORIENTED_EDGE('',*,*,#3799,.F.);
#3869=ORIENTED_EDGE('',*,*,#2324,.F.);
#3871=ORIENTED_EDGE('',*,*,#3870,.F.);
#3872=EDGE_LOOP('',(#3867,#3868,#3869,#3871));
#3873=FACE_OUTER_BOUND('',#3872,.F.);
#3874=ADVANCED_FACE('',(#3873),#3866,.T.);
#3875=CARTESIAN_POINT('',(1.632E2,5.802401499325E1,-4.747960854200E2));
#3876=DIRECTION('',(-1.E0,0.E0,0.E0));
#3877=DIRECTION('',(0.E0,0.E0,1.E0));
#3878=AXIS2_PLACEMENT_3D('',#3875,#3876,#3877);
#3879=CYLINDRICAL_SURFACE('',#3878,1.E0);
#3880=ORIENTED_EDGE('',*,*,#2196,.F.);
#3881=ORIENTED_EDGE('',*,*,#3870,.T.);
#3882=ORIENTED_EDGE('',*,*,#2322,.F.);
#3883=ORIENTED_EDGE('',*,*,#2048,.T.);
#3884=EDGE_LOOP('',(#3880,#3881,#3882,#3883));
#3885=FACE_OUTER_BOUND('',#3884,.F.);
#3886=ADVANCED_FACE('',(#3885),#3879,.T.);
#3887=CARTESIAN_POINT('',(1.632E2,1.7E1,-4.48E2));
#3888=DIRECTION('',(-1.E0,0.E0,0.E0));
#3889=DIRECTION('',(0.E0,0.E0,1.E0));
#3890=AXIS2_PLACEMENT_3D('',#3887,#3888,#3889);
#3891=CYLINDRICAL_SURFACE('',#3890,5.E1);
#3892=ORIENTED_EDGE('',*,*,#2300,.F.);
#3893=ORIENTED_EDGE('',*,*,#3774,.F.);
#3894=ORIENTED_EDGE('',*,*,#2186,.F.);
#3896=ORIENTED_EDGE('',*,*,#3895,.F.);
#3897=EDGE_LOOP('',(#3892,#3893,#3894,#3896));
#3898=FACE_OUTER_BOUND('',#3897,.F.);
#3899=ADVANCED_FACE('',(#3898),#3891,.T.);
#3900=CARTESIAN_POINT('',(1.535E2,4.106149648620E1,-4.007766542180E2));
#3901=DIRECTION('',(-1.E0,0.E0,0.E0));
#3902=DIRECTION('',(0.E0,0.E0,1.E0));
#3903=AXIS2_PLACEMENT_3D('',#3900,#3901,#3902);
#3904=CYLINDRICAL_SURFACE('',#3903,4.48E0);
#3906=ORIENTED_EDGE('',*,*,#3905,.F.);
#3907=ORIENTED_EDGE('',*,*,#3895,.T.);
#3908=ORIENTED_EDGE('',*,*,#2184,.F.);
#3909=ORIENTED_EDGE('',*,*,#2182,.F.);
#3910=ORIENTED_EDGE('',*,*,#2283,.T.);
#3912=ORIENTED_EDGE('',*,*,#3911,.F.);
#3913=EDGE_LOOP('',(#3906,#3907,#3908,#3909,#3910,#3912));
#3914=FACE_OUTER_BOUND('',#3913,.F.);
#3915=ADVANCED_FACE('',(#3914),#3904,.F.);
#3916=CARTESIAN_POINT('',(1.52335E2,4.106149648620E1,-4.007766542180E2));
#3917=DIRECTION('',(1.E0,0.E0,0.E0));
#3918=DIRECTION('',(0.E0,0.E0,-1.E0));
#3919=AXIS2_PLACEMENT_3D('',#3916,#3917,#3918);
#3920=CONICAL_SURFACE('',#3919,3.315E0,4.5E1);
#3922=ORIENTED_EDGE('',*,*,#3921,.T.);
#3924=ORIENTED_EDGE('',*,*,#3923,.F.);
#3925=ORIENTED_EDGE('',*,*,#2302,.F.);
#3926=ORIENTED_EDGE('',*,*,#3905,.T.);
#3928=ORIENTED_EDGE('',*,*,#3927,.T.);
#3929=EDGE_LOOP('',(#3922,#3924,#3925,#3926,#3928));
#3930=FACE_OUTER_BOUND('',#3929,.F.);
#3931=ADVANCED_FACE('',(#3930),#3920,.F.);
#3932=CARTESIAN_POINT('',(1.535E2,4.106149648620E1,-4.007766542180E2));
#3933=DIRECTION('',(-1.E0,0.E0,0.E0));
#3934=DIRECTION('',(0.E0,0.E0,1.E0));
#3935=AXIS2_PLACEMENT_3D('',#3932,#3933,#3934);
#3936=CYLINDRICAL_SURFACE('',#3935,2.15E0);
#3937=ORIENTED_EDGE('',*,*,#2408,.F.);
#3939=ORIENTED_EDGE('',*,*,#3938,.T.);
#3940=ORIENTED_EDGE('',*,*,#3921,.F.);
#3942=ORIENTED_EDGE('',*,*,#3941,.F.);
#3943=EDGE_LOOP('',(#3937,#3939,#3940,#3942));
#3944=FACE_OUTER_BOUND('',#3943,.F.);
#3945=ADVANCED_FACE('',(#3944),#3936,.F.);
#3946=CARTESIAN_POINT('',(1.535E2,4.106149648620E1,-4.007766542180E2));
#3947=DIRECTION('',(-1.E0,0.E0,0.E0));
#3948=DIRECTION('',(0.E0,0.E0,1.E0));
#3949=AXIS2_PLACEMENT_3D('',#3946,#3947,#3948);
#3950=CYLINDRICAL_SURFACE('',#3949,2.15E0);
#3951=ORIENTED_EDGE('',*,*,#2406,.F.);
#3952=ORIENTED_EDGE('',*,*,#3941,.T.);
#3954=ORIENTED_EDGE('',*,*,#3953,.F.);
#3955=ORIENTED_EDGE('',*,*,#3938,.F.);
#3956=EDGE_LOOP('',(#3951,#3952,#3954,#3955));
#3957=FACE_OUTER_BOUND('',#3956,.F.);
#3958=ADVANCED_FACE('',(#3957),#3950,.F.);
#3959=CARTESIAN_POINT('',(1.52335E2,4.106149648620E1,-4.007766542180E2));
#3960=DIRECTION('',(1.E0,0.E0,0.E0));
#3961=DIRECTION('',(0.E0,0.E0,-1.E0));
#3962=AXIS2_PLACEMENT_3D('',#3959,#3960,#3961);
#3963=CONICAL_SURFACE('',#3962,3.315E0,4.5E1);
#3964=ORIENTED_EDGE('',*,*,#3953,.T.);
#3965=ORIENTED_EDGE('',*,*,#3927,.F.);
#3966=ORIENTED_EDGE('',*,*,#3911,.T.);
#3967=ORIENTED_EDGE('',*,*,#2304,.F.);
#3968=ORIENTED_EDGE('',*,*,#3923,.T.);
#3969=EDGE_LOOP('',(#3964,#3965,#3966,#3967,#3968));
#3970=FACE_OUTER_BOUND('',#3969,.F.);
#3971=ADVANCED_FACE('',(#3970),#3963,.F.);
#3972=CARTESIAN_POINT('',(1.617E2,5.048079578210E1,-4.735772470961E2));
#3973=DIRECTION('',(1.E0,0.E0,0.E0));
#3974=DIRECTION('',(0.E0,0.E0,-1.E0));
#3975=AXIS2_PLACEMENT_3D('',#3972,#3973,#3974);
#3976=CYLINDRICAL_SURFACE('',#3975,2.E0);
#3977=ORIENTED_EDGE('',*,*,#2153,.F.);
#3979=ORIENTED_EDGE('',*,*,#3978,.T.);
#3980=ORIENTED_EDGE('',*,*,#2202,.F.);
#3981=ORIENTED_EDGE('',*,*,#2132,.T.);
#3982=EDGE_LOOP('',(#3977,#3979,#3980,#3981));
#3983=FACE_OUTER_BOUND('',#3982,.F.);
#3984=ADVANCED_FACE('',(#3983),#3976,.F.);
#3985=CARTESIAN_POINT('',(1.617E2,6.687860489825E1,-4.384242213107E2));
#3986=DIRECTION('',(1.E0,0.E0,0.E0));
#3987=DIRECTION('',(0.E0,0.E0,-1.E0));
#3988=AXIS2_PLACEMENT_3D('',#3985,#3986,#3987);
#3989=CYLINDRICAL_SURFACE('',#3988,3.678947493430E1);
#3990=ORIENTED_EDGE('',*,*,#2151,.F.);
#3992=ORIENTED_EDGE('',*,*,#3991,.F.);
#3993=ORIENTED_EDGE('',*,*,#2204,.F.);
#3994=ORIENTED_EDGE('',*,*,#3978,.F.);
#3995=EDGE_LOOP('',(#3990,#3992,#3993,#3994));
#3996=FACE_OUTER_BOUND('',#3995,.F.);
#3997=ADVANCED_FACE('',(#3996),#3989,.T.);
#3998=CARTESIAN_POINT('',(1.617E2,3.237554692250E1,-4.561488470049E2));
#3999=DIRECTION('',(1.E0,0.E0,0.E0));
#4000=DIRECTION('',(0.E0,0.E0,-1.E0));
#4001=AXIS2_PLACEMENT_3D('',#3998,#3999,#4000);
#4002=CYLINDRICAL_SURFACE('',#4001,2.E0);
#4003=ORIENTED_EDGE('',*,*,#2147,.F.);
#4004=ORIENTED_EDGE('',*,*,#2168,.T.);
#4005=ORIENTED_EDGE('',*,*,#2208,.F.);
#4006=ORIENTED_EDGE('',*,*,#2206,.F.);
#4007=ORIENTED_EDGE('',*,*,#3991,.T.);
#4008=ORIENTED_EDGE('',*,*,#2149,.F.);
#4009=EDGE_LOOP('',(#4003,#4004,#4005,#4006,#4007,#4008));
#4010=FACE_OUTER_BOUND('',#4009,.F.);
#4011=ADVANCED_FACE('',(#4010),#4002,.F.);
#4012=CARTESIAN_POINT('',(1.632E2,-1.853418410009E1,-4.408324349645E2));
#4013=DIRECTION('',(0.E0,-1.E0,0.E0));
#4014=DIRECTION('',(0.E0,0.E0,-1.E0));
#4015=AXIS2_PLACEMENT_3D('',#4012,#4013,#4014);
#4016=PLANE('',#4015);
#4017=ORIENTED_EDGE('',*,*,#2261,.F.);
#4019=ORIENTED_EDGE('',*,*,#4018,.T.);
#4021=ORIENTED_EDGE('',*,*,#4020,.T.);
#4023=ORIENTED_EDGE('',*,*,#4022,.F.);
#4024=EDGE_LOOP('',(#4017,#4019,#4021,#4023));
#4025=FACE_OUTER_BOUND('',#4024,.F.);
#4026=ADVANCED_FACE('',(#4025),#4016,.F.);
#4027=CARTESIAN_POINT('',(1.632E2,-1.728418410009E1,-4.408324349645E2));
#4028=DIRECTION('',(0.E0,0.E0,1.E0));
#4029=DIRECTION('',(0.E0,-1.E0,0.E0));
#4030=AXIS2_PLACEMENT_3D('',#4027,#4028,#4029);
#4031=PLANE('',#4030);
#4032=ORIENTED_EDGE('',*,*,#2271,.F.);
#4034=ORIENTED_EDGE('',*,*,#4033,.T.);
#4036=ORIENTED_EDGE('',*,*,#4035,.T.);
#4037=ORIENTED_EDGE('',*,*,#4018,.F.);
#4038=EDGE_LOOP('',(#4032,#4034,#4036,#4037));
#4039=FACE_OUTER_BOUND('',#4038,.F.);
#4040=ADVANCED_FACE('',(#4039),#4031,.F.);
#4041=CARTESIAN_POINT('',(1.632E2,-1.728418410009E1,-4.495558392230E2));
#4042=DIRECTION('',(0.E0,1.E0,0.E0));
#4043=DIRECTION('',(0.E0,0.E0,1.E0));
#4044=AXIS2_PLACEMENT_3D('',#4041,#4042,#4043);
#4045=PLANE('',#4044);
#4046=ORIENTED_EDGE('',*,*,#2269,.F.);
#4048=ORIENTED_EDGE('',*,*,#4047,.T.);
#4050=ORIENTED_EDGE('',*,*,#4049,.T.);
#4051=ORIENTED_EDGE('',*,*,#4033,.F.);
#4052=EDGE_LOOP('',(#4046,#4048,#4050,#4051));
#4053=FACE_OUTER_BOUND('',#4052,.F.);
#4054=ADVANCED_FACE('',(#4053),#4045,.F.);
#4055=CARTESIAN_POINT('',(1.632E2,-1.103418410009E1,-4.495558392230E2));
#4056=DIRECTION('',(0.E0,0.E0,1.E0));
#4057=DIRECTION('',(0.E0,-1.E0,0.E0));
#4058=AXIS2_PLACEMENT_3D('',#4055,#4056,#4057);
#4059=PLANE('',#4058);
#4060=ORIENTED_EDGE('',*,*,#2267,.F.);
#4062=ORIENTED_EDGE('',*,*,#4061,.T.);
#4064=ORIENTED_EDGE('',*,*,#4063,.T.);
#4065=ORIENTED_EDGE('',*,*,#4047,.F.);
#4066=EDGE_LOOP('',(#4060,#4062,#4064,#4065));
#4067=FACE_OUTER_BOUND('',#4066,.F.);
#4068=ADVANCED_FACE('',(#4067),#4059,.F.);
#4069=CARTESIAN_POINT('',(1.632E2,-1.303418410009E1,-4.508324349645E2));
#4070=DIRECTION('',(0.E0,1.E0,0.E0));
#4071=DIRECTION('',(0.E0,0.E0,1.E0));
#4072=AXIS2_PLACEMENT_3D('',#4069,#4070,#4071);
#4073=PLANE('',#4072);
#4074=ORIENTED_EDGE('',*,*,#2265,.F.);
#4076=ORIENTED_EDGE('',*,*,#4075,.T.);
#4078=ORIENTED_EDGE('',*,*,#4077,.T.);
#4079=ORIENTED_EDGE('',*,*,#4061,.F.);
#4080=EDGE_LOOP('',(#4074,#4076,#4078,#4079));
#4081=FACE_OUTER_BOUND('',#4080,.F.);
#4082=ADVANCED_FACE('',(#4081),#4073,.F.);
#4083=CARTESIAN_POINT('',(1.632E2,-1.853418410009E1,-4.508324349645E2));
#4084=DIRECTION('',(0.E0,0.E0,-1.E0));
#4085=DIRECTION('',(0.E0,1.E0,0.E0));
#4086=AXIS2_PLACEMENT_3D('',#4083,#4084,#4085);
#4087=PLANE('',#4086);
#4088=ORIENTED_EDGE('',*,*,#2263,.F.);
#4089=ORIENTED_EDGE('',*,*,#4022,.T.);
#4091=ORIENTED_EDGE('',*,*,#4090,.T.);
#4092=ORIENTED_EDGE('',*,*,#4075,.F.);
#4093=EDGE_LOOP('',(#4088,#4089,#4091,#4092));
#4094=FACE_OUTER_BOUND('',#4093,.F.);
#4095=ADVANCED_FACE('',(#4094),#4087,.F.);
#4096=CARTESIAN_POINT('',(1.631E2,0.E0,0.E0));
#4097=DIRECTION('',(1.E0,0.E0,0.E0));
#4098=DIRECTION('',(0.E0,1.E0,0.E0));
#4099=AXIS2_PLACEMENT_3D('',#4096,#4097,#4098);
#4100=PLANE('',#4099);
#4101=ORIENTED_EDGE('',*,*,#4020,.F.);
#4102=ORIENTED_EDGE('',*,*,#4035,.F.);
#4103=ORIENTED_EDGE('',*,*,#4049,.F.);
#4104=ORIENTED_EDGE('',*,*,#4063,.F.);
#4105=ORIENTED_EDGE('',*,*,#4077,.F.);
#4106=ORIENTED_EDGE('',*,*,#4090,.F.);
#4107=EDGE_LOOP('',(#4101,#4102,#4103,#4104,#4105,#4106));
#4108=FACE_OUTER_BOUND('',#4107,.F.);
#4109=ADVANCED_FACE('',(#4108),#4100,.T.);
#4113=DIMENSIONAL_EXPONENTS(0.E0,0.E0,0.E0,0.E0,0.E0,0.E0,0.E0);
#4115=PLANE_ANGLE_MEASURE_WITH_UNIT(PLANE_ANGLE_MEASURE(1.745329251994E-2),
#4114);
#4116=(CONVERSION_BASED_UNIT('DEGREE',#4115)NAMED_UNIT(*)PLANE_ANGLE_UNIT());
#4118=UNCERTAINTY_MEASURE_WITH_UNIT(LENGTH_MEASURE(1.649305053511E-2),#4112,
'closure',
'Maximum model space distance between geometric entities at asserted connectivities');
#4119=(GEOMETRIC_REPRESENTATION_CONTEXT(3)GLOBAL_UNCERTAINTY_ASSIGNED_CONTEXT((
#4118))GLOBAL_UNIT_ASSIGNED_CONTEXT((#4112,#4116,#4117))REPRESENTATION_CONTEXT(
'ID1','3'));
#4121=APPLICATION_CONTEXT(
'CONFIGURATION CONTROLLED 3D DESIGNS OF MECHANICAL PARTS AND ASSEMBLIES');
#4122=APPLICATION_PROTOCOL_DEFINITION('international standard',
'config_control_design',1994,#4121);
#4123=DESIGN_CONTEXT('',#4121,'design');
#4124=MECHANICAL_CONTEXT('',#4121,'mechanical');
#4125=PRODUCT('KD-D-403L_LEG-SHIN_COVER_1','KD-D-403L_LEG-SHIN_COVER_1',
'NOT SPECIFIED',(#4124));
#4126=PRODUCT_DEFINITION_FORMATION_WITH_SPECIFIED_SOURCE('2','LAST_VERSION',
#4125,.MADE.);
#4130=PRODUCT_CATEGORY('part','');
#4131=PRODUCT_RELATED_PRODUCT_CATEGORY('detail','',(#4125));
#4132=PRODUCT_CATEGORY_RELATIONSHIP('','',#4130,#4131);
#4133=SECURITY_CLASSIFICATION_LEVEL('unclassified');
#4134=SECURITY_CLASSIFICATION('','',#4133);
#4135=CC_DESIGN_SECURITY_CLASSIFICATION(#4134,(#4126));
#4136=APPROVAL_STATUS('approved');
#4137=APPROVAL(#4136,'');
#4138=CC_DESIGN_APPROVAL(#4137,(#4134,#4126,#4127));
#4139=CALENDAR_DATE(125,13,7);
#4140=COORDINATED_UNIVERSAL_TIME_OFFSET(8,0,.AHEAD.);
#4141=LOCAL_TIME(10,12,0.E0,#4140);
#4142=DATE_AND_TIME(#4139,#4141);
#4143=APPROVAL_DATE_TIME(#4142,#4137);
#4144=DATE_TIME_ROLE('creation_date');
#4145=CC_DESIGN_DATE_AND_TIME_ASSIGNMENT(#4142,#4144,(#4127));
#4146=DATE_TIME_ROLE('classification_date');
#4147=CC_DESIGN_DATE_AND_TIME_ASSIGNMENT(#4142,#4146,(#4134));
#4148=PERSON('UNSPECIFIED','UNSPECIFIED',$,$,$,$);
#4149=ORGANIZATION('UNSPECIFIED','UNSPECIFIED','UNSPECIFIED');
#4150=PERSON_AND_ORGANIZATION(#4148,#4149);
#4151=APPROVAL_ROLE('approver');
#4152=APPROVAL_PERSON_ORGANIZATION(#4150,#4137,#4151);
#4153=PERSON_AND_ORGANIZATION_ROLE('creator');
#4154=CC_DESIGN_PERSON_AND_ORGANIZATION_ASSIGNMENT(#4150,#4153,(#4126,#4127));
#4155=PERSON_AND_ORGANIZATION_ROLE('design_supplier');
#4156=CC_DESIGN_PERSON_AND_ORGANIZATION_ASSIGNMENT(#4150,#4155,(#4126));
#4157=PERSON_AND_ORGANIZATION_ROLE('classification_officer');
#4158=CC_DESIGN_PERSON_AND_ORGANIZATION_ASSIGNMENT(#4150,#4157,(#4134));
#4159=PERSON_AND_ORGANIZATION_ROLE('design_owner');
#4160=CC_DESIGN_PERSON_AND_ORGANIZATION_ASSIGNMENT(#4150,#4159,(#4125));
#22=B_SPLINE_CURVE_WITH_KNOTS('',3,(#13,#14,#15,#16,#17,#18,#19,#20,#21),
.UNSPECIFIED.,.F.,.F.,(4,1,1,1,1,1,4),(0.E0,1.666666666667E-1,3.333333333333E-1,
5.E-1,6.666666666667E-1,8.333333333333E-1,1.E0),.UNSPECIFIED.);
#27=CIRCLE('',#26,4.178947493430E1);
#44=CIRCLE('',#43,2.E0);
#49=CIRCLE('',#48,2.E0);
#54=CIRCLE('',#53,3.678947493430E1);
#59=CIRCLE('',#58,2.E0);
#68=CIRCLE('',#67,4.078947493431E1);
#73=CIRCLE('',#72,1.E0);
#78=CIRCLE('',#77,5.E1);
#83=CIRCLE('',#82,4.48E0);
#88=CIRCLE('',#87,4.48E0);
#93=CIRCLE('',#92,5.E1);
#98=CIRCLE('',#97,4.48E0);
#103=CIRCLE('',#102,5.E1);
#108=CIRCLE('',#107,4.48E0);
#113=CIRCLE('',#112,5.E1);
#118=CIRCLE('',#117,1.E0);
#127=CIRCLE('',#126,4.178947493430E1);
#132=CIRCLE('',#131,1.E0);
#141=CIRCLE('',#140,2.E0);
#146=CIRCLE('',#145,3.678947493430E1);
#151=CIRCLE('',#150,2.E0);
#156=CIRCLE('',#155,2.E0);
#165=CIRCLE('',#164,1.4E1);
#170=CIRCLE('',#169,1.4E1);
#179=CIRCLE('',#178,2.E0);
#184=CIRCLE('',#183,3.678947493430E1);
#189=CIRCLE('',#188,2.E0);
#198=CIRCLE('',#197,1.E0);
#203=CIRCLE('',#202,4.178947493431E1);
#212=CIRCLE('',#211,1.E0);
#217=CIRCLE('',#216,1.E0);
#222=CIRCLE('',#221,5.E1);
#227=CIRCLE('',#226,4.48E0);
#232=CIRCLE('',#231,4.48E0);
#237=CIRCLE('',#236,5.E1);
#242=CIRCLE('',#241,4.48E0);
#247=CIRCLE('',#246,5.E1);
#252=CIRCLE('',#251,4.48E0);
#257=CIRCLE('',#256,5.E1);
#262=CIRCLE('',#261,1.E0);
#271=CIRCLE('',#270,1.E0);
#276=CIRCLE('',#275,1.E0);
#305=CIRCLE('',#304,4.48E0);
#310=CIRCLE('',#309,4.48E0);
#315=CIRCLE('',#314,5.E1);
#320=CIRCLE('',#319,4.48E0);
#325=CIRCLE('',#324,4.48E0);
#330=CIRCLE('',#329,5.E1);
#335=CIRCLE('',#334,1.E0);
#340=CIRCLE('',#339,1.E0);
#349=CIRCLE('',#348,1.E0);
#354=CIRCLE('',#353,1.E0);
#359=CIRCLE('',#358,5.9E1);
#364=CIRCLE('',#363,1.E0);
#373=CIRCLE('',#372,1.E0);
#378=CIRCLE('',#377,5.E1);
#383=CIRCLE('',#382,4.48E0);
#388=CIRCLE('',#387,4.48E0);
#393=CIRCLE('',#392,4.48E0);
#398=CIRCLE('',#397,5.E1);
#403=CIRCLE('',#402,4.48E0);
#408=CIRCLE('',#407,2.15E0);
#421=CIRCLE('',#420,5.9E1);
#426=CIRCLE('',#425,1.E0);
#431=CIRCLE('',#430,1.E0);
#440=CIRCLE('',#439,1.E0);
#445=CIRCLE('',#444,4.75E1);
#450=CIRCLE('',#449,1.E0);
#455=CIRCLE('',#454,1.E0);
#464=CIRCLE('',#463,1.E0);
#469=CIRCLE('',#468,2.15E0);
#474=CIRCLE('',#473,2.15E0);
#479=CIRCLE('',#478,2.15E0);
#484=CIRCLE('',#483,2.15E0);
#489=CIRCLE('',#488,2.15E0);
#494=CIRCLE('',#493,2.15E0);
#523=CIRCLE('',#522,2.15E0);
#528=CIRCLE('',#527,4.48E0);
#545=CIRCLE('',#544,1.E0);
#550=CIRCLE('',#549,4.75E1);
#555=CIRCLE('',#554,1.E0);
#560=CIRCLE('',#559,1.E0);
#569=CIRCLE('',#568,1.E0);
#574=CIRCLE('',#573,5.9E1);
#579=CIRCLE('',#578,1.E0);
#584=CIRCLE('',#583,1.E0);
#589=CIRCLE('',#588,2.15E0);
#594=CIRCLE('',#593,2.15E0);
#599=CIRCLE('',#598,2.15E0);
#604=CIRCLE('',#603,2.15E0);
#609=CIRCLE('',#608,2.15E0);
#614=CIRCLE('',#613,2.15E0);
#627=B_SPLINE_CURVE_WITH_KNOTS('',3,(#615,#616,#617,#618,#619,#620,#621,#622,
#623,#624,#625,#626),.UNSPECIFIED.,.F.,.F.,(4,1,1,1,1,1,1,1,1,4),(0.E0,
1.111111111111E-1,2.222222222222E-1,3.333333333333E-1,4.444444444444E-1,
5.555555555556E-1,6.666666666667E-1,7.777777777778E-1,8.888888888889E-1,1.E0),
.UNSPECIFIED.);
#636=CIRCLE('',#635,1.E0);
#641=CIRCLE('',#640,1.E0);
#646=CIRCLE('',#645,4.75E1);
#651=CIRCLE('',#650,1.E0);
#660=CIRCLE('',#659,1.E0);
#665=CIRCLE('',#664,1.E0);
#670=CIRCLE('',#669,4.75E1);
#675=CIRCLE('',#674,1.E0);
#684=CIRCLE('',#683,4.078947493431E1);
#689=CIRCLE('',#688,1.E1);
#694=CIRCLE('',#693,1.E1);
#699=CIRCLE('',#698,4.078947493430E1);
#736=CIRCLE('',#735,4.178947493431E1);
#741=CIRCLE('',#740,1.E0);
#762=CIRCLE('',#761,4.178947493431E1);
#767=CIRCLE('',#766,1.E0);
#772=CIRCLE('',#771,4.078947493431E1);
#781=CIRCLE('',#780,2.E0);
#786=CIRCLE('',#785,3.678947493430E1);
#791=CIRCLE('',#790,2.E0);
#825=B_SPLINE_CURVE_WITH_KNOTS('',3,(#816,#817,#818,#819,#820,#821,#822,#823,
#824),.UNSPECIFIED.,.F.,.F.,(4,1,1,1,1,1,4),(0.E0,1.666666666667E-1,
3.333333333333E-1,5.E-1,6.666666666667E-1,8.333333333333E-1,1.E0),
.UNSPECIFIED.);
#834=CIRCLE('',#833,4.178947493431E1);
#839=CIRCLE('',#838,1.4E1);
#844=CIRCLE('',#843,1.4E1);
#849=CIRCLE('',#848,4.178947493430E1);
#854=B_SPLINE_CURVE_WITH_KNOTS('',3,(#850,#851,#852,#853),.UNSPECIFIED.,.F.,.F.,
(4,4),(0.E0,1.E0),.UNSPECIFIED.);
#859=CIRCLE('',#858,1.28E1);
#864=CIRCLE('',#863,1.28E1);
#869=B_SPLINE_CURVE_WITH_KNOTS('',3,(#865,#866,#867,#868),.UNSPECIFIED.,.F.,.F.,
(4,4),(0.E0,1.E0),.UNSPECIFIED.);
#877=B_SPLINE_CURVE_WITH_KNOTS('',3,(#870,#871,#872,#873,#874,#875,#876),
.UNSPECIFIED.,.F.,.F.,(4,1,1,1,4),(0.E0,2.5E-1,5.E-1,7.5E-1,1.E0),
.UNSPECIFIED.);
#882=CIRCLE('',#881,3.E-1);
#893=B_SPLINE_CURVE_WITH_KNOTS('',3,(#883,#884,#885,#886,#887,#888,#889,#890,
#891,#892),.UNSPECIFIED.,.F.,.F.,(4,1,1,1,1,1,1,4),(0.E0,1.428571428571E-1,
2.857142857143E-1,4.285714285714E-1,5.714285714286E-1,7.142857142857E-1,
8.571428571429E-1,1.E0),.UNSPECIFIED.);
#905=B_SPLINE_CURVE_WITH_KNOTS('',3,(#894,#895,#896,#897,#898,#899,#900,#901,
#902,#903,#904),.UNSPECIFIED.,.F.,.F.,(4,1,1,1,1,1,1,1,4),(0.E0,1.25E-1,2.5E-1,
3.75E-1,5.E-1,6.25E-1,7.5E-1,8.75E-1,1.E0),.UNSPECIFIED.);
#910=CIRCLE('',#909,1.E0);
#917=B_SPLINE_CURVE_WITH_KNOTS('',3,(#911,#912,#913,#914,#915,#916),
.UNSPECIFIED.,.F.,.F.,(4,1,1,4),(0.E0,3.333333333333E-1,6.666666666667E-1,1.E0),
.UNSPECIFIED.);
#922=B_SPLINE_CURVE_WITH_KNOTS('',3,(#918,#919,#920,#921),.UNSPECIFIED.,.F.,.F.,
(4,4),(0.E0,1.E0),.UNSPECIFIED.);
#927=CIRCLE('',#926,4.178947493431E1);
#934=B_SPLINE_CURVE_WITH_KNOTS('',3,(#928,#929,#930,#931,#932,#933),
.UNSPECIFIED.,.F.,.F.,(4,1,1,4),(0.E0,5.000000000007E-1,7.500000000012E-1,1.E0),
.UNSPECIFIED.);
#939=CIRCLE('',#938,1.E0);
#953=B_SPLINE_CURVE_WITH_KNOTS('',3,(#944,#945,#946,#947,#948,#949,#950,#951,
#952),.UNSPECIFIED.,.F.,.F.,(4,1,1,1,1,1,4),(0.E0,1.666666666667E-1,
3.333333333333E-1,5.E-1,6.666666666667E-1,8.333333333333E-1,1.E0),
.UNSPECIFIED.);
#962=CIRCLE('',#961,9.E0);
#967=CIRCLE('',#966,1.E0);
#972=CIRCLE('',#971,9.292893218820E0);
#977=CIRCLE('',#976,9.E0);
#982=CIRCLE('',#981,1.E0);
#987=CIRCLE('',#986,9.292893218820E0);
#1001=B_SPLINE_CURVE_WITH_KNOTS('',3,(#992,#993,#994,#995,#996,#997,#998,#999,
#1000),.UNSPECIFIED.,.F.,.F.,(4,1,1,1,1,1,4),(0.E0,1.666666666667E-1,
3.333333333333E-1,5.E-1,6.666666666667E-1,8.333333333333E-1,1.E0),
.UNSPECIFIED.);
#1006=CIRCLE('',#1005,9.E0);
#1011=CIRCLE('',#1010,9.E0);
#1016=CIRCLE('',#1015,1.E0);
#1021=CIRCLE('',#1020,4.178947493430E1);
#1034=B_SPLINE_CURVE_WITH_KNOTS('',3,(#1022,#1023,#1024,#1025,#1026,#1027,#1028,
#1029,#1030,#1031,#1032,#1033),.UNSPECIFIED.,.F.,.F.,(4,1,1,1,1,1,1,1,1,4),
(0.E0,1.111111111111E-1,2.222222222222E-1,3.333333333333E-1,4.444444444444E-1,
5.555555555556E-1,6.666666666667E-1,7.777777777778E-1,8.888888888889E-1,1.E0),
.UNSPECIFIED.);
#1039=CIRCLE('',#1038,1.E0);
#1044=CIRCLE('',#1043,9.E0);
#1049=CIRCLE('',#1048,9.E0);
#1054=CIRCLE('',#1053,4.378947493431E1);
#1059=CIRCLE('',#1058,1.E1);
#1064=CIRCLE('',#1063,1.E1);
#1069=CIRCLE('',#1068,4.378947493431E1);
#1074=CIRCLE('',#1073,1.15E1);
#1083=B_SPLINE_CURVE_WITH_KNOTS('',3,(#1075,#1076,#1077,#1078,#1079,#1080,#1081,
#1082),.UNSPECIFIED.,.F.,.F.,(4,1,1,1,1,4),(0.E0,2.E-1,4.E-1,6.E-1,8.E-1,1.E0),
.UNSPECIFIED.);
#1088=CIRCLE('',#1087,4.178947493431E1);
#1100=B_SPLINE_CURVE_WITH_KNOTS('',3,(#1089,#1090,#1091,#1092,#1093,#1094,#1095,
#1096,#1097,#1098,#1099),.UNSPECIFIED.,.F.,.F.,(4,1,1,1,1,1,1,1,4),(0.E0,
5.687171991272E-2,1.197469385851E-1,2.454973759302E-1,3.712478132752E-1,
4.969982506204E-1,6.227486879654E-1,7.484991253104E-1,1.E0),.UNSPECIFIED.);
#1105=B_SPLINE_CURVE_WITH_KNOTS('',3,(#1101,#1102,#1103,#1104),.UNSPECIFIED.,
.F.,.F.,(4,4),(0.E0,1.E0),.UNSPECIFIED.);
#1110=CIRCLE('',#1109,1.E0);
#1121=B_SPLINE_CURVE_WITH_KNOTS('',3,(#1111,#1112,#1113,#1114,#1115,#1116,#1117,
#1118,#1119,#1120),.UNSPECIFIED.,.F.,.F.,(4,1,1,1,1,1,1,4),(0.E0,
1.428571428571E-1,2.857142857143E-1,4.285714285714E-1,5.714285714286E-1,
7.142857142857E-1,8.571428571429E-1,1.E0),.UNSPECIFIED.);
#1126=B_SPLINE_CURVE_WITH_KNOTS('',3,(#1122,#1123,#1124,#1125),.UNSPECIFIED.,
.F.,.F.,(4,4),(0.E0,1.E0),.UNSPECIFIED.);
#1133=B_SPLINE_CURVE_WITH_KNOTS('',3,(#1127,#1128,#1129,#1130,#1131,#1132),
.UNSPECIFIED.,.F.,.F.,(4,1,1,4),(0.E0,3.333333333333E-1,6.666666666667E-1,1.E0),
.UNSPECIFIED.);
#1142=CIRCLE('',#1141,1.25E1);
#1151=CIRCLE('',#1150,1.25E1);
#1156=CIRCLE('',#1155,1.25E1);
#1168=B_SPLINE_CURVE_WITH_KNOTS('',3,(#1157,#1158,#1159,#1160,#1161,#1162,#1163,
#1164,#1165,#1166,#1167),.UNSPECIFIED.,.F.,.F.,(4,1,1,1,1,1,1,1,4),(0.E0,
1.25E-1,2.5E-1,3.75E-1,5.E-1,6.25E-1,7.5E-1,8.75E-1,1.E0),.UNSPECIFIED.);
#1173=CIRCLE('',#1172,3.E-1);
#1178=CIRCLE('',#1177,1.25E1);
#1183=CIRCLE('',#1182,1.25E1);
#1188=CIRCLE('',#1187,1.E1);
#1193=CIRCLE('',#1192,1.E1);
#1198=CIRCLE('',#1197,1.E0);
#1203=CIRCLE('',#1202,1.E0);
#1216=CIRCLE('',#1215,4.48E0);
#1221=CIRCLE('',#1220,4.48E0);
#1226=CIRCLE('',#1225,4.48E0);
#1231=CIRCLE('',#1230,5.E1);
#1236=CIRCLE('',#1235,4.48E0);
#1241=CIRCLE('',#1240,4.48E0);
#1246=CIRCLE('',#1245,5.E1);
#1251=CIRCLE('',#1250,1.E0);
#1256=CIRCLE('',#1255,1.E0);
#1265=CIRCLE('',#1264,1.E0);
#1270=CIRCLE('',#1269,1.E0);
#1275=CIRCLE('',#1274,5.9E1);
#1280=CIRCLE('',#1279,1.E0);
#1289=CIRCLE('',#1288,1.E0);
#1294=CIRCLE('',#1293,5.E1);
#1299=CIRCLE('',#1298,4.48E0);
#1304=CIRCLE('',#1303,4.48E0);
#1309=CIRCLE('',#1308,4.48E0);
#1314=CIRCLE('',#1313,5.E1);
#1319=CIRCLE('',#1318,2.15E0);
#1324=CIRCLE('',#1323,4.48E0);
#1341=CIRCLE('',#1340,2.15E0);
#1366=CIRCLE('',#1365,2.15E0);
#1371=CIRCLE('',#1370,4.48E0);
#1388=CIRCLE('',#1387,2.15E0);
#1393=CIRCLE('',#1392,4.48E0);
#1418=CIRCLE('',#1417,2.15E0);
#1451=CIRCLE('',#1450,2.15E0);
#1456=CIRCLE('',#1455,4.48E0);
#1481=CIRCLE('',#1480,2.15E0);
#1486=CIRCLE('',#1485,4.48E0);
#1503=CIRCLE('',#1502,2.15E0);
#1528=CIRCLE('',#1527,2.15E0);
#1533=CIRCLE('',#1532,4.48E0);
#1550=CIRCLE('',#1549,2.15E0);
#1555=CIRCLE('',#1554,4.48E0);
#2044=EDGE_CURVE('',#1626,#1627,#4,.T.);
#2046=EDGE_CURVE('',#1629,#1626,#122,.T.);
#2048=EDGE_CURVE('',#1631,#1629,#1515,.T.);
#2050=EDGE_CURVE('',#1633,#1631,#368,.T.);
#2052=EDGE_CURVE('',#1635,#1633,#1442,.T.);
#2054=EDGE_CURVE('',#1637,#1635,#459,.T.);
#2056=EDGE_CURVE('',#1639,#1637,#707,.T.);
#2058=EDGE_CURVE('',#1641,#1639,#631,.T.);
#2060=EDGE_CURVE('',#1627,#1641,#1034,.T.);
#2070=EDGE_CURVE('',#1644,#1645,#27,.T.);
#2072=EDGE_CURVE('',#1647,#1644,#35,.T.);
#2074=EDGE_CURVE('',#1626,#1647,#127,.T.);
#2077=EDGE_CURVE('',#1649,#1627,#1021,.T.);
#2079=EDGE_CURVE('',#1651,#1649,#957,.T.);
#2081=EDGE_CURVE('',#1653,#1651,#927,.T.);
#2083=EDGE_CURVE('',#1654,#1653,#893,.T.);
#2085=EDGE_CURVE('',#1655,#1654,#877,.T.);
#2087=EDGE_CURVE('',#1657,#1655,#849,.T.);
#2089=EDGE_CURVE('',#1657,#1659,#8,.T.);
#2091=EDGE_CURVE('',#1659,#1645,#12,.T.);
#2101=EDGE_CURVE('',#1660,#1644,#22,.T.);
#2104=EDGE_CURVE('',#1662,#1645,#73,.T.);
#2106=EDGE_CURVE('',#1660,#1662,#68,.T.);
#2117=EDGE_CURVE('',#1660,#1664,#31,.T.);
#2119=EDGE_CURVE('',#1647,#1664,#132,.T.);
#2130=EDGE_CURVE('',#1666,#1660,#63,.T.);
#2132=EDGE_CURVE('',#1668,#1666,#1567,.T.);
#2134=EDGE_CURVE('',#1664,#1668,#136,.T.);
#2145=EDGE_CURVE('',#1662,#1670,#39,.T.);
#2147=EDGE_CURVE('',#1670,#1672,#44,.T.);
#2149=EDGE_CURVE('',#1672,#1674,#49,.T.);
#2151=EDGE_CURVE('',#1674,#1676,#54,.T.);
#2153=EDGE_CURVE('',#1676,#1666,#59,.T.);
#2166=EDGE_CURVE('',#1678,#1659,#160,.T.);
#2168=EDGE_CURVE('',#1670,#1678,#1571,.T.);
#2180=EDGE_CURVE('',#1681,#1682,#78,.T.);
#2182=EDGE_CURVE('',#1682,#1684,#83,.T.);
#2184=EDGE_CURVE('',#1684,#1686,#88,.T.);
#2186=EDGE_CURVE('',#1686,#1688,#93,.T.);
#2188=EDGE_CURVE('',#1688,#1690,#98,.T.);
#2190=EDGE_CURVE('',#1690,#1692,#103,.T.);
#2192=EDGE_CURVE('',#1692,#1694,#108,.T.);
#2194=EDGE_CURVE('',#1694,#1696,#113,.T.);
#2196=EDGE_CURVE('',#1696,#1629,#118,.T.);
#2202=EDGE_CURVE('',#1668,#1698,#141,.T.);
#2204=EDGE_CURVE('',#1698,#1700,#146,.T.);
#2206=EDGE_CURVE('',#1700,#1702,#151,.T.);
#2208=EDGE_CURVE('',#1702,#1678,#156,.T.);
#2211=EDGE_CURVE('',#1659,#1704,#165,.T.);
#2213=EDGE_CURVE('',#1704,#1706,#170,.T.);
#2215=EDGE_CURVE('',#1706,#1708,#174,.T.);
#2217=EDGE_CURVE('',#1708,#1710,#179,.T.);
#2219=EDGE_CURVE('',#1710,#1712,#184,.T.);
#2221=EDGE_CURVE('',#1712,#1714,#189,.T.);
#2223=EDGE_CURVE('',#1714,#1716,#193,.T.);
#2225=EDGE_CURVE('',#1716,#1718,#198,.T.);
#2227=EDGE_CURVE('',#1718,#1720,#203,.T.);
#2229=EDGE_CURVE('',#1720,#1722,#207,.T.);
#2231=EDGE_CURVE('',#1722,#1724,#212,.T.);
#2233=EDGE_CURVE('',#1724,#1726,#217,.T.);
#2235=EDGE_CURVE('',#1726,#1728,#222,.T.);
#2237=EDGE_CURVE('',#1728,#1731,#227,.T.);
#2239=EDGE_CURVE('',#1731,#1732,#232,.T.);
#2241=EDGE_CURVE('',#1732,#1734,#237,.T.);
#2243=EDGE_CURVE('',#1734,#1736,#242,.T.);
#2245=EDGE_CURVE('',#1736,#1738,#247,.T.);
#2247=EDGE_CURVE('',#1738,#1740,#252,.T.);
#2249=EDGE_CURVE('',#1740,#1742,#257,.T.);
#2251=EDGE_CURVE('',#1742,#1744,#262,.T.);
#2253=EDGE_CURVE('',#1744,#1746,#266,.T.);
#2255=EDGE_CURVE('',#1746,#1748,#271,.T.);
#2257=EDGE_CURVE('',#1748,#1681,#276,.T.);
#2261=EDGE_CURVE('',#2025,#2026,#280,.T.);
#2263=EDGE_CURVE('',#2026,#2036,#284,.T.);
#2265=EDGE_CURVE('',#2036,#2038,#288,.T.);
#2267=EDGE_CURVE('',#2038,#2029,#292,.T.);
#2269=EDGE_CURVE('',#2029,#2030,#296,.T.);
#2271=EDGE_CURVE('',#2030,#2025,#300,.T.);
#2281=EDGE_CURVE('',#1751,#1752,#330,.T.);
#2283=EDGE_CURVE('',#1682,#1751,#1523,.T.);
#2286=EDGE_CURVE('',#1752,#1681,#1434,.T.);
#2296=EDGE_CURVE('',#1755,#1756,#305,.T.);
#2298=EDGE_CURVE('',#1756,#1758,#310,.T.);
#2300=EDGE_CURVE('',#1758,#1760,#315,.T.);
#2302=EDGE_CURVE('',#1760,#1762,#320,.T.);
#2304=EDGE_CURVE('',#1762,#1751,#325,.T.);
#2307=EDGE_CURVE('',#1752,#1765,#335,.T.);
#2309=EDGE_CURVE('',#1765,#1766,#340,.T.);
#2311=EDGE_CURVE('',#1766,#1768,#344,.T.);
#2313=EDGE_CURVE('',#1768,#1771,#349,.T.);
#2315=EDGE_CURVE('',#1771,#1772,#354,.T.);
#2317=EDGE_CURVE('',#1772,#1774,#359,.T.);
#2319=EDGE_CURVE('',#1774,#1633,#364,.T.);
#2322=EDGE_CURVE('',#1631,#1776,#373,.T.);
#2324=EDGE_CURVE('',#1776,#1778,#378,.T.);
#2326=EDGE_CURVE('',#1778,#1780,#383,.T.);
#2328=EDGE_CURVE('',#1780,#1782,#388,.T.);
#2330=EDGE_CURVE('',#1782,#1784,#393,.T.);
#2332=EDGE_CURVE('',#1784,#1786,#398,.T.);
#2334=EDGE_CURVE('',#1786,#1755,#403,.T.);
#2344=EDGE_CURVE('',#1789,#1790,#408,.T.);
#2346=EDGE_CURVE('',#1756,#1790,#1460,.T.);
#2349=EDGE_CURVE('',#1755,#1789,#412,.T.);
#2359=EDGE_CURVE('',#1793,#1794,#474,.T.);
#2361=EDGE_CURVE('',#1793,#1790,#416,.T.);
#2364=EDGE_CURVE('',#1794,#1789,#1446,.T.);
#2374=EDGE_CURVE('',#1797,#1798,#421,.T.);
#2376=EDGE_CURVE('',#1798,#1801,#426,.T.);
#2378=EDGE_CURVE('',#1801,#1802,#431,.T.);
#2380=EDGE_CURVE('',#1802,#1804,#435,.T.);
#2382=EDGE_CURVE('',#1804,#1806,#440,.T.);
#2384=EDGE_CURVE('',#1806,#1808,#445,.T.);
#2386=EDGE_CURVE('',#1808,#1810,#450,.T.);
#2388=EDGE_CURVE('',#1810,#1637,#455,.T.);
#2391=EDGE_CURVE('',#1635,#1797,#464,.T.);
#2395=EDGE_CURVE('',#1794,#1793,#469,.T.);
#2400=EDGE_CURVE('',#1813,#1814,#479,.T.);
#2402=EDGE_CURVE('',#1814,#1813,#484,.T.);
#2406=EDGE_CURVE('',#1817,#1818,#489,.T.);
#2408=EDGE_CURVE('',#1818,#1817,#494,.T.);
#2419=EDGE_CURVE('',#1798,#1772,#502,.T.);
#2422=EDGE_CURVE('',#1774,#1797,#1438,.T.);
#2434=EDGE_CURVE('',#1768,#1802,#498,.T.);
#2448=EDGE_CURVE('',#1830,#1744,#510,.T.);
#2450=EDGE_CURVE('',#1832,#1830,#1284,.T.);
#2452=EDGE_CURVE('',#1834,#1832,#1413,.T.);
#2454=EDGE_CURVE('',#1836,#1834,#564,.T.);
#2456=EDGE_CURVE('',#1838,#1836,#723,.T.);
#2458=EDGE_CURVE('',#1840,#1838,#655,.T.);
#2460=EDGE_CURVE('',#1804,#1840,#711,.T.);
#2465=EDGE_CURVE('',#1746,#1766,#1430,.T.);
#2476=EDGE_CURVE('',#1742,#1842,#506,.T.);
#2478=EDGE_CURVE('',#1830,#1842,#1289,.T.);
#2490=EDGE_CURVE('',#1844,#1740,#514,.T.);
#2492=EDGE_CURVE('',#1842,#1844,#1294,.T.);
#2503=EDGE_CURVE('',#1844,#1846,#528,.T.);
#2507=EDGE_CURVE('',#1738,#1846,#518,.T.);
#2517=EDGE_CURVE('',#1849,#1850,#523,.T.);
#2519=EDGE_CURVE('',#1852,#1850,#1422,.T.);
#2521=EDGE_CURVE('',#1844,#1852,#1299,.T.);
#2524=EDGE_CURVE('',#1854,#1846,#1309,.T.);
#2526=EDGE_CURVE('',#1854,#1849,#532,.T.);
#2536=EDGE_CURVE('',#1857,#1858,#604,.T.);
#2538=EDGE_CURVE('',#1857,#1850,#536,.T.);
#2541=EDGE_CURVE('',#1858,#1849,#1426,.T.);
#2551=EDGE_CURVE('',#1861,#1862,#540,.T.);
#2553=EDGE_CURVE('',#1862,#1864,#545,.T.);
#2555=EDGE_CURVE('',#1864,#1866,#550,.T.);
#2557=EDGE_CURVE('',#1866,#1868,#555,.T.);
#2559=EDGE_CURVE('',#1868,#1836,#560,.T.);
#2562=EDGE_CURVE('',#1834,#1870,#569,.T.);
#2564=EDGE_CURVE('',#1870,#1872,#574,.T.);
#2566=EDGE_CURVE('',#1872,#1874,#579,.T.);
#2568=EDGE_CURVE('',#1874,#1861,#584,.T.);
#2572=EDGE_CURVE('',#1877,#1878,#589,.T.);
#2574=EDGE_CURVE('',#1878,#1877,#594,.T.);
#2578=EDGE_CURVE('',#1858,#1857,#599,.T.);
#2583=EDGE_CURVE('',#1881,#1882,#609,.T.);
#2585=EDGE_CURVE('',#1882,#1881,#614,.T.);
#2595=EDGE_CURVE('',#1923,#1924,#679,.T.);
#2597=EDGE_CURVE('',#1862,#1923,#727,.T.);
#2600=EDGE_CURVE('',#1908,#1861,#1207,.T.);
#2602=EDGE_CURVE('',#1906,#1908,#1260,.T.);
#2604=EDGE_CURVE('',#1722,#1906,#1401,.T.);
#2607=EDGE_CURVE('',#1926,#1720,#757,.T.);
#2609=EDGE_CURVE('',#1926,#1924,#627,.T.);
#2620=EDGE_CURVE('',#1639,#1928,#636,.T.);
#2622=EDGE_CURVE('',#1928,#1930,#641,.T.);
#2624=EDGE_CURVE('',#1930,#1932,#646,.T.);
#2626=EDGE_CURVE('',#1932,#1840,#651,.T.);
#2629=EDGE_CURVE('',#1838,#1935,#660,.T.);
#2631=EDGE_CURVE('',#1935,#1936,#665,.T.);
#2633=EDGE_CURVE('',#1936,#1938,#670,.T.);
#2635=EDGE_CURVE('',#1938,#1923,#675,.T.);
#2638=EDGE_CURVE('',#1924,#1940,#684,.T.);
#2640=EDGE_CURVE('',#1940,#1943,#689,.T.);
#2642=EDGE_CURVE('',#1943,#1944,#694,.T.);
#2644=EDGE_CURVE('',#1944,#1641,#699,.T.);
#2655=EDGE_CURVE('',#1808,#1930,#703,.T.);
#2672=EDGE_CURVE('',#1932,#1806,#715,.T.);
#2696=EDGE_CURVE('',#1866,#1936,#719,.T.);
#2710=EDGE_CURVE('',#1938,#1864,#731,.T.);
#2735=EDGE_CURVE('',#1926,#1946,#736,.T.);
#2737=EDGE_CURVE('',#1946,#1940,#741,.T.);
#2748=EDGE_CURVE('',#1949,#1950,#762,.T.);
#2750=EDGE_CURVE('',#1949,#1706,#745,.T.);
#2752=EDGE_CURVE('',#1706,#1952,#749,.T.);
#2754=EDGE_CURVE('',#1954,#1952,#834,.T.);
#2756=EDGE_CURVE('',#1955,#1954,#1168,.T.);
#2758=EDGE_CURVE('',#1956,#1955,#1121,.T.);
#2760=EDGE_CURVE('',#1958,#1956,#1088,.T.);
#2762=EDGE_CURVE('',#1958,#1946,#753,.T.);
#2767=EDGE_CURVE('',#1950,#1718,#829,.T.);
#2777=EDGE_CURVE('',#1949,#1960,#767,.T.);
#2780=EDGE_CURVE('',#1961,#1950,#825,.T.);
#2782=EDGE_CURVE('',#1960,#1961,#772,.T.);
#2795=EDGE_CURVE('',#1963,#1960,#795,.T.);
#2797=EDGE_CURVE('',#1708,#1963,#811,.T.);
#2808=EDGE_CURVE('',#1961,#1965,#776,.T.);
#2810=EDGE_CURVE('',#1965,#1967,#781,.T.);
#2812=EDGE_CURVE('',#1967,#1969,#786,.T.);
#2814=EDGE_CURVE('',#1969,#1963,#791,.T.);
#2826=EDGE_CURVE('',#1965,#1714,#799,.T.);
#2829=EDGE_CURVE('',#1716,#1961,#815,.T.);
#2842=EDGE_CURVE('',#1712,#1967,#803,.T.);
#2853=EDGE_CURVE('',#1969,#1710,#807,.T.);
#2889=EDGE_CURVE('',#1952,#1971,#839,.T.);
#2895=EDGE_CURVE('',#1971,#1657,#844,.T.);
#2909=EDGE_CURVE('',#1655,#1972,#854,.T.);
#2911=EDGE_CURVE('',#1972,#1974,#859,.T.);
#2913=EDGE_CURVE('',#1974,#1976,#864,.T.);
#2915=EDGE_CURVE('',#1976,#1954,#869,.T.);
#2938=EDGE_CURVE('',#1977,#1654,#922,.T.);
#2940=EDGE_CURVE('',#1977,#1972,#882,.T.);
#2992=EDGE_CURVE('',#1653,#1978,#905,.T.);
#2994=EDGE_CURVE('',#1978,#1980,#910,.T.);
#2996=EDGE_CURVE('',#1980,#1977,#917,.T.);
#3008=EDGE_CURVE('',#1651,#1981,#934,.T.);
#3010=EDGE_CURVE('',#1978,#1981,#1054,.T.);
#3041=EDGE_CURVE('',#1982,#1651,#953,.T.);
#3043=EDGE_CURVE('',#1982,#1981,#939,.T.);
#3054=EDGE_CURVE('',#1985,#1986,#962,.T.);
#3056=EDGE_CURVE('',#1985,#1988,#943,.T.);
#3058=EDGE_CURVE('',#1982,#1988,#1044,.T.);
#3062=EDGE_CURVE('',#1990,#1649,#1011,.T.);
#3064=EDGE_CURVE('',#1986,#1990,#991,.T.);
#3075=EDGE_CURVE('',#1986,#1992,#967,.T.);
#3077=EDGE_CURVE('',#1992,#1994,#972,.T.);
#3079=EDGE_CURVE('',#1985,#1994,#982,.T.);
#3089=EDGE_CURVE('',#1986,#1985,#977,.T.);
#3092=EDGE_CURVE('',#1994,#1992,#987,.T.);
#3105=EDGE_CURVE('',#1946,#1990,#1006,.T.);
#3108=EDGE_CURVE('',#1958,#1995,#1001,.T.);
#3110=EDGE_CURVE('',#1988,#1995,#1049,.T.);
#3124=EDGE_CURVE('',#1649,#1944,#1016,.T.);
#3168=EDGE_CURVE('',#1997,#1995,#1039,.T.);
#3171=EDGE_CURVE('',#1997,#1958,#1083,.T.);
#3185=EDGE_CURVE('',#1999,#1997,#1064,.T.);
#3187=EDGE_CURVE('',#1981,#1999,#1059,.T.);
#3200=EDGE_CURVE('',#1997,#2001,#1069,.T.);
#3202=EDGE_CURVE('',#2001,#1978,#1074,.T.);
#3215=EDGE_CURVE('',#1956,#2001,#1100,.T.);
#3265=EDGE_CURVE('',#2002,#2003,#1105,.T.);
#3267=EDGE_CURVE('',#2003,#2001,#1110,.T.);
#3271=EDGE_CURVE('',#1955,#2004,#1126,.T.);
#3273=EDGE_CURVE('',#2004,#2002,#1133,.T.);
#3284=EDGE_CURVE('',#2003,#1980,#1142,.T.);
#3287=EDGE_CURVE('',#2002,#2006,#1137,.T.);
#3289=EDGE_CURVE('',#2008,#2006,#1178,.T.);
#3291=EDGE_CURVE('',#2010,#2008,#1146,.T.);
#3293=EDGE_CURVE('',#1977,#2010,#1151,.T.);
#3315=EDGE_CURVE('',#2010,#2004,#1156,.T.);
#3318=EDGE_CURVE('',#2006,#2008,#1183,.T.);
#3333=EDGE_CURVE('',#1976,#2004,#1173,.T.);
#3373=EDGE_CURVE('',#2013,#2014,#1188,.T.);
#3375=EDGE_CURVE('',#2014,#2013,#1193,.T.);
#3386=EDGE_CURVE('',#1992,#2013,#1203,.T.);
#3389=EDGE_CURVE('',#1994,#2014,#1198,.T.);
#3411=EDGE_CURVE('',#1908,#1910,#1265,.T.);
#3416=EDGE_CURVE('',#1872,#1912,#1211,.T.);
#3418=EDGE_CURVE('',#1910,#1912,#1270,.T.);
#3428=EDGE_CURVE('',#1890,#1888,#1216,.T.);
#3430=EDGE_CURVE('',#1888,#1894,#1221,.T.);
#3432=EDGE_CURVE('',#1894,#1892,#1226,.T.);
#3434=EDGE_CURVE('',#1892,#1896,#1231,.T.);
#3436=EDGE_CURVE('',#1896,#1898,#1236,.T.);
#3438=EDGE_CURVE('',#1898,#1900,#1241,.T.);
#3440=EDGE_CURVE('',#1900,#1902,#1246,.T.);
#3442=EDGE_CURVE('',#1902,#1904,#1251,.T.);
#3444=EDGE_CURVE('',#1904,#1906,#1256,.T.);
#3449=EDGE_CURVE('',#1912,#1914,#1275,.T.);
#3451=EDGE_CURVE('',#1914,#1832,#1280,.T.);
#3457=EDGE_CURVE('',#1852,#1854,#1304,.T.);
#3460=EDGE_CURVE('',#1846,#1890,#1314,.T.);
#3470=EDGE_CURVE('',#1884,#1886,#1319,.T.);
#3472=EDGE_CURVE('',#1888,#1886,#1345,.T.);
#3475=EDGE_CURVE('',#1890,#1892,#1324,.T.);
#3478=EDGE_CURVE('',#1894,#1884,#1328,.T.);
#3489=EDGE_CURVE('',#1882,#1886,#1332,.T.);
#3492=EDGE_CURVE('',#1881,#1884,#1336,.T.);
#3504=EDGE_CURVE('',#1886,#1884,#1341,.T.);
#3528=EDGE_CURVE('',#1890,#1736,#1349,.T.);
#3531=EDGE_CURVE('',#1734,#1892,#1353,.T.);
#3554=EDGE_CURVE('',#1896,#1732,#1357,.T.);
#3566=EDGE_CURVE('',#1896,#1916,#1371,.T.);
#3571=EDGE_CURVE('',#1728,#1900,#1361,.T.);
#3573=EDGE_CURVE('',#1916,#1900,#1393,.T.);
#3583=EDGE_CURVE('',#1919,#1920,#1366,.T.);
#3585=EDGE_CURVE('',#1898,#1920,#1397,.T.);
#3589=EDGE_CURVE('',#1916,#1919,#1375,.T.);
#3600=EDGE_CURVE('',#1877,#1920,#1379,.T.);
#3603=EDGE_CURVE('',#1878,#1919,#1383,.T.);
#3615=EDGE_CURVE('',#1920,#1919,#1388,.T.);
#3642=EDGE_CURVE('',#1902,#1726,#1405,.T.);
#3667=EDGE_CURVE('',#1914,#1870,#1409,.T.);
#3691=EDGE_CURVE('',#1850,#1849,#1418,.T.);
#3744=EDGE_CURVE('',#1790,#1789,#1451,.T.);
#3758=EDGE_CURVE('',#1786,#1758,#1456,.T.);
#3771=EDGE_CURVE('',#1786,#1690,#1464,.T.);
#3774=EDGE_CURVE('',#1688,#1758,#1468,.T.);
#3785=EDGE_CURVE('',#1692,#1784,#1476,.T.);
#3797=EDGE_CURVE('',#1778,#1784,#1486,.T.);
#3799=EDGE_CURVE('',#1778,#1694,#1472,.T.);
#3811=EDGE_CURVE('',#1827,#1828,#1481,.T.);
#3813=EDGE_CURVE('',#1780,#1828,#1507,.T.);
#3818=EDGE_CURVE('',#1782,#1827,#1490,.T.);
#3829=EDGE_CURVE('',#1813,#1828,#1494,.T.);
#3832=EDGE_CURVE('',#1814,#1827,#1498,.T.);
#3844=EDGE_CURVE('',#1828,#1827,#1503,.T.);
#3870=EDGE_CURVE('',#1696,#1776,#1511,.T.);
#3895=EDGE_CURVE('',#1760,#1686,#1519,.T.);
#3905=EDGE_CURVE('',#1760,#1824,#1533,.T.);
#3911=EDGE_CURVE('',#1824,#1751,#1555,.T.);
#3921=EDGE_CURVE('',#1820,#1822,#1528,.T.);
#3923=EDGE_CURVE('',#1762,#1822,#1559,.T.);
#3927=EDGE_CURVE('',#1824,#1820,#1537,.T.);
#3938=EDGE_CURVE('',#1818,#1822,#1541,.T.);
#3941=EDGE_CURVE('',#1817,#1820,#1545,.T.);
#3953=EDGE_CURVE('',#1822,#1820,#1550,.T.);
#3978=EDGE_CURVE('',#1676,#1698,#1563,.T.);
#3991=EDGE_CURVE('',#1700,#1674,#1575,.T.);
#4018=EDGE_CURVE('',#2025,#2017,#1579,.T.);
#4020=EDGE_CURVE('',#2017,#2018,#1603,.T.);
#4022=EDGE_CURVE('',#2026,#2018,#1599,.T.);
#4033=EDGE_CURVE('',#2030,#2022,#1583,.T.);
#4035=EDGE_CURVE('',#2022,#2017,#1607,.T.);
#4047=EDGE_CURVE('',#2029,#2021,#1587,.T.);
#4049=EDGE_CURVE('',#2021,#2022,#1611,.T.);
#4061=EDGE_CURVE('',#2038,#2034,#1591,.T.);
#4063=EDGE_CURVE('',#2034,#2021,#1615,.T.);
#4075=EDGE_CURVE('',#2036,#2032,#1595,.T.);
#4077=EDGE_CURVE('',#2032,#2034,#1619,.T.);
#4090=EDGE_CURVE('',#2018,#2032,#1623,.T.);
#4110=CLOSED_SHELL('',(#2064,#2095,#2110,#2124,#2139,#2159,#2174,#2275,#2290,
#2338,#2353,#2368,#2412,#2426,#2441,#2469,#2483,#2497,#2511,#2530,#2545,#2589,
#2613,#2648,#2663,#2676,#2688,#2703,#2716,#2728,#2742,#2771,#2786,#2801,#2819,
#2833,#2846,#2859,#2871,#2883,#2899,#2919,#2945,#3001,#3015,#3048,#3068,#3083,
#3097,#3115,#3130,#3142,#3175,#3191,#3206,#3219,#3277,#3297,#3309,#3324,#3339,
#3363,#3379,#3393,#3405,#3422,#3464,#3482,#3496,#3509,#3521,#3535,#3547,#3560,
#3577,#3593,#3607,#3620,#3633,#3646,#3660,#3673,#3685,#3698,#3710,#3724,#3736,
#3749,#3764,#3778,#3791,#3805,#3822,#3836,#3849,#3861,#3874,#3886,#3899,#3915,
#3931,#3945,#3958,#3971,#3984,#3997,#4011,#4026,#4040,#4054,#4068,#4082,#4095,
#4109));
#4111=MANIFOLD_SOLID_BREP('',#4110);
#4112=(LENGTH_UNIT()NAMED_UNIT(*)SI_UNIT(.MILLI.,.METRE.));
#4114=(NAMED_UNIT(*)PLANE_ANGLE_UNIT()SI_UNIT($,.RADIAN.));
#4117=(NAMED_UNIT(*)SI_UNIT($,.STERADIAN.)SOLID_ANGLE_UNIT());
#4120=ADVANCED_BREP_SHAPE_REPRESENTATION('',(#4111),#4119);
#4127=PRODUCT_DEFINITION('design','',#4126,#4123);
#4128=PRODUCT_DEFINITION_SHAPE('','SHAPE FOR KD-D-403L_LEG-SHIN_COVER_1.',
#4127);
#4129=SHAPE_DEFINITION_REPRESENTATION(#4128,#4120);
ENDSEC;
END-ISO-10303-21;
